id,transaction_id,order_amount,created_at
61e8e6e5-2a16-46bd-b09b-cb6f2573e415,6f46d1e4-b806-48c8-a76b-ba106bf22c8d,5984.98,2026-05-28 07:41:02.754814+00:00
238295d0-017c-435b-8fe7-44b363d6fe80,27f9e8bc-8001-495d-8880-92632d60afa3,3670.68,2026-05-30 09:26:06.145005+00:00
510a97c5-3cde-4ec3-8eb9-75b5c0035c01,b80f1280-7be5-476e-b22a-a5348343fd9f,3937.15,2026-05-30 16:48:10.254101+00:00
42996d27-6c4f-4fdc-9cd7-e34adf995d8f,46d8661e-f85f-4d74-83a9-5164232a8d9a,8529.44,2026-05-31 22:19:12.027014+00:00
11020b32-7a15-4b9d-9f95-6e4d96ab398e,7786f61a-dd5e-4469-b244-b91614f07095,1485.77,2026-05-11 16:05:19.674534+00:00
3da009eb-818a-434f-a9cf-69bebb61f322,b078de5f-3ce1-42c4-af7e-d2b4bc2cfb83,613.08,2026-05-12 18:39:01.489548+00:00
5ec8b422-5eff-4e67-9085-46560326aecd,d49ed695-2f39-4eb9-ac9c-410facfe78d5,2083.34,2026-05-19 08:47:05.599473+00:00
2d310f61-29ec-439b-bcf2-a653455972f7,d4b391c0-bdd7-4fd2-95f2-baea3a643480,1964.18,2026-05-30 05:39:24.582527+00:00
89f849ee-22b4-45b3-8630-2342c4eb191d,a3da32fc-fa04-44d4-9728-f9f2a5b9342d,538.62,2026-05-30 16:42:43.203958+00:00
89218dee-bbdf-49f2-bf61-245563582ad0,a9e0eb3a-ba0d-4bff-bbcd-7741ac2ed9e5,836.07,2026-05-16 18:39:22.879241+00:00
51015a3c-b0dd-4c4c-96ca-8de875a2976e,3d06fefe-77e2-412f-8f77-5dd635b86d16,1334.15,2026-05-21 16:45:36.342538+00:00
3ef16c08-47fb-4773-9eae-9f9f5d9d52c4,9c3b5975-c506-4519-9321-4f7befe1205f,1334.78,2026-05-22 09:02:10.242327+00:00
0d158e77-b199-49ff-a619-9a6c2b656a06,2d426041-18f6-4d75-8e55-8aa4d98a1b8c,3893.43,2026-05-10 19:20:43.956352+00:00
c82ff60b-0a39-45ac-90c1-f7a6f0feb0f2,8652e733-81ae-4599-869b-1b7f6054526a,2117.03,2026-05-23 13:10:58.737642+00:00
b8d6b663-7b07-4d87-9ad8-413fc25222d3,2b305dce-03db-44e3-a57a-cfd5c806cc9b,1595.2,2026-05-28 12:55:24.437310+00:00
54ff7aec-ac16-4806-9f07-cba0785179e1,d3fafcd7-b569-4c6d-b4ad-b2ffed8f98f8,4475.5,2026-05-28 15:36:28.094160+00:00
4846bca7-5273-4f14-9a0e-c2d67e0cb45e,2d43dfe2-b5a1-4e28-bd7f-31c58c174373,1946.64,2026-05-29 11:13:19.554480+00:00
e2b406c8-9f9a-48c3-81f5-6378ec03fb90,29af71a0-c18e-47f7-9ec0-2eca2fb0174c,2709.96,2026-05-31 00:24:21.445287+00:00
e3224029-a16e-4455-be43-06c48647f03f,dbf64d8c-c055-4f90-87b1-7c4b7c6a6610,2326.8,2026-05-31 02:51:57.184174+00:00
1bfd6d7d-ef10-4dac-964d-2405b6d0bff6,cfc12b89-5cbf-42b9-906a-70bf8199a19d,3361.33,2026-03-29 10:40:01.367541+00:00
ebfdf986-74c4-4ce5-8340-854dbbed2144,88a60e02-01a3-4fe3-a368-3cb420169f64,5039.44,2026-03-30 04:34:15.943373+00:00
5d1f93cc-6574-44ef-8d05-3ee3ec870cc1,10a61acd-95d8-4cea-91f3-f98e5d32bee8,2472.38,2026-04-01 18:23:07.469157+00:00
85b2f084-75f0-4430-b0d1-b38a06718b31,6ec56257-c2ca-4a39-9396-1575f1a2610f,3833.02,2026-04-13 02:28:57.189711+00:00
80ae7f72-2c05-4d68-8e6b-4afab37d4cec,00e33f42-1668-4d61-96a0-65fa94af93f1,2806.46,2026-04-17 14:50:04.940638+00:00
3d8d0f3d-a09b-488d-823c-eafaf44783d9,f578a61e-457d-487a-a66e-a9b402aeaebf,1371.45,2026-05-28 12:15:09.652268+00:00
dcbf46cf-270d-45be-a0c8-bdce009a107d,c5144dd2-c5e0-4659-baa4-81cb403f8e4e,1554.3,2026-05-28 16:53:10.253042+00:00
4450668c-2075-40bd-8eac-dbdc4ef2c81c,349303c2-bd9b-43c4-b044-0bff6f8d2a5b,1725.23,2026-04-19 15:27:16.458453+00:00
0b239239-57af-4114-a8b6-885cae8c79ad,2b214b8d-4ff7-4a07-a376-cfc680066b71,1233.03,2026-05-10 01:40:12.907006+00:00
ae83e450-3e7d-4b4e-9467-c3da26d51a58,824b299e-a865-4895-b172-f30817489671,1648.48,2026-05-21 21:30:50.935588+00:00
1e824971-a5fd-48fb-9f38-8827eecb0dc3,13fc7d5f-d2f7-43ab-b3fa-7fae11777366,2367.42,2026-05-27 17:46:41.043731+00:00
a078889e-6c2f-4592-9c90-26feded1aae9,58620cf5-5d14-4c25-b65e-48ab6962ab7a,5205.86,2026-05-30 08:16:19.385875+00:00
e5ffc31c-e4f1-422b-97e0-f778019c99bf,6d67e177-471f-44be-8c8c-29ce3fa9cd6c,2309.4,2026-05-28 12:27:20.047204+00:00
81407c2f-279d-4708-9f87-6e31ef6e8e39,86fb2b54-c74a-4682-9351-eea5d1f19bc0,1629.29,2026-05-30 01:27:59.910482+00:00
723ddfe2-1ade-4a13-9edd-f37ae45353f1,7dd24faf-d969-4e71-b9e4-6fb9eec331bd,3547.46,2026-05-30 05:45:36.377299+00:00
ed7fe754-db81-4ff2-ae42-a63a6d44f120,96c6cc35-e570-4528-af3d-6be1e6a0f611,3650.45,2026-05-25 05:53:49.802225+00:00
2f96f59a-653a-4078-b464-e4f37f9602d3,b5611d27-9add-487d-97fd-a9dc9de05ee7,3004.14,2026-05-26 16:33:49.017667+00:00
5fef8882-595c-490f-ae1e-a3094109f567,450e4cf4-df70-4810-b32b-f0e76eaf5036,3127.04,2026-05-30 08:57:18.693922+00:00
db3bd6b0-3afb-4702-b5b4-7797ae6e1970,dacbdd15-888a-4e1a-b90b-ea459d2f1e22,1044.64,2026-05-11 02:16:21.423086+00:00
32269b96-7894-42fd-aa8e-ae1080c44d67,d86a0504-fb95-4884-8d24-6bc0a4b9634f,1045.54,2026-05-16 14:23:34.188123+00:00
fda0af08-2628-44c1-88db-01bf7ff50ed4,ea8f08f1-4aa1-4aeb-a3ba-0aa0de0b07f4,989.7,2026-05-19 04:59:31.770493+00:00
e122b611-c535-4a4d-bead-f62e2e663257,43471d40-5796-4cfe-bf15-97586998271c,1110.1,2026-05-22 05:36:41.743486+00:00
48a62e72-1921-43b3-bd9c-a7a5f067a397,4f0bf503-60cb-4dff-83c4-99a817e5ffa7,573.03,2026-03-16 04:15:01.457094+00:00
5ccd1194-1a53-45cc-8035-ab2338216929,1c75b7dc-9019-4b99-925e-4037d6e72940,901.44,2026-04-01 16:14:06.964117+00:00
961fc118-e7c9-4dcd-9503-f5f5e81b30cf,7cec84b8-e819-46de-bf84-69bcb353a12f,398.25,2026-05-26 22:32:57.501295+00:00
b331a2a3-2437-4ad9-b512-5e18b6ce8236,4945b2e3-4e6d-4748-bf99-1212b90263a8,3782.41,2026-05-20 20:28:35.136585+00:00
3f208cde-8291-4630-b52a-8ef10fd3f306,530e52ce-872d-4d7c-80b4-6b6a6db36fcf,978.54,2026-03-09 10:31:30.983857+00:00
d2719f5e-fc9f-40f1-a964-b7d0caccbc7a,f01910f8-e250-463d-93fb-94dc7d26b152,1202.58,2026-04-15 15:05:11.096681+00:00
d0db0acf-a8c8-4794-8692-e83145e07cdf,e44d5411-8b2e-43f4-a70d-7c992c445308,1696.04,2026-04-16 02:49:30.151286+00:00
f64bc5cb-9bdb-4491-b6e0-b6582041aab9,98d98f74-25ac-4f85-97b4-cb3158b6e046,1595.21,2026-04-20 16:55:49.950404+00:00
3b86102d-3902-44eb-afd5-95253092d1ff,1152ee69-1aaa-456d-bb90-a18e2d1d5961,1239.24,2026-05-06 19:40:36.326291+00:00
5982a776-aac1-40d8-acec-b7b63a32c0ad,9aae1f08-2903-4545-a218-7597958db1d3,5001.11,2026-04-28 19:29:10.421349+00:00
9498e6d8-6331-453c-b34e-2e85c98aa3b8,eb267522-78f7-4d1c-97d5-1d81f96fee01,554.14,2026-05-14 21:55:13.816261+00:00
c23bef9b-2c4d-478f-9c56-e650b252f227,9c44a0c9-165c-42e4-bc46-c6a7bf568afc,10.0,2026-05-30 06:38:53.505274+00:00
1f99b7c7-661a-4540-ad12-d26fcaea2f7c,bd56a23f-3a69-4372-9617-94bd6a6e5d8e,4270.2,2026-04-03 17:09:10.777660+00:00
e2f328a6-6fbf-4939-b122-9a5ec6d50c94,9bfb9756-a3eb-44bb-bd0e-e5ad00d99b55,2995.74,2026-05-10 23:09:29.508194+00:00
f57d3709-c28f-44de-a5a4-93ae67355176,eb6fc27c-4a16-491e-b550-8175839afae6,5504.75,2026-05-14 20:02:22.898780+00:00
f1091632-45d5-423c-b13f-b913a0b0b272,a1e7b235-2078-4037-be52-3d30b1af62b7,4393.13,2026-05-18 20:37:10.399479+00:00
1ce0d557-b6a2-43e5-becb-7d9902d21056,9668a553-4ece-455d-93a8-1674107d5ab4,1243.0,2026-04-22 17:35:53.495206+00:00
abfb1121-7066-4421-accb-da86ab64da54,98f59af0-9553-433a-ba70-d1ff025a9f2d,1489.73,2026-04-29 20:31:51.757613+00:00
023b3adf-c02b-456a-938d-d50c54434bfe,b5c28496-5de5-409a-8d33-d11943b0f404,1491.08,2026-05-12 23:20:44.089347+00:00
5310ad2f-fb08-4dcc-a01b-5628c749b247,497368b2-559c-4ce4-a908-9468f7959455,5647.49,2026-04-18 06:01:54.211201+00:00
f05315dc-0ab2-4451-b5eb-dfd269a22dee,b96ef411-fc11-407f-a357-7ef97f7a7672,653.66,2026-03-23 10:20:16.967325+00:00
a711f095-e437-4758-8114-ec632f6a633e,654e4499-1ceb-4e03-a03f-d95dbc3c3ff7,791.16,2026-05-24 07:04:12.594547+00:00
444783ff-c1ad-4343-a74c-d77a632420d2,82ff0d47-8774-4ce4-addb-cc045ba92720,2918.08,2026-05-24 04:23:58.396827+00:00
aeb48d9d-408e-4d11-8bb4-2a5b33ea9874,aee36dc2-2766-4caa-bd95-9eb1dd15ba34,1701.96,2026-05-31 06:57:53.489196+00:00
fc3f63fd-2720-427b-9953-7eabbb993a5c,d49381c5-8607-453b-9216-2d53f4fc9e3a,1249.09,2026-05-31 21:30:24.530759+00:00
4833ad07-4942-4e1d-b36a-be55a055dbb7,091cf1b2-5ef3-4e8e-9042-dc53fc82aaaa,947.94,2026-04-14 14:15:34.284758+00:00
d6a3b542-9edb-4010-8d0b-e6b61aafb067,feec8634-c55b-48c8-862d-ed0c475b894f,1129.85,2026-04-17 19:05:11.382691+00:00
074fd918-1bd5-4088-83b3-2f202ec0e53c,60e6eef6-1170-4d8f-b94a-bc46a9160bfb,367.75,2026-05-06 20:13:01.209826+00:00
a3993f94-c97a-492f-97d0-3422bb28af70,b15b86a8-293c-4ee8-852c-4659462a1bd6,2001.84,2026-05-24 17:49:32.007637+00:00
4ab2c831-c4e5-406e-9ca3-d9e74975ba71,f08384aa-cfcd-4c85-88a1-bddf7cd2c6aa,1336.47,2026-05-30 17:18:09.251281+00:00
213c45d9-d7e1-449e-8c5a-958d2a463c00,36be533b-3bcb-4480-a917-7af746c1ef2c,1870.99,2026-04-19 17:01:00.517388+00:00
0ec3ed84-a9c8-482b-bb28-319059dcd4c0,002558b4-cf19-4589-a8aa-c6fd0b528317,3731.06,2026-05-08 11:37:40.854597+00:00
c602f875-5beb-4ad4-9e77-ab08c57ad637,882c609f-2d0c-44e2-aabc-fde3ca9b5e67,4043.09,2026-05-09 22:58:52.837676+00:00
5f1a9ebf-6ec9-456c-b875-c771de161b32,cc8d4dcb-5c35-433f-b0da-3e38ff1c9d9e,3975.25,2026-05-26 05:54:00.912709+00:00
fd947995-f1f8-479c-baf4-36ca26aec28d,fa058318-651f-4488-9f7a-140a5f30b9b8,7316.48,2026-04-27 03:58:47.870209+00:00
34310d9b-147d-47a9-89a8-46dc3e8dc20e,df4ace74-1d69-4165-953a-6a54f22954f2,3032.61,2026-05-31 01:19:22.807080+00:00
868cbd5f-00a4-4e38-a845-b8f583e3085b,4dde35a7-97c4-479c-a1f7-acdb3e71e868,1067.47,2026-04-11 12:44:41.662918+00:00
e87430a4-ab3d-48c9-8731-b7e218d98db4,889068b1-db86-48aa-9335-c0e313d59986,2530.42,2026-05-02 03:02:20.744010+00:00
6f8677a7-eee2-468e-99e5-9143644e2003,978289b9-bfb6-4340-81b9-18fa0260b14c,1865.91,2026-05-10 10:35:52.413194+00:00
cf841912-2b76-47e5-b3c7-81411458df9f,5bb91ebb-5976-4ecc-b66f-e73ee86e8255,1585.55,2026-05-22 12:45:59.292008+00:00
613c8162-0a1e-40de-81a2-ba97f82af220,0e92d173-77cf-4a29-9c0c-7fd09cb0e5d5,1730.24,2026-05-26 23:44:35.266358+00:00
b64ca258-033e-4e71-a193-62000805ddbb,6e3f3db0-4068-4ba6-a37c-9bd1889f8c84,326.56,2026-04-06 20:37:15.085259+00:00
bb732250-ff2a-4db9-a55a-7f1e7653d06d,82964741-244b-4b5a-9bd8-98995d895ecf,603.9,2026-04-25 21:07:19.931501+00:00
35307f04-b3ee-447c-996a-d1caf58bfac0,7686867a-924a-4b40-90fb-a2dd9de79a97,2482.75,2026-04-27 19:40:54.894078+00:00
e7bdee38-cc51-40e6-bafd-292cf72681fb,40c1f3bb-4532-4b24-ac36-c0ad069957f4,1555.22,2026-05-11 13:12:27.594827+00:00
97a375f8-779b-4cab-a98e-c289015d8763,93e4c5da-469c-4403-95fe-52f44246cbc6,2530.1,2026-05-12 00:47:13.230670+00:00
2348a05d-467e-4e02-b6b6-44e42071f233,1104f0c9-b369-4f57-9783-335e203dc3f5,669.2,2026-03-03 19:34:14.698069+00:00
4146595f-a12e-4562-b848-c0216cb34c15,2e5edb8e-7c19-40d7-a377-7454fba1bcae,557.03,2026-04-18 08:31:44.447515+00:00
451a9aa9-d4c1-4503-91ea-caa7f9a64d25,c1dcb9f2-6795-473c-ad43-f1c227397bfe,10.0,2026-04-19 19:37:36.900786+00:00
36719bd0-a4e6-46d9-bbc2-006b62b56b9f,a2d34667-8abe-4c05-8563-1f88a00a3d48,2124.65,2026-05-04 12:47:48.555317+00:00
07c1b69e-870d-431b-9650-549ecad9c122,1367898a-da70-4196-b2c5-724c23c8002c,209.67,2026-05-31 10:40:16.022338+00:00
d2ddd196-130f-44a1-b68d-4f1ec06a4407,45a06733-02b8-4d15-9492-89195858d370,3840.26,2026-05-21 12:36:34.072628+00:00
f8c1e0d4-8cb3-4215-8033-9c11bb431e39,044c8103-2173-4559-8355-1f8e4c405fa7,1552.97,2026-04-05 23:35:34.722372+00:00
451378c9-d22e-4ce8-a797-31d5ca22ba5b,1f580b60-a6fb-4db6-a329-0a5e37048dda,908.06,2026-04-25 14:55:23.873427+00:00
e1c65c70-0339-40bd-8dff-240a9a6de95b,b629e266-d56f-4ecf-873d-f5c403513ece,1448.29,2026-05-22 09:52:45.671569+00:00
e763cf38-825c-4942-9551-a3361359869d,8c4f7fd6-e8f5-4da7-9aa3-1140a879a543,2501.24,2026-03-21 17:46:33.130759+00:00
6066abf6-bede-4c15-823f-50022a29fe19,1c91ba8c-a7ca-435d-8f5f-6a0e9ada17a1,840.65,2026-04-24 00:07:26.402275+00:00
181d422a-18b1-4519-b24a-21aaecf634cf,fd47cd26-ffde-4628-b0a6-f83f3c13cf38,1710.01,2026-04-30 12:45:12.064892+00:00
af13aa6f-943b-4bb2-86e8-4f72d09027ee,dc034255-96ac-4f10-8433-1afb4ca55505,1426.85,2026-05-29 10:35:54.016428+00:00
f90abea7-a263-4981-b960-1e1ab338c6d4,7c1d3446-6471-4ff3-968f-7815b098832b,807.11,2026-05-25 05:01:11.124730+00:00
ebb6e94f-f4b6-431d-b548-66c9038b14b5,3d9ae267-c608-4267-8bac-a3156569fd75,443.35,2026-05-26 11:01:31.179353+00:00
f16a7339-c204-45f9-89d5-8eeb0b19530d,6a5534b9-b4f0-4994-9339-49a19fbb14ec,449.91,2026-05-27 22:14:00.374171+00:00
d6fa8318-a4c7-4937-a2ed-e41df215fd9c,c1971ae6-9301-4b51-8e63-ac173a8cbb37,1335.72,2026-05-17 07:01:09.067254+00:00
682db3dc-c862-47ba-9db5-86af0617fe9c,081560e1-3af6-4045-a43e-14be846964c6,1420.6,2026-05-22 11:32:53.419905+00:00
1b487178-3730-4ecd-957a-14f26054d86a,e229efcd-5c41-43a9-a3c7-e7b1b657f0f1,1186.77,2026-05-22 14:28:43.961085+00:00
aa2e1ef5-2996-459d-95c6-e0d602f4c9cd,ea50f9eb-408f-4556-8887-218a5050c2c7,606.39,2026-05-30 05:56:52.659117+00:00
e934dd8f-35aa-4b24-8078-7e4e549dbc25,2c9f4686-2e5a-4794-8592-2a3619047d86,965.37,2026-05-30 15:52:23.761935+00:00
52c30813-ffb1-4377-808f-d1723ec48e99,d846c217-c340-4cb4-935a-9d61459d572c,3055.78,2026-04-23 12:42:32.997548+00:00
9b053d54-6453-40ef-9ab5-daa5c9b9390b,b0142183-b2de-4edb-aeb3-357f840ed85c,3602.95,2026-05-16 23:49:07.799322+00:00
eb341afe-37b0-4cb0-b381-ce91317b0475,245c4995-111e-4c3a-a89c-1474ca5acac9,746.24,2026-05-28 00:32:17.966183+00:00
c2bc48ad-ea62-4a03-bc25-afe69c4a8a94,9a69e8e3-a283-4d5e-bb51-d872a441b61d,4310.3,2026-05-07 23:23:53.639005+00:00
8170a8eb-1d46-4249-aea2-73856ec0bbc5,7bd32ae9-1e5b-429b-b5d1-bfad7d1744c1,2361.55,2026-05-27 00:29:40.987778+00:00
6c925c28-b9fa-4dae-996b-a41a7b5374ef,eef7cd7b-b66a-4693-a507-4e0140ac48bd,3647.58,2026-05-09 08:34:21.454873+00:00
df29bc5f-5dc1-451a-92a8-59a4bd9871e4,da36ce4b-4047-4f63-8815-79651d174d94,10.0,2026-05-18 22:50:22.997191+00:00
82ffc319-a70f-41ce-9394-66978e1405c2,2370e3b0-5b83-4740-9b06-9b2abc883be9,2329.29,2026-05-22 23:36:09.977969+00:00
cbb58f63-4b4d-439a-9392-64c06a9030ff,a99217ff-cd84-4d2f-823e-073850ae6ea4,2432.91,2026-05-29 06:59:16.334754+00:00
f629ff67-0917-4428-abae-c4b05f4a5fcb,a74137a4-1f4f-47d9-abad-cc3a395a9534,2563.02,2026-05-25 13:46:45.197250+00:00
4940161b-cd85-4e94-bcac-c483e65fa17d,222a7c39-4a8a-41ca-bddd-37f047bc533e,430.71,2026-03-18 11:18:08.883984+00:00
673a59cd-7a7e-4f83-af3b-777b2e04158d,ced72d10-819a-4166-a4a9-44eebf71af7b,316.54,2026-03-22 17:34:10.450162+00:00
87023e1d-74e9-407c-8a3f-0455d90891ac,bbe7d50d-50cf-4bf6-b811-21644b29180c,509.82,2026-04-22 22:14:51.642957+00:00
50692d0d-61fc-4f00-9c30-2be2c9bd71af,f12e8b67-2102-4224-a001-ee076f8b42ce,531.44,2026-05-03 12:58:55.431631+00:00
294e1c30-ac0c-4431-aac1-4ff572d487f3,8b29bdcc-0c22-4db1-85f2-44307124f428,404.29,2026-05-17 23:41:18.815610+00:00
f2fa0dac-955d-4419-becb-cef3b28ba892,af376716-0b7b-42d4-a0d9-2452d8b73968,4208.49,2026-03-20 02:20:18.362229+00:00
babb48c1-d0ad-4bc7-afef-b4901e7f7177,9f4fb2ff-bfb7-44ea-8d8f-2a5d2eafd26a,3565.4,2026-04-08 00:13:06.338787+00:00
c481c2ba-76b3-40da-8977-082c4e959eea,aba87ca2-8196-4705-a568-1fbc89f4ac94,2124.68,2026-05-24 22:09:18.527128+00:00
39b6ca3a-81cf-4a87-b449-0180c77b740f,bd3826c2-721d-4b99-9fb4-075642403d6f,3946.12,2026-05-28 20:14:28.216135+00:00
9eda63d2-f90b-4276-b4db-00fb78d575b4,34c323a7-1db5-408e-8abc-dbda6800f0bf,5360.36,2026-04-02 12:51:11.579334+00:00
e25ee5db-11c8-45cf-9f52-d3d93cde303d,67d0406f-db0c-4b87-bf9c-3ab6a4e46112,4402.8,2026-04-09 11:26:03.130572+00:00
72e154b7-e17d-4434-af6a-2fb8e9e58d17,ca64a60e-0dfa-4c83-9d69-2a26bb0c4145,3300.95,2026-05-08 20:22:11.132206+00:00
b2b0b01e-2327-494f-aa83-8d5e00a12fc4,0b482059-c2d9-47ec-ae13-ba157be2eff6,1382.59,2026-05-31 00:17:52.118457+00:00
196ef852-ecd5-4bb2-bd9e-eb83d144f471,ea85b60f-cd60-43cc-b7ee-cbe968c0b0e2,5067.02,2026-05-31 01:49:26.308075+00:00
2e52b505-20fb-4f20-977f-fc2866594a7d,f256e7c1-e10b-4994-badd-b2dcaf86f837,3939.03,2026-05-31 11:05:04.816327+00:00
8493eb7d-cd68-4cac-be54-a33c16ce8856,d43ad2ea-99be-471a-9014-7a29d3979ab0,3722.57,2026-05-31 18:33:01.832501+00:00
8f932526-302f-4a7b-b1b5-26dcd237b7c2,67cae3c2-b026-41e0-9e3a-eb77dc19786e,1320.61,2026-05-22 23:36:08.124653+00:00
1ae10de2-595f-4576-ba84-bad88b39bd20,4bb2a648-6eea-4696-b3e1-bfa57fc2029a,3099.13,2026-04-28 14:39:17.936666+00:00
d6eeced6-f22a-43af-ac02-2907e405a88c,d8024d4e-e3cc-405f-898b-639b5e3f7887,2265.86,2026-05-27 09:03:10.356821+00:00
26970392-ae4c-418c-979b-bbc0cbc0e346,3826f059-e06c-41e6-9c63-fb535410e418,3052.48,2026-04-14 14:41:22.814146+00:00
bcfa80db-32fb-4116-b2fb-51d63b5f0abf,8f71bab8-c2d7-42f1-aa28-b208efc07360,2020.49,2026-05-06 15:43:27.932154+00:00
5a5bc3fa-1a25-442d-8a8c-072f0540132b,fc874295-faac-410f-af4b-6f620f773171,1551.3,2026-05-02 04:42:46.507588+00:00
48f58630-cd58-496a-b726-e166aa5cfb3e,3682dacd-a0b5-4d5e-863c-70a970d2436c,2006.0,2026-05-11 14:42:47.088895+00:00
13d9193f-eef7-4ae3-ab31-052517305530,3a19481b-2241-4894-b822-862bb51ceaab,1859.79,2026-05-21 16:44:40.213501+00:00
df2f059f-af52-4fbd-9e1a-47a1586cc194,59469306-78c7-4009-b376-239d9d61db64,4296.0,2026-05-25 03:05:34.060906+00:00
695f5c56-3c89-4e6b-9b7b-d900fa792665,2306c101-6b9b-468b-b341-68cbf8673f02,1907.39,2026-05-21 15:33:01.763030+00:00
251ad3a5-b33e-493a-8991-d389ae039166,f9e70f40-6de6-47e9-9a7d-fcb76546178e,3387.55,2026-05-24 01:28:28.986633+00:00
e59fc2d6-6783-4a47-b2a1-7a29b80a5541,bcd4f918-4d8d-4bb4-be08-f875b4c1a5e0,10.0,2026-05-24 22:15:06.527961+00:00
81a86e42-6655-420c-9eb7-83d0cee26182,2398666f-36f0-413f-8bab-d3e9eae0a771,5162.05,2026-05-28 22:22:41.228786+00:00
e16f4b66-6000-43ed-b6ad-48d49db032f2,56e16acb-d133-433a-8c89-5ba3ebb214bc,7537.0,2026-05-29 03:14:23.225170+00:00
13b4f5f6-eb7a-45da-8611-5eb472120d89,05e66749-a7e0-4637-b587-382fa32de96b,487.33,2026-05-12 12:35:02.973858+00:00
79e14c6d-0b5c-4c59-8388-a7e1a35466d2,c7e52495-8894-4bd9-9a2d-1077ea21a1a7,622.23,2026-05-12 15:45:21.383378+00:00
434e77ee-1a08-4c6a-809e-fcb2db516c6c,e78a78d3-a1b6-461c-b398-b5ce89438964,623.52,2026-05-12 19:31:27.806090+00:00
9d1bd412-1226-43c6-a585-7933cf5c65d5,97ccb30d-3d9c-4e08-89e4-1e7707210726,612.24,2026-05-13 02:10:04.344140+00:00
b62d852f-b0db-4315-85a8-488fbb26e608,7b9741b6-f642-45c3-93d9-a2237178cbfc,593.62,2026-04-06 06:58:39.478321+00:00
f78d05ff-abf8-46f3-a7a3-0dd81da0b2f8,e7961486-788b-4099-8f04-4893ce41ac0b,2255.97,2026-05-02 01:41:38.419763+00:00
3fe7192a-a7fb-4829-ab21-5b05a3543bfc,261d8e4d-663f-4b2c-81af-495c8fed91b0,1700.95,2026-05-12 02:27:53.070630+00:00
d0540638-68e9-4501-b8c1-561ef37bbbd8,ce97e7a2-e341-4aa7-8441-e9233d7d332f,1867.18,2026-05-18 01:55:43.051362+00:00
bed78294-d892-4b99-bcc4-d39014e16209,d53058bc-eaa9-4b9d-8236-32c8ae6e5280,537.08,2026-05-19 06:58:44.021202+00:00
b6ed09cb-d003-479e-8e44-0314a173787d,016450ec-1197-4455-9bc6-4cef24778ea5,2385.53,2026-05-22 23:08:42.908489+00:00
70d1975a-8e7a-4809-a8da-dc9390e1a9b6,acebc545-ac97-4e7a-a8bf-c5182694b55b,2722.25,2026-05-24 02:43:45.681524+00:00
71932052-27f7-48ba-8863-afbd4b106576,9800a348-9a4d-4175-b60f-9e23d1c2e6c0,2124.17,2026-05-27 14:12:16.106176+00:00
892eec34-7ca5-4382-abd9-ff9e0a8e6f80,d8dae8cf-bc01-4ed5-bc8a-b32602fff2ca,1715.24,2026-04-21 07:12:23.062954+00:00
f2c144d5-129d-4bcc-b1de-fe6d81d457c5,da0b5bab-66f9-4999-9894-5d9c215dd41b,1031.99,2026-04-25 21:40:49.304179+00:00
f7f3ba75-2d97-4240-a209-90438593ed8f,0c01df8a-427b-43bd-8921-bc462d67c323,1750.76,2026-05-01 06:54:32.473680+00:00
1eaefba8-a391-4aa3-9ed1-2a1e6bc1edd4,d98887ee-d31c-4854-bb51-13aea6ad091e,1471.59,2026-05-06 15:09:02.551485+00:00
1f87d0fa-872c-4f9d-8bd5-a1ca0c8a2c6d,4baf899f-55c4-4aa7-bb13-a1354a037782,990.53,2026-05-27 01:10:39.281744+00:00
24b1af75-2cae-4425-8311-fe3beda15ad5,b45d11fe-2236-4fb3-91dd-a146df5eb47c,2298.21,2026-04-23 09:51:23.833314+00:00
482d2130-6b7a-45a6-b7c2-cacc26b6c579,24f75aad-34df-4026-a347-c3537d0ed621,1861.85,2026-04-25 08:08:53.781291+00:00
7668588b-79b3-4ddc-a3ae-43d20806ae38,cc9e6802-6c7c-4fd7-848c-0e9cc9d29142,107.39,2026-04-25 10:17:15.663132+00:00
d2dcd142-8db8-4222-a5d8-653475deb056,f0847d8d-19cd-46b3-9914-8aea8f126bb9,1468.49,2026-05-14 16:26:47.688952+00:00
455566af-c986-4a51-9f61-7ac5d1322f0d,7708af88-32f1-4d30-8b6e-27e87ec9d83e,960.32,2026-05-16 01:43:45.551239+00:00
36a1bed8-50fa-452a-b8d7-382655ffd97b,e6c1d487-f870-4cb5-bae5-217a21f1c820,863.95,2026-04-20 13:21:11.066277+00:00
5af4f7a0-6035-42c8-8fa6-9ad022c169dc,8a3f0ca1-9366-4cdb-8fdf-7691efb2ef8e,2032.21,2026-05-01 02:35:30.274010+00:00
1ffbf880-d8e4-458e-9269-74bd19f50bb2,dd78a36e-bb90-4fbf-9ee0-f3c7e97c8f0f,10.0,2026-05-12 15:07:39.221788+00:00
aea7d34d-34d6-4121-95da-48fe55da32d2,9dfcb780-ae36-4556-8647-0f221a25dd1d,2256.33,2026-05-23 18:40:04.050906+00:00
102b74a3-0150-4242-ac45-91ed16ce1843,ae2f473f-509e-41a0-b5b5-6568031673be,2114.74,2026-05-29 07:36:50.039636+00:00
84ec64b2-f618-45fa-b1c4-90adc34a6954,ac04396c-cf81-4996-9290-cdd7b93c2b03,294.08,2026-03-21 12:28:59.796685+00:00
6f9c157e-c7b7-45db-bdfd-792ec40587b7,263d7942-89ef-4385-9add-aeba34483c58,650.68,2026-04-12 01:47:47.601590+00:00
9e635c8f-d453-4fdb-b5da-8312f8fbfea7,ccdbabc4-aead-4520-b77d-7553044420e9,766.6,2026-04-20 04:36:46.931016+00:00
d3034cfa-66c1-409f-b558-b81ce6b48c34,6c4b6463-59eb-4588-913f-cf3468ec5e9b,845.82,2026-04-27 10:25:40.339064+00:00
4f604f9a-72de-4b7c-b855-261859198e37,278d3710-a7ae-4e88-9125-f2cf4bd978d0,9804.19,2026-04-21 19:10:23.345414+00:00
e19b8f98-c688-424b-bc7b-6f7a9a58d6b6,a2b279e9-d326-414b-9269-079a52af040b,2976.67,2026-04-23 12:24:46.661163+00:00
193c2d20-735a-47f1-8c24-d1cc500cf2c6,7745879d-aded-4887-bb0e-3878e14ab59f,2573.43,2026-04-23 18:08:37.652175+00:00
a61c0d1c-5baf-40cd-9ec1-8eca478eee20,dc693f71-495c-46d6-a5e8-58a2556d4ab9,3643.74,2026-04-27 02:09:32.041681+00:00
332caa51-3cd6-499e-a3c0-5f5375a8f872,67be10fa-97d5-4aff-8173-2da941bdc08f,4708.94,2026-05-24 01:20:21.338685+00:00
25d0b653-c936-4fd3-9f3e-b42bbbd0879b,12aa300d-d1b9-40cc-961f-34bd1c09cc37,1889.29,2026-05-24 05:11:16.299062+00:00
ac7defeb-60e7-4623-b1b4-a3defe21c01f,2e63e298-1a88-4a2f-895f-b8c34d768241,467.89,2026-05-23 01:22:25.560588+00:00
423aac11-26cc-4f9b-ac6e-3c10dfbd987d,40e94b60-71e6-487e-9d59-a2093ac68629,91.5,2026-03-10 05:47:13.250819+00:00
3cb17b1d-4b4e-41d9-aac2-889ed1ab1832,c9e341af-fa4e-491d-a992-d84731e37554,133.79,2026-03-11 14:54:27.339590+00:00
4133dc80-9b51-44a8-ad5e-d7965f78f7d0,c30b8cf8-022c-4dff-b6a6-49f6ecb72f69,160.58,2026-04-06 05:30:26.835262+00:00
a1e27741-c5f1-4403-9882-68c2084d8bea,64b46c0f-b9f2-4f7c-ac15-4db0adc85458,1745.92,2026-04-07 14:53:10.240627+00:00
38bb9bdb-a27b-4e8f-90a9-18b885ffe671,537b24ac-d363-44ff-ae5c-06f8a12d11a8,3347.0,2026-04-22 09:16:41.908319+00:00
b846ac00-c9c8-4f4c-89e1-57c32fdf029b,2684b44b-38ff-494d-94bc-ee0df37d9242,10.0,2026-05-19 10:51:35.908859+00:00
bd65495a-a568-42ce-a5ea-169818807bf6,6e52baf1-0882-4669-8352-5e116373c580,1296.68,2026-05-24 16:37:25.180167+00:00
f9db91fc-1a20-404e-88ee-8678e36875e5,d0d015fc-c8b8-47ca-8856-c264902eef63,1807.21,2026-04-11 22:47:16.877582+00:00
fad6770f-c8d7-4dd4-8d9e-519aa9c51915,e11d4b18-4a1c-448f-87f4-8339029a483f,1949.28,2026-04-20 16:36:04.846268+00:00
8589aaf6-0832-4bf7-8399-e480dace7f22,f9e5b0ca-69cb-41b9-8522-4d5b6e879d92,958.93,2026-04-24 02:06:26.996993+00:00
cc21e296-12f4-4c15-b893-d53f8496b2b7,b91897ba-c5b6-400e-a860-1e6af86776d8,1303.43,2026-05-22 22:29:01.754128+00:00
5a6bdba5-3413-449b-8c7d-9f24f3d80479,de2cd7b2-7839-412d-abe8-4d3c2e497004,7807.09,2026-04-09 06:14:22.457301+00:00
4456f26d-ba49-4d24-9e24-8d4a9a8095b1,943131de-b946-4a38-950d-ae8e5705f88b,3872.57,2026-05-21 13:59:19.273825+00:00
5f95904a-d66a-49c7-83db-9c1021904400,aff4e2e3-9e41-42ff-83c1-f10fedc30c6b,4478.24,2026-05-31 08:42:45.022736+00:00
b1973b84-51e6-47be-bd35-86835174c5fd,9c74fbf9-50a4-4c68-99d9-20da3f1938db,2589.53,2026-04-25 19:38:57.547414+00:00
0c3d255b-9677-4b8d-8a5b-a563b9bb7a8a,c5f0686d-e448-4497-9803-b7f488edeff7,1378.04,2026-04-26 03:25:28.150680+00:00
e5cc091e-62b4-4318-b35e-a96f70c95245,8d8cb6e0-8049-4111-9300-d0268e7cffb1,3241.94,2026-05-02 12:35:12.624390+00:00
ea944289-4369-4df6-9ffb-718ecfafb415,9e7d5fbd-a9e3-4429-9dbf-52bd92438ba4,732.47,2026-05-15 21:55:24.364470+00:00
bcc89c59-baa8-4039-a4b2-a881429b0786,b275f93e-0b31-45fb-8f03-cf0a5175e9ef,3025.12,2026-05-20 14:29:22.715884+00:00
edca9dc3-e576-47f7-8749-5186bf8cee7b,c767c8af-94cd-4964-aa06-e62081992cf1,4763.84,2026-05-30 02:38:30.393211+00:00
3c761533-e2e7-4a8c-a0cb-867a49d94563,dbadc061-ac9a-4564-aab8-727ac2b86539,3764.66,2026-05-31 02:55:11.815624+00:00
6af9ab1e-cfb5-4353-8a10-5569b1574729,b8520857-54e7-4bbe-872a-c0f4009e60d3,4117.39,2026-05-31 05:55:39.468937+00:00
855c4c09-2ea2-43c4-a45c-5a4d19324d16,9673c51e-725a-4bac-89c1-d1192bb43e67,3500.27,2026-05-31 10:02:13.067401+00:00
7f3c746b-8c93-457c-a7db-f173c1e0949a,1fdad133-ebb6-4923-9ef0-b60987f061b5,549.26,2026-04-04 14:19:52.149731+00:00
460bb8a4-4fb7-48ca-8af1-cfde45766eef,0a0a9921-f48e-4a05-b25a-67c43c8bf148,840.37,2026-04-08 13:03:22.326324+00:00
e73c1a93-5f25-4439-8562-185b97d0c7f2,9f395dd2-5241-48a5-9402-243fb1892428,1181.3,2026-04-15 01:56:38.485194+00:00
5636337c-4338-41df-acb5-4dd1d389cfac,ff24ddc4-1add-456d-8e65-1f0ee06e1fda,1071.0,2026-04-26 19:56:57.646440+00:00
effc84cd-3df7-4649-af8d-141f904031cc,8b823767-021d-4384-b100-fa070d7c76cc,880.85,2026-05-17 17:32:37.852636+00:00
1124d9e2-e9d3-495b-86af-2de8d9f39492,c0fdf068-5581-4740-b2ba-667d5db81896,1443.53,2026-05-15 13:44:05.878541+00:00
e68b9059-4ac8-44a7-8b1e-0586decd46e5,f845d90e-5579-4d9f-aa68-349655db95ea,3366.53,2026-04-23 07:00:06.703329+00:00
9ed930be-409f-4bf6-b5f7-6b36b05dfc6b,6a598950-ac27-44f3-9a24-e97e96a7846f,6665.27,2026-04-26 10:44:24.466427+00:00
a1517720-f888-4260-a9a8-43c38605b1dc,4db39eb2-f993-43de-8e02-9f5dcd6bd7f0,5097.67,2026-04-27 23:48:12.671204+00:00
e59cbc70-a2ab-42fd-909f-3eb79ff72e55,d1b43425-b875-4be8-8b2c-3a0420e75d22,5502.22,2026-05-15 07:21:16.246049+00:00
e4441326-5a3f-4788-a7b0-f8b8389f3c00,cbc7e4c6-c436-46f7-bd2f-e1aec3e1d65e,4457.42,2026-05-23 11:39:29.771307+00:00
e39a4197-45b1-4ea5-8703-e4b37247a0fd,ffed8cc2-a5d2-43aa-853d-654e09b430c9,483.81,2026-05-22 06:50:27.394436+00:00
1f0bf938-c6ed-4c09-9946-11cd3053d10e,1c40d281-ffa3-430f-8014-c33dff17ddb7,442.62,2026-05-22 13:15:02.712911+00:00
f4a7ed49-3fc5-436c-9a71-c1464b639ac7,06421dc1-4b4b-42fc-8c14-9cfad14df8f0,288.39,2026-05-23 12:23:38.650079+00:00
dc8fd341-3294-42e2-acb8-7919ad89b79a,78ff15a3-135e-428b-a616-96388ec347f9,727.48,2026-05-26 15:26:10.520948+00:00
48d9fb4c-47d7-4b27-b61b-7fc48ee6d56a,9da76fa9-2442-4e45-9830-ac2688cf1da4,3089.93,2026-05-28 04:35:39.003655+00:00
60d4263f-2cc2-4c89-bdf3-3e0108d1568b,fa0b26a4-087c-48f0-953b-57c490fa0af5,802.74,2026-05-29 16:03:43.952043+00:00
7d4a0e4f-fefa-4197-bfe3-ea7726b7b053,974c9dd8-3227-48c6-903e-2fb3f97d3567,5105.16,2026-05-29 18:00:21.621499+00:00
1a9af3d7-3396-4cfc-84b0-4e3c7d62d4ac,cee08efa-2b12-4c37-9062-260b43441427,4946.81,2026-05-30 21:18:47.170059+00:00
78e848e5-3be1-42fc-b086-2b09c7d72963,402b67b1-9eae-4fec-b772-ec46f4fe7732,3600.26,2026-05-31 05:46:14.781582+00:00
65a6b203-64ae-4263-b868-adadadcd3eca,64e4b6e1-f14d-4d48-b589-01c1a44495ed,10.0,2026-04-26 03:48:55.523225+00:00
680d047c-28fb-4f4f-ae69-3605b0f315d3,2c6cfab0-0748-4e30-bfc1-11f0a959af3c,1548.72,2026-04-29 05:23:14.865021+00:00
29d400f6-a769-4e63-9b2b-a643f5cabf47,bda10342-c735-453b-b8ea-465c1b3cc4d0,10.0,2026-05-23 10:46:02.973424+00:00
23249b77-790c-4f70-bbc6-18e5b4998bde,0f0d0c6b-7ce2-437a-91a4-86147d583da9,1447.86,2026-05-26 22:34:55.587335+00:00
ce61b9a9-84a4-491e-a6ac-7147faae43d3,574206c6-811c-4442-98f1-84c610a0f4be,1941.39,2026-05-23 16:43:06.838988+00:00
9d7c107f-96a2-470d-ad20-f20d2bfc829e,4747a6d9-5127-4201-a89b-8fae51bb64bb,3460.83,2026-05-25 01:16:36.506542+00:00
319d3a0d-1d92-46f7-9881-fef6378fec6a,dc3a5ce4-73f0-4c7b-b62e-473d782594d7,4533.1,2026-04-25 03:24:12.529128+00:00
8e5559ad-8f3c-4406-ab0f-e0193cb39e06,5cc1d2dc-81b8-4c64-8232-a70513b26e12,1421.25,2026-04-27 06:42:38.304140+00:00
df19a8f9-7f0d-4f38-ab34-6c7aeac1c91b,08a59c04-d187-4f12-9cfb-0d0405783897,2614.88,2026-05-03 18:58:30.844561+00:00
67e05e43-1a84-4608-9a8f-ac9d45cffe71,5135287d-e133-4c26-bc42-14b70c2288e5,3110.35,2026-05-08 01:31:35.063917+00:00
5a51ff0e-5f20-4e8c-b39b-218e418e552e,fec47659-51d3-4ef1-8f8f-126d656b3b8c,2571.44,2026-05-21 14:30:20.338607+00:00
8f4493e0-df17-4299-a80b-3753c9ec9039,7be9b294-df1e-4d51-8b16-bb31371acbb7,611.02,2026-04-10 14:17:33.706943+00:00
f0d2cd0f-f86f-43b6-8148-ac7a6230e04f,2dbef7fe-64ed-433b-9879-f36ca630affd,625.85,2026-04-30 18:30:52.118837+00:00
87608569-f33d-4682-88ff-fda58ea00309,475d84ed-ed4d-42d0-abbb-e7b3a0c8c413,879.33,2026-05-19 03:18:02.553808+00:00
49e74e12-313a-48ba-93e0-c6939bff5399,99bd2890-abc5-46ab-9ea5-55c7f7f46bdb,976.55,2026-05-03 23:56:58.694768+00:00
690e8966-dfa3-4d68-8332-d64fc0f41aeb,11925642-514f-4630-894a-3c533a9dcc56,2090.91,2026-03-28 21:11:08.922872+00:00
00718d2a-e643-4c22-885d-719cfe85e031,addbc31c-2c88-496e-a904-79e22ac474eb,667.47,2026-04-26 12:54:17.392074+00:00
8e3a3f91-cae8-4248-bc1b-39909db96045,df9d96b0-a0c5-4b4e-abd3-9be00905b21b,862.23,2026-04-29 08:38:45.383311+00:00
7e096fa1-d186-42bc-968b-283bf90654ff,2443f71b-1c29-4e93-b692-8a830d756d47,10.0,2026-05-28 21:36:50.409940+00:00
91bd0e62-2f83-4b9d-b177-793a0e0358b9,69daf1a2-6c13-44c8-9b92-bbf04b6b8dd3,4023.7,2026-05-12 14:22:00.588881+00:00
38fb2eca-204f-4162-afb0-edf0e87d3316,93c96902-2425-48c3-ad4a-a77337fbd822,1039.08,2026-05-30 00:36:41.061754+00:00
4e8beec1-f3a0-4133-a757-fbc1c08427c3,d5f289f8-6643-4383-a622-be87dc9b6350,947.79,2026-04-24 15:11:44.870395+00:00
94a181b5-1200-4121-afc9-36a301423327,b4f95dbe-2b49-4f1e-a58e-c1347e12b76d,10.0,2026-04-25 04:15:04.460926+00:00
e9845c26-7f07-49a4-86e9-5cb80c5350aa,241533cb-3c7a-4da4-a3fa-678964d25ebc,1925.8,2026-05-04 14:55:36.820843+00:00
d6d07a6c-5d1e-4d5d-9cf1-87b24fff792b,6eb28895-0efc-48d1-ac22-f44e2833da1c,748.42,2026-05-07 00:38:27.330042+00:00
a9e7f941-cb65-4c12-8ac5-b399e280bb4b,568cf7a4-376f-4bb7-a9bc-2d34d7e37b32,560.02,2026-05-13 06:18:39.574687+00:00
85a37036-24a3-4329-82f5-b048e10c0a31,cf4eae1f-e972-437c-9ab7-473874f63127,1315.8,2026-04-10 04:02:28.560934+00:00
c1b8783a-acc6-4866-989b-4de94f2c1c16,0fcc4120-ba41-4681-bfdc-6efae5e57968,1206.58,2026-04-15 13:13:11.568019+00:00
9b877403-c086-451c-8207-5d724387291d,29281f65-d437-44db-b76c-61b90ec549d4,2346.61,2026-05-03 16:35:34.522531+00:00
e45bbfe6-c956-4a73-b5f4-6bc9ac5a5989,e128264b-598d-41e6-a04f-be0ffa76ff62,2188.79,2026-05-20 02:39:02.594103+00:00
bf0f6e0f-30d2-4c22-b860-23351a07ebd4,59c0cfc0-c5ce-4f45-a4b9-927d262642ee,1090.78,2026-05-14 13:34:28.215466+00:00
a1217558-1b4f-4e81-bc59-2ee818b1995e,edaa3eba-2c79-4af0-b3fe-87cb58ead2ee,882.74,2026-04-23 22:17:01.876497+00:00
3eee5fef-a62b-407b-b532-1b4edc53aac4,f7e9f7e3-06c1-45d0-9c38-e7343a135df0,3419.57,2026-05-01 00:06:23.750483+00:00
e95bf0bb-8cf3-4faa-be8e-11d4deb7d874,d6c85a55-3f68-4adf-a2cd-39982b26d197,1832.37,2026-05-19 06:16:22.296931+00:00
36d896a2-eb7e-4ca1-aeea-d772aacef2b8,1f8cedc5-c89b-43f4-a287-443c5ce39e32,3265.69,2026-05-21 17:13:41.849964+00:00
09ac5ffa-fe4a-4051-8540-08b56a95688b,bc694f0e-73f5-4349-83b2-dd2ea5cd4ad2,294.71,2026-05-21 02:02:40.055842+00:00
c88b48f8-beb7-4a2c-ab3d-1e4a08a6358d,68f94dc4-27cb-4b7e-bcb3-25a61bba8008,2112.18,2026-04-21 15:16:27.974887+00:00
99ab86f3-aaf3-4a66-a98e-8cf66c5b0b1d,d1c63249-3492-4ac3-88e4-815c4b3a9409,3139.41,2026-04-24 05:49:41.830486+00:00
bc0e6cc6-4e19-4c88-b8ef-1138e9290642,2e9cce50-1f6e-4e1f-be4f-8d2256d0a05b,1734.25,2026-05-26 16:57:06.781255+00:00
253964d2-97fc-4a22-96ca-461280fae05e,4d62aeee-29eb-4d0f-bbe9-5b1d7de37a6d,751.28,2026-05-17 02:18:45.048839+00:00
a8e979af-5cd8-4633-9bc1-a0721c1f7027,7565e7c8-51f5-442c-84a9-e8fcb9cda0ff,653.14,2026-05-28 03:47:27.120307+00:00
36bd5c5b-fa08-4881-993f-6d3a9a360c4b,1174de74-c578-4d3d-9f89-03e5d23d0395,1401.36,2026-05-04 08:31:25.529753+00:00
42e36457-9ae7-4724-a056-cc1382a102a6,4b6c6605-cf65-48c2-b9c5-42047b77998c,1202.39,2026-05-09 03:00:55.390642+00:00
239f5bbb-2ef2-4cb2-ac7a-cd43bd8d8725,01e3ebed-7bc4-4d05-86db-45a288d9fc13,1634.57,2026-05-09 11:40:05.102931+00:00
06414d1a-b35e-4677-b220-6ad7d8dd3fc1,9861a677-73bb-4403-9e8c-27985be7df9a,1385.13,2026-05-09 12:56:42.728220+00:00
7c7a9449-1df2-42b1-85f0-67be02c22f3f,7b3e3f2e-52fe-4c7c-8c44-e1bcf49ae2b6,2002.54,2026-05-20 04:17:09.970145+00:00
3ab417d9-000c-4e28-941b-1065225b95b2,a01e2616-503e-465f-a41c-d895af5328e1,1047.45,2026-04-12 06:07:13.140559+00:00
8ef8fb7d-4249-46d8-9fff-6b42c2e2c12a,aaa84016-e551-43dc-a59a-e4abd38b013b,1508.76,2026-04-24 04:55:27.761546+00:00
e3b0bbbd-6599-4d37-a004-abab450cb67c,9fb9123e-a68f-4af5-b5d9-260430bb480f,635.23,2026-05-07 13:56:26.129088+00:00
b0f64ea4-2ebc-435b-9b9c-9b4ee63ac9a3,17104cfe-591c-4124-a5ee-450843a15678,841.53,2026-05-28 07:46:46.385075+00:00
516ce0a5-ff81-4693-8d9f-ee542af5e990,0cf16600-2865-47ca-a7e2-c4a4c168af2b,794.96,2026-05-28 09:09:26.385409+00:00
e637218c-26a0-4e27-a122-25acbe2be5c0,2dedf0a4-1e01-495a-a88d-ab9c3d60ed5d,2483.95,2026-05-07 19:04:17.695395+00:00
ee4a53ed-35e6-44eb-8ca7-576139304e08,8e56e828-e3e4-49f2-97df-c8ab0751d41b,2196.11,2026-05-08 09:24:59.772299+00:00
7557e1da-0072-430e-a0b8-a21a84872512,3d1e8cae-3666-4ac9-a74c-8d905cacf728,1806.92,2026-03-17 05:56:49.477674+00:00
5d942a6c-b98e-46d2-95f2-6233ee526769,f26c7f5f-86b8-4fb2-a7fc-a3a60a5cb8d1,1002.25,2026-05-15 21:41:51.193544+00:00
8bed5cb5-3bc9-47e8-9c25-2f6cb6d3167e,9c3353a5-dca8-468c-9179-7d4e2367e690,1981.88,2026-05-27 02:34:13.940118+00:00
ad0e853c-7c88-4a17-b1b0-97e37f936895,d804c307-ab02-4218-9ae9-be543f865efa,3098.29,2026-04-27 17:16:00.973096+00:00
3c0872ed-a36f-4985-b78d-e81ad520ee49,592c09f0-5404-4f93-8ead-80c3d9d18761,803.18,2026-05-24 21:09:21.619839+00:00
427a3bb5-e900-47e5-9475-0194e41f0bea,da9af1a3-b4eb-4ad1-bdd8-412c4f2d59d7,451.62,2026-05-25 00:23:32.488398+00:00
56eae7a0-8c3d-4e5e-94f5-2a1507ac8b51,84b128e3-4cdd-44ef-ad13-ef7ee4f8e856,351.68,2026-05-25 09:14:29.015608+00:00
0ec45b94-53bf-49c5-9b54-dbf0a03ed30f,1d96f75a-f59c-48cf-a0a1-18bb07931d4e,272.12,2026-05-26 04:45:08.744002+00:00
a7720cf2-707e-4bd4-94a1-71f55af5dc9d,6cc78a54-5c5d-4362-bb23-f4a57821be1a,1034.1,2026-05-26 04:59:47.003995+00:00
c1fc98dd-49c3-4096-8686-b304ca95b66e,a4b2174f-b5d9-4711-88d4-075f1991d0c2,4299.4,2026-04-18 07:36:40.922311+00:00
c8dcf7ea-aa65-4e91-a72f-e64368624719,e72a369a-a23f-4359-97ff-1064a82d3fc5,10.0,2026-04-19 07:58:28.737147+00:00
7b19f66b-527e-4cab-8548-aa29bab54bc6,d374d3c9-68ea-41b4-91e5-2fa956b327b6,3608.11,2026-04-28 12:23:18.972508+00:00
6b97f070-6226-4326-814c-410b0e709550,03339fe6-9288-4d87-9248-e210f32cb310,2129.33,2026-04-29 22:01:46.829718+00:00
a27d1f51-aa1d-41b5-bad0-f126027828f9,f05f1f70-565b-40f4-80d8-07705a4028ed,1799.71,2026-05-06 16:16:02.665264+00:00
c7103db8-5a2c-4370-afa1-4814f16ab2d4,58536b43-d5db-4fca-9fa1-6b6dcc8a3430,853.11,2026-05-03 23:45:41.233222+00:00
beda6621-0ec1-41bd-9026-c4549fce901a,fd27e155-0224-4856-bef2-7e9a89b20062,540.79,2026-05-15 05:11:52.021031+00:00
aca1901b-1eb5-487b-b999-35b8189dfc96,acd049b4-87d1-4540-910c-ae74174d8b9f,2602.49,2026-05-28 22:37:33.208848+00:00
361ba475-824e-4e20-8985-0fa66e6ed208,05162cc6-73b3-4ff4-998b-fd914be46285,5934.62,2026-04-04 10:15:57.797967+00:00
0a7dc989-da4f-45ee-b2f3-4bab543f2a41,8f94ca6f-8726-4545-8c85-86669a97845c,3030.19,2026-04-08 11:22:16.098748+00:00
0c60b052-2f95-40f2-a3d6-4da6ab90aec6,052fa2bd-91ad-4be9-9afe-a4ea27ca3269,757.75,2026-04-14 05:58:04.948211+00:00
9d2dba3d-7e04-43ed-bcaa-483f6ec6b00d,bd36ad53-9d13-4b0d-b8c7-80272a4046c0,1356.69,2026-04-22 17:20:20.321960+00:00
7ee71756-f6fe-4950-8a8f-2294c54b5059,7fa8c260-f580-4360-bee9-638b7ee6e2ee,2584.85,2026-04-24 01:28:24.042959+00:00
c25b396f-1ac4-4f70-9ec6-54761b1811c9,bffc45a1-047d-47e2-9fc6-fd6f8163b4c7,1504.51,2026-04-25 04:12:27.107008+00:00
63a88a20-6215-43d4-8d1b-c2d44a817859,7c0cc9e2-b654-4b66-9e14-4b1b4d02e8e6,3109.12,2026-05-13 07:20:46.343125+00:00
62839fb5-6f2c-491a-bbda-5580c07157c6,5720854e-86f8-47c2-890b-bf218cb4b5ab,3773.77,2026-05-29 19:46:53.031007+00:00
7cc08a1f-adcd-4f94-8369-b80c161b616b,3246653a-93d8-425d-98ba-eb3c3b591a99,1372.53,2026-04-30 22:22:56.080023+00:00
dbb51334-ecdb-4c6b-b4f4-a43f4e437435,a50c999d-2617-4ff6-9459-d67984ca9254,4061.67,2026-05-07 04:27:31.037909+00:00
55955ae0-edda-4f63-a5f2-640332051ad6,233866cd-df00-40a1-8586-f0c78da10eba,3826.85,2026-05-09 22:49:04.710856+00:00
6eb391d0-5940-4dde-98b4-c8e3406a3d72,d3b4273b-7e30-4d27-b481-86b1f3f59371,1129.38,2026-05-25 09:04:01.500457+00:00
14b027c4-9ad6-465d-8d2d-7da4065e6e41,e531756f-a272-4354-b529-4cedff8332d3,3005.07,2026-05-26 02:28:04.240281+00:00
c25869e8-4fc8-467e-ad9f-df038a12a3d9,13de8a2c-c476-44bd-a7f5-ca2d5de4a05c,878.67,2026-03-30 17:43:43.146728+00:00
ef0385d1-f52e-4dd2-8833-f6022a97f981,ac8132c4-cb0b-420c-89a3-df10f0b8f1cf,916.34,2026-05-01 13:55:09.329849+00:00
bd7b6050-5fff-4e39-ba3d-d85a69ec15f2,7300d9ec-6947-41ab-9069-18354912d004,1705.29,2026-05-01 21:40:53.448467+00:00
15fb7d26-922a-435f-a74d-bc83731345ae,651a14c0-98a6-47dc-a8da-ff4c3d216f1d,1013.78,2026-04-07 18:52:33.976256+00:00
8798cf55-a34e-447e-af65-84b407a60fc4,d20acf41-f963-4d08-9ed7-3a790a31f9f2,1140.46,2026-04-28 22:33:46.541930+00:00
237a46dd-1945-4e38-974b-4cb62c0e0020,2d4de09d-35b0-4f53-8028-ec51624d6d58,1312.72,2026-05-04 08:16:17.397279+00:00
201ed8c9-9a12-4ff3-8340-2a31c735406b,2d5e0a99-289a-475a-ae20-610879e1fdcf,860.81,2026-05-07 03:32:57.701319+00:00
ea93e42c-b497-497d-ae6e-a470dfaa3f0d,4bb1b366-1e0e-43cb-884f-3803a8b9a766,886.6,2026-05-11 23:56:13.573128+00:00
a2fe2c76-af80-4b48-a7e8-2953d5fea9b3,0ba9c131-c68d-4284-9033-73915cfbe59d,6254.79,2026-03-15 02:25:03.963892+00:00
6829d2ff-e9dd-45dd-bc9b-0a39d8657d14,1c7f4ea3-811d-462e-89da-bd1b54967431,2841.72,2026-03-16 04:12:16.336669+00:00
609d8d69-a758-414f-a21a-6c1db2181a32,17b06d83-099f-453d-a13a-bcf8feca8920,6445.94,2026-03-16 06:48:08.772280+00:00
e6bbe70a-7a2c-49be-bbea-7fca8ff95dd9,394c9c6b-5f45-4b16-bc1f-d908a34846b9,5035.2,2026-03-16 07:29:37.733905+00:00
12d2baac-f587-4300-99f2-7a6102cbede9,3b0cc00f-927d-44b5-ade2-ca341aed3692,2256.31,2026-04-14 02:29:01.440187+00:00
6ceb48b7-4484-481f-ab58-c767b47b2445,160dd021-0b60-4d68-9278-30e8a23c07ba,682.22,2026-05-07 17:56:16.720679+00:00
95bf916a-af37-4fb5-890d-9dabaaeec592,780cb4b2-ac0a-4463-90ce-c62c2f4ae217,2136.62,2026-05-30 07:03:00.182875+00:00
a7b599a5-282d-45b5-ad78-7d0e87ffabdd,3e2b6c62-33cd-4be3-9b45-d49692f144b3,3635.4,2026-05-31 07:36:43.687470+00:00
e706cf21-9bfe-44fe-9f59-08c8a6aba88a,b6f476fa-ef93-4e63-a56d-56549f3aa1ba,3750.05,2026-05-29 18:39:26.028188+00:00
e296e958-51fb-4e12-aa57-08b518e82dc3,1c425656-283e-4c64-bdde-0f6765851e9e,4078.0,2026-05-29 20:59:30.582641+00:00
1e98a396-a523-41ce-aa85-caed8f099990,995b1c32-0626-47a8-8217-d3703d440caf,2576.87,2026-05-30 05:22:54.725951+00:00
04e813ec-eb92-43f0-9a55-9337a5f7d95a,a5bdf765-9b2e-4069-b997-152d651af18d,3628.45,2026-05-30 11:41:37.519889+00:00
4bae74e8-5a76-4c7a-89fb-93cf8b9fd117,0e622851-b0e2-4f46-bc23-5ffcfe95b857,4776.69,2026-05-30 15:17:42.046485+00:00
dcd0ec1f-995e-4fa8-ab7e-ddb2f0eb4fa1,9e87d488-3062-4756-815f-3fe4469235cf,2284.51,2026-05-28 17:04:42.106307+00:00
e1ab5ae8-4aef-4410-88ff-afafa399fad4,8c134488-f0c1-4636-962a-d75eeb7b49bc,2806.15,2026-05-28 22:18:13.215711+00:00
838f0478-cdd3-4ee1-99f2-71869b375676,44d5ede3-0026-461a-8a0e-472f87a48e28,1729.47,2026-05-29 09:14:45.275016+00:00
08c28b8b-8738-49d2-902f-975f4710481c,1e3ee6c2-1cf2-4f8a-8c28-be780a0ba6d6,1563.18,2026-05-29 13:48:07.071385+00:00
542d8efb-7e4b-417d-9198-27d0293e22e6,64bd91ba-ca10-4bed-90dc-38b637f08b76,1062.56,2026-05-30 00:27:38.536798+00:00
61594540-ed27-4017-93f5-78ee607af1b8,bbdc6140-37ea-4dde-8cf0-677607bfed1a,2979.94,2026-04-22 15:13:59.546817+00:00
6e63d35a-5830-431a-86fe-1a4e00838e4e,c5432bf8-26d7-4db4-859d-751bfe3bd502,10.0,2026-05-05 08:18:11.413269+00:00
2ce28fa5-0e8e-4e3d-a2e9-c67705992c10,a882e83b-2cea-435f-8efe-93945a4dfc48,10.0,2026-05-07 08:44:46.793387+00:00
ffbee426-e644-4d5d-8bb4-ef06d02716ee,9a7a631c-25d9-4850-b6f0-0ebb1566211c,3987.4,2026-05-13 00:20:36.852025+00:00
5b54d703-f0d6-4b4e-9838-d8402804269d,2dbcf16e-5834-48ac-af54-df47e14dce6e,2769.7,2026-04-11 03:30:41.281537+00:00
10a6ae18-2d98-4dcf-aafa-bc7856df0dcc,551ffd79-8d00-4f2a-ab15-6d97517af219,1785.49,2026-04-14 09:54:38.611657+00:00
1a00082d-f5dc-4652-944c-1c4317cf4ee1,1ad7a3ed-405e-4095-b6b6-128c60ac9bee,2350.37,2026-04-15 06:50:06.496413+00:00
5fc5548f-52b0-4df4-ae2e-e8b9d568ef52,22dca0f7-4dda-43e4-81ad-bd7a16f57732,1072.02,2026-04-29 07:35:23.274782+00:00
a113e2d1-f069-482f-9501-d48cbbbd142f,8c6a049d-dd78-48a1-9dac-8b2755a3312f,523.78,2026-05-12 01:11:39.475316+00:00
61919283-5d87-400a-9901-e56d13ae46a1,a47d2694-d50f-4da8-95a4-5e9e1292506b,2856.73,2026-05-13 14:12:29.246271+00:00
6d9d24ae-a932-4840-b806-933f849a1cc0,2d432daa-c637-4942-ab5b-d9d6a9aebdd4,2107.09,2026-05-31 15:04:33.139640+00:00
29e76c37-ca0b-4172-9765-80728a5ac5aa,f78ccbd3-07b0-480f-83f0-50c3f5d8eadc,3021.15,2026-04-30 06:24:28.198788+00:00
ff8d48d7-2e88-441f-8232-216136cadb79,f518058c-87dc-492d-8a00-b132ade13566,2948.49,2026-05-17 03:08:02.570125+00:00
5f4bdc6e-bc29-46fd-8222-9cc7bd738cd2,9bb0dcf6-dc8b-403b-9955-6166255248bf,2543.97,2026-04-25 16:46:53.536058+00:00
5d9d1afe-3b16-4900-afb4-4a902efc7963,f8131f05-b90e-4271-b928-948d524aee41,2693.54,2026-05-20 23:08:17.523385+00:00
6c49e798-3d01-4468-929b-0a0d06c221c1,17b37cd4-1987-4c0a-afea-e4899290064c,1538.79,2026-05-23 16:07:35.334377+00:00
175b7307-3b8e-4d4c-85dc-351ecf202eca,8c4261f1-2d77-43c3-aa18-2619ac38eade,1919.97,2026-05-24 20:48:55.328795+00:00
bfef56fc-0425-4918-bc4b-4fd88fec4a27,e35b5cd2-e4c6-4510-b307-437aa9c89962,1280.22,2026-05-25 04:00:57.232801+00:00
74e02840-3772-4ad6-8288-25dc780343ee,0aeef14b-6303-407b-b3a8-469d14599b46,609.63,2026-05-25 23:48:39.088853+00:00
123de869-de88-499a-bfb4-1024722a8a70,c45f6ca9-5fbd-4a17-a953-b134bbd8b168,4205.54,2026-05-22 15:14:45.721391+00:00
19813861-781e-4034-9773-64c802a53a6d,2af28b19-1d92-403b-b59f-49d6ba410415,3210.25,2026-05-26 23:38:56.436330+00:00
6ff58719-2a6a-4214-9b21-597990873ef4,5b391dc9-7aeb-4368-85a1-325f397246f4,2663.86,2026-05-30 08:28:38.285095+00:00
ce9c40a6-69bd-4f90-b1e0-1e5111aaff9f,a10573f6-9f07-4ee1-b8fc-3843113ac997,3559.29,2026-05-30 19:46:13.289222+00:00
a3e313d9-5a25-4d9d-b54e-cdf8bfe451fb,abb63e30-7be8-4327-8972-e1a822ad7e23,1772.31,2026-03-30 23:11:40.113642+00:00
769cd84a-9ff1-4596-b54f-1d0ab0106133,adec3e44-97f9-4d73-9e04-c51b6b0a27c8,3470.7,2026-04-08 09:25:56.405997+00:00
0627bb82-97c6-42e4-8192-8f199b65eadc,149dd7f4-884d-4304-aee4-fcc8e79cd343,1071.66,2026-04-18 02:10:49.974728+00:00
5c3bc7df-34e3-46e2-a9b7-ce14c98f6c79,a94a3352-5325-4516-a268-f472831a189f,1892.08,2026-04-19 11:59:50.498563+00:00
57aad47e-03a9-4962-b336-286cb095eef4,10c0c2ba-2ab2-4608-95ce-969957de6c09,2494.11,2026-05-31 13:17:42.267263+00:00
75f20a13-f3be-46c3-82cc-a051efdbebf6,55aeb1d4-dc93-4538-a4a7-8cd190dcc419,3492.61,2026-05-27 00:24:52.572262+00:00
a50cea08-8b60-451d-90af-94717de06b3c,8a6efda1-8cf3-4bac-9196-935689ea0d05,1280.93,2026-05-26 23:50:33.011955+00:00
edb93f9c-7aec-4bb8-bc6e-dfb61e025458,d19f20c5-9224-4574-aa55-ce00204e76ef,3134.32,2026-05-27 22:36:19.295385+00:00
e10fcb4b-98dd-4a75-a8ba-08b1e43e0371,c4f85528-1b1a-458b-a867-c74cbdef0ec4,1735.42,2026-05-30 23:00:37.982857+00:00
5e963141-6df6-4325-a031-a337f437fa51,31d932ea-4e08-4f01-89c9-1232ea5d4175,2051.61,2026-05-24 13:03:28.499585+00:00
8d61ccd8-35c1-4cd5-a2fd-89eb4135dd32,d8a0f170-b6ea-429f-8468-91d772605e62,586.37,2026-05-31 06:19:40.614771+00:00
48becaad-3782-4343-a5dc-fe3b8b5ad456,9a249bc5-2f73-4a2d-974c-86b615fab96b,1155.2,2026-05-31 08:57:34.038835+00:00
6ccd5150-a3a8-4f57-ab36-4467f3fbd881,018d7f9f-57b9-4f9a-94a9-aeb049fd7b0e,1681.92,2026-05-31 23:03:57.917654+00:00
93c7f235-4d8e-45ed-8d20-58ccaad95d23,01820423-2c12-48c0-87cc-77b7eb7fb8fa,932.94,2026-05-19 00:11:03.078868+00:00
9e3a40a2-d94b-40f6-8efd-35c1c7579706,007151f6-3a7c-4f9d-9e82-26a0ec88386c,320.72,2026-03-28 05:31:57.745402+00:00
a0c63bf3-e93a-42e1-8e73-262a4dcf76ae,a2e9b3d7-2144-4436-b6dd-3cb78272106d,5636.83,2026-04-12 09:53:41.664151+00:00
8e6a77ec-e5f9-4705-9530-87f87580326b,9e6e5a6d-caa6-46f4-966f-21d8f7de9e61,2214.44,2026-04-12 20:08:55.929735+00:00
121813af-d1bf-4420-83a8-51fec724daa9,e57679df-dc98-4fb3-b79e-07a1bee9a064,965.47,2026-05-16 03:00:14.800472+00:00
a1a197d5-3692-409d-bf59-79c623eb55b5,f750105a-47bb-40b4-88fa-a2f50ffc00ca,2957.23,2026-05-31 10:17:47.481809+00:00
fd9f818d-088b-4256-84e1-71f7a3781347,0518931c-e644-4ed6-ad36-74dcd3f88867,1213.34,2026-05-25 22:22:55.284899+00:00
be0a1ad0-e29b-4597-aa94-cfe825460837,902dea08-ce98-4796-b0b8-342674c3f676,637.16,2026-05-24 12:39:02.157709+00:00
828527ca-f8f9-4c7c-83cc-654968c5ad80,60dcba31-373f-4cf2-aad0-6473fef98f0c,359.24,2026-05-26 19:28:16.991638+00:00
306e2227-319f-46a6-acec-e46cc3360a7e,553b9280-95c4-4d21-8c11-a1635fe940e6,410.06,2026-05-27 08:34:34.478484+00:00
7071ea8b-ba6c-44e4-b919-ec7aa2861a2a,33c764d5-3f08-4e92-9525-20ae71ca058e,2385.66,2026-05-07 00:35:11.363864+00:00
e37d14eb-bf44-4ad3-914b-c3279e915519,f6a0d234-3678-49e9-9306-2dc1b0a32cff,1014.92,2026-05-11 09:13:35.990818+00:00
bb750636-6270-471d-bd01-028389640062,e95ab9e7-c518-4699-b9bc-661e5cd40f04,318.01,2026-04-23 10:16:38.734510+00:00
222316c3-4e9b-498e-bbb9-bc17dc8c26ef,7acb0247-8750-48ac-85ce-7d6a7dcb6786,1072.18,2026-04-23 11:42:24.711686+00:00
784c826c-0ff9-4bf9-a586-f7c4e531e22f,f4999d69-4d34-4110-82ea-db95c6127fee,108.28,2026-04-24 04:45:48.094509+00:00
b1cccf82-60fe-4e69-ae67-9f4b730e3b97,ef644201-eba4-4377-ac87-48471da2313d,2204.61,2026-04-25 22:43:32.407227+00:00
fa6aa4a8-acec-4dd7-8607-eb632894a4e0,4453f5d8-94ba-483c-b1b6-840c97e7e9ea,2936.83,2026-05-16 13:04:52.746809+00:00
08d52173-03e1-4aab-86b6-46495d547a3a,84892493-500f-482d-b7c2-21f6acc3c167,457.34,2026-05-27 17:35:20.816021+00:00
eb7d7aaf-bbca-4f3b-8f91-54bc5e46dd5e,11ab3210-de97-4ba0-adea-f0005747ce58,2226.24,2026-05-27 01:42:36.160856+00:00
e0437235-460f-4594-b289-b322cef878eb,89522234-6502-4901-8796-85935bb41a54,3064.08,2026-05-28 08:23:56.342929+00:00
909ee760-c07f-4899-b77b-139680e92f85,c157b4bb-31ba-4441-9166-d0cfffd6916d,1991.79,2026-05-29 18:44:36.130967+00:00
d5a4e9d5-9d93-4752-9a40-b4441356496a,31bc3b2d-a1be-497f-94ba-f0fd3c28a8e8,4137.15,2026-05-31 01:47:48.020497+00:00
1bf9f362-16d5-49c0-9730-ed393039e026,c68a2a73-547d-484e-ad55-771288491e88,10.0,2026-05-31 17:07:06.085021+00:00
96f55f74-a39a-4b8c-9cad-bcfd4f7c14c1,535065ab-e7d1-4d9f-afc6-1f9a6fda9b48,1655.83,2026-05-12 22:24:38.596090+00:00
9362562d-d73d-45ed-aed4-a17d7665f3d8,b046a920-8e46-4f69-97fd-9fdf87360710,801.38,2026-05-13 03:19:48.219470+00:00
bae8b22d-d4f6-45a5-b513-4cba4008d5dd,7d0b25df-88f0-4f98-8757-702be384e396,1338.67,2026-05-13 03:23:57.148318+00:00
716eba29-929d-4d77-a648-51fa66d42fc0,91b12753-6e8f-40ab-924a-ebb34dbe8069,918.03,2026-03-27 06:35:23.681525+00:00
efbd0e7c-77bb-4eca-b7c1-1eafa280079a,37bfdaa8-96ed-43bb-9c20-192c1cd94872,2515.89,2026-04-16 20:07:38.295859+00:00
14444f83-4c8a-4850-945d-6623b9884239,b698d8a0-5ca0-4731-8a91-0ca823e2e2be,3023.57,2026-04-27 11:22:50.538383+00:00
10bac058-f985-425d-a2a9-c0c0fd2d4fbd,891350d7-f791-4a04-b94e-7f9b99b2672c,3090.54,2026-05-15 11:47:24.726695+00:00
bf30dea1-fd4c-499a-b1e3-70a9acfb6236,e2402a18-0890-4056-b06b-f15c6bdf9801,4189.91,2026-05-26 16:04:16.582041+00:00
53896f70-c402-4533-9224-92247c5e1528,d89f6c95-a652-4b9c-9672-3b3fd86f0881,3734.05,2026-05-07 15:11:30.020699+00:00
71222335-23ad-4700-b542-f259df05d0b5,b58be301-7dc4-43fa-a5ec-c62ae191a85a,1414.85,2026-05-11 21:00:55.128942+00:00
95e8a93a-5c57-4c60-88e9-5647dc9b11e6,1f4f8443-db5f-4170-a415-016000fd59f5,1992.36,2026-05-12 23:40:24.197432+00:00
bf612c24-bc9e-4fa9-ba97-85834a3e6c02,02ad016d-41e7-4ff6-8f39-7bf7b9493407,6505.46,2026-05-20 10:28:53.851847+00:00
e42c7f3f-f64e-4346-8c15-f9934e0af6b9,80848eb4-44a7-4119-9265-ea9c2fbaf6d3,1917.51,2026-05-22 05:19:43.293651+00:00
d8dbf55b-3db4-40ac-be82-fcd3eac55b60,a52b5d49-6acb-4a41-badd-ec174561cfe0,4720.41,2026-05-31 20:20:42.935910+00:00
77f90c8c-408a-4cbc-b1c7-926b3f6a5539,5eb12f63-c770-41e4-8153-6d1c77450d14,2863.94,2026-04-14 01:28:11.625546+00:00
c18bff89-9540-4372-b9ce-e14d24a13ecf,c476240a-f861-4796-8700-d951c188467e,4670.01,2026-04-26 12:17:24.376368+00:00
7f61aa08-c5a4-4bec-97e4-02327c1ffb86,d0a8cb1a-4944-478a-9710-64c6461c3c50,1507.63,2026-05-10 18:35:19.785582+00:00
8ef6353c-9d92-426d-baa2-96c8882212fd,60e7f32c-12d2-41fd-8139-eabcc1a13922,3013.89,2026-05-10 20:02:48.601195+00:00
c79210c7-4018-42c1-bc7d-4a164808a82e,15bf47f9-2064-4c13-93f3-0c681cbdc911,3196.93,2026-04-23 00:56:23.615006+00:00
248b2b86-ece4-4bc4-bbd4-5f21eb8a7945,fc9ccd39-c7aa-483e-8542-f0674bf113d5,4773.59,2026-05-05 21:02:30.423359+00:00
9b0c16ff-5a0c-4fb3-a3ec-840b65b504bd,735a7799-63cf-48ad-855e-cb8f6d154f24,5826.77,2026-05-10 01:01:58.395354+00:00
393d674a-9e6d-4211-9ab3-84a2f642516c,ad5ac1ec-006f-4a86-8bbe-125d316bb279,3256.0,2026-05-16 13:55:35.951830+00:00
2545c357-43fc-4940-b8bd-2de7b8ea4c5d,00ed9189-65ff-480d-8f10-c91f71c581c7,3310.99,2026-05-27 17:42:50.370238+00:00
848264e6-0068-4b52-87f8-39346d677558,5cbae9b9-ea1b-407a-b6ca-1106aea3059f,10.0,2026-05-31 01:17:30.183018+00:00
f0917243-eb19-4db4-8847-07474f832fb9,33de190d-6b9b-4695-93c7-59c09e9cad19,1481.6,2026-05-31 17:05:26.163584+00:00
df291513-323b-440b-a875-678d95919cc9,e39dbc61-cbec-45f5-907c-f5f0533520bf,905.31,2026-03-10 13:43:09.947472+00:00
dd03baf6-8aa1-4cc7-954d-692c4ac10ecc,004e3413-0322-4054-9392-71febcc1d1f6,634.32,2026-03-16 23:50:53.982026+00:00
1994a37d-c12f-456c-92cd-7fcc05bfd74d,9b946181-6c5b-4c63-9949-69fa976296bf,1205.49,2026-04-08 05:44:53.496278+00:00
444bf6ac-8770-4fbf-9d6d-736ae4ee8d20,7393872f-7ed0-4198-9dcc-af6c22c440fc,1704.37,2026-04-16 07:46:31.931968+00:00
4917a4a1-6abc-4962-b8f6-772c3c728f0e,49f7b693-1b21-4f9d-a590-0d7c2bba5e70,3809.76,2026-05-13 00:59:40.316477+00:00
5f462504-8f5f-4af1-ad37-3d1e76b7e1c2,2e5e5389-d45e-46e5-bfbb-e87876b6e878,2289.81,2026-04-21 17:16:58.893491+00:00
23f6e79d-c8e8-47f6-95e9-29e35f3941bc,67b12398-731a-4441-bf18-f7511a33eed3,3291.18,2026-05-12 04:27:16.567808+00:00
db7c5dae-3abe-4013-a35a-4ac2aad0eaf0,9f0a335b-da9e-4ab8-a9f9-b3e5c7a515cf,1853.2,2026-03-15 13:29:14.968798+00:00
3ae496d6-11c0-4eff-af7c-2a135057e214,ee518682-360c-4101-9790-c58a075d0edb,2085.18,2026-04-16 08:27:45.478343+00:00
b4f811b7-db78-4d74-bc65-d237bf1df9fd,bef9f333-2c0c-4896-ad0c-5f3a59cef8af,2623.5,2026-05-11 20:13:12.320340+00:00
3bdceb06-3b29-482e-99a6-ea1ab631df15,31806052-7e74-4e88-80a2-26446c6349cb,1575.8,2026-05-15 14:05:34.969782+00:00
1b81f8d9-a6d9-486c-a38a-95baadc85e74,c0df4da2-8b01-45b2-9f09-1d7870e6b25b,1796.54,2026-05-18 22:57:11.005247+00:00
a05e1ce0-801d-4469-b187-893f14bc194c,217c4c5a-296d-4499-bcb3-d4959133a58b,5026.1,2026-04-13 15:40:37.138520+00:00
987e0da8-67a0-4680-a755-3b495fbda467,bfe17d30-a7cc-49ad-86d9-ad8733570c85,4307.84,2026-03-12 04:05:31.393888+00:00
ca69b1ea-bd66-45c5-a5b9-9062232f5a1a,5094ad20-54dd-46a0-a9f2-0d31e57265c0,2086.32,2026-03-16 21:52:21.096792+00:00
dc2fcc12-e915-42bb-97af-bdb66366e3d8,a0e938a3-8869-4618-bb00-24a52950853e,3381.8,2026-04-18 17:35:57.920194+00:00
61799bfe-cc92-44b7-853a-2ad485e6f932,09bb53e8-bf85-4d96-b56f-98504f419cad,5119.44,2026-04-21 20:39:53.699361+00:00
1768ab79-fe17-4998-9096-f58f16a4581d,f87948ee-e307-4452-926c-4d2c7bf25f46,4305.29,2026-05-13 02:00:10.303694+00:00
de8d1126-3d4d-477b-8460-3d85b35d744a,144080f0-a858-4963-a71b-a3f504c05b98,3216.15,2026-04-28 09:50:31.544926+00:00
978c8c3c-7bfa-4904-a8fa-c4ad99233cdd,9ba42f76-a412-472d-a057-17068968ce53,2286.41,2026-05-04 20:37:49.811999+00:00
eafe75eb-e5a7-44d5-9689-b2e23c4e794f,5a01659b-76a0-4848-abff-7f2c2e5553c0,593.73,2026-05-27 02:23:27.591399+00:00
88a30882-4c82-4b39-99a8-a47272e139e0,22fbe9db-5df9-483d-a7e1-2100fc746bd7,1391.48,2026-05-22 04:45:43.718320+00:00
a2811769-cc2c-4e5d-a93f-3e17b8dee3f2,16d171d4-7d49-48a8-9a8a-0065acbc5125,2653.93,2026-05-28 10:21:44.075850+00:00
edee8ae3-923d-4357-bf09-e952b9d1c3f3,7499310a-a109-47d8-b7d7-794b347e03e0,359.77,2026-03-28 14:07:42.353270+00:00
9010d3d8-9e99-45b9-97a3-4db329c7a3a9,f22bcd23-352d-4a8c-b0af-1cd83b6e2f62,653.95,2026-04-03 16:36:46.840723+00:00
21b97551-d360-408c-9dad-d8d8609c350b,b270e383-946c-4dce-a30a-9aeb2e0dcfd7,463.89,2026-04-30 14:26:08.798814+00:00
b6b56f1b-7936-4800-a542-fd6a291b1e35,5f28f927-96c2-4a31-9a4b-e8d8c9b37d0c,841.89,2026-05-16 02:30:28.153145+00:00
558cb2c3-1dcb-4dbe-b48f-80a806b0fd29,867ea075-cb0d-443e-bb33-6fb2d2ad4ee7,1528.23,2026-05-15 06:04:02.877690+00:00
e6afbffb-60f4-46e1-9c75-a14737ecf093,9884bf2d-b9d2-42d0-8ae6-55fb94080795,1176.34,2026-05-20 08:55:32.862069+00:00
d8bdb7de-bc14-4f59-8134-a27792bf7f9a,90a712ba-b067-4c1a-8f01-81f1b82c11a0,1985.14,2026-05-21 22:04:35.395820+00:00
a8d0a847-e48c-4189-b9f2-2672b3ab1604,588c36b2-a619-4daa-ae48-80e80937379e,3063.53,2026-05-23 23:35:25.186144+00:00
9c7364fa-b0b9-47f9-8c5d-f3e1b32a35b5,e3a3786c-612b-4e43-bc95-0f2cab4fb44c,1948.69,2026-05-25 03:22:40.847052+00:00
197b02a2-70e9-464f-8384-d8844b68c9b8,d82f720f-c03b-4e72-a07e-93dde2556081,3134.07,2026-05-11 16:16:49.560159+00:00
02062a5b-172f-46a2-9655-f22c005a7c76,87177ba0-2f02-4bf0-b74d-8c34b4016a98,2513.5,2026-05-27 20:34:40.869398+00:00
d23f0412-1292-41d0-a11d-04a957fdded7,17d7b31a-b50b-41be-b5ed-f96964498810,1476.89,2026-04-24 17:18:27.181189+00:00
186ed8bd-147b-4395-a4eb-dad3f7db0e81,d8a14026-676e-43cb-8bdb-49c8da175d75,201.24,2026-05-05 20:10:29.073105+00:00
f89c19f7-4e51-4f82-ad7b-b181227de286,993d37b4-fb36-4008-85e6-8f1f796e51f8,1646.58,2026-05-18 03:29:01.245790+00:00
63be7996-5367-4193-8c82-0a41010b3d70,46e657c8-2bfa-4fdb-bab8-71070e348a4c,3345.31,2026-05-19 22:39:23.588786+00:00
bcaa1faa-318f-42a4-9bca-bd62127687b9,43504e71-e33a-49d9-a52c-579cd02f1b65,1036.71,2026-03-26 17:15:19.739698+00:00
83325ce5-3cb6-4b3f-91c3-e864bb68fcce,825e564c-d03c-4463-a1a1-7350c1ec7d0c,2043.91,2026-04-21 15:54:42.890999+00:00
e6e7b110-9408-4a65-b04a-78a80f4db9d6,bcb4faab-8481-41de-8aef-1b646685377a,1180.68,2026-05-01 17:36:26.610001+00:00
b95afa83-85bc-4ad4-8c55-625bd0bcf622,270a2104-2012-4dbf-b107-d150c3c72b8d,2413.42,2026-04-13 20:53:28.903366+00:00
efe6a4b1-d29c-4db7-8368-ffd166bbb99a,68c76cd6-328c-4eb5-a0c1-a6fda33c4cf2,2266.93,2026-04-21 00:59:25.871639+00:00
7a591f92-80b9-4b08-bcf6-92861764a18f,0eb09cdf-09c9-4f10-bcba-192fb4ed998c,2078.97,2026-05-19 21:52:14.407692+00:00
a94aa207-aa45-431d-82f4-b589b81fbe3e,795b37b7-de6c-43b6-9caa-e6284da8d6a5,2390.19,2026-05-28 07:25:21.555952+00:00
4df15017-f558-44a6-8e96-96759a563e13,d849d701-d287-4b95-9772-9d18bee1001b,4156.71,2026-04-01 03:16:37.280398+00:00
5db81ea7-e885-47f6-905d-5404d2ddd254,f269a8b9-4338-4711-aa90-9f4862bc02e6,3774.74,2026-04-05 21:15:11.443960+00:00
bb707f3a-ba2a-4d4b-818b-9a042f4b3cd5,734d78ff-9ef7-413b-887f-c314e9dd6540,1116.8,2026-04-07 12:15:23.175168+00:00
ccee9a88-7bfe-4a3c-9b49-5be65bde582a,eca3f3fd-6133-426f-8de0-6a558ebfc4c4,2043.23,2026-04-30 13:53:37.206141+00:00
48c5fb20-2d62-4b23-86aa-9a5f9c8e32ba,2919bc81-1fdf-4e2b-a527-bfabca818bfa,4092.19,2026-05-26 17:17:57.432676+00:00
9be8db1c-5424-4204-918b-57bf33f61d16,b5d82a9c-9a47-4035-bf08-5e575f979bad,2889.28,2026-05-28 01:04:52.241028+00:00
722f404e-db5b-42e9-b365-06cdc55aede7,79b50683-25df-4baa-b2cf-e3123aadac60,1947.7,2026-05-31 21:26:57.209244+00:00
3da32443-f4cf-4cfb-9ce2-b567e785a456,273f1d46-839a-4a97-8586-3c9de76b2108,4017.7,2026-05-23 13:51:38.660317+00:00
246fa5ed-20a3-46db-8773-b0a51072c8b8,4420aac7-3050-437d-9779-d7e64330d0af,1168.94,2026-05-19 17:20:07.284283+00:00
c36d3543-c11b-4255-84dd-a31c7f840a96,c9ccda71-b987-41dc-bf60-9c657521d1ed,543.81,2026-05-31 11:03:11.213105+00:00
c4435129-04dc-429d-bc88-6a49661859ba,f593ca42-bb06-4254-8f53-fa805e7215bd,2463.22,2026-05-01 15:30:24.387659+00:00
877f2659-9c0b-47c4-ade1-c299f436d1fd,6cce7aa9-02a1-4969-9f2f-9d098ef610ba,400.96,2026-05-28 01:33:12.197099+00:00
3153fa30-c040-4df5-b93f-9941a9879d98,21affa12-e74d-43e2-bd83-97b401d3c7e2,939.25,2026-05-28 09:33:14.301532+00:00
dffb9273-18b4-40b2-9411-b79360bb4f9a,b5b503f9-b906-4156-839f-e68f7e6f597a,287.58,2026-05-29 03:39:40.558957+00:00
04c98e77-95c4-4745-bd05-874a6a2776ba,078e745a-a6a8-46dc-8a9d-4ca63c6ec43b,10.0,2026-05-30 08:00:09.075241+00:00
307d51fc-ae55-4e12-a238-549833ed1c9e,35b5a5e1-61ae-4853-922e-07124456a6fe,2662.7,2026-05-31 09:38:10.413638+00:00
afd3270d-ef3f-4953-9e3c-a1ba08328029,6e8e187c-ac68-4239-aaff-8cc09f514a60,1870.52,2026-04-24 00:07:46.932863+00:00
96e23ddf-87ea-43b4-859f-dfe30017e6f7,84d7dee0-9f0b-47d0-a71d-9e1afcc9f710,6747.51,2026-03-29 14:11:29.345213+00:00
0602c2dd-ee0d-4cb6-9518-a79a263a61d3,243eae02-c8bf-4fb8-8e7c-f77230c7f7cd,5496.83,2026-04-03 20:34:37.930409+00:00
423df6c5-7879-49ac-b8b9-d46734e795e8,1b9164a7-ee04-4c3c-9411-dff8da9a9abe,4602.58,2026-04-18 22:09:30.451645+00:00
931bd13d-c1e9-468a-ab93-7383d202a99b,75aed7c4-48ac-4831-9f84-bcca06ecad5c,7427.87,2026-05-07 18:05:40.330950+00:00
795d8b08-580c-402d-8207-61ec2db72202,f571833a-f3c6-45d8-8727-85d7ba4607ca,3061.61,2026-05-23 20:50:36.960944+00:00
e43603c0-4561-4723-ae42-6a4b50a4fb66,1e7f6f74-9286-45d1-b0c5-033dbc05ee52,4305.4,2026-03-26 23:02:32.901841+00:00
7f546b64-93a0-42c9-b80e-19309105bd79,5467e1b4-1080-4394-a101-54390ca2f9dd,4338.95,2026-03-29 10:42:17.954252+00:00
6a66510c-b6e7-4dc4-8404-befefdd092b9,c0b961f2-a53a-4b62-bcee-69264d1cff8c,2731.98,2026-04-26 12:44:08.277381+00:00
c2247aa7-6507-4040-bd79-5dd24b64d588,00f67ff1-db95-4db2-928e-a3b365582c5d,3098.08,2026-05-01 05:50:57.685126+00:00
3faced35-5976-4813-8a9f-61d52d95877a,52f83a9f-d17e-4ff6-8428-91752673d60b,3250.12,2026-05-10 20:45:22.835555+00:00
5c5aae78-8c59-42d0-863a-56ead1b8e826,9939d5eb-d918-43a7-aa16-62936ae93e22,3018.97,2026-05-23 06:38:13.923889+00:00
be96209c-ed65-48f7-8687-cbfd68746af9,e6ae38c5-0ea3-4657-ba43-3073e6a5183e,1213.45,2026-05-07 10:27:47.836711+00:00
271d1cee-56c2-43f4-8273-dc34656096ac,f74780b9-e649-4590-b883-87ca2a4ed764,1513.29,2026-04-05 13:08:16.448343+00:00
0eca8164-6f89-448a-a689-35a656ca7df9,f1e240a8-c68d-4057-add5-d624094f89a9,3674.69,2026-04-14 23:39:18.738194+00:00
b35e5c26-0860-4fe5-835c-a3594d0c9d3d,c2046c93-4464-4c0b-a40d-72d06358cf8c,1955.37,2026-05-06 13:08:03.523040+00:00
c008ce9b-f0d1-4254-a148-ee0b3efb9034,cc421abb-c75b-456d-8a34-c5aae326f963,956.52,2026-05-24 23:43:07.637107+00:00
4ff9c29e-b9b2-4795-8eb6-433728be15c5,fb5bb81f-320f-4144-84f1-fae26c4e2703,2000.23,2026-05-13 05:24:25.231612+00:00
a88d9d55-9fe3-41e5-af07-53b4422cf5a5,26ba02e3-0347-42d3-9605-968b7c6cc702,4267.64,2026-05-13 15:05:45.071011+00:00
ac0241ae-0282-4a4c-833a-18636ce294ac,e34d6e9f-6ff7-479c-b271-fa8e08ca9ead,1541.86,2026-05-17 01:40:45.710711+00:00
5c271188-3ea6-4fc8-8c47-c2c5da17bbf4,cc710f0d-1b95-4e9f-923e-8d9245e40701,2726.12,2026-05-23 02:07:51.247877+00:00
2f6a3660-7654-49de-85d9-67224ef4af49,43b0398f-d16a-4ba5-a89b-1a09cfb8e56d,4053.58,2026-05-26 12:53:13.853233+00:00
95739175-ca18-4679-990a-11be723d9337,6e3f3d4f-d92b-405e-816f-6d50af6e342f,3393.75,2026-04-10 10:38:48.487828+00:00
32f7a4e8-7f1a-4d2f-8275-c01972b64322,d2ab86b5-1ec7-466c-9bd7-1a90060fc9b6,2414.17,2026-05-10 23:43:35.785394+00:00
60010b9e-fbfc-40f7-b64a-fea03404d392,63326353-b305-4184-953f-1460eb621bdf,815.16,2026-05-17 21:00:19.510465+00:00
43eea381-3d06-483c-a6bd-c217fa82f771,2108c4f9-ed97-45e7-8e6a-169189a1abb8,10.0,2026-05-23 07:14:47.595788+00:00
f3bc61cd-eb85-4c55-a7c4-73579b29f2f6,ea3ef3c6-5c7d-4209-8540-8228ce6f72ea,2633.42,2026-04-20 16:12:54.713238+00:00
b56bed0d-d435-4d3e-960b-b1e2027f3bd9,f5bdd0e9-cf7d-4324-9cf3-cbe78972398d,2989.99,2026-05-28 08:47:57.224140+00:00
8e0b2dbd-c36e-43a0-b89b-3953ef8f93d9,ba74d4b5-2577-421c-923c-b4f383e566c1,4305.37,2026-05-30 16:48:36.952509+00:00
7eebaf63-ce10-478a-998c-0bcfa1d0493f,76ad83ec-d3d6-4ca5-a83e-99b846def3f6,2129.58,2026-05-19 15:13:50.390605+00:00
79cde691-d32e-43a8-81cc-e47c3e804758,8c8148ac-74d8-4e0d-8ef9-08529431d2e2,2275.13,2026-05-26 20:42:14.253296+00:00
d14a7bc1-99f1-4311-bc06-649d5355825d,8cb71c9f-9346-4fdd-bd23-414a38fdc96f,1844.85,2026-05-19 17:52:18.205033+00:00
2e155124-c94e-4c81-bf1a-a1f86e21d1f1,08cbdc5e-29ba-400d-a46c-77ecdb5be004,543.8,2026-05-23 16:43:25.332583+00:00
8ae013e3-0af5-4b41-be3b-d66ab1543fe2,c8d28f1c-b45f-4538-b276-51472fc5b70f,4805.91,2026-05-13 10:38:49.755097+00:00
d918912e-5c6a-4af1-9638-c79ff6dee21f,4c40e57f-9775-4c39-a376-480c55585624,3191.97,2026-05-03 23:44:26.460719+00:00
2c778645-043c-48e2-b41e-2452ef17202f,c9af4f49-27b9-4d4d-a33a-d55b244d037b,2656.55,2026-05-19 14:08:04.512230+00:00
e23c2634-cad4-47ea-b208-5784150e13ff,0b585ac1-864e-4f76-b5ae-c24473e3bd49,3420.68,2026-05-22 08:12:55.172594+00:00
40e2358e-248e-41e7-9f56-68eddbf71cb4,652aa6f3-a935-44d2-99dd-c37259e8659e,572.87,2026-05-25 11:31:22.398835+00:00
820848b9-3808-42a4-98b1-8705f9a0a3a2,1d3ff6bc-94be-418b-8a2a-12438ff5473a,1713.36,2026-05-26 17:53:16.770108+00:00
3622e49f-93cd-44df-b3a1-5d1adc6be821,de93f4ef-16f6-4fb3-b7e3-86246089c6e0,353.53,2026-05-27 14:46:21.823250+00:00
eb344bcc-f1ad-4372-8788-e8dd6b671a49,c4bda563-e318-435e-b177-24df860c8cdb,1551.3,2026-05-28 08:02:47.816458+00:00
0f8095b4-c85b-4fc6-940f-5f60cecbe3c5,e4d37791-fee4-4f62-9041-7ff175128914,1897.79,2026-05-14 01:22:21.276629+00:00
b0dd1e8b-34bd-4903-bad2-26048fa63e4c,ef2dd5f8-edca-4c60-8ce5-6dac14d28026,144.26,2026-05-21 18:49:21.785381+00:00
9a707875-1e76-4782-97f2-22416dadb258,fe764ade-a331-4c22-ad6a-4d4bae0d5a08,1396.93,2026-04-04 22:22:00.896963+00:00
fdcfa73b-18c8-403f-a036-2c981a3503fe,7bafaf76-75eb-4f72-a9d6-ab5210594649,1341.91,2026-04-17 22:12:39.973896+00:00
63dec042-13a7-4957-b6e9-f6f6cdf99c8f,36d0ecc3-ed12-4b78-a2d4-ddcb6194c380,1307.21,2026-04-25 09:55:11.750144+00:00
15f095dd-378d-4930-a9dc-53ae7e46a5cf,0990bd94-7a48-43fb-8159-5e11812083c9,1228.46,2026-05-15 14:51:18.696307+00:00
56ab6b19-f0a7-45ba-a757-9e3fcd18bf42,6938cd23-d60b-4c1e-8b8e-89ec9b7c1cb5,259.15,2026-04-04 10:28:06.655208+00:00
4f4ced54-e1c5-4393-aba5-c7e3f5405f6e,dd556c57-94dd-4c06-a44d-5dffa9ece184,700.92,2026-05-22 02:33:49.898726+00:00
c9790017-6ca0-4606-bed2-0e4d183fb992,99905a94-64f1-4537-85ae-89c102ea8f92,3122.34,2026-05-02 02:15:24.737012+00:00
e8e38034-253c-46df-83b4-0b8d754ea59b,62d3de5f-dfc2-4158-990b-8cb72e458aca,852.77,2026-05-26 10:59:12.571567+00:00
9ad7640e-a615-4246-a0cb-cf5aa4fae0af,88d778cb-1e6a-419b-8fe6-7881a316243c,4998.1,2026-05-06 12:46:33.912226+00:00
2046383a-72e6-460a-a2de-80487ae34762,1b02d6c4-2dfd-492b-b93c-39160ac901da,6598.53,2026-05-17 12:51:47.871466+00:00
ce68eeec-e344-45dd-a8d7-c83e623f7b67,842a3678-b10a-45d1-b19e-3e3fa1709152,46.93,2026-05-31 10:35:51.680353+00:00
a68635aa-658f-4a81-9909-f875ca471241,a8ca72b3-3e63-47f4-a4a0-4441e7652c08,882.33,2026-05-31 11:21:56.557959+00:00
a44bada9-730d-4f7b-b2e1-4ae101048b91,ca50b777-4bce-4c31-bff0-7400a5f6a5c5,965.82,2026-05-31 15:29:29.403347+00:00
82d9e5f8-20bc-4c49-8aaf-a023c5033b52,a51d5d20-b2e3-4885-89c9-9b021b64ef16,584.18,2026-05-31 16:36:16.822425+00:00
037e0b8b-b675-48b1-8545-8e2374faabd4,65f8fc19-eba5-45c7-9fc0-61df05eb1173,646.04,2026-05-31 17:29:29.217346+00:00
27c648d4-52ac-4677-b43e-fb42e9f25ed9,df386468-5f7e-46ab-b0b2-8f45f0038109,104.18,2026-05-25 03:09:14.915271+00:00
cbebaab0-bf18-4c15-a921-8a02575a7f67,206c602a-5d28-405c-ba7e-99e8b2e57aa7,150.51,2026-05-26 02:06:26.477624+00:00
1970862a-98c2-4914-aa03-1a12fd71ecaf,ef6a781f-1c6c-4bb0-a2a3-05829fbcd06b,935.75,2026-05-26 03:46:24.268292+00:00
ef323538-06fa-4d7b-93f8-68fabcbab5c7,21ad1099-9d65-40ff-9ec8-764178f86e14,947.59,2026-05-26 10:38:24.232419+00:00
504e9036-0e87-46fa-a1f7-3791b432d210,7c676d2b-ada6-4eb4-a9ac-cb24aa166073,2050.08,2026-05-31 07:50:57.839861+00:00
cfb2f155-022c-48ec-bb1b-b10b1c6b8fff,b2b45c6c-0f50-4f38-a38e-323892b5fc65,6031.8,2026-04-24 05:38:24.161243+00:00
f0991ca6-497d-43aa-b87a-afdc7af64035,8785f18a-6437-4f72-a09f-c817e9a8c31f,1572.87,2026-05-31 12:35:37.959954+00:00
4ddd3ab9-e377-4ab8-bb16-e6bfa1bdc638,ea867f9c-6eab-45b2-abd3-9c2e3f79d575,4442.78,2026-05-31 21:20:22.026859+00:00
6195a468-e040-42cf-b33a-ed940fc9ed42,59a96f04-9886-4f79-86bb-7a22d9c1452d,10.0,2026-05-26 10:26:49.126022+00:00
ad16d8af-decf-439f-b439-f6ea442c1d51,dc1062d7-135c-418d-8058-dee72c56d3c1,322.92,2026-05-29 15:56:08.285918+00:00
284c86d6-ab25-4759-a982-fd312b2e393b,d50d8909-a1d3-4440-a034-b9dc8a371e3b,407.84,2026-05-31 00:34:27.013819+00:00
dc75b319-0480-4d69-b595-aad38636e017,c71f5c6d-8347-462b-8f44-9b67cea4f478,987.7,2026-05-31 18:12:04.672385+00:00
f6d305cc-bec2-4224-a1d4-e9d08370b3eb,7b9b2f7b-fe41-4922-8ca7-cec6061a660a,6149.11,2026-05-05 19:50:44.374042+00:00
d83c0d03-914d-4578-a557-a98a24438342,ebbf88e7-86c1-4430-abc5-2b68b56444c1,2610.24,2026-03-24 04:25:28.418734+00:00
93880dc0-0995-45a9-9dba-711b8cdb6525,b42366c2-18b1-467d-8325-3b91a12f2511,1283.4,2026-05-25 03:27:52.576742+00:00
8963377d-b904-45b1-929d-1fcad686255c,b6089fb7-bec5-4c2f-94df-fdf7d4ffcd3b,700.81,2026-05-26 13:08:25.801778+00:00
fabaf2cc-62eb-4313-99f2-c1904babfa0e,9933a0a5-069b-48ff-a013-4c1cdc19a0ca,300.51,2026-05-25 07:32:20.669125+00:00
e6e16519-e7fa-4ada-8627-6bf73c97db1a,b49398ee-da26-4741-bd32-1b1c2cac71d2,343.87,2026-03-29 07:15:58.492081+00:00
d79006e9-5ada-46bc-be6c-a810c73d9e80,47ddbf86-5e4d-4cec-8d39-114b2b21fc42,848.97,2026-04-06 08:17:41.579882+00:00
12dcb4b2-7b4b-45b6-832a-1bf63b261997,dfe8e307-7ef8-4516-80f0-941c4f836702,549.39,2026-04-09 08:12:30.772670+00:00
9fe1792e-8824-40da-94bb-46b745bda9e1,756c3a96-3d92-463a-8bb2-dd5fb91f55d5,582.74,2026-04-23 00:11:38.048091+00:00
47fd7525-0412-4c7e-933d-716707269063,d2db7ac3-b268-499f-85fa-6fcdd84e736f,961.82,2026-04-24 03:51:52.381148+00:00
6b91d80e-34d3-4b75-a4a4-09ba2200f097,da075aa9-b604-4320-9b03-6007111d6777,696.35,2026-05-18 23:40:11.486767+00:00
cc08ae07-83f4-4807-b33c-70e7b3d3baef,4dc6dca4-146b-4a10-9df2-096f06d22485,713.55,2026-05-12 04:48:29.962439+00:00
a11fe4f6-44df-4e0f-8ea1-8d8c265b952b,2526b3f5-9a9b-4a29-9465-d4117180ba1b,765.89,2026-05-13 14:27:58.494993+00:00
3616af8c-8d18-4346-a02f-917350de5612,02b81475-ff49-4d49-9517-5837c9bf2a0b,16.85,2026-05-16 15:18:02.092385+00:00
cd5e0c0e-4d68-4caa-9cb4-39e2987f32f3,51fe72d4-cb6c-41c3-9be8-9604456a1363,1744.6,2026-05-28 10:29:42.771682+00:00
9abcac76-2941-42e4-a78c-1b3cbb29359b,ad617d1c-0dc0-4be7-b08a-f8fea8e3705b,3949.75,2026-05-26 06:57:50.564583+00:00
b1eb5747-f081-4c30-a503-222dff998fc0,96931837-6525-44d2-a8c3-f11e99007896,4505.89,2026-05-26 18:50:44.129905+00:00
b04e9f3a-9272-4e03-be11-dadf2ca47d7f,40fb9d37-f1c1-4b55-a0a0-dc8f4abae2f1,309.37,2026-03-31 13:00:07.532188+00:00
34d9ea13-ea76-42c8-ac00-c18171f18eaf,6bd8bc8d-4971-41b6-8622-32391086eac2,2576.83,2026-04-05 02:17:11.302235+00:00
3837b1ce-375c-41f4-93aa-c5492167f8ad,32a7c6f6-17c5-4593-9941-144d9df2c668,1716.15,2026-04-13 16:45:35.202111+00:00
f826aa41-60e5-46c2-b0f4-fd5d41355a2a,a3daa20c-3cb0-4f79-8e65-83859dca100a,1325.93,2026-05-23 17:11:38.468116+00:00
f90614e4-2eda-4d57-aa3e-9cf115dacb0e,42eabfad-1028-45c2-968a-b4c617eff326,3619.44,2026-04-23 17:10:17.092448+00:00
a9dba25b-be2d-4dac-973d-20bb7444d4ec,1dca2874-3b37-4bc4-b2ba-2f41e97b074f,3112.79,2026-05-03 17:54:31.793247+00:00
cb9ceb77-3fe5-49ab-b769-9c2c72d17de5,6174bf8d-7b84-456e-96fb-d3cd707cbc7f,624.31,2026-05-03 22:04:53.963853+00:00
2fc410de-aa79-4a18-8e13-3b8adaa1df87,2f39ba0b-1e0a-4c9d-9357-2616b034f5dd,1803.14,2026-05-08 11:34:44.850074+00:00
0db162c8-a352-4ed5-89c2-42b476f7416d,94996238-61ee-45ae-be15-370745ef1f35,98.12,2026-05-21 17:23:48.508587+00:00
30e49497-f0d9-4ec0-a084-2d4f01cc2c85,68e54f4d-cbca-4239-ad9b-b5543277f550,195.62,2026-05-20 05:17:15.977103+00:00
28910f49-be7e-4a2d-8d23-0a18849fbeee,919aa4b6-6622-4bf1-8112-0923828fed5f,1081.09,2026-05-27 02:09:44.418323+00:00
a89a2448-9432-45b1-ac43-a70191e94180,16e44076-8054-4e8f-8830-7f6176e70ead,687.07,2026-05-27 04:14:54.680071+00:00
7d2b861c-fcfc-4acc-bcb0-cf4e3ba1b9fb,ed942f7d-4830-466f-bfaf-2769d9b5a80b,595.14,2026-05-31 16:00:21.867279+00:00
ab8e0ccc-3ded-4cbe-a49c-a18781bd2456,79e37eb6-5e6c-4258-89e8-babc320a43c1,1278.36,2026-05-19 02:42:27.048367+00:00
33342051-c27b-44b7-ac3b-4f17ff1b0592,5ab55c5b-dd2f-4b00-bffb-b6f6a49bba6f,3017.82,2026-05-21 00:01:57.512419+00:00
c5f79505-3083-4db5-b84e-dc09432ea560,8c3ee0f6-c90a-4701-9a0a-32fb28c189c2,2861.0,2026-05-22 20:12:04.558725+00:00
dc2d3ff5-1b6f-40c7-8bb5-98d4e1585b56,657775d0-04aa-4553-803a-6be772187c56,2196.15,2026-05-26 07:44:23.242833+00:00
eeacc60f-27b2-4df7-96b4-c9d87f3b572e,92798b38-c7ee-4fc8-9c08-16feffef6474,2016.31,2026-04-03 14:46:10.272503+00:00
1b7cefa1-de91-45c6-a955-97689215ef13,d5f43fde-fa51-4dc7-9c31-144e959e002e,3960.02,2026-04-14 03:48:44.125227+00:00
94c4fc7d-5ef5-48bb-b508-456470b24f86,f12f387e-daa0-45a8-a8f5-8cbdceeffddf,5100.99,2026-04-15 00:17:11.312275+00:00
3cf8113b-fedd-4840-b7d8-8e025ab4af45,95aca979-e1c1-416c-824d-6aec478fa332,2087.2,2026-04-26 18:33:46.418502+00:00
83387433-42c1-43c1-ac66-89f617f7acbf,59c68be6-1900-413b-935f-0abd03446461,1289.29,2026-05-25 11:37:03.357906+00:00
03d33399-d7b1-4a0d-9e65-0c033d954745,d7f7783a-e76f-4557-9ddd-2db55f380325,1303.8,2026-04-03 22:35:23.106786+00:00
d25ffd95-a0e8-4778-b09e-fb936b93f94d,5a7ca705-b307-4274-a315-4bdf286d35ba,2806.92,2026-04-04 06:18:34.033752+00:00
d4faaeb5-c264-433c-9cef-f163a24f0913,4e415ab2-0f3b-42e2-b8d3-9db0aedcee1d,1969.29,2026-04-16 19:33:10.518124+00:00
f3dce105-9dab-42dc-8524-cded8b695d97,f8047d50-003c-4735-afdf-eb7798201afc,5074.81,2026-03-25 13:31:13.064091+00:00
c368bcaa-05c1-4105-9237-ec173561aea3,205ae5be-c6e6-483a-8dc4-79850e304168,3054.38,2026-03-25 14:27:59.273653+00:00
3aee6b2d-ba42-45b8-ac12-9d108d177d35,97a37377-c264-4714-b7a9-a0b21cdb36f1,2062.97,2026-03-25 14:58:56.826805+00:00
88777384-37b3-48ee-879f-8b037905d63e,6adcfc78-2bc7-4f47-885a-a58af51dbef8,10.0,2026-04-14 01:25:17.990645+00:00
1b7886db-a382-475d-8cc2-06dd09935bf6,31b3217a-44fc-4332-9aea-990285c2c773,275.64,2026-05-01 16:40:47.543300+00:00
32332f8c-7036-42c6-a2d8-376090ff6c8e,884d9e4e-97db-432a-9d5d-9832b06c3ce0,406.77,2026-05-05 11:55:53.964413+00:00
3f1673d1-fef3-462c-81e0-30b8a6d66dd2,a2cd8377-a709-487b-8d87-72c47ebfb07f,233.81,2026-05-18 12:56:56.940720+00:00
0681967a-5785-49c4-acd5-058a8b261f06,dd169584-c4ff-447b-975f-c807c99ca072,112.61,2026-03-12 22:20:01.399865+00:00
86f6fd1b-b671-4f54-8abf-21481e85afdb,95c06d1a-b9e3-49c3-9bd7-60eedf1a32ca,90.05,2026-04-22 16:50:28.099077+00:00
5683eaf9-9b53-45bd-8715-a72b3704c3fd,d0e82983-86d1-42be-ad95-f4aa056b4a76,3467.01,2026-05-27 16:44:54.937435+00:00
051223e2-54aa-43f3-afe2-221966dcb491,ddfda0a0-ba01-4fec-a50f-6afb2bda7530,2912.16,2026-05-27 23:03:47.348243+00:00
7b8bbea7-7a43-4e82-962c-a12a3bebd877,ea47155d-cd36-4544-9816-2599f9c14480,595.96,2026-05-27 23:55:50.906319+00:00
d0e4f929-b37d-4852-8470-fdeba5fcf730,f1e3fddc-5abc-4b48-b9f4-eeb18213f916,2124.89,2026-05-28 00:54:44.342861+00:00
3cf482f6-e6da-4bbb-8980-c8307b0a30e9,019363dc-8b9f-45c2-b1d6-02b6ea826607,1630.72,2026-05-28 23:12:22.659304+00:00
8b15d53c-2b9d-43b0-b568-92b10ea1d55d,7039c586-7903-42e9-89ad-e9dc582403e3,3203.88,2026-04-06 01:02:53.705255+00:00
7ec0277b-ad7d-472a-977e-63a5014a235e,3a1257bb-01e1-4793-972a-2415a878aa8a,1270.54,2026-04-10 17:10:57.664940+00:00
30d5c6e7-d692-4d0c-969f-299a5a8864f4,799c163b-b06f-4be2-8a1f-66f442b309f4,3123.24,2026-04-24 22:04:42.186713+00:00
cdea6ed1-2930-40be-8fef-64f1bf6a365b,cc17d12e-0649-4637-a01c-4b8f01af3a8d,3491.63,2026-05-04 18:53:16.540898+00:00
faafac11-2786-4a11-bba4-37cea45f74ce,38a643a8-373c-4ef5-a14b-0db8935f50ee,1166.01,2026-05-28 04:47:31.564438+00:00
a3385e30-c18b-4c9b-95c9-4e4abd6b0018,b4a83646-9778-4898-a79a-446836358f32,4013.51,2026-05-27 09:33:22.330405+00:00
c6ade266-fb1d-45b9-b2fb-f43defa55b3c,a675ac0e-07bd-47f9-be22-80da38a8f0b2,3230.04,2026-05-29 18:22:51.907148+00:00
7d2d2e4f-eeb4-45c2-8be3-812e4801068d,7c51c57c-7ad0-4cbb-862e-8dc3aed91da1,6037.97,2026-05-29 22:02:30.458174+00:00
485d8de1-73b2-4ba1-8338-4e60494c64aa,c9119eeb-9725-49f4-bb34-f59e9bae0e59,1266.57,2026-05-30 16:12:03.382694+00:00
e171719a-81ea-43b3-af3f-901483e6bf40,f7c29b13-3046-4a42-aac7-fa2bbfc3d938,6797.88,2026-03-16 15:08:58.218244+00:00
684ec1fb-c81d-46d6-abb3-d9121bc01f89,4b305352-2c96-4616-a1ae-fcf37326b390,2117.41,2026-03-16 15:44:17.285556+00:00
0d0f595f-4c7b-418f-85e2-905cc58fe227,3d6aea07-f192-46e8-b47a-36db1944b9ab,4475.17,2026-04-09 11:02:47.742095+00:00
46b75f21-a559-4a88-841d-ab48de4d9e04,121ec3ea-1b2e-4d06-b738-7206b73a99f3,1707.88,2026-04-17 11:50:44.217752+00:00
6230d3fb-8b7c-45da-bdac-bcbd41c1dedb,16584924-fe32-4efb-8ebf-935f260116b1,1094.56,2026-05-11 02:41:55.073549+00:00
2490a823-4d58-4289-850c-1d6689e294ea,6e858243-1009-4e5a-b9ca-e909454874cd,1083.6,2026-05-30 19:55:30.146447+00:00
c66d6683-f6dc-4f69-b783-636d29747d7b,971ce2a3-acd3-4d92-864c-8dcc21def737,2010.13,2026-04-26 13:18:33.741683+00:00
13253b98-1ed1-415d-a9bb-2d49f16556f1,cce54a0b-1844-4d5e-a8df-58ebfe74853a,1462.74,2026-04-29 03:52:05.596879+00:00
0d31f92b-e21c-48cb-bb5e-291700113517,9ad273be-5eee-47c1-b1a6-4c9ab8fb91a4,1504.2,2026-05-15 00:55:17.107147+00:00
28ac9b3f-1726-4ff9-9ea8-9f46248fec67,e9a2f914-0600-4fab-a024-37fdd7562bb4,1394.87,2026-05-17 13:37:55.759407+00:00
21392fcc-ac5b-44d6-9fbb-9047cd32ea45,d52e431a-87dd-46d5-8912-e0a3f003dfd7,1873.47,2026-05-23 12:52:37.084188+00:00
3a0e86b3-27d7-431d-9829-2bd02fd7fbaa,b2ada16f-c8bc-4eed-9c50-3bae66622dad,4033.25,2026-04-28 14:05:34.541760+00:00
3b83d5e1-1c22-4505-b3e5-869b3c955849,7be508e4-81c8-40b7-b868-97621f3e594c,2641.66,2026-05-12 21:42:22.465436+00:00
6b2e4526-51d8-4c2b-b543-841497d2e97e,e9c6c6c9-603a-43e0-8e91-3d7140230433,1127.11,2026-05-29 05:40:34.598402+00:00
fa76f408-a3c9-4dd8-9abe-0f51fdc6f669,219bf330-293a-45cc-9f2e-df73b236ed76,3199.47,2026-05-13 20:22:17.713665+00:00
06602f59-4ca5-4cd8-89b9-6203418153d3,83a2c3a4-35f6-46b6-85b7-430029bf4c60,2145.53,2026-05-19 05:58:07.911232+00:00
424cdcab-25ed-420d-b0a9-91be129ac075,7fc5b796-70a6-49fc-a99e-898d4689f17a,4135.81,2026-05-21 19:41:18.409265+00:00
5fd75efc-0f36-4edb-924c-9a2786d6f64a,08b56405-bfe3-43a3-928a-ec3d4c07e93f,3830.69,2026-05-22 10:29:55.945499+00:00
c8b9506a-02a5-4468-a15e-42495a8c6d35,54f72ae9-c29a-487c-93e5-e6c066ca8e7e,404.96,2026-05-23 21:01:35.993869+00:00
36055ee9-b4e4-4842-9bbf-9d9786de5554,a9d9dd51-5333-4392-9343-0d64eec44ada,906.26,2026-03-23 00:49:01.481071+00:00
c59e5f54-0521-4dc8-9144-347448932d17,92eef730-1faa-4110-9719-c914c9134dd9,1906.54,2026-04-16 03:16:40.485273+00:00
548dbc82-9654-4aca-bbc9-141d4a1ae62e,28267381-af44-48ee-bb20-6e0c8a63e8f5,2411.58,2026-05-15 12:07:39.230955+00:00
bf6b0cd7-74c0-4f5f-94fc-5df2436816ff,a9ad9865-4baf-46ff-960d-17fb24d8c413,1067.12,2026-04-01 23:51:45.443181+00:00
f7e455b1-a5f4-46d9-a462-2cc730aa4fe8,55001e67-221a-47af-8c00-d08aa4403626,1171.23,2026-04-13 12:55:14.423882+00:00
1f4b7301-08be-49d6-a8e6-a84c1f1f0618,d8b014ef-932f-4f25-acc0-846238ff90e7,439.86,2026-05-08 17:11:23.455565+00:00
0269475b-8d7e-4b59-83aa-9cd42c49117d,9c280673-5bef-4a13-9b30-28ec2d06c203,1712.1,2026-04-24 14:50:09.308264+00:00
a40fe48d-7c21-4c33-8864-b6360e9011fa,fdc9c7ae-5b5c-4b66-916e-fd3035c70470,2773.33,2026-05-02 08:07:17.822801+00:00
e6ac0f20-a215-4f60-9c04-b2722a06c4c8,6331fb23-0742-4080-add5-17bc0f0817f5,560.99,2026-04-12 04:21:56.535752+00:00
224fe5e4-7296-4253-9d41-58a73f1fc904,1c5b89a0-6c3f-46de-9f46-55053142c443,619.59,2026-05-07 09:45:55.882390+00:00
ddc9a5a0-a038-4ae6-a3da-8167adb1216b,535d15f4-5e54-4c3d-9764-2035bde0a3b7,262.85,2026-05-09 07:28:20.548392+00:00
77d33294-7ae2-4d7d-a25c-0f45aee3d848,3dc5195f-5de4-4909-9acf-3c3124697bd0,667.29,2026-05-30 22:27:21.537053+00:00
3ba3bf7b-82e5-4eea-a67e-9b83f9a263d2,f406247d-35c0-457a-a71a-9105253b9fb5,2619.33,2026-03-22 22:02:14.694925+00:00
eebedf8f-a911-4153-9c1c-15a8347f3a14,0ba261de-de68-4460-a9dc-f55f49ebae25,3256.64,2026-03-30 22:51:42.917130+00:00
bb3540a8-a9c3-468c-a5e7-b76b1e29e566,390d7e0a-8c57-474e-b2e3-24ec7a801a14,2276.5,2026-05-03 15:10:13.150937+00:00
e715c060-8e63-42af-b34d-17c64af87807,34b6f4e2-8303-4e03-913a-837c7e84f38f,1902.4,2026-05-31 19:42:53.572244+00:00
d6241094-2d93-4825-8096-cf535c57be60,f6b0c5b8-4b24-41b7-b09b-b9819078477e,1615.4,2026-05-18 15:39:38.493717+00:00
88ef209a-8165-4ec8-b7d5-971b2ae94025,2704b062-7af0-4612-b275-319dfb739085,2617.29,2026-05-20 04:44:34.489476+00:00
743b0d3f-7281-4a7c-b030-64f34e1aa320,117a9cb6-e585-40cf-90df-15dfabe6e477,10.0,2026-05-27 09:05:38.326171+00:00
b7f203e6-28f8-4a38-833e-bba03753e349,3c9f1d58-b5be-47cd-ac2e-8a1816235a75,2356.0,2026-05-31 03:17:33.690750+00:00
c2ee35ff-d3d7-4109-90ae-5194cc4320b8,9e544dd0-487a-4f86-bacb-994817793b83,4102.56,2026-03-27 00:01:12.044170+00:00
1a4861d2-0f95-4904-a818-fded9326b01b,b30ed64a-7b0e-4df7-8c12-5d647cf94954,2285.1,2026-04-12 14:55:27.987475+00:00
0769a89a-6372-48fb-b6b9-09920d2afa25,94599d1d-c8b0-4826-9b31-dcaded94d693,3462.96,2026-04-24 10:33:00.820902+00:00
d432896e-1718-4516-99e6-1f98a92a2b16,71be65b0-f615-49b5-930b-728781ff50f8,1422.68,2026-04-28 08:09:14.280188+00:00
aa25d351-e673-4509-81c8-1add29cde0c5,3b71fb78-df52-47f8-96b4-b9a90ed8fa0d,2005.95,2026-05-01 22:03:33.122644+00:00
fb7d9a57-8095-4963-9c41-4c9ead3f2c35,8c9dbe39-d1e3-47b2-9cfa-ef9ce394fe6c,1506.63,2026-05-18 00:38:34.416852+00:00
491ade8f-4daa-4eec-9432-4c3cfe3d965c,50b681bf-a8a3-4cae-9d7f-61c2e77b855c,1582.5,2026-04-12 19:54:27.859596+00:00
e31d56d2-2823-4440-9392-f8a2cbd2b973,5ee2fb0d-c78d-44a4-98e2-74129208c2f8,1242.08,2026-05-04 21:42:46.964152+00:00
1cd83b6b-ccc3-4a0f-9be6-885aaff6d985,55f7b75b-3f3c-4873-a432-105c13a5e94c,139.42,2026-05-02 03:19:30.355009+00:00
f28b1d98-a965-4a2f-804c-b980979386a6,75d61405-99de-4286-b3a2-c2f952e5a42c,10.0,2026-05-15 13:24:28.016476+00:00
03770d7b-3653-438f-a672-449b26cebd7d,2a2ff542-c8cf-4386-980d-7bb55c60fde1,2366.57,2026-05-23 16:58:48.617209+00:00
7bf477ff-5bfe-4d37-86ad-a241d9c2d832,cdb475f7-e875-42bb-bef0-737e65f47de3,960.92,2026-05-23 22:13:32.002009+00:00
577072d1-6cdd-4bc5-97a7-d17a097c1b5c,5bfec423-6c36-4b3b-a09d-b34e7003391c,58.13,2026-05-24 07:16:43.775090+00:00
b2ad701d-cd8f-47b2-a647-ad977568ffbb,f1880ce3-e2c7-47cb-8e07-3c772a88d030,3150.22,2026-05-01 10:19:55.676768+00:00
5ba64944-422b-468c-ada0-6a4104e1386c,c0a1263d-918e-43de-8d91-aac88d745bf1,2174.13,2026-05-07 04:21:50.305381+00:00
7cdd4676-99ec-455b-b434-45f0ac420673,9b0acae7-a431-46c2-af1d-ac5227450ace,1567.57,2026-05-07 12:34:48.263834+00:00
63a9891f-4be9-4571-8ebf-9dd2ca018706,77a54b39-d285-4812-9124-f33c884c4978,2464.37,2026-05-21 20:19:58.855180+00:00
94408a45-8508-43a3-93f0-a94403d5a8da,685ae81d-9dba-419f-ba69-73b8b6191483,3106.22,2026-05-22 06:04:51.013349+00:00
8e18b5aa-9d1b-411a-9fa2-d81ebba00297,415e96e1-be7d-4322-97a1-465cde0bb648,2539.56,2026-05-05 09:19:04.935983+00:00
9e39cd63-eda3-4de9-a393-26966d67b14d,ad884812-a62e-4ea8-8874-4261c5146414,3355.93,2026-04-21 10:46:04.814060+00:00
ac4203e2-e18c-4450-ba9b-e6e47ec3bb2c,15873bfd-b840-425d-a191-dec485b2e1ec,2758.83,2026-05-12 00:57:38.477438+00:00
b1240212-6659-4569-97f5-301897830697,c83a26da-4857-48b6-b60d-ec7fce8f5731,4963.82,2026-05-11 06:00:11.052879+00:00
deaf153e-e931-4f16-a774-814f84517541,71d18165-2dcb-4837-b71b-c6c3482b4eff,1043.28,2026-05-19 11:20:15.141012+00:00
0a9ba392-9d6b-4e1f-bdba-822a5c5cf785,d45b05f5-3e14-456f-9eea-231614047bf0,1419.2,2026-03-14 19:26:47.639139+00:00
e7a10c80-2437-4f6e-a055-cfdd061c1a61,aaf878fe-1bca-47f5-8adf-dd60e381bdb2,2275.17,2026-04-12 06:27:07.257744+00:00
2c484f4e-4f17-47bc-81de-eea1885cec47,39b93a67-b408-49f7-bc55-e96e554da578,2980.25,2026-04-24 13:38:34.259115+00:00
54b0a093-acf4-4cef-a12c-87121b6800f9,8d68a9f2-c458-4fbf-89dc-bfbc950cfff9,1724.04,2026-05-27 20:38:40.047391+00:00
6a4af6ee-1509-4e48-a357-27cf95bb28d3,726222fb-777d-4fa9-895c-86de294c11a4,1032.06,2026-04-15 16:54:25.932444+00:00
cee89a66-a15a-43fc-9473-a6f55167c6c1,afad1cd3-d636-42b5-be58-19b84c912ec0,1166.45,2026-05-20 10:24:57.834454+00:00
abfe78b3-a8bd-4a29-95c0-bbf11c5d65d9,f577a26e-441d-41ce-8ee8-1305e9e3677c,556.64,2026-05-20 12:08:32.060152+00:00
89a25957-6b0e-4e9e-9c77-23ee3ebbc271,65535563-4be8-44a8-91b3-7012f2d85039,3583.87,2026-04-26 05:13:52.398921+00:00
228c4d70-8ae2-467d-8e6c-65fd6337e094,6b9ac693-1990-4d4a-b6a8-6a7627e68dc5,5895.59,2026-05-20 02:08:12.119617+00:00
a7f45b93-f6df-4a08-9c24-46111fdf4e51,8d5c03b1-1c15-4455-a65f-266e650cf815,2987.86,2026-05-24 18:01:03.690231+00:00
9933dec0-fa09-41df-828a-fdfb4515d995,ece2dfab-9374-49f5-8822-fd1983b8a67e,2809.25,2026-05-30 16:16:16.498490+00:00
c5282916-5b92-44f6-a473-9d08c5103589,a1b58540-07f5-4e53-bf19-1bf27fa36f3a,501.01,2026-04-29 16:39:18.606462+00:00
8a9b9429-f647-43f2-82c0-80222115cee8,e2c4c221-8106-495f-9b97-b3067b4ba2b9,1385.65,2026-05-06 04:54:14.112262+00:00
49ad2018-d475-41fb-8492-2fd59b4e81ef,ae3303f0-61a0-4d9e-a203-55832959f1f1,452.59,2026-05-19 09:23:16.849756+00:00
415e65a7-67fd-41ae-b35d-0650112d0567,badd9d7c-623f-46d3-bd9a-75f37d4c72ec,225.46,2026-05-27 04:28:12.974297+00:00
c1bd7a11-937f-47d9-8371-34c50f384d91,f196f612-a458-4c33-bd26-4bc47762f91d,1015.91,2026-05-12 03:20:31.875245+00:00
f5a2ebf0-2fcc-4ba9-ad2c-fb013448ca93,6eeb6392-ccf9-46ae-9f48-b5c67a8d8d5e,1796.38,2026-03-11 14:59:35.683840+00:00
925b8ee4-9bee-4bfe-a4c1-8481fe53be77,19dcdafd-e176-4416-bd44-d248be046997,466.0,2026-04-04 05:29:51.759133+00:00
b96754a7-f386-46cb-9c84-f53729f0de00,e4436fa6-1c19-4787-8624-84115ccd074b,608.21,2026-05-15 17:47:54.581542+00:00
60bb9f5e-a627-45d1-a766-a94ab77307bc,4804734b-f899-4304-98c9-63263b435a5d,2773.69,2026-03-16 18:04:37.544846+00:00
d393b2a9-a3e4-461b-8d3a-84d122d49284,05321434-10cb-4326-a0a5-e96a31fa38e5,3217.75,2026-03-16 23:46:32.224840+00:00
c98841f7-66b1-4046-9c50-5b0f15bc9e80,1770b7e2-eb71-4602-be31-eff00e0846bc,768.78,2026-03-17 14:29:14.429710+00:00
a0507fbf-818d-4e97-ae7f-d03bc6a88d50,dd28a1f4-8d3a-48e8-888f-eb14acf3f0bd,2664.36,2026-03-18 06:03:37.123251+00:00
a0b97703-9fea-40a3-a11d-7587c6198a83,0925ff7a-dbb8-42e0-b972-82dd7ca25f3c,1099.66,2026-03-30 22:17:56.974348+00:00
a7765390-da10-4c16-8120-ab75e621fd36,f8d4acd4-f9e3-4eeb-a440-1e19cff83c11,901.66,2026-05-08 20:29:29.538828+00:00
f972f413-f2eb-41e3-9a47-291e11eebec7,f683c7a8-0cd7-402c-bdc3-cfedb9cc61fb,737.46,2026-05-10 22:28:53.278516+00:00
16eca9c9-404a-4913-a1b4-8223e36ea4d5,709007e0-3a61-485f-8f47-c07145f44b7f,2444.2,2026-05-29 21:09:32.903222+00:00
2af040b2-ab43-48cc-8803-b1ea159b119f,5ab4020d-26bd-42d8-863e-fb9b4d948909,2269.76,2026-05-30 05:53:14.654164+00:00
d98a9322-9a3f-42b2-a1bc-8b1bec773c9f,d4b2ef5f-cc8f-44e3-83a9-12b959ea0e0e,2639.24,2026-05-31 00:27:50.698604+00:00
4472cee8-c099-42d5-bdd1-536591ada54c,38d34e57-50a2-409e-a371-057aa5a9ce37,531.22,2026-05-30 16:45:05.794229+00:00
8f7eb544-41d8-49e8-a650-1429421c3f6c,ee2787dc-f72f-4bb6-97c6-485ba6d08eb5,1292.36,2026-05-19 11:24:16.095502+00:00
0a18795b-6c3c-453a-b00e-dcdac7d2bdcd,cb793079-e85e-431e-9dbf-3e5e213e2c4b,536.56,2026-04-12 01:13:38.180368+00:00
478015fe-beda-42fe-acac-09969d5f7ff6,ecc74f02-cefc-48f2-a5f3-9de9a046623b,1014.02,2026-04-13 19:46:38.915029+00:00
6b37dd9e-f58f-46cf-8753-0014206343f8,d668e52d-176d-4f52-a0fc-cf7c673c874e,795.76,2026-05-24 04:53:55.128910+00:00
c66d69d0-2aaf-49cb-93d6-a7d74cb5bfd7,83b6bf83-c754-4672-9b23-1c6021805760,1820.48,2026-04-07 02:52:58.401303+00:00
92353cf1-dcbd-4904-811a-4a15e267b794,ebfd0c61-7086-40e1-92ca-08afd1f7ad4b,1732.56,2026-04-15 10:39:28.024014+00:00
c04c8193-80ff-4d51-a106-3feae286c29d,c5cfcb5a-fd63-49e1-9cd2-c1bc61d3ab78,10.0,2026-05-13 18:38:27.558113+00:00
32c54101-1ddb-4deb-a4a6-58816dda024a,ef79268c-1ab8-44dc-883f-597c6469ea87,2068.38,2026-05-18 07:18:01.130083+00:00
eb869358-ad4f-43d0-8d00-ad7aebfa404c,d792c67c-8dae-48dc-af40-eb3dff90d700,2105.6,2026-05-23 14:47:09.055925+00:00
6bb7f40f-e1ba-4e93-be8d-caabb6febc70,be975a74-a726-4590-aa3d-452d4dc24c10,1587.4,2026-05-04 17:42:45.618533+00:00
5c6c879d-4ce6-4887-a72f-3c61b9a85bb2,c6ff6991-1450-4d47-bd1c-d32dd586c79a,3229.24,2026-05-11 03:09:02.000026+00:00
65528a81-ccbd-4aa5-97d3-6c3e804505a1,5af66934-b3ce-49e8-96e1-662d31df7d15,5238.08,2026-05-14 00:07:33.683602+00:00
3bdba2b6-97ec-47dc-a654-5f13b6e469c6,c29bfbcd-4e30-4af0-af5e-59f857325423,4506.09,2026-05-20 16:35:47.438175+00:00
57519bd8-c2df-40bf-9f76-53961d2e431f,fd9f6281-dcfb-4317-ae56-7401926c6d47,3858.73,2026-05-21 05:48:55.100583+00:00
f92c69d4-a56f-4de5-8faa-4bfefc5281da,a4386b7f-191e-405e-8f35-4dac0d8cd4fb,2812.76,2026-05-27 23:59:16.661054+00:00
81f1247b-6376-4be0-8870-2e58bbecc142,3752a091-31b4-4026-a3ac-1a297099576a,3315.36,2026-05-05 16:48:35.210456+00:00
dd26c4d3-3ce7-4b1f-b09f-0e1fca01bb37,44faa460-960a-43e6-8d28-3842a2874627,4711.82,2026-05-07 18:55:00.774602+00:00
9e313699-2691-4d5e-981c-f55f8dd07d37,a3e06a76-ef8f-44aa-9f0b-60f377ab81fd,3866.63,2026-05-09 19:51:46.172510+00:00
07578b0a-9b9a-4b7a-bf4f-8b1676b58e44,e81d9670-4e7c-4c6d-ab26-3b86b429ce6e,3374.29,2026-05-20 17:10:14.733887+00:00
455cbbda-ef1f-4d27-b854-1019bebfb371,59b50696-1a3f-423a-af89-5f7cddecbc4d,3823.39,2026-05-21 17:10:14.294291+00:00
464052a8-7235-4433-859c-e671872320a7,9e0a85c4-6c4a-4c4c-a473-31656c60d9db,1913.32,2026-04-02 00:39:38.757640+00:00
948db269-7388-4488-89e1-afb3625fe754,fd01a456-4ece-46fb-b631-f8683f174942,982.91,2026-04-16 22:30:00.393365+00:00
8e6d8f0f-f8a9-43bc-b310-678a107a46cf,83af0245-1309-42e9-8df9-d826af6b3d7a,6089.41,2026-05-11 22:44:48.708275+00:00
02e3f705-f6db-49dd-8abc-20b2c84fea36,67a5985a-678e-436f-912e-42b6bbe26460,8137.9,2026-05-25 19:20:57.375695+00:00
0b3a2ca1-350f-483d-9a29-861e5ac29619,6394388e-92cc-4b7d-9b03-0ad57b267a2b,2213.05,2026-05-27 12:30:53.023613+00:00
74fc6a03-4e7e-4096-8482-e6e220ffa27f,d8e4db81-4599-4ee6-8090-5075badce4fc,1437.75,2026-05-31 15:36:08.343289+00:00
4ee23489-ba03-4f89-9cdf-5d3a44fbb3fd,570319df-3ec0-4011-9bbe-1ecf445b2d9f,2137.22,2026-05-31 20:54:21.029147+00:00
1675d0dd-5ad2-4c1f-81cc-d39f5024b746,01514491-3b47-4c33-89f4-6ec2be8997ab,1543.51,2026-06-01 00:31:46.449714+00:00
5c3f87e2-7834-41c5-9eee-22d58e703ca3,b2e41958-a063-4a2d-84fa-3ac9c0346d37,4992.51,2026-06-01 00:00:42.050505+00:00
d8dd0a3e-5223-426b-ad2b-a84b2d85982c,5fb18e35-f2d0-46fa-bc59-7dd0d2fa146c,2418.56,2026-04-19 13:34:54.041459+00:00
5b08acdd-d8f9-401b-9e37-5b0ce183feda,7fd0d076-2601-4baa-9138-adcbcc9da9d3,1970.32,2026-04-28 09:07:55.666195+00:00
d55b0294-63a7-414f-89b5-53279fdc5d03,699e41fd-a7ee-472c-80f5-2fd8bb81554c,1502.91,2026-04-28 19:23:40.960846+00:00
94fd467f-6b91-4724-9168-14c8cff627f8,d28033ed-2faf-4b0f-b104-a20a5cbdf0e7,2177.37,2026-05-26 04:40:49.430357+00:00
b4f0798a-a275-4153-8207-a5ad7cc7cb1b,097a44de-72fa-4fdf-8950-24a19c7b3f3b,1387.7,2026-06-01 00:10:21.480236+00:00
99e28d89-9927-44a2-9e81-df41afbca975,14f9012b-e994-4d53-bf20-1d1b0103c109,571.44,2026-04-28 13:32:37.936201+00:00
e827172d-c856-41c0-acbd-09f159cd06bf,cc5cb4ad-b713-46b9-b489-ba82705860ef,423.21,2026-05-20 05:14:12.199486+00:00
050d18c4-df3b-42bf-bc6f-b05c447dc959,e77ee10a-7a2d-4f05-9fd5-fa86d86d6eaa,363.99,2026-05-31 16:54:52.603259+00:00
4302f4e5-33e8-4b11-8d22-f5e71227a8c8,5d8004f0-261d-4452-bcc6-ebfe5b20317f,653.55,2026-04-30 13:01:19.242283+00:00
08702a97-55c2-4d72-a046-1e508ecbaf31,a4b79837-7068-46d7-a101-fc526201b242,843.76,2026-05-26 07:39:25.339022+00:00
03a6882a-f6f8-43d3-947f-bf06074f724d,7762876b-1dfc-4110-8244-516270b56b14,681.19,2026-04-30 21:15:16.086137+00:00
addedf3c-2aaf-46f3-8a99-e9ca34c56f2e,2e56cae5-79f3-4da1-8ffc-79d0dc40ca5f,709.08,2026-05-01 06:49:34.701106+00:00
5a62461c-abb0-4fae-915f-7a23e11ef4f1,d1abcace-4a93-46d8-b2fe-946a30cf1574,607.09,2026-05-04 05:09:15.150571+00:00
22794216-6bfd-413b-9d30-21b1c612895e,cc7169df-4ecd-4d52-9268-8ef44f3d8ce4,1253.58,2026-05-11 02:06:30.112213+00:00
30f1a09b-e5bd-43cc-adf0-d1d266da4fb2,4e29e0ca-336d-4e28-81b9-caa5ceaeb4d9,1239.95,2026-05-29 03:42:40.034123+00:00
f4115235-5898-4c72-ba0f-b43a9b06241f,cafc293c-cc07-4965-b870-41551b67fb5e,1571.81,2026-05-06 06:47:26.642501+00:00
36b10eec-bc4e-41a8-808d-0b8304c76805,fbdc45dd-89a1-42df-96c4-8ebf9344c072,1517.35,2026-05-17 17:06:51.405677+00:00
04cf3422-9cd6-4f25-812d-f4af4d38a442,49d042f2-558b-455b-9688-5f7e71a937b0,1600.16,2026-05-21 08:34:53.948132+00:00
9e2dca3a-0178-4493-847d-db8d9c5f3885,a5bf1579-4e90-4e9c-bbef-8c091c410305,1010.7,2026-05-26 18:22:20.164132+00:00
6b316c7f-e860-4791-944b-7a5580264120,32a2be56-d2e2-4fa5-b1c3-d27f2b361143,1189.37,2026-05-18 15:56:33.068553+00:00
8f86382c-fe4c-4dd2-ab0d-006437bd49dc,f4714a10-e7fd-4d3c-a333-ebe212459896,1325.0,2026-05-20 04:48:42.760953+00:00
8734be39-5baf-4f00-b431-dabed34f92db,d958393b-cc02-42a6-a44f-5a5676cce195,1762.5,2026-04-30 21:47:03.364880+00:00
4e591210-58b4-42d7-9295-ac7aa5862042,b0521c07-1242-4e6f-81c0-176f76673c1b,1067.41,2026-05-11 06:09:18.980379+00:00
f9c38111-2535-4661-ab51-163998e9ef29,41320caf-452b-4078-bed3-8fec349cd0ec,6998.25,2026-05-22 01:49:50.944898+00:00
28b54c63-4803-4ad7-84da-45e7802b8269,f5f0f9df-3e01-47a7-aa30-ce2323711a4e,842.9,2026-05-13 00:07:21.496596+00:00
53b0fad7-de1a-4242-9b3f-cbad3a7ebb92,62e6f737-14eb-4864-b878-a2ab5d0f0590,2151.4,2026-06-01 01:19:33.760785+00:00
88b6b7c6-31d4-429f-b4a9-6292e625cee3,c170bf03-4db0-4edb-b85a-395735e3b421,4443.66,2026-05-25 15:18:03.270260+00:00
63ad5af9-7398-4eb4-a72f-1c5dd0ecaf6f,24ced185-9a25-40e1-a3ca-264482dd2797,1652.65,2026-05-03 14:09:54.706306+00:00
7a64b2ce-1899-462f-a679-ed52586469f4,ec50aad2-106a-4239-8d84-4da52593769d,1930.54,2026-05-09 21:28:51.163074+00:00
1e1e90fa-912d-4773-82c5-5e1b22f7c0d2,8dca34ed-5777-4e19-aea6-637b7b344043,1482.63,2026-05-27 02:51:38.196562+00:00
b34ff3b5-2a13-44db-821b-71b7321bf76d,ed725775-52a1-41d6-9138-eb5725e4a70a,2358.74,2026-04-06 06:56:21.432187+00:00
0e1b7791-788a-479c-a992-e5cd5f9cfe62,63527a9e-f773-4f30-b184-e771611b0c30,1972.91,2026-05-12 04:09:51.028771+00:00
112c6e31-552e-4661-8af6-85273750414c,7e6d19dd-df61-4a9d-a339-96eb5d383195,1254.23,2026-05-18 10:25:17.080913+00:00
f5bf0448-ba95-4c81-9c35-e055ef3f7327,6af23e91-5588-469f-8257-92c8505437a0,2248.13,2026-04-11 18:33:18.707279+00:00
4bf4280e-8293-475f-a01c-f74967ddc3bc,15ebeccf-d82e-46fe-b3f1-01233e400b06,2428.01,2026-04-12 03:54:43.916676+00:00
fb2fa4fb-232a-4dcb-b7e1-2eae956812e1,5128fe53-d460-4e27-b1ec-ccd6279f3963,2117.18,2026-04-12 05:31:05.429839+00:00
b6556b6f-68d0-4372-9565-089f5b3c95c5,e59f81e1-d4e5-4fcd-81b0-36eb89125fbd,1594.93,2026-04-12 10:04:08.952268+00:00
9497df81-0039-47d0-82a3-4c8baf584be8,3bd8c32a-00a5-47b2-9caf-c40695ce375a,1721.36,2026-04-12 10:26:50.623320+00:00
02e87d74-a727-4b33-8021-ff72c5520fa3,005701c0-a01c-4275-a80c-3b3a6154caf0,2415.22,2026-06-01 00:07:22.689031+00:00
f14a800b-bba5-4003-a3da-f833db03fcc4,270d67bd-a514-4844-92ea-a123b6c34138,1575.53,2026-05-04 05:41:09.926196+00:00
276f2c4f-6f5c-4d3d-9c67-ff38ca194107,1816aa6a-b96d-4201-bb0d-fb741a7f9d1d,2155.64,2026-05-30 20:31:56.242555+00:00
c55d082e-4328-4642-be10-0daac50a720f,7d07e2ad-5aa7-497a-b4bf-c5912d836e9f,2040.88,2026-05-30 23:46:21.924650+00:00
e7811a3b-6239-43eb-8742-c684a2c6b1ac,66e9c9f7-6223-4f60-95d9-bc5dfa16e97a,3078.69,2026-05-31 04:28:59.412197+00:00
bbf3d745-113b-4b76-9520-1c848e7412ea,3744f894-b569-4a01-b425-21eaf7caba82,1619.67,2026-05-31 06:29:14.405160+00:00
c01d4632-4c02-42a1-a249-c647cb8e6ffe,0e7eab1c-0c65-4c4c-a0d6-dba502728e50,5053.67,2026-06-01 01:38:15.402657+00:00
fbbc6972-b115-40ca-8b4a-15146bd7deaf,b3c7da37-fd9e-4cf7-8066-8afa61229578,1177.96,2026-04-07 23:03:53.638306+00:00
e0b07790-c666-4a37-96ee-883f4a85ea23,8d82c871-56d2-4f71-9405-9b1a1f699084,1547.43,2026-04-10 05:53:12.616007+00:00
66f26be7-9ab6-4dc7-86fc-36efb79fd2b6,0c801105-2de3-48a7-9d1b-3a349703574c,1429.21,2026-05-12 09:51:07.489518+00:00
ca38b42c-8c66-400d-a9b5-62fb119e4d61,97163e88-63ef-49e3-bbe3-a644f349163d,461.49,2026-05-15 19:46:56.680267+00:00
19a2c5ec-a953-4d24-89c1-5f8e00747b8f,cbd4dcf9-f85d-48a3-8d04-6b291ef35538,1491.08,2026-05-31 00:08:30.971716+00:00
1ccb212b-3a40-4d1c-96dd-eb992bf4391b,dc82c81c-0fc7-48d5-adbb-48e4561a2f3e,766.58,2026-05-24 14:33:29.904157+00:00
c880516c-4451-412d-beb1-bc003f311106,2b700642-de0d-457e-9279-2e822792a265,2029.72,2026-03-27 07:54:09.148059+00:00
56cdd4fb-1600-4c12-846b-a8b56e3c1ca6,43820b0e-cadf-4aca-ac8c-75b4423f05c0,2477.76,2026-03-30 02:51:18.787792+00:00
f192f5e5-bfdb-423e-87fc-4d3f4dfc7ac4,0770e2ec-f140-4759-bcf5-7b2abb29bef8,10.0,2026-04-04 23:13:14.499788+00:00
5080f251-5735-4965-86b4-e03904419e31,53717123-6806-4735-8dc5-03a803c97204,3643.05,2026-04-15 04:06:24.833115+00:00
39f0204c-9833-468f-a855-12a27ee6be15,0dad2c9b-4893-49ef-8086-f214b949e7e7,6340.81,2026-05-23 11:35:55.156070+00:00
06b2a45d-6a33-4b23-8b81-b49ed46f993a,08d08a0c-3664-4f71-83e6-f50a2aa3b83d,1779.89,2026-05-31 05:12:37.184878+00:00
cf83315a-5622-45bc-b111-8eff30227767,2706c8c7-4131-4039-89b0-cdcfab7311fe,2491.84,2026-05-31 06:49:57.961976+00:00
de6e6c3c-1b42-4450-a3c5-7cb4fe907118,fa5203bf-3ce3-4733-b860-1163963fd4b9,2138.4,2026-05-31 08:58:29.310312+00:00
76966656-01c2-4f38-9956-c5c9715a4ad1,98799214-40dd-4b54-9225-7a4449d6e94e,1301.21,2026-05-31 18:39:31.385203+00:00
6e07f084-3dba-4ce3-8fe3-7edc1d1aeebd,1ceab3c8-db94-4286-b6f6-9dcea4d11b0b,6285.87,2026-05-06 10:22:32.502613+00:00
029a41c8-9d2c-401e-a0f5-18234ac444bc,764a523c-3ae5-4687-9ba9-8df34215e775,10.0,2026-05-13 12:25:51.579917+00:00
814cc2a0-2b25-45e0-b44e-1a324702f7be,e730c997-4e30-4330-ac58-3e4874010498,1720.14,2026-05-16 08:18:11.946900+00:00
afe608cf-68a9-4dda-9f8c-5307facd7a6f,9b9e2707-b52a-4176-9bf5-3954cb83c774,2813.32,2026-05-22 01:40:02.027419+00:00
f21155ac-50ad-4f6b-9b4e-b6b70b6a0b10,0249a68b-55e4-4fbc-b59f-3d92e13df954,2690.69,2026-05-25 07:28:16.138235+00:00
466ae009-8d8f-4f88-b59b-5e0799d807ed,e4981507-6e99-45bb-a867-c6155227ec56,1293.64,2026-05-28 18:20:31.717468+00:00
921ddeda-f6b2-4fce-844b-48820beec975,33f08179-fcb9-4a04-8591-d44d20f15ad5,2004.11,2026-05-20 02:48:13.272537+00:00
eee49f2f-f316-4112-aba7-e5b8b6b375dc,1cb0f9be-8585-41dc-a20e-27a89cd6afca,2617.76,2026-05-27 14:42:45.232515+00:00
f8315eb1-22b7-4e7f-8f23-624558b2af99,a584a0dd-8881-4458-8032-c49d73284fa9,2654.74,2026-05-21 14:37:42.167327+00:00
65a8821f-bcec-4bb4-b312-2c3a4f8a9fff,19be5d59-8f25-4c8f-a79d-1ab04f10ad3a,2510.65,2026-05-13 06:27:02.357098+00:00
65d4b186-7503-42bc-9dcf-b48f9d115bcf,96f97c3d-2036-4589-b1e0-3552c5af2554,2616.78,2026-05-13 20:38:11.157760+00:00
f388c392-75f5-4c31-8377-c0eab64f2230,cc05f420-3f4f-405c-99f7-aa9eedacc1fc,1648.93,2026-05-23 01:21:57.648769+00:00
312f4a4b-6f19-42e9-acf9-825bc3adab14,81b713a2-6347-4a2a-a3b4-ecd53d311903,4757.48,2026-05-26 03:52:43.178835+00:00
7ecc543d-6ffc-4195-9035-52e311286476,eccd3277-35c5-4363-8257-aa65f3be97ac,2693.77,2026-05-26 17:36:31.581274+00:00
5de22da7-2a82-43e6-86e4-5c6c43504141,f4e1a704-f235-4e58-9955-d816d8532d4e,98.07,2026-05-19 23:48:28.137104+00:00
50869721-795f-4aba-94eb-8cd29ba90bb0,7ce35715-c14a-4c2d-ae86-f83ea7a6f80b,585.86,2026-05-27 06:46:35.119041+00:00
14ad3d2d-4083-4c51-b8af-d2fb96062a2c,6a4311e7-db79-4d87-b462-6e8dc1358632,1156.38,2026-05-27 13:20:13.784139+00:00
8fff6dec-014f-4ab6-90e3-bc4fc9699876,2d98be68-b128-4bab-948a-73d425d55e5a,821.71,2026-05-28 22:51:54.816564+00:00
c930174d-afc3-487b-b523-e15e3e97e6f8,c9e3c071-dd51-42cd-9469-ca0b880827a2,1102.27,2026-05-31 21:42:36.765467+00:00
c46659ee-9eaf-4dce-a424-ff825d813880,32db9187-05bb-4ce5-a0e6-7738c9adf1eb,5343.34,2026-05-19 03:31:35.518539+00:00
5f121deb-b768-473b-92c7-87f0bf876322,fb4f4267-177e-40e0-b509-402a5f47415b,8639.71,2026-05-25 01:29:08.362716+00:00
9ae3efa0-0219-4725-9dcc-7497256be0eb,a0cc9ba9-1fc3-403d-a23b-c8bd90b5cd27,1373.57,2026-05-28 12:56:23.146173+00:00
d0484b16-bcde-48b7-9147-f4466f4d5679,823c8ec5-9ea1-426a-88e7-0358000d17ac,1308.04,2026-05-31 16:54:05.280048+00:00
bcc6705e-bb1f-4687-98da-22279832268c,e71e44eb-e0f0-4d34-b4dc-8d4cde34937f,3273.49,2026-05-31 17:30:59.216082+00:00
6233baa2-c22d-425c-a98a-29c15aea45b3,fe593ac9-02f4-4476-a79a-d9d1fd16d8fd,3259.53,2026-05-31 21:07:02.750381+00:00
b74ee991-b839-4ed6-8107-b3ba64c3b170,a50f0d2a-5fc9-4a7c-89ad-fc77398a4885,489.23,2026-05-13 18:10:33.670891+00:00
167dd3e4-71fd-4252-9533-02d1bc1abbf3,0bac7b9d-9e2e-4438-af88-08b7cbcad5d8,1430.4,2026-03-17 13:09:08.890830+00:00
2920c30c-d3ca-4b14-b312-a3964ed34cf8,80256c01-6091-43c2-bf9d-0747e2e42e52,1929.17,2026-05-09 16:00:22.560829+00:00
396f48b3-8121-4657-b918-85cb217a478f,db5d8173-cec6-4b97-a1c3-d45b05473986,366.8,2026-04-16 13:09:21.170730+00:00
6057fbef-b02f-4788-a537-53eac6790d32,e25df9e9-074b-40b0-9a61-d207a05862fa,481.18,2026-04-24 18:40:40.330327+00:00
33abb4a2-e3fd-4cd8-b2b4-2f566399f27b,dbdc7121-e4fe-4a1d-8871-62c0af4bdf84,384.39,2026-05-20 19:56:23.393124+00:00
2eae0a65-62a7-4795-8e4e-d29c042b7f27,6e715f39-5bac-433a-acf6-241633a147b5,178.45,2026-05-13 22:19:03.731013+00:00
7162f43c-bd2a-4d37-9dc3-de497140e575,3bdbcf27-b4e3-49e2-a469-753dfa7d77b4,395.65,2026-05-18 03:26:55.014319+00:00
b8344fc2-3143-4e78-b416-2b9a0e130441,f0b28388-9b87-4ef4-8b78-95d44310b274,740.75,2026-05-26 11:46:26.061496+00:00
b35a49dd-73df-417d-9a5d-1655ea489b30,e5764869-389e-4c83-a029-a242078e725d,251.21,2026-05-27 17:49:58.079776+00:00
188de788-e987-4d88-92b4-ac51eb785274,54cb7549-a7b5-4a14-88b6-f10500ecc94b,327.71,2026-05-29 01:13:03.912964+00:00
00289fd3-a528-4a6d-9964-bca97e77cd7c,56f000c5-85e8-4d84-b29d-89bb499d5eb1,2626.57,2026-04-24 10:34:43.469916+00:00
213e1ee3-6e0a-4da5-95b1-712fce92595c,6a7c846e-de1d-4586-a50c-a5c274f7cfb5,6163.4,2026-05-05 23:06:43.687123+00:00
e7f464c8-9ee0-4651-a03f-f5e1b8f9237c,3a038129-074e-413f-9617-57868e0ef114,2904.96,2026-05-20 00:26:16.890784+00:00
99808549-caee-41cf-909a-f0234354ef5e,6b6e78e7-90bb-46fa-aac9-43b7c83a47ce,3642.59,2026-05-22 16:40:12.753786+00:00
31a68548-1d77-454b-9d2b-cfd41c3bf875,6ad072c3-9c45-4c76-ab52-e0f84a6e4c0b,673.91,2026-05-17 23:44:47.954938+00:00
d1e525ce-653a-4817-b498-8f5b3fa3cde6,fbe065c1-56e3-41ef-a83a-48fd2d7eec8c,169.24,2026-05-27 16:28:00.254964+00:00
e5c6c2da-b3a2-4af6-a0cc-c92ffab556f0,68ba71c4-5415-4e1b-ad75-3dda14e01bc4,387.58,2026-05-29 07:39:35.233429+00:00
836d494e-4eb9-4f72-a641-fbf09b759244,50bff9cd-38ad-4271-8584-a41645f4cced,278.09,2026-04-06 09:29:53.911897+00:00
5fa917d7-b676-41bc-a27b-0dc3bcce8853,29d289a4-498c-48be-8893-bda9387bde7d,351.62,2026-04-12 20:03:37.549900+00:00
78adb883-ae49-4f71-94b6-b40c4e7fbc3b,d0a94671-a538-43dd-8ae4-9e0433edb58d,130.46,2026-04-18 17:07:19.768872+00:00
297c5796-dad3-4d81-b76f-9dea99746254,f78d5201-5b40-4022-8029-11a70697315d,231.83,2026-05-01 05:04:38.826910+00:00
3533caf6-d7e6-4044-92fe-5952addb2cbd,0cd0eb02-b9e4-47cc-99f4-fd60ab8bebd4,288.62,2026-05-11 06:38:32.594369+00:00
490ce15a-fdcf-4113-9963-9d49b0003b20,f6f3a490-df19-4332-832f-e9da999229c1,686.24,2026-05-21 17:09:44.884167+00:00
8bc7adb5-d693-4254-a799-2a111218fd19,511da8d0-403d-4152-836b-045bb3638f63,2425.36,2026-05-29 15:39:13.031810+00:00
25d86cf7-d140-4060-b041-6050f89347ff,1c5cc2f4-7369-467a-8043-be2243c5f5b8,2346.11,2026-05-06 21:07:20.688969+00:00
b45695b8-b2ae-477c-9099-d6adede4dff0,27e668b7-4c0a-46da-89a8-f660824f3014,1970.85,2026-05-29 07:46:29.874377+00:00
20bf46bc-3306-4fbc-99e2-35d463ce9873,9c97f3c7-b149-4758-9760-75edc51db891,276.04,2026-05-29 15:45:11.607771+00:00
29e71e47-8f00-4ccf-a4e5-83d8e2048dd5,15d60fdc-1498-4bc1-9e79-b4c9d7aa23df,270.23,2026-05-14 20:12:02.539004+00:00
911ad9ee-1fc6-4f7f-906a-ab7d3ec1f79d,35840631-200f-49b1-8f64-a50fd5c86717,406.8,2026-05-15 09:24:48.742794+00:00
5267dc26-725f-4a6a-9612-2f7ed3f1b9a7,5d5f758a-8947-461d-92a2-86dcd56fa8b8,133.51,2026-05-18 20:03:06.360704+00:00
4d88f63b-b103-4979-b6ee-59104341ebdf,466a25e0-3990-4aab-bf86-3aff28da5e1a,535.23,2026-05-23 22:15:50.462765+00:00
1a525107-1c7f-4ca9-9c64-28665a41a481,f0066ee3-41b1-4502-acaa-b5d38ca6ede6,814.85,2026-05-23 21:52:06.971818+00:00
5e8cfb33-bd51-434f-a9c9-d71b5bf4600d,6fcc4712-23fb-4856-af4d-e99796512bd6,701.09,2026-05-25 06:48:06.746493+00:00
3a1c63ec-6036-49db-a76f-384618cf3a58,aacc7026-1aec-4fc1-8ad9-15ac9b0df282,10.0,2026-04-08 22:27:26.278621+00:00
6b72a4f0-f84f-4e90-9bcd-64ef6a90fba1,e721179d-100f-45fc-9acb-67c814b1b046,3119.66,2026-04-10 19:12:16.377658+00:00
780c0bd3-e7dc-4ac2-8310-dba635ef709f,e186d3bf-ffc7-4f8b-b12f-f3b09dfdb199,284.65,2026-04-26 07:32:44.089059+00:00
b9f7d8ae-4964-4b2d-84cd-0b20e53b00a0,eaf5e47e-bcb1-471d-acc3-6afcc072f492,3735.97,2026-05-07 03:59:27.163425+00:00
faada699-bed8-496e-b6b1-f2d9e4e9b545,97836456-fc63-4233-a8a5-060a0764050a,1705.29,2026-05-29 07:57:26.304743+00:00
2e213082-b7b9-4ecf-b68f-b5aa9e0c44d1,2c7b6ea6-09f4-42a0-9e65-22d24ecde574,1814.79,2026-05-16 19:59:14.016762+00:00
6f9b102d-cc92-47ec-b0fb-470ead1d0bbc,3c8b7275-8faa-4589-ab45-e0bc09876870,2031.53,2026-04-25 11:53:22.277502+00:00
980af44e-b302-4095-b726-73ea6218c27d,6f2cdeeb-00eb-4ba7-9277-0d765336ed3d,1177.19,2026-04-28 12:59:27.105468+00:00
35c448a6-923e-45e2-aefe-892c68698ee3,6c1f7b59-b47e-419f-beee-0ba8a61f99b3,2230.04,2026-05-25 06:53:59.955763+00:00
03202949-c33f-4867-82be-99bc56b888c0,2171a23e-09e5-4fd4-88c4-274c7b2e7093,3030.64,2026-05-06 18:13:40.727952+00:00
3786aea5-5ea5-40e4-9afe-2ff1d82ad7be,fd0aceea-dc22-404b-a153-bb551eb0b663,3678.01,2026-05-28 01:08:37.961331+00:00
3fb28f17-c7d4-4962-8c71-eaee43052d12,7f05d11b-3fa9-4ddb-a454-88b1309334ef,3161.99,2026-05-31 20:58:44.096083+00:00
23c54441-088d-4513-8a9f-58a4e09b1217,1f8abd27-9aa6-4025-988d-32cad1837d21,499.19,2026-05-29 19:55:07.072521+00:00
011ccf0e-e345-46c1-9b40-20fef0d1e50a,74e8d81c-b8f4-4ac2-8765-ee0fe950d5f6,2967.85,2026-05-19 14:10:29.330073+00:00
be32ecce-a343-437a-9c06-5c619e4e5b36,16176a4d-6a7e-4c75-8ca6-bbdc4733c044,2893.77,2026-05-21 16:40:13.728356+00:00
bbccb518-ccf7-4aad-8ea5-7cba770e77f8,5be9f1d8-b672-48d2-8e37-7cf36b952c5c,3753.08,2026-05-23 19:36:51.544427+00:00
49d27828-9f7a-4059-9662-816d93760199,cf2db771-8add-4c8d-9f57-9658ddd73ff1,2557.66,2026-05-29 13:10:02.038728+00:00
479d1f82-1b63-4d0b-b914-dfe90bd28849,95bee7b8-92cf-429d-b8ed-73fb1948eb93,3952.7,2026-05-30 14:36:58.156644+00:00
e03869b0-545c-40af-8ef4-a9badc2b7186,90f0414e-1987-43e4-b663-a79339a5f488,10.0,2026-05-19 12:15:07.985464+00:00
73421aea-d2b2-4acf-9da1-2422e50a7264,04b54e10-c4d4-4202-8be5-19adb1033584,2590.93,2026-05-19 20:47:05.488823+00:00
7fd1641b-4cc7-4221-af28-6b93c7379790,90048fa4-9b73-4e43-af22-c9c8d152e51e,1990.92,2026-05-22 20:08:34.094471+00:00
aab19bf0-6291-4653-865b-27c8fc6f0283,998dfebc-b27e-447e-a55e-340cf8fb4989,1993.37,2026-05-28 08:09:50.875864+00:00
e8e68ba0-3954-4f6c-97dd-2bf86e5f648d,c19e9073-caa1-44aa-998e-0c34e64b0fd1,1532.33,2026-04-07 01:09:02.638767+00:00
ebc56ccb-fc9c-4732-9497-9284cd8f61a3,8c14823e-fac3-4b89-b236-1fe84ee053b4,1258.44,2026-04-19 17:05:11.707094+00:00
eb7f208a-e624-47f1-8df2-08eea4ddfe28,349a4aa6-175c-4544-8462-80322c962ea7,10.0,2026-04-25 04:14:17.090748+00:00
51ba9d47-463f-4a28-b8bb-c28e32722107,85620eac-d9a8-4551-afcb-3ca9af7dfb57,1568.08,2026-05-23 02:49:53.325535+00:00
1fa9158c-f4a6-432b-8c68-65805c5e968e,663c1d52-2ac8-4d62-8532-d1953907b54c,1144.29,2026-04-12 17:17:33.241666+00:00
b9722e90-4912-4758-8d93-320dd9c187b8,1a789fd3-83d9-4732-bf30-51ecbfbeaccf,1107.32,2026-04-23 12:21:47.877407+00:00
b4959ca2-b141-42e6-8801-76e026cea60c,113cd209-c4f0-47bb-9e9a-8acada69747d,10.0,2026-04-27 16:52:16.084188+00:00
911ab89c-51d0-4e38-8fd9-58a8bb0e3077,3ec000a7-6fe7-4d99-99f1-19e25278f38f,753.85,2026-05-15 17:43:38.350380+00:00
d83c8197-210c-4707-a1f4-fd212706cda2,3aea9955-5ec7-46b2-9141-b0898407f32f,770.81,2026-05-18 04:41:09.754187+00:00
49df3d6b-2df9-4b1a-a7ed-4650b2badbb4,0975fa44-b901-4895-9da5-930af4954bcf,360.65,2026-05-27 06:33:08.527772+00:00
76fe84de-9ba6-473f-8655-8b090f2bfdd0,57400e81-e663-40ae-a1f9-d597728ab5b2,3973.83,2026-05-15 23:50:35.458451+00:00
496ba760-b7a8-4205-8332-0242a15bd642,bee2ff4c-2d7e-4802-b561-aa9233145ec3,6205.85,2026-05-13 15:39:37.298949+00:00
c5b47cf4-3cc4-41b3-99c9-d466554801d9,0ad8646f-1b23-4822-baa4-f76b99ce3143,4101.63,2026-05-17 16:09:08.331320+00:00
7b65fcdf-a518-4231-b5ae-3a2c941d5489,8b0fe08a-11c3-4b5a-98b2-710ecc5b20ab,4405.19,2026-05-28 12:33:36.364088+00:00
a3e109ea-8ae9-4bde-9b8c-b43ca6c018ad,fc3939d3-c86f-42bb-bfb3-ee73b89b4b51,1309.12,2026-05-30 08:23:48.633521+00:00
47b284b1-08d1-4c72-86a9-cd1158ecd95c,32005f55-6707-47e9-826e-fe82a4b3172a,10.0,2026-05-12 13:58:50.839498+00:00
0f2c4a37-4c74-4c85-93ff-4cd252e9794f,e59e437b-e26d-4aec-82e0-921c6f71e5de,2173.46,2026-05-15 17:04:01.536091+00:00
4dbc2c33-bd9c-456c-97b6-ecace06ab1d2,2de1c8da-fe9c-4e8d-9f61-1640a931ef87,1170.64,2026-05-25 16:23:11.673985+00:00
4c4f4358-75f8-4fdc-bd77-bc13886d6fe9,c86c8d0e-93d4-4f27-94c3-b2d7a143ea0b,3259.14,2026-05-18 08:55:29.184619+00:00
794d9429-6466-4ea4-a7ca-0017d1290e05,1c9fae37-71e3-4cb5-9f1c-c540f91ff832,2362.1,2026-05-19 12:05:31.697259+00:00
6512d4cd-e200-448b-a3d0-67afff6dba52,47141c19-a2a0-4878-9781-9a43b29a77ef,1092.38,2026-05-21 14:52:35.638686+00:00
2402bba3-95aa-4c2a-bac9-2cdc8f437922,2635f1f9-0be6-4643-86ea-53697a69e495,2453.13,2026-05-23 00:05:09.701329+00:00
5eeb5b44-084d-4809-ad74-4684ce7c3d5e,c85abda1-3274-487a-aa02-a09856b3b841,1801.06,2026-05-29 03:37:06.318474+00:00
917c6d0f-f86d-41be-a26d-c4c9fd863041,e06f303b-ae2a-479b-b7fc-c01e454ea53c,3288.31,2026-05-25 12:29:40.517408+00:00
30cedfb4-eb6c-48d9-8c8a-4203e8c8ea13,5489f43a-9288-4223-99e4-266aadba3211,1777.93,2026-05-25 23:18:15.273558+00:00
1da68c2d-5e2d-417a-83fb-339d9eba99f0,459b81ac-78b4-4966-b3fe-669147694209,4904.74,2026-05-29 03:30:27.090197+00:00
50d676eb-4d19-4833-ab49-4ecaddfdb585,00e05683-025c-48c0-b45c-20a77ed581a5,408.07,2026-05-28 01:38:33.557335+00:00
26edd9b6-e458-4b3b-832b-096ea641888b,f1378727-d9bc-436b-bcc1-cee992254ec3,792.72,2026-05-27 23:59:33.153815+00:00
48b70fae-fd6a-46d9-b918-84f77a7f4659,084c54ef-64de-4878-9b25-ca69efd38530,884.22,2026-05-28 14:40:22.852258+00:00
88b45d44-0443-40b2-9f9e-5a5ce2024635,03b32993-2597-42ba-928a-dd9bcb672009,495.61,2026-05-30 02:43:32.803968+00:00
6c3ad18c-6208-4778-98d5-ebcb27a301cc,baeaba8c-bfec-4927-8410-84751799a34a,605.6,2026-06-01 00:27:34.589421+00:00
c08e5434-7211-44a4-9b39-ac863681857a,042e7abe-849a-4ca9-b9d1-aca1b897c8f7,1501.06,2026-05-22 15:57:47.429068+00:00
beb25b4a-dbb0-4779-bf2f-71f5a1a434eb,40f11415-18d4-4ecf-b511-0de8daa5c226,3063.66,2026-03-18 01:46:59.817358+00:00
ca35d7ac-5064-49db-b007-1611bb516c08,916cda08-08fe-4d09-b800-ac5d8237ad1c,1666.62,2026-04-07 09:01:41.742122+00:00
20db3f6e-89f8-4248-b5f6-d6447ade945e,7aad3be7-07c2-4047-b35a-b3c4bb75b3d1,10.0,2026-04-24 16:51:07.861476+00:00
81be7e86-e3f7-4dea-97b9-cb1b242c9c53,c1f816d8-3228-4caf-ad81-80bb3b4fd555,513.46,2026-05-19 14:01:46.960448+00:00
5b1b2842-ee58-4ec1-ab81-53f405392e87,7b6b164a-e78a-4e07-8338-02636d5bcbd2,1256.02,2026-05-27 22:51:38.627851+00:00
81d57c6c-81a5-4d32-a3db-70345e9e7796,5da4890c-217d-41ff-bd3c-e3982681f880,2025.87,2026-05-29 04:46:26.974117+00:00
dbf37b35-bed4-4ad3-804e-85928b3af54d,0db35e09-2df8-4121-84dd-2e08939e43db,3023.36,2026-03-30 02:54:31.402489+00:00
77f33f5d-274a-4904-94a2-1ae0f09f7ae8,1549e861-7cee-4563-9da5-6c528c3aad02,10362.4,2026-04-10 07:06:33.022081+00:00
e891d9fb-fd1c-409e-802b-094172f00a6f,c8f8f7c0-0712-464e-b4e0-95af9a7a3704,10.0,2026-05-16 18:07:54.476277+00:00
da6ac366-4cf6-40fe-b201-a0e9637cdbe2,81be4293-49f0-4469-a970-bc0df38ce384,571.58,2026-05-19 08:47:51.703704+00:00
f5716092-24e2-4aad-9118-553ef60c1748,36693cac-5f07-4de5-bdb7-84e57b459914,3672.7,2026-04-16 00:50:20.305350+00:00
521dc4b2-9a47-4389-aad7-dca410451ed6,1fe347ed-eae1-43d0-a4fa-becac7300d57,2022.54,2026-05-10 07:36:15.152112+00:00
7c573e93-fcbb-47fd-9f27-aeb61da511f8,47ddea6c-1b1b-4bbe-bb14-6a1d75f332b4,3260.06,2026-05-20 16:20:36.938477+00:00
51f02d12-216c-49b1-8376-6f745adb2e2a,ac5db3ea-a56d-42c0-9680-3524c717db6e,2314.02,2026-05-24 03:56:43.317648+00:00
8ec2282e-d0b2-42ba-9a0a-36747c672a18,176046b8-9a14-4da1-9311-c8e8efb88db7,2434.25,2026-05-17 20:29:25.302706+00:00
6bc0c074-deda-405b-99c2-9b6cdd749864,f899a7ba-d5d5-44db-8fa3-627ae63a4c42,878.85,2026-05-19 03:24:24.935070+00:00
ced1572d-aa99-4295-991b-94270d805263,f7ceb8f3-874d-483d-8468-aad9eeaa78bf,1963.31,2026-05-22 06:28:41.916149+00:00
bb4f02ea-0a44-4bd2-986c-cdc2c1396bed,8ba412f8-29c5-4494-b794-0d450262a3a9,2689.08,2026-05-24 20:17:48.974186+00:00
856f59c8-0945-4e0e-9e6d-27bf0056c67f,98ac329d-1093-4ad0-8e85-6267546d4475,4449.93,2026-05-25 01:11:20.317304+00:00
6ecc5d81-657f-4bb6-809c-0ad306b389ce,4ed87ec0-773e-4d0f-b471-3b7f0d317c9d,506.75,2026-05-04 06:36:56.933556+00:00
2befbb81-7193-4ba5-805c-5e598d53340c,6afc2ae2-0bd9-432c-97ff-7c83001c3596,921.87,2026-05-10 07:00:32.129828+00:00
c45a8ed3-f4de-4433-8d32-0e3263bc7658,cdaada0f-f648-4a4b-87e3-b3b9bbe4121b,336.39,2026-05-01 00:51:07.820178+00:00
c64da411-fac2-4c2c-a871-4ff755e4b3af,58d5ae5d-26b7-4193-9592-668f07d65e2a,10.0,2026-05-10 00:26:47.240856+00:00
9777efc9-84d8-45b1-accc-3811b977175c,6372e477-2d02-49e6-b1fc-9a54caea5c2f,456.38,2026-05-30 04:05:10.397392+00:00
b3a48e17-0a6f-429b-8e8e-cd228669c07d,bf2a2edc-0206-43b2-a361-809d34e00560,5522.27,2026-03-14 12:33:56.933995+00:00
c520c887-18b8-400e-9859-f79e691d59e8,2106d723-099f-472c-a7bb-ec9e4fbcb8e0,4087.75,2026-04-10 05:56:15.989771+00:00
acc08709-87c9-49d3-9dae-0badd9e90ae6,5badf596-8bbb-4f11-a760-4f47aa0d5d4d,4597.99,2026-05-16 14:46:37.649675+00:00
50756bdb-6c9b-49bf-9a8b-2681d56e67fc,1a761dc4-d99f-48a5-87a8-3bfdffbba83a,4069.3,2026-05-03 04:10:24.719347+00:00
0b420e34-cec5-44be-a75d-81645b7f4c82,884c3e0f-839c-4088-a900-32f405bae1a3,4344.83,2026-05-21 04:36:31.037157+00:00
ff166ded-e303-43a0-b301-f16532355037,a4d42d83-cf30-4add-8399-8458e94328a8,2546.66,2026-05-30 05:29:27.148017+00:00
77c67104-83ee-421e-8ddb-b755236d527a,905647b4-a50c-4473-8f8b-c35975f08564,1210.64,2026-04-28 09:36:13.461235+00:00
57d770c0-a4f4-4cc2-96bf-ba4199cf3bb7,be618182-1a4a-46aa-ad03-f57966166592,836.42,2026-05-02 14:39:04.181024+00:00
c61b85c4-845a-4885-8fb9-b98e6a251ad4,27bdfb68-11a9-4ac8-946d-bf9b9884e611,215.4,2026-05-05 04:34:51.668882+00:00
b4116082-d192-4f70-8e25-681bd2e50a0d,4516f246-cf94-491d-82fc-daeed1cd2533,313.93,2026-05-25 04:57:23.487853+00:00
f71cdd52-ddfe-45eb-a74b-635ff5840713,1713b00e-0dc1-400c-9a55-ea8278c9c2bb,6069.45,2026-03-27 15:41:55.937662+00:00
2f682a08-4cf3-4a80-80ee-8ddd146bdf97,60eeeac7-3060-4b99-a419-d9151f83bafb,4220.02,2026-05-05 03:35:22.690924+00:00
d30966c9-17b4-4035-a2c4-c35678484d0e,60a1c0d0-eecf-4f12-8bb8-5dd1dc8e28a4,1523.73,2026-04-26 06:06:04.293582+00:00
9c6ff12e-5768-4230-8a3f-77a0286540c3,914d5467-0a6d-4127-a111-45341d4c24af,1550.23,2026-04-08 01:11:52.011058+00:00
023d6b28-3600-4689-ad76-148f7ca80ee3,b036963a-526e-49b0-b0cf-949995cf1538,924.58,2026-04-15 17:22:06.214025+00:00
cdc57547-1405-4d57-b758-f0b9e0e042c1,6bb0a53b-4055-4292-8c5e-1b9fa28298a5,581.96,2026-05-01 12:32:45.599980+00:00
0e1a3e42-52d2-486b-9149-d125c7ade05d,5c3ce026-97cc-49f0-abe1-abd3d1f6ea76,1158.77,2026-05-20 12:02:12.701694+00:00
9458a8e9-159f-43f8-91c1-241857dce126,8b15f434-264d-4ebe-b3ed-a036eaa396f9,633.0,2026-04-15 04:14:43.815671+00:00
3abe8b7b-94f1-4ae0-80b8-2971a6ee490b,5958d209-9cf6-4385-b43f-67446d7a82bf,118.94,2026-04-24 08:31:59.904158+00:00
30a60e66-f969-4ddb-af88-f162af7c0eb2,68e60f1b-d475-4c9a-ab2e-dd10c75de057,394.2,2026-05-17 07:45:40.142218+00:00
f93fd21c-322c-4b6e-984f-fc1fbde81e44,1168ad47-2e64-4963-9568-0472db17fb21,2558.78,2026-05-23 09:07:51.687081+00:00
3b677a6a-8246-4d03-a415-84c517f21162,8d101051-8eab-4480-bc22-8b7afefbabb9,693.89,2026-05-13 07:43:30.801331+00:00
ee7ce01c-baec-419d-a46e-39f2b04b6f93,8bd0b294-13ef-4afe-9c25-ca533539b581,2085.98,2026-05-13 10:39:59.528058+00:00
9c6e9bae-df4f-4bbe-b075-7a09bd8ced20,cb5d96da-43b1-43eb-9b85-be46f91851fb,792.51,2026-05-21 05:11:31.570586+00:00
97295a2e-6eaa-45ad-92d0-d3926910aa18,081d2bd1-22cf-4c13-919b-f3fdc8e9ce08,171.81,2026-05-29 02:14:28.920808+00:00
727eeb9f-6324-411a-951a-a4d6111cf70a,bac642bc-3ed8-43cb-94c9-2349cfc6d416,403.85,2026-05-29 19:35:34.839246+00:00
3666d476-32ba-49e0-a293-60ab022a8836,7935ff13-02e8-4285-88a9-f203365b003f,496.65,2026-05-30 08:27:20.503154+00:00
f236036c-f8ae-4a92-98f7-83a3fc22de04,2d6999f3-2c45-4764-89bd-77c5e25b64c8,610.95,2026-05-30 10:10:18.189027+00:00
d630069f-deaa-4c75-bbc1-4c59a629c5da,e1ffa34c-42ff-4b64-908e-dfcf2dcc79af,4682.46,2026-05-20 09:57:53.565878+00:00
d3b9bb1b-33dc-478e-ba57-6e680558a308,97bbcea0-cac1-4887-b4f6-a1fe3bb26f29,913.72,2026-05-24 00:17:47.151839+00:00
1616d670-d715-4675-8fe0-3b60c2afbf23,0e7df5f1-619c-4144-aa11-c733dfa9f207,768.18,2026-05-22 22:43:54.031267+00:00
d5ecbdd1-1b14-4958-a15b-1b929b068d46,97486a7b-d09a-40aa-b82a-18a75d0727b4,1043.34,2026-05-26 16:53:43.806126+00:00
49b93cf1-554e-48dd-abf1-53a48739d9d8,04c09288-d6ad-43c6-b3a5-49cb91793c6d,1321.19,2026-05-28 03:59:28.616680+00:00
0ef2e126-61eb-4bba-b2a3-a13bdb646f94,5d6b59a1-734a-45f7-bd2a-c627bbf9931e,1064.81,2026-04-19 18:25:58.830528+00:00
f0e390db-e4ac-4089-be30-533858eb6e3c,a646de76-2fbd-4756-b965-68facdbc41c7,1151.75,2026-04-24 22:56:01.063334+00:00
c44e6d74-d068-4c8d-a34a-49bad3e99b34,3fcaddc2-bec2-48b1-a76d-531735628f64,782.81,2026-03-26 18:56:46.041423+00:00
0966cdf0-277d-49cd-b39a-d94e4445141b,b011c296-db77-44b0-acdf-f39853af6742,2013.13,2026-04-14 21:39:19.057683+00:00
70d94f03-b129-4ea2-ae6b-264902733e6a,e43fd770-7cb5-42f4-810f-ddf9f104bc12,320.39,2026-04-25 12:02:18.080347+00:00
90abf38f-0375-482c-b357-c3d2cd079f08,e03ceaf4-369c-4fd6-ae0e-8720cbb3083e,2038.36,2026-05-06 06:00:19.195624+00:00
894213d8-47b4-49d4-8dbc-1c73d4d2ac91,f8e1d471-887c-43fe-a42c-7a49b190fa97,276.98,2026-05-21 20:30:26.306804+00:00
2ddd15e4-3eee-419b-9e98-b92831fea614,369f3051-8ddf-4869-8e69-52c2cb6c75e6,565.32,2026-04-19 12:14:17.105871+00:00
d1100e46-8b99-41fb-9b6c-ca84a42a1e70,5efda964-0fcc-435f-a664-3a8386d0fe40,574.72,2026-04-22 04:07:44.681639+00:00
bee4d927-2cc0-4ce0-a152-1269e18f8ab5,64fb5cd7-2c1c-48ff-83d9-f06e649654cb,513.98,2026-04-30 13:46:25.297598+00:00
dd300767-f4ed-43d9-b3a1-f3b6db8925ec,8a9a1cd8-0387-4d58-aca4-1db8ebbf5591,2515.39,2026-04-18 03:27:03.311985+00:00
647ab0ae-9b53-47db-be69-1421c8b27aae,82fc625a-bdca-4a2c-99f6-3b4ba24d9917,3031.21,2026-05-09 13:02:55.403246+00:00
385ba371-5323-48ef-817b-c01608637340,95c33f73-fcad-4898-8810-1457ba2d4506,1735.97,2026-05-09 16:09:04.284924+00:00
ccb72f7c-59dc-4308-a7b4-509499f560f1,d189be7d-c7f8-4c98-97cb-db3030ca43da,688.15,2026-04-17 08:36:38.359147+00:00
568a4e0c-9efa-451d-a094-f9ce87795da7,27c3112f-4c76-40c6-a5e4-89371b970ea1,4624.01,2026-05-26 21:24:25.567203+00:00
ca296dba-83c4-4934-8431-43b414813d82,014d046a-6cb1-44c1-8b82-8589dc94b0fc,4444.48,2026-04-29 01:08:39.092912+00:00
270be65d-3ea9-416f-af40-59ced69af9ef,a01dfdab-bc78-4f78-8bde-a0bc8529ff10,10.0,2026-05-01 01:34:18.581864+00:00
bddcffa4-f0b4-4f52-8f8a-4be8ef5c95d3,746b1a27-5254-431d-bb21-b5f06a23e53b,5550.12,2026-05-05 05:09:03.375267+00:00
b8b95f82-1511-40bc-ae91-c5a88912ebc9,a3dc68b4-c91c-465f-8be9-9abf34a019b4,5537.33,2026-05-13 15:12:04.540983+00:00
5e3df35a-bd5d-4a64-b9a7-46fa14205304,fb09f7c8-29da-49ea-9bc9-c016699853f9,293.65,2026-05-28 21:46:05.405659+00:00
3f98573a-2ce6-4bcb-ba49-3a121d606137,ed02d0be-9d46-4e2d-b391-e6329874be7e,3463.55,2026-03-13 17:48:32.183247+00:00
e154df6c-9a19-4658-8c2a-626d435de410,01506417-f833-47de-b0c9-5a44f0b69ed9,4732.92,2026-05-20 22:08:40.520953+00:00
3170c36b-0ed7-4494-9c1c-fe4bd7f1d848,9b37c5b8-fe54-4960-93bb-148b94c77c65,2202.97,2026-05-21 11:48:20.316711+00:00
e9b2421d-e6df-4a74-bc8f-199818eba835,9fe132e7-6b19-4641-9d61-47ee6803d435,5802.4,2026-05-27 03:51:38.697036+00:00
8196ea17-d294-4f7a-82e7-7cbc53d0e7de,2541bafa-49a1-43c0-8396-165c6112cee8,4974.81,2026-05-23 15:43:32.344145+00:00
7265784c-a169-473e-9300-d27a633a3114,0f8f8058-45c0-4934-9813-eb6b355d2ad0,1241.95,2026-04-01 07:34:21.292281+00:00
2b672551-b9a3-47da-bbe2-9642e1dcc273,2c1b9440-d21a-44de-92e3-1aebf79c9a77,1662.25,2026-05-08 09:53:58.392880+00:00
3f1e3347-128c-4861-9c5e-98d8e6280a6e,713cfc8e-106b-4def-ac46-db37d777860b,2972.66,2026-04-08 06:59:50.375912+00:00
e2f590b7-98c9-48ef-aeda-ef6bd412d0bd,dab24228-16b2-490b-9507-0cb29fc38df4,1236.88,2026-05-19 01:39:49.316303+00:00
3d3d2c35-3629-4f24-b038-be1ebfd95d2e,d34078a1-8a9b-4cb3-a538-86bba57177a1,6099.24,2026-04-25 22:10:13.546830+00:00
997de512-e7c4-4059-ac3a-c5653ac3784a,348ea536-c1eb-45da-a6a5-250782a144f0,6053.8,2026-05-13 07:51:49.050734+00:00
612b4460-42e4-467b-932f-03da81f70670,35db8d3c-7f88-409f-881d-4c2ff41436dc,2586.18,2026-05-30 11:27:08.527988+00:00
8544c286-bdfb-410d-8f80-cda6252c013f,d151e57b-9d09-4c31-880e-1c5c61592b64,1387.07,2026-05-16 06:13:45.357388+00:00
729977d8-3ce0-4a99-a6fa-1e68f0ba6f97,0258949f-23b3-4aea-9856-a31ecb4f1416,1186.9,2026-04-17 16:16:41.473938+00:00
6c5b07a0-6788-4936-849c-d2d2e761146a,d2c393e8-09ae-401a-80e0-87e8f16eec34,2227.67,2026-04-13 00:05:55.633755+00:00
0112c1a2-82f4-4389-bad6-a0b4a57374f4,6de8c038-3b26-4a2b-8b42-e5b38a72bb8c,2591.04,2026-04-21 13:05:28.901666+00:00
14955581-3050-4f9a-8615-ff768b2cf2eb,03bf0e35-2f6e-427c-9d5e-81ca07938c9f,3093.37,2026-04-22 04:37:53.517707+00:00
32c551d8-adee-4260-b75c-96f3ae4d750e,38b19ecf-9d90-4c7e-a24d-9fccc81a82c2,2964.59,2026-05-03 15:55:18.550217+00:00
7cc17144-08e8-4d88-9422-eed62329794c,c7cbef18-f227-40de-a29d-b16bdfffba4c,345.8,2026-05-15 14:46:19.515945+00:00
9e7a941e-426c-451e-8894-7aeb7c9bad1b,16aae7ca-2367-4ab0-8758-bb94b2131745,2983.74,2026-05-19 15:07:10.767116+00:00
70516319-9d52-4dad-955a-62b26276e155,34f9afaf-57c6-40da-a3e2-f511eb3055eb,3848.51,2026-04-24 01:46:26.289222+00:00
87cdf5a0-33f0-44cf-b4ae-dd93518ade15,e260f28d-4ae6-408b-9f3a-da08901144db,590.17,2026-03-25 02:23:44.489796+00:00
f382ee2c-6480-4cc5-bb2b-ad8812866528,0d6ede2b-1e11-49ce-89a2-ae5c12e3caba,1600.3,2026-03-28 12:22:40.614479+00:00
50727ce6-1ec3-4dc7-b25a-dcf98c5e87de,6acdb7ea-5119-40f3-964d-16f1e54aa2c2,1639.95,2026-05-23 14:12:22.285060+00:00
94ccfbab-afe2-4ea6-abc9-d568f375f0e8,f7d51f74-8706-4f3f-981d-7398b8cd2e2f,1456.26,2026-05-30 15:29:17.806934+00:00
f58d9539-0ae9-4c49-871d-49f5977e3d41,0c64715d-4473-4c63-b4a0-93f0fced2cd4,908.09,2026-05-31 11:12:32.651004+00:00
14bc31d2-f72c-43ca-9dd7-1613137ffd82,32fb35b3-e51b-48cd-88b4-e69273b29914,791.46,2026-04-27 12:43:25.577897+00:00
d852ef3c-ac7e-4812-a1ae-5f3b94dfd64e,8b191c0a-5c12-48f9-adda-4bed54c0ca86,3150.05,2026-05-31 09:30:40.436920+00:00
cb4d7c66-408a-456b-913e-64513ba6439a,329d16d9-cc2f-4fb3-b45a-9bee832bcab8,4139.14,2026-05-31 13:26:26.166818+00:00
3828c0d5-da50-495a-a4fb-366204971c34,eb32d546-6efe-4978-b4d2-dc1c2ee7782d,3496.55,2026-05-31 13:29:09.951796+00:00
df3ade6d-87fa-40fc-9a99-82bc2a232a0c,bd33c3a5-78a8-4fa9-bf17-3a5074a05b0c,2243.48,2026-05-31 13:07:38.120477+00:00
1ec8e13b-edea-4e77-b423-cda270c30764,93256554-411b-4ff2-9e80-8e222392499f,2296.27,2026-05-31 19:27:58.982655+00:00
d719cd3d-cb75-4cba-b4d2-aaec1f9719ed,1d5266d5-35c2-4af7-80ba-394ecdb89dbc,1375.28,2026-05-31 20:30:58.774803+00:00
ba146db8-768c-4135-9356-a44a5befcc96,ecd16971-1693-49b9-8eba-644a19910d97,355.96,2026-05-09 19:15:49.621802+00:00
e59e4ed7-3529-4e51-bf90-3e50122222f5,56686e77-b0da-439e-bd34-af2dd1bdeff7,904.68,2026-05-19 13:13:23.884861+00:00
311034df-b83c-4068-a488-64e8628995e3,ab9b1301-26ef-4d11-b8d5-03cc2d228fbe,346.35,2026-05-27 07:18:21.614395+00:00
37ef8712-a6d2-414b-9441-939e036e6086,ef576191-52ce-4006-8847-f9c9b7b1b85d,3203.11,2026-04-23 06:35:03.298289+00:00
61cf35f7-cb16-4843-bda6-853b370a0578,48207860-e0ff-406b-8cb8-2f0646838cf0,2070.71,2026-05-22 03:17:05.876092+00:00
f1f1cff1-d434-43e9-b180-3fb9aa3593bd,0399011e-220a-4d79-9e2b-61cbefdac5cd,1053.89,2026-05-10 17:01:17.405850+00:00
1ababd55-49eb-4f97-8c98-d5d95fe89b7c,741043ec-52ac-4e0c-94f9-7e6a40c235dd,2117.49,2026-05-24 15:10:40.717860+00:00
d448a605-94b0-45b3-8ea0-7fefc23b5912,6d032742-bcb6-4c19-9fe4-e0c5f9965194,1189.34,2026-05-27 10:43:23.731508+00:00
8b0f928a-23fa-4042-8e3f-b6399b38e0ce,d5da9240-a6ee-479e-8632-e1793fa662ea,2121.61,2026-05-23 07:33:45.351739+00:00
73e1c3c1-8137-4535-b8c4-2e35b5010349,c7b5c5ee-2029-41c4-8d66-a757dc8cd5cc,1605.57,2026-05-25 21:15:16.526565+00:00
c1e3e7c9-d089-4ab6-93e4-e6b0200eca03,6ab0006a-7c9b-47eb-b269-37d98558ecdc,407.09,2026-05-30 13:44:56.428274+00:00
d191e76a-cf58-4eeb-abcb-c5a300e7cc86,e8576cb7-8194-424d-ad27-b4233ed4753f,2669.43,2026-04-15 01:04:31.652102+00:00
0a318b71-28bc-42d2-8da9-039ebda52c1f,c7bb0306-d2cc-4ecf-8279-021acdab9a30,3235.97,2026-04-19 20:31:22.244791+00:00
81b03836-bd4e-43f0-adeb-c0d7ff93bb04,dddfc309-8b06-4f1a-819c-ad528a43aa0a,2836.6,2026-04-24 21:07:39.408764+00:00
edcb29f6-1c2e-411d-8c26-e04d98f19f3e,f8379060-b37a-4e36-a537-71627193383d,2613.33,2026-05-07 08:14:01.140952+00:00
57593831-3adf-4cea-b463-2f69d561121e,7d0c235d-c9c5-411d-841a-7fa4bcec60cf,1597.56,2026-05-26 07:02:19.764683+00:00
27f19652-5d34-4f0b-8b87-dd000af524d5,02e71045-3065-48e2-949a-7e792b913c2d,444.84,2026-05-26 20:04:57.824152+00:00
fd0c39c7-c96b-4809-abf3-45939e5f4141,64278e38-f514-4e18-980a-ea1f28a0c5ce,948.12,2026-05-27 05:58:50.260019+00:00
0115a343-6bc1-49b1-aed3-e0a95692e1e2,b2bd6f4f-c563-4f48-8047-450173bf8a1f,2144.08,2026-05-28 02:27:40.624747+00:00
10ae2eeb-99d5-49b3-a8d7-64ccbaa7126b,5313caf9-7ccc-4510-9e53-9e4685af6c8d,160.13,2026-05-14 19:50:24.058995+00:00
74c9f7a3-b81b-4762-b090-7d78a9396572,8c3a9a1a-8a82-48ad-8fab-969214a4f77f,933.78,2026-05-27 02:02:19.471305+00:00
702fdbb8-63d8-4601-b53c-6e8fb120f79a,b38f3bf3-9e92-46ad-bcb6-26d00e21f0b0,1832.43,2026-05-18 02:37:54.084183+00:00
d143e914-40ee-450d-8451-c428153d8cb5,99530893-ea7d-472a-a6ed-2a78b4e21d20,1116.99,2026-05-22 19:57:21.777163+00:00
0869e365-d0c7-4d07-8b19-06816570f15b,0bca0fae-2c3f-4954-8283-6af3b2e477b0,738.51,2026-05-23 17:07:11.952664+00:00
6b5cd175-0361-403a-8296-b2378a183530,df4ad056-45a2-4dff-b543-a1a37e7ce450,2343.92,2026-05-24 05:21:39.141902+00:00
c15a0df8-d449-4cc7-aba2-ab795604e6d2,5a825250-a5fb-4338-a73d-1efff044b0a9,1707.67,2026-05-31 09:58:40.839886+00:00
572e1c1b-da0f-49fe-be5c-7452eb09b026,f1e8377e-5a4d-4bd5-928f-110d0118c923,74.29,2026-04-25 05:48:33.027780+00:00
a3269590-46e8-4021-a021-4d1fa7bd6e6a,f77cb589-2c63-4eba-b9ee-7a3f11131e7c,3190.69,2026-04-30 15:45:30.052111+00:00
bfd0f457-67d8-4815-9c14-2175a1508741,13ed9363-defa-424b-8d34-e1463d849015,3861.75,2026-05-11 00:00:44.362151+00:00
f3adb5ad-06ac-47f0-95e9-d8b0f40eb49f,22001dc2-93aa-4989-9fae-032cb6b14268,2344.8,2026-05-13 17:41:04.503827+00:00
ccae62ea-7509-4341-bf08-7ebc23860720,453d3525-7a74-4278-b4c7-36f60f102273,3412.56,2026-05-22 19:42:51.812862+00:00
342ffc29-7a87-4c51-8e50-fa76bb13a89a,b36312fa-b5dd-4a1e-99df-13ddfb7fe539,2716.15,2026-05-31 08:07:37.627813+00:00
1c9fb623-0b7c-4905-bd78-7c1b7c2051f3,d413034d-5f72-45e8-b750-997d8ff61c45,1864.54,2026-05-13 07:59:50.024695+00:00
acea4ed0-b752-438e-970b-fc00c52cceab,28d83e3b-f851-40dc-8ef2-34e2de3bdb0e,3054.36,2026-05-20 11:39:28.278909+00:00
b2639ef6-6e20-443f-9439-31f2a49a1477,076528bf-09b4-4f69-b70d-ef3e0ad848b2,1156.7,2026-05-27 02:32:55.943502+00:00
6822057a-a94f-40cd-b5b4-a722dbb38d5f,1a4e0fb1-f556-4907-a218-d4a00831b445,7774.22,2026-05-29 20:47:15.850778+00:00
6a7f88e2-9bc8-4799-a7dd-1ac265a22eff,32296b58-ce9c-422f-a2f7-6c519aeac787,2552.29,2026-05-16 18:42:02.122227+00:00
55c62176-8292-4cb3-8e4c-cfe9e2bfb28c,8c96de37-a8b5-4d7e-9327-f562c9ed3999,2603.61,2026-05-20 05:11:54.561808+00:00
e39878c0-1f61-4a90-a882-39bad0c20e50,c6f7d63f-a1ab-4dbc-8835-e8e83aab3219,1470.07,2026-05-27 14:20:24.167803+00:00
ec12f4be-3157-405e-8c70-cf0e12813012,0fa033ab-9a8d-4e90-b635-6e33ef900d3c,1322.82,2026-05-28 02:09:56.488504+00:00
70616154-8d71-48cb-a08d-0dc6f55387dc,a5db707e-7eeb-489b-a114-fc0d896c0c00,750.08,2026-05-05 20:10:35.818688+00:00
5210ebd5-227a-4f2f-a27e-e460bc2325e7,32f1712c-7c02-4c2d-b9e4-6191884e98c4,1550.78,2026-05-30 07:04:37.422679+00:00
c14d9b39-5446-4e3b-9821-a2347fe53bfa,0aa3b78b-2131-48f8-ae69-f110260d342b,272.7,2026-03-12 23:15:19.428577+00:00
9c058c0e-d60d-4a69-a2e4-d2d6a252f7fc,49a661c5-afad-426d-8c8a-26e71d92dc62,1752.73,2026-04-30 00:25:53.958255+00:00
54f93465-ea53-42df-9f12-97dd958d014d,909af3e5-7ac2-4889-9f13-795c47f84cb1,1090.07,2026-05-03 01:57:05.544232+00:00
de065ad6-f625-438d-a0b8-dbc39c1065d4,d816f751-8226-4e5e-a0fb-d961a0cc755e,592.47,2026-04-14 07:31:19.358929+00:00
75854424-f2a2-4873-a17f-6594a89f7552,6063d417-1959-4738-83c2-ba3597504c65,2011.61,2026-05-18 08:33:49.284676+00:00
5a5efcfd-9ba8-4530-bd54-2e53e2fa4871,aa9a878a-74f7-4181-bb83-27dd6bc662c3,3666.68,2026-05-18 17:18:51.593505+00:00
74c0ea0e-9ebd-41fd-b8eb-9bfd222ebc03,db144cb7-3bd8-4a3f-84b1-c7afff94e772,6641.95,2026-05-19 21:30:49.611160+00:00
32d87316-08b9-490a-8c74-6556638266b7,fc1f06d4-815e-4dc0-b2ae-7317bf16c77e,1358.93,2026-05-19 21:39:59.035689+00:00
2c967644-2855-4d28-9177-884b9a42243e,43a26dff-1b88-4fc3-bd3c-740f6adc560d,417.14,2026-03-29 04:32:00.520474+00:00
eaaa40c6-cf63-4339-b277-327984b2ea47,d1d59f0f-22f2-4857-98e7-be2227a4d041,1266.55,2026-04-05 19:45:15.013958+00:00
d91ed978-0b62-4a65-bd39-3458b2dca9c0,de50030e-2a1c-489e-9433-c299ac097da5,1737.13,2026-05-17 10:37:21.191719+00:00
3721f594-a498-417a-9180-084c62dd2257,a66b787f-4d40-4283-bc52-9d0780242b6c,821.61,2026-05-20 19:40:39.835743+00:00
76376146-4480-4198-b283-65ea719a7f54,487d631d-4833-4403-8388-1cbfa321c069,10.0,2026-04-28 02:17:03.648532+00:00
bbb4fb5d-0c53-4b26-a8c3-1e18ab788230,5d95d7ea-afd9-428c-9589-d13c4aa86431,542.74,2026-05-01 14:48:06.238346+00:00
1f82e1b0-0def-4c93-b814-605262b7146e,67031f46-a59b-49ce-9732-ed0869b43cad,369.68,2026-05-29 08:22:50.783600+00:00
4268aeb5-4289-4f8c-8465-eac38b49b628,e6fe1ca2-21b5-476b-ba26-c357447aa61f,4236.62,2026-04-20 06:38:40.158997+00:00
052df632-5fab-4465-95bb-068e9c1630b6,f0be3737-3bdf-4f31-af98-964e21ff51e9,2431.48,2026-04-26 17:51:06.423644+00:00
350998ab-aceb-4fdb-af78-d3ab8123794a,421feced-2de8-4c4d-b4f9-0f3789c0ce5b,4478.21,2026-05-13 23:48:15.179743+00:00
eea5f62a-4671-4b56-b41b-6abb72a001f4,2aeb1711-ab08-46f2-b3d7-543b260acf5c,3436.33,2026-05-23 01:55:49.342690+00:00
eb77c42f-9e35-48dd-aa2f-3069f6e37ec5,c389cfe8-c381-4c38-8b13-13282aa3f14f,1822.89,2026-05-24 02:02:33.755159+00:00
6de0aec0-b072-42a1-be73-57ec774b5050,f3b8ca56-8c13-4ed5-a75d-3f4ff94fe2fa,3080.42,2026-03-18 10:49:45.012165+00:00
cad2d2b7-97eb-4ee2-8a5a-817bcbf67b24,021f95a0-6841-4565-9391-999f97ccfe28,600.22,2026-03-28 21:31:19.472707+00:00
b4db2547-630c-4909-83cd-c38afb49ed9a,3047b450-3e13-4853-b7b2-750c3695cfd8,235.54,2026-04-04 10:03:23.440734+00:00
ff830e73-9d4c-4f6e-84fa-98813566a816,45b5fd86-acac-4123-a593-b494a01d923f,10.0,2026-05-18 15:52:51.840444+00:00
b558ea0a-190c-4928-a619-a377f4cc4c52,cbd54217-f8bd-4c89-87fa-b742c5ac4b22,2168.36,2026-05-24 02:11:05.100433+00:00
d1357963-cb3b-48ef-a20a-51f34ad48746,d36bcd95-eafc-4ad9-b8aa-732d8df07c32,10.0,2026-05-05 08:28:30.049978+00:00
132dec04-2416-4d00-bfb9-01e16de968f3,8fe0d832-6d61-4255-8079-732cb7851f45,3772.74,2026-05-09 06:45:37.924109+00:00
34cce17a-3725-417d-a209-be1ea30be13b,9bcda740-4fcc-4471-ba3c-b3f08359c455,2911.63,2026-05-12 10:27:43.197346+00:00
199a42a1-9ba7-4f99-9842-cc0b2b9a4fba,5e19b4ff-fbfb-48d2-a835-ec809ad176f0,1302.36,2026-05-17 15:28:38.941661+00:00
e3101442-5bcf-4ba5-b0dc-57956d4f3102,8080e467-2801-4fd5-8f65-c0a05d9bee13,1992.16,2026-05-31 02:06:37.639953+00:00
26b3506d-5ed2-4c5f-971c-e96d063dedd2,4ac7570e-e146-42a6-b9a6-349923a41973,245.9,2026-04-30 06:45:55.237605+00:00
dd452803-9395-4b57-9ed9-26b4df5133a1,c3118fc6-7774-4329-9863-b2847a9fc65d,331.18,2026-05-04 07:29:26.238294+00:00
19431dac-836e-4a9e-87fc-a0f28dc4fcab,776beb97-aac1-4b4d-890c-02be782b9c83,221.8,2026-05-07 05:48:45.269864+00:00
458e98a7-58e8-49c6-af44-7b4624092d64,3ad73a98-49db-4187-b434-29e3d487fdf6,52.26,2026-05-15 07:11:59.836615+00:00
bcdf1aaf-1e9b-4026-9697-5b58651eaebc,fe148aec-b1f1-413a-b82e-f8a907df1e42,134.98,2026-05-16 10:59:35.380304+00:00
244675d4-d08e-421e-b4d7-c80dae9c4fb5,6d0602c4-6584-4821-8df6-e043311d7f53,2582.33,2026-05-31 18:36:37.153906+00:00
bf7b9ac8-5d17-4b92-8b6b-d63d390025a3,c3f3ec33-61ac-42f3-924c-40794d9cd112,10.0,2026-05-31 20:40:01.840163+00:00
6eecd47d-4d92-4a62-b22d-70de51465c18,84e662bc-3f1f-490c-8e5a-9628d193a6d4,4924.11,2026-05-31 21:26:29.596662+00:00
03dd559f-5312-4316-a72c-4517e6193034,fe905914-6a18-4286-b92e-9bf4cb19f640,4683.62,2026-05-31 22:26:31.673906+00:00
d7b9b3ff-879b-4a33-a906-33f74c56b26a,9544e99b-6557-4151-bc35-4a361ef2217e,861.87,2026-06-01 01:02:39.306519+00:00
3c599704-c98f-48f7-a664-10369324cce7,0084c9ee-7869-4cae-be62-d5ef85bcada7,6002.26,2026-04-30 02:41:48.768058+00:00
e0e71bba-fc82-4c66-98cb-b2ac20c1b87f,23b6f24f-c306-4197-bdf3-f711eb5b4579,5955.76,2026-05-08 09:48:22.621917+00:00
1b2b3835-92c7-411f-bb62-3447823b17ac,a6656b0f-29d1-442f-a975-5d312e7af056,6420.61,2026-04-23 16:23:10.269557+00:00
09164886-738a-4b60-865c-dfe31a3d5d72,61b80bc1-0e16-4903-b590-d28e59527366,3576.04,2026-05-19 21:44:23.750203+00:00
12984b9a-4601-4770-a287-c52bfa3aba1f,cc34df17-67b0-4eaf-aa46-d82979e50338,2449.57,2026-05-15 05:15:38.391783+00:00
0e61ba5a-759c-4afb-bdc7-5668c368a5cc,546c6bfa-c470-430f-bac7-f7daf4605472,2523.3,2026-05-20 10:01:05.193182+00:00
61d366e9-82af-410f-8631-2bce6023997d,d60e1658-d1fc-4ecd-ab29-d68a05240db3,3522.15,2026-05-22 11:50:36.050247+00:00
896e4528-f587-4d0f-a91e-fdda6b726736,417f8fd7-404f-4d05-8153-7f3cae0e2c4a,3891.12,2026-05-24 08:37:22.946729+00:00
c4928c8e-2ef4-4dc3-861e-0f802f1545fb,db196d08-1037-44c0-8e1b-a69bb1efc585,3094.8,2026-05-12 07:43:40.406772+00:00
fa1cc291-4c59-4804-9532-58520374af59,42abca84-73d2-4c25-8574-ef34a6892798,2505.46,2026-05-28 20:51:25.486196+00:00
8979ebd2-29d1-48ae-bef0-f5d67c3a5b13,426a8d8a-5d8e-459f-829e-d43db160a2ba,2441.04,2026-06-01 01:17:05.363256+00:00
8f3ef647-fd00-4e09-af43-5b443c575610,63adfa33-ce48-40f4-887d-8be2a49f3d69,1324.63,2026-03-31 06:29:50.869398+00:00
278f6098-0ff2-4e63-9104-f22c237a18d4,5510bc55-0dbb-436e-8ed1-57f2012513d8,1706.0,2026-05-19 06:53:23.779040+00:00
67942642-b465-4f1c-8a95-2d7388b3adcf,68bde78f-2e7d-4ccf-a0c9-b322ce691e4a,3892.56,2026-04-27 08:48:22.874694+00:00
5ba05977-ab2b-4c1a-a306-cf93a093441a,3d9926af-a991-479a-9782-fa5ec0a124bb,939.96,2026-05-08 16:35:49.092723+00:00
e214f3a4-da42-4439-b505-7e6054671143,d62f5a0a-d602-4844-a824-652bee15f4d6,2177.25,2026-04-18 21:09:26.048885+00:00
25818917-b951-4d68-833d-497c2e6e6f4d,cd4ec96f-300a-47b5-9c03-9012f2940528,2146.11,2026-05-13 02:15:30.070046+00:00
8613a5e6-89a7-4de7-bcb5-598ed7d0db15,a4163f5c-354e-4f0c-a36c-ac441fc7ad29,2488.85,2026-05-24 11:11:39.641932+00:00
1b8c98ed-73c0-4a3d-8da8-1b8952b1f8ae,04b22fbb-b964-4fe4-85c9-edea7ba81ce0,1146.46,2026-04-25 01:48:02.479300+00:00
0b1d4a59-6c11-4a0e-8293-e0cfa5dacacb,7f7d79c0-02de-4f1c-a057-e466b07193d4,824.92,2026-05-03 07:19:14.943075+00:00
d5a999a7-fc2b-4747-a56a-6109edfa830b,6a32fffb-05e3-40da-8c26-e55dfedbaa4d,1890.09,2026-05-04 18:36:24.122608+00:00
95c2d6ae-65c1-4753-a7ec-0bf6aa7da0ec,ae1299a3-6fe2-45e7-ad32-71fb15bcb6bb,2594.94,2026-05-26 03:10:14.261654+00:00
c72ca5f5-7eb2-435e-87c8-0df60f1d896b,d9b4f4a4-db0a-4cb3-97f1-920ad47a1068,3831.63,2026-05-01 03:51:22.538821+00:00
22368b6f-8f9d-4d05-abc3-c67aeb41e5db,05ce9f0e-6147-48bf-a911-3560272275c4,3351.81,2026-05-11 01:10:20.729097+00:00
b6e32f3a-86bb-4cb3-a643-5bca4419cd9d,91813370-b5a9-40bc-9c7b-714aad130a9a,799.99,2026-05-12 14:42:05.595442+00:00
72b58b82-7e2a-4e2b-bbf1-626defe81e6a,4959e97a-4d7c-489a-aac2-0b064b0ce405,1160.71,2026-05-15 18:06:14.718905+00:00
5159611d-2964-45bd-b9bd-b7aea7114e63,ca636fc2-2842-4bed-a846-1c165aa4cc18,1717.22,2026-05-15 18:19:13.321141+00:00
b3b6a8a1-3a6e-4667-9d1c-fef2de03da54,b496573e-b9a5-4121-bb55-5500912e721d,1494.0,2026-03-26 13:29:47.083597+00:00
314311df-9fbf-4710-a31a-c2c7388e5fd5,7a147c10-92c3-4ff1-81c7-59890acf1531,1279.1,2026-03-27 18:50:25.023851+00:00
03523cea-b8ad-498c-877a-18e9b2998c80,56da7673-c898-4872-b6ae-5bf6e32e51fc,550.92,2026-03-27 20:37:05.146268+00:00
443d0213-7af9-417c-97cc-41d1f0a8779d,04b92dc9-3629-4fe4-b4ca-c914fac725e6,1578.74,2026-03-28 02:05:12.819966+00:00
80236ff3-72e4-4844-af86-30aa5fc3a43c,d66d92b4-4fe8-4cd2-b7ff-913236a2954d,874.22,2026-03-29 04:33:19.466426+00:00
4562511c-b49c-47b3-99a2-0770b9239fc3,7aaf74f2-1d4e-42b0-a251-ee3e1536bc93,695.3,2026-03-21 21:55:21.100934+00:00
1f452726-d050-412c-b075-1df313f70adb,6d876529-a78e-4923-833b-2882cefa47e1,1065.96,2026-03-25 04:47:31.875695+00:00
57e4223d-da66-46fe-93c0-9560b509712b,902a49f9-190c-477d-83dc-b3136f4b1dd8,624.43,2026-04-10 00:33:03.597027+00:00
71d07130-16f8-435e-973a-8767e63407bd,e1e85c7d-4a2a-4ba5-82fa-2d75bda3ff8c,410.33,2026-05-12 14:42:26.245321+00:00
e4bd730f-5a8b-41ee-a763-5b9f397f12f8,5fea2604-a769-4f19-91f6-7a634109d1e2,1732.67,2026-03-24 06:36:37.748555+00:00
cb2799f9-c023-482c-b570-620cc9d3c648,b6061141-3cf7-4448-803c-7d8d9d1483fa,4786.53,2026-04-25 23:15:45.309230+00:00
77528ad6-13ff-4a50-9cb6-6dfbe2704bca,ad60dd97-8247-4ed5-ad9d-76292646908b,4062.2,2026-04-28 22:23:06.862129+00:00
177808c7-4fbd-4b69-a3b6-092d323db780,2fa64870-cef8-47f5-b6a8-b57b72a78832,213.19,2026-05-25 22:24:53.178621+00:00
92efbb56-8b0d-4392-8a86-4e36749dcb99,676f397f-9fc3-4370-a665-55070cba0233,1883.76,2026-05-02 13:20:19.578815+00:00
2e528e49-0ee2-42da-8166-114511831b5f,e5dad59d-5b4e-4284-89c9-11cec5f8b567,1442.05,2026-05-15 17:23:34.676325+00:00
88dc7b32-9f6a-4731-bf3b-bc145a52794a,7b85680f-2ed6-4520-b945-5e50f52626d8,4879.99,2026-05-30 20:25:17.925096+00:00
e39c896a-8507-415a-9107-8e2a78780046,407364fa-6a24-4221-b4cd-4a0a7fe77109,1959.22,2026-05-20 11:01:32.714375+00:00
14e25572-5f98-4189-ab3a-10a5219a2fc8,4abfe532-f9dc-4e3c-95c2-54666290dcf6,488.09,2026-05-25 19:37:29.613206+00:00
929d8204-46d1-41a9-9ecf-3fafd803d7cd,12f275d1-ca70-4d13-8d8a-51cc0010b526,60.81,2026-05-30 07:25:13.597368+00:00
30181d4f-d04e-43e9-a8b3-af5757d80c58,2e59be52-000e-4a28-a98e-bdd50a27eecb,966.37,2026-05-31 04:27:51.216922+00:00
0f5de6ef-3f61-4c71-bb5e-190de95a6ba0,c67a35a1-b5c2-4d12-a945-1839cc1b0b1a,5755.22,2026-05-15 15:16:55.149042+00:00
a4150d73-3937-4001-b831-90cbfede92e0,5f4c89d4-3ac5-4e93-a92f-9b51fcecf62f,3581.33,2026-05-29 09:00:26.126670+00:00
989792b9-3649-481b-8fc0-3e33ec778ae8,31665e7d-7804-45be-af8f-3d87e83526c3,133.49,2026-05-30 18:43:57.210015+00:00
e79f7481-37fb-4f01-bb59-3142b1f955e7,c074c6f0-6659-4c68-9661-317bb7b6d2ca,282.3,2026-05-31 12:28:37.632774+00:00
1856d36b-e724-4900-8183-0595410380e1,006411c0-1e5d-418e-a826-c33eb64f42ec,472.07,2026-05-31 21:09:17.825425+00:00
390ae845-b1de-4bc7-91e1-337642403c1c,d298b94c-0374-48a3-b6d7-b8d791dc7978,3502.23,2026-05-16 03:38:34.322493+00:00
3c386a32-e99b-431a-aee1-2e906b8a4f88,bcc70864-123c-49f3-8cb9-2d8f3fd218e0,4297.28,2026-05-22 08:54:41.895619+00:00
68906427-2899-4b5f-8ddc-78c27bcc7268,a4931e79-b4ce-4db2-bccc-24cfd1d7a265,3240.53,2026-05-27 10:59:40.548378+00:00
c8ff8348-19bc-4547-8f47-bc83c9e5d49f,7bf21776-8d5d-4f05-8371-18f52b68660f,786.93,2026-04-20 19:52:15.778934+00:00
f7566043-5681-49b8-b0fa-512956ca5c84,7a99adb9-0549-4da3-b62b-922ad839bf33,903.14,2026-05-29 22:54:11.642254+00:00
30b99f52-d7d4-49a0-8527-f19debe2b713,3dc6b0d7-b501-47fc-b55d-ecd6b07518b3,1675.88,2026-04-29 00:16:29.458381+00:00
81e39653-4463-430d-a616-48dee5035896,85e2c70f-4923-4a80-a83a-f8d0c48c2a15,1150.9,2026-04-29 11:44:44.910338+00:00
928e3b23-ff6d-4f51-8f8b-c2d9472ab62c,ced71f9f-0857-41f8-b828-b12ebfd956a3,1498.62,2026-05-23 10:45:48.509642+00:00
c775eba3-9521-41e5-950d-7c4499c67b0a,61fa230c-aa92-4a40-a819-eb3da16db2db,2393.52,2026-04-06 10:49:44.922904+00:00
851d0cf3-3533-45f4-bcbd-78c19f531dbd,56e3de53-c664-45b4-9a36-23d17053e7dd,3369.44,2026-04-27 00:31:18.094132+00:00
092817f5-b0b4-4772-9264-87b74f74ce91,52cdf5cf-03a2-43cb-87c6-347b9baab674,3386.96,2026-04-28 22:27:59.795999+00:00
969aa892-49a6-4ca3-928d-8b69919450cd,dbf2ef21-c8c0-4ee4-aa7c-8e1c5d5fb9aa,1319.51,2026-05-14 02:48:17.725221+00:00
81fe69c0-c5d6-41a8-817c-37158ea762dd,c9abdfa5-3384-4edd-84ce-c46912637b57,10.0,2026-04-18 09:52:44.117680+00:00
ddf30217-fb21-44ed-a261-5fbac026d06d,59db9462-907d-444d-b0d4-2caaee31b3c8,2319.83,2026-04-20 20:35:59.384432+00:00
defd6c9c-37dc-4700-8ad3-df64e2e2216d,ba169f84-9e00-44e2-9b19-734751d9d8eb,1497.85,2026-05-17 15:03:03.754304+00:00
f0cb3f3b-466b-4f42-a960-d1f674328127,ff560333-b187-4339-b08a-1989403eaf1c,1048.16,2026-05-23 02:37:50.097424+00:00
955a54bd-3ed9-4082-835a-77d6cff7119d,cbd55a68-c145-4c06-8609-84215f9f4a60,928.08,2026-05-31 11:37:20.343834+00:00
f1c35ff5-bee9-4df0-aa73-e3cb46dc5ad2,8de79e4e-fa47-4e56-bcd0-dca0eb3298e3,1095.89,2026-05-17 06:31:21.316391+00:00
0eaaef2f-f316-40bb-9de4-32a916510160,a1d3800b-dd42-44a8-ad17-6a8462317b61,2436.85,2026-05-18 23:22:44.997733+00:00
f12c3d37-3ab7-4024-bd1e-b5053ccaaff6,168c1065-9012-4f1d-841c-28c16a9a2c02,5261.63,2026-05-22 01:52:15.223236+00:00
a3b59310-0e77-4e27-ab6e-f9d3a7365431,10171173-cd0a-4f79-b4f3-3d7de01dd1e2,2807.7,2026-05-26 00:25:21.362330+00:00
fd54f120-1b08-4744-9a4e-5b1f398d6825,ab6136a9-384a-4ed7-b124-71d4b9f206b8,4542.14,2026-05-31 08:36:01.987568+00:00
045773ae-2f47-4697-8cb5-408b7cb6e7ce,fb98cc3f-a2c9-43eb-8bbb-b9b8a94cf0f3,10.0,2026-05-08 03:45:40.977200+00:00
5860a579-5129-4234-8a23-95055d806f42,78b9edf3-0de4-4f2b-bbaa-835c699362ec,1430.64,2026-05-15 10:57:04.165158+00:00
849bc570-3cf5-4100-a59c-c983a066e2ea,4bc913c0-e699-4c5c-9577-6db9ca9344c5,1539.02,2026-04-04 20:56:59.610290+00:00
7cb46364-4577-4d89-9471-afdd2c828ad6,203ab9da-eb11-4af7-8d47-009da9943b4c,4192.67,2026-05-28 00:32:17.423362+00:00
f7f46d4f-5112-4b1b-9a71-8dec26725f3d,38bb3347-9300-4c28-b633-80d2f63d365d,3911.62,2026-05-17 03:32:39.286785+00:00
8d75c19f-0eb2-4e22-b251-b8796740cd75,f42abf25-fd27-43e6-90ec-a76f90ba430b,2928.72,2026-05-29 00:10:00.401874+00:00
34259508-b151-4906-aa3f-999b9fd28b20,c0ce4737-21ef-4edb-a62f-4e7a6c2ba0e5,1372.92,2026-05-31 22:28:45.411066+00:00
38f006c6-d8f8-44f2-a0dc-fab405c198ca,237d870b-43a4-4413-88d2-7bd7b435f1cb,478.32,2026-05-08 22:44:04.623371+00:00
e028947f-a486-4fec-b3a9-228ac42da297,2410a79f-feb3-407f-805b-429b8af75c2d,643.93,2026-05-14 20:29:49.584881+00:00
852e0eb9-2f88-4c82-87fc-bf48a0fd8896,7decafdb-5fb4-4fa7-a8ad-f38ae2170b22,209.71,2026-05-21 10:07:41.008645+00:00
5dc7f76d-5d93-40af-9c00-68d1a9e2b8d9,c93c9abb-e2a1-4b10-b285-31c9cfab108c,491.11,2026-05-27 01:22:02.983939+00:00
07fda83c-8a94-4d69-ab2b-ef45c775e220,ebe0aea0-ccf4-4716-a431-09d448411e50,1180.17,2026-05-11 03:19:46.388159+00:00
e9a683b1-d205-4dfa-b98d-325386cef43d,6fe7560b-efe4-4cd3-808a-92aa93f17c69,1842.34,2026-05-27 10:56:50.424237+00:00
5dd6d4b1-a077-4e6c-a8aa-6aab0bce5832,a27daee5-e6ba-47bb-8e20-fac1341ecdeb,1018.5,2026-05-30 08:58:01.710553+00:00
54fba04c-7cc3-4f9c-b59a-d73c8febd9e7,0882ff58-ba20-4dbf-976f-3796e43b840a,497.89,2026-05-26 11:56:04.051757+00:00
d950563b-85c8-4c52-a6d6-1185b36f51c1,9bd4b0cf-07a4-45b8-b24c-1f76f13ed555,977.93,2026-05-27 05:17:09.406105+00:00
872e32b9-c3e0-4b4d-9018-73bb6d008784,da6a74e2-c085-42a5-a4ce-01d2fc939fdf,2376.31,2026-05-29 01:18:37.667135+00:00
adc8c9f5-be60-4638-a6fa-55319beb32f6,43c24667-7aeb-4dda-8b62-c9ae3e012eae,1407.63,2026-05-29 16:18:01.459789+00:00
21bc2823-e8db-4ee7-9034-50cda1dc80a8,0261878d-1af1-4715-8251-912aaa138cab,1803.3,2026-03-27 18:41:04.457097+00:00
f95d622d-8d45-47e2-a840-f201844bbfcb,a1fb8380-cf1d-496f-a4a7-5aede4d758a4,2028.3,2026-04-09 18:04:24.637960+00:00
ff3ffe9f-46fc-4d46-bfb6-707e837a1e24,ab45f4b4-dd54-4dab-8368-ca4d0c13b595,1224.26,2026-04-10 04:19:31.229226+00:00
e49b1c1b-b9e8-420e-8f0d-b4a02154574a,e6f48403-e958-49a3-888f-f4b46c78a553,2006.47,2026-04-12 09:23:49.697213+00:00
e942b52c-6a62-4313-8ac5-7f214801ff5d,b32293ac-8f33-4756-a1e5-bf9a4a2fd604,1289.08,2026-05-12 22:33:09.452294+00:00
c20d76a3-9f1e-4bee-9fad-480b2944d3cb,cdd719ec-5115-4780-96cf-16846ee07c21,1631.46,2026-05-10 21:09:23.250810+00:00
4136f08c-d659-40f7-991f-c7f37c6961f3,c33a9ee3-2318-4297-94e4-cbfed7bc64e0,1503.39,2026-05-12 17:39:59.227202+00:00
d332c257-7d27-4b09-aab8-41ed3e4166df,f39e6f72-0bdc-4aa3-88ef-706bd36742ba,3333.64,2026-05-15 10:28:33.986033+00:00
7ab2636a-104a-44d3-b489-90516acc214a,f174d08e-7cd8-4bbc-8e5d-9b1ae1701ceb,3978.93,2026-04-14 06:11:34.351424+00:00
fcbf1a1d-dbe6-4cb8-83c6-bb311c3b5b18,5da06e21-9586-4996-ac8a-07a8632aa101,351.88,2026-04-03 05:57:03.425613+00:00
3248b61d-3ad7-42c5-a03a-b41550d55a61,66340125-1b88-4857-adb1-bcd57b1c36ad,521.41,2026-04-08 19:39:02.254093+00:00
a3549e7f-0754-4f94-b024-510d5ab03f21,37ccb0d6-3a42-4eab-84cd-246f8c97e333,10.0,2026-04-14 01:34:40.263385+00:00
fc959323-eb5b-47f8-aa89-1b4d40c8262c,68039f78-5185-4bfe-bae1-afe3858275fb,103.05,2026-05-03 20:30:32.247784+00:00
4ca87991-9782-4818-97b7-fa9911bc095d,6f558aa4-b0f0-4d02-b5dc-13925bec3962,703.35,2026-05-17 10:22:44.570803+00:00
3c491866-7465-4d5f-a941-8dfc9e71ee90,fe2d00f3-b5d9-41f4-b6bb-e90090a69fb3,322.18,2026-05-01 23:04:31.490589+00:00
2ee4eee2-8919-4185-9ee5-d7758321edf8,a16fb99f-5001-493d-a1bb-07fa44e9a927,912.84,2026-05-17 16:39:33.257470+00:00
9fa648c0-36e5-4d72-8600-8138c91164c8,f2e016e5-8ef9-4e80-977e-8ec2ec48d6bd,6884.55,2026-03-25 09:33:10.332968+00:00
4999506c-2325-4067-90ef-fdcc153162e7,bc8d7991-fe83-4fbc-b156-65c687cbf765,2717.43,2026-04-04 14:16:52.547613+00:00
9711df22-cbef-476b-97e5-d7f54f8ba23f,53380609-1f6d-46d7-9319-967d65fd3c6c,3575.78,2026-04-05 15:20:25.410994+00:00
48cca9d7-37aa-4bcc-80e3-75ad301b1a71,9c2b3acc-8e48-4226-a3fb-16b64fec49f9,834.5,2026-04-13 15:00:29.333576+00:00
2dd5a1cc-f60d-444c-a616-ca3f24ef7d58,c93c50fd-0870-410e-b17d-b3c94fc8109c,3354.24,2026-05-15 06:23:37.918089+00:00
f64c6bcc-2e62-4cf9-bc5e-fa5aaaed79a8,09eb383f-a772-4b96-8017-c1ec1c80eb33,10.0,2026-05-22 18:50:35.776907+00:00
774abbdf-2586-41a5-a602-edc1a102ccbb,50e23a84-4cb7-44ee-a4dd-db040321eb28,1996.6,2026-05-27 23:36:06.907664+00:00
c4f017d8-a580-4997-bb90-44f2cb33e26c,3746b59e-88c1-4098-a35c-3353d0953697,312.57,2026-05-30 02:39:11.091375+00:00
65a800e1-b631-4641-a8b1-46f1bcf317d9,6d449341-966f-4822-b8b1-3b00a7b484ac,1212.81,2026-04-07 18:20:47.983430+00:00
5b40d882-00db-4edf-af1c-660629c118ce,dd3b607a-6a1b-48f7-b252-80546ec179de,1396.48,2026-04-08 15:09:44.775441+00:00
5da28273-8a89-4856-a9be-c20f131b396c,5770377c-b127-4383-bfad-17f31f27e192,784.34,2026-04-08 16:41:24.428347+00:00
16db8058-c960-4766-9c66-ae8d3c58dc85,56f63024-22d0-4a8f-8170-1c8d33c8d802,55.13,2026-04-09 05:37:14.040125+00:00
d6867897-64bc-4ccc-ac17-7ae7538c020f,8dca288e-6258-467f-a266-b5ad8c9c2828,894.25,2026-04-09 05:36:55.497727+00:00
6f665d58-bd44-4328-ae91-d617b79662c2,ecb9b320-5c2a-4572-bcc3-8053bbe463d2,4553.99,2026-05-31 08:44:41.279257+00:00
1573fc11-d628-4805-afd4-f5489b84aef1,6a49b6fb-b385-4345-ba96-0c3e3b7bcc07,5072.32,2026-05-31 23:44:47.300947+00:00
b40045be-7b82-45e6-9202-15e52bcf83b3,7e5ae16d-eca4-45b8-ab28-96929b78f4ce,17.98,2026-05-22 03:46:16.769962+00:00
a54c6225-579a-4a62-a0c0-156c70a1b760,b8fd11fc-693f-4bd8-b8fa-47f826ace550,605.32,2026-05-25 17:59:01.692269+00:00
3fa5a886-5680-494b-8372-69761b2e1d29,0a822463-7440-4037-a4ec-f4a8d747cf6b,308.52,2026-05-26 04:08:26.518648+00:00
9a02d4b3-93b7-47a2-b6be-5eb91bb92538,981fa315-db4c-49c9-ba3e-527f79697c58,1153.87,2026-04-27 23:17:20.177485+00:00
70e06f58-b825-4fd7-b4cd-726f9c8b23a0,f2880188-5d21-49c3-83a2-ee389556d4ca,1210.12,2026-05-02 08:31:00.478005+00:00
67b01e99-2c79-4c07-9f12-0c0f99f8ed2c,dea9672e-bf33-4c1c-a087-5a6559394d1c,772.6,2026-05-14 00:27:08.497889+00:00
b0c24c77-053a-427e-b618-f02a51f86347,cf70dfd5-926d-4976-8d0c-bbe8230abab7,1711.09,2026-05-25 00:40:36.550473+00:00
e1f6dd0b-612d-4c86-bd45-4b0defd724fc,3b030902-f440-43c2-b607-d7133effb0e3,453.86,2026-05-29 06:45:01.841520+00:00
a949c080-0ead-478f-a69f-cdea1fc15f96,6150f6fe-88da-4ead-9001-9c4803d69c51,4325.85,2026-05-05 06:39:14.170042+00:00
8ee5e704-488a-4c9c-9893-7e8b440b0b15,689b2e68-c38c-412d-9ac2-3d8855b9704e,3621.87,2026-05-14 15:56:50.227239+00:00
7331844a-92ad-4c0d-a3ae-652aa04b5d55,36781e69-688a-4616-84c0-f1ad423e6ef0,2418.73,2026-05-15 16:11:21.331202+00:00
b2ee2152-aaff-4211-9886-d742b6760848,216e0bd1-5925-4462-9457-484ece5402f9,162.21,2026-05-22 19:27:02.754709+00:00
e4ac819a-07f4-4d5c-9f3a-e7362609bb75,25a61960-60d4-48cd-9a95-dda1b5517d31,703.48,2026-03-28 12:24:14.076556+00:00
4cda6a23-b819-428d-911d-ed1ab705b4fb,99f8ae59-17c3-49a8-be35-055f0e155bdc,817.52,2026-04-07 09:20:07.469527+00:00
fd6b79c8-7a74-4297-a443-c36303fa5be0,07f7e43d-d468-4e34-abc4-85f7e2fa77c9,10.0,2026-04-24 09:25:11.002940+00:00
af4de30b-ebd5-40f9-a736-e4eba621b416,900eda0a-04fc-4945-91ec-3c78fbfddd72,890.18,2026-05-17 09:21:38.716156+00:00
d9c1bc28-e77f-4d63-b760-bd391523ea59,5dcbe7a6-0985-4a3c-b978-bba12906bc6f,835.66,2026-05-20 22:14:40.252384+00:00
fa7493ab-a430-4d0a-816a-318da7e7b6c7,432b3fcb-e227-41cc-9cc1-baad27be6dca,2029.81,2026-04-11 02:00:57.878103+00:00
2179955d-2000-466f-9d8e-85326a63a651,10edcbfd-7f94-4e26-b461-0d5d350e1de8,1321.23,2026-04-24 20:50:30.001789+00:00
fc8210c2-713d-4a69-8728-d11e08052b3c,01dbfc00-936f-4c3e-9c66-c47a5185cce3,1822.11,2026-04-18 00:06:07.991930+00:00
6b47a63b-e2b1-440c-803e-690191856031,9594a64b-fd2c-4b41-a363-dd69beee9243,1646.57,2026-05-04 19:34:33.302358+00:00
473dbe0c-f2b8-4880-bc2b-a493124b5cff,ebbf24cc-ba61-4e0d-a278-53a5f19df674,3400.23,2026-05-07 21:57:16.188081+00:00
44cd3b00-5a4c-468d-bf32-2415edc4f459,25f5d890-e43e-47a4-9f4c-bb603c0110ac,4587.58,2026-05-19 12:10:57.621624+00:00
d73622c7-f79e-4ff5-8522-0e1b91705793,6108c932-e184-43ed-8495-9a033c55c8a9,2490.75,2026-05-25 15:43:32.563948+00:00
6d18701f-a39e-42e7-bae7-81051700662b,55cc8765-fce0-4000-9f04-ccf1893112b0,1015.49,2026-05-12 04:46:34.856220+00:00
b4180345-2246-40bd-8175-4bd3281941a0,02cc0e01-937c-4275-9d74-d8af4b784d14,3893.98,2026-04-28 07:18:27.635253+00:00
c2b3acc3-45d9-4585-9616-fc76584eab3e,cc3cd68f-de65-4976-9bf8-b3e5f5bf1a5f,6436.07,2026-04-29 18:52:42.023825+00:00
9ec4838b-e1bc-4115-90fb-12098c141acd,cb56d9a6-566a-4f65-b0ef-598d2d6100d3,3592.65,2026-05-08 01:30:02.435609+00:00
c7d50438-7543-46c1-ac82-e535cca569a7,3becc575-17e1-4bd8-8cd3-428e08f225bc,3955.05,2026-05-12 06:22:50.266220+00:00
5ac32ce0-66ff-4745-92bb-0ae49ca938d6,c95f64a7-3e3a-4040-99e8-30918808adc8,7747.32,2026-05-14 01:05:33.256894+00:00
5ae67ec9-b039-4447-bcf2-a62cd9365145,887f1162-d1b6-4d27-b8b5-ef918cae285c,3447.54,2026-05-27 22:20:43.345598+00:00
53d83488-1ecd-4fd3-9611-0680a82205ef,4eaafda1-e9d4-4a34-bfae-697ac95e885e,5544.82,2026-05-29 02:40:55.481050+00:00
f4a99992-7140-4947-a670-7b8e5d9bbd11,15205d09-33ca-410c-a740-17a5520a5c8b,2745.48,2026-05-31 16:32:33.071625+00:00
6ba3979d-9440-40f2-921f-754c7ff553c3,f5e2d73c-3c5e-40b3-8043-c5309cf316c2,2409.2,2026-05-22 12:38:04.087412+00:00
d756e9c9-df31-4c1c-bf46-e28600bf6561,6e74c25e-7596-47c7-9d7d-2987b98db319,229.6,2026-05-21 10:14:56.207383+00:00
bffcbcd7-a88c-4037-9fc4-63567472004c,78911bdd-9fd4-421c-889c-4760014ba998,167.65,2026-05-22 07:52:21.729159+00:00
bb7c2a1f-489e-4ac2-8533-b0041e081519,9c3c6097-6389-4c7b-863b-b453cfad1e2f,405.99,2026-05-22 23:03:41.822009+00:00
4fdc6ecc-9393-41d7-97fa-1c98813648f3,cdea4bf1-1214-4fae-b138-4063c573e3f2,61.4,2026-05-26 21:01:36.441002+00:00
cce0337b-60f5-4516-a89f-d4643c1ef3b2,0839dd9f-4c68-4b13-bb88-03df7736024a,461.96,2026-05-28 21:48:27.132431+00:00
5d8004e8-67f0-4157-b807-9fae74898c10,c502d94d-3f53-4426-a2a6-4f025c505715,996.8,2026-05-24 18:20:43.828403+00:00
fb405d6c-9b78-46e6-8396-3fbb9c076337,9b7db3f0-387e-4b9e-9e66-14367762bafa,260.14,2026-05-05 13:35:24.540916+00:00
3323910e-7754-4764-b80e-049c8a83d643,0a2451e2-822b-40c0-a790-428ca809a225,1209.77,2026-05-01 08:16:16.776138+00:00
cb038114-40fa-4f0c-bb5b-f9cd214591dd,e683916e-6909-45da-9a3d-f7f2b924d561,2344.44,2026-05-03 01:34:38.465641+00:00
2512c0ba-229f-4da0-86d2-147204a179d2,c7b59691-f096-49db-bc82-e874ec8f72cd,2029.13,2026-05-06 09:06:46.055523+00:00
b6f0cace-78fb-42e9-a98a-a04c42a47229,0f6d2e65-60b0-4c67-9923-28b477e24630,1917.25,2026-05-08 07:05:34.454365+00:00
0ea18226-9088-46d3-9f20-2c3b84e4da91,cfcbfb26-565c-4d11-b563-e4022a2122d4,553.28,2026-05-09 17:17:42.817114+00:00
5e03a889-1809-4d6d-92cf-8b613b67fdc9,891c8f1d-41eb-4a3e-9608-547ead90edb1,290.52,2026-04-17 01:23:07.560084+00:00
aa7a77fc-925d-41b3-82e7-203f5b1b88af,4633ceb0-efb0-47f6-a44f-48daeefbbd40,299.18,2026-05-07 20:59:07.070748+00:00
fb645ba8-77ae-4268-b869-cfce0fe911e2,c6ac6720-432d-4137-856b-6a236c3f35d0,399.0,2026-05-21 08:35:58.109134+00:00
300c7b2b-4137-4f21-82ec-5835cc25e909,ffca855b-252e-4b00-9a58-185dc253aad9,2330.15,2026-04-29 19:16:19.136714+00:00
1b8855c5-a27e-40fb-8075-22d3e77e023a,48d30305-c303-439a-9d7c-21eaad0d6780,1332.94,2026-05-12 01:30:45.345948+00:00
456dcb20-1458-4e8a-a509-7c8f77886754,398dcf31-41e1-4a5c-b9ca-df16c2597e80,1492.87,2026-05-12 17:10:10.130780+00:00
6e3fcc75-f222-488e-92ba-4b8380e2f8ed,6f54a7ce-2898-4830-a68d-c85287ec0326,1609.84,2026-05-13 15:18:15.875822+00:00
0bf41622-4d6b-4330-8dd2-a3324a21a6c0,077ec81b-d6e0-4c6c-b5bd-107a8b6407ac,644.13,2026-05-28 10:14:36.272398+00:00
2614066e-0175-45ab-a133-b55ad76d8217,cff68c92-abf4-461f-9fd4-49514416c9dd,945.17,2026-05-05 11:29:38.663966+00:00
9134435c-441b-4af8-9b26-49ec6d9b21d4,ae3ed8eb-0b30-4151-a8eb-c4ac6dc496a9,1853.14,2026-05-02 12:06:13.579533+00:00
22320eb3-142d-4ad9-a373-cbf11d0e434e,669f4aee-43a8-4f78-8d57-0772c9224737,1068.63,2026-05-07 09:44:04.194822+00:00
2cf99388-2946-4277-9110-49268705dbaa,6f8d8a19-34d9-459f-977d-b92e8c0518e8,2147.52,2026-05-07 17:56:50.913208+00:00
3a218adc-8196-44ca-b014-8f34a758b0e7,5cb208d9-3ccf-4401-b069-78ef7460338f,2577.95,2026-05-25 02:57:17.781316+00:00
441ba262-16f9-4a59-8a1b-056e3d7c3ba5,29102694-e91d-4909-ac15-0d1213294d04,6667.78,2026-04-12 15:29:17.377165+00:00
40740d97-08de-47e2-96b4-680cfeafedcd,748f1b88-cf37-42e3-91b9-2563d9fc2886,2129.38,2026-04-15 07:43:07.542054+00:00
ea5c43d0-f855-4be8-98ad-3d583ca07e28,c8fb1641-63f8-48f6-94d9-3979dce6b81c,2502.18,2026-04-24 04:33:03.283308+00:00
07f19286-0d71-4290-b385-b0ac732536e3,0430d655-b7f2-444c-b092-e036fb156415,10.0,2026-05-03 11:37:46.472927+00:00
c872ce79-dedc-4ca3-9331-22963553e824,bf0a4c0e-f022-4eb9-a7bf-ac14efe70557,3877.47,2026-05-01 15:22:22.658650+00:00
717d740d-e218-47f6-ba68-12a32a2b83e9,a5c97b0e-b215-47bb-a628-ba7fe4eed289,5188.5,2026-05-14 01:21:25.383062+00:00
ba07c1d7-fb96-43a3-828c-3920676d0873,054fd57f-85ed-4029-a578-fa1ca43c476c,2387.77,2026-03-28 01:48:12.954854+00:00
c68e83cb-ce4d-4671-8358-a1118b93de8d,01ac30f7-ec87-4534-94a0-4cf7923a13d8,2217.34,2026-04-08 06:36:32.219506+00:00
1a4a323c-4601-4c56-aa27-6c0a472fffb3,ca97fe5a-4e18-415f-aebb-176f7f6c112d,3654.91,2026-05-29 13:06:25.560935+00:00
07870d8a-8e10-47bd-a62f-133a0d620112,5b3b5f5e-f7ec-40d0-98b8-e8fe12ebf3e8,2089.02,2026-05-29 12:46:37.934863+00:00
c935f013-d78f-4519-be02-1809d7083068,5cca2905-9e45-41e6-b886-3da5b61c2a52,5778.18,2026-05-30 15:55:41.802929+00:00
19822af4-48bf-408c-980e-d5ff1d05f703,721e7be6-b318-4439-885c-8579d4faf0a0,1812.25,2026-05-31 16:06:15.852484+00:00
f5321b0a-a874-46f8-98a8-312c548a1ab4,25fd3413-47f1-4e1a-9bc2-b9b085b0043b,2389.47,2026-05-31 20:54:19.666774+00:00
6bb30304-5b5a-4d75-b711-ba27a89a0117,9dec8687-c82b-47ee-8ebf-54e224339963,777.32,2026-05-21 01:30:57.789164+00:00
835b5aa1-ea06-464d-b859-430a020686c6,2b1daaa5-a154-4674-a11f-aec94be6aeca,1102.97,2026-05-22 05:36:45.568909+00:00
1bc6303a-f741-4140-bec5-6f5f86ba1715,71598ea5-04c7-44bd-a08e-6f1bca1e378d,365.14,2026-05-26 05:03:39.579368+00:00
c006fab0-b1ee-4dbf-9466-9c519dedfd46,2b6553e5-1b11-4ca6-a869-27ce0a9f2dc4,823.94,2026-05-27 16:24:32.003486+00:00
6f4aa4dc-bd6f-4595-9dde-35728d5e0426,4e24c8c9-8722-4020-8134-1df74fc1a8d7,909.29,2026-05-31 15:58:05.417598+00:00
6155dbf9-5004-453a-92b2-f778759e4288,2c85cc68-3350-451c-b256-8b40a078357b,6154.61,2026-05-30 14:00:20.060544+00:00
4090ef83-2422-492e-b2bc-e157b26d4ca2,3bd0053a-93c4-4564-9218-d79b5be20780,6729.38,2026-05-30 19:55:24.510901+00:00
ef360269-a8ca-46d0-9752-65e6881e31ff,665727a1-c8b9-400b-986d-048da16311b3,2966.8,2026-05-31 16:44:53.418256+00:00
f75b651b-b525-4a03-9db4-12ab9f7e35e7,9e62a7f1-7fd5-48a2-a7f2-0a53633976d7,6527.94,2026-03-31 02:33:09.037311+00:00
fdbc5b5d-724b-45a0-8361-6cd6cbe0ea15,a2410a4b-58bf-430e-8248-f48923cf8826,5062.06,2026-04-01 10:36:01.379170+00:00
103ded2f-fbae-4801-a2d7-f3a43602ae32,8b94fdec-c2ab-4e49-af2d-bd673d6a5e46,4043.93,2026-05-04 04:18:09.306329+00:00
a8e2ceba-9219-4243-b5b9-b61a743877b5,2cbc42bd-6ae4-42fd-a18f-9ae456828821,2016.0,2026-05-17 01:02:56.097589+00:00
d51095ab-4b70-4e9e-b89b-4d212670fb2e,b78ef639-2af5-4bd3-a1e1-ccef82ca1abe,4858.72,2026-05-27 11:53:27.902823+00:00
c46ce1f0-1a1e-4075-958e-591bd2f0730b,f895fa2a-6b98-4fa0-bc89-47bc65a75ad9,469.63,2026-05-28 20:09:28.552887+00:00
86972e3e-c4bf-480c-af56-768210dcd97b,9ca2d861-dd46-4555-8318-98a040a8d74c,4120.34,2026-05-31 18:02:24.296405+00:00
9fc51c1b-0b5d-4a49-812e-2ac2cfaa266a,21231237-be96-41ea-b9c4-32dfbbb9c96b,1622.97,2026-03-28 00:34:40.529788+00:00
4478ffdb-964d-4387-b92e-c086624b1a33,03818a2e-1123-47cd-ad7d-6f47f94c0750,1728.49,2026-04-02 17:20:20.138239+00:00
c9072d9f-c77f-4808-aa9f-7cdabf4f596a,87e6921a-c35b-4dce-b98d-55f5add1d347,445.28,2026-04-28 02:38:48.162244+00:00
33313558-3ae7-4847-8c52-33afb9fc10c5,a892c688-266a-42d1-a93a-56921798ce07,17.84,2026-05-02 13:19:36.262346+00:00
a29be782-83a7-4367-8c2b-da24db2f90b1,91c47e0a-1ec6-44cf-99b1-bb069d18bb0f,1479.44,2026-05-26 09:43:42.472110+00:00
3d5dc75e-ece9-45f7-b6bb-9154f58624a9,736c33ca-7580-494b-be74-f00596711408,5918.64,2026-05-21 11:30:47.839620+00:00
4ef2af9c-7371-49b6-a31c-9501d1c1c039,70a821da-df4a-4078-9699-be04a20239ca,2795.19,2026-05-24 15:14:55.404862+00:00
3f6aeec9-e059-4c76-97b9-a50a4f31ba1b,9cf59d1b-d1b6-4735-b68a-6c665ad92318,10.0,2026-05-01 03:00:27.150196+00:00
6941743f-87ba-40a5-a48b-3b41f1d84656,84f74cda-670c-4441-a066-5b1aad3067b1,511.0,2026-05-15 00:51:31.363738+00:00
1054aa78-5f8e-4dec-8c3a-972ad8378c38,f055bc9b-d5cc-41b1-87a0-674729f5a0e4,10.0,2026-05-30 23:22:36.671332+00:00
13cad30f-94c9-4293-a8c6-838dad6b512a,a6120236-b0c3-4b72-8122-df70cd56a950,182.99,2026-04-20 22:56:44.382863+00:00
7e32e61b-1115-43f3-bbaf-c3837cfb5682,394e0cca-e433-451f-a05c-47d6be73da79,273.99,2026-04-21 17:58:53.728934+00:00
8b70e56a-add4-40dc-a332-a5f5f1bbef66,4e7f3bba-4f3c-4846-9782-9c221cfec8de,297.87,2026-05-08 17:05:17.600945+00:00
0e4a1bc0-626e-4f59-aa06-9d56eae56399,1ed17d6a-6db2-4bd0-a23b-dd38ee4c02f5,323.06,2026-05-17 17:05:32.381598+00:00
d9279b86-30b0-4fc4-8623-12750b233f40,39a4f1ce-ba4f-4b43-9165-5f2a2ef0803e,300.65,2026-05-31 04:54:46.400785+00:00
8f90d257-cabc-4859-a68b-d1e76b1b81cb,a2d110f8-196b-4cd0-b4fc-3e3b1ec1425e,1524.19,2026-04-13 23:54:04.629045+00:00
e7f75b3e-9593-445d-ab9e-81fdfd14c890,271fe4d3-05db-4323-96d5-3caea7d5cf95,3622.93,2026-05-03 15:47:15.530141+00:00
2fbfd9cd-bc6e-4645-90c6-06af9f485a1a,a285ef35-e9ac-4de3-a31b-2b685eaca462,2190.02,2026-05-27 07:35:00.281653+00:00
9beefbbe-153e-4b4a-b696-ca438517582f,f955ecad-f02a-4745-b151-9f820cd8c1a6,416.67,2026-05-29 21:53:29.081471+00:00
c84b2a6b-c697-4150-a235-bd38a64a259b,6ebcd4ce-bb08-4582-b250-27bcd047edb5,752.71,2026-05-30 21:42:47.535399+00:00
f480e773-68ca-494b-beb5-e75c72c08114,f5ffd05d-147e-49d2-894e-faee6b2cbaa6,685.23,2026-05-18 07:55:41.300994+00:00
d223528f-87e0-4b54-905b-4b85e7511c72,e82b15e5-a635-4b40-80e6-f325f1e9e434,2389.12,2026-04-02 21:36:24.169207+00:00
aa1a6186-5a65-47a4-a588-5084ca1ac1d2,f79ecd7c-92fe-4250-92dd-996e5beca13c,1135.05,2026-05-02 08:59:58.733346+00:00
48ea024d-c02b-4cfc-81e3-96c97ac9eddf,73bd9a5f-924f-47f2-b04a-cd8f919d50bd,491.62,2026-05-05 11:20:23.705050+00:00
04231863-7e02-444e-8a20-70a9d382538f,759ed9a3-461a-4d7c-9cfa-f4a83bc17972,3230.63,2026-05-01 21:56:32.037881+00:00
9ffcdaee-08d6-4a09-86b4-6f3f46b3150c,bc3c5a7d-f25a-4aef-91fb-0e7768d02529,1247.9,2026-05-23 18:06:59.299361+00:00
fa29f621-0b48-4ac6-9a0b-52abf78e9077,11325d1c-c6c4-4173-8b64-35952f7faa25,2190.35,2026-05-24 16:34:35.806885+00:00
356d3d72-a7d2-4864-bbdb-48daae95af8a,51bdb60d-578f-429b-8e90-f60816ab699c,2585.38,2026-05-27 10:23:06.990458+00:00
2bf70c4b-a0ad-457b-8ff8-b337fe826589,51d75d53-1806-417c-8863-61f8c278da6a,775.88,2026-03-25 16:07:37.601427+00:00
48fa46ab-2cf0-44c1-9934-6f18e59cffc9,c6e92543-e5a0-4ad3-a4e0-b5429433d0a6,500.42,2026-05-24 05:19:24.630262+00:00
55c4fd47-e2c9-48fa-9089-572aca1f3620,a88454df-0c3a-4c78-86e4-02f92922c2ce,2403.33,2026-05-25 01:08:51.709480+00:00
80bf070d-2c6d-4ca7-8891-8e4da518fdff,ba3ef5be-85dc-40ce-8588-b99416419a8f,1584.4,2026-05-26 02:01:37.631083+00:00
f7bb528f-a353-4e99-ab80-02d2527eba25,100393e2-2d1e-4a75-8172-d7e33e7a8550,2116.8,2026-05-27 15:05:07.265018+00:00
cf2ab5ce-6985-4300-b31a-cde0bd03e669,62b5d36f-5656-44d8-8727-9b6104eda193,1039.19,2026-05-29 02:42:56.471307+00:00
5b2efabc-a6ca-41fe-8754-a416397e6f67,e26cc515-93e2-4652-b1a1-0a1164bbdb22,1915.42,2026-05-29 03:10:23.168702+00:00
a0de6aa0-45f1-4faf-b70d-39d48b06846e,dc8acbdc-cd10-4e13-9808-96655a8f7d58,1805.84,2026-05-30 06:59:14.572447+00:00
e9f5a6dd-68fa-424e-9297-d083ea482f66,43c9ace9-f82c-4e05-b35f-cc2ac516a0e3,1169.21,2026-05-31 04:34:21.300564+00:00
17c6c7c6-98f6-4198-bec9-664d5fe2e7fe,5c0fe9b1-fe15-468b-aa36-95b71d2cdb8b,2068.68,2026-05-31 05:44:01.102439+00:00
b5acf2eb-7127-4e30-a92d-2936719bb8c1,cb0a648f-d5cc-4f1f-9d28-ab3e0a360a74,558.83,2026-05-31 11:04:30.430351+00:00
369c9d12-88d1-4d19-af54-236a85ec4217,e4deb79b-816e-4ff6-96bf-8bbab392559b,1103.35,2026-05-26 20:03:53.191727+00:00
5c557978-8cdf-40ba-9c52-51ddd5ead8ef,e9412620-5a2d-4b9b-93ca-6f8fc783616c,777.31,2026-05-29 10:54:55.741658+00:00
c4233947-f913-43e8-ab4e-4177cb5cc954,1f043b96-ee5f-4849-b336-a76a6c9446e7,1721.01,2026-04-02 01:34:52.381259+00:00
160a72e2-ba1d-46fc-8350-d88a2ce620ab,df379db7-7da1-4a90-880e-7a7fcab37e6d,1400.4,2026-04-30 13:35:05.264738+00:00
b45009ac-49f2-4b0c-a6a1-d1fd8d4db2df,8364afef-feae-44df-8820-5812db5ffc2f,1165.84,2026-05-14 02:35:59.177577+00:00
e88d88e0-1c02-434d-b5f7-6934140c915b,6ec2efb1-8ba7-46ab-80b5-100b2e631ccb,797.89,2026-04-16 07:24:19.949888+00:00
701f61ad-daee-402e-b13e-389d20ae25c9,57e7e694-438f-4308-aa71-5a4fc6212737,935.71,2026-05-12 07:29:52.796059+00:00
e3329e41-c528-4932-a24a-41a06364ba62,33cb9c64-8c15-4ef2-91a0-9614aed1abc7,1178.73,2026-04-17 14:44:45.768893+00:00
dea0b856-abe5-4ee8-a676-d006c480aa58,d75348d1-88f6-47f5-bb4a-fe809918fdc4,444.21,2026-05-02 17:22:46.222244+00:00
9bd5c53e-ea07-4fc2-9764-d5d4e2a82627,e194bc73-09a2-40d8-9eb0-8b0b59a64b32,3651.7,2026-03-30 22:59:44.622371+00:00
23d69af8-fa8b-4a26-a864-132aca00e4b2,c492ede0-27ef-466b-805a-f78e917fb453,2427.77,2026-03-31 19:08:26.474232+00:00
1403dba6-6a19-4a5f-8cc0-f1c610ffe22f,1b69a17f-f111-48cd-9229-9c4c86023240,1114.96,2026-05-19 21:27:19.240339+00:00
0046ec4c-ec31-494d-87ea-944a5267384d,22e4af8f-ca13-4b53-ae78-72330e4e2f5b,4555.15,2026-05-02 02:09:43.154180+00:00
d3128145-fd16-4a55-ba0b-4414cc4583cd,f4cdbfda-938b-487b-a2da-192caf12e0b4,3110.82,2026-05-11 03:26:24.200199+00:00
c88b5ca9-bc08-43da-8b06-b425431d5bd3,2965fa13-de05-4137-8553-7473207f5b6e,5371.44,2026-05-25 04:21:16.778719+00:00
039beca5-3c9f-4ab6-8832-897ac1258767,1c2b0956-c0b0-4768-a60d-50c7c526b8ae,1798.6,2026-04-04 03:14:01.985210+00:00
9c083308-f6d1-40a2-a144-96b51c61503c,e21f319c-b29d-497d-b0e7-5aff584517ab,2566.21,2026-04-28 21:24:49.211143+00:00
996a5d8e-8fc5-4675-aa65-fc0dc8754eef,67ef6f2a-8d2f-423e-ace6-3304bcb6251e,760.92,2026-05-02 05:08:50.004871+00:00
3c4ab819-1e67-41d4-aa36-01f87fc591a6,80a09663-de1f-488d-86b9-d1bd03ad6d41,2576.06,2026-05-03 10:16:05.425424+00:00
00d72e12-2bc1-4d80-9871-360414539eef,4cd1b47a-2681-414a-81d4-61899763b4ed,988.91,2026-05-09 13:04:12.988494+00:00
ac085873-d725-4d9f-95bb-79a1ed290d95,41c0e980-c237-485e-a7c7-fccebd730920,2991.92,2026-05-10 07:50:42.349806+00:00
84606293-e980-45c3-93c3-36adc3c57a97,2ef0b799-bb33-4173-a8c2-295117880de2,3649.17,2026-05-28 19:31:41.226615+00:00
98f5b991-f746-4e57-9008-adf9ab9d6d4b,c020486c-0b70-41de-a93e-c6c6d9aa0123,5329.68,2026-05-31 12:03:54.884296+00:00
210ea5b8-e5cb-4bb2-9f0f-4298f8e6b1f1,ab47e13b-9ae8-40f3-b943-6d47af1241fa,1298.93,2026-04-21 19:25:03.115408+00:00
7d532454-a2cb-4314-b79b-0fbc420de227,d1dfc624-f20f-40c4-8d09-256e82da7d2f,1275.44,2026-05-30 20:41:54.091508+00:00
e7d29a5f-2452-44b2-b7be-85c73f36e43f,81a33302-8d92-4c97-84fa-bc4918d1fc55,1677.01,2026-05-15 10:56:57.708822+00:00
6f46620f-fd09-4598-a0a3-3ce08262b2eb,47df7984-93c6-4f40-8588-3cb171a0926b,2998.25,2026-05-18 17:15:19.782028+00:00
1ce234c5-e3bb-414e-9f5d-ae6507f57098,21ef5599-7497-4a05-8de6-1a38ed64f0a5,2029.87,2026-05-30 14:06:34.518918+00:00
00158920-bbfd-4471-9c68-56fbc91282f5,5ff8e32b-22b7-4985-97a4-6275a5c6a0a3,1584.83,2026-03-20 17:19:37.434314+00:00
eb535b44-a984-403a-915e-dcad526580f1,db772678-bcb0-4bd5-a9e6-cffc35fcc031,841.6,2026-05-15 03:15:59.634282+00:00
8824f0bb-7719-413b-b693-90e6bbda9c43,499c09f6-bb32-4431-85a7-113a7fc5fb78,1943.52,2026-05-28 01:01:19.005870+00:00
2061334b-4826-41d3-8292-acc427e97a8f,24632e93-d878-4b83-9f27-5a72d7c90387,4473.41,2026-05-30 03:59:55.991014+00:00
49e48273-27d8-434f-acda-c18f06c76507,8b4c3273-daff-46db-bff1-3dc5c0b2bc30,149.01,2026-05-31 18:45:22.787457+00:00
ede1f4af-3f4d-412e-9f91-3d1f98647dc5,9ee08de0-6857-412f-92fc-8cbb3c1c0ce7,679.28,2026-05-24 20:29:32.709217+00:00
7cfc6b3d-ec82-4746-a48f-64afcf6dac56,b4088b77-3b87-48c8-8c75-00329982a742,1162.08,2026-05-28 08:40:06.977079+00:00
f9fa3026-bdb1-4d63-9d0a-4781f6dabcb7,7f2b46ef-0af9-4f51-9bc0-1e38c5832cd0,598.52,2026-05-30 21:37:14.653850+00:00
a95353b5-70b7-4976-bbe4-84b79162deb7,e5085dd8-3fa3-4724-8e6d-31e3558bf2ef,877.63,2026-05-24 09:03:12.067418+00:00
fc55cac7-5715-49ba-a134-11438b1fb2fe,9cff07da-9d19-42a2-90dd-07746700cfe7,1171.84,2026-05-25 00:06:54.241357+00:00
b8c38ad1-3e84-4319-ac23-95d7052b659b,d52c04fa-4208-4f82-b2fd-8f3bed4a268e,1858.16,2026-05-02 13:35:51.466088+00:00
7d04330e-7db2-44bd-916a-1b45e85ebbfa,c3500165-5338-498f-9f37-2dcbe2052cd4,2464.79,2026-05-11 04:43:22.406273+00:00
73f1bf60-0400-42e4-a6b6-934d87068d4a,6e72a5dd-35cb-4ebf-9ba3-6deb91d41ad8,4938.35,2026-05-15 05:34:25.267507+00:00
9601b5dc-6515-45ed-b647-e8b57d5b627c,95bcf77b-6332-4af5-b9a7-fb7f028329b7,2208.18,2026-05-16 19:28:22.407710+00:00
79f62502-859e-4458-9b85-808db9bb6866,f87e3aad-aaee-4e26-9b54-2a4e03f1104f,4398.11,2026-05-18 18:21:57.348509+00:00
661a7a2c-e078-4fc5-83f3-00184ab7195b,75cf2e25-3b69-48d5-a076-135b43a2c739,1780.73,2026-05-23 20:02:49.037453+00:00
cd1a7ddb-638a-4a99-bee4-53781831436b,ff03084b-5a71-4ab0-85e6-d0f296c99301,1353.48,2026-05-24 09:15:23.741674+00:00
70adb2d2-a649-4142-985d-8da65e6e2957,e7ec62f3-a661-4766-895e-30aafade1197,955.04,2026-05-24 22:41:16.820349+00:00
2eddfedb-54a1-4b15-a888-a63881d5ced9,c239fafc-b54e-49d0-af43-4df00456ef5f,2719.93,2026-05-30 11:29:40.138825+00:00
2cda1693-be30-4854-9c69-98ade839f023,cdabf52d-d72f-4b85-8a25-df77e0f3a46e,2248.03,2026-05-30 21:26:37.433512+00:00
ec6abd9c-56a9-4927-a2c2-d2744d74c2e9,0a5b1d89-3263-48d4-9c43-c6eeffd2eea8,2779.7,2026-05-06 21:17:45.522830+00:00
a300b211-947a-4d92-9afe-dcc50fc588e8,8b2b7e15-37a6-4217-8d39-194a186a416d,2167.04,2026-04-01 06:52:56.026067+00:00
3d34ac82-cca3-45c9-b14b-331371c3e932,e53c478b-e39a-4789-895b-9673c9812a1e,1373.39,2026-04-02 01:29:02.237183+00:00
257f09c8-8b7f-41bb-9a16-58313205805b,64be14fc-3237-43d5-8533-cbea200c5fb3,4520.09,2026-05-28 12:32:29.442020+00:00
d842afe4-b3fa-471c-94b8-53e1e196b000,02a47bad-0d3b-4ee9-b793-11d0b8a91dc0,3243.33,2026-05-31 05:09:08.226098+00:00
568af292-a62b-416e-abd0-370db5c49087,949412a0-a3dd-47e4-b2cb-b117e0a7049c,3796.78,2026-05-31 15:18:46.392464+00:00
0c50a189-e64a-4506-81ae-998382d0fc5a,72da20a7-cae5-4e06-ab82-ca02b927fa63,1889.72,2026-05-31 18:53:17.097819+00:00
bbb6f5cc-2529-494b-9ff3-c4b27dbf7a7b,ae6743d5-9c6d-4024-a367-ea5a6f4a2859,730.04,2026-05-20 05:12:52.111602+00:00
b0149b49-fcc9-43e6-9d63-386e7264efb4,7020c3da-9d6d-49a8-91d9-1357036bf6f9,3148.87,2026-04-04 01:43:38.552427+00:00
1d5b8f39-41af-4190-ad1d-7f80ec885d60,0546e952-c4ba-4ee1-ae0b-74ace583589c,3179.27,2026-05-09 22:48:13.410143+00:00
d16d2f25-e00d-4703-85dc-800cb38a068f,a713f7ca-1d86-4f4a-8e64-855f90d4e6f2,4427.32,2026-05-18 01:43:50.886100+00:00
7faccc4e-2a16-4f6f-9956-4dd08dff68d5,0d71843b-aec7-479e-9da7-6eb92b12ad2d,223.06,2026-05-28 08:14:52.282479+00:00
ccb9c976-db9d-4724-ae98-1fbea7dbeaba,3de50610-144a-40d1-8794-b81d7f1c3852,421.18,2026-05-28 21:38:37.449308+00:00
0133ba41-755d-4368-8988-e559497d467c,e00f7fe9-5006-4539-8026-058e07799d86,345.47,2026-05-30 23:53:32.876332+00:00
9624b319-4828-4b48-8c3a-319086df8327,13b11493-825d-426f-ab99-3e4c524f1451,409.51,2026-05-31 10:41:34.420023+00:00
bfdbfb93-89e0-418d-8866-7f8915c21a71,aed31031-c441-436b-a833-abcdfee769fb,3356.25,2026-05-27 06:59:13.400024+00:00
605161ba-f991-4ce1-b0b8-90c83162ca10,82adb6ce-0102-4b4a-914f-1c801000bc31,1052.84,2026-05-27 11:38:13.909987+00:00
ef748928-9ec5-436e-9138-05406b4ba321,1ef12786-1501-43c6-8e75-a04f24225cba,435.42,2026-05-28 17:23:23.726371+00:00
1d642a2e-dee9-4912-812f-27a1c0cb9bef,51a5d1fd-79fd-4340-8f24-b0eb78fc7042,798.91,2026-05-29 09:14:43.266902+00:00
6d87455a-37c9-4dd5-ba64-30668a049f0f,133d0125-1bfe-412f-a7d8-1eeee117e9c7,485.78,2026-05-30 20:58:30.485134+00:00
a64a53b1-bcfa-4f37-a12c-9ed81adb1930,f00d3fe3-f98a-4c48-8cd0-11e34a6af5b2,735.44,2026-05-31 15:43:30.939542+00:00
87e7c947-8896-4e0e-b245-b18df47340ea,8294bdc1-4759-4c16-bf1e-cb2da36c244b,4119.75,2026-03-27 08:52:22.803537+00:00
b3fb22c9-186d-4ad1-a441-a79e270bc65f,a037769b-a83d-4779-9e75-6f9c1b969cf7,2085.06,2026-03-28 20:52:35.203500+00:00
a7abab9f-b6c0-4392-a8ac-4bfaedd34338,37b589ab-8270-4a8b-98ef-ffff7ec7e20b,3197.46,2026-05-27 06:09:08.627707+00:00
a70acd53-ea49-4ac7-a5d0-e63f19d53c25,17501715-0bf9-4cd3-9287-4f04ff256976,1237.81,2026-05-28 04:42:20.185988+00:00
1359fd27-b863-4042-9ca0-cfcc9c1b1228,4c4fa3e0-9499-4393-8875-a7b5833e7cc5,1961.53,2026-05-29 05:03:19.615353+00:00
e3088098-c9ec-4b01-9bed-29d6e12bc6ed,13999d22-e506-43a9-9e91-ce5cfecda9e1,2444.13,2026-05-29 15:49:37.305517+00:00
c3d296ab-e11c-4a3b-9bc2-7bb5bdc88025,d1036b9f-2acf-4810-82e5-e481b21e9b25,2373.37,2026-05-20 15:48:02.554468+00:00
0a445fcd-a201-487f-9ef0-fbb89deec433,1262aeac-48ea-47f6-8b68-357e5aa5f1a9,3031.92,2026-05-22 03:28:27.552389+00:00
c8877e46-7697-40ce-b829-70d210b30598,55923569-2c60-450b-ac45-ed62f1659085,2964.15,2026-05-24 10:16:40.816501+00:00
e3541229-f75f-45d3-a50a-a2344d46c5ea,3b34ee7e-dccd-4ab6-9e14-aeb4e3b1dc2e,2216.96,2026-03-14 15:20:43.554023+00:00
f9a6e5a8-7c68-4225-bd34-e139439e81ab,712da51b-64d3-494c-ab21-c4b47b18b5db,2620.66,2026-03-18 18:11:23.303557+00:00
59a707a3-3292-413f-ad75-10dcbed6ff5c,68365a66-69fe-4c71-913f-78c1bc6964d8,2330.02,2026-04-06 07:51:04.338362+00:00
e13d1ea1-7753-42de-8b8c-df5773cd42a2,fe7e8e9b-0a99-45df-a669-e416f5dbfdc0,343.79,2026-04-12 14:39:56.061033+00:00
373a4516-b38f-4a57-8b70-4f404222ee7d,f7f46c2a-2156-4459-bb9f-afc8a32e3ce9,342.36,2026-04-18 09:01:59.616325+00:00
8fe25d8e-5ff6-4d79-900c-df887c194298,1b42c96f-a82f-43ff-925e-ffb19ca8c20f,475.87,2026-04-24 19:20:29.803181+00:00
22bdcad2-4cb0-4c72-a37c-36925605d08d,aa4c6b51-bd36-4ba4-9ab0-1ba2b6d45a9d,10.0,2026-05-05 09:57:36.487818+00:00
a661f6fb-a8a0-48fe-9d3e-b767ead74bd0,98b7d4b7-ba04-4a75-ba30-f6bb1296781a,1465.58,2026-04-17 19:59:06.740102+00:00
eb6dce85-cc7f-4d8b-a173-14bdfdb662d7,56507f5f-9e2d-4054-a0c2-502f2c6adb23,2532.66,2026-04-29 16:30:17.215358+00:00
d5dbf6e7-0db0-4f0a-bb22-23d00883ee22,00f8b30d-3200-4d23-bbc1-8e3d86c7b168,1784.66,2026-05-19 12:22:35.122108+00:00
76c69fd3-0f74-4420-a778-ab7378aa87e6,818e5ad3-e400-48a9-b3fe-3fd17efe8915,2712.77,2026-05-24 15:25:38.373287+00:00
0dfd4075-3ce0-4b3a-8ed1-38a6299ec5b5,2e945d44-8b03-42f9-a366-d5a9140aea8a,4200.54,2026-04-24 16:00:08.564958+00:00
866031ad-da4e-4937-8c6b-ee650d808c93,7ac60dc7-9226-4fe6-8805-19a643140578,2722.81,2026-05-01 23:35:47.321281+00:00
4c996169-c028-4263-9575-4eb5b611b337,b12de5c0-a22d-4102-ae45-7bd96be0ab62,2822.65,2026-05-13 09:27:26.335246+00:00
65f90a0f-71ef-4d93-9296-f3c4c5b7f067,a1616a54-dcd1-4007-83ed-6a311a5bf7a8,607.87,2026-05-16 21:12:03.470314+00:00
b0860328-c33c-494f-86d9-9b8e438cb3e7,7bfec752-3bec-413c-88ae-f68b9ab4eac2,480.48,2026-05-16 22:56:19.009771+00:00
032232e9-1f05-4727-87bf-c28001e15d47,39512576-e0c0-42da-95fc-913600f8f99a,2154.49,2026-05-17 00:03:35.869075+00:00
e9f4f7f3-4106-4cb5-91a9-9a015fab26f0,32f97f72-2185-4ee3-83a5-dbc07b63b3e9,4160.61,2026-04-19 22:30:26.953077+00:00
48ff1bf9-d8d6-4845-bace-e136d8d7b061,f6e35253-cb1e-4b14-8734-71c95f447666,5118.08,2026-04-20 05:03:13.182920+00:00
9724c4c7-3c56-47cc-9f6d-5cc90f1f79d3,9e009441-f004-44e2-bf7e-6f1406d26a48,10.0,2026-05-02 07:19:19.299508+00:00
e3379fca-97bb-4636-88fc-dbc57be92b9d,2393433b-2efe-49e1-a029-6590c1292cb8,3088.41,2026-05-13 12:43:50.777305+00:00
15264d0e-bfa3-4777-a06d-3299a0121f49,8950ff56-8b52-4743-a2cd-f52c85275321,419.13,2026-04-05 09:37:08.844402+00:00
a859f791-0649-4a0a-a379-3c8293eb9c7d,c22052b3-a58c-47f9-b19d-42855cbabde0,1801.34,2026-04-16 22:14:55.624822+00:00
9f2b43c4-69f1-433a-a4a8-8b497dd8e624,302365ab-8655-43de-aa75-de0e422e7238,10.0,2026-04-19 17:36:51.001907+00:00
1bb24c6d-dba8-4b7b-a2ea-9d392d735623,2b3585af-8c5a-415c-acac-13c53c4185d5,3190.73,2026-04-24 12:27:03.445711+00:00
0e19e8e1-8eab-4d3b-93c4-d7421b2af2a3,dbd36e25-90c1-4803-9c8e-6d1df6669775,437.5,2026-05-19 15:52:22.740439+00:00
0fc30bb8-e252-441a-8ff4-22596e525314,04921364-906e-47c9-bc3f-5b7d1e892075,3339.26,2026-05-28 19:43:17.205636+00:00
4dca20d0-bea3-4392-a352-7ccaa3f24fc8,e1c4e85e-1f7d-4cca-b7d0-647b01929880,3326.24,2026-05-29 14:37:00.646779+00:00
189440db-3c87-4ec4-98ee-6b54af6dd0f5,bee73412-1f78-44b9-89da-4371316e346f,2215.78,2026-05-29 20:44:29.729316+00:00
17ff6a80-5a51-41d7-948c-51bb2f560ebe,33c569cf-ea41-4014-989d-14a48327c47b,10.0,2026-05-22 21:37:02.386645+00:00
b4914695-0083-4bbe-ba6a-c05e403f836c,61712047-fc93-49f8-badc-0598446a7591,2738.06,2026-03-18 22:09:35.892142+00:00
7609ccc8-a74a-4228-9112-469a5f4053a7,d6390cde-5002-4763-8eaa-36b40562496e,3117.81,2026-03-20 12:30:04.332606+00:00
35d262ac-587e-42a6-b9cb-1e6a2b114fed,9c24df44-facd-40df-8bfa-6fab87f34944,5377.12,2026-04-08 18:00:42.988164+00:00
d85cf6be-3276-418a-9147-8eb009f1acd3,a8212203-b3d2-4a14-b432-cbd94eda0425,868.02,2026-04-26 14:00:43.131414+00:00
e1df618a-45be-4d99-a87e-af5c921eb186,c36ca9a3-23cb-45af-b2fe-b4fd47ffa32f,1132.93,2026-05-03 15:12:19.782631+00:00
9bdba5c0-7cbc-42b5-b63d-8fb3b6feea2f,fda2bbf9-3e96-4670-b82b-0a581ec8f961,33.21,2026-05-03 21:35:33.682454+00:00
6c4762fc-bc56-4060-9d3b-0c5b393f5337,51d2d42a-4814-408a-a6d8-615397de0c24,47.54,2026-05-16 17:03:53.612833+00:00
8436e9a8-46f2-4041-83f6-d552cacfb44d,66b55eb6-3a6b-41d7-8828-7baac3bddf37,487.74,2026-05-24 06:35:35.779062+00:00
7f2538cc-c91e-41ef-b70f-87fbbef6f2dd,eb71c510-3742-4a69-809c-3e72175924c9,931.32,2026-05-29 05:07:20.445915+00:00
c865703d-f27c-4d6b-b203-3147fe8c83dd,ee68de7d-205b-426a-8e0b-b02d0b8d871b,660.08,2026-04-10 17:03:57.139422+00:00
f0e40a04-6d66-4016-8b0e-807a67628368,59e16b40-4ee2-4cf0-9767-2c707d524810,1763.52,2026-04-20 14:04:17.088460+00:00
3e43452f-5164-4514-b131-5eb162b6b1c6,e19f6cba-60cf-46d2-a051-855e1f9c6c31,2154.67,2026-04-30 09:21:23.994575+00:00
28dcf148-4e01-47b3-9245-b9c5cb7068e6,da747935-2430-47fc-8a8c-242f4ca327df,2065.06,2026-05-10 05:06:54.543222+00:00
9cbc1c35-f884-47d7-93ee-ab2bf3bc07d2,ac79a68f-39c8-4e38-a549-85bcf0236b2e,919.82,2026-05-31 02:21:02.022460+00:00
d9f63151-7691-49f0-88ac-d590e045fd98,2289bf29-299d-4864-87fa-7cba4a154fbe,2804.35,2026-05-09 12:04:36.288734+00:00
74630b02-2f4f-4827-84a9-f20d1942075a,de116e46-ee77-410c-b9ae-0c76168ca74e,2347.18,2026-05-18 17:40:34.929871+00:00
7976d2af-a2f1-4302-a5cb-3373ae409ce1,2ccc47eb-0777-4e20-bb30-7e080f741c21,1535.01,2026-05-20 14:47:07.371587+00:00
5e85f723-2c1c-4e15-805e-ec156055042d,b27789ea-83e4-4aee-a4a3-954f1b485ca6,746.78,2026-04-21 08:37:14.552097+00:00
963b8dfe-49de-44cb-ae7e-2726914a7d85,662cbf93-9eb6-4180-b73a-4d8d79345338,149.31,2026-05-29 13:21:20.205279+00:00
be3b3c8e-b149-45be-89b6-46fdfd9608f0,8c8e329f-e9d4-4000-983d-06531e30ea47,137.11,2026-05-30 02:05:26.906104+00:00
b1143fde-5531-486f-9b61-c0a483706101,a3804c48-1078-4554-9193-6b63e1ec1775,290.55,2026-05-30 13:31:54.267773+00:00
e3d48935-d549-4b33-be9b-b53d40c85369,adfa88d3-f578-437d-9074-26f94d3f20b7,132.06,2026-05-31 00:17:50.217153+00:00
9f9a87c9-321a-4610-a439-45c399762b27,6e362ef0-1687-414e-9d31-019f635e67c9,232.1,2026-05-31 14:13:19.172156+00:00
c18bdb94-5d31-45f3-bcee-faf8d0939a1f,9e157e83-4c70-4014-9845-a559772cb974,3997.47,2026-05-29 20:10:42.298787+00:00
08e52dc7-f721-4d99-a822-10afbc74044c,f114f746-bb2c-4781-aea2-30b152cba027,6804.02,2026-05-31 12:25:20.405181+00:00
a1b8e3bc-7214-4d7c-ad66-465679386ecd,2e1d3091-c3ac-49a9-a1a0-266f442dd069,7255.97,2026-05-01 22:35:42.223591+00:00
c9e8f734-fdef-4328-bfa5-1ae3401ecb77,44559394-9991-4e61-84ff-9fa63aa104d6,1853.64,2026-05-04 15:20:04.727433+00:00
dddcac31-4a4b-43ba-9ac1-e9020cc2bc95,7518c48e-e851-46b3-892c-05be003233ab,412.68,2026-05-28 21:32:10.622419+00:00
2131c33f-c96e-4199-82a4-903e4f6dfa0f,9e3041b8-1fed-4896-bb62-d6782e60aea7,2211.54,2026-04-20 15:34:47.973442+00:00
71a18701-d4db-41c6-9b90-898a397eae63,a3430e0c-b117-4d91-9893-db60762b3c64,2440.58,2026-05-21 12:48:36.026353+00:00
614f36b0-29dc-4109-b1a6-221f982b8dfa,5f789a6f-cfda-45e6-b034-51e5551caf61,911.15,2026-05-22 10:31:24.026325+00:00
6c3a289b-7474-454e-8106-ccdb80101e8b,ffc5e431-d3c5-431e-9606-5e15d18f0d8b,2485.79,2026-05-10 11:12:10.323301+00:00
ed109351-1fd7-48f8-93c7-0ae0b3cdb4ff,00e5d03b-8527-4fd0-bf2a-a4c4c57851a9,2506.72,2026-05-10 18:07:02.171104+00:00
b26c0d1e-4150-4066-ba47-d637a805f0cf,7528fde5-e96c-443b-9960-5e44d085dfb2,1788.33,2026-05-11 21:13:05.566603+00:00
0d4de8b0-f34f-46fe-ac53-bf22f1477b8d,5f0be083-f4a7-4e34-8880-dddcde42486d,2117.38,2026-05-18 02:58:38.003350+00:00
ce512e0f-276a-4cb0-b7e6-773493e7346e,89c16aef-f0b2-411e-b852-ad2b32418332,1484.14,2026-05-29 00:29:47.531391+00:00
6f8261bb-ccd5-4573-9ca3-012e60c07624,953db4db-6615-4573-8203-8e3ca87d7706,2832.5,2026-04-12 03:46:15.025359+00:00
97b63021-5c98-47a9-ba2a-23d52720bc60,fbab47b6-e7ea-42b7-8d1b-792ee380224e,5564.48,2026-04-14 18:12:54.141327+00:00
b718de9b-208c-4cd3-94a6-59be6da7ef3d,43dc8971-29b4-4668-b91e-4cf389510fe6,4210.03,2026-04-17 01:57:06.237141+00:00
d92fe840-c2f9-4a5f-96e2-01f0804df2d9,7af6ae72-256b-4a47-bedc-8953e06444fd,2838.54,2026-05-23 06:30:05.888671+00:00
8ce08487-a63d-4fb0-8d81-1c97558ebeeb,0f53ff17-fd9d-416b-9b97-0019ae6db66d,1409.3,2026-05-05 09:12:31.184766+00:00
e61b6443-3cd7-42bc-9f96-fc68f9a61448,f0853c92-66b1-4751-97e7-2d36f5b4ea56,2380.21,2026-05-13 01:10:54.524018+00:00
654f395a-5f4c-4a72-b1eb-4f0d36f4329e,40a4ae8e-7ae5-4427-b116-ec3e97e75a89,1277.47,2026-03-28 16:45:21.190472+00:00
e6caf8a5-9980-47f1-afe8-a44ea0f56ef3,51a9eee0-b2f8-427a-95f5-9512841d3f48,1692.0,2026-04-11 01:46:28.655986+00:00
1ec8185d-e50f-4a64-a5d3-4826f0e3b86a,1a4565c8-2f28-4dca-b291-3c5224d94171,3789.82,2026-04-11 13:37:45.935124+00:00
c8215089-bea0-4ef6-9b97-94ee58ffd993,702bcee5-9666-49e7-b7da-9b85a316dded,4819.63,2026-04-12 16:46:05.561072+00:00
9242f288-5cac-4b37-baf0-9be35fbcdb2e,96561582-d79a-4794-b8e5-f65ebed929be,6168.24,2026-03-10 02:45:28.904625+00:00
3e5596c5-d0d7-43d1-b0a6-86e828acbbab,64dadf04-5fd1-47bb-bd26-c709fc52037d,809.45,2026-04-20 16:33:22.782484+00:00
f8aa7843-3f35-4c2b-9382-95a0b830f94a,3a6ccb46-03a3-4d5a-a95f-4cbf2d22fffa,2537.23,2026-05-02 23:41:54.586541+00:00
4fcdbdcb-4fe8-4c32-aa38-0c20645074c6,a60f5b58-d9e2-49a4-a2d8-664b67eca8ec,1757.87,2026-05-20 00:33:46.075215+00:00
9ce01b3b-f722-4cb7-9d6d-b9ac1236ea09,f1d9bfdc-e73d-4967-aea1-74e3e4008ef1,4114.35,2026-05-25 07:50:59.992195+00:00
1f3dddf1-338d-4b89-95d7-4e8818836b1e,d0ad0009-a46c-4629-8a19-a4b375f1702d,2009.16,2026-05-30 03:13:49.749500+00:00
f0df2c0f-e7f2-4290-b96f-4090cdd685e7,11d13ee3-341f-4bf5-90a5-2afdbd99bf97,427.67,2026-04-11 20:33:44.335938+00:00
229ec0f3-a2cd-419a-bcfc-b9a199e178ff,3e2b948c-e58c-4085-99da-a507708a8277,759.85,2026-04-22 07:43:44.421128+00:00
b3bf14d4-9377-40ae-b39c-c89e5db5d2bf,7aa3e703-1401-442c-bc34-420069d2f1b5,856.07,2026-05-14 21:48:24.613980+00:00
2ddd6ed8-5481-4d10-8ec2-b4a4f3561441,e926d090-696f-4a83-a4a2-63e5faa499ad,592.9,2026-05-23 19:39:11.687848+00:00
0bcd1010-b30e-4a24-ba34-4b7543ea9a5c,6f149a33-90d9-440f-8279-0fde57e42816,1821.54,2026-04-16 08:38:58.201330+00:00
8133da09-1e89-4699-ac9b-0c37eaae6d37,70296362-5653-470a-aa4a-616ca83ded4b,2311.67,2026-04-22 04:05:26.418350+00:00
dd14cd1a-be89-4f84-88d4-3ec867aa595d,1af357cd-0898-49d4-9f8d-deec3f652226,10.0,2026-04-22 11:29:55.012587+00:00
10074d89-3aa8-4d42-a055-adaf8b58fa69,ae107651-98ea-45f9-9f47-2c5f4a36e5d7,1744.31,2026-04-25 21:16:49.807285+00:00
9c71ac14-7cec-4ab3-9720-31a8a7ede55c,1d9c7c45-6f0e-4a69-b0e3-930c5e12a0c3,642.09,2026-05-26 07:13:21.260803+00:00
ce5dcfba-a56a-4b26-af5d-53f114cfd2af,11e2ef7f-dec8-43f8-905a-0980a5937ba8,689.71,2026-04-10 23:35:43.432268+00:00
b6b39800-7d5c-44f9-b49f-480254ad7388,50bf7145-f240-46bd-b215-2d0ad38affd2,775.53,2026-04-24 21:26:25.758427+00:00
9f600cbb-cf8a-4eed-8532-f6d2f7e7b541,5f99aa98-c04d-496b-8f48-223c12a42a4a,4021.17,2026-05-05 03:32:07.958732+00:00
7a366731-1298-46dc-a189-201ea5f3f3ff,d3c36a10-b80b-4b28-8efc-9e209a4b05d2,1955.05,2026-05-10 07:49:20.351596+00:00
d960ff47-0c93-4853-9570-f06f68063f2e,2d4d0611-ee38-41f9-9a8c-83bc056af6a6,1966.74,2026-05-22 13:10:04.729783+00:00
2ebe47dc-a1c2-4b88-ab11-b8c418e5e96a,11dd5f68-e615-423c-930b-acee5292d077,1073.07,2026-04-15 01:48:16.659139+00:00
5ba4d257-2fd0-4f15-b2a6-8ca67b3decc2,d2885e77-06cd-4c19-beda-07a20a8cd372,2914.3,2026-04-22 05:14:20.152272+00:00
d1f23da2-645a-4940-aaa6-2f3cb6138185,4ac0f20a-044b-46ff-ba02-2866c64e3a91,2248.02,2026-05-10 05:53:39.767300+00:00
adbc2fd4-308d-4580-9b07-222ace25ad8c,54a3f001-64fe-40e8-aba9-9c06998f255b,1391.24,2026-05-10 11:33:27.054174+00:00
ffd7deb3-fe83-4f2c-a919-cfeeed094660,020234b1-2a46-49eb-a117-c41e2c8d7bd5,3368.19,2026-04-22 05:14:43.830606+00:00
1cdcd736-432b-4359-9494-181374460fa6,8fb0c700-c534-49fc-af1d-0a5f7808cf2a,3520.07,2026-05-22 08:38:06.965374+00:00
33c82b25-248d-4d4b-9d56-5e578ab6d9b7,8aac8b49-7ac9-4e0e-a8cb-1740140023ac,3498.83,2026-05-25 03:01:03.571085+00:00
255131da-be5b-4314-857a-e176f2c80193,42fdc785-c6bc-4e07-9e15-44393d274df3,1660.94,2026-05-27 12:57:38.251343+00:00
4c2de660-8e23-4062-afae-c9233ba68125,dc49b22c-0b7d-4f42-88b2-83bfad335206,2005.55,2026-05-28 15:04:09.890636+00:00
9617b5a9-24ae-486f-b4cd-cfdfa9508504,0270485c-3320-4a6e-ab86-33796e481dac,586.35,2026-03-12 11:21:40.462050+00:00
57f6b9c2-70f8-4795-a21f-6f40e4ed3893,2d610e08-b75e-4935-8a6e-8d13847f5603,550.59,2026-04-08 19:08:34.674339+00:00
165f4aea-4948-41ff-bc56-fd360bdeffb8,a87e083b-4a4f-40c8-acb5-1611574cae95,722.13,2026-05-24 01:56:43.612743+00:00
a2bbd062-ecbc-46d0-ae6f-9be14bac5404,d815c24e-6189-4ff8-9e6e-484718bb4e3a,501.35,2026-05-28 02:32:07.521238+00:00
d81e498f-3496-421c-b75f-7f72ad4a959b,1e125771-6410-45a6-90f6-b838a7bb9927,509.64,2026-05-30 19:40:34.619974+00:00
9e2676c3-5355-45c6-a139-12782a6a5955,16d81e76-a90b-4832-b37d-8d26ecf8edcf,2993.49,2026-05-20 21:50:22.633190+00:00
aee8b2c7-b6c2-47cf-b46f-efacf5177e5a,a990ac5b-2e8e-4a4d-b0c9-928c5bcbf49b,1855.58,2026-05-23 13:51:14.628392+00:00
f7d7edbd-848b-4171-8f08-b480adcb8521,17b274af-9925-460a-abf8-042257c1776f,1056.51,2026-05-30 21:03:15.210489+00:00
55ba18d8-3c20-46ce-a941-e79f8706fbf7,316570c1-81f1-445e-9285-bb100aeee387,1222.47,2026-05-24 20:57:35.011992+00:00
8ec2b0ef-7dd6-4e94-bed9-364449aab8e4,52c7409d-06de-4e2a-81a1-cd09c43898d4,1622.28,2026-05-27 00:29:21.251357+00:00
59cc19f0-104b-48c4-ac13-64e2c94d64dc,7d78e267-de49-42f2-8d09-0b37e24aee84,1183.17,2026-05-03 14:32:28.741190+00:00
67eb066d-1c23-4624-94c2-2879076e1d65,58f40787-7a03-494e-a9a8-a5c5791e5fc4,334.49,2026-05-22 17:15:09.581843+00:00
558e7b87-a938-43dd-816d-640f721f6200,e0c37dce-03fe-4f9f-9d90-cb663bfc0c9b,1969.62,2026-05-24 08:25:51.640285+00:00
3e686a84-1965-4d5c-8387-8b4036c315d2,599d3dc2-80d7-48c1-91d4-f5767c781e2d,2520.52,2026-05-05 11:49:21.716315+00:00
6de23dd8-225d-4cde-b09d-ba316b4ccd32,3ae5ae9f-709d-4750-8f9b-25ea3ebc180d,2631.91,2026-05-09 05:46:23.092250+00:00
8ffad255-416c-4448-a4e3-0e1f3a2ae6f5,0d635559-349b-4ba1-9a61-239e8ac394c5,1697.0,2026-05-20 22:54:11.704082+00:00
b92cf615-efbf-4463-9e1a-3315d69e084c,741e26c1-0714-4d72-880b-6d8e43e012e5,6081.27,2026-05-22 16:11:35.593116+00:00
7d4a83d9-f194-4f0d-9d6c-643ae4988b2b,bac0740b-e4e7-4622-9b4f-337b9ca9d874,1827.54,2026-05-22 06:06:24.205353+00:00
4e211c7f-78d4-4ed1-b558-7ac4f9f2e2de,6e4d0248-dfc1-43a1-aec5-3708b8b073f4,2630.21,2026-05-29 01:40:01.327419+00:00
63216d4b-5b20-40e4-89a5-fd8e6c0af35b,f586b217-dc0b-44f1-be87-d950f23ee1b1,3037.09,2026-05-31 00:20:03.013328+00:00
171ea300-d964-44f7-ade3-41f33a797297,2230f36c-fcba-46c8-a6d3-11df678aacad,2628.76,2026-05-31 06:20:47.853314+00:00
5958f73f-376e-443f-bea5-485904316a6d,7aeffeb5-3958-46fd-b084-86ce08d498bc,3512.42,2026-05-31 14:02:02.974666+00:00
1bcec49d-286e-4137-8999-3fc84bd011b7,a10b3c9c-4192-4075-87e4-7ea3ae8d224e,418.84,2026-03-24 04:58:33.653850+00:00
21585b3d-bbfc-4759-8f6e-323183bee1fb,11e92392-5259-44bd-9938-21f7f2c576e2,469.61,2026-04-07 15:47:07.095014+00:00
a736bf2a-4565-4758-a6f0-3d61ed8cf81f,f9817597-d9b5-4191-b413-a5844a8cce8d,327.57,2026-05-03 03:15:53.664933+00:00
fcbc2392-e975-43b3-91a5-488305866acb,d3c9ae08-abfb-4233-92b0-b3b6865cd0f2,10.0,2026-05-10 17:12:29.419747+00:00
0a753e37-f39d-4bce-9fbd-aa84a6059511,2d6606f1-2250-4010-a987-c8505d358894,673.7,2026-05-31 06:29:56.281096+00:00
3b6e2476-6e81-4d24-8002-dff5d4cb2eea,4e9074c8-aeb3-4f3c-b493-4a04c51cfec6,436.26,2026-05-31 08:24:16.049675+00:00
06f45327-5032-4a7e-8574-dc46412ae916,379c6288-e198-4f33-9214-b6eafc3b4486,1216.84,2026-05-15 04:34:05.905232+00:00
6c876c44-7c2b-4b0c-a7b3-190b4d3f89cc,986d3fc8-2d9d-4f4c-824a-1bcff3dc7de4,1314.58,2026-05-24 20:02:43.771028+00:00
b96b64ee-d50c-433e-92bc-4c178a20a377,f9dcbeb0-bd36-4b58-84fb-4379fc9fb07b,850.59,2026-03-23 07:50:36.727623+00:00
5dabcac0-56ab-40ee-8362-41e4db11bbc1,b8cbf8bf-85f0-461b-a983-a8f1d2ccee9e,588.96,2026-04-11 18:32:24.311724+00:00
b4921a62-02f0-426a-b056-b1ee6fdc0694,6506b281-83b5-4208-8911-d83d81eb58e5,106.43,2026-04-24 18:33:27.008389+00:00
ec3f3835-01aa-4e44-8fee-9acb3c71815b,4af16b35-0296-405c-b0c2-92b4516bf114,370.81,2026-05-06 07:57:48.375916+00:00
e4bde2bd-6acc-4c68-b953-c171e6179344,6350c967-7aab-4183-8672-a636a82743d5,423.37,2026-05-17 17:44:38.257761+00:00
846275d4-325d-4ae6-a9df-345dbf14d352,ab89160a-7bc8-4a26-b5ff-97925265af50,1842.63,2026-05-01 22:58:49.600254+00:00
36895397-4981-49e1-9be5-a290c436a6c9,168d7c61-13a7-477d-b3ef-dfba0397d33d,1906.47,2026-05-09 04:05:35.049249+00:00
1e4708d1-3b1a-4c3f-a4a3-3c3cd2402e9f,6cd9303e-3667-4e8c-903d-4e90cd0b73af,1375.42,2026-05-21 03:55:23.020009+00:00
cc434eee-5fd3-44ae-8225-3d07bc926313,0bbebe70-6595-4b1d-92bc-9491b924c7ea,2079.5,2026-05-22 19:35:54.880718+00:00
010cd25d-af2c-47a6-a5a2-2fa22071ea29,9c55cceb-8d70-431b-b4d1-8ce27c16b008,1007.63,2026-05-01 17:39:22.130003+00:00
a3727318-e875-474b-98d9-fe129c7dd4ed,11103ef6-09ab-4833-932b-080d119cd2ae,673.4,2026-05-04 20:44:44.148131+00:00
ca94e34d-f3d8-43a5-afd3-b1a15317d1ec,a640a395-c1e0-4c2d-a7cb-ff5f289294ad,659.2,2026-05-07 15:01:06.146373+00:00
fa2c00ba-e5d5-4ab9-8621-56b2f87d2e64,6d77996e-57ac-4507-9d69-8dcc6db21fec,213.71,2026-05-10 09:25:44.865915+00:00
ba95549a-876a-4b91-8e1d-642181333118,b91aedd6-8d61-4fbc-ab6a-083f8e38ab13,1329.58,2026-05-23 05:41:35.455100+00:00
50a057e7-82e7-49ae-a1d8-745e8ba7c8dd,6d5c9c2b-d3f7-4b40-927b-fbb9e34548e6,2250.82,2026-05-28 14:49:48.590019+00:00
e160cc1c-2d08-465d-a49c-a378eca131a0,a3831c83-3a8a-4295-bcab-fbe202b9da2c,10.0,2026-04-22 11:56:03.835621+00:00
01565150-022a-4600-b53d-b70c4cab46f1,9ff3b73a-e2aa-4843-ba57-5b321e9ef877,1746.4,2026-04-24 14:27:29.201557+00:00
885767b3-5be4-4450-a1ba-f204532ddf49,333fcdd1-cbf8-49ad-8de6-afd8086c2d0d,6030.96,2026-04-24 20:25:10.036190+00:00
4b02f9f8-6abd-4d14-9814-5ebcc447ac92,e370d4ab-addc-42df-9e45-ff5a24cc5351,1473.58,2026-04-21 10:46:11.394781+00:00
c3ae1fdd-587d-402a-bd61-c1066746ed08,6efba1ce-b283-467a-88e1-ed4920fec012,3606.44,2026-03-29 07:58:08.796200+00:00
112246a4-8bbc-46d4-96e5-988f24af0172,5803ea1b-43b8-4f5d-bb67-aa641b7a5c12,4464.91,2026-05-25 19:42:47.397125+00:00
9ba5c14d-feef-4dbb-afa2-04d9c34d0240,17bd3110-d8d2-4d49-87ce-97a948c11c9c,3280.12,2026-05-26 14:24:00.082152+00:00
7c61fa48-9c13-4c77-8d2d-352e8cc5440b,9f1af889-91d7-4cf9-816a-1dc6a768a75c,2606.8,2026-05-27 12:25:03.835872+00:00
363b29bf-d253-43ca-ac1e-af8995241d7f,33217b03-37c9-41cc-87bf-ec85055636cd,1277.93,2026-04-16 20:01:38.493482+00:00
7537938a-dfc2-44ff-a291-cdb13dff21da,fb86f15f-379a-4514-85ed-67838f5ca5f6,4106.08,2026-04-23 07:08:14.948850+00:00
07abbb77-1642-4b78-a5aa-35bd1c56b494,18340904-5e54-4507-af48-f8fb8133131e,2021.82,2026-05-14 12:59:22.397634+00:00
5c1749ff-60b9-4375-8c30-d814cf8fc91f,31f6fe31-9c2a-48b1-beb0-37da3c68e3bb,3098.6,2026-05-21 05:19:31.579482+00:00
7ae5a698-30fe-4b0d-887c-8ef838cf7360,b9ef708c-44b0-46ab-9772-254f873b7444,2230.78,2026-05-29 23:43:59.568256+00:00
d642e02d-9518-43eb-93b7-3d32c5e3e909,35ccc3ac-1e1e-4c0f-b4fc-f597401dca63,2090.56,2026-03-19 17:44:21.081338+00:00
649c9a79-3e52-480b-b9dc-7548d9f24b38,8fe7ddc3-c209-478d-a9ad-2e192e00cdea,1525.72,2026-04-05 06:02:48.311023+00:00
aa971936-0aa8-4a76-918d-088ac96a80ca,a045d37e-fd9d-4c19-a9e7-2067c07a45fe,1886.15,2026-04-14 05:25:05.971537+00:00
7835c024-2028-4426-bd73-11eb922efbe2,c3f3db30-42ee-4f58-a7f2-e697e2602b67,807.23,2026-04-27 16:33:27.298043+00:00
383dbcf2-9c6a-48f6-99a1-5d60e8f3ab84,a25bfde0-6004-4e0c-a30a-21a4113d1ea4,1476.19,2026-05-02 19:43:13.112224+00:00
5fa1c660-bbae-45ee-9ea4-7e3bbed058ad,99c4b763-89a5-4d8f-9d6e-b71533ccfdbb,969.6,2026-04-08 18:57:50.695033+00:00
4da5c3e8-a49c-49bb-a759-c22621f89070,3f90047f-10f1-4f11-b761-9d49a2e30eef,495.11,2026-04-16 03:24:14.538171+00:00
fbf3fef7-3862-4541-8f2c-1830c57d4d24,e164f22a-2399-4035-b7aa-3a0dacc192e9,984.28,2026-05-04 16:22:36.455333+00:00
ad88002c-fa15-4402-97e7-eb3e6aeacf44,9e8a2826-2fa3-4d15-b74c-d14c0eedf361,2779.99,2026-03-12 16:45:25.862406+00:00
4ea432dc-905a-49ab-a1d4-3793827cdafc,1d509d6b-ecc0-4694-98f3-1d6b2d6bd3b2,3731.11,2026-03-14 11:47:51.454851+00:00
c34d2cd6-cbd1-4b6f-85aa-83349fc7a4e7,46d1e6fb-11d1-4d85-bbca-8cd98cd262df,3548.46,2026-04-12 16:04:33.668266+00:00
d49205ae-0f24-4131-8b66-8903a4eaf113,15e672ef-52a0-4cfb-80f5-ec1d7c6268b4,1960.08,2026-05-11 11:40:06.523226+00:00
4096c070-38ef-4331-a6c6-c945a19cae1c,403ed4f6-3efe-4f1b-9249-cd9decb825d4,3844.2,2026-05-19 21:58:22.667456+00:00
bc3c90b2-41ab-4ad4-be86-5da4f2625999,9ae87154-a3bc-4c5c-b30a-15bafad5a9d7,4849.43,2026-04-26 11:13:38.342715+00:00
25ab135b-3703-4fbd-9297-e6f221b4db38,88c33649-de22-4673-a8bc-cbaf3ea33d29,2457.22,2026-04-28 00:51:14.618922+00:00
4faa6a90-152b-4f23-ad52-052d1ca991fe,1cd1e95d-4b49-48fe-bc5f-b80e87437a86,909.59,2026-05-17 19:03:08.744859+00:00
6633dd1b-478f-4ac9-8d17-2e47f950205d,89082cf3-7465-4ed8-99f3-d4f139817a0d,1367.01,2026-05-19 03:21:05.979200+00:00
532d86c0-920a-4f9c-94da-6b9ec62b55e0,e1c1b309-38f7-4fd2-bdd5-a0daba907f93,10.0,2026-05-28 09:50:28.643021+00:00
ac927c80-af25-450c-9c38-f831240b9b8e,6b114e56-0355-498e-ad04-364323b2dd5b,1387.18,2026-05-12 20:37:57.246853+00:00
90bd55ac-c4b2-4342-ae89-73587dd7e927,e33e45d6-047e-4b20-898b-6e73d6f8ae50,1237.88,2026-05-26 19:45:00.564185+00:00
a8099b87-9bc3-4ed6-b92e-fc6ef52ccdd2,fd044f5f-ff5f-43f1-aca0-57edcc6595c4,1295.3,2026-03-27 07:06:01.653097+00:00
c9e016cc-23d9-4b8d-a831-2899b6ec2227,265578c1-4d89-48a7-933d-c789d932f039,1079.22,2026-04-14 00:43:21.319578+00:00
e2f9e83b-53b2-4156-b744-5e453a266c63,5e9027cb-7a08-452d-adcb-d7578a9376af,152.05,2026-04-14 21:38:49.758522+00:00
98de4772-7755-4792-8d11-20f4e14b8d77,65f2d05a-5d1e-49d5-8266-9befc24bdc43,10.0,2026-04-18 16:06:13.286383+00:00
4b66ad87-d9d1-4278-bbd4-a155968ed685,20b9e7d9-f601-4eaa-99e4-03c4b96e7510,1622.51,2026-05-18 19:28:54.485806+00:00
f684a74a-45f1-4fef-b1d7-2c5a84689064,5ea7278b-2b93-4e78-9a46-f6c30cb87a9b,2565.19,2026-05-21 01:59:38.177528+00:00
bd3d5897-3bb4-4c55-8ea1-f72d3573ead6,f3a1c186-dffb-4139-8b8e-cacda4a26e98,1459.46,2026-04-27 07:50:40.225609+00:00
ce781e81-1343-4291-993d-d71ee260cabd,f98ec04c-a8ad-4132-9380-57d8ba47ac64,815.33,2026-05-09 07:50:42.211236+00:00
e43f7050-1358-47d7-b87e-36d1d2e91e14,c72759c6-fbf0-4c30-8a9e-bd4a71683fc1,1234.65,2026-05-10 02:31:00.038787+00:00
e880256d-2776-48fe-8999-cd1d71b14dea,0163997a-92d9-4ff4-bb26-b814d00215a5,1040.03,2026-05-21 20:13:39.452650+00:00
a1d2fe05-9ad5-4c88-bc83-e62bccf32504,8367561c-815e-4fd1-8776-0fa2b8c3bc5a,2408.04,2026-04-16 05:45:57.478531+00:00
5fca7a4f-af8d-49df-9e96-97e03e07b611,dc9857a9-0cb8-4dc7-a6e8-c7d2c1adbe0c,251.28,2026-04-23 14:30:43.658435+00:00
7d7ce367-f145-42e1-9ec1-61bd442d40ee,94a3c733-2fcb-48da-846c-7330e4f7ebab,2388.55,2026-04-24 07:22:29.895025+00:00
5a5d30ca-0ecb-404e-bcca-906827590c98,79034858-4310-4cc6-b5fe-6e9ad8fa817c,1750.55,2026-05-26 00:47:34.158841+00:00
5054cfe9-b847-4251-b45a-1ab232f7da52,baf04833-45bc-4ac5-a29c-e2f87e53af98,4318.93,2026-04-06 20:46:36.550154+00:00
4434b4b2-bf2f-4946-b64f-8aacf8856365,8be84348-255c-48f0-8338-4859c934c4c9,1686.79,2026-05-01 01:21:17.063768+00:00
6215e3c9-24bc-4f43-8a9b-2f38dc5964af,eb0929d2-3832-4a6d-9282-ceb32c0d61a4,2748.21,2026-05-24 12:10:26.236539+00:00
14268985-538d-449d-95d1-da81190cf766,32857ed3-7542-40bb-b91b-e73c39c89d77,1638.88,2026-05-09 19:12:32.186087+00:00
3d8e81bc-cf85-4cc7-9bb5-8cf3d30f72e3,14fa5b31-0736-4e27-a09b-bc5700e02058,2199.31,2026-05-11 03:39:23.219481+00:00
57c31c6a-31c8-4489-a803-e1b303de001b,1f504c03-0884-4cee-8c3e-bc4ff37359f4,427.11,2026-05-26 11:27:49.381856+00:00
de79a9a9-fe8e-45c7-b822-52d3ace3e5fe,a0b78f4a-267b-415c-99dd-4ed68ea55064,4745.57,2026-03-21 13:42:26.703844+00:00
77e899cb-580f-4d3b-b9eb-b6dbf58557d7,f54c94ab-3347-4952-8224-2d63522b8029,2521.76,2026-04-18 11:46:54.718261+00:00
f5eb7773-769d-410c-b223-d92ec2ae7215,ab0a7175-bf08-4a03-8c18-c86d63bb3ce1,3632.33,2026-05-08 11:25:30.487376+00:00
50f4c119-88c6-4c3f-a859-e157602b2f2f,065e47b2-9f1a-48b2-a990-b5a76f1e7faf,979.59,2026-05-18 21:34:29.343083+00:00
64ae164d-982d-4755-ac57-6725e386972a,79375f1a-86af-4ac2-853e-6f5b32f04005,689.53,2026-04-03 03:00:51.112481+00:00
d0e0158d-9fb1-4611-93d5-d3573f6030b5,87483ee1-01d6-424a-998e-98c111ceb543,4052.02,2026-05-11 10:33:19.701044+00:00
5c9d9709-f9e0-4976-8c00-12f15720977c,35f25433-9f63-4dee-9131-4e23dea04106,2302.86,2026-05-23 09:57:31.534673+00:00
6b31d1c8-839f-45e3-8939-675e2526817b,5ecb4a62-d86d-4f7b-a72e-3f1c8d573fe8,2527.23,2026-05-28 11:56:24.285919+00:00
df14be6b-148d-447e-a736-a632b8c858c1,da5886b8-c67d-459d-9cb8-cd9f511baf72,2554.03,2026-05-25 16:21:57.056613+00:00
06a5cdc6-cb0f-4fd0-b0aa-b698455cd931,59b3cfd5-e9e9-4a41-80ea-07eed356d950,4092.1,2026-05-25 20:55:00.430197+00:00
a1907190-1f98-41d3-9b9f-9a491e2544e7,2092b6c1-e45f-497d-8090-7a928d8521b8,3400.06,2026-05-27 21:50:23.998886+00:00
82f96299-7f42-4176-81b8-f459883d8f93,34720e19-d02e-417c-acdf-00dc6ff1b155,3090.72,2026-05-27 22:39:41.698738+00:00
22857c40-e71d-4697-9caf-9ccbf0ab18d5,34fe6056-03f8-48ce-966f-a3116ea94c80,4005.06,2026-05-18 09:35:24.651015+00:00
85f7c249-5f9d-4011-8ec3-e365fc1fa65e,ac8efccb-e754-42b5-9ec1-6674267c929c,938.99,2026-05-20 04:00:40.251861+00:00
451d0527-30e7-4b38-b8fd-086b68b970ca,6a979890-1ee8-42c7-bf32-e86c67f58fa6,1656.35,2026-05-25 05:57:11.437823+00:00
7383b345-50ef-48ce-8afc-1f181b09f594,ba75a554-a718-42ee-a630-a6cb53794bc1,2659.0,2026-05-29 13:29:12.729858+00:00
05966534-2c99-4fe5-9f94-39adf5513114,4ea454e7-5603-41cb-9b8e-a790c361b525,1908.56,2026-05-30 20:53:04.579792+00:00
66ffa67f-ac2c-4209-83a6-72bcf0bfdacf,49dc4b96-b6f8-4131-b345-ac350c05845f,3196.25,2026-05-08 07:56:05.160305+00:00
574776cd-8093-4a6c-bf99-7e0504771719,e5b5f01f-a292-4fdb-a658-e2fb5ae54f42,4284.88,2026-05-10 12:28:47.144503+00:00
9f810f64-61a0-4b2a-87e5-1563225c6dba,7a5dd59d-90c0-49f6-8cc0-b2690e641bf5,4236.15,2026-05-11 11:16:49.251146+00:00
2486cd01-0821-4e7e-a0df-1632baa280c0,b6573b46-23b1-444a-8164-9c91b4f1dbe4,2620.49,2026-05-11 19:37:04.607627+00:00
f2c9c1bd-56c0-450c-b21b-045004148a56,86a38e78-5d7c-4af1-b44a-f04d16c203d2,4641.81,2026-04-13 15:03:37.018249+00:00
af827eba-0c9d-4b67-b3e8-36f813fe343a,6794b4a6-14ad-43c0-9dee-54a5e9bec081,2362.84,2026-04-13 20:47:32.340541+00:00
87889efb-5d40-4a18-b902-b68be83786d1,dfc35852-b17f-481b-b49e-da71c9b45c70,4098.62,2026-04-14 14:45:36.745856+00:00
10fbbaaf-cd2f-4e68-b271-4422409f1446,7b1bc37a-f53a-488b-9d75-b2392925233e,2185.84,2026-04-15 00:21:13.742929+00:00
2c25c554-ad12-4799-95ad-396b51538437,30e24bfd-75a3-406d-9712-1b31ba8e0f1c,4416.3,2026-04-14 23:49:37.506243+00:00
11579fb0-49ac-429d-b6eb-28fac561bfb7,e2498530-05e0-48fb-9417-3add1ca72205,829.49,2026-05-17 19:48:58.111928+00:00
5b82c7a6-c831-467b-8c20-a80b850df540,fd3ebdf8-90ff-49a0-8748-83e1eb5b9fa6,488.45,2026-05-18 19:34:36.048330+00:00
bf28430a-029e-4364-8beb-61c0d7ce75c0,6220a79c-86f8-4e3a-8e17-72a28e63d62c,2198.9,2026-05-07 15:48:39.263011+00:00
4d6708b2-82d4-4198-8422-d0bc8b6729b0,83487cbe-2216-4bcb-b9d8-65b3fab47f18,6456.51,2026-05-21 03:44:41.979137+00:00
fa0fb37a-8bb6-4a8e-9ba9-d57bb2e01b58,7a314f06-fd01-4591-a90c-e9d4cd447cdf,2175.64,2026-03-31 14:01:52.009360+00:00
f7978a7c-38c7-421b-8c1b-6b75dd3a48b2,55a9eec2-3945-4260-b643-c6fc8e5c7d9a,2783.79,2026-04-03 21:29:25.892034+00:00
f227385c-f404-4d99-9142-6d99dcb874ae,b7d1416b-dfb1-4047-a371-0aa62d29a2f8,10.0,2026-04-27 03:58:33.597453+00:00
9c7c3029-9edc-4053-9415-3ec443bc887e,f58c4936-af3e-4693-8f44-48f810b515f1,1811.3,2026-05-07 07:02:14.572285+00:00
5d297e79-247d-42fa-8049-78b26c777deb,5bb791db-596e-49bb-9b18-6d23ad49d340,10.0,2026-05-26 03:33:33.882802+00:00
86b751bc-e889-4a53-a8c9-a88d8e5bc8a6,1c7f5b89-fb32-4734-a2a3-1f736de7696f,780.92,2026-05-31 19:43:23.581049+00:00
177c0ccf-1580-40e5-b7a6-e8cb1ba04981,7c27e3e3-4269-440e-ad25-498788ebf181,1891.54,2026-05-31 22:30:53.880781+00:00
84c191bc-f182-420c-a8f5-902950d8838e,ecc96dbe-eace-4fbb-9f27-f7004d7fc3eb,1101.59,2026-05-31 22:45:19.207520+00:00
d7cdf170-d4af-45dc-a71b-58ced01d4bdf,40cf6902-8eb2-4a46-a9cb-1ba6911591c5,3100.04,2026-05-26 19:08:48.490450+00:00
bf916080-c6bd-4ce8-9230-aa3b62cdb1f4,79a322a4-fad6-4ebd-87b0-e14ea881b479,839.77,2026-05-28 01:33:47.970590+00:00
bc84175f-80a4-476c-86c7-e1cffe180998,f48f0901-b4b7-4828-b5cd-133ed02acbaa,2623.87,2026-05-01 07:26:13.277469+00:00
6ec3fd4f-6617-4899-b121-4ba167e2b9e0,21ce456c-c16f-4dc7-85ff-e8189914527f,2507.0,2026-05-03 23:18:07.812937+00:00
e7c2baf3-bd79-4752-8fe9-31178abf38a1,3bd12ff3-1b22-45c0-a808-ae9fa8df0b02,473.9,2026-05-27 08:41:29.774149+00:00
0979ead2-51f5-4b0c-96c1-11bb4c80f113,e90035dd-e69f-413b-ba6a-97d87ad4421b,342.02,2026-05-27 16:14:26.879798+00:00
7fc195fe-1ab5-4f81-8621-663ae19f67b1,8217b019-660e-4380-b9bb-7e676edaf20b,88.04,2026-05-28 12:40:13.481526+00:00
ee0b2fbf-c323-495c-9f8d-241a6731224b,61fcf946-cf4a-48af-bb2f-b47e2e89fb5c,324.04,2026-05-30 10:59:58.898922+00:00
28e3b2cb-8e5b-4f6a-8875-4123043da30d,2b005e5d-bd87-4af0-8fe9-ec02ac65e84d,137.19,2026-05-31 03:54:47.104665+00:00
09856d7a-af4a-4ac1-aa5f-09e3704b8662,e6367d7a-f694-4755-b8dd-821be7020e92,2121.34,2026-04-15 16:17:59.084182+00:00
12f70e2c-44fe-4d05-b6ef-9bd3883a37c8,85725d76-96a9-4977-a93b-c611b0f35ad4,1834.63,2026-05-29 08:52:34.346955+00:00
da7e24ee-12e1-43e6-ba91-50cd1f67b9a8,dec18032-2726-4146-8cb4-6696f906dd15,25.48,2026-05-07 06:32:40.239180+00:00
3bd39ddc-f288-4412-b103-9a276442f49d,5a57bb6d-786b-4262-b9d3-137e4312db93,4571.36,2026-05-24 09:09:06.050428+00:00
f5985c7c-5ff0-4524-8eb3-b31a4bfccb18,4ce577d3-afb7-4b5b-a83c-1a3acffec427,3622.5,2026-05-25 05:48:01.455869+00:00
894d2e9e-bbd1-4b9b-801d-727f968d6014,30145d7b-8358-4d46-bc5a-3b4d3ab70436,729.86,2026-04-06 15:32:47.405319+00:00
b6fd6c32-355b-4b94-8791-f4656c65dfa8,f942d244-bcc5-4228-a486-919441406e0f,3288.06,2026-04-15 06:55:29.001466+00:00
4a62c8bb-4d52-48e9-8f18-10788658c6f0,6186d9b6-b5d3-4b0c-9293-a8de51f2346c,367.13,2026-05-20 07:45:55.916425+00:00
2eb69065-2f95-4d45-8fe2-302d64eae0a0,38ed8431-2281-4d42-80e3-b8e0740242ff,551.17,2026-05-22 14:40:21.415040+00:00
e0f90ea2-148b-466d-af83-0172f64a336c,5c3af355-7612-40ef-be97-bd4de9140b57,523.73,2026-05-29 21:04:56.949417+00:00
52f23c4b-9846-4976-9228-45c1269dcaf0,01ba1368-989c-4204-82c2-73f39c858f63,505.11,2026-05-30 11:56:59.078182+00:00
1d506d3c-4355-4f35-8e35-d99cd3e72636,bb47b0f0-5b10-478e-851d-41c1f22b6d7c,430.85,2026-05-30 14:07:45.594837+00:00
92ea4e09-7464-45c5-9501-0871540b32cf,a8b1cb18-6471-4cc2-a3c6-a9b97ffd6622,3110.5,2026-05-18 06:49:10.980922+00:00
a9b702ed-8cbb-4046-9978-cd791d76ded5,95fc39a8-464d-4329-beb0-ed2b0a26cc9f,483.72,2026-05-05 21:46:38.259197+00:00
0b98b530-eb71-4c24-8f72-e0fb80fd2e88,b3eb88e3-a378-44f2-81c6-68511631d76d,738.88,2026-05-10 23:13:56.174359+00:00
2e658b1f-38f5-4414-be7d-c7238be994b2,00ae798d-22e2-4ed4-8af2-3b92642b26f5,197.42,2026-05-10 19:54:54.139407+00:00
02a37735-5a16-4172-906a-1543809fb48d,87487841-2147-4bbe-a006-0d924e9a3277,572.02,2026-05-30 00:08:37.439866+00:00
9ef8c9a1-b4a2-4510-8a67-3030c0547518,1a7be814-755e-4cbb-85a1-d322bb10870c,511.41,2026-05-04 17:08:13.984139+00:00
a4eb6ff7-5963-4b7e-a99f-b12eabfdd388,17aaa66f-ed7c-4490-995f-6f543f786db0,910.96,2026-04-29 08:11:54.472091+00:00
d3db4c8e-5154-4c05-b49f-d1d335dbb3fd,63ffb86d-f8f0-4833-970f-f2e16fc153f8,2332.14,2026-05-16 03:27:40.166276+00:00
475c3829-0efa-4477-952a-67fd3f242b74,687162bf-30f4-4e14-ba9a-a512661be885,1962.52,2026-05-19 04:25:28.337204+00:00
db4f2d94-08a9-43c8-a9b6-d3be9afe25f7,8f7567b5-5488-42f4-b422-64fb0d6b2055,949.07,2026-05-19 19:42:17.385330+00:00
2d666bca-e8ef-496b-bc96-9d3ca01e99b7,f977f0be-c18e-4e81-8847-1730c62adf93,2032.48,2026-05-22 04:37:25.660661+00:00
7eddcac2-74ac-458e-8fda-ddeab9a04347,b8028a6e-8330-45a9-9a66-3fad71418b67,210.3,2026-05-26 22:44:31.271862+00:00
45cc72e9-0bbb-457c-9617-e86747ec9df4,64478859-4225-41bd-8bd3-fcc9bc773e8a,1125.95,2026-05-30 11:12:20.764273+00:00
1fdbd2ac-97da-4b1c-b9b3-23d4316c69fb,f6709e8d-e234-4409-88e0-2571fe2e0051,1832.65,2026-03-18 20:09:03.352499+00:00
ca2916ff-7867-4bb0-a073-60cfa6fced05,b3893382-a67e-4fb3-bdda-614b1b370e29,1619.85,2026-03-23 11:47:30.275875+00:00
96d0dbeb-af15-4f2c-8ad1-fa33ea39b979,ce1cfc0f-4a63-490f-b93a-72a805039484,3206.17,2026-03-30 12:13:48.047245+00:00
0350d3b0-0b3f-43ca-9b1a-8d008ba2693e,be4d1f05-bf2f-4a57-abf6-d74d4a0d2f37,3720.79,2026-05-17 23:58:43.653300+00:00
e67ad42c-2e33-41d9-a8e2-cd3c2b1363c4,53147cbb-9e36-4435-b361-5f55347d6e39,1435.39,2026-05-13 08:29:59.584987+00:00
51a560cd-1c94-4b5e-b2ea-28b268a8431c,45e2078a-1371-4a31-9961-9dc5bb957b69,631.25,2026-05-31 13:43:18.824969+00:00
f8ae8026-2ede-45cc-b640-88d2774912f3,0ea49d36-fe89-47e1-b34f-5e4390c0782b,5481.37,2026-04-21 18:51:33.433784+00:00
32ce1413-fe38-4e3c-9b03-fbe68441184b,43b77d7a-cfec-4212-8431-9e6fa4ce9a3c,3320.03,2026-04-30 12:48:08.092657+00:00
60b890fa-e8c3-4fe6-b862-7c7fc39e690b,0f2f8d08-baf3-4083-8751-65dbe8a6f053,1758.07,2026-05-20 20:03:51.072597+00:00
2723a4c8-c591-44ea-9112-1b86b9bec38d,d2a2d81d-dcb6-47d5-88ad-974ad7629874,1695.49,2026-05-24 02:59:48.723757+00:00
0b0d8420-7e2e-4b71-8344-ee05d6be0f6f,35c55250-facb-4e4c-b79c-111db598ba0d,3837.3,2026-05-25 09:51:39.313516+00:00
25c19b6d-3b7c-4a39-a85b-bed8af734abe,b3280971-5981-40a3-8603-022917460133,4617.75,2026-04-27 00:28:25.556735+00:00
72a1997c-2797-42a2-991a-430a1bf5b28b,b25b09dd-2f22-4765-a80e-9326dc5d105c,2591.96,2026-05-14 04:43:27.174555+00:00
bab576f2-7b1e-4f1b-b24c-698c9e63fba4,f6546768-6e57-4c12-b497-db4c2c0e4d4d,2886.06,2026-05-31 23:19:12.658667+00:00
b7adefee-d7db-4fee-9019-c46f6e18bcd6,415886af-58b6-4fda-8e4e-47eb32d69e17,1178.9,2026-05-28 08:07:03.447788+00:00
55c3a62c-5377-4f4e-ab4b-3f9c2cb465ee,76933664-f24a-4db7-a8ea-a02febfadf84,4447.33,2026-05-30 10:22:51.835867+00:00
d77d0b30-560b-40b7-8a96-4c9dcd026db8,109c354f-8f6f-461b-98aa-3e136a560580,3492.01,2026-03-11 22:34:51.200259+00:00
25acf6cb-dbf2-499a-a39d-aaab581afd79,80ec5246-7a4a-4b3f-a75a-c182d47f0cc3,1499.43,2026-03-24 07:53:08.391729+00:00
2605f662-d669-4f26-a805-4658a44a3bf6,a7fe94bd-8e9f-47c8-a7c9-8ca279b5ec6c,1101.47,2026-04-05 16:05:22.920158+00:00
b0a67473-b7e6-4723-8c29-c13a67f12bbe,75f9685b-f1c1-4adf-8181-b3bd16344515,10.0,2026-05-11 18:18:19.225170+00:00
3640c17e-6395-4827-ad4e-f3e4ab027c8b,1fcc951c-7225-4e68-97f3-f8263bf73e0d,5579.79,2026-05-19 19:17:18.414181+00:00
d6c26741-c867-4842-8a1e-6a34d61eac19,33cc04e8-88a8-41cd-ad18-e2b14c7622de,1176.87,2026-05-25 00:52:57.272185+00:00
f702fd4b-7c58-4473-a34a-0b6a12384674,eea8f82b-0417-43b1-a283-96901afb6e18,1079.55,2026-05-25 05:24:14.483464+00:00
c73d9787-37b2-4b69-b252-21e8fce172ce,95ade0ac-4e8a-48db-85a2-8109ef6f3089,931.46,2026-05-27 13:35:50.101769+00:00
cca5343b-174e-4d8b-a4f3-b0fef5f84ed6,03f82dd1-fbdc-40bb-a688-45b51ab4e2e8,1137.45,2026-05-27 16:03:18.539805+00:00
5c97cc75-5a5b-4385-9c50-23f57103570d,184f0d37-47e4-4c5d-8e9a-e5cecc5dcf9f,1320.02,2026-05-29 13:33:40.023563+00:00
444089a9-4157-4a10-81d5-4ffb6625ad58,06bf449f-ce9e-45bd-8630-912d3b4529cf,1721.67,2026-05-31 18:46:14.280872+00:00
ef8bb421-fd3a-4bcc-b2df-45e9b5df5e0d,07de7823-6126-456f-885c-f967b33f0051,460.06,2026-05-20 02:46:21.722824+00:00
72b3f1f0-94bd-4948-b90a-26b0897a4662,c5ecdbab-c549-4c19-89d0-2be473adadf1,1032.43,2026-05-23 10:21:19.293855+00:00
884a7d1c-f45f-423e-81b7-4c8fce4aacdc,e9b66df9-3aae-41c1-bca5-62ffce39f9dc,4047.07,2026-05-15 06:58:25.254649+00:00
d16cb467-4d4b-44eb-b24f-2acfe0ae8b42,713df586-95d8-4b42-8b72-30eb054f23c5,998.86,2026-05-18 14:21:22.946000+00:00
f2fe7639-4987-4c86-8bf5-6258353dcdfb,6f5dd7eb-4802-41cd-a524-a1834cf310b4,3557.29,2026-05-28 21:31:56.799260+00:00
e4592340-958e-486c-b80a-b0a612ff3f5d,c21d9a70-3ef6-454e-81e8-9187dd55d2e5,2599.4,2026-05-30 09:41:51.254296+00:00
652fab8b-e1c5-4c2b-ba2b-c18504989fbd,f96f27de-74a7-440f-9c93-2a87823ed244,4464.15,2026-03-19 19:46:05.025822+00:00
8af1cbcd-da60-446a-a1ef-21a767d5f26d,71861072-12e4-47f3-8715-75a4503d6402,5953.88,2026-04-05 10:06:44.877195+00:00
67c5935a-8e7e-439d-8be4-ac1af3911519,f072c09a-90fc-4424-a0bd-e5166d6d3175,3847.47,2026-05-08 02:15:44.896346+00:00
7a9f4c44-a147-4666-98e8-e5f1d7752cf6,ed66da02-168a-443a-8fef-796a704df3f0,5549.56,2026-05-15 08:29:40.082124+00:00
d7c4a291-960d-47f9-8019-c4d79f4b09e9,5a999f51-7833-4afc-9c0b-0fa6b77c25a5,5934.72,2026-05-16 12:36:38.901688+00:00
399c51ed-95f9-4ff6-89a2-d8cd3ac56baa,0f9460e7-571c-415b-96f8-6eadaddab48f,3207.23,2026-04-29 15:48:26.118972+00:00
d6724ec2-0722-433c-8775-4fd6c45bb920,f07f0e14-def4-462a-b7f7-2585abe8a897,540.83,2026-05-02 06:36:28.470467+00:00
938c8fd2-5806-4bad-ae75-79ae2d50d2bb,03e3c0c8-7443-4d37-b5aa-e8da965b086a,1481.86,2026-05-08 07:26:27.816711+00:00
c1ee0e2b-67ae-45ff-a41a-09690c84aab7,d6e06e19-d8cb-4952-8de6-7f9b1b16dafa,195.79,2026-05-27 03:11:40.552237+00:00
6acea999-324d-4ee7-8a57-65b4ec17337b,432a6004-a06a-4b20-a5af-f74ae2f14bc6,271.46,2026-05-27 08:20:12.327078+00:00
e0d02b44-e4a1-4c17-84f8-db70e0ed5512,5d5eadb1-4036-4524-bafa-0930a2bb05d1,330.76,2026-05-27 14:49:07.595054+00:00
4fe47915-c877-47c2-a3c6-bde16b3afcf4,242d6c29-903c-45c7-9adf-3172148df53e,237.55,2026-05-27 19:36:43.129778+00:00
2c98eccc-7e77-4273-b93f-ec4994c3d9dc,97ff70ab-e1e5-4f1a-92b4-c09df63794eb,1360.6,2026-03-24 07:19:16.625383+00:00
adb54b0e-490a-4dcd-845b-9f15c2584c6e,2811676e-fa81-4c1f-9ffc-99df61ac396a,5287.19,2026-04-06 14:29:16.724707+00:00
db22e061-4b3e-4b60-ba05-6ebf87d7efd2,ab1fd1fa-4994-4077-ade5-c2fdad6ec846,7005.2,2026-04-22 02:33:29.527139+00:00
dcc523b9-53a4-4b72-a3fd-7df605424b48,e01b3683-d91f-402f-b919-11ee75447546,824.93,2026-05-22 21:21:16.188110+00:00
da6ca368-b367-41ba-9f89-facbf63de148,873a5040-cfec-4cea-87bf-89a3e521b962,701.83,2026-05-30 11:08:43.460685+00:00
1e94aaa4-3572-4a84-803a-c395ae0889d4,3f911418-3b71-409f-ad40-2af1b4f16f6e,1713.96,2026-05-08 13:51:43.858211+00:00
26db1fef-b4a4-4f49-bb2a-9d2f636ef44b,213b933e-2518-4fcf-a403-3f6d0d9d22b0,3395.19,2026-03-17 05:26:12.002787+00:00
4703479b-1c00-4853-86e2-b73b39aa3ddf,f841ab32-f77f-4a97-80c5-9af74d614387,1591.82,2026-04-08 09:02:31.711914+00:00
26e83101-07d7-421a-8f1a-405353609476,aa0c184c-24cb-47da-a60a-db84fc87d34e,4069.81,2026-04-22 18:52:53.467435+00:00
aa3120f8-943c-44a5-b7f5-58f18a4b723c,471d946a-bc71-4067-930e-1204d68e1a6c,753.44,2026-05-21 04:18:53.168190+00:00
132c6a06-80f7-41a0-adc3-486e1a7ccbf6,212a2f51-25bb-4bca-9ba6-9f76b1d28c40,3302.66,2026-05-17 14:37:48.505870+00:00
7d132f5d-771b-41a2-906a-a1178640bd6a,1cb50347-dd6f-4165-bd3b-649630c66bf0,695.55,2026-04-30 04:55:01.445113+00:00
614007a7-f7b4-4dee-80b5-0d82420b2b84,a35279f6-ac33-4b55-8837-2881c53d10a7,954.02,2026-05-06 22:55:29.945047+00:00
1ff681d5-933f-4084-9145-0ffc89d0f194,4b13905e-03ef-4f6f-892c-247bfbb105a7,1131.6,2026-05-13 18:21:25.319240+00:00
0dfee5cf-4877-430d-a368-1296a7158a49,92b6aab3-09ed-4a97-b4bb-ad700f760306,366.73,2026-05-15 02:35:52.481176+00:00
ebb17104-da73-40e1-9882-f90e38ea5644,4b280b00-e7be-4ff5-8946-104dc9ffabb1,1187.48,2026-05-16 09:19:10.311739+00:00
41e36fc7-59ef-4997-bcdb-7c02fe3a8b26,2bc51568-c3ff-48f6-8357-3cf68bb1b860,1078.68,2026-05-25 18:49:47.174052+00:00
1ad604ae-68bc-46bc-b4e6-fe77ce94091c,43b99ac7-770f-4f67-bd12-114f94d88d9a,3243.66,2026-05-15 04:30:01.246642+00:00
1fa16869-c5ef-4e8f-98eb-a08c97b44293,b7bdeec8-201c-4919-a344-8e3069d3d20b,1063.13,2026-05-16 21:11:32.780953+00:00
224551e7-90d0-4e9c-836e-46eb49eaaed7,c16ecaf4-47f3-447e-8652-1bb1ddb724ce,444.77,2026-05-20 12:52:02.212086+00:00
5db585ca-4c33-42a5-ad68-b60929825547,2da5027f-a9af-45c4-8a7b-6a54c0ef03e3,1535.09,2026-03-11 00:21:58.460633+00:00
956f463b-c385-41b7-9e87-0eecd73d4a61,9139a7e2-d674-4066-beb6-45a2f9c6c73c,10.0,2026-04-09 01:38:24.405243+00:00
ed4b9ca3-a8a9-40bb-b448-fbfeb7a4d9fe,8b4f6a74-27bf-4f17-8724-160489b5018a,2612.09,2026-05-03 23:08:41.417393+00:00
31afda2e-5c1b-4323-803c-a771624a0031,c4566d2f-102e-4ddb-987f-e9c1cdbfd041,2194.32,2026-04-23 01:20:28.368857+00:00
87f7ac73-d0c5-47ce-a948-acefeaafcb8f,743a0a65-3f0b-440e-b16d-ebe3dc99105f,2942.14,2026-05-02 10:34:49.676991+00:00
108a583e-110e-49b5-acbe-45718a7aa27b,267840cd-ff12-4a28-b6d5-c5cfcdbf0ee2,2778.88,2026-05-13 15:26:51.989976+00:00
3d425ff2-8fef-44eb-815f-e6b21cdd6f4b,cdd908a0-c4b3-410f-86a1-01dce2a7faba,5331.77,2026-05-19 09:08:02.649338+00:00
5a1e5af9-8340-4191-b13d-30abdc5872b3,c2c54fd8-c22b-4514-98b1-6d78ec9db206,4290.48,2026-05-19 16:47:31.398791+00:00
b832ae24-559c-4580-ac08-ad22294806b2,617e6d8b-df6a-4331-b328-c22002902a1b,1793.71,2026-05-28 07:11:10.493948+00:00
2a98044d-32eb-498d-b801-69a1ff7d726b,36e29046-8dcf-4129-aef4-b527832d8c47,90.36,2026-05-03 02:58:25.741081+00:00
e77cfbe3-4892-463b-bc58-80cee4393dee,cd372424-0075-4f24-ad78-9941bf6826c0,119.51,2026-05-09 19:18:15.574491+00:00
4e2642da-c049-442e-8638-25f53e6535d3,d7796b8c-0ffa-488f-b187-04febb2bc68a,347.51,2026-05-11 01:57:23.863517+00:00
e9e619c8-1f67-4eeb-ac0a-5b4a386f454d,0fa988fd-45e1-423c-bddb-defe998fdc93,3974.01,2026-04-24 09:35:09.307206+00:00
799578a9-daf5-470d-b258-f49118c6e145,6958110e-81de-4377-a1f0-2e66362bd3c6,2495.21,2026-05-29 23:36:11.416063+00:00
9201507e-b5ca-4c55-b580-9bf0db853def,64bbed87-72e1-4756-bbf0-e2f23454069b,1801.42,2026-04-15 16:54:30.367928+00:00
53df1f95-e996-48aa-b035-bd7bedf1c225,0c93ff74-caa0-4d31-afb4-330c5f61dfe6,615.46,2026-04-17 03:27:01.240027+00:00
78b82093-d29f-4b86-9c95-57dd1d297daf,6d40c28d-8eb0-4d5e-8160-0ac38b1b693c,2902.32,2026-04-27 20:34:52.674512+00:00
021bf25f-2a30-43f4-bac4-e2ed7d8c1be1,a487a259-6f72-4685-b2bc-7f77d36e7b12,3351.61,2026-04-28 19:33:59.438487+00:00
04697459-122b-4e91-b5a0-782b0f596e9b,b7da66e4-5f7d-4408-889a-8495467f5333,3574.09,2026-05-15 08:52:35.398362+00:00
c60479c3-c377-468c-9c5e-dc83ca3b4c1e,36411667-5829-495a-8e47-cb4371b25daa,1115.64,2026-05-15 10:57:05.447818+00:00
2d60357f-c9d3-4509-81ba-069bca9ef5cf,2916de4a-c5db-41c3-8405-8764fd1f9b52,3033.61,2026-05-05 05:40:50.773532+00:00
c52022ed-b565-4e9d-85af-cad11b75ba1f,7b2a2569-9b45-414e-a78b-aae09e940ce2,3014.84,2026-05-05 23:34:23.833071+00:00
abc72b9a-9d1d-4874-a7a7-e1ccfab4c62a,3e2deabf-4b7c-4d9e-9593-c11a5ee5136d,3849.01,2026-05-12 03:57:45.206696+00:00
b6b6d1a6-6ff0-43b4-800e-e250c7851902,8493aa4b-c1d9-4908-bac6-2c8d36b55530,2854.88,2026-05-23 22:10:11.226529+00:00
105b7155-f261-42f5-a7a2-e0eb41b48e70,469df2dd-6c00-4922-8eaf-1e5fcd9f6335,1952.53,2026-05-26 09:30:10.733224+00:00
cbd0313d-3783-4b15-8331-6cd84d5281fa,20a4c53f-1a9e-4332-a6d5-5ab7ea93ccb9,4056.9,2026-05-29 23:11:19.702325+00:00
6c67c935-76a5-43d7-ae0c-7dd1590b0824,e14690f4-7332-4f46-90e0-2e0796ab131d,3634.73,2026-05-09 17:01:40.563182+00:00
a3153652-eebf-4445-bfd3-0e4bb4ce4723,717e0c27-9e7a-4f93-b2c4-5c3049495783,4213.66,2026-05-26 11:34:33.554447+00:00
a1951b29-bb22-4686-b1e8-8b2d80f59b52,17516181-90a5-4ae4-b020-eea78cd5f1c6,4055.82,2026-05-11 07:27:55.953534+00:00
0bec15c6-8101-44cc-a529-83d02a901e12,9b767587-0486-445b-b97e-b839d47bbf8e,4857.35,2026-05-24 16:02:56.559791+00:00
d92444b4-d155-4cd6-a4bd-c670bb4c75c8,1369402c-af4c-46b0-97f2-107fe68c265c,2161.35,2026-05-19 17:33:48.234748+00:00
c89826b7-bdea-4ed4-8e01-4cf66c482345,7bc93317-f74a-41d7-9bd0-3d03ea5719d5,1662.81,2026-05-26 04:37:57.445209+00:00
67cba8b7-fb3d-4143-8b3a-2d29a291c376,6fc75ceb-79f6-4faf-953a-47f03477b4f5,938.94,2026-05-29 06:35:08.636671+00:00
fe3ba843-af20-434d-9d20-4232555f8a74,05231f26-20ee-4cfd-a8c9-57107373a4fe,1756.38,2026-06-01 00:09:12.071988+00:00
e13f3b87-a105-42a7-b984-db2aa4c65042,5a3f7476-c189-4871-9179-bce2ee1a7c32,1688.1,2026-04-02 02:17:24.796330+00:00
d54c3096-581e-49e8-87c3-a9504d82f284,57ff43ee-055c-448f-86fb-588457792159,2217.81,2026-05-16 13:14:32.506755+00:00
b61ad054-bd68-4401-99f6-c3f6604cd7af,df68df52-1945-43a9-bb87-f46246a48823,10.0,2026-05-15 09:43:37.773958+00:00
57fdff30-0cf0-437f-9c49-90592ebb3791,67aeb7c4-2534-4414-9465-695d55a35425,4820.56,2026-05-19 00:09:23.146610+00:00
05d1a5fd-1669-46d2-99cb-23aba973ec8f,2305c1f7-a0bc-49d6-b0f9-63d3d738a0e1,735.28,2026-05-24 12:11:36.048577+00:00
76ce95a1-414f-4cfe-83bf-a9db7ce9e7c7,6e1e1e0b-fabe-492e-b8dd-aecb2b5dcbdc,2441.82,2026-05-27 08:24:53.576430+00:00
6b63a706-8745-4ed0-a7ab-c367e3cd1ea2,a7aab9f2-3f5b-4a24-809f-a093d5aea714,2967.01,2026-05-29 01:39:27.877836+00:00
bc23de32-379d-4f5d-b597-aa61c4e02705,eea4a3f7-4e2d-44b0-8a13-8544af5302f5,1413.38,2026-05-20 22:08:16.403449+00:00
b24e87a6-0f7f-4298-ac22-c0e1b901c29e,8a5d8ce2-e933-4c6c-a30f-e86bce604e7e,310.0,2026-05-23 02:08:28.182882+00:00
85194763-3b09-4710-b048-fe37fe16b11d,d4a1105f-e2f8-4fc8-9acc-e24d9a6420cb,2116.39,2026-05-26 08:52:23.078689+00:00
77d0b3fe-8114-4829-ab9d-4e04d96dd2b7,d72a4f76-f11a-4d50-8d49-3dbd7c821eeb,3659.57,2026-05-27 12:06:36.865510+00:00
3fbef19c-d7d8-45fb-92ae-0b7f16e267b0,19dfacad-3902-4b11-8d05-6bfb1815395b,3050.59,2026-05-29 16:26:52.984896+00:00
ab655262-d67c-482a-8b92-37dd9f2e3e8e,e03e8056-a1ba-4831-96d4-86f49196461b,1052.46,2026-04-29 04:41:12.637475+00:00
0d4efbde-cbc1-43a5-9904-39530939aca6,b24307b5-ef61-4ae5-9e40-ed48720f48b8,3988.35,2026-05-14 20:46:15.319370+00:00
f529c63c-ab4c-420d-addb-0ba064a0d78f,e13c0d52-52ff-4ed8-aec3-226c131094f4,3819.41,2026-05-17 18:47:27.356798+00:00
d47e3fd8-b4a7-4ca1-aa65-d1dd80c02fa4,e1b98615-50dc-4335-9707-dc07e54d7692,4095.34,2026-05-18 11:34:20.320750+00:00
574ad18c-3c9f-4968-85ef-a50695027dfd,4d70a4cd-d78d-4b63-bef7-2d9123459d97,10.0,2026-05-20 00:46:14.416042+00:00
d585474d-a300-4900-9c69-493fb038aefe,0c7387f7-6de3-43bd-bc04-240be92218c2,993.25,2026-05-28 21:07:38.014905+00:00
bd24ec4d-84ab-4689-bc2e-dd76a1f734d4,9a38667b-eae5-4ca9-be48-4bed77f0cd3c,1365.32,2026-05-29 18:34:48.879618+00:00
41038692-0bbf-4ed8-bc53-bd33bc313fd2,2e75e7e0-1694-47b7-813a-9e351fd22548,1749.24,2026-04-10 04:24:57.774634+00:00
0ec57030-e5a6-4a53-9b9d-0658af6da52d,d2c470b3-25ee-4d2e-b377-d6be24e0e4a5,3960.24,2026-05-03 17:57:31.863962+00:00
cc0c6dd9-e6e8-4ff6-aa20-c61602b37e4c,cf0dd810-18cb-4dfa-87af-ad1c480f01eb,4244.02,2026-05-09 10:10:28.433910+00:00
b107bec6-fafe-415d-997a-80d9ad373186,6ffb6fce-2a58-42e9-9c27-66b79d49bbd7,10.0,2026-05-21 01:36:44.844687+00:00
07cc1426-4819-4217-8bf5-4fb29ada552b,3b4cf441-2288-4f3d-9d64-45801ecc1054,2629.35,2026-05-25 00:38:09.270248+00:00
584ba0af-1a27-416b-a518-072c1d5ff37f,c0b31c00-2f41-4830-8eb7-9331aec386f6,2827.38,2026-05-30 07:29:26.977591+00:00
614309ee-3e66-4960-b11f-e7010dcbd97d,f5f6b338-e0f1-44f6-94ce-574ea090ea0f,1160.53,2026-04-19 13:58:00.113441+00:00
2724a5db-027a-4be0-b9c8-1204d6b987a7,4f1f7508-f6be-4b3d-a044-74de0bc9e4f5,1725.16,2026-05-09 09:30:59.446892+00:00
028937f5-7e0f-4cc7-875c-a897143e3dd3,07d1ce08-8444-42ec-be37-04fdf23ff422,1077.47,2026-05-13 10:53:01.450643+00:00
0af07fff-34ce-4a9c-8a61-a428b087b470,001bc726-dcfb-4c75-85e8-27e19cf7fb14,1384.45,2026-05-16 20:37:31.365141+00:00
58cf15fe-35b9-4844-b666-0758d5bbb47e,dc46d507-d65a-4ea1-9da1-764d54e0657a,1974.63,2026-05-28 17:04:00.838108+00:00
283cb45d-9876-4f83-9145-dfb472066918,a7b9e007-a68f-4a6e-a1f9-205432f214cb,2354.11,2026-05-26 12:58:09.109923+00:00
0f2735ca-5703-4a28-9513-bde0d615255e,03afb11d-a262-45c6-bf9d-633e40c1bffb,4089.54,2026-05-30 02:13:00.579094+00:00
0c3f50fe-8032-4042-90cb-8465c61cbccd,c865122f-8929-4727-8fc0-fe9eaf7f1c76,2494.54,2026-05-30 09:29:17.888769+00:00
195605b4-0938-4177-8b44-44b6bf13836c,d6ccb7af-60f3-438d-8dfd-2706b30419ad,475.77,2026-05-30 12:47:14.635188+00:00
9aa34aaa-eadf-4ae5-8447-8bb4707ec4ab,733c6efb-bab6-4380-9098-61e1c80a36ca,4550.22,2026-05-30 13:12:38.450712+00:00
4fd3f614-95a4-4c13-9ffa-aef7f65611e2,1547c32a-02f1-4fee-89e7-413f454f5c37,2324.14,2026-05-31 03:15:54.078175+00:00
45b07b18-4c30-4be3-b4e0-a22b03a79f32,0b0792d9-96ba-460a-9e5b-5784a5eeb24c,3269.32,2026-05-02 01:27:46.306186+00:00
24125231-bc3d-4213-8954-00f6c2645e6e,20425a78-575f-44bf-b99c-a19aa8684dd6,2529.82,2026-05-15 21:43:55.033194+00:00
8de48c85-b031-4948-bf49-6d30569c3e73,6c045d23-855c-4ccb-9078-f269ae22360a,3280.95,2026-04-23 21:19:27.218753+00:00
fbff5ee9-19b5-43dc-8020-3a208a3c8b14,080295a2-a918-4b1d-b2e8-29b0c01dc05d,2110.94,2026-05-01 02:27:20.743242+00:00
b14e2db6-9c95-41e3-a085-7f3281b6d4ea,5d0ae323-edd2-427d-9088-b64508f30f28,10.0,2026-05-14 18:28:09.270314+00:00
d5327b2f-2fea-4b1b-8e70-b74622545823,a06553d7-bfb4-42e1-bbeb-1177e3168e19,3439.38,2026-05-21 22:29:57.299022+00:00
49f34bb7-12ba-42f2-909a-ccd391036c4b,98b2549a-b11f-4d5c-a9f7-73ad6f810fd8,856.9,2026-03-24 13:34:31.518498+00:00
176ea1c0-dc87-4452-857e-9046af04b166,ad0895eb-7750-41c5-90b3-ace18d71daba,713.3,2026-03-27 09:10:30.043348+00:00
6a69482f-d372-4fe7-bbc9-0f504c4c0b99,0cbd9c82-c766-451c-905b-09ca18eef85b,440.14,2026-04-04 03:39:34.176610+00:00
6e31b9b1-0563-4760-a514-88150646f6e8,9e9ca75b-172b-47ab-b5ab-88d2f2156db1,736.99,2026-05-24 23:25:36.574126+00:00
684c979c-5e3c-4e5b-9440-29c73ed3ad1b,c1d45081-f852-4d04-8b91-1aabeca7873b,767.85,2026-05-28 18:24:01.302610+00:00
d2783db2-7dfe-4abd-926d-ad5cd875a28c,5dc93a30-87ca-4b9a-8cb9-b7eaef179c6b,910.86,2026-05-31 11:18:33.699891+00:00
be3172f3-cf7d-4f63-886a-2f7ca9d739c3,f15d64b9-77af-41b2-96a5-14a32834f42a,703.84,2026-04-05 17:43:31.122092+00:00
f0d00e12-d3f6-479b-ac34-c2d286f9cb7c,0eaa2e9c-87ac-4a37-af51-b6ce403c250d,405.99,2026-04-28 16:51:53.795764+00:00
a758154d-d2d5-42c2-9107-3d5a92ddeb2e,f1fb3956-f602-4813-8271-5bd15222e561,855.24,2026-05-06 01:46:19.031251+00:00
95c7df00-466c-463f-a87a-200f305426a6,d659a221-4219-46bf-8345-80757e46968b,208.59,2026-05-24 21:29:54.546451+00:00
8132306c-bd76-4f00-a382-94e512c99ff8,11984263-1494-4a61-a08f-0645c56b0d70,1000.05,2026-05-25 02:15:45.479546+00:00
d6f6cfc0-e14b-427d-a6bf-7470c5ede765,bb71daa1-aa59-4f42-9577-c8b7252cd57d,1932.92,2026-05-08 11:54:13.366520+00:00
a76dd2e3-4f93-4f5f-8426-43810a752544,216ff274-db5f-419c-b473-713d20c2fab9,1978.83,2026-05-15 01:12:41.181184+00:00
0f898940-7f83-4858-87e8-bb65f22430ef,7a29a533-7f87-4890-9657-f915448d663e,2888.63,2026-05-21 18:26:42.469820+00:00
8cedd2ea-bcdd-40f8-9c37-32bb717ec566,f0dbccb1-ee0f-4af5-8d27-938357b0b967,2815.26,2026-05-21 23:57:57.194385+00:00
c446cc7c-ec8b-4f82-a365-22c51902457f,69edbf82-e66a-4b72-a404-4398b55b23aa,1528.79,2026-05-11 01:21:50.124451+00:00
dc1437e0-6b47-4e6c-889e-c5a41fc5f228,a9e55886-7fde-43a1-ac66-a27d7c86bbed,2735.22,2026-05-18 00:40:35.844704+00:00
acf35707-274a-4108-8cad-670fc04ceece,de0ceb33-d9d9-4ce7-9671-71bf5892bd58,482.64,2026-05-09 23:13:44.873531+00:00
877eb9db-1013-4ae0-ad23-8ddd50b2a632,f7981b77-4d67-449a-853e-906f678cc085,642.76,2026-05-25 00:42:27.704087+00:00
c389241d-a244-42b3-8406-bad34f565f26,1376a89c-0f5d-4d1d-b951-394e1062075b,692.95,2026-05-17 14:18:45.399600+00:00
c3f2a461-8ef7-468c-8fad-dcc1a60479f0,08b1d388-455f-4e7b-b836-1614651c3c54,3325.84,2026-05-19 18:34:12.821995+00:00
91698dca-b1ad-41a4-8981-fd4161fc3b34,e27f93c8-c5a1-44eb-a273-ecb533feecb5,420.37,2026-05-03 08:38:13.943285+00:00
12672ff6-029b-4263-b7a2-c9680402f8db,4dd1c5f2-87c0-4da3-a8b7-56cedad6ae8e,309.47,2026-05-11 15:42:20.723611+00:00
c94302b4-df59-4f55-a275-ef59e5440d44,f6f41ac5-73fc-440f-9e9f-0d4131c3d420,1108.53,2026-05-12 06:56:56.955524+00:00
3fd450cd-b3ae-4111-be15-09ed4acf91ed,b9bc5693-a501-49e8-b46c-31223a6a924f,3987.49,2026-04-17 05:36:06.843370+00:00
709baf05-2fe9-4afa-b0a7-87b27ae7d28f,12419f59-ec5c-4cfe-b0f7-1eaa5524f40a,2762.35,2026-04-18 06:25:29.571139+00:00
fc636e71-efbe-4ef6-aa20-abaca6a0b8cf,e97d1201-0cc5-4e85-b3f0-cd6d35e5e69d,3628.07,2026-04-22 02:45:28.816642+00:00
b744e2d0-dfa8-4a97-8831-0b3007dab8c0,e615052d-3a7a-49f7-b5d3-41ad64f21a93,3703.12,2026-05-14 06:55:31.276355+00:00
32ee1197-24f1-43d2-a2b8-95b9ee06a5ac,8e739d16-57fe-463e-ae8c-ced85e4dffc9,3451.24,2026-05-19 05:58:14.098262+00:00
5b471d10-ba63-4247-9e7b-19ec55e7a8ff,c85c5a47-b4ee-4fb0-9ca5-c0f7a4840ec1,3388.15,2026-04-24 22:25:43.525360+00:00
b1b6e2be-b8e4-46a5-9a7f-5558a330f094,3786afd8-095a-4686-8a31-db264c5a8a9d,1953.45,2026-05-05 03:28:02.252782+00:00
8a356437-55bf-4aa6-93b9-4f4feeac73bf,1350525f-1366-447e-bed9-f7234f00b52f,3867.48,2026-05-09 21:12:46.790962+00:00
57cd4ae1-39c9-4ae4-9bdf-3d390895e730,b21e52d9-78d8-437b-a38a-c896c1d18944,3994.94,2026-05-30 21:26:38.703619+00:00
7a6c0530-ac1c-43d0-af1a-fd59b68e4120,848a0b4b-076a-4b0c-a83e-f28a638b833e,1446.64,2026-05-30 08:02:42.204823+00:00
094ea00c-3dbc-4485-b106-5d8ec99d761b,87d544f1-5554-486c-9c02-8cf67559d552,2045.36,2026-05-31 23:48:30.072912+00:00
971ae076-dff2-4ee1-90dd-3d36ca2d868d,e5f01aaf-dcaf-4eee-bf44-ae854250b5e6,3086.8,2026-05-03 00:58:24.600540+00:00
07ea11f1-dacb-4e6b-a9fa-6bc940b05e1e,b83cae60-2141-4e6e-a3f2-7049f3190660,2038.24,2026-05-19 00:15:20.447393+00:00
a1cf8b6e-85f9-4722-8815-07ec33939f99,fedf8493-1db5-401e-9ce5-1ebe5c427248,2744.98,2026-05-28 13:59:27.861246+00:00
519e1068-abdc-43f4-a535-3842d11a36d8,93a005f1-167b-47ca-bf73-28752376a0b5,1920.6,2026-05-31 13:38:26.740457+00:00
f10a1b5e-1329-45a7-ab55-75f16cff6538,db640bc9-2428-43c5-95ef-cd9ebe8a45da,892.39,2026-03-08 00:47:41.835935+00:00
9ba55dc0-459f-4bbc-b949-ed36c5d7fcfb,9c91c6c2-7b70-4512-bec5-cc6718a6b986,1055.04,2026-04-16 07:21:57.105948+00:00
fdb2a87c-f0fd-4a14-b76a-12f299b1fc4f,9c0cd681-b413-45ae-bf17-0ca3889ba654,933.31,2026-05-20 05:02:09.394472+00:00
5a7ef2b6-63c8-4d31-a893-a4025ae38826,d561c38e-12a6-446d-860d-4b1354587e39,6849.91,2026-05-26 19:50:21.967978+00:00
95f4b720-e14b-4a62-9145-710cf59046f8,878ef76b-1d93-46b1-9a6c-0c8ce6838d56,4744.39,2026-05-29 16:06:11.938712+00:00
463edcf8-c923-4dc6-8f97-7c35ace0e051,603409c9-7470-48cb-b4b8-da2180356e7e,5049.2,2026-05-29 23:11:03.373275+00:00
07ff2612-6f25-428d-8195-0fcd68af12e5,09caea20-7e89-4f78-ad7b-94eafe875f39,49.56,2026-05-31 13:21:08.848793+00:00
6fca66db-9f0b-439e-bed0-53bec9291716,28f7053e-ec26-4944-a3ff-ec13830b3f5e,4229.69,2026-05-29 15:40:38.404859+00:00
670e1b51-e0f2-4c42-8e4e-3dad253262f4,80c23872-0dd6-4da1-8754-2cc885003ca5,3460.25,2026-05-30 15:41:01.462462+00:00
5de08363-6670-4cdb-b14b-675c484b7f2b,8a9483a7-2bbf-4244-a260-20edb1e1f2d3,2393.81,2026-05-31 17:11:27.270601+00:00
c844fdbf-4fc4-48dc-9467-6f188c44144f,4df46b9e-8f1b-4440-a777-eec50c6225e5,1376.77,2026-05-31 21:09:18.173954+00:00
f998d7be-ed93-4f19-8f6f-98c3e29ed103,e939e28c-cafe-4eb7-b1b1-86700ad439fc,408.85,2026-05-09 20:26:19.399886+00:00
4cc6da8a-bce5-4f96-aa25-a93b58601a1d,5a77550e-3cf5-4438-bdcf-bb7b4f48efa0,1919.06,2026-05-13 11:24:28.531000+00:00
b8b64f39-b366-4f82-aadf-4ecac6693ec6,737b158e-59fa-4b70-8ddd-f5cc844742b4,2645.24,2026-04-21 20:16:23.551535+00:00
537197e6-0e6e-4262-be29-88b43f72ffac,ae919e65-69fa-4a8d-9562-a349ffa3ed20,1860.82,2026-05-08 07:41:50.718364+00:00
9471657a-b33b-4d95-9d80-0bad0d3681ef,28debdd3-29bd-4071-abc3-791fb6d66b6a,987.11,2026-05-18 10:07:25.867780+00:00
5358153e-413f-42a6-9190-dd4e5751c410,20c699de-87bc-4e8f-9468-95defe27a9f1,335.58,2026-05-23 05:48:05.114324+00:00
3d7f22af-cc1c-4f28-9ca7-e30f94034e64,fd8a05cd-bae9-48a3-a2ec-18c1f431f31d,1890.54,2026-05-17 22:32:11.714589+00:00
d3e933eb-3d53-400a-8265-2157ea42fc80,40481cd9-933a-423f-a358-1e92d7e87ae5,1428.68,2026-05-11 17:03:59.465663+00:00
3af063ed-0f0d-40ec-84e9-7c6d83459cd2,31637a29-940a-4d57-a243-a06766257b98,1083.16,2026-05-13 05:43:01.041005+00:00
3f987da0-1b75-44c0-bc69-f6375543c64e,92ffa1eb-779f-4edf-82da-3c35b9455232,1287.2,2026-05-22 10:28:08.257740+00:00
e2e8712e-8740-4f2a-ac8c-f7dc7da48d21,1cdd908e-8a2a-4394-8791-58d7bf1ded24,51.84,2026-04-14 07:42:53.627771+00:00
4f44ba6d-16a1-43e8-a2c5-6262f869a592,64343114-ad35-4001-a4d0-442c60069c5e,442.69,2026-04-18 00:07:15.201152+00:00
8762ca4e-12d5-4bdc-a2cb-deb7f4b0f81c,d3093cf3-59fd-439a-927c-514f3f55c09d,1020.18,2026-04-24 12:26:57.061360+00:00
28986345-ada1-438a-86c1-bee89951aa88,fd3f4ef0-0e02-4fd0-83f0-fda25f9e3107,525.87,2026-05-19 13:35:30.594935+00:00
991700f9-4e3b-412e-87b4-45c4fe597f38,0436b2ac-4f7d-4a58-bd90-994ba2267756,796.38,2026-05-23 23:28:16.375176+00:00
9f0945ca-1761-45a4-8f55-adf307ff5828,7c379158-c182-41b8-97d2-3c15195d529b,1119.15,2026-05-30 21:02:42.542131+00:00
609d5777-837a-460a-a889-75f5faee00fb,f4e44075-875e-4d6e-a3fe-d1c666507f51,5613.42,2026-05-22 11:02:01.302266+00:00
ab11fe6a-78a3-4386-ada1-9d33319a6c9b,bf10140e-7ae5-4692-bc99-625d12f4ef4f,5352.61,2026-05-23 03:39:40.166647+00:00
9a6fbc69-9ee0-4346-9f0b-e2a8ec1fdf17,c11ea17d-6845-4ad3-be14-c686459e4223,6048.52,2026-05-23 14:02:46.287450+00:00
3ceb486f-1d87-4d97-b618-585bcfe9e839,4d9caee4-a0c0-4af1-b137-b68b50105c45,10.0,2026-05-24 08:25:52.842421+00:00
0d70fcd8-9a91-41c9-a0f8-0bd2a52ea37e,ee52f4b6-05f0-4dcc-8e91-f98d397f12ea,4178.26,2026-05-29 22:31:02.347795+00:00
ee8c596c-9bb6-4a45-9d9c-024e647db2db,a7a19b64-48bc-4a7b-a0ea-9b4d5b139c71,4754.32,2026-05-30 05:39:34.330324+00:00
50417dfb-f720-45f1-89ed-793656d8416e,84717d30-02ac-459d-b96f-62957bc725f3,535.94,2026-05-08 18:50:35.088344+00:00
bdd14f20-1556-4314-b933-20a0ad5a7450,2a9a2eaa-3636-421f-b2f8-5beea3091857,289.34,2026-05-18 13:38:54.185180+00:00
a1672fd6-d12e-4742-93c9-4f60bc8cfd65,2db08a01-dd38-47e5-82de-6783f027f85b,286.79,2026-05-21 07:02:07.282259+00:00
b76bb8c7-85e6-4a3b-9c21-130fa72e8f26,45eb9a29-998c-4c2b-aeca-4b2929b8f8e2,1050.89,2026-05-31 17:20:53.942607+00:00
872484dc-3896-4fd7-8fef-d0f3ba3eefce,d084c13e-929a-428f-94cf-5bb8513e67d5,10.0,2026-05-31 23:04:47.328712+00:00
cd743640-0077-454f-8b7f-9867f785043e,11937b22-7c1d-4f80-91a4-33073fc4dd17,8320.23,2026-04-29 05:13:25.962774+00:00
27999ca0-b3e3-4d09-8670-23e8e7edff15,3ee5e18a-855c-4ff6-89f7-00169387420d,3396.45,2026-05-10 08:21:59.710342+00:00
2ea4b8af-32ce-4a49-affc-84626e8912e6,cf7a75ba-23e8-4bfb-8f79-bc33e72b1093,3348.01,2026-05-10 18:52:31.335661+00:00
8ad3df76-ddfb-4de4-871d-e0c3cda81abe,68562e39-8445-42c9-a477-6c1432899239,4933.51,2026-05-22 01:19:01.507435+00:00
c923ec41-97a4-41bc-adcb-eb0416e6c067,ba3caf2f-632f-4614-89eb-c33f3474fdeb,10.0,2026-05-28 14:30:32.382920+00:00
e4109b99-3e5f-4734-ab63-448fe99f4e00,f8ed1c6f-59a4-43c5-acc3-0bab76a17707,10.0,2026-05-28 19:12:34.510223+00:00
903f1b96-802b-45d2-96a3-586c21401db6,505341f6-336a-41bf-a1de-70ada72b05ee,3481.91,2026-05-28 19:58:47.131389+00:00
3aede04d-b76e-4fbb-bdf1-483cff730e92,07f34693-9c05-4624-a4cc-8d12a8afcf85,10.0,2026-05-29 03:18:27.841701+00:00
719ad6f2-2839-4d2a-ab1c-b04609dd07db,5614e4db-368b-4536-b0b3-97c9e0873d5c,4502.67,2026-05-30 22:58:02.839696+00:00
57b83e28-7537-4296-915f-1277e4cb282a,2bbbbb34-2122-44b6-8c95-0f6e3b6971e7,509.21,2026-05-01 01:34:36.676347+00:00
ccc40221-a3e8-4dc7-bb54-f2fccb15f33c,d3dc3d1c-c0f6-4c31-ae78-404b7b4ab56b,5671.8,2026-03-20 17:47:10.020232+00:00
0e045fa9-d8d3-4a2f-bce5-545eda6d66e8,2708f6ed-867f-4414-b051-af389d944efd,10.0,2026-03-31 01:48:28.742937+00:00
a31f3cd5-7bc7-46fa-95b7-9ed71a8561e7,e4f83cad-f36e-4806-8fab-3e2504180732,4740.69,2026-04-02 10:55:32.005335+00:00
eeed27a1-cdca-428c-bc13-bb485f2aee79,a0fddd4e-7c12-4ac9-9d93-b0181e0997b7,10.0,2026-05-05 21:41:52.580165+00:00
3eca09da-6cb9-4e66-ab2b-5d35c5f525d1,1925a367-a313-403c-9a4f-bb6ee02cf34a,4033.63,2026-05-12 20:28:22.444553+00:00
adfa8e46-1f18-4347-9bd4-fed7ee696589,3950f5c6-bcc8-4dde-8eb4-3583ff08195d,338.65,2026-03-18 21:49:35.984298+00:00
7e14f774-cba3-48f9-b646-b42fee6fd504,531ed2bb-2c38-427d-9c15-be120054b00c,852.38,2026-03-29 01:06:25.338072+00:00
d20e2a1d-6f70-493c-94e7-c8f03b82802a,aa0abc4f-52e2-45da-b2a4-cfe63e1bdeed,463.28,2026-04-09 15:06:16.077369+00:00
0d89cc6b-bbe0-4a03-86b4-a21f0390c466,2e2cd324-1e66-440b-92f1-70291296a522,244.05,2026-04-08 07:08:35.548655+00:00
2528ed22-5f66-46d0-b99a-91e9ed42b97e,df1214ca-8387-471e-8191-0e91c882208c,3104.82,2026-05-28 06:19:19.071463+00:00
20a117b2-3817-4f43-994b-f955d16c3e16,0ea84010-30d7-4674-af70-2671d4da315a,2268.98,2026-05-29 17:28:56.423500+00:00
cd844472-2a05-4c3f-b472-8bcac9cf3d9d,9adc3eba-49ce-4e76-ba3d-2711a868d5b9,1975.03,2026-05-30 01:41:28.715041+00:00
025b1450-01f7-401c-8035-25ac8158209e,bda8b2af-e52b-47f9-b201-f5bf45cff864,1090.05,2026-05-31 04:22:06.015180+00:00
762e950d-5015-4b9b-9187-4f0c416084b9,15ec407e-6a46-4a81-b851-8b0596756ac5,1777.2,2026-04-26 08:49:53.033239+00:00
c2abfc81-2eb8-4a2c-affd-a74a436c1109,1340f9f9-f8f7-4496-9b54-77808b125b8a,2487.38,2026-05-13 14:09:01.650617+00:00
43d5cbfe-fcb2-4df8-9313-9ddc54711c98,6227d9ce-6275-47b6-bd18-079d5c16188d,4061.51,2026-05-25 15:40:17.437115+00:00
530caf2a-6460-465d-9bae-f6858a3b398c,8fd608f5-1ed3-4205-97af-f069948e1a66,1000.13,2026-05-18 07:01:39.600094+00:00
912f536c-3d98-4170-8aff-c21383e75ec4,bf7e5ea9-4bdd-43c9-8463-203426daf39f,186.5,2026-05-19 19:14:42.562078+00:00
fa883ed5-cce7-45f5-91cd-5246420a7e75,72e52860-146b-4744-84db-7febd07de73d,3939.67,2026-05-20 14:37:00.217876+00:00
cc9fd002-1444-4ae8-9ff5-9589950e7cde,d24db2bb-239a-4f85-a549-e9d4084273ab,879.54,2026-04-21 17:29:11.708285+00:00
80e62680-81e6-42f3-a7d2-ac89cdc29b7c,769ed9ed-276c-4990-8852-890f339ceb55,841.33,2026-05-08 09:23:20.174378+00:00
5425a31e-ee2a-4384-987b-5dd4f8fdb7d0,b8d2b8a5-d6f9-49c8-9e3b-80c7838c88bc,1191.16,2026-05-10 06:07:47.816862+00:00
d116b15a-d526-4cab-bffa-affc9a9813b2,92a544c3-5da7-4d48-a9e7-118ae20fd802,634.49,2026-05-16 13:30:08.332687+00:00
daab53e9-d277-41eb-b8c7-25be8c596e25,ecd3845c-5756-40c4-be33-a06e02fef890,3272.62,2026-05-29 04:29:06.614465+00:00
2eb57345-baec-4390-b4ba-1fedf99e0501,95b77621-27c7-4b36-9486-775fd7f87a6d,3495.32,2026-05-30 06:41:23.122118+00:00
756500d3-e116-4502-a2f2-ff87cf4ad655,605adcb1-8ac3-4009-b32f-a2f53ca956bb,1225.46,2026-04-11 15:43:00.000591+00:00
cbc2291c-5881-45ec-a532-9c568ce6c569,a8813571-bbc7-4c38-be5c-c90895af3416,1324.47,2026-04-15 20:15:24.559192+00:00
4837940e-adbc-4c29-9f9f-f2eee8f20592,74dc7bf6-5fe6-4b77-ba86-4b14cbee269e,2331.78,2026-04-21 06:09:18.817369+00:00
f056cb65-1161-49c6-a019-7da49dacbf2e,0a90a376-1836-426a-b626-fb8174cd226c,1303.05,2026-04-24 02:04:50.033871+00:00
894a1987-3165-4c19-9b1b-fd38d55adec9,307f151c-63da-4b25-bad4-7d3f258364df,1664.84,2026-05-04 16:07:17.460243+00:00
9329e784-51ac-45b6-b024-f750ca45613d,4c5b4a86-3552-40b8-9e78-aee6638cedab,520.27,2026-04-19 00:35:45.791657+00:00
edb82292-a2bb-4a1e-aa5c-81c137e6ece0,70539576-8aca-4ede-92d3-81f8c7e4d0b8,98.61,2026-04-21 18:03:30.357181+00:00
01f78abe-5915-40a5-8ae4-96001b3788c6,70775983-518f-4fce-a488-3ebc4c9b752e,158.26,2026-05-17 07:22:44.301762+00:00
aee37187-5958-4b4f-b570-0d0a3fedadd3,b5a2abd4-9121-463e-b4f2-6be9b3522a98,5884.4,2026-05-19 22:05:58.592325+00:00
01905495-3cb0-482c-92fa-2785f9c1fdb2,d5469c7f-da44-469c-a704-d76841134c5f,4299.41,2026-05-28 23:57:28.107235+00:00
a135b5d0-47c0-4795-879f-dfa7e7ed0c8e,11ed41d9-b4c7-4b0b-849c-7f8f44d72c2a,10.0,2026-05-29 04:52:51.168797+00:00
63de83f6-f77d-44fe-98c4-8e0e73dcc79a,e209de5a-3956-4bc8-839a-5f9ddfceb676,2845.7,2026-05-30 08:21:29.901043+00:00
5dd651f7-9dea-41b3-9b93-c323699afb4b,97440f21-9fe9-47ab-9f4f-05fa59f3ad2f,2390.62,2026-05-28 22:23:52.450326+00:00
b0262e01-82cc-4f93-b4a3-ecaded3cab53,d827bc9e-42eb-4dc1-bb3d-caa20664383f,3544.29,2026-05-29 03:25:20.127862+00:00
db72ad0d-c86a-4db1-83ad-fe843ac81bee,d0446e32-7a66-4ccc-b2de-108fb00a9ef5,864.35,2026-05-29 06:41:38.161779+00:00
5c91398e-976a-445b-9623-becbbe22ee7f,a2e941c0-0cf9-48d5-93b8-10ed55b7bc52,1433.11,2026-05-30 03:42:08.719969+00:00
4e09c1d3-7899-473f-a971-1b2e78b5df93,62eabab8-29e5-4330-b0f1-4b178881674c,3410.43,2026-05-31 02:33:20.544062+00:00
86545dc2-15c7-4115-b818-63dea698c411,83ded98f-4abd-4b9d-863b-67ec7eba17d0,3371.34,2026-05-31 02:58:25.680055+00:00
94edb0c2-e192-4161-afc0-be8f1e6ab39a,25396e5c-f69d-4b07-82b6-5611351301e7,979.62,2026-05-08 12:20:11.740245+00:00
2af2e6c9-fe02-48ac-9100-ea96839ae8f1,ee7755b9-646d-40c3-8908-4534b2ffd568,74.86,2026-05-12 05:06:59.594534+00:00
f2b8cda3-25b9-4c1e-888e-a2586fee75e6,b8da3e66-d193-464b-b162-50a44ee9ce5c,309.03,2026-05-23 02:58:09.586781+00:00
2c0700ce-d6ff-4ad0-8ee3-73447a4bcef0,4b0c3857-2d8b-46ad-b410-805d1795c1ab,1725.07,2026-05-01 03:06:51.596832+00:00
f6c11960-9616-4d05-8788-f9c221144246,1140cfb0-7728-4ea0-8825-e58b851ae656,981.81,2026-05-07 14:33:32.271873+00:00
d4eb4dde-c394-4754-90db-2f1be63e692c,e5c937ee-6a9c-46a2-a18b-a3ce3fd43f52,10.0,2026-05-23 01:35:39.867387+00:00
619bd404-fbc5-492a-a3a8-e7f18ad99c6c,ada23e68-ce42-4aa1-985f-fe3f6562d644,2179.54,2026-05-28 07:01:18.054777+00:00
10d81d2e-9d8a-4441-bced-53d71cbfb947,8a3323e9-0e29-4e9f-a016-c0815dc0ec02,3491.86,2026-05-14 02:26:07.183818+00:00
b68dbce6-3019-4860-ba11-8210760005e5,866cfbb8-6663-474b-b26d-930e774fb93b,1301.61,2026-05-22 08:55:23.060874+00:00
5d1066e8-a228-4935-b4f5-98cbe17310da,a806a8f2-d2cb-4e95-8caa-e0bcfa873ee2,337.25,2026-05-23 06:59:02.508676+00:00
ce0d9dc4-59ce-484a-adf4-7cce47c455b9,5c7f0197-4245-423e-9e4c-68a52bdb7f6c,587.02,2026-05-24 19:50:18.211104+00:00
06f955a5-798c-4b2a-a80b-58730692618d,33a7450b-f0ae-4aac-b84c-b604b02da258,723.61,2026-05-25 05:32:21.626320+00:00
63e7722c-872e-4ef4-bc1f-a13e86b44746,a40b19e4-14fc-4d45-b8f4-fd1615166619,520.53,2026-05-21 08:03:00.769526+00:00
ebeb8507-3e25-4c95-a25b-6dcad3e11892,dccbb4ea-b464-4429-9d42-503d51d56e98,257.3,2026-05-24 20:18:40.260998+00:00
a9f12e95-33d2-44c3-b0e0-0d5334f4534c,a68ee7a5-1e2f-42c3-a2b3-f6cce2fc25cf,495.49,2026-05-25 07:03:50.603314+00:00
acc8413e-9e24-4fe4-a9b6-323454819a99,4c677654-b3a4-46f9-87e4-f307356e3feb,303.89,2026-05-25 07:09:11.654539+00:00
593757d7-bb52-43cb-acbf-9a18d7cb1a0b,676d6c1b-edf2-4955-99da-f70402651116,802.31,2026-05-26 21:20:51.529513+00:00
a167fa20-752b-4fc2-912b-b69d32029dec,0b44e04c-0e33-4e5b-af29-34b2d040dcb5,769.09,2026-05-27 17:30:56.115074+00:00
1f667157-16d4-4b03-be29-745146328bc4,9d04f049-4430-445b-a663-4173d1fa231b,2349.14,2026-03-09 09:29:41.944014+00:00
c10b8dbe-47a5-4a83-aa2a-8c0c9cdbbfe7,ca138bbf-51a0-497a-acee-29a3e9699891,827.92,2026-05-12 13:48:50.182681+00:00
4af7d9f1-8670-4247-8ff4-90f6e01f383e,7275dc47-663c-451a-ba44-532512342e9b,1935.19,2026-05-27 08:43:21.672993+00:00
324a219c-05a5-4f67-9da5-95d7418ebe11,5a1e77e0-5ed8-456e-abc7-5e28010a35e1,2950.95,2026-03-18 22:43:54.133393+00:00
1b2f79f4-f4db-4243-a03f-c73132b55be5,dedec558-572a-4d26-9074-78dd5b5144a1,1011.01,2026-04-04 15:11:31.442646+00:00
474a9b11-3a20-491f-a38b-4a4eefae8e56,e313d584-e11e-401c-b770-47ec8bda3f10,2231.74,2026-04-14 17:50:40.000428+00:00
2528ccfe-ad7d-467f-a609-bf13991dfa5f,e096c0a6-5efe-4858-a27b-6b85a1bb45c5,2358.38,2026-05-08 05:53:15.840776+00:00
7260f5d2-9e71-4705-9a55-fc378f6b673a,a71f1718-f0b8-4b26-ad0e-35d332b170ae,89.85,2026-05-20 17:07:46.758647+00:00
6f9a21b1-01db-463a-b489-bda27284e1a1,25b25ecc-2bc7-4cf4-8990-eacbff561b99,163.83,2026-05-29 23:02:54.729794+00:00
56593f74-d2e4-4eed-af26-b147c462ea54,402725fe-ce34-41ed-8012-dc90ddd97140,542.29,2026-05-31 01:02:37.025459+00:00
b88ae1e7-991f-42af-a9a9-1074b425bdbb,288ec1bf-54be-4752-a958-e819cfed2985,572.75,2026-03-23 12:23:00.882030+00:00
5c054592-08c6-48c5-a906-b435d2b86b04,cb1f9231-f44f-43cb-90c5-95c2804a2681,203.11,2026-04-04 06:56:48.312432+00:00
0464946b-91ec-491a-bed9-a2d7ba21c26b,2e26122c-fbdf-4b4d-9da7-c278ccd63cbc,729.23,2026-04-07 13:38:11.773709+00:00
32327769-d53a-4f2b-a7c5-84ecb0f3f12b,53b53904-dda2-40e1-a440-6dc808d0e128,502.29,2026-04-09 15:07:05.277045+00:00
402a8a32-0859-4990-9866-8496b25b3fcf,19c79211-2786-4739-ad37-73bc8afe7794,1851.12,2026-05-09 06:09:27.468389+00:00
db9b46e2-741c-4bed-a922-3ff3b4efce53,fcc68b1e-db0e-420b-9172-448ee6676097,707.5,2026-05-13 17:07:49.667682+00:00
07c28576-1067-451d-9e1e-ec365e38562c,1dfb7e9a-8a6f-4078-8455-52e27903b045,1000.03,2026-05-14 15:17:22.892417+00:00
9d798a52-c0ec-4146-b833-85d17e98af8a,eb6953ef-0999-48f7-8d11-4002ec42e0bf,492.42,2026-04-29 16:58:21.638235+00:00
b1780ba3-ca90-4606-974f-5bd8c8b7b708,1be8aa4f-2c2b-4de7-8726-ac6f23cee2a1,429.92,2026-05-05 17:17:37.216022+00:00
d86d4114-2168-4f24-bc58-3834caf62434,0e449c05-a06a-45b2-8b12-a678a09fdcd9,289.57,2026-05-11 05:51:22.825929+00:00
05e6b635-30ce-42f5-9366-839869e82ba8,e08264fc-123e-4168-b3de-93f9a80383d2,206.49,2026-05-18 17:33:32.573062+00:00
0a4c0fee-b6bf-4f7a-b6d7-57bc83fd2f79,9c05de74-94ca-4073-b4ee-d8ad7dce53db,10.0,2026-05-31 20:01:44.728567+00:00
3f9be143-fb74-432c-b16b-2d2109ea932f,3bc954eb-23d8-46af-a2b7-06fc39fe12ca,180.39,2026-05-12 03:09:48.878127+00:00
93c3b9d1-5dbf-4e67-8faa-1dde779177ee,3db52264-ef4f-4e97-987b-d8ccd3c3a90b,3297.62,2026-05-19 04:59:38.543465+00:00
2f88cd8f-222b-46d2-91bb-eed476176683,ffce2a07-3737-4f01-aed3-7ecf46954d5a,3451.63,2026-05-29 00:03:11.124025+00:00
87861f80-9844-433f-8287-bb73baa35aca,6c63bd54-d899-4c84-adcf-ac84052bae7a,2208.57,2026-05-31 17:38:52.044012+00:00
d74e7bc2-5db6-4aeb-8316-5b2c7f613adc,84758da9-49e8-424b-b7c2-f28b96bbfdd3,2738.62,2026-05-21 19:45:01.973848+00:00
572ddc04-13c6-4d2a-bd66-29f3747e823f,85d80b18-7e3a-441e-96b1-08596724bc9f,3174.83,2026-05-23 13:15:02.208700+00:00
9629f8cd-1415-478c-93d4-544e499238a0,8b660918-fc18-4957-a555-59ce084f5019,4123.9,2026-05-28 02:07:38.355893+00:00
9fe5dcbc-1a23-41ac-9bca-8bb5080a9fa1,10b272d6-5853-4760-819d-409455761d79,4794.29,2026-05-28 22:46:35.330669+00:00
f3770a3f-5e5b-4c0b-8d8e-b1bddf922d14,342d5368-14a4-43d4-96f2-3bde6a9280ca,4898.8,2026-03-14 12:50:59.676940+00:00
8c9af373-1700-434e-a1a5-927cb1b3dc0a,8b5706ac-e8ce-4848-9e2b-74c32bb0100c,3251.05,2026-04-12 14:46:22.990219+00:00
0d7b1e2c-095b-4835-8aed-b7acec19c9ef,cfd38b8d-d9a2-4013-ae49-695b564b6762,6240.79,2026-04-14 11:39:58.184978+00:00
8418f454-f552-4656-988f-a25cdd0cc61d,a81de85c-0079-4f49-a24b-c7d5c2152a44,2957.81,2026-04-23 17:23:35.939398+00:00
66b2f0fd-48d6-48fd-adf8-176a65d05a6e,859a9e3d-a056-4624-895a-ca8202e90616,4569.32,2026-03-31 00:17:47.614478+00:00
9a6ad3d1-f49a-4da5-afce-92b5ec645ef5,2a79ef5e-c6d5-4055-b662-3595ebe80d6c,3469.7,2026-04-23 08:14:46.687029+00:00
38bd9edc-d224-4ac6-b21d-c7a3126e304a,e997ea6b-8c43-4d5d-94a4-bc84f7f9e051,3483.64,2026-04-24 16:32:45.983165+00:00
bf8cdaf3-51df-451f-98f1-65680af5baa7,585a5801-5ef1-427d-9281-7c6ad3883c08,2831.52,2026-04-25 08:31:10.564271+00:00
9c4319fd-0755-4258-a6e8-838b52fe68e7,29e28195-092a-439b-9954-6ed289aad3f3,4004.19,2026-05-02 17:59:58.037291+00:00
1770760a-504c-4c65-a77c-ec71c3d5e80f,8e578a57-f76c-4026-8031-9e93a5502446,1902.61,2026-05-29 19:15:12.399450+00:00
31e7fcc2-0d55-4463-869a-664a4afeb677,121e6fb2-551e-4986-9a59-a4f3f71d07eb,650.75,2026-03-23 15:05:59.411957+00:00
7ffd32db-3d5f-49f4-b293-dcf6c9f5d423,ac13db70-c154-4716-829c-c911ddb31465,812.22,2026-04-11 07:16:34.518884+00:00
2c03669d-b58b-46a3-99bb-7be86a9a24de,62f124d3-aa98-404a-ab59-9c6362c926bd,970.98,2026-04-16 07:07:40.601727+00:00
01102d9c-f417-4a37-ab51-76dd85d601e9,375c6258-74d9-4f93-9e74-1497f39b5a11,866.26,2026-05-04 05:24:39.221096+00:00
fad218d0-dc47-49ce-b104-a223437e0824,948695d6-9cc2-4c1e-b61d-22998ba2bbac,123.86,2026-05-04 08:21:23.538755+00:00
7a17130c-afb8-4a99-9593-68bef5713e62,eb39da37-c8fc-4c13-ae71-6145623c2100,553.2,2026-05-12 21:09:53.717026+00:00
5d8883e7-6f9b-4bfd-a840-d89c14b025a4,9057af82-7123-4431-ad22-9c9ad930d266,10.0,2026-04-04 17:41:57.241359+00:00
3c9fe6da-2065-44ff-b88e-c1287cc380e7,a530b59d-31d2-48f4-bdd9-02f8686267b0,5122.13,2026-04-12 05:17:16.409942+00:00
8c1987de-e590-4522-b6cd-81d32ba021db,9cfe4a46-9478-4425-af7f-cfebeffb5b00,2019.09,2026-05-26 00:08:13.473626+00:00
e7071f0c-518a-4272-a064-9902f060bea5,08a8854d-a010-47ff-a1e0-5ef743fd5e29,10.0,2026-04-14 14:06:14.366493+00:00
fdf39174-d99e-43ca-83ad-f6137b1e0af5,98d8841a-fcae-45fe-9c54-c7a5a348c62d,2077.11,2026-05-12 09:42:20.855665+00:00
de507342-fe52-4a44-b323-3d30943f4078,dbd646d8-33de-4c48-a3ab-e6e269164ec6,1750.31,2026-05-29 14:51:29.496001+00:00
b490e790-79a6-4c66-b65a-a0021024a8f1,8d514cbc-8774-4259-8f8e-798a75198e64,611.38,2026-05-20 06:41:34.347697+00:00
bd56d357-6a28-438a-a40b-4874f382aad6,02da137a-7b4e-46bc-8c46-3bbb158444ae,3623.63,2026-05-21 11:35:10.070705+00:00
a33fa157-e73b-4910-8618-7f488d426eee,fff594c4-17a0-4355-9d84-67614286c599,1057.39,2026-05-22 01:08:59.866031+00:00
eb11b5db-37c6-495a-88b0-35afd95e2a59,240d7b9f-b3aa-4e4a-8d50-77e2bc5580a4,1823.38,2026-05-27 10:50:31.328373+00:00
9807fd1e-765f-468b-a943-a68430e72da8,ca664313-b707-403c-b8c8-4fedbbcf8468,1566.55,2026-05-27 17:55:31.593718+00:00
5a14d2d9-8984-4686-885e-4915184edf40,6b671ba8-18fc-41fa-a304-08d1f6f5d6c2,2785.0,2026-05-13 06:41:51.245840+00:00
63c2094e-6d03-4a4c-826f-87e86fb364cd,94e30d61-72dd-4235-8e81-7e20eec6add6,3498.15,2026-05-15 22:29:17.420469+00:00
fece7a70-e485-4950-84c8-fc6fabdaa598,b115a910-7335-4791-a9db-91fde8df645a,3337.0,2026-05-31 02:34:31.018135+00:00
12ab4576-3eb9-43c8-9d91-11fdb56c91a8,7b3c6ac0-63e0-4cf9-8ba5-b2480e34ba28,2596.91,2026-05-31 15:54:44.838533+00:00
e8e159f6-9319-4778-a5a3-b293a7207c3f,f72c10f7-63ad-4aef-a3f0-c072f03b0f0f,2654.75,2026-05-31 20:48:49.190853+00:00
c41398c2-56f0-46f2-84e2-0186e147bc15,883831cf-ae7c-46bf-9844-8f7c8b969c36,5072.85,2026-05-17 11:00:45.488202+00:00
26dffe46-930c-4ce0-b0ce-bc7feec32e3d,8ff90b7a-2198-4077-b71a-06121b2a2093,3777.86,2026-05-26 04:26:17.959944+00:00
00af914b-acf6-4399-92de-4f7331ba27e1,6243157b-75ea-4b4c-abe9-8418b6a16956,3337.26,2026-03-09 15:21:45.014565+00:00
5bfba365-7f5c-478c-b5c4-1425229124a7,171ba859-3e16-4d28-bd2b-a703fcf6043e,2957.77,2026-03-11 01:24:50.040712+00:00
85d3f33a-496e-44fb-a024-8fd50c7c7ab8,1f3302ed-c9a6-4c47-8821-2c1c473e6c6b,3793.39,2026-03-19 09:53:12.493952+00:00
74684430-c287-47d7-be9a-c0908a1d6728,2d992ae1-883a-42a2-8386-c69bddf735e7,6435.71,2026-03-24 20:57:44.409793+00:00
c6c96fbb-ad4d-41e7-afa0-43e8c313b5cd,b20e7802-7b11-40ce-90f3-454af2920327,7152.63,2026-03-26 18:00:10.525915+00:00
2779fb84-3e12-4ea4-a559-d224b9ea9579,4121da09-207b-446d-9961-418fb6693561,2247.66,2026-04-18 14:22:20.477511+00:00
28eb7e22-c174-4a47-a7cf-868bfed369ba,563bc972-6fb8-4886-af8f-30d4f6aa419f,3463.98,2026-03-22 02:29:37.405076+00:00
6fe4ec10-0f52-4eb6-a91d-f42be64f8832,88b42c68-cf95-4031-95d0-8eab23c8664e,1738.07,2026-03-23 14:15:29.812355+00:00
0a70387f-d82b-4666-ab8b-c540eb955051,878f838b-a9bf-4b3a-a2f7-4858144b74e2,3465.97,2026-04-25 10:46:53.942919+00:00
60cce82a-87db-41e4-b060-020e41925ad6,410a82e5-98a0-4fc6-bab0-0ff5eebd33b2,4053.76,2026-05-30 16:49:31.785181+00:00
c427fdf0-90d2-489b-adfa-015d5b825338,5afb5b2e-b447-43e5-aad8-ee7bb477d0a2,1519.13,2026-04-02 08:03:09.045620+00:00
dbfb8813-a1db-442c-a95a-3169262aaff4,0ba1acc4-57a2-4f9f-afb4-236d302bf45b,1596.03,2026-04-02 22:45:43.222162+00:00
3345804e-5526-43c1-bbfa-ace3aba0ada2,2d329403-38cd-4129-b5c8-0b89aa943f64,2005.54,2026-04-15 23:37:22.647579+00:00
69071baa-2140-4a83-8d15-c43ba0801342,d4bd8b78-643e-4130-9b40-45a7d42a112b,87.34,2026-05-08 20:07:56.527693+00:00
c06e0da6-97aa-43ea-abc9-7571916b4d53,b5787d2b-ef62-437c-ac11-d9d1e1ee6a18,1898.02,2026-05-26 07:37:03.584493+00:00
b5b4bd8a-b47d-455a-b24b-b7f3367784c2,7da3f126-e247-497b-88ba-8dd0d48634df,791.4,2026-05-29 02:21:28.877042+00:00
7a75ed91-4bba-4523-adc6-c17d06e8c62a,e73bff32-4dcd-4df9-ba03-d1783a1b8e09,2981.87,2026-05-10 03:15:04.430310+00:00
207b4844-2ed2-406e-abde-d9e39bd7b250,c852324b-08b9-4843-87b4-f7a56389e9da,4703.58,2026-05-14 04:24:33.040537+00:00
c36527a9-8f37-43d9-b240-ed6eb9d93397,fa36aa38-abcb-4297-842f-62caa5b7580d,294.52,2026-05-28 14:16:20.981877+00:00
87c47fab-d67e-45cd-b8af-b455bb1009d2,7d30aa72-f718-4b5f-b158-7e9b690ac91c,576.63,2026-05-29 06:43:56.549577+00:00
c59c33b6-1deb-4394-8089-787a24e14d24,3611a45a-5273-4297-80f4-eb17d8c5807d,635.46,2026-05-30 06:47:12.020943+00:00
38cac298-4237-46fb-a65e-56ab994632a7,831b36c3-35f9-4688-a03e-9c9947a73b08,547.39,2026-05-30 19:31:38.467631+00:00
e61bc64b-a6c3-4525-8b99-359f59e37606,26af0735-faa9-4a0e-a273-0e5eb7ae2703,145.01,2026-06-01 00:02:47.431221+00:00
ebb14ac1-d82f-47ac-aced-1f4bf0a884a8,f4109487-af10-4c4e-8285-52a3b4fa2eeb,4355.86,2026-05-06 05:10:43.214695+00:00
99be451b-6dc3-41b7-84c0-e1f872d65bbe,d93e3b54-cc67-4871-952b-69c490d30f61,4192.03,2026-05-19 18:26:11.589617+00:00
79a35c8c-8c5a-4b1c-b7f2-2938060a75b7,c3a6d04a-b612-4c34-b8b2-080c8c372f64,2055.37,2026-05-03 15:16:05.724978+00:00
0ca0b922-f78a-4418-8ec2-02684d93dc46,d280c0fe-a7ba-473f-8025-df98698e7b9a,2251.92,2026-05-14 21:00:27.907604+00:00
f6823b3d-d3c5-433a-8ef8-d47be103d145,3442a29e-090a-4355-a8ca-2997c2a59a28,4319.85,2026-05-24 12:42:01.778987+00:00
50e98aaa-72d9-4126-951f-532a04894cbd,b0f16798-e73d-4254-b0fa-e4b7d3bde2a5,881.86,2026-05-05 17:22:15.466837+00:00
71b88f1d-0845-4626-ad6e-8e7aa080d486,0f1987ee-5c64-41ad-b183-0d1a86b1f186,1148.01,2026-04-04 17:27:23.160889+00:00
583ea0f9-325e-4f54-9cc2-ce3fbbff8cd3,f59c0e0f-819d-49bf-834d-17f9cd50fbf8,48.0,2026-05-03 22:41:31.455915+00:00
b74e5327-bd55-40c9-a0ec-89774a513032,ca978f1d-a710-48c8-860c-557b049ba844,839.54,2026-05-20 10:21:58.596443+00:00
5a58e0c3-02ac-4c13-b774-73ffe0dea179,f3beaeed-0013-4758-925f-131b14606186,4293.85,2026-04-30 02:39:29.165422+00:00
c4351e20-e585-403e-b11d-032df6f2eee5,4cfde19e-988f-4360-8094-3310c1fd238a,2878.79,2026-05-01 11:48:03.797278+00:00
80facbdf-6382-4468-869e-78e743c968e0,3de7007a-ce1f-448f-aada-13656ad73fb1,4665.98,2026-05-02 09:03:52.942412+00:00
51670664-baf0-4cef-9672-cffb8993aa5c,2445c476-05e5-4adb-b180-e23e6647d7fe,2481.7,2026-05-08 14:30:58.066740+00:00
2ccaf96a-f432-4e4d-80bf-36f34c32e8e3,5bf74689-f5ea-4d7c-945c-935aa7de9d83,209.82,2026-05-08 15:10:43.560109+00:00
b551254b-b417-45af-ab40-39db61d23676,d8a78e6f-4167-42e3-a9c6-f7b43c08f4ea,527.83,2026-05-30 04:50:15.823247+00:00
43aa53ad-2bb9-4335-8b7a-0b5675f1205f,3c53ba28-d1a7-4514-abab-97e4f08f8d61,108.1,2026-05-19 08:02:18.671184+00:00
81e9aa7f-f8fb-49b1-bb78-9bf7f6803ad3,a07ae07a-1420-4eb4-97da-1df94ef3d5e8,190.52,2026-05-22 02:34:40.535305+00:00
7f89f589-4947-414c-8964-abe48214e9bf,1334edde-2796-41a4-a1bd-16047af18a97,272.2,2026-05-30 12:22:17.660784+00:00
bfab644c-bff2-436c-a2f7-89c6e7fa93bc,22bf5db3-e41b-4026-8d52-621fcfee28ac,894.98,2026-05-22 07:56:43.126780+00:00
6648154c-c4f2-475d-a117-05a2c42777f8,40b6fbfc-7cc8-4ccd-bfc3-b13fb8aaf23e,1416.29,2026-05-28 01:32:45.792105+00:00
47c57002-0cdf-4dc6-bba2-e2177b669300,647e9ad7-1656-488c-a874-3156714fd9c0,592.18,2026-04-03 05:57:02.529885+00:00
a95cea77-3fc7-45b7-a1a4-5b4fcd465c0e,9be706d3-4ca6-4218-8d34-975f08f5392a,323.69,2026-04-03 21:03:36.032305+00:00
6819f7d8-041a-47b9-bb12-4a5923f49a0a,49d59d0b-9859-4878-8c2e-45dc3aacd0d6,463.36,2026-04-22 05:26:34.573979+00:00
06e4a280-5611-4578-b374-94c92309a8e0,de89d79f-d948-474d-9440-0a72e5137c17,474.14,2026-05-10 06:08:58.960068+00:00
20a63a71-b254-4b02-865d-719111656274,79cbc37d-e2cc-4b84-8ae6-91104c63fac2,684.86,2026-05-14 14:03:03.585828+00:00
572b9162-90f2-46ae-bf36-89c2ee67ac9d,7d54a224-1151-4fc3-a176-275acd2eccc1,146.46,2026-05-17 05:10:41.415820+00:00
f1a254f1-1cb6-4f7c-906e-75c89c74edaf,f71dac97-df85-458a-b8e5-4e8308452f86,5127.84,2026-05-06 14:05:33.867471+00:00
5153c098-14d1-4070-b271-7108ad41f1ea,6821e927-f3b9-4229-aa48-beeb4c444390,3414.28,2026-05-06 17:30:36.599286+00:00
9e115fd7-c181-4e5c-8537-23c7549113d1,62ef5dad-54cf-4d5b-bbe3-92ec1c702505,4647.05,2026-05-19 08:41:15.522831+00:00
97e71e62-b593-4d65-a4cb-4cbc46896b10,da017fee-6e1f-4438-a31a-ba785bc230d6,5211.29,2026-05-25 02:40:25.943153+00:00
07eb06ce-3fd4-402d-ad40-9c3222f9ae43,0db36bca-69ef-49be-ae3b-562748d367a4,2577.47,2026-05-25 10:36:29.808257+00:00
9b3544aa-8c5f-45b1-9a5f-bfa9bbb70a1e,37182684-c8d1-4916-86e1-405b180e92b7,1033.21,2026-04-30 00:14:46.764025+00:00
1370e228-c5bc-4cdb-9454-34d7a4dc5f57,1ce08e1d-d034-47bc-91c5-5d072b17e88e,535.55,2026-05-21 15:35:22.320022+00:00
49d959c2-4b67-4a30-967a-fc3f2388ca20,c0244d58-c073-4428-ab04-07fb2ed010b7,2340.69,2026-04-17 20:34:28.574321+00:00
22c78f4a-7214-4a53-83a7-aceb2497bd35,21f6fa75-f485-4bf5-8724-a06bafbb6fce,1895.72,2026-04-21 12:51:00.549203+00:00
d15b4d97-b60c-439c-9d8c-661855d475d7,c9d3f581-f289-4620-969c-18d285467f4f,1794.85,2026-04-28 03:03:59.874697+00:00
54f7a13a-563f-42f8-8798-ac37e129488b,929371d8-872d-4b2e-aed2-97a5891981fe,2529.13,2026-04-28 08:45:49.261901+00:00
54ecd9e8-e829-4ac5-b845-52b2d9e5c7a5,777a5846-b396-424e-a702-d74b344ebe5e,1076.69,2026-05-06 03:31:14.306127+00:00
0c072850-a688-4804-a404-a7f8eff3a83c,dd294281-bb69-4503-b1f2-b48c30e56229,3420.4,2026-05-26 10:52:22.822314+00:00
e292f688-4696-48a0-b6db-63f6ed943e48,afb0f86a-84ea-4195-8e79-8217c900b569,2011.23,2026-04-23 04:03:40.064309+00:00
ab0e5fa9-b446-4674-becf-ec07abc3b18e,ec96a822-7207-4d2c-a1ff-fb5ffc9580e3,3673.14,2026-04-30 08:16:33.861745+00:00
2386692d-4b43-4929-97e9-0e9655772ab7,c0e85782-c039-4b60-b511-51cd58c67cea,3219.95,2026-05-10 16:21:59.267524+00:00
32e0a818-8513-4515-ad4a-9cd390df847e,976bdd1e-46d6-4377-a72d-14ea7f8cfd2a,1938.53,2026-05-26 01:50:36.972688+00:00
8a74190a-9b5f-43ea-984e-86a5744a19de,9d465275-a071-403c-b115-c26ef4e5a493,4651.3,2026-05-26 09:54:29.068577+00:00
e9566307-083f-4dce-88ad-39072722466c,ae697e01-039f-411d-9fc7-638735089119,1413.18,2026-05-28 12:31:55.292963+00:00
e147f674-7910-4bc8-83dd-51a75ada786c,f51a4feb-3e39-412e-a7c9-b6c4569d95f4,4193.74,2026-05-22 15:34:49.085690+00:00
f05533d4-a8ee-4d7d-90f7-9298cb59dd28,4883ade4-ede2-4616-8271-c9bbbc7b55f0,1838.77,2026-05-26 07:14:09.563406+00:00
211856a9-43c5-4596-97c1-368d14da8352,28783e12-c0ca-4e28-8567-d4d5cfd71c76,3112.65,2026-05-26 20:14:59.831665+00:00
d4b115ef-9421-41ed-8083-57fd8c749182,371db99f-4d6a-4e0e-be6b-f92491426783,2768.79,2026-05-28 21:22:21.113672+00:00
7c819d14-da3a-4aae-b5ee-a6c4ad7df025,6024b09b-4492-4992-ad5e-50a682c79df0,3398.58,2026-03-12 23:32:06.300648+00:00
35ebdd92-4af4-4cf0-b402-0c1b3b2102fe,360e6eef-5a1e-41c4-9a03-857dbc58d586,1462.65,2026-03-25 09:20:54.574516+00:00
2d0a0e93-fda5-4b72-a865-ebe51a675593,cf8bc010-449c-4ae6-beb4-977f1a8c165e,6659.72,2026-04-06 22:15:37.475360+00:00
18aeb473-d8ec-459c-b431-c0dde499b08c,49223429-b55b-4119-ba27-379247cc45a7,8247.62,2026-04-17 15:25:04.162344+00:00
4ea98f1b-4604-4cc1-8830-115161513f23,89e514ff-4d42-4280-994b-1d9118bac8d4,3205.09,2026-05-21 07:46:45.415910+00:00
8941933a-d775-4943-8e87-3e35483e56ed,1e4e6504-b7b9-403f-bc7c-361b7439bb4c,10.0,2026-04-24 02:18:08.369365+00:00
ab742146-955f-409f-979c-28a6961762ef,801fcf44-bb2e-462b-930a-8a0d14143646,5979.72,2026-05-01 23:10:49.423042+00:00
5c5b6500-6510-4426-b19e-ccf26c790ccf,ee1c87c4-391b-4195-887c-c5d3576be399,4756.9,2026-05-23 07:54:44.393510+00:00
15cdf7be-3eeb-43b8-8b04-994b4a27b3a4,d68004c2-e6a2-4eb3-8597-f46564e3b97e,1775.58,2026-05-25 06:16:52.796458+00:00
51956751-6b92-48c3-b298-d7cd68263bbd,beafe047-6e7b-4785-8667-e19168607687,2357.72,2026-05-28 01:02:09.378194+00:00
486d1307-fb62-4caa-a0ce-c8f783541a60,3de98a49-30c3-4738-9155-e801db2b28a0,2305.62,2026-05-28 15:56:18.195799+00:00
24368b61-f58a-4685-8ea0-3c789ad9ba7d,89b1e6ca-e76d-47c3-ab50-c4ab6f029b5b,3623.64,2026-03-16 17:16:59.990315+00:00
bbd0153e-a3db-49d9-bae9-b276abbeb8e5,e533d4a5-7f33-4b42-9f42-05320757ad59,2663.41,2026-04-10 05:53:19.124262+00:00
b7ed0ba9-66cb-4db8-933a-7b0b8cf6eed1,6843a477-2ad0-4289-bbf5-47ef271cd8ae,2903.91,2026-04-12 17:22:23.185821+00:00
5dd722e3-0150-4f9c-b82b-5f478ac59310,87265465-32af-41c4-9619-a79951dfb181,2616.88,2026-05-09 03:46:00.949127+00:00
6c8d7532-61dd-449d-9d31-65908395f507,63652416-7efa-417c-9955-98364ab2c1be,1299.21,2026-05-12 08:59:02.919444+00:00
ac5c43de-0936-4e8a-8bee-ffc89f08000c,ea7ba87b-17e2-4599-b3d5-8ccc0c0fe961,3233.23,2026-05-21 14:58:12.024242+00:00
2e8aa2eb-60e9-4cde-b867-3b2882a463f3,3caa1fb3-cd0a-4c6d-a934-87e363f70127,1408.04,2026-03-23 07:20:53.279713+00:00
b796621c-9069-4dcf-87f6-d4a161bd2db2,d2300cc0-36ee-44ab-b792-e01b0226252a,1046.59,2026-03-23 17:53:21.056810+00:00
a570e960-846c-4fe2-a58c-253734c5fa23,f79d4b77-7dce-4aeb-b347-4d56d29bc8b5,838.21,2026-05-01 13:03:06.486946+00:00
347387c3-acf3-4828-8dba-1e21e90c0e84,16ce1d5f-5736-4dbe-b1bf-b9c8666a072b,813.07,2026-05-21 15:33:03.136967+00:00
99525606-84e2-4f30-817e-bf03f0477886,0b7b91c9-2a32-4d72-a790-98aec2c3ece7,1140.88,2026-05-19 00:01:18.614211+00:00
cad4102b-22ae-4ffa-b60b-048d92b3f6d8,52089292-1efc-464c-b138-1c776b7b7872,1740.84,2026-05-21 21:46:13.200821+00:00
85f6cebe-46d7-4877-a123-403bd2a5a925,7609f1b5-331d-4f03-a16b-e531762cc494,1631.58,2026-05-22 05:07:45.298891+00:00
95fbee6f-c5c6-41d8-8ce5-ea7765b6b553,bdf463e1-c64d-4d12-ba90-1444bc94cbd7,1394.45,2026-05-22 06:10:40.809103+00:00
433a258a-1919-4316-a69f-4d0eae92875c,8c363352-fbd5-4f23-b449-e3e3723765ec,1053.79,2026-05-23 02:34:48.796322+00:00
147b025d-92a9-41cc-8683-4119740dedf8,fc3a94ce-1477-4609-bfee-e0528b8f5385,1750.78,2026-05-18 22:47:58.909238+00:00
9f8d88a6-87b8-499d-a801-109f8ec99afa,a39eae72-e1ea-40f4-a6b0-3442da3a7f44,1338.61,2026-05-19 18:25:58.750410+00:00
225d73ef-eec9-492a-bc5b-ef2aaa96696c,a25679c1-cd67-4cc6-8085-8afd8ec19dd5,1643.85,2026-05-20 04:19:27.861710+00:00
e8cb0526-f7a8-421b-97b8-378d1cb07938,a24060a9-09b6-4b43-96b0-8281729ce0a0,804.54,2026-05-26 19:44:03.193591+00:00
27633de2-7bb3-4a5e-ad2a-4e6f6fe9e429,4e92db72-6cda-46cd-b7eb-e7d1bf99d332,184.28,2026-05-29 06:34:31.408432+00:00
7a19f6a7-d7ed-4ce1-981e-f863984da0aa,b683b61b-9ee4-4c8d-8a52-5c38d91e2f20,6345.3,2026-05-02 06:11:01.604265+00:00
58329027-cc92-4c48-b171-0c193f3c8e8f,bc52ae3d-4277-4422-a786-917965a7825b,1253.51,2026-05-07 08:58:53.159072+00:00
0fa82aa1-b18a-48d6-8fbc-b9ba6af00c52,b7aafe2a-7c27-4140-b49a-953b7b9407bd,6306.12,2026-05-07 12:57:02.869545+00:00
9184523e-5222-46d1-a951-893b9cdcfc4a,1c5c9acb-c9e9-4121-ac3d-348c87f3120f,4519.49,2026-05-18 15:56:03.207300+00:00
da9df45e-7e45-470b-9f53-a29369f006c2,16ed40cb-cb69-40d7-a6d6-db3651b0de75,504.46,2026-05-31 13:49:51.473338+00:00
83b4c32f-0978-4377-907f-50f6a25b85d2,67b7f5cf-f535-4c00-951e-0a8c2d456af1,1216.18,2026-04-20 15:50:16.656291+00:00
a9472a50-aed1-44c1-a5dc-43d84c548761,21f96183-b313-4046-a8af-bf7fcac1cc43,2193.35,2026-04-21 22:44:23.673847+00:00
808b896f-642e-4012-a68a-de5cbcce9363,779916d6-1dee-4cb2-9f06-fd37ff2c01a7,971.2,2026-04-30 03:25:07.845395+00:00
2061ce59-83c8-41ae-b76d-394c37c8f36e,a140ef0f-f9c0-474a-95e0-50e6c4e117ee,2120.37,2026-05-07 07:06:24.891907+00:00
8f4b2fcc-6a83-4b75-bcad-edae389cfa23,3465c293-7c1f-4fe7-9f6b-d74fa2ae0d2b,1289.56,2026-05-22 15:10:13.930356+00:00
ba6b4185-6f98-49dc-b67b-ae0bbc69ca12,2d29d5f6-eda9-4cb5-91c2-70cf8b51b230,737.22,2026-05-23 23:59:37.503756+00:00
b878fa6c-a401-445c-a72a-e574cb5ea101,2d847157-8708-4154-804e-f6c2e7cc3bc7,308.32,2026-05-03 09:13:10.072896+00:00
7b871847-41e1-48d7-9884-9369c5105332,43a32de6-37e9-47a6-b972-c2e9b20a9762,10.0,2026-05-07 04:57:00.980198+00:00
4f62f173-6f47-445d-a86c-baccfb7d05e7,e9cf7eb8-f279-419f-b356-66e762478052,1613.51,2026-05-11 08:17:26.626699+00:00
192f8266-a7cd-4d2c-85b6-5666dea78907,0b0fbe05-dc8f-475e-94ad-eaeea82240f6,2568.61,2026-05-15 05:43:26.355534+00:00
e2c5d1e6-c5b5-4ab5-abe2-f5c209875e4f,f37f2542-151f-4748-8515-fef1df21ba08,2243.02,2026-05-15 23:05:51.904682+00:00
eb4aa950-0ba1-4fc4-a4e1-cec460507aa1,291cf171-e53a-4b72-876b-eb26e432464d,251.7,2026-05-18 09:25:39.448896+00:00
8d35303d-4c88-409f-b942-d972a1c2850d,0b68a23b-08ca-4af5-8d8c-7b8cff734b5e,549.53,2026-05-26 19:33:17.236794+00:00
d3daf64a-08ca-4c43-93cc-16f8d0410e3e,8123ec5b-c171-40e0-818e-73e324e0098a,466.23,2026-05-21 23:58:59.449298+00:00
69dd8796-8119-40db-a017-047b47035722,fe429bb8-e73b-4a6a-8a11-730e8c055b6e,5110.16,2026-05-23 08:55:46.322774+00:00
9b64c1df-89de-4c4a-b729-b3cb499b42da,567270cc-c78c-49ca-9110-ea2d52f585a8,4943.51,2026-05-26 18:34:14.173227+00:00
1a462641-35b0-4952-bb6f-99ce2d038eb8,d4ef3f84-6a5b-4a84-90ad-6c11273c907c,2166.04,2026-05-28 16:16:43.096012+00:00
3b3710e7-abfd-4b5c-8d71-d1fdeccd1e65,1ec720e8-d39b-43e6-bed5-fc1bf22a08d0,1551.13,2026-05-29 12:13:10.740341+00:00
21183d63-3e35-42c6-b024-dd19231ca1dc,49e4c754-a293-4e4f-a81f-70843ff80c59,2633.83,2026-05-31 20:30:05.235769+00:00
773dc83f-2dfb-4121-b5b7-cd9066077580,eab9c610-f7a1-4e69-a901-d571ea826a98,3211.3,2026-03-30 01:22:26.748582+00:00
6b7df40b-53ee-45f2-b784-dfe15e46a0d5,c098de9c-878a-4961-a8e3-602587c20b59,4406.81,2026-04-09 16:09:27.117941+00:00
2d861c89-d5cf-4e52-8434-523eedb670dd,f8421c52-39af-4907-912e-e30038ed2faa,3823.66,2026-04-13 06:20:14.757923+00:00
9143201c-e748-4fc4-be9a-3e3726451dae,4db8b999-2df7-43b4-b7e7-75a72fda22ca,948.47,2026-05-17 00:57:23.593472+00:00
ba6a924d-bc70-4191-8435-d68a79867548,9ae44f9f-cadf-45ca-a3cf-fc1dfe4be9e8,1559.44,2026-05-19 08:35:50.325247+00:00
d6744c48-9384-40bb-8658-e3bf6d773998,0e7f2a9e-a976-417b-9bed-68a6fc14ba20,916.74,2026-04-05 11:16:04.330180+00:00
3a6658f3-9ab9-42a6-aee9-a58ff9a7dce7,0a41fc04-00f5-4066-aeac-a297a4f8ff99,876.72,2026-04-15 10:07:04.989771+00:00
558fd5ac-c1c7-4381-82f8-95b9bc7ef7a7,86c7e85a-4c97-4b82-ba39-a14d35842dde,1475.06,2026-04-19 10:36:33.581509+00:00
850fcf0c-86f4-4cd6-930d-e8684057e69d,96347a39-6be6-46e4-a64e-cbd1d4ab936b,999.09,2026-04-26 08:16:10.512956+00:00
6e34eb29-a3d9-48c6-b2d7-6104df5e8046,1361d73b-83b6-44dc-bad4-95679b6468f7,270.82,2026-05-13 19:55:55.260168+00:00
e8a6e417-25fd-4bd4-8d92-3a0b62631d5e,caa5de74-ab11-412c-b7ff-b6cfb9bce478,3824.29,2026-04-28 16:00:12.916053+00:00
1c272e4f-66c7-424a-a0c2-20c00c4ba069,44944f22-3fca-4624-9055-39d81176c2a7,9026.06,2026-05-05 17:24:24.594506+00:00
b7a3b9cf-2eaa-4cfc-91c3-2b7c125edfd9,df91e4fb-c606-4b29-89a4-8a39958b823b,5094.28,2026-05-26 05:39:26.946706+00:00
8162347e-604c-4acc-bbde-c50b32bc6529,3fb458ff-3b4f-4c7f-b8d9-bd286bec3133,6844.76,2026-05-26 08:41:29.774465+00:00
fd0b96c1-44d9-4149-8ca8-4e90485bf098,fecc1ddd-17bb-4710-b2a1-4128984ada4e,3898.97,2026-05-14 20:23:17.277723+00:00
169f73e6-6467-4ca3-884a-eec9510a28a4,6f0e0204-ede0-4af9-b063-c14f5153a22e,1988.35,2026-05-28 12:49:04.908611+00:00
54e73e09-c495-4ba8-ac64-fd8b8f954e5d,6a1c2a22-909a-4c22-a4ca-fc5209c74bea,1196.2,2026-04-03 10:32:05.847700+00:00
c81eb650-d10e-4eba-8e1a-20581596c008,87144513-86fd-4634-bdee-796f67140e64,441.3,2026-04-12 09:02:46.484028+00:00
a6f1fb2d-f5ea-4bbc-a61e-c08416f03e01,2132421d-688b-4f60-845e-baaf133e187b,128.42,2026-04-17 15:56:19.693996+00:00
135089a0-fbf4-4a23-9e85-5ce951cf3ed4,c9c7ee74-feb9-44c6-b8e2-3d56f5663414,896.85,2026-04-23 13:19:56.686452+00:00
4cc8339e-4688-4033-8188-8861a371447b,3eea6c9c-ff0f-4ef7-b330-fd0bb03e029b,641.17,2026-04-23 13:12:24.696404+00:00
92298ebc-6031-437a-8065-1938eeaf66f5,be08afa5-774d-4d87-8811-ea380bb900ba,600.11,2026-05-18 07:30:40.030168+00:00
990ecb9d-8b91-4d42-8620-3d5e4f2b41a1,f93b7676-b761-406a-bbcb-fb0ea4b66cef,836.36,2026-04-01 23:09:29.299263+00:00
3ee6c5e7-c477-4603-916b-6a61445eaccd,f792a8eb-2336-48a4-8b58-17496f4bb004,827.01,2026-04-24 10:23:01.134548+00:00
31437a1e-1156-401c-bc5c-67ca93e3fd87,6683b080-0304-4e66-a1a1-0cfcde30d4d9,783.86,2026-05-02 14:14:31.268142+00:00
06b64b8d-069a-44ed-b886-63a9b408097a,6560b89c-68e9-4bca-ba14-c0671b90b6cd,568.07,2026-05-03 12:51:24.394571+00:00
9f95276d-4510-4717-803d-49171ea3bab3,059629f9-47ad-4f37-966b-1147c7a69f0b,271.55,2026-05-21 05:26:55.718873+00:00
1cd3a531-90fa-4b86-9591-592060563e4e,2bc3a1ba-1411-4435-b1cd-810be31032e0,1073.21,2026-04-27 22:52:05.849241+00:00
4eebd309-ff8a-4abb-bb60-978aaac6a5ef,3880d506-91e9-418c-a4a1-231a644b7899,875.05,2026-05-01 09:40:38.698883+00:00
d4e58f2c-3a03-4e5c-995a-ee4996c26c8d,fd51e420-bea5-44b6-af45-19dc1b74e0b1,777.41,2026-05-08 03:40:18.568446+00:00
d2f38fb2-05da-4061-8517-dc258aab1182,8d8d8edb-e4dc-43d4-a711-06451848ec5d,737.08,2026-05-09 12:01:27.385776+00:00
d20f31fe-e6c5-4b3d-a1ed-37d73f8cda76,bc9d76c0-d8ee-452a-a30b-9ea891dd3158,1256.96,2026-05-17 04:02:16.599492+00:00
729474a1-c733-40a2-8218-aa41682d9c1c,56104adb-5bde-472a-ab1a-dda5652d2af0,1465.51,2026-05-12 01:54:16.505110+00:00
f1936f66-2405-4d1d-a57c-307f1c5861e0,574cfab8-d512-4ad8-9cf9-3d4031f5ee3f,40.3,2026-05-14 09:18:26.681653+00:00
4f5b971d-22d7-4f24-949b-b77fcf5b1816,d2074242-8c29-4429-9bba-0ee409ff665a,1336.04,2026-05-30 09:00:54.626392+00:00
f73509f2-6498-40cd-91a8-8ed29809b6ca,3cd2eb0e-7c16-4a18-8111-48a67bc1415e,2204.47,2026-05-31 21:06:04.941665+00:00
3a4d00ff-fe76-497a-894a-bcd98cbdf22b,2e639456-76af-45d7-8f87-f0247aa74410,1411.74,2026-05-23 12:06:46.976761+00:00
066cbe64-0f45-4b04-98ef-bb103c2d4544,989b1b55-26a2-44fe-ba41-6a34eb3d510a,5168.4,2026-05-25 16:57:01.990255+00:00
bac1edad-5a78-4dd8-a09b-8434e3b59f35,8f9ce306-4d4f-498b-8ca9-42e36ae70f04,2311.26,2026-05-30 15:51:16.379767+00:00
4d11fcf5-cc97-4b58-865b-8939ecfe0026,f575db45-897e-43b5-baeb-2e8757a8dd3f,3764.57,2026-05-31 03:40:29.813036+00:00
03b44941-59f1-40e2-9ee5-251986ad50b1,c250af13-d2b5-4ea7-a255-03e6be125c26,1968.61,2026-05-31 21:09:59.672591+00:00
552f28cf-f1f1-4e7c-9062-c253ad44ff8f,2335c3dc-1e16-49d0-a7df-66a213bdb484,2869.18,2026-03-30 13:31:02.741658+00:00
a6007485-bc1f-4aa8-8375-73d15436c7a2,77761c45-0a92-47b6-88ab-771c120b0586,4103.97,2026-04-06 18:55:19.264767+00:00
90b7faac-45c5-4814-8811-1f86b9a6f16c,fe405ffc-3557-4989-b51d-d8c7c768bcb1,3326.17,2026-04-17 20:46:39.683710+00:00
fada70e0-7919-409e-a143-d1e7396e7ff6,e736b563-cce6-4c83-848a-63598cf32afe,3611.74,2026-04-27 12:55:25.193963+00:00
ad5a09ea-1688-462f-8ed6-83e7464f0f5f,b77a4c52-c274-42c5-8a03-100843cf1609,3032.6,2026-05-13 13:35:58.757499+00:00
fb54abb4-38e7-48cf-84a2-ff0520654ab2,b7e65b74-80d7-41e5-a655-5b49ed2f320e,5021.63,2026-05-28 00:54:24.218680+00:00
45760953-9874-44f2-84aa-a0c51bc64c97,a83b06df-7877-4cd1-8f2c-c0edbb1fb2ee,1869.73,2026-04-18 09:47:06.985099+00:00
5684fe43-5483-4700-a651-9afe6920486f,9a380590-eb11-4f7f-9ff2-ecf3df27baeb,6492.81,2026-05-07 03:44:44.177091+00:00
5ae9d115-0933-44a8-83e2-cd592dd10b6d,1de80d48-e09e-4e04-8fcf-95cd4cb01d87,10.0,2026-05-21 16:29:48.416113+00:00
191bba0f-3b1b-48e6-82bd-6718b4a82709,4eb3c405-5171-497c-9249-53ae6bbc1ef8,4290.21,2026-05-28 19:37:03.094505+00:00
c8f3a9ec-1d18-45ad-a741-0765b7da101c,15824b58-70cb-4723-a143-bb684f8f5163,4706.67,2026-05-17 00:37:55.309690+00:00
489646ad-850e-4010-88f7-4a99255946a4,c6c4f5cd-bdab-4495-a943-dd0f4ea5fc59,4133.14,2026-05-29 13:49:35.550639+00:00
cc72ef47-3a37-4120-b009-98f094c09e12,55e6390f-891a-4c6d-a789-61601b869220,1197.27,2026-03-27 09:41:02.851230+00:00
b822672c-137a-42ec-a175-b33b720e59b6,cdd222cd-445f-45f1-864f-0676409749b6,1444.03,2026-04-05 18:58:02.068297+00:00
5320c883-8445-46d4-bf6f-09bc7cf9925b,a2fc93de-6ce9-4aa8-8195-e32b446be2d1,2121.55,2026-05-05 05:40:25.288085+00:00
d9388d51-73ef-47fc-99fe-dfee54b4cbb3,7ef71a62-cd98-4847-9f5a-272b0e46fcfd,1263.01,2026-05-08 01:07:01.529843+00:00
a7f6418b-b423-43ad-b5cb-7809bb13c2b1,3ba39ef8-6e2f-4716-ae41-656b81914215,1095.32,2026-05-10 22:20:03.987439+00:00
097868ec-06a7-40e2-9d16-8826f77abe68,209d1400-f1e6-4185-a858-7f6d6d68069d,615.25,2026-05-18 15:15:56.328596+00:00
5f2412fa-ec73-46e8-83f6-355302803272,21a6ee77-4729-4f00-8cb2-9646e52b9220,4594.44,2026-03-19 04:37:13.007688+00:00
048bb4d0-90ff-4639-b0be-30d5177622a1,b87f510e-4edb-4e68-8ef2-449ab237d4fe,2979.54,2026-03-24 15:28:30.934445+00:00
3803c512-a267-4ea6-a93a-f4bc552564fc,5ba22ff9-6543-42d9-b433-7ff57c158c12,1588.12,2026-04-17 03:39:36.009883+00:00
710442fb-0965-4718-99c8-251bdae36ceb,62b87fcd-d67a-48fb-b327-f927a19e645a,1617.19,2026-05-18 15:21:32.312862+00:00
088bf9f7-a23d-47f5-b218-698daef2cff6,796c9232-c9b5-41b9-a5b9-7662ed50ea93,3614.53,2026-05-28 18:08:45.799733+00:00
6143c55d-68df-46fb-801a-db30b556167f,cbaf732f-78c4-4319-b50b-6a495a4f33d7,592.02,2026-05-16 02:07:07.507931+00:00
9e29d4fb-adbf-4863-b25a-ae4b6d8e5579,153019f8-188f-4f01-85d8-afaf23627741,346.92,2026-05-23 17:24:00.965585+00:00
0c61a4bf-24d9-4ec1-9f37-271bf0279781,3f1f9ffd-8f74-4a4a-a0d2-66311c75be8f,2822.32,2026-05-28 13:31:12.080235+00:00
c3414a9a-6197-42bd-b5be-700067cb7cc5,4540d6bc-717d-4c80-baee-aa224e31f3b8,1897.57,2026-05-30 14:05:33.674081+00:00
732e2bd2-0dad-4fe4-a386-103a3d1a2665,1eb0fdb9-9f2c-491c-8887-a4a9b596c730,1426.84,2026-05-31 01:05:19.942982+00:00
f02ad23b-8d7a-4b41-9a50-6c3a57ba20b1,33e9bf2a-77ac-4fdf-b67f-aa258544a77b,1192.83,2026-05-31 10:59:02.630051+00:00
6a14727f-8cc1-4e76-915e-675b56b0bfa6,047bb3c9-a484-414b-8c1f-a9544d914332,674.07,2026-05-04 05:31:39.539388+00:00
a862ca99-787e-437d-9e50-af128e7db01e,ce3d9e48-e1f1-44f8-8111-fcbd73c1948c,5109.83,2026-05-07 05:26:04.973164+00:00
dc4371d5-c155-4c56-a9a0-597e6663bf15,631c573d-59c2-4e8f-98b8-ee80c78a8d8f,3372.53,2026-05-10 08:59:42.788817+00:00
ea439d04-8f99-46b8-98ed-a89ce4280df6,328be60f-6b62-4e42-a883-b94e55a97349,1614.87,2026-05-19 11:30:24.680729+00:00
991af96d-e322-4f7c-b64d-bc89be29ada2,71146a5d-f6e9-4561-9a3c-c15001f71b8a,1436.82,2026-05-29 20:59:17.856438+00:00
54112e1a-369e-4fc2-9f5b-8746208f6b6b,6443a01c-50f0-45f1-8da3-f228801d7f4d,1232.22,2026-05-30 22:32:30.577052+00:00
696d06a4-a693-426e-b7e8-b57b7977e789,96e7c1e1-f198-4e2b-ad04-0cddb73361c6,1075.76,2026-05-31 03:21:18.739473+00:00
45c5dccf-829b-47b1-9bf1-82c2c738d7c2,6651deb7-9cf4-4e05-adc8-7a36827fcec3,813.19,2026-05-31 22:11:13.358291+00:00
78c481dd-1caa-4983-9275-28c6c727e7a2,02747083-c0b5-416d-823f-be822e4aa175,879.83,2026-03-20 13:47:43.453331+00:00
43b7bb51-590e-4645-8a87-5ce11e669935,feaa6659-b3af-4089-adbb-a04d2acfa520,449.1,2026-04-18 06:14:39.296570+00:00
19a6fbde-9c02-4547-a554-9e9d23f9ce8e,164ca360-1ea5-4aaf-91a6-dc46e0876d78,1669.95,2026-03-28 20:06:24.560529+00:00
f1d0de11-fc04-4b90-90a9-cfd9f545de95,80654c5c-ac9b-4d01-8bef-feb529b2dd63,10.0,2026-05-07 10:14:10.146919+00:00
f87fe32c-1cde-46d8-98e6-e7dd734d3078,f3db1c72-996c-4c5b-afc3-caf6085ed9a8,340.28,2026-04-27 17:05:02.062518+00:00
d8826a6c-b47e-4b19-a49e-4399c5455018,8b9247a6-6012-4903-a838-21b5291201fe,368.56,2026-05-01 06:45:05.239157+00:00
ea36adab-97ee-4fba-84b5-38de2cf0beb6,6cbb0481-8ce6-44cd-b10c-99c292400a53,410.66,2026-05-18 02:18:33.201963+00:00
6afe0875-a36a-4425-a0c9-6496e6b52109,aed6bf43-9a2a-407b-8685-85e12e621442,345.72,2026-05-27 05:43:47.642175+00:00
010519fe-9a41-47d4-885e-3bae078ffebb,06503f8d-03d1-4044-97fc-b5674da3ecc1,608.87,2026-05-29 14:09:28.568897+00:00
ab5fc6a3-2418-4aac-94dd-98dee7c7eb84,c66f3efb-fcb1-43ff-bdb7-a435af9a3dbd,745.86,2026-03-04 21:34:29.060379+00:00
0a29669e-2795-47c4-9f63-93234bc4688e,cec4d76c-54e9-4c4b-95f7-214c766c3f63,1091.68,2026-03-11 01:40:18.282527+00:00
8681ce2b-59d0-442b-8c74-ba1e201fdaa6,71cc0c4d-1250-4c20-a856-1533e8960087,1244.32,2026-03-19 02:28:37.610223+00:00
db04f0f7-adb9-4237-87bd-8d50fd89182a,88b295b4-b301-4e2e-a53e-c88e06701592,417.62,2026-03-22 11:44:14.496646+00:00
c595896e-0eac-4545-b5da-6fbb05135547,17b00cbf-addb-4876-9be5-ea8dad3e7af7,1372.95,2026-04-26 23:44:47.064224+00:00
4f345885-5b24-4480-baa0-cee5a413c7fb,083f45e2-bbd1-4df3-bcab-0cc5bdfdc152,1104.63,2026-05-01 14:09:18.817870+00:00
2ac146f5-e73c-4394-8acb-b87507a34a74,98a7aafc-3715-4c26-bf7d-4c25f7ce2393,580.2,2026-05-25 02:52:01.386743+00:00
794fecda-e323-4d63-b942-61ec29044449,96f105cd-1cc2-4499-a4e5-2b9ff971da52,963.76,2026-05-26 05:08:14.752672+00:00
aeb1a8b7-65f4-444a-ba8a-2f40dc9bf57b,d4e506d2-916d-489b-a420-5d1471448b23,3478.72,2026-05-22 16:48:18.359212+00:00
70054b02-f5cd-4095-a021-6dac889de1fc,bf3f2d7c-8efb-4b91-9777-173201a78197,2865.29,2026-05-22 21:28:04.010485+00:00
55cbbc15-2870-46e3-b572-f27533a3f3e0,6ef34d5b-e109-4826-8d2f-04d78cd90510,2500.97,2026-05-23 02:58:47.342514+00:00
21ceba75-29c8-4c8c-b348-c26f5c2342b1,f2bc751f-f5e3-490c-a3cd-405c5c582cb5,4285.55,2026-05-23 02:17:13.691725+00:00
1cfc9857-ffa8-474d-852e-75c29b37ac11,38347d8f-6800-4fee-ad96-520ef57e51a4,2175.56,2026-05-28 17:27:00.273444+00:00
214b83b8-1ca3-4ed0-9755-f27b1269dd10,7256c1a8-d735-45e3-9473-5a260f2e181b,1969.8,2026-05-28 18:18:39.080600+00:00
a20a00c7-332b-4c71-9ba1-cd1ed8ece31d,7902ed57-b807-4e9f-bbe6-6dd1ad4bb1a2,1421.93,2026-05-28 22:08:54.706478+00:00
3996c06c-b7f8-4d2d-9ade-d53614050bde,6db3d893-07a1-417e-aacd-64cd6a594e72,10.0,2026-05-28 22:30:59.594042+00:00
89ba7cdd-0d4c-421c-b50f-f201a4069c8d,adf04bd8-a5a9-47ea-8334-e2c3e767ad08,1112.82,2026-05-30 23:46:06.648675+00:00
45947497-170a-4745-9670-5a076d622e79,4d4d046e-4abd-4f02-a694-b2bcad50615b,703.88,2026-05-31 20:47:18.760506+00:00
4adfd54c-a9ea-42f8-adf0-1f9bd82019a9,a105824f-d8d5-4007-8769-c02449d906ab,265.77,2026-04-30 19:28:13.324777+00:00
7906753d-933b-42c8-b5b0-087bed35c021,29df7fe3-a16f-4cf6-a8b7-87d6ae8d48c2,2778.07,2026-05-15 21:10:31.052959+00:00
2f80eeda-cccc-4e88-aacc-a6686dd67cd2,da72d0ad-2f33-4e45-92e0-87f5d582d2cd,1820.96,2026-05-17 14:30:34.550524+00:00
5b1f0568-f097-4a3d-a184-c35b9d08fbea,75642c08-fccb-4659-8dce-e6d81b1018f1,3095.34,2026-05-22 15:14:06.525242+00:00
1c97961a-0e2b-489a-a8d8-b66cde65c4fb,ed3959b3-1ad1-4950-9bd3-3bb07da32d04,1532.77,2026-05-27 20:27:57.576006+00:00
7a71c30a-3d45-48d6-8816-82d25d7b54da,bfe3a351-5b82-4331-84b7-01661cc4a317,3385.6,2026-05-29 04:01:55.971500+00:00
5e2dff43-3fea-4705-a533-0cfb8910e0ca,cf876710-f3fa-42fb-8494-80e5ce950204,2748.01,2026-05-27 20:21:49.399551+00:00
be105780-547c-4339-b4d7-218a4551ac88,144e6854-26f5-471f-af24-d56ab9d1c6d3,3016.61,2026-05-30 12:15:38.676512+00:00
ccb05f7c-fda9-4a4f-8c06-932bb6d6a8f3,7ce647f5-94d7-47e8-b313-38306ce98c97,4121.43,2026-04-03 12:52:06.961442+00:00
680cd302-b77b-4945-b032-276aa41d8007,d262b9c0-a7bd-4e79-a6fa-6e1e8b353f6e,3087.65,2026-04-20 04:10:59.480703+00:00
d9e93677-e614-48ab-926f-65c7a03fb232,164136d2-67a4-40dc-b131-e4c9617edc6d,617.48,2026-04-30 19:12:44.592490+00:00
08639386-784e-4deb-b120-2a3ce595aa93,5e0bdea5-d76d-44ee-a4a5-12159c789d06,1476.79,2026-05-10 02:02:38.080659+00:00
90e601d3-835c-4bae-a8cf-11be2b3c7773,20d20fd4-d0b9-4743-aaf7-92f79194461c,86.28,2026-05-18 16:56:25.577883+00:00
ad5737ed-be4b-4bd0-8760-1039edebd29b,f07a26f5-6e32-4c23-8569-d5a2253a215f,2071.5,2026-05-06 09:44:10.895912+00:00
3bc41bd9-25b8-4275-985f-697657cb8a9a,aa7b657b-7754-4c46-80f7-a3c94378c318,522.24,2026-05-23 00:10:47.531280+00:00
02466c1d-9463-42ab-bbb3-3a2618cecfba,3e909b09-e09f-4274-8191-d46f293f6bf0,1145.56,2026-05-25 03:05:56.221125+00:00
eef4c95a-4f80-48a2-aafd-7efcc67a9d75,5c03107c-3286-4c1b-b321-64171222cf49,851.36,2026-05-12 10:00:43.106881+00:00
d5becf3b-12e4-4312-bfd1-1f841482727d,0bf4042e-a630-497e-b551-3afd1ac6251c,986.88,2026-05-17 15:23:50.730682+00:00
33ccb880-22c1-4bec-bcbf-d581de261e4d,237f945d-d51f-4c6f-8172-f6d38e62448c,1006.2,2026-05-18 07:33:06.835368+00:00
2844fd49-80e8-4862-a04c-9a2224d548a3,21fdff6a-c411-4dad-a0b0-a395bd32cc01,1240.31,2026-05-26 09:05:34.549409+00:00
75f82e93-a01c-4757-b550-a8b8d6a8c975,d859ae1e-2a13-46b0-8d23-58b42826a71f,785.06,2026-05-27 04:33:46.248975+00:00
f42c3c4d-e977-4376-ab66-fac8a816a741,7af8d67b-52dd-49f6-80d4-8b38c267c31b,976.54,2026-05-31 17:17:39.381844+00:00
eb744b81-cf3f-426d-b13b-805b745fcacd,6d306b4b-1cf0-45d0-a106-31799001fc2a,102.17,2026-04-20 11:11:25.919372+00:00
0b90ec56-6e9f-41b5-9986-31730a32ff32,51020915-a0dd-4f97-bb2d-da9bd0151306,283.56,2026-04-20 14:19:16.657877+00:00
16932ee0-bbdd-4bcc-ad61-a63b4b0248b1,b1291a8f-59a6-4f42-b3c2-8eba90e085a6,360.71,2026-05-03 01:40:19.482233+00:00
f28d1905-a09d-48a9-b228-9f00f72d5db1,6ee2c0fd-d8fa-4954-91e9-abb3183c7d10,209.63,2026-05-26 18:51:20.229874+00:00
7526fc0d-1940-4568-92a0-8a14fc57e895,5dd20aa3-be27-4ceb-86c7-f546e4709ec8,1145.68,2026-04-29 05:28:06.758799+00:00
287d2a8e-c257-49de-861b-589063d2e520,6d2fcc5e-c6d6-4084-9ab3-858e5f3c9b56,4260.66,2026-05-02 16:22:23.107006+00:00
8867f1d0-c0c9-41e9-a9f8-0b0e2cc529f7,c881808b-d2fc-43a0-922a-dcc092e41be1,3193.08,2026-05-05 05:31:17.296151+00:00
e5df148e-5ee8-479a-8ca6-0350e1159dad,d62f5d90-1eec-4fb3-9d4f-e2c4bb44a9cf,3602.25,2026-05-10 03:12:58.920840+00:00
90d6f1d8-de82-4e63-be9c-401aa891c366,d6bbb4e7-12ef-47a7-8f4b-39bf049cc584,2328.17,2026-05-19 12:41:48.495028+00:00
cc8f463b-acfe-4a4a-b380-d6dea3654839,83e4094b-70c9-4c0d-bb55-2872f8dbe50d,3952.44,2026-05-26 03:38:38.830237+00:00
3f06df1b-839e-483c-a604-71a74949c2cc,e71cc2e8-88d4-41b4-bd28-50082cc9feab,6864.87,2026-05-04 01:32:13.329638+00:00
23d3109f-5b96-4f88-8c42-43ffbd5fd391,77fd3da1-1b6c-46b5-add6-5495bb1d9114,2258.65,2026-05-20 09:14:59.967575+00:00
d98c5b46-1d42-481d-9d4a-fce700c571b7,ebcf4c25-0ac8-41b8-bfdc-aacbb2c10324,1857.35,2026-05-24 04:40:31.944324+00:00
e9861c8e-06e6-4dfc-a733-3352a5726ee3,7e219c11-1ae1-48ee-8714-e1f530608d40,10.0,2026-05-06 06:09:36.601241+00:00
8ed37ba2-750c-49c0-b1ee-bb90be8cf406,193f7cb8-4d82-4d78-9ae2-892adb691a70,2641.03,2026-05-21 23:41:32.038171+00:00
b8e5f958-d30c-41e2-bc14-f99aad58af87,54d2f947-e09e-45d0-9c6e-531524e5705e,1369.18,2026-03-14 14:58:14.486906+00:00
27325d85-b365-497b-a8ef-2a15189aa088,fabcf5d8-b5e5-48af-832b-7073c5ba305d,1563.26,2026-04-12 08:27:37.967154+00:00
69db7fcb-2043-461a-b57d-29d7ad8852c9,89369a25-3820-4408-9dce-caa049945fef,863.05,2026-04-30 09:21:31.583809+00:00
54d3ac63-3855-4a20-9f2a-2e96c9e74e77,41b1aff6-c864-40d6-81ed-fe18fe84f0e4,651.84,2026-05-10 03:38:21.407134+00:00
9d4ea537-91d1-41d1-9fc9-f35fb614993f,d2e24a27-5fd2-43e8-8dc3-33feff0570f2,691.61,2026-05-10 22:27:25.452708+00:00
157bf35f-cda8-470c-a7b8-36196cc0b4fc,768186ca-11cb-4556-99fe-8ca4b1a633e9,1524.53,2026-05-30 03:53:32.822306+00:00
e4dc3df8-e657-49c2-ab20-ee877b0aa5fc,804d880f-4364-4a96-b9db-34485f5963fd,4089.63,2026-03-16 02:30:38.146004+00:00
950cd083-efee-41a0-a47e-affd39db346c,a3a7b030-ffcb-4ec4-af0d-2ef3b632ca29,914.69,2026-04-04 06:42:52.649337+00:00
8235891b-43ea-4b3d-ac14-06cfddb2e65e,92e93379-2730-43d0-a479-9a5879729465,3354.6,2026-04-23 21:42:26.794671+00:00
ec76f9e0-c726-4d55-bf4b-89c130ce581c,ab79b66b-3c16-4031-b5b2-e251f9f6f116,3884.03,2026-05-01 18:56:51.827653+00:00
c0da4fb6-0a44-4c88-a105-c61dda3aee92,7229ae38-b3bc-4a33-942a-9126415d7a5f,4446.57,2026-05-17 00:42:43.215884+00:00
ae1d8680-995e-4a6e-a90e-df31d8df0d0a,b4193a7d-d73f-4d47-a73b-b67bf1d14ea1,3259.02,2026-05-25 16:21:19.468422+00:00
e7f76d2d-8015-4673-ac23-43c398c63637,a47837e7-d9ec-4eb7-a7e2-9e3cadd8a7d5,1975.62,2026-03-30 01:21:08.195981+00:00
bfe2bf00-0c3f-415c-ac06-16c348cb266b,cbac799d-6aa9-4a9c-ae65-5acd043fe277,2374.15,2026-04-04 08:16:02.206136+00:00
5820b4f2-498d-43c9-b156-8cfcf2a1b3c9,9a1c4cd3-115e-4b64-a274-6cfd1aec94c6,10.0,2026-05-09 18:47:11.733240+00:00
7729c987-fe98-44cf-986d-8ef85aa29ab9,5eacf2a2-3507-4b68-a35c-1436c081b1d5,3202.47,2026-05-11 14:35:16.349833+00:00
fe9b4b25-6111-44b6-861e-f5a048cde7f6,b8c73239-11e9-421a-938d-c363cb6f73d4,1730.12,2026-05-19 10:01:47.460125+00:00
0c438c3d-9f7d-4dd4-84ca-e5985a3c7a3e,747d143a-f704-456f-922b-2b6712831326,286.74,2026-04-02 03:21:33.270494+00:00
c5e795f6-5740-4eaa-b806-3b56c6f05dba,1aab8c81-04ae-4f3a-b2c4-8d055c005923,2348.21,2026-04-21 22:52:23.115514+00:00
cf96c226-4c99-4a44-93a4-21877c0ff4ed,6fc998b7-85e6-4e33-9011-e4e369e6550e,3264.95,2026-05-04 06:33:20.919600+00:00
eb455de6-4186-4346-a8c5-a18e18645797,7ed174b4-ccf6-4956-ba09-1c26c3cb73f8,5687.61,2026-05-20 19:03:34.088515+00:00
910c5780-9eea-45b0-ba22-23dec7f85b72,90685cbe-5e38-4a47-bc06-1146f980581e,3942.13,2026-05-27 15:44:17.696628+00:00
d2788d18-906d-4cef-b7a6-f81cac7aee6c,f72927f5-5184-444b-93de-8a423177d189,2736.3,2026-05-31 09:30:39.166965+00:00
7030fa8e-fc2c-4ed9-a73a-ddf617f03763,7286386c-5b6c-4f35-b946-d770ae7cc74c,1760.85,2026-04-14 09:16:11.284168+00:00
eab01eb5-b7a3-48ed-a244-744f219bd60d,b6c9f323-0d9d-454b-8846-7f9b9ea54116,7630.77,2026-04-22 03:43:34.263350+00:00
6c5134f0-cc98-4840-b72c-87caec2b1e48,99f91768-824c-44a1-a664-feb15cffb8e2,3955.44,2026-04-22 14:20:50.052801+00:00
c9800f6c-4ea4-47c0-9574-b07d320bd07a,f4f9e33d-4337-4fc1-b669-96400727c045,1933.54,2026-05-14 15:29:17.345572+00:00
6d23765a-f338-46ae-9f16-6b86f63ec833,21aac075-8285-43c9-8ce7-f22cf29a321e,2260.31,2026-04-15 16:22:15.134367+00:00
dffd040c-c100-4c58-8e36-2f6ecb2d415c,b0be068b-0f72-4b4f-8c4a-2cc9dcd8000f,711.37,2026-04-18 07:56:31.432177+00:00
1eb14584-cfea-4dc3-8fda-a46d1fa812be,3b781e91-469a-4ea2-b4cc-6a13e51df695,3432.0,2026-05-25 01:07:47.671996+00:00
755e9344-46dd-42af-9d4f-b6e14f15f7d8,688b8095-bb94-4dbf-96d6-b721aa36815d,1967.38,2026-04-12 05:42:38.097088+00:00
3bf931c0-5113-4d69-869d-4e59208b3bac,b8c8c67a-1a88-4a61-beb0-cefa5799387b,5418.73,2026-04-16 12:14:35.348086+00:00
26d518f8-3de1-4a95-ade6-21a28f6e827f,48a634b8-059d-483d-a2be-5569872a96af,4668.45,2026-04-23 20:13:11.518191+00:00
630c0f91-7f40-48af-82ce-d1b1feba6dd8,8120f945-156f-4ee4-8661-87c7f88a004f,3725.01,2026-05-11 16:02:15.197835+00:00
6ccf4180-cec2-40f4-a025-b22658af9e7c,6d0e1d18-8804-4308-aa2c-8627473fd4c5,1051.3,2026-04-28 05:20:39.288311+00:00
3de541db-0bd1-4542-ab3f-eddd46f4dc7a,05f5cdc1-3b9e-4772-80ff-a378ccdcad31,1038.77,2026-05-24 13:20:52.361403+00:00
6fe43e34-21b0-4fd2-a48b-69c288fb5281,e4281013-b70f-47d8-aa3e-7abf60d2bea3,335.83,2026-05-31 10:08:18.128414+00:00
4d8370ce-e158-4157-a1db-677d4f4079c3,2b096574-a352-4719-b019-fbb1414acf71,353.93,2026-04-23 17:38:10.775156+00:00
98f75fb6-e54f-45b7-bf88-0c7926efa0ad,4c7362ad-3cba-49e9-b52a-8e1ac84d1b67,135.35,2026-04-27 00:04:07.104199+00:00
40d6ea02-a77b-4883-9a5d-d087f6cf89f7,b3d48b48-edb1-491d-a6c1-c920ca6252c2,3145.85,2026-05-15 05:07:18.500700+00:00
281c2fcc-d4df-4f66-b72e-7ba8ae361d89,896c1edc-4db3-4247-bcbf-b35b56db80f5,1378.19,2026-05-19 10:47:03.201750+00:00
56b2c083-830b-4075-9998-1d8127911fd9,8ee39a17-58c5-48e9-ad69-fd202caafa10,2149.75,2026-05-19 20:57:37.988978+00:00
9b3d7771-209e-469b-b76e-4037532503bb,3e60d709-34ce-48aa-aee3-6a4b3a9737fc,2246.95,2026-05-20 14:11:50.831188+00:00
9675421a-89c5-448f-84e3-65a9df10a05c,e419b328-fc2f-4788-b1b1-40689081e29d,2327.57,2026-05-26 13:12:28.572615+00:00
6994075b-bba4-4648-8e93-a16e4d5f1460,b49cf876-3644-4a1a-a256-bf10bac26d3a,3138.44,2026-05-27 07:52:40.277804+00:00
00c21852-473b-4503-b04c-71a450868c5b,1176df91-f4ad-4b78-8ac5-3f19c228948b,656.08,2026-05-26 05:55:10.474313+00:00
7e2ca453-f4dd-4eba-aa6f-7687e99467da,97fe1a91-a1d0-4442-b973-e87242dc3ed6,1107.84,2026-05-26 13:26:40.098940+00:00
92dfdb27-01c3-4c14-ac1f-28e42bb1b603,b359fd24-8170-4b7e-8ad1-ec357a555a34,620.93,2026-05-27 09:53:17.095406+00:00
4a114bb1-e234-4b4c-8ce4-47e29f2376d8,ed141501-a469-4f74-8bae-8606d7a80ae4,199.07,2026-05-27 18:04:53.567961+00:00
42730c52-bfff-4b7a-95df-edb50bb12fee,3c7a4578-bb45-4144-80e7-a566cba3c8d2,777.52,2026-05-28 19:50:43.188123+00:00
8dadcb5d-474f-42e7-ba06-0e210d7b9bff,b13edbb7-d8c4-44d1-a379-90144bc712dd,1207.48,2026-05-29 21:11:02.627231+00:00
56033ba6-099f-45df-9350-b44b42d59a18,bbd8c469-8fcd-4f9d-a88b-a6735b5cd281,4992.09,2026-04-06 06:31:36.689721+00:00
6fcb1e96-f4d3-438b-9b7e-71c02d17cc87,8fce295d-f15f-4fd4-a103-d5c6dde4aa0b,1585.28,2026-04-08 03:27:34.978352+00:00
253d58bc-fb0f-413c-ab17-672c2b4c1d46,da0b9f06-adc8-413a-b7ca-af20d4710082,2505.2,2026-04-13 21:53:37.997721+00:00
803ec62f-6cd6-4be1-9609-b65cace8c860,1912ff53-63ac-4911-bcbb-843f620326cd,2547.08,2026-05-22 06:00:38.320354+00:00
254f0965-5ce8-41a4-813d-1aae07e782d5,655298e6-a1e6-4369-9fa5-385c55e21d56,227.2,2026-04-04 01:33:46.901078+00:00
05c8541e-e00c-4492-9823-29fdf02cea57,44806a82-2aa6-4f4c-8318-877e20d283a7,186.35,2026-04-18 08:14:50.139311+00:00
697aec04-5c96-40b9-8838-239f4ad12213,eca2d3a8-1e69-4a12-8cd0-f77c548b57c4,292.22,2026-05-02 21:13:16.879187+00:00
68baeaf4-4d00-4b9c-ad46-5b0e4b06f5e1,c99e95a0-2544-4117-aa60-a8e5248478e8,241.61,2026-05-22 16:33:59.279300+00:00
f28608c2-93d8-4778-b262-39e8d45431ea,7b2add46-47bf-423a-895f-b32de3123026,1504.21,2026-03-19 11:47:44.350640+00:00
4fb94dd7-e8a5-4bec-ae90-2eb862eaae2b,24cc21ed-20ff-4ace-af57-996dd5e227e7,1675.36,2026-03-26 22:42:17.118423+00:00
578c94a5-4375-4f2b-99ff-a169878dd48c,ab061aea-4935-4c00-ae39-81a22b8544e4,2120.02,2026-04-06 21:33:15.990684+00:00
17554bea-6d34-4c20-8044-8309890fcd6f,7b6d95a3-44b6-4b46-8b43-97baac67bb1c,2752.85,2026-04-19 19:27:13.201948+00:00
af3adb9d-5104-4372-ab23-1c7213a5548b,c5b2eb66-a455-4476-8a5d-d2915828a4f7,612.58,2026-04-27 19:42:04.746336+00:00
f4b28df0-a183-4b0c-8345-7b27ed5af0f7,722bf7d2-4843-403c-8647-3c7c1ac0e818,10.0,2026-05-19 23:18:47.869242+00:00
5c7dd1d9-b5c5-4be8-a8ef-4920a6839dd8,e956dff7-9cea-492a-805e-24c2f9952a70,6775.41,2026-05-11 12:59:34.618910+00:00
8ae60b89-637d-4fe0-a574-bad8cc06c5c2,57271bc6-bf7d-4c13-868e-2654801e17d5,483.31,2026-03-19 00:21:20.911752+00:00
9274935a-1ef3-40a1-b55b-ed270a168aef,472b3296-76d5-481c-bb3b-b3e1234d48d5,268.81,2026-03-25 11:19:38.544492+00:00
fe6c82bc-e450-4646-ab32-1d57abf123e6,3c678f5d-648c-4917-95ea-c3de7e652f3d,433.22,2026-03-31 18:26:53.749267+00:00
bb6e0268-d80f-4e87-9e04-9a821d88203e,e711a5e2-59e3-4148-af98-5148fc7eb6e2,255.67,2026-04-11 19:56:21.408014+00:00
7e741861-7db7-4971-9935-9f90055aeb15,7888e3bb-b63a-464b-abda-5d962f8a58a2,1054.42,2026-04-08 20:14:08.604776+00:00
6e79be2e-6309-4917-8555-799859b638cc,cebe28d1-2d67-4fc2-8f7c-5240f5162a06,866.03,2026-04-12 21:35:26.718726+00:00
47c1c9a7-f021-4402-8b8f-14a3d30cd03e,96d9ba8e-2c98-43cd-9598-caa02503261a,1514.85,2026-04-23 06:36:58.177259+00:00
513ad53a-82d3-467d-9e51-03eab99aeff0,5006e70a-c770-456b-af88-2be5a5c51d42,1932.37,2026-05-02 03:36:09.395465+00:00
995f6aee-481f-4332-85a3-50329c61565b,9007542b-e8b5-4982-adc1-1c16b7c4c0d7,990.52,2026-05-29 05:56:24.840891+00:00
2136e43a-8094-4a6c-98a9-ccf5af6cfaa0,5d4025ed-5706-4e58-a3f0-d5cd4e984251,1905.79,2026-05-16 09:30:11.065685+00:00
07428145-4887-4e94-bf51-ca019cc480b7,5e5a6ce9-6d8f-48a8-ae8f-2b2ca74ef349,1659.31,2026-05-24 05:19:25.778664+00:00
9c735a32-8048-4b79-b515-22d149258e8a,434c1232-af77-4136-8f3e-a5e02899913e,5121.49,2026-05-27 07:30:26.734189+00:00
07373c53-afa2-4cdb-a43c-fe9a39d15a9e,4cd1d958-3c49-48fc-bf29-dde458cfba93,3050.91,2026-04-26 01:24:49.424192+00:00
ca03b880-f3ca-4d60-93b9-ebed3a3d6634,b4ab7bfd-3e1c-43fc-a6f6-a62be34dbc5e,2022.15,2026-05-06 20:53:41.951786+00:00
a5fa385c-b85d-4818-bbb8-0140d6dd1264,2eb43504-b4c3-4a1d-aa1c-2e54e33efa6d,3551.55,2026-05-08 12:45:19.235071+00:00
7c29e2ce-5bcd-4624-b04a-43aa856b1fa0,f553d366-aac1-4437-b783-4536e6d1317e,2604.84,2026-05-18 02:41:51.643492+00:00
469223c7-4975-445d-9ce6-c190a24917f6,d80e52e5-8d5f-4598-b33c-920c7d7cebd9,3796.23,2026-05-23 18:48:08.240190+00:00
dd3235ac-36e0-4dcc-9b20-33952eb8b308,afabb571-6054-4975-920c-dc64c9175e2f,2351.52,2026-05-30 11:27:15.828279+00:00
500c689c-2270-4e4e-9e3a-5e16a4cb19c1,9fc64d9e-34d9-4e88-b118-47381bc88686,2310.21,2026-05-31 09:12:26.953463+00:00
5301a604-a11f-433c-8f1d-449f2d59f71e,c682580d-66b3-461f-add3-c46dc7b7883e,3221.03,2026-05-31 16:09:58.413333+00:00
ff01b049-0898-4c4b-bedd-51d0df1692dc,7dd767ba-ef4f-4b26-9a68-02a4285212f2,2944.46,2026-04-06 05:51:24.974578+00:00
95843a47-8305-4579-a286-b80352b2f46d,e24f0f5c-25fe-458e-ae1f-e8ed98d02527,6950.76,2026-04-08 16:33:50.125012+00:00
965b2e3e-0f28-4c05-ab72-40b5d362954d,8c258fe6-baf1-4f28-82bc-6873b752035b,1628.19,2026-05-04 12:28:54.510823+00:00
cb2dddfc-cd97-434f-8864-f0d45373b31d,eeb89269-5815-4d7d-8059-6cbff3715081,2463.18,2026-04-13 19:06:10.191413+00:00
be1c6048-0ac2-40f8-81df-ba2df99378ba,81e06928-0a2e-428b-8aa6-b434c73cf6f7,1879.83,2026-04-15 06:33:32.682155+00:00
0e26461b-8957-4a86-9044-a78c1d2265fe,895a7b9f-2199-4837-abbe-75ae34c1ffc4,2413.36,2026-04-27 23:27:28.828460+00:00
9ee2e648-8f50-480d-9994-a7761a9a9167,c0c0b930-ac3d-40ce-9b59-c04f70e7937a,1160.3,2026-05-11 05:32:18.053404+00:00
b6b13545-eb40-448e-9089-4c4f75120e55,da3aa5f8-c96f-494f-8e4c-96fe98f023d6,2510.9,2026-05-19 19:32:34.135594+00:00
ae2ae6be-0af3-41b4-84f6-ed4428240c37,2a7ced07-5830-45b1-8545-74276228276a,6169.67,2026-05-16 16:58:57.022303+00:00
3be089df-1ab5-416d-9c50-d23afb2a537b,6a6032f5-bbf3-4ff7-8bb0-c8ff33613bbd,4837.29,2026-05-30 06:50:20.750261+00:00
06f39772-6649-4cc7-be0f-2bd15f1a9b5b,0d8861fc-2e23-40c6-92b9-b893185446a7,3939.51,2026-05-31 18:12:46.661853+00:00
8cc51f48-0bb1-4003-93b7-c90cf728f6f6,884587e1-752c-4225-9c31-17c4b7a29c71,4309.89,2026-05-30 22:09:04.987331+00:00
424a2259-3d85-4524-a99a-1b4fa4d0429d,13032857-77dd-4025-8ee6-f7098e5ed696,1788.69,2026-05-31 13:30:05.422340+00:00
d30f904f-b9fd-48a7-b812-538f4c9c02d4,177fd6eb-3367-48dc-8b6e-40e15e803e72,2944.1,2026-05-31 17:59:13.402483+00:00
3c1a755d-9234-4481-8ca3-1c582d2f95a9,bc82587b-e19d-48f7-8378-b7b7a381fca4,2160.19,2026-05-15 22:44:15.967643+00:00
c10887a5-fd6d-40ac-8717-ccf7232f3256,aba8ba30-6e30-427a-9dd4-ef62bd595c73,195.71,2026-04-21 09:55:26.592547+00:00
b16b1911-7108-4f33-af09-9006e47c2576,068a22be-4dbb-4a94-9334-60ab2622b1d1,531.59,2026-05-11 21:53:21.078842+00:00
49eb55f1-3610-42f3-be6c-267a06f6a370,1372ca03-a6a3-4c52-8e7f-0ebdcf76fd07,606.81,2026-05-17 20:56:51.120626+00:00
8f7890bb-b019-4b4a-b182-47428ce97c85,5e11ba50-2280-4d55-a37b-afa646506f3f,579.7,2026-05-24 13:47:06.398315+00:00
c77027d3-bc78-4cae-a7ea-42cb9f3b12ba,50b7d035-77a9-47c0-b53b-727521f2b791,1187.58,2026-04-29 05:17:16.551826+00:00
0b9a91dc-d0b5-4150-98eb-6fe1ad4f9e1b,646e6941-fd9b-4095-9bd3-8320b569b238,471.71,2026-05-01 01:16:58.570152+00:00
e96bcf85-5dc1-45d2-9784-809f2ed56263,c2bf8c57-65a6-4052-acb7-d87b05a708f4,1881.78,2026-05-16 07:29:05.363615+00:00
311c62d7-e499-4cba-87c5-9a005b82a2d7,39420733-5592-4657-8aed-7897f49b9296,1905.02,2026-05-20 18:19:43.053502+00:00
81bc64cd-ced3-4ffc-b435-fd63906713e0,25a34f46-0bca-4aad-a9ae-88afcb1864e0,2179.84,2026-05-18 05:40:25.281534+00:00
394bb90e-50ad-4bb9-aedb-846b2c383497,5fb9af0c-95d9-4b58-a219-451e7685f54a,2024.86,2026-05-25 22:49:10.022594+00:00
171c456e-1ed9-419a-8df5-4e9c3b88061c,f08f9b67-f6c9-445d-b1e7-8a842d02bad0,2340.75,2026-05-27 21:50:15.106248+00:00
d19fce38-83a8-4467-aee4-39a13d6b7a0c,1a559485-8d16-4b0c-a5fb-dc219f721edc,1700.45,2026-05-28 01:18:08.777411+00:00
0798529a-8d75-47df-a17e-9fb200b0aa53,0148fed3-7867-4c20-85bb-6944c284c13f,4678.92,2026-05-29 12:49:06.228284+00:00
eea0c54c-9045-4804-b72e-f98d0b10aa57,3f56cf4e-9ec5-44ba-bcfb-e06a94402ff3,2040.54,2026-06-01 00:32:33.387432+00:00
1d20821d-5254-49a8-b5ba-a6420ce6ef98,a3387e9a-cb0e-40ef-9ec0-38967d964079,1680.42,2026-05-30 20:58:26.614039+00:00
82faa9fa-6157-4388-a84e-2b57eddcc54a,f40013c4-a39b-4a90-94d4-75ed70cbbf77,3041.43,2026-05-31 02:18:18.334059+00:00
0ab8bbcc-ecf5-41fe-98ec-1c5b75fa7467,fc9855f5-8bce-4107-8b84-e1cf1002dd7b,2131.33,2026-05-31 04:52:23.202645+00:00
a1458ad6-88b7-4e3f-a593-2e95dad2e412,87e622c1-1c25-4071-9d08-f2b7a4f55232,3145.52,2026-05-31 09:20:43.321828+00:00
1062ded6-31c2-4c68-add0-bb909cd5908c,7db2b09d-48dd-4f90-8496-c401f26013c3,462.41,2026-05-05 21:30:22.236882+00:00
2f0460c9-ca80-4a0d-80d6-e71aa733dbb0,e216bec3-1a0e-4779-9ba4-91c95c38609e,268.22,2026-05-27 16:36:42.742759+00:00
82845f20-209b-46f1-a66e-c6dcdc497587,bf52b25e-9ca4-438f-a456-824bcea0340d,1617.87,2026-05-12 23:10:16.991019+00:00
029a6045-37a4-43e5-abf7-3f84db454ea4,dcc0cbff-e494-491e-8736-6acf7fd1d94e,514.4,2026-03-25 20:29:39.978230+00:00
58144cb4-983f-4b45-bbba-060c7dd66dc5,532a41f4-fc95-4b13-be4b-c0e9cb65cd9a,588.35,2026-05-06 20:21:05.599002+00:00
acfa3fdd-a50d-42ef-b124-4f0b471da760,b9bb17e1-5f10-43fe-a9b6-7ef01cd0f048,10.0,2026-05-25 15:49:50.442785+00:00
a629af77-0348-476f-822e-57e9ad33dc81,e824dc0e-5a69-4c8c-accc-261b8890502f,344.47,2026-05-27 01:39:49.520651+00:00
6deb3169-f161-4ebf-b4ec-898bbfda30b2,faf0bd55-7c51-4097-bef9-fa51e2f3cb62,2689.07,2026-04-06 06:13:20.977941+00:00
2c4ef9f4-32ca-4d7d-b3c2-3300a707e561,4b1d9f23-3483-49a5-95f1-bd9486fcb032,3340.17,2026-05-09 03:27:19.501185+00:00
f42513a5-2c19-4e57-8a31-7a63b57c4df7,c0da0915-eccd-4f6d-b5c3-a5cb1d2ced03,635.32,2026-05-19 03:07:40.295115+00:00
3632116a-86a4-41a2-8d2a-23e254f256ab,7e0a2ff9-02f3-44d6-93d7-70c1f85f1290,774.45,2026-05-28 22:41:44.915077+00:00
dfb48b98-4cba-4f36-91e8-da31478c1ea0,70df9e68-dd98-4e1b-96d7-4cd202f5e3b8,783.17,2026-04-26 05:49:48.452691+00:00
90f3ade9-acad-4bd5-9943-729351f43a90,df8bb909-7dcb-499c-8a00-5a5b9e6aea14,10.0,2026-05-12 15:32:38.005330+00:00
67084fed-1e4a-407f-916e-454e4145370a,daf3a5e8-4eaa-4d3f-8b26-cd7fb8ad5c9c,413.7,2026-05-12 15:48:29.893017+00:00
55ceee76-251b-466a-860e-4afc81a7c26c,51308e2f-cbab-4afa-820c-de3ade368a3d,10.0,2026-05-17 10:26:08.561648+00:00
e6df12cf-3752-498e-bc7c-8cf9f7208d06,94c36cd7-1b24-4e40-ac04-2e299fd7affb,214.06,2026-05-31 01:07:32.917580+00:00
56f762b0-c524-494a-8c98-133ecfc3fa43,61242266-23c5-4cca-a06b-3eb3ff9a1821,364.48,2026-05-08 23:31:31.099169+00:00
317a6115-fbca-4de5-8bde-2f62af3fd1cf,17340836-b7ed-48fc-83a9-b2cf5908a94c,1160.9,2026-04-22 05:59:22.601836+00:00
74ba1c35-b8f3-4641-b3a7-63a138ca8a0a,3130a4c0-8ffd-4cf0-b393-ba0b85eecf69,921.54,2026-05-18 12:11:07.084515+00:00
837a0ddd-6c0f-4f44-9875-816dbbe722b3,0e72f610-2e5a-4483-8e58-43a7533e6ed4,1020.84,2026-04-28 21:23:46.631380+00:00
eb2f5472-3e69-4adf-bc62-0d2f44294c57,297c19c5-cf8c-4642-94e8-583e6208fe65,3204.95,2026-05-20 14:26:44.082077+00:00
b528f7c5-c502-4e52-b743-ea60a3ecff20,9e0dab3a-f391-47b0-b95b-6c76d8a54e49,4490.95,2026-05-28 23:41:41.568740+00:00
4fec8c0f-d19e-4626-9dc5-ac2842ee49f7,c4789fc0-6140-4d33-a6ea-f4076e3970c2,2479.21,2026-05-29 16:23:05.154450+00:00
6d5eb620-9223-4b03-83f5-795db4afc0fb,663331b9-e219-4cda-9b0f-07ee4f18bcc5,792.27,2026-05-09 11:08:43.686459+00:00
a512c34d-90cf-4741-b224-9bc3f3b01203,cb12959a-da0f-4c07-bf46-fd3357b6f537,1160.96,2026-05-12 21:01:57.291342+00:00
50e779a6-426c-4817-b4ca-ec252c615271,807173d1-c04b-4007-ace3-e1e17ef38f0e,817.64,2026-05-17 23:59:09.635464+00:00
22331349-38ef-4bdd-95cf-bb3488d0ba06,40c445be-e0f5-436b-b1d8-5c757fcf5cad,364.32,2026-05-26 07:17:31.731101+00:00
c270525f-bf47-43ce-9806-e87969c4fae0,23fe12f4-659a-42ac-9ed0-b3725a3644ec,2635.82,2026-03-29 18:17:50.898459+00:00
c51691f7-f209-482a-88e5-b6546a3573e6,73b42180-6fad-4341-9382-dbb4d710e40d,3135.83,2026-05-12 09:34:51.211871+00:00
1ba8719c-ed93-47cc-a3a7-dae734fc04f6,10185bb8-fae9-4902-8e0c-95932d86fc87,1544.66,2026-05-19 09:48:32.211325+00:00
9d289516-7414-4ee4-a1f8-13f32581f521,c6a65fcf-a05c-423d-9079-4d624d12960f,623.76,2026-05-23 10:45:15.517737+00:00
1345ae1c-78a0-408d-922c-b03c1c381430,9859c4e9-17c3-450f-9482-17e6d4e94572,2552.1,2026-05-25 15:20:30.263169+00:00
653b0492-e75f-4722-92e9-c647ff2d2d55,474f5f68-c516-4c0a-9247-2645d608b830,399.06,2026-05-26 12:06:33.745281+00:00
9af2dedb-363d-49e3-b4b8-57c25e346087,a03c1d31-7699-4ea5-bbf7-b3b401be7f4b,2344.77,2026-05-09 02:50:55.731406+00:00
ae07a758-6b78-4b0f-8ce0-1d1dbceead3e,e405a53b-8dfe-48bf-9571-b6700cfd5e4b,470.72,2026-05-20 15:39:18.118058+00:00
c954ec5f-16a9-4f2e-9809-cddac104eeaa,73c4cc7e-5dc4-412c-8e0a-2617bf7f7a42,4141.61,2026-05-24 22:21:12.349105+00:00
2e2f9fdd-3f07-4882-a335-193beadf7409,37d4cd4a-d5bc-4c84-bbba-d17ffc6c7c4c,4101.41,2026-05-31 02:30:22.200205+00:00
6d160eb7-3058-4635-8ecd-b21d6c82bb87,1927b548-f4e9-4ed2-ab35-8220056a1a45,1338.06,2026-03-20 14:59:21.693831+00:00
c6f4749c-2c82-4b3d-91ec-1ad5056dc203,c4c00475-7066-460e-9846-af55e61771d3,568.02,2026-04-10 11:03:20.211450+00:00
ce4e56fc-2c22-4cad-8493-9eb81460eed0,b3949b3c-5d02-4798-b8d0-3b2dd82fcbd6,5049.29,2026-05-20 17:42:00.776732+00:00
96652345-3e65-40ad-bb61-4d9ac05d96a0,f923f2a7-3ff6-4fd5-8799-ec6e96be2e7f,2196.84,2026-05-04 04:22:14.587393+00:00
79dd62b4-7a6e-4b3c-9afc-923c477c8ede,a5989b44-e1a7-469c-ac67-3ecbc1f4f4a0,3226.58,2026-05-13 16:56:02.383050+00:00
14bd76a6-b118-4493-9145-4eb6150c7833,f4e83174-9ce2-4728-a118-2fabe10bddb8,3529.62,2026-05-22 17:23:23.845959+00:00
5eea93a6-b69b-4580-8e4f-12c3e75a99c0,5a64c0dc-3cad-4498-9013-52153566fece,2021.63,2026-05-05 19:52:04.256966+00:00
aa08ed90-575a-4e65-9411-1737ec31012e,1c180fa7-de61-47a9-9933-646c7a8d9eab,1003.59,2026-05-24 20:15:51.516033+00:00
7478e492-9f22-4230-9cf3-bd23a367460f,e55690b0-0c4a-4f1b-8969-741d32a0d5fa,2522.39,2026-05-19 11:57:53.668634+00:00
1ee2646c-2584-4747-b06a-b5e5dc00faa4,051e2682-cd90-4989-a4c6-a1abc2ef1bf2,2209.37,2026-05-20 05:19:32.008195+00:00
84cc856f-a4f4-4520-8755-baa3904d9457,29e6dca7-65eb-4b93-aeca-ba24a7fe9a60,1818.65,2026-05-20 15:14:44.949125+00:00
4dfb5a11-02d4-4345-b0d8-1614d3c2f99e,251987d8-bba2-46d3-8b41-ac03abd4e5eb,2563.32,2026-05-22 07:11:42.614019+00:00
91e97f51-2fac-4d4f-93aa-ffd13b8c5958,371ae4f9-c348-46df-b9f6-e0a721d1ed18,2078.54,2026-05-24 00:52:28.234406+00:00
44835508-83e0-4292-9455-ac0c0325ba77,e5886010-7092-4668-bebb-260bae83eef6,1624.28,2026-05-29 00:58:20.991634+00:00
53531138-575f-47be-93cb-3f9dd153ed63,5a5b508d-cfcc-4b78-8946-9e9e918a4779,290.75,2026-04-05 18:49:21.611261+00:00
3bc3c822-170a-4b72-ab66-1dbc90aaa44b,42b8c359-3008-4995-a073-8a2c0de10366,246.97,2026-04-24 07:19:54.409665+00:00
f737312b-6030-4b1c-8a80-fbfff14d3035,42210a60-792e-426b-a1fd-4b737bf17d51,420.61,2026-05-18 10:21:34.105729+00:00
956a8b6f-c748-43dc-9d93-49016d5b1dcb,4575de7a-7e43-47c3-99b2-6a58ebb8afcb,210.67,2026-05-31 07:45:10.775584+00:00
3b6e4253-685c-474c-b1c2-580ca055a07a,d3dc0501-05ab-400a-99c1-1b06031ac8d7,2457.07,2026-04-25 23:02:14.881639+00:00
fe0d998e-05ad-40c1-896b-3e2b177a671d,4b44bf4b-6f36-4726-9545-063c97f778d4,2543.9,2026-04-26 02:33:42.118163+00:00
8401708a-c2b4-4c42-b23c-d3b2162a435e,d779018a-ef79-4d04-992d-bcab02ec8709,2869.0,2026-05-05 00:09:52.498160+00:00
ebb3dcca-ff73-443f-9fdc-d6b84ec3e36f,8a2734fa-e65f-4df2-aff2-d5f53fab38df,967.59,2026-05-31 22:35:07.846443+00:00
50d89ec1-90ff-411f-a055-f86f7ccdfe1f,66a0b4a5-2a39-49d4-b776-9ff9aaa067b0,590.03,2026-05-31 23:08:36.070689+00:00
4b007f2d-fc63-4d23-a480-c089b351dbe2,c408d2cd-92f2-42d7-af1a-fd84bfe9e6e7,83.07,2026-06-01 00:52:44.649242+00:00
d681d575-2f58-4916-8b24-c8fb7ba70630,5c2fa9d7-f494-438b-90b8-460001d7fb0d,271.02,2026-06-01 01:38:25.215940+00:00
80b07c96-37b1-4be2-b2c9-40dedcff6dba,faa6afc9-0766-4877-8190-5409f0f532e7,2946.81,2026-03-07 02:47:38.029500+00:00
98dcd439-3b32-4bad-8528-f40f701966f3,0f9f6640-c594-4f08-a7a3-cf1c1c9b47b3,2141.17,2026-03-19 01:51:45.624687+00:00
f5dc354d-d4c7-41a5-b412-f247ddb82a6c,72a49d47-66fa-4795-a017-08a5720ece2a,2477.86,2026-03-25 11:36:55.953508+00:00
767fa259-03e6-48f8-bdc2-9205087fedc3,676c49f3-f2cb-401d-a29a-3a40f1c72793,1322.27,2026-04-10 04:17:30.099642+00:00
a7aacbf7-96c4-4897-ad44-8ad848c4cec7,0c4fbc6e-0fc7-4b06-bfa0-00ddd5432d14,2605.95,2026-05-21 13:17:45.821445+00:00
cf31f6d3-4ca6-4f70-b395-480c54d04a68,46cb9cd4-6e77-43ef-b7f3-613af54ad511,853.62,2026-05-14 13:21:13.851853+00:00
c458ccad-21a4-48bd-bde3-357eb145fe7c,54e3b83d-7497-40d8-b209-394d638b2842,522.62,2026-05-25 17:20:03.693997+00:00
f65596a6-776f-4f2e-b34c-eaa646c7a22a,bc2cba97-84a3-42c1-9e42-13519eb7be5a,445.11,2026-05-27 16:19:29.181521+00:00
96783d86-f1f1-4860-9caa-0754210e0d8a,bfb23133-6774-46ba-ae6c-ea20a5dd5ff1,2614.75,2026-05-25 12:11:45.540002+00:00
de438e25-14a8-45eb-a063-ceb7d055a4d4,4ff72348-1249-4221-b928-9ea7145c4100,3190.94,2026-04-25 15:14:09.058565+00:00
249c143b-712a-47b7-aa4b-625646d539fe,57e7a0a3-ee52-40e5-ab4f-1765b701a266,4650.7,2026-05-11 17:02:28.193053+00:00
07586b0f-3a7f-4544-92cb-6e5ff0f673ff,b9dc7cfe-18dc-423f-b2bc-70f4bbb3a6a8,5197.41,2026-05-16 02:07:46.440606+00:00
d2d2f860-2f6d-44d0-ab8e-1579cfe22c01,7baabb82-9fab-4d75-976b-be7a215aa71c,1431.98,2026-05-25 09:23:18.491943+00:00
278ac468-0349-4c9c-a897-5285e0c10b6a,6e1ddc85-fa30-4816-ad07-a936d8589c4c,3271.89,2026-05-21 22:13:09.176017+00:00
69387699-a6a3-487e-babe-1c40a8ac75f8,b49f638f-523d-466c-b5e3-090d41c2187e,1441.56,2026-04-08 10:38:56.633862+00:00
62f8e15a-3df0-4475-9666-65907cd5d935,03faa546-e345-4965-965a-deba76df0488,767.2,2026-04-17 06:42:20.523010+00:00
0754413a-162a-4311-90a9-bff69ccfbe1f,86d84502-0652-4148-bbef-c2fcd99b9ac4,562.23,2026-05-03 17:32:33.628200+00:00
a11bb565-f6f6-448d-b4c4-665ce9f3d20d,1ee978ef-d495-469a-8bd4-df8a32323b1c,10.0,2026-05-06 12:22:46.976067+00:00
aa99da32-e44b-4b55-82a2-13d285c5b7a7,6b574017-32a1-4d5c-ad3d-67ac686e1b53,1775.63,2026-05-11 01:56:06.147419+00:00
c708c106-d154-4320-b961-be815a11410b,cdbd35d3-5220-45cf-b9f1-04679e5bb932,833.8,2026-05-15 01:32:15.784662+00:00
d439041c-f29c-403a-960b-c1cc8d418ba7,6594c0df-5ea7-4c6d-93c5-34c89ec0d8ee,1202.54,2026-05-05 23:44:24.843597+00:00
0474befa-7894-4c47-acd6-508ce2f9d5da,47bd8bb8-5250-451a-b357-1b7554fd2587,1505.39,2026-05-13 19:46:45.221285+00:00
31e573a4-3be4-4379-a151-ef66816d60f0,759c2cec-f2b9-4f4c-ac8b-aa76772c30c4,1826.53,2026-04-19 00:16:40.831209+00:00
3476379e-da3b-4663-b0cd-cbcce66679d1,ac8e3e7e-3655-4533-a68c-962e9bc12446,3593.22,2026-05-16 13:46:07.508763+00:00
0431408b-19a2-4240-9b85-0a71c607c503,fb2a8cae-6d52-4308-90e6-3683120dd5cb,2842.37,2026-05-17 11:05:30.337081+00:00
031e0e48-f158-4621-8779-c88d78db16cd,2245f0c8-dc78-4908-b966-6c6be9971e0b,2211.69,2026-05-28 18:21:16.551581+00:00
4060105b-7faf-4541-b1aa-4fd113c7bea9,83eba0f2-9866-4203-8a8c-f3a8ab3e6678,4768.7,2026-05-28 21:13:35.325227+00:00
316019ca-6136-4bde-b683-42119b707b6b,5944d57e-15e4-462d-9b55-1eba58ab36e8,2182.29,2026-05-30 11:37:20.538342+00:00
c3600ad3-592a-4f58-9153-916c60c25013,45fb64f7-c807-49e9-9fde-9e2610ff65fa,408.92,2026-05-03 04:20:39.203745+00:00
44075f63-1ec5-469d-86fd-7e8f44e70792,1a68c213-76d7-4066-856c-363a9b3ecf74,10.0,2026-05-01 02:35:26.816545+00:00
b93b9d05-e20c-453a-8152-04167bc10a56,581c2dc6-9288-4a13-96d0-ceb98783bf52,267.32,2026-05-02 02:13:05.088508+00:00
ff89b7ea-8de5-493e-b37b-159bab4d2759,0694f97a-f59b-4041-9385-5c7d7c1c860a,835.33,2026-05-07 08:08:12.438288+00:00
4996b0e5-8406-41a5-9bec-b61008c97cdf,e42889c3-ebfa-4026-91fb-3b39a4edb5e6,4355.61,2026-05-09 06:07:19.378908+00:00
052a4c2b-84a7-4a3c-b425-e86fed3e4e55,55cafec5-cd9a-4329-bc85-d86d2b8e005d,3761.71,2026-05-03 23:41:20.406287+00:00
1ea2988c-21f1-41d0-82aa-796469e710de,cdf1d377-041b-4909-bbe9-c5dd29b1521b,1458.78,2026-05-05 19:52:20.037386+00:00
db864576-6d70-4c3f-b714-6d19ecdbb367,8e98219e-6640-483d-bf45-b7978b0ba9fa,226.74,2026-05-09 07:34:44.521200+00:00
d02f712a-ee2a-46d6-bb77-ba33623a1292,3282b108-892e-43f2-9dfc-7079d228dc28,3987.53,2026-05-16 03:36:28.935813+00:00
f298b82f-5b46-43ca-baaa-cbbf9417eaea,162884e5-95f3-4869-8821-4e03722d93ce,2033.81,2026-05-16 08:06:40.256396+00:00
5fbf0428-7fc7-4792-994b-faadd66b6bc1,aba8d6f7-ab88-42f6-b9a5-bf13c9bc2c82,3194.76,2026-05-21 02:33:32.092106+00:00
bfb652ae-e5af-45a2-a88e-b555c0fe3fc7,74579ee3-1c7d-4d6b-be3f-f2aa83a92c02,2395.53,2026-03-22 19:02:17.916181+00:00
c33c7ce4-464f-464d-b3d3-991dd0883e70,8a158780-940b-41fa-8a33-07923b5b2237,1532.89,2026-04-03 21:34:52.476275+00:00
4a48182f-826b-4e0d-9926-1cee95bb890f,7c40fa92-d12b-4da2-839f-00a0d2fb5866,2709.24,2026-04-11 20:35:42.699334+00:00
6507249d-f807-4bbf-a5da-394a892f00ce,cc6cb579-9ed4-4faf-97ca-3719f973b2ad,1930.96,2026-04-24 03:46:59.913793+00:00
0382b344-a132-4175-943a-231ac80ce037,0e8a5e8a-94a9-4f45-8b34-c5e786395ca1,3956.79,2026-05-13 10:03:57.851963+00:00
90983e25-bb08-413c-9a7e-0af4404df5f8,7443ac9a-a1b6-4b16-9cf1-c6e96c48e69d,4719.03,2026-05-20 07:52:06.699030+00:00
a9b06a80-467b-45ba-902d-26be2cc48ba7,7aabf026-6992-407b-89f6-1d0edce93521,1949.59,2026-05-21 11:20:48.107069+00:00
9f70ccba-54db-4b97-8125-43fab0978158,955e9491-cca1-477f-82a1-924067dde1c2,5726.8,2026-05-22 09:44:39.400170+00:00
6437a607-5abc-40ff-a9dd-d56681d62e33,1f5f48a0-bda8-48eb-bed2-8bb16addd3b8,6044.2,2026-05-27 15:12:41.082942+00:00
2656e2b7-8c87-4de4-964b-e5c2567df110,7e9196fb-7fbb-4401-84de-1d827d082664,1988.67,2026-05-31 06:45:26.377960+00:00
076fde0a-2f1a-4cb9-9146-fcb505db9e59,3f640573-b6e3-4206-b827-dd9dff2bcc87,325.89,2026-05-14 22:14:09.046368+00:00
76b0aa81-0627-4ac5-9e14-32c617286712,8f8a399b-57dd-4717-bfd2-477f148ad79c,4960.96,2026-05-19 13:24:03.240096+00:00
56a92de9-f018-4e4d-abef-615f01ec0f05,62f250a7-9f20-4c7d-b42f-bbeace542afb,4255.52,2026-05-26 23:19:36.282474+00:00
d5d0a317-8446-4a9c-a31f-d20504f7a9ec,d758a8ce-6550-4d54-8fc4-b7bf26474a20,3768.31,2026-05-31 05:00:11.788744+00:00
a45c8dde-c392-40a1-8a53-536cf491cc14,8e532444-d15d-4187-88de-d71230fe1ac7,1069.58,2026-05-19 18:27:24.025452+00:00
c6c0b0b6-cb61-489a-986e-fac0ba8f34eb,4cdbe9a3-659b-426b-a5ee-f717ffa079e0,1026.67,2026-05-18 22:11:32.030339+00:00
470e5029-d87a-4c66-b2b4-8ff9f2cf0ba3,0c7fed3b-43eb-4ba1-b13e-a524ecb70afe,1829.95,2026-05-19 13:15:30.561643+00:00
9b658ab6-bfa5-4bba-a889-4c46e981dad5,ecb2d6bf-0d09-4998-9ee4-231a9fe3d569,3556.46,2026-05-20 20:54:59.599599+00:00
f331eab4-035d-4aad-abb9-edf729070b74,5efa7430-1fb4-4bb5-ac54-2492b30a9ef4,3255.65,2026-05-28 00:08:26.395654+00:00
4a70f01b-a375-43f3-9532-85e21362524f,dbdfb3a1-e02f-44c0-9fa9-4d44c2a40cb4,2588.29,2026-05-30 17:58:20.606584+00:00
76af2906-3deb-4efc-9ff8-7a839c1035ab,1996020b-6936-48e3-aee7-512ad1c05084,3466.5,2026-04-06 02:18:17.057486+00:00
315c013f-80b0-4ac9-a23e-3e4985465260,dab235d1-8b16-4978-880a-f2147572d033,3698.51,2026-04-17 20:53:51.066017+00:00
8f4defa1-a133-4339-8181-f9829f0f5a51,7ae5397c-6960-47bc-b465-89ad4fba2054,1385.72,2026-04-20 18:21:48.503419+00:00
0b650fde-41f1-4108-a43f-ab6e972233ad,29b198b7-9748-42ba-87ec-c66dbfa4de55,3663.64,2026-05-01 18:25:56.085503+00:00
e9eaf287-55ff-4056-ae91-cfef64254e73,f44ba061-5800-4369-ab5f-4d3fb2c5f84c,3176.46,2026-05-14 19:22:15.562224+00:00
7cf53aa2-a454-40ab-9cab-cb31555c43f8,aa379852-2e0e-4d55-bac1-698d0debd2d8,6195.08,2026-05-16 12:58:10.471616+00:00
88cda5a5-dede-4785-b696-578add9a9d64,e4ddb5f1-2023-4aca-89cb-cb17e39e2f8b,1712.5,2026-05-17 19:30:04.816367+00:00
b904d859-d02d-4a81-ae9c-4f8d2e769fc1,bf79ece9-1f96-4cfa-a8f7-91802fd32875,2579.68,2026-05-30 07:38:11.311440+00:00
c77652e3-3af7-4c3b-8f3d-1e41bf6e8e31,8486c379-de35-4304-8089-d4386c65d16e,314.63,2026-04-16 10:56:43.961744+00:00
898fe827-5d31-477d-b557-49bd731e0af4,1b784942-b68d-4245-bb8a-b70ec7276457,675.1,2026-04-22 20:27:54.440043+00:00
21b61f6c-59ac-4847-9939-082d07f69c31,556dd391-5886-45d3-88f8-72145a5072c7,115.75,2026-04-29 01:55:58.086756+00:00
206c4b50-b335-4ea8-b7ca-83caf6bcbe14,b360f744-f07d-43cd-8227-d068e20b89a6,77.18,2026-05-06 08:58:10.982747+00:00
e6efcd11-27ba-4196-85df-b52dcc3f21c7,18c134bf-58ea-4b96-8ee6-b509a8aeed73,50.52,2026-05-14 05:19:26.840424+00:00
6e3a8b93-c854-4801-9529-149f3f8b3422,89817e37-f07b-455a-aea8-5ab06f0c3fc4,1757.76,2026-05-24 23:12:27.634812+00:00
96f1e09a-f9a4-45ff-ada0-fd983d4d3fe9,c468c5ce-fd06-407c-a617-37f45cb42aa8,2069.8,2026-05-28 22:14:50.763212+00:00
05280581-bc7c-4395-8b4e-7b7bfe93168a,8ed092f5-eb2b-4600-8d56-258cfcd07ee7,573.67,2026-05-24 19:11:18.684384+00:00
d5ad33f4-1407-4524-88f6-4038546311a3,ff892f8a-d946-451e-a80b-dade1508ace1,594.68,2026-05-26 19:23:39.973687+00:00
85c5e06c-5fed-4476-b8c7-465513d1ca4a,73239487-c600-41e2-bfb2-7da9b24f2485,770.59,2026-04-25 00:58:33.787823+00:00
a7280b73-42f1-4b28-99be-dfc0771f503d,3d1c28ea-eea3-4c53-92fc-9d5263a90ac3,1935.31,2026-04-30 16:15:53.682453+00:00
26c3992a-c2ed-40ef-88fb-5b5e70cf0fbb,0122fe20-1ed5-49c7-a0f7-49e50bc934e5,197.16,2026-05-08 23:20:26.452807+00:00
053ca000-6d7d-4ab8-94f3-0b6356aa4312,cad1fea9-d69d-425d-8cf1-06e047cfde71,48.5,2026-05-11 19:03:47.503236+00:00
1ebb8953-113a-4789-91fc-ada3bee7c988,5d225567-0be1-4edf-8ffa-ee6b5c2c80e1,643.26,2026-05-21 23:55:22.110516+00:00
bb381410-e16c-492c-b624-aeb9116e3482,2b6b5c8f-3b3c-45f3-ac70-b4a0d0c45036,419.63,2026-05-23 03:43:22.279323+00:00
2007db61-deca-4a95-89a8-0ccbea338287,e56f9d19-b206-4f94-aae5-454162e96e16,2382.76,2026-05-20 02:34:05.192404+00:00
40f05658-b8ec-4c8d-8d25-02d920202d96,b11b1569-4d53-43a6-b5bf-60ccc4905982,3614.37,2026-05-28 01:34:03.209771+00:00
96d4f116-0234-42f1-8ffd-de1d93f1998e,7706541a-6e74-4277-8b6a-ecc5851767fa,2486.69,2026-05-29 06:24:26.536384+00:00
4fb581d5-1a06-4c22-9077-f3c0a5f60d9a,263cec3f-1ca1-4f39-a492-870d1aefe505,896.68,2026-03-29 19:52:41.440397+00:00
8444e9f0-88fa-4766-a35e-a1df7fd4b58e,1726f3c4-fa37-4cd7-b151-c3d323e3bd52,2176.67,2026-04-27 15:20:27.731158+00:00
e594edbe-d84a-4133-8b9e-6610dfdb3195,6db2443e-07be-4c69-b76c-500a7d74b914,1427.15,2026-04-27 18:11:38.222376+00:00
9ec9b995-974a-4f61-bcef-8853547c7288,2c9c10eb-26fb-4625-888c-c0bcbdff21f3,1111.34,2026-05-05 02:11:14.249260+00:00
c38f520a-72a3-45cb-a8f4-759f70ec1390,b4a4909e-8660-4e18-a519-1325e2155b75,3119.65,2026-05-10 05:12:47.633250+00:00
9531dfb5-d2ee-470d-9752-1f5b9cf727ca,de2a91ca-3b56-4436-808f-0f2182ce4f3d,648.2,2026-05-15 06:27:09.667449+00:00
384e63c2-9f50-406f-87c5-1e455c8838cf,d6c8eb68-f58f-49c0-8d8e-c2d7a8baa950,960.12,2026-05-22 01:21:34.253067+00:00
2e42c2b4-a352-4267-b766-41065c82c335,64921c8c-120a-4845-a3e1-1b4c39abebd5,1276.14,2026-05-28 23:26:14.261474+00:00
dde35750-318f-4c34-96a7-f762dc5fb693,c74509cd-03b5-46ba-b6fe-1c2af45c9a46,2375.58,2026-05-23 23:18:14.832071+00:00
d67396ca-ab91-4cbd-a62b-191e834d0424,1877a6f4-eed3-4c29-96c6-50552cf9cf40,1496.99,2026-05-27 06:40:39.370652+00:00
a4ec05db-6da5-405f-8af5-dfe027fcdc2a,0253950d-f00e-40de-b343-183742007eca,7047.13,2026-05-28 11:32:36.037686+00:00
d681fdc9-81f5-4ff3-bb8a-809fd1e19741,db939550-e8e6-4b7b-b90d-ed94ad0da46b,3977.64,2026-05-29 02:12:05.479834+00:00
a9cdc63e-730c-4f72-89ca-89312325e89a,e9e582dc-34a8-4e69-8921-eeefe120aeb2,10.0,2026-05-31 12:56:30.256249+00:00
4b09e11e-2673-4f1d-befe-af3ba520600b,327e611a-bd55-4d0d-9933-f25e0bb9ee64,3459.57,2026-05-31 16:06:11.758270+00:00
f8cd15e2-e57d-4e01-8d63-48bc88cbd296,35ea1db0-b85b-4709-b8dd-afd9e39f8393,2974.3,2026-04-24 07:30:35.139535+00:00
267fc883-92e8-4ef4-8276-d6eb1caf298e,2df06e1b-890e-4fd4-873c-97b123365ef0,1570.58,2026-05-13 22:10:03.142351+00:00
f2b9b5d4-ff49-46fa-8472-4d7cbd1474f9,4d93dc18-03be-4544-94e4-89daae1e4369,139.02,2026-05-29 23:10:57.444044+00:00
d77fcc14-17f5-4d6d-a966-afe72e083a01,0df128e0-31fe-474b-a47f-116ee9598550,490.73,2026-05-30 20:06:34.766409+00:00
c73f823b-650e-44f7-a3da-dec97dfb17d6,b53b5484-7f05-4c99-ad21-f6cf2df6f650,652.02,2026-05-31 05:50:10.163937+00:00
a65e3a7f-e984-4b5f-aee2-9fb2226b486b,37aea9b6-dec5-443c-930b-4519cfbfcbf5,1298.48,2026-05-07 22:48:14.235641+00:00
3162e380-c8f7-4ed3-ac1c-cf6a597f03ab,cfd12d5c-d543-4369-8198-8b00996d63f0,396.08,2026-05-28 10:10:17.666372+00:00
e286b0af-8172-46af-8930-5b16cb53ef95,034718bd-431f-4aaf-b29c-a2a014b3542b,931.8,2026-05-28 08:42:06.973576+00:00
4c9a5ccb-6656-46f5-88d2-1ea5f0a68395,12387725-9abc-4a1a-a67e-04d234ce8e2e,3194.05,2026-05-15 17:50:22.077557+00:00
0bc0ef8f-b538-455a-80fd-f56a17d5eea3,6d8e336b-9518-429e-9e86-7172ecff2602,3281.11,2026-05-13 08:37:15.439212+00:00
6da90e1e-9606-47ec-8d2d-f0c804b8f21f,168a9289-3028-4618-a085-721465908a79,3379.78,2026-04-27 12:12:02.467224+00:00
863a30af-0ca0-467c-a1e2-05d861eb59cd,1c2630fc-765b-4d32-9c2f-33ce14b10981,3069.13,2026-04-27 13:10:54.856429+00:00
f64d9593-391d-436b-abff-8c8f5af2c5ac,2d997592-0b9f-4c95-a8b6-aebee5b76513,3384.54,2026-04-27 14:23:55.372273+00:00
caa65168-88c4-4f7c-9a7a-2e6fc7baf279,c132c237-e688-4074-a799-c3a74428a604,3122.43,2026-05-06 08:28:14.279464+00:00
bc215880-a438-43d0-be33-fcf84ce3e88f,7647c65c-bb59-44ba-bdb9-61dbd03f6f8e,3498.38,2026-05-06 09:53:28.357883+00:00
d359d18a-1386-4825-b7b4-4961ae9c1c83,6fe7d545-078b-4202-84bb-4e9b0459f87e,3306.45,2026-04-24 22:37:14.696312+00:00
bc429a62-b4be-43d0-9513-9ec0e17926f9,59cdcbcd-456f-4061-9dbb-dd5146330d3a,3132.71,2026-05-28 17:24:26.456315+00:00
321378fb-78a2-4e73-8a7e-bd2e39b0df49,38288a96-6a3d-45d5-9158-ad82daa37b30,2923.24,2026-05-28 22:59:29.996715+00:00
b123bb5f-99e8-47e6-b0e4-5fb0c3a2c6d2,244090b2-d6f1-4613-bbcb-7bf14565d870,3155.79,2026-05-29 14:17:25.584357+00:00
e150085e-da0a-4beb-97bb-2810e052485b,6d1aa303-2853-4548-a015-62c3d974ed52,2893.72,2026-05-29 23:02:47.580217+00:00
2b341cef-5c7d-4749-a73b-448505f3166f,1e6a560a-292f-4587-9995-10411e45a226,3105.72,2026-05-30 18:31:36.410227+00:00
1c1f21a3-d3c1-463c-b136-27fc235bb8de,6e885ddd-0b8c-4cb5-832d-4248fd5743aa,3509.88,2026-05-30 23:58:58.342755+00:00
343ee3e9-5773-42f8-9d87-bed5678c64f5,821e656e-1050-4210-9642-711a20a8af87,3422.64,2026-05-31 04:49:28.875521+00:00
17f7c8c9-020b-456a-ab7a-9eada6c157bc,8b85ca5b-9ab6-4218-8ea4-6a13b42aca5c,3595.21,2026-05-29 07:48:28.131726+00:00
927605b1-e5a9-40ad-9580-d33382ce4899,42b8076e-9fda-4120-affd-93eaf56efacd,3242.77,2026-05-29 12:03:02.952770+00:00
28c52587-7dba-43eb-aa62-3b824484ed08,ca7a8de5-24a0-48e6-a9c5-41e7c2ed5941,3056.82,2026-05-29 22:31:08.361691+00:00
e8171f23-a420-4940-9052-9f5efd623fac,36bb7f72-830c-4a40-ae02-e1c4ed8ad32f,3279.12,2026-05-30 14:56:03.918447+00:00
d31fa1bf-a922-4016-92fb-2881be7ab766,dba77ce9-fc24-4a10-b006-ee0fc58c5b97,3607.3,2026-05-31 05:40:53.485240+00:00
3aa4cac8-875f-40f5-805e-7476fbe73783,f65db39f-0dbc-4d3e-86b2-dff4985902f6,3258.97,2026-05-31 10:58:22.371698+00:00
a65e04d1-3df4-4c07-8980-72d7eedf09a3,c08510df-e2c1-4980-aa02-dcd91d851a3b,3468.56,2026-05-31 20:16:22.615162+00:00
db6bbbd3-7203-4143-ab90-06d13c2562e3,365419bb-9985-42f1-a0db-25672178fe87,2446.16,2026-03-15 03:50:14.864905+00:00
61ab0a3f-8889-48f4-9455-3d149ad552f8,3e73a4ca-477f-4cb1-a3e3-7e96c763ac6e,2288.39,2026-03-30 10:12:47.618988+00:00
05ad1b71-fff9-4d25-a5ab-c6ba500f5c66,c43e77d8-653f-493b-9a2b-e1b7f3e07065,2149.18,2026-04-03 14:35:31.461989+00:00
2525d61a-03e6-4be8-bd0d-dc6d209f6652,36063706-ecab-41fb-a651-0da98c190806,2350.77,2026-04-18 22:23:26.645360+00:00
25c80f48-07a9-4dd5-a7ac-ee16b176b340,60b17c47-442f-42f9-b727-701c0b76e4ad,2461.29,2026-05-02 16:38:40.903508+00:00
e2f0b831-2adc-4215-a18d-9a97c9a2789d,20c7d945-b05a-4d8a-9efb-293f922b31dc,2320.61,2026-05-22 17:09:07.388439+00:00
b1304bbb-c7d3-4596-8116-c7939b56eb2c,b5ecb739-40c3-40ef-92e8-c9b9d8df49c1,2155.71,2026-04-03 18:47:18.590867+00:00
838699aa-eb88-4138-8797-9b2f336e67b0,170ed896-7ee9-4e3a-9149-c2b64a9a7649,2159.71,2026-04-04 02:45:06.045612+00:00
60fea39f-f407-4ba9-8a7d-188ec9e1306e,dd65827c-ed49-4458-9dd4-ca003fb27b92,2230.19,2026-04-05 23:08:58.796216+00:00
cc7a8c4b-c067-44cd-a332-57b0d6ad7272,4dd197f0-fb46-47de-9118-9a16f8157f16,2206.15,2026-05-09 08:18:42.465952+00:00
b4be4b06-6311-45a3-89ab-22786e58d529,6f2ff2ac-a743-42ab-adc4-b34c56811bde,2483.01,2026-05-27 16:29:26.300415+00:00
eca35766-378e-4cf0-92b6-37ec752f2ff0,4984cc4a-51dc-402c-8b05-e3b67f4ac3a8,2243.71,2026-04-16 09:02:05.533891+00:00
a4085a31-5a78-406e-ba88-7e177b7b5956,885005c4-485b-4b9f-845c-4d30c41328c5,2271.39,2026-04-24 07:36:36.171657+00:00
98af16aa-5d81-4658-b784-d3ee0fc1d3d5,c3a202b7-b171-4636-9fa1-7a5918467c1c,2162.92,2026-05-10 22:53:23.865992+00:00
82f048a5-7767-467d-b827-1b03b060c1a5,e1ce9448-e491-4d08-8c21-4c2409250d94,2328.01,2026-05-13 22:02:23.138040+00:00
f0c1062a-9bc6-4e5a-90f9-055c37d7e1ba,49b6d1aa-835c-4cad-a734-e95a3d8919e8,2083.39,2026-04-25 02:14:41.516062+00:00
3009ea1d-6c22-4ca4-b880-48e5acd7e540,5e3ffe88-8205-4638-8831-f9e960a4002c,2394.13,2026-05-18 04:55:59.022537+00:00
cc34ca4f-cd77-45e9-aa58-58e696c3a808,12163fa2-8cb4-4f2a-be54-3d4eede97583,2266.24,2026-05-20 09:56:24.360069+00:00
0c17ee8f-cfb0-443c-a48c-f62e53ec44b2,841f26be-386f-41a4-a7f6-42b8795c9fa1,2218.14,2026-05-28 07:18:12.436575+00:00
328a28b0-4372-49c9-b7d1-e79b4e59e1c2,c4b03088-2025-451c-b290-fee95fd7a6f2,2202.9,2026-04-24 14:29:40.300602+00:00
d086b35c-7086-43a4-abf5-d03913784953,44607fb0-9011-4baf-84b7-0ba8e231a949,2325.92,2026-04-24 16:16:13.318342+00:00
2bb6c6ea-5f67-4140-8926-7349e4335a62,ba43d76d-b11a-4f3a-bebc-1b2bfb7e033e,2302.09,2026-05-15 17:13:45.168837+00:00
1ecaea14-eb21-48c4-bc68-0ea57f2a9a79,a53491c9-3ea6-41e2-b354-430d9d448d18,2164.8,2026-05-17 23:37:39.542483+00:00
6687a45a-8418-46ee-9936-82c44b082386,b486524c-90a1-4e00-a1fc-873333cd4a24,2243.53,2026-05-19 08:20:48.851998+00:00
594836b8-8660-4d98-a23a-81d985fb276c,9e34ab77-fa16-406d-8058-f071f2483231,2288.7,2026-05-20 02:20:54.080707+00:00
80c7fb9e-d0f2-44c7-90a7-efb328641ccf,5f845f0c-37fc-4f75-ab5e-b4e0f894ad8b,2160.51,2026-05-20 23:58:14.389562+00:00
2d1b9c17-9f3d-4d82-9c9b-34e5e9e57b40,ed732d80-87c8-4134-99d9-48ae548710dd,926.43,2026-05-19 15:29:33.206769+00:00
7bce6d43-048c-43da-8798-6a705a019986,098c0218-b418-4bcf-96a9-4fa611d38350,247.92,2026-05-19 15:15:27.777484+00:00
df37b2db-cd74-4f53-8a72-0e5fa673e4bb,ab302fb3-e0c2-43ce-8751-0f025cbc6092,1161.03,2026-05-19 20:09:55.623779+00:00
db883634-70d7-4aeb-8d6f-95ccee6aaef7,e074630d-dcff-42dc-86a7-c84ac3f5e470,1051.41,2026-05-20 12:26:10.177064+00:00
22e87a7e-9cd5-4d59-b064-03cb9808fedf,e6949068-063d-4667-9cd6-9d162141ce1b,353.16,2026-05-20 15:06:25.551133+00:00
9d127e0a-c619-48ce-a17e-bf391e5c3c97,585da337-b680-4eff-a97b-387c0aa9d24a,2002.59,2026-03-29 00:20:46.093691+00:00
6b47d6b0-88c0-490a-b257-26a36f39a71a,9171642c-e690-4042-b1e1-91183f7aa74e,745.2,2026-03-29 02:41:39.855712+00:00
2eddfb6a-f888-407c-b5e2-47c05e026923,beed6bf4-9c07-4fb9-9220-5acac5a7ebb6,454.3,2026-03-29 07:05:33.291301+00:00
754d61e2-5975-4363-8c05-88f021292ecd,fc9a79a1-663b-44ef-abe9-fc69d49521f2,1083.82,2026-03-29 14:16:03.320959+00:00
07d332e0-78b8-436c-af1d-3b20c83d8694,c6b44e6a-d714-4071-b053-811b54ae707c,1218.65,2026-03-29 15:39:54.545424+00:00
01744375-e4f9-4869-896f-58ebac01fd60,bdbf2df3-bce6-443f-bba0-7f6c4164f264,1256.78,2026-03-29 23:06:34.951963+00:00
5fffc785-8556-446b-af72-04db65dce9d0,fe67ec3a-e74f-4b4d-b424-9d702742729d,1402.35,2026-03-29 23:39:47.145160+00:00
1b1d4355-eef6-48ed-a2df-5cee5765802d,09cbe03d-e588-45ce-b7e2-d9a7352099fb,1549.14,2026-03-30 03:31:12.041690+00:00
a5e93f16-7b56-4480-81d3-bc95522200de,48402827-7dc9-4129-96f2-946a144ed2fd,1124.13,2026-05-22 09:20:25.332420+00:00
89e752a1-d9bf-49aa-a121-828f2c087365,a953ebf3-2d07-4ebb-8397-a7bfa046191e,1194.95,2026-05-22 10:26:12.431238+00:00
2b552e2a-a64e-4fa6-9e79-59aa7d7d295b,493ae1cd-d5a4-4866-8196-40d61d9a1afb,1169.4,2026-05-22 10:47:46.680592+00:00
fdcfc7a3-10bb-475c-969c-9d49da384509,67c1aa02-94c3-47a3-9921-4fc073e23a9d,710.79,2026-05-22 14:19:37.021614+00:00
3c6ac535-59b2-4713-b8c6-7ce7fb032884,39e11a1f-38a2-410d-a7bc-16efb4e82b5d,1210.06,2026-05-22 23:36:39.315083+00:00
c26c4d05-0fb7-449c-bf11-30c43d6b414c,9527ba54-1cdf-4e9e-b450-dfd49bb39ba1,2589.59,2026-04-29 06:58:22.419767+00:00
588af1e8-7150-47de-a430-7453a27b68a2,1f9d3667-c06f-4abc-984b-848d6813fc9d,2612.58,2026-04-29 09:04:25.948829+00:00
8708c94e-cd26-4ea2-abbf-341dc7eb9124,34b6a6af-3d8b-4170-9549-a212e91d1181,5742.67,2026-04-29 14:05:34.509356+00:00
ecc163ed-86b5-4e58-8cfa-ff54434aa6cb,7afe23b7-e435-416f-9517-8a51354af615,1217.41,2026-04-29 14:23:18.370677+00:00
5998cb36-70ed-4a81-961e-af7bd2bc1985,f08e2f23-a1e9-4c39-adc8-afa5f0796442,4716.82,2026-04-29 20:22:45.175982+00:00
45e2c3ee-b9ac-4b03-96ba-0fed1b43800a,a168efe6-4cd1-4a44-b62f-046ce349eeef,6669.66,2026-04-30 01:55:32.772551+00:00
5ef476f5-999f-479a-80db-4789faf55633,dae9663c-1a6a-4af8-88c9-187371752e54,2137.4,2026-04-30 01:19:33.467105+00:00
f844f84d-df78-42dc-9d77-8ec18a1ef756,656b5d3d-191a-4981-a985-8edc7ad0dda4,4012.61,2026-04-30 05:47:55.908090+00:00
64ef1570-efe7-4f5c-b645-5d342d435bcf,9a18e9d4-6093-4a31-92bd-8c82a659f3d6,2287.48,2026-05-24 21:29:10.544655+00:00
7edad7b1-d93e-41bb-9ac8-e28c781e5696,8d581d61-92ce-4b34-bab6-09cca7488c81,1490.17,2026-05-25 00:12:25.369693+00:00
a1491f3b-b9af-4382-92eb-44f589a5bcfe,f4f5c832-1b6c-4914-8618-ff2d918770c8,3130.54,2026-05-25 01:29:02.593536+00:00
3c07d154-e425-4db6-9171-31acd6e98e13,507a8fc8-20bb-4fc3-8960-46920b31923b,4276.94,2026-05-25 03:12:54.919706+00:00
328c7158-625a-4664-bec3-2039de9c8b6c,be684968-3dac-4ca2-9531-4d2b0728d189,3354.04,2026-03-30 21:17:53.343369+00:00
23c69f2f-f355-4aa9-a716-2448b01dfe6d,ec8141eb-9216-443e-96d2-a5d7df21541e,3386.97,2026-04-11 02:44:34.897250+00:00
b2710f6a-d8d4-44ca-b712-67eee271863e,9b102594-a13c-4be6-8e9a-1d23a52c7add,6713.92,2026-05-22 02:03:22.774196+00:00
e12e7445-9764-4e6b-bfc5-f5063e4d6d55,6625ee4a-1a60-41ce-91e5-2154e7480fd2,10.0,2026-05-22 03:26:47.990848+00:00
1ea51220-ed9e-4b19-b268-c6c0a90df5c6,555dbd36-30e8-4a8f-8ae5-685d76eee832,2312.15,2026-05-22 10:12:57.405617+00:00
4ba73335-aa96-4947-9283-b0220360241b,9a3fd3fb-b883-466d-9905-621cd50a3f3a,5056.46,2026-05-22 10:47:19.026739+00:00
36914529-e5f9-4fb0-ae43-a085a668938d,d256163e-de3b-494f-be83-bbd2e16ad954,4254.36,2026-05-22 15:44:59.874314+00:00
383d8993-aa28-4299-8f89-a822d6574916,4540161f-72a8-46d8-9123-e200acf360b2,9285.7,2026-03-30 20:37:21.800868+00:00
3a2c20a4-9580-4981-9d7a-b54852b53d3c,7c2bd187-95e3-4597-8ff0-d66f24f653ae,5960.01,2026-03-31 04:31:56.820386+00:00
04c42bfb-89ba-4859-bbb2-2dfeb44e9735,83b0d4ad-dec5-4979-bac6-6778fe2bafc1,3127.8,2026-03-31 18:52:48.077180+00:00
308f9eec-faff-4f5d-9f7e-8737d03f709d,f74329db-8e9f-4b3d-9914-d944cff50397,4331.16,2026-03-31 21:30:56.529377+00:00
ae7ace8f-d642-45f5-a1b8-458cbcb81a7b,c4696935-ef44-4e59-98be-f1b5a683d9c0,1336.73,2026-05-06 13:32:52.930102+00:00
c9948df1-2e5b-4641-ab62-648af8c5a4a8,1cdbe8cb-26c2-4493-8fdd-dfae460a16f0,1485.44,2026-05-29 00:39:07.818366+00:00
a2ae3db7-e8ef-41a2-b26f-af234e1c89c1,f524da92-2ee1-4244-be0d-fa6100aa4088,998.19,2026-05-29 16:40:22.008828+00:00
cb7bfd15-8d47-4232-9a15-81f6257b9891,9204ad2b-2523-474f-82fe-d2b2654cf109,656.59,2026-05-13 11:30:17.016339+00:00
72ef82c2-c02c-4414-a2d2-bbfd93752332,cc6c90d2-d4fc-4941-92df-82cd14276b34,2101.79,2026-04-27 20:05:59.151019+00:00
ac11f193-434d-4b5f-9efe-09516fd3cce8,33e3dbe9-e840-4db4-81ca-0972958c4368,1046.65,2026-04-28 01:14:49.968974+00:00
607204ee-1d41-430e-9ea9-2e83e20da663,4f487e44-53b8-477d-a650-a45348e73d65,2880.67,2026-04-28 12:44:41.804138+00:00
55c1db1e-7a8b-4776-b8f2-2ac54b11d276,75db1cec-8bcf-4195-96c8-5fdef1354c40,985.03,2026-05-04 18:44:18.542320+00:00
93139860-05de-4dab-ab41-cee464568c4c,5effcc4c-402a-475d-b955-f8e2e8a40922,608.59,2026-05-06 10:11:56.593227+00:00
0e408364-1957-438e-b258-ceb880a3bd96,2acdbf51-53d5-4626-a5d3-13b8088373c5,10.0,2026-05-14 05:43:48.286089+00:00
0b069bc2-8eaf-4a32-a77a-26708e57cbf8,4bfee33d-5332-4f1c-8d58-b522baac352a,540.48,2026-05-14 12:52:04.012604+00:00
de126181-ee4b-4986-b920-aae0e963b30e,db848ba7-feea-48c8-b496-963303330b51,631.49,2026-05-14 15:17:11.045116+00:00
b90c0983-0c4d-4604-94a2-dfe2f194aaa6,26f34808-9434-4beb-912b-58a793cf5468,2961.38,2026-05-19 22:31:49.504992+00:00
4f2dbe63-51f7-4991-809b-4f8a780683c0,7a09976a-f5d4-41f5-be45-52b01b56cd0a,2833.13,2026-05-20 07:06:28.282797+00:00
cf8bddc7-319b-4440-83d8-9ede6c7b1469,5d331446-30cf-4787-9493-7fcba94c1f1c,2816.47,2026-05-20 09:39:47.572827+00:00
a1e3710e-a5ff-4c3b-9649-fe6db92a0841,e3475420-3668-4e05-8522-74209095e00a,2844.99,2026-05-18 06:04:29.485491+00:00
d5e13e8f-020f-4328-bb82-3b38bae45d56,566eef90-7ee7-46d3-9239-5f843a6ad96e,2771.21,2026-05-18 18:33:49.743200+00:00
7ae53715-6c5d-430b-9e14-871cfbf40ee7,a74542d8-418f-4dc6-9a83-2c70a8eab484,2900.19,2026-05-18 19:16:23.821903+00:00
8d85cfdc-23eb-47dc-ac21-14220bf54178,fa53e5be-627e-41fc-a45c-7d8e1620aef1,4584.5,2026-05-22 17:10:32.283781+00:00
2f309764-c1eb-4182-8759-8834987af553,bc16b286-3df1-4d22-b35e-ed3edbd522a2,2731.35,2026-05-27 07:12:44.933335+00:00
73819b48-3504-4917-b70a-9030dbc0883b,017f4a69-202d-4f70-a534-4de7a46dd31d,2889.53,2026-05-27 08:38:44.491822+00:00
00ca50cc-880e-4a15-97bd-218d6e3f0ad9,e3ebcdf4-d1be-46fe-af0b-58a9549429ce,2756.85,2026-05-27 21:16:29.337059+00:00
423a5fac-a182-4f6c-b549-47dab016404b,bc3baf88-664f-4684-893b-911c1e9d3880,2709.25,2026-05-23 13:02:54.560693+00:00
b11c5d46-65a7-421f-9edc-b58db2544dcc,f1f88818-5741-49ca-9d9b-359298b1e07e,2914.02,2026-05-19 15:03:12.499080+00:00
256094fc-6cfc-4116-9eb7-284600661e9b,b19d8945-7eb5-4a66-b81e-06ddb769167e,1703.48,2026-04-28 19:19:48.829749+00:00
8f3db465-37e3-40eb-ab5b-3d4776e994da,3dee2d01-f443-4dc8-9d3e-766ce144800b,1744.92,2026-05-07 07:00:27.973247+00:00
98955e14-ec9e-4dc3-9f04-314c95011507,78a409f2-0c46-4527-a0dd-974d8bcd0f29,1724.72,2026-05-16 14:27:42.170848+00:00
851bdba7-cbcd-4e55-9c16-40282d40d3f9,18039f19-410c-4fe6-a0d8-35c9e0172cc9,1651.24,2026-05-17 05:28:27.085401+00:00
f5f51336-4c70-4326-9d5d-2314ebdfbeaf,6b8bd93a-7eed-47ff-bf72-5e1e18c72a59,1643.28,2026-05-25 20:48:38.238522+00:00
1c7289fc-bdd8-4ae1-9326-ddcedff85570,3a8d5a18-4302-4086-bc57-e3b3a1266edc,1864.33,2026-05-28 05:31:17.322401+00:00
4b16e816-f7eb-4c02-a007-592396d7cc98,bd1b994d-eb9c-4a5c-9e80-4c8201019e35,1631.09,2026-04-29 20:44:45.517368+00:00
e139034b-c081-432a-924a-5ecc0f1fe4cd,74fa12e1-a9f3-4abc-9a04-c95a56b24776,1641.13,2026-05-01 09:12:31.365669+00:00
c56384dd-ef19-4ea9-a590-c6fe862d3ea8,6d2dbb44-c347-4f18-9bff-d8c90132839c,1566.99,2026-05-10 13:43:26.385788+00:00
bea7049e-31b4-4164-b066-83c693920a12,5f488ea4-d23d-4c62-834e-a305950169a4,1717.78,2026-05-15 21:27:50.048044+00:00
732c18fa-3957-4799-b7e1-5bd516d0ab01,2241de51-5f33-4f4c-8d00-38ce198f58bf,1804.25,2026-05-22 01:32:24.666866+00:00
bea0378d-0c54-4ff9-821e-09b018971b64,e4eed7cf-a89e-4247-9868-8a6dfd9827d3,1631.23,2026-05-24 21:54:11.259998+00:00
14490a0a-0077-4420-bb59-a4870c715142,a6e10f3b-43b7-479b-ba93-f13ec07bda3d,1702.88,2026-05-25 21:51:48.074685+00:00
453de801-3bf6-44aa-9a76-f3781046170d,7ac47f89-65a8-43b2-a7bc-4a241ffd05b8,2476.43,2026-05-16 20:31:14.915293+00:00
156e0a31-b5b1-4a12-8dcb-25b4df75146a,9d20c72a-e40e-490a-a71f-b8e9fb25b19c,4429.82,2026-05-17 16:05:02.022963+00:00
4c44dfc3-b35b-48cf-8524-a7cbf0230337,75e3a92f-d1a3-4f0f-bbe3-6c585b36cf1a,1813.68,2026-05-05 02:01:25.435724+00:00
9874ae1e-e83a-46ce-9c11-e28d3882688a,c3c3dcb1-1765-4b80-9c97-855ca05342d8,1842.75,2026-05-08 06:42:04.060580+00:00
905dfb9a-290f-4b9f-b551-f0962538b20b,19c0e9cd-648f-43dc-b616-e723f6085d80,1614.03,2026-05-10 17:17:57.318167+00:00
e5762527-d044-4b65-b97a-35c7bb8731ab,28a7ef6e-cbee-456d-915e-5462240c973d,1929.05,2026-05-18 13:45:32.258196+00:00
b43a08a9-4dcf-457f-802a-3bca7bc34aff,a8e6cb29-cc3f-45cc-ade8-1c567d2f79ed,1767.42,2026-04-29 04:16:33.517823+00:00
ec25b298-8a34-4dad-87ee-c6acdf3f98c0,b2aed42f-56b0-45d2-9951-f64c69023870,1481.88,2026-05-02 22:13:27.069070+00:00
248b5582-7246-493b-a804-510c31297291,4a2fc297-98fe-4084-bbae-68616c59a2fd,1651.29,2026-05-03 08:09:54.140259+00:00
7f4a66f3-4be0-4f59-853c-6bae15256de0,ed2f5840-6744-4948-8e2c-bf355e935139,1727.64,2026-05-14 10:46:53.374899+00:00
c03a8ffe-cfd6-410d-b2f1-a827d7de7f8c,7fd82ad3-1d4b-496e-9c4a-c26c9566809c,1613.0,2026-05-22 20:58:52.052376+00:00
a9dad149-f260-4a8b-873e-e6be05de7937,cac764e6-ee52-4ab0-864e-b24e07bc7d37,1638.87,2026-05-31 15:49:32.078739+00:00
c4858ece-c1b5-45f5-ad68-856b21b3f524,a2757523-1350-4c56-91c7-b79dccc814d8,1749.25,2026-05-11 23:21:44.174206+00:00
1c5befae-7c45-470b-8601-77c5fe02fa18,fc7a73a8-adf0-40ee-b417-5d6167ac5f33,1699.55,2026-05-19 19:05:37.628254+00:00
6794289e-a00c-4c18-9f8f-2cedeca728f8,836f55b7-bb1b-41f0-b27e-64b089d4418c,1449.45,2026-05-22 18:21:16.115549+00:00
89609a7b-c110-43f9-b7aa-e8220b60e745,2375b11f-8048-46d6-891b-8150215f3f7b,1793.64,2026-05-23 22:28:39.704223+00:00
3dc1f8da-6b15-4870-8184-9ed6aa3f6561,77af1003-af6d-45cb-8b75-21141785984b,1728.64,2026-05-31 12:07:17.709114+00:00
68975d5b-b9ce-4f0b-8152-ae0b65d4a524,b792c7b5-77d4-450d-ad50-143dc5c159c4,1531.19,2026-05-31 20:00:28.876395+00:00
480f2c60-bcde-4a47-b311-4171d6c1ec0f,1be3f702-34e2-4fa6-be05-ec10240ace43,1662.26,2026-05-07 01:33:20.579197+00:00
8aa7333e-647b-42a7-8524-b07fac3af621,f9cfe32b-ee88-43f5-aa6b-e812d7f13269,1709.0,2026-05-18 22:35:05.368097+00:00
5b3b3f6e-d263-4a66-b942-c894dadb39bf,23dc6079-cfcd-43c7-b089-8c91be7bc58f,1527.02,2026-05-19 08:10:21.993906+00:00
76f5c04b-470b-42f1-be41-a03ecaaaa2f6,6f569433-1e83-402c-9108-63cdd967bbb4,1671.17,2026-05-21 12:18:40.348430+00:00
b7e43d5a-57a9-45b3-a2e3-3f47f022f210,f6d4a1ff-4276-4dc0-852b-839ebde4d252,1784.13,2026-05-21 14:54:43.105646+00:00
5e24d2fc-08e8-4283-8d01-bbff3c40454b,5323207e-9110-47dd-bfd3-1ca6e38310e9,1564.09,2026-05-26 18:48:33.126623+00:00
648c76db-af97-4533-965a-9619380cf99f,be9e6e75-1113-4bdd-ac65-ba727d47d356,1683.04,2026-05-27 01:21:01.438407+00:00
51b44c15-4acd-4cf1-8e1f-0abeff8284eb,51bf68cd-6a3d-4af4-8e2a-f777ece06d7c,1580.55,2026-05-27 15:50:27.394097+00:00
1bf8fee7-a2da-4eda-ae87-c9c4173ca9f8,c09075e6-b5bc-4e30-8e33-153461e9acb6,1844.96,2026-05-05 02:34:53.450818+00:00
212fd2df-9bc4-4237-be36-ef65e3c26e2a,18855fce-60d2-4630-8403-06f0bb16783a,1779.89,2026-05-05 22:16:08.986059+00:00
c30ddc71-e009-4f04-b10a-ee205720657d,d19c76d1-44e8-49c8-bd07-352d5bc49c4b,1759.59,2026-05-12 09:57:42.471751+00:00
f578bbd8-1043-44fe-a278-0174dd879ce8,788d1bbb-4efe-4bfc-99e9-4928cb0a5cc1,1632.27,2026-05-12 21:12:55.961697+00:00
ea90becb-1492-4819-8e0c-b998b4df042d,df25769f-e37a-48db-8559-6634eabe30b1,1529.18,2026-05-16 13:16:08.754495+00:00
91909501-48e9-4a67-b11e-2b52fcf6395f,c78ec99c-cdfd-426c-b190-207d5f078ff7,1472.56,2026-05-18 10:24:37.745254+00:00
5566463c-5bc3-4da1-a009-b535da055502,db06c777-dd46-4c34-8a69-5146158c3b78,2370.91,2026-03-12 00:33:39.799331+00:00
2672c4cd-2ccc-4a19-a4ba-01676d74151c,3a703c49-1f0e-4fca-93bb-48cf88a457cc,2829.08,2026-03-28 22:19:27.455166+00:00
c34f1887-97a8-4e70-b08f-03fc8e29811e,4a69e295-be65-4ee2-ac40-a3cb8bd04cac,2745.09,2026-04-06 11:06:34.038701+00:00
6362f48d-9af9-4d56-9a92-e8e3af8f753e,877abc4b-ef49-4616-8574-7c2bf86c0a10,2791.33,2026-04-13 11:14:34.505355+00:00
2eeae2aa-a5c0-4c5f-81b1-dd2a98720247,85ef7344-355d-419e-a68b-06432a6e3c3c,2618.91,2026-04-15 06:53:22.023377+00:00
2eef30bc-0136-408d-b599-432b9722291d,39982f9c-a6ba-441d-9ad7-6a4ff8e6a3ce,2308.92,2026-05-15 09:59:57.687553+00:00
a39552f6-4b00-4c9c-9d49-8d9ba308ac6f,e62df57a-ed1d-4cba-9651-7c63cf447205,2655.96,2026-03-26 15:03:20.132859+00:00
34a39c73-d09e-4718-a507-13f29e503bda,1a2bfaae-8694-41ec-b5f8-69b4401ab938,2368.22,2026-03-28 20:57:25.544610+00:00
fa01d607-8280-4ba5-b23e-83651d098836,12837e4f-0555-4a7e-bf47-aa640a72a86f,2685.7,2026-04-16 17:04:01.540880+00:00
fe0741a3-4dab-48f9-8877-594987bc8046,8886a0c0-dd47-47f7-989b-9381ca0597b3,2280.3,2026-04-27 03:28:58.429500+00:00
52cb0303-abf4-4a8e-97b5-8b0adbbcfdaf,a5272ebc-17ab-45b3-ba6d-88b9a11f7850,2829.49,2026-05-16 17:29:36.743508+00:00
59dc8b0a-f5d6-4afa-b30d-0c2981b92720,a5543997-e631-4497-b009-abe9f812b4eb,3096.15,2026-05-22 14:24:43.202341+00:00
e79c2c56-f5db-4fea-b2ee-d6a022c7adfa,4ac94150-8530-4107-ab85-e2cf4dbb3fdd,2593.67,2026-05-29 08:48:36.190761+00:00
7ab1e22d-3980-4f27-9f93-761aa9cf5c69,f32fd889-4dd2-4998-b22b-242a0f538c85,2517.0,2026-03-15 12:13:08.956727+00:00
63c05c3f-cedf-4b35-a9c4-7585067c6e90,d94c702b-e4d7-4165-8e5d-e47faeca1418,3153.16,2026-04-02 22:58:52.467053+00:00
63bd6655-5a97-4d20-b586-409826f1bebb,c4a82e74-71c6-4927-ad7c-2d3f699e6a4a,2796.8,2026-04-04 08:18:10.028004+00:00
c9022d05-4a5e-45ee-a102-3ff77a684b8c,0b0a66f7-82a5-43db-98bb-c0044d2ce444,2689.69,2026-05-01 08:17:51.493701+00:00
e1998eaf-cf89-4591-9675-ac9c84d558cd,d7395356-73c2-426e-8d51-f91568cc2ee9,2528.86,2026-05-11 13:11:28.936042+00:00
7bf96894-b5e8-4ecd-a559-856207340948,8b8215e4-2227-4974-b44b-d220052f2955,2764.76,2026-05-17 06:40:08.009913+00:00
1569f5f0-789b-4128-9fa5-1519f4e6f5b8,39f64d14-9eae-4070-a0a5-2848df08c305,2326.46,2026-05-25 17:53:25.391788+00:00
9569d7f3-f7ca-4beb-9e00-110e0d532dc3,d43808bd-8a06-4847-a3a4-47c4f4704718,2633.34,2026-05-29 06:40:28.802688+00:00
75e1167b-1407-424a-9827-99c3f8dac5f8,0d786161-362e-4adf-9002-64980d3c5c1a,2633.65,2026-03-25 19:53:23.910847+00:00
b8576f6d-453e-488d-a525-f8513f66360a,f139d181-36a6-4c2c-9b0a-8e8d2e82a25f,2616.13,2026-04-03 05:41:42.246210+00:00
7d9d9913-bd7c-4586-8e2d-b72656e7213b,5874f66b-721a-4001-93d2-c88b560158dc,2512.04,2026-04-06 17:01:32.738003+00:00
2dafe019-9c1d-460e-b3b7-eec8d2cf3a6c,388e0d6c-5dcd-4813-8f70-83d69699bee0,2527.67,2026-04-10 03:14:19.728136+00:00
0d63e29a-dbee-448d-9553-ee75ebec311c,6cb72791-7404-487a-8052-710934e760bb,2561.85,2026-05-05 02:07:49.892445+00:00
159db4d7-4a44-4853-9662-0f9f9c239a77,6186214b-acef-4cf0-8254-3873346510b7,2471.79,2026-05-06 15:02:08.486597+00:00
eac75f1f-b428-49cb-a3cc-0dad0cab74d4,1cfc8709-3dda-4481-b9c4-1bcf3b6e8bce,2631.42,2026-05-06 20:31:49.043873+00:00
4f2dad60-c24d-437d-8aab-a217e1242d16,0aff5755-eb24-49dc-911b-9840c08dc189,2577.52,2026-05-23 17:07:21.497479+00:00
f1ad3885-8cfa-4e14-a36b-1d9d5b1044e8,9885778c-3a21-4a09-8d6f-67a35841107a,2632.17,2026-05-27 16:42:29.268952+00:00
aae11cf2-ed2f-4918-8a22-08e4239e7af6,2f2a8cd5-5136-435f-88df-ef27b388fec3,2399.9,2026-03-13 07:05:16.673111+00:00
2b687522-0274-463b-a338-41732a73feee,9fb36289-d683-4a35-b9c9-94ee330d819c,2486.1,2026-04-10 02:42:14.291426+00:00
591a9254-67b8-47a9-a7a4-0299fe3a3fb2,36634df1-5a63-4a1f-92a5-ec28e06b92c7,2542.93,2026-04-10 08:54:59.121902+00:00
07939860-e974-4c6c-9294-a886293cef90,31fcbd3d-7d3c-4392-a42f-842179001dd5,2302.98,2026-04-15 09:13:37.658670+00:00
f2af6886-4b5c-416f-8ade-8612b5e1c432,11d8ea9d-2aeb-41d0-9fe7-8f6dc719c11b,2496.82,2026-04-28 06:04:46.859120+00:00
484854fd-cd0e-46ac-960b-c843227114ce,f249aa6a-b13e-4d17-837c-971e646ac6a4,2502.5,2026-05-07 17:49:42.793900+00:00
2ee3fd93-e5b4-4b0d-94df-b64360d0a082,0f3fa71e-ec7b-4686-9dc9-a23cd5c3feb1,3380.99,2026-05-28 18:20:56.465213+00:00
6776b90c-41eb-40ea-b618-58e5c5acb281,a720b39c-416e-4562-8c9c-3c8c47fa4fd6,3556.49,2026-05-31 20:33:26.642846+00:00
6f32d691-3472-4840-ae2a-d676b44d5f86,7a1cec82-d16a-4fa3-bf60-dc04fd879e7f,3414.99,2026-05-25 06:04:07.707508+00:00
97f58b86-d953-4513-9f32-da263092c6bc,ce1620ae-6ca5-4b42-85a8-33a3c111cf81,3342.14,2026-05-27 02:29:01.695099+00:00
78888f28-2e16-434c-bb16-5bb2211b913c,74becc26-fdab-4db9-9fe2-aef166068434,3477.22,2026-05-31 18:59:42.231628+00:00
9aa28341-9055-41c7-ac11-71d879c1ed85,080b9a0f-2dfe-43a4-9413-e2cb86e32b5e,3277.51,2026-05-24 17:24:29.194566+00:00
7d3a0716-fd9e-4ac4-a279-0be4b2240e9a,241ef088-bb5f-4b2a-a538-19c1ee267c76,3423.99,2026-05-20 11:03:10.837985+00:00
3f0c1977-0de2-4a26-9a81-c9d7ad5f5a2a,951e46e6-f85c-4136-b169-a766b49aa804,3315.86,2026-05-20 21:59:22.832266+00:00
741611f5-598c-4b69-9c34-dd84edb4532f,f411b827-8345-4da8-a36f-a23fcf9a63b8,3722.82,2026-05-22 08:15:41.025287+00:00
e3a148bf-33ba-446f-ab88-9e7a750bdc45,da9a95bf-09bd-4e7e-a3e6-f9f6a5ba2c1b,3227.34,2026-05-30 11:13:05.512645+00:00
070f5421-d930-48d2-ace2-962d5cbd6473,ebe50bb4-051e-4135-bdaf-b7ced69e13f5,3266.28,2026-05-22 15:26:38.002789+00:00
8288fa02-3988-43f2-adcf-67bcf9615fe2,e4d89a63-ab9a-4e50-80c7-ac776a28c4ef,2814.39,2026-05-25 00:01:10.092980+00:00
e0b1a217-9195-4745-8770-702d65ae9def,b2b07d85-517e-4f3b-9a53-f2bb864c9120,2948.85,2026-05-31 05:14:33.488286+00:00
f1fa0972-22ef-4fd1-8a4a-ca406c7ffc29,7e3af6fd-ce48-43cb-9357-dd5d22d28256,3494.18,2026-05-21 04:35:25.164840+00:00
0d09754a-0b83-4882-b8a3-f15cdc9b5110,29347971-29bb-4d17-ad01-dfb1b9e52244,3450.33,2026-05-21 14:49:01.608581+00:00
b24a6b10-930f-4b0d-8e0e-6b480e6d6cc0,b396280e-e8ad-4671-90ac-0f4e8258f90f,4064.31,2026-05-02 23:06:23.459920+00:00
c8e33863-cbae-454d-8bd4-b2f5eb898b09,9407cf8b-efe8-4ca1-b182-6ba2fc3e5fb4,4116.77,2026-05-22 08:09:30.616126+00:00
0a880048-d807-4baa-9a42-427370e7efe7,de13d4fa-d636-4f50-ad2a-cbb444b0a816,1542.16,2026-05-17 05:53:18.521962+00:00
5a2b769d-7f11-4b58-82da-8148044e017f,0203c0c3-c0bc-4b07-a21a-c39d754934e3,1625.14,2026-05-20 15:20:07.196323+00:00
7eddaaaa-ebfb-4635-821d-5369ffc48aa1,94025e1e-452e-409a-8b4f-521d68d657a5,503.58,2026-05-26 03:22:02.550600+00:00
fab631ad-c0ad-4ffa-bbcd-dd3ccd03eedf,4c3a3341-5e13-49c6-9f62-355747f68d91,4196.28,2026-05-26 09:02:04.359446+00:00
d03cb92e-5305-44f5-a013-4819aa1158c6,b271bc18-bad1-4ad7-bc2b-73adfdbd3799,4137.45,2026-05-27 02:02:58.064668+00:00
8c22fec3-fa16-4d3c-8cf2-f8b9bf7e9b46,bd312d82-2c57-46a8-affb-2577da5b47e2,578.35,2026-05-26 23:32:27.839404+00:00
b65439d2-8f3a-4042-ab54-6f22276cf37d,901656ad-0a5e-41f7-8e6b-023300f60e39,486.0,2026-05-28 17:49:53.223460+00:00
b608a18b-5128-4a5d-bede-f62f76b3ff28,98c3e213-74ad-4b2c-b099-2bd948da02f9,4126.42,2026-04-17 21:20:52.759932+00:00
55ec37dd-1ea6-44dd-955c-f16ce2677d73,dedd52f6-c63d-46ef-9af1-f5332da2fe7f,3416.76,2026-05-09 13:32:08.488045+00:00
91dbfe2c-8aff-4866-96ee-4f3bdd9f8691,dce7055f-d3e9-4687-af69-c35f5f23962c,325.28,2026-04-13 12:18:30.992969+00:00
317239e6-30b6-44e9-bc08-4bc5bef3dcc5,c6ab544b-ea7c-4f06-8908-6823fd9b105a,426.12,2026-05-15 21:24:04.855849+00:00
3f814674-e58e-49f7-abe7-cb2ef9d23a1f,fdf44bd2-8ed7-487e-96fa-c1c36a962c93,318.09,2026-05-18 22:32:53.929399+00:00
53a2e3d8-d078-4d23-9ef8-f8a28a1d5c6f,51609bce-2c28-4708-a8cf-1140be08e11d,765.08,2026-04-21 08:54:24.747183+00:00
8f94afbb-2304-4217-8421-26d2ef5899dd,c1909c47-8ba9-4fda-9b63-d0db58750ae7,2107.5,2026-05-18 07:29:39.409472+00:00
fec12bdd-df2b-4eba-b34e-4b68d648136c,ddb10784-51dc-4e5d-a4fc-924871caada3,1440.33,2026-05-19 17:38:39.032473+00:00
bc7c9c3c-70b2-4446-9630-3f5a7a368e95,4208b2d6-02c6-41b5-9d47-c8180521c5cd,2782.41,2026-05-31 04:20:11.907224+00:00
825523d8-160a-4fe6-9294-05e6a78f4b6e,e48b97b6-282a-4dc4-8f0d-8fd1478a40f3,2923.31,2026-05-10 13:12:51.961663+00:00
f646934c-7c2b-486f-b5a2-91f3e5c0decd,399d1088-7d59-4f15-a5a5-3b5b84331682,1815.4,2026-04-21 23:50:55.577449+00:00
1260f0d2-eb20-45fe-a211-0a37599c1fda,4a711a03-5479-43f9-b9b1-fe50bbbf044b,1546.15,2026-05-08 11:47:06.407624+00:00
c168b82e-ab23-4186-8962-8b575a23a605,d73a36cf-f354-4e17-92af-9aba41bebd61,864.0,2026-04-23 13:14:37.720303+00:00
9da671c5-ad58-43b5-ad01-127382239705,49486b4e-c7a7-48af-afd8-db940d02377d,627.1,2026-05-09 23:14:46.247127+00:00
7d3a750f-c4a6-43fc-9141-1ee75880e7c4,f453ed00-b2ba-4fb8-a7c5-5b53d9a6b36a,4370.56,2026-04-18 18:21:24.550140+00:00
b09a59c2-ce0d-4888-966d-cf4120bb6dd9,8da3067c-9c02-4182-98aa-d2a889cd7984,1449.21,2026-05-01 07:50:10.567376+00:00
1dda6284-070f-49ad-888e-31b7e0e112d8,d935ed09-a6df-44d5-a61e-8fa0f2200749,2832.27,2026-05-12 00:19:29.089455+00:00
4252b269-2e3b-4ea9-ac85-0443e47900f5,3b553934-7c4c-4b40-8a28-2c501a39c498,4060.51,2026-05-25 23:52:41.084392+00:00
92671990-ca41-4fdb-8cf8-9701c8d229c2,38686087-9c77-4800-b854-c57d4b08a781,541.05,2026-04-11 11:52:56.178611+00:00
788d11fe-5969-48ae-b022-76015343794b,8b601774-149e-4f90-9404-55a791196ada,715.72,2026-04-12 11:25:31.860494+00:00
43f1d6c8-ad59-40b6-8816-5a175faa80c9,25ac899c-e099-4509-a2aa-5b6c79636601,1001.47,2026-04-24 05:32:03.401596+00:00
1abe75d2-97bd-45f5-bbe9-90cf97c5f30c,ea1036a0-0dd3-4043-960c-6d6dadc2d2ab,399.2,2026-04-27 14:15:48.195741+00:00
f05f6f41-10a9-45d1-bc76-ebe0a25b7639,fbf4a133-77ab-42b6-b0dc-a0c7c39394d4,892.6,2026-04-28 23:26:09.940512+00:00
98bb39fa-d31a-40c7-a3cd-ac26612542d1,09c0a981-4268-4543-805b-9a7bd88969ca,526.02,2026-05-11 13:03:32.426175+00:00
3fa1aa04-ffcf-4ae6-95ca-6a594ac83473,86922069-0e87-41b7-b2e0-05dc476b6665,1174.02,2026-05-19 22:30:55.644344+00:00
1013f6ed-1f0a-4916-9889-a95dc3b491a2,2f838ee0-efb0-442a-9d84-dc8e78e57cba,1426.47,2026-05-21 05:23:30.760886+00:00
41d5a13a-c3d2-464d-9750-65b681486e3b,454ce6b8-f580-4f87-8be3-21a6a926698b,428.46,2026-05-24 09:11:47.323256+00:00
ae3941ff-de80-4dbc-be52-8a214f1be138,8b772c76-413a-4d93-86f3-6fdab0abcb55,1581.86,2026-04-30 10:34:27.033424+00:00
8255e3b0-6d6c-4da5-acd5-274944f0ce3f,a22c5619-047c-49eb-b7c9-2878b12f258f,2278.1,2026-05-01 03:37:15.933960+00:00
d23bda95-6065-4705-9a0d-c06f3d76ba30,d13219b4-c283-4e83-ad4f-68dd117118f1,2047.53,2026-05-01 14:01:32.043050+00:00
38d7e2e7-dd8e-487b-a8d4-cd246facab74,59d6ebe8-f058-48b0-8cbe-bc9097514c18,3084.31,2026-05-07 17:00:34.371137+00:00
46c4067e-c26b-4837-b61d-53db17d0dc72,80806efa-c60e-42ae-9771-53b4ab32f70e,2143.8,2026-05-13 23:16:00.641795+00:00
9e4ebb0f-b6ec-4b9d-afd8-55bc18cc537f,b4849be3-299e-43fb-9c52-0d757aae76a8,897.42,2026-04-09 18:59:36.997124+00:00
d259a98d-8a6d-4413-b646-974ef9be1871,307b3b6d-0a08-4302-95b8-b14f1e31ec8b,10.0,2026-04-25 16:35:34.354525+00:00
00653658-88ea-4b59-82fe-fe2ba608d4db,f1c25e1a-41a2-4f30-a243-7c4b31ffcd3f,1054.06,2026-05-03 04:52:20.015317+00:00
82becf8d-0b59-4774-8767-f6eb8c142eae,10548f48-aece-4ed7-b3f3-924504ecf060,151.22,2026-05-20 23:56:58.409687+00:00
94dcfcae-8e99-4686-b5f5-a423690e5e61,8a27cedd-bd74-4169-9f67-da5b347e6c31,1177.79,2026-04-09 09:16:19.731070+00:00
a98e321b-5be6-46fe-9e52-08b1ab867853,999dc3e0-7249-4f08-9c59-587639a6b595,1471.22,2026-04-11 06:27:08.607775+00:00
f35d1c9a-b8c3-40d4-8151-4b8fd482ba09,221da4b7-8608-416e-87fa-431435475af3,1469.04,2026-04-11 09:51:20.781393+00:00
a959fd0f-fadf-4eba-955a-336f47c841a6,1a40cbe3-247b-4651-be94-e89afaa3321a,1738.67,2026-05-01 00:58:54.618491+00:00
424a17a7-941c-4034-ae9a-c19dbd22ede1,36b6f56d-cb00-4151-b454-02730a16a30a,1144.47,2026-05-03 21:08:16.350870+00:00
1d88b766-fbb7-4216-9e45-7c48e281df38,a803639a-aff2-4e00-a672-8444bd52f8cd,2635.24,2026-05-07 05:14:28.235000+00:00
1cf130c0-f4ff-4e31-8e31-ef8e3a9396dd,5c242133-3d85-4b89-a2b2-73ec3aa37147,1591.3,2026-05-10 18:57:10.806712+00:00
b845a657-5934-4b60-ad2d-02b63745b037,70fe2ffa-1d2f-4862-a136-ca91df5a03b8,1335.72,2026-05-13 00:39:29.415733+00:00
1b54dc78-29c8-41f7-8b75-cb2e24261a4d,e4bd8fec-e0d4-4b56-b2be-9a74b1548113,34.35,2026-05-21 00:22:37.748007+00:00
a5124dc8-a7b7-49bd-a745-ff27676c2268,6ac9b745-b4a7-469c-a4e2-4b808b97bb6a,2558.45,2026-04-18 15:38:49.339411+00:00
22317d3f-7953-41ad-b9d3-2f573f1f5753,6f6232c2-2674-4fb5-bff7-ffd57deadb45,1576.47,2026-04-24 04:22:26.074811+00:00
f228c3a4-7b43-46a8-adea-aa2266eb2d60,183a2ea3-0be5-4f89-bb82-fde7736d2afc,1022.28,2026-05-17 06:06:24.793287+00:00
24c1ca8e-1189-4643-875e-a36e749b6c82,fd884194-61ce-4496-a5cd-ae1e420c93b8,275.24,2026-04-13 02:51:53.125776+00:00
ab4b1f11-a4b5-40b8-95f7-508eba2c5bed,f2288730-47c1-4942-9163-3b641247ab49,215.19,2026-05-08 09:36:28.655476+00:00
f977839e-f006-4a2d-85d4-c75f953eadbd,3996c7d8-5306-4012-8561-1c918823c9f7,239.65,2026-05-09 07:32:09.649315+00:00
dbe1da3f-e073-4bd7-a0fd-893958d816ae,6c00927b-56bd-4ab6-9be5-a12347c6729d,347.81,2026-05-16 21:02:09.303756+00:00
45adfc56-dd46-402f-8aaa-e3f15e83874c,c2f88cce-3893-4baa-8f43-9addbe126de7,340.44,2026-05-17 10:19:16.149661+00:00
838b8494-4805-4f9e-9a89-510c8cf1eba1,96cf2cb8-bf8c-409d-8df4-435388034a13,202.29,2026-05-24 15:10:43.261491+00:00
3e72ec5f-780c-4ecf-a549-1e2f310c13b5,7bb1dfd7-0871-41f7-a38c-51f397c00ebf,215.06,2026-05-25 08:13:08.211535+00:00
b64d63ad-cc9f-4bb7-b8e1-41ab1c6759d0,f0a022fd-50e3-4679-9273-27694cced8fb,74.27,2026-05-27 18:43:59.714831+00:00
5d75d001-d3ec-4816-ae4c-73663ca9b49e,489e1210-3162-41da-9897-f51b75350174,319.51,2026-05-31 04:16:44.150032+00:00
83f64d5b-cb24-446d-bd3a-553b47d823e7,ededafc6-c3dd-4e9a-9022-7a6353e6bca0,4054.82,2026-04-22 08:11:44.811833+00:00
26a9598b-7e22-488c-bb54-8329191cb2b1,9fc70cca-98ec-49e2-b118-81d58546f697,1542.85,2026-04-25 16:08:53.115759+00:00
62b933a7-9ab1-4117-bad6-3834cd57f11e,051da4ee-4774-4588-a791-da72d487cdf6,1405.46,2026-04-28 14:36:40.758167+00:00
37739c1c-af9c-4ae6-8317-102784d55648,61214a06-b610-44c3-9f7b-eeaa81daf155,1684.48,2026-05-05 14:52:00.676000+00:00
aab4665b-bc36-42c8-bb3b-e96046f5dab0,a0166ca2-4b60-4ecd-8559-e0619dd0a732,1668.13,2026-05-07 01:42:38.777838+00:00
41b40069-69a6-4a6f-b080-5418c1e96eba,345e5348-6adc-484b-bda6-9a1a46ae16d3,1787.81,2026-05-30 02:02:20.747210+00:00
a135eabf-12c4-4217-8011-220a60b7f0c8,230706db-bb7e-4a56-ba43-7337da959031,10.0,2026-05-30 15:20:49.780879+00:00
a1e5a7bc-2f8f-4cc4-b66c-f97201607a1a,dd0b968d-86c3-4d7a-97b8-77cacffd2c83,4374.96,2026-05-30 19:54:45.349208+00:00
1d0c3645-c1f7-4f8c-b81a-831efba2606c,e892c470-eb9b-4f7b-a8a1-fb649088ed42,4279.09,2026-03-31 02:30:28.594363+00:00
44ed5f76-ebaf-4ceb-a6cf-247ebebc420a,1e0746b6-47ed-4146-bf91-5b3c52cb8872,4367.68,2026-04-21 17:16:15.715834+00:00
620ee6ef-34c7-4fdb-b216-33eff9db6147,b6911382-a1ca-4f2f-ac19-5b8cad421d4f,4334.6,2026-05-27 15:24:27.401508+00:00
8a996d0b-3147-4d2b-a791-3787599a10d7,caaea52a-5737-406d-9c6f-4253ddf3bdd0,4358.83,2026-04-06 18:12:02.833373+00:00
0affe5d9-7b71-43fd-999d-c55847c32d33,3cbe0440-e599-4b28-b89e-5fdc55c61d1a,5212.77,2026-05-13 15:49:41.699688+00:00
67fd68e7-b25e-45da-a1bb-a79bf60a7cac,818c2cc3-2e19-440b-8638-605a60fccc1a,4596.25,2026-05-14 05:00:08.257838+00:00
a55044ca-16cc-4468-8a87-636d16f8d514,c7666089-2247-4ad4-905a-816dfec5dd4e,4601.59,2026-04-10 09:11:25.207380+00:00
75618484-8849-48db-82d7-63b809eb682a,1dd9562e-cb9e-4ede-8b73-e12588f13059,5426.29,2026-05-13 23:14:21.470615+00:00
2bc977cf-5118-4785-8b7e-69d6004e7795,9d86aab3-7f0d-4c5c-b584-ede8d8b83832,4758.32,2026-05-17 05:38:20.597980+00:00
fb9d9fe0-6f4b-4bd2-8447-8462c8d6b844,dba9faca-c9af-4e66-afba-b05e431fbf61,3818.62,2026-05-22 09:18:35.402345+00:00
08964d5a-4c66-43ce-8169-cec77dc2ee43,c6608fca-b644-49b4-8f93-a05c26ff5efd,775.02,2026-03-21 14:27:03.428366+00:00
20b11b0b-9153-4489-af05-95433391c24f,e22fa09f-27f3-4974-aef9-a8133775a993,2889.33,2026-04-04 17:42:23.181279+00:00
4219b25e-00ed-4c23-86fa-622a4515bfe6,cf5f5c2a-e2a2-43b8-ae5f-1f9d2902f17e,5307.15,2026-04-07 21:43:33.608566+00:00
438af88d-47a8-44e1-8af2-eb218bef0c60,bbfc7fd4-66f8-4e82-95c5-c71f7cf29b09,5694.27,2026-05-01 04:13:30.560444+00:00
e3d7cdbc-0598-499e-95cc-cff40f9be159,36e193ab-1f35-4b15-9aa8-e13a0841e44c,5976.85,2026-05-09 18:25:26.258030+00:00
e3bac2ac-ce14-44de-9472-7c024ceee80f,b3b5a694-38b7-4eda-ac9b-fc32f2a63eeb,2056.49,2026-05-30 06:39:51.238454+00:00
8a23626b-4df2-4254-89d2-3ba7d15642f7,77f0de7e-327c-4e0d-8b96-898e3e30a40c,4535.18,2026-04-04 04:23:22.108511+00:00
3994ea8a-b0b9-41a7-a559-82f11fb0ad62,51564c71-7975-4a94-bc9d-09648901f89c,419.47,2026-05-09 17:21:59.666631+00:00
73aece60-1c59-4d3e-b7cc-1e461639585d,a2d96c8e-a0f0-48ae-a050-e482619dd98a,647.03,2026-05-10 01:17:05.573810+00:00
6d6422bd-578f-4438-9d4c-67dbcdcf2ac2,de15b847-d442-4432-95e0-ebf14e31a992,1567.7,2026-05-17 07:25:13.084052+00:00
734044a0-2cf0-41fe-bc2c-4d0f71fdd75b,986d5df6-08d5-4970-819d-81511287e706,10.0,2026-05-18 06:39:29.214370+00:00
54abea8b-5bd1-4811-8cea-2316b7d84f69,e12c1668-6a43-4a79-8537-cf7d453326ed,1933.01,2026-03-28 22:04:08.147982+00:00
0e7a228d-c94b-40c0-acf1-dee34ba28db0,ce68569f-67ce-47cc-abe5-b20eba7c8012,400.04,2026-04-01 05:33:46.108910+00:00
13bc568e-2219-413f-8a90-b93a164f6c16,0dcb0c85-8a47-4d8e-9360-609a4d4a0139,2094.0,2026-04-16 10:04:27.167881+00:00
8f06d3c8-1be1-4c7c-90f6-49a4fd0c2715,0e0a41d9-d083-402e-96f7-40955bd78798,4508.92,2026-04-30 22:21:41.933778+00:00
6fe4a760-f462-4141-ab65-2dcf1eac8626,8f2e3f4b-3281-4e61-b18d-8b235f208852,1962.28,2026-05-10 00:04:23.864630+00:00
681db3a7-da67-4429-9c7b-b7cb9dd60246,590d875f-82a6-46f5-a136-93eeaa160a48,1871.89,2026-05-22 13:50:30.062055+00:00
04ecb08c-f9b1-4603-9486-46ec1d61686b,2b182a16-b666-46e8-a75e-6d28350bd825,78.25,2026-04-22 22:44:49.868279+00:00
e1df2fa3-401e-4966-9cf9-1e696e54f488,d5403e8d-e5d9-42bb-b703-b029b5966ff5,10.0,2026-05-02 07:03:41.543173+00:00
f2a0a0e0-e5cb-4bf1-bbca-dc965fa89e2d,384b925d-53f2-4e79-bfd7-62f3fdf2fab5,854.63,2026-05-09 18:41:53.997897+00:00
acf14d1e-c0ec-4198-8833-9f189afd1475,086d052e-f864-4154-b62d-2701e0bf97b7,465.35,2026-05-12 04:01:30.368177+00:00
d38b00e3-80b5-4363-a58e-69d1bb0f68d7,383aae0f-ff6b-4a8e-ac74-05e0f5373863,7583.05,2026-04-25 15:00:35.660010+00:00
17acaafa-1ae3-46f1-8f7e-8ae63f382f3f,7915c2bf-cd6b-4525-9c99-1f2ddaad9f6a,7098.52,2026-05-08 10:50:37.831000+00:00
e21c1b39-0552-4585-be00-2e31450455e6,2226ee91-7bef-4341-9522-3841b32b52de,5792.6,2026-05-21 11:37:35.761335+00:00
05b8e115-e190-48b9-a729-d266047ddb7c,121adfbe-1af3-4143-b6f6-2d1dc97ae9b3,94.9,2026-05-23 15:13:11.550575+00:00
f2753781-be5b-4191-ad01-5bdb2525d25f,ef351bfb-9e0e-45ec-a8fc-b69d4dabf838,10.0,2026-05-25 08:17:31.429181+00:00
2e6fa734-5440-43a6-83ea-eefa193974fa,bac6ce89-048b-458e-ab39-04720d5cdf34,782.99,2026-05-23 06:26:48.797553+00:00
c71f0c6d-9150-4654-99f1-85d41d281046,ae0c21de-fe3d-4f12-b769-10a2835d0681,896.91,2026-05-27 05:34:53.728890+00:00
762515d7-3620-4ad0-a756-da48da733980,be68b613-04cf-4878-8e89-4c55644c4b0a,675.38,2026-05-29 10:17:27.189138+00:00
ea8726b8-62d2-48ea-af5c-78a0fac880d2,b821f55f-a286-4f99-bb68-1ba5d9103da5,3521.55,2026-05-29 17:50:58.651051+00:00
6b7aa6f1-88bb-4a75-86b9-fa1f72f2702a,231879b6-4c16-474b-b861-ef096f7c0217,5317.23,2026-05-29 20:07:40.616392+00:00
1b01df7c-c1d9-4330-810b-296ed8da04ac,a2bb787a-65d7-4cd7-b044-fa254465d04b,4001.5,2026-05-30 08:32:21.625646+00:00
328c4f69-daac-451b-b958-1bdb8a00e90e,4a34043c-4979-4a47-89bf-dbb7a7a838d6,5973.15,2026-05-30 16:41:44.162931+00:00
be94813a-bd9e-4ac1-b9f6-c4068302d249,0ae63034-9e2a-4315-b613-49420cee721d,2455.9,2026-05-30 21:21:50.541151+00:00
b2bb0028-f2dd-46a9-a33b-5205b6d420b5,5479f3bd-99a1-46b1-9ec7-97f0ce906fee,2274.65,2026-05-31 07:31:20.561358+00:00
64100096-5fc2-4a34-90b5-fc87e38556b2,3407cffa-689d-428d-86f2-2d0d38d9f3c8,3973.4,2026-05-31 16:56:52.531152+00:00
0dbd0a42-396a-40d4-8ba8-86fc79717508,3b0150cb-f3f8-4171-ab81-0e6bc0d59d8b,3433.8,2026-03-26 02:59:18.664240+00:00
29b39d25-56f0-4023-87df-9c605c0f2dee,366908dd-9a78-4787-8f25-3d3258821765,2721.33,2026-03-30 03:38:40.441985+00:00
bbb675f8-ae0a-4eb4-9658-93bcfe421ff4,fb69746b-f674-4714-9d93-9c10b0b15d8a,3436.43,2026-04-28 12:28:57.062126+00:00
334d5974-45d5-4cdc-b0db-203326fcb3d0,0fa4d812-8228-4574-9166-818693f4f045,5092.81,2026-05-19 23:47:10.913090+00:00
98182687-cf17-4b3f-8d72-c1e03c0dfb43,8284b150-87e7-4636-a514-d473cc2c9928,1877.63,2026-05-22 17:46:06.323432+00:00
7f4c2d32-d40d-45e3-83f3-c96c5ed06f59,c03010a7-4904-45a9-9360-d78247147301,2406.19,2026-03-25 03:20:44.998057+00:00
f58e242e-2deb-4f25-a32e-df5931c2142e,857529da-9028-4a0f-a38f-45594ababf50,194.9,2026-03-31 02:47:05.164314+00:00
5ec7973b-4086-413a-8fcb-2027a85d8295,2cab4b24-eb46-4ba6-9539-15ba04c93768,10.0,2026-04-02 13:30:02.775187+00:00
97edb3f8-5e12-445a-b214-03b333c5481a,1c0f3b86-5264-49d8-bfb8-6fc6fe573645,3747.86,2026-05-19 05:40:13.555711+00:00
9cdc16a4-9596-4300-8e3b-7418cf854ef1,22f832a4-382f-454f-bb11-59e28154970d,5077.8,2026-05-26 23:23:35.813960+00:00
c52f005e-ef27-49cb-ac2c-45e5231978fe,87713c8a-67d1-4a3d-af5a-c7bfc07cc342,5204.44,2026-05-31 15:31:34.420332+00:00
a33a5f3c-51e0-4420-a57d-910f2366bcf0,5c2421ae-e051-4631-a85b-69e0e9d26181,2545.88,2026-03-31 01:52:48.693867+00:00
46811eb8-06dc-4ca6-909d-c33e1d117f20,78108781-b79b-4855-a4aa-32c04f5521a9,2940.36,2026-03-31 03:07:21.717994+00:00
d26bcaba-023f-43ca-80bc-c85c59f47001,492b39e3-aa79-4b6a-a9ca-eaebec16de83,2336.3,2026-04-13 02:42:35.671335+00:00
d3eb64cb-5d03-4ee9-a9cc-a4935d9dd75b,6e796210-3543-45b1-9e64-682a9a5ac6e9,2315.76,2026-05-04 18:39:43.304755+00:00
aeb12a91-9b3b-4cf8-9c98-5ee7559c3449,a1b62405-0e10-4b19-a1b3-07f0c8df4f11,2602.66,2026-05-08 16:23:30.509877+00:00
37dc74ad-8314-4c30-bb75-9346a5b5e23b,ebcf2db2-8d70-4cc8-9f41-3f250976e542,3713.21,2026-05-11 15:24:54.260014+00:00
87185bc9-33bc-4c1b-900d-5084cd191146,90935fb9-6d96-4417-a5f3-fbde4170b8da,2932.15,2026-05-15 00:40:00.117112+00:00
429d7863-7e62-4239-8edd-0e41d229ffe9,eb1737eb-1e55-42a4-9191-2ef126d28280,668.9,2026-05-25 13:35:20.174583+00:00
9eb4c0c3-910b-4676-9711-9bbca3e156e1,20b2dc01-ffc7-4cf0-be35-b0784e5e3002,2289.97,2026-05-26 10:08:13.596362+00:00
f4cb7124-f766-4cdf-b546-c89174767632,2a656536-e2a7-400b-828b-25c8c84dcd9e,1407.89,2026-04-11 22:02:17.918494+00:00
02e2a4df-75fa-43ba-8b77-9516dd5690a3,4c0c12b4-aff5-4ab6-8b9d-bac5d70b3132,10.0,2026-04-17 07:23:27.728540+00:00
ae5e6557-0852-4d6a-a9d7-f932654ac3b6,55dd6efd-7535-4975-ba40-ac0896305978,5623.46,2026-04-26 04:56:57.360138+00:00
d5ee636a-7509-4461-9a0a-9c9856cc21cd,2784b93a-ab9b-434e-af69-597144f19eac,4823.77,2026-04-27 09:57:05.399348+00:00
8617ead6-6a75-421f-80c3-cd5b1da2ad54,9e635823-ce57-4757-a601-c845542e1404,3990.99,2026-05-03 07:32:47.774941+00:00
0d39ec62-07a8-4c87-a6aa-919cb0e47df2,9ab4afa6-1f7c-4a7e-ad32-d2a733969fd8,1351.25,2026-05-13 22:21:33.898659+00:00
8daa6b69-63cb-446a-86d9-25a5b0655924,ef0aae9d-af56-4e88-8904-5f899c407f23,5290.42,2026-05-19 20:22:02.874392+00:00
41282e34-87bb-4b18-92e6-21bb164a9d01,ff0d2f11-db7c-48f4-8cc0-c5f828d23b0e,1410.61,2026-05-27 05:36:40.168328+00:00
b7fec0d3-393d-4fac-b9ef-3662bb1abd1f,9e7ee6f9-1933-48f5-a47d-4d013c800396,5078.02,2026-04-04 03:18:01.269207+00:00
094d91b6-0851-4578-a8e9-f28f112844b0,b0672c58-8603-464d-9869-d379d7f3eb73,1791.75,2026-04-12 06:13:28.945743+00:00
267782f1-da73-408b-830c-532ac6341968,c443194f-9071-4bcd-bbce-926ee03453d4,4051.66,2026-05-09 15:14:39.534764+00:00
d4c0a950-c3c1-440b-8434-04d5b035dee4,21b8f5a1-e84e-418e-9eb7-6932af7a15fe,10.0,2026-05-14 13:41:53.257897+00:00
c78f71cf-2fd8-4f47-a996-af33da4c24e4,f17f71b6-422f-4db7-bfaa-509145e50120,836.03,2026-05-21 02:54:46.744057+00:00
b4da7dd9-e440-43b9-b57c-e16520ee7a11,31247dc6-ed04-4fdb-8927-f2edf70f81ed,3254.95,2026-05-21 13:58:05.187658+00:00
5bd3bf83-ec30-4585-b2fd-feae6a85eec8,388cb010-2afd-4185-a141-92b730607bab,150.18,2026-05-28 17:29:07.900699+00:00
ea72235a-3ffd-45bc-a227-9816f926cea0,11663d84-ab9f-4abb-ad1b-13583881219f,497.11,2026-03-21 12:00:25.882324+00:00
3dc80952-d965-4a06-a541-c1a071807840,20814afe-65aa-4332-8f3c-aa23ced9a91c,1002.68,2026-04-07 07:58:02.615251+00:00
7e2783cf-48d6-40cc-a9b2-6a3d0f77d46d,b65335ec-517c-4713-80f0-d5c12f7fd7c4,1274.1,2026-04-09 08:28:46.003722+00:00
41d3d4e8-6148-4ac7-8f6b-2e20ba7c951f,a866d3b4-0274-44b1-8449-2b7b493bb3fd,124.36,2026-04-13 19:32:11.183499+00:00
52620175-d8b6-4ef7-96e1-503f87b5dfed,f393321a-a459-4ee7-82a8-c250843b47a9,955.97,2026-04-19 01:42:56.855156+00:00
2cf952fa-fc35-44c2-8c1d-85a3b56041bb,48f5a209-cd9a-43f5-90ff-9401dcd35962,553.7,2026-04-19 04:59:57.321661+00:00
847bd992-9649-47b9-9d08-080a805e08cc,11f036ab-50ea-4e49-9226-41d806a63174,1570.71,2026-04-29 02:30:42.725820+00:00
8b273b9f-7df7-49ff-b630-07b594ae18ff,4c8339f5-3fb0-46c2-9b15-ed2dfe8c38bb,1098.78,2026-05-29 20:58:35.750517+00:00
63f804a3-0a62-44d5-921b-447f92b0acf4,5bacb56b-01cf-4a5d-82d0-5ebcc97bcead,3358.59,2026-03-20 20:04:05.028462+00:00
359f76c7-74b4-48b5-94dc-b50bbbbaec76,a3474ebe-fef7-4f1a-b7d7-c4dd3a05bf00,2789.13,2026-03-28 20:26:39.142696+00:00
b5bb5af4-aca1-40de-a916-a0dfcf2c1495,01387b47-d11e-4f88-95c4-2e3c0223351d,3232.88,2026-04-02 10:51:23.782983+00:00
bb2f9487-a88d-46c0-949d-60ed6863a7f2,1c83181a-55ca-4ddc-822a-aa04ae335995,3893.97,2026-04-03 06:03:18.424232+00:00
51a45963-16cc-4dfa-826f-4765e62ef128,1c578375-4da0-4e86-a490-94cfcd97ed7a,3264.59,2026-04-22 12:29:30.150469+00:00
68b72930-9d74-41c9-a544-29dd070ffb52,f22b108c-12bd-4870-9967-ddec7fffdb5e,5585.58,2026-05-16 22:16:53.478106+00:00
3cef40c6-5525-41b9-a96b-24b2ff01271c,400b17ea-0e25-4f11-b4b6-a1609ad25d4a,4699.34,2026-03-22 21:29:29.255150+00:00
e5a926d1-892d-4ce8-8e95-2eab0d3f1e75,3ac1dcf8-0e3b-4c22-a4a0-3124c55660f0,4672.09,2026-04-30 13:13:03.179506+00:00
c50de696-31ed-47ef-ae87-b63f7a437dd9,e7897563-379e-404e-91c7-28cbe46c4bf5,4504.39,2026-04-30 17:39:07.106907+00:00
60ec6caa-1006-476b-a24c-00500c4d9aef,3769a6db-9d4e-4672-a868-fcca30602af1,4605.91,2026-04-30 19:03:24.428923+00:00
6d4dbdc8-f526-4fba-943e-d15ce0d69c42,45fc0503-cad6-46cd-a718-744420a30ae4,4290.98,2026-03-30 00:10:43.542692+00:00
6600bdfe-64ff-42eb-a8e5-20512486964a,6557408c-3755-4fe3-8919-40a8e9a2feea,5215.89,2026-05-25 18:49:52.128142+00:00
c4e35f93-96ac-4711-850f-c33be6684be8,70e37eeb-859c-4ee2-a8ef-c9c2cd34de8c,3317.32,2026-05-25 19:34:11.086700+00:00
802e1d61-4895-43db-9cbc-c355ba812dc3,fcc03eca-d013-4238-a428-9873b212f04d,10.0,2026-05-25 21:42:14.077237+00:00
9d1a0aaf-49b5-47ec-990c-56d6a0cfb0b9,780542cb-9be3-40f2-8299-6ab8ffa45509,4359.35,2026-05-26 07:43:38.283616+00:00
a79df147-c58f-4dd0-b2b3-2fc9eab5dd5c,c48303d3-b277-454b-8ff9-974e1acc89d6,7367.23,2026-05-26 08:55:51.209515+00:00
0ce8df1c-f78a-4cd8-a675-105a91372f14,2059c63b-a5f5-442e-858e-b21f55cf3652,2902.25,2026-05-26 16:33:08.816533+00:00
0f4d3260-7add-42c2-938c-0f7eb5279226,7c3043ac-8f04-40d5-8d81-f64f942d7bdf,5131.15,2026-05-26 17:38:55.798830+00:00
d3710dca-ddbf-4155-a7b9-7045171bc015,04624c33-4f70-46bb-ba72-8b001921139a,1257.72,2026-03-23 16:38:10.222160+00:00
b604bc50-d4f8-457e-a6b6-6ce75b5e4c01,df66c0f9-ded1-4835-9636-20b8a5a76abe,1003.64,2026-03-23 16:57:30.087225+00:00
ab20802f-b98c-45e8-bbed-7ea99b7ca771,a2e9e593-b659-45f3-ac54-2aeda5c9a4a8,1133.5,2026-03-23 18:04:52.897668+00:00
2bfd0050-6557-445b-8244-6ac3fee205fb,cf8d8d14-1815-4dd9-927e-b7463602ca1a,1584.56,2026-03-23 22:52:49.766997+00:00
e04c954b-8ffe-4534-a48c-13aa62f7e0b7,b1a822d7-d6da-4ece-a405-28884c56aec9,1021.31,2026-03-24 02:33:22.824358+00:00
0494f296-4dbe-440f-a4b6-3358390746c7,26704d31-8c29-4d3f-b5a6-100283052b5a,10.0,2026-03-24 15:58:39.883721+00:00
cd920bce-2132-4094-a7fa-cad418e46380,367ece19-614e-455c-883b-6764f015eee6,1318.9,2026-03-24 15:27:55.339799+00:00
04672220-b2b0-477f-a543-e8cc10c2d877,4554ba2b-1c7d-4ab5-8259-e271d91fbace,612.85,2026-03-24 20:04:30.306223+00:00
1e3d6c48-7b93-4e08-9da4-b527780cca93,0e6a41c7-3ac4-451c-847a-3af957242f56,559.5,2026-03-25 02:01:14.137700+00:00
bf4ef9e7-ff17-44b8-a06d-a66709316133,04555a56-d2b7-4bcf-bed1-148c2b6ee444,1264.19,2026-05-05 12:47:21.629732+00:00
ffec0141-a82c-4f25-8a3e-086284ee1b71,c5a12116-7188-412f-94e3-8ebbabcf196a,880.02,2026-05-05 15:16:15.835445+00:00
4c34235d-f56f-4e81-829c-ae5203162917,833a3ece-c72c-42a4-a670-a71ff358d3d7,789.85,2026-05-05 15:46:14.583052+00:00
43773506-b8e7-4e06-a85f-980be7454b0a,9c58835f-6a3c-4e41-a882-2a8fb6645024,1848.68,2026-05-05 16:00:30.558586+00:00
d6949e0a-d2c7-4cb2-8a55-8caba910349a,0b0c85b3-7647-4d0b-9889-7fbf4efa3de1,1306.48,2026-05-05 17:29:22.805425+00:00
98f0d256-7071-49b3-a829-78d0da5caff6,af3bd8fb-5455-4959-90dd-ca54f896bd30,4452.33,2026-04-06 21:24:04.604559+00:00
88501bed-528a-42c1-b348-8bcc47d9b974,766cadee-655c-4700-8f12-fd0b13972858,737.23,2026-04-07 01:03:32.863991+00:00
a076d9d8-52fe-48d8-9028-4186b81c6ff2,f7280824-84ff-4edc-b396-bfaaf65be89a,2224.2,2026-04-07 05:54:40.009462+00:00
b1712908-e3c7-4a32-a448-d4456cf6449c,6ef92775-e9b5-4472-bdb5-18cf9bd73fd9,1839.86,2026-04-07 15:16:38.361297+00:00
c21c738b-d5a7-4250-9582-6f451fce1829,16456fcf-0041-4080-a5de-bad193fc5816,2988.6,2026-04-07 19:57:13.769803+00:00
44015a1d-1fff-481f-8f3f-aee21836c629,682cff88-a67d-4828-b501-b58606897bce,1641.34,2026-04-07 19:51:58.481549+00:00
6c9687c3-e5ac-4005-85fb-0b1456b5b4bc,389c44ae-6d3d-463e-a3a7-046a73da9bcf,1486.23,2026-04-07 22:21:08.766064+00:00
64f56fec-4b19-4a19-a4f0-b7d0eb78d0e6,e249a443-add3-4564-81f8-4513493d132a,10.0,2026-03-24 15:00:34.200737+00:00
0e913c74-65a3-451c-916a-75ed71b409a8,3bab55e3-9e00-4710-9259-4c1c262b47c4,4888.43,2026-03-24 22:11:39.739369+00:00
23879f29-def0-49c4-9469-1c06c9e9374d,12dcd984-e24c-4d50-b1b6-3e08dad02dc6,681.72,2026-03-24 21:41:46.176690+00:00
c23b3ff1-879d-447e-b5ef-3ca4b6ce8582,aa402a77-933d-4e90-bfc7-b8ea083a2087,2392.77,2026-03-25 01:53:46.691318+00:00
8d0cc083-3b42-4a62-9bdc-7ed989dacfe0,b9e7ed52-3ed9-4d39-8e78-0ec788b5e172,2927.53,2026-03-25 03:10:18.662989+00:00
f523b7ff-334d-4294-8e96-3e065f69973d,a375811e-8920-4f49-a69a-9cfa40b078c5,2322.92,2026-03-25 06:04:30.751280+00:00
c8dc651e-a370-416b-9d24-cc907e881b47,e42f262b-04b2-47eb-b670-b7fc711388fd,219.89,2026-03-25 05:51:37.988162+00:00
4c44cbb8-2b61-434d-bf9c-723b60161f03,fbfef9f6-5188-4696-8a80-2fff7c9ef4f3,4617.27,2026-03-25 06:54:43.059635+00:00
e0403208-34ab-451d-8e42-f1f9f8935be4,e088ecc2-a9d7-4da7-87c5-c8377c110d15,2147.37,2026-04-27 06:54:06.339840+00:00
1c6db370-5701-4b25-b0f7-a47731e340cb,2fc0fbf7-8548-4bbe-9b01-f7b874182f4e,1223.74,2026-04-27 06:43:16.506841+00:00
2643b120-6a6f-4dea-8ec4-55ff88415087,3e152680-fa27-4347-835b-e14d09435cae,538.03,2026-04-27 17:05:10.142484+00:00
accbad2f-a2a3-4689-9240-24a25b488ccd,f819caed-237d-49cc-947f-9ed1dac1b729,1656.39,2026-04-27 21:16:02.243756+00:00
2d6b0cc3-60e1-4c0e-8c2b-1fb968b084f3,c9de4041-0eab-4ddd-817a-093f2da347ea,2711.56,2026-04-28 01:19:41.450701+00:00
e186512f-670a-497a-bb88-d123dd2355b6,04f1fd83-e756-4882-ad90-b37c7ece8178,2946.94,2026-04-28 03:22:38.651845+00:00
23e80423-17fb-430b-83af-42566ac86995,e42ad27d-995d-4c16-94ec-83cd765c75b5,1763.54,2026-04-28 02:43:42.311814+00:00
24ef24fa-b4b5-442a-a87c-180cf1228400,d89e1956-1d4d-40f4-87e9-c0bbf87401a0,3133.84,2026-04-28 03:51:08.838022+00:00
7d3ff25c-069e-410c-9207-5253fca32a44,f44adfcd-0b84-4395-a867-d7e87b01ce4a,2363.07,2026-04-28 07:48:23.585696+00:00
6ead0359-0515-4ec0-96df-0aef2b76e8ce,1e7c383c-2f87-4d5d-80fd-16235ef88041,1285.41,2026-04-12 02:28:58.348371+00:00
b0f58bfb-d2b9-4488-aa19-4986a62b64f9,cb000e07-50bf-4e29-9774-d39664d0f339,1321.97,2026-04-18 18:38:56.502023+00:00
0ffec15f-3f4b-4656-8f97-1cf6aeecc1c8,fdc32a18-84cc-4599-aa83-623a96b79930,1291.25,2026-04-18 18:36:46.282298+00:00
88aabdd9-095f-415f-a109-39e0f2e3da3c,8dffd184-3612-4b32-8c9d-f87de2750903,1197.34,2026-04-20 01:26:56.621805+00:00
37bfff3a-1ae8-4b44-8ee3-d15cb986dcf2,a1c4b9c4-9b87-4ccb-8259-a08598619f72,1205.66,2026-05-08 21:19:09.096012+00:00
4c9746a8-954e-4efd-8d53-7d2abddd276f,26abac3c-611d-46aa-a68f-9a88a3ae5f2c,1223.65,2026-05-09 01:37:07.121098+00:00
7f8a6712-0a75-4641-a6a9-13ce6c731b13,61bec2aa-15ac-42e0-b29f-d7da43a1a861,1328.71,2026-05-09 13:00:42.999628+00:00
d4e7c65a-0848-4c36-bde8-0df64e761b43,8382c56a-11e2-4048-96bb-21fb7ef6c479,2370.06,2026-04-22 08:00:11.934952+00:00
59867893-e80d-4dbd-bf5c-a0e2ff59369f,3c610476-1245-4754-a139-3a695baf04e8,10.0,2026-04-24 14:56:08.769595+00:00
857dbb21-7ccd-4d9e-b1fd-6cd0713e839d,efb9d031-988d-49e6-9cf1-d46bab2ef4ee,1954.08,2026-05-30 07:47:00.092844+00:00
501e846f-2cb0-44c4-b4ed-a8ef8020b61c,b4e3fa17-3abc-4024-94e5-9276734cea0c,1184.17,2026-04-09 13:37:47.143301+00:00
df2e8d28-3b63-4ca5-afdd-044d4e6bf1c9,b587a741-cd40-41a5-aec3-11dcba3e5595,1218.49,2026-04-09 21:40:11.576963+00:00
4f9139db-5a8c-4ccf-81fe-ca34c8ef27ba,bdc515ea-2af7-45dd-973d-def1581ef348,1264.8,2026-05-22 05:27:58.418876+00:00
78a3cf2c-176b-43d5-bf01-315b9f847652,e9cad0dc-79db-411e-b358-55a29599983a,1263.18,2026-05-22 05:26:19.295528+00:00
fa512baf-3365-4bf0-8872-b9be2dc6d731,05a8cdb0-fe72-4467-bdc8-fe4b198651b6,1241.94,2026-05-30 10:04:30.223697+00:00
49709828-03e6-4a4c-a8ef-423e0cd43e21,2c911293-13c2-48f1-81d8-4193ba396d21,1162.99,2026-05-30 12:39:36.974692+00:00
3814f727-68e8-4b9f-b234-20323b22708c,e21333d3-e1b1-42a4-91aa-eea00a6df57f,1239.62,2026-05-31 01:59:41.041699+00:00
ad94f5dc-bec1-4103-93c4-88399f0453a3,13d070b4-4871-4b52-a1e0-f7ac2b043399,490.07,2026-04-11 12:41:13.903589+00:00
5830e656-65d4-4d75-a21d-06ab90de7af1,efa047f7-6858-4310-aa78-7e3a82a243ee,2558.67,2026-04-11 14:37:41.042086+00:00
8a6f1f45-d373-4b5f-8a65-4821fa638cc3,93d295e3-352e-4444-bb28-083b5c272573,538.25,2026-04-12 01:49:57.217248+00:00
89292af4-8da9-4fe1-9dbf-a426a46c8d38,4b7b55c2-d3e8-43eb-b429-8d302216ceeb,3745.16,2026-04-12 02:36:50.059328+00:00
54a16a7e-5f20-4d09-828b-57eba0e64a72,f92cbab2-cc4f-49e3-8626-d37acde863d5,2972.78,2026-04-12 08:43:11.050185+00:00
bd1dc93e-6e9f-4c1d-955f-e2a92f9757d4,4db999d8-1865-4167-8039-e2d7976970c6,1268.22,2026-04-12 13:36:13.820078+00:00
977ac440-a1ea-4757-b57a-5bb51d64622f,cf121bc4-1c8b-4d14-a7fb-a2000f6f52dd,3127.41,2026-04-12 14:59:48.930298+00:00
e1d93211-8254-4dc8-98ca-0dde3aa78a44,ce75cef6-376d-4946-b11d-12630b06bbba,3507.77,2026-04-12 17:01:45.479238+00:00
bf4da7d0-8f6a-442c-ae59-74d85ccf0dd5,a668fe16-cd0d-4483-af93-ca2cc715fe10,3738.59,2026-04-10 00:04:08.234533+00:00
44efc67c-c4b2-48e1-9fd2-2cccb4159c2e,17251745-e215-4232-b93a-2b0dfb281b28,3369.92,2026-04-10 02:29:30.913704+00:00
5415a4bc-8341-405f-af12-e8dab9de9a2a,aa2f6c79-4043-4641-a92f-92b68c825930,1251.59,2026-04-10 03:00:02.789975+00:00
e2f33870-5b88-40b5-a943-7bf7b2efbe45,39fb3ed3-a73c-47d4-9a93-f5946008de54,3244.74,2026-04-10 07:10:14.473276+00:00
24980484-faca-49ea-8bdb-5c1f8373cff2,fa03adbb-1e2e-44c4-89d2-50d4a57e67b2,1218.36,2026-04-10 09:11:49.229659+00:00
30605ece-c01c-4b5f-80ef-038ef01827dc,f427dcb2-6611-400f-9d9b-07d28ad17652,2482.62,2026-04-10 09:56:43.886253+00:00
513fdc2f-74d8-4507-b045-dfc6149b50ed,c65e5684-d0a7-422e-9fcf-9cc718c557c1,4685.16,2026-04-10 14:14:31.671603+00:00
4b8b7542-14fb-4f29-836a-44c020cd0582,5e545847-393b-4481-9e86-db521fdb856a,3528.05,2026-04-10 14:16:14.080378+00:00
aacbe9b0-68cf-442b-950d-9027e37442dd,db87a53e-adab-4053-8c63-d7ea9437cb9d,3256.39,2026-05-01 06:32:59.608364+00:00
82742906-3134-4d21-ad1a-250ece32e15c,8fc483b7-21ca-4d41-b80d-966454b30d36,2610.08,2026-05-01 06:45:16.531842+00:00
c2706cf6-2d25-4ac5-be9a-c1925999cb67,e54f1f9d-b548-4396-a552-0120ca210670,3100.64,2026-05-01 06:52:42.306347+00:00
83a0a008-d110-4a1f-a78b-349ef77d7529,1482ca22-8d61-43a5-abfc-3b72959a9886,3149.55,2026-05-01 08:09:05.277064+00:00
fd082400-d109-49de-ba0a-190fb33ee3b0,850507a8-453b-4283-909c-4aad9e54358a,1961.23,2026-05-01 12:23:31.963656+00:00
fa721778-4087-4513-bfd5-c45acc5501c9,c2eaf6cd-c2ca-44fa-9b40-6ff384b5c3ec,1465.28,2026-05-01 15:28:43.296453+00:00
00bba256-3e8b-4f61-a7af-fda43d7b879d,d0f78179-151f-49cc-9e44-72fb5fa17246,1665.58,2026-05-01 17:50:57.237693+00:00
32828bd4-6059-4618-b94a-5297d26707b2,9d06ab65-c9d2-45fe-a530-139d129c939a,1518.09,2026-05-30 13:25:15.297677+00:00
7b9f7622-0678-444b-837a-303892c6a5a9,4051ab5b-eead-467b-b3e5-ab88be817066,2450.97,2026-05-30 15:25:51.992185+00:00
4c66c283-d9fd-4226-8631-48ec4e205b1e,8891a3ec-2308-4ec0-b5ba-c1e843d449a9,2676.82,2026-05-30 21:00:10.120369+00:00
e0e8d099-cbf1-4079-bb2d-7a7fca69b42d,cd66acf3-8423-4f5f-86cf-8a9b0eecd0dd,3009.34,2026-05-31 02:19:58.151680+00:00
a13810db-2d57-4744-936f-e334a52b2858,8f3daf61-17f3-49f1-897a-4e68422adce3,2225.3,2026-05-31 12:06:14.478665+00:00
3c31c009-5b9e-4b05-813c-03f8c2ad52d1,37d0bb48-5768-4cf2-9cf3-bafa2e3296d9,2194.66,2026-05-22 17:07:53.634600+00:00
c5f2a983-5296-43f2-858c-82b4e959b828,c43c22d6-0563-4b0f-8cf9-7cdfbfe0050b,2568.05,2026-05-23 10:19:59.721381+00:00
eb66eb3b-7fff-4b78-8def-4588850f8214,42116ec9-39e3-4cd8-973f-b17e6695ff6e,5830.56,2026-05-25 12:05:36.141784+00:00
c900cd87-e1fc-4256-b080-0082423c4aef,63cc5998-7683-45ca-a227-da4bd0116d6c,5858.84,2026-05-25 15:07:40.282054+00:00
311226bb-f1d0-480e-8ad4-e38d0d300668,04a65d14-a44d-4d61-b288-8584ae9cfcfc,3409.34,2026-05-25 16:11:46.410356+00:00
9f68bfef-8b24-445e-8915-dc8f88483512,9fe2b34a-f0f3-4378-84e7-e2d0d6e8c794,3304.72,2026-05-25 16:38:49.367045+00:00
840e46a9-e8d5-46f9-aba3-49613f1c445f,845d801a-76cd-4f86-885c-53ae5032a1fc,7039.47,2026-05-25 18:58:53.866749+00:00
dfece8a3-96c9-4ba7-84b6-316cc1db062f,3c860f55-99c7-437a-b791-3d2d07519e45,4256.37,2026-05-26 01:15:15.249682+00:00
674dd54a-4746-4338-a4d8-adb721fa15fc,51b70134-c8b0-496a-ac45-8ad2d127cc35,3724.31,2026-05-26 03:09:35.508343+00:00
294e328e-dd2b-4440-8291-54d3ef7de48e,9cf586f7-336d-41cd-a527-b0c3ea266a18,5600.06,2026-05-26 02:58:15.226678+00:00
318791d7-f11b-4182-a78e-03cd14ef5931,d2f7923c-05e8-4486-8a44-6ebb867a7129,1862.72,2026-05-28 09:37:22.141999+00:00
d6929e93-21d1-492e-a320-45ab88895b3a,8656b29e-8a4b-4999-b104-e67d88b106ab,3976.23,2026-05-28 18:26:08.578428+00:00
5d0088f7-6917-420e-9b8b-6543e49c3252,43d2f0dc-c4d4-4388-ad60-4d18103dba13,4836.92,2026-05-28 21:43:35.284960+00:00
f1451617-df03-4dfa-8f94-ed6956b990ec,181d7f5b-72bc-4cf4-91d3-005e0846668e,2466.3,2026-05-29 18:46:55.041268+00:00
c91a063c-13f1-4b53-be97-3b9ad1e1c25f,71e74d8c-082b-4e26-951a-818c55122318,1418.17,2026-05-22 12:46:42.088320+00:00
b2f23cea-797a-4a0e-8be3-0803d00e1213,706873de-cf28-48dd-9e46-63ec96ad94c2,1298.62,2026-05-22 19:36:24.087638+00:00
b0ceffd8-0867-447a-b310-4fcab87ecb75,8f9d3775-48d1-4e6b-8b98-68f05d3cceb4,1304.05,2026-05-23 02:02:12.413949+00:00
130a47e9-db6b-4608-8d6a-1c79f9ca3fe3,05cdf98c-0290-44e4-9b24-9379baa294f6,1225.0,2026-05-22 08:08:52.206582+00:00
718383dd-bc11-4292-85c6-283b4cfac107,14c80511-fe07-4669-8939-a3148f23110e,1323.31,2026-05-22 23:06:47.096568+00:00
714ef711-5dfb-4731-b211-0d24a77d285d,c8570f9b-9850-46a7-b210-1e7488b6e934,1509.71,2026-05-23 09:37:50.876451+00:00
35aff66e-ed98-4bfc-9f33-8ffccc743312,af6ccdaa-a7dd-4349-aa58-ccbf978e7bcc,1216.82,2026-05-19 10:52:22.683901+00:00
1b16336d-f7a8-4069-a8f0-4ad8614f3253,12aac884-d605-41fa-ab71-e95311fd8f70,1529.92,2026-05-19 10:41:58.053153+00:00
ffe02714-e079-4d1e-9c36-7cec2e1ed04a,95bdaddb-8b86-485e-95c7-6edbc4ba7da0,1485.24,2026-05-19 15:48:00.121012+00:00
01943611-8035-4018-9a4a-88b5ec7b5d58,561567f1-6c15-4195-b929-fc9e3e55091b,1235.71,2026-05-17 23:04:32.672045+00:00
0ddabd60-7381-48a2-b4d9-140c7d5eee1e,02ef6c01-8bcf-48d8-a28d-89ebbd854f00,1404.57,2026-04-18 16:29:03.803552+00:00
e732268e-defd-42c7-abae-ea3d9b71315e,848a42d3-93d7-4e1c-9046-92125ac1dd4c,1303.83,2026-04-18 20:31:36.520820+00:00
cef2a51e-79bb-4a9d-a4da-e89b392e6482,00cb46e7-9df9-45be-b0e1-1ab327eba022,1242.65,2026-04-19 00:59:01.171100+00:00
4c5bb8d3-e0cc-4355-ac83-d5c8839c573a,b316e26f-7dc9-4ac4-9745-693848d4882a,1273.1,2026-05-11 11:05:26.903110+00:00
098b769e-79f8-4c7f-af4c-c272ed0d0a4e,53385b5d-7e3d-404e-b405-cf9d505c2325,1290.31,2026-05-12 13:18:23.572823+00:00
6c9e308f-7b8a-48b0-811d-884c0bccd8f8,734d1342-c139-4d3a-93d0-d91d29fa8083,1277.76,2026-05-21 02:13:46.165382+00:00
fc6de454-7dd5-4f78-8305-39b3c4d13f7f,bc98dc3d-e09d-4795-b8e9-9e28ac3e6b6f,1458.01,2026-05-21 06:35:19.427199+00:00
7c22aa81-948e-407b-a559-e707952a25c8,caf3fb52-29ab-41ac-af12-e632f6f625f8,1287.29,2026-05-21 08:36:14.632057+00:00
8f3ce0ea-f121-405a-970e-d1465e034885,21324c96-4366-4a3d-8eb0-4be4a59e9a4b,3452.66,2026-03-17 00:34:39.739073+00:00
44e9b3ec-986f-40d8-aeca-94b34abad47f,5d0f8659-9c14-455e-85ef-2aab6f3ac57a,6050.6,2026-03-25 01:45:57.022652+00:00
e240ad30-a0f0-4c56-9bc4-c1cf5080023b,7274cb75-d161-422c-9861-764c97aaae83,3477.14,2026-04-09 20:00:18.323590+00:00
b17f8ebb-eee9-4b0f-a285-737089b23af4,09d07ea6-678b-4739-9a73-225ea5d619fb,2090.65,2026-04-23 03:12:20.687653+00:00
79feffe1-3ed6-411b-bfd0-c5d0122ef6d2,3956a5a4-b949-45c5-859b-65d6e0eb689c,1257.61,2026-04-19 04:23:01.849304+00:00
47992b77-03fb-493a-85dd-9f32cafbdf02,05e363cc-6868-40ec-ad9a-271ce2c23774,2205.95,2026-04-21 06:43:43.289703+00:00
c841e33a-58eb-4f54-8e35-623d544a3b9a,09e27958-8d49-4954-ba63-726198e5d913,1903.34,2026-04-22 10:57:31.857867+00:00
03176b4b-31d1-4cb6-9eed-4dc190495204,9aa08e0a-f292-4ea9-8585-89646de27ceb,2218.96,2026-04-26 11:07:28.484087+00:00
b84c6122-4923-4d3a-9c9a-2358cd1c171e,b3965f72-b2f4-4737-bdbe-b7fed63f73d2,1605.38,2026-05-05 20:04:20.912264+00:00
ff3b1b7a-7586-4eea-a699-65ae9b632137,81005e3f-e679-4be9-9478-275317f2196c,2967.78,2026-05-17 00:35:34.773779+00:00
ae67b5a4-6f36-490d-950a-5b9e9a78f026,81da734a-7a64-4218-ba6c-aae87ff1041d,1813.77,2026-05-27 01:20:53.425970+00:00
98a9ff01-562e-4233-999c-de09f65c9a23,8a6f3d19-9284-4bfe-88f7-f4ccc364f4e9,5291.41,2026-03-21 13:40:57.394871+00:00
f7d6c610-76d4-48eb-9ce0-85d311b2d943,de9f4ea0-2003-418c-bb9d-cd336fa191c1,4798.66,2026-04-29 11:20:00.238256+00:00
ed373364-cc40-41e6-9a41-502be3e6de17,70424943-ef89-4e0b-93b3-0cf3b87222d1,7386.39,2026-05-02 10:05:51.497514+00:00
f31a1339-1b59-4669-9187-e83c073aa80d,7fdec48e-d93d-4ffa-97a1-386d4371235d,6184.2,2026-05-09 06:53:36.390178+00:00
d8a7fb59-490f-4186-97dc-38f780972520,38d4c8ec-0c91-4a17-a787-4aa9215d6f32,5330.33,2026-05-16 20:00:21.034061+00:00
ec8b1c92-52ee-4ffc-bad0-9b671c524c3d,9eacea4b-da60-47bf-9ed5-11ce90c822c3,2004.84,2026-05-27 01:07:16.906988+00:00
c18707d8-b1a5-4b2e-8446-2a12997e0186,bd863f0f-5069-4773-9490-909e7edf0f77,6864.12,2026-05-31 20:50:44.215561+00:00
18ec2d85-9c5f-4faf-8778-4de3a788c233,7d23caa7-4781-446e-8115-6fbd015233c0,5125.12,2026-04-27 11:01:43.867372+00:00
e9b77531-a29d-4263-816b-5adbc200394e,4ff2bfb3-65c4-4314-a766-c9067b4a53eb,4496.16,2026-05-02 05:29:44.749136+00:00
cef0e992-6abb-493a-b5a4-f34e06084f66,00877884-16c3-426c-b0f9-d073a85ce202,4142.63,2026-05-07 04:10:22.210579+00:00
fee75744-de58-4a1d-9662-a209d8735f8c,f9b74c92-ff79-4e8c-9da4-fb9e0649328a,5721.0,2026-05-10 06:25:22.214356+00:00
b9688f1d-2799-4c92-898a-6385e787becd,9d03328d-c515-44bf-acfa-4ac473a17c4d,4654.15,2026-05-18 11:48:28.181738+00:00
05ab6baa-c101-490f-8225-c4b85f46420f,77f8cb0f-2838-47e1-b789-98702e7de44e,3214.55,2026-05-19 14:28:28.438003+00:00
e6a8f306-0382-430a-9062-701c6e2dcf06,807e465f-5b24-47b7-82e9-b29f8e692eaa,5889.95,2026-05-19 20:52:06.509700+00:00
7e296573-09c7-4dd5-a789-79717c65e447,a78a21f5-a945-4656-b02e-3bc4d8f3aaf5,6276.24,2026-05-21 16:21:46.511885+00:00
cfc0fec2-d800-4311-9d4c-bffb020c74de,065da3c6-eb06-4540-8455-dfe8b8ff48ee,4264.19,2026-05-26 02:15:15.920591+00:00
a01c666f-d915-46f7-bc12-87c2b0b2d19c,10ffcc07-b73c-4687-9d96-9e4864ce3ae5,7355.48,2026-05-28 21:47:33.939890+00:00
46f80751-cf62-4945-a050-cdd9bd3c6b72,e0d3ec6b-9f3c-44e1-b9b0-ab9b18503454,3747.75,2026-05-28 21:39:08.275353+00:00
14ea551b-5a4b-474d-b694-7a2ec3cf058e,56df277c-c49f-444a-892e-80ddc1080948,1728.59,2026-05-29 23:13:16.009727+00:00
cca504f3-ea38-4ec0-9670-83ebe8e13afc,b6704a2e-b958-472b-ba86-c310e456158e,3479.35,2026-05-30 13:50:05.651630+00:00
fd60dc3a-35f6-427e-af16-dbe33f208c2a,c0f8656a-a2a6-4216-adbf-d165a1608ab4,2319.22,2026-03-10 22:08:13.583510+00:00
cb038630-4860-4a4e-bcd1-2c29fddf69a7,f7609462-d5f1-4fdd-bc0f-8697ab6a3cef,2174.58,2026-04-02 11:15:52.605447+00:00
6d32239a-ccc6-4934-93bf-00082e589364,7bf8cc36-c649-4154-be3d-5e228d74ab17,1977.21,2026-04-27 05:50:32.470377+00:00
d1b0a8b9-69b5-4ff5-aa79-2b43adb75eaf,d958cc46-84d7-4c99-ae0d-cf34c5ab8e15,2273.01,2026-05-08 11:25:20.451942+00:00
cb2878c7-5ce3-4dd6-9485-b91216931cbd,f398e0b0-ebbf-4838-94e1-53ad58c927b9,2252.01,2026-05-25 12:08:41.998646+00:00
9dca3f7c-1770-48f3-9ba3-05a58e771fbb,b7a2e8e2-316f-4ca9-b0c7-a389a1610883,2121.98,2026-03-22 04:58:25.897676+00:00
1302bb88-0b88-4deb-8be6-56666b6a2529,b225a61d-4193-4312-94a6-3a8f4ca25bb3,2062.47,2026-04-05 14:13:57.093276+00:00
02c4e491-c3a6-48f5-a854-d83e7d78c75a,a6654bb1-8170-4276-a9db-74f5a047ff07,2090.54,2026-04-10 13:20:36.847670+00:00
c9f0746f-85b6-4b8e-ab6d-46a87dcb4df3,341400e8-599a-42ca-bdc0-dadbbc435aa7,2395.76,2026-04-11 00:01:24.335021+00:00
ae6bf8f7-3e15-4f45-80d3-693e69c45fc5,3bfa19ff-03e8-4171-a4d2-0105e31ba49d,2305.36,2026-04-24 10:27:50.661509+00:00
3784a84b-6de8-4063-855e-534ea4eae770,bc589b4b-365f-4091-8e5f-c86a3046fd85,2195.29,2026-04-27 17:53:46.113314+00:00
98afa251-a4c3-4543-80e5-10eceb7b9be1,36d51f90-f3aa-4de6-8202-904bdec5fd5c,2241.86,2026-04-29 14:57:12.023858+00:00
c5322f10-e06e-43bd-8c69-00e5fd6d2895,4df01044-7fa6-4d8b-99dd-ac52fb08035f,2187.29,2026-05-16 00:26:01.764434+00:00
86355ed9-bfb6-4f02-bfaa-85fed8d3fe8a,2d747f82-3ce2-47df-8449-b86cd56f11d9,2153.93,2026-05-18 17:50:19.552950+00:00
dca8041d-0104-4e31-a250-2068c3cc53c9,a0676428-1e73-4c68-a470-bf9eb4b1c950,2273.95,2026-03-25 10:09:21.340693+00:00
49467097-eeb7-49bb-a0bb-80556504832f,8abe4452-8f9c-4498-ad1c-fb8f76c55e80,2388.07,2026-03-27 15:27:40.903616+00:00
3c8a8b24-6c62-4ec3-b86e-bce50aaf6c10,99f74f11-7025-4b32-8390-e8c909c25966,2340.33,2026-03-27 16:57:58.650883+00:00
85509d76-21b7-40f3-b900-90dee6e74c82,607f2954-d4af-4f08-9de9-7231b11f6378,2183.51,2026-04-08 03:37:53.180374+00:00
f7630d89-2b80-4f31-92ba-96086cf7818d,a12b70cb-4143-4b77-a6cd-2c207ef18a45,2315.08,2026-04-08 20:49:20.176352+00:00
009db096-4132-4465-aa50-ea27c2e3144b,4fb53f9c-16dd-43af-9768-65433ab80051,2343.47,2026-05-07 01:53:35.602084+00:00
2cf5a049-6404-4e3f-918b-d75f38530fdc,1299f6d3-7906-40f7-a07b-646c4623880d,2318.89,2026-05-11 10:48:54.027163+00:00
d67a9f58-8793-42e4-83f6-3cd957dc5351,b4ef46ec-0ee0-4ccf-a818-c79705ef1ef6,2009.62,2026-03-26 11:08:19.648883+00:00
d334e8f0-66ab-4105-ade3-6816873f95e1,f60d84b5-7d4b-48c9-a493-98b7fd6ef42a,2175.78,2026-04-02 15:04:03.548683+00:00
a074a7a1-1d09-4fd8-8993-e5a5ded8907b,f0cc9434-41f2-4e10-8d75-dc0519003ab5,1956.6,2026-04-16 02:14:54.121976+00:00
1b56d2c3-2ff6-445e-9cb6-db70ce06267f,0a696ed7-ade6-447e-bf00-ef877a951827,2337.45,2026-04-17 18:09:24.421742+00:00
8345df6e-1cec-4477-942c-e9ec3c4ed272,be248fe6-aa65-4a56-bcb4-f2a67230e5a0,2424.23,2026-05-10 13:24:46.105960+00:00
ed4c1fb2-ca28-401d-a753-e879d489440b,86bc41ac-aa4f-4f17-9c21-c8d0ebc07656,2270.97,2026-05-10 16:28:40.338714+00:00
2a559678-d9b9-47c4-8770-eb8b4d0e7d32,4308169e-cc01-4990-b6f0-48add667c758,2118.37,2026-05-18 06:48:31.024187+00:00
041367f7-a226-402c-b5ca-f27ee693a009,29cd7a55-8fa6-43f5-9c6c-54d2630cb43a,2226.54,2026-04-20 08:27:11.470051+00:00
661a5fda-40e2-4061-a2cf-4a348645ed89,4131d159-61c8-45b8-9ebc-f5935d3428d2,2320.88,2026-05-10 08:02:17.087973+00:00
1bca929e-7bd1-411b-851c-d78e2e2268f9,7aa884d8-3a9e-4051-b667-81823da51849,2277.45,2026-05-13 04:00:24.479438+00:00
984c8196-e0d1-4c1b-9496-a8ba97e68582,780c3fb8-313f-4ed1-98c5-18bc1995e0e0,2414.57,2026-05-13 19:42:18.624828+00:00
92a46069-8532-4d1e-b416-460827905061,353e6992-8faf-4498-b792-6f2795aecf56,2288.0,2026-05-15 01:28:05.595828+00:00
fce243b0-fce4-44c9-875e-311839c72c9b,7e70359b-d503-4b29-8fed-a2b444586b9f,2079.57,2026-05-20 09:34:09.537642+00:00
3b6760fe-1e28-4a9f-b559-668982c43d6d,db6ef186-ec82-47c6-96cd-24664e0b001d,2066.42,2026-04-25 08:25:29.763921+00:00
d1e17a5f-ebc0-4dc7-9204-f7018c5b911d,f5e0acc0-4711-452a-b447-8a5e79792361,2090.85,2026-04-27 09:12:28.825147+00:00
f0a75580-8ba1-4fde-9c23-d72989603e1d,8659b88e-f9f1-42a5-98d8-6360a10b5fc6,2390.75,2026-04-28 21:03:41.657103+00:00
efd420ad-a59b-4d9d-9b93-95aa40535836,53b375ac-947b-4994-91a2-6559282f4938,2381.96,2026-05-04 17:18:59.483807+00:00
8a008a52-7242-420f-bbc2-934bea68af0d,fda5a2ef-e733-4747-90ac-deec20c6ed15,2325.37,2026-05-09 14:35:26.960082+00:00
e700e320-c773-4edc-a3ab-2c457f849cec,066663e9-8b12-47a3-8d05-e28b1c48272e,2384.48,2026-05-28 03:35:20.253579+00:00
3b2b7805-4ef5-44c4-9eb4-301ac1a64324,5256905c-6ded-4612-b8b5-e3a6cd8678e4,10.0,2026-04-07 16:14:05.958664+00:00
f06d673e-40be-41d3-9fef-3f919359af9e,1e4e4ce2-b887-44f5-a14c-a549eb98b915,3663.41,2026-05-08 19:33:28.275512+00:00
3cc26fff-2eb2-42e4-8a89-e9ae90c8f147,c1be32a8-6b1b-44a0-af2c-8ee89e545abe,894.86,2026-05-17 06:34:32.523359+00:00
059930d8-5545-495e-bf31-14d6b61a9716,be46f728-f97f-4285-af81-8d67f5470405,4032.21,2026-04-17 01:52:22.979124+00:00
16d51a06-ceef-41d6-baa4-a1862bafaa89,a378161c-78a2-4b96-adf0-384472f04d4c,3711.96,2026-05-02 15:19:49.046562+00:00
11100d25-63eb-4446-a96f-3c9e1c3d0e8c,51a945cc-b904-47d6-8fdb-34147e695381,3568.18,2026-05-12 03:15:54.427716+00:00
746c2a0a-b5f3-42a2-a567-f9b981f63cd9,3cc3431b-4a0f-4179-835a-059bcfd72e42,4048.33,2026-05-23 12:33:51.313016+00:00
d341f755-a1ac-487d-86ea-55dd285a58d6,227aa1de-b5df-421f-b93a-c48c0b4dbd53,261.88,2026-04-22 20:57:30.686397+00:00
00d93609-7579-46a0-bf92-2879d1c7b9aa,bbf4a060-240f-423a-9076-2b22a6f20951,344.32,2026-05-01 18:30:31.581297+00:00
8845a77a-8689-4681-8268-cc5d19146d39,4e05b256-ad52-4603-8c5b-5d3ec7673ed0,426.37,2026-05-26 07:12:21.332151+00:00
7aef2c7f-37c2-4c01-a31f-b3bd0244d287,201c3dc7-d490-432d-ac43-a0799b5936fc,3722.95,2026-04-07 19:48:10.876886+00:00
f65466c7-ce22-4655-8558-43c145e8b5fa,4a68a8b6-0a25-4b57-9a23-1b78508409f8,3830.11,2026-04-15 16:58:26.147657+00:00
1d724a29-4519-4b25-91d8-88b78f46a668,68d95216-c653-404a-a1b6-a8941d2a5492,3919.7,2026-04-17 18:25:18.039501+00:00
223c6ea2-d0a8-4f9c-9600-88551f1e5834,7fca6bf3-e3c4-4f8c-9cb5-fed19893ce83,4084.61,2026-04-23 21:54:17.357309+00:00
9589cd0d-9194-4f36-8e97-b4660246b08b,47d4927e-b4cb-4806-af50-e86066043232,3810.97,2026-04-27 02:34:03.388812+00:00
68ea3be5-4bce-4956-b50e-73cc19d8f670,0557e3a6-e0df-44a5-ac15-8a7f008dafc2,4179.01,2026-05-17 03:23:52.782239+00:00
ed3d29b0-5ae4-4c38-ad9a-c173c707c94b,64436a8d-785d-4c5a-a762-78ff89250b49,4010.0,2026-05-24 12:31:58.517868+00:00
c1121249-895e-4ac0-8faa-a46923c558f2,f73c2466-5b1c-4eb6-9a3c-6a8b39796ef8,858.66,2026-04-09 01:09:15.029768+00:00
0a5ebc1b-bec5-432f-b36d-af5a2a1b93a5,be8bab8f-e3be-4b85-937c-663e252b8002,2933.15,2026-05-25 02:42:38.522462+00:00
78e6067a-e10b-44bf-973a-b3c856846236,db9bc726-7cf0-4f6b-ac57-928b4ad8550f,4039.19,2026-03-23 01:36:05.574148+00:00
925224cf-eb95-453b-8e0a-a092a85825a2,f98b79e0-3a4f-4ab1-86f3-c84cc5ed9e04,4048.97,2026-03-23 19:36:11.999048+00:00
6e3c6b37-d14b-4972-830f-e0a5664ee6d2,0a0120a5-0339-47a1-84a4-7de23976d8a9,4365.49,2026-03-23 21:43:07.580427+00:00
cf88d12b-d79a-4810-bf9c-9efa6bfc5097,2b865225-5a42-4da7-8c0b-da6b8b505aec,4027.06,2026-03-25 05:29:22.570594+00:00
1b25c506-0545-4b28-8fe7-9fb24973fc53,a6a9f20e-da82-49a2-b62d-b95a062cf5b8,4278.77,2026-05-09 08:47:24.693506+00:00
63ca3f46-eb04-4a1d-872b-3c45cd61ebe0,0c2de40e-ee10-48e1-966e-6a5479cad65f,4049.0,2026-05-26 18:08:06.671636+00:00
cb384835-9763-4a66-8872-791f57902ad0,6ff81206-8698-49de-8a27-7ffabf93cb42,4178.12,2026-05-31 09:01:05.979049+00:00
95b57456-eb97-4baa-acda-56acf9c81eeb,e84b64f0-7c23-4547-bd2d-f78924c2cfe2,4295.92,2026-05-31 18:51:13.251063+00:00
60e94e4f-7e11-4c91-8d51-d562e7f9acf2,71d0e311-2b9a-4885-af93-b2151060e378,4375.46,2026-05-24 19:23:58.074560+00:00
0c83f4bd-e809-4e71-82ac-ad86949982b7,9db5766e-3bfe-403b-8749-9be7795e6cd6,3814.65,2026-05-20 00:43:39.997911+00:00
cae6c2df-a804-40fa-97f1-f3e5c7764775,1a26cbae-3b75-40d0-ab4c-5d066a994801,3853.7,2026-05-20 05:15:02.560400+00:00
a7af1289-e391-44bc-8106-031ecc886efb,b0a9d2da-b956-4eb9-b760-e4cb9b34e8a8,3912.02,2026-05-20 11:42:21.021931+00:00
d41285c9-8f51-4268-8527-9d321695faee,c91d77c8-f50b-45fb-a7d6-3ebd0741a0e5,4348.45,2026-05-30 15:09:07.274417+00:00
c6a86852-a715-4e70-b0da-abbee8c1e0b6,36db8ca5-55fd-4b78-8f3b-e48ab1c49c45,4456.7,2026-05-31 01:50:49.805261+00:00
58c15874-6adf-4107-8a22-3f837ac50fe1,d8e31577-dba6-49b9-9f86-80f54f6e9bcb,3893.42,2026-05-31 02:54:45.491069+00:00
af928f7d-76df-469a-adf4-ba254316f960,e473589d-1899-4ae9-ad79-bdc50648a43b,1479.06,2026-05-12 01:05:33.424921+00:00
5ac4c83f-cec5-4cbb-91bc-7c2d13b772fd,d2fb6968-1549-450d-8ddb-c76fac5d38da,3014.79,2026-05-17 23:29:59.116327+00:00
fd7ba1c5-86ea-498a-a292-e2ff3d78bf05,287471f4-43ff-4f89-b44f-3335b307c317,442.88,2026-05-26 22:55:51.733846+00:00
f380f3c9-7da3-40ee-bacc-f52c735a1bca,0c5af3f7-a25e-4cf1-b1fe-c74cb272d0a1,3369.36,2026-05-26 23:58:15.421582+00:00
2d97410c-7b5a-4839-a212-7ffa06121ac6,520d1118-251b-4459-b000-b0b68f39b4c7,3814.34,2026-05-03 13:10:15.896887+00:00
ebeed5b4-387d-4bdf-826d-b7142ddc01d8,d05d0882-7681-4e23-b2cd-559180c6cd03,194.92,2026-05-07 14:56:30.786604+00:00
9fbb99fe-eecb-4531-9a8b-a0318840dc22,13db25ef-2be8-4918-a421-74206f4dca7b,1318.99,2026-05-08 10:37:48.545574+00:00
439be9ae-95a3-4256-ae36-965f7955baa7,8bfe35a8-7000-458d-9b3c-b63373fa34a4,4191.75,2026-05-12 06:20:25.724820+00:00
31ab7e84-70dd-4f83-86f8-516de48e3fa2,8d3f10b9-1a9f-4c40-8306-741ef47dd0ce,1919.25,2026-05-12 17:57:30.156125+00:00
e1baa472-a0da-4b21-9667-55e7bc7377f0,c5474dd0-c0d3-42c4-9446-aa50e7f6acc4,3446.72,2026-05-21 21:28:47.905964+00:00
7c031597-dc5a-471a-a829-b72a6103b66d,7b6850fd-8fab-49aa-86a3-a8d828e6ec1a,2546.58,2026-05-25 20:16:10.563891+00:00
dc4bd892-a006-4b90-bf00-85617fbf0f01,4d10b2b3-1113-4bfe-9506-9350e46d0109,906.74,2026-05-29 02:55:04.629585+00:00
