id,customer_id,device_id,first_seen,last_seen
be36c25a-8934-4311-adaa-7ff83c931872,667840ed-06ce-44c8-b158-d4a4b6a00467,1e512c3a-2238-4617-8344-f98dafbf4ce3,2026-04-05 08:55:25.436433+00:00,2026-04-05 08:55:25.436433+00:00
9ad1c623-453c-4ed5-972f-2d3347de0dce,7ae6b7f0-2a30-496f-81dc-2229f4652ad5,356b91c4-74fa-4ed5-8a5c-6a6f740905ce,2026-05-02 06:47:53.622651+00:00,2026-05-02 06:47:53.622651+00:00
80be98e8-7d9f-4c7e-b801-20b3f84f1975,0bedfd26-1c06-417f-960d-42b24a56e17e,72e52f4d-b001-47af-b433-5aa1b039719b,2026-04-17 02:15:24.171204+00:00,2026-04-17 02:15:24.171204+00:00
5b3f7eaa-3eed-47ac-818b-6e1ef0effe47,5d845844-5575-4af4-afb4-e154e769858b,885e8805-9e04-4a5d-97de-87d32bde8902,2026-04-14 14:44:13.582619+00:00,2026-04-14 14:44:13.582619+00:00
94fcd2ef-7787-4ef2-a23f-b03d95522b08,1eeb3139-42eb-48e4-b1ec-b01dc9e6d384,6ccfe855-eea1-42a9-832c-04696d08a85f,2026-05-22 04:06:42.409071+00:00,2026-05-22 04:06:42.409071+00:00
efddb314-3caf-4765-9e6d-1ef934f90a4d,2fbbe94b-a1d6-4e81-becb-70edd72ebbb1,1bb543dd-dd1a-4bcd-980a-6d06f1eb24b7,2026-03-13 23:09:29.555991+00:00,2026-03-13 23:09:29.555991+00:00
db17724f-8d71-41ec-beca-d424c9ee4eea,08963274-ceb2-4087-a169-723f72ffc844,85a60ad1-fe6c-4af5-9581-f31ad1a9b2e1,2026-05-20 01:46:47.152506+00:00,2026-05-20 01:46:47.152506+00:00
433c5194-11d7-4bc7-84c6-b8a0b2c879a4,59ac1486-6789-4fe4-b92b-071aa3e2e317,cd6fc2ec-d16d-4bb0-957a-5f1954384ed6,2026-04-05 15:00:23.540662+00:00,2026-04-05 15:00:23.540662+00:00
54a83feb-d57d-4121-9ac4-d7f39cfd479d,d2dee2f5-9b42-4bd9-bcae-3f7dc5f60fa7,3a282bc4-c6e3-46a2-9833-8d12fb90c449,2026-04-20 04:32:20.925718+00:00,2026-04-20 04:32:20.925718+00:00
9e7a1a70-af3b-4cbc-b63f-2162a178bf20,68d2d5ab-8950-44bb-bc48-695555bafcbc,23c74145-2dbb-43cb-a5b0-3b5d020d3e88,2026-05-11 16:32:03.331919+00:00,2026-05-11 16:32:03.331919+00:00
0efea733-eb5e-4d1d-8dff-fa1ff01987b2,8e7b93f6-32cc-413d-b73b-ad49a1db72d9,13b5dbf7-5500-44ed-836e-c71e63e5a8c5,2026-05-14 03:12:02.561243+00:00,2026-05-14 03:12:02.561243+00:00
4dc26079-6860-4e25-8774-c03992c96118,a4108b6d-04cc-4bc9-8cae-699c03c79966,8602a668-ccc5-41d7-8c80-b637f703fbf2,2026-03-30 10:09:42.998844+00:00,2026-03-30 10:09:42.998844+00:00
009beb29-c835-45b6-9bdf-782a5de8f16a,7ac2d6fe-e496-4773-89aa-a8c5471baa6c,f68295b4-f6ad-49c0-a497-49631c5ef7ec,2026-05-28 06:12:25.310686+00:00,2026-05-28 06:12:25.310686+00:00
c2f914d9-d18d-4a88-bbc3-59845ef3df1a,09da6fee-76c4-4fd8-916e-c35436df897b,d7a7af5e-be03-4a81-8227-4d6e756ad8e8,2026-04-02 11:03:57.614120+00:00,2026-04-02 11:03:57.614120+00:00
0bfd12a3-93c1-4358-93d7-3401f8edb51f,1c52fd12-a6ec-451d-9b62-d2818a737fbb,355e26f6-6841-43a7-8a48-b66ab1cd45f8,2026-05-20 00:17:27.983925+00:00,2026-05-20 00:17:27.983925+00:00
6671895d-c38f-4915-b6d5-31112e82d259,3ae26e68-7b43-4f88-a2b8-062337468d1e,18f06cb3-d73f-45bc-a3de-5f984c326f0f,2026-03-29 16:08:31.355319+00:00,2026-03-29 16:08:31.355319+00:00
fd4f22f0-78c8-43f5-b481-3fbd47625e1a,d777edab-e4c6-4de7-b3a7-5a44cd7c9fc9,aa72c751-49bc-451a-8375-596d8ce725a7,2026-05-15 07:37:08.533685+00:00,2026-05-15 07:37:08.533685+00:00
99aee34b-3b16-4337-8132-f183349dfd69,63691741-2305-4c3f-8b10-36eb894f938e,e8fd11fc-598c-4614-a2a0-8d5ca88df0bb,2026-05-18 23:51:42.228964+00:00,2026-05-18 23:51:42.228964+00:00
8424c25b-34cc-4d85-b307-926d09297068,c1367786-f12a-4b65-a8fc-6cc0ea8d78ad,b94b8644-b1f5-47c2-b18b-b5b7b338c1fb,2026-04-21 19:38:53.572537+00:00,2026-04-21 19:38:53.572537+00:00
b6a0576e-f197-4cbe-a7c5-af745d82ec05,6e20e1bd-fb51-4ca7-b4ba-2bbb7b74b088,130ec81a-8f65-47c7-a8cb-6ae71fc911b3,2026-04-18 12:45:43.529741+00:00,2026-04-18 12:45:43.529741+00:00
2f93a467-5a1c-4a1c-9857-90c220a7b807,a2bbe39d-9005-4e67-ba64-d88a58056085,78350a29-5b90-4e1b-9b4a-18da34c9ff5f,2026-05-18 02:55:17.143869+00:00,2026-05-18 02:55:17.143869+00:00
1ef536c0-4a3c-47a3-82b0-2bcbdbe6cbd3,00fd20d1-e174-4abd-99c5-f15efa9b0078,88f38eae-9124-4557-a285-248fc1cad30c,2026-05-15 15:32:41.987041+00:00,2026-05-15 15:32:41.987041+00:00
03c18230-537f-46a5-b241-18677e10a557,c5001b2c-0359-4f4d-a9a8-765c6cb191f2,08b5eb64-4832-4467-966e-f0e48a5dd38f,2026-05-01 09:35:26.709398+00:00,2026-05-01 09:35:26.709398+00:00
60bbff41-1106-4776-8a90-01960b29cf5c,3602e4d7-0a6a-43ef-869b-6bfa5ced5905,b11a39c3-f648-411a-891a-097bc97350a0,2026-05-25 03:34:08.108100+00:00,2026-05-25 03:34:08.108100+00:00
775a6dea-7ab2-4918-87c1-6d53d8724d27,c45b62ae-3dd2-45d5-ab43-f6e74a2e3cd2,7b8c373c-f7b7-42bf-9247-e6b6a1db27cd,2026-05-12 20:55:19.089135+00:00,2026-05-12 20:55:19.089135+00:00
e471dcfc-d162-4ea7-8c2e-f82ddeefdf72,1fb31aa0-3859-4835-91b4-0fa6a6b361c0,2cdb5556-4f6e-412d-a874-8b294c82e32c,2026-03-22 17:26:55.347338+00:00,2026-03-22 17:26:55.347338+00:00
63759434-9d6f-46cd-97eb-6be38e0b4608,344c386c-373a-4d85-8a66-172d604fea13,178d0552-1e4b-4458-a8ae-5a5cbc798a3e,2026-03-21 15:05:16.601367+00:00,2026-03-21 15:05:16.601367+00:00
e8aa3252-450c-4437-8219-7631af545cfb,7df7c8ec-ff7a-4b2b-a5d3-24cd6ac487fa,f8232f4a-cde6-4bf8-b0f8-dcf40fad7761,2026-05-14 13:22:20.947298+00:00,2026-05-14 13:22:20.947298+00:00
23185c91-24e0-41c9-83c9-afefe2cea954,10d898fa-95b2-4e01-b731-da9d72e3dd09,37bb5015-6ed4-4a06-9724-e8555b6453be,2026-04-24 02:35:29.232458+00:00,2026-04-24 02:35:29.232458+00:00
ad9c74d6-7692-4311-a840-ce485f16c3b4,c7439bcf-2636-4e81-a9db-547b0885943e,5335729b-faca-4ae8-b272-cb6cf6cf58ef,2026-03-12 02:23:21.546315+00:00,2026-03-12 02:23:21.546315+00:00
2e1a3d22-2a05-4b6e-bfd8-4b5d5dab3009,6afb8b2f-c98c-4818-bdd6-1583d58c83f2,dc0c376a-8c66-43f9-974c-c33e3b11ab14,2026-04-02 23:20:41.023021+00:00,2026-04-02 23:20:41.023021+00:00
b15641ee-901a-4dd5-9984-ba9cb5013616,fd1fa4c3-acd9-417b-887d-e7741be2d674,16d6e331-d9ca-4964-9d3e-341d6a11fa16,2026-05-05 10:27:02.799984+00:00,2026-05-05 10:27:02.799984+00:00
2e6a4c6f-42a0-48ce-a984-883a224283c4,ed7ad639-bb74-4b68-8562-16709ad8f49e,b16451c5-11ad-471f-b5ae-5c8a22ce4a6c,2026-03-11 03:39:02.759172+00:00,2026-03-11 03:39:02.759172+00:00
bf2514d6-39a2-482c-b6c2-53c0c416915b,286f81bb-8b3a-4845-9eb0-2f90cd6c581c,f7525e48-a84d-4a32-a648-29652b91944a,2026-05-22 12:31:33.008284+00:00,2026-05-22 12:31:33.008284+00:00
f90fb578-956a-4f9d-bb7d-e9704d96c8e3,3df6b103-7a9e-4670-8926-74b304178f4d,bdc4118a-7e28-4ec3-8d31-1d0f0ab314ee,2026-03-14 18:43:23.212693+00:00,2026-03-14 18:43:23.212693+00:00
b89ab99b-26eb-47c5-88b7-2d940a73d960,b6c5a64c-cf4f-4ead-93d9-ccff245c81d0,8dab9b57-b0b5-4af6-aa44-c98f2dabbc43,2026-03-15 14:31:10.826865+00:00,2026-03-15 14:31:10.826865+00:00
d83f8539-d987-4267-986f-bfd894d8cca1,b810184a-0a6e-4631-949e-cacb21853536,69991a44-5edf-4299-afab-2d4644fb591e,2026-04-13 17:52:07.386959+00:00,2026-04-13 17:52:07.386959+00:00
90e39dfc-fcc0-433d-9b8a-054f7069bc80,cbcab528-7749-42f0-8b5d-1f1b21c876ba,2b59f32f-9776-4787-808b-0afcb94ea9be,2026-05-12 06:36:39.044740+00:00,2026-05-12 06:36:39.044740+00:00
2caa92ed-c3c8-4788-9dea-521af6e7e379,d9d84637-8f18-438c-8ecd-0288bc47d768,9a30123b-2cb0-4a68-8668-f506960f2457,2026-05-21 17:07:23.408595+00:00,2026-05-21 17:07:23.408595+00:00
5083a370-76fd-4985-830f-55f090c376b6,92034112-c7d4-4f0f-af0b-65fdb2227316,09f5c6d3-20eb-41bc-b29f-8a94042cc415,2026-03-13 19:26:20.259668+00:00,2026-03-13 19:26:20.259668+00:00
43de8bb1-b837-4e9e-b970-bcac679f3f8f,78d85bb0-d37b-46a6-b46e-e8e8a8af8d1c,8891324a-73a2-4656-bfa8-e58d9fc2d748,2026-03-22 11:54:15.503895+00:00,2026-03-22 11:54:15.503895+00:00
d9a33165-f15c-4da4-a84d-dd4e85c78969,0e946ba5-a7fd-436e-b8cf-d15df114edc4,0d812a37-4a66-4a91-9063-bdf951197f27,2026-03-03 01:13:37.773118+00:00,2026-03-03 01:13:37.773118+00:00
6f169fe4-a3c4-4c20-82fd-d1020825548c,2e38100e-3b25-42ec-8714-ec94309b1fce,091bc827-8f95-4984-acee-479b4b36983a,2026-03-08 20:17:06.155137+00:00,2026-03-08 20:17:06.155137+00:00
0f811ab7-5821-4ff8-a0c6-39323335e9e7,3fb94c15-1b0c-4a2d-a6fb-c223a2e50cd3,6950cc9b-977d-48ed-a901-58882b899204,2026-04-09 06:05:22.160969+00:00,2026-04-09 06:05:22.160969+00:00
704d2633-0877-4ada-97c1-09c95c06e03d,aa0baebb-2940-4905-a908-765eaac451f8,669cc376-898b-4697-a529-4cf178a06385,2026-05-29 06:01:49.947050+00:00,2026-05-29 06:01:49.947050+00:00
c79a200c-1fd2-468a-bf35-5e4919df6874,4548bdd7-8830-4809-ae94-4672b5c30bcd,4c8cab1d-c1ac-4f5a-be74-95e2157981b0,2026-04-18 19:21:19.189745+00:00,2026-04-18 19:21:19.189745+00:00
3bca2f83-7231-4b52-bc6d-ce001e13d47a,ecb0acfb-9d21-43fb-a239-b4bce631d70a,735e4289-ebf6-4025-8143-31cb03d41656,2026-05-25 14:59:28.628540+00:00,2026-05-25 14:59:28.628540+00:00
82a130a7-aa15-4e5c-905d-dd19867b45da,22e43867-e579-4f64-9296-2490a7383f33,e6dfc781-4e87-40ac-b150-6a5f2b207343,2026-03-05 19:06:37.210143+00:00,2026-03-05 19:06:37.210143+00:00
e37e8808-22e5-40c6-91b6-68112418c7c3,d3d1f253-0c1a-4453-87a1-f816b4d0b19a,e1c6b3c1-41a2-4899-b3b5-a5fda732e859,2026-04-02 12:15:24.190928+00:00,2026-04-02 12:15:24.190928+00:00
db103545-7180-41dc-8459-cce4b16ab0ea,e0335bdb-3647-4859-afe0-0e1936a480c0,3e86de0a-8358-43a8-9d4a-be728e186d76,2026-04-26 05:12:22.128039+00:00,2026-04-26 05:12:22.128039+00:00
45557fb6-1bac-491a-831d-b6b8019ff0ff,e134df11-b76a-45a9-a7df-0761d2a3611e,53003d42-0305-4c2f-8c76-b942918dc152,2026-03-26 06:29:00.617285+00:00,2026-03-26 06:29:00.617285+00:00
643a89fd-c3fe-44b2-80ec-e389e22699fc,bcff59b1-1f0a-4e88-b55f-5eff03a798c5,781e0244-250e-49f7-94e7-a34c1f7da085,2026-04-03 02:01:41.265286+00:00,2026-04-03 02:01:41.265286+00:00
b5c22533-28d5-4c46-a7ed-d44a8752af31,d8a03fdc-7858-43c0-8464-fda563aa057d,9940ca56-e7e6-4cb4-a5c6-2ab47449364f,2026-03-22 11:08:30.152986+00:00,2026-03-22 11:08:30.152986+00:00
f5fd46a7-ca27-4311-933a-295321089a2b,e4d07c7f-b490-47d5-af9a-97942f32b927,d8037a23-3dde-4abc-b323-ab6d15768a18,2026-04-23 15:03:49.840555+00:00,2026-04-23 15:03:49.840555+00:00
490ed5d3-afb7-476b-a0c0-b20faf41d85d,114f2b80-6e9a-48e3-9c21-35fd5d40aa66,a8783f0d-9370-414a-9430-477a0f362719,2026-04-16 00:01:13.192236+00:00,2026-04-16 00:01:13.192236+00:00
2c7b4ac0-7b17-4cc3-8334-7dd6beb3d018,3a25d97f-aec7-4a6a-8a0e-6a3241829589,5682c563-7d80-483c-9feb-09fa302d1387,2026-05-29 17:06:55.053441+00:00,2026-05-29 17:06:55.053441+00:00
dc0947a8-5bf2-459f-a213-60b8ca187230,562167ff-e6e0-4b7f-9546-0f29ef57a301,046b3b7b-c059-4fd6-bb65-52924467df0e,2026-05-10 01:13:15.416562+00:00,2026-05-10 01:13:15.416562+00:00
7411daae-591e-4ac5-b9b9-53f35c10537f,5885f266-e348-4731-bcab-0a0d036966f7,d70fab85-db3b-41fd-a275-608d3c6276a4,2026-05-28 07:38:50.988774+00:00,2026-05-28 07:38:50.988774+00:00
31f49ba1-c927-4a89-acee-c19ead44cf9d,7287fa59-cde9-4729-ac32-fc65437e3590,8237b44a-084a-46e9-86b1-2a6f617ca726,2026-03-22 08:41:00.351777+00:00,2026-03-22 08:41:00.351777+00:00
6fb66041-0a56-4676-b80a-77df4246ef07,68f0989d-469a-4551-8e1d-13f050fe404b,1f23ec1b-d62c-4ca4-bf21-21c2e75033f3,2026-03-18 13:31:22.745196+00:00,2026-03-18 13:31:22.745196+00:00
f65bd91f-e061-49d1-aabb-9e4bf4ffa9bb,d537515a-ef34-4f00-927d-1c9aec57fc71,b09a3d33-10a5-4a73-a58a-501638c70167,2026-03-20 12:23:48.973440+00:00,2026-03-20 12:23:48.973440+00:00
afc07a9d-4333-4335-9d52-da3ff7ecabd2,e3d57058-bdc9-4457-bec4-4b0f209cde49,7de2b996-89e0-4e7f-a46c-53d5635944e3,2026-04-22 10:24:27.415046+00:00,2026-04-22 10:24:27.415046+00:00
e161e8de-473f-4bd9-a410-52b0d5285aac,5351da82-9445-4c2a-b37e-daf2417d7e63,6b66a8fc-31fc-4a7e-a839-f6dfc8eeda2d,2026-03-25 23:04:09.325504+00:00,2026-03-25 23:04:09.325504+00:00
570e9286-a04b-45ac-979e-2c9198826c86,a5e953c5-fa15-4d7f-a9df-72fda17e6e08,a9c55388-7dc3-4ed6-8911-bd1b8059ae14,2026-03-19 19:11:24.518336+00:00,2026-03-19 19:11:24.518336+00:00
bb0c127e-9d35-489b-8d9f-b10f224c7f73,13563c13-5937-4375-9192-65bd71a95239,34e86494-a715-4d87-a4bd-73a008c1aad9,2026-05-17 05:27:50.464590+00:00,2026-05-17 05:27:50.464590+00:00
ec8f887e-f186-4d45-b0b2-d6851878285f,737d5138-6a53-43d4-a412-01d0c23da685,73d88273-40ea-4f8b-befd-797687b8c033,2026-04-13 20:51:32.178878+00:00,2026-04-13 20:51:32.178878+00:00
3a457029-b871-4931-b6f7-f317b9ea8b50,ebe5179f-f64f-4ae3-9822-2e759ab04f04,ab0c551e-24fb-4ce1-b5d2-7f37ac1f911e,2026-03-06 06:14:24.846208+00:00,2026-03-06 06:14:24.846208+00:00
8db894ac-acb9-439a-b08f-5b0fc217562b,7b463f1e-a09f-4c74-9131-8b54cf1bad27,261e9be0-4a17-4308-92e5-224734fc77b5,2026-05-02 14:47:22.645703+00:00,2026-05-02 14:47:22.645703+00:00
d5540952-c75f-4ed6-8332-9148dff1ac28,33693f86-9feb-4503-bfc4-38533c74793f,2583eaa7-8266-44f8-bbc3-58e9cd81cb19,2026-03-17 03:10:30.267271+00:00,2026-03-17 03:10:30.267271+00:00
237f1242-fad8-4d4a-88b7-44513d49a9e3,9396839e-32d6-47d4-b4cd-e3a3b2ac1698,c834df11-3c8a-4015-83e5-8b65483f40c6,2026-03-11 19:51:08.735459+00:00,2026-03-11 19:51:08.735459+00:00
78e84bbb-6b10-4410-a229-ce72ea851351,5ea42f37-6bb6-4c81-971f-1845a14aff3a,04f8953e-2d7f-412a-9aca-ffe1e1b6cc51,2026-03-16 15:35:36.999469+00:00,2026-03-16 15:35:36.999469+00:00
0861af8a-e3cb-4740-8e1c-fe2026fdd19f,59b92ec3-733e-4fac-91a6-a9cf15be4645,1d0023eb-fcaa-4655-a732-6fcd96decc54,2026-03-17 08:30:18.126012+00:00,2026-03-17 08:30:18.126012+00:00
79fc1b4c-953b-41fc-9e07-96a8bc2d07ac,65bbbcc6-9278-43fb-9851-d41e9ac1e0f6,8014e213-6659-4e99-98df-9310203fceb0,2026-03-31 02:08:30.978974+00:00,2026-03-31 02:08:30.978974+00:00
be1ead6a-a44e-4d15-85fe-ec00557dc53b,8454be41-c726-458e-973e-309464e41618,07917d89-f82b-42c2-bec6-484f1fa138ec,2026-04-06 22:11:44.383822+00:00,2026-04-06 22:11:44.383822+00:00
d317a983-8e82-4c2a-a327-f403258eee21,cbce2630-3ad6-4523-8de8-cdc9fe33cece,175f934b-db7b-49a5-9533-9a583d6bc77b,2026-05-04 14:23:32.588489+00:00,2026-05-04 14:23:32.588489+00:00
0456a6d6-7dde-43a3-92ef-c8072dd8e3a0,37b1178e-0a24-4fd1-a36c-f92dfe99c47b,099042f4-6229-421a-be7d-a3a20bdc25aa,2026-05-05 08:53:48.491397+00:00,2026-05-05 08:53:48.491397+00:00
229c5086-91d4-4f90-b49a-14e2fc0989ce,46871068-7498-4c17-9b20-49d924292ce3,7387b3f1-ac1b-437b-be7d-64468eb077b1,2026-05-18 05:14:53.803414+00:00,2026-05-18 05:14:53.803414+00:00
3e06ecda-739e-4503-b00b-c6293a9d215d,653fcc95-a0cb-4ddd-97cc-af98c5842120,19efacb1-5057-4454-b7b7-bca5fef6ea65,2026-04-03 03:49:23.604888+00:00,2026-04-03 03:49:23.604888+00:00
69ac9e11-6440-4c87-bfba-9cd57d08b770,ab98a565-49a6-49b2-bf66-993d7c3f5ff9,f11efadc-e84e-4bed-9c48-e6d9f3e12413,2026-03-15 10:41:59.723618+00:00,2026-03-15 10:41:59.723618+00:00
309c3214-0581-46ca-ba56-eb4198497e73,ef9f28f0-150c-47d2-b21d-83097f061fb1,ce83b107-5cb5-4b08-93b2-b2284b62a9fd,2026-04-01 12:41:51.892263+00:00,2026-04-01 12:41:51.892263+00:00
3adc2f47-f326-4384-8dd4-85f54f96489a,06e483e6-2cb6-4d69-8f6c-50f849e30c92,70eae7f7-635e-4ab7-a8bb-980752142e91,2026-05-18 21:04:38.692060+00:00,2026-05-18 21:04:38.692060+00:00
3a58c590-3ad7-42d6-8dae-763910bf884e,cf87f082-2fb3-489f-b7a7-976d8b6eaa83,c95b6a13-6aba-4de7-ae3a-66e3b9d9372f,2026-05-25 07:49:08.782951+00:00,2026-05-25 07:49:08.782951+00:00
c6089ae2-3c88-4435-b3ff-24acafcd25ea,c89f915d-58f0-495a-869e-e42821d456d7,e8072f9f-7e81-453e-bef7-0a476f6c74ba,2026-05-04 12:11:26.985043+00:00,2026-05-04 12:11:26.985043+00:00
40da5151-4cce-40df-ac4e-3b15652e8380,e150feab-f533-41c1-8533-4547c06e9c59,b4fc216e-eb1e-43db-b184-42c3aec91d4c,2026-03-07 15:53:56.579216+00:00,2026-03-07 15:53:56.579216+00:00
97ce1dc1-45bd-4be3-ac6a-28daadb2d5e5,7203d289-d38b-420f-8244-b01413963127,52d7bbd0-e89a-4470-b519-c1e13e35f4bb,2026-05-03 14:06:02.053830+00:00,2026-05-03 14:06:02.053830+00:00
0e5c9566-bb4a-41ae-94e7-5fa975625cd1,f3826567-12be-4016-bb79-4c503c2caa3f,1d9666d5-ecaa-4683-a987-f7384bc14456,2026-04-01 10:08:45.683575+00:00,2026-04-01 10:08:45.683575+00:00
e97d2621-b374-4d53-8429-9ecd25ed83ef,faad2a14-e0ab-4247-b290-36258f9592af,fc8ad36a-815c-44a0-b4b3-621bfbf6d089,2026-04-10 12:04:40.181606+00:00,2026-04-10 12:04:40.181606+00:00
c716645b-6f9c-4cb7-8c31-e585132d23ea,b4f3d823-667e-415e-bb51-c8d734fc2434,52f7e494-2a16-41ff-81cb-4da41f328d69,2026-04-14 00:48:41.314636+00:00,2026-04-14 00:48:41.314636+00:00
80ab0e4e-9941-4067-afa2-c984df18b5eb,740bc818-9b90-4ad0-97c9-7a75018098e1,fd1b5a28-6cf2-4482-8f1c-ab07cecd7a79,2026-05-02 03:56:51.601562+00:00,2026-05-02 03:56:51.601562+00:00
afccf60e-f91c-4e65-bde0-c5562404c750,44ef44db-8896-4a4b-b1d6-3c1d5a7fe86c,906339c0-12cb-44b7-b8e4-a11caffba511,2026-05-20 19:36:41.023213+00:00,2026-05-20 19:36:41.023213+00:00
5dd9e873-4468-45f6-bcfb-7516ab2b0153,8d0b0827-3efb-4968-bb37-5d29178dfc3d,3042202c-181e-4530-834a-05ee2a67da8c,2026-04-16 13:50:57.593016+00:00,2026-04-16 13:50:57.593016+00:00
48238242-0687-47a9-8943-d23d01108457,6a7e13a8-1918-4650-893c-2fd22819cad8,ff3b31e5-c571-4071-bb45-3784b569e5c0,2026-04-07 08:17:12.818583+00:00,2026-04-07 08:17:12.818583+00:00
04e2de36-dadc-4097-9908-fb250d092e9f,a3fd0d8a-180f-4905-a436-f59d37962427,13f0d719-c547-44be-88c8-cac32d9d2693,2026-05-25 02:09:46.210257+00:00,2026-05-25 02:09:46.210257+00:00
6d8fb3cb-6235-4ba2-84d3-f663e3331b00,a12c9be8-eba8-4fa3-80f3-2bbb500f0ec8,24b8a482-548a-4624-9d81-61822bd70558,2026-05-13 20:36:48.715662+00:00,2026-05-13 20:36:48.715662+00:00
47e3ea20-6914-498e-940a-7e589b539c9c,f594b63f-6e15-4bb6-adcd-f70413e334fd,d1e1a475-9e2f-4ee2-8692-46f6572b4a33,2026-04-29 11:42:43.201655+00:00,2026-04-29 11:42:43.201655+00:00
cc1e4b9d-7d82-4907-9bbc-05bffea668ea,7d8ffcd5-a966-4ee6-a1b2-a04771c9ecfd,17cd75e2-b779-4dac-8d20-cd2cd69019e5,2026-04-21 17:05:40.329359+00:00,2026-04-21 17:05:40.329359+00:00
20c76208-8b1a-4678-9938-79bb405ebe65,7a983abf-2f5c-4f55-a769-ce7f23c51e27,530c94b6-df9e-4b9a-ad83-56e328542c2d,2026-03-04 06:26:39.963111+00:00,2026-03-04 06:26:39.963111+00:00
bc2f6d47-bdcf-4494-9033-8cf5d35996ba,49634346-8429-4b57-be75-ce47cc715b26,9dbe1704-4b5a-4fd8-ad88-08ad512a1612,2026-05-14 00:25:54.757052+00:00,2026-05-14 00:25:54.757052+00:00
c5a03105-3ac5-47da-91ab-57c1a9d29e65,12cbaec5-02b3-42f0-9ece-a703954ea0a0,b69d933b-1ff2-4242-8159-94c88d62dad1,2026-04-02 23:35:48.552837+00:00,2026-04-02 23:35:48.552837+00:00
1e2e1583-0021-4015-baed-662a7aa5b5f0,647e4de4-3734-43fa-8815-98fe05e0a4be,2d81d0c7-99ae-4996-b2e1-6a7023188925,2026-05-01 08:26:57.530443+00:00,2026-05-01 08:26:57.530443+00:00
07d07a3a-30b5-4e5a-84e3-9a97f7fa1f41,da2d9126-131e-46a0-9110-cc4101460bf1,54b79303-8a2d-494a-837c-92000f6d74ad,2026-05-08 19:46:36.727249+00:00,2026-05-08 19:46:36.727249+00:00
07ee26ae-2269-4326-8fc1-06acdb2c8595,89f936af-e414-4061-8a75-897ef1a4467d,504f8321-1e30-4dd7-b5ed-d391770c42f9,2026-04-13 05:24:23.219625+00:00,2026-04-13 05:24:23.219625+00:00
83446269-fa2c-45dc-9326-0e308e178762,30951e06-72de-407e-a739-173883992fdb,178752ac-5c4e-4c74-bdab-84c549163a9e,2026-04-15 02:27:49.539131+00:00,2026-04-15 02:27:49.539131+00:00
dd5ea448-b37f-4c38-a899-0b12296ce579,cff6c2eb-6678-450c-a383-f92f8df49507,4641f724-5e4b-435b-946e-488616585e46,2026-04-04 22:47:17.629395+00:00,2026-04-04 22:47:17.629395+00:00
f383829f-5539-4456-8eb0-4aece1efbea4,5895463c-9d1e-48df-8a35-2a7f565396f8,5c5d1a36-cbfa-4621-9002-61fab1e57ade,2026-05-21 12:28:15.735010+00:00,2026-05-21 12:28:15.735010+00:00
54347acd-cb0a-4673-995b-5120f06358ae,7eb13c00-07ce-4b04-a8d7-4879f7a31a6f,ee6fabfe-bc58-4fb1-9c03-1ceb76b23531,2026-03-21 01:26:23.679211+00:00,2026-03-21 01:26:23.679211+00:00
e686a4d9-e798-4258-b770-c76bb56f2297,d4b035d0-ec6a-4116-8ce8-39807a7a8a6d,39326178-50e9-47cb-9c6c-6376501df53e,2026-03-29 17:23:15.625271+00:00,2026-03-29 17:23:15.625271+00:00
a18b5312-e007-4739-a69a-5309b1cd8e86,94f8c7e8-f4ca-4e61-9535-f6be5d0884c1,f7a59621-10d8-454a-b43f-6aa356bcbb96,2026-03-24 07:13:11.809963+00:00,2026-03-24 07:13:11.809963+00:00
1c71dbba-2e6f-4e98-9656-31751cdaad6f,5f095272-73b8-4d7a-8fca-dead52dcb7d7,2b4d6228-0220-4f35-a0f1-b26ec7e8ca0b,2026-03-19 21:04:04.528545+00:00,2026-03-19 21:04:04.528545+00:00
d343a5a2-3e22-4f59-9b98-f46e7a2fa387,e68c5947-e26b-43ce-9dbd-61812551af1f,36f072c6-e86c-49dc-95c9-86a9628715e9,2026-03-05 02:14:33.182387+00:00,2026-03-05 02:14:33.182387+00:00
cda0f2e8-efc0-40f0-b96b-38dfd552f052,e76c54e2-42b3-4de0-9861-6c242880cdb5,c1e03683-3c18-471f-976e-d03f2b9eb7ae,2026-03-19 04:33:17.149527+00:00,2026-03-19 04:33:17.149527+00:00
6a00d2db-cb35-4b85-8a52-343e47918114,bfc75d98-9931-4879-8e79-78c83423e4cc,e3d4513a-6d91-4648-b3f9-e7bdcd554d9e,2026-05-14 01:27:04.072004+00:00,2026-05-14 01:27:04.072004+00:00
c6bba44e-5f27-4e33-9dbb-325562f8429a,1d3bfd68-ee2c-4769-959a-500f84eb1077,9719514d-5e36-4ce9-9ce7-6a1b574721e9,2026-04-24 09:28:51.122670+00:00,2026-04-24 09:28:51.122670+00:00
7ca0f450-36f2-458e-9b16-e0656699ba6b,a5140cc8-97f9-4886-8cc9-154f89d66f9d,fd0964c4-d21d-4a30-93f5-cc8fff926fe2,2026-03-07 04:16:33.372191+00:00,2026-03-07 04:16:33.372191+00:00
ee11181b-ba8c-4959-a012-0deaddaca1b7,2d11b846-33f5-4d3d-9238-d080dfca8560,367be773-96a9-4af1-8ec3-7781c677f998,2026-04-04 04:10:28.051896+00:00,2026-04-04 04:10:28.051896+00:00
a776e7f2-ea2d-440d-b502-3668efec9281,fe7e5493-6da2-4e82-96fd-bdaf88bd30d6,e3fb1cc0-f6c3-4cc0-88a9-07576fcfa0ef,2026-03-28 22:15:26.199148+00:00,2026-03-28 22:15:26.199148+00:00
e6e4081a-1241-4110-a1ad-b75aa727f400,0f2d5042-f318-4854-808b-8452c2eabed5,1c996195-3d24-40e4-9d07-14c58a94dc46,2026-05-25 15:33:31.949639+00:00,2026-05-25 15:33:31.949639+00:00
1e38d200-efc1-463e-b521-84acabe26f57,9c6853d6-432e-40f1-a3d2-fe0b04e245be,d6652e31-298e-499a-a3ad-18010abf5b04,2026-04-28 07:28:29.377065+00:00,2026-04-28 07:28:29.377065+00:00
7a878cde-60e4-4e3e-b682-2124b31a73f6,d5f482b1-058a-422c-b185-86d58536942b,10b617a4-fb4c-4c05-8a1d-c8fba0b0550d,2026-03-26 03:46:40.993042+00:00,2026-03-26 03:46:40.993042+00:00
1b606782-210b-4c6a-82a8-9233a5f8cb8c,b3944a65-aa83-411b-8a96-44b436550770,c2ab12f9-bef8-434b-b562-0c1cbc47524e,2026-03-19 13:44:34.091728+00:00,2026-03-19 13:44:34.091728+00:00
9ce635a2-f092-4772-a5c2-bd8a5f8ed7dc,78abb253-ef57-4b4d-9fd5-2ff88a1175fc,a5787dc8-54ca-4e1c-90d4-a52d9243f3c8,2026-05-28 04:23:58.768294+00:00,2026-05-28 04:23:58.768294+00:00
e8cfc640-21c3-45eb-9e3f-0ac573961170,2e962214-a047-4eea-945c-2e09a3ad2968,304660cb-c9d4-49a2-9b03-06dac6a123dd,2026-03-06 14:28:03.099527+00:00,2026-03-06 14:28:03.099527+00:00
18a4876d-f6dc-4f63-b437-b8c85f1e310b,8d17e653-b5d8-4a6a-95ea-d0a68aab1d5d,7005fc07-e1b4-4713-a3d2-21d9734d6624,2026-04-25 14:34:36.562448+00:00,2026-04-25 14:34:36.562448+00:00
eae5f59d-9e85-4169-9fe6-204f8208eb4f,37f6300e-b657-43c7-9aba-68a952070416,4f64fb49-2367-40ee-bcf1-7736cd39d78f,2026-03-24 10:03:02.927831+00:00,2026-03-24 10:03:02.927831+00:00
5c561fbd-f45b-4c48-9153-e5f58102d179,07684b6d-87d6-405e-94e8-4ebb304a2644,e9b44534-27b0-4a0b-b08c-a6f117dfbec2,2026-05-01 05:20:59.245547+00:00,2026-05-01 05:20:59.245547+00:00
5680b5ff-2fa9-4dc2-ad19-a306b4c5ac16,bb72bc18-6103-445f-bd2f-f0a161e335a5,6ad72d35-3f54-40e9-a52f-d2ae45f7930e,2026-04-18 15:42:07.913226+00:00,2026-04-18 15:42:07.913226+00:00
f5ca699e-c52b-4891-abc5-28a248549471,78bc6b97-2005-4474-8985-e419d54979aa,f9a0bd53-5d2c-4d5b-9d7c-331c77854f34,2026-05-12 17:41:18.003600+00:00,2026-05-12 17:41:18.003600+00:00
3ca9259f-93f6-4fc4-9580-c1ab7ba26722,7e484f9b-92f7-4a7a-915b-905eff823fbe,ba7db48c-329e-4503-85e1-32998bd04e6f,2026-03-29 19:24:34.776393+00:00,2026-03-29 19:24:34.776393+00:00
193ecf20-653e-4c1b-8a7a-73fb99e1cd98,fb5fcd9d-c572-4aa9-b097-8fdeaf71fa27,9f06e40f-4f81-4525-bc50-29d0a4d6cc04,2026-03-25 05:46:39.586357+00:00,2026-03-25 05:46:39.586357+00:00
5f1b1fbc-dd4a-479e-8c7d-cbc45955cf14,227cc170-4918-4c15-af0f-ecd5d6e26ef8,21796271-7573-4147-9b41-d04fb3e1908b,2026-03-23 09:58:39.384500+00:00,2026-03-23 09:58:39.384500+00:00
127a948c-39cc-4f3a-ae64-11848b0ea29f,3b25930b-5141-4e35-bd34-2dfe8dbd2fb2,6aac1e5a-fc46-4ca8-9f99-5db1cc8710d5,2026-03-14 16:54:01.118100+00:00,2026-03-14 16:54:01.118100+00:00
41d584d3-81d0-4a39-8172-2bff63e12821,d0616d72-5199-4cd6-a4ee-cec66d69c00e,342eb6e3-5cf3-4c8c-8be7-0452963fa6fb,2026-05-23 08:20:32.435910+00:00,2026-05-23 08:20:32.435910+00:00
040a34b5-3a7f-43aa-a909-8a8cddc9dc5c,8f94c05b-cc17-42d6-854d-c69daea0c8a4,dd2123cd-5a01-4928-ad59-37e0e60d83d7,2026-04-09 04:42:42.471857+00:00,2026-04-09 04:42:42.471857+00:00
1deba98c-1da9-413b-9c3e-ad18ada1b0e8,d5da017f-16cd-4d28-a767-3e793a28cdaf,1e2f9a84-505c-45ca-800a-ea6323adc2ab,2026-04-04 23:01:44.051407+00:00,2026-04-04 23:01:44.051407+00:00
8c065905-882d-46b6-9d76-95fb3671f047,52a0c61f-e617-4820-a35c-2937bdf8f431,b7b7a093-4128-431e-b0be-0b79450cac27,2026-05-06 09:34:30.121586+00:00,2026-05-06 09:34:30.121586+00:00
4f49f43f-ec86-420b-8eb4-311d25c611fe,feeb123e-80ac-4b4a-9645-7688887b3b77,5a646cd2-b25b-464d-acb1-994f4a0abe8f,2026-05-20 04:36:41.935169+00:00,2026-05-20 04:36:41.935169+00:00
02cc4513-42fb-4f6b-92b7-05abf4254250,16a0dcaa-bda2-4088-b891-4d5ecd7274c5,ae6cab74-4940-4281-89ee-3c75459d18d5,2026-03-08 03:14:50.138063+00:00,2026-03-08 03:14:50.138063+00:00
93ca1492-0af4-4f0a-bef1-4e671b99c560,1a79b3ad-9153-45c1-af35-cb5c64c34e58,8d2d13e8-dcee-4880-bfd4-8d228a030b8a,2026-03-22 21:24:28.580110+00:00,2026-03-22 21:24:28.580110+00:00
506cbb74-bed6-4142-ab77-db1f7e43aa46,6342aee4-1e53-4ebb-9171-0722d209c5a4,a07bffde-9be8-45c9-9cde-d426c980f9b9,2026-05-30 02:35:19.387266+00:00,2026-05-30 02:35:19.387266+00:00
e57f629b-2776-472d-9f48-f3f8a7fbd5b9,b62740f1-45d9-4318-90c2-dfaf5682e5cc,daddbfd9-ce94-4f59-b5b0-d1086b89afba,2026-03-10 11:54:16.977711+00:00,2026-03-10 11:54:16.977711+00:00
2668dac0-9e0b-4e28-8886-21c8b68f8b18,55994355-4704-45a4-8ecf-aa4f892ea1b9,cf1d76d6-9e71-453f-ad5a-f445bca6f6f4,2026-03-28 20:59:31.141683+00:00,2026-03-28 20:59:31.141683+00:00
7d6befb4-ac1a-4d97-9683-f35b782adef8,01193cbc-59f6-4f75-9831-41f8c0997f58,56103465-92eb-4c6c-9146-df8f6c8f6764,2026-04-26 05:21:40.016086+00:00,2026-04-26 05:21:40.016086+00:00
e735f6d7-eb1c-47ad-ad4b-356341f95065,0821501b-9f61-446a-a0b5-27791fb9c8c9,ce70eff6-3784-41fd-817d-3a0d58f98381,2026-03-06 23:21:12.677787+00:00,2026-03-06 23:21:12.677787+00:00
b109c39d-7d3d-423d-8f5f-ee60083fb62c,601d92d6-5d29-407f-b6cc-df90a73237f7,bd558609-837b-4f2a-8413-acca69d48d24,2026-05-02 04:23:30.321895+00:00,2026-05-02 04:23:30.321895+00:00
f3bac7cb-38b7-4e50-9057-f3cdfdd74aef,0b89c5c7-5fbe-4181-aefb-f6354535f3f7,b3da0080-0877-4db8-80cc-b5e61805b4ed,2026-04-22 11:10:27.042469+00:00,2026-04-22 11:10:27.042469+00:00
8593e56e-f7d6-4bc8-a813-0b4658ae35e2,226f7769-dd8f-4848-9221-92e089f84ea3,03f39a80-3465-4e7e-b902-59bd3cc255b0,2026-04-12 15:51:10.847758+00:00,2026-04-12 15:51:10.847758+00:00
09cc971e-c386-46e0-8935-429de607dfb0,eac7a874-c538-4ba6-acde-4c2184c83a36,7edad186-34ee-4a6f-9f14-e87cae9f60f2,2026-03-21 18:54:42.682457+00:00,2026-03-21 18:54:42.682457+00:00
9b20d128-5fd1-44bd-b3b5-f254355e12b7,cdd9de48-8a16-41ec-b423-a77d0bca8670,fbb929bf-e191-4bbc-9b8b-d77887634019,2026-03-29 13:52:37.833113+00:00,2026-03-29 13:52:37.833113+00:00
d9a1b940-2775-4778-8e61-ff2eb368c45f,ab858903-1b1b-48a8-9884-7f75ed4e4205,67b590a7-e102-40aa-9ada-0455b82162d9,2026-03-25 21:49:19.118848+00:00,2026-03-25 21:49:19.118848+00:00
db61bbc4-fb7c-480c-b172-5680fe21dd72,42bf41e7-49b7-4638-b42c-b51977d3a957,52d96c45-dbe0-4106-8324-4d0319d44e83,2026-03-07 00:01:41.336769+00:00,2026-03-07 00:01:41.336769+00:00
4acd4c5a-63b1-481b-b885-3d1eac996b87,054a833d-c735-4315-8100-02d7233d08ed,a8348861-95e7-4a6f-9061-a3dae4cc22b3,2026-05-19 17:08:33.150972+00:00,2026-05-19 17:08:33.150972+00:00
86de921c-aa94-4b2e-875a-3cfcee5b13b9,52c4ec28-3a84-4dd3-9bc7-6ebb5cf21b14,caf59a38-15ce-4b8b-bc98-cc1bc560f74d,2026-03-27 10:51:46.130792+00:00,2026-03-27 10:51:46.130792+00:00
c11888a3-a76b-4082-8018-1c7bd8cf616f,67b49a53-20dc-4222-a58b-4fd35d6b7ed9,34de3eca-d378-44ce-b1fa-d7f399711c7a,2026-05-21 12:25:41.174349+00:00,2026-05-21 12:25:41.174349+00:00
39fe60ce-6043-4b8b-8a9a-ed8a7d48c4c2,89c6c064-000f-4905-8418-0861b16b5764,2a89886c-c265-4d07-94a9-b2638fd9f351,2026-04-12 10:49:38.880157+00:00,2026-04-12 10:49:38.880157+00:00
b6a3e569-a7c6-49e5-a887-4c3ed43cd6f7,213dc91c-0dc4-41b1-8f3c-bd2fbcb74e04,5e138899-7842-44e8-9380-f97ac1d33670,2026-04-12 23:48:02.622146+00:00,2026-04-12 23:48:02.622146+00:00
985574fb-443f-4bef-8daf-11524d49697d,bbf901a2-1eb2-4949-b88d-1714d3c68c56,75fdda65-ccf5-4731-9e54-5dc5a6015aa2,2026-03-18 02:44:32.200696+00:00,2026-03-18 02:44:32.200696+00:00
ed61c851-fd72-4a70-bf0e-c41f49e0a259,a683d95e-7616-4115-b970-63165c402353,c39b9f48-09e6-4184-a311-68b2ba931d0b,2026-05-23 12:26:06.679509+00:00,2026-05-23 12:26:06.679509+00:00
c98ec40b-a579-4db4-b31d-06056eeed1e7,4cf7452b-1a89-4857-8744-b14290982184,e3d389f9-ad64-45b3-be81-d13dbaca0b6a,2026-04-02 01:06:56.442699+00:00,2026-04-02 01:06:56.442699+00:00
137a0bc6-9f0b-41e4-8fd8-8f5c80c030b4,80378b55-2b22-4b2c-91e6-b9c71a3d8e93,6b7788ee-2082-4990-81bc-473a6a4db089,2026-04-04 02:40:17.799859+00:00,2026-04-04 02:40:17.799859+00:00
9c754e3e-348c-4cd2-bb7c-b1f746553882,73ceb5bf-939a-4774-9a73-f9d5dd18c3cf,80d4b892-352d-4e87-a6ed-b889a43ad812,2026-05-22 02:45:04.047875+00:00,2026-05-22 02:45:04.047875+00:00
1a44fc74-c4fc-453b-8509-55197dd342f6,d616b674-9601-471f-b47e-2388ec9b852a,98f466ce-5368-40bd-9dba-ee4299e913e3,2026-03-21 21:25:34.524407+00:00,2026-03-21 21:25:34.524407+00:00
e16a1f2b-9a43-45be-bfec-8236e14e8545,f1444d3a-44e7-4673-b9c4-53fe76445466,55a81dcf-4bdf-4940-86b9-c1d6c9c2b264,2026-04-13 13:30:55.823184+00:00,2026-04-13 13:30:55.823184+00:00
d3e3ce22-f1e1-4c7c-8b4a-943be6fa0045,e9fe2bcd-06d0-4675-98c0-0bd88d1cecd9,10dd816e-abeb-43aa-ad7f-c9ef58526621,2026-03-31 12:59:44.797352+00:00,2026-03-31 12:59:44.797352+00:00
f7275172-af2f-4442-821d-1ad76cfab86f,4638982d-13cc-4580-b4b0-ad42912b9b8b,4faf2cd6-6ce3-4f5b-92e8-b4238f947701,2026-03-04 23:05:53.952021+00:00,2026-03-04 23:05:53.952021+00:00
1b84949f-14a0-4693-9ea8-a683673babfa,6b304bb1-1b0c-4317-802f-d25fbd632459,56c771fb-7df4-40e0-9af7-439b283279ff,2026-05-05 10:21:40.992103+00:00,2026-05-05 10:21:40.992103+00:00
75514de2-7000-497d-8876-a0d3db3e40ee,a964e988-0678-4f82-ad7a-9183708ae24a,7419a789-23b7-469c-b515-820c8331e250,2026-04-26 02:03:16.876064+00:00,2026-04-26 02:03:16.876064+00:00
48af0488-5c5d-46cd-be97-d37361f9b607,5f4ba7a0-4b85-40fb-97f7-29a425cfe2af,47402766-a8de-40a4-a84d-c735decbd074,2026-04-30 03:44:49.215112+00:00,2026-04-30 03:44:49.215112+00:00
6989e6f7-6c13-4e7c-8635-ba07231fd421,35808862-f413-436d-85f9-2524a7e3db46,87060315-f238-49e2-80ec-996ea4da755c,2026-05-29 02:58:49.002216+00:00,2026-05-29 02:58:49.002216+00:00
3f41887a-2861-4208-afab-c87f186c6739,c678446d-7665-416d-aaac-246892b8bb59,2ca742a1-e64f-4bf1-8d3f-b03468680d10,2026-05-28 03:35:36.104252+00:00,2026-05-28 03:35:36.104252+00:00
45cd5927-9328-4ebf-adf6-537dca44cd2f,7166a39f-a262-4fa8-9978-8b5fbfcbe7d5,ee1408b5-9e9f-4376-849f-94359cc5b518,2026-04-25 13:11:16.238693+00:00,2026-04-25 13:11:16.238693+00:00
cb94aa43-02d7-43d8-983a-010580870578,e99dea7a-68c6-4170-9f23-4b460c1bfb5a,8dabbd80-01d4-4f43-bf4c-98ea8089ef05,2026-04-18 22:10:52.485287+00:00,2026-04-18 22:10:52.485287+00:00
a645c41c-165f-49ac-adf7-d5013dc20551,6ab48033-a3cf-4044-a627-2b7627de50f2,9283cd40-d171-43f9-9146-4c7a286d008d,2026-03-14 15:12:51.995283+00:00,2026-03-14 15:12:51.995283+00:00
2612f18d-2b28-44f6-83bf-9c6042249906,5c203b02-743f-4cec-94dc-2efb08294589,6457a404-71a1-46d1-b7b6-f15d01722924,2026-04-04 08:02:28.418467+00:00,2026-04-04 08:02:28.418467+00:00
79f0785f-6099-4016-9c81-ea073b0c17b9,d5989bd6-8131-447e-af93-4582a1cef191,9899b493-5138-4a5c-a39c-c71d04bc81b5,2026-03-07 09:41:48.416409+00:00,2026-03-07 09:41:48.416409+00:00
869d1e08-84b7-4415-9076-7d6c249caa82,ff1e36ff-f94f-43a8-9f04-78abe41e2f90,93131806-1a89-42b1-a380-9bd5a9d77fbe,2026-05-29 13:28:30.059244+00:00,2026-05-29 13:28:30.059244+00:00
3b162d1e-8095-4b5f-b644-1544515550ec,821e388a-ee5e-4439-8f9c-b4d4c57390c0,8ff13432-994a-4c91-8451-0ddd2b98b241,2026-03-07 01:48:57.910313+00:00,2026-03-07 01:48:57.910313+00:00
4b0b8533-d994-4e4b-868f-956a9b174281,c174b617-872c-4cca-9f2f-9216185b71ad,5896776d-b969-4772-a4d5-5233bd22716d,2026-03-07 16:47:03.490720+00:00,2026-03-07 16:47:03.490720+00:00
7a18e5fc-3538-4e9b-8046-f4345943e8eb,789ad78d-fae5-488b-96c2-815106119202,d7f209f9-f5c5-4dae-a68c-a874c3834cb5,2026-03-25 13:28:30.926422+00:00,2026-03-25 13:28:30.926422+00:00
fafd4b4c-8482-425c-9c09-27381a753944,da389b0c-103d-48c6-83ca-cf09b3c773f8,bd397374-4163-4707-a47b-591ae75b5454,2026-04-30 08:09:13.548193+00:00,2026-04-30 08:09:13.548193+00:00
8dcf56cb-562d-4a4b-941e-c012822bab8e,68037692-db83-40a6-a183-bcac6b43ef64,ba52d413-1b9d-45d8-a285-5914d5019b31,2026-04-10 12:50:28.080379+00:00,2026-04-10 12:50:28.080379+00:00
025a5424-1d5f-4949-9a90-6a42dbb01b48,6a0fc1a7-caf7-42b1-9b8e-2b9d6fd09b48,1c2a72d6-45ee-41d0-9b84-88ad8be05460,2026-05-23 09:20:40.407239+00:00,2026-05-23 09:20:40.407239+00:00
c69587aa-0134-4a7a-b3b8-76db59c07c2f,3e325064-332a-4b71-a4ff-86afef25fa65,bb6f2c66-d6c6-4bf9-80e7-579a3470b0c4,2026-05-23 06:41:12.588227+00:00,2026-05-23 06:41:12.588227+00:00
dcc09b2d-5e1f-4ab5-8f2d-0a4c06debd54,67d0e437-174d-4ad0-a529-8767fac40fd7,6715908e-cd0a-4fb8-8472-101664b447ad,2026-04-21 02:15:43.036763+00:00,2026-04-21 02:15:43.036763+00:00
90c0b4c0-1b73-4bb3-9669-cbc4260699ef,270840e2-4443-4175-acd2-276cdcff5fee,c337e13b-7a1c-4efa-b1f1-fd4bb57ab38c,2026-05-17 14:58:24.893969+00:00,2026-05-17 14:58:24.893969+00:00
e98f0df0-5733-4039-9435-1695e78b3fcc,4544b006-c11b-4bc3-90b7-8c42dd35cbf3,4272299a-a9c1-478e-8e30-c14b7358c2a6,2026-05-04 22:13:57.447352+00:00,2026-05-04 22:13:57.447352+00:00
e1f4dad5-c01a-45f6-8b57-dfb3b769a4b0,e8493a64-7700-4391-9416-918d2e4b5632,b1c5a261-52ec-4567-adb4-09ac0a81bfc9,2026-04-03 00:42:43.680876+00:00,2026-04-03 00:42:43.680876+00:00
339a6426-2eaf-493b-a215-9f8a5d287535,2932824f-d83a-40f2-b623-9bc87d24b056,227a9944-5f42-4569-a4bf-3623285454ce,2026-05-15 01:50:57.896560+00:00,2026-05-15 01:50:57.896560+00:00
e9122daa-3dd8-4dc2-a157-7c02acf74091,5d3b2a64-618e-4409-a6ae-630dbe13c784,9ede03bb-b108-489b-ac41-57d5f914be11,2026-03-09 13:55:17.667911+00:00,2026-03-09 13:55:17.667911+00:00
7612a364-8adb-45f0-a1cb-1b38afc65293,ce31faf2-372e-421b-9820-8975731c9dbe,b86c416a-0b8d-4edc-ac08-74ace199a50b,2026-05-08 20:34:56.629324+00:00,2026-05-08 20:34:56.629324+00:00
2256c479-7f7f-4a4c-86f7-1731a103c916,24227df8-5dd4-4a09-ac38-9d07b54c4e8b,740e837c-3460-4fdd-8bdd-c6c11200d536,2026-04-10 13:46:14.420929+00:00,2026-04-10 13:46:14.420929+00:00
645f34e3-40bd-4f67-8e59-3741fca9bba2,4b87c26d-b5d6-455f-9024-4b61c172bc8d,0c77884e-5666-47c1-95cf-a78b34619655,2026-04-15 14:46:21.318399+00:00,2026-04-15 14:46:21.318399+00:00
c3e771f1-5b41-43ed-a4b5-58db8fefff2d,203f6030-8aa3-4f4c-b15f-6bb6aa6a42dd,1c728daf-05d8-4624-b6a2-0a808737d25b,2026-05-16 06:40:13.510946+00:00,2026-05-16 06:40:13.510946+00:00
f19b2727-221b-4f44-8c6f-5ef90289fe80,8e5d4d52-6018-4577-8a4d-aa698c580bec,b3c9156f-09cc-469f-8e9a-17ae0148d94b,2026-03-30 16:49:50.651219+00:00,2026-03-30 16:49:50.651219+00:00
ad9e7a02-2025-4e8f-af01-fe9e24b7bfed,e1c06857-e580-4447-8c32-c949bc8cbe91,8a25cf83-821c-44dc-847c-8654212cbd49,2026-05-03 07:08:13.335999+00:00,2026-05-03 07:08:13.335999+00:00
bc4ce4df-0040-46e5-a294-014ed97db96f,dff760a9-ab1f-4e55-89c9-ca9b7418495b,6e1acfb5-164c-4738-9ec2-b1cac08177cd,2026-05-08 22:09:27.561638+00:00,2026-05-08 22:09:27.561638+00:00
986cab0f-e355-4669-a157-68dd267d4d89,f3d22ca3-96d2-4205-9eb9-49860ac83295,f4c4dd74-cdf8-4d38-bd78-b513babb7551,2026-04-15 18:08:34.634169+00:00,2026-04-15 18:08:34.634169+00:00
88b5b10e-bd77-4630-8ac5-c35199108b34,58db5501-5b84-4dec-a640-19a3bdd22f76,1d20a442-818c-40be-8535-7364de7fd502,2026-04-18 12:40:20.842150+00:00,2026-04-18 12:40:20.842150+00:00
5806c75b-6fd4-4b88-aa70-512a1a00403b,ff26ad41-1a2a-432a-8187-2c08b15ae116,9d3a9e53-5bf7-4931-9104-ed02549100ac,2026-05-12 07:09:19.289298+00:00,2026-05-12 07:09:19.289298+00:00
b35d2d02-c39d-44ba-ab1f-f9a828bcebaa,5e7f5805-c6fc-4f87-b9b3-48978402de60,f61e4713-143d-4646-8dfe-14c18cf19789,2026-03-23 02:26:39.903183+00:00,2026-03-23 02:26:39.903183+00:00
bf5e7e7a-81c2-44ba-baf8-f822c9372a3b,df2ddb14-87da-4eac-8f2f-0f114d6bfb2d,c905474d-90f6-49dd-84a1-d6033205c23c,2026-05-09 17:19:59.864164+00:00,2026-05-09 17:19:59.864164+00:00
25a831cf-deec-4638-9c0f-6b97818786c4,a1fbeaa5-a0a8-4d47-87ca-2fbbb23d24f0,680fd62d-d74e-4865-a869-2c235006035b,2026-03-10 08:16:34.939363+00:00,2026-03-10 08:16:34.939363+00:00
c5df62a2-3415-491e-b520-5106f5e95a25,419c2a04-5689-4e09-acc9-24c6f5ac0f63,799a31e1-71b0-440c-b0fb-beb001646c9a,2026-05-20 17:28:13.187469+00:00,2026-05-20 17:28:13.187469+00:00
89306e44-9641-4f80-95ee-6844e28ce29e,1a095c6b-9dc3-46e6-9199-1e2d7f40adc8,5a20f2b6-f509-4a3d-9d89-6fe99e622568,2026-03-19 23:37:02.941801+00:00,2026-03-19 23:37:02.941801+00:00
f904a445-e947-43b4-be2f-627b06ddb08e,e0f7fd79-f409-4454-9a67-2a2d3e7c41f8,ffe02c37-ce91-44ac-a500-47c5ef1e8aa6,2026-04-17 02:28:37.827319+00:00,2026-04-17 02:28:37.827319+00:00
655b09a8-9d86-4008-9d08-26b161b7e072,845b6ca4-871b-40ba-8119-a8df8588b724,1b8c9b07-dcd0-4ba9-abf8-4502cc0cf9ca,2026-05-29 13:37:34.384455+00:00,2026-05-29 13:37:34.384455+00:00
fb8d0b01-446b-4610-84c0-16796281ca43,ff19a117-d643-4249-b35c-a88dc6ae90e6,b5c6794b-e441-4e0b-b0f1-6fe81f1d661c,2026-04-13 14:51:26.104625+00:00,2026-04-13 14:51:26.104625+00:00
42b7d186-bfab-41bd-8de4-ab6c9505d0ec,422ecf07-192b-45ee-9bbd-e955baac1ccb,7e080f1e-21e8-47e5-a6a5-14350fc916e2,2026-05-03 22:23:57.304782+00:00,2026-05-03 22:23:57.304782+00:00
331ec027-ab40-4924-a579-5291c8f7dcfe,7bc88487-8dc4-4772-ae16-24500125a9cf,d95c0b03-f6a9-425d-8391-e2bcdb17677f,2026-03-21 03:16:56.253604+00:00,2026-03-21 03:16:56.253604+00:00
765756ad-3af5-486a-ba37-57065cca9543,f9fca6dd-d36e-4702-9bb7-bbadcd23b8fd,f986b365-ad13-4bef-8ba4-b89cc5014e6e,2026-04-01 06:47:47.578616+00:00,2026-04-01 06:47:47.578616+00:00
c298eb63-4d23-4ced-a139-e01095c31da4,fa090623-ba2a-4bfa-b01b-eee1f094eb53,2dd75161-ce7c-4e0c-bef4-cefa1fa565d3,2026-03-17 14:19:01.060030+00:00,2026-03-17 14:19:01.060030+00:00
b6bbbedd-3fbf-40cd-8369-12b4436d9815,43776e72-0c80-4579-b94e-f10cd3056c2d,3eaee89a-c486-4edf-8d05-e9113d5e7f8f,2026-05-31 06:30:18.602741+00:00,2026-05-31 06:30:18.602741+00:00
b95c63f5-a2fb-470f-8af9-6c838941270d,3e464056-ba0a-43f3-8b61-d3c613eaaf20,d43d4f48-698b-466f-806b-b9225a189754,2026-05-21 19:44:30.296543+00:00,2026-05-21 19:44:30.296543+00:00
3699fde2-2cb3-4556-8096-58d1ea16753e,5454aeff-183f-4605-aca6-b72ce2e26525,bb50ea76-3c03-495b-8a75-3b6b51447bf8,2026-03-22 13:24:11.641991+00:00,2026-03-22 13:24:11.641991+00:00
5ffdc42d-7b1a-45f2-b067-1686b3b69cb4,417bc634-c5a9-4dc2-a4f0-f695c0e0cca5,a23b3a8e-9d43-4de7-ac41-88472e3d5589,2026-04-16 16:06:11.644123+00:00,2026-04-16 16:06:11.644123+00:00
2067d139-e957-4e93-a108-9dab8d53a2fc,24a42ff9-5cb5-4062-98c0-92e0e1f94e58,5b064228-8b06-4362-a605-c6f9ff325433,2026-04-24 19:28:32.157780+00:00,2026-04-24 19:28:32.157780+00:00
cf6fa51b-11a0-4fc4-818d-19fae941fd69,5c1b2b22-c4cd-46f4-a87c-61c3afc898e7,d913cd26-5113-43e2-a2e7-086c61652397,2026-04-17 23:46:24.611372+00:00,2026-04-17 23:46:24.611372+00:00
ba696b86-ebd9-4c83-8255-d225e47c12f5,ca641db5-1777-4836-8f46-af16e30c5b2a,bbe93471-ad1c-437d-929e-2086dfe3dc06,2026-03-24 05:23:04.740774+00:00,2026-03-24 05:23:04.740774+00:00
f8477b8a-073e-472e-849c-8087892a64c0,927b1123-41e8-4fc0-bfae-71b9094cdb74,97c226a3-c7e8-4ff2-8841-497e02b6bd35,2026-05-11 14:25:49.013865+00:00,2026-05-11 14:25:49.013865+00:00
3de5c350-994a-4c06-813c-e3ffd7693b92,50e661b3-b28c-4df0-9464-88399bf1bf03,b41845a9-af8f-40fb-a386-fdc9c05dc3bf,2026-05-12 14:59:05.547415+00:00,2026-05-12 14:59:05.547415+00:00
c5a0fe61-86ea-41d9-95bb-067796e7ee3e,01b06701-c1ca-4d78-ba3e-5ddb875fbeb9,3949f926-e11b-4b0e-bbb8-a97282d7f00c,2026-03-15 16:19:27.341115+00:00,2026-03-15 16:19:27.341115+00:00
5b174bfe-1a6c-4d64-94e5-1c2d9a974401,bea5657b-c6e9-440c-8f9e-095f27e7d54e,9827813d-aacb-4f46-87f8-2d403f926d5a,2026-05-30 22:29:41.932874+00:00,2026-05-30 22:29:41.932874+00:00
cb72097e-2a08-4609-ad80-51052a6296bc,786c4bea-3839-49e4-a085-5b629c482852,c0d7f8a1-6222-4c70-80a5-b3facd99e3bf,2026-05-28 02:25:39.335731+00:00,2026-05-28 02:25:39.335731+00:00
f67d6eb2-7e08-4172-88f9-6a2ef1c8c762,b5fe330e-2841-4356-880e-89f7a3e58057,d1d85c01-c5a1-4b98-8d32-496643253d18,2026-04-28 15:56:39.361058+00:00,2026-04-28 15:56:39.361058+00:00
b307b2dd-dea9-4f3d-90c3-91bfe371f190,f2c7905b-7e56-4726-9b36-12d480c97fac,1b927b5a-a566-44f1-be3c-cc3c01dc6db1,2026-03-21 05:13:34.881377+00:00,2026-03-21 05:13:34.881377+00:00
07117766-7ca0-454f-9822-0833a3851309,7b59123f-9a18-41e0-8f4a-da1cd2de974a,781f47b9-57fb-47c4-bea9-1f617431c4b4,2026-03-21 10:37:36.373439+00:00,2026-03-21 10:37:36.373439+00:00
5f1b03fc-9ca9-4095-be03-325680589ca9,1acea124-7bbd-411c-ac27-fbf90386b69e,aad9995f-f744-4da8-83fc-d09e45217eca,2026-04-12 13:01:15.348642+00:00,2026-04-12 13:01:15.348642+00:00
af933b10-115d-46ff-a68f-ba96be35ee36,5c846429-64bb-4459-8b83-6cefd80afde7,8ddad5ca-8952-447c-bdd0-f34356c29787,2026-03-06 22:53:05.244427+00:00,2026-03-06 22:53:05.244427+00:00
02771ea7-3403-4e21-8a12-d110b7aa0ef5,b0feaf4f-0d37-4b60-834e-d7cc16c74687,5051998e-9d63-4c90-99e9-cd2c34ec5502,2026-05-23 15:39:11.676526+00:00,2026-05-23 15:39:11.676526+00:00
2b959be5-996b-4302-82de-e161aff24cd3,d8b728e1-a4b4-4ac5-9a09-481b1065917d,3f1a958e-860c-4943-af13-d93505dc3550,2026-04-06 11:36:05.631468+00:00,2026-04-06 11:36:05.631468+00:00
c384ccaf-adaf-4668-8820-c2164d175485,392750d6-faa5-4de7-9afa-a8764cb58ed3,80d11067-fde8-4380-b3aa-48f59f7e6251,2026-05-27 19:28:47.096413+00:00,2026-05-27 19:28:47.096413+00:00
a31feebc-4b9c-419b-9ef4-f2125497c46f,64868ab1-fbd6-4b84-aedc-0000be7e0c44,35dd8acd-058e-4d41-874a-bbb7dfc4789d,2026-04-22 14:14:27.759439+00:00,2026-04-22 14:14:27.759439+00:00
5e8dacb7-69f5-4eb2-bc57-b03c037d0dda,a51aaa92-8a9c-44d6-981f-5f1ceee066f7,9f1d51d6-6b03-454d-9e8c-78ca2f56a26c,2026-05-24 06:23:18.555158+00:00,2026-05-24 06:23:18.555158+00:00
967abb0e-d748-4d06-b5bb-356fd860107d,0678c7d0-6b3a-483e-9e8d-8d3488aaae92,1daf045b-5346-4fde-8b37-6d700bc6e19a,2026-05-30 20:43:20.764747+00:00,2026-05-30 20:43:20.764747+00:00
9106644f-6c51-4344-8ca1-70b74eb1a972,b5b0f45e-506b-4030-b116-7be3bfa467c2,a6a73c8e-5c94-499a-8909-f301c6424e79,2026-03-20 09:11:26.440393+00:00,2026-03-20 09:11:26.440393+00:00
f6d5caca-6f14-475d-89c1-606f56668806,7d56a750-bd3c-49a8-aa31-3120b7aa94ac,44013f88-33cb-4c8a-b697-24da80ad7a31,2026-04-15 16:14:06.893202+00:00,2026-04-15 16:14:06.893202+00:00
ea31d6f8-8dbe-4095-9112-1504a0adbd35,ca335c91-5482-42ac-b9ee-8ca5ba3ca397,ae468165-0c9b-499b-88ed-76e6c13698b3,2026-04-23 20:46:26.877754+00:00,2026-04-23 20:46:26.877754+00:00
cb836ca9-55c2-4323-bc5d-2504fa9ac88b,43a831e5-0917-4152-ab9a-42cac92f7b4a,73d3bdc7-94d8-4ed9-9787-ef861bdab068,2026-04-14 19:42:12.192927+00:00,2026-04-14 19:42:12.192927+00:00
c0c7104f-bfef-46e5-ab21-9553f9c1036f,52c5ce7c-abad-4eeb-b053-437790d8ed2b,a7800341-9b88-4398-b68e-0b746f45b8f3,2026-04-08 16:02:02.575916+00:00,2026-04-08 16:02:02.575916+00:00
20110abd-88cc-4c16-bd79-56394dedd2c6,e6774044-c78c-46ef-9e28-78766ca6a591,20635d64-105e-4266-bfe2-03a8df3c66d1,2026-04-01 05:18:38.151187+00:00,2026-04-01 05:18:38.151187+00:00
971f54f4-032d-40ef-b2af-89c82c98f7f2,54cff578-43fb-4413-9a08-221252595e40,2c0ea4c2-2aae-4754-8dcb-dedf565fef5e,2026-03-23 12:01:04.677157+00:00,2026-03-23 12:01:04.677157+00:00
5d517912-50e2-48ac-a0d7-0ff86a154515,e054ceae-9ea5-40b1-901c-b63c40918dba,b880759b-6ebf-469e-bd62-352a9f2319f6,2026-04-16 16:44:25.043363+00:00,2026-04-16 16:44:25.043363+00:00
3abbaccb-d47b-4be0-b60b-f74ac08e1f13,8601abb3-a975-498d-8787-08fe75357c37,cbf8849f-92f8-4189-9f4a-824beda1a6e1,2026-03-14 21:11:19.920568+00:00,2026-03-14 21:11:19.920568+00:00
16767f04-36c2-4162-98c4-5c90f8b8e900,4fcba473-0c96-45ad-8ca0-0832d75494d4,1a323fd1-7c80-4c2d-9a08-6e573fa95b9d,2026-04-30 02:24:10.199817+00:00,2026-04-30 02:24:10.199817+00:00
ef3d9751-5517-45d5-978c-f2c68cbabe6c,fd014bde-7dad-4563-8b7e-7d0785abadb8,0dc9a6ec-710e-47ca-aeee-55951ce01307,2026-04-04 12:21:09.742575+00:00,2026-04-04 12:21:09.742575+00:00
917c88ef-9516-47a9-9f0f-8d63d7c7496f,388047de-4a4f-4e0e-b77c-0f1a08a1b9cd,f7d0b40f-1440-4767-b258-d28c4a0a0187,2026-05-26 14:41:29.907458+00:00,2026-05-26 14:41:29.907458+00:00
c00d1a64-4219-4177-9642-2bc31009a9d5,4ecce073-91c4-403d-9c9f-a66b5aca5022,36b95ee5-bb9b-4e38-95b6-df45cbed373e,2026-04-17 13:53:47.209839+00:00,2026-04-17 13:53:47.209839+00:00
a2b61d7a-e133-49f8-bc08-ce3e85aa3f38,0a228033-51c1-4cae-a52c-dbc7ca704df6,86aaf071-95de-4305-92fc-96f28f5ba71a,2026-04-13 17:54:29.213006+00:00,2026-04-13 17:54:29.213006+00:00
4fdebd9c-5c4a-48b9-9a79-081a80f35d81,e65ec922-bfc6-4ab7-89d4-da7794fb685e,f22fae61-f4ff-4c8e-bc0a-989f407857eb,2026-04-30 18:12:46.418422+00:00,2026-04-30 18:12:46.418422+00:00
399da926-3a67-4ab8-ba22-b9238d9b285e,d8c8edfe-922d-4c66-bdf3-aa6dc7e2a99b,7eca1cf1-7d3a-4a38-9174-9c71ef900e88,2026-05-24 03:45:11.188988+00:00,2026-05-24 03:45:11.188988+00:00
bf44c292-217c-49da-8a25-f0c41a938cab,370ff692-e2b2-4e0a-bbde-55b8e83a18e1,84030756-35a7-421e-ae96-e86db22fb0ce,2026-05-14 06:06:02.311260+00:00,2026-05-14 06:06:02.311260+00:00
7b1b481e-c35d-423a-b953-4b8e256ff047,5845d93a-faef-49df-bf85-d660b719376b,8332aa28-3f8b-4037-8aec-bc140b039c41,2026-04-04 20:13:19.013773+00:00,2026-04-04 20:13:19.013773+00:00
289f98e6-9797-4b15-9b68-e58cf6142152,bcfcb462-8ea1-49bc-b612-1c857eb9c4ac,ac3de8a6-1286-4422-b988-897f190e146c,2026-04-04 13:27:15.112131+00:00,2026-04-04 13:27:15.112131+00:00
2a84a4d8-ff8b-4999-8308-b131bf422f3a,53658d6b-944c-44c9-9148-4baaf8226312,9b1a51e4-000e-46f4-af8f-ebe480b69994,2026-05-07 11:57:54.563437+00:00,2026-05-07 11:57:54.563437+00:00
754aa113-b4c2-42c4-aca1-1c7bc3f62b25,0ac9f94f-a2fc-455d-be3d-6814ebd55b50,345220e3-ff4c-42f4-8185-6f600aae2577,2026-05-11 15:29:36.725022+00:00,2026-05-11 15:29:36.725022+00:00
10b9318b-2adc-490e-9d50-6e49656c67b9,b18b763d-e911-44c8-a13a-32330d94c8ae,4211b63a-bb2a-41de-be67-8c5ad61eca01,2026-05-12 05:53:22.865643+00:00,2026-05-12 05:53:22.865643+00:00
b2b5747c-3c32-4f42-9c41-20fca6c51ce0,9a12dffd-3b2f-42ba-b25c-b5b26aad4ae0,9d6e763c-1f9c-4b80-8b4b-c871d94ad0fc,2026-05-18 12:02:19.025657+00:00,2026-05-18 12:02:19.025657+00:00
e720331b-3e54-4491-a20c-1309fcc15c1e,846b3e26-4dcd-4430-a0e4-39571ad20e19,d67a79d4-f990-44e8-a22c-3af6540e2eec,2026-05-19 09:10:02.639008+00:00,2026-05-19 09:10:02.639008+00:00
86bffe4c-a8af-4622-8c4e-d69895b1a30e,db610676-eb14-4ba1-8478-179021471dd0,39b9d7d0-027a-4b20-920d-9a45e7f0c7f5,2026-05-14 01:34:25.277159+00:00,2026-05-14 01:34:25.277159+00:00
32e58b6a-ad45-4867-9320-05ad6d6f6291,ddd8d8e8-bf10-47d6-b0b1-c44624f962b7,6b9438f5-aeb7-4dc9-9061-88fdd1e49d92,2026-05-03 04:20:13.188119+00:00,2026-05-03 04:20:13.188119+00:00
f47cb040-6086-4483-aa30-eaaa718a388a,78fd5ace-42d9-4413-8cc4-ac5bc3eb61b1,d7031242-3667-4b12-b3ee-c8b5152af3e2,2026-03-13 20:08:08.658387+00:00,2026-03-13 20:08:08.658387+00:00
bdcd1404-e7a7-4d78-990d-effc45292c46,58b368f4-62ed-45fd-85a6-e0ded74d9779,feb0a51a-caa6-42af-b598-d80629b9cfc6,2026-04-18 17:35:13.892417+00:00,2026-04-18 17:35:13.892417+00:00
2aa3f8e9-8eb2-46d7-af17-cba6117fb00c,01d15286-ca3b-4293-8342-42c5f849b80c,b365980d-cf51-461b-a353-cd43b77ee93d,2026-04-26 04:58:59.802981+00:00,2026-04-26 04:58:59.802981+00:00
bbfc8b3c-292d-483c-b046-d051f7a1aae6,8db8d6f6-31ea-48c3-be2d-21fcfbb75355,bff1252a-28a8-42f8-bf6b-7c9bcc5abfc6,2026-04-16 12:52:41.784936+00:00,2026-04-16 12:52:41.784936+00:00
ac7b81d5-f2c0-4693-bdcf-036cc304e2bf,5a518af8-89d5-4360-aa76-54baa1cc8680,dc78da9b-24c3-4023-b206-1797c0e67034,2026-05-24 02:00:32.984228+00:00,2026-05-24 02:00:32.984228+00:00
e9f0f199-6daa-4443-bd0c-933002278a4e,8fcb31dd-aea4-4bf6-a1b8-b81f802c1bd8,1ece085f-0b16-4844-838e-fc4dd9ad9698,2026-05-20 02:30:49.113526+00:00,2026-05-20 02:30:49.113526+00:00
b47fc501-00dd-4ad2-ad7d-a91c893610cf,13502074-3dd8-42ff-96f6-45b17f97bc79,ee0fa4db-307e-40d1-bcb7-8d60ce859e48,2026-03-07 16:32:44.869509+00:00,2026-03-07 16:32:44.869509+00:00
c8c9be81-1232-4b71-8bca-725709e5e0e0,13668d77-1523-4c11-ab8e-4de70533f325,6f081a71-14c8-4397-9b3b-950240d42bc1,2026-04-14 15:18:33.221503+00:00,2026-04-14 15:18:33.221503+00:00
690e87e2-627c-4e68-a8c5-c1d3d803e5b3,e873c0fe-5176-40a0-b037-dcf51389fca6,5054a3f9-f29d-4abc-8c68-db57aafd497d,2026-05-06 11:00:15.149775+00:00,2026-05-06 11:00:15.149775+00:00
355acccc-197b-4739-9ef6-03675fbcb58b,ab4978d3-d7a4-4bc4-b6ce-fb58803f5d83,2080c6da-69be-4d20-84cb-9853cb715e40,2026-04-15 09:29:51.600683+00:00,2026-04-15 09:29:51.600683+00:00
c699dd59-1090-44fc-a46c-e3bbf3edfed0,ac344c47-8b17-4975-a7ff-f9b6bb978f38,f3e0b267-96ab-4100-b369-519b4de63c53,2026-03-28 05:32:19.795024+00:00,2026-03-28 05:32:19.795024+00:00
a9743119-0f1b-4120-8804-1a32f0fd12c4,fb576f6e-9103-4595-8b2a-f98507cf9b81,128c7371-cafe-4557-aa7b-341503785671,2026-03-15 18:50:04.879497+00:00,2026-03-15 18:50:04.879497+00:00
8ad2f74c-a83d-414a-91a5-b91b8e97d380,cba4843d-6469-4b2d-b0ca-ed12273a23fb,dfe9d3e2-a767-4fab-8f8a-628414cfe535,2026-03-12 08:19:10.207157+00:00,2026-03-12 08:19:10.207157+00:00
bf3dd278-5787-4a81-9cda-5b4b4c722688,ffe780e7-b1e3-4737-bb1b-137acca3eb8f,ea87d731-9051-416a-9969-23a02408a86d,2026-04-27 05:00:15.382230+00:00,2026-04-27 05:00:15.382230+00:00
0a320f27-ec8f-4a1c-b14d-b012172257b5,f36de82e-334f-4020-909b-228249e37764,aaf73536-cce5-4652-bed5-2301586cb9ad,2026-05-31 02:25:03.921620+00:00,2026-05-31 02:25:03.921620+00:00
6fa889f2-2153-4a71-8c53-6dffed1a552f,1c2dc82a-b68f-47f5-a89e-a9a117eda2fb,0e2f23b8-0304-44b7-90f9-5012aa5b7696,2026-05-08 02:08:46.209076+00:00,2026-05-08 02:08:46.209076+00:00
0c105cf3-a282-46ea-b157-245590793768,ee240612-fdc2-477c-8707-c3149fee121d,aec4c946-2c2b-4b54-82a5-ce9c08b0572c,2026-05-06 17:35:47.480331+00:00,2026-05-06 17:35:47.480331+00:00
d9d2edcb-2ee5-4974-8f9a-2c0ee38ff90f,f1914fda-2e14-4e42-92eb-5cc0d6c0cc57,9a780d85-0074-4b2a-86ac-23a20c177209,2026-05-10 05:29:11.386310+00:00,2026-05-10 05:29:11.386310+00:00
b7dc630d-a4e8-466a-b6b8-96e79c7c2ac4,eed01e5b-52e2-498f-b43d-0a533dd1d585,b28ebea6-fe24-4d6a-ab10-3f863405de15,2026-05-19 10:09:43.507518+00:00,2026-05-19 10:09:43.507518+00:00
988f89b1-24d1-4a16-b2c4-67b77a085b8d,6251590a-8155-4ddc-8678-5ef3ccb108ab,06f9d7a0-bfa7-4525-aab7-b033ff3f994a,2026-05-01 02:19:22.124341+00:00,2026-05-01 02:19:22.124341+00:00
29c923f2-ffa1-418b-8e1b-0c1a870c129e,684dc1a3-2d6c-495a-bb77-c5b0e1e66a27,23b74c7d-9af9-4824-9c30-c81726c295e0,2026-03-27 05:00:16.199300+00:00,2026-03-27 05:00:16.199300+00:00
7f2d3784-e6a0-4bc0-8141-8e9787c8355b,c0fe278b-0cb3-4541-86ad-ca0fac9383c8,df2a65fd-24a1-4052-bcb1-4850ec2d8d90,2026-05-12 04:47:42.960421+00:00,2026-05-12 04:47:42.960421+00:00
d2b967f9-749c-46f8-a196-ffb6a827e112,3720c802-278f-4cfa-8427-5d3c070a4ec5,cb59a8e3-c2c3-4d4c-9e13-6fff34247a99,2026-04-15 11:33:36.077818+00:00,2026-04-15 11:33:36.077818+00:00
83bdc9dc-aa02-4120-bb03-79de03244314,33536c80-4a2f-45b0-96bd-1c6b4be4eab4,021c8e28-1b05-403a-a692-6df4df49d566,2026-05-17 06:36:50.313417+00:00,2026-05-17 06:36:50.313417+00:00
69770c64-31f5-4bfa-a739-3e3b56277894,b37e49de-60da-4de1-8673-0fd8a87f2637,bdc4da9f-fa94-4f7c-bb77-95e720473fd2,2026-04-11 08:58:42.972051+00:00,2026-04-11 08:58:42.972051+00:00
46000713-4c86-48b6-8aec-fb70583ce702,658552f7-c543-4b83-91f3-d427547acf53,bc9f13f9-f985-4966-a110-09e10a1c2c8d,2026-05-09 06:29:11.737381+00:00,2026-05-09 06:29:11.737381+00:00
f711c076-09c3-4f0b-8983-e5ad3e76f7b6,61dc8a41-7b33-4281-9b6d-dc44aed65a7f,5792acf0-40ed-45a8-b748-b2590444cc87,2026-04-26 12:43:50.673737+00:00,2026-04-26 12:43:50.673737+00:00
05e8eeed-750e-43c1-9e4d-479327dd89a1,842b4ebf-ae49-46c8-a31c-f6f408dc7fdb,fa9d8564-650c-4f50-ba4e-e2bc5a6c44f4,2026-04-28 21:35:53.789328+00:00,2026-04-28 21:35:53.789328+00:00
cbd67c1a-be88-4b5a-979d-4eaa3b8e2e1d,3911e352-51cc-4e9a-88f7-1048717dd17d,71a3a722-11a4-41aa-89c5-23532bccab0c,2026-04-18 11:26:32.837636+00:00,2026-04-18 11:26:32.837636+00:00
65a49de2-b4df-4250-b2f1-c6f9b11bf208,93637883-ea22-41ec-9e58-8258f02f1b24,6018fe0e-5a3d-492e-8602-9d6938440c18,2026-03-27 15:49:20.925545+00:00,2026-03-27 15:49:20.925545+00:00
8bd8633e-89c3-46a4-b1a5-3cdcbbde020a,3f3a33ce-a900-4ff9-88ef-711c4b52ae18,af7e9423-a87a-4ba9-aa09-f3610c73a26f,2026-03-05 06:19:22.520478+00:00,2026-03-05 06:19:22.520478+00:00
32b4559a-bdb9-4c65-94f6-8422dfcbb48e,10fdaa61-f14b-4f9d-a873-c967e6b99e71,17168e6d-0fd7-45d2-a886-2db8a9583ce2,2026-03-29 19:12:03.812653+00:00,2026-03-29 19:12:03.812653+00:00
01d3ed57-405a-4831-a28d-b3b503ea0547,77078ab7-17d7-4f14-8747-bba9b2b0ac75,15aaee34-912f-4a8a-8150-ed5eea5e9be4,2026-03-29 08:46:39.478348+00:00,2026-03-29 08:46:39.478348+00:00
91d37ba6-d610-48ba-be64-43507268827b,ee4f0227-42f4-447b-9235-022c50281889,53823b06-c354-40fb-887f-62c69f964367,2026-05-03 07:35:44.980618+00:00,2026-05-03 07:35:44.980618+00:00
24f82827-aee0-4734-adda-29efe7456100,3a2fc825-840e-4a1d-abcf-a6e3d866e444,5b482450-306c-4a8e-af6f-ae0590fec74f,2026-05-27 21:15:54.668869+00:00,2026-05-27 21:15:54.668869+00:00
c5978c63-819d-4765-a032-0d2154e3b18b,f5a33ead-07ff-4f0f-9baf-2572557d5238,a3599983-1d53-4e92-adf3-a479e0c5af72,2026-04-03 07:42:48.536738+00:00,2026-04-03 07:42:48.536738+00:00
3153bc42-f9e8-4bd5-b942-613b8f6989c0,2a5725f5-6a5a-486c-9158-d0d6c9bad193,2d0eea4d-c431-46c1-93ca-c49c11255466,2026-04-15 10:36:43.585174+00:00,2026-04-15 10:36:43.585174+00:00
7efd9959-ea30-4206-900c-9600317c3001,b4f1d77e-9764-423e-b40f-cdccbab69506,1d8bd411-2404-458d-8b7d-3845f43ff44d,2026-03-28 08:02:18.215082+00:00,2026-03-28 08:02:18.215082+00:00
257bbb58-3e11-4fc2-9fb0-6c8604b7df63,d85a99c0-d4a5-49a0-9a66-cd0f6cde717c,8ad6cc10-7e0a-4f21-b274-97c3dd91c8dc,2026-03-28 08:35:31.289390+00:00,2026-03-28 08:35:31.289390+00:00
39ac0a1c-32b8-4e60-ba33-5835b5f3fe1e,73e5c09e-3f3b-40db-8a7d-5fa38e9cfc1f,458c6da7-bd2c-4b76-adda-90cce1f58120,2026-03-20 20:45:25.210817+00:00,2026-03-20 20:45:25.210817+00:00
82798613-c290-46bb-afa4-cfc0a58879cb,72e50e3c-05be-49fb-8809-7df58d3b05a6,d4e2fb29-f15e-4bad-96a1-f72ecaa6b41b,2026-04-03 19:36:12.853345+00:00,2026-04-03 19:36:12.853345+00:00
6f65fc9b-1cb3-4694-8801-5d5c552b9c9c,670f828f-dcd7-46e4-bf39-ae04d8ad5589,d02374cd-4501-4359-92ba-01bf7e305a7e,2026-04-07 06:11:22.531019+00:00,2026-04-07 06:11:22.531019+00:00
fa212600-305c-413f-aa42-72ef84de39b4,0f694d14-7836-4228-b78e-70bb63e46c4c,aecb6f0d-807a-453a-a11c-f081135965e1,2026-05-31 06:15:36.085631+00:00,2026-05-31 06:15:36.085631+00:00
54a13f06-99c1-4300-9e43-32736b954fff,3ec76d9f-817a-49a7-8d82-96e431cd7bae,5047aef2-9d98-429c-ada9-a087ba99e6d0,2026-03-30 02:11:45.959961+00:00,2026-03-30 02:11:45.959961+00:00
35394c51-2b72-4dc0-a6d0-d7929fb4817f,fd066fa8-ba97-48cd-8e1b-e2a7cf12c577,a19604e4-4d14-4431-80c9-c39e2fe271a8,2026-04-18 06:19:03.142741+00:00,2026-04-18 06:19:03.142741+00:00
cfa30161-4c5b-4dd6-8823-ab3d5c11a2e5,8443d8cd-a091-422e-9745-6d8e2fa9e656,5370466b-c156-4767-91b6-7817148d579b,2026-05-08 06:45:07.579171+00:00,2026-05-08 06:45:07.579171+00:00
6868954c-2221-4918-afc2-84e132da0df2,c5491f7d-7dfa-4f97-874c-9c2c0f26d252,83009832-229a-4eed-9aab-cbcd8100e14f,2026-03-09 18:09:52.496368+00:00,2026-03-09 18:09:52.496368+00:00
79417395-c7bc-410a-b0e7-5f7b8dc6ba47,542c3a6a-dc43-440f-9660-c8224810dd69,65add542-66f7-4b88-9823-4a5206743934,2026-05-21 15:17:03.948052+00:00,2026-05-21 15:17:03.948052+00:00
62f369a7-0aa0-4491-825c-7dec10166e3b,5d2b4f85-d7a6-47d2-80c1-b5f7131cbe66,48508e4c-addb-4743-a64a-8485261f166d,2026-05-12 00:12:35.624860+00:00,2026-05-12 00:12:35.624860+00:00
2c632c3b-7d99-4443-b2df-c0e2571bc7e6,b44db91f-6389-469b-8141-d5dc5e8bd198,69e22e5e-70ff-4133-99d6-84fc7614d9e8,2026-03-12 12:50:01.465582+00:00,2026-03-12 12:50:01.465582+00:00
0ee8e15b-2343-446c-bb07-631a9aaab424,07e08e87-89ef-452a-b381-2bfeb2d0629a,2200c005-e1eb-4fa3-ab2f-8111c583b346,2026-03-13 15:49:42.327170+00:00,2026-03-13 15:49:42.327170+00:00
7515c1cb-fe64-4bd2-9bec-8c77bb8055ff,e6f1c285-86e1-4af2-9550-41f7a495a16e,edeb78a8-1732-4933-abc4-a7841ee868cb,2026-04-29 12:57:25.095980+00:00,2026-04-29 12:57:25.095980+00:00
45286ec0-8e1f-467d-bf2b-0b3770d9870b,8db5000c-d924-474c-90de-519d369adbe0,509092e4-4b2e-4a88-9c7b-fd7416b9e0fa,2026-05-31 07:44:29.640813+00:00,2026-05-31 07:44:29.640813+00:00
43ad708d-54b7-4938-b460-62fa259eb830,f5882c59-cee7-42b8-b427-3028c24c5253,9fed62b9-a940-4d52-9244-175308d09c64,2026-03-05 12:17:51.278472+00:00,2026-03-05 12:17:51.278472+00:00
02adb582-b305-4460-8e77-035f636b465c,5b469875-4a8e-4fc9-a213-acab7cb50dc6,c057a19d-a147-464f-ba43-dd6b1d4c9f64,2026-05-31 07:34:26.388715+00:00,2026-05-31 07:34:26.388715+00:00
2ded6b3b-6162-4066-8fbd-b741ead55cfc,7b0a00e7-594d-40f3-991c-b5e877c82e65,b162f2bc-ab12-40e0-97bc-83c04b707e5e,2026-04-03 15:19:24.721038+00:00,2026-04-03 15:19:24.721038+00:00
1aaa9eaa-5d9a-4ea8-8b16-bd5ca5268969,2ba39ad6-ae60-45df-9b8c-3443190d8102,3265fbe8-24f9-48ad-a7a4-d74d35b0e708,2026-04-17 03:50:03.476888+00:00,2026-04-17 03:50:03.476888+00:00
f1e9adfd-4d63-4f82-9585-5fe635d35f59,aa39042c-6cf7-47f5-9d45-8645b10d5829,a8c7ceb1-9b81-4ad7-9bae-f831e452806a,2026-03-27 21:48:44.208069+00:00,2026-03-27 21:48:44.208069+00:00
ca0c8ad9-b57d-4672-a7b9-f5365beabfe7,692ca8e9-a7bd-49e4-95e9-7fc85406e2c4,0ecfb984-f1f4-4c34-9e85-c7031ae8e30e,2026-05-04 08:04:12.360658+00:00,2026-05-04 08:04:12.360658+00:00
e98098fa-3a5f-43ec-97a8-aff56fcc7664,612a6574-b8cd-430a-9c6e-863fd3ae2a5a,f0650bb6-5b32-444f-986a-59ad394d7cf7,2026-03-27 17:39:56.396765+00:00,2026-03-27 17:39:56.396765+00:00
1f43ee8b-0474-48d4-94f8-3c20faf69065,77d5d989-d006-45dc-a8d7-b9fbc70d9cd0,80fd8ebb-1621-4fef-83e3-a2c989ec1f6e,2026-05-07 02:00:11.330577+00:00,2026-05-07 02:00:11.330577+00:00
dee2f84a-ca3d-4130-8089-1e5008939f7e,b8ec6162-6c35-4294-a645-5f927ad0f77f,a1bfe09c-1437-4e60-87b0-9dda9c19f9b4,2026-04-10 13:37:26.304200+00:00,2026-04-10 13:37:26.304200+00:00
d64b3175-a3c1-4598-b26d-c778e82177f9,481e0b55-e305-4b0a-9338-b99574449b56,62ea73dd-21c6-4e1c-af54-22f5bf1ac33b,2026-05-26 15:01:05.048739+00:00,2026-05-26 15:01:05.048739+00:00
9d63201a-395c-44a4-817a-f35dd881eae7,77586b67-93ce-41cc-acf6-c2c729e95099,5aaf48bd-3f31-4ffa-8ea1-74f27cfadf25,2026-03-07 13:56:03.800703+00:00,2026-03-07 13:56:03.800703+00:00
11e3f0fc-d79e-4c16-8e58-fcecbbe59844,0dc8c7f7-4d7a-4bdf-a325-ac751a303dba,3e1827d4-c166-4ec1-8795-6c23403234f7,2026-05-24 09:55:56.605782+00:00,2026-05-24 09:55:56.605782+00:00
a8278b59-8455-4e0e-8c0c-27349b962211,f12fc4eb-5546-479a-b050-ed3720d9bb63,c7777532-5007-4a78-84a1-1c72d7e8b18a,2026-04-04 09:48:54.726574+00:00,2026-04-04 09:48:54.726574+00:00
b9788cd9-5b36-45b0-9754-e099ea9d942c,0bfcb0fa-f37e-43d5-ad36-753ca62c3dd8,2fc8f1ad-2772-4ce9-beeb-82f17aa51fcd,2026-04-27 20:39:36.513554+00:00,2026-04-27 20:39:36.513554+00:00
b499f15e-3503-4dee-8ed5-ba89ef80b678,1192fe6c-cc0a-4a10-9664-3ae239799d78,840b4018-2c8a-4a1e-8d15-998f3bfbbe7f,2026-05-20 17:31:21.409941+00:00,2026-05-20 17:31:21.409941+00:00
2766ed02-5704-40e0-bc4c-322f7317e8ea,2e233225-5854-4c85-8c6b-cbf6bbc0201e,34a2b228-4b96-46ef-a8e7-72265ca03833,2026-05-11 20:37:44.396835+00:00,2026-05-11 20:37:44.396835+00:00
b9eb53fd-2167-4b37-8073-4ccd81623971,225e8115-cc29-46ff-94c3-7399edd754cb,f61fd769-25ed-487d-ba15-67352a0a662f,2026-05-11 09:23:11.848708+00:00,2026-05-11 09:23:11.848708+00:00
a59621dc-542f-45aa-9d04-13c6f4aa389c,42d8d5ca-0557-4fcb-b457-8a07470953e9,a01bed66-acd6-4fbf-b686-318bad798937,2026-05-07 17:58:03.248638+00:00,2026-05-07 17:58:03.248638+00:00
c244c016-407f-4053-9e15-929ef32494e1,056db5a0-0ba5-4ad9-b926-87ec70927656,b74d55a5-c723-47ae-bd16-1fa220c7adfd,2026-03-09 01:00:50.251269+00:00,2026-03-09 01:00:50.251269+00:00
2be9a480-6278-4184-a245-a80923ac174a,16e98b99-9068-41fc-88b7-3195f28d04f4,80845b41-1660-4efa-9250-17ebbe7fb799,2026-04-04 08:45:31.681658+00:00,2026-04-04 08:45:31.681658+00:00
e56118a8-ee55-4d76-98c0-ddc94b786977,51b2c13a-db2d-4f25-be12-207cfa98fc23,22642713-5e58-45a1-a797-8a1ac0e1a0fd,2026-03-24 16:39:53.700316+00:00,2026-03-24 16:39:53.700316+00:00
dc59e124-4ecc-462e-a1d3-609c7d4b8cdd,9cdae1f9-4fc5-47c9-9350-fb02c3c22957,cc66dd49-c04a-4370-8ab8-42d181fffd5d,2026-05-08 06:16:15.778611+00:00,2026-05-08 06:16:15.778611+00:00
3b48c075-5710-4ba5-8e95-f731f2528c65,368d61a5-8811-445c-9680-1b793ea048aa,3b4df203-af20-4aa5-9b66-917b02656842,2026-03-25 15:18:10.675065+00:00,2026-03-25 15:18:10.675065+00:00
18010af3-f859-470b-ba39-f17df270f35a,1fcca4c3-5618-4b55-b3f7-a78dfbc9c1e0,ddd4c9e0-c3a5-4b9c-ba7a-fa0d546fe729,2026-03-06 01:31:48.890535+00:00,2026-03-06 01:31:48.890535+00:00
83654eee-ddad-46e3-a644-2a92c0e56a08,78c18360-b0f2-4477-ad49-0f6dadc713f5,2acccb24-a7c6-4846-8a44-a8a6c4a94a5d,2026-04-04 05:41:06.565628+00:00,2026-04-04 05:41:06.565628+00:00
d8e0616a-2746-4e79-a8da-1ddd4ae37b08,9dabf615-6a30-4040-9536-30c40e1d815c,f9516c01-7b19-40d7-8c7d-818ecfb52fd8,2026-05-16 19:43:13.136294+00:00,2026-05-16 19:43:13.136294+00:00
6bd92110-62aa-4ae4-a5be-a1e5381aa96c,b457fa35-2c79-4f5a-b68e-26d523ed670b,54adb860-d8f8-4ce8-82d4-b03d4629e57a,2026-04-18 21:33:53.282750+00:00,2026-04-18 21:33:53.282750+00:00
78e779de-57f2-43f9-aee7-9093f0d13936,b36dfd4e-cd34-43ff-a0fa-e326a7fbdc93,0f769370-e999-42b1-983b-c700d5131c84,2026-05-03 22:14:52.478910+00:00,2026-05-03 22:14:52.478910+00:00
f2c70c87-a484-4306-a99b-fb143c54b285,83c01701-2049-42ac-8b65-dc687f274e78,545661a6-4b08-416a-beb0-4371f791814c,2026-03-12 10:52:11.761355+00:00,2026-03-12 10:52:11.761355+00:00
978208fa-212e-4055-8634-6a894e00ce12,c2a5c252-beec-4bf1-8986-feb9967b0e14,e3142452-11cf-4c7a-8988-78e0e61a2cac,2026-04-13 02:55:50.179623+00:00,2026-04-13 02:55:50.179623+00:00
f15cf958-cc6c-42dc-9293-511a1d4cca1b,89e10fe9-b8f6-4604-8d67-97252ee8ae82,0c3d32c5-f8ce-4409-9fc3-fedf2c625e27,2026-05-18 07:45:08.535111+00:00,2026-05-18 07:45:08.535111+00:00
6d6ef482-1758-4113-aa04-1d95b53cd72a,bba0f0dd-a229-47d8-b729-9d2d55893b02,3b9a3ca5-b7ba-4364-8301-67ea6759d8cc,2026-03-22 07:29:49.922923+00:00,2026-03-22 07:29:49.922923+00:00
beea1d17-ed45-42cc-a281-e45df2902f8c,aa361a74-bb4d-4ea1-bf03-4405767080e3,bbc9f79f-7c26-4725-ab0b-14921072fa79,2026-03-07 10:21:41.852153+00:00,2026-03-07 10:21:41.852153+00:00
aa298f64-4eb3-4fc9-929b-fbb165d7fc0e,88cadf45-c99a-4c20-a61e-9e91ab1ee837,0ef6bf7d-1f33-4897-88b6-0391312a697f,2026-04-09 15:49:26.142544+00:00,2026-04-09 15:49:26.142544+00:00
b71d133c-b5e8-4031-8500-370e46f983a6,2334620f-b093-4d51-ba0c-aaf0397a8f5a,026847cc-ee0c-431e-9de9-1fe41b3df33f,2026-05-13 20:19:35.841784+00:00,2026-05-13 20:19:35.841784+00:00
b2fbf24b-1bb9-44c6-8a1b-ee8a594d2d00,3a65c764-6dcd-4fdc-a3db-1b8281c15150,9f39f13b-7fda-4b3d-9ede-96d33633049f,2026-04-30 03:04:42.521628+00:00,2026-04-30 03:04:42.521628+00:00
73e0adff-1542-4a06-99cd-6625c5e05c1a,3af5e646-945b-4a32-92f4-38d5933c712b,f5eea835-003d-437c-b5a0-ee9089e5c842,2026-03-19 18:12:00.569213+00:00,2026-03-19 18:12:00.569213+00:00
547e3b32-f27b-469b-a883-1d1404396c28,7bdddb27-c9a1-42f1-993f-f0c64b482c76,71928317-cac0-4d87-816b-9db9e5012809,2026-05-26 06:39:16.433513+00:00,2026-05-26 06:39:16.433513+00:00
250dd090-71bf-4b04-b384-593b0bd9fef3,6d2f8713-9718-4bf9-a063-01edb22fdbde,3676db19-5e7c-4a4f-bf6b-cd9353c7c0f7,2026-04-01 10:10:05.039187+00:00,2026-04-01 10:10:05.039187+00:00
3f704387-850f-434c-9ceb-191dc4b215e0,43cb4c4a-b120-4ce4-bad4-2ed7d5a4b6c8,c4fd44e2-d61e-4c05-89a8-ccae06cbfa3f,2026-05-02 05:51:12.384167+00:00,2026-05-02 05:51:12.384167+00:00
06cac8b8-3074-4c0b-a324-39090f1ef705,df983ad4-e327-402a-8fa7-9c540420c81f,5a553733-9209-4897-853e-f78a8d7c0e39,2026-04-10 15:34:35.541481+00:00,2026-04-10 15:34:35.541481+00:00
50d3481c-acae-43a6-9919-154dc3d45754,50a0b920-88c5-4b34-a090-202e7f4513a3,36abcda7-099b-4897-bda7-81e451f93d32,2026-03-06 21:25:46.489262+00:00,2026-03-06 21:25:46.489262+00:00
4e7bf7ae-379b-4a6c-931b-4b18c78a8e20,793003e1-2bae-46ff-8376-ddde17ebef5f,61870a40-ee13-4092-a347-7d20cb7aa791,2026-04-26 03:46:33.388241+00:00,2026-04-26 03:46:33.388241+00:00
ffe0e3b2-c1e9-4eac-87b4-b7603a7c896d,4cfe425e-0312-4778-a842-35820f097d9e,928875cd-e1cf-49c0-8e2a-1b3787e61268,2026-05-25 23:41:07.103167+00:00,2026-05-25 23:41:07.103167+00:00
dd335037-a09b-47cf-b351-e1ae7544f0ff,7576b900-9775-4ab9-81bb-fb8af402684e,3e8aeb08-b30d-4fc9-a9aa-1109d49469a6,2026-04-19 23:11:34.044977+00:00,2026-04-19 23:11:34.044977+00:00
3783b823-4ef4-4424-8bd9-afc7b7663e80,0cb2a3bc-7c86-41eb-b0ea-e239706f6cb8,a7a90624-23cf-4963-b7dd-76224da02b09,2026-05-09 21:54:53.145053+00:00,2026-05-09 21:54:53.145053+00:00
bc5771c1-0328-41e7-9b9b-e6f90910868f,94afb8fa-aa5d-40f2-b403-eed2a4c3464d,c5ce95ac-1da7-4f15-9fae-f5e258012329,2026-03-28 06:30:03.476826+00:00,2026-03-28 06:30:03.476826+00:00
847d5655-03e9-42f2-b34e-9646659bcc3b,d9a031f7-2f00-499a-b205-b7b59ffe4e4d,f455660a-4c9b-4e7b-b5b3-059d7a4627ac,2026-05-06 03:14:31.822521+00:00,2026-05-06 03:14:31.822521+00:00
281f487f-0886-4923-9f15-ee893342c8a4,502105c2-62e4-45e5-b638-0f9c57efb78e,03d14088-38d4-4715-a0df-cdb1fef1d047,2026-04-20 06:52:11.752449+00:00,2026-04-20 06:52:11.752449+00:00
d638e7c8-8c25-4107-bba4-78b6a4bc7261,944a1e65-68ab-458d-af9f-fe040a5dbf3d,da031f37-4277-4429-b5f8-8d7d928ef8b7,2026-04-24 06:36:19.399448+00:00,2026-04-24 06:36:19.399448+00:00
d7b7386b-7425-4eb1-a96d-8b06257ca3cc,6021bc71-bdcb-4f0d-9c73-e356360cc832,cfe982bb-31eb-4d53-b334-fce16a7216f9,2026-03-04 23:14:59.481246+00:00,2026-03-04 23:14:59.481246+00:00
118da78d-182c-406c-9f28-939628f5c0f7,63ae6515-737f-4998-82b0-c8edd634cc0d,17a9fa30-c32b-4f06-8d77-0efed4a3d27d,2026-04-10 14:19:37.811220+00:00,2026-04-10 14:19:37.811220+00:00
298c0dfb-8436-446d-bb2f-9cdf19c2cb49,ef6858f3-ac00-4ed3-808e-94199991cdaf,cd9b76a7-93f8-475a-841f-25e64e496cf1,2026-03-23 21:33:24.264287+00:00,2026-03-23 21:33:24.264287+00:00
6d19f39e-b7f3-4056-a4e4-dedc7784f913,b874adf3-20ee-4a3c-a70d-250fe72cc952,2e153227-a282-4428-b324-1ce6a2814252,2026-04-29 20:26:12.680766+00:00,2026-04-29 20:26:12.680766+00:00
3121e81f-bf43-41c0-bea2-7a58a5436191,2782d891-e80b-490e-86e7-852d47db37af,a9b7ed6c-883f-4621-819a-61e33e8c9744,2026-05-10 19:00:36.584746+00:00,2026-05-10 19:00:36.584746+00:00
b8e16715-e830-40c0-b85e-0c1a641952e1,0b1d4da1-2757-4a7b-868a-c2ee7858fd93,0ebf3e49-2d27-4fbf-8fff-7086bd298d72,2026-04-25 19:47:57.043631+00:00,2026-04-25 19:47:57.043631+00:00
a4d11e06-1291-4c13-9815-5c13572513f6,b80a3f7f-7807-4f24-a635-eaea3b850e61,3b3b7f4d-3e57-481b-bca3-b942e696c98c,2026-04-28 07:46:50.995577+00:00,2026-04-28 07:46:50.995577+00:00
e62335ab-44d3-43f9-a06c-3f7c05b13d19,595c6c08-5915-4ff2-9e9e-a772403f2f2a,fee5c07c-adf9-4507-8aa0-6c8fd4c95b0a,2026-04-03 06:28:00.419635+00:00,2026-04-03 06:28:00.419635+00:00
920eb55d-ea3a-4079-b272-799c6e84de5a,447d957c-ba3f-4bf3-bb10-ab96df74564e,2cc33a87-61d1-4067-8098-6953987ee3f8,2026-03-05 22:03:32.537069+00:00,2026-03-05 22:03:32.537069+00:00
538e8d74-6f77-4a12-ad1c-47d4cffc78a4,20761cb8-95b5-49e6-a054-c7370e44d6fb,2d0f6c3f-6fcc-4da2-ae1b-701c104473b2,2026-05-31 13:44:07.065415+00:00,2026-05-31 13:44:07.065415+00:00
3bf5a3c7-0e0a-4d6f-8dfa-289a52fda8a3,d0598560-6a6e-4952-8954-f8bfb60ba1a2,276c2aee-0bb8-4680-a65f-de8370b75835,2026-05-27 14:47:40.332886+00:00,2026-05-27 14:47:40.332886+00:00
4d36c5f9-5bc9-44d1-9fee-6e11fca187d7,ca3c7584-9e31-43d2-ba1f-cd647a3681ce,aba335e2-5990-4bf5-b07f-961bacb9200b,2026-03-10 20:37:14.525713+00:00,2026-03-10 20:37:14.525713+00:00
fe480f96-ecf3-4ae6-b589-15b649f0dcf6,2e22a66f-d468-4c13-a0f6-e46921df95a4,0e881685-f6f5-4b93-ac8a-f5773b6a4cec,2026-05-05 06:47:18.820178+00:00,2026-05-05 06:47:18.820178+00:00
551198ab-f964-4780-a122-196f486e0568,7c912d3a-9044-4957-8e65-b44e5e4c9285,c89dbef0-b791-4450-804c-385bf83fb6e2,2026-05-10 13:58:51.523620+00:00,2026-05-10 13:58:51.523620+00:00
af4a0786-4052-4420-8e44-56ceeb2a7c53,a33588a7-a365-4e7d-8563-b57ae5946351,eb8f4a23-ed90-4c6a-8745-97fc3a56d1bb,2026-04-19 15:32:04.054194+00:00,2026-04-19 15:32:04.054194+00:00
86e372d6-8db6-4025-ac98-9d214f2c310f,aea7bc8a-c3c2-4234-876b-c1f21363e879,e5eefe3f-98d7-45cb-9fda-19bed233bde4,2026-05-07 14:30:37.457618+00:00,2026-05-07 14:30:37.457618+00:00
86d741c3-22b9-47c3-8bb7-e08c45f8e81e,f0c47e46-fd15-4dba-82ce-9b8715b12472,3822c4d9-b9df-4336-b850-4ece10137e8c,2026-03-14 18:41:50.402620+00:00,2026-03-14 18:41:50.402620+00:00
d8932e7f-dbe7-4f7d-b0f7-844e3d0389f6,d2781a2a-cff0-4ad7-a952-dc68f4ab33a5,70edbb1b-ee6d-44d4-8735-13fcaf8d0a80,2026-03-29 07:36:05.853716+00:00,2026-03-29 07:36:05.853716+00:00
821cde4a-09f6-42de-af05-6d3923621e6a,58d0e01b-820b-4dcf-8505-d267df5830fb,e6302710-2aa1-44ff-a1d7-912ab3f60fcc,2026-03-04 04:53:09.808966+00:00,2026-03-04 04:53:09.808966+00:00
8747801c-dd79-4753-bbcd-e405868953b7,052b609f-b885-4f21-afc7-7ec71980860b,51f04cb0-66b5-4d7b-8bce-e2a954fef658,2026-05-21 04:36:38.453771+00:00,2026-05-21 04:36:38.453771+00:00
6b7e5068-2d28-4c84-bb28-44357e971ce1,faacd0ed-0fb7-4b4a-bd58-dacf7b38e1d5,1d86cfb1-5759-41c8-ba6a-9c4a69ac3cd0,2026-05-05 10:53:54.765603+00:00,2026-05-05 10:53:54.765603+00:00
b0650fdd-bd86-47cb-a5b2-d9da54b94df4,38011242-7b89-43eb-ba4b-351e5b4b0ad1,2ef5a8f7-04f3-4e60-8377-8c2f76e66c45,2026-04-18 12:13:34.653441+00:00,2026-04-18 12:13:34.653441+00:00
072d8bf2-f0fe-48b3-8b40-bd54903f43f7,ed2dfba5-be0c-42ea-b02a-5cfd26b98231,bb6eeffe-393a-4a1a-830c-c49c46441c88,2026-04-10 20:35:55.744050+00:00,2026-04-10 20:35:55.744050+00:00
95acdf01-ceb6-4607-947e-64b06b935cbe,80a483eb-5310-426f-af38-fd9be2124684,21d86317-ec50-46dc-bd9f-cda14615b700,2026-05-02 18:20:32.074378+00:00,2026-05-02 18:20:32.074378+00:00
4f79acbd-58d4-49a6-8937-1d07317508e0,0a3fa1e8-9502-434b-98eb-f59f7f0e2f96,da328c5c-c7d9-4c95-9f11-05ee6d8d820f,2026-03-14 23:10:38.398240+00:00,2026-03-14 23:10:38.398240+00:00
60c1864a-e24b-4064-bcab-fe3df95dc392,a7d15700-5625-493e-b6bb-7ac9466c91c3,5e9d1b3a-b8f4-43cd-9d48-c6a3c30b53e3,2026-04-07 09:53:25.625059+00:00,2026-04-07 09:53:25.625059+00:00
9eb89fda-62d4-4d23-a716-118ca8c35900,22613dfe-cd90-4ee4-a9a8-bee96fe5a073,b108d98c-b63b-4a5f-8034-1d79c69cdf70,2026-04-11 12:08:21.418890+00:00,2026-04-11 12:08:21.418890+00:00
07f83482-ba0c-47d9-828a-5f6b87bbe2a1,a38b1658-ab60-4dfa-af9d-7b98e46c92f0,0baca553-320a-4461-892b-5a0a8d6b513a,2026-03-23 01:32:03.632052+00:00,2026-03-23 01:32:03.632052+00:00
5b28725e-368e-43b9-906d-4f6019da086a,437193ad-f7f8-44f3-832e-56d65aa231d3,cf8f0faa-e28e-480f-873b-b06df5ecfb94,2026-05-23 12:42:53.037759+00:00,2026-05-23 12:42:53.037759+00:00
773f45dd-eb9f-4b1b-b459-a262daddd7f2,4906ae25-8b92-4cad-ba66-2d25d63914c7,c37793cb-0539-4ca1-87a9-1d24828df496,2026-05-28 18:15:07.996418+00:00,2026-05-28 18:15:07.996418+00:00
0024b7ef-83af-4255-9ed8-53e4b77c4a88,036b4e47-5b75-4280-8f42-8c68158ac2ae,b78c59ca-b7cf-4fb6-950d-54d3091fe60c,2026-03-04 19:01:15.352187+00:00,2026-03-04 19:01:15.352187+00:00
aecf60a5-ce56-4ffc-be82-773c7c5f484a,051211c9-323b-44e2-bfdd-7d4821b0c485,7cb6fc0a-0486-49b0-ba1e-c3f6f052cf99,2026-03-08 21:31:39.748154+00:00,2026-03-08 21:31:39.748154+00:00
501ee1b0-e41a-477f-ab5a-cdb7271c2881,a496d2cb-57cb-4e02-9c12-80a24162d725,ff0fbeb7-4024-41e5-896b-44b35fce8898,2026-04-24 12:39:17.121471+00:00,2026-04-24 12:39:17.121471+00:00
51312be5-32b0-4868-a24c-2b1519458a52,26fdcb91-cd1b-4f82-917a-ad3e6deadded,ba0508e3-f0ab-4844-a2f9-b0115e466c38,2026-05-20 02:22:13.944179+00:00,2026-05-20 02:22:13.944179+00:00
884d5953-cc4c-4ae7-a9e1-ae57cda85a3e,c84cc323-0c22-462f-b8eb-9f5bf4422c0b,89e22dde-85b3-4201-b7c6-92feebeb0eba,2026-03-10 09:05:19.554802+00:00,2026-03-10 09:05:19.554802+00:00
a78aa502-b240-4334-91a2-bcf15c08e804,a5f192e6-e416-4595-82a5-882cd23f2ef4,8b45eb5b-53fa-4020-bac3-6b87cdacc0fc,2026-03-03 12:11:09.862595+00:00,2026-03-03 12:11:09.862595+00:00
8d069252-af56-458b-98db-3c38ca490859,d2f7eeb6-c589-42ed-a44e-91fac02763b8,470d098c-2980-422f-b2fa-00d80b6725fd,2026-03-04 18:17:55.552985+00:00,2026-03-04 18:17:55.552985+00:00
5727cf38-2fa9-4a94-bf80-e29279aa05e7,6fedb2d5-6d74-4726-a492-2e08d5ad070c,9b970117-2f7f-429a-891e-bebe44d1eaf9,2026-05-14 06:18:43.512590+00:00,2026-05-14 06:18:43.512590+00:00
5a4e7a6d-ed1a-4b77-9659-5525f9a7a952,abaf4805-e60c-4b59-acf8-b39415c0edb8,357b402b-dbbe-4cdc-bdaf-e32d4ee8ffa9,2026-04-15 09:05:44.340406+00:00,2026-04-15 09:05:44.340406+00:00
ff116e9e-047d-4bc4-81ec-847879caedae,b45d3b3b-2212-4ecc-a3e1-17a07bbf6be6,7ccbe85c-145a-4934-8ecd-02c81a2e8658,2026-05-28 01:25:19.891986+00:00,2026-05-28 01:25:19.891986+00:00
c71d4bf1-0d51-4ccb-a202-7fe048a5f743,6b9aa791-14e0-4880-bb47-19022d45ab4e,82998776-4526-4153-8c93-cf7fa163acca,2026-03-27 01:37:21.188182+00:00,2026-03-27 01:37:21.188182+00:00
2e9dc5fa-9ff0-45dc-9557-606703a61b01,d44a772d-5f66-4a80-8bc3-9b964b83f0bb,e9e39787-49ce-45d1-bc03-04d9c5c79ed5,2026-04-14 07:23:15.698473+00:00,2026-04-14 07:23:15.698473+00:00
cd7871ad-ce6a-49bf-8d18-3948ba7af9f2,28451cd2-90ee-4f8e-b1f3-ffdce06265d3,98bee433-f418-43ff-8b33-842e3ea046aa,2026-05-13 05:58:28.665386+00:00,2026-05-13 05:58:28.665386+00:00
54237658-595f-4b04-af0e-d420f39778fa,156d0b5a-ebaf-4d6b-a61d-85dbf7cd4d6d,3c7c5913-0569-4b72-b65a-9575df551c43,2026-05-25 13:40:51.958734+00:00,2026-05-25 13:40:51.958734+00:00
af709af5-4bd3-435c-8c64-22af4dd4b5b3,05f9a0b8-9377-4731-99d5-0ff430cf28e2,456bc782-4708-4e44-a584-159fe47bd05e,2026-05-17 18:15:49.412168+00:00,2026-05-17 18:15:49.412168+00:00
1e12a78d-779a-49bc-bab8-4787c301758a,3679d9ae-833e-46fb-8b40-4b770e213e33,69aa38b9-7932-4ca4-9b21-a72a43d2128f,2026-03-14 00:24:18.449915+00:00,2026-03-14 00:24:18.449915+00:00
c4839fdf-ed9b-496e-bd38-c10bf7d26a8a,31a44736-0c8e-4f49-a144-86e43b5116ce,07600a7e-ac00-4bb3-b1b6-9738880f9a6d,2026-03-31 18:28:17.470603+00:00,2026-03-31 18:28:17.470603+00:00
1e9af76e-40a0-4a88-bd6d-0afa76ebf5bf,b2958623-a73c-4011-ad16-13a1463c98fa,b0c5f974-3a6b-4b72-95d2-217ee8babf8f,2026-04-18 17:54:17.433976+00:00,2026-04-18 17:54:17.433976+00:00
dc5672b3-5b96-47a5-95fd-89d9daf49601,475359ed-c389-4c7f-bdcf-0527e8fa3d83,0e332453-d16d-4ae7-8db7-a889aa5c8f4f,2026-03-09 10:22:19.575441+00:00,2026-03-09 10:22:19.575441+00:00
40645315-b3f6-4e06-b886-7cf7b202b36a,913ddeae-7af0-497f-bb5f-8e2cd0494ff6,8adee464-4a5c-4aea-810d-1e1145d906a2,2026-05-25 12:06:34.260253+00:00,2026-05-25 12:06:34.260253+00:00
e66db781-3a3c-4b4a-aec7-c6ed7967155e,2336b5c1-69ad-40c0-ba41-98fdb547c116,6c045919-d4f6-483a-ba8d-554c0808a4ab,2026-05-28 20:50:50.766590+00:00,2026-05-28 20:50:50.766590+00:00
d58747c4-648d-47dd-a0f4-7da1122e36c3,19eafee8-63a3-4624-9e3c-5c3b9ec3f914,9a55d948-5c19-4edb-a928-0a5e8c339950,2026-03-28 12:39:06.571195+00:00,2026-03-28 12:39:06.571195+00:00
6e3e581e-6574-4207-be7b-882f6d6e2e41,2c8c5376-712f-441e-a598-ce7ba5a2f418,ff19ab89-5138-4e82-9d8c-8c973c6cd2ed,2026-05-22 21:32:04.601815+00:00,2026-05-22 21:32:04.601815+00:00
80989aff-ed7d-4459-8fb8-011aa141523b,75d41650-6fda-4861-b374-2094976a4835,b7ec5198-2c84-4472-b7ae-84ac25639f98,2026-03-17 03:40:06.045533+00:00,2026-03-17 03:40:06.045533+00:00
2afef9a6-1964-4c57-86c8-4cf8f3e5bc7e,86dea250-4a45-4c15-9043-4e8b385961ca,5db317f5-4233-44d9-abd0-e43952ab66d9,2026-05-28 04:05:24.136604+00:00,2026-05-28 04:05:24.136604+00:00
d9b46c0a-7599-4873-a43e-e610952a49f7,1d5dbb5c-89f2-4819-8d64-308e32d2390b,07cfa2ee-f094-4cf0-87f3-b719675b7f82,2026-03-15 13:58:50.007017+00:00,2026-03-15 13:58:50.007017+00:00
7e1079a5-f482-44c2-99c8-b1ba999a1d9b,9ee06cb6-4ca6-452e-ab7b-e029eb67608b,66cbc914-c03e-474d-92f1-5d8e99a7ad7d,2026-03-26 13:59:22.554112+00:00,2026-03-26 13:59:22.554112+00:00
36cfbe52-dd66-462c-a615-4e99bfa5de24,5df33240-5590-4234-804a-2ea413262180,c65f141b-7d54-429b-8173-c4351b2da945,2026-03-14 14:57:59.319138+00:00,2026-03-14 14:57:59.319138+00:00
02240c98-72c3-4086-8c5e-5425e7d7e734,f0751673-9242-47e8-b912-9b51bc966d68,43e28d3d-e10f-49cf-bf6f-df1d85b73346,2026-04-23 01:48:39.913528+00:00,2026-04-23 01:48:39.913528+00:00
b73deb9f-0401-4a9e-a0ab-0ffc9e8c001e,d944220c-9322-441a-854d-52f4d59e970d,f9e2bdfd-0f82-475f-9b0b-d2ecfa644074,2026-04-10 04:39:19.453922+00:00,2026-04-10 04:39:19.453922+00:00
726282d0-37a0-40ee-8a3a-50f7827084bf,c6947605-f35b-4d0f-86c7-0e329c77777d,857d4d32-60c5-4d58-a4e3-7333dee91a23,2026-05-16 10:44:18.550817+00:00,2026-05-16 10:44:18.550817+00:00
c32ba2ae-35ed-4afb-b21f-dccbdfde1902,8764da82-bb0b-4040-bddb-e2a174bc276f,c9496391-2d98-40b7-ae06-38b8fbc77638,2026-05-18 11:24:33.231845+00:00,2026-05-18 11:24:33.231845+00:00
1d5e25a5-fefd-4650-ad2a-9db0f184cc65,d70dc5f5-5fbe-4d67-a012-ce9246ec607d,f949c43a-07b3-4c92-be31-df659d0869d2,2026-04-08 02:45:37.585239+00:00,2026-04-08 02:45:37.585239+00:00
edcc82b7-dc53-46d6-929b-089a0e9f62a0,abe7d403-7750-40a4-bb8a-e1cba0291a20,4426b333-c127-4db4-847a-3028766ed5ac,2026-05-15 16:55:21.390891+00:00,2026-05-15 16:55:21.390891+00:00
b7371c2b-0259-40cd-89c6-2eaaf24c8a44,1c7e1a6e-ee03-4acf-b1d6-a03bdabfb07b,1525a12e-bfa9-4128-a002-0c51f8965dbe,2026-03-30 22:34:53.415184+00:00,2026-03-30 22:34:53.415184+00:00
64a78a11-a097-4d2f-9d6d-5d5b9925553c,1df1abe4-1d91-4659-89f5-5c24147dac08,3b8a58c8-4b33-4e55-8a02-0cd52e1d6e2b,2026-04-02 00:24:43.856504+00:00,2026-04-02 00:24:43.856504+00:00
ad35783b-6b3f-4ae8-a0b2-3815a5b74d18,141a7614-ab44-48a0-a5fb-71e003562628,9118faff-1c8b-4eef-b4ed-84d56b7469ab,2026-03-05 02:53:08.998091+00:00,2026-03-05 02:53:08.998091+00:00
9ca05788-b3e1-4298-830e-9969fdfa41e4,7e10a37a-f50b-4f1a-a089-f4aab44ec56d,632aa267-f287-47e3-905b-bbb5ef3c81cc,2026-03-27 05:03:50.800053+00:00,2026-03-27 05:03:50.800053+00:00
b9b765d6-21bf-4456-a716-42291a94b7d8,197289b3-142c-40c3-92e8-f88e63d15107,330901dc-3719-4370-8f49-7a71f47171e9,2026-03-08 11:56:23.674827+00:00,2026-03-08 11:56:23.674827+00:00
a7fca503-7ddc-46a9-8a14-b351f7079b75,dfa99dae-c976-4404-b7bd-cbde66c52979,1860b53c-f003-47ed-aca8-7a8b1b433394,2026-05-21 12:47:51.786367+00:00,2026-05-21 12:47:51.786367+00:00
39b3fbc5-0363-43d7-a825-f7ebe99cc693,eddfd338-2066-41ef-a4ab-27f3f4dbdb5e,9d16273a-0f20-4226-94e6-bcf362ecef5a,2026-04-03 19:23:01.226761+00:00,2026-04-03 19:23:01.226761+00:00
c1759f07-67d4-4411-9359-a10180ca7f84,fe6c8796-8b31-45d9-b95b-2167e417f829,ac9e9de0-b091-41a5-b5f7-a7cad8b72090,2026-04-21 11:18:48.181580+00:00,2026-04-21 11:18:48.181580+00:00
20eefce4-3ddc-48fd-bb9b-3f54ed1c7c95,d150afaf-4cda-4770-8d06-b0c8818b9e86,129959ca-f4a7-4959-aee4-591da484081f,2026-03-17 09:41:38.620245+00:00,2026-03-17 09:41:38.620245+00:00
dcb7ae08-c610-466c-b830-7f292739cf02,5f12a5ae-5cda-4d95-beb2-a436269eab28,28e527e4-2589-462b-aa12-1b65ba6c315b,2026-05-16 13:57:08.813425+00:00,2026-05-16 13:57:08.813425+00:00
ab3db3e1-bf71-4081-8d14-13e153b3af22,d63d3c1f-6851-4425-b980-a4b41ae0b358,d59efa05-1af7-4018-8942-0100684ad043,2026-05-20 01:00:10.361266+00:00,2026-05-20 01:00:10.361266+00:00
61b8f996-686c-465c-b355-50c54c5b68da,a4c24592-81c6-4ed4-9e4e-bb61973fcca9,6bc22257-d319-41d3-9f7f-b8098a08aafc,2026-03-04 04:39:11.868378+00:00,2026-03-04 04:39:11.868378+00:00
78ff6670-adb0-44f9-8ab1-91d8ddb632b6,475ba45f-4991-44c0-bc87-da94c2cf9a71,d1fac23a-ccd0-4901-bc47-36d70f604565,2026-03-09 13:22:08.334762+00:00,2026-03-09 13:22:08.334762+00:00
8db635fc-d3a0-48b0-9d68-8b5e3340f4e0,3483c23f-543a-48b1-87f5-dbcaca5c177b,0c1d3d0d-540d-47d2-946b-adb24293ec38,2026-04-19 19:10:43.951472+00:00,2026-04-19 19:10:43.951472+00:00
0f7a21f8-40fc-4d44-99cf-9eaf87ba344f,99095848-02a5-4cc5-a69e-421bba6ff9cb,6095a0d7-293d-461c-97e8-427b1b9c9f2c,2026-05-12 10:37:22.226851+00:00,2026-05-12 10:37:22.226851+00:00
6596ffb6-42d7-420c-ab5b-68c3a9996de1,0f697a3b-ee5c-4ecd-955e-7d0780d2b0e5,48522d4e-75c6-407b-80fe-6194983ddc22,2026-04-01 14:21:35.527352+00:00,2026-04-01 14:21:35.527352+00:00
0c86e437-806f-4409-b0ba-d2d0b89d34da,24090fa5-cbaa-4975-afda-945cbacea575,913f5e06-2e13-4b3c-94b6-49c76ffdb4da,2026-04-24 02:46:04.197427+00:00,2026-04-24 02:46:04.197427+00:00
82663fe5-8790-45b6-a038-ff807bc92a33,545a2d65-9611-4168-8679-9bdd07f1d5a0,2b1ce8c8-c71e-4f2f-9ebe-d90d7d7c4e81,2026-04-18 21:33:32.677541+00:00,2026-04-18 21:33:32.677541+00:00
e290d9d2-b2b2-4dd4-b92f-bc2d77d4c207,2936d905-95f2-4816-b1b0-5314549420da,cd387c10-00b0-4dee-911f-de43f15075c4,2026-04-09 18:48:00.372187+00:00,2026-04-09 18:48:00.372187+00:00
0f3a661a-f6fd-4dbc-b7c7-8af724602b6c,13fd4771-996a-4ae4-9cdf-546c3c805461,b1c0b114-361c-4f4d-9e10-df03597e4c18,2026-04-23 05:31:04.935494+00:00,2026-04-23 05:31:04.935494+00:00
f6e13340-d780-46e5-9007-e101874a85a9,10587686-a1fd-47d4-92cd-34aefc22fe38,5ad92aa7-abcf-4316-98bd-48556c57b2dc,2026-05-25 18:47:10.923486+00:00,2026-05-25 18:47:10.923486+00:00
812e0c89-7d63-4208-8057-e148e8a3960e,9fe41020-8f16-4815-950a-aad966488dbd,f8a47595-b56e-442b-aaf2-1a2d4bf42b35,2026-04-23 01:59:53.522199+00:00,2026-04-23 01:59:53.522199+00:00
5c52ccff-1ab1-4ef0-827d-e64c77457b88,0e94b967-4f1e-41e5-9a48-c732a3e3a59a,f2348d99-4856-4c96-b416-87224ec51b28,2026-03-22 10:47:26.479697+00:00,2026-03-22 10:47:26.479697+00:00
45c02405-b2d9-4069-ae33-4aebe3b90448,1029a94c-9c95-4b43-a2a9-dd6ec2e64972,903d805a-683b-4409-b8b1-58adce75e2ab,2026-05-04 03:04:49.465066+00:00,2026-05-04 03:04:49.465066+00:00
cced4a31-f839-48cb-8895-50b0121047aa,56534fc7-be8c-41ed-9552-6b16e3f103b4,2c360066-aed6-4947-b787-c67c554535ab,2026-04-29 13:23:23.472673+00:00,2026-04-29 13:23:23.472673+00:00
acc5c2a3-7aa9-4dc8-9e7a-56f444deb9e6,ceb3c5a8-87b8-4d5a-853f-8551dfb97bfb,e851d99d-7afb-4405-ae4d-103813607399,2026-04-23 12:18:48.275279+00:00,2026-04-23 12:18:48.275279+00:00
ee37e196-c251-4983-acfb-b445da42c9a0,31b0bf91-902e-4406-92dc-b6db44f4ffc4,9d7f495f-839c-4fbb-bbbf-1e54d0fe6667,2026-04-22 16:56:56.593980+00:00,2026-04-22 16:56:56.593980+00:00
f9db0fcd-db0d-4331-b3d5-a79771264149,673211b4-2f77-4ba0-a9b7-932741bac28d,27ecba7a-e8e6-4db7-ac41-0363009805b0,2026-03-09 05:06:13.978193+00:00,2026-03-09 05:06:13.978193+00:00
1de99687-bb39-4022-9d7d-80f4dea80cc3,ecc2b64d-d71d-4f72-ba98-1bce749b976c,7913e679-38b0-4462-9513-ba80c30623be,2026-04-28 20:30:49.393120+00:00,2026-04-28 20:30:49.393120+00:00
631af59c-b52f-480f-9207-da9a59b13f4a,b23f014a-5738-4f2c-915f-a024897cbb3a,d72484d4-4219-425b-bd5b-db78f6ea75f4,2026-04-30 06:45:05.248580+00:00,2026-04-30 06:45:05.248580+00:00
4f592a0a-b720-415a-9340-46db94089062,5e738df3-eba8-4ba1-9fa2-3af403e3d5f7,34401c13-e73e-4017-a653-e72195cb4b22,2026-04-22 03:32:47.565422+00:00,2026-04-22 03:32:47.565422+00:00
4d62a684-889d-4cac-989f-acaf713bfe82,4767a8d6-30e8-4b70-8352-c1e768346439,96494d5c-8383-4428-b688-7cb54b3595c5,2026-05-23 02:50:54.604680+00:00,2026-05-23 02:50:54.604680+00:00
97ec68b1-7dc3-43ad-9337-b547b52a20db,1f984403-9e2a-449c-a4cf-d9ef03325ae1,f36bee57-c4f8-4304-acd4-fe43ab98beda,2026-05-06 07:39:16.322853+00:00,2026-05-06 07:39:16.322853+00:00
69e0203b-066d-4d1f-b2af-21fc7df44c5e,eed82353-8e82-4da0-b561-1d27cc73e0f3,086d96a5-757c-43a4-899f-c30a35f405b6,2026-04-03 03:03:57.201945+00:00,2026-04-03 03:03:57.201945+00:00
7a693f95-771b-405a-a9c6-1ed760511668,845e3845-9a5b-4450-a612-e8b78c75ddee,2260b6fc-d32b-4a79-9fc9-3ba48624f8af,2026-05-30 02:19:53.080975+00:00,2026-05-30 02:19:53.080975+00:00
93ef50d4-5f76-48c8-87fd-d31f721d7716,0c9789bc-9c0d-4b5a-8b62-71a2344110c9,242d6fec-e17b-4335-9992-397a5cf01c3d,2026-03-09 04:03:24.970732+00:00,2026-03-09 04:03:24.970732+00:00
cb33c9ea-7559-481e-8ddc-f0c0fdee730f,53cb6095-7ab4-419e-8545-6af51f165fc9,ad6c01a4-ddb0-423e-b965-59a1bf2e89a3,2026-05-19 17:41:57.393066+00:00,2026-05-19 17:41:57.393066+00:00
208897e7-a733-43b1-8038-6d254c400ff2,ad0fec01-a3f2-4e62-b6b5-211fd3dc809d,f7a4df32-a5ec-4460-a9e7-daeefd19890a,2026-03-18 04:19:26.049431+00:00,2026-03-18 04:19:26.049431+00:00
d013f8f0-f9f4-48e3-ab4c-98a07dd43b98,109cfe19-c78b-4335-8b4e-73fdfae0933e,58fb12dc-fa34-4508-9615-1eb986752744,2026-04-25 10:17:37.563998+00:00,2026-04-25 10:17:37.563998+00:00
8c3d2145-1aab-4a20-b837-1428c38b5d38,db6aeac6-ca78-4252-829e-c78e2f3afce7,d9f5669d-b27a-46d3-a46d-64518b86131f,2026-03-04 17:56:01.556386+00:00,2026-03-04 17:56:01.556386+00:00
a931c0eb-3442-43cc-b8f4-e1321a9c10db,2b803f21-01c9-4bd3-9ffa-1b0f941423e8,b80a448f-b5b9-449b-91ed-b1d96ef22682,2026-05-04 20:22:06.363753+00:00,2026-05-04 20:22:06.363753+00:00
fc309ecd-5e67-4407-af14-08f24f5b4c9d,875391d3-3769-47fb-b9f5-7dbe500872ef,997fb07e-69ae-402a-b36e-f9acf23cb4d5,2026-05-24 02:55:31.091211+00:00,2026-05-24 02:55:31.091211+00:00
f1ea1001-e328-4f81-9e7e-b6634c7c3020,865ed290-53a0-4bf6-84f6-77c1bbb85daf,cdf4bd95-0ae6-4875-8b88-13e1cfc14334,2026-05-28 10:33:59.853346+00:00,2026-05-28 10:33:59.853346+00:00
191792fd-8611-4f87-87d2-80d4694c1dc7,900ef88f-1280-40f1-9261-be2ae6440c72,d244babd-6d40-48a7-9ad2-c4a99fe21fa8,2026-04-18 02:43:20.495997+00:00,2026-04-18 02:43:20.495997+00:00
de59b69f-e0a7-4669-bbc7-9bdf142c6a20,2c803e6e-dc7a-48ee-82f5-8ee8451f2e00,60534245-e2e8-449b-bdfe-10e2ceff3673,2026-04-29 08:22:03.559077+00:00,2026-04-29 08:22:03.559077+00:00
3fa834cf-e68a-4083-9e29-25c2af57a57e,3171d02c-0235-493b-94c2-f11ae785acd2,75d733d8-5e6d-4a2c-8bcb-d0ffbde89803,2026-05-04 10:37:56.698905+00:00,2026-05-04 10:37:56.698905+00:00
f7d0fd83-9ab9-4df3-8c2d-96c770f914b3,82806ffe-1be7-4fdc-ba9c-c602618a4699,107e05ea-6a28-42e8-af1e-e6a4c51f5f75,2026-03-04 10:13:37.738254+00:00,2026-03-04 10:13:37.738254+00:00
78ed255d-d816-44ff-b3e9-6a2a9513f028,10f0465e-321c-46a7-b2ac-1e41948898ae,d3242a77-5008-404e-be72-49623f3df97b,2026-03-27 02:14:11.696341+00:00,2026-03-27 02:14:11.696341+00:00
c1df5dbf-f2ba-4f10-9c6d-7633e68ac5b4,19faf7c1-4879-4325-8f92-a514c2705c75,05ae4e29-00ec-4f52-a463-e180075fe740,2026-05-22 01:58:45.793591+00:00,2026-05-22 01:58:45.793591+00:00
56a5a4e7-a22f-461c-86e6-407f4ac4cf1f,04d6338d-7c69-4aa5-933b-33f4693111ac,9161695b-37a5-4c33-abc8-94b892d7ea23,2026-05-03 09:36:04.778673+00:00,2026-05-03 09:36:04.778673+00:00
e9d52b0b-909e-4efb-8d3e-24dba188e32c,86e95bcc-04c4-40b4-94f4-770731a92915,c61d237b-c2d9-4075-a6cc-af52d2994bfb,2026-03-30 11:42:50.546909+00:00,2026-03-30 11:42:50.546909+00:00
671fe6fa-776f-482b-ba98-b9efd61810fa,965371a8-f7fc-4c70-8919-1e08b0ddf88d,63841f68-e873-49cb-b544-706cce2f9ce2,2026-05-23 15:03:48.576646+00:00,2026-05-23 15:03:48.576646+00:00
436f625f-2952-4528-b089-dca9e9fef5e3,2e1ea45f-f0a6-403f-aafa-ada49ac64804,7b00de80-5d5e-49d8-b667-211dc66a916e,2026-04-17 05:41:33.666319+00:00,2026-04-17 05:41:33.666319+00:00
c27b35c6-b892-4647-85f5-1b867a6e3fb8,1cb85f20-cc3a-4b8a-869a-5ab161de4f27,888030bd-06ae-4439-b57b-fa55f48374ce,2026-04-12 07:44:40.975901+00:00,2026-04-12 07:44:40.975901+00:00
a92d2e73-0273-4f1c-a7c2-607db2356aac,70e2a141-2452-41e4-bb42-8ee37fc0d5a7,e4d08666-cb1a-4332-b31e-87e0a2ef7b2b,2026-04-13 02:20:05.043095+00:00,2026-04-13 02:20:05.043095+00:00
5984e283-1bf4-4b0b-98fe-c3f9233a113d,40753fd6-cce5-45f2-afd1-5f5e957c26ea,267d6b46-2855-4b16-a315-e5c7b4122e15,2026-04-11 19:45:01.944613+00:00,2026-04-11 19:45:01.944613+00:00
cfc97f07-c421-413a-b9a0-d0d5ba3f5a75,2a11972f-f33d-478a-a07f-1b52d235fe54,7b40281a-7fd6-4a76-b383-e68cad5e08c2,2026-03-12 03:21:49.572945+00:00,2026-03-12 03:21:49.572945+00:00
899c37b2-6ce7-430e-ad6d-d16a0c027dfc,0d964cfa-4ade-4dd7-83fd-5d7eff25bed9,d9f8b838-ca55-44c1-a6d8-01827413008f,2026-05-10 09:11:18.263159+00:00,2026-05-10 09:11:18.263159+00:00
2c01ae5c-b981-4d4d-bd66-9fb25c6cf212,ac23188b-5ed4-4f77-a569-21e1c1fb6430,83b47d0e-d6be-425f-b87f-f4a1d57e3660,2026-03-26 19:38:08.934952+00:00,2026-03-26 19:38:08.934952+00:00
50b06438-dcf2-4d47-8a7c-4a17fbe667ba,2755edf7-0ef3-43d9-a32c-518ab4e26c33,23825d6b-8bad-4cd7-a70a-eeafff9a3e7e,2026-03-28 11:50:02.638873+00:00,2026-03-28 11:50:02.638873+00:00
c4052190-39ab-4bfd-bf2a-e587f98e3c31,e6c9bfc4-eda6-4171-9c4f-de29fbecdd78,f053ba2f-a0da-49d8-aff6-3214410553fc,2026-03-30 21:32:01.730683+00:00,2026-03-30 21:32:01.730683+00:00
dee61e18-a1c5-4267-b613-4abbbea3ea22,474e5a4c-c10a-4efc-8314-09ec3aaa4e96,cc72b9b9-eeac-4752-ad4a-35bb190ebd93,2026-05-27 19:03:49.732608+00:00,2026-05-27 19:03:49.732608+00:00
e0ffa421-a3b4-4332-af16-dcdd234eeec5,b99676d5-129d-49a8-84a0-47b92a1a473f,8815a517-fa9c-4ec6-932a-db1310f87382,2026-05-25 15:50:59.623229+00:00,2026-05-25 15:50:59.623229+00:00
5702f2fb-a423-49c4-8a32-0a670a61ebc5,f466d481-a85c-405a-b2a2-dcb7718766a1,4d17fff3-bcd2-41f6-9e69-7c2019698487,2026-03-12 10:46:06.341043+00:00,2026-03-12 10:46:06.341043+00:00
a79f74c2-7acc-46ef-b007-ad475abab92c,0e6e26bd-186d-4ed6-b4a1-289dbc8def12,c5947ea5-762c-4e3f-8b35-d0dfc31186d8,2026-04-01 22:21:42.416588+00:00,2026-04-01 22:21:42.416588+00:00
fda7806b-2887-41f6-be77-ddd915b041d8,be055405-3376-494d-bdc5-a0798728a02a,9078cac6-7c61-4d37-98ca-63255a8f7308,2026-03-28 11:57:54.392672+00:00,2026-03-28 11:57:54.392672+00:00
f7d33327-926c-4509-a6b8-dd461dfbd1fd,940eae86-a511-447c-bfb6-fda23104c7d8,2fb78b7c-402b-4edf-b04f-fd966a2742ca,2026-03-10 21:25:10.038394+00:00,2026-03-10 21:25:10.038394+00:00
dda2b07f-8a64-4b3d-a5f5-da1acd4d55b1,862878bb-e903-4b2f-8b4a-383f52424531,74e2f76b-a1de-4f68-8fbb-3a29050f5319,2026-04-15 23:15:31.406962+00:00,2026-04-15 23:15:31.406962+00:00
07cc0b34-6bbc-4b13-bc46-a578e3ce9cc5,31623c09-27e8-491e-b899-4ca8f6f192d4,87792c7c-1580-425f-a05c-db78032beaac,2026-05-22 07:33:31.926039+00:00,2026-05-22 07:33:31.926039+00:00
cdc8c4b9-5b8a-491d-a8e8-3959ee6d877f,692195d5-455d-4dac-ac6d-deb5d13a6429,590ca08d-5376-46c1-b353-41bb1201671a,2026-03-17 20:36:55.097954+00:00,2026-03-17 20:36:55.097954+00:00
8cfb05c6-795c-4e4e-9776-d854e38eab7f,fd61a46a-39b8-4114-aa1f-edf3c7fa40e8,fcd0915b-0ff4-4fe1-a40d-af352a4c5b91,2026-03-17 18:52:00.103862+00:00,2026-03-17 18:52:00.103862+00:00
d83cfa36-386b-4090-8350-77eca044abe2,39194ce3-4ccf-48ea-a5ce-e59e0711cc8b,0f44d122-db42-4ed0-8479-82cfbb4e8b19,2026-03-21 17:11:18.815334+00:00,2026-03-21 17:11:18.815334+00:00
785f3dcb-dab8-4004-958b-5d6fccc7fd5a,b1ef56b2-a9c5-420d-a6d3-cb6d78caee7e,7fed4b01-bf3b-4df6-b911-fcd4b544f440,2026-03-15 03:12:32.680236+00:00,2026-03-15 03:12:32.680236+00:00
d8ef966d-3141-498b-a0a7-f42d2aea05cd,c63e1b2a-f5b7-4163-9bf0-9cb80d9fbae8,cd665b3a-9b9d-4595-ac86-6e04d9ad357d,2026-04-25 17:50:39.208789+00:00,2026-04-25 17:50:39.208789+00:00
ab1efbab-47d8-49f8-9489-059efa7b44b6,856a39f8-4f6e-408f-a435-7b61d5e204d8,2f979284-8cdb-467b-99ff-856b4265bd4b,2026-03-04 17:48:48.779285+00:00,2026-03-04 17:48:48.779285+00:00
f4dd094d-e367-43be-8b83-ee2c7c08beee,2336aa77-a677-4f75-a2bf-96a88f681dee,61033d43-e21b-484b-8ffd-456ec0376a05,2026-05-22 11:16:53.770158+00:00,2026-05-22 11:16:53.770158+00:00
308d7b60-b004-4dd7-8486-b9a9f4b4189b,0171c4e2-89f5-44c1-8f9c-dde09d397f77,c3b71f69-c0a4-4259-9a9f-6a1ecba4d1cc,2026-04-14 18:05:40.876559+00:00,2026-04-14 18:05:40.876559+00:00
cb002abb-8305-4519-b029-470ab45516f6,9267bd25-3d18-47ed-baca-57288558c99f,d2942ff3-5947-4a84-9ed2-ba3b1ca93e0f,2026-03-09 23:48:11.932855+00:00,2026-03-09 23:48:11.932855+00:00
dd72e703-4a50-475d-96ee-04894d8a293c,c039aa20-4b78-4b05-9451-b3c172355d1a,bbef69df-a8b6-4ea9-8bab-a8ef754c5409,2026-05-29 19:56:42.648199+00:00,2026-05-29 19:56:42.648199+00:00
320f42e2-f79c-4f3a-8247-b6b4c106c2d7,04a1d29e-7b4a-40cf-ab56-52b289c068ed,202db4c8-0a0e-491f-a616-4e1cd608afcb,2026-05-15 14:00:17.666185+00:00,2026-05-15 14:00:17.666185+00:00
d7cc5f86-18a5-439d-9163-b91d53ca6299,b4531506-e104-475b-9ca6-9aecda4242cf,4b20e3db-3789-421c-954f-3f9e8e393448,2026-05-06 12:19:13.024674+00:00,2026-05-06 12:19:13.024674+00:00
b874bb2c-c01a-4442-873e-60bd2f12de7f,ccb6bd6d-e5d6-4e43-8fbe-72d1f6b7860a,9f893bf1-05d0-45f8-8ba7-73e6c0146cc2,2026-04-28 03:51:27.572807+00:00,2026-04-28 03:51:27.572807+00:00
74058fdc-17bf-404a-9f17-d4a18cfc8e9f,e3fc39f0-0e7e-4cf0-9710-f342df02e3a6,0f6faa5f-953b-44a4-bdfb-c3a89f65d5c9,2026-05-29 02:35:38.047078+00:00,2026-05-29 02:35:38.047078+00:00
9b35dc65-b029-4d59-83c1-8a413d1c5bc9,2359291e-275f-4ad9-aca6-ca21297d4212,29d0e446-2841-40f6-8ae2-7fa3e4e83e2f,2026-05-21 21:50:39.995906+00:00,2026-05-21 21:50:39.995906+00:00
9257fd08-c155-4c0a-a40b-06eb87376ee1,b1cdac02-f6c5-4c6a-b6ba-0961e7093cda,3532dc87-f50c-496e-a6d2-dd4d14c81b48,2026-05-17 08:04:44.941770+00:00,2026-05-17 08:04:44.941770+00:00
986597e7-ddf6-4d9d-89e1-bab6426b5f56,ec9336ba-516f-4b4f-b7f5-cbc4c81e8d06,c6651ac6-aeff-4d85-b58d-c89a0de1330f,2026-04-25 04:17:40.560145+00:00,2026-04-25 04:17:40.560145+00:00
b9dcbbdf-26e9-43ad-9760-c59615358e35,ec018f7f-68d1-46fb-bebe-b38562eae740,b1ebc35e-829b-4945-bdc5-9099b4fb5a4b,2026-05-11 06:10:54.679911+00:00,2026-05-11 06:10:54.679911+00:00
4daaf8b8-af34-4304-ba3f-9822e1fd0fec,560bbe76-41fe-4bd4-b27c-6dfb3a31868b,6bc6f03b-2c5b-4814-828f-eb2b39690e7f,2026-04-19 08:36:33.131944+00:00,2026-04-19 08:36:33.131944+00:00
35453243-2915-4d4a-a0dc-97f393f10450,f10641b3-0e49-4523-a8b9-f2c812042f03,44c63c73-32b6-486a-8c40-102a4ce6f479,2026-03-03 11:24:09.666951+00:00,2026-03-03 11:24:09.666951+00:00
3681f3ce-9112-44f8-ab77-5f64180d3ecf,5ab1be55-6f30-4585-af9c-e3ec9d47bbcd,da4b086f-b2af-41ce-8377-86fdfc78576f,2026-04-02 11:00:13.090734+00:00,2026-04-02 11:00:13.090734+00:00
c2eb9a97-d614-4793-8e46-f2c69153d5a6,81a1b50d-e8d0-47eb-86ca-d081a766e38f,6bfa0b7e-85bf-4f44-95fe-af2e7e234d9e,2026-05-08 15:54:50.010274+00:00,2026-05-08 15:54:50.010274+00:00
e8622fd6-23c1-454a-9f51-37ae3537fcc8,01ba65f3-8cd5-417c-b44d-1428416f00ec,ef64e1a3-35e5-4383-88a2-8662e0ba5872,2026-04-19 10:00:22.870457+00:00,2026-04-19 10:00:22.870457+00:00
bf5cf55d-9cdd-405e-815a-d88c54ec9661,fe6aa3ad-db64-4029-b638-859d1f1aef08,0c76f92f-5c50-49db-af25-8601efc5e43a,2026-04-05 14:01:01.931670+00:00,2026-04-05 14:01:01.931670+00:00
bf1a5cac-869a-42bf-be2b-d0ad9f1829d7,417327f6-7b66-4a3f-8c16-de48f54ca7af,cbb2b001-4ca0-435f-9f3f-d0875bff457d,2026-04-16 23:20:26.092921+00:00,2026-04-16 23:20:26.092921+00:00
3410557b-779d-4fcd-9f25-951a62a82073,7f72219d-0b46-40a1-abc2-70aaf8422a73,75d33b70-d992-401c-971c-fc376af09d1d,2026-04-17 12:03:30.554603+00:00,2026-04-17 12:03:30.554603+00:00
1f923ce1-fc1f-481f-b33d-298e555b7cba,96cadc5e-0b73-40ae-8d66-1582b982b56b,2f37b8c3-05b1-4998-ac8b-3a08fbc251d8,2026-04-23 07:37:21.878360+00:00,2026-04-23 07:37:21.878360+00:00
79037302-997a-430e-8398-c30ad71a8130,1cb16084-4f8b-4437-9698-9ddfecede264,2567744f-e1e5-45ea-8964-4ba3a8dcd8ac,2026-04-28 17:54:17.345924+00:00,2026-04-28 17:54:17.345924+00:00
02dbdef6-6641-460d-bb80-55a3f57c089a,1b95cfeb-2730-46be-adfe-a2fc5f6856a4,931a461b-465f-42cf-83c0-ceb2eb1c7620,2026-03-21 09:17:51.044381+00:00,2026-03-21 09:17:51.044381+00:00
61183366-99fc-40bd-abbc-ba29e90a1555,f19a02c6-efad-4735-9cb9-bf320254577c,d7549942-8ba6-465b-9fa9-750a84f82b43,2026-05-19 03:16:30.675465+00:00,2026-05-19 03:16:30.675465+00:00
004879c0-f6b3-40aa-a525-50b1e632fe67,f013bbc7-4339-4e19-ac68-c92b977212ba,673e129d-e852-4b52-aece-edf2afad3e6a,2026-04-04 00:54:41.756205+00:00,2026-04-04 00:54:41.756205+00:00
19b9d445-9bc1-430f-b5d1-505c04855363,1a53367a-b44a-4ba8-9941-6a42ed211519,900faa63-bcfc-4fb1-8ef0-23697768fa24,2026-03-04 12:33:05.427200+00:00,2026-03-04 12:33:05.427200+00:00
3a3fec4c-88e9-403c-a402-bae37544664b,7bad7d7b-29ef-4610-aac4-c0d6262e4c2a,89858d68-b59b-4a06-93eb-979c76873ddd,2026-04-24 13:36:51.925733+00:00,2026-04-24 13:36:51.925733+00:00
197cc344-af9c-46c7-8519-abeb9df9a806,5e834d50-dff7-4107-853c-b41802d7f5d2,eca2fb7d-3434-40a3-a924-12323570fbf0,2026-05-11 13:57:28.430236+00:00,2026-05-11 13:57:28.430236+00:00
8b87041a-0185-4b8d-a7b2-f1c7ff4d7c6a,0d328103-5284-4db9-ba95-add9fb3a45f1,93d96086-b7d3-4905-8c21-bb30450c6946,2026-05-27 13:17:23.669452+00:00,2026-05-27 13:17:23.669452+00:00
ccbcbbf7-616f-462d-9c05-3d81171e2bf7,2a347f78-a691-464c-b306-49f89626f996,adb1cf40-6cb6-4b8b-bcfb-041b56330b85,2026-03-25 15:05:00.979140+00:00,2026-03-25 15:05:00.979140+00:00
51deda56-c91e-4a03-9f33-23adc0ae6ce4,5e444547-6f78-4046-8174-065cffa18ac2,fc99bfc4-22ec-498f-b20e-ecd3a93aa8b6,2026-04-19 12:49:54.748688+00:00,2026-04-19 12:49:54.748688+00:00
3531bf89-3213-4a9c-9348-117012d9271d,48e60397-0854-45ae-a5e7-c586d7946352,707ccee8-b18f-496b-bbd8-6dad4f88f524,2026-03-06 23:31:36.661711+00:00,2026-03-06 23:31:36.661711+00:00
38a96d12-9b84-4384-9696-b6eb0f43ea3c,c4bc2c02-4c08-4ef0-8ce5-faaccb91b5b6,80375b3f-0a96-42b2-81b6-8d1f72dcca3e,2026-03-12 02:51:31.603615+00:00,2026-03-12 02:51:31.603615+00:00
b7d503e7-c505-4a1f-899d-4f5246143bbe,f3175efc-3c20-43b2-af3d-160f46831c28,5855d45a-bd50-4737-b55b-a632f46bcf50,2026-04-26 06:47:58.328947+00:00,2026-04-26 06:47:58.328947+00:00
717d8c01-c9e1-41e1-91ad-c734e125e6b5,70649f5d-ad59-4c85-8d7c-308f9c482c06,9477e9f1-5136-4d3e-8c5a-5cc61151b536,2026-05-03 15:58:03.615592+00:00,2026-05-03 15:58:03.615592+00:00
c826f0d5-69d8-4760-99cb-ee14f2e83319,feaec6a2-019b-4624-b99e-93bd4e29156c,5f00cbfe-311b-45ab-8aa1-9ea1657f0c4e,2026-05-21 15:48:57.166982+00:00,2026-05-21 15:48:57.166982+00:00
19f98e6a-f743-4736-9545-d048e74b92af,48683088-a195-4743-8adf-9672a8770d30,1d889ff1-9700-4b4d-b68c-05a787d6605a,2026-03-21 13:52:25.602231+00:00,2026-03-21 13:52:25.602231+00:00
c1bfd108-0edd-44aa-9a3d-e789a3362002,8f6b5b61-2a5f-4a10-9d28-77061d9bfdb6,f0863e41-9294-4395-8874-c2609c7ab1f9,2026-04-30 15:28:17.789327+00:00,2026-04-30 15:28:17.789327+00:00
1baabe2b-227c-40ee-ab59-c0e544b51fd4,ccb08935-9005-4ed5-a760-352a20ce298f,e7dc22c4-151c-4b62-8f3a-b1595b775f88,2026-05-12 10:37:35.699042+00:00,2026-05-12 10:37:35.699042+00:00
d13a8bcd-2ce6-426c-8151-8a8d35e2b3c8,27210df5-0a4e-46fa-ae6b-271e70bfa930,fe50fcec-bea9-48a9-9c33-20fc885f1bdd,2026-05-04 03:38:23.164314+00:00,2026-05-04 03:38:23.164314+00:00
e27ea0a6-fb0e-47d0-af94-1d8c6b504b67,256df4a8-efed-458b-a5b8-1b84ee6caa46,de573f11-8dbd-425a-9544-f0d0f3279427,2026-04-25 17:26:14.962656+00:00,2026-04-25 17:26:14.962656+00:00
30bff06c-c6ee-43e9-a85a-e03dabbe605b,5212a374-6ed9-44a2-b275-0b5603c51c19,ffd18897-a55e-422a-a350-aca15c2a1f2f,2026-04-25 04:48:21.048363+00:00,2026-04-25 04:48:21.048363+00:00
6c401f49-5df2-40d6-9be0-06a3b99633d1,56d142c0-c745-48b9-bbb3-3db49d467a13,a82d0984-c886-4b85-8b40-a9ae143139c3,2026-05-06 04:58:42.378305+00:00,2026-05-06 04:58:42.378305+00:00
52b6f495-b55f-4346-9737-7dab31d93970,371446c2-8f33-4cc2-8370-8e3c75a0f4d5,0a382e43-c450-48fd-abbc-9f4ddc6cc1f7,2026-03-23 17:48:56.995804+00:00,2026-03-23 17:48:56.995804+00:00
9a959c3b-6683-4491-a0ab-f33311b1aca2,96b5d262-260e-4b91-b427-0994bf14929e,b299843d-8197-4c7e-98a3-4186b6f814a5,2026-04-09 00:27:53.745944+00:00,2026-04-09 00:27:53.745944+00:00
f80734f9-9645-452f-b76c-fb54d41539ee,486fdbc5-128a-4f55-80b6-df8973c59be8,428f1d4d-5ab4-4cea-983b-924d8cb1369d,2026-04-11 20:46:12.258218+00:00,2026-04-11 20:46:12.258218+00:00
9f29a5b9-b9a9-4288-9201-ab421414573f,d3a8a2fe-663e-4415-988a-56756411299d,bd541f3e-fa76-4159-a471-9212fe3d9e25,2026-03-26 08:48:36.164560+00:00,2026-03-26 08:48:36.164560+00:00
9ffb20c4-3b56-44d2-ace0-2347cc28001e,11f6b98b-b12f-45ff-b7b6-8a68b076f636,ca283c36-fbd2-4240-a932-3c5b808d9ff4,2026-04-01 14:01:53.840045+00:00,2026-04-01 14:01:53.840045+00:00
a1e0b673-4378-4564-8f09-dd3781e5e161,ff91bd45-f8fe-411b-8ff2-dd4816eaacc1,a08df298-b097-48ce-804d-e227127cf8e2,2026-05-12 02:48:39.301995+00:00,2026-05-12 02:48:39.301995+00:00
fbfc12f4-74a8-4d88-b64d-4e792d9eb319,7a521e7e-0386-44e3-a6ab-c54b0198f1de,e50a507c-a9c9-4aeb-b3c8-0f32817cfa8f,2026-05-02 08:21:32.577858+00:00,2026-05-02 08:21:32.577858+00:00
bcb21090-89b4-480e-8c56-a4f42d64b545,4503d769-04cd-4b92-8806-97818c4b1b4c,1d8b5a71-d2cb-43be-b946-5e96b3dc8a20,2026-03-05 05:19:05.645836+00:00,2026-03-05 05:19:05.645836+00:00
cf08288e-2e4c-48d4-aeb8-70f745099b0f,98af6708-91f0-4c58-916f-d2bda0eb2e69,f4c90c78-e03e-487f-aa10-a7f9dcc088c2,2026-03-21 16:35:43.122905+00:00,2026-03-21 16:35:43.122905+00:00
541da6a0-13f2-4d10-83bb-78f8e9e883b6,5a7ae774-c4c9-41e6-bb11-0c16c753cfe4,e39c9ef1-24df-45ff-a996-30197e630269,2026-03-24 21:07:51.294642+00:00,2026-03-24 21:07:51.294642+00:00
5893dd9a-3288-40cb-9f85-5c8f7f70e752,2a05150d-44f6-4afa-b8b6-c2bf4fd2eb27,6b7936bc-b343-4be4-a423-df6a0fb5d628,2026-05-24 17:29:42.270803+00:00,2026-05-24 17:29:42.270803+00:00
0b4e29f4-3b5f-4fc4-b55b-7d8345e6afa1,f7e5ec14-75ca-4323-a583-eb9432e04eb6,83c9be5f-a897-4b4d-b628-bf4dce9d7416,2026-03-04 21:34:49.792780+00:00,2026-03-04 21:34:49.792780+00:00
1999e904-3e97-44d8-9ed1-9f1b1139b8d2,6977b87c-aa43-4c3d-941c-20d28ea563f7,19a3dcf4-6118-4556-aa4d-d5edd3214305,2026-05-06 18:31:46.432710+00:00,2026-05-06 18:31:46.432710+00:00
76e7b94f-1257-4c19-bca6-c75bf7e0be0d,4cf00b8f-978c-497d-a80f-03a69e211446,b41499be-6332-46bb-a2e8-74ce7f181687,2026-04-15 00:37:28.341403+00:00,2026-04-15 00:37:28.341403+00:00
361693bc-9a33-4886-b087-6300b077b565,bb89e931-9b1a-4ea9-a3b1-6d39d6a710c6,398463f3-e705-4f56-b574-b8155be6ffd5,2026-05-29 13:58:37.401880+00:00,2026-05-29 13:58:37.401880+00:00
0dcec599-f1ad-48cd-931c-0cd7f6563a05,b0a45efd-5774-4f25-bb1f-33fc44b1b2fa,09d51c9d-f614-4f1a-b915-3740b02130fa,2026-05-26 01:04:19.598393+00:00,2026-05-26 01:04:19.598393+00:00
8453ad44-b416-478a-8221-86c96eb2dceb,317c17cb-923f-47a9-b847-948056faf4ba,41fea203-9df9-404e-940d-17e3d2968019,2026-05-02 12:31:55.553085+00:00,2026-05-02 12:31:55.553085+00:00
dd4410e8-a64a-4066-b5a6-de7956613414,e1a224cf-6b0e-451b-bde6-3e240dad0f21,4b3f2c0d-efab-479c-9faf-ea9198d1e606,2026-04-26 16:59:51.727359+00:00,2026-04-26 16:59:51.727359+00:00
4277384b-c4d5-4bcd-a284-1bb02b65486f,5f7570d9-e456-41cb-8d9c-a9b23abfabb8,809b2529-1d9b-4f80-a143-3a11325f5f2b,2026-05-09 07:13:36.449854+00:00,2026-05-09 07:13:36.449854+00:00
9b067016-2f37-4596-87ba-7cd49c86dcb5,c65f9db9-7cea-496b-92f5-c142ac487767,51a39ed4-7c58-4ed6-91f3-cce42184a3f8,2026-03-05 15:01:18.462049+00:00,2026-03-05 15:01:18.462049+00:00
cf240cf9-5b89-4214-9016-6b87ab51778e,0646bff2-61bb-4c4d-ab13-625f1ffc2caf,0d0badfc-14eb-4305-b4db-9f87536761d9,2026-03-21 01:49:49.716791+00:00,2026-03-21 01:49:49.716791+00:00
fee25354-99c0-429b-a21d-9d1caf40a532,eabca72c-f37b-4724-884d-a60df9d0115b,f016a9e2-16de-49c9-a239-c16be0937df9,2026-04-03 08:46:34.465026+00:00,2026-04-03 08:46:34.465026+00:00
83361a5a-1a84-49d5-95f8-dfdeeabb0d90,e066041b-3190-4745-9989-0b6399d5b727,47594f9d-30e0-4124-a716-40ede2431ad0,2026-03-20 03:49:54.803387+00:00,2026-03-20 03:49:54.803387+00:00
d1ced3a8-f50a-4dd4-ba1f-3c5341fd2906,53d0afd5-f45a-4026-a0af-e9b8c59cc45b,71586c3b-d118-4f89-8e12-d9a50b8b6aa1,2026-05-24 15:35:38.858425+00:00,2026-05-24 15:35:38.858425+00:00
0bc9f1d2-ed5f-4914-9973-e8430374399b,699e2a9f-92e2-4a96-bfee-db06d037adfa,a12e96bf-1032-4983-8b29-a848e0199f4e,2026-03-31 12:37:06.693857+00:00,2026-03-31 12:37:06.693857+00:00
5836aed9-d738-4d9c-9d1c-d7ea9eb42fa3,e1727814-cc1e-46de-9c9d-5c6460ed6ac2,cc28831c-8dde-4f02-a6fc-4936f930f41b,2026-03-10 14:05:57.783924+00:00,2026-03-10 14:05:57.783924+00:00
b49fc6ff-dbef-4906-902d-bd810d8987c8,f4bc6365-f101-49ce-b911-73e9e6fa1772,c3a342a0-b0e5-462d-a6ed-60cb70253144,2026-04-06 10:53:20.478212+00:00,2026-04-06 10:53:20.478212+00:00
5b8be18e-a836-4f12-b49f-3c0f97a927a0,6d8ec958-6005-438c-a8c9-2c39dbb9d880,e6bbec08-85a2-40ad-99df-327ca0bf4fa3,2026-04-11 22:47:21.270871+00:00,2026-04-11 22:47:21.270871+00:00
a77cf9a6-e2bb-454b-822f-d65c8cb2ca7f,d47cd5ad-4e30-4245-9284-d579725a2614,daa29d7b-d49e-43a5-8c99-2fdc4eba8e6e,2026-03-05 22:49:55.032059+00:00,2026-03-05 22:49:55.032059+00:00
8b1c8da2-ad33-4553-8c7a-086538307a23,30275211-bfc4-4cfe-adc6-c4a93cd24a0d,8f3a795f-7881-4d87-a298-2f590b64ed67,2026-05-19 02:38:37.468515+00:00,2026-05-19 02:38:37.468515+00:00
2734fba8-488c-44d3-b4f6-82882ee3d081,f7aa4b44-be9e-45c7-bc07-2883498efd6f,380d1b32-81c4-48b9-82a6-bfbf46cf687e,2026-03-22 00:28:47.647975+00:00,2026-03-22 00:28:47.647975+00:00
1157141b-fbb1-4086-bd12-6d370524e9c0,940d7da2-f362-4523-9943-3e066f450619,91a2c65d-fd4c-4abb-bbec-7adc8bb60e39,2026-05-15 22:43:43.422673+00:00,2026-05-15 22:43:43.422673+00:00
b40830f6-c0ee-4020-aff5-d272b360ab05,202a5512-8e76-487e-8267-95612ec7c33b,b491e3df-48cf-4bd6-86f9-1a7516c6cfce,2026-04-10 01:31:23.641280+00:00,2026-04-10 01:31:23.641280+00:00
cbb03a10-17b6-42b1-b576-f7f69b33d294,ce1b1390-a8f9-4bbd-8dab-fff440d0ba2e,2591dd32-0e1e-43e1-b39d-e35836815806,2026-03-11 14:54:41.305967+00:00,2026-03-11 14:54:41.305967+00:00
5491fbc7-db2c-4d93-9a87-c9b37ff7a947,a0ac8f2c-88ad-4f0c-8824-5b34f5c0841c,94270c5c-27ab-4d92-8b4f-e7001aac81b6,2026-03-17 00:45:37.290522+00:00,2026-03-17 00:45:37.290522+00:00
ae22e83b-8ddd-4af8-86cb-30c965e973ca,9c186252-2c36-4d16-be00-9240241868b7,ab5ff3f8-c6fd-476e-8304-68c4fb53ee75,2026-04-29 03:11:32.915437+00:00,2026-04-29 03:11:32.915437+00:00
bbf9d49e-38e0-43d3-b9fc-77641ba84f04,7b5183d9-609a-462c-8528-6faee524713e,5376a5ac-471a-45ef-a09d-7b22a4e252e7,2026-04-28 04:20:18.813155+00:00,2026-04-28 04:20:18.813155+00:00
1870e6fb-56e3-4ccf-a62c-cd4447a4fce3,acf6ab9a-59a2-4611-89b3-affff7e3ba0a,027cd187-0af2-4801-81f6-4dbef538ebad,2026-04-20 11:49:08.718188+00:00,2026-04-20 11:49:08.718188+00:00
dcb88033-b241-452a-a79c-9a784c7a3212,148d6c6d-ebb2-4466-b5ca-4af74c84d8da,2326b1fa-ae58-4855-b220-d81cf3c6d831,2026-05-12 14:36:09.817918+00:00,2026-05-12 14:36:09.817918+00:00
8c76c864-7322-498f-968a-793af11c43ba,34bb949a-b5d4-47af-b551-61724ed56069,0c9c9d46-8e2e-459a-8187-a45d741e5303,2026-03-09 12:56:34.435340+00:00,2026-03-09 12:56:34.435340+00:00
c26ed8be-17e5-4ac0-bbd9-8efc5d80f38c,e4b43d8f-18ac-42e1-8860-06a4cc0bc8b1,9c13ca96-a0cf-4308-bff9-1debdd4c5dc5,2026-05-01 12:57:43.054062+00:00,2026-05-01 12:57:43.054062+00:00
c9716c6d-03c9-49c1-aa73-c74e02215653,983e865c-62a8-421e-a39f-0981454cea9d,6a6ce2cb-989d-4425-9835-fe4a0e6f2c8e,2026-05-01 10:47:17.445975+00:00,2026-05-01 10:47:17.445975+00:00
7f6d564f-26dc-48c5-9ca0-1dd855f25b6f,b42387c3-f150-4b9f-acab-83bda098eec2,d018f1c0-2b62-4a57-bc58-b93fd3451e98,2026-05-08 02:01:15.028606+00:00,2026-05-08 02:01:15.028606+00:00
e2d5da47-1917-471e-ac46-25c9ca592cd5,6217203f-d367-410d-8db7-34e79893bf42,a72e4bbe-2e44-49b1-8a73-9502b213b4d1,2026-03-10 10:03:36.450922+00:00,2026-03-10 10:03:36.450922+00:00
23521d85-a4db-4345-b582-7570d4204edf,8734b60f-249b-454f-aabd-d903078538fd,cb39b1f0-7f7f-49cc-ad9e-95f45be26937,2026-05-16 08:37:08.504611+00:00,2026-05-16 08:37:08.504611+00:00
989ac96f-374e-4e41-9bdd-5005f9d7aaaa,11e8d711-8d8b-4be2-bcea-c4568eed7a36,59f98543-9819-49b9-ab77-2e5f4a3089e6,2026-04-26 02:43:34.242804+00:00,2026-04-26 02:43:34.242804+00:00
56557075-a385-481d-b0f8-6526508410d2,e47daba7-2e15-4e9c-9e5b-f45bb740bfc9,4523fb34-c407-410b-bf38-15eb288d4dd7,2026-03-12 04:46:19.579768+00:00,2026-03-12 04:46:19.579768+00:00
7977108e-fe99-480f-a9c0-56431f909ba1,f5767c22-e50a-4edf-91d9-343323210519,acc5efc5-23a4-432e-b673-798721680c6d,2026-04-24 07:54:34.841595+00:00,2026-04-24 07:54:34.841595+00:00
df7adf1a-dc94-4787-bc50-614b2eaa8254,72b4ea38-aa38-4272-8227-50bfb947e4e0,9ddcaa9c-f562-444d-a1aa-0d4fdba2c2fc,2026-03-24 17:38:10.770896+00:00,2026-03-24 17:38:10.770896+00:00
0c8d8d48-1e35-4564-a1b8-95145c07f255,36232119-ed04-41f7-8153-219f572edce7,a3e2eab0-d01a-44e1-b578-e639f56a138e,2026-04-17 10:44:00.632063+00:00,2026-04-17 10:44:00.632063+00:00
85818170-34e3-47fd-9047-90138afc5787,9bea57ae-fb5c-4979-9a29-92a5ae22fea6,c47c9e1b-8a4c-4f78-bbc9-017287507732,2026-05-28 14:07:43.317232+00:00,2026-05-28 14:07:43.317232+00:00
abf99a71-d191-4148-8968-3dbc63383856,c90e2838-0719-48d5-8d32-8bfb9d1fd7ec,895b79bc-8420-480d-8d25-aad3429bdbce,2026-03-27 07:19:43.352834+00:00,2026-03-27 07:19:43.352834+00:00
903feb41-40ee-483c-ab52-671019899da5,b37c2447-8dfd-4edc-a268-209e13e494aa,2861402c-1a3f-49d5-a441-214b27faa35d,2026-05-15 21:56:20.860669+00:00,2026-05-15 21:56:20.860669+00:00
d9bf0350-8e66-4f6c-8b92-decbb65c2486,a3709730-48d5-4062-af06-a64a08bada2d,063032d1-8792-4c42-b75e-f355f44b3cac,2026-05-20 21:54:14.779785+00:00,2026-05-20 21:54:14.779785+00:00
25f82a1d-1226-4ba9-8cc4-a6e496f54d4a,46f9f0ce-02ed-4cc8-90cd-48cef5408281,531ecf46-aa91-47ef-b2e5-262fcd1fec08,2026-03-29 16:15:48.186521+00:00,2026-03-29 16:15:48.186521+00:00
3e4bad49-9278-4314-90fc-3e3b996a5071,913dd53b-7e45-4221-9db9-bbf0a5a801c6,80bdc4a3-5957-4137-b23c-4b7808bb4f6c,2026-05-03 22:26:53.882847+00:00,2026-05-03 22:26:53.882847+00:00
63085060-06f4-4f8c-b477-bec1862039e0,fc6b3e73-eb8b-4e52-a893-9da2502c32b6,a14353fa-cb16-4cd0-860c-8bdcd15a79c8,2026-04-01 05:44:43.443927+00:00,2026-04-01 05:44:43.443927+00:00
461d28dc-71f6-4ec9-a804-2bb7f5b2ec16,b63aae42-235a-4056-a069-7e4275d6a1bb,a14353fa-cb16-4cd0-860c-8bdcd15a79c8,2026-05-16 22:11:07.615705+00:00,2026-05-16 22:11:07.615705+00:00
5f63b7c3-5e58-482f-bef2-43ea269dd4fb,cd2b094c-cdb0-4a3b-8670-208a8b6d0b1b,a14353fa-cb16-4cd0-860c-8bdcd15a79c8,2026-05-23 15:18:20.362118+00:00,2026-05-23 15:18:20.362118+00:00
f227f90c-d2b9-4c4d-9a84-f6f55590411a,3d651206-b874-400d-ac1c-ee10b757c919,a14353fa-cb16-4cd0-860c-8bdcd15a79c8,2026-05-24 15:49:49.009327+00:00,2026-05-24 15:49:49.009327+00:00
301a88da-3a41-49a1-a79a-cbb780943fdd,286e20ac-c59a-485c-9c8a-76c3bd3825ec,7706de4d-c5b6-4d00-a4f9-2c92d60846b4,2026-03-25 10:59:42.862473+00:00,2026-03-25 10:59:42.862473+00:00
683e92af-a284-4840-9fd7-35b06b49dae6,288548c7-f39a-4eab-9c4c-72949d416cb0,7706de4d-c5b6-4d00-a4f9-2c92d60846b4,2026-04-16 08:50:19.083767+00:00,2026-04-16 08:50:19.083767+00:00
2bb3d0d8-f46c-46fe-ab34-e2d18668b5a8,d381e745-3527-4780-b2a4-6ee5363d482e,7706de4d-c5b6-4d00-a4f9-2c92d60846b4,2026-04-30 13:32:53.806244+00:00,2026-04-30 13:32:53.806244+00:00
c249076e-7f42-40c6-b504-391ddc2702da,4700ae78-e512-4ccb-ae56-d25f146935f3,7706de4d-c5b6-4d00-a4f9-2c92d60846b4,2026-05-03 05:44:37.634792+00:00,2026-05-03 05:44:37.634792+00:00
d5310f5b-3adc-465c-b379-22db45dd9865,71e961c9-d03d-45c3-a153-f508e2debd7d,7706de4d-c5b6-4d00-a4f9-2c92d60846b4,2026-05-29 23:23:35.892723+00:00,2026-05-29 23:23:35.892723+00:00
937d0179-9ac2-4ecf-bdf2-f7241ee4856f,05077ccb-d7ce-473b-bac5-9dfb3886a216,79da031f-84db-4e38-9dbb-f11280f9d65b,2026-03-24 12:39:44.675272+00:00,2026-03-24 12:39:44.675272+00:00
70df48f5-a226-45b0-99a5-c6380d42ee65,ae243d12-bfb7-413a-a6c9-f8a9fdfba21f,e5e38d8a-de36-4a14-8ad2-ebcf50a56fe3,2026-03-27 05:27:37.823206+00:00,2026-03-27 05:27:37.823206+00:00
6971ac16-c58b-4c1b-87c5-d84d13ef688a,a6dec3cb-6b8a-42a5-9989-c9acd70af2fc,7a12c47b-0d0c-4a55-bd9e-27eeb15c5b40,2026-03-29 05:10:46.238024+00:00,2026-03-29 05:10:46.238024+00:00
5ece2ff7-e0c2-4885-8d2e-1c47dcb2cdb9,98cf8400-1092-4ab3-8c5f-90d1448b6034,95d00870-4ff7-464a-ab34-4c2b781b3a52,2026-05-02 09:09:35.081765+00:00,2026-05-02 09:09:35.081765+00:00
2cf8eede-4f25-4eeb-8002-6096d22a11e1,744e49f1-8817-48cf-8a62-8dafc2ac2497,5a5c4dd3-bf5a-4acf-9b28-ba0e2406e33d,2026-05-29 10:20:31.802106+00:00,2026-05-29 10:20:31.802106+00:00
a647440b-d70d-4d05-80b6-e12baef5b9e1,cc21e287-167c-456c-a7ad-d7b3e8359c5c,4044c420-ecaa-468f-8bba-45a81ea39403,2026-03-04 23:50:33.215483+00:00,2026-03-04 23:50:33.215483+00:00
c74f318d-8eb5-4685-a3d5-f084443eea13,0a5f5482-6f48-41dc-80ca-aab3f074098d,04a0e4ac-bde7-4859-a574-1c28be8ed9cc,2026-04-13 02:15:57.293271+00:00,2026-04-13 02:15:57.293271+00:00
a960e01d-6fd8-4178-8895-a915bb764654,a8806ef9-9a88-4c3d-912f-45d934b13921,65e76fd8-26be-486c-9adc-7a1d5ceafed9,2026-04-14 01:44:33.468956+00:00,2026-04-14 01:44:33.468956+00:00
f8ff9a06-2cb1-4808-8c69-de4362517a93,4c6118a4-6f7c-4467-b0d5-569edb32a110,65e76fd8-26be-486c-9adc-7a1d5ceafed9,2026-05-07 07:23:08.946633+00:00,2026-05-07 07:23:08.946633+00:00
5a0aaa69-0a5d-4dd1-bdba-76e8dfbbdc5a,cdd82696-a912-4ecb-a985-984844044e36,10158c73-1f2b-4d5f-ba6c-70d8e75a2a77,2026-03-31 11:38:55.644667+00:00,2026-03-31 11:38:55.644667+00:00
78531d36-aea0-4275-a443-4218e5d7b895,e5ebe46f-3bf8-40db-9096-32a37873df3b,10158c73-1f2b-4d5f-ba6c-70d8e75a2a77,2026-04-24 16:18:26.451948+00:00,2026-04-24 16:18:26.451948+00:00
9a72716e-0d26-4faa-a2de-3615d55f432a,2f7f78bb-fa20-452f-8d59-aed69bf3788a,10158c73-1f2b-4d5f-ba6c-70d8e75a2a77,2026-05-30 15:53:30.437092+00:00,2026-05-30 15:53:30.437092+00:00
e147c303-e1b3-4c86-b5eb-e6a79b67bb67,7f823d52-6946-4921-b747-4493609b3c89,5a547a74-6eec-430f-bfcf-4345a0968bab,2026-05-05 02:59:56.160802+00:00,2026-05-05 02:59:56.160802+00:00
cbe34c79-70dd-49af-9a4a-f6d9432ef889,5d1e244c-d983-496a-9538-558fcb35b912,5a547a74-6eec-430f-bfcf-4345a0968bab,2026-05-05 18:26:43.999046+00:00,2026-05-05 18:26:43.999046+00:00
483705d0-b406-47c8-a99a-bb0ba8b57b7d,5659ff86-6cd0-4653-b35f-8383aba18fcc,5a547a74-6eec-430f-bfcf-4345a0968bab,2026-05-11 00:36:24.191234+00:00,2026-05-11 00:36:24.191234+00:00
d017427e-3795-43a4-8e21-25da70167892,b74b7378-2730-45af-9619-2d9c199f7a4c,a46ed011-2644-40ba-b969-e9e857372bf8,2026-03-23 09:25:20.765344+00:00,2026-03-23 09:25:20.765344+00:00
e006c6db-6192-41b4-bd3b-eae905740452,a3ea5def-ad37-4042-a0a8-9526783ccde5,0f014fbc-deaa-4f41-b05e-5b801f73f8e4,2026-04-16 13:30:15.291744+00:00,2026-04-16 13:30:15.291744+00:00
c44552e7-9658-4721-899a-6fd55667e1f5,3c05d46f-636f-491a-b506-3e7cb40bc770,2169360c-e790-44b7-b496-189a92f4323b,2026-05-22 04:55:28.393345+00:00,2026-05-22 04:55:28.393345+00:00
2922c7ba-b652-4d6c-b1bf-f511f3c0691f,a243d2f2-180a-47e1-b565-e6f6895c7078,7b8542f9-b93d-4c30-8079-c69d7865813b,2026-05-29 19:15:02.267873+00:00,2026-05-29 19:15:02.267873+00:00
fc9a8728-8bf9-4408-af3c-e14cba7fbeba,1e6d3416-c473-4f81-8d35-3fb77cfdd20d,c3c9fb70-f0a0-409c-a45c-d6957790951b,2026-03-14 06:51:42.770829+00:00,2026-03-14 06:51:42.770829+00:00
b32d4071-3596-4e95-8241-957c44d279aa,c9e68167-33ec-49a0-94d1-6696d2521f5f,c3c9fb70-f0a0-409c-a45c-d6957790951b,2026-05-07 09:40:49.265403+00:00,2026-05-07 09:40:49.265403+00:00
06a8f6af-ae04-4ce8-8acb-565648b434f3,888dd54c-5f4b-4107-8d3e-c9b1b9da6b0a,c3c9fb70-f0a0-409c-a45c-d6957790951b,2026-05-29 07:05:08.567982+00:00,2026-05-29 07:05:08.567982+00:00
8fc45a5a-72c2-4332-9ed9-e0377633dc09,c83a7999-35fc-4d98-b2a8-32068d55e595,628a121e-27ea-4ee3-88ac-b1081de6d6ae,2026-04-03 03:45:34.066466+00:00,2026-04-03 03:45:34.066466+00:00
21824051-06dd-4119-83fa-d4fe424e32b3,17bba2ae-42a3-4a5b-8105-bd6b6456c24a,fd3d64aa-f410-48d1-acd1-02d3647948da,2026-05-06 14:25:54.895915+00:00,2026-05-06 14:25:54.895915+00:00
0c795bd2-c70f-4a1e-860a-1609756550d5,0789abd2-bac5-419a-b67f-ac2f929748c7,bad4ed5f-ab66-431e-aa4b-53f2441e37cd,2026-03-05 16:50:49.233649+00:00,2026-03-05 16:50:49.233649+00:00
3808ad84-0788-4c0a-9c96-8100d260c2a3,d9d8efce-5e70-4c18-8330-94540338f54d,a50434b9-6146-43f4-9b2a-6096ab18c0c6,2026-05-08 14:05:19.799817+00:00,2026-05-08 14:05:19.799817+00:00
c44e7f02-0335-49ad-9dea-cb6366658f05,d12b5b43-3b3f-4303-86e7-9b8233d7f8db,2287f491-958e-47b1-9953-b5b5620ad29e,2026-03-08 14:35:38.113428+00:00,2026-03-08 14:35:38.113428+00:00
36073ad4-9dc9-4f4d-947c-a676957d83e4,e80ef788-bca9-4371-ba18-0d35f22192a7,2287f491-958e-47b1-9953-b5b5620ad29e,2026-03-30 04:44:38.373196+00:00,2026-03-30 04:44:38.373196+00:00
10dd1e44-f1ec-4168-9a64-75b4b631c84b,e4b4cd16-1d98-42e4-92fd-40c6d7936f5d,2287f491-958e-47b1-9953-b5b5620ad29e,2026-04-14 02:52:14.969424+00:00,2026-04-14 02:52:14.969424+00:00
2d3e6030-d2ce-44d9-a40f-492cea7ce0fb,b5b0cc86-da60-43ad-add4-9929a3a5381d,2287f491-958e-47b1-9953-b5b5620ad29e,2026-04-20 18:04:30.123900+00:00,2026-04-20 18:04:30.123900+00:00
d2a29c2d-573e-4393-8bf6-c4a58f5092e7,c039e410-a801-4a85-b69a-a02f4824e91d,344e5687-7fd7-4739-a06e-554010be8ae6,2026-03-15 02:37:10.773157+00:00,2026-03-15 02:37:10.773157+00:00
5e9c6b0f-40a1-4b47-9241-6804c8673fc3,fb1de7ed-3896-43e6-bfd2-3595558a0715,344e5687-7fd7-4739-a06e-554010be8ae6,2026-03-22 17:52:37.614314+00:00,2026-03-22 17:52:37.614314+00:00
550130b5-16fa-4990-8c29-e4452da0c0af,a22b6550-7697-431d-9a45-77025c8a1e38,344e5687-7fd7-4739-a06e-554010be8ae6,2026-04-03 00:21:27.178412+00:00,2026-04-03 00:21:27.178412+00:00
a7326445-88b8-4318-b08c-c31ce4511ce2,d677a9ed-ac9a-46f2-aea2-9612d6950b1f,df287f8f-7f74-41dd-a83c-7973d7fbf6ef,2026-03-20 01:48:02.459568+00:00,2026-03-20 01:48:02.459568+00:00
0df3991d-aa06-4f8e-ad56-aab6918cb53f,a1ecf49f-1c4f-4841-96a7-f7c43516dc65,40ff7ecb-95b8-4850-9df7-bfa7574cbba8,2026-03-20 06:35:21.692686+00:00,2026-03-20 06:35:21.692686+00:00
b12e30f9-bb37-4ce4-ae2a-badb8383ecf7,8bc2bc59-a311-4641-9201-3a7a8fbb20fe,5fb2eca8-4586-457f-8074-7f0abaf0e71d,2026-05-25 17:57:52.668942+00:00,2026-05-25 17:57:52.668942+00:00
3309f3b2-845f-409b-b6d8-abc92b0fa0cd,b98cc9c5-ce1f-4388-9360-d826becb70f2,91a5ef99-139d-4777-b2ad-df62ff853de7,2026-04-26 12:23:57.544847+00:00,2026-04-26 12:23:57.544847+00:00
9a382312-a7fe-43dc-9a14-cf0f08f2d37e,72f3333c-45df-4601-b52e-6ff83b2bb970,c14d0f0d-79f8-4925-b1e5-368ba85e48f8,2026-05-27 20:41:07.806716+00:00,2026-05-27 20:41:07.806716+00:00
6a6ad0e7-5b07-40ed-ad1e-a274e1404e14,f16dbee4-db7d-4300-9582-ab5171d94ed5,b21303d8-9c5f-4743-ae12-03b01a189ec2,2026-05-30 22:20:36.283275+00:00,2026-05-30 22:20:36.283275+00:00
b0a3c3e1-2993-4d0a-a8f1-a096309aa140,3c673e9b-3e48-4646-8076-ba35c96a8485,09757692-ca76-40f9-bcac-72b4ca556667,2026-03-30 12:45:53.921231+00:00,2026-03-30 12:45:53.921231+00:00
188fbb98-107f-4d0d-907d-fe78c80ca6e3,b4ea1a85-19a3-4039-9295-528f0b82096a,41e1ccb0-cb52-4b9c-b417-2126774a8e32,2026-04-08 04:05:39.755122+00:00,2026-04-08 04:05:39.755122+00:00
9790c5c9-684e-4046-9d70-a5ae9951668d,c54e9624-9b97-4e6c-9aee-95a6bfaa4ed7,f3e66a1e-7046-4bbf-b24a-9f5c8e2f4f05,2026-05-20 20:09:48.065247+00:00,2026-05-20 20:09:48.065247+00:00
c134cb74-2344-4eb1-a6d7-bda3b7a30b7f,20891b23-8c59-4090-837e-368fe0b9a1cd,9c0f4afd-ac43-438b-a73b-2917af4cf140,2026-03-08 17:42:58.886543+00:00,2026-03-08 17:42:58.886543+00:00
2951cf90-9c8d-47e8-8f12-01970efd3219,b7efe999-eac1-41e2-bfd3-aed0ba32c10e,02837b69-8e62-4704-95e2-a290e0f7b361,2026-05-09 07:48:15.656974+00:00,2026-05-09 07:48:15.656974+00:00
46474b75-6a3b-4437-aa6f-7ecb8b98a3e3,d2746248-599f-4b0c-889a-ae1a895f69b8,1fc695cf-9252-4ef6-a688-1d0e0e01e125,2026-03-14 14:37:35.603244+00:00,2026-03-14 14:37:35.603244+00:00
6d48d823-0030-4ab2-bf10-b596df87ecac,f37906f5-1a94-4a4c-91b5-5af7cc79f0d9,8d52dcb0-aaac-4a37-a6ed-498f5cef83ac,2026-03-24 17:12:43.610423+00:00,2026-03-24 17:12:43.610423+00:00
61bb3bd8-0c7b-4191-8fc3-20b29916c514,6dcca8f2-ed30-4269-8e41-8d485b7d3e71,cc5cc3f6-c197-49f6-b319-5710084d1b1d,2026-05-24 16:09:55.651205+00:00,2026-05-24 16:09:55.651205+00:00
ee5248d7-fccb-4489-ab21-6b4126496075,c9b1e2ea-108c-42e8-8300-5d1f29ed71e6,3fcf6a9b-9269-485c-a344-bc96eb1d4257,2026-03-09 15:47:12.281003+00:00,2026-03-09 15:47:12.281003+00:00
10a7128a-83e1-49cf-9624-f5e3aeb7ebce,4702c8d3-321d-4d60-ac63-93018303530a,3fcf6a9b-9269-485c-a344-bc96eb1d4257,2026-03-17 06:12:15.784240+00:00,2026-03-17 06:12:15.784240+00:00
6d9e8363-d4fc-41f9-abd2-eb49c9e830f1,afa95feb-d0b8-4470-82c8-3534a511e55f,3fcf6a9b-9269-485c-a344-bc96eb1d4257,2026-04-03 10:53:51.417410+00:00,2026-04-03 10:53:51.417410+00:00
5a2c49d9-b36c-43bf-ad19-d3fa28dcb2fa,ee80f251-2d93-491e-9368-88794118a82b,3fcf6a9b-9269-485c-a344-bc96eb1d4257,2026-04-09 11:38:11.276051+00:00,2026-04-09 11:38:11.276051+00:00
cf82582a-8763-4668-b9e1-a0ecb66a5e5b,e5126f3e-ba8f-4969-9b06-09561595224d,3fcf6a9b-9269-485c-a344-bc96eb1d4257,2026-05-01 00:51:28.436048+00:00,2026-05-01 00:51:28.436048+00:00
dae3080f-65ba-4e38-aab7-2bd59028c7b6,4163f131-c2a6-41e3-a989-b6058420f292,1eaa610f-5ef0-40ad-aa60-ebf3e65252cc,2026-03-03 05:10:51.515088+00:00,2026-03-03 05:10:51.515088+00:00
a2049966-21bd-41b2-a6fe-0ba5090f957a,0b2d5efe-daf8-4a5f-8774-e7d84ea5096e,485613fe-e993-4556-9030-82c560396a7e,2026-03-30 06:02:38.782158+00:00,2026-03-30 06:02:38.782158+00:00
6fbbc742-8ff2-4e1e-b82f-13aedc0f9b37,748950a9-016a-4827-b3d9-f94eeb89b7fb,811dd5a4-9c14-4704-893e-0d2a19c4d2b2,2026-05-02 06:02:47.329877+00:00,2026-05-02 06:02:47.329877+00:00
9dbc0104-1f08-4ecf-9bd9-b3cdf4dac293,73e20c40-dfd1-4323-bfb0-7589a83640e4,c0a19001-dce9-40fd-88b1-736de96e9e98,2026-04-02 18:18:14.366844+00:00,2026-04-02 18:18:14.366844+00:00
7776f0bf-2cc5-47e2-9bbb-49f326ec1529,146c53a8-04d9-4739-ae4c-b949c8f2a6bb,a9d1abd5-95e9-4252-9c4c-6d67a5177220,2026-05-06 21:22:18.162950+00:00,2026-05-06 21:22:18.162950+00:00
f4bb2178-8688-47b9-a1cd-6c561ba2da24,11e295b4-4c33-4dec-aaf1-583c55cf7325,e06db46e-7ba6-44c1-bc9c-4aed8f2b2729,2026-05-15 08:57:07.658626+00:00,2026-05-15 08:57:07.658626+00:00
71c10ff9-4a0f-43c6-88c2-76db50edbbfc,a538f7b6-9afc-4a19-8893-af716780cca4,c18595e3-c581-4702-b53a-d5df09d11036,2026-03-27 18:13:56.105303+00:00,2026-03-27 18:13:56.105303+00:00
96cd6050-1090-4809-9c55-44ba545532be,a48c2871-fe3d-4dce-b2a9-e94b272ba682,c18595e3-c581-4702-b53a-d5df09d11036,2026-04-01 07:40:02.272429+00:00,2026-04-01 07:40:02.272429+00:00
6a8cea46-4459-434f-95b9-8e971d129561,6e8024b7-8023-4b18-9608-f0adb611bcb8,c18595e3-c581-4702-b53a-d5df09d11036,2026-04-03 08:03:00.960519+00:00,2026-04-03 08:03:00.960519+00:00
7d214a59-c39e-41ee-83ff-cd8d5bb98210,34613f16-3826-4be3-b44d-18e40598d9da,c18595e3-c581-4702-b53a-d5df09d11036,2026-04-30 03:17:40.534775+00:00,2026-04-30 03:17:40.534775+00:00
6f6a20ce-240a-4e6d-91b5-570714cd6377,18eec502-8a92-44b6-a955-542843d38fd4,c18595e3-c581-4702-b53a-d5df09d11036,2026-05-21 22:52:31.743066+00:00,2026-05-21 22:52:31.743066+00:00
32a45a9b-e851-465a-9449-71a428a37b97,a7f68894-ae9f-41a6-a4ea-00509acf1640,e4869a02-bcc9-4990-81b4-eda4321474ec,2026-04-13 01:45:00.673406+00:00,2026-04-13 01:45:00.673406+00:00
07253008-87a8-4b81-b5a0-7b62c8b0dcfe,c512dfe7-945a-4df4-b879-9de9d3629444,97db19e1-2027-48e6-90a7-6051f20ccc50,2026-04-21 18:39:03.433471+00:00,2026-04-21 18:39:03.433471+00:00
bc88c7a7-e1ef-42fd-a0e9-5dffebdf884f,981f0ab8-ada9-49e7-ab51-c1ea438e891d,517bb098-10a2-48a7-b84b-061be2a46b6c,2026-04-28 10:50:26.668183+00:00,2026-04-28 10:50:26.668183+00:00
6188ff51-5059-48ba-bcc0-028cb717f414,e60a2422-17ab-407d-bfaf-fde1c8567058,51e1074a-a6a8-4216-92ea-c5bb8125dbb8,2026-04-20 07:56:03.845582+00:00,2026-04-20 07:56:03.845582+00:00
5a4bad4e-ccd0-4996-b232-19df4c28bb3f,4a786c20-4e40-443d-af07-d6d82f5e804f,51e1074a-a6a8-4216-92ea-c5bb8125dbb8,2026-05-11 04:03:28.529077+00:00,2026-05-11 04:03:28.529077+00:00
f1708e6f-19de-4ccf-8786-d1fdecd074a6,63165aeb-721b-4d57-a859-a2bd3e5e3f7c,51e1074a-a6a8-4216-92ea-c5bb8125dbb8,2026-05-27 02:09:05.228596+00:00,2026-05-27 02:09:05.228596+00:00
f9798df8-5541-4399-973d-f93a1acd3c4a,87eb10bc-9496-4d02-b9c0-d6dda0cd51c7,e6f44e7a-26ec-4640-80fc-d361b9fe4548,2026-03-11 19:44:55.196397+00:00,2026-03-11 19:44:55.196397+00:00
4e75cf3e-43e4-4700-8e3c-b2d614b768fe,3d1d4017-d982-4149-90df-2484e0113f78,e6f44e7a-26ec-4640-80fc-d361b9fe4548,2026-04-17 19:13:53.498467+00:00,2026-04-17 19:13:53.498467+00:00
adccb72c-199d-4f74-afdf-479959e513a7,fe604d77-2099-4425-a8b6-0f9cbc84bc65,e6f44e7a-26ec-4640-80fc-d361b9fe4548,2026-05-10 10:34:09.952892+00:00,2026-05-10 10:34:09.952892+00:00
05647449-84aa-433d-91a7-e8fd7ddc861c,a20aa737-c6e6-438e-81c6-82a398fc48cb,f215886e-c96f-429e-8bf2-d038ee5df33e,2026-03-24 23:50:02.116436+00:00,2026-03-24 23:50:02.116436+00:00
27da79b9-96f4-4820-b744-905108a2d3b3,0190bdd1-3f67-4833-930a-ba76cf979854,f215886e-c96f-429e-8bf2-d038ee5df33e,2026-04-04 15:41:42.290088+00:00,2026-04-04 15:41:42.290088+00:00
7522ac7c-aaed-4927-ba3f-117b1f49db52,ad9df8ac-b483-49a0-933f-bf2ea987acbb,f215886e-c96f-429e-8bf2-d038ee5df33e,2026-05-10 16:17:35.670585+00:00,2026-05-10 16:17:35.670585+00:00
f5848401-0f36-4dcc-8e7c-eb41de737219,f8f78571-dbbc-4dc0-84fd-4d2125298e8c,6a930510-76df-4400-8bed-da5083149ed0,2026-03-06 21:00:31.460878+00:00,2026-03-06 21:00:31.460878+00:00
12ff75bc-d771-4665-8785-3f8cf01cffe8,504173fd-c430-40ef-ae77-50563a78d52d,206f5d61-9ad2-4d8a-98b6-bcf12425710c,2026-04-23 09:37:02.992650+00:00,2026-04-23 09:37:02.992650+00:00
b6fbb30c-4907-46a2-98cc-02893082b990,e2f0a4bf-ce97-4e8b-8491-50d877bc2a04,7efee99a-43dc-4306-9e3d-fb3e0c14bb75,2026-05-14 17:10:18.935847+00:00,2026-05-14 17:10:18.935847+00:00
32fcbbd7-b7fd-45a4-bd86-6852e8c8bb33,1754b9f1-06f9-4bd4-8030-4f29ab0c50a2,ff8c9695-1c9d-4b42-8853-ec7b2c535fef,2026-03-13 03:27:29.852917+00:00,2026-03-13 03:27:29.852917+00:00
d6905712-dc48-4f75-a9b5-6d3c3829a176,7c7e606b-c493-4fa1-80fc-86fc17ac2217,44365613-d89e-40b0-9dfe-273569501720,2026-04-23 17:12:04.239072+00:00,2026-04-23 17:12:04.239072+00:00
c131fbbe-830b-4a7f-9b93-ad476b56ad00,e7d1bd38-83c8-49b6-b5df-e81393f991f8,c2bd6a6b-b67f-4a1f-84fa-5c90c6212297,2026-05-19 14:25:03.155901+00:00,2026-05-19 14:25:03.155901+00:00
9c95357c-b0ce-4cb0-b605-3af6635cd58b,30b3005c-4ede-4d2d-9007-816b762666e6,1d353d75-614c-415d-994e-2ff3396f0256,2026-05-29 01:08:10.624292+00:00,2026-05-29 01:08:10.624292+00:00
062f33cc-a6ae-4cda-aa03-49a7926d3003,7f1deb6e-764f-4f21-b403-958b03905b9e,0eb0397a-a5c1-4099-a183-a9f7080b19ca,2026-03-31 17:15:48.026106+00:00,2026-03-31 17:15:48.026106+00:00
b83ae0ab-e422-4803-bc1f-110161385a63,d3f5b0f5-5eb4-4a55-b705-d1bec9e13502,0eb0397a-a5c1-4099-a183-a9f7080b19ca,2026-04-23 22:57:57.126332+00:00,2026-04-23 22:57:57.126332+00:00
270f8fb2-2b6c-4e81-a076-3c8bdaa0333a,96f02857-9233-43ba-aa0c-f36735e72cdc,0eb0397a-a5c1-4099-a183-a9f7080b19ca,2026-04-27 16:31:13.514009+00:00,2026-04-27 16:31:13.514009+00:00
1da6d040-d216-4c88-bec9-81cea96f21da,3b7274f6-7a3c-41de-b290-9983356e9907,0eb0397a-a5c1-4099-a183-a9f7080b19ca,2026-05-05 03:28:43.537059+00:00,2026-05-05 03:28:43.537059+00:00
a5da025f-694a-4e01-a6a2-78ca2e2483aa,718d5e5f-3e18-4fe2-bbfc-26d02d53c05d,0eb0397a-a5c1-4099-a183-a9f7080b19ca,2026-05-08 00:02:17.857237+00:00,2026-05-08 00:02:17.857237+00:00
d556fba7-dcbc-4137-a659-8b09fd6a01a7,be56880b-cc3d-4fec-b98f-d038de740ef6,f53633ad-3585-4376-af95-6af325ccee1a,2026-05-11 19:02:31.339448+00:00,2026-05-11 19:02:31.339448+00:00
0ad1d42f-821f-457d-aedb-eb9fc839ef1e,d484abb0-dd2e-416d-8b13-cded2bc589f9,e7e01b2a-11c5-49f1-8bd3-4a33c021f690,2026-05-22 00:44:55.753103+00:00,2026-05-22 00:44:55.753103+00:00
4c54b2e5-e6d9-4b59-864b-275224387011,ae273743-bf7e-44a7-860d-7652ee74055d,4d787380-5891-49b1-b50a-7467352b8b40,2026-04-01 17:28:22.874022+00:00,2026-04-01 17:28:22.874022+00:00
403a14f8-33b3-4c0c-a6ba-159d8d53d188,e5099982-5edf-46ad-a825-0adefcdbb626,916279fb-230d-4e16-ab47-39fb9bf1b357,2026-04-13 09:54:32.232203+00:00,2026-04-13 09:54:32.232203+00:00
125b220f-451d-41b6-b88f-a0847d279ca0,a744ea73-c962-4e9d-b0b7-c12d9b752c03,00c969f1-e668-4e26-b573-41b20e1f043c,2026-04-15 17:53:55.442139+00:00,2026-04-15 17:53:55.442139+00:00
77377f36-4b0d-4ded-b156-4b3a5776ba16,4c0f2ac2-52b8-4d17-877a-43f42213259e,26673936-6cda-4e27-a03f-4d16150d1dac,2026-05-12 02:50:24.171348+00:00,2026-05-12 02:50:24.171348+00:00
8c237628-6da5-4392-8143-4df082db46bb,713437eb-2009-4400-8e0d-3cbb5fbfd8e9,e393a71f-f1ed-4fc9-b8ca-01db68cb2055,2026-05-31 04:07:54.923147+00:00,2026-05-31 04:07:54.923147+00:00
f38ece44-ed48-4d16-9544-ab4190441256,5828522c-d6f2-4288-84f9-be0b790d729b,0bb16f72-ce7e-4f15-90c7-7514b1db47eb,2026-04-03 08:34:13.604631+00:00,2026-04-03 08:34:13.604631+00:00
f25d6dc5-9cb4-480f-9ec2-e8391aaca25f,8e927d33-27d6-42b3-ba23-e47e9d287b1a,e44fdd20-211e-4502-8d23-19244d581040,2026-04-18 18:49:04.870170+00:00,2026-04-18 18:49:04.870170+00:00
05b14df4-cd54-4adb-a678-5ae6c27e9acc,3e821799-f3c2-4502-8547-dee64f755146,52524e15-d7ef-42f3-85a9-faebd8be5594,2026-04-08 22:52:06.815895+00:00,2026-04-08 22:52:06.815895+00:00
02ae9500-9e65-40fb-a681-fd3841772bc7,ad12aca2-ff42-49b1-9cbb-b3e3cbdca0c7,5d92b09f-9c48-4a14-b2fe-ff426ee8e6dc,2026-05-04 22:27:05.878858+00:00,2026-05-04 22:27:05.878858+00:00
4f348081-fe34-496b-b319-fdcc5d71be8e,b114dca6-2c83-443b-8a67-2e651687e051,b7b466ed-da30-48af-acdc-141bbe79e454,2026-03-26 22:16:38.972983+00:00,2026-03-26 22:16:38.972983+00:00
8e547fa3-ba9d-46d1-a336-cf11db21b78e,71d800a7-d505-4764-a5ff-11e8a2fb420f,704837e0-0f91-48b1-9693-c9f95ce34b46,2026-04-10 10:39:45.094508+00:00,2026-04-10 10:39:45.094508+00:00
b151b839-eef1-4988-8216-a64db436ab32,aabe1949-27e2-4417-b4a7-bf860f44b9aa,b30a05e1-0817-41ae-acac-e1deb5a79f07,2026-04-16 04:56:22.754350+00:00,2026-04-16 04:56:22.754350+00:00
d2ed131a-692e-4fe4-9371-10d1b945cb8e,a2ed3c16-5ff1-4033-b5d3-c945f4546578,9f85e45d-0116-49da-8816-fbff23c00cab,2026-05-09 04:23:33.174080+00:00,2026-05-09 04:23:33.174080+00:00
81131739-18fe-4849-bd65-29d7760dc047,f21846a7-4113-4b54-ab51-c9e6ac3542ac,f2fe57de-f116-4c7a-aafb-a0bc7a1970df,2026-03-21 12:09:31.621474+00:00,2026-03-21 12:09:31.621474+00:00
f2a54b6d-8abf-4a3f-a668-abc808dc758c,2d8b2c45-14c5-4b85-a788-ecfbd8ab27a6,f2fe57de-f116-4c7a-aafb-a0bc7a1970df,2026-04-16 10:55:47.109622+00:00,2026-04-16 10:55:47.109622+00:00
bb2bb665-f965-4218-8922-31f2b33a902b,ae2c5f0e-bb31-4899-ac65-4804265253f0,8a827f91-a182-4c52-b594-aa1d00e5ec5d,2026-03-29 10:14:30.266641+00:00,2026-03-29 10:14:30.266641+00:00
e2e53d77-56d2-4944-b2e4-14b861a10c2f,92ba1e3d-2ece-4b7f-9034-dda4c9e76e64,8a827f91-a182-4c52-b594-aa1d00e5ec5d,2026-04-15 21:48:10.819722+00:00,2026-04-15 21:48:10.819722+00:00
5858d90d-aa63-4533-b644-798be5de1ae9,8eb385d1-65f7-4ab2-80dd-87bb889c34c8,8a827f91-a182-4c52-b594-aa1d00e5ec5d,2026-04-19 19:38:25.661958+00:00,2026-04-19 19:38:25.661958+00:00
1b03cb66-ee17-4ce1-b997-736455cd7fdf,638bcfac-8bda-4e40-9f08-f98366f8a673,8a827f91-a182-4c52-b594-aa1d00e5ec5d,2026-05-14 10:09:07.712059+00:00,2026-05-14 10:09:07.712059+00:00
1b23ffbf-8c73-4965-bb3d-4384b4d799af,1695fba6-310b-4651-a2b9-8bdb8dd334e8,8ff5e2d0-38e9-424e-83ef-8341e56ce0b5,2026-03-03 23:28:52.572848+00:00,2026-03-03 23:28:52.572848+00:00
870c7155-5824-4c76-aeef-85773d5b094f,d3e20288-a69a-4231-a32a-d3732a4f0fe6,0773fbb6-ccab-425b-a25f-655563d4c393,2026-04-24 17:15:48.919995+00:00,2026-04-24 17:15:48.919995+00:00
f013303a-e38b-4ca3-a40a-b0ddab5881a8,183920ad-bb05-4a37-95c0-bad820b03b6d,89ac6c71-a0c0-4a98-b5f8-682e288fdb0f,2026-05-06 14:35:46.809872+00:00,2026-05-06 14:35:46.809872+00:00
924c9cd8-8c8e-4482-9346-18c2e331acfe,53009e78-cdd7-425a-9c2f-2afd06421b1d,387c30d4-e9ee-49fe-8f09-8f6a6540916a,2026-05-10 18:40:14.392357+00:00,2026-05-10 18:40:14.392357+00:00
d5b6c883-428f-43b6-9323-be54fc415de8,39410ab3-3d4a-4416-9b8c-c377c62c7f6f,1a96dacc-596e-4372-92db-3028f37b34af,2026-05-13 12:09:14.444727+00:00,2026-05-13 12:09:14.444727+00:00
f19e8843-9929-4177-9ed3-a01e06baa286,382523d2-5722-4a94-9fa2-5106ab4e97d8,e9f5bb64-b2bd-4143-bbb7-2be0bebdfa90,2026-03-19 07:06:58.468630+00:00,2026-03-19 07:06:58.468630+00:00
9bfcbf29-3c65-42a5-b8d5-7e8da1e541f5,61e70cab-9f22-4e6b-ae5d-e5991fe868b6,39f6ea49-0cc9-43ec-9788-ffaf5a1e305b,2026-04-08 04:35:19.073925+00:00,2026-04-08 04:35:19.073925+00:00
53a02f0f-9493-494c-80d5-50dd44d7e25c,1fc2cc61-2b07-4ab3-8732-13fab49c6660,aca2eb27-31b1-4d88-b383-faf49bc7a456,2026-04-18 00:57:32.158922+00:00,2026-04-18 00:57:32.158922+00:00
53693320-ce9d-40e5-adcc-ee9d82cf1224,e4865274-4670-4011-ba87-78a7fdaa5515,c9b1c1c0-a5d6-4b98-a77b-300e00ee1a38,2026-04-24 19:12:04.943773+00:00,2026-04-24 19:12:04.943773+00:00
6038e72b-b762-47b7-a19c-7e03cf9f74b8,4438166c-04e9-4f4c-b78d-e894ca645576,10004804-20ad-4e1e-9f98-7689765cb635,2026-05-14 17:41:00.251591+00:00,2026-05-14 17:41:00.251591+00:00
7126ae89-b935-436b-b97c-b342e51dcdab,33225d53-e91d-462b-afb0-710b0c2d818b,ead26f46-5521-48bf-869e-90877a053c3b,2026-05-02 07:32:08.021153+00:00,2026-05-02 07:32:08.021153+00:00
3ee8f549-24f5-4456-960d-a344da2ccd6b,c6a392c1-852f-4cea-be03-df5934757e40,ed2debec-7c50-4530-a505-8115278a7ad4,2026-05-04 02:42:27.259046+00:00,2026-05-04 02:42:27.259046+00:00
b99bb7ab-e0f4-49a6-8789-81050d0100de,b3dbcd3f-9f9b-4891-819a-c548eefab551,d9fc9348-4cfe-4760-b57c-4a9f1fea533a,2026-03-18 02:33:05.634966+00:00,2026-03-18 02:33:05.634966+00:00
b6e714f0-ca37-4ee2-8143-8b2242ebb9d0,0dbf8eb7-9250-4372-b706-455910cc49c1,d9fc9348-4cfe-4760-b57c-4a9f1fea533a,2026-05-05 12:23:02.453933+00:00,2026-05-05 12:23:02.453933+00:00
80253e4f-6e6e-4e83-8213-6a3c49250aca,b5fc70ee-df0f-43c1-9789-3a399f65f73b,1a284a38-6d70-4981-9d88-bef949a3656d,2026-03-22 17:33:06.200985+00:00,2026-03-22 17:33:06.200985+00:00
b77d0644-e5b0-42d5-a794-cb44cf658b9c,f87a3df1-e4d3-4ff7-9385-d08e6fb9e374,1a284a38-6d70-4981-9d88-bef949a3656d,2026-04-26 01:11:09.439131+00:00,2026-04-26 01:11:09.439131+00:00
ec5a7e32-ebb1-48d4-82de-4d29f7c606c0,ab0fa2bb-7ec8-4a43-8472-eeaff093cfac,1a284a38-6d70-4981-9d88-bef949a3656d,2026-04-30 05:09:11.192573+00:00,2026-04-30 05:09:11.192573+00:00
ca997454-3816-460f-8aed-2664f54f588d,0b1a26ad-aaeb-4143-b4ca-2e3753504554,1a284a38-6d70-4981-9d88-bef949a3656d,2026-05-29 21:40:34.103786+00:00,2026-05-29 21:40:34.103786+00:00
2d9cda88-37ba-405d-8e37-39b4744ab115,a2369b4c-04a2-42ec-8682-312548036e40,1c702d28-8615-4e39-98cd-2822b588d9ce,2026-03-24 14:38:09.561062+00:00,2026-03-24 14:38:09.561062+00:00
ec3d1aac-896c-464e-b028-e04f9ec12217,8efde8de-c223-4bf2-b890-c44a594450a4,3c00d8c4-06b8-4f75-8797-20009e95a527,2026-03-27 15:22:20.414453+00:00,2026-03-27 15:22:20.414453+00:00
0eb9286d-2bfe-439c-80bb-ad7ae74ff834,a0ade6ea-013a-4578-9dab-3f1fdc8cf08b,eecab798-ab4c-4b85-81fe-ddac62722eaf,2026-04-11 00:12:33.688932+00:00,2026-04-11 00:12:33.688932+00:00
b55ada34-9138-4d15-a87d-fd1e411b0009,7c916ee3-20ca-4e76-8a85-4c027fdd0b0d,ca044f0f-dbf9-4cc3-a246-9b16b0c5be99,2026-03-12 23:35:26.682117+00:00,2026-03-12 23:35:26.682117+00:00
68bb232a-0ace-4791-81dd-d1e81bafe110,a3d2dbe2-aa39-45b4-878e-bdcc6a123665,ca044f0f-dbf9-4cc3-a246-9b16b0c5be99,2026-03-14 18:41:53.727877+00:00,2026-03-14 18:41:53.727877+00:00
4af7e1be-08be-4400-90ee-a0ba0f72f629,b420d81c-d413-416e-a6d0-d1720fea16a8,ca044f0f-dbf9-4cc3-a246-9b16b0c5be99,2026-03-17 08:32:03.671834+00:00,2026-03-17 08:32:03.671834+00:00
b61ab7e8-8c1d-4ac6-9562-d1d8b36f18cb,145e9a44-ebd7-4692-9019-0385116b21d8,ca044f0f-dbf9-4cc3-a246-9b16b0c5be99,2026-03-18 00:24:10.121749+00:00,2026-03-18 00:24:10.121749+00:00
ea7dbe94-4aa5-47e3-ad8b-c38e2c98cb8b,56531a0d-552f-4dd7-802f-ff284c67305e,96838806-8641-4cfa-86f8-861be88ecc44,2026-04-05 21:19:38.582542+00:00,2026-04-05 21:19:38.582542+00:00
8ca4f01b-a6ce-4215-b277-d445482ac12d,0f6f4f1d-d00d-4902-b584-f264820b5124,96838806-8641-4cfa-86f8-861be88ecc44,2026-04-21 18:12:18.247363+00:00,2026-04-21 18:12:18.247363+00:00
e7056a7d-bc2c-4064-80b8-07ac87ab68a8,f1156a18-eafb-43ae-943f-83d5c5bcf992,cc8b511e-c586-41de-88ff-5e61c26eda24,2026-03-31 11:43:51.314451+00:00,2026-03-31 11:43:51.314451+00:00
3e879027-1279-49f6-9541-ab0b98ec2391,077bb0aa-b25a-47a3-b7ec-27958e5e1b3e,e3f77973-a397-4cfd-994f-e62913ffd635,2026-05-10 10:18:09.737803+00:00,2026-05-10 10:18:09.737803+00:00
13519c05-51ce-48a2-9fc3-182fc8ccf7b9,a376f127-aeb2-45bf-9d37-3c6313d5526e,b970d1f3-07dc-4f81-b096-8c2bcf9b7367,2026-05-12 08:29:49.867280+00:00,2026-05-12 08:29:49.867280+00:00
a7586171-8ec5-4399-a68f-75249daddf6d,2d3d4da0-03c4-414f-ac95-7f43bee7d89a,4b64e219-ba35-4742-94c8-261a7d01194f,2026-05-28 10:57:56.480253+00:00,2026-05-28 10:57:56.480253+00:00
d74869a6-2f8a-4ee1-9feb-fc7e440e540c,0758d6fb-7729-44f3-be6c-77d530162911,dda409ef-81f6-45e4-bba1-132c51ace803,2026-03-08 15:52:24.002984+00:00,2026-03-08 15:52:24.002984+00:00
c8934123-4abe-47d8-89e5-6ad889b3d20b,8861c835-2593-45f1-880e-e6ee0cac8944,dda409ef-81f6-45e4-bba1-132c51ace803,2026-03-16 04:10:21.692949+00:00,2026-03-16 04:10:21.692949+00:00
7586e18e-7d8f-4765-aefd-23b1b662cee9,1b140d61-ffe0-41a2-afa1-0e96f177bd34,dda409ef-81f6-45e4-bba1-132c51ace803,2026-05-10 08:25:16.159511+00:00,2026-05-10 08:25:16.159511+00:00
c388aa3c-19a3-448c-b020-195e61b9e06d,c5d6cd18-b82b-45ab-a48b-8fbfa9d8a192,dda409ef-81f6-45e4-bba1-132c51ace803,2026-05-21 11:07:05.406075+00:00,2026-05-21 11:07:05.406075+00:00
656d76a1-af44-4901-8000-d5096101fb0f,d7832e49-5c72-48c7-b3d2-110291acb3c6,ef707f45-e9e3-4f68-af0c-2124871b9f21,2026-04-15 09:33:07.046779+00:00,2026-04-15 09:33:07.046779+00:00
14f9cde3-3506-4044-8cc5-4fd8a768c0bd,eace2355-163b-483f-870c-f0ecfd66e33e,ef707f45-e9e3-4f68-af0c-2124871b9f21,2026-04-24 23:36:58.879081+00:00,2026-04-24 23:36:58.879081+00:00
1538a39c-60e1-4d0b-aa59-7f1b69615146,3308d5de-91cc-4a80-91ce-3d1ca827edd0,ef707f45-e9e3-4f68-af0c-2124871b9f21,2026-05-04 07:01:52.382507+00:00,2026-05-04 07:01:52.382507+00:00
ed7336d6-f6d6-4331-990c-40fef664fff0,b7ac4646-a00b-471e-8f14-4192700eb364,0a892e9d-268a-4a76-bc28-bb6bd34babdb,2026-04-25 03:40:58.713146+00:00,2026-04-25 03:40:58.713146+00:00
11839bff-5d49-4ea1-8570-4f70a6ed9927,9b96cc67-d0c9-4714-b6d7-afa40aaf396b,0a892e9d-268a-4a76-bc28-bb6bd34babdb,2026-05-30 05:30:53.561119+00:00,2026-05-30 05:30:53.561119+00:00
a124478d-4c46-40da-adb7-320d3fdcf271,8637016a-24c9-4ebf-8e86-96d635c9c7bf,63ded571-dd71-4b19-97fc-389d0f9cac6f,2026-03-11 11:46:53.703706+00:00,2026-03-11 11:46:53.703706+00:00
235dcb70-5db1-453a-a22e-ef83f7913da9,57d9e4ec-4e97-48fc-bf57-d41b32ea59f8,cadf6459-b023-4cdf-bce2-b78a36314287,2026-03-29 10:07:10.483686+00:00,2026-03-29 10:07:10.483686+00:00
c6de1d58-e84e-4b8d-b367-2d5cd2bb3c3d,702d0ac4-f98d-4a01-af54-6228166f38f4,bd582f5f-e7e0-4a70-8f06-04b68c31c227,2026-04-08 03:36:41.518016+00:00,2026-04-08 03:36:41.518016+00:00
d2903b14-3906-4a20-ac53-8c28e2ee6cd1,1803a865-6d5c-4908-9ea9-6c7ff3d393aa,4221a121-f6c7-49b5-8a5c-d14a4e221703,2026-04-17 13:21:25.254784+00:00,2026-04-17 13:21:25.254784+00:00
06fe0493-d594-4774-a72b-e62fd924a787,77c59ca7-b1cc-4a2a-bb6d-a93f64f4b925,be00c1db-3c81-4911-a03b-e6693ffc1015,2026-04-26 05:15:19.839213+00:00,2026-04-26 05:15:19.839213+00:00
00e21838-58ec-464b-b142-bf2b127a1c70,a1fb8919-0b35-4869-beda-2538b7b4138d,be5259e3-68fe-45ec-bfa7-05c2ba59f01d,2026-05-19 08:43:33.293093+00:00,2026-05-19 08:43:33.293093+00:00
985b0f40-d5e3-44e1-b75b-70d6223938a3,b7da48cc-946e-48c4-a15e-8b42735b3085,b224f245-4621-4001-80dc-85e3af11f786,2026-04-14 06:30:55.364019+00:00,2026-04-14 06:30:55.364019+00:00
43440cdd-550c-43f4-bdaf-1a3e10dbce4a,22a3adfb-b942-4252-98b9-99d6e3109788,b224f245-4621-4001-80dc-85e3af11f786,2026-05-05 12:38:54.511894+00:00,2026-05-05 12:38:54.511894+00:00
844c408a-94b3-4166-8e6d-a35b7e6ac484,f5357f09-914e-4435-9a06-296366dcf56f,b224f245-4621-4001-80dc-85e3af11f786,2026-05-23 14:03:00.239899+00:00,2026-05-23 14:03:00.239899+00:00
60994588-c0df-4648-bf34-03ff8b961490,ad756ab7-4e73-49ea-9d2d-8247f0d12c89,20a22655-03b4-471a-94ea-f553b759a504,2026-03-03 12:35:27.429676+00:00,2026-03-03 12:35:27.429676+00:00
830af594-d891-4bb1-a0a1-daf304880841,81094fa8-b819-4cfc-aa3d-6a451b4c15e1,20a22655-03b4-471a-94ea-f553b759a504,2026-03-07 00:46:55.145529+00:00,2026-03-07 00:46:55.145529+00:00
bfe2296f-b683-4b33-94f0-b2118138cb15,ff48f7c8-c076-4828-b947-ee2fc3aef49f,20a22655-03b4-471a-94ea-f553b759a504,2026-05-06 10:04:07.623068+00:00,2026-05-06 10:04:07.623068+00:00
3679bc34-403e-4a7c-b15f-385ca31c45bd,e57cf808-01ac-4a57-9a50-2c3e6826c9ad,20a22655-03b4-471a-94ea-f553b759a504,2026-05-20 01:34:23.042548+00:00,2026-05-20 01:34:23.042548+00:00
5e06c734-c9e5-415b-bb5f-24f3b8e27e45,042649e5-cc87-4d49-8c53-6681fd296236,20a22655-03b4-471a-94ea-f553b759a504,2026-05-21 18:36:14.663810+00:00,2026-05-21 18:36:14.663810+00:00
ebf56511-364a-47ef-8e37-0d3da4477d04,b137048c-6bec-4355-9de8-6078573b24eb,65887088-ae51-4644-82d3-69493b54b5c8,2026-03-21 10:23:51.961526+00:00,2026-03-21 10:23:51.961526+00:00
7926ec70-cf1f-4311-8eab-c8d9d4e5d6ce,e314d869-4132-4f15-9c0a-75b41f05c05d,58bc282e-548f-40ac-be85-9548d88a0027,2026-05-01 17:18:57.027093+00:00,2026-05-01 17:18:57.027093+00:00
22811e51-04c2-4bd5-892d-fad6b04ba55c,47844e2e-b320-456f-9cbb-cb44114cd01d,4cf9433f-30c9-4b21-86fa-689f98a587a1,2026-03-03 18:14:54.614668+00:00,2026-03-03 18:14:54.614668+00:00
3ae4fb63-c068-4add-8060-53c9693894ed,7fb8a49a-6e20-42d9-88c6-b0182d03d756,4cf9433f-30c9-4b21-86fa-689f98a587a1,2026-03-13 18:23:25.166692+00:00,2026-03-13 18:23:25.166692+00:00
a120659c-bd83-4668-a693-ed36a14ea427,21d81ace-7612-41f4-a5a4-4029ed97ccc3,4cf9433f-30c9-4b21-86fa-689f98a587a1,2026-04-07 05:09:46.202824+00:00,2026-04-07 05:09:46.202824+00:00
cc437922-baec-4cb0-9ed7-7ecce5e3aeae,63a009a6-513d-4292-89c7-ba2d7976ce74,4cf9433f-30c9-4b21-86fa-689f98a587a1,2026-04-07 11:17:42.407933+00:00,2026-04-07 11:17:42.407933+00:00
5f23f88f-e5eb-4b90-86d2-41b95b75cd99,28deec68-1ab6-4c8a-9e00-b4f56fa63011,4cf9433f-30c9-4b21-86fa-689f98a587a1,2026-05-01 19:00:16.141211+00:00,2026-05-01 19:00:16.141211+00:00
d157619e-9989-4a6b-a45a-5d62b88407b3,670253e7-5f65-40a3-b89c-473686bdbce2,ee6d6007-b827-4b77-b8bc-f6aa22633809,2026-03-17 11:25:49.929451+00:00,2026-03-17 11:25:49.929451+00:00
2ee2de32-390c-4374-9143-bdc008945eb3,9077a44d-b89c-4b26-a811-d9b547f521c3,ee6d6007-b827-4b77-b8bc-f6aa22633809,2026-04-11 14:32:11.999170+00:00,2026-04-11 14:32:11.999170+00:00
2fc3a8a9-07b6-47f0-b11d-38089ff6deb4,d8c1222e-f615-4c96-9485-d991b4b9cf8c,0e25a8a4-d779-4c1c-92ae-796d587bb1ee,2026-03-14 16:02:16.311522+00:00,2026-03-14 16:02:16.311522+00:00
d24b4ae6-d07e-4a3d-b7db-009445e9de68,1b0a7e5d-9632-480a-9eff-598eb53dd559,bf9b3392-7159-4b3c-93e4-ef047d1d811d,2026-03-28 23:24:31.903739+00:00,2026-03-28 23:24:31.903739+00:00
a4989116-9ae6-4387-8784-d2dde5ac9682,8ad98612-91bd-482c-8451-12ca70f8bb0e,d091a9cf-f5e4-44a0-87b5-9a0f7cd119d4,2026-05-04 23:39:01.205267+00:00,2026-05-04 23:39:01.205267+00:00
e66ccab0-1f91-49a0-938f-fb5396d5d501,47ce17ff-5b5a-4b23-b728-16c98c3666ae,c2b7080b-1151-418c-a057-76bd2fad9660,2026-05-21 14:23:41.613646+00:00,2026-05-21 14:23:41.613646+00:00
c693badc-1e50-445a-b092-57885a5e95d2,f49a1c6b-929e-4f67-a115-a14731a7a266,8734c3fa-a52a-487c-af09-d5b3259a13ff,2026-05-25 10:51:45.126253+00:00,2026-05-25 10:51:45.126253+00:00
af76f625-8da9-493d-84b2-27ee8a698fbb,0431088f-fe92-4b40-99e0-d43733ebc6dc,5e29efba-5804-4d45-a7e3-3e0562c8af80,2026-04-14 09:05:10.486594+00:00,2026-04-14 09:05:10.486594+00:00
de3321dc-3e00-4458-8e5b-d1e7fd228a03,66ecfdac-568e-4348-be9d-d4e73c3f578b,5e29efba-5804-4d45-a7e3-3e0562c8af80,2026-04-17 00:30:50.690121+00:00,2026-04-17 00:30:50.690121+00:00
24fa7256-7469-4395-8a82-1da035d94bc2,e405fb0b-7b2e-4244-99cf-f31c80a6f5f6,5e29efba-5804-4d45-a7e3-3e0562c8af80,2026-04-29 21:33:53.888886+00:00,2026-04-29 21:33:53.888886+00:00
94eb8892-5da1-41f9-8c4f-45c34eb2d16f,96bc32cf-9b98-49d8-8b2a-a0b466e630db,5e29efba-5804-4d45-a7e3-3e0562c8af80,2026-05-08 17:48:11.699951+00:00,2026-05-08 17:48:11.699951+00:00
d25030ad-84c4-446a-a609-1150efe4dbd2,8445853d-5aa5-4b2f-a956-0c45d9d4a1da,5e29efba-5804-4d45-a7e3-3e0562c8af80,2026-05-11 03:00:10.332705+00:00,2026-05-11 03:00:10.332705+00:00
3dec6d1d-749d-4f6d-94d3-fa30a88c6fb0,f599fba4-97d9-4151-a041-2fd5c8c0db41,7fd283c6-9ea3-45dc-b64b-a82b63a0573c,2026-03-09 10:05:35.566374+00:00,2026-03-09 10:05:35.566374+00:00
dcf36f4d-6e3c-40f0-9dc7-03345bbc6347,6202f3b3-6c64-4103-a63b-ffcbd8da0c81,7fd283c6-9ea3-45dc-b64b-a82b63a0573c,2026-03-27 20:46:04.292434+00:00,2026-03-27 20:46:04.292434+00:00
1148281f-8aef-4d28-948b-7439295a7258,4da1dd77-cc3d-4e87-9bf9-9c2180e51605,7fd283c6-9ea3-45dc-b64b-a82b63a0573c,2026-04-06 20:26:12.159446+00:00,2026-04-06 20:26:12.159446+00:00
b35e78fb-6bf6-4f12-8e59-ee158989ff3f,4410f2be-52b3-43a9-85cc-1f4e42b95b97,7fd283c6-9ea3-45dc-b64b-a82b63a0573c,2026-04-06 21:46:54.999732+00:00,2026-04-06 21:46:54.999732+00:00
138c57e8-bd57-4cbd-b476-33d5be613ee4,058f523d-cd57-43dc-b7cd-793994c581a0,7fd283c6-9ea3-45dc-b64b-a82b63a0573c,2026-04-18 14:54:33.578496+00:00,2026-04-18 14:54:33.578496+00:00
63ad696d-2fc2-4245-8800-8bc81f35c954,ac5447d9-e65e-4882-9950-162d75a95021,05522920-731e-4d67-8ec2-c7bce899bfa5,2026-04-08 05:23:46.485647+00:00,2026-04-08 05:23:46.485647+00:00
11a18fdf-4e66-4bd9-ab24-3b4726c385a0,164ededf-6263-4322-8b46-927fd7d15db5,05522920-731e-4d67-8ec2-c7bce899bfa5,2026-04-16 01:33:12.508141+00:00,2026-04-16 01:33:12.508141+00:00
2a0694d9-f4af-454e-b23a-558bea6635e7,6d2fb5ae-d34c-4178-bd3f-c6975fcbbee0,05522920-731e-4d67-8ec2-c7bce899bfa5,2026-05-20 21:40:58.368684+00:00,2026-05-20 21:40:58.368684+00:00
bf234652-15b4-4a8a-a83d-82eb828ed026,2ace31eb-3ef2-4cef-a4a3-7386c65a10dc,07a0a30b-2750-4bb6-bd37-7f03aa2570a3,2026-03-03 18:18:07.581791+00:00,2026-03-03 18:18:07.581791+00:00
7aaac2da-78c7-4046-b96b-9dd03bcd9d4e,6ac98821-ecb6-4fc8-8a90-58d7912a9d84,09a17556-99ed-4204-a9d4-aea29c3bb4a3,2026-04-07 23:42:10.894478+00:00,2026-04-07 23:42:10.894478+00:00
28786169-9b63-4bd4-8908-f4fede1b0965,7f9aba5e-e459-40e6-a222-2a2009d8a70b,f568a52b-b3d0-4c05-8a37-edec471383cf,2026-04-25 21:28:24.400654+00:00,2026-04-25 21:28:24.400654+00:00
09e7b1f3-c530-4095-9430-f314bb54a811,f20a855d-588b-4d70-b9b5-953ac80ff6c9,c059770b-66a0-4f17-b152-3f2826763664,2026-05-03 08:52:21.101627+00:00,2026-05-03 08:52:21.101627+00:00
8c553091-57b1-4739-bd1b-5c735247f579,690f3b64-a94b-4119-81d8-ff5320c163a2,52da44a3-ecbe-4372-840d-3dd33d090b2c,2026-05-05 06:59:29.117611+00:00,2026-05-05 06:59:29.117611+00:00
21c7f77c-22f5-4778-bc25-44a4b4707033,76476121-cf7c-4875-a2bc-255274ffd47c,7fb644d0-d86b-431c-bce6-a9f2c9704b0c,2026-03-06 04:55:59.541830+00:00,2026-03-06 04:55:59.541830+00:00
c23f382a-4b19-49de-9667-0f53b74775b1,ff2556fe-2e49-4fc7-92ea-660fd9b2c7c5,7fb644d0-d86b-431c-bce6-a9f2c9704b0c,2026-04-08 23:39:08.847809+00:00,2026-04-08 23:39:08.847809+00:00
f1b1bb42-d13d-4b20-a71d-c9eb531dc3b2,8b6dfbe9-548d-484c-bd3b-07746426bb7a,7fb644d0-d86b-431c-bce6-a9f2c9704b0c,2026-04-25 06:02:10.121243+00:00,2026-04-25 06:02:10.121243+00:00
b59cf2a0-8bd1-493f-ad9c-fcffe3d87d6f,35849301-0d59-4cb7-a81e-599be40873b2,7fb644d0-d86b-431c-bce6-a9f2c9704b0c,2026-04-30 08:26:20.536755+00:00,2026-04-30 08:26:20.536755+00:00
18354458-a7c9-40ea-a211-8ccceb4559b5,eb16e31d-1f75-4446-af9d-8acdfd169e56,7fb644d0-d86b-431c-bce6-a9f2c9704b0c,2026-05-31 13:57:41.077921+00:00,2026-05-31 13:57:41.077921+00:00
5d958020-1bbf-493a-ad92-f3517aeb6759,bbabce32-e507-4816-a8bc-2bb9101e6917,c1be73d7-70ad-4abf-9e5a-83a468809f13,2026-03-11 08:35:08.171428+00:00,2026-03-11 08:35:08.171428+00:00
e7fc8acb-4421-4268-96f8-dfd029c7c0d4,3ad07834-4715-494d-a678-12692512a654,65a859bb-8650-4d66-9d61-5b74fcbf57f3,2026-04-20 13:29:06.048099+00:00,2026-04-20 13:29:06.048099+00:00
265e7d60-643b-4f4a-b412-881401f9891f,df9f3524-2431-4614-b3e0-56957d928297,9689d8e4-3bb0-4507-a8ae-ca8ed66d28d8,2026-05-09 02:56:39.210861+00:00,2026-05-09 02:56:39.210861+00:00
900eef6d-89e8-4f2d-883c-c1303282e1df,4696c6bf-e8d3-431f-ae75-18047fe5a568,8b4754b6-9415-4e30-9987-2b73744c0c88,2026-04-07 15:29:19.450521+00:00,2026-04-07 15:29:19.450521+00:00
82f12f5e-5f24-4743-8b61-8724ee388481,30ae4e74-16c1-49a9-aafe-a825fe8c2be5,87e92071-ee14-424a-93ea-f3effd8b1f89,2026-04-15 13:48:24.344033+00:00,2026-04-15 13:48:24.344033+00:00
5b87f299-a710-4950-9423-2b86f0940921,a7164801-c09c-4f2f-a9cc-e4e42ad1aed5,52d9037f-e42a-415f-b7a4-69ca6ff56a74,2026-05-21 17:45:15.691333+00:00,2026-05-21 17:45:15.691333+00:00
8b7c7748-a61e-4ae4-a5eb-05623208e6ca,1070c809-99e0-4ed0-b56c-cdc866d5f41c,7d315217-b9bf-4152-829d-43eb682646b7,2026-05-25 05:16:18.575762+00:00,2026-05-25 05:16:18.575762+00:00
84dfa5a2-5ec4-454d-b850-cb2ad1efa6b0,e4b2b9a4-38c6-4d0e-b118-53ae6257a970,b2b621c9-8176-4c74-bc77-8f113a410c5c,2026-03-14 07:58:45.626656+00:00,2026-03-14 07:58:45.626656+00:00
32b76ffa-60e2-4eee-8d4e-2a322a572592,b9bfc693-6987-4c4a-97b8-c4cafdb6563a,b2b621c9-8176-4c74-bc77-8f113a410c5c,2026-04-04 10:33:19.326402+00:00,2026-04-04 10:33:19.326402+00:00
5c76b0f9-181a-4bf0-b2bd-7301c6e44af4,f516597d-2a9b-40fb-92f3-480a3ca675fd,b2b621c9-8176-4c74-bc77-8f113a410c5c,2026-05-28 07:54:57.743488+00:00,2026-05-28 07:54:57.743488+00:00
9023fc16-4b16-4a46-b68f-e7b8dfaeabb9,8c2012cc-a932-47ae-8293-0f33c51432ea,b2b621c9-8176-4c74-bc77-8f113a410c5c,2026-05-31 10:50:49.992843+00:00,2026-05-31 10:50:49.992843+00:00
d52e81f2-58be-4719-98e7-0b0a8d892dcb,ebcd1e27-fe79-4276-9291-d1cdd0331846,250c573c-9499-4360-b9e6-d4ca5b574901,2026-03-15 16:24:11.037415+00:00,2026-03-15 16:24:11.037415+00:00
eebb15b8-1e88-4f5f-8869-c66084d9a370,b832b513-6cd1-4619-b3f1-66893ba506e6,250c573c-9499-4360-b9e6-d4ca5b574901,2026-04-01 04:56:25.882640+00:00,2026-04-01 04:56:25.882640+00:00
d4d7af53-7b67-498b-aba5-16e3d41fb290,bb563049-8cf1-4d45-a332-1f6d6013a5b9,250c573c-9499-4360-b9e6-d4ca5b574901,2026-04-10 13:26:33.393446+00:00,2026-04-10 13:26:33.393446+00:00
56cba10a-b400-45bf-8fda-8ef609b12d12,ea1e287a-e9f0-4bb9-b7f7-33743c7e1409,250c573c-9499-4360-b9e6-d4ca5b574901,2026-05-30 20:15:38.827479+00:00,2026-05-30 20:15:38.827479+00:00
3a1d5360-7f5d-4b16-944f-b1fa7c147573,61380c2e-64c0-4553-8356-e7e4e4da4b29,65753359-d936-46df-a4a8-8201fdc6a7e8,2026-03-21 04:27:26.829707+00:00,2026-03-21 04:27:26.829707+00:00
ac6012d4-0405-4dc6-af9a-d384b44368a6,a6f3fa16-16e2-4e58-b259-aa28c7a4e210,65753359-d936-46df-a4a8-8201fdc6a7e8,2026-04-15 16:31:04.054332+00:00,2026-04-15 16:31:04.054332+00:00
b5723a3c-5500-4891-b5ab-c47dcb358c82,1aa74e8f-ceac-48e8-acde-1d248a53805f,65753359-d936-46df-a4a8-8201fdc6a7e8,2026-04-18 05:58:24.221408+00:00,2026-04-18 05:58:24.221408+00:00
0bd55934-f492-408f-a69e-101d645ff831,a32e6a42-e9d9-4aa4-8648-f3226df09077,65753359-d936-46df-a4a8-8201fdc6a7e8,2026-04-20 02:36:25.355172+00:00,2026-04-20 02:36:25.355172+00:00
6476ed84-3c96-47b8-bd97-4d5900e4b424,2265c1cb-afcf-4732-b484-07f2bda72313,65753359-d936-46df-a4a8-8201fdc6a7e8,2026-05-18 08:44:06.728170+00:00,2026-05-18 08:44:06.728170+00:00
5030144e-2554-4654-9417-065e893e86b0,a4b39a8c-fa6e-4a34-b720-ca6db5a4d8af,4ace6597-7244-4504-99fd-ccf3185b8ab4,2026-04-09 19:44:38.398295+00:00,2026-04-09 19:44:38.398295+00:00
7c5a9bd4-6666-4947-b8e1-61ccc0d7bb61,4dbc1c74-e13f-4152-ab48-b70c15ff2c9f,c44cbcad-a121-4c5f-912b-e9807bdb9513,2026-05-11 05:35:38.266609+00:00,2026-05-11 05:35:38.266609+00:00
0570925f-dadf-4c47-b075-0f2555484a62,997726b0-80a4-43f7-8a35-cbb8a8d7e27d,158185f8-49ea-4e9e-a3f7-ac9ecf0f325b,2026-05-11 09:45:14.231722+00:00,2026-05-11 09:45:14.231722+00:00
c116d165-5d6b-4846-b919-03e23f4ec440,427f9156-fb66-4a1b-b7fd-54b63b580747,ce2adb4a-2527-4e55-b1af-7ab17e71426a,2026-05-14 23:30:15.183451+00:00,2026-05-14 23:30:15.183451+00:00
f7d61a56-e3d5-4a5e-9b92-30e115a6918c,8827d8a6-7294-4f60-aea1-da3565057e06,a17f9fd8-d58c-4c73-a496-c34c548e642c,2026-05-30 16:41:10.844104+00:00,2026-05-30 16:41:10.844104+00:00
14488ce5-b018-4bd6-9623-c2205de7152a,54044af6-ce85-45cd-a459-d65bce7d3443,4a105be2-794f-4308-8e24-62bf9c431a4a,2026-03-20 18:21:23.106037+00:00,2026-03-20 18:21:23.106037+00:00
cae821b4-ee58-4f7e-82ab-d7488d0d222d,f7e856ea-3258-41f5-9a2f-45d7180100d2,4a105be2-794f-4308-8e24-62bf9c431a4a,2026-05-20 23:49:05.611764+00:00,2026-05-20 23:49:05.611764+00:00
94008101-d18a-4445-b3b2-8a18b40cf187,ee1e5459-d3f7-4722-85d9-32b465cf564e,7d623227-4e6b-4e64-8df6-5ad74d0d7920,2026-03-04 06:37:13.772094+00:00,2026-03-04 06:37:13.772094+00:00
11d8d7c4-78f3-439c-b0fc-d0dad189e7c1,bcfb8b02-5c5c-49fd-a9c5-eda647254c69,7d623227-4e6b-4e64-8df6-5ad74d0d7920,2026-05-13 08:00:25.625410+00:00,2026-05-13 08:00:25.625410+00:00
7ebb8a35-7107-4f6a-86f2-3efe99cfad07,e585d553-c84d-42bf-ae5a-2635af1da9f9,4904eef7-0430-4bde-8c88-318c2eb1be16,2026-03-03 07:09:24.899236+00:00,2026-03-03 07:09:24.899236+00:00
58695f62-047b-4eb1-b281-a7dd9ee3b606,a6ec9bcc-0805-4078-9bd6-7e577bac7a95,4904eef7-0430-4bde-8c88-318c2eb1be16,2026-03-31 10:58:53.627574+00:00,2026-03-31 10:58:53.627574+00:00
79cdf831-bb1b-4a7f-9fbb-a395bd597400,14b1f8d9-8435-4b0c-b0b7-0793d5e3f87f,4904eef7-0430-4bde-8c88-318c2eb1be16,2026-05-02 18:48:16.500956+00:00,2026-05-02 18:48:16.500956+00:00
4ecc9373-d3c6-4505-8c73-7ffebaffdd51,f61d9dcd-a5cb-4e1f-b3b6-573a253b7570,dcd1e399-846c-4442-92b8-4a5608c20a44,2026-03-19 08:33:48.035259+00:00,2026-03-19 08:33:48.035259+00:00
6d5dea92-d197-4da3-98c6-59e06feaf478,a2a9343c-5176-4339-8e07-c6ad802fb1f7,dcd1e399-846c-4442-92b8-4a5608c20a44,2026-04-09 22:32:18.204973+00:00,2026-04-09 22:32:18.204973+00:00
fca79f0d-8f7c-470b-a3fe-8788f6768b8a,5f17ea19-750f-458c-8714-3659a64239b4,dcd1e399-846c-4442-92b8-4a5608c20a44,2026-05-16 11:52:20.240486+00:00,2026-05-16 11:52:20.240486+00:00
6fed6bc8-b9e1-4777-aa32-3387c1176b17,d64a919b-1d60-427a-823e-fd2b077e4b60,004c8060-5752-4d01-af1a-517823df2172,2026-03-08 15:23:48.966324+00:00,2026-03-08 15:23:48.966324+00:00
b9fce54a-1a78-43f5-be73-cd1c0c261ef9,3b5c34ea-5e92-462a-bda4-550c25504d4a,004c8060-5752-4d01-af1a-517823df2172,2026-04-04 21:29:31.254292+00:00,2026-04-04 21:29:31.254292+00:00
b71df85c-301c-4617-8c6e-d16add25a784,cde62a9e-5c18-4cf0-badf-5e33ff623ac7,004c8060-5752-4d01-af1a-517823df2172,2026-05-13 02:36:07.466895+00:00,2026-05-13 02:36:07.466895+00:00
f68f1a99-60b1-483f-b19e-277d5610473c,4d2e0ff0-b28b-4d21-9ffb-4babaea3b669,004c8060-5752-4d01-af1a-517823df2172,2026-05-18 02:41:16.008459+00:00,2026-05-18 02:41:16.008459+00:00
6cc8186e-3791-4a22-bf16-111d3d3365b6,3dccb527-a05d-4a13-9189-fd684b503112,5fa05756-7268-45c0-9684-9c84fb04c813,2026-03-05 10:24:47.641511+00:00,2026-03-05 10:24:47.641511+00:00
43509d23-e207-4be9-960d-9aef58e68e0a,e1e1ebba-f03a-4345-9e64-dd28372a36f9,5fa05756-7268-45c0-9684-9c84fb04c813,2026-04-10 02:09:18.711535+00:00,2026-04-10 02:09:18.711535+00:00
80537939-91bb-49ee-8eac-39f318ee4614,028c8b28-feed-43bb-9699-b5080c2d3d2d,5fa05756-7268-45c0-9684-9c84fb04c813,2026-04-23 20:33:33.012976+00:00,2026-04-23 20:33:33.012976+00:00
74c3a5dd-ee22-4738-b3cc-85b10da98307,316f33d8-128e-4fc6-8c34-5ea0587e8009,cadc8c01-9a46-4dc5-aa45-a6f90c8b092f,2026-04-29 09:24:27.294247+00:00,2026-04-29 09:24:27.294247+00:00
26d0fb14-ed57-4390-b956-c8bd356bc32d,fa1a238d-5f95-4615-b84b-f98a8408d60c,3a128831-998a-4177-b726-45e49c86bc13,2026-04-29 10:38:28.501498+00:00,2026-04-29 10:38:28.501498+00:00
8c40f4fe-56d4-4953-8a50-7db4b72cbe07,c5957998-e74e-4148-9f12-e0f6acaa3c1e,cadc8c01-9a46-4dc5-aa45-a6f90c8b092f,2026-04-29 11:09:05.432162+00:00,2026-04-29 11:09:05.432162+00:00
46165343-2cf1-4164-a162-695c0e709644,d517bede-9d86-4db1-afde-d125b46098c8,cadc8c01-9a46-4dc5-aa45-a6f90c8b092f,2026-04-29 11:30:28.508056+00:00,2026-04-29 11:30:28.508056+00:00
173ef148-c7ae-4d14-a148-7d66c710a3c8,ca8fa231-b9a3-477a-ad3e-840b366eb99e,cadc8c01-9a46-4dc5-aa45-a6f90c8b092f,2026-04-29 13:30:06.017751+00:00,2026-04-29 13:30:06.017751+00:00
67f2333a-fcdc-4551-ba41-bd2357cc07df,c81d3435-4e86-44c9-a146-7088484024c8,a8b2d1d7-9f3e-42e6-adc5-7875da8f5234,2026-04-29 13:49:20.035479+00:00,2026-04-29 13:49:20.035479+00:00
72a58cae-82d1-4fdb-8a9b-14007603e684,812eb39f-7871-498a-8264-cbd58c9719d1,cadc8c01-9a46-4dc5-aa45-a6f90c8b092f,2026-04-29 14:23:13.800688+00:00,2026-04-29 14:23:13.800688+00:00
a113de47-462b-4ae1-8d5a-d70c4b918902,5d2711b7-36d0-48bf-a761-d29d83a67f97,09e14e7a-3125-48fd-9096-1bf3c220aa2a,2026-05-12 07:08:40.289526+00:00,2026-05-12 07:08:40.289526+00:00
aa52a54b-5f39-4269-8a5f-f11cb88cce94,92c6b8b5-97e1-462b-a587-6e7b87415882,09e14e7a-3125-48fd-9096-1bf3c220aa2a,2026-05-12 10:06:06.851772+00:00,2026-05-12 10:06:06.851772+00:00
b2b81ae6-01f7-4270-9469-d58ffde7110e,164f7ae1-7244-4e14-8527-d32a9f99f9b8,62113245-35b5-4b66-9fa1-e86c897d46ec,2026-05-12 15:51:52.793443+00:00,2026-05-12 15:51:52.793443+00:00
af516688-102b-40b4-a908-f8bc861bad77,3522e4e4-7d1e-47b4-b147-26a1ef6c029c,09e14e7a-3125-48fd-9096-1bf3c220aa2a,2026-05-12 22:07:37.589053+00:00,2026-05-12 22:07:37.589053+00:00
e06b6ab9-1da8-4cc7-8c91-230aaefd2208,21782a7f-e870-482e-9bdb-0bd1f46b06a1,59840036-cf33-4be7-a97e-e717fa18c7c9,2026-05-15 11:32:25.297730+00:00,2026-05-15 11:32:25.297730+00:00
d8637b00-853a-4db3-8525-ca56ce03de13,6af84319-8e82-4ef5-9b2e-db85193d079b,59840036-cf33-4be7-a97e-e717fa18c7c9,2026-05-15 11:42:21.421078+00:00,2026-05-15 11:42:21.421078+00:00
772385aa-1d69-4b47-ac4b-29a39e33d3e5,038fd7a5-43dc-4ff7-b0da-d5fbbcdbe10f,59840036-cf33-4be7-a97e-e717fa18c7c9,2026-05-15 11:57:27.743217+00:00,2026-05-15 11:57:27.743217+00:00
51dcfb2a-d3f8-4018-82ff-48928ceba047,063c59ff-2aa7-4b62-b192-394efb63b92f,59840036-cf33-4be7-a97e-e717fa18c7c9,2026-05-15 13:46:15.243742+00:00,2026-05-15 13:46:15.243742+00:00
bde867ae-9475-4b85-a6cf-c13d12e0ef54,239f9e12-2346-47e1-88b4-8e2e0f619b44,59840036-cf33-4be7-a97e-e717fa18c7c9,2026-05-15 18:40:01.771287+00:00,2026-05-15 18:40:01.771287+00:00
a27abfb2-e917-47b7-8638-a73df047942b,2eab4e7b-224d-4f2a-85d1-c226fd6e174c,59840036-cf33-4be7-a97e-e717fa18c7c9,2026-05-15 21:26:18.478402+00:00,2026-05-15 21:26:18.478402+00:00
165a0c05-4b61-4dbb-bff7-6bc7d8be9152,0f8e84b5-86bb-4306-8226-c48d7984ba5e,59840036-cf33-4be7-a97e-e717fa18c7c9,2026-05-16 04:19:00.022325+00:00,2026-05-16 04:19:00.022325+00:00
02185627-a7c0-4d9f-8789-9145d10cbbc7,750e9865-163d-44ed-a0eb-58b87996e518,59840036-cf33-4be7-a97e-e717fa18c7c9,2026-05-16 11:48:29.685079+00:00,2026-05-16 11:48:29.685079+00:00
a1b276ce-f822-415e-bf7a-05cfe6bb3aca,4138e4e3-4c98-47b5-8ccd-a2658547f2d7,5d764c78-0b35-4381-8ad3-13111d95e84c,2026-03-04 01:54:02.544284+00:00,2026-03-04 01:54:02.544284+00:00
91e20764-70f8-45ce-9cc2-c91bcb9fef0f,618a56a3-bf8e-478e-bd68-92bdf415db78,5d764c78-0b35-4381-8ad3-13111d95e84c,2026-03-04 03:44:15.028152+00:00,2026-03-04 03:44:15.028152+00:00
afdab0b3-323a-43d4-95d4-618c08bef2e5,79d84785-cd4a-461f-aa13-46775c70a46f,5d764c78-0b35-4381-8ad3-13111d95e84c,2026-03-04 11:40:49.352614+00:00,2026-03-04 11:40:49.352614+00:00
662fcbc4-3f44-46da-af0b-4e9bd9e44b28,ac1ac880-5bfd-4f06-be05-c573bf5566f3,a4b32511-8a23-4976-9b11-71812ad337c1,2026-03-04 16:10:25.443978+00:00,2026-03-04 16:10:25.443978+00:00
1895fa89-f8a8-4ffc-896f-d064047d98fe,89f015b2-fd31-46c1-99ae-13c7235c6f4b,5d764c78-0b35-4381-8ad3-13111d95e84c,2026-03-04 17:09:14.430309+00:00,2026-03-04 17:09:14.430309+00:00
902abf4b-b37a-4993-8f58-58e2091f7599,ddb3b70a-adc0-4944-bf31-5a8e3f2b4512,8d051398-76df-4774-9000-81194eacfb37,2026-03-04 17:59:30.565589+00:00,2026-03-04 17:59:30.565589+00:00
ac43741d-8aec-4f9b-992f-3cd56b2a0478,3b0e63c0-6f4b-40d9-a998-ddd2170b449e,faf06c8c-bc74-42c8-b065-69be7eb5fad3,2026-03-12 05:48:01.427167+00:00,2026-03-12 05:48:01.427167+00:00
1f5692a6-e4fa-49d7-bcf3-b5e0551c2f1a,5a6a7f95-2b25-48c1-ae38-13cfadcb7901,45718479-b3e0-4c6b-ac27-d83513d4a447,2026-03-12 06:04:28.070413+00:00,2026-03-12 06:04:28.070413+00:00
731a2ccf-7ba2-4238-bb59-30e7948e6cb1,fc47a789-36c7-4b81-bf95-4dba5ee5be07,45718479-b3e0-4c6b-ac27-d83513d4a447,2026-03-12 07:15:47.067376+00:00,2026-03-12 07:15:47.067376+00:00
d75a0843-42bc-4e27-9744-48f070312c15,e681c075-d93f-40a3-a5fa-dff26950d1dd,45718479-b3e0-4c6b-ac27-d83513d4a447,2026-03-12 08:29:18.679093+00:00,2026-03-12 08:29:18.679093+00:00
249f4da2-0748-4fe9-bc2e-baf50e40eb2e,b92480cb-c942-4dea-9efb-aa84679a4643,8ef951b7-338a-49c7-b5c8-a1c6335cf518,2026-03-12 10:25:08.973777+00:00,2026-03-12 10:25:08.973777+00:00
08cb9a94-fd94-4af6-a9fe-9fff43f63bc9,c7718b1d-26ff-4768-96f7-674bce8decd6,6ff8fbaa-55de-4a67-a812-e901a843403c,2026-03-13 05:54:49.406663+00:00,2026-03-13 05:54:49.406663+00:00
dbbda33f-f21b-48ab-9a53-266ba09c7f49,ab372fc7-66a9-4a8a-911d-c038bf10e787,cf13b35e-d79f-4be4-bee1-59ba7b99d5d2,2026-03-13 09:40:42.149650+00:00,2026-03-13 09:40:42.149650+00:00
7582fae9-2c6c-4dff-95e2-fb19288b8661,4a4efb7f-40e0-4e04-90c5-5fc3bc8aef0a,45718479-b3e0-4c6b-ac27-d83513d4a447,2026-03-13 17:48:59.479710+00:00,2026-03-13 17:48:59.479710+00:00
acc2d27c-d979-4999-bc03-fa30d1f0f714,77c5b793-d900-4017-a1f8-78306c64c9f9,285928c7-d8c5-4a82-9581-e4e4f79b2b59,2026-03-06 13:16:27.778562+00:00,2026-03-06 13:16:27.778562+00:00
1575c9c1-a800-4049-936d-b1a6cb42b159,ed961c35-5a78-40ff-b837-534ecfaa9816,7881b7f3-17fb-4968-b512-7866f60517f0,2026-03-22 03:06:27.372543+00:00,2026-03-22 03:06:27.372543+00:00
abb1a992-687c-4448-8a8c-c1e3101caa71,896b1ce5-7ac2-481a-88b3-ae1c8ee3b86f,7b724892-9e4c-47b2-8c07-392b34550e9b,2026-03-27 03:10:13.075809+00:00,2026-03-27 03:10:13.075809+00:00
8d1d153a-423f-46e8-aafd-ed97f24a3f06,a0ac5de4-3ab0-40b2-8981-57bcec103da6,b394d3b6-3d1b-4643-9c2f-0f561100e5dd,2026-04-16 15:44:32.249119+00:00,2026-04-16 15:44:32.249119+00:00
bd285aaf-0b66-4e80-b48d-624f8afe9504,23668e9c-681a-4218-a52e-3461bff929a6,9e5a2481-0ab6-4be2-947f-cc16b08eb110,2026-04-28 02:49:38.607828+00:00,2026-04-28 02:49:38.607828+00:00
929efe0a-feb5-42e5-b282-adbc55b2a2e3,9bdc1cf6-bb3c-419c-a5ff-ead38f4f0790,7102525b-e748-42b4-aeca-0d526b3918e6,2026-05-11 18:27:55.457239+00:00,2026-05-11 18:27:55.457239+00:00
a2ac4947-74ff-414a-82d4-a34c80192162,e7223972-c26e-46a5-9128-36598b2fd7ff,b1138ee2-97f0-414e-bf6c-c631cd02bf38,2026-05-12 12:25:42.870093+00:00,2026-05-12 12:25:42.870093+00:00
061a002d-3820-4686-b109-4c6d590ad69d,8bf5a885-4d1d-43b9-b16b-9657a7d9f541,2e7bc153-7fc0-4e48-b7ee-2a356556c912,2026-05-29 00:42:08.492439+00:00,2026-05-29 00:42:08.492439+00:00
876c1a9a-7f7a-4104-9aec-64fb71943ee1,daabbd82-98f8-43db-beb2-de717605548e,8d4eeb7b-1099-4ce7-9ebe-ca68c51690b7,2026-04-07 07:17:57.465177+00:00,2026-04-07 07:17:57.465177+00:00
176e52c8-a97e-4b00-8e5b-804bfca3e884,1083d0d6-4d09-4f15-a3dc-c7153d896374,7666a9e5-1dc5-45df-b5fe-beaf30a2bf9e,2026-04-07 13:30:43.132606+00:00,2026-04-07 13:30:43.132606+00:00
ff74f272-bb8c-4bb5-9e5b-a8ab6ae24321,1d64d798-d48f-490d-8eae-ecb0e435f340,62467388-5e67-4fb3-8943-5ce5a9de0e62,2026-04-07 16:49:46.036231+00:00,2026-04-07 16:49:46.036231+00:00
fd9dfe9f-77b0-4b8b-8b7b-d5cf10cdac3c,9c589a73-1542-4e2a-af55-c6312fb59e70,cd4d6702-aed1-4552-81cb-dfaff43f6a04,2026-03-09 15:08:16.080921+00:00,2026-03-09 15:08:16.080921+00:00
e13d3be0-d0cd-45bc-9c83-ee4b782fae9e,e0092d17-5f2c-4587-bcb5-9adf0c1ab189,cd4d6702-aed1-4552-81cb-dfaff43f6a04,2026-03-10 04:13:37.284537+00:00,2026-03-10 04:13:37.284537+00:00
fafeb6fe-8970-42f7-9dfd-30e664144e0e,d799c3ba-dd18-43f7-a656-631386f5930b,cd4d6702-aed1-4552-81cb-dfaff43f6a04,2026-03-10 10:04:20.198129+00:00,2026-03-10 10:04:20.198129+00:00
c8ec6dc2-2004-4d14-8e2d-28dd22a72e1e,0ce68b3a-17a9-4044-a679-7027a79bdecc,cd4d6702-aed1-4552-81cb-dfaff43f6a04,2026-03-10 10:15:06.208972+00:00,2026-03-10 10:15:06.208972+00:00
435a3b07-628d-4a04-b65f-c67fb8081e85,6d567f58-bb52-4b0e-9a0a-51c767862a8d,cd4d6702-aed1-4552-81cb-dfaff43f6a04,2026-03-10 14:18:59.804274+00:00,2026-03-10 14:18:59.804274+00:00
28da6a9a-4c5e-4830-b06f-ce052b4fc922,96fa4504-0dcf-47ae-8b98-f62d3688fa48,cd4d6702-aed1-4552-81cb-dfaff43f6a04,2026-03-10 15:46:50.638726+00:00,2026-03-10 15:46:50.638726+00:00
cff0b0f3-0683-49fe-a8bf-cff44b5ce26e,6b5f1fd3-ab17-4df9-b2c8-1f64d65e16ae,cd4d6702-aed1-4552-81cb-dfaff43f6a04,2026-03-10 16:17:33.859996+00:00,2026-03-10 16:17:33.859996+00:00
f7e233e8-65e6-4370-9eb6-30cac5682ae7,3c7e7286-4d39-4897-a3f7-d9e8f401efe4,671dee8c-5ade-4882-8fd4-2858b7e6c789,2026-04-12 18:41:23.980127+00:00,2026-04-12 18:41:23.980127+00:00
677c5ce3-ca7c-446d-a542-08eb112d0d6a,b8e4afad-8d9a-4925-9eea-b3510398013a,671dee8c-5ade-4882-8fd4-2858b7e6c789,2026-04-12 22:38:29.430509+00:00,2026-04-12 22:38:29.430509+00:00
a4889f35-f090-4043-8ea9-e9a55d0004a3,43f23752-c712-4eca-9470-b9a5738426fd,671dee8c-5ade-4882-8fd4-2858b7e6c789,2026-04-13 06:21:11.654762+00:00,2026-04-13 06:21:11.654762+00:00
dff30d4f-0f74-433f-91c9-c2cdb41479aa,cf811779-478f-4f1a-a6af-c2057536853d,ba05bae5-670a-4ad5-a9c9-7d5a6a8fa3ab,2026-03-19 04:41:24.054996+00:00,2026-03-19 04:41:24.054996+00:00
95f045e1-c690-4275-9816-e8754d25c912,3815510f-1765-4a8c-8b62-2751b6c5fcd6,8c7cc676-9550-4a7d-bd0e-36142e47d924,2026-04-07 03:12:55.086143+00:00,2026-04-07 03:12:55.086143+00:00
86e36563-b371-42e2-99da-230940e6267f,04608014-d06b-401f-9ab1-d659e2eed558,ba05bae5-670a-4ad5-a9c9-7d5a6a8fa3ab,2026-04-29 12:30:30.096335+00:00,2026-04-29 12:30:30.096335+00:00
8cb8e61a-e39f-4e91-936a-e209b7e84736,a4d21eac-cf09-431f-9214-74b0f3575129,ba05bae5-670a-4ad5-a9c9-7d5a6a8fa3ab,2026-05-07 12:12:57.120461+00:00,2026-05-07 12:12:57.120461+00:00
6a59735d-e35d-40d6-809f-a8a57c5d4793,ac443163-fbaf-46ae-97fb-cd6fbfcdca7b,dd0e4836-1f9a-43b9-8195-69c25aafeb66,2026-05-07 23:26:03.674459+00:00,2026-05-07 23:26:03.674459+00:00
12ef890d-da6e-4ac2-8afc-5db015ec14cb,56b93d1b-9349-417a-afe3-c508903c8fcd,ba05bae5-670a-4ad5-a9c9-7d5a6a8fa3ab,2026-05-10 08:41:36.408796+00:00,2026-05-10 08:41:36.408796+00:00
67659b84-8824-4708-a2ba-9d7838a3242c,ab5f43c6-6778-4354-814a-5b595036c0d3,ba05bae5-670a-4ad5-a9c9-7d5a6a8fa3ab,2026-05-11 18:39:41.457285+00:00,2026-05-11 18:39:41.457285+00:00
db741e61-43ca-469a-8e00-a9f14458321a,c6ce0208-ec67-4710-8a92-efaa1ef3d25e,ba05bae5-670a-4ad5-a9c9-7d5a6a8fa3ab,2026-05-14 20:11:25.138300+00:00,2026-05-14 20:11:25.138300+00:00
70832d41-55ba-412e-8d7c-a58af8b5f717,07d87014-dd22-4ec8-974c-a449e858cb22,74118b43-1aab-4aa5-a978-7c74046874a2,2026-03-11 20:52:22.880031+00:00,2026-03-11 20:52:22.880031+00:00
69d5296e-51d6-46ae-8db2-f69a065ee614,6eeed858-2ef0-4670-8c79-e49e440c3af4,1aea9493-5975-4d7a-9a6c-9227f3be2d3e,2026-04-26 20:39:09.721885+00:00,2026-04-26 20:39:09.721885+00:00
50a658b8-5be3-4165-b063-e2f87213ce3a,a08bfd7d-45e9-4605-af25-c5a47ddade82,b72d4a16-6253-43d9-af8b-d95ac8a97895,2026-05-21 20:24:41.270481+00:00,2026-05-21 20:24:41.270481+00:00
fdc976fa-f249-4401-a641-62549178af0d,0c94ae2b-8233-4433-b546-bd731e0eef42,430b3942-374e-488e-ae19-a811aca73745,2026-05-29 05:37:42.828924+00:00,2026-05-29 05:37:42.828924+00:00
05dac1c5-ec1e-4eec-b9db-343f7fc1118e,54740370-469f-4a50-bb8a-7c90fa045cf1,b400ae55-97e7-45dc-9d3d-6de5f469a242,2026-03-10 15:17:53.964209+00:00,2026-03-10 15:17:53.964209+00:00
6557ad70-01a7-4ede-8092-5a5d8aaebfa0,5eb16bf3-2e08-428a-9693-6ceef733ca16,b400ae55-97e7-45dc-9d3d-6de5f469a242,2026-03-10 17:01:57.706567+00:00,2026-03-10 17:01:57.706567+00:00
3f228e1a-80bf-4c98-8541-1478e48f259b,b8bb69e2-1753-4757-aef3-76b709d9ae2a,b400ae55-97e7-45dc-9d3d-6de5f469a242,2026-03-10 17:16:20.174657+00:00,2026-03-10 17:16:20.174657+00:00
b1cef8d6-3255-4d1e-9f52-437cc5fa83f8,163c6a15-43f3-49a7-b636-08b06187f62d,b400ae55-97e7-45dc-9d3d-6de5f469a242,2026-03-10 19:16:20.778449+00:00,2026-03-10 19:16:20.778449+00:00
08243e71-a9ac-4b0f-afc9-e7d2d5b3fcec,cb638517-7908-4ab2-a425-cdc55adb25c9,b400ae55-97e7-45dc-9d3d-6de5f469a242,2026-03-10 19:45:20.382404+00:00,2026-03-10 19:45:20.382404+00:00
a079c1c4-fe11-47e5-afe2-ee5a29916513,9940abe2-06e0-41b1-9f69-625cbadea8b3,68375789-0e17-446f-abb2-3aa3d49ba4e2,2026-03-09 10:55:53.560162+00:00,2026-03-09 10:55:53.560162+00:00
b52d53c4-e8d4-465c-b335-e3a83522102c,5975b3af-af5d-46eb-b3bc-7215b2fa8807,ef290c67-796b-4ff9-badc-4f6e46d97b2a,2026-04-06 20:16:07.584299+00:00,2026-04-06 20:16:07.584299+00:00
2c52f8e9-3184-4e5b-b50c-b44ae467274c,c7064162-bccc-4366-a1b6-7b8d244b3b50,36207afa-fd90-48b4-893c-955c3705782e,2026-04-12 02:22:58.595875+00:00,2026-04-12 02:22:58.595875+00:00
8f7bdbb8-42c0-4d56-9c8c-ba240898880e,6559690f-14b6-45f9-afec-aad689d721cf,d0ba46b7-2f90-4806-9ad5-8a655ed717c1,2026-04-12 11:11:32.630490+00:00,2026-04-12 11:11:32.630490+00:00
665b8fdc-3b21-4058-87e6-d458c30c3a2f,49391db0-7432-45bf-a6e8-c4ec3d777b35,34482462-7a86-498d-887c-b649877bc344,2026-04-19 04:16:18.958777+00:00,2026-04-19 04:16:18.958777+00:00
85e1768d-b560-41e6-bd7d-cb53853a140f,79e35c51-92bf-47cc-86a9-d7a338bc5237,8c56ad9e-80b7-4bb3-968c-0098ab6e64bc,2026-05-20 20:01:20.452731+00:00,2026-05-20 20:01:20.452731+00:00
48b4429f-270a-4855-86cc-8e9c7629ee3b,24b02a09-82e9-4c67-b076-db4fab5289ed,b3a723b6-c79f-4d4c-a413-8cc21c39ac5a,2026-05-23 02:26:06.264145+00:00,2026-05-23 02:26:06.264145+00:00
fa9605dc-c4d2-4da7-b860-e7e670ce071c,9cfa1374-6e4c-4191-b8b9-47b67314f047,d6d5d111-b34f-40ed-a322-a9d8439cb4ba,2026-05-23 14:03:28.924123+00:00,2026-05-23 14:03:28.924123+00:00
e2e8374c-ae1a-4714-8592-112540c0389c,513931b0-fa39-4535-a849-26cbead219b4,09795431-84d6-4225-ac21-5c20db92e661,2026-03-08 16:42:12.416323+00:00,2026-03-08 16:42:12.416323+00:00
0564de1c-fbf7-4f54-ad2d-feed78458ad1,54086728-38c8-4065-aee5-1bc91d0ace63,f9e777d8-0eb3-480d-92e1-9e3297457c08,2026-03-21 04:22:18.247003+00:00,2026-03-21 04:22:18.247003+00:00
4f87b8d7-5b64-4241-a414-f4f42108a158,9d0ac2fb-db0f-414e-a7c9-5b3ffcb9571f,9e9504af-2e64-43d9-b8a1-10ab0744600c,2026-03-29 01:38:01.227710+00:00,2026-03-29 01:38:01.227710+00:00
6a7bc777-93a6-41af-b790-3ddb5487abcf,1eb82eae-c0d6-455a-b85b-a600ac611dd6,d5a2d615-7f5c-419d-a82b-cef79e543579,2026-05-01 03:58:26.648337+00:00,2026-05-01 03:58:26.648337+00:00
732a01c3-2587-4c20-9c28-cc0934f144d0,6bf2fe52-2fa3-4db7-9ac8-f99b31662bc9,dd4402b7-6e44-46ae-bb8c-dcf42a47eb98,2026-05-10 21:38:38.841802+00:00,2026-05-10 21:38:38.841802+00:00
1e6c2846-9962-4bbd-9d78-019c8a7fe4e3,efcae0c5-b2fd-4c2e-a45f-f1bb821cc2d3,9e391cf5-809f-4f09-9d26-0cbdfae3cec1,2026-05-13 02:55:16.826909+00:00,2026-05-13 02:55:16.826909+00:00
b76f6fb3-b754-4fab-83b8-221c45025816,131cfb47-e125-4e33-8084-5c309f30d1fb,4f900a5f-b1b5-41e1-a9aa-a3485ecee36e,2026-05-15 20:22:15.594660+00:00,2026-05-15 20:22:15.594660+00:00
2ef89e6f-9060-4dd3-a1dc-b071132f9ee8,3be27257-afce-45a5-bfa6-fae98eb22aeb,3dda962d-59b7-4246-8103-2ed15ab13467,2026-04-04 16:28:12.384226+00:00,2026-04-04 16:28:12.384226+00:00
b12dc243-6127-40e3-90c8-be2ac0589d0d,0c341e7b-8765-4df8-9ff7-66fc6f4ce476,3dda962d-59b7-4246-8103-2ed15ab13467,2026-04-05 03:46:57.215946+00:00,2026-04-05 03:46:57.215946+00:00
544c17d9-6d9a-4fd8-bd56-5563be53d4f4,5fa4f7d0-c03e-4007-aed5-f072f347b295,3dda962d-59b7-4246-8103-2ed15ab13467,2026-04-05 05:38:25.609646+00:00,2026-04-05 05:38:25.609646+00:00
045c0d60-0be7-4333-98ac-b03bc740da5e,101f0736-3248-4ebe-8804-9e7a4b0b7547,3dda962d-59b7-4246-8103-2ed15ab13467,2026-04-05 07:45:39.916296+00:00,2026-04-05 07:45:39.916296+00:00
0f4999d1-c828-4a6e-b69c-3d7d37b5afe6,0bcbf90c-ee15-48bf-9fb8-c71939dbc481,b4d2eaef-3b30-4397-94a0-e989c1f5702b,2026-03-30 07:09:37.200318+00:00,2026-03-30 07:09:37.200318+00:00
f7f216cb-eca1-4bc3-a601-240bc7ad7c80,c9580d1c-c0ca-447d-8e0f-c9c2449d34a9,b4d2eaef-3b30-4397-94a0-e989c1f5702b,2026-04-06 21:43:46.580908+00:00,2026-04-06 21:43:46.580908+00:00
3c0caf04-22d3-49ba-9352-00d8572a0550,3a1b7565-fd9d-473d-a9cf-53506b902c0e,b4d2eaef-3b30-4397-94a0-e989c1f5702b,2026-04-10 22:17:50.511958+00:00,2026-04-10 22:17:50.511958+00:00
bf1de730-db6e-490c-9444-f559d800a6ac,4b6e25e7-7e8d-4610-8de3-15a018771004,b4d2eaef-3b30-4397-94a0-e989c1f5702b,2026-04-20 02:52:24.714763+00:00,2026-04-20 02:52:24.714763+00:00
f30eca0f-0735-416f-bb35-d47ec2a96136,edc3a20d-c1d7-4abc-a9f5-cc678a3619f1,b4d2eaef-3b30-4397-94a0-e989c1f5702b,2026-04-28 10:22:18.412328+00:00,2026-04-28 10:22:18.412328+00:00
cbdb58ba-57c3-4a0c-a514-625964428694,0ca88756-f0b7-4ade-88bf-e78c36090e90,a12d66e1-e244-4cb8-9b5d-61e8933fd9cf,2026-05-01 07:25:32.458006+00:00,2026-05-01 07:25:32.458006+00:00
7dd5e893-1c63-4ffa-adde-c3fbf55b5cac,abd69a6f-245f-4e54-924f-03ec7d0d73cd,b4d2eaef-3b30-4397-94a0-e989c1f5702b,2026-05-13 19:02:19.785163+00:00,2026-05-13 19:02:19.785163+00:00
d2847615-ac8b-4ff2-ab70-c6c1454407d3,64216b9e-a632-457f-8caa-556c24f83efe,b4d2eaef-3b30-4397-94a0-e989c1f5702b,2026-05-17 13:06:15.550833+00:00,2026-05-17 13:06:15.550833+00:00
b071696c-41c3-447b-b83a-360e570077b9,6973657b-d1f1-420a-8455-21801cdf60de,6b1fc3bf-4fe8-4071-acf8-52b52bceb1c8,2026-03-07 04:49:18.697855+00:00,2026-03-07 04:49:18.697855+00:00
c7860c73-74b3-409d-935c-6b3715a6b094,3103bb9c-e9bd-4bee-b391-1563f3b0eb23,9b57e92e-8ac3-4c36-801a-07f97f67de2d,2026-03-08 00:59:28.524989+00:00,2026-03-08 00:59:28.524989+00:00
36fa5a8c-6275-442e-9fc1-d0a8ff629f81,d07ef838-e12c-45d2-856c-3185979c156d,9b57e92e-8ac3-4c36-801a-07f97f67de2d,2026-03-08 01:37:32.966837+00:00,2026-03-08 01:37:32.966837+00:00
09762eba-1173-44cc-a830-6dd92088a1de,ce06edbe-a4d4-491d-9686-de02c1e9da69,9b57e92e-8ac3-4c36-801a-07f97f67de2d,2026-03-08 01:43:28.040462+00:00,2026-03-08 01:43:28.040462+00:00
aca7d12b-f896-4e77-9bc9-cdf33f1f721e,aa6b4a8a-c3a5-47e5-b769-f5bd4c503e10,ad765ae2-da07-47fa-ad7f-76d73aabf56d,2026-04-04 07:56:11.460256+00:00,2026-04-04 07:56:11.460256+00:00
3f8bd643-eef4-4985-8f42-5c2f5f12ff18,271307c2-ca49-44ea-9cc8-9f2a0e6faf9f,6097b47f-8d0b-460d-b488-8de907c2801a,2026-04-04 11:45:03.946269+00:00,2026-04-04 11:45:03.946269+00:00
fd5759f5-ba89-4f5e-b03d-b152b611937a,8786fe70-6d26-4e9c-9a2a-2dd37438c85f,6ab6a702-34c7-4f8b-9694-a3515d2328d3,2026-04-04 11:55:19.337168+00:00,2026-04-04 11:55:19.337168+00:00
94e09c33-593e-41a2-a729-c6420e343824,9a8b57c1-8dc4-41ef-a0cc-d5bdf15f7150,206b6fe7-47f0-48f6-9079-26c38db70306,2026-04-04 20:38:24.792766+00:00,2026-04-04 20:38:24.792766+00:00
306fed31-5c0b-4893-a131-3ad63e472263,18956ac6-8cae-4249-bab4-e0445f287a43,dfa12a62-6a94-4c9e-abcd-636c8445204b,2026-04-05 02:56:39.462962+00:00,2026-04-05 02:56:39.462962+00:00
88d11700-0d70-4d5d-a183-af415683cd34,6a359784-5b12-4db8-b6cc-22931c809d5d,d8871e2c-b82f-4e19-914c-42cf7aab191b,2026-04-05 11:59:00.572036+00:00,2026-04-05 11:59:00.572036+00:00
c8584c33-e0fc-46de-98aa-08425da1072f,511156b1-c339-45cc-9951-a6bca3d7c7cd,fb1e3e5a-5451-49b1-a227-c14a47c24883,2026-04-05 14:41:46.503189+00:00,2026-04-05 14:41:46.503189+00:00
9b991331-ef28-43ae-b3c6-c5464c897b99,1cb0b7f5-01c1-4473-b5f3-efc559ed58f0,83130ef5-5029-4af0-b65c-9f7fde9b6735,2026-03-03 22:40:54.980105+00:00,2026-03-03 22:40:54.980105+00:00
6c82690d-897a-4245-ab74-ddaadaf385a9,2ab8c361-0214-47f2-acd7-195f330c32b2,83130ef5-5029-4af0-b65c-9f7fde9b6735,2026-03-10 01:11:52.717389+00:00,2026-03-10 01:11:52.717389+00:00
8ab7671f-036e-4c1d-97bf-fed8e7fc7b02,7082760d-9282-4da5-9885-195016194f02,83130ef5-5029-4af0-b65c-9f7fde9b6735,2026-03-16 09:16:43.040020+00:00,2026-03-16 09:16:43.040020+00:00
2227b960-fac1-48ed-86c8-fdfd1bbe2c4e,bbc78c6b-34e2-461c-977b-d57d4dd70361,83130ef5-5029-4af0-b65c-9f7fde9b6735,2026-03-27 03:34:38.072204+00:00,2026-03-27 03:34:38.072204+00:00
d75fe5c8-3505-4539-8065-45f86b014267,b5036f22-11ad-42cd-a7d0-585d3bd8ab7c,b0a333b2-d5b2-425d-9a28-8199fd50438f,2026-05-19 23:07:12.078685+00:00,2026-05-19 23:07:12.078685+00:00
728b0811-72a7-437e-a6cd-67192304328b,6e5bb2ea-b076-4b02-9935-4de853b15910,45b52673-1bb0-4ce5-b752-a78fea8ca7ac,2026-05-19 23:41:51.977938+00:00,2026-05-19 23:41:51.977938+00:00
e161ff7e-63bb-4d6c-a2eb-d84c47dfdd11,851519f7-ec82-4dc6-b4fe-2c5809b43ed6,cf0ad168-a4e6-4f38-b7ae-1590942fe748,2026-05-20 03:12:23.330274+00:00,2026-05-20 03:12:23.330274+00:00
333f2654-06c9-4d49-a1b3-48567dbe3a33,d712dfc0-c0fd-443a-a18a-4618981d36ea,5ba04dbb-ac4b-4244-82ff-e540733eec2b,2026-05-20 05:17:29.479854+00:00,2026-05-20 05:17:29.479854+00:00
6a04f03b-706c-4799-b05c-fd662c287fe1,cbf50331-9c5d-42c1-8daa-691abf3ef232,305c443a-9f05-4281-9d4c-d082b29a7c5c,2026-05-20 05:30:04.599921+00:00,2026-05-20 05:30:04.599921+00:00
2d50e240-7f6c-4990-a44a-803191347d94,46d4cca1-5e45-4f2b-ab88-ebac03e261aa,2e4d0d7f-68f2-49a2-aa16-f8efbf661b65,2026-05-20 07:25:13.801920+00:00,2026-05-20 07:25:13.801920+00:00
0348223d-b14e-4262-83ee-a1a590455673,f1e77a27-1f5c-4d5d-9e60-b3ec71a13e63,83d25df5-f878-49b0-b879-294d6c58b4cd,2026-03-03 02:41:45.506501+00:00,2026-03-03 02:41:45.506501+00:00
89196358-fd46-47ed-a369-3347328b5c04,059de362-8c4d-4d41-aa99-afb380d1bde4,33fc1a39-447f-4afe-8384-be539654d4d1,2026-03-15 06:44:53.658209+00:00,2026-03-15 06:44:53.658209+00:00
209c588d-02c5-4de3-926e-c5b02b54aa14,3a558bb5-41e7-4323-b53b-cc42360ddb3a,3a777ce2-5769-41e7-afcf-075c72921ef6,2026-03-25 23:40:00.142582+00:00,2026-03-25 23:40:00.142582+00:00
f3509125-161b-4715-9e4a-25e28a725b60,28e09050-a0a9-4d1c-827c-598b80617150,c24fe45a-ff87-4606-bf4b-a1be3e84075f,2026-05-18 13:28:15.317845+00:00,2026-05-18 13:28:15.317845+00:00
639b93e8-c5d7-4b69-92ce-75b1e6093cdd,77672d0a-d325-4fea-a4cb-c0500232f86c,9e025285-8196-4ea7-bc5c-1176b1459e99,2026-03-24 05:20:01.090490+00:00,2026-03-24 05:20:01.090490+00:00
5caa155a-8c56-4556-bacb-565cf4026a31,1cc3c1f3-1007-4960-a229-2dfe43490f8b,9e025285-8196-4ea7-bc5c-1176b1459e99,2026-03-31 23:16:53.005770+00:00,2026-03-31 23:16:53.005770+00:00
00416957-30a5-4ff4-87ea-c7fcbee30c52,55622468-ce25-4d0e-978a-6f2d161d3fd3,9e025285-8196-4ea7-bc5c-1176b1459e99,2026-04-09 10:43:16.405671+00:00,2026-04-09 10:43:16.405671+00:00
de5662a8-df84-4718-9563-b529ecf7567b,a071f85a-eb66-408f-9e98-396448799137,9e025285-8196-4ea7-bc5c-1176b1459e99,2026-04-13 13:41:17.980261+00:00,2026-04-13 13:41:17.980261+00:00
bcb267e0-0024-4e77-be35-50b6625e6f49,145a2bdb-2e80-4f05-a49c-7268f19e1601,9e025285-8196-4ea7-bc5c-1176b1459e99,2026-04-25 14:06:44.670079+00:00,2026-04-25 14:06:44.670079+00:00
06e6978c-4da1-4044-ab99-8874bec62e8f,a6915e00-340c-40ee-8f1b-632cba3a2bfb,9e025285-8196-4ea7-bc5c-1176b1459e99,2026-04-27 13:19:35.260376+00:00,2026-04-27 13:19:35.260376+00:00
46e6769b-dd84-4c11-9f6a-e45932119802,df3a7b31-2e56-456c-b2c1-cdd3b2bf6525,9e025285-8196-4ea7-bc5c-1176b1459e99,2026-05-03 20:21:15.480023+00:00,2026-05-03 20:21:15.480023+00:00
dd774ff2-953d-4da6-8bd5-4e92ba0c259d,4397634d-a792-4038-a88e-cc6e013732b5,9e025285-8196-4ea7-bc5c-1176b1459e99,2026-05-15 02:28:46.976075+00:00,2026-05-15 02:28:46.976075+00:00
6be14561-f723-47fa-8214-e68f27ea7348,0338d39a-c568-4354-a10c-a96aa641dce3,5c2e4099-2ae8-44ba-9901-ca3556ed62c2,2026-05-21 22:28:39.299312+00:00,2026-05-21 22:28:39.299312+00:00
95afd6ce-5205-4432-9f86-8cd8745ba2a8,bb95ec8a-84e8-46c8-98bb-394dd1f4f17a,9d4c4047-883d-4851-9290-6ec940d833c3,2026-05-21 22:46:19.260015+00:00,2026-05-21 22:46:19.260015+00:00
2f7a048f-50b2-4a8d-ae95-cdc147f81028,8e8bd7a9-9da1-428e-9539-7ceffc939ea6,cefecb7d-fd38-4d82-851f-be436d0732d6,2026-05-22 00:49:25.051291+00:00,2026-05-22 00:49:25.051291+00:00
feab0a24-7f5d-4668-886e-20d20626bfdb,908eb090-6805-477b-86c3-d2d025c694c9,b60bcadf-6695-498c-b324-35636bdc981d,2026-05-22 02:18:46.077496+00:00,2026-05-22 02:18:46.077496+00:00
58770105-b2f4-41f3-8f79-74cfc7fde787,3a15a3cc-6a19-4e52-90a7-3bb6a7069f5a,5ef91883-ec1b-45f6-b104-b043b499eb94,2026-05-22 04:29:57.929320+00:00,2026-05-22 04:29:57.929320+00:00
6d477c66-b51a-4c70-a664-ed1264f3d476,efaf65ee-8eb2-45ca-98ff-ed118f5ee650,9a4754bb-2a38-49c4-bfdc-efb547952f26,2026-05-22 05:48:04.881870+00:00,2026-05-22 05:48:04.881870+00:00
89a19240-5703-4a96-ab70-99f22a901082,f0e397a5-9484-4abc-a3b5-7d3dea0d6555,007c3d70-c8ce-4c05-bc1e-2f6c077104c4,2026-05-22 05:50:09.903148+00:00,2026-05-22 05:50:09.903148+00:00
1e78276b-a94f-4c11-ba12-941b23b184f8,13cea720-6ef1-47fa-aaa0-f034088e9934,c7d1e8a3-8542-4119-87cb-f9005ddb981a,2026-05-22 10:31:58.753833+00:00,2026-05-22 10:31:58.753833+00:00
d3dccbbe-c146-4d3b-a5c7-c996184cecc1,22a399cf-6466-4a14-936c-2a9c5c37f9fd,80d74ae6-476b-478e-ac71-ff152b949830,2026-04-11 22:22:14.857660+00:00,2026-04-11 22:22:14.857660+00:00
aef6c97a-c51b-47d5-8f85-606f8090b65f,1547aae3-d1fc-4f0b-9688-9a4eeea9c2c2,676192f9-672a-4625-852a-75238bd1fa3e,2026-04-11 23:31:17.939764+00:00,2026-04-11 23:31:17.939764+00:00
a41d0cf0-6b3d-4bc7-9de8-234a9313d7ae,bf76cb06-37c5-4b28-847c-74792a8b0114,98c057b6-1bd4-459d-ad49-5da95ac8661c,2026-04-12 02:41:53.659693+00:00,2026-04-12 02:41:53.659693+00:00
6fd23b2b-28c7-4bd5-91ad-daa3129ddda4,0faca715-e0c7-4aab-838f-93cf76ec97ae,a6041eb4-f065-4eec-9244-7c156034890f,2026-03-20 00:38:37.016625+00:00,2026-03-20 00:38:37.016625+00:00
c992ff4a-5391-446f-8b8f-1d798df5666f,c4d8b14e-0993-4554-839e-ee72b4a93430,a6041eb4-f065-4eec-9244-7c156034890f,2026-03-20 08:04:19.281349+00:00,2026-03-20 08:04:19.281349+00:00
4227a7db-3355-43fc-a81e-0aabac885439,dc309a0c-7460-42e0-b665-5e7a2aa7777e,a6041eb4-f065-4eec-9244-7c156034890f,2026-03-20 15:57:15.399489+00:00,2026-03-20 15:57:15.399489+00:00
e0752ecd-8523-4260-90f5-65ebfe6aa659,7e6c8fb4-af4e-4033-a652-fa18c946c220,a6041eb4-f065-4eec-9244-7c156034890f,2026-03-21 01:54:13.712770+00:00,2026-03-21 01:54:13.712770+00:00
29d3c674-804a-4468-88e7-93633b913080,b5a42945-7c7c-4e67-bdb7-d6ff063744a0,a6041eb4-f065-4eec-9244-7c156034890f,2026-03-21 02:46:57.338088+00:00,2026-03-21 02:46:57.338088+00:00
2dbed006-9b58-474f-bdec-a44104e67529,94ee62e9-6a95-472d-909f-edfacbd8acd4,a6041eb4-f065-4eec-9244-7c156034890f,2026-03-21 11:17:53.319739+00:00,2026-03-21 11:17:53.319739+00:00
2a30fb3f-600e-4995-86f5-9d527f959dbc,a9fc53f5-c696-4b47-97f9-0e0184543b3b,a6041eb4-f065-4eec-9244-7c156034890f,2026-03-21 14:29:38.050312+00:00,2026-03-21 14:29:38.050312+00:00
bee2578d-3ee8-40ba-b74d-4e32eea80fcd,ba1b461f-5d36-4445-b979-2d6f087e6618,5be6cc56-8e06-4c44-a0ce-d3b7ce5e899c,2026-05-15 08:29:26.044283+00:00,2026-05-15 08:29:26.044283+00:00
