id,transaction_id,order_amount,created_at
7d0e8b68-437c-45b1-9e20-3ed78195c69e,5985d638-351c-4c37-8339-e04a8122e7af,3551.36,2026-05-05 10:56:53.078969+00:00
359b8a26-a02e-44a5-a3cd-dd94db107d82,dced1679-844d-4797-a8e7-b4b9ab94d6e8,193.41,2026-05-14 10:40:03.482643+00:00
c529c9a8-4e75-4eec-986d-5af798c5625e,6f0dc448-604a-49dd-9d25-bb0c82768555,978.66,2026-05-29 21:20:38.823054+00:00
eea55618-d498-4866-96bc-0c9b32bc2a18,bb3a2bec-8ba0-4407-9563-a698cac96e4f,1614.95,2026-03-28 23:02:17.099018+00:00
6b98358e-a07c-4721-96d9-2ae89dfac622,b2077399-f1ea-43e7-b09a-ccaf74094e50,2303.13,2026-05-03 23:54:11.747979+00:00
b79ccf63-f4ea-46f5-87f7-442bebb7b8a0,d07f5d4b-9de6-4a98-921d-a54fb7d97ba1,1851.9,2026-05-29 16:45:55.264422+00:00
ed559486-a46e-425a-9076-aa346f1fe7c4,09f6aeb0-8256-4e91-8faf-c00dbacf8195,3873.41,2026-03-20 15:14:59.906973+00:00
0d9cb509-3cca-473b-9699-6cc3125ea40d,946c8287-0fd0-4378-9a90-1bfa7c820c70,10.0,2026-05-31 13:01:49.566750+00:00
1ea88b2c-9da0-4823-9d9d-ad34d6bcb054,0ff5956b-4ad0-4908-84b3-63398aba5fc5,423.23,2026-04-16 07:37:30.649536+00:00
f4318863-bd0f-47f6-a91e-824e807a3bcd,8d7be986-9f21-4cd3-9f82-1e6dacaa28ee,271.02,2026-04-24 18:34:11.431215+00:00
78badbb9-a4f9-40f8-a08a-5da08bae7229,a2539350-01cf-480f-8b76-8041c67d090d,119.44,2026-05-01 18:20:42.810441+00:00
aff27390-99f8-488d-95c1-9e04eaab3a1d,ae575f5c-8c81-4458-a733-5eae0adb1e06,383.58,2026-05-14 00:14:33.959494+00:00
bbe59733-ff4e-411a-a134-01a6e0c5c0fc,fc466dd0-d910-427e-af40-fc3ccac18090,3694.35,2026-04-09 07:35:11.101569+00:00
84b08ff2-27f2-4ffb-9432-08e934bdfcaf,c27030b6-7c09-4115-8aea-5ea736f28740,4130.01,2026-04-11 06:45:58.776016+00:00
6c2c2cda-1149-454e-aced-b598caf239e0,d3deaa80-5151-4b9a-a029-7a4f325fea1f,3859.58,2026-04-18 06:12:15.847616+00:00
207cc090-7b28-48d2-8f1e-f7a12b312e09,44c69127-bb89-4751-99fb-78bbc9e4306f,4872.79,2026-05-05 06:08:38.217349+00:00
711e4e7d-f477-4c28-84fd-4cd5e75b4b6d,cb696065-a6b1-4a8e-b5f5-ec01e056510b,3806.55,2026-05-23 05:53:37.199171+00:00
2b634ca8-cd9d-4cb4-9a16-ef8e235fc8d4,acb0b1ab-e9da-408d-b5c6-21a850c02e34,730.82,2026-04-18 17:29:40.396941+00:00
9f1db5c5-707e-4db5-a421-87e88689483a,372ed164-725e-4e19-b019-1160eed4d19c,667.2,2026-04-18 18:20:50.303764+00:00
beb2fac1-811a-44af-8e98-6727bccf0070,0d231061-bda1-42cd-8bfd-e4805add24dd,4554.09,2026-05-03 09:34:01.844261+00:00
707baccc-1d5d-4f86-bc4e-b285ec9c05d3,d7a46989-b7c1-46ce-8505-139940c1fdc0,1690.38,2026-05-05 00:23:12.717508+00:00
05d68fb0-55d7-4b35-8593-de8062034a6c,d109ab5c-f111-4c42-a2ff-b79dbbb66831,7533.86,2026-05-07 14:18:33.033881+00:00
34b96a7e-e628-4542-9e91-d2b1a79d0899,1f5d7b57-1d28-4af6-9bfc-9ffb0ee0a8bd,255.1,2026-04-26 23:38:53.717321+00:00
e58ffd18-8ef9-4662-bea7-a52c303fa572,bfe499fa-7fc4-48d5-94b4-9f6a88ae2ef2,1105.24,2026-05-01 20:16:10.309562+00:00
07df7aa6-0434-4d34-81e7-7b36ac759e4d,e7129833-853b-48e2-a48b-67b4a0c714d0,495.56,2026-05-21 01:43:30.797326+00:00
e67a5e6e-079e-4a04-ba85-c679d544265c,26b831e4-c16f-44fd-8d35-c4034746f28b,3783.35,2026-03-16 04:45:24.996202+00:00
61eaa74c-51f1-48b0-9748-0221d78222a4,fe5f2b81-d395-44cf-aa63-9fe126dbf433,5119.4,2026-03-31 04:22:12.145360+00:00
f5fd41f2-77e3-441e-b9d5-201056a6d357,cff35c0c-c8f2-4680-b097-9fd4c8139e32,5015.96,2026-05-18 07:56:02.574266+00:00
48a2f79c-94c7-4f3d-a8ff-13becd770223,4ab65b5e-eac5-4ba4-8e47-45974c55b4ea,992.39,2026-05-21 09:30:57.049972+00:00
f3e0b15d-1376-42d6-95b8-b31cde11ad7e,936f506c-a03e-4e99-887d-e8b4e98c7652,10.0,2026-05-23 03:57:21.164914+00:00
1037008b-b4df-4348-93e9-7b9bba05d960,7ac25a0e-6720-44fa-a406-3516928cf1d7,1044.68,2026-04-04 16:04:50.328212+00:00
743abc71-a1c9-46c1-9003-762743dd56a4,0e733d76-eacf-4dce-914a-11fea152a6ab,2550.44,2026-04-12 09:14:03.437046+00:00
5c82b530-f7ab-462b-9a29-e91a3bfcedbd,986c7b9e-fd70-4076-b6d4-9953c5f45382,3617.17,2026-04-19 22:27:54.537791+00:00
9288a118-317f-4a7f-ad2e-9aa0873edb92,fb9caed9-2abf-48c5-9d33-f15ea4c3b5a2,836.78,2026-04-22 06:48:49.285464+00:00
4b798bc9-08a2-477c-86c9-307979957082,8752ee5b-05c3-4351-ad5f-9252fbaabe4f,631.05,2026-05-08 18:34:14.531703+00:00
b4d3dfcb-e235-4a15-951d-7bb57903be3e,56bc9f0c-415e-4182-b774-70a25dbc60ce,1092.64,2026-05-12 01:59:02.272130+00:00
e4aeac33-4ea1-4bba-b3ac-e522de54f82b,261bcc64-f179-44ce-a575-fae3ff456fd1,1060.17,2026-05-20 13:02:15.237497+00:00
56002385-3c1c-407c-85ee-dc6ef8958294,211937af-7ca8-459c-b7b1-c61913adeebc,280.83,2026-04-28 22:06:29.761773+00:00
5c7d9314-9964-4207-a4fa-1cb9f9f71b53,e33445da-bd81-463e-8004-c624b6d5ab59,221.97,2026-05-13 03:11:14.609915+00:00
520c3208-93d2-4e8d-96ec-fc3f248cd959,e3659109-b85b-4e19-a78f-042f84ae1178,4601.27,2026-05-10 15:31:59.318255+00:00
8bf66518-98de-4bf4-85a6-3813fe534667,5be4e7c0-8e04-4bcb-9dfb-f650e992e569,10.0,2026-05-24 07:25:29.678584+00:00
1850f0f1-31eb-477c-bde1-2e809a11aedd,125d9e31-94a7-47d2-a988-8b3536f5d0a9,1561.51,2026-05-07 09:17:19.882916+00:00
ac3e1579-799c-40fd-909f-3d8e4a308388,06e8cdca-b6a1-465e-b9ac-d775d941c813,864.92,2026-05-15 15:39:55.125630+00:00
965892a1-382e-4ea3-9d4f-fe948a5bf5f4,ad2eb24e-a55b-4a7b-8393-8a2b785ac196,845.49,2026-05-27 07:37:00.486000+00:00
7735526b-9025-4000-bc01-d2400e05bf18,f83c9ad7-4e1e-4947-bb67-4457086ff03a,10.0,2026-05-28 04:37:39.222908+00:00
a051f493-f03d-4d3c-97a1-a3571cc5da18,37e25fd7-e813-48e9-8a35-ff2110f8e127,1956.12,2026-05-08 21:20:04.396808+00:00
75a39c7e-cb74-465f-82e7-8e8525fbd69c,ea904f0f-b928-446a-9215-f7af2ef951a7,850.91,2026-05-15 06:28:32.732324+00:00
a361e671-f07b-4750-b7f6-cb2ce9bf7eba,a0aa6503-53a7-4bf6-a3ab-55b3acdffdf7,1287.24,2026-05-19 22:15:56.725242+00:00
db4eb9a2-367e-4d75-b97d-d7551af528ae,ad314578-77e4-4c75-8fc7-72adf2f822bc,666.26,2026-05-23 03:11:17.435430+00:00
7b7ab49d-ee8b-4b6e-bdf2-6f093d4c1daa,5a45f172-1040-48a8-8828-cba18aa1ff8d,2054.47,2026-05-07 07:29:48.954824+00:00
3430c409-9fb4-48b5-ba9b-feb9680c935f,03528ddb-dc44-453e-b049-0e405ccba308,3947.45,2026-05-08 16:16:28.127939+00:00
ed4eb173-0b7c-4699-b26a-b8706f76f0e0,b0bbc8f7-f80f-4b6c-91c6-ab68a609ce08,603.67,2026-05-22 16:24:20.675051+00:00
67582f22-6b34-446e-a901-3e2151d30803,fedeb49e-5ce5-4b74-82bb-ddd88376e894,5907.55,2026-05-22 18:31:14.484307+00:00
fee40bf1-fafa-49bf-9972-864eaa7b8460,168e1073-98fc-48cc-ac62-3cd084a0e974,2941.97,2026-05-03 20:10:36.962386+00:00
bba8e4a9-7ceb-4257-8621-134b7875cac4,7430eb0a-b934-4f40-aa96-b0d5cf0324b1,2029.66,2026-05-04 01:01:44.148680+00:00
7672af23-04dc-4267-8f24-1b71b773294c,f620f4b7-9997-4efd-b9f2-d6fe1b38806d,990.35,2026-04-27 01:08:34.209608+00:00
0189194d-54a4-4e5a-a668-9fee730e5357,d796e880-2957-463f-a7b7-3c173c0454ba,892.63,2026-04-27 23:09:55.743814+00:00
2cbcc91e-f068-468d-9406-043f208ffe5e,bb8ef84d-76ba-4e8d-bbbf-5c49855cc2fe,1637.25,2026-05-07 11:00:45.307641+00:00
66a36297-042a-41a5-a6cb-d6dce577f7fc,5f9f7d74-8334-42bf-9ddd-079cfdf412e9,1663.76,2026-05-14 10:25:28.369034+00:00
df3e25bf-a134-4c29-a515-17cb03cfa5a9,9d601272-b890-46b9-8f75-19ae68c02a06,1024.95,2026-05-29 00:04:03.692343+00:00
5beb217f-d8d1-460c-aef2-83fbae1b7952,3db3c4bc-a83f-4641-a05e-7ec07068d5d1,2367.21,2026-05-16 09:21:13.230059+00:00
4558e5e2-dcb5-47b4-917b-4f26264431c6,c9d79fda-47d3-427c-a305-70cad73dde68,1387.25,2026-04-12 22:15:45.286001+00:00
64a537ea-b347-4cbb-83aa-0a970510ae3f,9e818ce3-e2b9-4d14-9d13-6ee93a49366b,10.0,2026-04-23 22:22:32.826158+00:00
d811245a-23f0-45f8-bde7-1bbf8d423e61,82e3f7c0-fa7d-48f4-98b5-20acb14e1a79,597.55,2026-05-01 00:25:16.325522+00:00
cec59de1-419b-4505-b985-94e9163a1ff4,716a02a7-3917-49a1-b78d-ae36387fad19,1709.44,2026-05-31 06:03:14.386485+00:00
23f519f6-6dd1-4233-a00a-acc0de609cd6,1ab15795-b0c8-47ff-818e-249ef27bd2be,976.64,2026-05-31 22:19:42.431568+00:00
9caa62ff-1777-426b-9155-5f9bff4801b0,bb3132df-37af-4e7c-a5c6-b7f5a737cc19,1445.53,2026-04-19 03:12:23.933532+00:00
4ca87757-149a-416f-837c-3ec8eee0f566,0badd814-c4f3-48f7-af5d-d8756660ac36,1889.15,2026-04-21 08:04:28.080202+00:00
87e73e95-95a8-4bf8-84ce-575cc6a517c3,d5db3076-ba61-49c6-92a0-7464ae66611a,412.41,2026-05-03 07:47:47.786525+00:00
d82f3fdc-d927-445b-a54e-00040a23eaba,4b8cc229-cf6a-4252-8e70-f38afc2c73c7,2905.99,2026-05-13 04:53:52.184767+00:00
c06eeb36-45fa-406d-8d7a-e71d1f5db85a,22d40ec5-c586-4f81-a068-b8f19d75b146,2380.96,2026-05-03 18:46:13.046427+00:00
50a84e9b-346c-44ec-8ecb-6a2c1927d9e3,c7eefd90-360b-40a0-b991-9eb42c7e0f9d,4600.42,2026-05-03 19:29:27.657870+00:00
608327b7-ec86-444d-8a8b-f27ccfb1b942,cedaed6d-2ec9-4d5a-907e-7161d1de7e84,3590.53,2026-05-04 11:36:08.123184+00:00
f382789e-8608-43b0-a312-a17c129c33dc,a1f1d90d-3a2a-4e2c-abd9-100c9c3b89d0,1061.7,2026-05-05 01:52:35.999218+00:00
f38ad26e-f92e-4867-9b69-380155fade59,8400cd58-5500-4d88-9471-966ddcf115e0,4070.81,2026-05-05 06:01:50.575168+00:00
c0f22674-9111-402b-a663-ac3fe56f2748,16c79a49-6504-45ee-809f-f28c7c180c31,2581.64,2026-05-24 10:14:34.990853+00:00
413c05ca-6b03-429c-a70f-a1366def0c52,476e6199-1d7d-4a91-bd5a-f8f4559b2295,1542.96,2026-05-25 21:16:40.797224+00:00
e8cb4111-f845-4087-8180-be27ca792147,dc68c518-00fb-43d0-9802-d1c0513f1f9a,2901.07,2026-05-25 22:36:04.155845+00:00
6ad24f3f-9ae7-4a0c-ba9e-037bec4e01a7,fa89be4f-7203-4d37-8df1-b0cfd4b06ab6,536.64,2026-05-26 01:47:03.683039+00:00
3c5d848b-c34b-4236-9394-99ef7abba7b4,fde47b4e-02ae-44e9-b7ac-b0d0f276c26c,3212.69,2026-05-28 17:38:38.785114+00:00
6f8897e6-40f0-42e6-a1ce-a77cf378db38,89f0685d-37b2-4d18-a71d-3f6a3dca1ae6,3370.73,2026-05-29 08:30:53.091698+00:00
063874c8-d02f-4fa9-bcc9-916e39441eb1,a46c4fe2-0d5a-4c5e-9774-89523ef1d70b,3974.25,2026-04-15 07:49:01.167128+00:00
f3213843-ef99-49f6-bfcd-5786eb3ba34a,ac549d83-e783-434a-9b39-cf673b1c906b,1843.58,2026-05-27 01:41:58.862691+00:00
0addcdf9-5b20-4c04-88a3-c9e8996e7ae7,0858c311-2188-44f7-93a3-2da9d4983436,1945.0,2026-05-26 05:09:22.072269+00:00
0d397fff-cb1c-40e0-b4d8-727514d115af,5cf00230-5cc6-4cec-af76-78204353e1ac,1570.26,2026-05-27 01:16:39.845944+00:00
6fe3df25-685b-42a9-9f4b-5058a6fccbee,757705d6-34e7-482f-bacc-65a67cc2b3ec,3641.65,2026-05-27 16:28:48.561718+00:00
9469ebce-8e39-42df-a71d-5a0a49e7fa51,c64bfc92-8e13-4ff7-85b5-ec08945b07f7,123.29,2026-05-27 20:31:14.629396+00:00
0c8452fb-ecda-4717-97ba-c906a64e61c3,fdbb8b32-de41-4c93-9e60-6b4ead41a26b,3033.71,2026-05-28 22:12:57.119012+00:00
729bac59-c81d-4907-b4ea-92855f10472a,320325ca-9436-46a2-b506-c5b744a5d121,1014.53,2026-05-13 16:33:59.487005+00:00
a9b7c247-b56a-403f-9915-f2e4c7ed600b,81899277-94bd-4b48-8e5e-09d166394666,2570.91,2026-05-23 04:58:40.392182+00:00
8869ac82-196e-4e03-9772-4e49beb5eb59,160bda83-1ca4-49a9-8ca8-def7e13db62a,1702.32,2026-05-23 22:27:57.613797+00:00
95311858-09bf-4fb5-a705-294e207db2ef,4c419e2c-47db-44be-88e6-9484b6f95d1a,797.68,2026-05-22 09:12:59.815854+00:00
28d91c00-f077-4734-bc3b-24c6f8e841b1,6ad0eae5-3bcc-49f4-9dfa-ce28bcbd4598,892.33,2026-05-27 00:32:19.621267+00:00
e9634b66-4857-4f11-b77c-1035f536ed70,cffa5808-94be-47d8-9db9-af0d5eac3b58,212.47,2026-05-27 20:30:25.650082+00:00
8425fc7e-e7d9-4990-bc87-df3dbf3671d4,24e31d4a-eea2-427a-a77f-44ce2875a0dc,589.79,2026-05-30 15:49:03.872374+00:00
0cad575a-d03a-475f-bec8-fce07a86d1c1,629f6c32-855b-44ee-9fb6-21571e7293a2,65.12,2026-05-22 02:22:14.256683+00:00
0d3b7c59-abf7-4e7e-af4d-30b8284600a7,9a06821d-9073-468a-a5d2-d9b95685e0fb,10.0,2026-05-24 01:07:57.611454+00:00
e779413a-c112-4b2a-aea3-a5aff9b44370,59c08ebb-e2de-49d8-8aff-2e155e026132,534.8,2026-05-24 10:25:29.873187+00:00
d68192b6-1370-414d-a459-b5d2ad093c89,65a68de0-9c79-4aa9-9eed-0c62c187cca3,598.82,2026-05-24 23:55:44.304676+00:00
cbaa7951-f44c-4308-804d-2c190d2063c4,1de5ba8e-8b62-4ae4-88c0-1d764ccf334c,758.56,2026-05-26 08:43:45.387997+00:00
966b9657-a839-4b39-b7e7-2a907bc18bce,0da8010f-4aaa-4f1e-aa2d-3822ded27547,284.28,2026-04-08 22:05:30.684068+00:00
02e89cb7-f955-40e4-a540-bceac3b562ee,cba75a60-5a41-4011-b189-d7584af0e805,601.83,2026-05-29 23:14:53.297009+00:00
43bbc079-b602-444e-9d92-d47880c4b628,c991c2ef-c552-4109-a8c0-a578ebcf6107,178.8,2026-05-27 21:58:32.617515+00:00
aa59d175-a19f-447e-84a0-182390ebb07a,f9c2d47d-c8eb-4906-8fa1-8b723ec519fd,1422.49,2026-05-28 08:17:25.351812+00:00
06048871-cb5f-44af-a57b-4541697d7ce5,7c027c55-77b2-4521-a099-8ae0b7f04def,685.19,2026-05-30 00:30:39.013884+00:00
3d1c5e6c-3bea-42a0-a55c-64c7f4bf6f60,e2310a9e-b4d0-4cf1-a642-407935f804d3,1642.29,2026-05-30 05:38:19.994375+00:00
5de49e0e-8205-49ea-8928-6dd530c62fee,b09b3ddc-a72f-4946-ada4-7749d4f27344,1068.6,2026-05-30 10:08:02.959032+00:00
a6551fef-d32d-4d12-8c50-1ba2ec7e82c9,4336932b-fa7e-49c6-aa11-05f47a79ce30,2299.58,2026-05-14 06:05:58.164217+00:00
2dc8d429-4503-47a4-830c-fe17e7407b46,1537fd83-cb94-4934-9c7a-c11be7a9879b,2526.32,2026-05-23 20:34:35.614658+00:00
e8e4079c-c967-4f35-8c55-5cf42c486c45,be51dd56-9551-4f7e-bfe5-397a2a75319f,369.13,2026-04-08 09:37:37.593722+00:00
4472ce43-eccf-4f4c-8d54-99213ae3d9f6,bf410b14-4ef2-46bd-8a7c-171cc0060fef,5074.11,2026-05-18 18:12:23.886776+00:00
3c137b99-39a6-4e2e-a499-5696b1868033,b95c691a-cf0a-43bd-b7a7-5e52692b2abc,3576.07,2026-05-25 03:30:41.521008+00:00
91f39741-c586-4028-b5f9-7c3b58a6409e,77c4036a-10c6-4d8b-9829-279c2bfca337,1950.66,2026-04-21 10:20:12.093537+00:00
7746ee4b-1800-49d4-9acc-2ecfabeddfe8,ee9b10e9-54cb-4302-8665-191377bcf75c,2989.73,2026-04-22 10:23:52.075907+00:00
d166b1ca-6fd1-4730-9129-6a458941b6ef,03466145-a206-4638-b9cb-0ee02884c4e3,4195.36,2026-04-27 15:19:32.740726+00:00
1437214c-a01f-4b0d-bcbe-06648b71c81e,9e30e166-f8ca-4824-b64e-337ff352441e,2926.25,2026-05-26 00:38:45.305647+00:00
06f9e567-c474-45b3-bdc2-596244a71115,447f387d-ced5-4e3f-a55f-4ed1d3530b1f,3346.42,2026-05-28 16:33:54.762118+00:00
7b13768c-49ea-4b2c-91e4-80fce3786cc2,03534e03-f72c-49b5-92ee-ed60004f5380,832.81,2026-05-25 22:34:44.690382+00:00
dc9dae79-a928-45b5-b22e-9816f1f9b179,e17d0bbe-ba64-4688-bef0-ed2e183f1d3a,804.34,2026-04-04 04:58:41.911676+00:00
b5904b04-6a6b-4613-8a60-336e8f65675e,67dbc23a-690e-49e4-be96-8d20fcbef29e,1746.09,2026-03-22 23:23:31.731121+00:00
0ae032c0-846f-48d6-be27-d6ebd8e459c0,b39f2a02-ff82-4da2-81fb-cb98c2c5ee6c,87.21,2026-03-25 20:28:08.772143+00:00
51e51fe9-255c-4142-ada2-ecd45f867895,7f13f5f1-6b1e-4810-8007-6c61395eb57e,2928.61,2026-04-17 20:54:56.197607+00:00
95716dbb-67b8-4216-ae59-bc753823139b,552107c5-dad6-4515-b7c6-dcc7a7e16aa4,3030.91,2026-05-02 12:25:22.685531+00:00
92b53c58-37fa-48f2-929a-7c9c7c0b03a5,9895eb7b-53ee-4b53-86ac-7e1f8e928b7d,2243.66,2026-05-11 23:15:24.512388+00:00
add63583-56d5-44aa-b0c5-1169e2273170,7ebc6975-4ded-4ac1-bc7e-e1ae711db420,3296.06,2026-04-21 00:12:56.372896+00:00
8e8392d8-f3c0-4fee-9002-899538a9fb2b,b1967367-e6f2-4700-92d2-6439674d3355,654.59,2026-04-24 07:13:30.020753+00:00
cc500a31-d0b0-4679-aaef-d65514e066da,882a5bd3-e5af-4b0d-bdd7-c83bdc50998c,1259.85,2026-04-25 19:17:34.465488+00:00
67df2a9d-1df0-49da-8e5c-c94bb1b3f286,5773b997-7cbd-486c-b620-667ec90ee190,10.0,2026-04-27 14:20:12.020209+00:00
03ee08ca-019c-4abb-af60-5f7dd0aef20d,e59bb95f-26ca-4d9b-967f-139ea4c37556,3437.37,2026-04-22 21:43:59.090879+00:00
167206c0-c46a-4509-af30-3c0df5046138,cd6ac960-395d-4070-8669-0a17cea8d818,3938.85,2026-04-23 08:00:12.327995+00:00
fd38c2be-ad1d-4daa-add2-9c3292500d12,1c395484-0f56-4d21-971c-ffe72720d61b,2857.26,2026-04-23 09:05:08.154866+00:00
b5973708-ba94-4029-b260-a6026d2d1e0f,4ec09cbe-ac29-4a1f-a8dd-917978633eb2,1570.48,2026-04-24 04:19:58.044756+00:00
211e7e72-0d17-4a8b-95d2-5cedf3af2717,a1941b43-befe-418a-a632-0364b5b8bb17,2249.39,2026-04-24 15:50:17.393167+00:00
5a16f999-4998-4e7d-ad55-1b891338873f,3cbfb2cb-f5fa-4faa-b41c-9f7fdfe47b10,1181.97,2026-03-27 18:05:05.393050+00:00
385fb626-3dc2-4831-90c1-b5d3a177c536,e8f56be9-150c-4a3c-93b4-6ac34e07c159,1293.93,2026-03-27 19:02:32.330324+00:00
cebb932e-b305-40af-a6f9-c82afc898e35,1bb6803f-17b9-464c-8466-04fa5ae80f7a,993.48,2026-03-28 04:10:52.477901+00:00
b94304a1-4981-4752-8c95-52e05d84dec1,e63d920f-9be6-4e5a-b408-90407e6d7e76,3925.27,2026-04-16 13:55:41.197070+00:00
1c6942cc-da27-4987-bb5f-7604becc312d,17916414-7fc1-492b-b196-6eaa70ecd17c,4146.06,2026-04-01 19:58:49.665868+00:00
26e75314-7742-416b-a1bc-e838d8c5c374,fdbeb7bc-ac42-4e1f-a936-e359d48864f2,3443.99,2026-05-19 21:30:13.408868+00:00
5134fbfe-5db8-4982-8344-56ec7a6d5471,db7bd179-84aa-4543-b6ed-d0ca20a1974c,3728.51,2026-05-24 02:16:46.595673+00:00
9000295c-118b-44fa-8594-4b6adb6a5d3a,dd1565a6-3c2f-4c86-a9d6-9f6bd3a5247e,4526.1,2026-05-25 02:54:10.890770+00:00
6a6aca69-8f14-4d21-9d43-93665c011f7c,f23a8575-91d1-4607-8af1-f7ab7cb0d51e,1379.5,2026-05-16 11:49:06.868306+00:00
645244c5-3578-4cb9-bf61-83141601c2f4,896055e3-f6a2-48cf-b36c-bda0f4419a26,1799.48,2026-05-11 02:11:57.854925+00:00
b2671afa-326f-4232-b55c-ab680f63ab5e,b3585533-fc82-49d8-8c62-508ad56f030a,1021.67,2026-05-18 09:14:52.304522+00:00
f3cbbd05-f2c8-4db9-aec3-f19b71bb252d,64d591cb-37cd-493c-8445-ef0be759b07d,386.16,2026-04-03 18:34:10.284353+00:00
ebe8d6da-e7c7-4cd9-baf2-78355a02068d,f3022103-9b1b-4aae-9ab9-9eac96b8402b,249.61,2026-04-15 02:26:39.395100+00:00
b49acd29-92fd-4280-b38d-d3ea7ef1a43b,8cc0181d-a8ec-487c-a665-92b07ecaf51e,213.02,2026-04-19 07:53:18.268539+00:00
380847a2-a872-4e59-b85c-f2be22e12d5a,3df564bf-73af-4181-837b-86875737e2aa,282.4,2026-05-07 23:24:47.623778+00:00
90f596a0-2054-46a7-a432-ab8af8b02acb,0444d0c3-1da8-4374-9759-303f35944e50,360.37,2026-05-14 09:00:01.557607+00:00
1a932628-6191-416c-8bfb-60b6b75abdc5,9cd8bc45-88c9-4808-bef2-065f6507c800,5347.71,2026-04-27 04:41:39.274947+00:00
56523fec-9d49-4483-9f80-4bbcd6f7220f,2b465b1d-b0d4-4a33-8302-87150d3e6a7b,3718.96,2026-04-27 18:01:34.958631+00:00
00100adc-77e5-4932-84a1-e066d0f25339,ec004261-b4da-4351-bf6b-b3c5e3073cbe,4350.17,2026-04-27 22:11:27.734020+00:00
e633d0c0-a080-4008-ae5e-caf7367c497e,9786ca84-a322-4258-96de-b60a28b23ebc,4650.73,2026-04-28 01:35:35.877449+00:00
a26415a9-a883-422b-a1f1-574a194b8f6d,77758d27-d3fb-45df-98f9-ed4f4196a2aa,5061.89,2026-04-28 02:34:20.173723+00:00
6832f81b-1e37-4711-9719-c999b762927e,38fa0cba-5f37-48f8-ae4a-f98235f4cd7c,2476.71,2026-05-15 10:35:46.121263+00:00
d4aa219f-ea83-4390-9d27-a1f115fc3e2b,f8336143-e68f-4c2c-a982-0f98e371068e,428.27,2026-05-30 00:30:36.143381+00:00
1ecfc198-1cca-4677-bfea-d6315f17ccf0,59f497d7-3d01-4e76-a535-a85fe6810316,662.94,2026-05-30 11:03:02.146873+00:00
c726847e-3904-4cf2-a49f-714946ecc6ad,5c884123-940e-4c3f-9145-f8b7f9d8a925,443.23,2026-05-30 13:02:47.484397+00:00
bdadc957-88e2-43a3-95b7-78eec1385eaa,cb60d411-c42b-48ef-b6ef-67b77a32da4d,567.92,2026-05-30 17:38:08.525404+00:00
05c1b38a-2ca4-4134-8f73-dc2affaf6c8b,88c7c784-07cc-4129-8ef5-3010e77a1caf,275.6,2026-05-30 18:02:43.368961+00:00
5788b167-5df7-429c-ab61-723983fce98e,872538a2-b2c6-40fe-b472-ba75d20c94cc,1248.35,2026-04-30 15:06:56.948606+00:00
7cb5e3cc-f4d9-4689-a897-23a5c8ea10ef,f6fe50d7-d84f-4886-9628-98eb8ede201e,2896.2,2026-05-14 12:31:44.620234+00:00
25feb6fa-6ea5-4b39-b7e8-5fdba1ac7734,85b3e4c5-4b78-4956-aeab-8340fbe9ed5c,3171.17,2026-05-19 14:34:56.685985+00:00
e799ae7f-a1c5-40c6-9f03-047cb0c39a78,1963eae3-7728-469f-bb2e-47ed08472fbc,3237.36,2026-05-26 22:57:27.635735+00:00
cf4314f0-3f37-4227-ad7a-be78bd30d86b,9202cfc4-2a19-4023-b316-143dbe102081,2146.33,2026-05-31 21:01:00.443388+00:00
d708f132-f02e-42ee-a084-51c2124c8bf1,215a5f1b-8164-4d74-9e44-a4f57a8be1a1,1042.26,2026-05-24 21:39:17.220331+00:00
b03a775e-2073-46d5-af14-44635539ba8c,4b10f5f6-32d5-48bf-b1cd-3b9933c11f68,498.01,2026-03-16 04:02:42.656647+00:00
5f91b09c-09bc-4e9d-aed6-ce47472d5b64,56d586cf-3d96-4eaa-a936-b400904c0ebd,315.08,2026-03-16 10:04:42.487476+00:00
ae72c29d-c5cb-40a4-b2c6-cf95caa9dcca,600d5848-1063-4ccf-aa22-baf74990a56b,596.66,2026-04-03 04:27:23.605857+00:00
4f45fede-242b-4a00-a3ad-25676e285727,901430eb-8206-4d63-90ea-cdd943ecbeb1,36.47,2026-04-26 15:14:29.685034+00:00
e23a9e1e-cfb3-4349-be26-875fae2bc499,fc7d09a7-5535-4a72-b40f-bad4cbfc550b,3619.47,2026-03-28 11:08:28.993719+00:00
2a818659-4c36-4342-baa8-3bcd90ef558a,ee9c4d09-d2c2-4c1f-8f91-632b3ca67488,5512.55,2026-04-07 08:46:41.903408+00:00
b6148f57-ce89-4dfb-8c38-3b534624093e,57e26cfa-d903-41de-8d03-5b163bfbb309,5977.47,2026-05-07 08:14:10.072933+00:00
5c086e08-3279-4bad-84f9-b54297fe9f91,d8849d89-9e6c-444a-aee3-ed129ce9c1fd,1349.91,2026-05-24 22:03:05.205801+00:00
57d11be0-cfd8-431b-b82e-87b37c2d31b0,418f2d6e-460c-4721-a563-6abdd7d5b50a,2798.87,2026-05-25 13:54:12.793055+00:00
b20f24d8-b55c-40b2-9a60-69af87f9987a,21160939-eaa7-43a5-bb9b-63b4e0e540fa,3092.66,2026-04-14 00:35:35.201624+00:00
dd70295f-17fe-4e62-948e-d99825338e89,7b182bd4-5f73-4b5f-bcbf-1dc94e4a2cd2,424.15,2026-04-15 20:26:07.788564+00:00
d20a9958-31c9-4a92-a6cb-fdcf7b65ae64,6a1c3fd4-1436-4db4-be97-78c30b90a5ca,3362.13,2026-04-22 09:48:10.107426+00:00
95d9b492-d5b7-45fe-8a2b-1bc5ace99cc6,00759977-ab7f-4491-bf6a-8fe1f2df3020,3220.03,2026-05-15 12:14:46.792115+00:00
2d7e98a9-bcca-40c0-86dc-d8bf0c174f3b,b4421f87-8558-4d41-9ab8-8d5468f914d1,1668.33,2026-04-01 03:16:54.082909+00:00
c1379dd8-6f8f-456e-a563-2bc6067f82fe,92fc4e6f-c460-463f-b48f-e346699e88e6,3761.89,2026-04-22 02:55:56.804004+00:00
e7155686-c216-4552-b82e-d4227fc40295,b1c79b2e-f893-4c99-853c-e8580814edb1,4359.13,2026-04-23 23:19:59.602436+00:00
e5dcb814-f1ad-4d87-b095-99e71e7ed411,a2b742f8-8771-44bf-83db-c51dad14c619,2213.27,2026-04-28 07:29:53.219698+00:00
0872afa5-7d14-4556-8965-032465ad1b56,d5aa5203-fecc-4009-91a9-206811d228ff,1870.15,2026-05-12 03:54:27.751299+00:00
1b335af2-56d0-48f4-9996-a3bbdaae8f7c,2087e6bd-8ffb-4514-904b-71293131c699,4233.61,2026-05-19 05:39:14.996532+00:00
cf164597-e054-481a-9c2a-8e161a50bbb6,325e99b1-44a7-4d08-ace9-1191d6bb30b2,4989.19,2026-05-24 09:15:32.297860+00:00
f3ba153b-db15-4603-86fd-f163c99c7781,0c261386-e4ce-41b0-8355-affe2ca43f2c,3186.13,2026-05-24 19:37:45.638717+00:00
7ec8cf04-ffb4-4222-829b-b9c692bd3079,efc1721b-67d3-4b63-be97-dd3252622ba4,4457.12,2026-05-24 23:19:17.299456+00:00
6f333792-90bc-4f43-9659-a863abac15bd,861df10a-7cbf-4d90-a3a4-91e40ce974d5,1122.52,2026-05-12 08:01:55.366045+00:00
87f4191a-1b6b-424c-b86c-472502ba3ec6,c9b6c7e2-6761-45b2-89fa-6faf6c3369a0,2753.63,2026-05-19 20:08:14.655874+00:00
9368b84b-bd05-400a-b9e8-3e39e94a9f6d,186da0a3-0e9e-4a7e-8c9f-915c5d10c3a9,1315.71,2026-05-21 20:51:35.899593+00:00
c20d5d45-6758-4e61-9323-5423244f4054,a3e6af8f-631a-42e3-83dc-61c105ae05d4,1627.78,2026-05-23 23:13:50.335543+00:00
ec4c8212-844c-4743-a9b5-c861cb4dfa6f,123e8267-ac71-4158-8d59-796554bccd8b,2987.66,2026-05-28 20:49:28.748644+00:00
548e69ab-a807-4fc6-a6ba-2273067a9e2b,0f69470a-8d19-4e9f-b89f-7a25a71fca1e,2741.33,2026-05-29 17:27:16.151382+00:00
94b5cb45-2449-4be6-9041-a41dfd553bec,579b45c6-fe14-44c1-a066-ab593f9f34ad,1035.08,2026-05-14 11:56:56.926185+00:00
d06b6b48-8d58-439c-b387-d5bd0e1f7687,ef6fbc50-e3a1-4b6f-8fdb-73cbdb509474,912.49,2026-05-20 13:06:24.873042+00:00
c2ec3c29-1cb9-4510-adc9-758f89cf350e,cb14b8e3-78d2-4ee5-9376-36ff9c3404ca,956.9,2026-05-28 11:26:59.391138+00:00
65c21bb6-224f-416d-85e5-5f17ae8d2c99,344d9c20-2945-4395-9fb5-54ea74c8e7c3,567.88,2026-05-30 11:36:19.130448+00:00
a0f7748d-3958-445b-bf18-c7b4f4b5919c,1e914910-3916-4bc9-924a-0b2be31dce25,775.26,2026-05-31 05:25:51.024259+00:00
35d3fb56-9314-4e19-920b-a526c6761b0d,4f1acd2e-1962-4d7b-84db-4792dbe0762c,871.11,2026-04-02 12:45:11.157681+00:00
2853b21f-09ab-4a93-995c-26e0a19b18cd,25c4045a-b6e0-4a8b-9c36-7b5739477e9c,1993.03,2026-04-02 15:16:13.378050+00:00
40646a07-90e8-4a5d-95d3-91f24cb9d18d,131db7b4-e12c-4650-9249-d865031c556d,1585.13,2026-04-03 04:54:41.218776+00:00
589bb44d-13f6-4572-80a8-35e1a5d7f83a,89c8f539-452e-4ab4-9ed6-8c58f2ee8954,857.88,2026-04-04 14:33:23.370396+00:00
e84b3d7d-d9c1-4fa3-8685-3d722c15bf27,bc36ce3f-4bc4-4b17-a9ee-bf4bcecf0d00,1686.28,2026-04-04 19:04:02.676901+00:00
1a7f1dc7-aa01-43b3-b6a0-78d9a8b49131,f1f1a698-17cc-44d2-86dc-0c36f8bc7ac3,1681.42,2026-04-09 22:38:52.346636+00:00
9d2eebea-85ed-44de-bee9-d8802b8f7651,5854c47f-a5ee-4555-bb97-8f7cadd0e980,2015.79,2026-04-25 09:45:32.184626+00:00
8f2e85d7-8b5f-447c-ba7a-ce3fe221eb31,19db43ee-5841-44c4-95a3-bd75f0032f86,1600.58,2026-04-29 01:18:30.779074+00:00
68c12016-9a51-419d-81cb-f2f9bcd2e960,ec219785-7885-46de-9798-a1887a9be3a5,2052.52,2026-05-05 06:00:12.143760+00:00
f79330cb-cfe8-425d-ac8a-78e187b03302,15e1252c-e120-4b2a-bacf-3660758ca3ae,1044.48,2026-05-25 19:34:40.981967+00:00
e5222733-387b-4d06-a25d-fc183100981f,256f33ac-6e4d-46a9-a6e8-3b31ec22ecf8,883.74,2026-05-31 18:38:38.465022+00:00
3dba399b-6d18-448f-a605-517c34fdc1fe,cd8c7162-4dce-4f6a-8e24-24933a6d6135,1016.67,2026-06-01 00:44:11.913267+00:00
5bf49d83-6322-4bb0-8ea8-ef18eb8aab41,e7dc8f25-8316-499d-a3a4-5a5e68f619ef,5131.39,2026-05-29 04:29:08.196724+00:00
25a3d188-5fa0-4291-9c7a-005ad2d6e179,3cd623cb-9076-4101-8c0d-b8ea1c560860,4986.13,2026-05-29 16:13:49.210041+00:00
51b4ee66-fc60-4b0f-ac41-38c611ce45c3,1e54940c-f9be-41b2-b45d-8e339a39aa68,4291.49,2026-05-30 05:19:42.021320+00:00
1bfa629d-c489-4665-8dd8-e43e27f39821,c15a944c-6675-48ba-b751-6b07290902f4,2943.67,2026-05-30 11:13:31.624731+00:00
7e30d63b-2570-4a02-9715-eb30ae6467a6,a0801cda-0e80-44d3-8cb8-4425645580a0,843.27,2026-03-31 19:38:50.391153+00:00
0e354d9d-ae6b-4f06-bdeb-5105bb38da0f,e9e03f76-a63a-45b8-856f-b6e2e26c59c5,1957.36,2026-04-25 23:42:51.092520+00:00
e4a7c24e-06d0-4a67-b5e1-1051da36f690,ebab3946-eaf4-4df4-8b64-6c97736245f9,2262.96,2026-05-08 02:05:30.057331+00:00
f3c3d344-8693-4eed-9729-70549ec07f47,c055a7a2-8ffa-463e-865f-508bbf32d6e9,5501.75,2026-05-11 17:13:19.210950+00:00
983c6dae-c7e4-4ea6-9a81-a8eec1c38113,15cc840d-1d18-44f1-b490-9b1abe55bb11,1598.23,2026-05-19 19:00:38.666180+00:00
710184c9-f4b1-4480-8932-cb59609f4a5d,0724124d-ce44-4c93-b211-cb96ff512d1a,3671.21,2026-05-31 00:33:48.739999+00:00
5d9f8910-870b-4afe-9a30-8f435539ca70,0ad8227b-9ccb-446f-98cb-85767ec52698,1056.94,2026-05-15 05:56:04.489578+00:00
d3ff314e-b570-4bde-9ff1-d57baceb9e72,1a15872e-41fe-4676-935b-6da6f43cef20,1806.11,2026-05-23 02:09:08.978839+00:00
eebfb911-eea5-47a6-aa86-6955a4d99f96,78847378-5914-4788-8212-c06c81c05ad1,247.82,2026-04-09 05:15:01.808267+00:00
40b2c868-414c-4442-892a-849c00a70a85,d4ec04fa-b5ba-4728-a3dc-5f46b71aaa25,6386.44,2026-04-14 16:36:26.096266+00:00
2a9793ee-a225-48ae-8d98-488a19084cb7,df161ef0-3332-4721-b9ba-dc09b2472e2e,3231.22,2026-05-30 15:18:03.885933+00:00
03fc04c4-55f9-4a54-ae05-6caabe537dc3,1f00973d-3bcd-4d15-9044-cd4ab180cce9,192.58,2026-04-02 06:45:23.295878+00:00
422c669f-c02c-49cc-925d-9c49b54a41af,058ea32b-7a4f-4db4-910d-2082646c8216,421.12,2026-04-14 06:08:25.181895+00:00
5f9eec16-81d6-4262-a0a2-62a113fc6e53,7caab55a-1c54-400d-ac59-25c98b5557d8,1023.97,2026-05-20 16:02:20.519204+00:00
422c311f-491a-4aa2-a972-b176bfe2e73f,fd49aae4-7a79-438c-9308-9fbc7143acbc,1001.08,2026-05-26 21:23:58.958643+00:00
9df832f6-d2af-4c78-9bac-5dc6a7276591,c1b0856e-53cc-42fd-994e-b3d9cb55a2c8,3854.29,2026-04-26 06:47:44.291956+00:00
f8ffe356-c53c-47c9-83d5-073e6c6f5c3f,cd940c0f-5384-4d57-8c80-a87d959336ca,3069.47,2026-04-26 22:53:32.721926+00:00
626015b0-2b01-4d67-b7fa-8248ad63c54c,6a4eca02-1a34-4fa3-baa6-714735012628,2516.61,2026-05-02 00:40:04.946961+00:00
56a2d256-76c9-44bb-a21e-1f2e5f6769a1,5e3a205a-5865-43a0-a426-c8bb31f491bd,206.31,2026-05-14 09:21:49.053319+00:00
ea7cad40-6308-45b7-9d7e-d5084a660046,19fdce14-8c1a-4019-ab3f-0f301dc6fd6d,2188.55,2026-04-19 07:18:04.736034+00:00
516c406b-5029-4d73-a8b5-ab889514b85e,493422ab-e629-472a-9acc-64cac9651533,3437.78,2026-04-30 18:51:29.754869+00:00
b26175ef-0d59-4c22-a1e5-e9ba4538ae8e,8cdfe394-9f22-420e-b52e-a85a83cce67f,2944.58,2026-05-15 00:26:52.553193+00:00
03185e94-1315-4687-b6b5-4683a4119345,ede32d17-160e-4b05-a45a-f0249f4895ad,2784.86,2026-05-15 06:53:08.428728+00:00
de7589fb-e1b1-4d82-8df1-f92882c573ac,cdfdb95a-33da-4d39-a4bf-a039931a05dc,1327.83,2026-04-30 16:31:52.637605+00:00
4d1a9afd-b5ab-4a6c-9898-9445364787d3,d90168c3-78e2-4977-a2cd-2060e8bf146b,340.26,2026-05-01 22:27:23.914851+00:00
7f483eb8-aaaa-4468-8bd9-c92942f098a9,1c9f2c96-a3f9-4bc1-96f0-3e39c513ccc1,1355.1,2026-05-15 03:11:55.833500+00:00
51b67dd0-50c4-45bd-b0a2-c620ff9ad0de,93e7cd6f-2f35-4972-9ab7-a8553a828136,1306.07,2026-05-26 23:44:38.586538+00:00
a58145cb-0bd0-4764-b008-a5ae9c978ee5,34f10607-adec-45fb-82e2-4361dc7735e2,2231.15,2026-05-30 04:55:12.696287+00:00
b0881127-583b-4d6b-9f6b-77bece8d9d88,95560ea4-9aa1-4de7-8bfc-3a5afa3915b2,6538.13,2026-04-17 15:13:01.685895+00:00
b5405935-16c4-4889-b759-805dfbe50cb9,b3fbd725-9592-436a-a81a-af019d196b00,2714.53,2026-04-19 18:44:38.243236+00:00
035be480-c633-42bb-b602-3195b2ea1eb9,8bec09e5-b7a2-4cb1-ad98-b6669f940b80,1434.52,2026-04-28 12:52:54.417442+00:00
e0291845-31e3-432d-a9ef-f9c1cd03f075,1f679252-91a5-4188-955c-7e49f257c543,5956.94,2026-05-30 04:27:47.941945+00:00
b8e28e80-4c16-48e0-b289-73aa27585596,92083876-2a26-4392-9c54-aec8d0e46487,5983.29,2026-05-30 14:17:42.946399+00:00
c1b5a6ed-8b69-4f72-9dd9-6d8142a092bc,1d5ccdb3-82e4-4031-9ba7-4736967a7f15,1509.37,2026-05-07 12:44:28.307931+00:00
1911d0a7-e6d4-496d-b8fa-6de9ebdee83c,1e48edef-0e77-4391-825e-a430cc5c32d3,2092.97,2026-05-11 03:05:23.969754+00:00
40f9a4dd-0153-40e5-9d81-32c82d0a34af,584787bd-9d16-4500-8eec-c3985a581778,1354.38,2026-05-16 09:11:27.297779+00:00
fa7ff027-b150-43c5-b9dd-b97827337b87,7363ff14-a8e2-40c5-b4dd-8152d191c628,3628.12,2026-05-26 10:45:17.872668+00:00
d4a9654d-b015-4f08-89aa-f700719d3ad8,75b94659-f123-4879-969f-7694a23ea1f6,2457.47,2026-05-28 10:24:04.350205+00:00
f02a3dcb-c3e4-4eec-88b7-3adac1fc7213,d4b25b70-b8bd-4dfa-846f-125c33405dca,3736.96,2026-05-29 07:17:27.003245+00:00
2513e374-ceb7-481e-bd6b-243edaa58351,137315b2-4d39-454d-ba63-8479e5513ab0,1589.62,2026-04-10 19:18:12.599043+00:00
55e78266-12ca-4e38-b0e2-0acdb0db0cd4,dd5bd888-0382-4857-95e3-f3eaf63410e7,1541.22,2026-04-11 01:31:56.000587+00:00
00e942fb-3ccd-4614-a9e4-9f5144a2db9d,577f5cfa-3b5d-4757-b5de-eac3921e2482,1126.16,2026-05-13 18:10:14.686664+00:00
89a479e7-1935-4ded-9efc-412a8cdd3309,7481c3cd-0221-4cdd-967f-27d6f0e970d2,529.09,2026-05-18 19:47:35.831354+00:00
1ea42f50-6a7d-440c-98f6-26ff9cf3c27e,b3d238ee-8834-43e9-83e7-6db35ed20846,748.84,2026-05-19 11:07:32.430567+00:00
dda07682-0db5-46e0-8e2c-74daa87dc450,bbb396df-b536-4595-a616-8b13a38fe100,505.25,2026-05-19 15:54:34.472815+00:00
ce8884c8-3313-49ba-a3e8-c371dc8988ce,24f5c7ff-4a18-4db2-884f-792b4aaf8503,715.13,2026-05-19 16:41:55.626479+00:00
e5724c90-85fa-4e93-8f6c-b9204123c21b,b0e4f169-502f-41fd-9925-d75116b8a100,529.51,2026-05-20 02:03:25.148628+00:00
a8173c5a-934f-4d65-9f9b-64e892d3c1e7,0bf6bab4-2a43-4347-8bce-fd2fe144a2e4,679.3,2026-04-18 17:09:08.806665+00:00
2a397066-71a1-4143-9102-56fe537b4f1d,3e716d94-d238-45d9-a71c-1037ff7cf0ce,459.08,2026-04-20 20:02:13.659558+00:00
fed04dc1-1264-471d-8ff1-c2ef08179c02,12688193-9c78-4e54-85ee-c8aa9dffb149,420.74,2026-05-25 08:50:06.175550+00:00
8a2d959a-135b-438d-bc85-131271b3729c,55047e4f-ffa5-4752-8846-52f6f3d0e0dc,1914.8,2026-05-03 07:48:06.214753+00:00
14b26cd7-bd3a-4315-a0ee-cfcc87d385e0,053fbdf6-e4e9-4189-9ead-5c97613758a9,1336.45,2026-05-04 01:54:08.384810+00:00
44fbb1d7-1033-4edb-9759-3bea776eb86f,b7454545-b2ca-4b84-830f-ed85f1c3b4ca,1860.77,2026-05-29 08:38:08.347511+00:00
979b2953-3fd9-461a-bc3e-a7be8b2803ac,c249233f-01af-45d1-8bef-02dfa1f6933d,2737.59,2026-03-23 11:45:23.178884+00:00
027401fb-2310-472b-bc3a-3355766a00e5,a93422f7-4a76-427e-8236-e56ac50f62ff,862.88,2026-04-02 06:45:52.073125+00:00
770b8451-6d78-41fc-bda7-33ec2e1d045a,963c8282-4b59-4b09-823d-bb0293dd2803,4743.68,2026-04-14 16:34:34.715966+00:00
e7205b57-8eff-45e9-a4ab-a0a1c47d1af4,1edee576-60d0-48e6-a22f-81b4642e13a9,3220.55,2026-04-22 15:08:47.301516+00:00
0bcf7e8c-0414-4a01-9e35-043263bc3f2f,3427831e-d246-418b-a6e6-5b780e2c6b81,1796.83,2026-05-29 12:12:36.501976+00:00
8da160d8-4aa9-443f-80d3-25d11bcb73c8,6306df19-7e58-4ce3-a542-3fa0e7520749,1846.25,2026-05-05 02:59:27.535799+00:00
1f96b8cc-5630-4ab5-a1ba-bd33df125668,e288e42c-e7dd-45a0-b03a-21f0252e2260,4990.99,2026-05-07 06:26:39.144711+00:00
45277b24-acc4-41e4-8e84-e4489b5b12ff,cd966903-ae22-4490-8092-9a89d1b82127,1297.77,2026-04-22 09:59:50.789118+00:00
14343224-c751-42e6-bba3-9730fce91c2c,0824b661-0b4e-4703-9f48-219cb7c74aa7,3942.98,2026-05-06 20:54:52.248632+00:00
3b8d62bb-9480-410a-970b-1f95c66eed1c,a2ae3a9c-eede-418b-8204-400b00295de2,2787.5,2026-05-14 13:35:07.131047+00:00
e53553b9-499f-46be-8835-d64479a662be,88456f1e-f1f0-4f40-9fed-7df129778b97,2901.57,2026-05-19 01:11:15.444771+00:00
95421a6f-7626-470a-8dce-919c320e3d21,c6c74375-7a84-4e36-8629-e837e378c171,2915.82,2026-05-26 10:34:47.201722+00:00
64059227-1c84-45de-806e-173b51197afe,9747258a-de70-44ab-8b5c-fd2026ca6e19,1587.79,2026-04-27 03:13:59.324998+00:00
caa7eaaa-44c5-48c9-b994-cabbc65dfd9a,f36fc2ab-b20a-49d0-9c4e-148d45b3a908,1688.91,2026-05-04 21:47:51.610540+00:00
99db922c-600f-4541-95c7-6ee0453ade66,700bd2c8-cccb-4f40-96e2-a650bcc6e2e2,1467.17,2026-04-14 11:46:59.589352+00:00
ab96650f-7010-4928-8ab4-9174fb2d4e7d,25e607d9-20d0-4da2-adca-8434cf67f2b7,1804.53,2026-04-16 22:58:07.882094+00:00
c7473f16-12e2-431e-b7dc-4572505897de,b944d165-dd68-4d44-9ea3-a5d0974129c1,482.53,2026-05-08 05:47:01.825091+00:00
01b61a45-99db-40e8-bad8-25157bbe758c,3af1cf2d-4797-4418-b5fd-dfbebb2cbeb9,1201.29,2026-05-08 19:35:05.752510+00:00
b892093f-dff1-43f8-9cf4-cfc573f1d830,fd5a7095-8119-4961-a391-e8c25235b466,1205.05,2026-05-29 11:02:53.886802+00:00
ccd5c3f2-5a1d-47fb-87a9-2b2cf961c151,dc22d627-368f-4354-9706-47d2858600e9,3087.28,2026-05-16 04:13:49.620895+00:00
c9105674-2836-44cc-8323-d4e40e9d4983,e3118dd5-490b-444f-a550-de19088b9dda,10.0,2026-05-17 21:43:28.393478+00:00
da509eec-4161-4f7a-8e33-6fb4fba40d31,16230782-3cc4-4592-97eb-b2c160da3c78,4074.64,2026-05-20 16:52:38.677570+00:00
a9bbc960-2ba5-4aa3-a37c-9bb03b419384,76990f11-93ba-4847-b6b2-0d4ab93f84ba,2390.77,2026-05-25 12:44:23.680123+00:00
2a7266a8-b975-4fb1-bedd-4da4019ae69d,1b99b579-1d2c-4beb-a1c8-c4c81c7aad9c,3463.67,2026-05-28 15:02:39.080300+00:00
57f98548-3ca2-4c55-8500-3c607e3e64ba,937fe6d5-22a9-4633-8687-201bc2866778,2202.17,2026-05-29 16:24:39.578606+00:00
cd9326fb-4da8-4b1b-ba3c-3789c2bc4b80,13b4d9f5-a3d1-49e9-b7af-e9fae18c447c,3138.91,2026-04-21 10:15:26.769616+00:00
bfa1d1de-b3ce-4dfd-a563-2dd025a0dac7,d352bce4-dd19-4c73-8b19-3a90391b9f33,1427.54,2026-05-08 21:56:33.488159+00:00
85cc0616-79f1-4378-9a56-de3d75a59f27,c1efa619-0fbd-40e0-8f87-07c148f543f4,3504.6,2026-05-16 14:31:43.940442+00:00
88755393-4965-463a-93e3-f26303e098a7,e0628b6f-42e4-4096-b36f-3236a85b8684,1515.99,2026-05-24 21:32:46.494733+00:00
9eb211fd-4be2-455b-8f81-04c383aadf5c,5a4a70c9-b329-4ae2-b316-29a43a0c4a62,1490.59,2026-05-24 19:51:02.936159+00:00
99b9d7bb-141f-467b-a882-d7d58f748fcc,553566b2-dd5c-445a-9a23-aff14342b67a,3232.02,2026-05-25 09:11:58.072368+00:00
cf9ef66e-3b4a-4580-be62-9ffec6704d66,42c53d23-8cad-4b27-843a-aebcafcd3e62,1403.68,2026-05-27 09:22:31.953466+00:00
6ec649f3-b395-4f8f-9cc0-900523af8afd,2a520329-d4c1-4183-8473-74eff6a5480f,1580.81,2026-05-28 12:50:26.495030+00:00
be8a8716-5fc8-4704-a303-cea87fac51d6,662d0f86-7afe-4609-ac3d-c3ecd0272215,4061.13,2026-05-19 09:42:43.773603+00:00
adb0759f-ec1d-49b7-9af4-0a33b42e90b1,acf229b7-8cb1-4c72-8dfd-6560c66eec5b,3642.85,2026-05-22 08:52:15.864488+00:00
926e6c0c-1cd9-432f-a746-2508f984bbc3,9d6501c2-e8d0-44c5-b1b6-6651bfffe18e,10.0,2026-03-13 11:29:49.621485+00:00
3540c8aa-2e61-4f31-8fc4-ef26f211641b,1d748eca-dcdc-4ed5-adce-8483842929c1,637.9,2026-04-03 21:24:22.374401+00:00
480dbede-96ce-4285-8349-6cc130c22a92,31db9505-6caf-4e14-a093-1ccc08f75f5b,701.83,2026-04-20 00:15:45.541513+00:00
bb859dcb-ce38-4dd9-9ade-e98757a8cc33,ec24edfa-70f5-41f6-9886-e2b606c07d94,457.66,2026-05-31 22:45:05.510096+00:00
46cc9707-eec3-4833-8880-d000fcdb4f72,1029b592-7efd-449b-929c-858396946a66,2837.25,2026-05-29 01:30:17.034048+00:00
d0ed8b08-cc4b-4d06-8e0e-94b8fb4bc386,d3414a03-9bba-4667-8688-68e28b61a092,2732.19,2026-04-08 01:42:16.237282+00:00
c51f3a11-f288-42bc-bb0b-f84b38992c9b,3c3dd022-c303-4bfa-b6ba-a558f0d90bae,1972.42,2026-04-24 22:36:00.799756+00:00
d7c57909-3a3f-4a38-a946-a99fcdad1fb3,f44cac75-1616-419f-849f-2c80a698cfd7,1619.83,2026-05-06 15:55:07.531003+00:00
cae9f303-232d-4f68-b657-de5664dd23a3,9b60e532-2e81-4156-8439-74a1fb746e48,4822.03,2026-04-03 10:39:53.358323+00:00
d08d7cbc-3950-44a9-a174-65ed829d17f7,4a7ec5ee-2101-4f73-8552-a745bcecfbb5,907.25,2026-04-14 15:23:12.114350+00:00
daf19fb3-86c3-4a79-bc5a-ed0532845aae,333e8432-0e02-442a-89d5-9bf1c242897f,2954.61,2026-04-29 14:40:36.190686+00:00
a53d3809-1207-4c31-9430-b0ec19d94fbe,af7b0678-5e88-41d4-ba1d-852d572acad3,3861.43,2026-05-15 03:47:43.906678+00:00
9ecdc176-6e44-44f2-9309-e129140fec4f,496ba2aa-e71a-4421-b7b2-9bd34197d17a,1679.94,2026-05-19 17:48:35.042776+00:00
ed525dae-e6af-46fb-876c-4dec74f57efc,8ad89765-7f01-4998-9d1c-1b38722466c1,997.46,2026-04-17 01:13:21.511469+00:00
8e7965ec-5d74-4ca2-a7fc-65296386f836,b7b54b2c-b35a-4b05-847e-9cf700360d70,10.0,2026-04-18 00:23:19.567889+00:00
8660897b-c358-441d-89db-bebf51651841,bbc9d369-7257-47bd-a661-4bc7388a455b,1002.52,2026-05-22 09:46:33.398709+00:00
4a6943c0-890e-433c-8141-1a3bc804446d,c3e4dcf5-cc73-4cad-8154-fe90f80465c0,10.0,2026-05-06 16:54:25.337851+00:00
523d4e12-2c27-4963-afd8-8344cc5356c3,ce6cf3d7-ad0d-4f0f-85e1-cafdaec9fed2,490.64,2026-05-16 22:26:07.637681+00:00
81c42fb4-f637-4a1e-b65c-301e2b8d9be0,5612487a-241e-47c4-8936-9769ffaeb3ca,3900.01,2026-05-08 12:11:11.084183+00:00
ed10c318-bb18-40ac-ab04-6ca3d882712e,d5594eff-8683-447d-9c7d-51216434da86,4497.62,2026-05-11 00:43:04.209474+00:00
b655607f-6597-4c61-be19-1de5aa2a4859,dd4e1d7c-0421-4bf6-bdd6-df86a05eb285,4459.97,2026-05-13 12:31:19.216459+00:00
559285f9-3787-4177-a8d6-d2f872afcc28,724553e5-8b9c-41fe-90c9-aa4c3f648a1d,3830.03,2026-05-18 05:32:46.127689+00:00
efc78690-ee66-45f7-9753-e5f11e932903,f0610020-ffa1-4a83-ae7f-f1c7594737f0,4089.96,2026-05-18 08:52:08.014109+00:00
a26c2970-c328-4d71-a925-96f772a604c3,df11b5dd-e643-4eae-884b-de90da72522e,2547.35,2026-06-01 00:19:21.767226+00:00
19061877-5c20-4923-88e4-1ab575f45c11,1fb30b9f-d0d5-4fbf-b511-da98b289f9c1,2755.82,2026-04-30 07:55:00.406375+00:00
1d006a20-25ae-4e6e-8ecb-13e20e860f54,7c09d88e-e447-4296-8225-accdb6ee8344,1778.35,2026-05-13 22:59:32.409996+00:00
b97c5989-5e2b-4a3d-9a24-914df4d28b80,0b609aa7-165f-4d60-b299-ff24cb83c560,1845.65,2026-05-17 19:24:00.248007+00:00
9a6cfa05-68f4-411d-9ec5-1882515329cb,b3d32f93-8f92-4377-a713-440760678346,2093.31,2026-05-26 21:11:35.499262+00:00
9e95c6ba-e0de-4738-b883-91db6414d46d,1a65c3a4-3ebb-44d6-8d49-80082d0265a7,1592.04,2026-04-16 07:54:03.383629+00:00
3c7f03c9-71bf-48ea-b77b-271b5e913c95,ce26a1e4-e6c0-437e-94dd-9efbbf90a945,507.73,2026-05-16 14:02:51.271373+00:00
a270278a-e1db-4daa-a4f4-7fb6c6805f76,83ee260b-2fc6-414d-990d-9bdb9c30399e,474.06,2026-05-23 23:25:53.148721+00:00
1d9543ac-e572-4567-88ea-71edfcf66d74,582a606d-3e30-438b-b948-f5ddda493e42,909.57,2026-05-26 19:47:19.287056+00:00
4c44a32f-1f45-4ebb-a0f8-b834c1d8f111,0e57129a-8a6b-4a82-8ffd-56e81390f899,1220.36,2026-05-14 15:31:02.015279+00:00
2d21cc25-cbe0-4475-85dc-1f8556940ac7,6adc5c7d-4edb-4f3e-9928-f0174f7cdfcb,16.74,2026-05-15 03:58:00.026764+00:00
3e812e75-0040-44c4-ab18-8475b2898758,1f468bac-3699-4679-a1e0-3391c5cb11a3,328.74,2026-05-15 07:19:40.133244+00:00
4294c65b-1322-4e4d-9429-54aaae848764,84a14702-7309-4b4b-9714-fbfb955c621a,1492.77,2026-05-15 06:46:18.899646+00:00
c3b8e37c-79c2-42c5-b106-00253eac2e3f,c8b72134-1a58-454e-9187-70ea28fef174,425.99,2026-05-15 10:23:58.754054+00:00
05a93371-c981-40b7-a777-6c2cd102480b,864ddcc8-6c2b-4a13-b9ee-8f96abeb029e,3195.6,2026-05-19 22:03:45.157041+00:00
7c3d3c8d-dcd2-48c5-9806-679414ffa1e6,2676bbcc-269d-481c-b636-14f6ff808667,4153.73,2026-05-30 03:11:52.116066+00:00
4d014d6e-66c7-4103-9df3-99d400d56daf,8381dbe2-e511-451d-ad59-6bc7922b2809,894.48,2026-05-21 14:51:55.094550+00:00
0b84f75d-86a1-45c3-81ef-7ad6dce2cf0c,2ba57299-c2cf-4fd8-ade3-a6aeca6d5861,893.56,2026-05-23 07:44:07.783818+00:00
920df984-cd21-4609-9055-f6a9993f5511,cf9dde6a-c5cc-4704-ac4c-3ea809d143ff,440.79,2026-03-19 23:23:11.277323+00:00
0eeeeb04-6aae-47bc-860c-dd13b4b0d2f9,c4344c2c-8208-4642-926f-c38b54ae44e0,69.24,2026-04-26 14:06:04.582452+00:00
ffa81fc8-6a07-440b-9bc9-c3a7ff262a3b,feaade46-ab83-45d5-b8d8-ba1e64a5133f,396.8,2026-05-12 08:04:42.140938+00:00
99321595-9d91-49d0-99ec-8bc7aee8afe1,272cbf0c-bd62-43dd-941c-9d5ecf301cc8,303.31,2026-05-25 00:44:52.649668+00:00
85de2273-5fca-4796-8f20-c5dc7f0846ca,71096402-a9f8-4580-bcfe-29a6a5e98002,2124.5,2026-05-29 00:11:47.659356+00:00
46c19406-e0fd-4be6-a2be-3f674ef0cce6,428fbdc7-5149-4bdb-8751-d7efa7e2a6b3,2221.94,2026-05-31 12:21:59.561488+00:00
829fea31-6cec-4d0e-a449-458d317dd395,68c99e9e-f9c2-4f0d-b37c-cc3bb294542e,3396.21,2026-05-02 15:44:10.124403+00:00
5724fcd1-7460-4a5b-9295-4f546fdf4dd9,515625bf-6696-445c-8b85-73ccb7598b44,3853.13,2026-05-05 15:45:08.345659+00:00
ff8473ee-5c41-4b85-887f-49ba90b315b8,6be997a0-f52b-4270-9891-2bb2ddd8abf4,3393.36,2026-05-22 08:10:36.214527+00:00
47fae024-9eeb-4f8f-b15f-5887fb347cbd,83d0dd8e-8e8a-4921-aba0-291e5b7d1218,4283.03,2026-04-09 06:44:28.057933+00:00
afb0f979-50fe-47bc-abce-c4619dbf29e1,e4b59337-7637-4836-a6d8-094bbdc0153f,3418.88,2026-04-15 15:09:49.561451+00:00
bcb3118a-c6a3-4df8-9be6-2ce4be52bbca,9d25f978-d847-4981-9c04-1e5fbe7d8855,3586.09,2026-04-21 02:40:21.618912+00:00
8109fbd4-d2c8-4fea-b554-1fac77dde6d4,c539bce6-eb63-44a0-90f7-dbed37468448,3273.24,2026-05-17 12:02:52.339141+00:00
e892ac52-16e8-485c-9b42-d17a21ec1f6a,016cf1ba-be50-4860-9663-5e78783f2b60,2848.15,2026-05-21 03:41:15.567579+00:00
9f2af45d-fb06-442c-86f0-316164a86a89,c93a72a3-e8bf-4c56-ab45-2e4d8a3aabfa,829.43,2026-04-05 17:02:06.895709+00:00
173b7fa0-75a4-42bd-a84f-47c6f84d2b76,7ed9d80c-5429-42f2-ba56-5d88a34dc6dc,2019.85,2026-05-09 06:13:33.591791+00:00
467471ae-daad-4c91-9ad1-4e07877d0924,42f4861c-949d-4e86-8ff5-d8e3431de3ca,4308.04,2026-05-31 02:34:20.297743+00:00
75c51b9a-cf29-45e0-a83f-4f10255d543d,17c2a206-93ca-4d1f-88d2-c476a17cf4ec,4523.26,2026-05-31 03:04:13.396703+00:00
26570093-e3b6-411d-a11b-84102d94f181,db2db3d9-180c-4366-873e-9cc089b5b591,3181.15,2026-05-09 05:11:30.112401+00:00
1ccea470-c9c0-4f0f-99ca-64c8115deba7,9903e3ec-2776-4fda-abd2-2837f822d0a6,3374.61,2026-05-09 15:30:22.965455+00:00
82d52a8f-684a-4f7c-9680-461bb3c87776,bdc429c8-02f6-4f99-b0bb-68489741515b,2613.19,2026-05-20 15:26:19.125834+00:00
8398705a-5c4b-43ae-8bca-37ef25df01b4,7aeff2b0-42ba-4024-b804-9fc220e132f2,4820.91,2026-05-07 00:21:56.823817+00:00
1325d942-08f5-4e51-9877-1a39eb7d5396,dee54d72-c9cc-4fab-bd6a-90b4fbc77ed9,3779.42,2026-05-20 12:26:57.840867+00:00
1e6fd885-cea3-45da-8215-ee751ccc07ce,8447ea30-4078-4803-8ee9-ae8fc352528a,2433.62,2026-05-23 03:55:36.352099+00:00
939a1cba-e43b-4424-b25e-43e6dc156c3e,5db88313-b5b2-45e4-af12-2e8b0edf8dd4,1905.43,2026-05-23 04:36:10.783674+00:00
4b0845b6-4355-4030-9eeb-e2c3f84f3237,4067aba2-49ff-4246-b56c-99e53ac14eb3,1467.18,2026-05-23 07:05:58.738814+00:00
addb2a92-8521-4441-9648-d79a1f28afbf,eef7efb9-e2f3-4468-af36-1f4de4d2d5b2,1122.25,2026-05-23 07:23:57.685080+00:00
de5bb784-bd62-4b48-a9fc-755edad6b2d3,2a398cab-a2e6-4087-bbde-5ee4c9ae9cfb,1320.88,2026-05-24 04:56:59.492518+00:00
2d3bb9d3-b2aa-4d49-95b8-5e8025829946,680dd6d3-02dd-4598-bbdf-ed3773f40355,1437.66,2026-05-31 03:45:32.752457+00:00
8929ddd5-bfaa-49f6-82bb-ac73c09979c5,6aad4965-6d25-4aa7-875a-9be3cc5f4e5e,1970.08,2026-05-09 05:38:02.553642+00:00
774b35e6-2f57-49ce-b5f2-a501cee5934a,078b8b77-a5f2-4261-9aa4-a080141baef1,1695.94,2026-05-14 13:10:07.074637+00:00
0a605b03-476e-4034-9d28-6542708121bd,129faac1-531e-4fc2-83de-49df206bd9f5,1883.0,2026-05-16 05:26:43.245334+00:00
8598a27d-4044-465c-bb87-dbb60edf16d3,9a2302b7-84a7-4a0a-81c1-ba72eb8c38d6,2458.46,2026-05-23 00:15:11.228671+00:00
89416280-6934-43f9-ba84-db5b0a611c9f,419596ef-4f4c-4cc0-b845-8f4df087ed35,1047.41,2026-05-26 11:30:39.647265+00:00
0620d0b4-8bab-4c15-884c-0c9847762dca,80e688a4-ab03-4721-a01b-afdea45ee07b,3311.44,2026-05-11 21:23:20.063707+00:00
8aacaf1b-ed22-4156-b55c-7b6b2df24664,3cec7a52-806a-4b6b-871b-72a182eb0782,2701.9,2026-05-14 15:13:41.946875+00:00
28f25855-2850-4bec-8266-5348d9382c8f,fd1e89c5-d4c8-443f-93d4-d3006d1dd61f,1773.52,2026-05-27 14:33:30.538545+00:00
7ba47ef8-d7a8-4bea-a14d-7e6c75886e5a,72067593-421f-46eb-a011-f20b1859f0ad,4027.98,2026-05-27 07:04:48.513772+00:00
85a390f3-c1de-4785-99e8-db814afb410f,f1b72243-fb0c-448a-b73a-9e2a8447596d,3812.55,2026-05-28 09:36:51.966659+00:00
b66e2b25-38d0-4480-8263-0ce15a7fa791,4e8bc28a-0e8a-4fb0-8e34-537631e7b836,4966.13,2026-05-30 13:43:30.351369+00:00
43b4242a-d82b-403b-9657-6f246e533faa,1756ccef-00b2-4574-bf1d-d4aa57da71d7,2618.48,2026-05-31 02:30:48.428164+00:00
a05cad92-ac98-478e-8017-1f34d6050c5f,feeed5e3-4a20-4654-bab8-5f5c9ee4917d,1654.96,2026-05-31 22:23:18.019665+00:00
a81830d3-8ce5-4db7-a739-b5aaff6e4dbf,341b9725-a7cf-433f-bd16-2b13a9b9b92f,2934.26,2026-04-22 22:20:00.101618+00:00
ad693bcc-22e8-4dab-9c04-c51a9ef12cad,af3f5105-7701-464c-826b-c575cbf7c214,679.51,2026-05-27 09:33:54.541379+00:00
d7e002f5-8e87-4cbc-8272-78b882f96400,a02cca16-ce26-4bea-90a7-044ff10f7158,4569.82,2026-04-01 19:01:42.151747+00:00
36a392d5-0e51-4e1e-b4b1-d6a319eab922,3499f905-aa8e-4c5a-be50-b2266d08a398,5745.89,2026-05-01 09:35:18.842118+00:00
737f9ef5-dd5c-4e43-8b37-f368e25ab595,2e0a6033-5617-41f9-a61c-089911e54067,4970.1,2026-05-09 09:53:35.603605+00:00
d4f96fa5-be74-4129-8d01-6c3d00c8a238,44a18d88-2639-43fe-9ecf-90bd10b5bd25,3598.7,2026-05-30 11:27:18.795764+00:00
44c1e4de-9738-4772-8be5-686e1b522768,bcffec7a-f36f-4519-b019-0a6704d76fb4,1606.46,2026-03-27 08:36:41.320003+00:00
62773540-f6b3-4e9d-911a-eb671a507dd6,13f7d980-061c-434d-8300-52158ac14f50,988.73,2026-04-11 07:05:41.862376+00:00
2c4362ae-50d6-4ea2-9a37-3876d1351932,62d17ab3-54ef-43b2-87f6-253837352f1f,3670.64,2026-04-14 01:09:01.385856+00:00
9e37ac12-03da-4fb2-87fe-ce6308202343,3acab781-24cb-4fd7-a8eb-15f8efba77f1,1482.91,2026-05-18 20:16:36.124695+00:00
a0170eea-2af1-4487-9ac8-bcd6b9875aed,72e03b69-c469-418e-b494-ab3caaed87b5,6837.24,2026-05-08 06:08:46.079741+00:00
8f59c222-3224-4b75-aea2-305368bbb01f,8f42316f-bae6-418d-a817-5232fcb69b1a,6363.05,2026-05-20 21:30:47.792517+00:00
9f944dd2-d6c6-4e76-a6ff-37a220f3416e,098f5ae3-219f-4ec6-9151-735f0faff33c,1511.24,2026-05-23 00:54:37.983127+00:00
ca3628e6-5f2f-46a0-8a78-1fac908b8bbb,67e74203-c89b-4bbf-b72a-fb68e1f55463,621.81,2026-04-10 00:19:07.664724+00:00
c83b1c61-9e19-4840-99e6-4b78fc9f4de4,ba7ad814-9612-4ed4-9418-150ea90a3d88,604.74,2026-05-06 14:44:35.450257+00:00
6380527d-00e8-40f2-952c-f8e95c33cfdf,27cc45a1-ab60-4384-bd8e-dd7a8b42fe3f,10.0,2026-05-22 21:51:41.146924+00:00
f1d55a22-fc05-42d5-8600-905bfaf5ade7,f3379483-8d6d-4ef6-9b71-f01f9c534ea5,575.57,2026-05-23 01:34:58.734079+00:00
4302786f-7aa8-47ec-b224-77226910479d,5b3b2174-1221-42e5-a585-1c6d94b96438,10.0,2026-05-23 02:51:06.524677+00:00
442f907e-6249-4e11-8ee5-294571ac2cf3,ccc722cd-6f54-4cbe-9739-c2db4cd6636e,471.98,2026-05-30 16:29:32.003924+00:00
bff1383f-07cb-4a23-8e48-7382bc9dbe5b,efc572ec-51dc-4fd9-993c-6b8b0f18c2b8,1315.32,2026-05-30 18:48:23.231201+00:00
ae39b8d0-4e4b-4968-b554-3ccae18f06c6,f45969ef-fe22-4afd-971b-360c55548c15,1668.43,2026-05-30 20:29:27.588075+00:00
3ccac9b0-f93f-4934-9ddd-257833490c52,f97ff4c4-8930-43e9-bb8b-49cc85b2d342,5698.67,2026-06-01 01:01:12.266331+00:00
cdefefec-6fa3-40d4-8f57-0dc1adc58052,c17adbc9-3c6e-43c3-b32b-5eb94d81bab8,2888.37,2026-03-31 02:39:18.319222+00:00
b9ec8972-e3a4-4ba6-83af-28792cd81f13,6b657bdd-b5cc-4e1d-b105-3ca2f6e01aed,2786.82,2026-04-12 05:53:52.675504+00:00
2d30470f-70b7-466a-9011-21d45b9fddec,afd78a57-5d67-4232-b238-39d2ebf23e5f,1825.01,2026-05-20 21:25:51.336327+00:00
930b215c-b136-48d8-9ad1-5735d76a9cfa,314a77d7-7018-400b-b5e0-54adf6ff6529,1441.58,2026-05-27 22:39:45.768557+00:00
b10022b2-f742-4bbd-9dbb-b153c7a54b1f,1903b323-f033-4825-a9c1-e72470b9a618,2425.43,2026-05-02 13:34:47.708991+00:00
df559224-9c84-4387-8cce-fde045c86460,3197167e-19e2-45cf-93f3-c4e83d33120b,3919.07,2026-05-03 11:40:50.460972+00:00
bf4bcbfe-2528-482a-a9ff-1b999facd8db,adfc0dca-8dcc-41d1-8958-dcfe2b3a01ba,2308.02,2026-05-07 05:39:39.287137+00:00
63db3438-cdd0-42d2-a6e2-ae356749a9c3,121e848c-8fb4-414d-9019-7aadcfd4d396,4794.58,2026-05-07 21:45:55.611115+00:00
e3efebca-77f0-4056-a5f0-33d3a6d7fd8c,fab1823f-4408-4476-9a70-a9e4b1f709a3,2731.39,2026-05-14 12:07:36.858098+00:00
507d9176-d208-4113-a8aa-25dbeb6e0c09,8db31120-1a1d-4026-8f9e-31d6879be9cd,1718.42,2026-04-17 00:08:09.893476+00:00
d7b22e8e-4110-40a0-a2af-3e8f2d59bf21,fc2b183a-bceb-4cc7-9d30-fcb4880cfad3,1343.49,2026-04-17 06:20:22.425722+00:00
5f1628f9-3aa4-4c53-b697-422ce7d61b77,79f8c74b-2237-4cb1-840f-76e6066229fc,1521.19,2026-04-17 08:30:30.629274+00:00
4ba3235c-acc5-46e9-9387-b601996aac63,4bf1a994-ff1b-4638-a0cc-75b72fcd8254,2327.96,2026-04-17 10:21:06.637898+00:00
b7114bc8-0c67-44bd-aa64-bfe41b1296f9,df7420ff-1a43-41fa-9459-cf13fe6ac493,1655.66,2026-04-17 19:52:14.115475+00:00
e5deabd6-7ba7-44e1-9da1-1f7d707fb59a,acf3aae2-e87c-43cc-bd0a-87e531bf8459,195.86,2026-04-24 17:30:23.241164+00:00
21ab3474-4a33-43f6-8ed5-02eb37d6bb72,311a2f6e-ceb5-4808-8af1-1a8d348e7d1e,165.97,2026-05-28 08:28:28.098785+00:00
90d00e16-3be5-4b34-82d4-f26a1e9598c3,5135a605-2ecc-4d4f-9df1-b71f43ddc4f3,332.87,2026-05-28 19:39:45.729347+00:00
cfcf00f2-176b-4f2b-b867-0c16379d1e96,06c83449-3805-4e45-afbf-911266da43a0,307.9,2026-05-30 11:11:42.398144+00:00
c4e38ced-241d-464e-8084-179607dba353,dc78695e-9725-4a6d-9ac4-71f1a103d319,293.75,2026-03-25 14:31:55.708667+00:00
18572035-65c7-483f-b5fa-75c6c3c3cc35,ecf6f3cc-bdb6-45f4-ae3f-a6acc75aa041,415.79,2026-03-27 11:57:32.550031+00:00
c7786415-697b-4aaa-b892-a8209c94d990,122c9c4d-b33b-4579-b35d-6b1985df4b3b,633.96,2026-03-28 06:50:14.807849+00:00
0e103274-50d5-4b8b-b2a8-7d159adc65e1,4fc8d03c-2e64-4f3c-945f-bedda74f57c0,837.98,2026-04-24 23:25:25.000870+00:00
ecf5277e-f1b5-410d-89ee-5fb6bbef47d8,a9efd53d-b7f1-4d03-9ca6-d829218c80be,2253.81,2026-05-19 02:17:35.444456+00:00
145289a0-1006-4880-982f-bd7c2a18e92f,b7b9434c-f618-4c04-a223-83c32e8f6cb1,3439.34,2026-05-24 11:58:33.759269+00:00
5e13b150-3bf6-4129-956a-2b7065ccf58b,e7df4631-f74b-4b17-a63d-9f5551a56c22,4594.32,2026-05-27 05:48:53.689587+00:00
4b9d5483-1833-4e5d-99b9-81c54db9f7fc,2b27ea68-2d1f-4091-9fb3-f46b4586e3fb,5915.8,2026-04-19 22:02:45.195977+00:00
7b88cfe9-58dc-47fa-a65f-b3a0a262bfe6,f97a047c-d0a4-4efa-a053-21c450f5e935,6252.13,2026-05-13 03:58:26.494077+00:00
bc6bfe7a-32ee-4262-a3db-d5e1816a57d2,a52ae154-6214-42bd-9b16-8fe1e392cc31,3818.97,2026-05-25 16:33:26.540488+00:00
907b3aa8-3881-4dc1-8f3a-a829995995bf,64373a1d-ad13-448b-b5a5-9664ef667a16,3144.23,2026-03-23 14:16:35.057192+00:00
af49a3a9-0b49-47b1-a71b-bb260b444872,5a59d4f0-af37-4130-9f2b-75d8c497ed93,3110.24,2026-04-20 00:25:04.933100+00:00
301c3028-b636-455d-8ff0-79b4563e52d0,ef7258d9-3fbd-4212-9944-1a7b1877923e,2311.3,2026-05-09 00:40:17.083290+00:00
5150828e-622b-4eb8-a031-d5a98e281c2a,21722b53-d909-4cd6-8594-af657a57d208,3430.24,2026-05-24 08:25:24.429739+00:00
0fbd737c-9820-44ce-9243-6efda19b4d76,ecf6f944-54ac-466e-b5e6-b61d91460a3a,1424.13,2026-05-26 00:20:05.131444+00:00
4ffc6e18-d57f-43a0-983a-a18f288d492e,b0375295-43d9-4959-94ca-7dfa516f9a0d,904.64,2026-05-27 03:50:29.968596+00:00
9fc21608-569e-4e98-8c88-2ffec9fcf9e1,d5e2033a-960c-4706-a718-2042aa1089df,5348.05,2026-05-27 05:00:42.582159+00:00
e71c4723-a6c4-41d8-b239-cc6db02baa7f,4b37c4b2-dcfd-4951-ac65-b2cf8a3765ea,4269.33,2026-05-27 18:07:36.462010+00:00
bf178c05-4269-4856-9342-f61a12247a08,19bfcd1b-3434-42af-83f4-a40a905ed627,3015.51,2026-05-27 05:21:49.271623+00:00
3543b4b1-cc93-4f45-b4f3-e94b6bf134bb,aab272ae-8753-45fc-bce2-52f181a1add5,945.11,2026-05-28 00:55:43.446760+00:00
7ce49252-178e-46a1-b2c7-dd41f47eebd3,3d04973a-6f61-4674-a232-fe0a81351bcf,2097.77,2026-05-01 04:55:54.765394+00:00
1178403e-4cae-4f0a-8048-11862b3faac6,5bed911d-ba36-4a48-8834-cbd40dd1a674,635.01,2026-05-19 09:59:19.580641+00:00
ced32568-3df5-4996-8d9e-8fac12430897,10ddb802-b8f4-4488-9a0a-2bc357d7ef5c,341.3,2026-04-22 15:52:41.613314+00:00
b8198671-2206-40c4-8da2-bfc43d72a402,de8c4ac2-224a-44f6-b8ec-3423771d4a57,4107.29,2026-03-26 04:32:23.122644+00:00
e466a0ec-4f6c-484f-b0bd-529642ab6d33,97e7557f-4a4e-41a5-92de-6af6cc1c27aa,2970.52,2026-05-31 14:50:53.614312+00:00
d7e406f4-8c8e-4336-8a8f-b5cf344c9e7f,e484c721-0b4b-4319-bab9-2f45bf25ab1a,1365.36,2026-04-04 12:38:21.861970+00:00
7e06fde2-700c-4aef-9bb3-c9a65b916eb0,5ba8ca1e-0878-4c3f-86a9-63ab5eea7f0c,812.85,2026-04-05 00:08:20.300931+00:00
16593d87-bd8e-451c-b257-cff36666f5af,57db3ccd-41e3-4aba-8004-927fc6210f92,2102.84,2026-05-31 18:11:22.222005+00:00
9a91bc6d-91f2-4e62-a016-a90bf2186766,a114dfa8-30de-460f-a0ca-89610e801f95,1701.25,2026-05-31 22:45:48.937634+00:00
1f241c29-fc5f-4063-b197-da2d3771c790,86ea005d-a90a-4ede-b076-bb716ca34fa1,662.23,2026-05-02 22:06:06.425265+00:00
61d6b98a-bedf-4fc1-893d-f6f4cf35130c,43717545-04c4-4867-8cb6-f7587285334f,318.54,2026-05-03 14:11:20.490183+00:00
5e4484c5-f060-4643-8929-497e5844876f,d715a14d-4b54-43de-bdc7-d4b74dc08387,805.26,2026-05-13 11:36:11.169004+00:00
c364f841-5c34-483a-90a2-3d66d7bfdba0,a6ae6380-858f-4f42-9b8f-a12796465d88,1890.25,2026-05-21 09:29:53.077001+00:00
f8f5fe75-d56c-4b4b-a028-08751b05ffd4,6378e4ad-500b-4c96-a5f2-0ef35497e490,1027.69,2026-05-28 23:54:59.261904+00:00
1b4bdfd1-0860-4b4c-b5ec-9d84b5a63056,067679f0-1991-4421-914d-3b01fbac6fe1,3751.77,2026-05-30 23:32:37.032249+00:00
a430fb58-7123-4776-a796-154e5f1711fe,8b9e8c88-a3ea-45b1-bde9-c94a64969c89,557.85,2026-04-07 22:38:36.262619+00:00
b7c615d4-415b-40b8-86e6-6b7a440c864b,d9820f86-f515-4552-9a31-ad670ad527aa,349.37,2026-04-11 04:16:22.721167+00:00
01b063e2-e172-4d04-856e-48d1bf8a05ee,2f81af6f-4bd7-4474-b9b1-454344d0b8f1,651.49,2026-04-12 23:05:34.684191+00:00
cdef68c8-bcd2-4089-8a7b-650633fa495c,70236f20-a4fe-4f7b-bf74-be210e76daab,633.21,2026-04-21 14:51:45.367425+00:00
478bf15c-0577-42d4-bcfe-7261fd1a5c8b,b92e1d38-33ec-4ac2-a805-3d50096cd536,765.58,2026-04-22 21:37:01.129647+00:00
b5f7f7ac-b12a-4c82-9c7b-2bdb3c7f5e5b,100a7623-9f0f-49af-8e2e-e6e0f74bf699,10.0,2026-04-24 11:10:16.127998+00:00
922e3d9a-d01e-4dbe-b493-f5898591a716,7c5b2729-31ce-4738-8ba5-d5a937daa877,967.15,2026-05-01 00:58:24.008373+00:00
bcd16398-facc-4f44-bf89-4ff3e2b4b241,684fc6a1-330f-41b8-9555-f73cf4276044,757.83,2026-05-08 05:22:36.235153+00:00
3e08d94b-12b1-41d7-a898-cbdcdc07d4c4,e7e48e09-d12b-4e94-9977-9ecdec96e9ed,470.0,2026-05-16 10:33:46.150120+00:00
7d389364-803c-4992-9e02-6342cdd64856,6dd605ad-8891-4cb7-bfa1-b03fc66dd2fe,2559.9,2026-04-16 21:30:29.785560+00:00
d2bc450a-5686-4e97-b75c-111d2c5ac8b9,3141552a-d973-4969-a61f-a5aa76556f02,1188.52,2026-04-21 22:44:09.209868+00:00
31b1e6f3-7072-4f25-9dd7-78d02defbbd4,dd20be2a-0b8c-4f88-ba38-aaf6d0248d29,1060.39,2026-04-30 17:50:17.382293+00:00
2439258e-5840-4870-84c8-556e2e1ff1ce,547c5baf-3204-43c6-ac61-7e84469ebe8f,1297.67,2026-05-11 15:03:10.357048+00:00
9dd8fdc0-4ae2-486f-80e8-55d833f0c308,a1eeb085-3ad7-4e9b-8391-960e4e73933e,1549.01,2026-05-29 08:38:14.502170+00:00
ac22ca2c-b31a-41c8-a90f-e78ee944bd37,022aeea0-6f51-4374-b4f3-5738ec0153cd,5649.43,2026-04-06 19:13:38.103905+00:00
48f7bf1a-916e-4c7f-b4b3-c22a25e6b01c,d2dafc5c-3be3-4902-89e0-efc05f2b6001,3553.57,2026-04-20 22:35:28.576156+00:00
69dc2ea4-b0e2-4a10-bf65-cf1fa0edd74c,0832af73-ab6b-4656-bffb-a7ab188bf4c7,5319.99,2026-04-21 09:31:57.876176+00:00
0fcae021-fdc1-4cba-9b26-fa76165e1037,385c2377-5184-40a4-aee7-dabeff06dcf5,4188.09,2026-04-22 03:03:30.320007+00:00
f79c53b8-1aa8-4d7f-809b-98d72cf9aa72,ff80c249-569f-49ae-8ebb-611ca65704d9,1325.16,2026-04-19 07:15:34.378009+00:00
5c82176c-2af9-4238-9716-2cea2de14e1f,6806f5e5-93ec-4efc-b5e7-f0e0638f907a,3616.19,2026-04-20 00:51:16.446812+00:00
36f8aa8f-ebf0-4fef-b519-a8fe0b4498e7,c9b85277-f263-452b-b246-d83b0dec6526,3521.33,2026-04-27 03:57:26.070162+00:00
f4eed276-4045-4e26-8b6e-059434b2a7c7,982da636-be69-4677-9eaa-1fcfafe6c83f,1720.74,2026-05-06 03:43:58.134830+00:00
def08fd1-a160-41ff-a1c7-cc3f9d5b547a,d3450a44-42be-4ad5-8202-e478fc2d32f5,5100.46,2026-05-27 09:56:55.454987+00:00
d67fd58b-24ad-4a06-8be5-a0c27305ad6e,613d9db4-d186-4124-91ac-93d3786e642a,1305.64,2026-05-23 02:16:22.895229+00:00
aa5f1db4-5b9c-4fba-b89a-912c664a1d20,9ca5af7b-ca08-47dc-b056-261a3b9fbaac,1243.14,2026-05-23 21:13:15.292499+00:00
c8fa325e-8e43-4c1f-af16-a00bdc4005ea,e46c412a-4d5d-4797-8186-3a08eca02ae7,1867.34,2026-05-24 04:40:41.259207+00:00
82d2d465-9ce3-417e-8e02-c891912b3ab3,1fa87771-833a-4bee-b2c0-dc481d212a42,1091.2,2026-05-24 12:51:28.746686+00:00
5c05211e-1aae-49de-93a8-ccebd4a8259b,3f0e3f8f-5ef6-49e2-8837-0af1cfb9be89,862.32,2026-05-24 13:59:21.195602+00:00
3765f1a9-7a27-4205-981c-03b90db0b3b1,9c4d9b40-a624-44f6-9b88-9c8a14bfca49,2438.82,2026-04-05 07:06:02.993504+00:00
167aa17a-51db-459f-91c8-fefea94f0320,4f493ece-ffba-4c40-ae80-a348d16b7667,3790.34,2026-05-26 16:10:20.156344+00:00
683bcd49-e389-479a-b734-29dc6322745b,cc7b36fe-7210-44bd-9f65-c0aa22f8fa7b,904.13,2026-04-15 17:56:49.432847+00:00
607c6b31-e5ec-4d54-be62-0c45df564646,456a64c7-1a9e-4e68-bc60-50918f42979c,895.89,2026-05-22 10:50:10.605592+00:00
7f84ff0f-5962-4b7b-a868-860f4873b560,504a4268-7db0-41e1-850d-9b8568b85686,996.99,2026-05-24 01:12:28.218084+00:00
706bef69-8a95-496e-9d30-c1e0064abd5e,168d2941-ab98-450d-a6bf-39b02a3e6b58,647.26,2026-05-26 02:53:39.923573+00:00
53a29038-b6a9-4f04-8fb9-696e41837dc2,7488bc67-9c53-4522-ac82-39dd3f46f179,714.55,2026-05-31 20:38:38.912967+00:00
d354be45-01ee-4b8e-aa6b-1517618ec734,f97b51f6-f0d4-4da0-b778-a68123c26e0e,4102.07,2026-05-02 06:28:43.303201+00:00
4ebb7d35-1aa2-4427-abe4-291d2c840253,401addd2-2113-435f-b3db-6d2b6d8758d2,4180.61,2026-05-04 03:06:45.974959+00:00
08fdcd41-e7ce-4118-add3-20b508b2177a,12e410dd-ffe9-44a4-8f0c-efcae5f4e959,5224.83,2026-05-06 22:58:45.970128+00:00
51402ba4-74ca-46c4-a533-48b5daaf9892,30c91c3a-354b-460e-94a8-8e08b4e17601,3990.16,2026-05-07 06:28:08.729666+00:00
93b81267-24cc-4216-a88e-27f345b233cf,11c0f064-6073-4425-aca3-e736485f6d67,2672.36,2026-05-12 01:30:11.503520+00:00
f62c04b6-768c-40be-82fa-207a5fd704f7,5ce541f2-7f9f-4406-bb40-259bfa1505e9,8193.46,2026-05-13 07:40:59.239551+00:00
ab62cbd5-7416-4b7c-a7a9-92e22c7d6307,521adfb5-f13c-4a18-a539-8c63b35d4ac8,5118.97,2026-05-18 02:14:31.204865+00:00
43e00037-b383-42be-b856-a0467bd436a4,5ec4eabe-bfb7-4690-9915-8e3c32268e0b,2050.58,2026-05-25 21:18:08.525175+00:00
3ef9cf08-8425-4549-afe3-f596b6d9c4d8,4698afb3-1a3d-45f3-83d5-e1d4f96f4052,1385.77,2026-05-31 12:18:31.838598+00:00
523370f2-5326-4285-b419-36d169efc0c0,ec4ae185-ef29-4c31-9049-36f4499334d1,1346.1,2026-05-30 19:13:59.876380+00:00
c9d89313-44a9-4327-afc9-136c1c77ca64,fd89226c-99e1-48c1-966c-939807763053,2014.42,2026-05-31 03:58:47.014247+00:00
b7228e82-c5d4-41f2-a748-c5576e5a0f1a,c38f77d0-b58f-4d9f-95c8-bf9dad1f673a,1622.19,2026-05-31 10:27:43.539700+00:00
6a3f4706-d450-41a5-9c6b-42159dbf8f7b,df042351-67f1-481c-8346-0e82d52db0a0,1147.58,2026-05-31 13:20:00.355050+00:00
19a997c3-a745-4025-9026-64682f740e14,a360dc7e-a68d-494e-be04-0a0dfb11639f,5469.74,2026-04-24 21:36:25.307852+00:00
62cd5fcf-62c6-4e90-8d0c-ee4bba151141,e7d9fca5-0176-49bf-95bd-d48dc39b31c5,4242.79,2026-05-07 07:26:29.342496+00:00
5c7f9dbd-f8eb-4dba-aba8-a4523017ed04,63f7495d-6146-436b-8a8b-4e87555649ed,4456.24,2026-05-07 17:18:07.008757+00:00
0b2ea92e-716b-4378-b21f-05842fbc2a03,ca34e884-5037-474a-82e2-7e16da93ec0a,3243.24,2026-05-11 11:29:13.535092+00:00
c694c7fc-735a-481e-a784-409b7f0dec4b,aeb8197d-474b-4ed3-bf8d-f54887a72b19,5422.64,2026-05-23 13:31:13.924441+00:00
f1e3d204-4aac-431d-993f-84ad761edeba,311df011-be25-4017-a8c2-3b9a40f0058e,2996.86,2026-05-16 07:36:12.101689+00:00
34a5a928-f20e-4cfe-8c04-8be1f3c03f91,8d964bdc-be26-4ecb-b220-871204def45c,1585.43,2026-05-14 10:11:38.618661+00:00
9f3e30c2-b4f5-4374-8178-14616b1f554d,de7ba2d2-ec53-4131-a283-b12dc48638ab,2290.22,2026-05-19 12:05:36.369332+00:00
6c1bdc19-db12-4a16-be9b-97c32a13d3b8,9376d5bf-8ec7-4320-bd54-938243eb1040,3291.06,2026-05-20 06:53:44.747736+00:00
32db0cd4-c801-457d-b111-03ba364187eb,92e06d2b-4149-41fd-8bda-0bde3b891bda,1046.11,2026-05-22 21:52:07.468124+00:00
fc7b5269-94ee-4539-87a7-e469d1f09d3f,10f8be1f-91ff-40a0-bc28-5da3b5905858,718.79,2026-05-27 12:18:26.441191+00:00
0b6d7a77-d5e7-49ba-8152-2c492e31651a,e5fbca63-e2b1-4a6e-8c89-ff64907233fa,3588.18,2026-04-05 22:38:42.441633+00:00
b79c8403-8ef6-4d34-a3b4-e9910e96b0e4,5602b510-26c9-4a8c-ae6f-1128662bfdb9,1636.3,2026-05-18 15:20:25.684261+00:00
2758ce70-cff0-46ad-8815-afe2bd0f0deb,4aca0263-2c7d-4490-8253-cf8cabec075e,1329.39,2026-03-15 04:48:47.719468+00:00
39f4a510-65c2-4f46-ac6d-43942a6a57e9,75281403-a5d5-43ca-a94c-ebf93155601f,425.59,2026-03-27 16:59:07.167304+00:00
143862df-3b94-45a2-b444-b43b016bb7c9,5541c555-937d-4a25-8b11-329abb6f73e5,3509.8,2026-04-16 00:40:30.042389+00:00
492d5e34-1b3d-415a-a649-e0baad8333ed,35e586e2-fcbf-4b8c-a9dc-7b51c903076f,871.71,2026-05-08 14:57:15.378652+00:00
e7099a17-e2f1-4f7c-a1af-c09374d07e3d,8efebe9d-df1b-4177-938d-eb2c12865e6f,2561.87,2026-05-09 05:35:36.579363+00:00
e0278566-638b-4e2b-886a-c9e1ff84bba0,57029d66-9195-4724-b002-492fe0cc0ed1,1596.01,2026-05-25 18:36:39.567102+00:00
ee877aba-7808-4ea8-8f58-f5210b030c6d,435cd51a-fb30-40e1-a1c4-63f322657006,5980.71,2026-04-23 00:06:59.613337+00:00
5d1cf822-046d-4407-bff5-99c7c7a6b7a7,40833d30-58c9-4fd7-ad40-03d1741845f3,2268.31,2026-04-28 11:48:38.923006+00:00
674b7806-29c6-452e-8278-ecb02de338c9,09142180-d967-409f-8423-15070083b297,985.3,2026-05-14 03:35:49.759463+00:00
3173eb00-d44a-4f3f-b973-5bdd06925128,49d0ac8c-f161-456b-83f9-05bc2cd697c5,2166.84,2026-05-17 23:11:22.355844+00:00
a231bb72-8de6-421a-a232-e463a0d956f4,77e32a9e-be23-44a1-9d2d-5152f09d0fcf,954.53,2026-05-25 02:50:55.714711+00:00
ad3291f8-9b18-4d84-9df4-c424e97b1fd7,746f24de-d973-418b-abe5-89d4223c4d97,2022.86,2026-05-28 20:27:55.939401+00:00
54188104-8435-4e6b-ab1f-0fb46d6674ab,20374f17-2803-4136-9f24-50cfdb04372a,3237.56,2026-05-08 14:33:42.105129+00:00
8513516e-dba7-4767-9bcd-fc5c2e2e729a,934e10ac-8757-4f08-ac15-1e9b5d27d21f,3485.8,2026-05-15 21:31:02.695479+00:00
7ed88317-477f-401f-a337-f33f1d77cbd0,30e182a4-2e06-4acd-84b3-ebcd8c91928e,10.0,2026-04-27 02:32:43.801934+00:00
40440373-2f84-4255-b5d9-62e9efeebacb,9d21a8aa-9c25-4b39-b133-b63ee9954a95,499.86,2026-05-02 19:29:03.404171+00:00
9059e46f-9854-46f6-842b-972c80ae5f42,0b221fbe-9b29-457d-8b8d-d46c340032a8,527.09,2026-05-20 08:43:42.407926+00:00
9da4c41d-bbe1-473f-a8ad-376141c514f5,f40d8e35-789e-4462-923b-6de4263210ca,197.37,2026-05-27 11:43:28.539273+00:00
a081e7da-b2c3-451d-9c55-725819fa26ff,e6d74a2f-4de2-4b8f-8ee8-c6d6fa56d0ee,2284.85,2026-04-01 06:20:58.453997+00:00
e48988a2-5393-41b3-90f2-78055f5e9c9f,bb4843df-eb40-4454-8d00-2af41501361d,976.17,2026-05-24 19:56:30.465737+00:00
c95d4a2b-09ed-4947-8aa4-531cc7a2f60a,8353a616-feaf-429b-8ffe-97090447c8c6,4026.07,2026-05-13 13:49:22.377739+00:00
af060898-53b3-4a78-be79-db8f16ab9735,136fa7d2-b1f4-4088-b3bd-489529ddc49f,5611.99,2026-05-13 15:24:15.793811+00:00
8b977cfd-aa10-4ec7-9e33-1d05a3eb9109,6d1b612c-c496-4536-aa8f-b873aa0a2cc4,1796.8,2026-05-13 20:56:45.265982+00:00
591b962e-0db1-4615-9fff-47ff7043616b,f19b534e-731e-4d95-9450-dbe70c07e213,1036.22,2026-04-14 03:13:05.056107+00:00
8aa631e7-29e4-4cbc-b6ea-1914f7b85c28,fa66fe09-a75c-4670-8684-1fb441867458,740.58,2026-04-30 10:48:22.115981+00:00
31b94963-344d-462c-8fa5-2c0665c5c28b,e5fbfbbd-0cf8-45ff-a153-11d903a585a2,952.63,2026-05-02 11:58:11.261914+00:00
2a0d3036-e6f7-43c3-8785-2e398e741e72,2a192cd2-3468-4787-a6a3-1b187a1ffac4,850.34,2026-05-02 23:08:28.732682+00:00
3c336b30-124d-4d1f-997a-3bf19f6e1e58,23e982e3-b496-44fb-9ce7-4fb85a454689,840.1,2026-05-11 21:31:00.824187+00:00
d1047133-fc9a-48ce-b61a-5baff379bf37,d13077a1-35ab-4c06-99c2-1671de82aa49,3454.91,2026-04-07 05:24:33.335061+00:00
23d8ef36-a13d-4cb3-9833-0edc14e3d79b,b1448242-622c-4780-9f44-a229c4815361,3196.52,2026-04-25 13:04:24.462325+00:00
aaaa733d-adb6-4ca5-ae70-7c5db8878077,f30b5b10-f496-4374-b9c5-375ad6a65156,1497.12,2026-04-27 12:24:19.714355+00:00
284ef6df-6bb5-4be7-a91b-3e7f34e10c85,80730dbb-f2fd-49c4-8819-a5ee52312791,1782.02,2026-05-17 02:02:02.693822+00:00
16dc92fa-81fa-4c50-8702-75aed1046fe0,419c29bd-b0a6-415b-a772-001e3350b583,1998.5,2026-05-27 04:52:30.682198+00:00
e431f1f2-ca21-4cc2-8b46-7fa2ed5f740f,eccee9af-b41b-4ec5-a440-38148c6333ab,887.12,2026-04-26 03:05:49.272632+00:00
c0ad098f-ff85-445e-9c1a-8268dd41f331,fbe6c63b-7301-4577-bc24-2672fe2c41b0,10.0,2026-05-28 07:25:13.654457+00:00
b08c1d17-444f-484a-a44d-807656ece333,7c26c698-35fa-462c-8a37-3ed67af50024,1433.54,2026-05-04 10:54:23.930370+00:00
6d5e3ccb-691d-408d-b1d1-852971689c52,d0a39346-76f7-4a46-a93d-33ff7188a16a,918.31,2026-05-05 21:50:06.082516+00:00
b2b6a8c3-a7d7-4067-be66-4f0a0a1ec0e7,98ac7ba1-0eb0-4ef6-9c97-9896ff4752fe,1296.7,2026-05-16 17:30:23.551296+00:00
9a631bf2-d890-4e87-a352-a540ded9f908,239f82a7-bfac-45c8-a806-2c1837e9404f,3332.35,2026-05-17 18:50:55.295227+00:00
55f21eae-d240-409d-9e4d-74f7272d4a5c,1f2002fc-1d48-4c16-9e57-a654fe0fdc4c,1572.95,2026-03-08 23:42:50.820476+00:00
ade969b8-3cbd-4ebe-baa8-723333caa301,9d9164ed-482f-49fc-8322-c62cf0166773,937.05,2026-03-23 09:13:25.051368+00:00
55b59d09-aa80-48e3-88c0-b3a048555b97,f1cbe913-e46e-43ce-b924-f441b39028ae,4751.09,2026-03-24 06:16:33.963889+00:00
79a2adf9-40b7-49ca-8c33-f6b93a22b665,2317f763-a07f-416a-a7c4-7686286db36e,3215.15,2026-04-03 07:07:13.775679+00:00
faad752c-6585-4126-ab64-0422e4c45b53,58a7a88e-e22a-4e00-9561-45e69379058b,2839.61,2026-04-20 02:39:51.463192+00:00
8b57d02f-c30f-43a1-b398-fb07850b653c,2ba8433b-5fad-4f81-a745-ff8cc995c310,2332.61,2026-03-21 20:18:47.588078+00:00
06ab6d42-b104-452d-8a63-923475c32899,b7e22612-dadf-4a82-a264-d4503353c1a2,4649.32,2026-03-27 12:29:45.485537+00:00
354f1850-ef37-4519-a311-91c1c9cc843c,7048db66-31f2-46b4-80fe-2b6180f8cf31,2206.35,2026-04-23 08:34:00.207684+00:00
3b3d050f-5b9e-4ad8-95ed-5c25be4aa5d0,aede3837-746b-49e9-9f25-4596da9b1769,5914.38,2026-04-27 11:00:23.347959+00:00
b27e6d31-a382-46da-8569-7431b02504aa,8a3b4d01-e40c-4d5d-84a3-65ae56fa0db6,3821.93,2026-05-06 11:20:58.119862+00:00
ece13da8-b1c2-4b42-abcd-2ab553e81c1e,0e6c4dba-c3a3-4c74-89e5-35aab1c839b7,6005.38,2026-05-13 12:30:44.392537+00:00
99c0c805-37b0-4240-8031-b21b131ee2f6,a4851aed-5430-436a-a165-9b0294a99d6a,1883.03,2026-05-17 09:48:46.105474+00:00
5c100681-2e97-4097-b6e3-435776c11c21,f765af77-001e-4d1f-9358-635d054603d7,7507.1,2026-05-25 10:18:17.196485+00:00
b836d007-bf4f-4ee6-8e7d-bea54de3fbd2,59c863d9-1258-40f9-89ba-459c521dc2f3,2559.44,2026-03-22 02:40:10.151931+00:00
edfff0e5-d22f-47e3-881f-e57e085cb898,287e1132-f431-4b20-a9fd-850883ad48ab,1922.27,2026-03-23 06:11:39.556263+00:00
e7a7935a-cd11-4759-bfed-884d0d552e97,e45508e3-5c47-48a5-9c8b-10da465b4bf6,2762.57,2026-03-23 07:23:11.764187+00:00
491bf9ea-30c8-443a-8728-f58596bad9c7,0b9debdf-0e50-41a0-a88f-3a7b0f48a97b,3891.74,2026-03-23 23:06:40.302119+00:00
17b117c2-18e2-4167-bb76-17adfdc40bac,1039f81f-ad06-4148-a4c2-6116cdc90638,10.0,2026-03-24 00:17:20.786644+00:00
849c7edc-154b-4fc6-bffe-30c3952d6e35,151be43a-84f7-4105-9b19-fa111f169501,1413.27,2026-05-22 08:45:08.369040+00:00
5a54dc5b-8cc5-41f2-88b7-fc056f0cdce8,7c274ac9-1bd7-4f61-bac5-cfc5c840a647,2337.86,2026-05-24 03:48:41.534614+00:00
12bef762-c4b9-4290-8b22-cb780f24a6a5,c835879f-aea2-4a4c-bac0-0dce16709e30,4328.91,2026-05-29 17:42:44.785876+00:00
bfaf089b-4ee6-42b7-9ce4-3f0435f4880c,c8a558b6-1d5f-4383-ae47-43300b0ee177,454.82,2026-05-24 00:54:06.004764+00:00
04b2a246-6037-49ac-bdc7-5ffb5539fa0c,980414fb-42ac-43f4-aa85-c2102a49c3c3,10.0,2026-05-31 01:10:49.634263+00:00
55830e57-736d-4f9c-8d42-fa775a2c3af1,9303104e-aff1-45e9-b1cf-ae7a684a43d8,471.52,2026-03-21 22:23:11.040963+00:00
8fa12287-4ffd-491b-9c12-0caafeb86599,f352e4d5-0b7a-485c-80eb-675adb022694,235.38,2026-04-24 04:22:49.528269+00:00
71aee378-00ef-4b29-83c9-d381edd14901,9c10ee82-06fe-4924-a5de-9376cd063d5b,1688.37,2026-05-23 14:04:19.070055+00:00
c5794118-5c06-4108-8609-ea305abeaa69,c3e93082-81ee-4aa7-965f-7e6e838d4a6a,3060.03,2026-05-13 14:37:25.414667+00:00
502c8808-a028-4b47-a6d0-897aa13fafde,e52821df-83a6-4ae7-873f-ec1e22fc3fb3,4474.03,2026-05-15 18:31:50.659299+00:00
d1e9753b-c5a6-4bda-bf6b-902dcd921d7f,09639825-34d8-4963-bcdd-47f9bef89e9f,3590.98,2026-05-18 23:04:46.647647+00:00
6804f1aa-eccd-44e6-bc8c-55d7362aadec,1accacb5-8c95-4ad4-95ad-386ba1b0ca58,2284.86,2026-05-26 20:11:11.478882+00:00
3ca7065e-5897-46c1-8538-41a6276ea4ca,2738fcdb-48d3-4169-8f94-9e87a0add16f,2875.74,2026-05-27 09:24:58.237599+00:00
f5b22902-1603-40f9-ac73-711ed2edbcf8,460ca1cc-17da-4d71-8d64-e48adc7679d8,624.46,2026-05-08 12:54:38.349037+00:00
3d89ee66-76ab-4968-a278-37803a9961f4,60b06b06-155d-42ab-8097-b1724a80a924,1595.07,2026-05-08 13:19:29.651605+00:00
31873a6b-63c4-4a7e-b9ed-58bc47165887,0a4c8ccd-2417-45b7-88ba-5d0e83a8b882,410.26,2026-05-08 22:48:56.300104+00:00
e1424d54-e74d-44d5-9130-86a6646d0a2d,c93f0f37-39ac-48f0-b364-3dbdb45f276b,1233.25,2026-05-11 14:49:28.006860+00:00
cc1259e0-846c-4bac-814c-ce2d417f2220,0ae65069-fd53-4fb4-9b84-ab498182a99e,843.7,2026-05-21 14:22:41.725172+00:00
4feb7339-ef6e-4d9c-9969-d2607d82f09f,08083cec-9008-4432-b42c-8ce8b71d4091,1773.37,2026-03-09 17:07:35.380185+00:00
2b4af363-d447-4d1d-b6ec-fc40986eae95,ade41dc4-cb53-45cc-ac85-5a6715733ccf,2265.53,2026-03-13 19:18:25.400427+00:00
ff0a004c-162d-4e67-bfc7-00e314f1b1a7,d5a23751-b00e-4ac9-8bf6-9bd9fe7ed79b,3258.97,2026-04-30 06:10:31.315151+00:00
cb8fdc44-7fab-4161-9fef-c78d608a6747,d15c5c80-fdc4-47d7-9ba1-a7fb3ca8a92e,4373.58,2026-04-23 02:05:02.991294+00:00
30067e46-5ec4-469b-b722-0a5a4c743d2a,9498c9a2-204b-49dc-9473-4003093bc874,3230.33,2026-04-27 20:51:34.317097+00:00
45e78291-4b1c-497b-9e57-46bd5bbdf78e,1a57e0ee-c128-4886-a2ad-f7950c038eac,4206.06,2026-05-01 10:11:33.713326+00:00
7895cdd8-7559-410c-bc73-dcbe46787bcb,42d4d6b3-3892-4a9c-ac88-0cd8a940540b,3890.65,2026-05-10 00:03:21.062275+00:00
521aca58-f299-4f75-8a2c-a6707e7a5399,e511cea0-df06-47df-86f1-d1738d6a4baf,1920.73,2026-05-12 18:45:17.418369+00:00
db1014a6-cfd8-496c-8b1d-41caa451054c,ec9045b2-578f-4d2b-9d1d-a246ac3978ec,4012.38,2026-05-27 22:58:49.224482+00:00
fc864735-26ae-4ef1-a87d-88fca0c46a37,3925de66-b6dd-4a72-b68b-a32d15233d55,2557.39,2026-05-28 04:08:38.534603+00:00
4ff31e18-4463-489e-8852-92c6d67a5360,bf8132ee-7776-45b2-88bc-e4f73e027e14,5193.49,2026-05-29 07:10:33.006645+00:00
348df7ee-2d0e-4ef4-b124-8b6153a44f9a,4fe4e0c5-d395-44de-bc3f-c88ef67b4ee1,5114.45,2026-05-30 06:37:36.932229+00:00
c1a42c12-76e0-40ee-881f-56161d60fa89,bbfa704d-b15c-4fd5-af39-27e1c8c098dc,2047.76,2026-05-30 12:19:47.508241+00:00
11f24066-defc-42f5-9f40-76015642f3a8,970c7715-08ca-4fd4-b4e7-a15c5f4420d0,1328.44,2026-05-02 02:48:40.700915+00:00
d877f181-fb71-48d1-93f3-6c84adc403b4,61f787c0-385a-43f5-b241-fc6f230381d4,2654.14,2026-05-06 03:38:46.416079+00:00
23619c99-c131-4de0-8022-ded93cdb1d6b,7b093d74-53f5-4427-a526-c999b962a806,2585.68,2026-05-10 03:40:05.512243+00:00
8c2c0c75-e71b-44ae-8db3-570888f64e25,0584a9ac-ea44-44fc-8814-ac180e25610a,2032.07,2026-05-23 03:06:48.782731+00:00
c81ce73a-7c78-4620-a062-9f34f70ae326,ae667ed6-7200-4d10-9810-31933661c41c,1679.82,2026-04-24 13:02:56.717698+00:00
1524b312-1f6c-4e2d-9deb-60415267fc8b,6f4aa6db-f327-46ab-856f-de752ffa7476,874.66,2026-05-08 19:22:27.853796+00:00
a70da738-752f-46cd-9c42-85de36aa5224,faf6bc5e-b2f3-45e2-b6ad-c16a28afdb66,1784.16,2026-05-25 09:16:44.623668+00:00
235b80a3-1a8b-4d7a-90ac-a1d8e353ca79,f97ce353-4d21-4420-9d84-9926c90a8833,3910.48,2026-05-27 07:48:41.473431+00:00
f9f91c4b-cfc2-4f0a-8817-cd3c359b1a15,33fd9819-1d6f-4a40-9b68-b74cec6d0c5c,2463.86,2026-05-29 10:53:18.395635+00:00
3ad0f93a-c3c6-4dd8-8052-ca0e99e4cad0,ccb1d807-06de-4efd-885b-d1e16227507a,10.0,2026-04-18 06:35:00.313826+00:00
665e3891-9590-4a38-bba5-00fe19343485,3bf56cf3-adb7-43d4-ac78-c2e11b3ef340,4532.18,2026-04-19 21:39:08.124429+00:00
dad5851b-2b9c-48bb-9ec2-c01a068eda90,e4537c58-ca24-49f4-ade5-57694f0f0224,6549.75,2026-04-24 22:59:18.924913+00:00
4f6c5429-4b53-4ca0-8ac2-b0b1b9507b89,2f3a34a1-ed2d-4482-8358-ceed2b3b6b4e,3393.01,2026-05-17 03:07:42.762082+00:00
c1e67803-2c35-4671-8c52-4e9c2916404e,46e80249-b660-46ba-af12-e318bbc522ff,1181.98,2026-05-24 22:57:17.592120+00:00
d3e236bc-b86d-4ce5-94e3-121ac741af21,ea0bf3a9-f180-4957-a1da-84fb3b37d689,2608.17,2026-04-06 16:45:21.353135+00:00
04f2ddd0-5eeb-4f8c-9924-58ce32c9154b,0086beb2-09a8-4224-b04a-4919bc746ba8,1527.6,2026-04-16 14:50:53.126507+00:00
94f8c5ea-74a4-4216-8dce-ae43a0d87c75,216e5ff2-9610-4105-9054-6d02c804d369,3682.17,2026-04-09 04:35:03.281986+00:00
ce718f20-c62d-43d5-a313-2dc36f16fb56,c131b478-9af9-4a68-9244-bf6954b019f9,3521.64,2026-04-20 02:21:13.751489+00:00
4bd5f4c5-d313-496c-92ee-9d8adc7782da,67742c0c-d5a6-4321-bc93-cd66b076b47a,3055.39,2026-05-02 10:17:48.932880+00:00
963d9c85-f9de-4784-87d4-edf574eaa022,f85ec3f5-c170-4f67-bcff-6f7ed5f6a016,3619.65,2026-05-13 12:16:44.774055+00:00
9bdc679a-145b-44f4-bc78-6a9467713c6f,e46873c5-5dde-4c34-939c-0dd1032721d1,3512.59,2026-05-29 12:02:19.751869+00:00
c92ca725-64e7-4512-bfaa-ea5d3bfda5d8,d8b9e7fe-1fd6-4c24-af40-343a1a16d3bb,2189.36,2026-05-30 05:25:52.723247+00:00
000104da-17ad-46f1-97b3-b9a9c5ed2194,23167b1d-d99a-4600-8071-31f535c51d77,1733.73,2026-05-30 20:49:43.520289+00:00
400e6dd8-64aa-4c15-a93a-9848392b063b,1d9cc500-8a41-4a51-a22a-795659735fc3,2261.54,2026-05-31 11:24:47.964842+00:00
27a7fe22-804a-4835-ba50-3b0ee768c28e,726e2797-73fd-4878-9ff5-5859809ca16d,2860.1,2026-05-31 17:36:08.490624+00:00
19f5d9da-b7c5-493b-988b-86c61cba5fbd,3d246602-6382-4593-8d66-1c90bc51bc2c,1650.37,2026-04-08 10:38:30.830887+00:00
1366074b-42a5-4927-9e32-9a8e4605ad65,b9d1a75e-fccb-4cdc-b693-18fca4f35b3c,871.46,2026-05-23 02:44:10.559622+00:00
1d776858-2adf-4071-b9ca-93c6a21f041f,02c4d81e-342f-41e5-9b9a-af1497e3ec80,1812.06,2026-05-24 07:05:26.687654+00:00
211aee6c-c701-4953-b8e6-c1b56b4f217d,4cc81b55-ed30-44cf-b788-b8e63df022f0,1725.94,2026-05-08 16:30:34.342116+00:00
20cfdefa-30b2-46a8-9e2b-a72d5900ca6c,9d036fe1-3b53-4781-a4ff-0fe9c773dbe5,502.52,2026-05-10 12:33:44.289420+00:00
c192d944-157b-4f56-9930-35d48260e7ed,20c09420-7bf9-4ee5-b291-ecf1e38520e7,318.07,2026-05-12 02:09:56.393066+00:00
8617c274-7358-407e-a239-0d6b7dcdbd16,b9df2773-1e37-4975-8d03-eef8d91160b3,109.78,2026-05-13 03:17:08.081267+00:00
4ca81ca1-42ef-4f7f-8508-af598641d570,71b44155-1def-499b-8938-41ddbb9c92fc,1550.83,2026-05-21 14:22:57.787613+00:00
b91391d8-4b43-4b79-a803-b06f491de886,6ba52843-bf3b-4109-8660-d664240c4be3,1241.71,2026-04-04 01:26:08.628802+00:00
137adc2e-371c-460c-aa63-12643b46fec9,8b846b9b-46a4-4044-883e-55cd5eb7935e,2921.09,2026-04-16 22:05:39.377329+00:00
ceccfd41-4cae-4e6f-ab15-1347431f0ad9,53e6b500-bb85-4a2f-a82f-972c2afd9b4c,2679.01,2026-04-25 21:48:41.454868+00:00
81b1db16-d2cf-4e9e-a6ba-9e7ee27def08,2458026f-a82e-41e1-b843-5521d78db8eb,2817.62,2026-05-18 14:35:43.179468+00:00
ee63ebec-1f48-416d-b1ab-8f7bad3382a8,6cd02d19-3849-4fe9-ac4f-79956d224562,2202.68,2026-05-18 17:42:24.845173+00:00
0224726a-eab1-4c08-94cb-2acb3c54fb1d,d2967074-dbe1-4023-9ff6-bae11909d565,5097.26,2026-04-08 08:53:04.160446+00:00
dd9666d9-b5c5-4289-b8cd-292b2a6c72e8,985b8080-0b14-4e2c-8917-9e2050a14eae,5441.01,2026-04-19 19:42:20.230687+00:00
e55073ee-b64c-4932-a1c1-7f4b507d1331,49c487c9-4bbe-49e3-9203-027ae8a57962,2841.02,2026-04-29 07:46:05.563281+00:00
86a5aa71-e6dc-4fa5-a69d-33c518d43380,4c0fef21-7ead-4ee0-b630-421aed0b5b5b,5965.35,2026-05-19 19:28:46.569070+00:00
91687f7f-c845-4164-8a42-2f0b92de2509,d186d3cc-abdb-4d85-a269-60109033ec1b,1079.36,2026-05-17 15:36:15.928152+00:00
a6cd8fa6-35e3-40cf-96ac-c0b935a159ef,267cb73c-55b3-4d78-b64f-9ea43ad7f1ca,1926.52,2026-05-25 19:54:33.709106+00:00
b7320543-3230-40ff-b344-a9d26e8c8efc,86d4cd7c-b1ab-4853-b8ba-9c37888fdbb6,1288.56,2026-05-25 22:34:08.640752+00:00
a40c42e6-24bb-4a28-ad00-fb0dbce4fbd9,dad4b913-23f2-48b3-aa48-66318ddd24d7,2365.69,2026-05-27 14:38:27.352537+00:00
6e08d1a3-fdd5-4966-9564-540e9330ba9f,642529eb-2d16-4009-91ef-bcb5e677b027,2626.72,2026-04-07 19:01:02.002569+00:00
a866f68b-b05f-440e-8d43-ddd6b99adcff,07cbd6b9-8614-4522-b942-3c1e1d1620ff,1414.33,2026-05-12 23:15:26.607525+00:00
b62b3dac-0aa0-4891-b42a-8de1ced00051,ae5e131f-bbdb-4fe9-bd8d-34ae861b7639,1038.87,2026-04-24 22:13:28.202283+00:00
51a38639-fc33-4f2d-9429-224aae8c61f5,2f3ea80d-519c-407b-b9a5-8aa5e528ed85,1110.91,2026-04-25 02:59:03.832383+00:00
fd00f436-ab98-4192-8087-9cae45167226,7a405bd7-8b4c-4a1b-a6cb-ce36f4cf2feb,780.91,2026-04-25 14:50:37.544128+00:00
1bfe1e7d-fcd5-45c7-9a91-1c25267538ee,c4ce08a5-19fd-4713-b059-791f76cf33a0,821.84,2026-04-26 03:15:41.025800+00:00
8e4161e3-1bc3-48d1-81b8-16e18dc5ee87,e65400ac-8fbe-4611-b7e5-c79b7f7299f5,1839.69,2026-04-26 10:39:50.776431+00:00
aa9f4d7d-8ff7-43ca-9c98-b6bb087fba8f,17e5f2c8-bbb2-46a2-93d6-ff2abedbc6c5,887.16,2026-03-22 15:51:22.119514+00:00
7f33eeb1-c710-4491-a7a2-fcfa6a5739bc,495b8322-4cd2-4b6e-8862-1fcc288dcedf,2380.03,2026-03-23 20:33:20.910433+00:00
285adcc3-c809-414d-949c-f801d5d60caa,2dfefecf-6a03-4dc2-a28e-16cc7ea77d90,2041.18,2026-04-09 04:34:06.209932+00:00
8c14ad63-4726-4ba4-a164-e8f789acb656,3a384a70-71ae-4ac0-b9a5-585d1456232b,2992.05,2026-04-10 00:22:04.193160+00:00
d0265bee-9610-40c2-9903-cc84bdf7204a,a09e5f75-2bb9-46b0-9643-a9df6a7d807d,10.0,2026-05-24 01:06:48.548140+00:00
1c4c8d35-c4d8-4354-b1d0-735bece63db7,a51cd439-11d3-4a33-873a-0a2cebf5c2dc,4241.02,2026-05-05 10:40:47.391022+00:00
c7695169-c6da-4b76-a2b3-75c28c335a59,42fa0d59-c850-4a10-ac1f-c2e4d832d200,2418.28,2026-05-06 02:00:21.757911+00:00
ebfa6af7-cf3a-40a8-8c62-ccbb9bd3493c,2b940b57-b960-4b36-81cd-646cccdd7772,4990.78,2026-05-20 05:07:55.631516+00:00
c506e60d-7040-4ab0-b831-c90b28e1d89b,c223c79f-93bc-4e67-af11-633e4b890f9b,1409.05,2026-05-26 21:45:29.152217+00:00
080337de-95c5-461e-a0dc-d248a882497a,58891e57-6a80-4b8f-a64d-607c10017f17,221.82,2026-05-03 12:43:35.073813+00:00
7f6f3380-7021-411c-83f8-d930d442c53f,c8dfb31c-b046-4969-91c3-6d25df9fd031,2188.27,2026-05-16 08:55:02.563617+00:00
0e208901-64ec-4161-ab3d-b7df5cca9782,ccabe284-15d5-4061-95e2-bc4db9784898,465.39,2026-04-23 02:08:35.096737+00:00
15f9ea02-0245-463e-839e-7c396c7dc08c,1adf9f19-d0c9-4809-9a7e-55901158547c,1175.24,2026-05-01 10:22:47.374746+00:00
28ab8388-6866-44cc-8875-eb3479b8eac2,7a43fe24-e4ab-42cd-80ad-6f495e848e03,1152.98,2026-05-10 01:14:11.620021+00:00
e5ad29e2-2398-4766-a8ac-1633a67c762f,f00a27b7-c028-44ff-b6f1-3b59202ce088,535.95,2026-05-11 11:19:24.651541+00:00
2d769c53-5b52-4ccf-9cca-16347679381d,8960dd0d-0128-4bf8-b33f-2490fb2fd247,1729.18,2026-05-16 10:28:32.208371+00:00
268ab4fb-dd35-4918-8074-c0f9e5e7f080,170f81b2-ee8b-4368-afca-677667901086,201.41,2026-05-10 06:48:26.619306+00:00
37a21a0f-b54a-42c9-90f3-90081a11f20d,a900f7f1-9125-452b-a5d5-d893f69c1115,2978.8,2026-05-27 08:10:25.960523+00:00
349e2c01-6361-4ee3-8d9f-1c2b07fd1ef0,1519a4b2-8cdd-441d-b007-85431be44b8f,3595.49,2026-05-31 06:12:47.415533+00:00
ecf0802c-bd35-4c46-b8a1-9015ed75a5b8,367ba387-133f-45b8-929d-f85ee4a6f7f6,858.12,2026-05-10 08:33:16.323292+00:00
d0f2434b-62ae-49a1-ad41-939ae7e8f78f,f0c6eb88-77b6-4e5f-ba6c-c365f0cc2891,412.16,2026-05-29 22:44:39.068837+00:00
c7cf467b-1a14-486f-b8da-75fbc67668d2,682bda02-de47-4f7d-8fe4-ee810640ff49,228.65,2026-05-30 09:20:58.410857+00:00
98283f1b-b68b-487a-af17-206605b7eac1,1a3e73aa-0c12-4789-ad4c-4d96253e996e,951.62,2026-05-30 19:32:01.146402+00:00
a46f6210-cc75-4fcb-89d4-da8ee7eb5ab9,78193d93-c1e2-4a19-83f5-ee3e7a675370,985.43,2026-05-16 00:51:20.459887+00:00
ace52ce0-9c92-435a-96e3-6f87e25d1fbd,d55a00da-7cee-440a-a821-10e6eee49551,1358.38,2026-04-05 19:30:33.639981+00:00
35d19eac-9ec7-49bb-94ad-19481e0f5b0d,4c85aac3-088a-47e1-a668-c9cb514b9be2,596.24,2026-04-15 01:12:42.651019+00:00
ef1aa18d-41e6-42fb-bfb2-700c2248f13c,4358e57c-573b-4200-8f59-46e661a23648,863.0,2026-04-23 10:27:51.568964+00:00
396b8ef2-ad07-44b2-9f8a-8e324c3e4344,a0229f8d-c3d0-42b5-a8ac-44e5576cc27c,1170.39,2026-05-10 08:10:49.523473+00:00
fefeab4b-fed3-461c-b98d-f5775ee77f4a,b2e361f0-c638-4636-929f-e02153bd3ffb,4637.85,2026-04-26 11:58:38.541749+00:00
f6a9f9df-97c6-4328-85f8-69eb0a5f5ed7,d0be8d41-49a5-4b81-9163-00b5b64c59c2,1639.08,2026-05-23 17:17:25.134224+00:00
28f24199-584d-438f-a0f6-6c2d75febe36,25990466-27dd-4777-aff5-efbf8da0d092,3029.64,2026-05-28 11:06:34.604827+00:00
94e657b8-161e-499c-9212-52721d085a3c,50374b88-c4b7-4bfa-aec1-491e301af0cc,4730.58,2026-05-28 11:49:37.786256+00:00
7278c455-aa0a-4f67-b124-4e4cd32ad16e,3a77732b-a617-402a-9a4f-c94e77c4a907,2413.64,2026-05-30 00:01:49.172240+00:00
550df875-2a6f-4e28-9eff-11b17e8a1e2f,f6c7cb64-0f8a-40d9-b003-888d67e1a7fc,2636.53,2026-05-06 10:14:13.166661+00:00
f3569214-7769-49d1-990a-11ceb0cff79f,04922c20-4104-4295-a7f2-1fedb0b5fe64,4010.74,2026-05-12 12:59:20.185048+00:00
d4f54c5c-b7cb-4645-ae8b-ec25c2c4f7b6,ec42e9a4-53af-4be5-bd17-20eef59bb619,1251.1,2026-05-16 19:35:00.159833+00:00
d4423594-6a77-4b68-828b-df7d83907213,a767e199-7a95-4b48-bc96-85a038cca225,1123.05,2026-05-16 21:05:01.299925+00:00
194124c0-c9ac-4105-9814-31164d8b2854,62b02710-c96a-4e75-829a-25b15a831519,3834.21,2026-05-24 08:33:42.165446+00:00
28fc22cd-d71a-4c6d-a4df-1f45f7f23377,2d54d71a-c364-4f98-9a5f-75b9f30b13f9,259.51,2026-04-29 19:37:22.316155+00:00
4ea55015-6b23-4db9-be44-f11bcaf3d8ea,68fc2ae9-5369-46a2-aa29-84fe3b90b1a0,95.29,2026-05-08 06:33:26.147303+00:00
169cc4e0-bfdf-4ce5-b7dd-1ac4827567e9,102c3e19-d0ff-443a-b4db-9190fcc530c6,250.49,2026-05-10 06:27:57.268312+00:00
66cf78ae-d870-4d85-b785-127a0463d59f,7bc5a8e1-0e5c-4582-9a53-9cdaaf62499c,263.63,2026-05-15 02:07:31.929825+00:00
a8f3a584-5f4f-4f87-902e-9f7e316c846e,6c9bbe96-8e3f-4219-bacd-280bddbe71d2,242.13,2026-05-15 12:52:40.059524+00:00
7473e89c-e86f-4a9d-b9f2-a8c167a4b8c6,1e766c3e-8cb9-433d-b214-9a57dba6d193,2118.59,2026-04-28 07:00:16.757536+00:00
ecd00808-69f5-4c2d-9cd9-ebfbe92c075d,e59991f3-3b95-4c6e-90ba-d6b2a7867cae,4086.28,2026-05-31 16:47:34.798900+00:00
96a6ea18-6bfe-4926-88df-3d6a66f3728c,94ca69b4-e286-4524-b91a-09ef10b8e87c,238.27,2026-03-28 23:52:06.553292+00:00
d61dc84d-b04b-4ea5-b3a6-38c21187ec67,c88226ed-9805-4467-9961-6974ddb22496,828.1,2026-04-27 17:58:21.793547+00:00
0084d7b2-f75d-41e2-ae11-48b2ea003eaa,865243d6-b757-4d3a-b0af-20119ec7c475,10.0,2026-05-27 15:55:59.885840+00:00
509effc7-03cb-42c5-b5cf-ef2691b82e79,178e98bf-49ed-4668-a4bc-b027e1d07533,266.77,2026-05-29 11:07:10.634630+00:00
238c63af-5975-4c9f-8baf-3a081464b6d7,8d0095ab-4cf2-4557-bc0d-3b862006fc7c,1036.48,2026-05-30 07:20:58.538680+00:00
1468ddce-0c6f-4d09-a254-60e46f514b0e,22739bd7-efd5-4d9a-ba3f-b124dae950be,3399.05,2026-05-17 05:37:51.512349+00:00
ec04f5ed-d462-4752-9b55-2552df23494c,bd9b87ea-39d3-4045-8111-a8a94f5d7ad5,1897.52,2026-03-05 02:39:35.316830+00:00
8d330ebb-c6fa-4da6-a4b2-b6e9b1bfd51b,bcd31672-202b-4990-a01d-dba9a8750f74,2639.93,2026-03-28 17:14:40.945376+00:00
423f89b5-c5bb-4927-beb1-6b28bb1242dc,fa69333e-02a9-4db2-959b-cb7a57afdf3e,3303.14,2026-03-31 02:37:36.069195+00:00
82eabd59-5cc3-41ed-9dec-7e72061e6932,20b54b41-a670-4f07-8f48-015ea282da6e,6888.16,2026-04-14 21:30:01.549750+00:00
eec3f6f5-99ce-4609-9472-1303e111c32f,82fb8d14-a691-4ef0-b843-0e71ec742474,2410.23,2026-04-07 10:59:24.970282+00:00
ffdb0944-5f8a-4971-aef6-f1d6eec8e325,8917c368-02eb-4237-8bee-f3d81f076363,4959.69,2026-04-07 15:38:54.670011+00:00
7ddcc458-0683-4410-888b-8a01908c3064,4bf46e95-05c7-418a-ac31-1169be26da05,2998.27,2026-04-23 11:19:14.916735+00:00
af8cdedf-4e1a-4fa1-b3a6-436262a3f537,677f2ad8-52ec-42b2-abe9-06fe7f754aa8,3746.85,2026-05-07 17:13:57.439659+00:00
1aec00e0-80b1-476d-9353-cec7daf3c24e,6042d58c-83b5-408a-ac5d-603731257233,4400.87,2026-05-09 03:18:43.549102+00:00
250a645c-c271-43a2-8128-e70ac1661a42,bd3d573a-a228-4983-8a3e-87e8cf274b88,399.43,2026-05-12 19:08:23.903026+00:00
08db483d-62c7-433a-bf0c-b130a0efff3b,fa4beb90-5bb2-4315-8d44-5839f4c04d0c,127.33,2026-04-28 07:34:31.750328+00:00
647b73f8-a980-4972-99ea-3862472c1c63,8de91096-c0d9-4449-853d-f9a801d32a82,540.49,2026-05-05 12:59:02.824048+00:00
4f60991a-d621-4a83-b1a7-0a0df310c812,f0a389b5-6613-40ba-bbfe-e043d7e6e06f,62.91,2026-05-24 03:08:51.840877+00:00
937b47ec-9e1b-4e4c-9f8d-e3d1a26c893e,416d9dcd-7fa2-4844-b0fa-2cfc9b377715,90.32,2026-05-24 07:28:10.522377+00:00
ba3057a6-0695-4eea-8b12-750ffbb939de,c40bd627-7eb7-405c-a06f-a1a845f6e1c2,1602.22,2026-05-12 00:02:16.447448+00:00
400525ec-4335-4fb8-be20-a43833f33299,bda02f98-3553-4dbd-b10c-c8cfe8305235,653.4,2026-05-16 01:33:03.807678+00:00
d503a96f-a94a-4994-b686-141e99e898e0,ca96b3ef-b19f-4c1a-98d6-eb36c79d7c33,632.63,2026-05-18 15:57:16.311301+00:00
03a17b58-72fb-4dc0-8268-66bdb1355fa4,386dbb34-db8d-4554-a12d-656af58a12a8,1165.96,2026-05-20 15:46:04.307826+00:00
4fbc8d75-0132-423f-b677-46d8c07f0316,efbc9e4e-c106-483e-bca8-a47fd0376af2,1828.26,2026-05-21 20:55:45.954649+00:00
1237bfd0-b805-49bd-a991-a4225609e099,160cf64c-3558-4df8-85b6-4d234f29fbfa,1408.33,2026-05-06 22:57:13.264213+00:00
2245b3f1-c5a5-47a0-96ac-6641ef0f1d9a,0810024b-92aa-47df-8a76-68becacf6793,1215.35,2026-05-15 05:07:52.405842+00:00
05976054-6d8e-483f-beb2-9775171d9a04,c49afd35-cd1f-4e95-bda4-11032ec7f94f,1385.91,2026-04-12 19:23:31.178613+00:00
18852758-7217-467e-8b9c-02bd4d8a483e,a780c686-9a0c-43a6-a70f-285a7c8c4d1b,1614.31,2026-04-26 10:29:37.670642+00:00
ea23b5de-4bb5-4d56-a9c3-75963b8f8712,535c3174-f77c-430c-9463-e4bce16e1430,918.01,2026-04-30 00:13:22.202985+00:00
a9c91856-8a1b-4516-b9ce-446fc250a93c,eba8c2f1-5ac7-474d-846d-12a263583624,1401.12,2026-05-02 12:09:23.370505+00:00
21440315-9c7f-46dc-b190-2d211415c838,70637e2d-a421-4e78-ae39-78ac8cd6a857,1281.52,2026-05-20 23:04:18.257502+00:00
0bc896a6-5f6f-4601-a161-9b8ff5eb6f24,d9c53dff-6746-47e3-b599-c5fcf9ce0e67,3448.96,2026-03-14 18:01:55.751090+00:00
b167b7ff-83f0-4199-9d94-402d02a51440,55a4bfb4-bffb-43db-b3dd-2acbdb27a512,5300.95,2026-03-18 04:35:31.042824+00:00
47d2ec03-2bfe-4698-85a3-49bec86d396f,92dc9a45-c3c8-414e-9e31-0525343afeee,2821.3,2026-03-22 16:57:20.843928+00:00
f97d0551-37dc-4ea7-97c8-c4b19113e089,6be80c73-9d27-427b-8a2c-3b650262be84,3824.92,2026-05-05 21:22:41.447051+00:00
17cb605f-071d-47e1-ac9e-716c4a5e110a,6e8d54ba-011d-4f68-b43e-2023ab236ca7,2958.45,2026-05-15 20:43:15.428254+00:00
efe8a567-f1ff-45fa-b00e-8b84718f02cf,ee17a8e2-c0ee-41d2-9d4a-1de5900c9095,2031.62,2026-05-20 23:50:09.737264+00:00
646510a5-ce4d-4853-954e-0cf98e743f81,a11aec9f-b5aa-4a08-983e-89bff4fdcf7e,2375.2,2026-05-24 09:49:11.343543+00:00
32843a4d-67ab-4f6b-a00c-cfdc271ac4a4,b551e386-fa51-4111-8a3c-b6c7fe5f4596,1449.59,2026-05-27 23:40:54.799971+00:00
bd9cc296-8e8d-470f-b94a-0664365a5991,10d661d3-10b4-4337-b267-b758c47e6ce8,141.12,2026-03-30 04:38:31.625299+00:00
91a64773-4a74-4c2e-9ee8-05a64e422a50,2791c8c3-fe11-46b6-9d9a-203b3f16391f,1064.19,2026-04-15 00:38:47.719557+00:00
226932e0-4d4e-4fc3-8117-6583592e3583,3ead9497-e47d-415e-a236-272d1c533c64,747.49,2026-05-07 22:35:34.462371+00:00
87bc8fcc-2db9-424f-8a65-e369196a8632,72409f66-0acf-4614-b783-f2babb239687,3748.64,2026-04-17 05:58:46.874499+00:00
cbcc505f-8e5c-4f4b-a1de-670dee99f186,96854678-4b09-48fa-9524-539efae89cdc,2174.4,2026-04-30 00:15:58.812044+00:00
6deb8203-d303-4513-9563-1bbfc9698a24,ca427865-5647-4695-990f-f573cbe9982d,3454.74,2026-05-01 23:40:13.900548+00:00
9c0ebbd3-532a-49c8-a050-468462952174,fe0d1cbc-2e2e-40b5-a6ee-1dafecd701f4,1175.81,2026-05-24 06:39:10.726058+00:00
0c15dca0-8d6b-40b9-983f-1499a7d9b9c4,9b9cc850-6628-42d2-92ba-6c4dc7de32ae,3677.75,2026-05-27 13:39:22.765015+00:00
4b9a3e3a-0d63-4248-a940-5ac11f290082,d611392c-8718-48ad-8ecf-ec2568a074c1,10.0,2026-05-19 07:16:37.084481+00:00
85dffda7-c02b-4a61-9d4c-f97bd3f21125,33dd75fe-3c44-4e81-9e3f-724aee14c553,451.4,2026-05-24 06:51:19.210756+00:00
38d6579e-1930-4f6f-a7ec-cf9033206637,a4427cba-dfc0-4710-bee2-8d6c89f956e9,1141.58,2026-05-25 14:55:46.280614+00:00
6e8d49b6-da35-45dd-898c-5846a6eead7d,11545268-82a3-4448-bffd-bba1f189ac30,2755.91,2026-05-29 18:13:04.384729+00:00
c08b6ba3-08a3-4d43-b45b-28337af8fbb5,82df94db-9cf7-43dc-b86c-8c7f1b705e95,1238.73,2026-05-30 07:18:17.798620+00:00
e33550a6-9348-4beb-b227-49cbc748053e,bdfd12b2-c29b-4c14-9a72-9ffda5647bec,4676.3,2026-04-07 08:42:26.523294+00:00
f0da5ae2-9172-4778-a14e-dc87c628f0f5,543e7833-8305-4ed1-8423-2f789ec794af,2234.36,2026-05-20 05:46:47.429167+00:00
e97eddb9-4ee8-4a1c-be89-6bfbd227fdda,1b839f3b-dcf4-4364-aa07-01384672b498,3245.21,2026-04-08 06:07:44.414985+00:00
992545b8-f8d8-4427-9946-d1e39de8eccb,711debab-6eb4-4f7d-a92d-5326c213bcd3,2216.89,2026-05-02 03:22:03.939508+00:00
0cae588f-c261-4e62-945e-b211e56aab70,371204d6-6509-4067-bec8-363dc34950d7,3776.63,2026-05-12 13:48:03.217598+00:00
754b2f08-31ef-477e-864b-60f0cd866e95,a7f423e9-b301-42e1-bd9a-453c382651bb,720.04,2026-05-19 10:57:44.592434+00:00
ba1b321b-90f3-4069-8651-72b33842dd74,3bd27e63-2cdc-4e87-ab6a-03c9151023f3,2397.46,2026-04-23 11:09:46.161134+00:00
736ea7f9-2234-4642-ad46-4653ed445916,cf2aba4a-5dc0-4d97-9b0b-9287c90a0d6b,1980.85,2026-05-01 22:57:48.669674+00:00
b21ab057-175d-4c64-9758-269921e9c807,42477be5-531a-4d8b-8bc6-d8e3ebbf9c01,2432.47,2026-05-24 19:58:33.844190+00:00
e71f70d4-36bf-4ee3-95b9-988d795bf60e,491f9b36-c09a-4ace-9c5c-882e637e47bd,2890.26,2026-05-29 10:00:41.464896+00:00
a6c0418f-e57c-4eeb-b41c-48c91633d85f,98179764-8172-4583-999b-0614f3818613,3169.45,2026-04-19 21:06:57.281853+00:00
7be1bd42-f53e-4f2b-9e32-2317d4ca31cd,e1fb7c17-7335-48d0-b70e-4c0063ac6f7b,1239.52,2026-05-06 08:31:53.488219+00:00
581eefb5-3690-45a3-a195-d93eacf0bb07,4e7dde6b-2ca2-4aec-8948-422c687cd3fe,851.37,2026-05-04 13:48:50.010511+00:00
dd17eadf-5bd0-4568-beac-fd6c90b29ea1,1c358615-bb53-4d55-b975-64f1037c30bb,518.76,2026-04-13 06:23:13.780550+00:00
11bd5f7e-3bfb-4399-acf9-387982621f0d,acd6416c-7fa2-4e52-85a3-d2af922b2b9e,447.31,2026-05-06 04:09:50.725938+00:00
8c1d65a5-e8f9-4c7d-b654-fa0a2738a05e,71fe89d9-a89c-4ef2-9aee-d8c95782ea0f,742.15,2026-05-09 05:20:21.022033+00:00
d0685010-d6ca-49f1-a20d-831cf85421bb,761e53f1-b750-49b1-9ef7-780e46087042,2758.78,2026-03-15 09:46:53.410582+00:00
73efafd9-2061-47d9-bba9-ef1b1f27cf09,e9665ee5-cc00-41e0-9b77-6995fcdda390,3448.67,2026-03-15 23:36:20.731719+00:00
33b833a3-4955-4913-b817-3f6a4f56dc3d,f2502712-129a-4135-aead-44bd4555d140,3382.23,2026-05-06 08:28:12.340337+00:00
a9aec269-984a-436c-a449-b48950a96da4,d5d79374-c804-4df2-b583-7ba5e1f65413,3160.18,2026-04-17 07:06:57.893934+00:00
9a88e7f6-a929-4029-a15b-846ccd09d4de,99d211e7-8da9-4619-9d8a-d75f4e264d87,256.16,2026-04-04 00:51:16.298990+00:00
cc7d1748-f86d-4b4e-afae-eaca4ca0f7d0,39d97fd6-f262-49da-8c9f-95ecd171ce29,2278.53,2026-05-28 01:42:15.952697+00:00
9733f0bd-2306-4c47-aa86-d6e7966f3b33,86ce6151-fb36-4dae-adc4-77d9ae31be70,300.18,2026-05-10 00:06:53.313484+00:00
91fa5a7d-4c70-4fdb-a0e4-b253ee917c37,31073e68-4c5c-4f20-92d8-62a2e141fbd3,355.58,2026-05-19 23:53:49.508818+00:00
1b0cf5a1-b564-471a-aeaa-d21ed3c9cf01,2a924377-2d09-4ae6-a633-60f96f04a411,2435.3,2026-05-06 09:34:10.940866+00:00
f540e535-5a9c-4c3b-b1d9-6d81fc913a06,ba47a6d6-d280-454b-959a-4d121963e665,1843.29,2026-05-12 08:02:58.961394+00:00
fc27e693-5719-420f-b78d-cb6189eb9d78,620d6ad6-aa71-400e-8cd3-22e1912d0750,3732.57,2026-05-20 04:17:55.236983+00:00
64506695-fd4f-486d-9b46-6449f59e4dc8,d4890861-a63b-4572-a27a-dd573df602b7,2943.88,2026-05-25 16:56:48.947297+00:00
844c44dc-8935-4f11-b1e4-34a344121600,b907baeb-baae-48db-b054-c9793698d5f6,2334.67,2026-05-31 02:19:24.392201+00:00
f48d0d7f-b546-48ad-8626-394d337899ee,8c97b2a8-8f7e-4f73-8e6f-01e6b1733f85,2377.64,2026-05-15 17:59:09.156329+00:00
ddd76c71-7378-440c-87b5-9c08b560e9c4,9bf42389-2211-48e1-83bb-887b1e1fa100,1216.88,2026-05-19 22:22:53.006863+00:00
13b16b60-f6ec-4a8f-bf94-272097f932c9,17a04473-9e97-473e-a4f2-2c4e0ae54b57,1437.76,2026-05-22 23:34:57.879577+00:00
e87f054e-1c86-418f-bb68-05a283218919,00b242fc-670e-49f2-9147-23eae887fd9c,1348.16,2026-05-28 19:55:05.397635+00:00
ff281d32-3fe1-4112-ba78-d057bed3e727,a457f061-8c89-4493-9b2a-cf66bbd072ed,651.2,2026-05-15 06:20:29.848334+00:00
5ca3f687-4fcf-4c13-8b7f-fadfccf56ca7,16b1e725-07a7-41f3-83b4-39d1db07d68c,481.6,2026-05-20 02:01:37.022730+00:00
77227d10-e102-477b-a42e-d90b0eb9c985,ce1a0cb2-9b75-41c4-b74b-b433487a0702,2868.64,2026-05-22 20:46:50.572376+00:00
1cd9b143-7c43-4eef-98f1-de0897985117,6907d2e5-fe48-4aa8-b5f1-4c6f6d067104,3312.89,2026-05-25 22:13:34.731922+00:00
06c206d2-570c-4a47-a849-7a640f8bdfe3,ef6b3a85-243b-4a6e-a512-1242c0715760,390.68,2026-05-24 14:25:04.250907+00:00
dfd1a55e-57da-4323-8360-c9a6e417ede2,5ac54309-d87c-443a-9f09-ca93450bbb87,1071.08,2026-05-25 18:38:09.804340+00:00
db3a981f-a285-44ca-8e96-f5348f59f2d2,b957352c-d177-4373-81ea-fff05cc88a67,10.0,2026-05-27 11:14:09.230291+00:00
ee030db3-acc4-4383-be77-adbdc74f74ab,34672b7f-7f4f-418b-b08f-e1f8e5b79740,1399.8,2026-05-30 04:32:11.487743+00:00
dc78ab40-a2ba-4a92-ae84-af69370e09b3,114db8f7-8a69-4278-a73d-6cdcfc1a8313,1205.29,2026-05-30 13:11:09.961209+00:00
407022a2-c097-4952-b039-1f7ae636fa8a,fd5ddc31-67e5-4707-b0c3-2e9c2cfc6688,2892.71,2026-04-11 01:00:46.106939+00:00
ca81ea7d-cb2c-4c33-9f2f-8138666fab6a,f4470d0d-566e-43ad-a15a-23f25a57c368,3983.33,2026-04-23 04:38:14.300761+00:00
b16f3104-0ace-4340-b241-052c4a9a8444,16a39635-8fc9-4283-8f71-bf26d3bb8484,2113.87,2026-04-30 23:10:11.282541+00:00
d9529275-1687-4263-ad89-2295a91fcc9b,94e201e0-6333-4fae-9d3e-b0288f8984c5,6103.5,2026-05-30 22:27:19.179196+00:00
86a7a8cf-6e95-48a3-845a-9fb75ee384ef,19c9e9ad-c0b7-4c23-a98b-1668ab6af194,1602.24,2026-05-12 07:25:26.526733+00:00
a8332afc-1f36-465f-aa16-a17808ec35f6,48982adc-b26a-4af3-aefa-6ffea7a3ae50,2884.83,2026-04-27 18:01:54.564596+00:00
a8407fb3-286c-48bf-93ac-7b5c353ac56f,122f35dd-0499-4a3c-bc71-c67e0091f18f,5748.41,2026-05-10 02:47:19.531444+00:00
8cec7e0a-14a7-406e-b36b-8e2a16ba8fac,3243d78e-88fd-4587-aa5d-4041bd8dce29,10.0,2026-05-12 22:03:26.307879+00:00
ba02effc-5900-445e-a8d6-df701ceb9170,44873b9e-2045-440c-9bf8-4f259a84bb06,4075.41,2026-05-22 08:54:14.648628+00:00
1781711c-dcf8-4f58-ac9c-888c886ad7f9,1becba4e-5416-4ec6-8442-e9265948102d,2256.19,2026-05-30 13:20:16.246377+00:00
4dc76217-25b7-43e8-9b68-04d0505cc656,8549d77e-5663-4a6b-8cab-62c6583f4683,3424.46,2026-05-31 07:10:40.884776+00:00
f6c433f4-0d4e-46d0-85ae-c0db0b87af4c,77494e57-2062-4b40-bf6f-f0c191ae57df,1157.17,2026-05-31 11:37:07.094790+00:00
6b5a9588-a4bd-415b-ab4a-eb76fc2f6204,e9ffa63f-ee57-402f-811e-58b4dd0c5673,1292.61,2026-05-17 20:19:10.638364+00:00
0e3c2796-dc97-4514-b10a-5e4e3e6bc250,3dd1cf78-0e4d-4cf1-bc4b-3ac4175e7f74,1822.73,2026-04-26 08:49:33.640366+00:00
9e076228-90fb-4ee5-bf0f-780e667d99e8,407dddfd-2e6d-49e9-a986-c3021e87bde3,1410.81,2026-05-31 04:15:48.967021+00:00
eddebed0-5fdb-45e0-b5b2-35c7cec09ab6,4503d86b-885d-4e39-8959-6bdaf1727d2e,2655.59,2026-05-05 20:46:33.456417+00:00
1ca89c30-fee8-4225-9bc5-f8d7fd2970b3,d76832dd-6cb3-43d8-8919-e9f07bc50a80,1732.85,2026-05-27 19:45:35.214850+00:00
91138fcd-65cc-4852-9a58-58040416ca83,3e5e2a4f-93e7-4ed3-960b-f9234c8dcd99,1209.21,2026-05-28 16:38:46.305699+00:00
92757bea-05d1-4b02-afa1-eb239a3e2fd4,77ddc920-1449-4007-aec3-e7381e2dd71f,2038.55,2026-05-13 14:39:19.425125+00:00
a4037b36-24cf-4cdf-8d32-8443f9d3ece2,dc76f3aa-294d-4431-a2a7-e988257abe01,1033.46,2026-05-18 19:50:54.761218+00:00
2cd32c71-2cbc-4bbd-b51e-b073212a6250,55da1df4-93ba-4fa6-b110-14da493fbdfc,2288.88,2026-05-27 22:42:36.530649+00:00
bf6ba8da-81bc-4017-a991-5c712a4d111e,e23c240a-bb2b-4427-8bd0-64f64a425963,1011.54,2026-03-04 11:49:43.096271+00:00
07cf01a4-f053-465c-a9ac-20e10766cd18,0c7c6f6f-68fe-4b92-bd87-45e57deabe42,2596.55,2026-03-17 23:01:55.007628+00:00
5ba92c9a-79f0-4360-a240-30e042a06ac7,83a054cc-525c-48a3-ad56-6a7f5e650732,2635.23,2026-03-23 21:48:10.348451+00:00
8ed67d5f-3718-4c8c-976b-664fe0242ae8,cd99c3a2-d4b7-4a8d-b6a1-eba2487c3dfc,1967.46,2026-04-14 03:21:28.871548+00:00
12c50e22-9597-4d71-8ec4-83933e6192a1,b7eb4040-009b-4345-b24c-8f977bcfb4af,2108.98,2026-05-31 09:39:05.417043+00:00
88274654-3419-4785-8cb1-25cc75121e68,41fb3527-58e9-4341-856b-fd40584e5baa,1245.8,2026-04-30 08:00:01.430117+00:00
ed4fcfb2-b96d-41ad-ae4e-f520124ea0a4,99f050f7-7728-431d-a598-9831bf8fa1bd,2727.33,2026-05-15 00:27:08.673293+00:00
58edbd8c-f3cf-464a-a09b-55daaf513a83,b764bd92-d27d-4a46-abc6-eb6815f0fb2c,4085.94,2026-05-10 13:40:25.640100+00:00
bdd4e118-f0f1-4785-9b8c-c321dda2f5bd,6bff11b7-715b-4480-9018-ccba2fa5a0c9,6966.12,2026-05-16 14:23:59.361994+00:00
59e73d31-27c5-4248-ba1b-cf005d40ee41,850915a0-3175-4d0d-a566-339501a45f59,1437.23,2026-05-24 14:14:57.614385+00:00
bef02937-487f-477b-9c2a-7cfaf3410460,8f41139e-0fae-47a5-8c42-1d3ffd110486,2557.53,2026-04-05 09:49:30.249140+00:00
c3ba292e-a647-4089-8024-4a9e1c130709,4ba2d3f7-caf6-4fdf-a84d-2b83193203f9,1802.16,2026-05-14 13:52:14.233962+00:00
0bc21913-e4ff-406f-bb2f-72ff0a4b6876,42877b2f-f39b-4eba-9cb4-48f7a34b2787,2744.77,2026-05-15 04:57:10.973666+00:00
558505ca-548d-4c62-ab4e-f7109cf1f119,ef0dfcb3-d456-427d-8240-06a24cce9a6a,4345.84,2026-05-25 07:04:19.245005+00:00
96c5eace-7ad0-4daa-b1a3-d5899d58e7ff,ccebad6b-fe0d-45d4-a458-99d26f8d56b8,3707.16,2026-05-05 21:14:44.353884+00:00
613ab46c-7274-44ab-93ae-e2b1e8f88b80,473ba8a3-6d3f-4537-bf0f-fab0fb08779c,2246.54,2026-05-08 14:14:37.661056+00:00
a76cbab7-a8cf-4489-835d-ad3da6644837,e4419bcb-c3fc-4d22-9c39-7487516c2d76,2885.97,2026-05-10 13:47:11.510580+00:00
7148b773-ceda-47c3-8553-5ac920a54570,580b97cd-c2d0-4cb4-a313-d16ecc522c89,1664.5,2026-05-20 11:56:41.255805+00:00
38945991-681a-4ec6-8f9d-bba705d5cb4f,8f610a73-9dcc-4bb9-92f8-d8eaa16238ab,4265.36,2026-04-21 18:45:32.482844+00:00
4f81c954-5f4c-4be7-a12f-7e26884aaf70,53a45447-a12c-48d1-a047-c3c655ed1aca,2441.69,2026-05-10 19:36:08.891999+00:00
833d7a5b-c17c-48f0-afc8-ae5c349122cd,70ee6428-641c-4d80-b847-dbae45453f07,910.88,2026-05-27 04:15:49.354061+00:00
941b343c-6348-4eb6-ad4f-a86acaefc6ad,4d3ece30-53d2-4281-9929-2abee40b035e,1490.19,2026-05-28 09:17:44.498312+00:00
4969c0a5-c6a6-464e-8fa8-816c497f7d58,a76b4c40-67ca-4c98-8637-0f79c67942d2,544.58,2026-06-01 00:56:18.331083+00:00
6af6a242-b7c6-449e-8872-b940d6aa3911,14b09c57-3677-41bb-8c6e-3bee125815e4,595.85,2026-04-07 09:53:40.342064+00:00
a6393626-0c94-47fe-b993-5a6b952283be,c5317d9b-59c1-4906-a4fe-1be343f57e3e,2662.39,2026-04-07 11:23:09.635008+00:00
80c42f00-a809-4e24-ad1a-5e71ff2a682b,c041d078-66c5-4b60-a6a3-3abc49118225,4215.46,2026-04-07 11:16:09.668537+00:00
7b970b04-eff7-497e-b293-3cf1e8073eea,e5e7ea93-2554-43ad-b34a-3635baae1196,1273.44,2026-05-23 21:31:00.025198+00:00
2f936214-37bf-458a-b614-0ccc62882049,4cf2d9dd-d085-41bf-949c-badcb6c9066b,1048.74,2026-05-23 02:43:23.555706+00:00
9ca8ca8c-04c9-4adf-b702-ee5a977a915b,0f3c7622-0124-4c55-858d-07db2539a3e7,10.0,2026-05-29 11:42:07.782308+00:00
bfc055b0-4f45-4672-9e99-3d556fc235b0,813dbd16-2e75-4fc9-ab4a-f834523c17fc,2741.03,2026-05-29 22:47:55.860029+00:00
e3166017-46ea-4e63-ba0f-47d4e8bc90d0,c3a1a4ae-2ef8-45b8-869d-8c048b96e0d0,2621.53,2026-05-30 10:44:51.895795+00:00
d10b8295-474b-4784-9afb-6be299ae5104,ca2dd74c-a033-422f-b066-53175bb849d7,6138.98,2026-05-31 14:23:30.300961+00:00
ede304d5-b73e-4d2e-acb6-1623ea751bc2,e8529dac-9cc1-43be-ba1f-bc3db77892f9,1205.75,2026-04-11 21:44:45.255409+00:00
6c553c97-de1f-4138-a030-38be7dd0a098,48d46753-fd92-4a5a-bfd4-9eb93da42511,2920.14,2026-04-17 17:53:41.527974+00:00
a1aa17b8-4dcf-4d86-a46c-9eb4c7f94322,85d84498-f3b0-447a-ac54-72b8d047722e,2565.58,2026-05-04 08:22:38.349883+00:00
287debdc-5251-4128-98f0-fdd4b773b51a,7ab89d7d-7824-438c-a369-d792dc403ede,800.5,2026-05-09 19:54:46.037850+00:00
79d772cb-8485-4c03-81e5-090d89233dc0,979501c8-f5c2-44a6-85a5-11c1c6b1572e,1690.23,2026-05-15 00:37:10.140123+00:00
a806fef9-b5e1-43bd-8f22-3e6f23bf120b,472d2fb4-d41a-4252-a341-358d281ee368,176.69,2026-05-10 07:44:36.184634+00:00
b35cbf3f-79af-486c-90e3-238121acb69b,5c49f626-93fe-4caf-9be9-3146548a40de,97.46,2026-05-21 15:27:12.232875+00:00
1eccd84d-1264-4ff4-98bd-0c72e402c66c,6c5679bf-af2c-4b12-9ad2-b08ae92636ea,297.87,2026-05-31 12:11:31.232961+00:00
c7647809-7973-47bd-b989-d20723f8e5a6,d32bd2a1-2187-4cff-b608-9a4bb795fcbc,1347.67,2026-05-22 07:41:30.074020+00:00
9a1aca95-ac36-49e4-8d82-47b0d273a248,014f332e-a998-4b50-a3d6-be6a871bf8c2,2220.8,2026-05-29 16:05:47.741378+00:00
9375bb2d-c52e-4922-bb57-ba80e89f4984,82d0c217-2057-4f08-a10e-c0932090271e,3087.54,2026-05-30 10:27:49.245449+00:00
04bcc717-8a3c-46cf-bb60-75a6e5f2fec3,2ba2a3d9-5c57-4732-a28d-012b72e77a20,1520.75,2026-04-18 17:52:59.466409+00:00
751221d0-0ee3-4e6c-9575-cd8c1638a01f,7a305722-eeea-44d9-b2e9-9239ba667a20,2587.69,2026-04-25 06:47:11.282125+00:00
9fa0b3e7-ebc9-4d2b-86b2-951f15d38cb1,59b1b129-64c2-4c2a-b22c-107f8386c9ea,2329.8,2026-05-10 18:39:55.125858+00:00
24261c2a-8a19-4907-8c59-ee391b0fb4cb,71687236-117d-41e0-8d57-a8c29edc3299,1769.31,2026-05-21 10:51:06.905811+00:00
b5bcfbd3-9cad-40ab-b36d-eafc4dc1e7ce,ea99e721-22c5-4a39-9fc5-a80a43086458,2318.5,2026-05-24 10:30:55.060411+00:00
e75ab3c7-9157-4801-be1f-be37ace097aa,ff7e035c-18d9-4c8c-a535-361e9a662acd,10.0,2026-05-02 16:22:13.869923+00:00
cb9b5142-4bc7-4ac9-9bac-3a2007ecd967,be0ba9f5-45dc-475a-95f6-733feb534b4a,876.13,2026-05-03 21:02:18.596893+00:00
08802af6-ed23-49ce-9360-0b69ee26d5b1,e5e66226-1ba4-4c92-8a62-fb6a3c122753,792.01,2026-05-05 16:13:28.373980+00:00
1308eb8b-3444-495f-87aa-84eadd8a38a2,9a93f691-a89e-4192-a024-52120f096dce,1004.66,2026-05-25 21:33:22.251143+00:00
f6fb9ca3-4c03-4b3c-a663-10ea5f21277b,f53b4041-7fab-4a2b-9e50-904200b30766,567.19,2026-04-16 17:09:50.814441+00:00
5f200869-b21c-4365-9268-1a7b210ea661,f16daaa4-2bfa-45ac-b166-f325ed49953c,1225.27,2026-05-02 04:26:37.723302+00:00
4bf26591-47bf-4a3d-9d97-1d41438c65af,7dc59271-87dd-4857-a86f-dbf80cfbe025,865.72,2026-05-30 07:50:59.830586+00:00
b85b6e8f-a105-4e6e-b82c-25099eaf10e3,2e50df0f-ba8f-4081-adfa-c5042a49277f,1124.22,2026-05-30 07:21:19.601598+00:00
2d0bced9-1d2d-42fa-9139-ae900195a121,0e6f616d-a7c5-4755-8fff-5c19d0cf987e,962.29,2026-05-31 15:32:53.931422+00:00
d047849e-1620-46fc-831e-abde6ec0467d,db05242c-b599-45ce-afe4-6bfcfcb2cc48,1396.92,2026-05-22 02:17:30.004985+00:00
66bdce37-d9e2-4b70-9b0f-5c97a66af5fa,a232b38e-d041-49d0-b874-15738417b74f,2355.3,2026-05-23 23:12:30.712031+00:00
c8d2d2b0-8d04-42b2-82c6-cde7913e2399,3860e601-014c-4485-809a-99d0bfd1bf24,4163.97,2026-05-28 21:32:54.912535+00:00
9e02156b-affc-4806-b2b4-568d2c3e245a,e7820b9a-2aab-497d-a6d2-3da30d39ed5e,3068.64,2026-05-29 16:56:03.643298+00:00
904d9550-0cb3-4247-92c6-173c1e7319bd,f63c2dff-5d41-48e7-b999-0d9cfac520f6,228.4,2026-05-01 16:53:28.137782+00:00
dbc9c4f2-fa47-4c89-931f-31fd3da83de9,ac4afc0b-2e7d-44c0-a40c-c5c50e7cc448,1467.51,2026-05-09 21:19:14.036746+00:00
f06f3536-cdf8-4a5d-8550-be61e4c10fc8,ca675af9-4b6c-4c3f-8684-c2fc166f441d,2132.68,2026-04-28 19:16:40.650208+00:00
f0a0116c-13b2-4dd7-924b-149656702c2d,48a02660-efeb-472f-90ae-54ed4b65c461,1940.45,2026-05-06 20:29:38.475983+00:00
2ffdda0a-e087-4b7a-a063-a989ea621cb0,2a769a61-42cd-40cb-b8e0-c1fd16332cad,1720.66,2026-05-24 02:49:02.113471+00:00
e55ee26e-7231-42e4-9ea4-7e27fcc67c7e,a8fa7f64-a1e6-48c5-af45-c00464786e55,1086.62,2026-04-18 23:49:48.607348+00:00
43ef3dcd-5fca-491c-a0d6-b51214314b3f,8b74e833-d821-4460-b887-f5e57f3c64c4,2777.64,2026-04-23 00:10:55.114552+00:00
41d5ae3f-f81c-467a-9d36-b823d4999d8b,8f0f3f67-c8e7-4788-a5ef-b9380ce31b09,1904.81,2026-05-04 12:25:23.377322+00:00
c289a378-2884-4a08-bbc7-7a769660ac4b,f59be159-d7a3-4872-9c10-dcfeeeb47966,2738.96,2026-05-21 06:29:26.241171+00:00
846e4cfb-70cb-4555-a00e-9f400e38b094,399b28d5-324c-4863-9487-05285ba12fec,3399.22,2026-05-14 08:37:34.297722+00:00
0a5f59b1-64c3-42b0-899d-dc64ec696f69,c2a94088-f220-4cf8-8634-4b5030527a08,2626.91,2026-05-15 22:57:19.046186+00:00
a30e528b-8693-40dc-a84a-05e24d35c10c,cd906f47-8cbc-4a93-854d-c4e0c349ec84,895.61,2026-03-28 07:36:07.489755+00:00
dec761cc-bbcc-4405-9081-6a28ee2a396a,c98bf56b-1872-44c0-a93e-e1cbd6eb28f4,758.47,2026-05-25 04:07:15.160433+00:00
ff7d9cf6-49dd-49a4-9858-e477686f2f39,54031d19-b709-4bf5-a6e3-a738725d044b,643.33,2026-05-29 01:43:48.076186+00:00
ccd7f0ea-a440-4fea-b49a-222363de7c90,f80a0601-9d7d-41f4-a84a-d79ea00cf325,1784.92,2026-03-22 17:33:11.985905+00:00
3f34abe0-7068-4c51-8a1e-e4a3704edfd6,82cbd88d-e1b1-4e63-927f-a39990a7d68b,2619.41,2026-04-14 13:04:05.355681+00:00
f26841c2-7430-47c8-99ff-530b1e14cd42,763c3316-7de1-424c-827c-0e4c6de1e18e,1060.22,2026-04-19 02:47:41.009373+00:00
d57b98b0-c20c-4fe2-8f0c-92a50528826d,da3f98f1-7c5c-4aa4-ad02-9732cb470c06,742.04,2026-05-07 01:15:43.052035+00:00
97a8b3e1-90c9-4339-a307-b22e9956a15f,8544920d-88da-4e5e-bff7-3a4dc0fc8596,2255.66,2026-05-16 19:11:59.028125+00:00
89ef621c-e2fe-415e-b4f9-aa5fbb4c1b39,aaa09417-fec8-491c-91d5-b90041e381db,369.16,2026-05-20 04:18:37.488579+00:00
106f47c4-41e3-42e2-8897-a115078a19cf,9c3c5d34-2af0-4a77-b51e-36ef5e05e3e4,2809.4,2026-03-24 22:19:48.881506+00:00
b803ca07-b4bb-4b0d-80e6-da102771b863,6b4ceff0-da0e-400a-86a6-066832009f59,4976.6,2026-05-17 08:44:22.415856+00:00
4a33ecea-ccbb-4b60-a345-f460547fbf31,87d2ec9a-a8a4-43c2-9390-63bef248005b,3348.78,2026-05-17 17:02:45.463021+00:00
bd21e287-c5cf-49e5-9665-3d258a251ed0,d27e8dd4-2b71-4c4f-9596-cf0dd10553ac,1782.98,2026-05-21 08:56:33.635505+00:00
9b92dcf2-6b21-494d-a535-31b760007a34,b26691a5-d07b-4cb5-8d56-c14e6e3a477b,543.21,2026-05-05 16:51:59.557616+00:00
f982bd9f-44a3-4cc5-9751-d3b5a9c1f222,d79fbbb8-7191-4975-8039-bcd899dfd3ac,466.91,2026-05-11 14:53:24.914896+00:00
f1789029-03cc-4a0f-a35f-f0e72dc76db2,0b7c43fa-f70e-444d-8ea1-d4619885ac17,1283.44,2026-05-14 21:39:46.369334+00:00
46b74c4e-1610-4074-820b-890148211275,f02ebe9e-9360-4a41-8c72-b7a8a7ed178b,1049.62,2026-05-25 15:43:52.262503+00:00
d26525a8-b86a-4d1e-a029-76598cf22c83,47d07333-2551-4c30-8a38-724390dcb638,2729.94,2026-04-23 22:07:13.776268+00:00
b94007c8-23e2-4520-a0df-7a8266e0ba45,cff4a888-38ed-49cd-8fe3-65c508422222,3568.9,2026-05-11 05:32:10.947892+00:00
6290fad2-ac0b-4a73-8673-5ebebbdea1e1,f7e73222-e83b-496d-8fe9-fccbb47b4d72,2961.64,2026-05-19 00:17:51.122094+00:00
8e89646f-c033-4dfb-8c36-0711ad991211,8f64ae18-69c5-4dfb-a021-2a6ff5a1502c,1456.08,2026-05-30 04:11:31.684697+00:00
41960f0a-13f6-41be-b923-2d3da88f030d,1282fe50-9666-4a42-83b2-9dbcdbbebd20,137.37,2026-05-11 16:10:07.354671+00:00
0999b2f5-900d-4333-a78a-1d2cac3ea826,b88a8791-ce94-4f14-a924-cb59935e599c,414.25,2026-05-19 20:36:25.867876+00:00
49abc6da-4be5-457e-a1d2-adfd7ffcdc99,2e24caa7-0df3-41b9-848c-f072c24d06f9,378.42,2026-05-20 06:40:28.529468+00:00
3e32ba0d-ac44-4503-99e1-ecbc92d19323,65941c0d-7d12-41a5-87c6-df14f3483408,737.96,2026-06-01 00:49:15.175392+00:00
f76623b4-7113-48be-9524-9aa0441835d6,d6d7fd6e-d20b-4218-a1c2-7c163a372280,2632.12,2026-05-05 07:08:43.920190+00:00
f2db6193-ca48-4045-8e5b-dc9da8404957,55fb1af7-0ed2-41df-8949-91796f86ceea,991.79,2026-05-31 14:05:34.836917+00:00
1562be59-bd1c-4727-9897-091929f902e9,915668ec-d688-4970-aca6-f4194d44fc8b,1345.27,2026-05-30 13:26:14.231891+00:00
d2d0cf52-d469-4507-ba84-e8754371cb4d,f10c84f9-9cd2-4c25-a415-05469ffcef23,1890.42,2026-05-30 19:23:46.013275+00:00
92d6029a-0e9c-461c-a970-32eacaad7f51,967a1e5c-14ac-41f1-a2c8-813253e01399,1036.08,2026-05-12 16:32:56.412382+00:00
24eb6f1f-16b5-4aa7-a5fe-2386f3d5340a,1e7eb9d1-4874-403e-b7c9-a7ab0d868d17,1765.04,2026-05-15 22:50:30.445794+00:00
476d8b99-bd72-453e-bba4-44cf585b2ad7,8f3f8740-6710-4959-94ec-285da606b197,1729.64,2026-05-22 22:06:44.046927+00:00
3530ba84-8ad3-4d7f-8067-13b8f869d3d3,c4bfcbb1-281f-4d2d-a587-10f92bddd763,872.92,2026-05-29 20:08:12.392551+00:00
8cb46b97-e497-46a6-83b5-4aaec94c42af,ecb98c5d-f4e9-4f52-914e-92cff6683b8a,10.0,2026-05-30 12:49:17.628147+00:00
4e5e7e2c-a0ba-41d9-893a-f2cc75674313,49558d24-57bf-457a-9d14-655da8e32117,2754.6,2026-04-24 14:46:37.601666+00:00
0bebdbb7-1657-4813-9ad5-e89611e00ea8,23382a81-669e-41ce-9c20-d0d30c9593d8,2491.63,2026-05-05 02:06:03.482655+00:00
9e1dc3a1-83d1-4e92-92dd-624746ee6a27,c4af108c-4ae8-40b2-921b-f6e2aeba9e45,2041.05,2026-05-09 18:57:56.313952+00:00
5434c9af-7be6-4608-b3c5-5fdeb86305b9,d13a8ae4-dad0-467c-a0ca-561fd123b826,1355.28,2026-05-14 06:06:00.535681+00:00
20433ebc-ab45-4f20-8262-d78cd47a8a47,c8b383fa-64f8-4501-afe1-17a16170cec0,1105.32,2026-05-19 20:52:30.044916+00:00
2bd6100a-3e4b-4c1c-bacf-c38061abcb23,9d8c60b3-582a-4d07-a3c5-75855cfdff70,1979.34,2026-05-21 04:28:39.254541+00:00
ff1ab36b-74a1-49e3-8462-0698a8883472,311e4bcd-0d8a-43f9-9289-d8e74a5ac31a,1265.09,2026-05-25 09:45:16.632217+00:00
8a424945-ada3-4b3f-b115-3212a4e05594,a5253f03-d722-4fb2-abc2-710ce7f4a9b5,3044.09,2026-03-16 02:17:58.506186+00:00
2dba8992-758f-43c3-9e89-e0fe737a50e9,012bf52a-da58-4fd6-b097-8dd4db1062ba,2460.77,2026-03-23 07:47:30.323832+00:00
92d9964f-0559-4e93-95d7-d6e7bda87437,01683573-b91f-47f5-b04a-9cebc23778ae,3390.02,2026-05-05 19:01:46.591346+00:00
a2faf284-9855-44a0-884e-7b62f44b40b8,1a2a3e03-7304-435c-953d-fafe3024211e,2940.16,2026-05-07 00:08:39.790016+00:00
316c6e34-5471-4c27-8ca2-64bde7925b6f,1a8c6279-732d-4c54-8062-4636d3c9fe53,1807.79,2026-05-11 23:59:15.167705+00:00
5c842ea3-5dc2-46c8-aa90-045c8d7e8f3f,14297376-29b6-4e7a-9fdb-6698653d1782,4573.96,2026-05-13 14:04:24.549063+00:00
1f1c668e-1d78-4ec6-9e3d-508b1b8aa9f2,a0e8c9bc-31bc-4bf9-a24e-03770a8684ed,2629.32,2026-05-26 20:05:50.614541+00:00
b3124c99-e1bd-4f8b-b582-41a6ebd7ac6a,69d29ebe-570f-48ae-a421-4bf2f0137cc7,839.18,2026-04-28 04:33:02.096269+00:00
eb033ee4-07ff-4efa-9ed1-9b9eee8e504f,cd80db1c-e64a-4f37-a7a3-54caf1567f84,2594.47,2026-05-14 20:05:49.401717+00:00
3b2e9343-7ea1-408e-8bb2-5f9502deb594,aae58337-a56d-48aa-abb0-4a07eb32f84d,3236.59,2026-05-21 00:45:41.687141+00:00
8e6584c9-5a09-4870-8111-84d0aa5be728,b61bb5d9-4410-4914-a122-c86667aaecf9,2449.84,2026-05-21 06:24:11.110012+00:00
e771e740-c974-4323-abe2-24e49a6eb7d2,752d4f6a-4423-4705-a413-b9bf6a9f262c,2721.32,2026-05-25 10:50:23.764402+00:00
3fb0a64a-67ee-48ec-bcef-f6281703e433,26c25c06-40ec-4c7c-b3c7-5c7dd6eb00ab,914.94,2026-04-30 08:23:46.551867+00:00
fa0700fe-e1f6-4fb3-ac7d-4ad35f1ae410,59633635-bd00-4478-883e-2477252f1faa,3033.39,2026-05-02 16:21:55.005808+00:00
838b2430-0d64-4e48-ada0-64c95c0bbec0,3b508ffc-2531-4955-b679-f1e96f5c0363,1098.76,2026-05-03 11:32:22.864606+00:00
e674fd80-9ae9-43c8-97d6-7365a557edfa,4a4d23d2-9607-4a7d-a9b5-102d645a95b0,2251.16,2026-05-18 21:24:07.758760+00:00
2bbe36f9-c4e3-4101-a25d-e136cc565bcd,22bfc1b8-acaf-4c55-aeca-93c7e155e81d,3004.82,2026-05-13 14:40:03.091683+00:00
a563ae73-c011-4480-a251-41d4260aa47c,5149353b-bacc-480d-bd1c-87c189727121,2689.0,2026-05-16 13:51:37.268269+00:00
1f58f193-8721-4656-9c72-ef9782437ebd,eafb618f-48ae-4c24-9a95-c398b23fca5b,3608.71,2026-05-16 21:08:12.544196+00:00
7c24be53-15d3-4490-8c2c-2dc619114ca4,2054ed4e-dd48-4072-8f99-504bf537ef45,2039.79,2026-05-17 13:25:57.859882+00:00
4796ef85-21c2-4272-999e-7a0b7bf27b33,54a3d2be-cbfd-461c-87e8-9ca8fd45a992,5300.88,2026-05-30 15:24:44.622542+00:00
b1829f3e-221c-400d-9cb3-af4123ff6700,165e7202-8c8b-4cd2-8fd5-797f9bb79045,4929.5,2026-05-17 17:55:32.907401+00:00
93867458-bb36-48c8-8ef9-eae200dd5c4f,a71d874c-eba5-4298-b7bc-199cded4ef5f,3878.26,2026-05-26 23:34:36.341331+00:00
ed6a9202-0534-4011-81b6-87fe12ea293c,a00e5d54-e628-45c9-86c7-ffdf84726657,678.99,2026-05-05 12:16:55.857515+00:00
5f1193e9-c8d2-4afa-bc25-c0675ff17acb,877ef022-f6a5-4848-acd3-e1fbc88d3366,3464.67,2026-05-07 19:42:32.335033+00:00
080b1e44-081b-425a-9fd2-6531aa8c92c6,fe6b54e9-a105-45d8-ad39-2bc40f5deb91,10.0,2026-05-12 01:32:34.757391+00:00
ef1ce4bb-0e7f-4c37-baec-0d556b4346ec,ad7e847d-7166-4339-8cc7-a1ff9b812c88,2391.1,2026-05-18 11:42:22.322209+00:00
852f3930-4b8a-42e5-a497-9f0cca1e50e5,1c2e1e52-84b9-49a3-aadb-acf75151e3f3,1562.56,2026-05-19 07:47:14.155848+00:00
d0d7a724-7d44-41ae-94fb-7e52e790b587,8969a03a-9a68-4087-93d7-656662ae1790,2421.56,2026-05-02 02:16:36.060706+00:00
b60245f4-ba7a-49d7-b371-ff5452554948,22f54f28-874d-41a7-bc81-802fef0e5c01,7380.36,2026-05-08 18:14:34.039886+00:00
b8514a1f-360f-45f5-862f-9ec9aca8e964,7ea5ff10-55a8-4a45-8bba-74f765ce7b53,5975.5,2026-05-14 10:39:12.655868+00:00
6899c489-cea9-466e-8632-629a9d040b43,e365edaa-cc01-440a-81cc-1f464b96553c,873.98,2026-05-20 09:26:58.176301+00:00
c6d82c5a-f746-4a48-b175-a2ff62788d4b,650eba4d-e08e-4118-b425-add86f3a5765,587.96,2026-05-12 16:37:10.665294+00:00
88deeb97-e036-4d7c-8b7d-03b0f80c2e11,8bc6a272-a574-4908-9757-6ed29d3e2c79,457.09,2026-05-22 07:45:49.137779+00:00
8b1922e3-e65f-410b-8f50-dc09ae8c24d6,973d9a7a-265c-4c4a-854d-a4ec991fdf4b,1149.08,2026-03-18 04:26:42.628808+00:00
499808f8-a64c-44c0-826b-52e64369c59f,53d2591c-9e46-4d1f-9816-23998f096cd6,500.04,2026-03-30 05:44:39.651101+00:00
f2b8076e-7dd3-4965-a979-d0f082c3ddba,e940ee57-303c-47c8-8651-b18a1abb3926,766.14,2026-05-06 18:02:05.873944+00:00
eeff06f7-fbbc-43c7-b73e-bf02aa875d43,2cb63137-bf71-4f37-97f9-1d5b131fe3e1,951.04,2026-05-11 08:03:35.529541+00:00
08c1288c-7afe-4d57-8657-b62f92c68e1c,17999edc-4365-4bb6-ae45-792f3ca8172c,271.1,2026-05-21 00:58:13.368334+00:00
87d1afc7-a4b1-4c2a-9fdf-0611d131b276,7cb0d2d4-18c2-43fb-b4c8-277918737eb0,742.55,2026-04-19 17:43:44.899069+00:00
38d96be7-1d7f-4829-b486-f6953cdb6999,4f75c63e-564d-4792-ba5d-318899b78277,3783.48,2026-05-10 03:55:41.963672+00:00
369034df-1029-44ab-8a77-4c484f1628e5,fd00873f-1fe7-45ab-8661-68f72a56ae40,4133.03,2026-05-18 13:51:23.688167+00:00
d3d3f059-f08a-43dc-b71c-49559ffad9ef,b4636a05-e558-4045-b991-147d363a19b2,3569.57,2026-05-18 18:05:00.171668+00:00
4902c95c-18d4-4174-b348-9000e8b7170d,e2e43c15-9679-457a-8406-df0bb8a92f03,2494.41,2026-05-27 12:00:05.131927+00:00
06291f08-bec5-4b32-9943-331385019ef5,4cab7abc-71af-4a86-a992-a06e8a1df62e,5240.9,2026-04-18 22:09:23.865926+00:00
63e21a32-af39-4c99-a175-b99ad058ddb3,877272b8-7296-48bb-9f9a-de192b78cbb0,4963.02,2026-04-26 01:37:55.155722+00:00
68aa1146-c879-4d97-b65f-1b46462a5a66,3910cac4-d624-4796-b0ca-4b701b71d2e7,10.0,2026-05-04 16:47:35.921041+00:00
14602f94-4166-4e5b-bdc4-89d4424d2506,2b24f49f-ca31-490f-8e4e-20f75814873f,6204.5,2026-05-06 22:25:53.901798+00:00
57d46923-2817-445d-870b-568506f656af,e56df023-8329-4dee-a232-e58fd4946c85,1854.72,2026-05-14 23:02:33.213725+00:00
d0c21284-d2b3-47dc-bade-ffdf44251c1b,1f87f272-b048-4605-8a8c-ea8a1bfe687d,2868.17,2026-04-13 17:08:56.218842+00:00
63ab4d0b-e74e-4179-ac03-e3eef131a8fc,144c7df3-ffaa-4c50-ba6e-160ff0df69eb,998.35,2026-04-30 13:37:57.022919+00:00
caf5e52a-2416-4f57-a272-0c5b73bdee8b,93678684-87bd-4386-b652-c5f4967921fa,923.97,2026-05-05 04:34:55.916125+00:00
0bc8a3fd-422a-4fa5-a8a1-bb42fb56453b,9cdcc788-5b7c-4d92-af5a-9fa1eca5bbef,3181.59,2026-05-09 05:07:33.931410+00:00
c509826f-3c36-445e-84e2-d85c26dd4327,a4259b2c-b8ca-439f-a1c6-5a5efd277425,1330.17,2026-05-17 09:31:33.222753+00:00
b6879fc5-a1f5-47bb-bdb2-f24ae9282ef0,ba7e3117-fcce-4927-87a4-bf2e4a807e59,2535.41,2026-05-18 11:37:45.290849+00:00
7e1c2f75-0d87-4acd-b7dc-c8e2f2212c5f,2fa138c7-0aea-4135-a985-dc5218bfbcee,10.0,2026-05-20 04:45:23.767812+00:00
d2f0e300-aefc-43e1-8e49-5dea02d8e324,2e69ae63-ad07-47fd-ba6c-0f5225733706,2935.35,2026-05-21 20:53:33.436101+00:00
ba23db70-5085-4aaa-89de-18da0edeec59,d0e50049-da18-4d08-8437-7fd7c598dd16,2165.54,2026-05-25 07:35:00.382034+00:00
dd6f7c7b-93b5-4b4e-89b8-16b23932975a,ded6bdf2-02cd-44a1-95d1-db5ef1ef1a24,1468.59,2026-05-31 11:11:09.489146+00:00
c43067f9-1060-42f6-9129-e6e658f84289,368fa612-7108-4f08-858f-2ddcad815019,93.69,2026-04-28 01:29:05.956766+00:00
c5d81d98-1b5d-47f7-9ad3-6e4b45d2d556,61e3fba2-4c61-4433-8fb6-d2c86cd73a90,2550.46,2026-05-02 09:58:05.328142+00:00
fa2202a4-0966-484a-ac81-fca9d7727591,b379a132-eea4-4962-ab91-9a96f869df82,2481.34,2026-05-18 04:31:10.835298+00:00
f664173b-5fc4-4f73-856f-77ba10b34046,f41755a7-98a6-4f9e-88d4-58c7b5ce9adb,2190.15,2026-05-18 11:12:27.433293+00:00
0d726f72-c693-4a82-8c03-c9932bb33146,8599a068-f2a0-48a4-a21c-ef9a0ef2f1bc,879.37,2026-05-19 23:42:36.980794+00:00
5e93b6f9-770a-45a3-b01e-4bef99423324,56457362-c6da-4185-8baa-e4512c6c6cd5,1676.62,2026-05-24 23:17:26.824109+00:00
fc471226-2512-4778-ab6d-4f8b656a64e6,3e7af391-dc84-4f82-b0bb-b3e60d4646ca,1864.88,2026-05-29 02:29:34.123562+00:00
84444350-7e9c-4929-91cf-165290e5a3b1,38ead122-7bf8-4985-87d1-8bb23ece1511,309.11,2026-04-12 08:27:36.034762+00:00
55ada8d8-039f-48e9-b354-a80f3627e19c,11a951b3-82a3-4166-b3cb-31c6f058fc8a,611.16,2026-04-21 18:46:49.444785+00:00
90e1b73a-7ad2-42de-8b3d-40d28d448817,b8d19646-df9c-40fe-a8ba-81bdbd991e98,476.66,2026-04-23 17:31:56.291904+00:00
509f445a-8b17-413b-a225-94645a5e6513,7bff57ab-d30b-4bf3-a01d-47394505367e,355.1,2026-05-04 11:45:59.871298+00:00
eb0cec1f-9c87-4619-afe3-440d2849729b,ab3ed635-2dd0-42b1-95a6-ecfe8a30da35,479.53,2026-05-15 10:53:15.626853+00:00
02f16371-4614-4363-9533-93a29e976bc9,e6c2637b-f8e7-4a3c-9b4a-16f09c6f8b27,763.54,2026-05-27 13:45:20.368014+00:00
f8a625c3-ccab-48a8-95b8-5cec23a0fea6,8b302156-55ec-46dd-b880-1e05624c6d8a,787.27,2026-05-30 15:01:56.338812+00:00
2d07dcb8-7d2a-45b6-a76c-c8019d4ca7c1,5c3bbcf2-940d-44ae-b028-0cf5cb136ce6,1709.69,2026-05-03 11:22:11.224313+00:00
4d712a10-fbba-4711-a683-966b38428b67,3ff41c0d-c988-4275-a6e7-8a29a3a4eded,1201.63,2026-05-05 12:30:57.230931+00:00
8b30a204-8364-4c1e-a31e-8dea40bb6b1f,3aa3adfc-09b8-4788-a574-0e9228b3e6da,1640.5,2026-05-18 14:04:42.541433+00:00
9b760de3-ba69-4dba-b8d8-8dcc9b25d22f,34c64f35-7844-41d2-a70a-d1ceb79e0369,862.11,2026-05-28 15:26:58.330830+00:00
0695aed0-b925-49f5-8816-58d65310aca4,bf05e991-de60-4f5f-a5ee-dec1d525f7f8,440.43,2026-04-10 21:16:02.582227+00:00
7adcf537-b8cd-4925-8b3e-52799eb8092c,87f5f867-fe62-457b-a85c-0bf5bcd0e138,10.0,2026-04-29 00:57:48.678686+00:00
91af5a54-d16f-454e-a9d8-ab132424033b,f12f2d80-3adb-496b-9912-581a557e9ecb,394.89,2026-05-15 22:20:55.798506+00:00
83a2051a-34c4-41d9-bf20-334567d68ea8,b65a32ad-318b-42d5-936a-6bbaa9127594,140.34,2026-05-31 23:51:20.013058+00:00
07ae1610-752f-438a-b4a1-0986b3effd06,76b1fd54-1c31-4337-bbd4-9ccb8aff1344,3812.68,2026-04-23 03:06:04.810448+00:00
619eee4d-3cfa-4ef7-9a69-ad8a258b454a,2eb9995b-16ee-48d4-b6ca-adbbb45465b6,1328.09,2026-04-28 23:02:19.042790+00:00
a55ac518-3532-4a6a-97b4-a0f3f2cdabe7,99c171de-beda-4b1a-bd65-d2f279069cb7,3307.69,2026-05-09 20:52:33.802041+00:00
06a3d1e4-55ef-4198-a8a0-d5cf945350c2,6df6a02e-5fff-4d36-b587-7ec5032a8bf9,3555.71,2026-05-28 17:52:37.196371+00:00
5548f965-ee9e-48c2-83c8-996002c5e911,2759647a-d4ca-4802-8805-d9aa4ba044f5,170.03,2026-05-17 19:24:03.453171+00:00
2effb927-c02f-48e6-95c0-b74625800a41,1a3e3795-9248-4e72-8637-ea36b5127462,344.74,2026-05-19 01:24:14.428894+00:00
33ccc33d-33eb-4dbc-9c69-acbd74ba60f8,a64bddb1-a484-41cd-9d33-d826a8eee6dc,386.4,2026-05-27 10:20:24.920484+00:00
7368b7db-d363-4a9a-9477-b8ae010f3994,3e21cf9b-898a-4fb4-8c01-e81e9186e6bd,446.41,2026-05-31 12:01:06.310145+00:00
60e4b608-b001-4d08-9e66-2bd060113d97,df0d6563-69c9-428a-8fe8-2b293d6597cd,937.09,2026-05-14 11:52:27.084595+00:00
7c039622-72ed-4f38-8d2c-0fab99027983,da2062df-a38d-40fd-9184-2e568c8e5f16,2009.7,2026-05-18 00:19:48.357233+00:00
84caf7d1-f3e6-4573-ac69-19eb0fc6e7d1,da1af73e-dea3-4e14-a82a-25647d2b3e5a,1846.3,2026-05-30 17:15:19.026552+00:00
7aff64c0-cdf5-4619-8386-5f522589658f,f26ce51e-290c-46e9-808d-4d82ffcb4782,2919.27,2026-05-11 08:43:43.160179+00:00
bf7c0716-6c81-469f-b105-a27c854a1447,baf53eb1-46a0-420b-aba3-0513a29eab17,2333.66,2026-05-16 20:13:11.821825+00:00
753f5107-a5c6-41ed-a40d-325f874d50c3,fa8666a8-db61-4075-9a40-68929b209b13,567.09,2026-05-18 22:14:01.890279+00:00
0aef6548-8dde-44e3-b9e5-3ce4c4da73ee,fdecd32c-9252-4653-8f6a-6e9bef71f583,1137.34,2026-05-29 03:42:02.185936+00:00
574026d8-2a76-428a-9760-22c37fde4f7d,c3436cc8-56a7-4c85-9950-4995ba639e55,1276.23,2026-05-30 06:43:51.519414+00:00
d1dde9d8-8879-45fc-8598-52bdc8e3fe4b,b98b8ed1-bd14-4fad-a162-6561df21e28e,10.0,2026-03-19 02:13:33.391417+00:00
2c9d503a-ee05-4275-bd8e-08b1cee2a4af,c6fab960-84a0-416c-bc70-9a46a5ab0626,3514.61,2026-04-23 04:30:06.209577+00:00
2ecfc8bc-bc5c-49ce-8285-cfabd417aede,388726ac-13b7-48ea-aa6c-1ed4411596d7,4386.55,2026-05-12 09:02:19.687466+00:00
d1796b75-d4cc-4d29-a5df-56328776c59f,b409e888-2a12-4842-a7aa-37fc9b6e96b9,1434.5,2026-03-10 16:05:18.691822+00:00
d8dfb3e8-d6df-45c1-8af5-aafe0fd3ada4,771eb79e-1b44-4362-aea7-2cba3b163c7e,1953.62,2026-05-15 19:34:58.259533+00:00
b43d1576-5dff-4f78-b9fa-e20ede846c61,39f5f105-9ad0-4072-9c8c-cc9fd34cbb15,1685.77,2026-05-23 06:39:53.150014+00:00
44aab34c-a6b9-4940-8028-788071bb57b2,95fa3fc3-ccfb-4062-b6d6-7ffc642d84e1,2192.92,2026-05-29 16:43:48.545694+00:00
98cba05a-f40d-4f45-b00c-99b39916ef3b,640912f4-478f-4b88-9295-fe7109f93445,1902.85,2026-05-29 18:37:43.612025+00:00
66cb1058-efb8-4717-a971-c0667b9003cf,d4cc97f3-7a29-422b-ad07-01c6a35bcfe5,2486.2,2026-05-30 09:14:36.087319+00:00
60cd00e2-8bad-4274-9402-699c8f00d4dd,00448a32-a59b-4243-895a-b7a9bc07715d,766.88,2026-05-30 11:11:18.339516+00:00
dab269a7-c8d2-4318-82c5-9a4d48524282,0384e700-82ec-40cc-a5f3-79c938f211aa,1944.05,2026-05-30 15:35:27.932711+00:00
f49d4e7e-a5b9-4435-9243-82957479449f,c48f4f24-0f96-4634-b6de-826f1e05d94d,1609.35,2026-05-31 03:12:12.153478+00:00
52e82aee-2c4b-4f6d-8c3d-fdd5200a970d,b09322b6-4cce-4dee-81a9-9c913bdc8ab6,3288.24,2026-04-20 20:46:18.402732+00:00
8347640c-2370-4dd4-a9bd-e14843feae14,de4902af-b655-4768-97ff-d03e6b8ba2cc,2927.76,2026-05-22 03:45:56.219600+00:00
b75a65bf-2e44-406a-bb63-8a7d1eb0d10d,b5cc7347-eae0-42d5-b6b3-24847a3f69a3,5823.66,2026-05-24 01:31:46.375005+00:00
75400d17-ece0-4f71-95d2-224ae6d4d534,b422963a-8e2b-4527-85d9-c21be48ef439,3991.27,2026-05-29 14:32:20.602846+00:00
e04fe63f-0d95-407e-87be-229ea2346a59,9e5ccb4f-a32c-4b78-ba2e-cc58886459e4,3078.24,2026-03-31 11:46:07.087648+00:00
53725cba-afaf-4f96-800f-9c3bd8c6d59f,57dec8cc-a2db-4bb0-8f7c-9ceda3f85ec6,2358.17,2026-04-22 14:04:45.995038+00:00
7664fd87-47bb-4a9d-a61e-69620ebd7443,9d0e707e-6240-4f93-95fb-28fc31646a48,2093.14,2026-04-26 23:07:19.887016+00:00
061db675-f4b0-4847-aada-b42d16acbe6d,bcbbd6ed-0b7e-4d88-a959-4cf115150321,2713.96,2026-04-30 17:17:28.805753+00:00
bb5094c6-ae5d-4137-9241-aee20f7a5209,69dc69a3-8b14-4d0e-970b-b78b665069da,4969.63,2026-05-26 16:44:56.256757+00:00
e68775ec-6981-4f62-acb4-857dc99599db,89a622a7-6511-4ffa-9b76-47e501c31199,2457.28,2026-05-02 05:35:59.890382+00:00
7121bc14-ea94-46e5-8c18-3b060c859bf5,c686c436-cbc9-4cae-9a4f-036b36123060,1964.8,2026-05-23 23:56:30.624748+00:00
0664156e-d8f5-4494-a0b2-fe72a11801c2,52e0d1f0-7cdc-4aac-88b3-ef5276c4cc12,4637.69,2026-05-31 11:24:17.559453+00:00
44a7a27a-edb1-4a2e-96d6-651f508ed438,4d0fefc8-e66e-45e9-be1e-272ceccb0aa5,3090.39,2026-04-25 23:48:47.287488+00:00
7b615f02-4fdc-4edd-a5e5-7064dfb99842,bb057512-b616-408e-8456-fc263569ad66,2244.89,2026-05-25 23:22:56.224680+00:00
d8c7707c-5c78-4bc1-b606-40ea8ea70a17,464054b4-aaa3-45b3-9eb5-4e707fea1139,1323.52,2026-05-28 13:26:39.041159+00:00
49ee0502-f986-4bc3-9a65-87a865a9de24,2a4e49f3-a9d4-4e57-95af-4101ad803951,477.41,2026-05-31 01:53:30.363616+00:00
ce637ddf-09c7-4808-ac33-dc29273b7841,7cddfeac-fb0f-465e-845b-d54f468e9025,1066.78,2026-05-31 07:36:14.582919+00:00
e532805b-65e2-4415-8ca6-20d4efb19044,310d62ac-0ca8-4d6f-a46e-11732718ce6e,1218.83,2026-05-31 09:08:06.309902+00:00
0a45b71c-06c3-4ca7-9e27-50998b26393e,0d1fd512-5395-47b1-b295-404923bc21bd,697.83,2026-05-31 18:32:20.681044+00:00
0b793146-5306-4209-af7c-9c0feb6ded8d,27b8086f-ba8e-4fc3-b741-6a8bb3c92a63,830.53,2026-05-31 23:31:35.555138+00:00
82a0c23e-1297-47b3-8c74-2d37ed7d66dc,1bd0ca63-1350-49c0-977a-a5125ffbbc6e,3870.46,2026-03-12 08:52:11.673282+00:00
1111181e-9d26-4e57-a672-b582c3531c43,b5b031b8-1313-49f9-b798-9d355dc209a4,10.0,2026-03-17 06:22:07.862220+00:00
d6def41d-f06a-405b-a2db-2a7dcf2e6032,dfd26a31-922b-430b-ab74-58e8f1ad9dc3,2449.62,2026-04-21 10:26:42.311387+00:00
5c7ddbe7-44de-4781-ac64-cb36ceae942a,f5f3fa7d-18e2-469d-a8e1-0db5e4981fcd,3044.86,2026-05-02 10:26:29.278199+00:00
4b26a68d-fe80-4143-b8af-2bcc9db25274,ea296bea-ed35-49d1-88fd-ea20298bff2f,98.0,2026-04-08 23:35:29.824960+00:00
01e2e89a-93ca-4d65-93a9-e56db93f16d7,c54c1eb1-46ed-4225-b8a4-f4913229314d,10.0,2026-05-10 06:00:25.382475+00:00
147bc5a8-e270-4a0f-a182-9ed3434872ff,ec39255a-1e75-43ea-baa6-bc13aa8c862c,4054.88,2026-04-14 22:38:56.506758+00:00
35cb995d-326e-4e36-bad5-59668ada0d91,03da8860-8125-445d-ba4a-79d77e8574fd,6523.74,2026-05-04 12:22:10.126101+00:00
79553f9a-f289-42ee-b2be-a102e47ac613,85704917-db8f-4dab-a8f6-997ea7c17edb,771.92,2026-05-18 07:48:47.344839+00:00
59388224-05ae-4936-8e53-e778a73a44d3,4feff2fa-6b3c-4e0d-a5da-7faed28dcebb,5801.92,2026-05-21 14:37:25.853341+00:00
7a7c42ac-a0a8-467c-96b7-4e872508eb44,48a412a1-fdb9-4c0e-a044-ce89f62e5389,2989.62,2026-03-25 13:22:27.265517+00:00
9ffd4411-568a-4bc3-ac5e-c914c1c053ca,c0c8350b-299f-41ab-8eb9-0484d0038023,2897.76,2026-04-07 08:11:39.099343+00:00
6a365d83-1e33-4e42-9d9c-5627a67d48a3,f705d823-b05b-4881-871d-e98407ab540d,1736.69,2026-04-13 09:32:25.763057+00:00
48af24db-26d7-4d2a-9487-a6b8e3a2ee3d,572a3994-63c1-4d92-968d-38d89e34ae17,1785.0,2026-05-22 01:11:38.653835+00:00
4634eefe-c84d-409a-96d3-4c7858061688,b8320293-7206-444d-bad3-517f9d8bcfa2,244.18,2026-04-19 20:40:46.444803+00:00
f91e59f1-ca7a-408a-adb5-740329dbf12b,49e8fd5f-b5b6-43d2-823b-0109b1fdc947,462.14,2026-05-09 18:15:35.031220+00:00
6a896c8e-bc04-4916-b215-3f395100921b,835ea19c-7afe-4dcb-b9b8-1a5b77de17c6,4065.59,2026-03-23 10:25:27.439454+00:00
64d31b70-cb8d-4e21-8069-a94a40ea3b8a,ddd688fe-8626-48c8-8ef4-f126cee5459b,1756.3,2026-04-20 16:24:22.664906+00:00
4a936eec-8978-4ddc-b414-f9070907f70c,1a13b556-700b-45f5-81b5-d2cec59c3042,4022.58,2026-05-15 10:59:05.575896+00:00
2695861a-fbda-4473-b263-bd025b65e956,17df1a0b-3324-4f78-bf8a-bd37ccc38e20,2358.28,2026-05-18 09:17:21.710764+00:00
08c4519f-0045-4ac2-8414-2d12e7a75abf,7923177c-ab52-42d2-98a2-06eaf3d9b0e1,2214.71,2026-05-24 22:59:53.967942+00:00
a3995728-334d-4e20-95e0-695e1eed99f7,7aaae909-fe1b-40ce-8645-4e2f4aeb859a,3086.12,2026-05-13 12:47:30.955767+00:00
7e10b6f2-4425-4d92-b987-99244d187f02,dc15f585-3c3f-4d6f-8f4f-489c5eef1eb7,1756.11,2026-05-17 22:31:33.764091+00:00
1122f1be-757c-4483-be92-c45300aa0e90,783a2b5e-0855-4a34-8db6-8c688fcabc67,1937.77,2026-03-22 08:53:11.917479+00:00
2afd1c4b-ee46-4537-9d96-353830abc2c0,d3f44268-967f-46b2-bc09-d29a7e72a85e,1667.81,2026-05-06 20:37:53.723363+00:00
7c8a49fc-8cf3-42ad-9e5d-0b5a0091d739,1fae279c-af24-46da-9902-21f4e6f7370e,7673.25,2026-04-18 01:20:26.495271+00:00
cf369bd7-7943-4344-9f9a-974d3d2494f8,a706bf64-b488-422a-8b4c-834640b26d0b,5062.16,2026-04-28 03:11:33.450669+00:00
4c471ee8-e47c-41e1-971b-5dbf9e6c976a,c2939d0b-fb87-4760-880f-e9d89588fa6e,4600.6,2026-05-06 20:56:14.703494+00:00
1061e662-def9-4e73-8800-223d3d286f39,d7e10189-58c4-43de-96b4-d82c8c596020,3648.43,2026-05-07 16:15:22.472087+00:00
32639004-6f63-4e9a-8710-84aee6ddec05,ab674003-2277-453c-9bde-32f16128f145,3728.79,2026-05-28 05:55:42.258652+00:00
6cb782e7-c7ff-4cac-9551-e8564f647208,f88890a7-7499-4bc8-9825-7a15ef949ccd,1833.36,2026-04-29 15:11:28.147355+00:00
54dea9f7-c28c-42fc-b39a-d59cc371f79f,1bdef94a-e1d2-496f-ad86-0d6e1b71a730,4753.92,2026-05-04 03:56:34.830832+00:00
c0b619a8-8992-49e5-9aea-6cbdc0905ad8,e015ea96-5dda-4351-b755-c3a3539ac84e,6203.24,2026-05-11 04:55:37.706640+00:00
06b1bf2e-c587-4326-9f4a-ef67e3f0ecd2,9f3e9947-b6ef-4f7b-aaed-86af26455f82,1756.94,2026-05-31 22:46:49.039886+00:00
bce68def-296f-4c1f-a1e1-554beb437c06,002e4612-7d29-4955-b251-a788c2365b16,546.1,2026-05-30 11:10:34.326526+00:00
8171463b-1370-4817-ba8c-282d19589590,f679d1f1-7c03-46e1-b227-eda384f4efbf,580.85,2026-05-30 17:57:22.515988+00:00
6f6d6f4e-17b2-4040-8378-f5f1bc8c9952,6a95d6b1-fc5f-4e6c-b4fa-d1c729b05195,10.0,2026-05-28 22:30:55.805213+00:00
8bf621ad-27d8-4e2d-a7f4-8d031d751aaf,1a079629-0980-4f1f-84cf-11bc00ec712f,2221.06,2026-05-29 12:50:47.410395+00:00
005cbd34-edc0-4c64-8184-c3d93f63ce7e,2d8c1c00-d2d2-45df-a249-2d6475dc6ee2,2962.87,2026-05-31 04:54:51.318004+00:00
97db4432-b02c-44b8-96a7-28ab8d126127,2770faf7-619e-4626-8486-abad923892f6,4132.04,2026-05-23 21:31:34.853847+00:00
4166b0b7-a886-48c0-a02a-aad7ff28545d,1cf6d6de-395d-494a-8467-8aa7ede21893,315.59,2026-05-04 17:57:52.201643+00:00
f5c7715e-e021-4771-b762-cd71bb5a0fd4,2d986500-c9ed-4bfe-8ee9-840471431f1e,1178.26,2026-05-04 20:13:26.356539+00:00
181de97f-9e7c-4760-98a9-e5d5630fad2f,05348fc4-0810-462c-b8b6-a7d4b73aa6c8,4436.22,2026-05-14 00:46:28.923020+00:00
955c10b1-f60f-417b-bfbe-96f354285e68,78468a75-1b63-4a31-919c-0d5d11d9410c,2469.44,2026-05-19 13:08:57.722635+00:00
79615cc4-7fc7-46df-9efc-bf9002995e2b,f7c3eaca-86b1-4cda-bbad-20247455a946,3460.12,2026-05-22 01:00:17.731409+00:00
68d357f6-9ec0-4c9d-b8c3-ae86d32ecc69,7430912a-ab7f-4e87-a919-96e6ba96f1d4,1838.81,2026-05-27 05:36:15.658641+00:00
317442cc-5bfe-449e-9b6c-aadd0ea95718,d0e0cd7e-5694-4386-a6c1-7d67595434a0,2028.16,2026-04-01 23:52:01.215012+00:00
fd5038aa-44bd-4cb7-97de-9dc91d077982,5f8657f2-f44f-4fec-9d92-f8a7b0579165,2569.88,2026-04-08 03:46:00.330359+00:00
9278cc8a-618f-4f23-99fc-26e87da25795,cb781e55-09dd-4246-82b6-e1a9326c88d9,311.63,2026-04-27 15:41:28.396273+00:00
895924c7-cc04-47b3-a8f8-d9bca88e900f,72a16c1e-9ddb-438b-9384-96f493801f10,3283.15,2026-05-30 21:09:39.613394+00:00
e387c1f0-96a5-4180-bba7-4758f9a106d7,bccbfcff-335b-4ffb-96d5-d1f6eb0035fa,3964.2,2026-05-31 10:27:54.038369+00:00
e33d5f7e-2692-4c52-847e-b1e95cda9665,ff57caf1-4ef2-48af-b30b-e83174633cf1,2125.02,2026-05-31 20:48:41.937208+00:00
3dbb5138-6e53-465a-8aba-4ab019376ba7,64840db8-665f-430a-9f97-db3c8b905f6b,2767.69,2026-04-14 09:31:58.995890+00:00
2fc16e24-620d-427a-b1a8-e2d0fc8e7b1a,dd8a2a0c-fc80-42cb-8eea-0190e895918f,2123.44,2026-05-01 05:23:54.806345+00:00
cbf9e96d-be25-496c-888f-dbf36a88c8d0,4293572b-91a2-4d83-baa9-bab8aa2cc938,1566.68,2026-05-20 21:54:58.980614+00:00
30b1db78-773f-4177-a610-872eed87bfb1,aee77324-1d82-4f35-97be-d7746a57d50f,4990.91,2026-05-01 00:48:08.719535+00:00
4e140f84-f529-4569-9e2d-82b40a885043,3a3dd646-4012-4702-988b-0895655cff89,4078.82,2026-05-12 13:43:38.434209+00:00
92e7f1c4-3e0c-47d6-bf51-bd72df714c28,19e816c7-5e81-41fe-bce4-8eca8a0afcd4,4655.4,2026-05-14 21:07:28.118637+00:00
aa800c19-6ec8-44a2-93cb-dbbed93a355d,d21212ab-f834-48b6-8315-e7f9155a543c,1959.87,2026-05-21 03:37:20.563804+00:00
108f91fc-11f4-4203-ac94-d84c0231d2fb,41a920dc-300f-4071-9a7f-39fbb92a8c7b,1522.39,2026-05-18 20:46:53.348612+00:00
bc5dd3df-484a-461b-a423-5c94a8b5a843,1dc512d9-96cd-4855-8af6-a02a2fd9e520,2506.48,2026-05-20 00:20:50.869796+00:00
8e7c2664-81dd-4cf1-9123-351e1b08d81b,b2f0c7b7-a3fa-4ce0-9804-3b6c882a8dac,1236.0,2026-05-23 19:30:27.120961+00:00
83d79d41-f44a-4b4b-86ab-9c258db709cb,1a720e66-138c-46c5-96cb-2d7183d392b2,1930.68,2026-05-25 01:27:20.204883+00:00
172929f7-cba1-47fe-8a53-e00e4d02f54e,e78ba8c4-3f8c-44ce-81bb-4f6dd5fe0bd5,1842.24,2026-05-27 23:35:34.277251+00:00
b4be8df1-b6dc-409f-b781-539a0887a468,c41bcc78-b062-4fbd-890e-be7de0d7b246,5543.33,2026-03-18 15:48:47.649981+00:00
f2d8389e-5332-44c4-beb1-8dd0abc1caae,9e42ac95-253e-40b5-9ca2-c2c7f74beb29,7365.74,2026-03-21 12:20:31.113496+00:00
fca8dc02-e6b2-41b9-94f4-1f1d85ec769f,8be84844-10ee-49e3-8f79-15a6750e0f4b,2156.36,2026-04-22 00:33:02.928113+00:00
e71543fe-ee33-47d7-8d61-081dc433372b,ab6e19e7-b056-4792-b5f2-216edc279a51,3066.09,2026-05-28 14:06:10.114688+00:00
59425d07-a88f-471c-9005-8c58263c2827,81a1af6f-7b99-4d92-8a75-48b1b13d51cf,1608.69,2026-05-13 07:23:11.904145+00:00
750bda5c-971a-4373-90c4-2969e31f24bd,ba6dc993-df4d-4394-8987-9db4674a51a5,1510.35,2026-05-19 22:53:19.902233+00:00
9a76ba3e-4e89-4068-bd27-b60b1441ba94,b4481fb1-2dfe-4a66-8ab6-6a490d0a7588,10.0,2026-05-21 00:17:02.769072+00:00
75caccdc-7dea-46cd-91da-82d872f64a32,aaf667eb-37db-498d-830d-cb815ee51ab1,2789.49,2026-05-26 07:19:10.430064+00:00
3843b8b2-eb37-42bf-9105-47ec3bbe1e73,d8e4ac65-f730-4cf8-b610-8dcecc26e468,151.54,2026-05-28 15:56:38.458978+00:00
d85d72b3-e4e8-435e-a258-47909bf0d016,cbae5a5c-ef68-4876-a980-1395ce47e0ee,3415.88,2026-05-28 22:04:49.893695+00:00
6b94715b-39d7-41c6-b0b3-8addbb3043aa,f3723698-0e00-4998-aef2-de578cb01b50,284.18,2026-04-30 21:25:50.103938+00:00
0bf887dd-9e33-42fe-b3c4-9a9a43fe2f0a,6644dd03-8d61-4152-ba8e-12f1bfd8f35b,376.36,2026-05-07 00:36:12.803608+00:00
63b972b2-5c00-4302-86f8-e41255a54bd0,26bf2de5-356c-4ce1-b30f-37ff09814f4c,546.82,2026-05-20 12:31:26.007753+00:00
f10e4820-ab39-4aed-bd99-b8e44505f887,79dd0b2f-6c58-49b6-a5c5-24d881d60917,1514.56,2026-04-24 00:27:58.176015+00:00
e5c72a64-c871-46a5-9d02-cca629abf55a,ca0f5999-063c-41c5-b6da-cb0574ecad55,3172.86,2026-04-25 10:59:18.402114+00:00
7ceff992-2a63-4e0c-b0c1-2d9ec381d73c,834db1e3-9584-4be6-9bec-ccb56b4c029c,1950.36,2026-05-02 05:11:08.232288+00:00
6e0db080-277a-4a6e-ae30-d8b3a155f074,25c92e13-b5a6-4b78-9f30-151f22448316,310.43,2026-05-06 17:18:36.405569+00:00
487862c6-8c34-4dbd-8592-52ec35381112,fe5d9b27-6d35-477a-8e84-146839a4f99c,3036.95,2026-05-09 14:14:32.261311+00:00
21a9ec3f-5cd1-4617-a706-a6f9594d42d7,3f92174b-38d0-4c78-adc6-1b0fb7ddeb7c,2422.62,2026-05-26 04:45:35.530499+00:00
bf92e2c7-e395-43e7-ba3a-6b742ccd98b6,274aedb0-8485-4eca-983f-7fec053357d1,5964.0,2026-05-08 06:59:12.914366+00:00
851307b9-7cfa-4409-9fad-a6d212ef98a6,c9151bae-b5a1-4b4a-991e-6acfb495813d,10.0,2026-04-26 16:53:15.451128+00:00
ec805322-8c08-4cca-8362-c3b9258eaa55,280410b6-41fa-49b7-911f-100a2530a7b2,1099.01,2026-05-05 06:08:26.005635+00:00
11645af3-92a6-4685-b581-35762d46e384,de114fc0-d86d-4b0c-b56c-85e154d34b48,158.64,2026-05-16 06:10:40.516591+00:00
51c326ab-a580-4a20-b3c4-aca323c2adec,35c6f82d-7fdf-458a-9659-cbe1038d28e5,10.0,2026-05-18 12:30:41.816282+00:00
c2f4c98e-7157-4a1a-8612-9a00182fb091,51a5de50-7112-45c6-a5e4-3e82d1017f67,729.08,2026-05-20 14:17:29.857357+00:00
4d853573-0af4-43ee-929e-74cc187b6adb,5b5e06ba-4a5f-482a-910b-e41f01655676,3937.71,2026-05-18 18:23:23.033538+00:00
1626fb86-48f3-4293-ab6b-422778a3be09,018b6000-59a2-4c45-9640-6a9b25a0ce37,606.52,2026-05-29 16:08:44.255548+00:00
3354b66c-0161-4afd-b6f4-13acbf5bc290,9e11d0af-7af5-498c-825c-eb47891c12df,101.5,2026-05-29 20:35:03.818914+00:00
43cb69a4-56c4-4203-8115-bd62a4ba54bd,8692cd3a-f41d-43cc-a118-affb099955f8,112.23,2026-05-29 21:39:24.618545+00:00
dd3907d6-7b3c-4c6b-931c-1b9ecc4c6ebe,baf65a84-f1d2-49b3-8f71-48421a2af48b,343.83,2026-05-30 05:04:04.688172+00:00
fd611984-4fd4-49d2-ada2-9a7c8fe4d3f5,ba3be74f-0711-4d36-8319-2f827169e6a8,1295.29,2026-05-17 23:55:27.614495+00:00
e5854338-56a4-4fa6-aaf7-224c170188cc,914eb690-a8e7-4dd0-baeb-7db87222891c,1921.87,2026-05-18 00:54:10.388343+00:00
6bdeba92-3f20-4a0a-b662-6ccfbc77c2eb,e12e1c65-4e40-44da-ba9c-0c64e8378b2b,2490.29,2026-05-18 15:07:04.351332+00:00
82156f01-6396-4aee-945d-dec6d647bce1,33551d45-0e7c-49ef-9fc7-4c7c398ae6b2,2725.24,2026-05-18 18:25:06.718706+00:00
d1e7c2bc-a111-4c8c-b75d-731f27ff63fc,3c196666-2945-4ffe-9448-980bc07f074c,2896.01,2026-05-19 14:29:33.458525+00:00
1da4f642-84f8-4610-a5dd-f24dfed9a479,25366abc-540d-416d-aeef-bbd0c0b27cbb,2483.79,2026-04-05 11:38:33.389346+00:00
7625b30d-5ebf-4b3f-8306-a516430fd4cb,23a346ad-02d3-4e57-bc31-e8beda352068,2407.84,2026-05-04 13:38:17.714625+00:00
491d7898-c16e-4141-88ea-add3fbfade20,d17eb1e5-bf2d-49e3-9b37-70eb77206e24,1803.67,2026-05-13 22:00:29.686179+00:00
cefe0ea0-b1b6-4057-94f5-cf0c9bb98cee,1961c722-e761-4448-902f-f643a667e66a,2021.9,2026-05-23 07:08:32.408509+00:00
c53b0db2-b1f1-484b-a258-9a7ed78111e4,976246d0-2e21-4485-a949-f8ac1eaad0f3,2486.63,2026-04-10 15:20:56.698230+00:00
ec0c302e-8740-48d7-af25-9503feed07c4,6372a196-0fec-46a7-ad37-aadaa5002d8c,4150.45,2026-04-15 17:16:17.739065+00:00
c406fcf3-89fd-4e66-98de-3a4158fd94de,f5fcc9d6-af6d-40db-ac39-2b93c06cc9fa,5485.1,2026-04-22 14:49:26.180666+00:00
dd21a0f2-c371-439f-aa60-7253094c728f,e1f83bfb-411a-47f1-91a2-6ff11fd6e081,1761.79,2026-05-14 14:04:34.410228+00:00
c602c3ba-1fbd-4ee3-abb9-e06fa2ae9097,1e4a1563-2d21-41c6-a2cd-f1ba666108ba,4228.03,2026-05-22 01:27:44.998186+00:00
54ce9f24-3789-40cb-ba4c-cde072a0f72a,e0f6c82e-d336-4d60-8e7e-8de5bab9dda0,1421.36,2026-05-14 07:56:49.390024+00:00
18ee49bb-3572-42f5-9dd8-e5a343b12a46,31c08cc4-12b3-43e7-ad02-7dc91a7b7474,10.0,2026-05-14 09:25:27.244174+00:00
de2c4100-52c2-470c-8850-735e36f9322e,6a440603-8f59-442c-9da7-68d07d203f68,814.43,2026-05-23 20:31:45.531803+00:00
b77b227c-02b9-409e-8853-6dfa977e721e,dba43bee-a077-4c96-b2ea-c4074b49ea39,989.58,2026-05-25 05:05:17.871943+00:00
b8adc0bc-a4bd-4f69-933a-5b3d601e471e,fda17232-ad4b-4aff-b91a-38d1e8318206,1078.95,2026-05-25 09:21:29.517115+00:00
a8a03195-429c-4ff3-b4bc-ededd8223f92,fa189da6-f89e-4393-84b6-8acc5dc7c9dd,1148.04,2026-05-31 07:09:33.336185+00:00
ef5f7cdf-8927-4565-b5ba-8be3b0eaab17,eb525c35-c135-49be-a8d6-459e809151b6,1226.83,2026-05-31 19:15:23.412634+00:00
727667b5-9657-4242-b9cc-590297d78688,51253697-e344-405f-ad77-c88ac5f4052d,1982.77,2026-05-15 22:44:12.194496+00:00
09a84a28-f28e-4286-8fae-8b815a3fc259,dcf08ee4-e244-4c75-ac96-688d629d06b9,1641.26,2026-05-24 05:22:28.982613+00:00
244472bd-90f5-4edb-b877-9818a8df9c89,72460304-3e87-494f-bf4f-4c47aabb82b8,3393.16,2026-05-28 22:51:17.933743+00:00
82133422-6a73-4fdb-8e80-12f0b27f5135,84b87127-6654-4734-8f03-d87a0d21063d,2396.21,2026-05-20 15:33:04.976275+00:00
7875554d-7674-4c20-9aff-d277b7f5ab56,0a7dc54c-40c9-4bf4-b2be-7663f68d74ac,1066.97,2026-05-23 13:28:35.527395+00:00
8627254d-728e-44a3-8566-d0bdbc57efa8,f2089e6a-59f0-416d-b19b-7384dbc6efd6,3254.34,2026-04-30 18:59:48.106655+00:00
40cd5497-be1c-44fb-94bc-b8b2e2dca8c4,508e8313-2e44-440e-8842-30e22818d343,10.0,2026-05-27 22:31:03.084063+00:00
69a7ead0-fccf-4c40-8961-1cfaf2a42225,0ab9ab41-72f2-470d-8442-0d746faef9c3,5725.06,2026-05-30 23:48:41.510302+00:00
2154b66f-4a06-419c-8f73-5d803a8c101e,cf80b6c0-8b04-4740-88e7-7195027bc7ef,384.62,2026-05-25 08:50:07.720748+00:00
5a0b04dd-5bb8-46d5-b2db-3a704163746f,95f0c4c1-f6fa-4f68-9cf4-5c5bc6a0c4c4,155.42,2026-05-25 13:53:17.688953+00:00
fa10781c-6d1a-4924-80e7-0f5aa969710b,4805821c-65ad-412b-bc6f-0b0188cc1015,443.81,2026-05-26 03:23:40.647044+00:00
d902bbb4-e0bf-43cc-9fab-f566092ac72f,87226887-278a-44e4-a650-6edc59b8355a,484.43,2026-05-26 16:43:30.362009+00:00
f5469ee3-4cd6-4606-ac3f-d3e4d6eedff6,9002b6ea-82ed-4cce-a496-0fda2a2f1af6,2173.03,2026-04-24 06:19:17.416803+00:00
ba5b341b-4852-493a-a7de-72743b71ba74,e59a2d18-5bc4-48e6-be40-52062e1560dc,1305.14,2026-05-28 11:20:29.370889+00:00
9b9c636a-d7ce-40ee-985b-014bd3f6eeef,5176c2ef-990f-4cbe-89ac-a3eee557d514,2315.74,2026-05-22 12:54:15.435338+00:00
63604f28-b4e6-4b9f-a6b6-6d0dbc82387a,df2e41f3-5b37-4a8e-b881-780d7a43b5a4,4103.93,2026-04-14 02:13:06.268511+00:00
faaf1665-070d-4059-8438-435f6ae9437a,aef036cc-b13d-49ba-84d4-de2a75bc0ce4,1280.24,2026-04-21 21:40:16.803865+00:00
b5905540-9997-4eb2-ac02-61d8f59e21d9,898c79a8-d6a5-42b5-9c18-075900f6615e,6111.65,2026-05-30 00:26:06.623290+00:00
4cea28b5-e6b0-4053-8c6e-41c41054a65a,798d92c3-4b4e-4b18-bffa-a9e79e747cd7,1798.08,2026-05-31 08:39:33.251166+00:00
d69e96a7-db79-48c6-8aff-c428fb88de95,d13032d3-f2f3-46e1-b624-17650d842448,1225.7,2026-04-11 05:38:28.784291+00:00
fda35f87-d172-4d8e-8be0-81de28998471,fdc78143-639e-4713-aff5-4501bc58ddab,158.02,2026-04-24 16:20:49.874481+00:00
703b6daa-075d-4e02-b6fd-43a079c6f419,165e36cc-4d40-49dd-a5c3-f18000d3e979,3192.45,2026-04-15 01:13:17.817829+00:00
fc55bc8c-cfd1-4f0c-93cd-7960eb8ad062,4a048370-1c5a-4d0d-b23f-9bb40567bdf2,3550.2,2026-05-07 18:41:50.540475+00:00
4c0bd0ec-5ee2-48a0-8eab-2baf0da59bf3,f9921cdc-2c37-4439-977d-552f78a4485b,3988.92,2026-04-26 12:20:59.413583+00:00
5922c989-7c39-4a40-b98f-f3f0d74e454f,47c8230b-c12d-417c-871d-7b74511e9f31,1613.5,2026-05-27 05:45:08.604113+00:00
e87dea07-e4b6-49a0-b866-9afcfd0f5ace,53505e6a-7e3a-444b-8815-a515f57c80e4,1797.96,2026-05-30 20:37:34.775898+00:00
50cf1b71-feb9-4f1f-ab30-bcbb80469051,fff3b9d9-4532-4c41-ac21-e072f538c1c0,323.5,2026-05-31 15:12:50.277570+00:00
9ae79186-a446-4e09-9729-2f5b8e80248b,5d5af55f-f23c-4aa7-bc6c-6afbc1daeabf,330.8,2026-05-24 22:45:24.209510+00:00
925b861a-d4b6-4003-9439-aab89177c099,2907cd10-cfb7-4a5a-ae05-a1239b821936,4724.69,2026-05-16 14:59:12.390510+00:00
869d9987-9d4a-46bb-a686-fc7ac144da0a,6e8aef2c-9507-4800-a961-7f3e592e7805,4779.8,2026-05-19 19:47:57.430923+00:00
9aa934b1-595e-47a0-b64a-2d4a2e928e0d,240b3f44-e9f4-4b05-9150-eb6f964787cd,5067.36,2026-05-24 03:59:12.730463+00:00
bb94300e-6e39-4555-8387-8a0e5dab1c11,164fbcef-773c-4008-8b57-2096d22d4070,6461.32,2026-05-30 03:26:47.779931+00:00
fd5c61c0-5e15-4cfa-84dd-11dadc31982e,8bb14856-eb3e-45c9-a519-06d5cb0db1d9,3569.62,2026-05-31 02:08:15.599739+00:00
6362e355-00ae-484e-9b49-d13e8cf8cc57,978d34ea-670b-4106-adc1-b1d1c685b61c,2009.83,2026-05-24 03:24:51.696248+00:00
fb64bc17-131e-4b7b-8f5e-1291e813eefd,b9ecc6bb-daa1-4454-b4bd-19deb7e1b651,777.72,2026-05-25 00:58:09.905564+00:00
07c5fdab-3034-4c40-86e6-c9acb476fd4e,dd2c8ad5-1f19-4453-806f-a03ba69283c6,1260.27,2026-05-25 03:21:15.394319+00:00
849be49a-aa9a-44ed-8be5-ffd32e58d4c9,4b71635e-e3e2-4854-9858-90c3ea556586,4696.88,2026-05-18 07:29:03.265708+00:00
2e20956d-bc8a-4da8-88ce-e1121cb95f31,75007ec4-c3f0-4a2f-b763-ca7aa9795f9b,2224.31,2026-05-18 13:01:28.269389+00:00
1b268bbb-ff27-43ac-9510-6401990d9f2f,316537a9-cd74-4b56-9b3c-1326f6fffc93,2275.9,2026-05-18 23:53:19.397960+00:00
62d84eea-517b-49d2-a71d-b6b93f2d1e7a,bc35c436-7503-497a-8f8a-3c3017384155,1379.27,2026-04-29 05:12:11.776237+00:00
3e641a34-a05c-4b10-af9d-306c90a07a03,1cd8f0b2-ae0a-4b82-8e98-a951b842f4e7,1321.24,2026-05-26 00:49:41.580875+00:00
dda04f8d-d583-4d17-8253-082797e36383,80612516-26da-4ab4-9148-567f32a1ada3,1487.6,2026-05-21 06:17:06.200740+00:00
88d9a980-3c79-4779-b1fd-7adb9d4df952,b91101d7-b1eb-40c8-82ab-1752a0a6621f,3617.89,2026-05-21 05:30:05.498772+00:00
c79a82bf-2ef7-437a-b4af-42d3a8eb698c,1a1f011f-cc2f-4bbd-853e-55ba36b338eb,1315.2,2026-05-27 11:56:23.996914+00:00
cb716116-cc2d-491c-893c-f052947f53f8,76623eac-f183-4a99-a12d-557523b68c0d,2102.47,2026-05-28 12:37:36.444801+00:00
5252965f-5e48-4c1a-aaef-fd9dac49e7b1,bbf291c8-de75-4ee6-9aba-68f082e2c9fb,727.69,2026-05-18 13:55:34.952549+00:00
14aeb97f-547a-459e-9bac-a215eecd42f0,65c452d3-5778-44f7-807a-d8fc3631558d,6951.22,2026-05-19 05:02:14.822338+00:00
c2a9643c-c72b-4848-b6fa-db46b6e11cdd,eb9ed7d8-e17d-40a8-a21e-c60eddefc663,6907.19,2026-05-21 12:31:57.250503+00:00
ce64f0bc-d0a4-41a5-aca1-535968d4616f,863755b7-e3b6-4513-af09-b0922f9ff6fb,691.6,2026-05-22 11:38:23.307827+00:00
206ef0df-649c-4bc1-a8b0-fd89a02ebefb,23ab8eb8-9fe9-4b06-9f4c-5816d1bb0709,1670.4,2026-05-22 13:16:50.132984+00:00
559a6422-edae-4cce-83c5-be95897347a7,969c5dc7-bf97-4de2-888c-8ff4cc0f7a77,890.06,2026-05-25 06:38:13.460429+00:00
9b40399e-d575-4f9d-a092-4c4572e43c3c,28581db8-51e9-469d-a52c-7b460cfc7a6a,1923.45,2026-05-30 17:25:00.489934+00:00
0e2593b6-7e9f-4b52-b13a-8acd134aceec,70f8a47d-5b7e-4b05-b101-0619ff5e019d,1524.55,2026-04-18 10:55:40.103815+00:00
547ad329-33c9-487e-9310-bd8a26f31c72,970b246a-4260-4c2d-ac6b-5d2df8ec2db7,757.92,2026-04-29 18:38:24.123400+00:00
f05cf8bc-739f-4a83-aa98-e332d602b3fb,b706ea0a-f24d-4495-b1b0-5f013846e4f0,1498.59,2026-05-01 10:22:10.673698+00:00
beea751b-dc15-4bc4-ba57-883a65b859f1,834f1dbc-abc4-4fb2-b175-3efc3b420d2e,10.0,2026-05-18 16:16:09.557834+00:00
85fc49b9-f4ae-492e-90fb-88c436807c40,809c8f9d-f85d-4a55-bdfb-444836af3f8d,3217.58,2026-05-31 14:26:47.994412+00:00
023bc00a-f7f9-4aec-b40f-a7cf77c7f1d0,aef454b2-96db-4632-aa77-82f09178f978,2225.09,2026-05-10 12:58:59.214759+00:00
eb632262-8afb-482d-b2be-54fa3d40e662,260f2cf2-93b3-4d29-9c2e-65b883f4b90c,1474.21,2026-05-12 07:57:17.670632+00:00
cf0237e5-149e-46e1-9d0c-3ebbe8d12b38,2d2423e0-9e07-4c38-996a-bb090d237a80,3930.36,2026-05-19 11:59:24.304172+00:00
7ab3088c-c08c-4a67-b97c-9b9a8388e810,41c91cb3-59b0-4d12-87ba-ffb699177c68,1284.0,2026-05-21 18:53:46.736114+00:00
8e6ef029-768a-4dcb-bc3f-b477c432d167,63c5f12f-4696-471d-87a2-a4978db06ddd,2016.7,2026-05-24 22:08:39.773714+00:00
59641d11-725d-4a50-b4da-eddc945a2cda,f832165e-5237-4d58-a607-316c9aca9c4b,326.73,2026-05-15 23:39:07.758092+00:00
4a4c14e4-f57f-402b-ad4c-c4991e17cc58,a60dcd37-0f10-4456-a791-f40cb24defd8,570.13,2026-05-22 12:05:34.788048+00:00
b586f5e2-419c-4152-adc7-8e12c56dcd5d,bb2dd59a-93d5-48c7-98a0-a50d4cd35bf4,1304.06,2026-03-12 05:51:12.191608+00:00
a8807eac-de21-473b-afa5-57319a42d646,0629e6e0-e01c-4e75-8348-c7679265a12a,1243.02,2026-04-02 08:46:39.376452+00:00
3e2e70b4-252c-4943-be39-7cec69df0dff,dcb428b9-5de3-46c0-b20c-9366b2795439,746.55,2026-04-13 11:57:11.725889+00:00
a6ff1232-0f63-469f-89a5-6550a205fc0d,d4dcaa08-9b67-44da-9efb-8d669ba22e2b,1309.85,2026-05-10 02:56:29.549240+00:00
79db3495-fe94-4043-81f9-5e95e65ae39f,1ee7b6f6-f8fd-4ccc-aa55-c453151c6c5c,409.02,2026-05-14 22:30:25.152646+00:00
68734e0d-b769-4b17-942d-a985792f9e7e,62feb226-aec9-4617-9a63-f21c2b58f16c,6387.04,2026-04-25 23:23:10.441719+00:00
8fe7b0a0-a33b-46c5-a687-c45fd4cca362,b0430e21-1a0c-4168-bc52-0c49f0aff1dc,5450.85,2026-04-29 21:37:10.387826+00:00
0217d7c4-8ef3-46fc-88c9-871fbba0a709,ce4e466b-bef4-4f72-a2e6-fb15b7e64992,7370.81,2026-05-06 09:25:28.013791+00:00
7baa0e2d-417a-4b8f-b9ba-86cee9c2fcbf,21861ce7-6090-4682-8378-d0ec5ed9d02d,3514.22,2026-05-08 14:10:47.436552+00:00
c4195414-6a17-4332-9bb2-1a3975fc0421,38058fd6-0531-4bfa-bd80-d2c9304e1488,1869.69,2026-03-30 14:00:51.314056+00:00
ebd2d476-8eda-4857-871e-1369fb4ed6f0,381c12b1-2086-42c5-a92f-4636e26616d7,268.07,2026-04-28 19:34:51.267184+00:00
7f4d5e0f-201a-4042-8e10-964d1aa0d748,c41a3b55-690b-45e8-a896-e8a5cc2bcd0b,634.45,2026-05-09 06:37:06.827289+00:00
b75ae40e-1c6c-4a2c-9b7a-fbea4dd62107,66d1c62d-a3ea-4705-aded-3e7d75fc72ce,513.16,2026-05-10 18:47:53.873546+00:00
7a4f83ce-979c-433a-a3c2-d97180960c69,b8265f27-2350-44b4-937f-97114472ec7c,706.25,2026-05-15 23:53:49.662616+00:00
7d696967-7980-49eb-94d4-2700108b4149,6a737305-9c0f-4150-a8b6-70cdc7508edb,572.56,2026-05-17 01:46:40.925245+00:00
0f1dc546-6924-4c0c-aa95-fb2c3b487021,afcf0fee-db09-44bc-8e56-7fb928909c4e,5182.13,2026-04-11 11:10:06.539792+00:00
cd291ac5-2b1c-4cc7-9c5f-8d47b82afcf9,ad6cb000-fa60-40e5-8ecb-8b13eef7a585,2393.2,2026-04-26 17:50:50.453446+00:00
2061e36c-bca7-4c84-82df-ea8f37460289,39e0ed02-a52b-4e96-b7b0-6ac7d9df5ca6,1170.03,2026-05-01 11:23:42.388831+00:00
97d99a1b-fa25-480b-b3c6-29e90ba61d54,45f10fdf-80bf-4ce8-aafb-da9b06af4cd8,3109.61,2026-05-08 23:17:14.038576+00:00
8cc2cb98-2f14-4caa-9582-6a2db4bff33c,5939871d-5715-4293-bfc8-71874dcbd3f3,2512.38,2026-03-18 17:29:05.599615+00:00
ebb26ed4-0913-40aa-82b8-65670c9682b9,f8061d19-8e5a-43e7-ae72-b2b652a6990d,1922.69,2026-03-30 17:25:44.059044+00:00
a77b30e2-3438-42f3-98be-a1be3cea626e,916815ba-ce35-4d1a-a9e2-5c0b67d5f8e9,3569.46,2026-03-22 23:23:31.081228+00:00
00d633af-5cf6-43ea-aa62-f59f8cfe57d6,612d05a7-135d-4885-8130-c0f3eab6bcb8,1220.24,2026-03-28 05:35:06.534028+00:00
7141eb77-b51b-49ae-ac33-b95667542ab7,34196cd6-e459-49f6-b199-53fae599876e,1454.34,2026-04-17 10:46:50.778411+00:00
ceaf5815-4a55-4bc5-b283-195b196cb187,7d6437ea-09e8-422f-80c1-5fe0725f9241,2979.42,2026-05-30 23:03:39.729097+00:00
8f8c946d-e7ff-4a71-b8a3-00a1a21ab953,c9513801-af6d-42e8-8c91-1a2b0f75330d,455.49,2026-05-31 16:06:07.582165+00:00
7960094f-8efd-4a98-893f-3048b4372bc2,f4db4bc2-fc55-4ec0-a6d1-e12b293b5241,360.01,2026-05-31 18:39:08.941281+00:00
1011e289-3100-40e4-93ca-b20f57d3300e,ea86a03e-49eb-4016-becf-c2a2e871049a,572.33,2026-05-31 20:32:08.916606+00:00
6f00c069-8e11-42a6-ae7d-74b8364f15c1,8ca113dc-5568-433b-9a99-241e189fccca,467.74,2026-05-31 19:56:56.981793+00:00
b2e5bfaa-1f4e-4998-9fa9-b31387dc14ba,0baa4aa9-222b-488b-a2c4-22e5ea4df33a,315.88,2026-05-31 20:51:55.126826+00:00
c26636b3-30c7-4f32-9344-ac3a829084eb,9be8782a-0b42-4ff2-b8e5-826c68b11c91,1856.33,2026-04-07 21:29:40.166440+00:00
db0463f1-a0d1-4464-a2bb-0b244d274d17,ced606c3-236d-4d4b-a227-999841427b52,1545.94,2026-04-26 19:04:59.720449+00:00
4c7c274e-0ba1-4a9b-a299-75e1d362de26,1ff86d47-dfdf-4fe2-919f-8fc6eeb5788f,947.85,2026-05-09 14:53:44.586924+00:00
a769e998-163d-43d2-84b8-9fa023f9d6fa,a1559604-4512-42c2-96d6-00ccec078ca2,1147.65,2026-05-30 20:50:30.794319+00:00
c7deb11f-bb6a-4db2-a930-e231cb044263,0519b8f5-d7dd-4612-8b2d-0f18e93c0562,10.0,2026-03-30 05:33:25.967309+00:00
e9507f39-c88b-4789-9bb6-ec2862fd8ede,e3e63413-73f5-4785-98ec-a9e8fa8d9e8e,6098.04,2026-04-09 11:57:48.831671+00:00
4b67d594-76ab-46ec-8a80-a49235d5df79,c9ef0182-0ef0-433f-a8e1-74658b3235bd,6997.3,2026-04-11 08:41:01.966025+00:00
83754a0a-8731-42c4-9683-63c8fca5cb5a,362935cf-40c6-4a88-aa0a-4f6401e62da3,10.0,2026-05-20 12:12:36.711239+00:00
61f13aa1-b538-479b-bec9-baacc9048eb4,03a1707a-7a23-4eff-92a9-c4261932983f,5194.65,2026-05-24 13:02:29.587864+00:00
016e5f07-3e2f-41c3-9791-a31bb0b0ad18,fb1ff04f-f085-4bb9-ac29-70d2866cdeb5,3519.38,2026-03-19 20:37:10.463298+00:00
c8c1d3d8-ac2f-41d2-8916-b90d87182ee0,15dbc4f5-afb3-462e-a225-bf9dbb60b799,1778.53,2026-03-24 19:18:41.389962+00:00
e77269c0-5cc4-42b2-a419-0eb26b2c279b,0f7d31ca-2a29-47f4-98e9-2447e74a277b,3156.51,2026-04-07 11:26:56.436370+00:00
5fb245b0-224c-4c23-91ad-0bed3e714fbb,23de87c3-be3d-4ed2-b798-269051847f43,4107.29,2026-05-06 17:56:21.483430+00:00
b7645ff6-ad40-4d90-b77c-80130cd01711,92e7c04e-4c87-4783-85bb-b6055663b197,983.01,2026-05-07 05:03:50.651676+00:00
cca62ad8-4082-4441-835a-228235c55eb1,50b56ffb-eecd-4fdb-b98d-1576ccfb8c27,439.19,2026-04-20 17:33:06.460435+00:00
5a6c0962-f68d-4b40-a590-449d2399e022,4cd63341-e2ad-4da1-a799-18683881e9b9,705.03,2026-05-01 09:02:32.360064+00:00
09600812-36f8-4f56-941e-e34db55d98c4,b2ca8bbf-b779-486b-b3ec-b794412ec006,680.64,2026-05-22 09:38:01.234909+00:00
45c340e1-ec4d-4343-ad3a-9873bcfa9886,6caafbf1-0b5f-4460-98da-17b3a7d8c74e,1643.42,2026-05-01 15:12:15.175010+00:00
e9567db3-e6de-42bd-94b2-440e8e80830e,8b7c5748-6a22-46cb-9813-6d1ccc19001f,1680.19,2026-04-30 06:24:46.980305+00:00
292a589a-b1d3-4f8a-abda-191e7e64afbf,25d69a65-2cbc-4fca-a38a-8da3aa97414c,10.0,2026-05-03 18:40:52.763703+00:00
5a8a5882-4728-4e26-ad69-bca7f011b5bd,6e122fae-2693-4912-8bb9-20b5c5b0e834,3431.29,2026-05-04 15:28:14.486741+00:00
dcb5a9ab-c099-452b-bc38-16e6684e5570,79979034-1988-476f-9fc2-791a282d2663,10.0,2026-05-05 07:26:23.851954+00:00
fe3d2b23-82ef-4b9d-aad2-ba09ac9cdcb9,a673cb0d-4c69-46a9-bd3d-1a22f7e10b4e,3581.76,2026-05-23 11:57:04.258888+00:00
dde9d665-219d-4bcf-8a59-a4d742b40742,c7fb1739-6254-43a9-ac68-985325356e07,302.4,2026-05-17 13:59:05.373318+00:00
2031a24f-dcb1-4c77-a7a0-c59f96cb6bf9,5573adb4-17e1-43fe-a6f2-952ea6c16b66,448.19,2026-05-22 06:48:13.564023+00:00
0c001f24-a90e-40fc-abce-4e2864ddc7bb,01fb7593-0430-46f0-a2ad-8bf001ef19a9,527.39,2026-05-25 09:07:51.779228+00:00
e66aef25-6220-43f6-8a24-c3083a0dfd19,add16e6f-965c-43bc-8c35-d99f33f5faa0,309.98,2026-05-26 21:15:06.611062+00:00
98a4b32a-f9ca-4784-abdc-232266e0f417,37594fea-b7e5-43ba-ad1a-445c63115dca,348.68,2026-05-30 19:38:38.984453+00:00
8a3ec2ad-9199-481e-92c4-8ff1eb3328f9,e1ca2fe3-5fdd-4729-9c28-b13c2084586b,1283.91,2026-05-03 15:01:50.037336+00:00
02a5e6e6-d5ec-4ffd-970d-74f1937b84e4,f5174c79-4d74-4f14-ab3d-7a28f04c0e60,1327.77,2026-05-21 02:31:55.670170+00:00
4eecacea-abf1-4c7c-8077-15e426d9f214,22aba82e-ca17-4ac8-91a5-65b6dafb611f,862.75,2026-05-24 07:00:07.498363+00:00
bc25fb9d-4b9a-4b56-87e5-4ce5c8cb2746,d3264dd3-3f55-44d5-9dbd-c25faaa931ed,3518.25,2026-04-11 23:50:45.773194+00:00
8f2593f3-a6cd-4197-ba50-1915d5993ba7,1701f558-dbfc-4535-b51b-33875e0d4c59,818.4,2026-04-29 09:40:12.278294+00:00
5501d745-df64-45fd-bf93-c7ac72c0e710,a840fcd2-0f1f-40bd-b53f-182a61af8ff7,1496.26,2026-05-11 22:51:49.008504+00:00
8e1b1651-19a9-4894-95f8-2e804dcd7a3a,7e50c3e5-c731-4f23-a466-b8e9c4519ff8,1146.92,2026-05-20 11:51:46.328766+00:00
eac35fe4-672f-46b2-a085-1e99e7fc49fa,4717086a-2e3c-4bb1-9a8e-aa112989ca4e,2562.64,2026-05-24 09:22:24.423889+00:00
1eb06278-cf98-42f4-b9db-170be9d587c8,a8de9f43-9e48-430d-ac80-a711069d6801,351.75,2026-05-22 23:39:55.503784+00:00
fb9ce708-64e4-4392-b267-b69621f08185,c80ea5e5-2c6d-427a-ad5f-76ef338e1fd2,436.13,2026-05-25 14:47:04.204147+00:00
e934c710-07a0-49ec-b1e2-4a4dca48bac0,c37c6ece-cdd4-4ec2-80e0-2330341f54ab,3270.18,2026-05-01 11:59:11.072113+00:00
6b045a2d-1ae1-4fcf-8acd-dc797e6185ba,e98e2223-44c1-45fd-a55e-054e6e5eb9d9,1618.2,2026-05-24 21:18:12.963762+00:00
92575560-bb91-4707-ac06-011a3ba6e3a3,3fd7530b-3a35-4875-b4dc-7a0a64b2ad15,1039.13,2026-05-25 00:06:06.202649+00:00
3b82f1cc-313f-4ae5-b5ab-c6c011456218,9328b90c-d982-4b13-84f6-342ca257a0b9,348.72,2026-05-15 18:56:47.288055+00:00
4bb4b279-7cb4-4bcd-9d43-1a47192b99e4,1c88cd73-6f9a-4609-8812-43d7c22eda91,741.0,2026-05-17 18:34:00.445091+00:00
f85b27d4-1b27-4411-bdc1-b9c978f576aa,55cd5485-6dca-494e-9b1e-7e2d2690c5cf,10.0,2026-05-19 11:18:33.507616+00:00
20d8995a-55b6-4b25-b471-99412ced09df,b72b4d33-299e-4a3c-bd39-c7a87a5931aa,3878.91,2026-05-21 10:34:25.857586+00:00
4843f80e-a312-4534-a10d-4003c74a608e,906c1866-ae50-49a3-a3c6-060157da6589,3991.19,2026-05-19 00:43:14.320012+00:00
be7ff5d0-8160-4b71-b352-bc50dbbc2bae,44d08050-4cb4-4055-91cf-e1f9a133c15f,1446.99,2026-05-20 05:37:44.252018+00:00
b1750bff-1c7f-4479-b02f-37ec99d352af,78562f68-2787-4e19-8a7b-45e4e6132085,2414.66,2026-05-10 19:15:59.020505+00:00
7b3a5fb1-1cbf-45a4-8f62-1e0e33c25426,08fd0b23-0c53-48c5-a84a-eee7e42aee79,962.51,2026-03-31 01:36:46.691742+00:00
9d688348-f84f-4c95-9203-b10fb682b47b,6be90d39-9b52-4d38-9b6e-1311cca6af19,2111.11,2026-04-20 16:51:54.162839+00:00
57eca8fc-332d-4cb5-9b0b-609f4aff55f5,49f0d7f9-a459-4bb0-b040-91e9123dc097,1693.68,2026-04-23 09:41:39.872484+00:00
52d57370-7ec2-4ee5-af0d-c664aa538ca3,361ea145-1ede-4cb0-89c1-ae061fb36f36,2061.71,2026-04-28 12:26:40.717677+00:00
f22bc0f2-83e9-4530-89c9-703e0678d466,fcd0b766-b083-4143-a98b-9561bd387769,1943.32,2026-05-31 00:01:35.644633+00:00
45d998f6-e22f-40eb-aa5a-cf614093e860,a44d0328-c633-47d9-b86f-f082d63a4b9b,1878.05,2026-04-27 14:50:07.946587+00:00
144aa7ff-2b03-404b-9e4b-050ef05755e5,205e5cef-d3ff-4188-92fc-3355e35e4854,1516.63,2026-05-08 13:54:15.247320+00:00
6122a466-ae69-4cca-8fef-f5a1dcc8c5ad,45d03a0f-1587-458a-b476-dee7c12ea473,2236.74,2026-05-13 23:17:44.616092+00:00
4a699e2c-5ea6-4cb4-8177-def8126989c4,ecba2f57-5dc6-417e-be06-89b04443359f,831.6,2026-05-22 17:30:29.379226+00:00
5f8e87ac-8fdd-4aed-ae55-72e1f9815500,54560bff-e996-424e-9f58-fe2fdf62e795,1982.12,2026-04-27 07:18:34.708485+00:00
fd0585e6-7bfa-4230-9baa-d8497614f0b2,5a6c8c52-e710-433f-823a-6d3caab8fd23,3514.88,2026-05-10 00:15:47.518766+00:00
ff640039-b07f-4e13-8acc-2bd7fa15466e,d1b5bec7-d76a-407d-b3f7-ecceb654fde3,3280.24,2026-03-30 04:05:56.659390+00:00
5f8fa6f2-0c7d-41a1-a558-5346a4c67a6e,64317450-fc2e-4ebf-b948-c0f6f46e9cf9,3193.7,2026-05-25 10:04:52.002165+00:00
e017e00b-00e5-4a9b-8cef-0da02d5da742,a0961396-4628-422f-9591-ef1c5a5753cf,596.66,2026-04-13 01:50:38.161485+00:00
48ea7127-4981-4723-a80a-8f3548d7630a,84004e5a-e26a-4109-8cb9-aac697653d56,399.2,2026-04-16 22:53:20.636462+00:00
372c5cf9-0d11-4dd9-bfc7-d7ca398f3e38,f56fc77b-927c-424f-82d6-09569be391d4,5960.8,2026-05-19 19:04:52.585955+00:00
bdd8a9d4-6ccb-4e58-8f65-2f484569304f,334e9682-ee2d-44ba-8459-f3e3ae60719a,387.92,2026-05-31 20:15:31.673147+00:00
362ef271-fcd6-40c0-8062-28be688d5d9e,2af7a32c-9c1f-44fa-b7a4-2acedb3b4689,585.7,2026-05-05 05:41:47.048432+00:00
308c0e02-9c56-47e1-a841-9dde61e4891b,b7067b52-f49a-4380-ad34-508d1ed060af,4128.86,2026-05-26 07:51:45.155451+00:00
e611b4c0-bac0-4696-8d56-2706971880ba,761bc54d-f292-4409-a199-95438c022be9,2907.45,2026-05-25 16:52:47.772301+00:00
75615cf7-dc80-47fc-8da5-6d66aa40973d,e8b1beda-534c-4ef9-9c24-21c835102195,4773.01,2026-05-25 18:18:32.322040+00:00
2c5bfdbe-2d04-4f26-bba3-78ffd9693471,32f4b463-9c09-4460-97ce-e615016f785e,4950.54,2026-05-25 18:43:14.425181+00:00
937e713c-80d4-41c1-8114-2e60942d66db,bc1c0ce0-a393-4e07-9634-75d4b8f62bc3,4573.4,2026-05-26 00:40:57.370506+00:00
7634fa58-8c3b-452b-b718-83f4605962cb,41827b9c-ff1a-4507-8e0f-f73d77ac7e36,3956.61,2026-05-26 04:14:18.852804+00:00
7fdd8957-063f-4790-8adf-e2f4e1936965,14b10e6a-5e8b-4650-ab6e-2d0e2a620019,1729.5,2026-05-13 16:20:07.440451+00:00
cd8aa9b8-a42b-46dc-bd8a-43a5d7551da6,39e2ebd1-0c9a-422d-8e99-bbb4c582c6e9,2983.26,2026-05-16 18:24:43.225377+00:00
92c9feef-b5b4-470a-8a88-e9dd83273a70,2206717a-1ffc-434f-a9ed-a0504e19b51a,1147.66,2026-05-23 18:28:27.309379+00:00
168d5bf8-1aa2-49cb-bae2-6ba8efd24c0f,1ef0c625-4cd9-41bb-a4e6-7f410c73276c,1496.17,2026-05-25 04:56:46.232039+00:00
4af7cc05-9e8b-4d97-a6ad-90efef4b6258,94bcb62b-6117-4e20-aca0-916c16881fb4,458.49,2026-05-26 11:51:22.884415+00:00
0c06074c-2712-4130-ae82-839c9bce995d,21e9b2aa-2e86-4ff7-b4fc-3e450c46b760,902.19,2026-05-27 22:51:21.539466+00:00
0a367569-d490-463c-b0d7-d03b5860e80a,2a488468-3f29-4aee-9079-bacdb419797f,4952.35,2026-04-21 02:00:32.170518+00:00
c307758d-eb2e-4417-a1ef-cb4f858e68cf,38ff77d2-ef40-439e-aedf-88d8afde0c51,17.38,2026-03-13 02:20:58.823948+00:00
02cf669b-33c2-4704-8a77-9ba448c7215e,8c0a715d-5e89-40fc-89c2-15778752f8ff,5163.75,2026-03-16 05:54:12.858950+00:00
650a1763-6dae-4998-b05c-2eab8fd1de31,6e3386d7-307d-4945-afb5-9f01144c06f6,4470.53,2026-05-06 21:50:55.921828+00:00
efe7a4df-6478-483c-9ee0-14dc29d629a7,7e36197a-a698-4b3d-a82e-12c01e89f4c5,4561.03,2026-04-11 21:03:37.848950+00:00
6791c7e5-10cd-44b2-adb6-0bae2050da00,639a6124-1572-4ac2-8100-6ca3fdd28c1a,3529.89,2026-04-12 11:13:19.250946+00:00
4dfcf14f-88fc-4955-80be-6df2378da089,b0e68f44-8a59-4d35-a6aa-a0ea5753a260,2726.02,2026-04-13 09:34:54.236715+00:00
d5ef2270-186e-4a36-9310-9e1eb2cfb4e7,d35dc71f-8d65-46b5-9ef6-e516d3f4dac7,2402.27,2026-04-13 14:12:47.890597+00:00
1db00f5f-d4fd-43a7-929c-5b5e787c2f36,f05ad7ef-a4f0-4570-b0da-748fe88005b2,2782.33,2026-04-14 08:36:45.159657+00:00
3a5f1152-1408-432a-888c-f5fc6c1e61fe,0a765915-1ac9-4bd5-8fa1-584df250f428,146.06,2026-04-20 00:12:51.600546+00:00
dc2607af-1809-4760-b0e6-76877a8dfd4b,fc152cc2-350c-45aa-83ce-00c72dca1dc5,4061.26,2026-04-24 21:23:31.267140+00:00
1ff8920f-4668-4f8b-8253-7993bd7104ab,43077233-27c3-43a2-887f-74e9a09d2e38,2590.51,2026-05-13 08:51:28.817900+00:00
9b82da82-c741-44d7-9993-89fc7e21913e,ff78f322-494c-4a1f-a160-68df5914693f,1288.16,2026-04-25 13:30:31.744406+00:00
e42d229b-300b-419e-90ba-e42a03a5ae5e,7b778e39-bf9f-4659-8206-8b1575c1d3ec,1714.24,2026-05-03 22:44:48.739893+00:00
8cad78ee-96c2-407e-a381-b81213e88b75,3a25ded3-79bd-464c-accc-8d42ca616f25,1512.42,2026-05-08 05:58:46.593637+00:00
d112bae7-7316-4541-9f36-6eee00603fde,f88cd694-89b2-4a38-af99-429cc2858d21,922.07,2026-05-29 15:47:49.685156+00:00
651b56f4-35b9-47af-a149-f6aecfaab319,78768a46-e708-4480-964d-f6edd9932f64,1524.03,2026-05-04 15:33:10.038984+00:00
24a74d62-f5df-4e64-bd65-e868d31592a7,b8810d7f-5231-4080-85cd-f2e4c046c97e,10.0,2026-05-12 08:57:30.003269+00:00
427da999-5275-4e70-ba20-779d879f941a,b940b273-6055-4294-bdab-0713df6322cb,3936.03,2026-05-15 19:12:07.967035+00:00
562ecf46-d24e-4ded-8b64-f9353e7717c2,68f1ef9a-40e0-46d3-8848-d4c7aba93a0c,742.65,2026-04-27 03:23:22.864401+00:00
53e9458a-9579-455f-b8c1-3a9f81f94057,22901f01-2903-4b5e-9088-ac93760da927,1914.17,2026-05-01 04:05:41.371358+00:00
954aba45-7c5a-4c78-bd02-f3b119b51c7d,3424f9d1-e8b7-4af8-9171-ccdffb7e8b9b,1465.57,2026-05-14 01:50:34.562272+00:00
878f7c19-2387-4f77-b4ec-fe03133a1869,39fa7bfd-fe8a-46b5-a5c4-eab672775016,1817.41,2026-05-23 01:03:27.680900+00:00
0abc87c2-0efb-43b8-a090-1599cb605064,031f6360-e17a-47c1-9fc6-3c05a0ed8283,672.36,2026-05-26 16:54:13.462607+00:00
b92670d0-6267-4869-87db-f93a65163987,35fe51db-8016-49fd-a33a-45f7889c43e8,1178.64,2026-04-30 15:54:47.019364+00:00
889ac467-681c-4022-ba50-882b12eec458,673ace4b-31c8-49cd-a5f0-7abb95f3b3b1,4498.31,2026-05-01 18:55:04.726905+00:00
6c2391de-e557-4c8a-a3f7-63187ac3a0be,3199f719-29c7-40c5-b81f-39a1d4c48b71,1307.97,2026-05-22 06:16:47.606915+00:00
804a36dc-3de5-4a4c-b1be-821ccdfad835,7b40b10d-3ed5-40c8-b3d4-db89dace6cc8,3645.76,2026-05-29 06:11:19.039389+00:00
51b6a175-78ea-4c6a-bd07-ba6a91a4f87f,d1f2cdb1-81d7-460e-a182-9fd2d0c04feb,669.36,2026-04-25 00:02:53.474224+00:00
ef6903b0-732e-4a10-ba8b-5af0c9c02b46,5a04e035-cb40-407b-82ef-02e18a8291a1,1968.0,2026-05-08 13:14:16.779483+00:00
e206def5-eacf-43cb-893e-0d67cbf1f6e4,5a4e31dc-6e35-4823-bbb7-4aa0af7fc6e9,5987.12,2026-05-25 17:12:55.995280+00:00
08f55088-d198-42bc-830f-2fc073cee658,78a6e943-2b82-40b2-92ef-57406c8eb6e6,3548.74,2026-05-25 20:31:48.434151+00:00
f78c4c83-8d39-4abb-bb50-7aa0b389dd17,fd97c65e-5dcb-4ea3-b29b-72623b487d46,3724.0,2026-05-28 04:09:31.026777+00:00
a1fed71c-e56f-4ff3-889c-69569c2aab0b,fb832401-87b2-458b-bf38-a470a5982b27,4744.02,2026-05-29 17:21:11.240461+00:00
975b24fb-0457-48f6-9ebe-d2a3edccc3e3,43e0c60f-6c1c-45cd-a0c4-87cf6eae7ce4,3340.25,2026-05-03 18:36:26.649717+00:00
3cddfae3-37d5-436d-8bd0-18de61b8fbe7,231409d1-2c02-4630-9145-83a834cae9fc,3515.37,2026-05-16 16:14:20.715827+00:00
abd4598e-519b-449b-b9e2-739dae70c23a,7f0fa872-af24-4614-8ffb-82aad4664fd3,3031.93,2026-05-31 19:59:03.442579+00:00
403e061e-8e29-43a1-aa6b-4d34b5a160cb,ce0e34f2-185a-4708-81df-4841f234eee1,296.95,2026-05-31 18:37:00.083395+00:00
01b193ac-d023-41ee-9e09-213d6dbefa5a,9748ec34-2982-4e9e-9027-46c0781c9748,412.13,2026-05-21 12:49:28.139109+00:00
0d48d8d9-e7f5-4822-8bc0-39af3059443c,764ff6bd-7e7b-4d57-bd1e-d4c1e52674c4,584.79,2026-05-23 00:08:27.996437+00:00
f6fa065d-be5a-493f-b48b-2b537eb1f625,1b13c24f-dbcf-4f23-a53f-5ef84961429f,740.54,2026-05-24 00:47:22.549740+00:00
541d8ae7-8048-4526-b932-d2457b5de79c,0e45815a-f073-48d6-86c9-551e2e4eac0b,1149.24,2026-05-28 12:00:38.639142+00:00
faa07e99-1eb9-4238-9ec4-a9d2061fdc92,8678a892-1e0d-4154-8dbd-f1b44a8a3a0d,1220.74,2026-05-30 11:25:11.107380+00:00
02196193-6b14-48c4-b2ff-b23e5181a5c8,88e19fcb-d453-4359-948e-9fe66a6b8db4,1178.96,2026-05-07 08:05:52.877574+00:00
45523bfc-36ba-40fd-8226-0437eaa47607,520bfdc7-ce08-4ec8-8805-5f6bbd284213,1673.8,2026-05-13 22:17:54.018124+00:00
5da600b9-7e46-496c-b272-d6336610c7ef,0ea6b574-929b-462b-9dd9-67f697c05674,1873.25,2026-05-17 14:51:36.565442+00:00
f32761cc-f0f8-40da-9728-92a88dcef2e7,d50d0060-aec2-4efb-ae44-8f884e82d57f,1249.12,2026-05-23 01:31:36.382389+00:00
2e2aaf8a-1600-4a55-a07d-8c819b9544f6,bdfd09d1-332d-4604-8f8e-4b3d23576ea2,2929.0,2026-05-28 06:20:34.083978+00:00
1463b25d-d1a8-4d07-b684-935c5d89d85e,a8e43f7b-02c8-4c61-8dbc-f33b3a5f47ab,2276.88,2026-05-28 21:49:01.944200+00:00
5cf311a5-c6d3-47be-b84b-f65447e2aca2,bfbe9e70-68f5-4b5b-a7ad-b096fced7f48,5017.97,2026-04-28 13:01:53.474496+00:00
dd88c2f6-1dbf-4dbd-92c1-99ddd71c57d0,82ee7142-40de-476e-b7db-d9d503715623,5336.54,2026-05-06 21:34:13.365826+00:00
f2eb845a-d874-41d3-9e39-2714779b3dbb,1a9b0c3e-4f68-433b-8172-67ad190b2900,1962.25,2026-03-20 05:30:37.762724+00:00
43c417b1-2c61-4e9f-a455-c4dca5f84723,679bad6c-9d1a-49e6-8a3c-7c97b787a438,2411.24,2026-04-18 06:58:07.557027+00:00
9598162b-fccc-4491-a4ad-470134485553,30a3c9a7-991b-434b-8a40-b972e268bd26,858.06,2026-04-19 14:58:18.231157+00:00
e139c8b3-8c28-406f-8ad3-d85cc7de0a84,612f8abe-4dd3-4fad-b587-c1affa0617ba,1490.22,2026-05-28 20:45:55.055286+00:00
3971a666-1e7d-4c0c-8db3-0e30b7b8d0cd,87789fec-c73d-422e-85c7-42b38b208ece,1265.47,2026-05-10 00:26:00.171815+00:00
57e844c7-ef98-448b-af76-6e387773cecd,ad1cda00-fe4f-4240-a94d-6ee45f83ecfe,1574.65,2026-05-10 01:09:17.987612+00:00
7629cdce-a23b-4869-8655-1b2482c47d16,4bf05421-ba04-4348-bafa-2ec191ca8272,1689.53,2026-05-10 02:00:47.103173+00:00
3fff52e8-4896-480c-834b-9bef3b420cf1,5da70e6e-10f6-432d-b019-1a65e9d35d7b,1150.76,2026-05-10 06:36:49.803513+00:00
5ffac423-8a08-4814-8d75-dcb72228090a,9dc1ccd1-0030-41fe-9b9a-84b8dd3d5757,545.5,2026-05-10 16:27:34.963725+00:00
a8b4815e-9a4f-4489-8442-c0ef313d566e,afedf92b-2980-49e0-a34a-503dc2c0485c,1025.97,2026-04-20 15:13:00.291453+00:00
8976b70a-b138-4602-903b-4a154605c4b0,c356a5d5-477d-4553-ae79-8ca2837545ea,1296.09,2026-05-09 22:47:37.660250+00:00
50fac5c7-cc4d-408e-98de-0053364fb33b,93ef16e2-3dba-4966-b129-a095861ed4d0,885.13,2026-05-23 02:12:04.970004+00:00
57a04dd5-d24f-4140-8746-afed7c71e947,566eedea-7f81-4a20-bf00-dc20370f8695,671.08,2026-05-21 16:36:39.227532+00:00
68fab699-26fe-47f5-9b95-8d563d54eaa3,6926e583-036a-4330-ac5e-7cb65f8573ef,1431.13,2026-05-28 23:39:00.974436+00:00
56667b4a-0b70-4f58-92a2-95c5d3c86863,d6b49c54-9e60-4547-ad67-f1a68cb27e4a,4405.26,2026-03-23 23:14:45.041559+00:00
78cb3a98-b587-47f1-9847-1682a3e933e8,b0852443-bdba-470e-b7c9-ace96772a38b,3727.15,2026-05-30 18:41:49.870491+00:00
94c9bb76-5873-452b-b85f-53484ed39e92,cbf7ef07-ed25-4f12-9337-f1671d8bb534,655.48,2026-05-19 07:42:28.288278+00:00
1a32390b-d43d-48c5-a44a-78e152863b60,3f48f81f-1f88-4a7d-85c8-d1fdf380ede4,934.81,2026-05-19 11:08:58.201269+00:00
3861ef88-e80e-4967-8a36-3b6aad085c0b,0956ef2f-9840-40a0-9024-c862c5f4de74,362.83,2026-05-19 17:34:28.131552+00:00
8363bd3b-0844-479e-bf08-7ca05c7e01a8,9cfac371-6214-443c-8803-e4870b7ad04e,841.89,2026-04-26 09:57:59.021746+00:00
806ee48d-9ebf-4750-a11c-862c37ea16d0,657d537b-cd00-4165-baeb-0d18df3d1040,1790.19,2026-05-26 04:55:58.012824+00:00
22eb5d56-6e7c-4a5c-b861-3eae2d217451,a187240c-3713-4ad3-b420-4305ece3fe0e,3288.44,2026-04-27 06:03:35.024936+00:00
1c0d4eba-9abd-4443-bc6b-bbd51c5a0559,86f17f20-5806-4866-ab6a-da6946d571ee,1267.55,2026-04-27 17:15:06.560226+00:00
1b208969-df81-4304-b735-f8276c98d931,2c9acff1-cc8a-4536-b06b-93616dd4d2b7,2695.33,2026-05-11 03:06:19.772778+00:00
bacaa5a1-a4e8-4769-a7f3-78a6e8e2b644,09cf7103-9281-4191-9e9b-083ea58d8135,4199.38,2026-05-12 21:26:11.122929+00:00
cc2d9c74-c12d-4db4-b533-ba1fc2cdbaef,fb8c0abf-1402-4535-adfa-d366af88cd91,3478.86,2026-05-18 05:36:47.437387+00:00
c50a0b72-2744-4440-ba34-eb0fd8a29b67,5fbea0ae-0088-4c32-a802-b9ef0497e711,2869.77,2026-05-18 15:50:00.324584+00:00
e812be92-ebff-4ef5-8340-52a15cf98136,287e68a0-8f06-44a8-8c61-b7c40bac4741,961.01,2026-05-11 18:18:02.905821+00:00
8a29baf9-407f-4b2c-83b4-a5c9eb3ba9d6,460d4c12-36c8-430e-b42f-4924d58aeda9,10.0,2026-05-12 16:56:19.843131+00:00
8d3ac9eb-0e83-4b05-8915-03d7a89ba390,3f9e730b-e50f-4b1d-8338-0d7604c2e1ff,994.7,2026-05-31 15:14:29.169542+00:00
9e252fd0-da68-4161-8c3e-ae846d2f22c6,c4bf77af-721d-4f3c-ba8e-d92d5fb10547,952.3,2026-05-22 01:35:49.236018+00:00
f32dde85-4049-41cb-98bc-96648ab7bb87,e4a27636-89eb-483b-a044-cba209746e6e,1666.82,2026-05-29 10:41:25.171327+00:00
d3746ea2-8680-426f-8b7f-2175ac12d80a,9e33cbca-01aa-4ddd-a49c-03a89e129c9b,1759.08,2026-04-04 18:03:09.047185+00:00
d9e31c17-931b-41b2-b01d-14a8bede860f,4b245398-b2fa-46fe-98df-c6ada1173cb4,2496.24,2026-04-17 03:34:25.469380+00:00
c8bb890c-a1bd-4f7d-bb71-3b358ed3c6b7,5687acc5-841b-4085-a3a4-8aef97247c6f,1851.09,2026-04-25 19:22:11.617573+00:00
39e2bc39-a4b7-4e41-a12b-e0f2a0ac0e46,f985d2cc-7a81-4f10-9a2b-124930b1a47c,1414.1,2026-05-15 19:47:05.725965+00:00
eacdce30-42c1-4073-8fa7-8fed422f7178,134637bf-9e1b-4c06-9be2-4b689090c967,2919.51,2026-05-26 14:24:12.162463+00:00
bbad8f5d-1a9f-459e-9f77-19c2a0566f28,3bb5bb22-debd-4b39-b9bc-c1e7ab8b5d98,3201.32,2026-05-28 04:33:36.910391+00:00
b8cea828-c70d-4284-8053-1de1ab348197,49626e7a-78ee-4eb7-9e7e-13c4cf4dbc87,2158.52,2026-05-31 06:51:50.508522+00:00
6d8b5da1-b56a-44ab-8c7f-9026ff9a0801,8a0e95d1-a477-4689-9eb9-904d9a7d52c1,2440.26,2026-05-31 10:21:39.344964+00:00
3858f923-a360-45a1-a823-9842b8edab67,ad32cab8-c29a-4fa7-a93d-51ea9d00958e,658.78,2026-05-29 14:29:37.097954+00:00
10127b0a-c73f-48df-a5b0-8c59e6111907,3a31df4e-3e2c-4187-9417-b1300e225fef,955.04,2026-03-27 12:39:33.132694+00:00
28cb6d29-8af8-406b-9203-8e175c52ad48,73e0113d-5a19-4c58-8429-aaf460add536,746.24,2026-04-19 12:15:14.924328+00:00
95efd330-c03a-4c70-92d6-1f6c625e617b,80087dcf-7bad-4f4e-a9e9-32f2e8ec7a6a,4048.85,2026-03-26 21:54:43.434285+00:00
8319924e-ca19-47ca-9fee-a0199355e957,28b5bf0e-9232-41a5-b533-0e3c4a519f50,1774.34,2026-04-19 08:06:30.989697+00:00
bbaddb08-f78a-4343-a9b2-88dce87bb3c2,feefd658-9b50-42ee-a510-81a6e145d253,5947.91,2026-04-30 18:51:31.434606+00:00
239dd0fc-8dc5-428b-b279-7bc0927df080,a3d03cc7-ff6d-48d6-91c8-149da131d8ad,1279.74,2026-05-10 21:04:49.610477+00:00
7bab0bdf-45fb-4aea-a547-1134a13ba3bd,fa15d7aa-818e-475e-9a5a-2a9df5ef819c,387.62,2026-05-14 17:55:48.374222+00:00
d5d89397-a32c-4f44-aa12-d89a4c087551,a29127cc-75e4-4db9-a512-1f0efd898290,1456.24,2026-04-28 18:17:27.950598+00:00
a4ff1ccd-d45d-44a2-a879-f6f643ebd37c,068b7367-c3a5-4693-ab1a-5d217e8da271,1953.04,2026-05-29 09:21:58.464950+00:00
d9432c9a-217c-4fd7-a0bd-20b851e214b1,5d01218b-94a2-4258-bb57-f6e43db5a63c,1390.59,2026-05-24 10:48:22.422658+00:00
633067c4-a83b-4aa5-8c26-b5a4bb84c893,d690f768-7ce1-4de1-b6fc-2dfa78e549fd,2002.9,2026-05-25 09:21:44.844800+00:00
be71b196-769d-418d-a0e1-8c242a2483d1,c576569b-a95a-46d3-957c-ecfc166b9c41,1845.23,2026-05-27 11:30:33.052662+00:00
872a43a6-0fa1-47bd-b62a-36b541654542,f8391014-539c-49d4-a6e0-279163e5a505,612.71,2026-05-30 05:30:52.582432+00:00
36973912-cd8a-4d6c-ac47-3dba26cc8861,8d343737-1c9d-45d7-8649-ebb57821ea71,2443.12,2026-05-31 02:08:37.044915+00:00
08be2fb6-e4d7-4957-8ae9-965501aefc55,a92cd1da-709f-4f2b-8f80-def4643cf08e,2583.93,2026-05-29 02:48:45.575181+00:00
e97840d9-249a-4f05-bf7b-bfc5bdd16112,06cd3ffc-78c5-40e7-8f4c-0ef285b2c869,2738.65,2026-05-29 03:41:22.073083+00:00
dd6534f0-cbf4-4692-a200-db408e979fc1,80bfa15f-c137-401e-89c0-7da706810ebe,1464.38,2026-05-31 06:26:48.036970+00:00
899b8c0c-c90b-426f-8537-c9e33e025422,61e6d1e1-8a85-4e3c-9540-c1411452d0d3,1885.08,2026-05-29 16:49:56.008532+00:00
6daaaade-76c0-465b-a435-bb002c7879b2,ed060371-93ee-4d7f-b01a-77e4e8857d61,531.65,2026-05-29 04:39:41.374093+00:00
bd6dbbda-0dcb-4357-91a8-06670282810e,a18c5efe-6c49-4ed9-99d1-eca6423daa84,739.7,2026-05-30 04:23:50.146118+00:00
09502fab-a796-45c3-8186-8ba3f3aa67f6,6bbeca85-440f-418b-aa2d-c6e5fbfe24d1,487.75,2026-05-30 13:22:59.112405+00:00
75c37a4b-ff32-4f4d-868f-c6b741617eac,564585a5-7742-4d40-bbf0-1de93a64e1b5,690.41,2026-05-31 00:40:51.855901+00:00
39d3a183-8697-487a-a4c0-744e1aa70835,6c641f87-7582-4dbc-b3bb-854498f23428,364.3,2026-05-31 11:55:46.589631+00:00
736509b2-0d09-4297-a02e-a5f5555bfb0d,a2198fcc-d9bd-4a5e-ab72-758564fa4fdc,4826.48,2026-05-17 01:32:07.966889+00:00
f6b10b0c-4eb4-4d9e-a19d-9576d4be6b0d,8754cf46-ac97-4910-a4df-356de75ba935,365.75,2026-04-14 14:07:16.454515+00:00
ad752a57-bffc-4654-acda-697d487b6d5e,d0a34fde-1a2c-4579-9ea9-b911e59bb5ba,69.42,2026-04-23 22:56:27.938218+00:00
19118b9d-0cfd-4a8e-b2c3-27679f8ab7ec,13ea51a8-db4b-45de-83e6-3232e07d5848,207.94,2026-05-01 14:55:32.366720+00:00
c9968a7e-4fa8-4cf0-bcf8-c3051af294a5,b5382b29-9858-4461-907c-c45c3f7a8956,303.67,2026-05-06 15:51:47.887469+00:00
9d43f00c-ebe7-4d4a-9f09-acf4f0aaefed,1757a938-22a2-425c-9398-fff4e74f4da5,62.71,2026-05-11 20:26:40.062906+00:00
80445a9c-570e-42ad-970c-2902584bf442,ab9d3e78-bffd-4c94-95ef-131e1658b707,474.98,2026-05-26 18:08:07.599540+00:00
9b33d69f-8235-4f34-be00-d9cc0038a632,690937ff-bbdd-4431-bfc2-4f31b89da469,494.26,2026-05-26 21:11:47.086799+00:00
5795696d-aeb6-4c1e-b7fd-1d2b13d2aa5b,54691ab2-b448-436f-90c9-4a7320c315fa,245.91,2026-05-28 06:28:46.219031+00:00
16278ddb-a71d-40b2-9417-457f843f81e1,b59021ca-beb4-4307-a84d-d1fa1675d464,550.89,2026-05-28 10:00:06.589221+00:00
722947e6-becd-40c3-86ae-aa61572dfbc5,9993f996-a4dd-44a4-b962-746b4c0b6995,321.81,2026-05-29 12:00:14.367306+00:00
44d5c46b-8fcc-4120-8635-c0d6ed9fd2a6,6aa73972-9d3b-45f8-af00-872d4c20f07a,839.37,2026-05-24 16:20:01.056875+00:00
5d633b3a-3e89-4967-9426-376a514caf5c,e0af4cc2-3fd2-4f2e-bfda-255dd80c8d71,897.03,2026-05-26 17:09:49.815111+00:00
2e0d6bbb-d25d-44bd-9fd5-2918685cdbbe,70baf115-b81d-45b3-8ffc-09878a0b3c92,518.93,2026-05-27 16:13:09.252876+00:00
e4508212-bfda-4d69-b4ff-30554e55d23e,8c712449-c2cc-4182-87ed-9a81aa9659ac,89.98,2026-04-18 15:55:29.932883+00:00
335ebfdc-473d-4f6b-9d86-e5917aa4962d,d5e63430-159a-4700-9a57-9d20f4c8ce14,1406.11,2026-05-19 08:27:32.486490+00:00
4a4a0ef6-3f68-4d95-bf91-f5dcd4a8f942,75b48074-f8e7-441b-a4b1-7fe991edbdf6,828.48,2026-05-17 21:18:53.043589+00:00
ba1758a0-82ee-465b-9a9d-7aa106db3272,2e64ecda-4a0f-4771-9b98-fbed8223df64,797.84,2026-05-21 22:25:53.691763+00:00
6db076be-1f22-4fe0-b651-fe6715eac009,442a5cf7-9bfd-44fd-95d4-f9ee9f7b8eeb,960.62,2026-05-23 21:21:12.706294+00:00
243aca49-69a0-4e8b-bc9c-97cd60c8ba6b,dc8406e6-a7db-472e-b5d2-a659a5662758,800.16,2026-05-26 10:26:00.926123+00:00
484037e0-de00-43ca-852d-9964af952316,aac1bf67-5d03-496d-8d7b-0ec22e2f8f35,516.0,2026-05-27 21:56:54.906088+00:00
b6ff64f0-d429-4c75-9578-b8f52b9df1c7,04a9a9be-0139-48d6-a747-fa823e29d057,90.42,2026-05-09 07:34:46.960927+00:00
a1385fc1-1ee4-4fca-b3a1-e6b3eb28c17c,4c5569dc-8369-40bf-94ae-4f42c177a8b0,1294.78,2026-05-28 00:08:29.343992+00:00
cf7467d3-32d9-4bdf-8d83-9c632f10ab64,c4c64bd4-93d1-45aa-b36c-e17aa3f9e069,2794.12,2026-04-23 20:21:32.072345+00:00
cfcb865e-2860-4829-8a68-430849dee504,d2cfe1c7-1623-4993-907a-8ac7bf06fda2,2221.21,2026-04-30 13:31:33.409533+00:00
b9611ebf-81a7-4807-a777-4f91c59d3b09,2669bb32-8510-432d-8f6b-e38552bd8963,1978.63,2026-04-30 15:27:16.564989+00:00
5c500091-24f9-419f-bd89-269cedcf52bb,66413e56-4e7e-4abc-a77c-330e85619202,2294.38,2026-05-06 01:26:59.918538+00:00
8feb8401-788c-4293-9c5f-aa34bc4554a3,28034a82-5afe-4b3d-9c70-ad0ae4f2f98b,3191.88,2026-05-31 18:05:18.013559+00:00
0fdecb33-c7f2-4990-9e3d-4af34d1bee55,1e42e53f-6278-45c5-825e-5d398c16fb6f,3580.24,2026-05-24 15:47:41.231244+00:00
6302a80a-ccc0-4dd0-8a35-c095aabde7a0,129be4aa-c8c2-4761-b0c0-f9a870482928,1362.01,2026-05-24 16:37:11.604444+00:00
0c1c8f62-eeca-4b0a-8cf0-7763529c9b5a,d46c48fa-e47b-401f-be6e-c3cb5b7b04f3,3190.72,2026-05-30 07:02:50.908613+00:00
82664834-1a50-4222-aacd-70ab3a45a4e9,bea463bc-f14b-49c7-8d75-99137b24add4,1360.52,2026-05-31 04:31:18.477382+00:00
7eb74260-c509-4624-860a-1360f0a4c29b,be3c7fc4-d414-4554-aa9a-785257084cf4,4277.4,2026-05-31 17:26:18.336335+00:00
026e3cbf-dd72-423f-bd50-48e9be665c98,1b10fd14-b127-4158-99b7-29da62d20842,5194.72,2026-05-19 03:39:58.391142+00:00
0b25f960-576e-441a-a570-09536bebfcf8,cc867e2b-a2d8-4d94-b37a-af42d0a4934b,10.0,2026-05-27 19:37:17.521486+00:00
320d2359-8f88-46df-9625-93a840d595e1,1f312782-e1c3-447a-85dc-cc3a5e90602e,1702.2,2026-05-30 22:59:23.304503+00:00
5940f79e-cef3-4c80-98dd-658b20d1d328,b5f411d0-7738-4ce3-854c-799e18f26006,455.5,2026-05-21 20:52:02.214074+00:00
8023da2d-6c91-4314-955a-49bc4a0cf577,77cda349-9a22-4395-a9c5-3c62d1afd442,959.86,2026-05-22 18:21:15.548138+00:00
c9c456b8-3cee-40e4-a691-ea7c103b6050,a0508006-1919-4561-a0f0-bded8f91b00d,703.15,2026-05-23 10:49:21.111518+00:00
59151de1-154c-421a-9ea6-893a3e485c79,55e7ef9a-2a56-44f2-8c82-a2773db2fc12,200.64,2026-05-28 02:04:50.038938+00:00
52f13266-aef2-4521-a721-b8e11bc6c7f2,2bf1f487-2992-4b74-86d5-a26fe301915d,765.85,2026-05-28 18:20:29.514889+00:00
e617aa9d-d967-4d7f-8eef-93a185508bdc,da5918c6-ada8-41b7-8559-9993028ab32c,4415.57,2026-05-26 16:48:34.950424+00:00
8f974be3-67f5-4042-afee-b8db90a8d408,50eb05f6-97b7-43a0-b1bc-265c26890b86,2693.7,2026-04-15 18:11:47.000709+00:00
732965a5-8e46-4c68-88e8-6048135b741b,1ef71d09-8140-48af-aaac-5250dcb1c91e,10.0,2026-04-20 18:53:16.485956+00:00
4003927a-0557-4669-a6b8-8c8d32018446,0ad09bf1-ca2b-4ab5-b2b6-af70d504f51f,6810.0,2026-05-11 17:33:12.940140+00:00
238a2ed8-c047-4e4e-a763-e01c2f3133aa,4a482b34-8540-41b8-ba4f-fcf96153fa2f,3154.11,2026-05-23 03:30:52.511678+00:00
ba5d05d4-e5cc-4740-a61b-eeff6a89cc38,843a73c0-def4-48dc-93c6-49fa9d96a60b,10.0,2026-05-28 21:58:08.890277+00:00
706c18b2-8354-4e37-af2e-0e8a98e74a8c,183395a8-dac8-4be4-9291-77c07261d716,1976.61,2026-05-25 15:03:41.780937+00:00
4f0aa963-ee00-4d10-8e5a-05c21a9b1397,e176b7c0-28e0-4038-b86f-c1c3d977ab9d,69.82,2026-05-28 02:12:42.912461+00:00
ecc67bd3-9897-40c3-8af2-b0552913019f,7a2217fa-bbfb-4a5c-a674-2bb75251bc0c,1203.71,2026-05-26 12:00:47.566955+00:00
1636c194-4dc3-4368-9ff8-45064886aaa0,1c692fb5-3486-4f93-a992-78e712ea92e5,1750.19,2026-05-12 07:44:02.886377+00:00
fd4b8911-3a38-4fe5-baeb-a510dd7f322a,081d8797-65b7-476e-aaae-1458aab9ba3c,79.77,2026-05-14 22:19:33.019426+00:00
ed1f7961-d640-4412-8c2e-fe5babad1583,41441897-c279-4a25-9853-ea119dac86f0,648.68,2026-05-15 04:29:36.541777+00:00
0df7fb1a-069a-486b-a040-9b0842e22b9e,85ba15bf-3a20-4d5e-9105-a69316538b9f,4336.65,2026-05-11 22:21:00.447076+00:00
9ce55ee2-5a43-46b7-96b6-fa994f3ea0ab,9e0a4854-c449-4c1a-9ce8-2f611f9b9291,734.18,2026-05-26 19:11:17.379135+00:00
511d0e64-f05f-448e-8b81-90616bf3966f,d87ca499-7536-496f-8224-f102ace4415b,617.93,2026-03-13 01:14:24.727771+00:00
53d000ee-157f-4cb7-84e0-f793dc9da667,c49b488e-2533-46fc-bfa1-4d6249f79581,7442.22,2026-05-04 23:33:26.190125+00:00
bc81b6b4-e2bf-427f-8e05-b63804db92a8,eec91f68-036f-408b-8029-3723cdf6f0ad,2452.82,2026-04-30 06:47:16.040949+00:00
fc22e069-496b-42a5-95f9-2e2f88eddf74,219ac8f0-bab6-45be-b508-e8e8093c9cc9,1162.36,2026-05-09 01:11:22.345270+00:00
a2b3c1b7-605e-4fb6-8ff8-ce9e7367f8a3,36c559f1-5b61-410b-90e3-b75c814e60fd,903.37,2026-05-23 19:40:16.977611+00:00
776c961e-347c-47bd-b5ee-8b92762de1a5,5a91ef51-4349-43ab-95cd-e046d8893bb0,694.91,2026-05-07 08:48:22.588889+00:00
5ed0d2aa-d7a0-4af2-82d5-d2e4cbbf7a31,38f5973e-1989-4c4c-ae1f-597ac27d82e2,10.0,2026-05-07 17:46:55.633558+00:00
9029a98e-4d7b-4139-ba59-1a0ad14ac6a8,32699ef7-8ede-4ee0-a455-f1b9b848e1e2,2304.37,2026-05-06 00:21:58.755530+00:00
95306274-3f1a-44f9-a636-19e8dcb2fa15,4970f5f6-6f13-4119-9786-29c1574fed25,2248.16,2026-05-21 10:19:24.145118+00:00
d3f2805f-9415-48a0-90f7-6838e47ec194,99e4d13d-ed01-4f38-be21-58e0548e5c38,358.81,2026-05-30 06:55:59.484132+00:00
4009b26e-7695-461c-9879-4abfe6d18809,25602dc8-7ecc-42dc-9a6f-db9a19d58110,878.21,2026-05-20 13:17:56.923516+00:00
e14bf101-dfc7-4061-82f9-c2402618c8d3,0a455e3a-3220-45f9-aec0-ce7fabda21cb,1257.66,2026-04-17 14:53:22.106221+00:00
7af345a2-4cc3-49b5-afc6-993da3f17a90,b7dcd281-e82d-45ca-b085-4bf832bc3678,1351.83,2026-05-08 15:48:45.985319+00:00
71b17ea0-c5ab-4eba-a4a0-d4677266fac3,2feb3f8d-5556-4045-b206-ad1cad6594fa,2437.68,2026-05-13 09:26:05.292930+00:00
6c74a4ac-5f2e-48bc-ad06-3564f28245ce,11693124-8e61-47df-b0a2-ecbdb23bde5d,4335.41,2026-04-21 16:18:28.235732+00:00
16ae40ef-25be-47c6-8632-9c9a7ef1833b,941ab6e3-d63c-4cf8-8495-b0abcf618535,3498.97,2026-05-28 14:53:11.717428+00:00
c6323db9-f346-4d03-bb9f-bea9d8641eb6,389670ad-8a56-4165-970b-1c336d43bda1,171.11,2026-03-14 04:08:45.862430+00:00
a920865a-e544-45cc-8f20-154eaf5dce41,9cb761e3-7ccd-4b11-a9f1-e3b84471c742,218.36,2026-03-14 11:31:58.940506+00:00
d5878f0f-efd4-4f78-b884-139277b53785,cb1f9b0b-2633-4a10-9c97-ab1ec7f05d79,270.27,2026-03-20 13:42:03.483454+00:00
61dc4d53-27b6-42b7-881a-f350c0448ef2,342cd3cc-7382-4092-9b67-b6cb760ccf87,1784.91,2026-04-25 23:18:55.658744+00:00
f652de77-3d04-4892-b4c4-65237fdd7a6f,462d0f02-f238-43be-b105-7c71502765f5,1090.2,2026-05-07 11:21:23.290136+00:00
3fe62cc8-9365-4d8d-a675-066553e27c23,5bcf3bda-edbc-44f5-8457-a916d5311c51,1104.63,2026-05-15 09:41:30.756056+00:00
3a338d6e-6423-49e0-8f9b-21e715c010ec,a69cf930-db2a-44fe-8f37-effe73088845,163.47,2026-05-01 03:48:42.177958+00:00
7d49a445-ed73-47c5-b222-919241262713,699ccb83-1e54-457a-af4c-96ab2dd5e299,188.48,2026-05-20 20:38:22.611546+00:00
095a0488-ec1c-4990-9444-7c54964a6f89,78e1ea59-4364-4c8c-a867-2d7e9d884c63,968.58,2026-05-19 08:10:26.974606+00:00
a7b467a2-9a2d-439b-9c86-d9460ddb868b,9f4f6169-3ecd-49ad-adea-dfb000f3e6b8,1055.69,2026-05-22 09:34:10.447292+00:00
a4e1a1b0-8911-4aea-a8fd-b0b1bf42fdf4,179da1ef-07aa-4f10-839d-da2060d5be0c,2056.14,2026-05-25 09:22:12.897401+00:00
68cf39eb-1cb2-40e2-85b0-1aabaef07977,547543a9-7d8f-49d9-80a0-cfe6fc8cb9b9,341.86,2026-03-30 16:12:17.523541+00:00
a74702b1-8dbb-488a-959f-5b8d6bf41a90,a9938e1a-5545-42d7-ac8e-d25890038adc,363.8,2026-04-22 13:36:40.476223+00:00
281ca724-273e-4e64-92b0-ade9c0aa3c14,bc1e2fd8-8f62-4abd-9f57-2adbe105c48e,468.69,2026-04-24 04:42:49.739799+00:00
fd5ca309-85bd-4994-b5e0-c7f08b91d2cb,72c9d701-7a22-4678-a487-550d828b3a85,269.76,2026-05-07 09:56:33.004245+00:00
564d7aa2-6c00-4389-aa33-1e451fca5647,e34f5c5f-d470-4c23-bca6-8e324be9759e,103.34,2026-05-11 22:21:41.103039+00:00
b32d8af0-742e-4180-93d0-48c18aa14fab,012c3707-1569-41a1-af0f-352668c7c68d,1716.87,2026-04-23 06:11:22.741858+00:00
c58a04ec-4eab-479e-8be3-c6901350d7d0,f82cd510-c823-4964-9d99-3b231431e601,2715.02,2026-04-24 10:13:27.830446+00:00
f25aa1fc-5b22-4a74-9cfb-0616fc602dac,4fcb0d36-f822-4994-b3fb-4249e3fd4396,2293.25,2026-05-08 18:17:56.969064+00:00
0f4ff2c5-891e-4130-abce-99aeca0935a1,24f99b42-1455-4bd3-8c48-33435b859faf,2313.2,2026-05-11 22:56:39.997986+00:00
b999f196-1507-494d-a16d-698bfd13c818,9fb7f28a-74c8-42e5-9cb8-ba2d8f916c8c,1775.9,2026-05-13 19:37:24.113742+00:00
50c1b9bf-c3ca-45dd-b5db-a8cc9bd3a822,502df0e4-b4db-441e-8529-1c49ef2cc977,3998.43,2026-05-03 01:17:56.562243+00:00
e8997c1f-162d-4d75-8f42-79f2d885af33,173ce847-f134-4739-9390-de2cb7836210,1624.76,2026-05-13 22:35:49.991721+00:00
8c654525-a035-4f06-856b-bbf302dce58b,01b66db8-8e6e-4e08-9841-e288b00ece98,3506.59,2026-05-16 05:48:24.626693+00:00
be296ec5-2852-4d41-a9c2-951b9d4d0aad,5192db21-7fa4-4273-8f0c-6833590a7277,3938.93,2026-05-17 18:29:48.318914+00:00
502037c3-61fe-46b0-921b-d8e3a6c877aa,66042045-b22c-404a-afea-115ee47f0185,3552.65,2026-05-17 22:19:18.727621+00:00
f2a6ef64-a4dd-48bc-bd48-08a387b323ef,377e77b0-22fd-4eb5-87d1-92ee500cc28d,1239.66,2026-04-30 01:16:33.900565+00:00
e361a23f-6217-4932-9dde-58e6888f7602,b3a2dd90-9e00-47ad-b424-057716712c49,1407.55,2026-05-27 22:25:18.689595+00:00
7d490456-cdc6-458a-8999-69dcc7f2bd77,6e4ab6cf-6944-4e6c-b699-e4b8b0f22107,10.0,2026-05-29 03:58:45.039604+00:00
ac90bc31-97a7-4365-8008-b4af98898882,ece5f433-1485-4a8e-8353-ba7a3d04d591,2530.71,2026-05-29 15:57:47.218301+00:00
4a89dcf4-8dc1-4dc4-bf5f-cf9df1d4c9da,ab29567a-aa3a-4d44-b02a-2829743ef362,554.03,2026-04-22 14:01:54.712374+00:00
b99743fa-7f12-4248-a2d8-44647b6943c8,200c6a28-59c6-4f51-a67b-6b32f89c2753,665.82,2026-05-02 14:18:38.665107+00:00
178c3781-45a6-4b1d-839b-a177af98b23f,24dd4697-d953-4830-9d60-6665f3bd407e,2149.43,2026-04-22 08:12:51.780921+00:00
322f5cee-911c-4bb9-94de-c4488f7e2f44,f6b7aa91-88d6-4669-95b9-5fdc714f3c73,3499.18,2026-05-05 23:31:32.168723+00:00
87705825-e131-408e-bbe7-9d710b321abf,3f48d505-1517-4a98-9fc6-05d6be0d65da,2205.17,2026-05-17 04:58:42.779017+00:00
a49bf196-c815-423f-a7f0-ac6ac18d7d96,bc8d80e4-0dfb-4434-8a27-a5ee64c76216,3004.16,2026-05-21 08:23:55.210041+00:00
46082364-1c68-4f39-845f-cb1092b04b68,ce2626fc-d494-4843-be8f-1017e52d9994,3405.31,2026-05-31 18:53:42.186573+00:00
b9aa8669-a9f9-43cc-b1b7-e7e6b3b17967,1f9ba1fe-6be2-4e58-9910-2f9c26b55883,3029.31,2026-05-31 20:15:39.550547+00:00
f9fa4d60-17a7-4367-9701-8ec0f3bdfc9a,c9c41e0d-d718-47e5-9635-9e6061314d2a,2912.02,2026-06-01 00:50:13.290176+00:00
867e27dc-3f37-47d1-93eb-f07a76e1e561,d1bdb35d-b7aa-42bc-8c57-2dd917b59e22,2819.69,2026-05-09 02:41:00.393422+00:00
0fa4b991-cc34-4c61-9aa9-5c86de4dfc47,d5e468cd-9382-4864-8e27-59d3442327a3,940.93,2026-05-19 13:51:45.013294+00:00
03d2dcdb-7e27-4ea8-9341-dde3892253f6,3343f748-a25a-44e7-adee-145b3e6e7f3f,1234.88,2026-05-24 16:05:39.759901+00:00
25e7b435-5e15-4271-b92e-38ad937ecce2,a085a960-2c30-4072-a5c4-d886bd14f70e,989.1,2026-05-26 22:53:59.323552+00:00
a7881523-d133-4f71-ba7b-830fc71cfaed,3bfb9d28-5222-47dd-83c2-d4bbe43c53cd,1270.17,2026-03-31 05:22:19.564813+00:00
59475329-644c-43a8-87ec-0ab3c7881371,18e71388-a27b-4000-8be2-59decd6c7df2,1348.58,2026-04-03 14:51:21.697693+00:00
5dc633aa-c32c-43cb-9032-72c49438e08d,f4eaf257-79c6-490d-a304-c45af59f6ca0,659.99,2026-05-10 00:32:50.310664+00:00
b871b9dd-2d5f-495d-9037-83f5d68df8b2,18d5d479-79c1-4eb0-8f05-8737529164f2,4187.47,2026-04-28 04:10:13.490160+00:00
aacf45ef-f402-4e89-afeb-124e99272bdb,778ee74c-a8c2-4817-9c22-1c688930cb5e,2520.34,2026-05-06 17:10:25.989598+00:00
9e51c663-293b-4196-b2db-b3c6d49c6892,a7139b47-aa32-432d-9fd4-3ae75811415b,3865.44,2026-05-17 22:15:17.751218+00:00
294635e7-f856-4e70-b172-0395f8f12477,f40b10f9-64da-4503-a141-89e453c1ca0a,4454.31,2026-05-20 23:26:39.190007+00:00
19286bf1-805a-4fcc-89b7-70b9a7109c09,4cb1d318-b604-4cbd-bfe3-b1ce6a2d3555,6664.43,2026-05-23 06:29:51.019975+00:00
5f52e177-117a-4a97-b950-9c458409f8c4,1b7ab1f2-c2e5-4a67-a49a-36e800547ab3,2594.74,2026-05-23 12:11:58.547136+00:00
c6baed5a-f074-4edb-ad84-de80effbc76f,29bed06d-a56a-4896-951f-d7a32198cc50,2635.31,2026-03-29 22:52:12.884578+00:00
290366cc-f27b-4d61-bb82-91a20be02e51,3b854a4e-64d6-467c-949b-77d881420f22,3452.86,2026-05-12 22:00:19.638167+00:00
10995d6e-6900-44a5-bd97-0f0513ee733a,c394387e-0002-4c2e-984f-3e0cc1d4db94,2608.37,2026-05-20 13:14:32.931788+00:00
464fcad5-2515-4159-9c71-ad168be76329,3ee87fc5-af3d-4cac-81f7-7f26259d66fb,4152.51,2026-05-24 07:21:04.729651+00:00
ea1b2e60-0f7d-41a8-8792-056b69e8960c,b5e494a8-c6e7-42f2-b7cb-b3e0ce43d7bf,1083.11,2026-05-28 10:55:22.599301+00:00
a9a3e330-eacf-46b3-ab94-b72ce5206e3d,8efc3ea9-1a56-4eac-843b-6de0dcec4972,3192.53,2026-04-02 03:44:36.356236+00:00
c322c115-f44a-4b15-997f-368dd3d757cf,9cb18d5c-036b-45dd-84f4-1553420f25b7,3517.18,2026-05-10 17:42:58.429165+00:00
5781e5ec-7278-4d1c-ba4d-102fc0d474bf,48299681-0854-46ec-9028-9ab3bf9aab26,2622.95,2026-05-18 18:49:01.191474+00:00
ca619ae8-1f6f-4bb1-bde3-0c8462fb656b,5f4b1391-60ac-4857-9df2-cf20d21e09ca,3537.13,2026-05-27 02:47:49.976183+00:00
29a481dd-0950-4352-9376-cd4ae733d33c,7f73362b-fea4-4348-b957-c3cc75b6b27e,1976.18,2026-05-06 05:55:18.504406+00:00
df597b51-cc79-42b4-8afb-5d171b21f3b0,4b746d1e-b57e-4cf3-ad2b-55ef4eedef00,2938.43,2026-05-06 06:09:42.083253+00:00
3fc8eb8e-04c1-438f-902b-2267d0f18025,339c57b8-c62e-4058-8292-3090d14ae4cb,2667.6,2026-05-09 03:32:12.136432+00:00
48296220-982d-4d5c-9091-babb318e94b6,db9fc1fd-fc2d-4eee-b8ca-da1f77844791,5675.15,2026-05-11 00:00:16.550622+00:00
e5aab2b5-58c2-437b-b856-92dacf5d8646,71fb15ba-f93e-44a6-825e-89fe1769aeb1,2804.77,2026-04-24 23:59:22.282926+00:00
a5d03e14-8f25-439d-9cdf-1bcb00f0093a,110dc9ec-ffe5-4bd7-9702-94cf723a8a80,1093.96,2026-04-25 23:09:37.026611+00:00
658e1822-57cd-459b-9b68-65f5ee0d97e2,b55bc147-f4f9-421a-81c3-7ae8f4320535,4727.84,2026-04-29 12:30:16.671263+00:00
0590be82-f6c3-4125-a1ca-b248ae889b30,7702c5ef-0d26-48b7-8c60-9fee87d34bc7,3418.38,2026-05-23 20:45:13.037385+00:00
83a54844-52f7-4bee-8992-4e0b732041fa,c2ffaef4-8277-4f4c-8b15-5e800b8264c7,2777.98,2026-03-22 03:56:14.861125+00:00
a40316cc-327f-4f92-a316-f5688cef389b,65994ab7-137d-465e-b890-267c2d6ba8f1,2271.53,2026-04-02 21:24:18.022203+00:00
fe4b0afc-7211-4087-8980-af2f670ace55,88ae4f5a-9494-4e79-9794-cf715d96e748,2707.63,2026-04-29 08:52:37.131699+00:00
867650b1-572f-47dc-9d69-3f8b230ddfe5,3553ff0a-6f0a-4c5d-bafc-9c505b159766,1297.25,2026-05-16 09:47:34.261331+00:00
57648ee2-b823-4eb9-94c6-c6715ea053f6,99606271-3f48-4530-a54f-be9307290e0e,528.37,2026-05-17 07:15:15.176145+00:00
ae471f8e-a75e-43bc-b630-390be77c4a79,7d193308-a50b-416c-9134-664242e61fd2,1295.35,2026-05-17 08:25:04.271388+00:00
a54b68e8-9f17-4d65-b13a-8cadfd02efab,fe1e4a26-9b99-4aaa-9893-cef37665973a,2884.09,2026-04-03 22:47:47.398142+00:00
fbe7dd84-db9a-44cd-a644-b690a40bf194,6ddca40d-444d-4030-b1d5-9d454d79523a,3844.62,2026-04-13 05:14:58.586880+00:00
b70c26d4-241a-45e0-94d1-0c9572231884,4ac3591c-9237-4386-8096-858af1334d0d,214.98,2026-04-19 13:57:35.441315+00:00
67002dfe-bb61-43ab-b07d-e94166e0acfb,b0e001ec-544d-4ab3-8abb-e372180753fc,254.98,2026-05-10 03:13:24.565984+00:00
f4ae3492-0dd4-4170-9393-11e014ab3d85,1b0de241-e158-4d78-a32d-a83b17550cbf,76.02,2026-05-28 13:14:25.803036+00:00
4b3b8a07-94d6-4af1-b1f2-341d19a79712,3edff4c3-a026-4ecf-afc1-14a9d537cbbc,1928.16,2026-05-06 14:40:53.712836+00:00
3cf9152b-8cd9-4ec7-a37c-67b8a1bd5161,67099cb9-c827-481c-ad80-c3d7b5630e0b,840.78,2026-05-22 15:47:33.605081+00:00
0656afdb-626f-4afb-bab2-537b051aecaf,fa429618-d684-42d9-985f-2dd78c99ec97,4546.75,2026-05-27 00:48:27.064345+00:00
735d4f2f-cb96-4899-aa1a-085cbca84252,ec7b313d-9eb7-442f-a90d-e7051be5958d,2846.07,2026-05-28 04:22:51.344180+00:00
2befcaa7-a55e-4609-a979-48217f376ca6,10ac9c78-d7f7-401f-ad98-7e06a837d576,2211.97,2026-05-12 14:44:34.940969+00:00
7904691d-67e7-4c77-bd1f-72b4646b5d56,52b94fb8-4481-4807-9e4c-2743429d5731,1392.16,2026-05-22 07:54:49.033143+00:00
024f935c-fcb1-4fa2-b4c7-43b5b5207538,255dc014-1889-466f-9d6c-97b9c09dae19,3606.06,2026-04-08 06:34:48.785100+00:00
a3040ffb-8c89-4d11-ab0c-581d8b99da5f,937282ec-a77f-4d02-925c-8c9df27c975a,2748.06,2026-05-31 04:15:56.320133+00:00
869eb1d3-3869-4aa5-a910-cf6658435a54,dbc3f14c-6e36-4808-b32f-b78fba5b9598,2295.22,2026-05-31 04:05:05.187709+00:00
bde9c910-3b8f-49df-9591-a641647124c8,34669958-f784-4540-9fd4-e8542082a1c1,3546.39,2026-05-31 12:23:31.017361+00:00
cbef0b07-60bf-42bf-a109-a591fa620450,9fea62ca-a793-4208-92b9-792f9364250f,1959.13,2026-05-30 18:22:52.148538+00:00
6bf79537-5335-4417-8f63-b5f7243c0771,698d2eb5-1910-40ad-bc72-584a05dcd04f,2832.96,2026-04-02 07:07:24.715165+00:00
90eafdd2-f1bf-4953-b206-00d14613bed9,901c682a-abbc-4177-abc1-1842e86306c8,1853.17,2026-04-28 09:32:32.074383+00:00
23e02a9c-f009-4ffe-8343-805f6929feca,01b8ddf5-c509-4abf-a591-fa3edb7f3d6e,1595.63,2026-05-03 01:28:15.745014+00:00
535e1f88-01c4-48a9-b20d-0cb7e2152d2c,7ae61e01-e526-4338-bb48-952468e88af0,1384.37,2026-04-14 08:19:46.545878+00:00
1f0318d8-ff7b-41af-885d-f7dd25ff9209,f09c574f-eef2-4dd5-bfd7-2e8706e4f8ca,1474.65,2026-04-25 06:06:14.121905+00:00
67545f23-e186-44fc-b0fa-c471452a89ec,9c04cb20-d4a0-4c88-8999-2f10788288b6,3818.06,2026-04-21 03:31:38.062776+00:00
fa5a97d1-6efc-478d-8ec1-bf1da0f41657,49a92a81-ef4f-40f5-aa81-d842c088e201,3269.41,2026-05-07 06:55:31.071230+00:00
9e168c22-172d-4d38-b17f-90aefd0c7777,96aff0d1-b38c-4156-8f1f-1dc91bd828f2,2242.2,2026-05-08 12:56:44.319915+00:00
fd06368b-1653-48cf-99d6-a5783c5a5cf3,d461516e-b9c2-44ee-aab9-19c9a55a5d3b,10.0,2026-05-24 16:21:04.158324+00:00
ac68e772-2f54-483f-9675-b8fcce4c37f2,d63673fa-b8cb-4a8c-a3c0-be0330008a1a,1409.44,2026-05-27 00:22:13.912311+00:00
bc2bf7ef-e44b-432e-811e-c25b19753ed3,0808492e-3f96-43e5-bd9f-5bdb3fa5dd54,45.71,2026-05-29 05:22:09.013564+00:00
8e872999-6299-4355-a8f3-3926f98e1495,caf053cd-b5db-4747-97bd-91506c557ce7,367.62,2026-03-29 18:18:44.369249+00:00
18df5080-a70d-47f8-833e-aa6172655a57,e70855c2-ebca-4c78-a9d5-ff85f28c2bfe,282.67,2026-05-02 01:52:26.062558+00:00
a80ea8c1-efa4-4ead-8367-5d69171ac72a,33452c16-19fc-4610-abc7-9d57e65f3e88,422.68,2026-05-30 22:04:15.769623+00:00
6bad3ea0-8aef-45b0-afae-41df1e7f1f5d,d8c16329-d651-4891-bcdf-cbabda67d6ef,8652.01,2026-03-26 07:25:23.391721+00:00
0b53d865-6333-4c98-90b6-ba38baf7e76a,97f9f0de-a539-4d93-a2fc-b7eb64dc4c92,254.09,2026-04-09 14:34:38.253304+00:00
65a48474-9230-4103-bca9-62d39ee7eb80,eab6c202-85f3-45c9-8993-af0308189f5a,3711.93,2026-05-12 19:04:44.793004+00:00
7343d37d-f907-4726-9427-585e9147869c,6fb65ca0-2812-49c1-9c00-a32b844f3e7a,10.0,2026-05-22 04:20:41.207895+00:00
08bea66a-e5ca-4739-a2ea-8a24293ab712,aedc6e94-921f-4742-9daf-9bebb86d522f,336.25,2026-04-17 15:33:27.993040+00:00
c0ee4d7d-6da4-485d-88cb-3ede167f3875,6e45ab81-06da-4f7e-a4ec-b8947083311a,600.13,2026-05-02 10:30:32.636141+00:00
12709352-9579-4200-bbb8-a45a62a8b63d,8e364268-bb8e-42cd-924b-0b7195bfcb20,848.45,2026-05-24 01:26:58.346143+00:00
5953ce09-67d9-4340-b383-a9576df1807c,8acccf49-706b-45d6-962e-f1f06a7ef174,1150.36,2026-04-03 05:30:30.067221+00:00
76072c26-48ae-4cb4-9720-c81274055bc8,94f57f06-cc2b-406c-bf91-a0b054756481,2184.17,2026-04-26 06:40:54.948006+00:00
f2912c03-0e4a-414c-8e67-49a861930f45,5099c966-5003-48d6-a065-35f75fde7d4d,2707.17,2026-05-21 02:47:37.196326+00:00
afb39338-2915-45ca-b599-a12d480493a8,de41f938-57d3-42a8-9275-8e4d96992d62,1639.16,2026-05-19 21:58:09.868868+00:00
e9e13308-86b2-4b17-88d6-5556c34dc4f1,b78d70db-db3e-475c-9190-d88d5daacc53,2275.44,2026-05-13 20:05:23.513456+00:00
834fe41e-8374-4b08-87a8-4d17cf2cab44,9a3fbfa6-3dfb-43b1-96b9-9207a67a4e80,693.95,2026-05-13 23:51:41.297105+00:00
50e330b2-57b3-4278-b438-717988dee1a8,8a88bf18-c383-4107-be7a-332c8cd922b9,1212.44,2026-05-14 08:03:13.704615+00:00
874e3929-8a08-4a39-a309-748da8519374,7b0e8520-a1fb-44fe-81e5-9873fb5ad38a,10.0,2026-03-11 04:31:40.560039+00:00
e1fe6195-03ac-4866-b49d-0f0695341219,809ddfd4-9d67-454f-a127-ab7f356ab62a,6144.15,2026-03-24 20:36:04.448990+00:00
6dfdb0d0-470f-4999-928e-a10b8e116910,c1d0c4b8-d354-4932-ac4a-07d1d05ceadb,2560.48,2026-03-25 16:24:44.381248+00:00
5e1b0204-ac38-44bf-a68a-5eb1539c2e9e,711f61bf-cc1b-4573-9990-bf9b499bf957,4320.62,2026-05-06 23:35:32.908517+00:00
69e445e6-f733-417e-9e86-92d6ac965e13,915834ce-11e0-4f53-826b-ee250c9583e4,389.98,2026-05-23 17:11:24.031962+00:00
aeb774b3-de8b-4bbc-bb4d-5ada21ece119,b395512d-c92a-49c3-aeba-095d5d9a3fe8,284.84,2026-05-23 21:01:09.992754+00:00
7df7c240-e737-4844-a622-1d7bf0ccbbe2,f67388a5-e172-4ef7-bfdd-bab0a2c402ff,291.45,2026-05-25 23:45:10.558462+00:00
41445e10-322f-41e8-91bb-50cd5973d932,b8afe0fb-03a9-4846-8f31-df042beefb3e,60.3,2026-05-27 19:46:28.266887+00:00
6d79cca0-83d8-41da-a7cb-ba09874d37a8,2dbe0db8-7064-46d4-b201-b8c13da6db99,3128.4,2026-05-01 22:40:48.458975+00:00
ec1bf025-8dc1-49f1-8b8a-7cfa4eeb8dd5,6a06b6d7-ce3a-4ecf-b3a4-74fbe9653127,3217.86,2026-05-05 22:44:18.784133+00:00
99471f92-0f7f-47ac-973b-d0126ab03f05,4b251f8b-e50d-4d59-8258-314c66141129,2404.23,2026-05-05 22:30:50.908628+00:00
ccf33dae-176f-4f1a-ac74-9ae3fb386245,2b39d88c-bb97-4803-88c1-e48b016f2fa9,3574.75,2026-05-19 16:38:16.107515+00:00
9e3804ba-23f6-41f0-9100-35b995954c5b,edb9c7db-a737-4dc3-acb0-13c7f5341aeb,1918.28,2026-05-27 14:25:08.417901+00:00
0a1a733a-b6b1-4eb8-9f33-2aee103e24f1,cdca5129-02b4-4627-a36c-9abf8f13b5ff,3999.79,2026-04-10 04:37:52.106948+00:00
80308a74-646e-4ab5-a570-58c86d87bfe6,2e93614b-8c9b-4534-83b9-98ca55338d5e,5742.75,2026-04-28 09:44:57.062266+00:00
acb13e35-6471-4570-a4f5-d9b75c5afcaa,29ad6bb1-88e0-41a8-a0a6-022a3b3da174,5601.26,2026-05-07 14:15:28.424651+00:00
d50faa42-78d2-4f94-80e4-bcd178ab7139,01eae543-9ed1-4078-b367-e45359de8218,2353.64,2026-05-13 04:53:46.977920+00:00
322093c1-e597-433d-a7c5-f6c8a3d5e1ea,9e493b4f-5eec-4f7b-af7c-9f4c0269ad26,987.15,2026-03-27 07:25:39.334838+00:00
276330ac-2498-4ed8-92eb-2d902ca9e346,2c39066b-b167-4fcc-a909-d018fc7f6698,725.14,2026-03-29 20:43:15.865400+00:00
5f034c90-4ce2-42ff-8b62-8a79a4111654,ac8c3d33-de55-4eb0-bd49-6f6d620c0c92,1633.77,2026-05-13 12:55:30.318108+00:00
646cbcf4-4743-40df-878e-42a48113cb96,c7e1178d-4109-42f8-a02c-e9100cb1cdd0,823.24,2026-05-19 20:18:18.199094+00:00
c6e562d2-4d4a-4a40-89d8-98b47b33b526,ae6417f6-28a5-4b51-8bb4-ac0bffa3f7e7,968.71,2026-05-22 21:32:41.482170+00:00
d33f1c39-961a-404b-8f48-134b438f34f6,7730c5c2-9161-4294-91e8-91711d1deb6f,3455.48,2026-04-06 02:54:55.889078+00:00
6445df99-a23e-47fc-9299-2988bb856f72,0e8d0a09-0e8f-4c4a-bf48-f14ca3a01c43,9120.49,2026-05-19 01:47:07.228338+00:00
b1ef5450-b2b3-4251-a58d-83dfa61976f4,b581ee46-1946-4f45-8a11-6e4125653ce4,4290.29,2026-05-29 21:50:18.247321+00:00
49e80f30-1b68-4261-892d-8f7eb9135dba,5bd386e0-0810-4cba-ab8a-ba10dff15aef,446.3,2026-03-23 06:15:55.215196+00:00
38f92dcb-7d5c-426b-ba61-d98e8eaa3ebb,721607bc-8247-4d3f-9a30-38490514cb4c,3750.75,2026-03-28 03:49:01.490520+00:00
f42b6c46-d761-4486-9cc3-ea637928e985,dc9afadd-0a90-4574-a0e9-3d7d05e18e00,2230.98,2026-05-19 20:04:32.646469+00:00
b7b6ee3e-6a81-4707-b4ed-4307fbd96808,46a1bb83-73f3-44ba-83f0-29df113b4101,859.73,2026-05-21 11:13:04.979726+00:00
cef108b1-62ae-4f63-8c33-b3bebadbde0f,d130dc08-8ca1-4a2b-b797-6af279471975,225.83,2026-04-27 18:27:36.099746+00:00
d39f2850-183d-4daa-bb2b-bbf977a7b07d,5ad57823-935b-40c9-a027-285270b94d90,3870.69,2026-05-01 14:08:21.328153+00:00
710ac849-c3f3-47c6-aea1-6df7fd0fcbc3,d49a1473-5fb6-4bf7-8fcb-4716a991b206,3018.88,2026-05-10 11:21:57.646325+00:00
17ed245f-dadb-4784-9a39-b591bbc399c9,fc32f67c-d546-4fdc-b552-b50e2e7e071f,3574.82,2026-05-02 06:34:49.055430+00:00
d6fcb4c5-4eae-40b8-aebb-7b6bb0ac0a7f,64be7c15-1367-4596-b1be-b0fe00de49e5,762.98,2026-04-01 10:31:22.652947+00:00
bc1fee71-ce52-4298-add3-3a1cad000a0f,8e1dc464-7f48-4394-a1c8-63a9cfd2ef13,2329.89,2026-05-18 03:42:06.475376+00:00
ab8e5112-4419-4b85-936a-b41f3431091c,6d338ab9-1c1f-4fcb-b813-4a2854c70cf0,1833.98,2026-03-18 16:53:17.092937+00:00
42ccb16f-5b4a-437d-9ad2-1dd2a7cdc738,4dc0bb63-2cb0-4d9f-a255-022b58cc58a5,601.98,2026-04-14 12:07:19.237035+00:00
dd303dc8-db2e-4526-9eb0-868f80d0ac5c,0612505c-0f4d-4dde-a022-1b0945f2ad0d,2487.47,2026-04-24 07:58:38.134605+00:00
22306a1e-2896-4211-a195-e6530bc2ff00,859ffa4b-de0e-4177-9291-88d6de30e8e4,10.0,2026-05-24 02:49:56.775448+00:00
c3aaa126-61e2-4426-8075-de381ca54864,b92fc925-cffc-460a-9d6b-31dae7425e3f,2213.69,2026-04-24 20:03:58.504437+00:00
a93d93eb-272e-4f10-b5d1-4b0c9e07bb26,57b202b4-8d5d-471b-b7f1-899836cd39b1,2376.64,2026-04-27 16:51:11.481985+00:00
5aca1a44-6047-4101-abf8-4b3d9b4c7566,c997b079-d2f1-4459-af9a-a68a0b502ba0,1511.0,2026-05-09 14:34:43.554108+00:00
590ba51b-d896-4505-879e-2858889e7094,846e86b5-082b-4c53-b16b-72ee251f515e,922.61,2026-05-11 17:06:15.564854+00:00
5706f719-5a0b-4d89-9e73-b23f10d11d24,d1913a50-9a6f-4472-bd21-8f3d043d3869,1220.34,2026-05-17 11:38:19.795414+00:00
a1d12447-8138-4745-a0b9-276bb3969273,0dc270f4-2b98-4eda-8105-2c5e3e8979cf,2245.18,2026-05-21 11:07:46.838056+00:00
66338aec-2b53-4c58-97b9-c8e2680180e3,c39bba07-c5d6-43bc-9853-54a8551a75c9,2944.62,2026-05-22 23:48:58.505793+00:00
17e7c709-b99e-4362-b61a-b20664b7c706,f30a86e3-aca3-422d-bb86-462f1ec98baa,3465.0,2026-05-25 22:39:10.145924+00:00
3685184b-e4fe-4642-8891-f92c71cb0831,43b09cee-7f4e-4ceb-941a-74fcff157816,3805.81,2026-05-06 18:30:35.851935+00:00
7492b299-41e2-491d-b8c7-007f9f56de53,96f58081-7e1e-4f0f-8de2-a205777825a4,2628.19,2026-05-13 23:08:35.759189+00:00
7dc10084-8980-4f29-93e3-a01ec3bda994,38d1d73e-90ff-461e-887c-fc26f54c9647,3126.36,2026-05-07 14:41:28.594682+00:00
85d8dbc3-1adf-48a0-9bc0-1727bf10ea08,f39709b7-d939-411e-b622-9a99953ddc9b,2500.48,2026-05-26 14:59:49.991202+00:00
529adc0a-5467-4acf-9f69-a2fdc41041da,f3994d9d-371c-49db-bbb5-0a8495e07ff5,4995.85,2026-05-26 09:56:49.208471+00:00
75432522-6c39-4995-8f3d-3b90abf08785,69fa335f-7031-40d9-8dca-1395c2009e38,4393.63,2026-05-29 06:27:01.304459+00:00
354747b6-29b6-4aa5-9c8c-560c263a0846,73eff1c0-91e5-4ef0-b75d-35b39b28f117,3582.17,2026-05-30 20:03:46.068366+00:00
837f88ae-aff1-4435-9c19-b0b38cececd5,0b267a15-7dde-4eb9-9bce-bbf94ffd97fd,4756.33,2026-05-30 23:43:50.014410+00:00
35ea2bc8-429a-4765-bf5f-2aabca3aa0ce,6e2ba585-9a96-49f6-9321-41581d9f36ae,4288.51,2026-05-31 05:17:50.047681+00:00
e2a3c383-3a96-408f-988a-9063ce76a2d8,afedfe5c-faaf-4997-9110-9771c5b4ccc0,331.74,2026-05-13 22:13:40.428810+00:00
9de0c49b-f978-4cc4-bd52-1229f68c6507,a2d60dd1-aaa0-4f0a-bdcb-96a3fea5cdb3,248.21,2026-05-20 13:52:50.896338+00:00
a8d4a904-880a-470b-8c3b-7d5332e94249,c5920ba3-09a1-4394-a78e-fd04674afbac,4651.33,2026-05-29 19:24:12.107229+00:00
03c203d9-b0ba-40ff-9f26-4415f7f9a0bf,e7b9cacf-25f0-44ca-a00a-94fabca0c9a5,3463.4,2026-05-31 18:09:58.284603+00:00
b1207525-38cf-475e-8d1e-825f86616531,28c001d4-202f-4b29-a35c-03e9963317c6,300.97,2026-05-30 12:23:01.419537+00:00
f406c1e4-6dac-48f2-b70d-5709111351e1,4149daac-77fa-4af2-8c11-ac7f60707234,708.93,2026-05-30 22:22:49.293172+00:00
4b274176-d58d-494f-820d-165a80c419f7,c5fa2eec-94b5-4b97-a0b4-a713b14bf3ca,3391.12,2026-05-31 08:16:34.889958+00:00
7b4f4c75-efe8-43df-b04b-2ae9116f5055,afee1027-e50c-4b10-98ff-6968c9a38d29,194.91,2026-05-11 17:01:55.357200+00:00
0ffa4a49-360c-4a11-b727-aacb710874ab,fe1b35a4-023b-4794-9757-c6890e924ca9,1269.21,2026-05-22 09:07:03.797216+00:00
def5d10f-64c8-4586-a3bd-af8669d31af4,01fe9494-3327-4bfc-8ed9-d219552f6f51,2330.9,2026-03-21 15:59:17.795054+00:00
b9776fcc-afd3-4055-a7b5-a694f33a72e7,0aded163-58c6-408a-af2e-2b3d8570b7bb,5373.88,2026-04-12 17:16:32.069307+00:00
bfacbbcd-dfd9-4e56-a88b-34d90d4074bc,c66f0299-106d-493d-9b87-fa0e3f615ad3,967.81,2026-04-17 18:21:11.597630+00:00
3f40c0a0-fdca-48f5-8d9c-9b95a40c4abb,f1a21d58-acd9-4e59-b7f8-6ebe65fe0f95,3406.27,2026-04-28 16:25:55.242098+00:00
e115ad3d-9289-4529-8876-0d812be311a1,acad22ea-1a4d-4e89-be1e-beaa2f80dac2,1797.74,2026-05-05 08:52:25.910418+00:00
0e2dcea4-359e-4ae2-a4cd-4b863729adff,8284fab5-7764-4f17-95f5-1908a654799b,3982.34,2026-04-26 01:10:19.951937+00:00
a2fca321-614d-44f8-9d8d-607861cde8d0,e55c1f2d-6c74-4f02-9947-e91e913cbeb5,2018.33,2026-05-09 04:41:13.606966+00:00
f8cf382c-8780-4852-986b-d4f0096f8a91,0afff7d2-e520-4d93-aa2c-512774fa6daf,4787.3,2026-05-13 21:11:41.275778+00:00
836baf3f-a7dd-4394-8c1b-8336473991d9,dd4be552-9455-4c1a-8eb9-2c80daedd260,2440.69,2026-04-08 23:37:09.706534+00:00
971b5b3a-ab6d-449f-9b79-30552aceeaa7,bd35589d-f9bb-49c3-8fa8-6d05ecb06fb5,2211.17,2026-05-06 05:30:57.376716+00:00
45ae849c-ae5a-49a6-a980-fd61e1766950,30d91caa-ac93-41c1-a219-0cb8e892cc0a,4483.9,2026-05-19 20:32:20.911678+00:00
a06ed848-55d6-4c16-89fa-c84a964759bb,71cc24a1-407d-4947-b006-f95c9f351ed6,2250.46,2026-05-27 16:18:24.400558+00:00
be1dcea6-5c99-46e6-90cc-e7f9060097dc,034ae52c-a0d0-48aa-a417-ff3d199cfd2f,3241.96,2026-04-08 14:44:54.479483+00:00
1772f11e-7f54-4a7f-858c-7b599ca64667,b98533e7-89e4-4b21-a75f-542232d06e32,3189.76,2026-05-17 00:40:41.053419+00:00
b50fb3e5-cbbb-4227-bfe7-bb5e926dfae7,bb94bb71-fb08-4998-b993-9c2e05ca69ac,4024.13,2026-05-24 00:52:09.825550+00:00
63b28915-fffc-4475-b761-6bb5a9a6bf6b,343220af-68d8-4bf1-bab6-18b61f388900,2937.62,2026-05-27 13:51:50.539896+00:00
4fda0e8d-d1ab-45f5-9178-a0a2e01107cf,cb22725c-48e8-4137-8668-d22bd780f3fe,658.35,2026-05-29 03:32:07.398865+00:00
9c54055b-8f9a-4a29-96b0-df122d8df619,6551694e-53d2-48eb-ba58-599f6a649c45,1213.68,2026-05-10 14:11:47.743119+00:00
934cf851-2a1d-472e-a368-929084645d73,5983ed2c-463e-4f14-a5bb-a525af28c5d6,656.12,2026-05-21 01:26:35.625395+00:00
afd9d6d6-b70f-4f1f-8d3a-abab834ca616,c0629a48-d18c-4904-ba82-efea4266ac83,2993.76,2026-05-21 12:28:14.827577+00:00
ba063e50-01ac-4282-b570-261c2afb3ef4,b10f6b03-5492-4f71-9a71-76ca3765781c,2072.22,2026-05-24 22:34:14.694417+00:00
b8b82c43-a847-48ba-9ef8-500ede007674,cdd02526-e6c4-4f77-8be0-e67697fe9cb0,1619.27,2026-05-25 00:43:00.354515+00:00
a919fdc4-8025-4985-8d86-cec26eef04fc,12b09a56-56e0-41ad-bee1-32f87406edf4,823.46,2026-05-07 10:52:52.979366+00:00
19ea990e-4cf9-4dbb-8386-c1df2e31e4fc,2c8adde1-5226-45a3-8716-d83a9437ab21,783.94,2026-05-15 12:49:43.951960+00:00
a245ad28-0ab3-4a7b-904c-b4209ad6b73a,facc2d26-4be3-40da-869d-fa2097eba8ad,2559.54,2026-05-28 14:08:52.139169+00:00
a660b101-d6f6-4724-9339-5281392ee99d,57bc01e0-dcf1-4bb4-bde3-a8a1f2e6da18,2286.27,2026-05-30 11:11:14.489113+00:00
0e7dec6e-b026-46d2-a265-91908ccb31d9,2b79b3ae-d5fe-4af8-9561-7e4ce9b0ee81,1554.31,2026-05-31 09:39:08.575002+00:00
737431c5-a481-46ef-acf0-cba8bf7f6abe,743e19e1-116f-4b5e-88fa-492e3baa9d30,1367.88,2026-04-24 23:01:17.479177+00:00
badf43dc-66b3-4e54-b2d4-30858d33d169,a8730cae-13db-4b0d-91b7-6fac97ad52c7,332.0,2026-05-05 12:18:18.936688+00:00
3b6d9f56-0ec4-41bf-bef5-d55fc51f94ae,8a14f2b0-c071-40ef-8f6e-1cc3ca79a7d0,1695.88,2026-03-31 06:42:32.296279+00:00
3c0c62c1-3022-48a8-a85e-a299237fc890,a41ed382-a177-4fdc-85f1-d7440a849517,691.21,2026-04-13 19:58:36.654360+00:00
1e2ed38e-0110-437c-9641-c3fd16ff4730,90a4ae8f-2df4-4c61-a795-c7b8b4de15ba,2497.86,2026-04-29 15:50:42.448516+00:00
d11420c2-3141-45d3-bf33-5d3bcf3aefd0,e1fb6384-9980-4e83-b81a-5b7cdc5ce01e,3495.74,2026-04-05 13:24:04.873928+00:00
eff55e64-9698-4af1-a89a-b2cf6bde3af9,e9572284-cbae-4fd9-852b-dc0f9ad12e13,1884.48,2026-05-03 11:24:01.849141+00:00
b8b8c47f-f7eb-418e-b04d-dd7348f44845,6deb7eeb-d36f-444d-a051-aeb12de13fd1,4032.61,2026-05-10 01:29:04.648881+00:00
d89e4a29-81e1-455e-b057-6be6f776ed5d,adc6fba3-488c-4d8a-a54d-2d5d22e8ceb9,2389.58,2026-05-18 13:58:28.596667+00:00
1c1e73c7-d483-410d-82cc-7f3dde42a05b,ba91879b-4858-43ae-8ce4-e0e014b2c31d,2227.46,2026-05-24 04:37:54.677998+00:00
3b4acee8-23e1-4869-9cec-549c80cacfb7,0170b7ad-308f-4722-bebf-b3a8a298d7bc,1068.28,2026-05-22 09:35:13.225981+00:00
310cba01-895e-49d8-ae15-a8f0ce447c45,cb4ffade-d9c8-4aa9-86cc-934832883d35,951.24,2026-05-22 13:09:53.023552+00:00
361cf3ff-f2cd-4473-a921-6ec207df75ac,3ed75288-917b-4714-a71f-7af75a5f67ac,142.04,2026-05-22 13:50:33.626070+00:00
99173a5c-b507-4cd5-a7ac-6df51bab22b8,3cae4cb4-ed46-4e45-b2dc-d9e2362368ba,1011.56,2026-05-23 14:42:48.607996+00:00
eef15ad8-00fc-493c-8079-8b52c290303e,5b71efd4-b383-4788-9181-9ed3b51c9266,3137.59,2026-05-24 00:35:52.943763+00:00
6cdc4d19-6c86-4e9c-a678-a096ad3549ca,f6d9d540-8ea3-4a60-a7ba-5ee861cc5582,1032.03,2026-05-01 02:22:18.154517+00:00
dd87d559-6c47-4497-b68f-60fd0c0502e1,dc5093e0-8078-4ef1-b400-5da47368eda7,1079.01,2026-05-17 13:01:12.180174+00:00
c9ecf450-7d41-446b-b6dd-fff3ff763b6d,2b62a4c6-3beb-409d-93f4-e43a1d5b62cf,889.6,2026-05-23 08:01:58.834190+00:00
47692458-d8e8-466e-ae92-366c749a2012,c194fb86-a376-4eaa-adff-9a3c7541daf0,1457.99,2026-05-19 00:07:32.336408+00:00
77802d16-9732-426e-8464-a3f9827b586f,5b3ef248-0fb7-4974-adce-58937a4a3367,1086.22,2026-05-19 00:58:32.765263+00:00
6c54fa7d-a665-4aec-89d7-2cb60b75d60b,f32fc8d6-69bb-4099-9edc-3d0fa85c99b8,1146.56,2026-05-19 04:16:22.045451+00:00
0427a0e1-fb6c-42b7-93b4-2d790e16b042,031157e8-45b9-4ed5-ac40-5d7c393f5a2d,2568.4,2026-05-27 09:35:23.120453+00:00
97acfdce-628a-40fe-997d-52849eb2f73f,a859b920-a8be-4fdc-9eb3-4efb1baca9ac,531.74,2026-03-20 16:50:19.844363+00:00
bffdda16-8e38-42af-8b99-16679aa7273f,270c6745-789b-4921-9d9f-3d91dc42e916,1430.42,2026-04-06 15:10:24.622836+00:00
dcc13d8f-226f-4eff-b963-66b52f6a7e44,08a48295-6e07-4645-b4e5-b93325c5f8c1,1163.97,2026-04-16 05:38:13.920351+00:00
9aed26e1-f7c1-4519-a803-c500ce4b0907,1a7bc743-9213-4beb-aa6e-aa4f762d235f,1074.01,2026-05-02 00:52:23.182429+00:00
6de571b8-c877-45b1-bf25-d2b1b0fd8723,e6aef500-6e01-4743-9332-bbfad702b784,4641.84,2026-04-09 03:35:41.315099+00:00
1b0ce2c3-a8f4-4496-ad16-14e32fc84b88,a9ef07b7-c9da-40be-9dcb-4149dd3badb2,5135.99,2026-04-11 19:51:49.076605+00:00
b7015353-2396-48cd-abb9-1149039c2d64,2556e542-d2be-45f4-9228-d14d3a2842e9,4046.98,2026-04-12 16:15:44.133401+00:00
2f2d09e2-520d-46b3-83c5-4648c47bea36,98ab551a-d677-4863-a88d-ef75f90111f7,2290.97,2026-04-24 01:36:26.243142+00:00
b12bfd2b-a698-4b12-a7df-67978af0ee84,d7f3f5f5-391b-4f6f-8171-efcd0bd3a9a5,5287.83,2026-05-22 18:47:09.587551+00:00
95c3e9a5-a2c0-4af5-b87f-f4d51ac313b2,64b853d8-9423-4ac3-a519-b578a7cf77b0,1110.83,2026-05-02 02:49:03.096664+00:00
52d238d3-761f-4c09-b96b-b8e9a7f927fd,e6ef0e2a-30a1-42f2-bcf1-30111b90f124,1283.81,2026-05-21 07:11:04.792514+00:00
7e1396d7-99a2-4e7b-a8b7-1b10015ef8e5,c3965d4f-38ec-42ef-963a-291f14aa4e8b,516.25,2026-05-28 23:06:53.487939+00:00
dd2d466d-dd96-4341-9c68-172f4a2c504e,a935ae47-b3f4-4c03-8991-232c9ffadc78,4859.51,2026-05-06 18:06:44.860603+00:00
89401173-4641-44c0-8333-a3d8c8823612,4c1e25c0-4b45-45cf-84f6-53f28dcefdf2,8546.39,2026-05-08 07:28:42.475145+00:00
5c6972ee-7db2-4711-8f78-25291856de02,3e13961e-4836-40ca-8472-d61da9d9d783,3276.97,2026-05-15 23:12:34.893066+00:00
b65721d3-6707-40bc-b6b5-855f991c41da,98c1285a-ed27-48f5-aa9e-4f8c7c829f13,7763.91,2026-05-20 06:35:13.933112+00:00
11de2ae1-08b2-408c-9b85-e8af97c9bb95,4db15114-736f-4f23-9128-ef18314f8392,2723.79,2026-05-21 05:35:06.024671+00:00
e0f7b598-53ab-4ea1-8be7-d41cecfaef48,738de6aa-90c8-4e66-9dff-03a32b57e27d,6672.32,2026-05-28 09:45:51.278099+00:00
75c36eba-da67-4021-a38f-78103d92a9de,257fc386-b240-46f7-bf85-870cedabd2e0,782.69,2026-03-22 11:05:53.239305+00:00
5ad6343f-e243-46bf-8bd7-36b7fe1df39f,b1c13b12-4df7-4538-9828-b55539deef67,558.59,2026-04-07 08:26:29.013026+00:00
5bf0c1c8-3458-400b-9bbd-06ed92776ca0,4eaf4e6c-7ebe-4aea-8181-ea9c64ea9ad3,540.87,2026-05-15 02:24:01.627364+00:00
721938e3-6340-473c-a513-95ab4705fe1e,3c481205-f1f8-4b78-8ba8-9c7cde8911e3,560.09,2026-05-18 07:59:56.060167+00:00
82df8e93-72f5-47ce-be40-f4852e2662ff,9335cc4f-8efb-4c85-8799-7e4118a1902f,3601.59,2026-05-01 04:15:12.128153+00:00
49bd69a6-9657-43f7-a69c-d0a86df7babd,57993adc-a7f9-4a08-930f-88da867dc401,298.21,2026-05-30 12:09:11.221732+00:00
16779773-ea2e-4806-b2b5-a4132a2d99bd,e291bbbb-f1bf-4ae1-b10e-8586566a0b6e,1092.97,2026-05-18 18:00:01.910494+00:00
bfbd8b6c-e4a3-4db6-9163-40f22cedc425,ef660449-050f-401d-a6ba-a8338afa23d4,1082.01,2026-05-20 20:11:08.784162+00:00
2582cd1f-ac3c-406a-be76-1d2a4570fbad,4f1c756d-8fd4-44a7-9603-06e50aed0414,1408.28,2026-05-21 03:53:18.380296+00:00
d45400bd-79d2-4d7a-b184-ae94e207a645,440c1a5a-bbd7-4458-8de1-0ae96a38bb73,1547.07,2026-05-28 11:39:08.736405+00:00
9181f0d9-c43a-4f32-9e6b-92e1ed2de68b,cb08b097-1d31-48d9-b1e6-bc4bc4f37ae2,1165.98,2026-05-29 01:11:29.923843+00:00
c45e5950-c5c5-45e0-a939-b5dd713ec2c5,20859a52-eeb4-4c3a-9b2c-8da4df914009,1627.47,2026-05-27 11:59:17.261447+00:00
3825de6e-9fad-4859-a329-d9450771bbba,f668e6bc-c367-42f4-8d12-761a2cdbb393,1688.93,2026-05-31 07:24:23.665774+00:00
b5f8aa18-e896-4a17-a7fb-7b2e48f78873,c418ba6d-162a-4292-bd6f-610163f665f9,2128.01,2026-03-11 07:06:46.161862+00:00
9ecac11e-598f-40fe-b97b-d32949e8898e,5c0843de-ec5c-4c9a-a7dc-0472369e5610,933.11,2026-04-14 04:07:27.544002+00:00
44122be9-a8d8-4cd5-914d-983e71e872c5,3df436de-975b-4100-b84b-6c9ba9d7bf56,600.62,2026-05-06 09:41:23.108018+00:00
8a648d57-ab16-4282-840a-37259b47823b,cf47350b-0663-40cb-831b-79f845970a7e,367.1,2026-04-25 04:28:17.861254+00:00
2a8012e2-aa75-4870-8dbf-201cdcb641cd,0d5ed7af-2ea5-4e73-8be4-27f849f1a77c,3218.85,2026-05-02 17:28:37.566728+00:00
bbee117e-49b9-41a7-864f-e7591aee7742,266fb025-41c9-4199-bd54-250324637bc7,2661.0,2026-05-26 22:48:08.958806+00:00
0c47abbf-991c-4db1-b11c-7780b6d55476,8ce2569f-6fca-4053-9e8c-59813b2dbbb2,3270.17,2026-05-15 07:33:51.935393+00:00
52c02790-254f-4f08-93a9-35827679c43d,e0ceacbb-ea7b-4f0d-b282-27d0b0a99998,2545.28,2026-05-15 15:15:19.283240+00:00
6aed2f8a-23f7-4bae-b0b7-572018cc25c2,0a7e990f-5829-422d-b6cd-deca6c16b4c5,318.05,2026-05-21 10:39:29.993519+00:00
15cefb9f-ed59-4e58-8b5b-bc6c065aec35,d5dc34e6-dc85-45ea-8a84-ce4b14187833,56.13,2026-05-25 07:56:44.310457+00:00
8847cee1-0aa3-4da4-995c-b5ce9c38af1c,bc2ec8c7-0a27-419d-9b8b-e926b34080cc,107.43,2026-05-26 02:20:57.411044+00:00
0797e58c-472f-4cea-84e7-e3cd8d3dadf5,02344762-39f3-4c5e-8906-8ddd70ace907,231.67,2026-05-27 05:24:37.587786+00:00
7a6ac28d-6ad3-4113-a3a6-4e0b21cb3e8e,993c8b95-76f9-4c05-af15-021fb0a85b4a,256.55,2026-05-28 21:39:39.302105+00:00
2b8a1b4e-100a-4021-badf-8571ec447751,aea54245-c2b5-4ac9-a1ae-6ecc2a356ce0,236.04,2026-05-29 00:39:31.032703+00:00
ed0618a8-282f-4850-b4be-87fe1e6cfcb8,25c116d0-c7e9-4c9e-a490-72a9ad9f3c5c,2055.03,2026-05-30 10:54:20.659938+00:00
d9b94b9a-4a49-4aa6-8a33-b88b47ec75b5,db8d7930-0acc-464c-b2f2-52227f5318c8,2612.81,2026-05-30 22:36:12.458065+00:00
68da2fa0-01a0-4d64-b1c7-7062fc2885c4,5b9f16ac-ab03-4853-a331-0d11678cf536,2392.05,2026-05-31 15:48:51.176397+00:00
ceb7fbc9-a903-44a4-bef6-b793e1e6b3bd,281841f1-cc58-44ae-8b4d-f5e8025351f8,1736.14,2026-06-01 00:20:26.583932+00:00
e6a8f39e-5adb-4529-9298-dfb4f94a4af2,84cabc6a-6374-4f3c-885d-799a5ad26d93,2569.84,2026-03-20 07:02:20.844313+00:00
10b41ca5-ce81-47b7-aab0-3dd1ae148730,c566219f-b577-45b0-8714-c45d06235a5d,2726.85,2026-04-30 01:27:00.007337+00:00
1877d090-451b-474a-9479-81ef4f2928b8,1f5e6696-7fd6-431b-92f1-1240c1990e24,2232.92,2026-05-14 03:31:58.447167+00:00
21472365-4016-4941-98c7-07f0ae140df5,c32ffbe1-3e2b-48aa-9b08-622d00130516,1407.05,2026-05-17 09:35:17.704012+00:00
f564d5ac-018f-4261-b360-a7d021a7f336,0d15475f-28fe-48a6-b717-50f0f440f9de,3113.65,2026-05-09 03:15:27.236751+00:00
2c3ea3a7-4e2d-4bdb-82d8-78d414f823be,1fec5e51-f763-45d2-9ca6-6653c373560f,1577.1,2026-05-13 18:03:21.896863+00:00
0707efec-a95d-465d-8c98-dd6ff3e4e722,5fa5bde0-4ce9-4c32-b43e-14ee8abd32b2,4637.54,2026-05-20 20:42:42.519892+00:00
f77c12ff-79b3-4165-8d57-8fd4e2794f8a,97fe819f-d58d-43f2-adb1-dad9c1dd316b,297.63,2026-05-08 11:28:12.260684+00:00
97ed9ccf-81ce-48cb-b33d-9c01bd280a38,64f850cc-4e4e-4f09-81e7-e6d65e83e151,479.14,2026-04-20 13:03:10.403759+00:00
9e642677-f860-45fa-8892-a01669a02393,e5e6eafe-58b2-4233-9507-70d8d256e588,336.01,2026-04-28 19:13:34.251780+00:00
ba3884d2-9bd1-4e8c-90f4-eed08bc8e9b6,6e42a99e-20ab-40ee-84a9-a6b848df8ca7,615.32,2026-04-29 00:48:57.092351+00:00
e06c65ce-e92d-48d3-9237-18010f6e2a1b,37fa99e9-1104-4c46-8626-7c6971b63e43,529.95,2026-05-06 01:17:22.741222+00:00
4dd50bc6-d85a-4e42-bcff-a6fc9cb95583,dfaae17e-3980-4666-b0ba-fd39b734e682,559.57,2026-05-21 17:29:10.954151+00:00
1e5ca172-d36d-4b5c-9861-1b49d099b050,f8070efc-3cbd-4df4-85ea-4d60afab6e79,219.03,2026-05-28 02:53:52.783586+00:00
3baca81c-5db4-4e5c-9560-75b0a4d348f5,531674b4-540e-477d-99a2-ae05c8da1654,1143.98,2026-05-22 10:01:35.227905+00:00
085c45ad-2687-4e3d-ab53-c3b9288912b9,826a3220-7d7d-481f-9878-285375a99d2f,916.43,2026-05-22 15:41:23.950181+00:00
b497301d-c99a-4c5f-a23d-77923f6e5b31,ba1eae88-d00e-400c-91e6-9eecd8768dd3,717.55,2026-05-23 22:38:07.376171+00:00
639ff5e2-c79f-4c85-b452-5f686c5febb9,96a9a921-d35e-4410-9143-27b8d1f68460,1079.28,2026-05-25 06:47:10.809336+00:00
3e093676-2cf7-4887-bd59-e3c2b611860a,08e76e0e-3273-4800-a57b-8ec496f17920,727.04,2026-05-05 10:29:19.644377+00:00
5bc992c0-d169-4c50-95c7-c6f2f597e255,d444db79-c4da-44d0-8f0c-632ae372b56a,234.53,2026-05-06 05:01:00.810953+00:00
4763bb55-889a-465b-a7b5-e25084219078,d2da5b13-cde6-42b8-8846-89acbba7adcd,524.73,2026-05-10 19:51:49.394678+00:00
f27780f6-97de-4473-b5b6-991862bf0286,2d6464ef-3ac4-4822-b134-5eed79ddba04,1397.63,2026-05-21 02:29:56.251270+00:00
376f6fee-cfbe-46a9-8460-41439aaa8717,4d2b635c-f926-496e-ba9a-d12f0c82a5bb,721.59,2026-05-22 04:10:51.175100+00:00
6ceaccb2-38dc-4e1e-b99f-1a4867a96d4f,5719e5eb-ea40-453d-93ef-17897e59b9a2,408.55,2026-05-22 13:01:19.027016+00:00
09204f6e-bffe-46b2-b9a6-bfa3bf6952a7,711f53c5-3417-4d78-9ff1-b79d2b2eac9b,788.9,2026-05-25 04:50:24.539284+00:00
479902b1-821d-4d35-a8e9-8750f9ca53e0,942483c6-9c36-487a-8940-6628518ebae5,4403.45,2026-05-23 05:15:21.089994+00:00
965f4fd3-11d5-4358-9c1e-437790235dfe,7dabeb55-8dac-4f2a-959c-fbdf3687c377,1712.54,2026-05-25 03:10:24.422823+00:00
2767a0ae-0a7a-482b-b374-c05e43fef23b,2bd4090f-c99e-4b76-924e-1d0768d6d7b6,1771.05,2026-05-25 07:07:29.273071+00:00
2624fff9-09df-443e-8704-8ddb92700270,bc00aac5-9a32-4d24-92eb-5bfc8210c6d9,4473.35,2026-05-25 23:55:00.181950+00:00
5b8473e1-38cb-44c2-a63a-1739afd1abd3,84447c2f-2e94-45e4-a746-190fc1fb4d68,1283.08,2026-05-26 06:38:52.941634+00:00
1b2ef6b1-dc1f-4c52-9c25-150e2be67eec,512cd945-3575-4310-b517-3c375fe45f68,4554.99,2026-05-26 23:08:48.579483+00:00
8ad342da-b12d-46da-a9e9-bc55ea34a9ea,8c565e41-220b-4745-a2ae-35e50f5dfe25,4250.36,2026-04-30 08:18:06.400637+00:00
fa1528cf-dad3-4b91-afb7-3d6653ca85ff,00a7a787-a800-4cbb-8b8c-f4d8f16bc8f0,5185.75,2026-05-08 01:08:23.749862+00:00
8e5ea582-37b6-4785-bbab-068b98c7cb33,de60871c-bc38-46f2-b188-d3f99d666007,5487.7,2026-05-16 07:40:23.383022+00:00
77b95ee9-fea1-4f03-8fc0-d2e45be0b05a,15d09c6e-bd68-47b7-9f74-802f2f0c5cdf,5719.86,2026-05-23 17:24:08.505579+00:00
00d0196f-2031-4300-a114-7e8c17bab798,5515fb9b-f8be-4737-b788-3d2031fa4b22,6602.63,2026-05-24 21:55:18.973090+00:00
2cf29449-fca6-4a93-9b06-44c91b8f58b6,e362ba11-d74b-4529-a3bb-0f3b407dfb43,4134.31,2026-05-07 15:12:34.332014+00:00
eb83406c-efbb-4584-9f06-c5e5094a59d3,b3eb1cc4-6aa0-4e19-a7d6-11f31b52b17c,3836.87,2026-05-20 06:21:06.012095+00:00
391773b0-1deb-4c6d-be54-03d6bb35849a,90f528f7-854e-4bf2-8ee2-0387d87da265,1992.31,2026-05-24 23:17:28.488238+00:00
3dc9e332-0b77-4139-98b4-0cb9359a49e3,338a30e8-2b3a-4e37-9ff9-25c5715b6d67,1250.69,2026-05-27 02:40:57.150840+00:00
764813e5-5abd-4d4b-83f6-b17aa4b21dfa,8c4351c4-a36f-473e-a8e0-e1472c0bbcde,2856.58,2026-05-27 07:42:08.900322+00:00
c9e7b187-7d39-486a-9024-fdf57d03c4fa,0e214d9d-e795-4469-8c9f-f4d3e991bcaf,2390.05,2026-05-28 08:14:14.599004+00:00
55277df3-6e96-4a9a-9dfc-d628f99ca148,1242ed57-e129-4bc2-9c08-b5ec4a849507,2293.82,2026-05-12 10:51:22.849619+00:00
12669a2e-c805-4b46-94f1-d308ddd6fe5b,8606792b-047c-4330-bd1c-346938c104a8,2388.52,2026-05-16 07:16:19.641062+00:00
332da8fb-4420-43c6-8bc6-cbb2132cc9bd,dc70f5dd-2fcb-403c-90ce-58eb9cfa4861,3415.63,2026-05-17 00:27:13.919824+00:00
d8b6250c-b019-4281-a565-1297f135da60,8102b80d-2a2a-45ed-84cc-5b8698849b83,2384.53,2026-05-19 17:46:26.142637+00:00
216a7b48-498d-4b7d-9a85-a042e8c74ad6,15b70f3a-8c4a-42de-9ca0-eea255f22a54,1561.07,2026-05-29 16:12:21.313866+00:00
59c23302-28e8-4578-a96d-01081ea60aac,cc5c5e42-2a47-4fb7-a871-da41f3eea513,5072.39,2026-04-01 15:23:20.267247+00:00
35326ba3-cff3-4fd4-8f33-c8505c1977db,283f765c-d576-4b55-8ad6-6d615a0e6844,2119.32,2026-04-17 20:05:23.164364+00:00
2403fbd0-a7a5-45ff-9a46-c96e2507c821,36639c70-ddbd-450c-80e4-9078df8e88fb,2364.01,2026-04-22 16:16:14.738457+00:00
37cbfbe9-3eeb-4598-b017-b01b50503e7c,15a9ec7d-702f-4d58-b4b3-ec76d7b8a96f,454.45,2026-05-05 05:41:05.944612+00:00
09808054-b93d-42f2-b222-7be0b9c200c5,52186131-c6b8-4026-97dc-705cc8c297a7,1451.14,2026-04-20 11:47:17.700387+00:00
49edbd86-0ff7-4cc6-95e7-28401f5ec993,a3ab253f-2224-4eca-93dc-a66364dbe283,3309.06,2026-05-27 22:51:38.872257+00:00
5e51d365-e817-4004-85b5-aca4ecbf5af0,ab95f845-3796-4e35-9fd4-0da1597f4244,1656.2,2026-04-29 09:51:44.306507+00:00
3c5cd775-1d16-4a0d-bb96-12ba1b0d2940,4dc91832-6e98-424d-a329-3a98e1ed0f72,857.3,2026-05-01 21:08:14.804916+00:00
1efac912-ca93-4062-b3ee-3035670b020a,06efecbf-0c53-4906-aa1c-f651d5f5a9da,381.79,2026-03-21 11:44:25.926540+00:00
b058c5bc-165b-41f0-a911-b1db03332bdf,cc807a21-8adb-4651-8e50-2f87206c775b,876.91,2026-03-22 11:57:29.283053+00:00
b52bde78-8f41-45ff-b7fc-b18d207b5989,b9420d9c-50b3-4b11-b49d-6529ab87236e,510.52,2026-04-10 09:20:13.902463+00:00
779fc4e8-8aff-4aa8-a0f1-2c70e1fea680,277a546a-07a3-4342-9abb-e5baac43628a,319.53,2026-04-19 10:38:08.387367+00:00
45bfc3eb-663b-4aa0-87f4-a3f36d5e2d19,412c430a-24b0-42b6-865b-cf13e2114bf0,10.0,2026-04-26 19:08:16.645273+00:00
14090ef3-3bb4-43a1-9229-fd5dda14a38b,089dae73-8918-49eb-b133-925e12855b82,535.76,2026-05-04 18:51:30.350000+00:00
e3ca9402-4089-4298-80b8-e221e277a2ce,b142b969-f61d-4362-93bc-299297ce3144,1822.14,2026-04-18 20:59:37.696710+00:00
3b224006-4141-4f5d-a5a9-32c3b59f7a2a,7bcab889-0397-4839-bdb1-34ee0f8461ea,2396.54,2026-05-20 21:24:11.257937+00:00
3ae039ad-3b13-4daa-ae60-1bb5c03ce9f6,e643e44d-56ef-46bd-be44-7686aa5b1859,1590.75,2026-05-23 08:25:45.565234+00:00
e082e234-cf0b-44df-97ac-06d1bec32311,8e04c97b-7a01-4cdc-8441-f16ab0bd85fb,1809.03,2026-06-01 00:59:35.625579+00:00
6339008d-11a6-4202-a4cc-d1d96fbcb37a,464ed4a9-3088-4599-b742-edf68f890af2,913.46,2026-05-19 17:31:56.479956+00:00
d628700b-eabe-41e8-992f-9ef990d04dd2,bee22d29-0f8c-4d1b-98f5-dacd312fe56d,582.92,2026-05-24 16:06:23.315528+00:00
ee5892e7-181a-4809-9f41-a76fe303f366,c08be6d0-e8f0-46ca-9521-8eacee6f0093,736.0,2026-05-24 23:33:24.559841+00:00
9dc9e721-42ff-4a09-97a0-c9cf2d24fc26,bd081a79-44bd-4a7c-8233-db56a4b068eb,757.08,2026-05-25 03:27:42.759806+00:00
4b298f49-212f-4802-b0c5-41e455201e0a,047c936b-31d0-45db-a07e-2600e1a77077,789.44,2026-05-25 08:16:38.890374+00:00
06751982-935e-485d-9941-febe675ae91c,635b43b4-a290-4cd0-b74d-b596f747358c,109.22,2026-05-29 15:11:25.427794+00:00
d4618998-ec1e-4509-a15e-1dcc7954df23,0337437d-a689-4ebd-86f2-9b001faf7c70,446.06,2026-05-29 21:06:01.452613+00:00
dc546905-c26f-4431-b96f-a0a5364e59f9,4a34c6e2-5393-4c87-a136-335692babf09,4732.17,2026-05-31 01:47:41.274004+00:00
de2dfdba-0d62-427e-a643-94f2977c4b67,d902e22e-590f-48a8-adb2-9de7ec13b3ff,2334.63,2026-05-31 05:17:24.865862+00:00
29b46471-8825-43fd-8090-803232b2553f,73431a08-d797-4e46-8ec2-80f6b232e486,2214.46,2026-05-31 07:12:06.161498+00:00
602ae172-fb9d-4245-b681-d49c1c86bd3a,41d61fd1-3bd9-4596-b0c9-06324c89ac6b,449.92,2026-05-03 09:56:44.920691+00:00
fe068efe-cf29-4cdb-bf39-cd85444d6f0c,6391e825-acc6-4968-9c5c-963eca4a4020,546.67,2026-05-05 08:46:44.248500+00:00
fd2938a2-2438-4e1a-8392-8f5abe86bd27,37af1bfd-e435-46fb-ab88-3d7e3e8faf48,108.76,2026-05-22 08:35:36.426646+00:00
56ab5268-8ac9-49c7-b2c9-22cc5d097734,64dc687e-2577-4001-9c02-716c0cfbeec2,256.06,2026-05-31 01:53:55.575178+00:00
9af940b9-b032-4cff-9b43-c2532599e63a,def7bb0b-2990-4545-8915-18acaf4da5d8,648.52,2026-05-31 04:48:40.443242+00:00
6925dfbf-194c-4aa2-bbf1-6818cb5925f5,0f913e93-e033-414b-88bb-abde70498bfc,911.74,2026-05-31 07:16:26.668544+00:00
4adec8f1-f4a9-4bd7-8816-e7114f7989b6,646cb69d-d4f9-4e81-81e1-311307a9aa5d,259.46,2026-06-01 00:45:29.164933+00:00
2c8d71bc-73b2-49ea-8ceb-0ad1bed98866,b1aab204-cd8a-42e2-9f8b-1fcbb0b0c339,822.44,2026-05-31 23:53:12.082771+00:00
18732d29-8909-4011-b142-e22730757abb,82cb6904-53b1-4686-b783-4367954967dd,101.0,2026-05-31 23:53:16.852701+00:00
00031dac-a748-4619-add8-b88d743cf59f,4ffcc7d5-3021-4ab9-8168-e0f24e7caf17,86.16,2026-05-31 23:54:25.845784+00:00
3711d654-b91d-4d50-89ee-63146c3d14a6,b01e8492-6b7b-4853-a769-10de7e5a1b1c,728.47,2026-06-01 00:13:28.680337+00:00
557fc8f9-aac8-4dbc-9e1e-21cb26e9c652,69ba0e3f-ef6e-4f63-9618-2d36d9b163f3,320.41,2026-06-01 00:08:41.743268+00:00
ffdeaae1-832b-45bf-aa5f-4ea19801f7fd,a94e6841-9401-46c8-a1fc-2ca834ec1cc3,10.0,2026-06-01 01:00:51.984250+00:00
93168f14-9a04-4e5f-a3db-d232901caf31,0dcda905-06a6-40d3-b8d5-6a5d7ae92448,2462.21,2026-04-19 13:46:04.930322+00:00
f0b93224-5f65-496a-9a0d-fc2987a3cee1,5288bd48-bd2f-488d-a338-218e2a3b3d16,1637.19,2026-04-28 03:33:05.404294+00:00
624df7d7-be27-4eee-9bbf-ba857426dd76,1dcfdfaf-c96c-43e7-87ca-471114a577e4,89.09,2026-05-12 21:41:56.194275+00:00
0156cf9f-484a-4c50-8313-01f405b14efd,138cfb0f-7ccf-4253-9741-13bdf696f0f3,5810.05,2026-05-28 01:26:41.499958+00:00
b55627fd-dd25-4ee4-a1ae-50354a71c195,2fd0502c-ceaf-47af-a175-fcd049536de4,2055.37,2026-05-22 04:06:09.827420+00:00
48506f33-4a33-4e43-89fd-bf177214299f,99e8d9ef-5f8b-45e2-8033-c88b1bfc779d,2655.04,2026-05-23 03:43:19.611858+00:00
c87e33b4-6e2b-429d-8649-727b3897275d,e4ea266a-c8c6-4adb-a32e-b574646223a8,10.0,2026-05-25 14:36:24.313326+00:00
cb0fd791-3fdd-4fa3-a9bb-a0b26f81ad63,abda5fee-614a-499a-9e96-dc0315d84637,1964.57,2026-05-25 22:01:46.390036+00:00
ffedbc24-2722-4c74-ac0d-54176e4b6dc7,62bf84d3-e3aa-47f1-8510-7a75b3b4384c,56.7,2026-05-31 00:22:09.701477+00:00
a5bf8b8d-cf20-493a-b1d9-6b058f0a2798,3378ff64-d242-4f4b-a536-07b0dd09c8fe,608.6,2026-05-22 16:28:47.734870+00:00
5224afee-c0ce-4441-93a3-b2e2a9df149c,442e51dc-2ddd-41ab-9cff-0e538b8743df,1005.9,2026-05-25 11:36:51.739292+00:00
c579bb1a-f48a-47f5-9365-f2e05236712e,114753cc-7bb0-475b-a1cb-5c600d01dfcd,555.12,2026-05-31 12:43:14.381959+00:00
968d16fb-64ca-4492-9f8e-8ceb50014c2b,22bd36f2-1990-4a20-a708-1c5056db077c,2043.97,2026-03-31 03:31:19.253040+00:00
ccc4432b-5437-4967-8539-dbe958f477a2,b573b004-2afd-467e-b26c-1926bd60ba28,1876.0,2026-04-18 16:16:57.079695+00:00
cf170c7d-4992-4948-ba14-b217a0b3c64b,596688ad-c4ad-49c8-b6c1-772c3efae2e3,1106.62,2026-05-25 05:26:02.700706+00:00
af2b1098-a76f-466e-b786-85f2dbf839b3,7a660cfc-b763-490f-bce5-4c595a731930,1452.58,2026-05-28 13:26:49.351262+00:00
88070b29-f636-431a-a4f3-90f64c6586ff,9843b847-938c-4d13-b29b-f23f3565ca8a,2693.78,2026-05-29 11:07:25.571628+00:00
9026b208-7e4b-47a9-accb-3858904309ea,e279e439-14ef-406c-b243-ace691d44135,1853.27,2026-05-29 17:43:24.585661+00:00
abb2ae50-c1bb-4dc7-9ad2-5cf8bdfe0020,f422a6ff-92eb-45c6-9273-b4a7087efd95,839.99,2026-05-31 21:12:18.176912+00:00
b377f781-ff01-4b99-8c4e-0a9fea37b11e,186a0bda-1dd8-42a8-9c1c-b3bf478f17c0,4260.76,2026-04-14 14:57:32.490621+00:00
50ea016e-7833-45cb-b74c-50e66465d4c5,7a54bde7-a956-435d-b802-2a9cfcc68e4a,3866.53,2026-04-19 14:56:51.773466+00:00
4e638d4c-ddf4-4eca-b0fe-abff97bfe1f5,78e608c3-0ada-48bb-8128-662c75f8bbac,2619.72,2026-05-08 00:32:43.730086+00:00
41a3692d-2e6f-4c4c-8b5f-ecfae48cfc9f,36f1b78f-e203-46bb-8694-ce3f6ee95893,2697.61,2026-05-19 08:19:32.287683+00:00
4f28fe88-970a-4f2e-b8f9-02800ff47ce4,75064fcb-716f-44e1-9659-e6f23398af58,2187.15,2026-03-30 07:10:43.418772+00:00
5610be5d-9efd-4711-9cca-c8a754bf483a,3d04342c-c357-4509-a662-7d7be40f3431,2058.81,2026-03-31 10:48:39.120918+00:00
8c0e8912-1e54-47b3-bc45-dccab1df0bde,90b8a91c-67c4-42d4-bbf4-2d4908da053b,1655.62,2026-04-07 08:36:31.805204+00:00
9c5022c6-b828-4215-a047-8d14bea9361f,11667fdc-8670-48a1-9fd9-2591238d5007,1553.79,2026-04-23 00:52:21.125355+00:00
c3ac4c20-e169-4e22-a0e8-b690271a92c1,1b6768d8-e999-41d4-b40f-e7c4de357386,1055.24,2026-05-19 04:35:03.119960+00:00
9dc71eaa-27f6-4f23-863e-709590c304bb,8f3d2131-9f7b-4054-866a-16fab01742dd,1291.29,2026-05-31 02:59:00.516027+00:00
6cb50965-2702-40f9-ad70-287ddd7f0117,7657ef5f-f05e-4cf6-8a3e-59b3ff7a27dc,1103.28,2026-05-22 09:34:50.537885+00:00
bea315c4-7f37-4918-abef-085c4177a939,bd89a137-9a81-4b39-a430-02b16bc2733b,851.72,2026-05-24 16:43:57.527165+00:00
e25b9596-91d9-4118-a3a2-d279a9cb2b28,083f05cd-455e-40bb-b68c-8fdd52d81ef9,1233.21,2026-05-28 20:08:14.696245+00:00
4b49e421-468c-4fb0-a791-e7c261d6734f,be83f5d9-0e6b-4f67-a799-18cb01bc8c12,790.98,2026-05-29 22:35:25.499371+00:00
d944358f-ea67-4bd4-8bd7-4e4496fd0554,f42a261d-229a-480e-b2e4-70f99bdfd844,2010.56,2026-05-30 19:50:56.143072+00:00
2f52eb19-8577-43d4-a000-c5497a89d282,9e99c017-13dd-4273-b0af-25a3fc5286ae,1986.71,2026-05-30 19:54:59.288802+00:00
12da82b2-2e4b-4e6e-956e-a1b10c972ace,25417403-9c15-48eb-855e-b0ef102180b6,1689.2,2026-05-30 22:49:56.518377+00:00
38a4519b-e9b7-4779-9ea8-3714a1757cb7,6261718a-7204-4128-8c1d-d491078a767b,580.68,2026-05-31 09:57:59.999534+00:00
0b90d1f0-7b46-4eba-b3f1-4aa24ffaafdd,5119bec7-f981-44f0-87f9-eebc16abb370,1275.09,2026-05-31 17:31:10.129258+00:00
fe3be668-f89d-49ca-a416-7b063ee6b30e,08d6d8bc-4cc6-4c81-aa18-63e14d028437,4212.35,2026-05-06 18:11:54.559968+00:00
2e477064-9309-4e06-b61b-338477c4449d,6f1f4523-fdd6-4409-902e-58e38fed827a,1027.69,2026-05-21 18:00:27.618030+00:00
249accae-1ced-40d6-98e8-d7557381829b,dba01087-e0b4-4a7e-8acc-7ddc5b8294da,3422.55,2026-05-29 15:58:08.906269+00:00
cb538a61-c416-4cfb-9797-49d3fde754b9,91287ad8-8326-419d-a0c4-3e6b39ddc62d,10.0,2026-05-15 13:35:06.737338+00:00
a74ad370-e51d-47b5-9af7-efa6297d4bca,8514aab5-776f-4272-baf2-aa1177171c95,1997.58,2026-05-25 13:03:11.440698+00:00
51274d81-3f95-4776-87e5-7df0f8eca34a,ffceaf85-703a-4490-b544-55abf346be7f,935.12,2026-05-08 14:48:11.971976+00:00
bdafa78c-6f11-4cfe-9269-20c8bd1587d0,27f5ce76-0692-4099-8a10-89ee53e7be78,626.27,2026-05-21 05:48:27.169005+00:00
ce3ce6de-84d7-47be-a610-135bce0329cc,47b92cc5-9ff2-4d4a-bc89-6a06b52d6832,644.03,2026-05-23 12:17:56.521438+00:00
9295717a-9326-40cc-97b4-abfc850f8271,bff3f04c-a9a0-4c97-9794-ed14907b0a44,781.09,2026-05-28 21:53:46.362778+00:00
394d149f-dd65-49b9-b1bb-31199a8bdfd1,b8a4a373-c753-49d0-8ffa-72f43e4bc0c1,1000.66,2026-05-31 23:06:31.187908+00:00
85183539-fc94-49fa-8aa4-f5fb387d44dc,5c79b707-a110-42f3-ae94-e055e331d2a6,1424.56,2026-05-14 12:12:01.100819+00:00
428e440d-28e0-4934-82b4-7475b4b9c2db,9280c006-a0a0-4dac-9114-931f9c29cb77,654.55,2026-05-31 20:07:44.801984+00:00
5b447cf2-62d3-447c-95cf-788228fc210f,4bd1909e-ba82-4d4b-af6c-0cedf9ce759d,2178.67,2026-03-31 06:07:50.697780+00:00
0abcb0c8-be93-4526-b0b8-fd725233d043,27065e75-0df1-4cf5-a89c-f1a90a9f45d6,2940.46,2026-05-20 17:51:26.261585+00:00
ec3edd49-7755-4796-a78f-5ebf01d8b666,c133c697-97f1-457f-a2d6-0f085ce0ef62,1048.37,2026-05-27 18:51:28.627570+00:00
abbcb7f7-cea4-40df-ae96-c03303fa0f7b,eff0613f-f6fb-4fef-ba8d-618e6424c3f2,3596.28,2026-04-08 07:56:22.377209+00:00
fe582339-01c0-4b34-a789-8d929f7abe92,6de47705-f3c8-4253-98f3-56c419e1f1fb,2875.82,2026-04-23 05:33:54.882446+00:00
311f44fd-2e2e-47db-ba0d-79138f5013c8,6541e352-2a9e-43c2-b6b2-1c228bc86487,4112.23,2026-04-30 20:22:03.012126+00:00
dff2989e-40bb-48fb-9cf3-531bdd9f2490,ceeb8174-1c7c-4e3c-9028-17257fea8d32,1903.54,2026-05-17 10:05:08.934701+00:00
0b17cc56-939b-426b-8195-973b81c92188,3b159142-7c93-4f51-9b43-996c8eac7550,1938.53,2026-05-18 09:11:43.080327+00:00
f65df750-a05e-4793-acf4-a49ccfaeda53,93e47cf4-0f92-42b2-91b9-f234f588eaa6,2399.55,2026-05-26 03:04:17.919225+00:00
cda40467-d35e-4986-bdf3-3be7c6452437,c48e5088-0b13-422b-b6f3-2f164eaa625a,2821.41,2026-03-29 14:57:42.191231+00:00
ffa2a401-7445-4dd1-b804-d68ed24c831a,463d51be-8842-463b-b36f-6fa3d986c2e8,5216.64,2026-04-01 23:48:12.806499+00:00
e8ad8c94-5373-44a5-8ed7-b6ab35cdadad,d62cb947-7df5-49cd-92a6-04ac84aa83b7,4541.61,2026-04-04 03:35:50.196515+00:00
ee069fff-8f64-4e62-9d5c-969150cd2e98,ec05be27-5f17-4e3d-916a-3910b86b389f,2886.6,2026-05-09 18:52:14.916340+00:00
e607f632-25ce-4d2e-80fa-896cbac0444e,ef847d2c-5fe5-49bd-8584-2e5db40ffc5c,5396.43,2026-05-13 00:39:00.557314+00:00
d85b4498-8067-4f68-ad26-b1d158eeba11,4662229b-d49d-4f01-baa3-d0c310ae4ae7,5297.06,2026-05-13 10:16:44.077833+00:00
80d1e42c-9a38-4ded-811b-398a710dc870,a99d13cb-b56b-4472-a373-3b4deb6b105a,341.93,2026-05-15 09:07:21.883719+00:00
8021d3f5-ecdc-480e-9d26-30b491934cbc,38f5f6a8-e2e1-4514-85e5-4a3e29c8aebf,10.0,2026-04-11 21:05:51.623393+00:00
50e1d9ef-415f-44e4-b09f-b84abce5c77c,801d763c-b9f2-4901-b8ba-fc907e7bbe54,2980.31,2026-04-21 10:09:21.490544+00:00
d27dd3ca-9cde-4f00-b290-27216a6be3db,65e9c02f-5816-4d86-8aab-e6000dace611,509.48,2026-05-12 14:15:58.407489+00:00
27676ab7-7bd3-40d1-a38f-3eeb14fb70c7,e3e85f0e-276b-4785-b2ce-473e06ef2296,2458.32,2026-05-19 09:07:46.475107+00:00
248b7ea0-80e9-492a-9521-5eb8e7a33d1e,bc853665-9220-4678-95a8-641debde70f5,756.03,2026-04-30 19:20:57.462511+00:00
e2d506b5-8c61-4551-9624-43049e1cc281,b640629a-e0e8-4dfe-b51e-2d5759ef1e5e,2430.47,2026-05-01 17:31:32.802206+00:00
4b0f9246-8681-4ea2-8c4c-a1ec08eba229,60e0fcef-a237-4ac5-bc65-3cb1ea35dc52,896.78,2026-05-02 15:24:53.941171+00:00
1956a36a-7b3d-464a-b2f9-c2cdeb06781f,1e007a91-922b-47ff-afcb-4ccdd8703cb8,1323.99,2026-05-15 23:13:06.279998+00:00
bbf28703-9907-407a-87e8-a5f6a585d923,6af183c4-2de0-4e23-a0af-9bd0815bc7b1,2581.48,2026-05-30 07:30:00.894583+00:00
46e4a705-6ea9-4666-be24-e76b8e1264c8,d0dd9e7f-ebb8-4dec-86a9-865d55739a1c,2461.84,2026-05-15 12:11:51.232110+00:00
e1eafa9a-4267-444c-95de-b99900921a82,fd43b666-4ff1-470e-b7eb-b9fd6e9855b4,2638.34,2026-05-23 09:31:56.031432+00:00
a2107b5a-345c-4d40-ae8e-5697573b7695,9708d23e-5352-4a9d-ac3e-c832aa33bf8c,3223.91,2026-05-29 16:10:15.856269+00:00
56810896-5bb8-42de-9754-08eb334325f9,db3190c9-348d-4b53-b6a1-33e52fa7dbb4,2335.41,2026-05-29 17:14:05.682131+00:00
c0416704-7793-44ea-9642-6c9c486adfad,af59cd56-6cd6-41fb-94c1-6bef128de87f,4115.57,2026-05-30 03:52:56.619949+00:00
f0a166bd-304e-45a1-bf52-9775066c8762,b7c3d552-47ea-40e0-bbdb-4da220886c2d,2490.25,2026-05-31 03:09:27.233528+00:00
09301b0a-b00a-494d-b3ee-7403045715dc,ab9295c3-7f56-4de8-9150-4906434d4716,3192.18,2026-05-31 17:23:35.164076+00:00
aff2b8db-0454-4332-81e4-3da754267b59,8dbda52b-921f-4f49-8fdf-168b532f52fb,143.63,2026-03-29 02:10:51.346817+00:00
bec6a38d-eb57-4d22-a062-9cb2d326c605,e51302fb-030f-4174-9cc7-e313865c0f6e,208.78,2026-03-30 19:02:02.880197+00:00
073b3ca9-d8e5-43b7-8915-e3de27c6345f,66980506-ae33-491b-997b-5cca608ca29c,167.76,2026-05-13 16:33:15.709359+00:00
7d27a2c8-e838-4ffe-a142-19c28ea22f56,daa35f87-3c2a-4e78-9ca4-514cf72b8b8d,440.47,2026-04-16 18:28:59.323699+00:00
f2793396-d0db-4b25-8720-17403e30fa1e,231039d2-2cfa-4602-8b02-c1ee176357d9,1267.04,2026-04-24 20:15:46.107285+00:00
9652d8c6-9384-4583-8c5e-2c65ad30b2da,63f98edf-d8cd-4b34-9fa0-3499329a2292,637.39,2026-05-12 02:04:04.000158+00:00
97ac5076-e978-4fee-a8c5-c18d7b2cce55,3227e014-6870-4f35-86b1-f810a5122dc3,1389.36,2026-05-25 18:52:20.055918+00:00
d4fa99cf-b84e-4bbd-b817-fe4e79303ced,d2f2e9bc-60c4-412a-8275-4ab25f8ac884,1141.44,2026-05-27 15:05:00.343866+00:00
24e84ba1-73d1-4211-b0aa-78313ac01fb4,0e9f97b2-91d9-49a3-a373-fb33f189993f,264.31,2026-05-15 12:10:08.524036+00:00
7ba491d5-a69a-4ac6-a48a-5ec2c15db6a1,ce6eb3be-84aa-4f16-95ab-300dab86f4a1,760.14,2026-05-16 02:31:02.125873+00:00
db1c128b-d607-4218-9091-36d71acf4cb1,b1b19f2c-c9fa-44c0-bf15-c2f47d3d87ca,902.98,2026-05-16 22:23:56.255708+00:00
03ae748c-88e4-4579-9fd3-c221351f45cc,67b3401f-22e7-4875-bb4b-9894ae6221e3,369.65,2026-05-20 18:28:18.051429+00:00
761b8642-14db-483d-8641-020d35be4e19,1cd9395c-b99b-4db8-8245-79441fc4895d,761.15,2026-05-23 19:48:44.360364+00:00
6a73f858-e43f-42c5-89dc-1357889f7bb6,2c19d09d-a04d-4ff2-90e6-d0241cb8bb62,1035.73,2026-05-25 12:41:34.044180+00:00
9d693ca2-a543-4692-81b1-3fab4308b39a,891990aa-c929-4e8a-b439-e797e3f415b7,1517.92,2026-05-03 23:52:42.718253+00:00
67a6ad13-855a-4ae0-ab19-306920fad3ea,afdb8bb9-83fb-406d-9860-03a4a8f09186,1198.31,2026-05-08 10:45:03.584127+00:00
952bc9f5-36c8-4328-b1b1-a4d015645af9,9950eeb4-9f67-4b30-8e66-4ea3592bedf6,1973.57,2026-05-15 13:33:45.272185+00:00
c13fcf03-f159-4281-9e83-52f0df5288b1,89bd6b84-7acb-40d0-8499-79712a3eb6fc,2054.35,2026-05-23 14:55:20.307463+00:00
877ea43d-b6af-4b23-83bf-b14bf6872470,0ff24caa-3d5b-4e71-ade9-f1fbbe6841d9,578.72,2026-05-31 16:58:48.441155+00:00
01ec4952-f4ce-457d-bea1-1e877572b3e0,5c9bd39c-8a24-46e1-b9b3-a80c4e589e5b,288.05,2026-05-31 20:31:11.521785+00:00
6354223b-6b8c-484a-9163-d3d43976995c,a23c086d-c6e0-4589-b5ec-8601137e0b6f,633.01,2026-05-31 21:14:52.489035+00:00
27b519f5-fbf6-4e3c-995c-b3e13746f1db,accb98a4-6fdd-49cb-bd9e-810fadde0f0a,392.13,2026-05-31 21:58:56.160354+00:00
20e1ff08-125d-4431-83da-d5fec5befd70,8a32f280-1761-488f-bcc0-f08ffa017eb0,525.18,2026-06-01 01:06:12.310069+00:00
d1078e60-6d6b-418d-94b4-e4c01c706ac0,351447f6-07e5-4e7b-b861-cd7c3307d52c,300.12,2026-06-01 01:23:29.238209+00:00
7a66630d-77b8-419b-957d-f54e02525710,f9115f2a-1c30-44d6-b85a-28227357eeb8,4772.63,2026-04-30 19:38:08.234145+00:00
df91bb0c-0ed6-4cea-a314-47934daeb476,58e290d4-7765-41e4-84ac-ba0f80ebb652,4730.45,2026-05-19 00:41:30.585591+00:00
c930dca5-ee51-4f0d-b32f-e3e880c3de63,4ada09ed-fba5-40b9-93c9-bbef9fcbb04e,2186.42,2026-05-19 22:07:15.382456+00:00
124bec19-39ba-4605-b1b9-31f1e8cea098,8571ac7f-9375-43ab-b48a-4e616b887850,5220.79,2026-05-20 08:10:26.066480+00:00
c502e004-17a5-4007-9f1e-063cee52c41c,9ecaabd3-b57f-4b67-8099-ce75a11df858,3066.4,2026-05-21 11:04:55.344031+00:00
cab4c21b-2f96-452f-a403-86dd39aba862,88c351e8-e14f-482a-9c1f-4259c7d2ed80,89.33,2026-05-22 16:19:28.509038+00:00
3e29d00c-ceef-4b77-a07c-e90e6f0b0e58,15b8398c-02c3-4b6f-81f8-84985a5265a3,599.74,2026-05-30 07:09:49.604838+00:00
98c98206-71b6-4994-a020-2cc5b8b28108,cf3a93e6-1db8-45d9-b324-e99671241967,3437.95,2026-05-29 04:58:11.012150+00:00
2442cfe7-afc4-485b-a47b-1f9013d99773,53ec8c06-2d5f-4e27-a4b4-e23403d6d6ac,1716.72,2026-05-20 07:29:11.902189+00:00
ea81bcd9-f6ee-4de7-a858-7509a4e2e488,db34857b-520a-4f2d-b52c-2b145fbebd76,1236.77,2026-04-24 19:43:50.092611+00:00
0edae474-4cee-4ee9-8dcf-0f1c5c2fe89e,1cdd99d5-8319-4621-9bbe-df671f2a5eae,1207.9,2026-05-04 07:56:24.256164+00:00
9c384643-67c0-4d93-ad0d-e541cf456240,db9edbb5-ccac-4ffb-93ba-41a314fd5093,1837.76,2026-05-16 01:02:43.497970+00:00
4edb420b-37c8-45b1-aca9-19ba091725f1,ee3c6f3c-c2fe-48ad-b0c9-d4bbddbbcaf8,3944.1,2026-05-29 09:19:50.922711+00:00
72c5e53b-0880-416f-ab29-e39448bba98d,4d525157-a392-4a11-a5dc-6efb65dddaf0,3444.99,2026-04-16 06:49:25.456349+00:00
b0973ba1-cafb-482d-9245-afbbc86fdf53,bbf523bb-80bf-4007-816c-38f4ef12c9e6,3095.47,2026-04-23 11:17:20.939276+00:00
105edb06-83f3-4216-86b2-e779211fca22,2ecbdc3e-0db9-4301-baab-ac13116d67d9,3134.98,2026-05-14 08:16:07.877568+00:00
e472b4ba-f98d-4a72-b474-8e002f412cd3,5c2ffc39-05d9-4351-b78a-6153c6889698,980.6,2026-05-04 12:54:04.403844+00:00
f8ff110c-37be-4fd0-b26a-f299462d1123,28f81be6-8f6a-45f5-b1bf-a5c3491f6e7a,322.0,2026-05-12 20:16:56.099326+00:00
ae269b0f-668a-4aab-bc25-8e185dba0d1c,23bc0651-a558-47f3-b6f8-1444a1a3c04a,1039.95,2026-05-18 19:04:48.502985+00:00
2d958e97-994e-4df1-bec6-bd1a7110b8fa,014df01d-d480-4b41-a364-b42437b19566,1676.81,2026-05-29 07:15:30.943656+00:00
841e2451-2f60-4447-9e20-f9b82b819b80,6f314b9d-4ad1-4325-9553-936271067929,4086.3,2026-05-29 17:19:05.960616+00:00
8a6bf8ad-68ef-4bec-8a53-bc364943c2db,7e7a9c41-1351-4274-b96d-ca3874edb768,3145.91,2026-04-08 03:09:29.975787+00:00
5323aa36-e22f-45c6-8c06-a6f3bdb87382,bc117661-7fea-4301-8c81-e9d6a0850d68,2890.1,2026-04-14 12:17:32.335470+00:00
f6136e5a-7a3f-49a6-965b-689463595cd2,c287767d-ca56-43a3-aa85-222d9aadad5c,2141.7,2026-04-20 04:04:06.350214+00:00
c3118600-93c1-4011-af55-c8ded19a4fd3,91c399e0-871c-4b2c-9e3b-576ad5b274ba,1587.97,2026-04-30 18:28:48.302262+00:00
15afd93b-07b8-4668-befa-2cdcf50cb7c3,878872bd-b18f-45f8-9c76-e72df875d14b,1143.19,2026-05-04 10:38:37.572532+00:00
75e7578a-d931-44c8-bf9f-9547a3ff3454,cf9cc79f-6bb6-4904-8abb-418a5ca23482,3426.98,2026-05-28 20:55:58.347910+00:00
1f808a2e-9489-4f84-bfa5-4dcb6173c0e8,36c6ef6d-0f75-4b79-a4ca-8b303bce6fe5,2177.94,2026-04-12 09:21:15.516147+00:00
c201ec51-7614-46c7-9eab-a859de092f41,7063f259-9a04-4563-a97e-f4f05c02522d,3120.25,2026-04-19 09:43:25.964808+00:00
22e6abc2-ca7e-4ddb-a6e4-b846dae09609,ec732ed4-2f10-4dac-84dc-9de6de275056,2449.83,2026-05-05 03:27:30.637230+00:00
37eae83a-d6ad-4d48-a072-af20300d6da1,821842c9-dcaf-4046-adc0-3c28edef9639,708.84,2026-05-18 16:00:22.468760+00:00
d637c6e2-da5a-45ad-b097-b8a1b5725cfa,70f8c7c1-899c-4f6e-bf23-002bfcd735f4,3003.73,2026-05-20 19:20:37.597730+00:00
fc2a0241-d341-4b90-a06d-72a68dc2ecf1,3a3ab2a3-be83-469f-bdc7-5bbad4f67b18,1659.25,2026-05-27 02:22:21.354742+00:00
ed53289f-2ea3-4a99-aeb2-646e567bb402,3e306fe2-1476-4d66-a823-2541ef67ce37,822.41,2026-05-31 20:43:01.796796+00:00
9d3db21a-ac9c-4f51-bfc9-a48b7a1b6ddc,605ef8fd-3533-441d-a0b3-d8a82bc200bc,4084.78,2026-05-05 20:13:25.868112+00:00
32e750f3-ddbf-4daa-84e3-4a0300e4a946,95d4cfbb-e532-42b5-8fae-996f9d4c7e68,1918.83,2026-05-12 13:51:44.766314+00:00
f48756b7-0b45-4a61-8bf2-929cc603591c,50a3a7b6-81ae-4268-9af4-b823c9543f84,3838.37,2026-05-16 20:27:54.440600+00:00
539ea304-b42b-4869-9e3b-0a63627aee50,809644dc-1524-41f5-82f5-f180d0dfa8e5,3784.98,2026-05-20 10:25:18.672151+00:00
22da9ac0-1457-4d4b-a1c9-ed8002e53ac2,cdeab37c-283d-48e5-bcca-3e6ea365aca5,3312.35,2026-05-24 08:30:22.996567+00:00
b26f2151-eb0a-4439-acd8-4eb546c9390d,22972953-c5db-458a-a92b-ab10dd79186e,4251.12,2026-05-01 07:53:07.920312+00:00
b7db0235-2eb1-4bc5-8d83-2d7af991f7ec,e065c1bc-6e45-4437-b3fa-77aff3050bb2,2854.34,2026-05-19 15:09:59.904929+00:00
f434734d-82d8-496b-92fa-3fbdda5f0c64,4c8f14e8-d64f-4f77-87c8-f197caf2d870,1475.17,2026-05-25 19:56:12.153188+00:00
36228b8b-e644-4d61-9596-a4a6c2369a08,dd63560d-d4ec-4662-914e-998cf2c83dd6,1857.85,2026-04-22 07:05:40.365680+00:00
26e7d041-78bc-4e46-94af-1e46805b9577,f9529098-1bcb-4fa1-acea-ef17d305747d,5531.35,2026-04-26 11:31:54.679532+00:00
51c55272-6fbb-4c95-95db-37065a1e860b,65a4be5b-5f2b-4f60-b96b-7f977f917962,5100.22,2026-04-30 20:47:17.259901+00:00
1c9d93d5-24c6-4921-80fb-fba7cb0d83a7,cd18da5a-2607-4b2a-9447-21f2a5303386,5735.97,2026-05-11 21:15:42.821346+00:00
048d289d-8581-4a25-8862-8173f86adbf5,3ccbd77c-6373-4dd6-a3ab-460e8d35afc3,6691.33,2026-05-12 01:20:38.177098+00:00
83d55375-105e-440c-a93e-f99f892c0a0b,7a4ae349-7594-432d-862e-a5be043c7cb0,3390.44,2026-05-14 02:26:52.430575+00:00
a52bb6af-69c4-43ef-8adc-51b5029d2879,93e27a31-e71b-45ab-9d23-30539e0cc7ba,10.0,2026-05-31 19:54:07.795514+00:00
f036729e-8912-4274-8c27-5b8eb0113d62,cc7c25de-bf16-472a-8a98-108f3bc1ceaa,1643.97,2026-03-27 08:04:01.183671+00:00
37897216-8c81-416d-82d4-d2f016ac13c2,9ac9483d-b784-4339-af78-f5fb978c6db8,1451.34,2026-03-27 18:55:17.485140+00:00
1db41875-e5ec-4092-9d9c-d8619b08424d,14c08794-e155-45b4-83db-e41bb09b7a2f,282.58,2026-04-24 07:56:43.980558+00:00
0ca4e4f4-58a4-4859-ad1f-83d531530677,9b8c00ef-bc72-4f9e-b2fa-9cd34ee7c2e1,1713.24,2026-04-26 23:21:54.444446+00:00
c401c24f-e8e6-4df7-ac89-0f2081daa85e,01017711-d423-45bf-97d0-79869c1bcee3,1268.06,2026-04-21 04:06:06.326163+00:00
c3b9cf1c-c9ed-4b85-9b54-b0c1ae1aa1d0,ed3a73e2-a5c5-4288-8dcb-7f4717fe0ee6,1092.38,2026-04-21 09:23:14.562950+00:00
a61c5c4f-08fc-4699-a3c4-60fdded602e4,8abf72aa-60ad-433d-a43f-596725407ccb,1079.12,2026-04-30 02:06:46.679306+00:00
c2a6f6c3-fc13-415b-9c72-c9be5a6a3e84,7d92475f-9779-4a82-a41f-6f9ff239ee64,442.63,2026-05-01 07:25:45.292154+00:00
6de2a868-fa2d-4923-8a8a-c7437d9f919b,c26f5919-e80d-4b54-89d8-1769218f4b08,1370.75,2026-05-06 00:34:49.923370+00:00
f9409470-9735-4af7-b0ff-b3b673c93a32,7412fb66-d014-4f88-8309-b141443c7f89,674.71,2026-05-25 22:23:50.100781+00:00
82ac63ca-be36-472c-8826-38bd212f5d33,ef440262-f4d5-42b1-830e-45a0850074bb,2391.28,2026-05-21 17:11:22.745069+00:00
7c46d184-6121-4b26-820a-a0a366b66283,bf5d3897-c8f9-4724-8385-eec0597acf32,3359.41,2026-05-23 04:15:00.856763+00:00
c6280c56-6163-4c04-9cd4-0cf49f194ed9,d3f9ecd9-fd09-4e58-80db-fc816133cad0,4113.62,2026-05-24 19:04:39.306349+00:00
41f37f05-ffde-44e6-8519-9214fc7f75c1,a701060b-c3f7-431e-8a3f-2f8da4e031f4,3616.0,2026-05-31 04:40:36.979983+00:00
4df2bc7e-87cf-4b80-9672-fbcceac5a4b4,f6c2961e-40bc-44f3-a539-71d5e3b9ab1b,4400.83,2026-03-22 11:08:24.006902+00:00
c953f1ed-eeae-4af5-b076-725d93c9510b,09239cf6-7d7f-4a03-bb03-4f9fa5be16f8,1747.16,2026-04-22 03:52:35.917996+00:00
6f94f28a-bbda-4b3e-9ef8-a18849fd683c,53a7542b-9c97-460e-a0e2-5d67b65e03d3,1543.15,2026-04-29 18:24:56.654218+00:00
c2c334e2-d45a-4965-87c2-27f9a9509f0c,5a1b5194-9393-4a94-993c-15bbe318ab69,5680.42,2026-04-11 18:35:06.076355+00:00
aeea8a7c-63c5-4549-9f55-c914e2474f9d,bf92c4b6-61e7-45e7-9783-463b064ff46e,2275.2,2026-05-21 05:25:02.010457+00:00
259372a5-b0f9-4c8a-9dc8-54d2d2237d49,f999e137-b4c9-42b2-86ad-eaf92777ae7e,2131.06,2026-05-31 10:12:34.053657+00:00
e06ad6c3-a371-4d8d-af92-9c177d83bd24,3a8e448e-30e4-48e0-a07f-26a98c1b86e4,2325.65,2026-05-21 22:18:18.960674+00:00
8ddfddbb-3782-4eb1-8fc2-ffbc4e53a251,87759510-20ef-42ae-8ac2-3f1fc151931a,1174.7,2026-04-04 13:26:55.813615+00:00
bb0323d7-8223-47de-8ac7-6c37ae320671,67074c80-ba8c-4b00-b598-e49f309efa86,948.83,2026-04-08 04:30:37.280227+00:00
4fa0263f-8c31-44ac-a1c7-665757272fd6,d74d7daa-24e4-4312-b5b9-1999d5e3e4dd,1597.39,2026-04-27 09:13:29.738170+00:00
50a497b3-42dd-4feb-aa00-cb22b3b728a4,20af3a8d-54e1-4294-ba24-2c60cc667720,754.67,2026-05-08 22:32:17.529994+00:00
637826be-79ea-4fa3-a01b-bcbe04a7a44b,0b957434-a7f4-4925-ae43-42f794571f6f,1751.22,2026-05-12 15:55:24.242623+00:00
12605024-c0d2-4d0d-b4b3-3796d9b58b1a,d1f068c2-8041-4689-a9e3-d5cc2d3b714c,922.2,2026-05-28 01:01:13.239501+00:00
8bb24180-a856-453a-b3c5-14aac8069d7a,730ee06c-1a4e-4f6a-a7b1-0d69571aaa66,1157.77,2026-05-17 07:57:28.540994+00:00
29c5ab7a-1cdb-491e-9c55-d03179224b2e,05e67d8e-b455-4d7c-a9f8-c74c36eac43d,270.59,2026-05-19 23:44:05.720510+00:00
55c8c94f-d0e6-46a0-9e57-367c3a1e4644,593fe67d-3a0e-4b45-96cc-e382ff340520,1307.92,2026-05-19 22:43:50.005894+00:00
f7253e6d-bf24-4aa2-8bf8-01d780e3cc3c,656f219a-aee1-44b0-bbf8-f4a32f1117e5,846.67,2026-05-30 17:57:29.273382+00:00
4cf2ca3e-c4b7-4ea8-ab1b-1acb8e9b2299,5273995f-aee1-442b-a060-9df2159911ed,2530.96,2026-05-11 00:33:10.464711+00:00
428e22a3-db7a-498a-a0a3-23b1f07f55ae,9af432d7-5c10-43bb-b081-8bf694c98e90,2158.24,2026-05-14 06:00:06.821469+00:00
357c1d51-1b08-4580-943d-937d604856fd,02b86591-5427-480b-990b-77fe2e455dc6,2985.17,2026-05-27 23:50:47.789627+00:00
380f4784-5f89-4304-8ffc-e4eee961a30c,17796d98-88bb-4627-ae99-4d7b4cc5add8,995.42,2026-05-08 23:33:18.266395+00:00
e1fec8f0-6154-4673-b69d-3fc25135cfd9,32bfa504-f778-4e85-a9cd-a383c09466aa,206.78,2026-05-12 00:01:56.652651+00:00
1214a713-d9a1-45f3-a221-bcdcf714e182,74b5f73c-d82a-4c5f-b4f4-979f1ec69012,3895.1,2026-05-16 12:49:11.247564+00:00
29757017-ce3f-4c69-b29a-34e8522e8df2,71859ad2-e1b4-402d-a563-2095090aabcd,861.69,2026-05-18 11:35:07.242522+00:00
ba017c72-3400-4c8c-9278-8a4e8fdae649,81c7a6b1-dda8-43d3-bc83-428c8cfac71c,5646.62,2026-05-22 15:50:26.876870+00:00
32bbfeb0-be9e-4675-bfbf-90cdc3d3a19e,934e06b2-44af-4583-a88a-d588826f0bcc,1796.29,2026-05-24 02:21:42.216970+00:00
cea29202-8fc0-40c4-a0d9-12f89f30bc9e,57fdb227-3250-4b0c-8898-b69b8cc2196d,6011.65,2026-05-29 11:10:53.365925+00:00
0ab0dc5e-6667-4b07-99f1-614f6b5f3958,7663c171-d52e-4b07-b34c-87ddd9ba7659,817.24,2026-05-18 13:55:00.845590+00:00
74875b86-862e-49cf-a1ba-532a7521df33,c8e54e6f-c232-4b68-adea-4288e5347925,816.3,2026-05-18 18:46:14.186575+00:00
41ddfdcc-601f-4564-96dd-8a690c4db9de,77d24029-e65c-44a3-8a7e-6ae194ebaa1a,741.7,2026-05-18 19:30:27.660086+00:00
5a4944b4-89c8-450c-81a1-0cd5a53ca8dc,2771d99a-f138-46d5-8caf-bfbcd85ccc7f,1603.33,2026-05-23 14:30:23.417737+00:00
5870881d-30a1-443e-9661-15387838939c,baa68a01-95ca-480f-b827-1c451ccd6674,610.44,2026-05-28 14:39:01.809555+00:00
763e4fb0-1560-4419-ae8f-fc41e3aaabbf,28881444-1f8a-4ff2-869f-53a27e050c66,1303.01,2026-05-31 06:46:10.778459+00:00
8e66ba1b-c6a7-4c73-ad36-cfa03ee41889,7c46acbb-621c-48c2-bc4c-5a3536e858c8,3070.09,2026-04-18 21:29:29.894634+00:00
bf6c4329-d2e8-4b3d-a418-7947ef0851df,10d14cb0-7ddb-4d86-b864-80ff45c79698,2338.76,2026-04-19 06:23:04.742001+00:00
757a6cea-e6d2-46ff-9ac0-a8beea6238ba,2e0b6a71-8ab0-498b-b0e7-d434b0db7a14,3399.02,2026-04-23 00:52:08.700402+00:00
9683c0b4-657f-4e40-ab6f-16b9d542226d,abb3dc07-77a0-4736-a82c-c902fef195e5,1956.87,2026-04-29 19:31:29.206440+00:00
b18104a7-0b58-453b-95dd-4663ef4974a2,0b96c020-35ad-4204-9ce3-5d7436db79d5,2919.9,2026-05-09 16:20:51.402684+00:00
28922013-b0aa-42cd-b174-09a9deea0d17,56500d3b-fd13-4dff-8519-13726fa5a6ac,10.0,2026-05-17 21:49:40.068228+00:00
efa3257c-1c32-4f50-8666-3973fb7ccd51,286e67b3-de16-4b0d-aab6-2bd3834f5cbc,1308.57,2026-04-17 08:48:02.222354+00:00
3bcdd2ae-46fe-41b8-9854-2d0c2c3a4190,55ef7cb1-23a7-47ce-b31b-08e93c7e9965,3365.57,2026-04-19 06:12:17.099212+00:00
9f4aa7fc-d7cd-4461-a30f-8d5855d514c5,1bcb51a2-4135-415e-bda1-c652e632f7b0,2323.28,2026-05-17 11:03:23.692932+00:00
6cee85a8-01d4-4e79-a56e-9d2d60342129,c6f9709d-1877-4fbc-be4d-e465cbf1fe7a,2207.05,2026-05-22 09:59:09.528373+00:00
3f5d1fb4-8285-4f1a-8ed6-0d9c4eeaa37c,e8042724-6ea5-4b73-be68-fb3e1ed766cc,1274.28,2026-04-20 22:42:36.610701+00:00
407875c1-13cd-479f-84e2-3eb93fa6cef1,6d1dad0b-a2b6-43db-8321-09c0928f6411,1534.15,2026-04-27 08:16:44.507924+00:00
034836c0-264d-48f2-8dab-d90d8322c50e,e665ac10-3b01-4c99-986e-4756f3e58daf,2008.34,2026-04-28 14:58:27.396148+00:00
e142a18d-1db3-4082-a937-122b57783b15,cc1c51cf-4118-45ad-917c-3d59746bae1b,1187.94,2026-05-13 03:14:06.800533+00:00
0b59fd41-cd86-47bc-90f2-aed9f322bfc7,db70d13a-3791-44c5-ade2-25d2fc821ad0,2012.93,2026-05-07 06:23:38.703167+00:00
348134bc-613f-430b-adae-0ca3fc7739af,c242e243-f628-44be-bfe2-7672c7219618,883.31,2026-05-07 15:45:24.146262+00:00
3972751b-b7aa-4aac-be0e-c7e3025e2770,63236e7e-62cc-44ff-8740-99e2dba26ef5,1096.78,2026-05-11 00:46:45.861451+00:00
adb71f03-b165-440c-ad2b-458aa798ec68,ae2b5ea5-4e5c-495e-a5d5-346908f8d90f,551.71,2026-05-21 22:44:26.664339+00:00
cf982369-204a-4100-94ca-0a0da3b77a3f,82a31e31-c586-410c-b81d-54c823c3c5b8,2390.49,2026-05-24 00:35:41.009428+00:00
fe61a485-9a5f-405b-bcc9-4c153d4f2912,24940854-8c39-48d7-b8f0-5dc14c627bb7,738.33,2026-05-24 10:46:39.873755+00:00
e0e6674b-4fb7-4d00-803f-07c65fdc0acb,82f5ae1c-8009-41db-954d-71484280ae81,822.86,2026-04-21 20:37:44.111664+00:00
652dad9a-7b0a-47b7-85ce-5f8ef50b70a0,ae618da1-9f4d-4113-af3d-1e0d1bc8e454,2918.52,2026-05-19 01:08:33.223622+00:00
5612059d-0e46-414a-a94b-0ecd8d9aa8c0,86a685be-6071-49f2-93f5-6c758a40fc25,3419.26,2026-05-22 08:56:29.015130+00:00
29ee1096-d202-48f7-a7ef-de862b329535,9a3a8e7f-4f3e-4457-a412-24aeda3afa50,759.44,2026-04-21 21:33:57.145823+00:00
25fed4c2-7428-48c7-b68b-b378b2000cee,37126e53-9283-4b27-9e4b-33d2c0a05d4b,1316.39,2026-05-06 17:25:27.496508+00:00
0e09b387-49f2-4465-8235-f209a30dc0ce,35e5fea0-c294-4585-aad4-9bfdb8cce14c,2385.61,2026-05-07 14:21:11.072478+00:00
ffe6d562-5210-457f-a700-031639987396,5830e5b0-d60e-40a6-9c39-e95d3f2a0b7c,1249.88,2026-05-09 09:51:58.246947+00:00
5edf96e5-4931-4c93-80d9-ad37d55cbd26,33be8a0b-152a-4d8c-965d-c32c291350a3,2279.12,2026-05-11 14:56:45.818218+00:00
705adce0-e78e-4fd9-a250-806520b39eb8,2826f065-e662-43fc-92bc-ac44ac239735,2228.77,2026-05-22 13:11:00.432206+00:00
1fc69466-3fad-410c-b500-99b1966a1747,8998840e-cff4-4e09-bf74-4a92d4a4c34c,837.6,2026-05-16 09:34:56.167048+00:00
bbf5688a-0c48-4603-a008-5be25d0df63b,d92daa76-1ce8-4991-92c4-a500e87ea0c6,578.16,2026-05-20 23:27:14.044054+00:00
d8315834-dc59-4167-8df7-b6fa11726e60,11c0a194-c2a3-41d9-8ce3-1d97e5f409a2,1131.6,2026-05-12 01:18:22.472118+00:00
51da9dfb-9d5e-4cd2-8a47-3f2601946abe,6cbd8f76-d982-4158-b742-7484d133cd5d,3295.84,2026-05-22 23:03:51.503375+00:00
2186f4dd-873a-4d71-b9d4-b880a1eaa230,c35e1a5a-fe85-4077-ae4c-1566d11d82d4,1473.33,2026-05-28 03:26:03.693250+00:00
52664c03-a7da-4f73-a46e-b1338f81947b,cfc0aa22-001e-46a4-9489-55c56223d42d,7806.32,2026-03-22 15:22:43.924181+00:00
3ca31050-0725-4caf-aeea-9e419768f1ca,e414bc10-634e-46ba-a81f-790de86b61bc,2804.62,2026-04-22 21:07:45.364426+00:00
a92b4b82-eb8d-49da-a56c-ba706cf5abbd,b1ae27b9-632b-4643-a395-8a5314ce0925,4650.79,2026-05-06 09:10:40.693505+00:00
199896d1-054e-48c4-a701-b10986cd3a4a,1012230c-e987-4077-a626-6e3dbd08a15b,4809.89,2026-05-14 09:34:18.275177+00:00
a20217b0-4c87-4b3d-bb83-701b4349012b,c0c7619d-33bd-4c3d-ad72-0ed3175dcc9a,179.24,2026-04-13 10:24:35.241233+00:00
17f299fb-8ee7-43c4-b47b-eb62dff2b531,cd65d7a8-4c24-49a2-8fa4-f440afb0bbfd,194.37,2026-04-13 19:49:19.778218+00:00
a7e521a5-9da7-43d9-8067-0bec0126fb07,12516b28-cd80-4d76-b752-ea1a8052c132,466.28,2026-05-04 23:30:52.645675+00:00
af3dba39-847f-4c4e-b14d-2ca476857f96,7cec93cb-d07f-4e5f-90a8-9b1296f11186,114.66,2026-05-31 07:29:54.547672+00:00
4eccbbde-e1ef-495e-823f-e66f61d77989,9c27bb54-6364-4ff1-9642-ddc676d1976f,3126.25,2026-05-01 05:38:12.946932+00:00
da8e193d-5f8a-4a3c-9001-c6e91ee5d5ab,5792858c-1ced-4ea9-a949-d1c1daa859b5,2268.86,2026-05-01 13:41:06.500675+00:00
657cca50-b406-4614-86a0-94fcd3c18d30,449cb296-8590-4fcb-af27-0fe3cc75d38c,1850.36,2026-05-08 18:11:21.492091+00:00
043aee01-954b-4df0-b7aa-78d71cd3a7c0,5c2bf959-0284-4f4a-b9e0-436a70441e36,2094.12,2026-05-17 18:28:02.485540+00:00
94665630-991d-48e9-b47c-c81b292a205c,dd54bd75-341d-46d1-baab-63f331424a58,1254.17,2026-05-24 09:41:24.987553+00:00
7de01242-0f53-493e-a920-30e1ed00b508,09923144-d06a-4216-ae1e-bc5c9d3a7f0e,3658.34,2026-05-30 05:25:44.642262+00:00
b1ab2220-b4f2-4b74-beda-bfe1d727f803,3a560d14-b7c3-4ea9-822f-3ec61e2cc644,3543.9,2026-04-19 18:49:13.699349+00:00
48db9e00-e65a-448d-8ae7-a296f0aac850,406e4bc5-a4b6-48d8-82b7-c87d8438f51c,3209.08,2026-05-04 12:56:04.237200+00:00
e06e721f-77ae-4ebd-9e63-2cff422aaa86,7738a1c8-e7e1-420f-a042-3c8c3c046b3f,10.0,2026-05-22 17:02:25.089328+00:00
605afac7-5a94-4938-ba56-20083997f940,80bd6e6f-5167-4c42-b59d-0662299f7027,1014.98,2026-05-25 05:34:19.989718+00:00
a798381a-88c8-4cee-ac38-7563a44da7a7,26cdfa06-bf93-4cbd-9613-ef4f0b3c2d15,110.76,2026-05-26 14:02:52.704421+00:00
0a98ba0e-3be4-43bd-a7a1-a0cac98622ee,2cbbfbf1-1f6c-4f32-981b-abe90b7b30aa,2719.56,2026-04-08 15:45:44.346257+00:00
bdbc0a33-5fe7-4f31-a9de-778ea3265e28,a2e04620-1c0a-4bd3-b54b-bd4f54ac2778,4888.2,2026-04-12 17:58:49.370571+00:00
a9109d4c-0c9c-4750-8bcd-75d1a01b4966,47455e19-b2f0-43ce-8443-6ddbdf03762d,1053.38,2026-04-25 06:55:55.995404+00:00
96cb45f0-cda2-4654-bd9c-d9c478876a7c,d7195e27-0a0c-4dc8-8141-c0fb8e4882de,1782.91,2026-05-26 23:08:27.072862+00:00
da64f19f-d118-4797-9713-64dae58cad17,d26dd6d6-5955-4a1a-91c1-07771af5c034,4766.99,2026-04-06 17:02:01.695861+00:00
fb594436-761e-44a3-95c6-d8ae100fb358,a1936349-a89a-4fc8-a737-4d6c4f780b28,3205.36,2026-04-14 18:33:20.264915+00:00
bd41950e-7a6a-48f4-afb0-324b810929da,5279cfef-d1ee-4b84-9043-2e103fe3d751,1965.08,2026-04-29 09:42:09.091905+00:00
769b4706-1bd7-4a9e-9415-eb99eab04503,1dae88b3-0f07-4dfd-bbb5-e0f2f7c79b84,3429.32,2026-05-15 11:20:43.213542+00:00
ce6ec44a-5e92-498c-8f96-08766ca66519,b3686a04-878f-4ffd-8985-631bf679d070,1938.15,2026-05-24 16:12:04.379296+00:00
82db308e-9dc7-4e2e-b261-acaf5ce7eaef,2eaa444d-5cf2-4ae8-ac54-ae3b5ef8d0fc,5929.17,2026-05-27 17:30:17.320384+00:00
ee0e9c22-1a04-41a9-a0e3-7f49072d0f64,5ea1bdd3-6bf4-40fe-a858-94c519fb60ba,6027.27,2026-04-03 04:21:15.608358+00:00
8821390f-d56d-4cb8-9265-112cb7347a7c,92ccf36c-36bc-4260-b07b-27b52518dbb6,3435.93,2026-04-13 09:06:45.709289+00:00
3ad816a8-8997-469e-9add-23addc3c2441,e3298de2-125c-421f-91ff-2e1c114d4f02,4436.54,2026-04-15 22:05:19.204428+00:00
03ef07e4-59f5-4719-8e3c-5e2092e83119,7c0fb786-a92d-4cf2-ad50-3db860a358b4,4720.61,2026-04-23 11:45:27.869840+00:00
9d723e03-6ebc-4b1b-96db-1a2d0b9e906e,00d7d6a1-5f66-43d6-920c-15474a0f3130,4085.72,2026-05-23 00:57:32.414161+00:00
80984dbc-756d-434b-9a27-489e2aed450b,71054c18-a0d0-4dc2-948d-50e0f65dc567,234.13,2026-05-12 00:29:04.415331+00:00
2e0c66b3-9e13-4fec-8722-a8e6148e5368,f1c011ed-224a-4961-a0a9-8ad49cdfdc01,3335.09,2026-04-20 11:08:46.464639+00:00
d578d20f-ce0d-46c5-a29f-1170716b6159,ebf2eac1-bc07-43f5-88c5-e86799d85ec4,4284.76,2026-04-21 04:06:38.910901+00:00
a5d0194b-55c1-4ab2-a523-2c91f583bf2d,9495fb84-6735-4b4d-aebd-b5fa827e7c34,2465.65,2026-05-03 08:46:51.817679+00:00
f88e345d-90b8-4abf-a0f4-d1b08f4466c1,187d4802-4738-4b6b-b1f7-fe427602a0d5,1558.76,2026-05-20 10:47:58.365844+00:00
25a8f0c4-a31b-49c5-b8cb-fc844ce9f9ab,ee9d49de-9c36-44e7-8ac4-3c72ff1ae10f,2484.56,2026-05-25 08:54:28.727252+00:00
9788763a-0973-40dd-8e37-a5a44c0caf4d,8018eafb-c7cf-404d-9405-cb1db7749e8d,2497.91,2026-04-02 09:36:48.945875+00:00
34313ba2-cf38-49b2-b51c-ac62cf7e933b,510c8d4c-23ba-46fb-b1a6-6326a4a1f322,4735.17,2026-04-13 12:04:47.190915+00:00
26fe4eae-6b62-42f9-b81c-81095c047674,b14ca844-9914-437a-8940-b06779ba61e4,5787.16,2026-04-19 05:16:17.225165+00:00
43dcdcfa-b286-4974-a49b-523e28eadfee,fc30fca6-62e8-4143-a7f0-7d9cc734a62f,6149.45,2026-05-06 05:19:07.325763+00:00
489e4f45-cb62-42d3-a3d2-863034322d23,2152c356-d80b-4987-86a9-64c85afa5243,10.0,2026-05-06 08:18:45.116178+00:00
5a7e2d14-6593-4652-8a88-080a7a980b47,345ce2dc-9dd0-4601-bf26-7960864509d5,10.0,2026-05-18 11:37:38.612077+00:00
56d62fea-1037-47e0-97a5-5c7b50fedd60,fbc92dba-a2e1-4496-b730-8eaaf82ed6fc,3266.1,2026-04-23 03:37:54.056557+00:00
4eb157ee-e512-4449-90d7-c54591964339,736927d3-7c27-4770-b321-f9e3ff79fb1d,3340.8,2026-04-24 16:10:50.799457+00:00
bf33c882-5dd6-4737-95ef-1e8bfdd133b4,02bfaa74-8768-4d89-8e79-e9fc9672adbf,2731.42,2026-05-15 23:30:08.751577+00:00
fab505d9-e6b1-4ccc-9ce0-4141ac0314e3,ebacd70a-24d6-4f43-b9ce-2ba7d9dfe442,1808.08,2026-05-14 16:35:48.309491+00:00
387f42a5-b047-46ed-aef0-fea5f2418ade,7eaecc15-1f37-4da5-8f6f-5eedfb6de198,959.98,2026-05-27 15:17:01.467710+00:00
3f51dd40-dc1b-41ea-9bc7-c9ebef3d5d51,d5ab07d7-0566-4c55-b1e4-4ba746620456,621.14,2026-05-15 04:35:41.225951+00:00
03082150-21ef-490a-832d-4ebc90ff331f,e29d1cf3-2037-483a-ab6f-e315018ce918,1501.42,2026-05-16 01:28:17.388917+00:00
9dcd20ad-ccf0-40a9-842e-97b0c359e918,449a9054-e01f-4691-a098-e165fb6b220b,1601.81,2026-05-26 06:20:11.743605+00:00
e609f884-472f-4482-ae6a-231d7655ebc4,8504dc1b-597d-43d9-99d0-55dfcef3be45,1238.25,2026-05-27 23:42:14.726097+00:00
5e2a00a2-b3b2-4370-bcd0-5a7c39e520c4,40e27040-9957-40b8-8216-9fdbc67fabda,918.66,2026-04-17 09:48:54.779488+00:00
1356d3c8-4428-4aa7-be15-c10c62a1629f,c5307069-d891-4150-a3ae-056a1f23983b,1569.7,2026-04-25 21:12:04.388869+00:00
11c3694d-8784-49fe-b990-6e2f1ee33cc0,e1162d16-538a-438e-a627-832ecfb1863d,165.82,2026-05-21 20:22:21.246164+00:00
276424e9-2943-4c2a-bd1c-0f775c2bf87a,229280d1-2d02-4748-b911-6ed7883e996d,3211.54,2026-05-04 15:30:44.310186+00:00
49a16f12-afba-47c8-9490-5c335ffb7191,c1f2ed6a-f21d-4f3c-a615-3ada1d9f5681,4147.55,2026-05-10 22:19:48.073459+00:00
3c468680-7306-48f4-a87e-d8ea4084143c,986d0b4b-a1ce-4662-9090-7ea6221117e8,2548.4,2026-05-25 09:49:00.015320+00:00
b7f15918-5439-4d73-be86-d53285241f9d,e756713d-5893-48aa-ba38-a3712a6f9ec8,5428.11,2026-05-31 09:49:32.755361+00:00
a2a394ad-22b8-468b-8e9c-11add8eca6a5,6afc48b2-beb7-4eb6-9515-f5da0aa79b6e,494.02,2026-05-22 15:49:59.544790+00:00
5fc6a8ce-6c7d-40ea-a3cc-9cc325498dfd,c35846ad-825f-4cba-ae95-6e9bda9397af,2751.93,2026-05-23 10:48:35.397493+00:00
df44ef16-069d-42fd-99e5-e4cb3a73c41c,50df00b1-90a3-4b4b-8539-2fb44044e7e1,3257.51,2026-05-23 19:02:22.102258+00:00
3d3f3395-00f4-4ab0-b9e5-38a0f75bd4b6,c8f7e8f7-2adb-4918-8cf0-5ca1a2d81839,1835.13,2026-05-28 04:31:48.331696+00:00
845b6f5b-998b-4322-a5c5-b6cacf57a19e,a1b5544c-349c-42f3-a8f1-94b3ccacdf63,1377.87,2026-05-28 11:24:58.214209+00:00
a46c2e19-8d84-452a-b868-57b1174be6f6,7f4e8b6d-3528-4f02-ae11-8b1939885a40,1445.12,2026-05-30 12:07:55.941948+00:00
cdd0c26d-5722-4b8a-8f31-5b08472e33a6,859781bd-661e-4ffc-8e23-963c4cc6128d,1560.69,2026-05-30 15:57:34.910576+00:00
9cde1f14-3ccf-4897-b79c-ed979b24d1dc,2975ba37-4c1e-4939-9c9a-663961e5bd4e,506.63,2026-05-31 03:32:14.917138+00:00
6aa3e25b-0a00-4218-b458-9d04362afb48,51757e6b-3626-41c0-8272-ddbc06d86817,4263.48,2026-03-30 16:29:32.020333+00:00
691da4eb-3b76-4dbf-9416-bdaada8c5930,5b2075cd-abb1-4024-8716-acbde5d390bd,431.18,2026-04-03 13:23:21.534902+00:00
0df16c19-a660-417e-9eee-06e46ccc0dfc,249dd4a9-8741-4642-a9f5-806d818fa15f,4323.67,2026-04-06 14:36:41.962276+00:00
c8abf64f-8416-4843-a172-4e69e71e5ca9,130bc74e-c9fb-4584-87fd-a777760bf579,2009.69,2026-04-21 11:58:22.252563+00:00
e351abd5-63d9-42e6-a7f1-e347031b735d,05af3c76-0355-40a0-93c7-f59fc2ec225d,2290.54,2026-05-20 05:05:46.092316+00:00
ad5e3f44-bc64-455a-b7bf-8526f6131435,80c42573-3c53-4d4a-be7a-7dfdae1b9f43,2472.29,2026-05-31 13:41:05.283831+00:00
488fcd21-7ec1-4607-9242-ec518d6738a6,e0a6e704-edd0-42a7-9b24-a2663365059b,8089.92,2026-03-31 04:15:31.183551+00:00
c2b91faa-76f2-432d-a111-afbe72641082,713bd661-c638-4557-91a2-7ff462a353b4,5482.27,2026-05-17 22:17:21.187052+00:00
92ddaa42-4314-47a5-b067-f5c7c78f78b0,b06a6f07-4701-4d05-b649-f86996af7b9f,4560.73,2026-04-26 06:38:06.643373+00:00
9b9a3bc8-8f43-47bd-badd-407047453456,6a37ef87-a506-40d3-ad74-d5cba2f91aae,3167.67,2026-04-30 05:27:02.175797+00:00
30ad6090-fe18-4755-85f0-86fdf3f333bc,592b513c-e38f-4b45-8620-84addd81672e,976.34,2026-03-31 21:06:16.300762+00:00
fa4fb89a-8cfd-479b-a111-49b038870846,affedbb6-c34b-40c7-b1ca-ded575f57c91,402.5,2026-04-16 04:10:42.627191+00:00
4809bd39-6880-4b8a-b5f1-fce933b709ee,ae574c88-619a-48f3-b51b-642f9bd49d51,761.31,2026-04-17 15:00:36.203218+00:00
1b95fd9c-a22c-4074-b41a-ad43da4d4f7b,faf4ba77-6615-49c4-a4ee-5a1700eef476,1715.75,2026-04-28 23:33:00.974897+00:00
2d8f2316-c314-4d68-bdb5-0cd09d7c6ded,baf0181f-0fe2-4752-a0eb-ca985c01bbe0,140.06,2026-05-23 15:50:38.052937+00:00
bced7d16-b4cd-4446-a801-e6d1b0f5adc3,35faacd0-36fd-4c03-a97e-7c1a6fa99b0a,393.22,2026-05-30 23:15:18.707376+00:00
9acdd707-93e8-49d9-9eec-1edd67e131c5,57e70374-af5f-4f3c-a331-8f298419bc94,4718.62,2026-05-25 01:37:49.567940+00:00
a9957b89-8bfa-4146-9a0d-4f7bff6941dc,f4b049ed-fb17-4ac1-a510-297a2aebc43c,3742.21,2026-05-27 08:00:49.342940+00:00
567c0960-3006-46f4-8a7c-fa9626e5b731,f27b3c8a-43b8-472e-b7d1-912da0fd0ac4,2449.96,2026-05-29 08:24:31.500084+00:00
1c5fd1f9-8bbd-45b2-ac05-12c2d0c6cae5,82319045-6113-4ee6-b444-f226857e73ad,2327.28,2026-05-29 20:03:38.566702+00:00
7d1b1d27-ff6a-40a7-967c-67338d96d829,1a92537d-9108-4204-aa74-c4b509294400,4014.35,2026-05-30 10:03:30.438378+00:00
45ccba84-2a34-4c22-95cf-4d920bb28da3,e8697a43-770f-412e-b916-de61b3a521bd,2960.53,2026-05-31 10:38:31.025758+00:00
b01f320b-7d06-4bba-ba5d-10b99d7a7904,71233c76-e81f-4221-bb98-edd06cced27e,4664.73,2026-05-25 07:52:07.305693+00:00
c6d151d3-fb98-41ee-bb5e-1a57e060f719,1ae05c0c-934d-494f-9eec-cd898a8c914c,3315.05,2026-05-29 18:38:25.530631+00:00
a99d42ac-30ea-4198-adb1-6907898621d5,0583569a-bf0f-4d5a-a9ab-149ec4b619a3,3251.32,2026-05-31 21:03:18.371791+00:00
0f2bdf08-a63f-44a0-96ea-897e208f4468,bfc15eb7-9b08-408b-b95c-507599160e50,4508.03,2026-04-10 23:02:54.079661+00:00
e884bc88-bfac-4507-baae-b292b8cc3615,57fbdfd5-36b8-4912-bec7-cf7cb4c43db0,4516.82,2026-04-24 22:46:50.235463+00:00
85d43cf6-79d3-45fc-b3ff-0a44abde4583,af83d9d9-2e9d-4610-b549-43296094e0c2,3126.17,2026-04-25 16:24:24.404906+00:00
d1bb909e-f210-4960-87b6-8503bb9d1fdd,fee0513f-61ea-45dc-a6de-23e64a396fc1,1355.55,2026-05-03 22:27:47.562796+00:00
a4040d2d-0de8-4001-9bab-0afc83afafaa,7793c396-2533-4d3f-ade2-ceae8e5f9fa3,5616.61,2026-05-13 07:29:22.436741+00:00
4173a787-96b6-4248-a532-3ce26405db5c,e7d83cf2-0eef-4261-99c3-2ffd2361da2b,3287.52,2026-05-18 22:02:45.546343+00:00
4f23e89c-ea3e-4579-a10c-d1082794aeb3,a88e1ae5-c33d-4f1e-a4bd-82324e02bd8d,4175.06,2026-04-27 03:43:58.534951+00:00
ca955946-38be-4251-8dc3-9c07bc8a0830,0c8b1bf2-316e-4f4a-8d14-93879d6387d6,250.64,2026-05-24 21:46:00.302688+00:00
c9df674a-c25c-4fe2-9a3a-70a086e75ac5,ddb22ebb-22ba-4903-8650-65f88a4a90ee,177.34,2026-05-25 16:23:43.075566+00:00
a4ae2a36-f795-46fc-b8d5-d68dbd3ab930,320cb94e-b07f-43b0-b96a-380ac457c730,296.3,2026-05-29 05:22:53.240739+00:00
cf6c3ef8-4254-4f35-83d2-7f14b7b96af6,42b1cf51-b777-440f-96bd-73066517f1c3,522.1,2026-05-30 06:27:04.892796+00:00
35cdba9d-920b-4b6b-86f1-5a81117af8fe,6ddec78c-c516-4385-aa6a-610fad0148f4,291.84,2026-05-31 13:15:18.058070+00:00
f8b667ed-a71b-4685-bf5e-09ad2b983916,16a82ce8-4e92-4cf3-bedc-b29386c7144a,344.8,2026-05-31 17:20:40.336389+00:00
62eb9e89-d685-4334-a01c-54539d309381,2db01e96-cbd1-40c8-9a9d-ac6b68e1188c,3408.91,2026-03-24 19:54:44.523620+00:00
9a616f3d-59c9-43a7-89a3-316308b8d9dd,d9fc95e1-ca99-4e5d-ba1c-625ec2f06df9,3527.55,2026-04-19 02:03:19.958071+00:00
d599ef8b-2e98-4d08-98e5-c0ec583f007d,aa1b703d-8eda-4600-977b-cb0caee2a033,1990.33,2026-04-19 22:22:18.196451+00:00
1791053c-44b2-497d-89a3-c9680a1aacf9,49a97c3d-0631-4229-938b-0fc72e58ac56,3089.27,2026-05-10 02:09:50.448592+00:00
b1dc38a0-ca6f-4ee5-8b33-efb2e35f1e85,c1ab14ad-fb5f-4004-92e0-d8022dab4467,2742.89,2026-05-30 23:44:08.296537+00:00
5172c502-cdcc-415a-8d86-84794922f5fa,27187d52-0e9e-4bb4-a053-183f2c2409bc,2591.76,2026-05-10 17:30:20.578646+00:00
26360cc1-3fc5-4449-a7f8-a05714fd6afe,c091a9a0-02b8-41ad-9231-6124377fc676,372.73,2026-03-23 06:40:27.913049+00:00
22ab76b6-b269-486d-9417-aca4e83bc5d7,924e6fcd-782a-4c11-bcb0-0b1425b46806,1593.39,2026-03-31 07:21:46.147946+00:00
4c2d9fb7-6ac0-43e7-b007-3faeaf606800,24e19944-0d6a-4748-8bac-5fec303a1dc6,573.76,2026-04-09 14:54:21.456766+00:00
baa57a7d-01f5-48db-92f4-305263865623,c93d85c6-8d96-43e6-ade8-f02b64e35a50,1172.32,2026-04-22 08:35:43.228530+00:00
f593da00-1b29-4685-affd-822931be9743,543d562e-4b90-4988-99d1-a47c2625a5c3,686.37,2026-05-05 17:43:14.194928+00:00
9e3413b7-625e-438b-bacd-a4377812b5a3,587811ca-ef9e-4760-a994-37a3a32ac725,513.83,2026-05-31 10:37:14.065652+00:00
c743c3fd-236b-43bc-b349-c5b49d3d3902,8bc455f0-1cc0-42ad-9e18-904d49d7ce1d,2085.26,2026-05-23 18:36:25.310695+00:00
0a9dbc9c-29ae-4d99-a447-bfd02d38bf4a,5c704eee-19e7-4891-b747-36a1bdba263e,1785.16,2026-05-25 07:55:28.875841+00:00
6cab6c10-ce5c-4c04-89aa-ad7ecaa853c0,254f9598-b03c-403e-89fe-d46ef00261af,4141.68,2026-05-28 13:11:17.599739+00:00
66d82b97-e1be-4df7-b71c-331fa5f9c4ea,fd952b26-dd23-48e8-8c51-ce858b2d67a9,1661.93,2026-05-31 06:17:43.331103+00:00
76619bb0-872d-4323-a184-7e49f9bb9d27,2d72437b-8291-4a20-93b5-df9c7a77c2b9,2351.26,2026-04-26 16:30:42.752527+00:00
06e926c8-a7bd-4a25-ad6c-70766fa0527f,4c3ed701-579a-433b-b5dd-44a74c019bc3,2291.54,2026-05-21 21:02:16.517031+00:00
5e2a722a-2569-45a4-ba8a-72f8e6343459,c9bc3aae-0d40-46f9-a253-fa4d4902e93e,6520.08,2026-05-25 08:05:26.446406+00:00
f67f42df-d20b-4c6b-a955-7cc3bbcfd7b6,5b5dffb6-d270-49d1-9f69-7a40f32313d4,1836.49,2026-05-01 04:10:55.572966+00:00
7eeb635c-ceac-4c36-b15a-21b857bb1dc3,88c7b694-9e8d-4a4b-a2c1-377d96918537,1553.41,2026-05-27 20:33:54.407469+00:00
e4e8ed2d-576d-4ec2-a979-6f569881a32b,f36ca60d-4534-4bda-8102-92c0e4dd0e20,1060.89,2026-05-14 13:01:59.338691+00:00
105d16ee-1a39-477c-a799-fb65a92a90d3,b595e15f-51d6-442a-acc1-fc979b085ed7,268.49,2026-05-17 22:12:02.828094+00:00
7c285ebe-46fc-4317-a94d-ec27696416b1,186095bf-ab50-4bc6-bd3c-4b1d4d976794,901.6,2026-05-20 20:45:56.452491+00:00
be1d05e2-1157-42c7-93ca-9ca07f99b6fa,98b0c117-4004-4973-a147-a9ef3fa24e9c,2435.78,2026-04-28 18:38:22.959168+00:00
b644634b-7012-43b2-a1dc-3292526dcc5b,00a0c244-12c2-441d-9f9b-cd560ad1f0d7,3048.5,2026-05-02 14:12:56.385328+00:00
f5c9a706-cec0-4855-aae9-0664a3fc7cc0,9d386de5-7578-49cc-9e95-4ac3904c306b,3294.27,2026-05-16 01:43:10.713597+00:00
ec41a1c9-4ceb-400b-b142-0c9733af03f9,a2075406-9fe2-4fae-9a64-254092a2757a,10.0,2026-05-19 19:58:26.855939+00:00
99c1f138-ec2d-4e84-b1a1-367602e3c3f7,b0084ca1-77fd-4991-b184-ec6a043544f0,1255.0,2026-04-27 21:52:44.756823+00:00
e1d26c38-5ec7-481d-a852-289089da1769,3aa97325-a46a-4ef4-8d56-0cf0dc7fbdde,2504.88,2026-05-03 21:43:40.390786+00:00
37c3d998-8dc9-4776-b812-e67fb9f718d5,5333c839-4072-4d30-a03d-197c3af0cde6,2484.51,2026-05-12 21:25:42.790877+00:00
559bdc35-c0d8-48aa-b3b2-926dbdf8e513,ccb98118-3381-4566-8b26-0dc9440070d6,1107.39,2026-05-16 21:50:03.918411+00:00
7c06dc33-3d09-4aef-9195-c62272f0ba55,c462c9e7-f70e-48f1-8302-1d27fdc005a9,2875.07,2026-05-20 10:16:13.355484+00:00
016cf015-90a6-4ec2-8908-ab9048a83ea7,618519bf-6d69-4e38-8916-2f4fd6c0b103,953.65,2026-03-22 02:56:40.787677+00:00
c0edb61a-5543-4593-9b7c-c66bc25a7ec4,93b40136-ad0f-4f9e-8796-ee8275dc4988,526.7,2026-04-03 23:11:29.908299+00:00
7596f5ce-58fa-4224-a589-75dceeb65915,bbd7e518-d71f-48ed-b0cb-93be6a648882,1040.25,2026-04-11 08:35:00.172181+00:00
c1a1aeed-1507-4651-a803-b752b4230e66,9eb2afcd-b77c-4361-810d-a73d97cff316,275.4,2026-04-12 19:44:38.578967+00:00
24a300f3-5496-4dde-905c-e8598f62b869,7af5e6e5-8b1a-41b7-8fcd-58b4f18a07bf,258.8,2026-04-17 00:00:30.005846+00:00
1e0f44e8-6d53-4db4-b1fe-cd91abae1aeb,870c18b3-68c0-460d-8639-d3b32f374b10,1289.2,2026-05-25 19:44:14.115884+00:00
9f6a3f21-9276-49e2-b853-b20a73b5b43d,841e287b-00bb-4d51-98be-df0582c69e9d,6148.28,2026-05-16 15:54:24.600899+00:00
373fc154-f5e7-48ce-9c7d-a3b2ba845cc4,b4d5295c-8a76-465a-a78e-25a36a7c012a,4116.36,2026-05-17 00:13:03.460788+00:00
acbd3ca5-514c-4511-9570-78e588350d27,630c76ab-8af4-4732-a1fd-9636077c140d,5910.53,2026-05-18 16:45:54.272237+00:00
70e8d3c5-e377-4b4e-9e55-7a3232b0d5d0,d94dea89-b408-47a7-9da4-7bb72a75bb3b,3526.58,2026-05-20 20:29:34.661421+00:00
1ef77af6-0776-47c6-a73a-713db1ce044d,011f11e5-25de-44f5-b0df-01fb4c51ae92,5535.9,2026-05-27 13:05:24.513775+00:00
43fb7866-e075-4af0-bcab-43c2e7b21a3a,57b22401-7dc5-46be-8d17-9933a6b4a1fc,4802.36,2026-05-28 07:28:34.997588+00:00
2613a455-0f3c-4a39-b94a-178524ba46df,4e056221-06ca-41e6-bc26-04982dcba6b5,1253.19,2026-03-28 21:31:59.387606+00:00
55de65f2-b8cd-4474-9a8a-e62537e09f76,44dd604b-b05d-46d5-b05c-c8a4477f420c,3765.11,2026-04-10 12:31:17.776222+00:00
3d288612-e7fe-4f11-ae30-480909a3ecd3,23e14591-6db1-4cd8-8885-ba393710b1cc,1651.82,2026-04-30 13:33:52.242386+00:00
bf0f6626-fbbf-4152-9413-c50cb53bc004,d865c49b-16b3-4cbf-88bb-48b6e337a1f9,4913.99,2026-05-20 11:59:30.741440+00:00
ee221b45-caeb-45a7-832b-21302c5a4e3d,4670f9b1-b444-448d-ad0a-45923d0eaf0c,4948.87,2026-05-23 16:00:16.353987+00:00
b4b32c0c-b51a-41c9-932a-25a6c263d9ee,860519ca-bba8-43eb-a5df-afa29c2db02b,2998.42,2026-05-26 21:18:59.433287+00:00
d22c16e4-030b-4977-9364-eae4beec461d,4e74089f-bff7-4c69-bc22-7ac4921bebfd,2635.74,2026-05-27 00:15:08.104009+00:00
8f1863eb-241b-48b9-bc42-9260cc1ad249,284edf54-b73e-4bf3-b435-bd94f3897534,2969.07,2026-04-30 03:08:30.917789+00:00
9469b506-215f-4692-bb35-19b13f515f58,b17111a3-d12d-4063-9cb3-b976d3d2e9a1,3560.54,2026-05-02 12:22:50.305494+00:00
9b91b257-bb46-4c67-afb7-c89c8bfa8806,bfe36c53-429d-4522-bb16-b0719bd89124,2193.67,2026-05-03 06:06:08.738783+00:00
4ec4d174-b9cd-4566-9dc6-c9de0a249bcc,526ec896-40a8-4cb9-9957-feee861ec70b,2834.52,2026-03-25 21:57:43.793907+00:00
a8122e51-bc90-410d-aba4-1ceff6cca048,8bf89546-9b55-4129-8058-50c5b5988e20,3445.08,2026-05-01 17:40:59.371629+00:00
e4a35296-b9e8-4629-8c7e-e98cb5444274,9805e2e4-f217-40c6-bb92-9882d45e3dc1,3201.03,2026-05-14 09:44:51.281989+00:00
5a0234eb-7524-47f1-a649-90541c38c0a9,f002cba6-9ccb-48a7-8ee3-37e36837f32d,2155.88,2026-05-27 17:32:57.331551+00:00
fb314382-857b-46eb-8603-7ea36cd87728,9102a71c-a783-401d-adc7-82e27ace8b84,770.38,2026-04-19 23:28:22.709926+00:00
58e241ba-af02-4341-8f92-e44efcb61d75,ad7aafb5-45b2-4bb2-811f-f3275f42d649,3064.07,2026-04-23 23:14:32.771329+00:00
a650820c-549d-46f3-960e-b4c9eab979d5,947a5f29-856a-4461-ab1d-9cc3367bb8c1,4251.35,2026-05-10 18:12:03.618355+00:00
48b7454b-9f31-4d8e-a4ae-260c738a3824,3007e54d-6996-49dd-91be-7b5d6b2a0992,2366.42,2026-05-11 14:53:51.955534+00:00
930ccf61-21f0-49af-91f9-fe92b440b21f,08a91b16-02c8-4297-870d-2e8ea849741e,2257.73,2026-04-23 19:45:02.325385+00:00
8e10c65e-64e1-4ef7-9af7-eaaeb6eaa9d6,ccae26dc-f4a6-49e7-b73e-6b6299f75a6c,2668.32,2026-05-11 12:14:15.312605+00:00
8f702de5-0cc3-45d6-bc45-a838a3ba8399,9c9f7b0d-77a2-489d-9357-cfa4c4b8278c,4603.21,2026-05-15 01:38:26.360885+00:00
ee72cfbd-c8ce-45bd-b771-d16a88bcbb91,8272579e-ae37-4b0a-9bff-d7f80aa2c4c7,3744.89,2026-05-15 12:18:20.386571+00:00
8d420071-4763-4fc8-b366-675870c31fec,23449715-ec32-48f6-9790-6dd4ebe0c843,3061.21,2026-05-22 07:24:53.968523+00:00
9e957e84-384a-4224-96d9-3e66e8501239,21614cdd-64a8-4330-9955-afb075055d21,1380.56,2026-04-20 03:33:21.780693+00:00
463c1004-90e0-4710-993a-6fdf8300c01c,e6e2af60-d8ab-4825-80ff-10d4e3735307,882.01,2026-05-13 09:56:07.234592+00:00
8aad7d24-6383-4a4f-867b-13389d74e633,218e3159-c0ca-4948-8e87-d3fd9b528cc7,1552.15,2026-05-26 22:04:19.647215+00:00
eec27606-1e02-4396-bf9f-ceb86235cc20,3e161617-092c-4056-8fe6-22fcb98c6c3b,1015.1,2026-05-27 05:25:48.174478+00:00
c8a79e68-1987-4b9d-be39-b277af7de373,20704c2b-4fe3-4709-8e51-f1483d6f64b8,4244.87,2026-04-26 16:59:53.997974+00:00
aedec6f0-be12-43fc-a906-846f98c3919d,4a105084-fd07-4194-83fa-f177bd5df51f,5197.8,2026-05-16 21:20:12.082170+00:00
4d0b1b54-160f-4fd9-86fe-d67a94caa1f1,eee6306d-c7d6-4281-b188-2b8e8f5554ac,3700.26,2026-05-22 07:46:35.334211+00:00
039489eb-690e-4ae9-85ca-65edf3953b5a,718eee3c-1e64-42e1-bfa5-6207b7e01f14,3337.93,2026-04-27 12:04:00.674972+00:00
eef76ef4-68d3-44d1-b297-cc91e7226469,24a96811-3845-4783-ae09-e8a0649308d6,4120.28,2026-04-30 02:27:18.449311+00:00
d41333a8-42b3-4d86-97da-04710b91ad34,5524180b-a7c1-4f26-a616-455a1cb6fd1b,947.8,2026-05-05 01:02:07.489168+00:00
9fdbff17-7e5a-4c88-8b19-2219807c8810,87c3808e-0562-46ef-8519-601b93707eee,2021.83,2026-05-26 15:50:16.993184+00:00
91e440a9-4b33-4af1-adb3-4c95303e7fab,0706c5b9-32ed-45d2-a594-690e08554958,3943.23,2026-05-28 08:11:14.650864+00:00
cbcabea8-f8e7-4a37-bad5-269a2afe6f83,6edd1d35-ac17-4f10-a901-28142e204842,270.55,2026-05-20 20:16:21.470552+00:00
d6cbd94a-3a50-4625-818a-fa63944624c8,89e62ad4-9c9f-402a-a3f5-c5735e0e570e,1584.28,2026-05-23 06:18:41.917113+00:00
f2b02fef-c387-4e80-8897-7a58490f6167,5ccee539-36e1-45df-8ffa-e221ec56184d,1654.81,2026-05-26 16:09:55.789002+00:00
a78940d3-713b-4d8e-b2b7-ec8d5c84bb8f,0e2c297c-ef11-4443-97ff-8f5479025134,2560.97,2026-05-31 14:41:54.546209+00:00
ed173ec8-07c7-417c-a1ba-4038ef8133e4,f5707d41-07d0-43f9-9402-7eb2014c86ac,7812.83,2026-03-21 21:10:22.426899+00:00
cba6bfbe-82cf-4cd1-ba3b-6b8107bdc89d,3c4bc0aa-66cd-4a4c-ae02-7c5ac92f1216,10.0,2026-04-01 21:47:16.484067+00:00
dbe6f957-fd0b-4ae5-a703-cb86ca8695d6,4df59001-22fc-4637-9112-b7c98ce2dd08,2436.95,2026-05-31 11:50:30.396051+00:00
6de7c43f-f1d0-4519-b514-0e6aac9fa291,bdd301a5-39d6-4702-8830-94c39e33d914,2934.28,2026-04-06 22:16:42.696554+00:00
64ae59aa-1592-49d3-a199-38095392dbc7,85ae7aa3-3440-478f-9b0b-7d074030173d,4473.54,2026-04-15 16:19:35.142199+00:00
5d15f7b4-4191-4c50-a231-ffe50089de15,7d0389e1-7747-457d-8061-7b8fdca038ce,3466.61,2026-05-10 11:34:03.708722+00:00
69fa2657-6dfb-4c87-a9e5-4e4b90ed506e,159629d6-311f-46bc-9b18-11adfaf456b8,3436.64,2026-05-23 05:40:19.779225+00:00
03faed29-9107-4b22-80ca-9dcd5208dc65,72b2efca-ba81-466a-8428-f4ee91e73c33,2924.99,2026-05-30 16:05:51.029929+00:00
7fb0175d-de12-423b-9a5a-29217c3ad1ef,f1c619ad-a9cb-4bd3-a426-ccd6490b541e,1829.08,2026-05-12 09:17:22.177837+00:00
01e84f53-5781-425c-b077-db53205d1166,6e7cc0c6-b9d0-4b14-9ffb-b382921e632c,3728.64,2026-03-31 04:12:57.799011+00:00
46d1247f-1c6e-4a2b-a26e-96097ee588bd,2eb8b018-8eae-4473-ad45-449d183723f3,4553.88,2026-04-05 21:39:45.765795+00:00
b950ff69-7da4-41ac-be28-b5868503936b,be6a31b7-1d9d-4754-bc69-ab5c17e3502d,1935.86,2026-04-12 19:09:06.970251+00:00
a5aab0b6-b5ee-48b7-ad75-6eecd7416d8c,aab65ca3-ed02-416b-9788-c89632bcedcb,936.44,2026-05-25 17:24:55.142289+00:00
93ab4881-7016-41cb-aa19-2464c5b29b52,71ba0a4c-a6cd-42c4-85a8-12754e2d360d,1499.94,2026-05-28 18:58:21.846312+00:00
64a3d68f-06d6-4ccc-b73f-d89019b8f317,34726900-1e7f-4d04-b80a-206d28175ff2,812.75,2026-05-29 13:15:56.527504+00:00
ef449d5e-61b8-4517-93c8-b3dea7adda51,72b5f801-2b55-42f4-ab7e-d1dac3019a37,377.22,2026-04-04 14:16:20.846814+00:00
24eb2697-6668-42b4-9c2c-01c88b4742e2,28709bda-94e1-4bf0-b7a7-9eb7b45cbbef,844.25,2026-04-14 04:34:02.329666+00:00
a7054d7b-be26-46c8-80f1-d4a44354d8c2,60617806-6278-474f-8afa-0140d18d3713,10.0,2026-04-16 16:41:41.071711+00:00
4a19421c-e2fd-4740-bb76-94ca4ccc5722,5ba73e0c-e697-42f4-81fd-3bdcda494107,1064.98,2026-04-28 16:36:03.486175+00:00
2fb868c8-605e-4473-99b3-04683e769137,66767022-6121-479b-94a8-2b08dfbbdd7f,771.43,2026-05-18 20:30:48.795183+00:00
10e8fa96-8b4e-4974-ae91-cde7b37a5973,6e8ec75d-3b6b-4080-8582-ff5fa06fcd36,542.69,2026-05-25 20:44:01.197041+00:00
ee12159a-b670-41fd-aad0-ea7fe4262d93,5a2a2e4a-b496-4aaa-9fd9-74ba2a63e9a5,1636.97,2026-05-23 12:33:53.677529+00:00
7ef500b3-8ae0-47eb-9c6e-03c018cbfa31,ccc356b9-58ee-4809-92e5-e44d6a1e297a,1213.38,2026-05-31 11:33:26.999867+00:00
99e0bd61-df51-4b91-ad0e-3ef77c19aeb4,fdc07c9a-4516-44cd-b75d-1526fd5c5b88,1073.83,2026-03-15 22:30:34.666634+00:00
32530d4d-dbae-4890-85d6-e19fd3960eed,e8388aa4-ef73-48cc-9136-0f1d463acd17,1787.92,2026-03-27 23:20:39.870992+00:00
32d3c5f3-b708-41d6-8f2b-13f6677ee75f,1b88bb78-97c7-4bdc-8e78-209666dff896,795.56,2026-04-17 19:55:04.471443+00:00
0985dde5-78d6-4af8-b872-41a211b829d9,a4dabca1-ae99-4729-97dd-a641f706f131,2997.23,2026-03-13 17:54:35.931343+00:00
bb6d85cb-b41e-4e14-aafc-8d53ccb4218f,94c85b9b-ba85-41e1-9c5d-86046b3f6ae7,2823.78,2026-04-02 16:31:15.190009+00:00
424e67ee-2cf1-46fe-a25c-11db0a5268b3,57a8614b-847a-4972-ba9b-b2669ff1fb28,1294.62,2026-04-11 01:32:57.698721+00:00
a723823f-e8bc-4bae-8acc-42aad2243878,ec4542fa-e383-47a7-8786-64b7070f8744,2914.32,2026-05-06 08:27:39.415105+00:00
248a2757-b26e-4fb3-a584-2ffa2c59423c,889f8f4c-c589-4760-9a61-0079948c74da,2677.14,2026-05-11 07:48:10.511550+00:00
b9c1dd6b-0bff-450b-b967-54ef6898c5c4,62109545-2696-4fef-904c-d1f5484314d8,366.14,2026-04-30 18:21:47.682989+00:00
a50f52b5-8969-4d4f-a9a4-59543968fe31,56f851dd-a423-4e4e-9b62-06500b831344,307.93,2026-05-26 10:40:45.910953+00:00
c6fb260c-2ed5-4838-83f5-b18768bc0e72,4188db32-3b56-4c6c-9a7d-275ab9e0e462,2305.88,2026-05-13 21:39:37.712723+00:00
16ec409e-3f1f-4d93-8275-d251761aa8a8,25242c9e-55c9-492b-b6e2-888a30d23169,1153.53,2026-05-23 07:01:37.796727+00:00
3cc6fc37-4ebd-4e2f-adad-ce68df693277,4d75b56e-9b68-4918-addb-6e53572a6383,116.83,2026-05-27 11:08:50.495946+00:00
3675b3ea-49b1-447e-869a-11048585c96c,2d0e1c19-59de-4977-9411-3634635e746f,53.14,2026-05-27 11:39:03.316907+00:00
0788d33f-497c-4333-9d3a-26931d7d150b,f492e778-5919-4db3-b543-36d87ee8f237,1507.74,2026-05-29 10:07:23.040100+00:00
aa27e878-be08-483e-8f57-474d4b5c68c7,ba94b9e2-bb4b-40e4-a008-bc02740efa8e,1993.88,2026-05-02 10:42:12.271723+00:00
89b45681-c8af-4dce-a0d0-3834d943bd5d,11dbec01-570b-4113-a831-511021dd9ecc,2330.08,2026-05-05 04:11:31.233187+00:00
de25afc6-45e1-411a-93e1-a2b8b141032d,5d6c902f-4110-4bf0-8557-f5a181aca19b,2030.33,2026-05-06 07:07:37.725521+00:00
bbc91834-a6cc-4a5a-a6cf-043919ca1e4c,c73a2bc7-8eaa-4669-b7f4-9ec53e797ce5,4642.63,2026-05-08 15:17:34.176652+00:00
91b84131-d48e-459b-b888-e1ab169cd5ff,dce5438c-95b4-4530-aa31-039a51b68e25,193.52,2026-05-14 13:16:45.224760+00:00
38f84107-e87d-4ee4-a5bd-8b8aab0b6285,3c285bdb-5825-4292-a4f4-6ec7680c7b3f,1590.85,2026-05-18 23:31:12.745438+00:00
e3f25563-91b7-455e-8ee7-51997b0fbd11,a69520ce-f1d0-45b5-8c39-ea0ce44d5050,4659.94,2026-05-21 10:49:48.122546+00:00
3b112417-3313-4030-b2b5-3b7b8c510e27,48cfd712-d49f-4698-9705-edcfcfdc147d,2956.95,2026-05-22 10:00:53.579064+00:00
a1a5a482-2c4c-4d42-82d2-bd451d3f8b99,523e881e-0f12-4f77-805f-23f445173a55,2655.99,2026-03-18 07:54:17.237381+00:00
5d8ffab9-f044-490b-bc86-23aacd292da3,05ba6434-4c45-4c9b-97a9-5a83d0a6b0b0,1802.98,2026-04-02 09:07:27.011759+00:00
2395d680-41d3-40ba-8f5b-ba2458339a56,a66d8086-81f5-429a-83cf-fa1cc79876ef,2526.53,2026-05-12 22:56:35.569248+00:00
cd4cb865-d23a-4f19-8705-ea68a3e38c66,dcf3acb8-52b8-426d-9279-d45aac76eb4f,2055.23,2026-05-24 11:05:41.902514+00:00
36a3bb55-685f-418b-b39d-af0d2a6b2498,14d9a409-eaec-4cda-9976-dd25649f7411,2412.21,2026-05-29 17:58:13.966171+00:00
e8eb6a64-79a1-4a78-a348-b2892e0da43f,902d8956-8039-48e9-b2d4-682e49b5595b,1861.94,2026-05-15 08:28:02.885645+00:00
81bcc6a8-8c52-459a-8bb6-70e9557e5c11,8c22266f-faf8-4afe-b08c-e6d5444acc3c,1668.45,2026-05-19 15:40:59.577230+00:00
07cc30d3-7ec6-4018-99dd-05533202dc45,88f47706-da0c-4eec-bab5-90494b76979a,1824.33,2026-05-29 23:25:35.866094+00:00
85a0b2c0-aeb4-4fe9-91f6-77869c81d2cd,08bd2ac0-5f1c-47fc-9bc0-d09f474dd780,2155.37,2026-05-31 16:51:47.893131+00:00
8156212f-93ba-4bd2-a656-7305efc8a948,7ce75379-5514-45c8-95eb-9daaac0a7035,4461.82,2026-05-31 19:23:24.170004+00:00
3e1d52c7-0f47-4735-8501-350250130b0a,a42ea01f-d088-4480-a4e2-78d6a7f9591f,503.35,2026-05-31 21:35:55.764775+00:00
17b8cfb2-58ad-4e0b-85fa-68b286c9b9ff,af30d026-450a-48ee-adcc-7242d32dff55,3034.97,2026-06-01 01:02:31.104272+00:00
05f939fc-1ed3-40a2-b800-834702f3bd5c,a3296d2e-68af-490a-8bd8-b5a16cbd4e81,424.09,2026-04-20 18:37:38.665594+00:00
08220e04-903d-4509-8f1e-d6be094f062a,8102b97e-3c30-4e0b-94da-cabc7e230a06,596.55,2026-04-25 09:13:32.005784+00:00
d18b6bd0-596e-47f4-adb5-15ba60ed02a3,ecb1383e-e9e0-4b14-a0f6-dd8f17c68204,686.7,2026-05-11 14:37:09.089811+00:00
240db13e-8702-4bf0-8dba-8b0fe8948bac,181d2b8a-5b9e-4f6b-a2a6-f3a1a46541db,2544.86,2026-05-02 01:21:23.168112+00:00
57b335b6-21c4-4678-8167-323e8f420fe6,87263b5a-5e55-4b55-835c-82a60744107f,5465.04,2026-05-20 07:01:24.738101+00:00
3fd22100-6b85-4e46-9f65-53626f9a8944,d5cd6a7a-1325-411c-8966-1f76f6a00179,178.25,2026-05-28 19:10:30.885386+00:00
af4beb7f-fd8b-4bca-83a5-1210bc0ad8b8,e0fb471d-3e9f-4aae-a800-6a30a7b6efe3,885.82,2026-05-03 08:07:52.590833+00:00
afa729f2-3d49-4f59-9f97-86b4fc2776af,25921bde-7c09-4733-8f6d-f7d8059b5442,1182.75,2026-05-10 15:03:49.705382+00:00
7262514f-0fdc-4964-9994-e622ba4aa3c1,64d880db-2991-4bde-bd7d-f90fb3e7daa6,1537.24,2026-05-14 09:44:47.246890+00:00
65a7b24d-0c71-4cde-a1e3-61c57404e5b5,6a5ff222-2f22-4b73-bb93-a446e3a11531,1640.55,2026-05-21 15:41:45.182525+00:00
eaff344d-4190-45bf-812e-eaecb85f6dad,e29ad08f-2aca-4ea5-bb96-e40eab74837d,2326.61,2026-05-31 08:00:55.444281+00:00
e9b9ca68-56e8-4988-a9f6-db6c9ac756f9,b08be332-f084-49b2-8474-a5d5310e068e,2212.05,2026-04-12 06:26:18.362119+00:00
3a1ff4d1-2775-483d-8db7-270590e451d9,34e6d5f4-4281-4525-a321-06d147564cd1,1866.06,2026-05-05 10:04:02.734733+00:00
2436e8ad-9578-473b-abc9-9380efcd60e5,5e073ffe-54b4-428c-82ef-fe729527ba16,2824.38,2026-05-09 20:17:43.660069+00:00
69491829-2f54-45b5-a1cb-ac0dbd5a5c39,6c58462a-e3a8-4ff0-8995-5f709d1c310a,2795.36,2026-04-22 01:43:38.282767+00:00
783ef6b5-aed9-425e-b481-87187bf13526,c3e076d6-440e-40e0-95b4-23f329846a9a,2275.37,2026-04-22 01:22:18.036490+00:00
6cea93e6-aa5a-485c-8fa1-4ad6fbb7f50b,334f181e-7069-47fb-9606-ae966ce1dedb,3403.38,2026-04-22 18:45:01.394176+00:00
281534dc-f09f-42d9-b12b-41d03b613393,ec41605e-ee01-4919-bcc5-8c359335466f,2869.49,2026-04-28 15:19:47.806169+00:00
84b90886-ef5d-46ba-910d-33b973809a71,878f85b4-8d87-4d16-b653-4983c450bf3f,5124.87,2026-05-04 19:24:58.656119+00:00
ab30a876-d7e6-4a94-9416-6d07e1efff24,9a6691f9-8e3d-44fc-b4bd-244a9c977ef5,5211.88,2026-05-28 01:48:32.533250+00:00
82d01c9b-93fe-4aee-a4c0-70b3ca6af618,15b475a6-d88b-4057-883c-0e69061be4e2,4633.71,2026-05-15 14:33:46.209534+00:00
955b91a1-2ff7-4878-b548-c5bff8d379f8,f86d7727-8e64-4b9d-8e67-10b7b8026322,3594.08,2026-05-16 20:06:30.817025+00:00
bb7d9a96-67bd-4a60-b704-4b47aa5c8ca1,99c4111e-a2cd-4006-8f5a-85114e334dfb,2953.65,2026-05-25 09:04:28.646757+00:00
04bb11eb-beca-412c-8f30-73140a255bda,fe99ffce-c949-4399-9ae8-0624d2a297ad,3935.65,2026-05-25 14:38:48.058632+00:00
d90e42b0-b85a-4c68-8541-692ac7b4159b,01aca88b-6a59-49e1-9afb-a4fe342f3e70,3671.4,2026-05-26 04:31:27.476176+00:00
aaf377c9-bd16-454d-be1c-2bccc910bdfb,a06f333f-8c64-4fef-b4a6-1dd8b92d85fd,1126.84,2026-05-31 21:12:32.838338+00:00
86a54720-252f-48f4-929c-e9f05f6400c3,8e564de8-b7d2-4c0b-81f7-259c18c82656,623.06,2026-05-31 20:59:22.765254+00:00
57939009-f9b4-45d4-a05a-05bd210296dd,4cc5b978-7660-43d7-89de-b2b30e989ce1,798.77,2026-05-31 22:22:34.986535+00:00
32a05887-36ba-4c92-9d17-e605f2a15dee,750bc5ab-4370-4f2a-9c33-762bc0a42cb4,866.84,2026-05-31 23:22:40.401669+00:00
40f98d07-aa92-43da-859a-44796b644f94,1128e0c7-9e4a-416b-8fb9-5984aedf5a4e,764.33,2026-06-01 01:12:07.901037+00:00
8493abdd-7741-466a-9549-c5741a87f4c0,e53c3ea8-fddd-4a4b-b48a-c2c562fc9d58,4119.91,2026-03-28 01:20:44.758096+00:00
8e579d90-73bd-4a8b-8aa2-53f002c67cbc,777f3f00-8086-4e45-88f4-7a6757b659bf,10.0,2026-05-02 10:12:56.863603+00:00
0965b215-28fb-455c-bd14-d04f643a1a4d,8dcee014-b956-48c6-ba7c-11347bca5502,1600.75,2026-05-02 22:38:33.263047+00:00
38ca0d93-acc7-437e-94b2-f96d7e80ec59,200b9e5f-8fac-4c1d-843d-64d9cca3df31,3709.64,2026-05-07 20:02:21.364323+00:00
18e4db60-00dd-4c2a-b90d-b157380adf3d,4629ad32-c7f0-49aa-945c-07ed7516049c,4442.03,2026-05-12 19:35:59.097454+00:00
03177fb8-b575-43af-8d92-0240d4906453,0e85c070-ab9a-4f14-b061-a890810a225a,4103.39,2026-05-19 01:14:23.664980+00:00
f5518b95-9fc4-4c07-9aaa-f317fd30c294,de4884fd-ce2f-4779-b7ba-d960d42aeab5,2009.93,2026-05-23 18:05:39.401328+00:00
534fc620-2ba2-4078-aff4-7cb113df3599,0642f32c-927f-493b-8ca2-6aa7d02c27c6,3556.62,2026-05-28 22:02:55.272040+00:00
e1c34d85-02f2-43f4-b490-8b6783b8947e,c79ce04b-d7ab-4948-ba89-a01bbfe97890,1870.4,2026-05-07 05:43:48.017195+00:00
46d4a070-8ea8-497b-890c-687cb1954e67,e0c7a30a-56be-453b-818e-5e308f3d9f62,1244.36,2026-05-26 03:21:21.776116+00:00
5d54de5a-d309-4916-b06c-0c020e610a60,e38f19f4-8c0f-44e5-bd8a-bf7c5e9ebfdb,673.2,2026-05-15 23:05:53.325245+00:00
ecea8f73-2068-44fe-9ded-c1355faa598b,52221922-2eed-442a-83de-cbf61d2e6062,10.0,2026-03-27 01:56:58.467433+00:00
ad5ae0f6-a2d0-43cc-8636-304a0034c84f,42e814d4-e026-4176-aa41-4df45b7fe7b2,1716.08,2026-04-03 21:39:15.096332+00:00
3090029a-0669-499f-b9db-23c01c0b7409,b571a3f2-17d0-43f8-b198-16d47a14c74f,1394.05,2026-04-23 04:09:24.772668+00:00
82a19030-681c-4b4a-99c9-c18fd91e7498,acf025b5-1bd1-4069-90a7-8a94f2e51de2,10.0,2026-04-29 11:27:24.963665+00:00
9a0bcb9d-11c2-4591-8f1c-8c940be9954b,6db4a31f-69d7-41b1-9cfb-fdecb1a81717,1689.15,2026-05-05 10:12:47.854405+00:00
c05bb1e8-81f1-4fa8-8a73-b866777207f0,203ee700-8866-4e49-a2d2-59cf4721ad09,2666.23,2026-05-30 01:14:28.727459+00:00
8bc97fd0-89c9-4517-a7e8-8ef8c4fb82f6,6bca21e2-0a5d-4ce6-a773-a7f51427c416,1431.9,2026-04-07 02:32:58.237355+00:00
04d13b77-f1ba-4244-b87a-ab53c77eb412,a28d3dee-ff7d-4084-bd2a-776183a6b258,1306.43,2026-05-11 20:52:11.990039+00:00
1633680f-77c3-41d9-ab68-9d0f70e0a70d,a4326fb0-13a9-4329-be0c-da87de382f73,1494.44,2026-05-15 20:00:01.969295+00:00
ede2d11a-c39d-4a1b-badd-cd1c9fc2a1e2,5ce4a987-c9da-42c3-959d-1855e578f6e7,1239.47,2026-05-16 00:16:18.148815+00:00
9875bfec-ce99-407a-b4c1-c38de6703006,86d440e4-178c-4622-b75d-149c4492ceda,642.62,2026-05-19 20:27:41.246508+00:00
c93a6219-79b9-4058-b7ea-494f054eae46,ebb9253b-85bb-4a3b-994d-316daf527f0c,3527.7,2026-05-17 19:21:47.664208+00:00
09c8facd-b59c-403e-98b0-5acb0114d2a6,aa811489-03d3-4b4a-ae07-e9790e8a43e0,4610.47,2026-05-20 15:52:42.671878+00:00
a32b7589-11d3-4f49-96a4-d5e866a89c84,b1728d48-0944-4f22-9df5-393a9b7287fe,2381.0,2026-05-26 13:43:57.067643+00:00
4546a473-69dc-4035-909f-ec44cff43fa6,cc416e4a-3c54-4eec-91b1-3041824a683f,1009.95,2026-05-28 02:42:36.851398+00:00
4b0774c4-fab7-4627-ac97-0605c8961309,46c96678-e063-4473-b219-8a6b1027d8dc,1961.37,2026-05-28 10:46:42.148163+00:00
b080ce78-18b7-43f7-b3c6-90541e389dcc,9e677939-b1bf-43ff-93c7-432689a7fe85,820.13,2026-05-30 00:23:06.388507+00:00
61c14e2a-70f2-475f-9699-a55a0c182755,73212e13-9658-4de4-9420-a2de72113d45,1884.7,2026-05-30 01:50:29.954831+00:00
8029720d-ae01-4607-857d-e553ca3f8552,b48090e7-9cc5-41d6-a97a-41f05ba15969,719.89,2026-05-31 09:14:33.080796+00:00
9f808d1a-238a-4907-b929-4852dd1af2f7,8a9b3fd3-5935-4bd1-a95f-1aab414e94e3,668.27,2026-05-19 06:26:10.392980+00:00
e989ca02-aea0-4ed8-9708-2c83ad11bcca,52ce6c59-af0e-4871-b1f8-50ea55c7fff1,757.54,2026-05-22 22:37:58.958162+00:00
fa98e550-30d0-4f28-b87e-4dc08c480b90,87a1c8c7-c667-47ed-b5e9-1b149fdc6285,1838.3,2026-05-12 03:18:39.211295+00:00
69d0b691-cfc7-41a6-8f87-d74ee3a2e092,354de8db-9103-4393-b34d-dea02c145318,4245.7,2026-05-30 19:31:53.141632+00:00
cf338da7-4f61-44af-849d-9b6c72dea7eb,a5dcc5d7-dea3-4fba-92a3-81580ac638e2,1034.4,2026-05-29 19:56:19.183264+00:00
7fdeb642-edc0-437d-8f19-ce67735c286d,890d6f93-72bb-4226-9b26-ceeef11e9e9d,699.44,2026-05-31 01:25:31.242076+00:00
0f924f45-0850-4e49-b321-a269abb9f00e,3e28738e-9d77-4a54-855c-42a544ec753f,1505.03,2026-03-24 19:05:53.978469+00:00
b3c7412b-48ee-42c0-b253-a1f9e6d20670,cdfba06e-514b-4bbe-b224-26d1a368e62a,1301.66,2026-04-06 10:46:14.253464+00:00
501aee53-7137-40ff-9faf-986a03d89b41,e61674de-1b1f-4fba-919f-117409929988,10.0,2026-04-30 07:50:15.663250+00:00
4d8d8372-8f3a-43b0-b742-844288e7d3c6,568a00aa-5f7c-499e-b5fd-c2f3a5bab258,1441.28,2026-05-03 07:47:13.857890+00:00
4877fe16-cfef-4663-b641-bee7936fa1fd,709ef904-9eb2-497d-8c2f-8f5ee2b99e9b,149.06,2026-05-07 02:08:15.524256+00:00
5fe9d8ca-8b92-4b8b-b390-1236ceb82f62,a3d5434d-f79a-439d-a33a-5193eee63949,1368.62,2026-05-26 12:04:25.446596+00:00
369557ab-4ca5-4436-bb19-9635fbfd6495,5850156a-7945-454e-affa-236630b3183e,3748.85,2026-03-15 22:18:18.736950+00:00
261e86db-4e92-442d-bbb4-5f976a6a7475,c79cc956-f8bd-4b79-b7c4-7687f28dadc2,5796.2,2026-04-15 18:48:41.695671+00:00
b37cc681-3224-4482-8c8d-b1d2f7b4ff98,e2bc4abc-1509-4c22-92d4-7172cb2bd07c,1932.52,2026-04-22 13:20:29.294532+00:00
5abc6c3e-4426-4fca-ac5b-5b5500f738cb,93bf9269-e4fd-41f8-b796-1d0060c4329b,1589.71,2026-05-29 17:58:00.921566+00:00
9bd8032d-40ea-4052-975a-9559d8990090,402b8d0e-6f94-449a-abb8-dbfa6ca8ea76,10.0,2026-04-03 13:58:53.646897+00:00
ab0a0fee-ee93-4466-97dd-8209045d6e9b,1338ccf4-3024-468c-8850-f80f6c986368,4232.51,2026-04-13 20:04:06.419491+00:00
d6b4329d-622c-4859-8aae-48397c930275,96330cf1-ef75-418e-966b-745f42145f9a,5085.27,2026-04-13 20:09:47.663248+00:00
e547bf0b-4669-4098-b666-2d1ed5fbd616,56f18cf7-18c8-4e05-8c4b-f486939c07f8,4499.96,2026-04-16 10:47:42.327208+00:00
2f3a7332-2ed5-4659-8013-8ac050d27393,f6f00b27-ba6f-4d87-8b64-a8bc538f5d11,3934.7,2026-04-22 22:31:01.767654+00:00
1fdefcc3-98a6-4329-867d-edc9d74bb15a,4b5dc459-6824-40a6-a12c-734e1bcc2559,2768.18,2026-05-16 06:23:54.924932+00:00
e1470b29-1eea-4b73-a8ee-bdfd73d355fb,dcb248b2-5182-4d91-a34c-61330fee69f8,1232.41,2026-05-17 18:19:49.157970+00:00
dfc058e8-9abe-4340-82fe-9e0e3b82f5da,8b9b84bd-cd36-44a1-8d9a-efc41e7990ca,2136.03,2026-05-25 21:12:42.322455+00:00
d54da4f7-202f-4219-aad9-5678ceb7a5e8,f22b77e9-ef71-48f1-9cb6-fdf85d233e41,2140.55,2026-05-31 08:57:45.038660+00:00
131c34a3-3c95-4749-8e71-c46164bd41fc,a3d2d724-46d0-4f93-8f97-19806e3c0c2a,10.0,2026-05-31 21:18:45.834507+00:00
c7177a67-528e-43f1-bca4-eeddf54cca45,adcb7f44-eac1-4a14-bf96-22f9cdfba541,6266.59,2026-03-21 18:33:23.026229+00:00
3521e5d8-d82d-4543-be70-f6271df66ad6,74995491-86d3-4fdd-9335-022d9636794c,1921.26,2026-04-03 12:53:51.911893+00:00
cdade3ba-744b-4c75-83da-e3b8f87580e9,63a0eed7-cc56-47d7-a49f-d508ed838417,4144.27,2026-04-15 23:32:27.306728+00:00
8a9b394a-3d14-4fa2-b367-9e7fcba43d8b,ad4456e6-853e-4efa-b388-abe86c1dab68,10.0,2026-05-09 14:37:44.703285+00:00
87d1233b-db65-4c4c-98c7-9e32cae32db8,1228eaeb-b0c3-4901-bc1b-ee04b2e18b10,2390.72,2026-04-22 05:36:23.897601+00:00
bc7569f6-9fa0-4e4c-b1c1-68a9d2a0ee30,d45ab743-8e03-4f79-a4aa-ec902c25f0ad,2634.67,2026-05-29 05:19:08.506592+00:00
d185fa6c-833b-4646-ab31-45f796264ffd,fcabbfe4-c3e6-46ec-b1d3-18ea5952c1cb,3379.99,2026-04-27 06:45:16.822364+00:00
8e545028-37d7-40a4-a590-bdff8421ae0f,5246964f-0006-40d1-973d-b7c87fb4483a,2027.56,2026-05-31 17:48:50.979614+00:00
996e6e2a-b0dd-439a-8656-8609ea30a802,134c5a1d-dade-4ce7-ae03-21f4f80db7dd,1576.7,2026-05-31 19:10:46.447947+00:00
be12ea3b-7b35-4437-8d80-b58e134bd13e,6488c732-ec86-4154-843b-0afc863dac65,1833.75,2026-05-31 23:57:42.146098+00:00
5d32cebe-c362-412d-88c0-ada8f689d2a1,5e7aa877-2e5d-4fa9-8d34-981bcce5dc73,1848.58,2026-04-22 15:20:44.670386+00:00
8cd1aa32-7f75-49fb-85c0-c997ba367d47,c5bcc8d6-a295-4c1c-aab0-5c7ae4af5e91,1077.8,2026-04-29 05:40:43.823987+00:00
ec8dced2-686b-4c57-ade5-db9db5aa6d71,43ac9bc6-fca8-4490-8c19-4352e964b6ac,1079.26,2026-05-03 14:08:24.300960+00:00
9c82c216-d913-463c-a674-60c801bd2729,31c3dace-c8f8-4e4f-b660-d8d63dc3a07d,132.72,2026-05-20 06:57:49.633116+00:00
cacb0aa2-fb1c-4768-bdf7-608c2ee000a6,ef7822cd-98e6-4583-afa1-5ad27d06e882,1808.52,2026-05-26 12:46:38.144899+00:00
9f547b50-945c-42bf-8023-e78c773e1098,af877c26-4c96-4a62-b7c7-2caba9da5e4e,1168.33,2026-05-29 20:38:47.136312+00:00
8191dbc7-5999-4cea-b9c4-db5b66d9181b,7331bd32-76d4-4e2e-bf56-137caeb75652,3551.63,2026-04-20 18:09:08.454987+00:00
83e0c180-8f00-4eab-9f77-120a5459b4c0,f0abb61d-79a2-4bc1-8c56-cf881d49b1f6,3769.92,2026-05-02 23:31:03.138162+00:00
ee6b25b1-659b-4f4b-9720-d05f311f83e4,a27e8aee-d25c-4d5f-973c-4633a91ffc57,1338.95,2026-05-13 22:50:01.088828+00:00
f80bed43-208f-4ad8-8638-9dba5ac7cc8a,31ba9298-2ec5-41ef-bb34-609caa79bce9,990.23,2026-05-14 03:14:58.823186+00:00
dba53a09-2e8d-477a-ade7-44e8fb054073,29481e7c-7875-4cd6-88e7-b01077fc294f,1943.0,2026-05-22 12:41:20.171825+00:00
54d47292-1570-4e7f-ae66-bab455c3d92d,85c544b9-c8c2-493c-a0b1-287dcbf1ebdf,937.42,2026-04-21 02:19:25.480125+00:00
766c9166-6048-4954-ae99-bc8cba91a3e8,b8368c28-03b5-4b3e-91ff-b7622c178345,1532.01,2026-04-25 11:29:28.735527+00:00
0bab521a-e34c-423f-9bfa-1532802cd297,938fe68f-fa0d-4331-b714-c01ebaf13c55,1536.19,2026-05-02 13:29:04.398319+00:00
06ee9851-464f-4de4-897a-de6f5c15d29b,735b815d-e181-4ec7-944f-0623c3b1f3ca,471.07,2026-05-14 08:32:09.261193+00:00
514a49ea-a501-4d37-a608-82b8e8081fea,b0a41f48-8c72-4743-933f-f58ea08c30b8,2210.39,2026-05-15 05:45:46.546898+00:00
c7c3e5f7-a13d-44e5-be8e-3319ad08cbf9,d0854536-2dfe-4d70-944e-09ef7f02c247,1355.37,2026-05-16 02:33:35.608445+00:00
dded8052-c2d2-4168-9338-5c3a3924f2a9,a0789242-6b27-4c13-a227-6696373f18bb,4937.32,2026-05-18 02:36:19.198099+00:00
be2cc613-0306-43fb-8c4f-e9ff1bd4d74f,f8f2c858-bb19-4e0e-a49e-43d6bb5df8b4,48.4,2026-05-21 15:39:59.064307+00:00
63ccf331-4a87-49c0-a4e5-3f75fa2b97a7,f2bb2eb6-be5a-4ee7-add3-ccd75cf48eb1,905.12,2026-05-22 20:57:45.804009+00:00
8932d57f-bf42-4ba2-9624-e44dabbe0f7f,7d5026c0-88db-4ca4-90aa-7a43ab466b82,436.27,2026-05-28 22:10:38.604248+00:00
f0149951-b781-45dc-a751-38f4cc629ebc,be691b36-00e3-4241-a52c-c3abcc0012d4,249.07,2026-05-29 10:18:39.427808+00:00
0d6ecbbf-197b-4f30-9455-77f6dcb79cbc,096e647a-0b7f-4df4-840b-ddbbb294bc0d,316.1,2026-05-29 23:13:02.334930+00:00
477a537d-e9ea-4701-90f4-7f884babb6ea,d173ae8e-4938-465f-9d65-2a593a9c57c9,832.86,2026-05-30 07:35:00.401545+00:00
6d098a4d-2bb3-43b6-829c-0caffbab409e,1fd727d4-9222-49e6-b0df-147b3d323b5a,782.97,2026-04-25 03:38:25.802964+00:00
af5ce0ba-f5a2-487a-865c-bcb74e89db55,8082fb3d-ec47-4156-b8b9-750f370e0c30,596.72,2026-04-30 18:25:33.182189+00:00
70e47319-0cbf-4e5e-942b-0c2d958c5750,de7e1ead-710b-4252-b6ff-8d004828fac3,786.77,2026-05-01 13:23:15.681662+00:00
40e64748-ce9c-445b-b18a-6f3c68b2355a,1557607d-17a9-4a37-aa31-65518f221c79,488.28,2026-05-07 02:45:50.094203+00:00
139d3c82-915d-4420-80a5-a1d61d09ef25,525d79f4-0860-4541-8524-730cbefd1395,1130.98,2026-05-21 17:08:40.789314+00:00
d4aa36bf-df45-4813-8156-8a0f4ab53fae,0d797787-6c46-45ce-b4b9-642ec3ac7142,1002.8,2026-05-27 13:21:33.674157+00:00
46fec429-5500-481b-abfc-290f4927e049,e3f59107-de05-4f46-ba19-a2238ad86a7f,3220.19,2026-05-01 08:03:07.018643+00:00
f322cdfe-7251-4ff7-8a97-ec06d5b37727,70473937-695d-4595-85e8-cb8fa0366e87,2534.97,2026-05-08 08:24:45.672022+00:00
a0820b7e-5a06-4057-ad43-56983208bdd5,bfaf2308-82fe-4703-824e-ba499bd2ba08,2075.87,2026-05-19 23:00:29.924343+00:00
7aa9a903-b8c9-44ba-ae5d-59d78e42a231,7cf6007a-e866-433a-92e0-41abfbc55eea,1296.81,2026-05-20 20:41:36.590505+00:00
47ebfedb-4614-4a52-a972-33be1e54bfae,7176803e-89fe-4b6c-8ac3-cb592c5dc63f,1947.73,2026-05-29 07:07:58.716887+00:00
e439e6fd-9cf8-4545-855b-3f4b2a271795,47a77926-32c9-45f2-ab4d-46908d0671bc,1610.28,2026-05-29 12:50:46.702058+00:00
ffe25e08-3284-40c4-9a71-7a01eca8d375,192d7d58-8c70-4750-ad7d-fdc4f3114659,1411.59,2026-04-08 10:13:48.525209+00:00
3035538d-ae8e-49f6-ac18-8643cfdeba27,be99a673-2f3c-400e-a908-f02f2f8c99be,576.77,2026-04-25 01:22:00.402639+00:00
e1675486-4415-47b3-9444-6c22b598fb82,eec3a79b-66d6-4907-a888-7b8ab878d879,1501.8,2026-05-12 17:48:31.634668+00:00
18493e0e-f6ec-4dfa-8a67-1245b7dd53d7,f1809e47-dce2-4aa8-8ef3-b57e85713447,660.04,2026-05-22 09:56:11.693621+00:00
3fb48a78-b24e-44a8-86ef-c48cfdb3cf08,a8e739f3-02c4-4cc3-b202-936dc4cbd7f2,1318.89,2026-05-27 04:36:33.605430+00:00
054a43e8-f9aa-4b65-bdd3-40c9fe8ae924,71ab4956-1b9a-49de-b4a7-0a59888c477e,2027.04,2026-05-27 18:00:11.777786+00:00
801e50b4-861d-4c80-bbe2-cd5d48f737cb,1f775ea9-2ef6-4010-aecc-f5d80c30ca30,3112.06,2026-05-06 22:37:21.478539+00:00
dec6153d-f6e8-41b7-9a18-7883e10f2a6d,82831c9d-59be-4d48-8191-8847cabed33f,3145.89,2026-05-23 21:02:07.094035+00:00
111d6286-7038-46e2-af71-14428c91265f,05e04465-c4ca-490e-a752-242adb2b3cae,1328.67,2026-05-15 06:11:28.965801+00:00
eb349a6f-8d39-4642-b1f7-49286051f11a,d303b0dd-a273-43b0-a981-cfdc5b252f79,955.6,2026-05-25 11:19:02.011243+00:00
413ab6b5-0e3e-4d93-a5e1-38c7cc564a8e,28ff81ed-d649-479e-849a-db8b1680d863,1073.45,2026-05-29 10:15:44.784111+00:00
a6566e4c-0196-4727-8316-26785704bde3,3457de30-9c53-431b-a72b-9cbf9bb34f15,3837.99,2026-05-01 11:49:56.771839+00:00
edda7288-aa99-4c26-bf40-dc5c1fb0d6dc,306e7e26-534a-4d2d-8d30-6b385e250511,3915.98,2026-05-05 10:06:00.289318+00:00
45d28693-4697-4e02-a1f2-6ccebff79b28,fa7958fe-27e9-42d6-a33b-7d5c6bd9daff,3578.13,2026-05-06 05:05:47.942724+00:00
e08941cd-9bf5-46b5-ba54-4cfab316e694,6bbaf217-c420-43aa-8623-007bf852067f,5397.19,2026-05-06 16:55:36.742524+00:00
2f79f44d-7d55-4cf3-b17d-60013d6fbef8,0ad6d1a2-dda0-449e-805a-21627e1d10e5,2162.38,2026-05-28 09:46:22.884269+00:00
e5049abb-68e5-4609-9cb3-80926ac69adf,e8d5ae04-f8bb-43b2-aab5-5434dc906c80,6333.59,2026-05-07 02:51:13.138392+00:00
986f2912-eed1-4426-8fd7-4efcea608543,dde4cbd3-ce34-4406-887c-8e3b23010881,4684.53,2026-05-10 07:13:25.791494+00:00
e4495f89-5645-4f8a-8b2a-8c6d41a3bbe5,9a2ea6fa-62fc-453e-87e9-452363d5724e,6676.27,2026-05-15 05:44:06.433694+00:00
afce625a-1c4d-460e-8c95-fcd30235625d,c6bbd6bd-b910-40fc-876e-9c98511ff59a,10.0,2026-05-19 13:39:00.488649+00:00
8924f921-f568-41f9-9dad-36e74df23e2c,0a520bcb-5ced-4a41-9407-53696ebf6611,1304.68,2026-05-24 22:04:30.931838+00:00
0eac5f02-67c2-4c39-b6c1-e4d2ca62a5fa,74ed801a-4e53-4511-8c5f-041452a0f5ba,231.96,2026-03-05 17:14:46.181472+00:00
fb686f93-3cda-43d7-9066-3db3f3368ad6,ee3be96e-5e7f-47d9-b902-39f2a8f09b8c,542.09,2026-04-10 20:46:21.657045+00:00
a06610f5-b676-42da-834d-2e0316f1fdc3,e113e615-c4c6-454f-9826-ba9341ba74d4,458.52,2026-04-14 07:22:37.585115+00:00
ba96fc4a-236f-4226-b4a4-4a6bd103676c,69ab8e71-8661-4c48-b2c3-cedf8f0e11d4,427.84,2026-05-20 10:37:59.076161+00:00
3ac98817-0e61-4b8d-9a7f-253b4a0141a4,3a8823ed-6736-4b9b-b66c-4e6887688187,480.54,2026-05-29 21:43:50.365771+00:00
cf7e2f52-57ea-4c5f-a099-18eddde8f6f8,05b0c8fe-c322-4234-a070-162f62b13105,1391.93,2026-03-24 15:17:34.681371+00:00
167e902c-554e-4e50-8910-460469f13035,1c977c02-3a4d-4efc-b75f-87691c929b90,1542.9,2026-04-23 01:06:23.402790+00:00
92694eba-537c-44df-af2e-3613fb741d29,c6f7b84d-0b04-4321-bcff-4c2a3ffb97c9,2177.25,2026-05-21 23:17:41.699060+00:00
007627c6-3bf3-4807-9968-b253a400b841,3304d673-1443-4b39-bf30-b8b25bd68049,1778.03,2026-05-30 10:09:33.475555+00:00
d06e1ad2-b6d4-4cf4-8d17-4f0aea964933,67ce101a-d039-4259-b9ff-d9d0495f33ea,2599.77,2026-05-30 12:48:41.318822+00:00
3e950f7e-8188-4f95-bdd4-63a51f07588d,84e38b10-ede5-4afa-8251-96631123bcb2,2172.27,2026-04-12 02:36:55.173381+00:00
057286c0-35b4-4442-97d1-c4f61ae17409,23f9996b-cc87-4a94-908a-8ce3f37ff35c,303.96,2026-05-13 02:01:56.912994+00:00
6629b755-a09e-4927-97f4-3766ec9c8301,61f48549-0fab-4b36-987d-3c9485094dd5,3568.88,2026-04-18 17:13:08.203374+00:00
6db71c36-5235-4025-a3c8-c472f0db25b1,1238c018-636d-4e06-9ee7-f1597e5e96e6,1812.24,2026-05-03 21:14:41.320187+00:00
6db2bc13-0f3c-4318-a480-d22ee8c4735f,fc6b3ef4-0781-461b-a778-714fa89c8da1,2298.38,2026-05-06 01:40:05.044915+00:00
19dc6c86-19aa-4c0a-9648-2960f4ade607,a0ddde3b-add2-4276-b1ba-ab62102a60ee,2057.94,2026-05-23 03:04:23.041123+00:00
d82b4f2d-f4cf-4ed0-88a0-2a3c9de1d371,6429953c-d099-45f5-977b-0fec8e5e97d7,892.86,2026-05-09 12:21:59.209325+00:00
d863e8fc-fd90-4d4f-af3a-96286b32c183,d3a7d1b9-bbd4-449e-a132-c2d74dacaad3,1267.78,2026-05-13 02:39:31.838352+00:00
ac21e9dd-2dfd-45f0-8294-7f229b3d886d,e9deccfc-dcd8-4d96-a464-3f6a36bde4d5,1107.07,2026-05-14 00:59:47.279191+00:00
37fcb205-1859-4fd6-af02-ae632809e232,908cb746-3b68-4855-99fc-959f77f7451d,4247.27,2026-05-28 10:36:03.989446+00:00
84929d88-f52e-4e4e-a68d-1600b0d1914f,58ad41e5-b4e7-4de9-b263-908b736a03dc,1904.11,2026-05-29 05:31:51.446262+00:00
956b449f-2633-4801-a3c3-a9e2a2eef493,ed834e95-4f18-4608-a2ae-741b04fc61f3,4945.45,2026-05-31 17:30:16.795854+00:00
420911f9-5ad1-4cfe-86ef-d77ed234abc1,f0a23434-2e87-454c-9113-1faf35aa4c2d,2971.47,2026-05-31 21:39:40.445368+00:00
626bdc84-683d-4425-95d4-7c13228bcf22,29572a94-1734-42c0-b435-64d5aaccfc01,2393.01,2026-04-06 08:46:01.215926+00:00
3498d75d-3990-4dea-9803-ad64c89123db,eb8f82f2-5c67-4f12-ad0f-f134e076be6c,534.14,2026-04-23 08:56:52.705621+00:00
36f0ef9c-3abb-4df7-bf87-1df7ab0fa5fb,d2258349-6629-4306-a755-7ceaf4387ef9,2572.52,2026-05-16 13:18:53.765799+00:00
5dfc04e7-a36d-4b2e-aeab-2f84157139a3,834bbd33-6f7d-4862-bb38-3062c0b82d7c,7121.1,2026-04-04 09:55:19.440979+00:00
a7cc30ed-0641-41ce-b0ee-79c8583847b2,db7e4e1d-ef41-4bf7-b0c5-acfeab241e32,5845.89,2026-04-08 19:56:23.457335+00:00
84975608-acf7-4c78-8522-045cb28d91cc,020f0261-4a9e-4972-a117-7da72f8aa7d3,3564.09,2026-04-10 23:17:33.744106+00:00
387a02ae-b700-416f-b04d-4d70daf422a3,60992cc8-3273-4034-9dae-443dc6c05e1f,11.65,2026-05-04 14:14:12.911808+00:00
b68036b0-ad49-4aa5-9077-54a3f2641a2f,2ef23ecc-f777-4cbd-a9af-7347dba1f77a,4378.91,2026-05-06 11:24:16.551307+00:00
946e7f15-34b7-4932-b17e-53ff7018afc8,a1917ad3-0453-4068-ac74-a0c1787d7763,3214.97,2026-05-23 04:18:45.165909+00:00
17021038-56fd-40d3-9dde-7ae6a13f5346,913b8b1f-56cd-4e6d-9624-cbe2402aec51,1382.87,2026-04-14 16:43:00.487898+00:00
e55880cf-4a5b-49a6-b84d-4488c64d7745,20483c3a-d6ea-4260-a349-51e69e8d0dc7,1844.73,2026-04-27 14:03:55.385666+00:00
20041a0a-7286-46c0-a8c7-46df9d38fc72,a211533e-d1f1-4c93-b9ba-b6aa4c6a0ceb,739.64,2026-05-08 06:57:06.044468+00:00
0b76397a-45d9-49cd-8b98-1f91fcd636a7,493a17bd-c04f-43fe-82b4-1a074b412f09,1539.92,2026-05-25 15:47:12.741661+00:00
f1065778-6b0e-4400-9f2c-bbdc796b1a2e,327660cb-bccc-4f07-99c8-e7bdcff1e1c0,798.61,2026-05-26 14:52:21.283359+00:00
9f297ae9-8919-4c2a-9952-9e7e002e579f,b0d32c7b-b8e9-40f1-8831-1b09c1115173,1221.26,2026-05-06 07:49:07.782905+00:00
b92aaf69-2d86-415c-ae4c-49ccf83f194d,06ad34ac-f1ae-4b41-8afb-b2d469ab91bc,3198.26,2026-03-21 07:30:50.014741+00:00
03247f9b-0621-4347-b460-93b5221a8090,f0df2dd5-78f0-44c2-af65-8cee8f64f28d,4805.34,2026-03-30 11:18:09.827607+00:00
7d69261c-4923-4e08-9d0f-3861c76f422e,a2e369fb-0e13-4b0a-8a51-dbcab8a84914,2248.84,2026-04-24 08:11:29.105012+00:00
8decc2e4-4b18-44e5-a872-3af9404a930f,45b4a218-0930-4271-8829-a871c1ca1998,5329.21,2026-04-25 10:38:44.650651+00:00
f9e50255-a1d0-4b48-be22-d594d84f2449,77a0691d-785a-4146-bd7b-edeaaa4b1c64,4673.68,2026-05-11 01:33:53.953486+00:00
5e2a42f6-4cd1-4f7b-94b7-b7fc610f8e2d,d2a2e235-2c09-49f0-8c14-e81daf679473,5232.89,2026-05-16 04:39:46.472767+00:00
a7a922bb-6468-4844-a013-c3ba473d9af2,7b9e7e92-17a2-4951-af25-d9bb505a64ab,307.09,2026-04-21 10:51:45.773072+00:00
5b71caab-803d-4220-913f-41bc46ecd85d,da096a25-a876-4ba9-8e05-8f21d1a45969,758.39,2026-05-01 14:40:43.750085+00:00
cf67c439-09c4-4663-b96a-c2d21815aa1c,4bba18d5-616d-4dbe-b923-292cdadba54b,779.65,2026-05-19 16:56:15.099357+00:00
af58eb11-ede4-41ad-b2b1-ea0aa18651c5,88ff3e04-f9ee-4ba7-a359-f1f4668f1c89,629.77,2026-05-28 14:20:38.270515+00:00
96658de6-1c1b-43a8-9875-d5319dc9bd1c,f624dbac-c23e-4fd6-88d2-af368f954e23,10.0,2026-05-30 16:28:55.088362+00:00
73f88a5e-91f4-4933-912c-3a99322019a3,d0293de3-759c-4925-ae9b-1dfeec77962a,3886.03,2026-05-14 15:33:11.733226+00:00
96c45b91-dfa8-4856-9392-c38350a23d63,b27a5f17-f2cd-41f2-ad1d-af847ad2375c,2521.52,2026-05-15 06:16:07.336407+00:00
8b093932-a5ca-4c27-a142-931073fd3bfa,f0354447-8df0-40a4-86d3-16f076def310,350.52,2026-05-18 22:50:40.625545+00:00
ba9ca103-37a7-40f8-9a2a-40a51b561321,227b3905-8554-47cf-99bb-58ee3fa9c49e,4051.25,2026-05-21 11:22:45.262721+00:00
31efa875-e7fe-4708-8e47-c2855c4ed5ad,6f568d85-29c1-4bc3-b808-628836a47917,2556.26,2026-05-28 23:22:17.183235+00:00
9f7b357b-20d4-42cb-bb81-0ec91360edeb,ba3d9d42-4877-45b6-85fd-f613eedd329d,6538.96,2026-05-29 10:37:45.879144+00:00
a52d81a7-046f-423e-8280-4985fb30fda1,c8b93dcc-9597-4c94-a39b-d67c81fb8a4f,712.87,2026-03-18 22:51:08.974235+00:00
558033e0-ffd9-4181-b81d-99e24a088d30,732b6b5d-f1ea-4499-b8f2-3fecabdd3a30,464.03,2026-04-26 06:26:12.294426+00:00
5e2b4056-44f4-4ed6-b352-6c4fd96e13fe,a97c05b9-fafe-454e-83aa-962644babb8f,507.38,2026-05-26 12:14:20.196089+00:00
7a7cfa72-21dc-4ff9-8384-0aad8dbff32f,07d4da43-c2c0-48e4-8b9c-035cc17a6198,258.76,2026-05-29 13:38:47.127338+00:00
d300e93f-75fc-41d3-aff0-67e4deae5267,a28c5704-0231-4dec-b72c-a60a5a1bea29,2179.76,2026-04-04 20:15:20.630779+00:00
12417319-b085-4ed2-9e1c-36b49c74919e,03714431-586e-4323-a4c9-108269043d41,2150.77,2026-04-16 09:02:41.044879+00:00
6b74b91a-4fef-4688-baf5-e959fcf0b6e4,8dc03b23-663b-49b7-b338-837eec7d025c,1285.0,2026-05-31 05:22:55.196011+00:00
f59d56cb-cd74-4f22-9baa-459cd87bb0a6,241637d0-345f-4e5d-a98a-b4780a51a3b2,2730.22,2026-05-31 12:47:01.944124+00:00
20b362d6-4ab9-485b-9264-c9e02163f25f,350f6bd2-b28b-439d-ac43-e28b62705160,3467.7,2026-05-12 08:22:20.057053+00:00
279f071f-f5c4-4a13-aae8-2ba6bf10f0e8,b7fd33fc-b7d7-4e43-8550-4866f253bb2a,3063.92,2026-05-28 22:29:49.649649+00:00
1df40669-2b5f-4a3d-bcd8-6e98c8200956,f78eb130-5736-49ca-98ab-1b0c31c282f3,842.48,2026-05-12 19:15:05.223055+00:00
0db83590-9677-4911-9d16-60b19f21ecde,6123ce4e-1ff9-43ad-8df7-e7cffc7f0d70,326.49,2026-05-22 22:49:37.597397+00:00
e61c606b-a474-47da-9844-dc4fdc015f58,6552dd79-4606-4763-9372-56aefd0d29d7,478.92,2026-03-24 03:14:15.290455+00:00
806baa20-8a96-4e28-9d72-33eddd8d2597,75cf0acf-3fc3-4442-b07d-a0f30ca42354,2927.33,2026-04-10 04:50:11.090564+00:00
1e23dad4-3782-4b3b-bdf7-91ba56e3cd6a,74e78c8e-bb24-4a73-b937-c08c2859dab3,3440.63,2026-04-19 07:34:21.467045+00:00
ded6c838-4097-41df-91be-6a0957b97249,59816f72-56b5-44d1-beea-b84cb4030ac0,1219.32,2026-04-05 12:40:17.538224+00:00
20a950c0-f6ee-4a7c-9591-ecbc7d350193,21b11f68-6375-47f1-8888-331698717c19,5175.08,2026-04-09 20:24:32.677816+00:00
4712e1ad-eb4f-475f-90d7-3a4b8bde517e,583bef03-6e69-44a6-a4d4-d7095c05a12b,10.0,2026-04-10 17:51:13.188451+00:00
dc3f2fdd-25bd-481d-8219-02d4796b1725,13e649db-80c5-4180-9952-0a017d15464e,4014.56,2026-04-25 07:44:58.772998+00:00
832e2ac2-36b9-47c1-b2ed-a5067e98b649,762d1bdc-e3bc-48fd-a106-0876801154a8,4026.46,2026-05-14 02:40:07.950278+00:00
4bea4b39-1b9c-4a3c-b817-7721fb804c88,4b0baf6d-1752-4ce0-adcc-c334969e64ba,936.18,2026-05-27 07:54:30.918051+00:00
ebb730b8-064d-43d6-b43d-fd81ef410874,bdc5e0ca-27b0-4d16-ab96-a54189cbc39d,371.86,2026-05-17 07:31:47.268159+00:00
3da09529-8f25-4d4e-ab52-5b133d231d9b,283ea85f-842b-4610-8988-689a8e7ec23c,708.47,2026-05-22 17:50:04.583864+00:00
ef021763-1103-4a1a-9009-278eba1669ae,7572ae40-08bc-4251-ac05-44c8460ebeb4,645.57,2026-05-28 23:19:01.121574+00:00
327b2a47-bffc-46bc-8258-94bf82796259,6cc055f8-ee69-47d6-a665-43351d678429,1268.77,2026-05-28 14:46:45.727475+00:00
40a3e2cc-43bf-46f7-ac3f-aa874d224530,84eb87f4-dde6-4b90-b6ac-43227cb2c37e,794.44,2026-05-29 02:02:09.040001+00:00
8f35ffa1-0011-49b4-befa-1c4ee9f970fa,a40f1e05-1208-42ee-8c9b-b0dce2dff819,364.56,2026-05-29 07:40:00.072284+00:00
34b46c13-e2e2-4605-b10c-7bd2b0b9d495,49c2632e-2419-4c88-af9a-e7e1bec6dafb,1125.32,2026-05-29 14:59:08.478963+00:00
5321dcc7-94c0-404c-a234-bb9d021dcc53,bffdd030-e421-428d-ad11-c422d8611db0,1393.94,2026-05-31 11:21:40.093961+00:00
cab84818-47b9-4897-9779-35efb3a049cb,ff273598-1c3d-4709-83b9-2ff9838d8e3c,158.73,2026-05-24 10:22:25.059413+00:00
ae995986-f97f-444a-a2a8-31ff1ec545ef,356bd678-46aa-441e-9d04-2796de61496a,4799.56,2026-05-25 13:05:22.055383+00:00
3402335f-bbde-4279-94be-586aeff3b691,01c2c2a5-7eb2-4cff-bfe6-c4ae1ae61a4b,2625.78,2026-05-27 04:42:01.399027+00:00
223e82e2-b8b4-426f-9da5-ff04f4e9b3e5,beac3243-f040-40c3-97d2-030beefd6a25,4017.25,2026-05-27 14:44:08.813937+00:00
5757dbb5-46f6-40d5-80b5-702bd007b741,cf5621e6-dc3c-45a3-bedb-41cba2edb198,5676.51,2026-05-27 16:50:14.441484+00:00
a155b306-5e0d-4f1c-8324-7c774e66e665,1c31035f-3cd8-45cb-afda-dfa42fd7da0d,1886.37,2026-03-24 22:20:36.072045+00:00
40a37d70-f0ea-4a5b-9b49-753a41107f31,a6174801-a34a-446a-b85e-93b1c2688c53,2149.68,2026-05-01 23:33:07.131786+00:00
e3ca3338-5b05-4307-97de-82b0325e0bad,5598da97-2c8f-44f6-ae4a-6b8f369dc2a7,1852.25,2026-05-08 03:35:45.551914+00:00
d148b77a-96be-4bbc-b2b4-13a276a24e52,2dbafb36-ee91-4b87-a140-0dd4eeec2ced,1404.08,2026-05-11 08:43:01.715970+00:00
bc7995ba-8722-47f7-8ce0-7d60d2372606,a78b6457-851e-4bd8-a84a-e61e7ac373e4,2421.9,2026-05-17 09:49:59.447340+00:00
c4f3cfd9-e194-4c72-866a-b3f546a486b2,46697d08-7dbe-4203-b461-2c906500f7dc,845.29,2026-05-26 13:58:07.778730+00:00
95ec7368-964a-4262-b3d4-92135940c7e3,f2493fff-31a6-4e0e-ab2c-023537d64a25,1582.86,2026-05-03 14:41:33.332534+00:00
37054a79-292e-49a8-8eec-76d3fe2fcb73,afab2aeb-d8cc-42e2-ad4d-b3a33f17fad1,1044.1,2026-05-12 16:35:53.504298+00:00
c87d50ff-cd10-4c5f-ad67-5325cf3a417b,a383d506-42b0-4a97-8d8c-530aade229eb,328.49,2026-05-27 05:09:14.018996+00:00
dc4c19e5-ab52-4e1d-961e-6a15b0fa3258,2688ebbc-c796-4c6e-91be-f03200fd8746,6041.01,2026-04-26 18:02:24.264258+00:00
ed389a6c-4e1b-450e-8864-e4d742f04df3,4d652e35-04fd-46bc-af55-14cbc286ebbc,4787.1,2026-05-01 14:08:26.716455+00:00
a11ebbe5-304d-46d1-9a45-0c47cb89f713,a0b0d72d-81ae-470b-8bd2-b7861c07ada0,3902.13,2026-05-03 17:03:22.816226+00:00
103d9339-cf1c-4bb4-bfbc-041cd92e8bbf,4ea31b6c-67d9-4fc6-8fc6-33e52bfebef0,2557.62,2026-05-20 12:42:08.827549+00:00
91ccc7bc-21a3-4fae-9a18-bb8e41aa9534,643cc66b-defc-4a87-b316-c14d119390ab,10.0,2026-05-21 13:48:46.724762+00:00
95525a80-6f10-40a9-a82f-c145c710268f,ee298fed-40ba-4a25-af52-3cd9ef46169a,10.0,2026-05-27 05:40:57.288275+00:00
3226513e-9f39-43f0-b1a9-91d7ba8dfdb9,f5eccaab-a138-4b48-bbd9-38fd77090402,855.13,2026-05-27 15:35:54.867431+00:00
d10db651-eddb-48a5-8600-5d1dc7d45773,30d611e0-29e4-414d-ad19-084d2d6f2494,10.0,2026-05-31 12:57:38.789000+00:00
9227eb57-702c-45c8-99de-4ed325d8b059,de3638d4-32c8-44a8-ac5e-98857a82bf1b,2008.4,2026-06-01 00:21:06.470203+00:00
3c7d87f8-b8d6-4ec3-b38f-51cdcb875b6c,8e1b76af-bb47-4d49-8009-52833352e8ef,3773.4,2026-05-26 15:03:12.199345+00:00
b23a9804-b379-47a4-847e-6f6bfa647741,e192d298-803d-413a-8d3f-7a8b311c0cd8,3281.66,2026-04-30 22:42:14.126415+00:00
24c246b9-3416-4f8d-a6ed-2ba02c0b6a88,c2d0d5b8-3816-430b-afa8-7153f2eeb380,5427.84,2026-05-17 08:44:15.929584+00:00
31e8c396-51c0-48c4-baee-5269f53e8504,6c3c83a0-8bb2-4bc3-b108-3e81a17747d4,2657.22,2026-05-27 15:51:49.345671+00:00
5d1183dd-5744-47a3-a4e3-4729888fedc7,e2e3dd4c-0447-410a-854b-11f4fe4741ee,7356.88,2026-05-03 02:07:43.169226+00:00
daddbae4-a197-4725-b582-e99128507746,d0d816ea-3121-4795-9480-35a5059b71b7,3801.48,2026-05-11 07:05:50.211262+00:00
775e00d0-e7f6-45f7-9e58-6658d0a816aa,d7e55ad6-4cc0-473e-9e22-f4a42b006c76,3608.67,2026-05-16 15:39:37.674826+00:00
a970a592-cd72-411c-9f18-f5ba7d3cf194,c99d550c-b3ff-4574-94ac-3d64656a62a4,3059.58,2026-05-18 17:24:57.938740+00:00
b9fb1a87-39c5-4aa6-8c6d-d11f1d796d9b,55e258fc-8817-4172-b4ec-d4f5df8aac03,3589.45,2026-05-22 16:31:18.853772+00:00
bf227794-412a-4ccb-910e-42614cc1ff9d,7e7ba9f4-fe7b-4748-84b4-9645bc0f7201,5769.63,2026-05-29 23:06:24.703822+00:00
135f7cc8-45a1-4446-950c-fce97b3f2a5b,45943b7e-0aac-4199-8a83-a237ffe2bf70,4437.03,2026-05-30 08:39:17.046656+00:00
971b0691-0c91-442d-a37d-3f9be24689bb,6d9589aa-e763-4557-b73b-a514bf02a393,3275.5,2026-05-06 10:11:00.384159+00:00
42d1ea25-00f6-4f95-b622-1de3bf5af81e,c5a7eafa-5a1e-460a-a96c-41b0734b2282,2792.94,2026-05-13 10:55:25.938366+00:00
d05fa059-6852-4665-831f-131e3e6f1145,e55cea38-0bed-48c8-a6cd-8ecd8afc924c,3853.22,2026-05-16 12:08:10.778114+00:00
f23f545d-8e55-4ff9-9843-e576655db71d,bcc677bf-0292-42e0-9d7e-cf7c73cc563f,1438.46,2026-05-17 06:27:38.859400+00:00
8a1c2de4-71aa-4be5-8c4e-af1e31b488ce,5781fb91-a07f-444c-86c5-bd25b3aa6c46,743.16,2026-04-30 05:40:16.506827+00:00
9bfe72dc-1b1c-4f30-9787-dc75f5984ef7,89519a98-85c4-4ccd-92a8-5f65c326e0e5,541.83,2026-05-21 16:57:22.588976+00:00
74015506-ed43-46cf-a2cd-46efb90bd5cc,88347ea9-1196-4c0c-8ddb-d3004b65c90d,1045.96,2026-05-22 06:56:22.867142+00:00
d2703f0f-744b-4e57-810d-66f4978fe311,ee046211-3c23-49db-a805-f610cb5706e1,383.87,2026-05-23 05:14:29.609183+00:00
da9a6205-37f1-4bbe-9af9-7fed177a2030,e1958bfc-c3ea-485d-abab-c0e0025d20f3,305.11,2026-05-23 22:26:59.876907+00:00
76b9a46a-9690-4771-825f-b6a25b316c89,0289315c-ed6e-49ee-8d9b-ee6009ff823e,10.0,2026-05-28 00:36:41.212533+00:00
b30c8037-7b1b-453b-9b68-3f86e0c8f6cb,213d8367-f63d-46e0-8cbe-29b7e9de7c61,124.09,2026-05-28 02:56:28.583467+00:00
946d15d8-0193-40c8-981e-a9d580bc89e7,9a54f5cc-d268-4c86-bcdf-490923714271,222.83,2026-05-29 15:45:18.404613+00:00
dcbba2f2-31a0-4589-8849-78865e5944ce,da27e359-dec5-4544-89ae-87898a25974a,814.72,2026-05-31 18:29:31.791218+00:00
a1af4f73-eedc-44f7-bb24-61f4f8943e72,5ba07719-5fe4-42d9-a84e-c7c4d06f80ef,6570.55,2026-05-04 15:56:17.960360+00:00
e392b7c7-1603-4a04-8292-ce1f335177c1,128a98da-3b09-4a5c-809f-bdec277983c0,5538.98,2026-05-12 00:34:48.354745+00:00
42949f15-c26e-4cc6-8dd1-3c5236d372c5,a48eae9a-fc68-4318-8605-6aa9601e8d3d,3894.21,2026-05-17 09:52:57.944624+00:00
52f9491c-d371-40d9-a3e7-ddf6db6d5bf4,5be5a1ef-6f85-4b28-b643-01772b939ac9,4908.0,2026-05-25 19:44:36.032950+00:00
0b82ad5c-b724-4735-a19c-3e7c1aefabb4,84934244-51a1-46b0-8cee-1c41cbc54c00,5478.95,2026-05-28 13:29:08.309058+00:00
c459a79c-4c6c-4a34-b725-178f072daef8,ab3486b3-bd7f-42aa-b84e-396b8f0b7a8d,6504.17,2026-05-29 09:37:27.535244+00:00
6c971f1a-c5cb-401a-ba82-4421e7b2cc04,05cf92b3-07a3-455b-8b64-5798a572595d,7080.5,2026-05-30 11:14:49.479536+00:00
fe6354d0-ac46-423a-aaca-0affc01ad559,f6aff6c1-3414-43bd-87db-3c1d4afb34cd,3082.31,2026-03-28 21:54:33.670369+00:00
3d78f1d5-864f-4972-970c-1358aaa80959,b117c4dd-bf5b-425d-9d12-db5a7f4af9a2,3333.07,2026-04-01 18:25:14.188635+00:00
297c77ad-ad84-4b1b-91d7-0f8fa62c1ea1,03146a8e-4e85-4b6e-aa85-59433f5ad4e4,3529.05,2026-04-11 21:15:43.885035+00:00
565d395f-f6de-46bd-a957-6e97ddd78cd8,7d90e589-581c-442a-9d7c-18fe051a1e3c,3468.29,2026-04-17 15:17:03.753685+00:00
62bdb7e7-d7b3-4c11-b2b2-cb46cb78c4ae,c5b0e48a-f59b-4e9c-9637-a6ef7c300b77,3293.15,2026-04-18 02:09:47.868794+00:00
5580da0d-3ebf-4fe7-a1c7-efd47cfd0a40,7f91cb59-a730-4352-97d2-084ed188751b,3207.47,2026-05-05 18:11:10.249500+00:00
78a86289-c665-4367-832f-171a464a7ca3,8f220d89-8bd7-4338-bc26-c9e4e9388018,3318.23,2026-05-09 00:56:09.604203+00:00
89b1f806-04f4-4cc6-a114-f03e5f69bec5,933ec799-e3bc-462b-bf09-fa35b83c7085,3496.42,2026-05-11 14:16:23.558478+00:00
1d07161f-9eb0-461b-a2be-4c2fd1e91c3c,04f94a17-d3ff-460c-8817-b2bdd8d289c2,3180.2,2026-05-19 20:30:36.319837+00:00
cd2ea668-ad16-447d-b36d-97e570e72767,8ed9a4bf-5c41-47a0-a5a2-a5cdef228d34,3397.07,2026-04-01 13:51:07.312927+00:00
a22c7127-3925-4e8c-ac7c-e8943aa668e4,2c6b855a-446b-4b8f-9a0b-66dc058ec401,3526.65,2026-04-05 14:18:53.082311+00:00
d79aea97-355c-48c6-9670-0ad99e2e0f39,e8640cc3-3820-461b-a7cd-bc1572d9e3f1,3333.22,2026-04-11 13:11:01.572978+00:00
3ccb3e64-df8b-4add-a9cd-8e722b6619f4,7924b833-8cf6-48fb-9a15-848fb5233668,3391.54,2026-04-11 14:19:29.279340+00:00
c409e42c-27e1-4347-b195-616316407643,1b2cb241-4bfe-46e7-9a83-0cbd964f1cc2,3627.78,2026-05-25 04:59:38.467251+00:00
f518b34f-3216-47a6-9041-fcad09b4ec53,af958bea-5cf1-4696-9b81-edd77c0b042e,3193.25,2026-04-19 14:29:12.117174+00:00
5227e3a3-fc73-4065-9445-017b5e258993,d7666aeb-815c-46da-9e25-99476a2d4786,3128.52,2026-04-21 08:12:35.577239+00:00
d313893d-2bb4-4bdf-ac57-b98062211e2f,8582c1fe-8b29-4523-94ff-b9ed9bab85cb,3316.29,2026-04-22 19:10:02.174262+00:00
36c2ad5e-84a8-43bb-a35b-db092d378794,32530f65-7a90-489d-94e8-fbae79407460,3398.04,2026-04-28 05:49:36.039306+00:00
2f59d69d-ad6b-4997-90c7-b2ae026b4357,0a662d34-7c79-4b6a-98f0-fc5bccf51c12,3227.82,2026-05-02 05:52:06.044446+00:00
0f7b805c-b6ee-4b9c-8168-329550d127d3,cd087b08-e168-4de2-96d1-36a0483ec682,3129.51,2026-05-08 07:46:11.881552+00:00
1fae050a-4be8-44b9-a539-9209ced9a898,c7207fce-f23c-4195-a84d-a02ea8367d23,3229.1,2026-05-09 07:39:59.845943+00:00
ace8dfa7-ab86-4b68-ac9a-8053822ec95f,e37a4e98-0d01-4241-8bdb-07f85196b84e,3229.32,2026-05-22 00:09:21.663893+00:00
8e749861-ea82-4055-969d-4fdac2ae9e34,cf806f81-0722-4edf-a92e-c82b58454bcd,3241.2,2026-05-31 23:22:13.492505+00:00
1e0c7388-01c9-4a27-8587-4a5e48a17c44,bed1f365-ba99-4b16-98f7-a75c3a9f6bdd,3457.57,2026-04-17 07:02:02.166414+00:00
48c8d45b-7485-4b82-8236-076b12118d82,1f20971a-cb12-43c4-9a2b-f0a56bfb5883,3292.86,2026-04-19 01:00:43.579110+00:00
39c97e88-c405-4aa9-ac47-3b62d0b7bcf4,137eb5c3-65b2-427b-a23f-6600ea34fc7f,3662.82,2026-04-21 19:44:42.872529+00:00
cca0a336-b097-43f7-89b5-2df2c6c75c6b,de36c36f-4f1d-48cf-9541-bd7cbe1fcbba,3311.53,2026-05-06 11:52:32.531484+00:00
7a3722a8-37ad-4cfa-a86d-1c7043ba06b1,a6dc89f0-f3eb-481a-b695-85506670db46,3191.56,2026-05-11 21:19:48.638171+00:00
405e7de7-3b16-4d49-945f-0209e7cfeeda,a29d68a2-6268-4a05-93e1-eadab067c45c,3224.29,2026-05-18 07:25:26.027321+00:00
4d075c8a-fce6-4ec3-8717-12068712ed00,28a7bd06-5729-4932-a3fa-595a7f556b96,3582.23,2026-05-26 16:36:52.388843+00:00
d9198872-ba95-41f7-99f1-887993ea2b22,11df376f-4f38-4484-b232-766bd4aebe69,497.27,2026-03-22 14:03:09.983159+00:00
afe6fa0c-358a-46ee-aa61-d85bdf5be67d,8416650c-92b2-4a26-bab5-4c7f8f7ea254,482.95,2026-03-28 02:28:24.556199+00:00
8afcf673-58d6-404c-b7fa-c1b74de55f84,5af0c06c-397d-435c-a588-3f252cd26278,520.86,2026-05-02 22:09:29.295582+00:00
3b8bca89-cc46-42d9-891b-d0e2e753dc3c,363e4595-3f60-4a8d-9e31-f1a94571188a,519.41,2026-05-08 19:57:27.959732+00:00
53aaf2d2-05fb-4420-af6e-34b57594e577,8aa7ebe4-6a33-4fb0-a49a-c38cb0a38150,518.71,2026-05-15 17:21:19.543455+00:00
c7a4ee2f-032d-423c-80ea-99994705d4a0,2b6deeb9-a5a2-49c1-920a-d29c113c2120,508.59,2026-05-09 16:29:14.769137+00:00
5fb0e019-6b13-4e8c-9b07-c462c3756d16,dd1389a1-3c79-475d-ad58-85f3229d2463,490.96,2026-05-12 00:41:00.798357+00:00
e5faa0d3-6482-49e1-89a7-24e3575f1e67,09078e45-64ad-447b-b954-a7638be96d51,483.95,2026-05-15 07:32:03.570416+00:00
355e61cc-2c72-4aed-8564-76cea8ba4037,e1d09087-572c-4e5d-acc9-c998ccc2436c,4186.95,2026-04-23 06:24:50.618466+00:00
ce3ee22a-bf9d-48d8-bd72-542b5a627b1c,64a5dbba-1603-4351-b9a4-146c7a756888,5421.29,2026-04-24 12:16:28.400251+00:00
5c2102e3-0647-440b-b437-6238bae00fe7,f4006f57-0bdd-431e-843a-3b855f884c1c,4793.06,2026-04-24 15:19:26.092726+00:00
9e12d0ca-f7bf-430d-bed4-6440b243e17b,ab26bb8e-ff1f-4e3a-9649-28fd5ffc1e83,686.8,2026-04-10 22:15:30.361035+00:00
290e5477-a152-4f4b-a4f4-fdf1e0c1b881,314a62d0-c57f-4198-8408-02ccd6b5d4ea,1107.21,2026-04-10 22:54:38.667956+00:00
554e98c0-d23f-499c-bd9a-aa706087fa85,dab1a051-1492-4a15-bd60-5755d5f36f17,548.74,2026-04-11 08:22:51.687120+00:00
0eb3190e-d231-4301-8472-880c569ee43d,14ffb265-2bd0-47ea-a78a-47496e0e44d0,4757.06,2026-05-13 06:44:03.746877+00:00
3a99438f-d946-4ea1-82a8-7e761d1a6f5a,e2205e78-0263-49f9-a34f-c8a2761c073a,420.63,2026-04-26 08:34:47.901823+00:00
78d467eb-29ec-48b4-b392-a541f3dd7ae4,158c7557-03c5-413e-a420-cb8897abc434,263.07,2026-04-26 15:36:35.496614+00:00
ded616d6-5848-4760-adab-56266de01562,3edd29b5-05f1-47cf-9065-bdd1822f8ae9,14.13,2026-04-27 03:21:30.671987+00:00
6e903b5f-65f9-44f6-ba59-6c36699be9e8,d6edc991-c40e-4280-8ae7-85123a40e157,981.28,2026-05-17 23:37:33.022265+00:00
ca96b5e5-ac66-4bab-aebe-7181e75de638,2e4ab1b5-4fc4-4ea9-af5b-fd1ed1a537a5,5607.36,2026-05-18 03:30:27.685702+00:00
2ac95717-d967-4718-9ffc-6b7cd9d7ba78,91437038-97da-453b-9cb5-dc6203bea8ff,6239.62,2026-05-18 04:59:05.894700+00:00
16ed4eae-b3df-40c0-ac16-e26cb078466f,24fb4557-c1b7-48e8-8735-72d5f06d236c,1489.32,2026-05-26 13:14:45.958692+00:00
e096a399-c408-4cb5-a8ac-29022f3baac2,0e6fe311-8280-4372-a407-053b64d66172,1386.59,2026-05-26 17:19:54.730003+00:00
887ea517-9f84-434b-ad47-6a847a35e646,6ca39d46-91e7-4bb9-aa12-4314299df2e7,323.39,2026-05-26 09:02:53.965079+00:00
53f72301-0cf9-41f9-814d-c59cf71a0ec6,c17b9d66-bbe3-467c-a4cb-b9d6e1eded17,1374.39,2026-05-19 18:02:40.691867+00:00
673456e4-acf5-449a-b300-50bf78c90dfe,b7e3d991-6351-494b-9243-a9b5f234d30a,3069.91,2026-05-31 06:37:23.943573+00:00
1d1cfde5-30c8-4e3f-87b6-b9c1073bc74d,7e99df0c-173f-466a-be2a-fc5b35fa32d4,1198.38,2026-05-31 09:52:43.620624+00:00
0912ab57-b3cd-4a2b-ac80-a3c05dc9bdc4,e8bdff65-91c2-419f-81bd-93bdbf0c22d6,2544.55,2026-05-31 11:44:24.839591+00:00
6a19f3ce-9df9-43a5-ab7c-fd2d16d01a12,46c8a24a-99b0-4449-9979-7b0b4eec32b1,2038.61,2026-05-31 11:32:07.753820+00:00
0f8e9411-bed5-4a04-9190-f4bcfffaa337,cf8df914-297a-4945-a3ae-d1220f125a0d,5391.98,2026-05-31 10:45:28.917734+00:00
9908820c-a2ac-48e2-b200-93e3de88644f,19a429ca-78fa-4f55-8f6d-5f80e9ce3d98,3079.63,2026-05-31 10:57:17.421611+00:00
b73cf6bb-54a7-405b-9c1e-e81ea23b6e6a,7a6630c2-8759-4631-abd1-973baa3e2f9b,2988.13,2026-05-31 12:43:51.474538+00:00
848da820-3c2a-4aa8-93a7-2eb541098c07,a7407f6b-035f-4c1f-8071-16e0b21ac255,2281.12,2026-04-29 20:23:36.220684+00:00
ffd1ea23-dda8-4b3d-91a7-c830d6cae591,8a5b32d7-fe0b-4bff-9dd2-9379673c3a57,4175.15,2026-04-30 02:29:52.832643+00:00
ee662c0a-1ee3-45dc-bcee-28207066f8bb,a863dbf0-5cbc-480a-8b8c-3ee8452da8cb,813.05,2026-04-30 05:56:43.216666+00:00
5071a60e-f35f-4a18-9ed5-46cce6ddb956,7021f521-dd1d-4cba-9672-ccf7b9d2eb8b,798.14,2026-04-30 07:29:46.695271+00:00
703e9e12-8061-405c-9a97-d84997414e80,06418ae8-8609-4d23-90a3-96bf1948c183,2857.6,2026-04-30 08:01:49.436359+00:00
0745caa4-acef-4094-b5c1-0322a09137be,4df72bf0-a555-4a9c-b132-35a899aa0250,6431.87,2026-04-30 09:54:04.214177+00:00
187de89e-68a7-4a93-bef3-b74e1352a61f,ef6b16c5-4d8d-4bf5-a05b-1704643adc02,513.84,2026-04-30 20:08:05.686776+00:00
20cf2c77-568c-43ad-a8c6-5979e11e097c,633986d4-3156-4dd7-87d1-7daed409755d,10.0,2026-04-30 21:55:03.670222+00:00
b2511b7f-4178-407b-ba20-864d90d4a130,16542981-5bff-4855-be8d-51297b6e3e3f,1075.64,2026-05-03 07:46:34.144332+00:00
d601a70b-f86e-46e0-b89d-d4a1ace0a191,2851a7a7-0022-4c6a-90cd-b0ecf3a005df,343.49,2026-05-03 15:26:29.638431+00:00
959612ad-906d-476a-a738-913653554897,21acc923-286a-4c8f-a46f-4b6435f77a37,1299.06,2026-05-03 14:02:28.819062+00:00
0e528db7-764a-4631-82a3-150ea209c0e2,ffffdc04-e9f1-4541-8aa8-5d4a20150bf4,763.06,2026-05-03 18:19:58.122074+00:00
aca05d3a-700c-491b-a447-6f3c569cb8f2,2bc8ee9b-5891-4ab5-8d6b-b9d88b99a7f8,1277.21,2026-05-03 19:56:24.299697+00:00
1755359e-f01d-4859-b7d3-5c9452d086b6,edccffb2-82f6-4557-8cab-1f2cb2b67e1d,1081.82,2026-05-04 03:40:44.068927+00:00
ed096fe0-8b41-4c4d-8f6a-42236daeb4d6,a1b7bd9f-3c13-458b-9fff-7e951210eb9f,3355.01,2026-05-13 21:57:19.943795+00:00
1a857e64-011f-4d4b-b48e-45ed73b80573,bdc99405-c433-464b-b1ae-b05999fa1d9c,2267.99,2026-05-20 00:32:15.897232+00:00
b5717cf4-41b4-400d-b52b-ef13d1275a17,ac5ce2dd-f055-46bd-9387-197712f678e8,1445.69,2026-05-17 19:00:41.370921+00:00
1471b740-f319-4dac-a9d1-e01debe6d8e0,a98229fe-a934-4aec-b797-02bfa0fea3a4,1884.31,2026-05-17 22:27:01.860800+00:00
ccaf2420-5d9e-451a-83b3-31dc6f4046ec,77d092b4-a285-44fc-bf34-1b7e7e7188df,3963.98,2026-05-18 09:25:49.859293+00:00
f9e220ec-ef23-438f-8c21-94d8d5854edd,61f20891-8cdd-4321-987d-38fa4c753b06,122.87,2026-05-18 14:20:58.963360+00:00
50135b61-8b1d-4093-a827-5c6b7a2b2cb1,7048d13a-3732-4734-917b-b652e9021480,1544.64,2026-05-18 16:22:05.425367+00:00
0892fd2d-dec3-45ca-bdbc-cb62fa84f294,da62a719-7c18-4b5b-b130-167a3dd6b958,6638.42,2026-05-10 11:10:53.668127+00:00
57e50dc2-ff70-4786-8f15-0a5e7dd45602,b1b500a1-0b5b-4152-bc1a-8081cb324bed,4229.6,2026-05-10 15:23:33.897485+00:00
6d944ad8-5aaa-412e-91da-47f375f3f460,2febb3e3-6556-4de2-a109-04d2962740e6,3246.19,2026-05-10 18:10:40.522924+00:00
5109c472-1982-437b-8a5a-7e758b6b8748,1ac7e273-95af-427a-a889-20b045857445,10.0,2026-05-11 11:20:46.657058+00:00
8a1704e9-8ca2-46b0-a0c5-8013ba22138a,6afb68fc-c6cb-48bc-ab98-cc081ba7a050,7003.17,2026-05-11 10:56:53.562252+00:00
27af824e-e12c-4719-be2c-f37aaba88638,a381de66-43a6-4d4c-819d-ac1ddfb073c0,10.0,2026-04-21 22:34:23.516114+00:00
89aac61e-f693-4f11-a080-a166eb5449ba,3c392421-2989-402f-be70-1b3d62023513,10.0,2026-04-22 00:43:14.393238+00:00
d84eedae-20be-4a75-9896-13c2cad13953,0ea1c897-b9ca-4b42-b14e-125b0ddeae84,3801.39,2026-04-22 00:59:44.459017+00:00
92e60945-0078-4aa6-993c-c90206b7cd77,b85772a7-e1c7-480b-b892-b2ad60990201,2486.24,2026-04-22 10:23:39.133487+00:00
8c0199e2-2400-4273-86cf-d053f725fd35,84d4cbd3-4173-48dd-840f-b2a3f2792603,10.0,2026-04-22 10:50:17.736284+00:00
783c910a-dabd-49d1-8681-ea64ea18b74e,14bceba7-fe80-4bfa-8c54-0d89d222fadb,1715.28,2026-05-03 03:26:29.255782+00:00
4529cdc5-94d9-49ff-9e63-58371678c985,5e10bd2d-67c8-41d5-9a14-0c79361b5588,1701.11,2026-05-04 22:59:12.527285+00:00
76d11170-d1cf-46d8-9287-82e0047543d9,3ba1a917-8a6f-4fcf-b35f-694232564ffa,1862.03,2026-05-05 14:15:11.317399+00:00
fba64132-4d33-424a-b21d-c6b9c084d4ae,375122e8-8ed5-4618-a1e8-b61cd2e2e325,1787.75,2026-05-21 10:35:25.707410+00:00
f35512b9-777a-4128-8eae-ade59f97b81d,9b3fe327-77b5-4d5d-a0d0-6ecc96afca4d,1657.18,2026-05-23 15:29:28.072914+00:00
64fa5442-955e-4b4b-b07d-7eea995f143d,9bb60fad-7522-41c3-99bc-15ec46fef718,1679.27,2026-05-24 18:55:36.084821+00:00
07f34c69-aafb-46fe-b4ae-42a42dba5a2b,84988700-99f2-43ad-86bc-f2aa68d976e8,1748.53,2026-05-28 01:54:20.582883+00:00
c64ac608-7457-4848-b094-da018e4625bb,e8df36b5-b0b5-4381-9a6e-0c7b78e86f56,1730.56,2026-05-28 11:35:15.278684+00:00
9f498010-7c58-4d8a-913c-24637558b173,b1dea1ea-fce9-49ba-823f-fc3ef39c5b6a,1813.77,2026-05-04 21:42:11.210237+00:00
955793bf-cf27-43b9-ae71-8f9abe01b71d,01025a6f-30cf-4dc2-9ac0-362df8a90a24,1655.44,2026-05-09 08:03:48.992675+00:00
7d0cd311-c3fb-41c9-8245-3e4ceecb79fc,89477f8a-00a1-4618-890d-efc18767b876,1686.3,2026-05-12 17:58:50.350135+00:00
8ea126cd-85ae-4324-b776-12149f6a84f4,e91b72be-b845-42e7-9610-a8d3046e30d4,1691.46,2026-05-13 13:18:12.038087+00:00
35793c4b-6a16-4fd6-b89b-4f8459bea3dc,641dfe88-e247-4238-a703-029d193c4c08,1641.77,2026-05-13 13:17:05.153160+00:00
ad5961da-3877-46fa-837c-cb11d3f039e3,bc40ed5c-46cf-498e-9c3c-093b5ea1a204,1498.96,2026-05-21 02:10:27.694624+00:00
2c1aea4b-6f35-4a57-a7b9-edaaab360e2f,d9a60381-deaa-4876-938d-162fb34d91a6,1564.46,2026-05-30 01:39:31.248672+00:00
ab9120f1-efcf-413a-a207-1c3fe175796b,b5977997-99ba-4dc3-af62-7e73469e9cb1,1787.04,2026-05-02 12:44:31.188557+00:00
83894021-edfa-4a2c-82a6-db4fd161cc39,2d4e1c73-d5ac-49f4-9d0a-1a7eaf03807e,1674.19,2026-05-09 01:11:07.601755+00:00
6f8808ac-06be-4093-9c79-bcdaa8eca8f5,21c3017d-1511-47ea-8e2b-fd4000004124,1397.99,2026-05-09 14:16:49.290406+00:00
a327b165-7503-4c2a-9fdf-3a5ba6f3cd42,213862b4-cc8e-4bc3-98f1-4cba8c3c988b,1746.88,2026-05-09 17:46:25.181256+00:00
4f06e574-1598-4551-a01d-093e3d53c3fd,c0c5d438-2a9c-484c-8927-4b3e3b53c0b4,1665.37,2026-05-11 03:03:36.233518+00:00
b0751e5f-ac13-42d4-aa10-951fb9498944,74e3d7a6-3a8f-4a22-9c88-e149e69c2816,1717.78,2026-05-14 05:16:33.773179+00:00
e795fff3-72f3-484f-a939-dc60ccc3371f,6107223b-1bfc-4579-921b-ffc699a91e13,1802.13,2026-05-28 07:26:33.148423+00:00
15855649-a1d2-4472-af01-b90f0300ba22,1da8cc0b-2583-4678-aca3-c6c92a0ecff4,1468.17,2026-05-29 00:03:28.583416+00:00
f701642e-b702-4ba1-8777-a825aa2704e9,630e8354-0c5d-4465-8f94-b179c89194e1,1574.81,2026-05-29 12:30:15.700960+00:00
9f729085-e703-4ace-abc8-b200dd1b9e25,b098f5db-4762-4438-ad46-ceabc1241f70,1667.55,2026-05-02 12:02:52.881975+00:00
9812246c-cf8a-4223-8052-617e8ca45ffd,2d433429-31b0-434a-9479-2dae2eb8b2c4,1689.09,2026-05-03 18:11:17.754206+00:00
05e27df4-b418-49cf-9733-ca0fd46cc040,e20921cb-a2d3-44f0-9534-5adc51f2453d,1847.37,2026-05-04 10:13:00.627696+00:00
de969778-101e-4edc-a56f-e30d503b979e,1e456b45-a2e8-4032-9a31-6dd6bc9cbaa2,1895.83,2026-05-14 18:33:54.975390+00:00
643e3218-9747-4e91-a38d-e8ecb8610303,2264af95-eefe-462f-b14a-43f0f6a647ca,1704.3,2026-05-16 05:50:34.244088+00:00
e77d8355-4b9c-4c61-be78-536c58da8e1a,ca48a5bc-cdcc-483f-9ed2-4bbb2037d8f7,1913.66,2026-05-21 18:15:30.452501+00:00
5720ae75-798c-41c4-989a-a03dbab2c9dc,d1d68c2a-df62-4136-9a3c-b5b8ed311954,1697.21,2026-05-22 00:20:26.113189+00:00
c2a941f5-c0a4-456f-85a4-4d49b5385448,6faec891-5b10-4b87-9bc4-5eb862b1b478,1764.27,2026-05-26 02:11:31.232134+00:00
169f9ffd-0d51-47c6-9950-6ff2935e1ac9,dbf3960a-e82c-48c4-902f-4d5233a06cc5,1577.46,2026-05-27 08:01:54.456332+00:00
45bf016c-1476-4522-8374-2273685db57c,a69bbc98-0df7-4a00-8704-dfb63d4ed3a4,477.39,2026-05-05 00:07:59.664996+00:00
20dc47e6-fb5e-4049-a91d-2800c1185834,3b7844f4-08ee-45ae-91d1-0271b47e84dd,393.87,2026-05-31 06:04:51.885825+00:00
e97f569a-f10b-4936-bd9a-5806550fec5d,88bfa337-962c-4e68-8056-e483aa2043c4,1700.03,2026-05-05 20:33:01.262051+00:00
afca555d-f605-45b5-b2eb-ae3e5170629b,fa82d8a6-421d-4e97-95bf-63da640dd425,1704.82,2026-05-07 14:58:13.102526+00:00
99603863-ed06-4c6a-9b1c-7dd2a0693f2a,107a76fd-b4d4-451e-aa47-c13e46c2fa99,1686.68,2026-05-09 14:22:10.617276+00:00
7332d80e-3aa8-4390-88cb-cfcf85e63d92,fe53c506-0b05-4f68-9c21-c4f659346c5e,1677.01,2026-05-23 07:40:41.237768+00:00
9aa1396c-fe8b-4f76-a298-8a65cfea907a,0255f426-4585-4d04-b6b3-57700ceb951f,1559.97,2026-05-03 00:00:51.897859+00:00
4f17e767-6130-493e-8edc-c1ea40dbb3af,437e3eaa-f377-46d5-a008-a1de9b19b4e5,1684.21,2026-05-05 17:36:29.475409+00:00
16673750-746e-4331-a6e8-e954ce613c89,9390e9a4-f48f-456a-acc9-7bd140aa3df1,1719.9,2026-05-17 06:15:47.154755+00:00
2aaed5c1-97c0-4d39-a5e5-f0cb1b95dceb,c59d3e3c-f117-4e5e-b7d5-868ae0079173,1806.25,2026-05-24 07:07:09.716827+00:00
2e3f1f4f-f175-449d-92e8-478b89a5abfc,c07859a6-5fd6-409b-80cc-419ad4b4d4da,1617.89,2026-05-24 23:31:07.738534+00:00
35a21dec-f87d-4373-8863-d032bb86be49,abbb59a8-d730-4b91-b9b4-dc3e7d21521a,399.13,2026-05-06 05:51:02.635584+00:00
dedd304d-7ab3-470a-9d4c-a32d9b23cb83,681a5e31-bbbe-4605-962a-7568f9bfeb5f,130.98,2026-05-18 22:56:46.291944+00:00
8830c005-e4e4-4d11-af6e-543403ea42c3,eb3f57ae-eb40-4613-9828-cbdebc141117,2062.62,2026-05-24 06:47:35.903319+00:00
ecb34d8f-18a8-434a-9675-474d5de43cc2,4f17ad76-ba23-49e2-8d8b-c76438c42f28,5167.08,2026-03-20 09:12:14.936489+00:00
abf9c6f7-9817-494a-8673-bbd4e92fb195,b86fbcd6-a4c3-404a-a2b3-a9efb24a094d,4568.52,2026-04-01 05:25:47.464580+00:00
581b465c-829b-40bb-a960-f3db50ae4498,115db13b-27df-495d-a7f6-a24b72b9f62f,1763.61,2026-04-20 11:42:32.334259+00:00
62776452-82da-47c5-b19c-7a3af12c0fae,8ac969a6-ab0e-4aba-aee1-b5426d2b68a7,3351.09,2026-04-16 20:35:51.581087+00:00
c86eccb4-d449-48f9-9739-daeabc272ee9,9563c205-4423-48a1-8fe4-7fc3765a736d,4586.15,2026-04-16 20:18:52.870240+00:00
166cd83a-a259-464b-8fe8-28eb700301d5,0ce5300c-1e52-4d03-aad8-a2c42ae738f1,4634.21,2026-04-17 01:52:56.679898+00:00
4e3703ff-e662-48f7-b99a-b7ca66819db7,8dfb489c-09b7-4e28-82a1-5f1eddafe5ee,6071.67,2026-04-17 07:58:05.011789+00:00
807a7f2f-ece0-4a92-b4de-2ba55f024d10,600188d0-5734-4a6c-a82c-198aeb7536e2,4595.47,2026-04-17 08:37:38.770624+00:00
f8d6a15a-64fd-4a91-8e6b-59f63ebc20f9,71672138-c10d-4195-b51a-a89df702891e,387.81,2026-04-17 10:02:43.662805+00:00
412bed17-e9f7-4d24-834c-fa6b2318efd9,eb952d0e-19fc-482c-a444-8925a3de3b82,4678.9,2026-04-17 11:45:30.157378+00:00
d87768aa-f4e7-45ae-b378-90322285dfa3,c82f22c2-9543-4355-b5cd-0387b6cb4f2c,5855.8,2026-04-17 12:22:54.661532+00:00
c00f2e29-5b87-4e9b-93cb-7bf3d130b642,aa0e217c-4997-4d0f-ae95-97383c16f23f,5666.48,2026-04-17 14:35:09.355409+00:00
fdf9ba48-f923-401e-bc81-e73d23f64a5c,0049744f-2725-46be-ac94-7bf5dbe1b1c2,718.59,2026-05-23 07:48:16.285627+00:00
1c3b7f83-c145-46a0-93f0-6d10c0832078,e2c97980-f843-4ced-af84-649174c7fbce,635.76,2026-05-23 13:15:28.807627+00:00
82b02ed6-9fed-44c3-bccc-dd846290a00a,9fc4574d-25cf-4125-8cb5-09ca94a60f8e,528.88,2026-05-23 14:16:32.431947+00:00
fa40baf8-d01d-4b0f-b579-64079e19bb23,82d166d4-a3c8-4b67-9ca1-1019b8674bf5,378.39,2026-05-23 15:24:40.748628+00:00
774b10b8-d3fa-4f3c-9f57-751328889241,baf62093-b735-417e-a174-fd58b491616f,272.11,2026-05-23 17:15:13.629373+00:00
23a99a76-00b9-4836-a906-0b7698112c5c,84ed5d39-22d6-4c37-b719-91112d04459a,662.66,2026-04-30 00:20:13.338282+00:00
b417b623-aa16-46cb-bcbe-88e85d4ab3fb,dcf3d95b-df35-4b7b-99e7-6a340713f9b8,2433.37,2026-05-26 12:52:16.146561+00:00
4472b5df-1585-42b7-8a5c-559e8d012c2d,6cfdaf5d-c226-4f23-b6dd-739d55a95e28,2144.97,2026-05-08 10:41:30.917470+00:00
1957a49f-14e9-4d27-bff1-c954a958121a,d2725def-18c3-4c79-9cf2-f635c73b3751,1881.94,2026-05-08 18:59:45.468703+00:00
16c19311-c6c2-459d-a2fe-d179d4835266,6c336650-1d82-4772-8ed0-a18ca688eb4d,2856.01,2026-05-09 05:31:49.016311+00:00
9adf3e1b-e26e-4f75-99b0-86022a6e43de,e9f4125e-2ab5-4552-9264-f6544d1b529e,3433.36,2026-05-09 06:10:36.668052+00:00
3ac17ecc-9f59-4a87-afc9-137c0cb73c18,26684c94-ffb1-4a98-bc8b-768b1561905d,2122.87,2026-05-09 13:54:10.558258+00:00
dc44436e-951b-4ff4-818e-ce1b097984bf,42086903-03bc-4898-a0be-53e412ad2ee5,4407.26,2026-05-09 18:40:20.336489+00:00
2333d159-bc6b-4abf-a327-fcc53175b787,5b539647-d4ef-4bfc-9635-637f3457fc94,764.0,2026-05-09 19:58:29.377648+00:00
a60a0e88-a1f7-4b1a-9d98-45302ae6ce9f,e8966859-7064-4eb5-b6ed-b0bc1af8a9b5,3465.96,2026-05-09 22:30:44.252036+00:00
10a40394-f1cc-445c-ac97-fe96cbcf0c6c,c35e45d0-2f6c-46a7-a1c6-2ee9c702918c,4436.03,2026-05-09 20:51:52.070362+00:00
e1520bd2-5dd4-432f-a124-a571a3952d28,cb6ab614-56ea-405d-a327-1945cb7611da,625.41,2026-05-05 19:06:51.136657+00:00
7589e536-0254-4567-b22e-520f0bac1113,65b7bab7-5307-476b-b1df-f38a4f623ecf,464.14,2026-05-06 03:18:06.929745+00:00
d223b37f-9182-4a33-aeed-5d3af0c3e8cc,1321a0f0-9924-44f7-a9d9-5602fe2c1975,79.34,2026-05-06 05:22:23.025444+00:00
02b80004-40fe-4a34-91ae-97e0c83642cb,80d4bb2c-535b-4073-b7d9-8fa671e717a3,410.77,2026-05-06 12:00:28.178099+00:00
a87ac76a-2b79-466f-948a-6bf65a17cc6f,8c187d4c-9add-4fed-be23-63afe8b5e16a,325.76,2026-05-06 14:30:17.402954+00:00
212a10ed-109d-4088-b59e-4e830360c372,661b7b7e-7772-413f-8fca-d8a419957346,558.97,2026-05-06 13:56:14.465332+00:00
12529a41-b074-41c9-abdf-f00608f55494,826dee07-ef60-4bcc-9887-6f79b12240f2,458.29,2026-05-06 20:29:57.034501+00:00
513c3384-914f-43c7-8396-852d9c5ef7d2,72f12960-3e02-4787-a665-0eda444e7831,552.05,2026-05-06 21:02:36.898811+00:00
ee83fd46-b2cb-415b-8636-17de26dc2f25,4cf10a2d-2ecc-40d2-8a88-156be8af4bb3,386.06,2026-05-06 21:14:11.638298+00:00
9a0b80d3-cb3e-4bdc-ba00-bad873332fd0,9a0bb039-7c68-4516-984c-7f4c72c86982,2405.98,2026-03-09 08:01:05.547177+00:00
a6cc0c16-3c5d-4fea-961f-8721a47a42d3,bb2a0b87-a4da-4f2e-8ed7-80d32168b15f,2347.4,2026-03-09 10:56:15.678455+00:00
3028b100-1ef2-4526-8ad2-5256060683b1,b59293f1-d3f4-4645-a38f-eac77adc19dc,2215.61,2026-03-09 15:16:21.893519+00:00
216caefc-c199-4f24-b6aa-8f7338ef00cc,4b9ad01e-fecf-4830-99c0-18bf8c96f679,2119.57,2026-03-09 17:23:03.764579+00:00
7c053a67-cd8d-43db-9586-a9273cab5888,1a3808ad-0576-463f-b00a-af437d79e40a,2314.19,2026-03-09 19:52:12.357193+00:00
de431e46-2b6d-402d-8a0b-5870d33d1fe6,7dd90b6e-e036-44be-a593-9db3715b144c,2124.31,2026-03-09 21:57:49.086590+00:00
cda15695-c453-4dd1-a088-69922027d273,9c5787f0-1dcc-45ca-95dc-797a796fa1d9,2414.84,2026-04-15 03:27:20.644797+00:00
033089cd-f880-46c5-92fb-a5e123cd6f9b,bc7359f9-b94a-4c92-9df6-bca6f8196a11,2121.53,2026-04-15 17:41:03.935033+00:00
1baef152-a1a8-4a8e-9150-9d0fa984d76e,596aad65-9615-4c17-bf46-536bf4f2ff8b,2244.47,2026-04-16 07:44:32.167411+00:00
f37e6e89-2e11-4e0e-82e6-cad1493258b8,7f238984-c0f5-4dda-9fbf-fd64d874259b,2285.41,2026-04-16 08:00:54.244494+00:00
156d0c30-de62-4bcb-9709-ed83f577f5bb,02aff45f-8a8b-4c3c-ac1a-565de564d9f8,2127.92,2026-04-16 08:05:01.026036+00:00
1d75847b-1bd2-4f44-b1e8-9f8ec20aeff7,bddfbc19-3a95-4d73-b9c7-ea9d1a4e8302,2239.97,2026-04-10 21:42:17.103336+00:00
27a81e7c-e355-46aa-b6a0-4674b73f9b5b,612d92e9-0add-41f8-9ce8-1817b79e15f5,2431.6,2026-04-11 01:00:59.844941+00:00
175c5be0-c61f-4ecc-a9c5-2a2daa03165a,0e9ab7a7-f516-4876-b75f-c4deb2207746,2154.06,2026-04-11 03:12:48.912810+00:00
0873b498-0ccf-4af7-9cac-04da394d6a5e,5b0c7a2b-93a0-4cdd-8ce4-6624ce609161,2309.51,2026-04-11 02:57:37.941549+00:00
5f3c6eac-2061-4148-aa56-f7a00d17ef4d,f711f435-59ca-4774-953f-6278b395f8e2,2350.33,2026-04-11 04:17:11.053774+00:00
6e9a69e8-2643-4f7c-919d-107a0f76fd57,6f3eaea6-3d80-47c5-bae2-5aeceee992aa,2312.57,2026-04-11 05:24:25.261258+00:00
bdfa4666-5135-4dfb-b555-5f42a4e9a3c3,c139b4eb-bbf3-4f08-903e-ec38636899de,2181.07,2026-04-11 06:25:28.987742+00:00
f39dd7e9-d965-4028-bb33-ef8812a2449d,244ea1db-7e6e-4f43-a6c0-44743e79eb3e,2230.1,2026-04-11 07:24:09.009291+00:00
0fdf231a-e9ed-4ec3-8034-26aed8d50995,97747404-f67f-415f-9dee-9862b8c82c86,2301.48,2026-04-11 08:48:25.065712+00:00
096f671f-3aff-4f51-8068-3b23fd50ca8f,7533a208-2cc5-4705-b6f5-6f3c630dee5c,2291.63,2026-05-10 15:08:15.647183+00:00
2e0714b6-0ea4-463a-b074-4bdbcde9227c,155d7729-3291-438f-8477-ed4a138080ad,2287.32,2026-05-11 02:01:33.399150+00:00
3677b272-93f8-4fb8-a987-bfd09698b876,c957a246-f33a-4bdd-b017-1f33051e7aaa,2462.88,2026-05-11 04:13:55.910888+00:00
1feef425-42b8-405f-a49b-1373ad38271a,14754c01-5954-44a0-bffc-86fc87c973e5,2385.03,2026-05-11 10:22:25.565131+00:00
6a61d0a9-776a-42de-ad06-6bf533523ce2,075c5e4a-fb9b-46aa-8dd2-82a6ebbc6e14,2239.53,2026-05-11 16:35:28.014672+00:00
36d60a47-e199-448c-ae86-a6521dbab609,4ff006a2-0f4d-418d-bdc2-dafe59a32289,2621.78,2026-04-11 11:38:16.047169+00:00
937d8d72-1f9d-4154-bf1b-7d97f8ac89ab,a1347e9e-7273-458b-9dae-a804c80971a7,5261.2,2026-04-16 10:31:15.108151+00:00
0d0ad9fc-2500-4985-86e2-a9e33a40616a,c8a974cd-ab66-4494-a9a0-439810497a17,2350.57,2026-03-28 09:01:44.650714+00:00
2823a82e-fbf1-494b-9e9d-aa1387f5ed1d,c3e104f9-ae78-49ab-ac9d-97e016957d40,2327.76,2026-03-28 12:11:57.103992+00:00
c9f18089-0810-4de7-a06d-c9c70956a7b6,6be94c09-57f1-41c8-be58-9282b5168b60,2247.68,2026-03-28 15:12:46.566126+00:00
75632809-4d59-42b6-8e12-565d6026f958,151d1661-1a0d-4709-980f-fc49f74c1c7e,2089.82,2026-03-29 02:15:06.598229+00:00
2188af23-15b9-46c3-9765-241f14213b43,9cb5423d-049f-40c3-93d6-c8791c4cd68e,2137.45,2026-03-29 13:52:26.693427+00:00
a8512245-1a15-4a42-966a-b62d70261a85,439538a7-3756-4b86-9241-30eee8d04865,2381.55,2026-03-29 13:18:23.135745+00:00
d1b9d436-ffb4-4268-900b-9869fd13e357,788ee13a-b5f5-4bfa-9d44-ef11505829f4,2223.64,2026-03-29 16:45:06.036974+00:00
950e2a60-305d-48a0-af91-b92044ceeac2,34a5f86e-8f45-4050-96e1-6141d771538d,2171.8,2026-03-08 22:44:01.228809+00:00
d81a756a-3df1-463a-9183-649421af6991,924e886d-b29d-4abe-86d5-f738e5004031,2091.5,2026-03-08 23:13:02.694845+00:00
1c7160b0-5696-40cf-8b44-fee1a975eee8,383e659a-77a4-4333-9a0b-810a27beb2c9,2397.45,2026-03-09 03:20:18.486823+00:00
c7ab2f22-80da-4d37-b386-5a6a76a75974,75dc8c74-522d-4731-b3c1-940d1ace33a2,2365.64,2026-03-09 04:00:09.694133+00:00
dcb62ae8-6e52-43a1-8286-b8b6296e9021,5d9b50e4-ac10-4985-a447-75df33235947,2148.73,2026-03-09 08:18:52.244581+00:00
cc3bce29-3bc1-40fb-8d4d-83df32a77073,fbc3bba9-5685-405c-82e8-90f4f2b4b471,2263.87,2026-03-09 10:59:53.597001+00:00
039be6e2-f5b4-46b4-9196-ba333ffa8cca,e6a2d9a4-aa63-4053-936f-c12402cea557,2457.4,2026-03-08 19:02:58.637379+00:00
aebc195e-00c7-4629-b032-2aa4797882be,3d9ec657-07a1-402c-b34f-dbee245031d3,2357.2,2026-03-08 20:53:47.186443+00:00
8ef9ac96-6f9c-4a99-95de-598f6c407401,76b20af6-c0d2-4222-bfdc-6a26d5ae23bb,2266.03,2026-03-08 21:40:07.881020+00:00
384ff81c-992d-498b-b120-770ee3337560,fd8478de-cb92-408e-a9f7-88547a410acc,2312.7,2026-03-09 02:49:02.166531+00:00
97abae82-af9c-4448-88df-3d88d3aaefd8,97dd57a0-4d49-40ad-a756-53b79db30f4a,2279.98,2026-03-09 10:35:45.447891+00:00
ffa70953-1a2d-42e5-84ac-e8665df41dc7,1592c41c-7326-4d13-b4fb-e0b2d001fee6,2659.85,2026-03-09 11:33:53.895532+00:00
9ba3f673-553b-49ba-814c-9cc2f66adb3c,94b12bda-8d63-414f-9937-ed205dd5b500,3932.77,2026-04-16 00:47:43.884800+00:00
f5754256-148b-4280-b561-b480fc170c77,f10d4007-5e58-4065-beca-2a5149c1465b,4157.79,2026-04-27 19:53:54.051966+00:00
ef106337-a5bd-49df-adb2-5f60b99bfb06,8cd51c07-aa89-4e63-acb3-93481b429f13,3560.52,2026-05-09 08:56:29.147338+00:00
022084e2-fd6f-4976-9dae-a415fcf92993,91943b83-cfad-45e0-b8d3-61dab0f54842,3366.78,2026-05-19 00:27:24.770114+00:00
08421981-3804-4095-9687-052dcb7b6a2a,a44c5a8c-3019-4859-bed4-9e397c586bfc,3692.58,2026-05-24 20:51:05.288033+00:00
f7a5b05a-3eea-462a-b6f6-91f6ea66bbca,bf3daf02-3fdc-452f-9701-16697e0d0365,3555.48,2026-05-31 09:11:28.808908+00:00
7c455c4d-0688-4610-9224-3ec7317d4e05,8827d024-3751-4d0e-ac4b-d3c530867b22,7182.42,2026-04-07 14:15:31.857408+00:00
f0ceb23f-073c-407f-aa50-26dd9227ddbb,59f986da-2551-487d-8f6f-493f5d59d8aa,3650.93,2026-04-16 04:36:41.663033+00:00
90e422ea-369b-404d-b2bc-be0e6a181c86,f20543fe-f8de-41df-97d1-1a03cefdc433,491.01,2026-05-03 18:01:21.197778+00:00
e8f1f5d6-5907-4e7d-915a-2313bac92905,8724fad2-fcf0-4aa4-a4e0-ab46aed7e351,1319.33,2026-05-10 06:44:30.304252+00:00
fb5f3ba3-9473-4e52-912a-74eb86d2a04d,f58554e8-8d1b-4486-b2af-31487b19ed87,4111.5,2026-04-16 08:22:55.164802+00:00
7574666c-84f1-4003-a07d-392ec5f4b9e0,54af32cc-6bc8-40b7-b952-3cc59ff91d9c,2366.72,2026-04-29 07:12:17.443315+00:00
7ef06f36-8c23-4617-9888-c32403ecd28b,bab4d989-524a-4bba-a27e-52dbbcda1c60,2783.73,2026-04-29 13:22:22.940146+00:00
23f1e231-d32c-4937-bb45-ef0d75fd1907,85b09cac-d5b5-4fce-9222-4acec479f405,2353.23,2026-04-29 16:12:46.265538+00:00
b046a0fb-dcd3-4f59-ae03-66c611552a8b,34ca7a5f-1657-4978-8576-d66b4ed9a301,2549.58,2026-04-30 05:49:48.790394+00:00
bff1e360-cd7c-4956-8591-95b1bb9eb42a,627b9b9d-d1c4-42aa-a267-01992022340a,2434.84,2026-05-16 15:17:05.764119+00:00
59d78ff1-5898-4164-98f5-318291f98d61,c82cf6d6-f868-4bb9-8ecf-4f4128ca2ec6,2464.99,2026-05-16 18:24:39.873226+00:00
0ce5393c-e9c1-4532-ad8d-58105048396c,cd0b84d3-dcdf-44d2-8152-e0d2ce14950c,2445.59,2026-05-17 03:41:25.355711+00:00
b71e4680-808f-4e08-ac96-a91ddef7a004,007c0c9d-cfc2-472d-9e1d-df536d500a1b,2531.24,2026-05-17 18:04:21.820824+00:00
8db244d0-d842-4e1b-a5e6-c8c6baab1ce5,1fa6e135-b2ff-4858-a241-750513703d7e,2482.07,2026-05-21 19:16:06.492060+00:00
6e8a89cb-9d12-4b87-a131-cef0d4e10abb,0ed74eba-827e-4970-b9c5-0e099241b792,2595.49,2026-05-22 06:11:34.301183+00:00
b2f82d13-904c-458b-bf5c-b555f99748f6,5e283e90-610f-4607-ab40-30682d4766b7,2254.53,2026-05-22 10:45:15.155813+00:00
9107338e-913a-47d9-b74c-30efe3fecfa2,622dcd99-4c4d-49bd-9e5c-95c709ee689f,2337.82,2026-05-22 20:32:32.616504+00:00
c3f6ffd6-b21f-4b17-ba7d-9e752b0597af,0fea3896-6c34-4863-89b1-8043e4ea1423,2396.89,2026-05-22 23:06:35.427741+00:00
83b827d8-fe80-4039-b575-d4586840981f,393730c2-a6d2-48bb-9e2c-7ad72ac6e008,2269.67,2026-05-23 04:03:09.487503+00:00
13fdd5e0-c299-4e56-8f1e-7201ecf89701,da4fcdfa-1fa3-4c9f-b132-bfb0afaf5351,2499.74,2026-05-23 03:31:25.468365+00:00
a6867fb6-2249-4e66-a2e2-878bc28c1898,3a48fe55-0b9a-41c6-bb55-969542f28371,2490.57,2026-05-23 05:02:34.916186+00:00
e7663fe0-81e7-454b-84fd-ff55d353494f,8f99faa3-6daf-4e65-9d3e-f83ed88a8c7f,2633.89,2026-05-11 17:45:16.985538+00:00
b0ea5958-9717-476a-91b6-b9ebe32c65f7,ae578da1-f237-4f26-9e62-1bf5d6c3530b,2450.18,2026-05-11 19:41:25.866642+00:00
e92af5f2-e8af-423b-af5b-0b8b385555d7,13253551-296f-42d9-a9fe-97a1d0ceb213,2485.13,2026-05-11 19:21:43.987684+00:00
6fb1af98-e928-4a30-92d0-398e6510d1e0,b61a27b9-fd9b-48c5-aeb1-5437b8f3e98b,2441.66,2026-05-11 20:13:30.905087+00:00
1fd375f8-c45e-4ed6-8b90-de24d8959918,36fcd203-38fa-41d0-8b6d-1089c6093bf7,2308.87,2026-05-11 20:45:55.049882+00:00
c524cdf6-2426-4aaa-b710-8084c502ecf6,4bebfce4-4e1e-4df7-960a-ecff06637c08,2407.46,2026-05-11 22:34:32.028956+00:00
7bb3a989-26a0-491f-878f-49aeda28cffb,12d6d1d3-74ed-41f3-8d71-138332cb56c0,2744.89,2026-05-12 00:59:22.112450+00:00
e748ef4d-a189-4a36-a233-e4693f870e86,739ea372-15bf-4d69-9cbb-8e8bb71dac59,2564.65,2026-05-03 05:44:18.044220+00:00
2d1fcf88-1038-4dba-ac3f-b7c1a3f740c3,1183168d-9b6b-4df1-919a-7f71fc74ebec,2588.12,2026-05-03 07:32:33.791963+00:00
4ff8d6cf-243c-43c6-8d03-31bec20116bd,ad067a91-617e-4f5b-9db9-1de826c3c059,2302.82,2026-05-03 06:46:37.285382+00:00
403c811e-e10d-419f-a01b-ccbe2cf6ffe4,58c1e4e7-74d2-44d3-af58-2e947f23f42b,2475.91,2026-05-03 09:25:52.899791+00:00
94196d42-a721-4f8c-b364-3d231acebd72,74e25794-825a-4c76-917e-80ae1ff79e6a,2503.7,2026-05-03 19:07:01.256388+00:00
a64aaaea-69af-444c-ac2b-dc9f31770f03,fe9ad335-d4d6-46b4-a2dd-2095cff733fb,2733.74,2026-05-03 19:34:26.437579+00:00
094939c5-6cf6-459c-8491-3cf09459b0e3,068a28be-130f-4da5-b7c8-fc6f90618e57,2395.33,2026-05-04 02:52:05.226591+00:00
d9bbbf0a-1133-4ba8-94db-4b3dc13296c5,1567dba9-ae6f-4dcf-8f12-28d37371c937,953.32,2026-04-21 08:40:59.712531+00:00
e34a01b8-10f4-42d1-99c6-0b975052368c,0d33cced-3919-46bb-a7aa-d80bc0f7229c,940.69,2026-04-21 20:08:14.874255+00:00
556934e8-713d-46dd-b216-5c177391c10f,44aafcfc-ed6a-47f0-ac1c-b3c10f5beeea,936.37,2026-04-21 21:43:01.113347+00:00
15ead09a-5d24-4dce-b070-56d6fbb22bb6,0abd9a2c-b13e-4093-8a66-b726b160206f,929.52,2026-04-21 21:08:05.644154+00:00
3ac0568c-b557-4f2c-b0db-ec6f172dbc35,4d5b6a3f-bb8b-4229-bd5d-238aefd21fd8,948.62,2026-04-25 12:23:49.978141+00:00
e24949a3-a6c1-4ce5-bacd-efa2bf560bfc,c47abce7-8a49-452e-98cc-909f2b10901c,929.85,2026-04-25 14:45:34.322575+00:00
46c7d551-f268-4908-995c-3ef7925b23ce,8be0a549-0ec7-4513-ac8c-1f7432edfcb1,977.92,2026-04-25 17:39:33.434581+00:00
65491203-3c5f-4701-a2d1-267a9998f6a1,0cea8c07-1747-4256-87a0-b94f922e4d28,976.47,2026-04-25 17:15:52.711517+00:00
0389c7b9-f8fd-4ae8-8c19-b4a4ba86987b,6bc64c51-d5dd-4d72-89c7-a9cf7f517a87,955.12,2026-04-25 23:00:34.610500+00:00
9f727c65-d3fb-4851-b9cc-a61e765922ca,a49113ec-792f-438e-b705-d49cb5bb47f2,914.1,2026-04-26 02:10:16.020501+00:00
9552659a-7085-4366-ba7c-88d8e15ddf47,7962c54e-be17-47c3-9627-b1c14ab76711,931.78,2026-04-26 03:08:24.683748+00:00
253a818a-7cc2-4aa9-ae8d-9be8307de6c0,65630ba2-bb49-44b3-ba25-b8bd5ff58aa7,936.08,2026-03-28 03:05:13.908574+00:00
7d03d11f-0de8-4ecc-9cc6-1653fede2b1c,709e90de-f986-48aa-beca-ab08328b9454,1016.24,2026-03-28 06:47:40.848605+00:00
b5d5f6e7-b90e-40f0-86a2-e6889e6dbee9,2349fead-cc73-44b1-955f-e4b312ae2699,907.16,2026-03-28 12:20:52.160910+00:00
8ee545d2-0daa-4c61-a363-cc42474f50bc,af00d0dd-063b-4981-af6a-bb2bc37a6ede,936.86,2026-03-28 17:42:01.927734+00:00
d9ec7eaa-4221-49b9-9885-240e5c8979c0,c1082fd0-fa00-4bff-a60f-85f939ee8f5d,888.17,2026-03-28 19:20:15.210087+00:00
8428db4f-7336-4df0-ad29-b74d968b588e,65a704b4-51f2-4ef6-9ee1-a1ec14f542dc,908.04,2026-03-29 06:30:05.373253+00:00
f34dc5e3-c8b7-42b5-a741-1ddcd2d96a4a,443c1638-6311-4c63-a38e-7ee40fd743ba,945.84,2026-04-23 09:14:45.060357+00:00
b9d3fe95-9bec-4f94-a35d-54e68474dd9e,fc80d4a0-20ec-482b-bf06-c64267ef9435,925.85,2026-04-23 09:54:25.958134+00:00
016857b3-cf97-4689-9a5d-f81a31233788,2a940500-51e9-48be-8234-36910f001289,921.12,2026-04-23 13:48:25.830042+00:00
a66dda9a-53a7-452b-8431-76ba2d9bff55,143ab67d-7966-4265-b2d2-26ff4ce7f654,913.7,2026-04-23 15:04:38.873163+00:00
2cda74c8-f27d-43fd-afa0-89f49b1658e3,fbd6e2a9-3f2f-4f27-a8a2-620221a5d381,925.28,2026-04-23 16:50:04.034070+00:00
9cdee99f-d40d-4a2d-b616-edacebe5e560,c571866a-663b-436f-bb54-b647be185d5d,896.63,2026-04-23 16:01:05.010384+00:00
27ca36ee-46d7-4015-af6a-20eb5b7402f0,6c80f372-8851-4fd6-ae1a-fcdd74a1be44,943.31,2026-04-07 22:36:20.693392+00:00
7f1771f3-e11f-40ac-b396-978e5c27e05f,13f6aeed-226b-4eeb-8e83-d4051c41a8fa,1003.21,2026-04-08 06:34:00.293093+00:00
2cce19d3-6dfe-4d30-b766-cec8a1e89a54,ee1f9e69-3d54-4ad4-91db-d0a2ff978963,996.53,2026-04-08 12:48:06.423893+00:00
600f4220-4386-41b5-bd39-c60086d9af05,58e2de88-86ba-4859-ad45-1860b0cf8246,993.69,2026-04-08 11:48:00.819991+00:00
34b7e015-105c-48f6-90c7-28891510d149,c7eac127-2181-4d22-b928-82cf871b797d,852.87,2026-04-08 12:11:49.314720+00:00
4a0927c9-18c2-407b-9ff7-498984f4df88,fcd27bb7-9f82-4cb5-bc29-19b76703c9ec,920.92,2026-04-08 22:42:05.657244+00:00
3bb1a9c9-6611-4dfa-b586-786be80a69c1,5134960f-389a-48f9-9436-66474170a6f2,838.22,2026-04-09 00:55:24.272685+00:00
3730e1ea-af50-4bf9-9ab1-ca6a151f28dc,7d58ef3d-201a-42ed-b542-a04e3c255c95,1034.69,2026-04-09 04:53:41.104082+00:00
43ad8030-e7dd-4e29-add7-c42ca51ae3ac,43969661-7740-4ad0-9d6f-ebe163744555,909.25,2026-03-26 12:24:35.794195+00:00
752b02a7-0ceb-4b56-9d99-418ff369765d,76d2e408-52f8-4259-b6cf-140f782520a7,991.37,2026-03-26 11:28:31.959611+00:00
04ee1b13-214d-4031-9995-20d1abf1a092,8f4a6670-33c5-49b1-9efc-9de97e50557d,934.15,2026-03-26 14:53:20.690120+00:00
e1616c57-9623-444a-ad66-fe9fd4a0a05f,06a73d9c-1f8f-471d-a9e7-dee36555ed04,904.85,2026-03-26 16:07:06.748395+00:00
504ddf43-9929-451b-8356-3d25c7da137c,d815a5c7-ffb1-4ef6-9514-15d42714200b,965.53,2026-03-26 17:55:43.570094+00:00
b9a75acc-f8d0-4a5d-92f7-983ad01c2070,ff68e7b9-bc24-42cc-b2ce-3210468db48f,987.28,2026-03-26 19:20:12.110444+00:00
aab939a8-5c66-4349-a4d4-e7d04de90c7a,315e5c01-a276-4c75-9a61-8012b3fa03d8,1032.3,2026-03-27 00:01:20.605583+00:00
4ec59145-e80a-4160-91c3-194d8d67d6bf,b9d13c67-a800-48f1-97d5-ed63ea7d6576,925.31,2026-03-27 01:54:11.144873+00:00
e33cc81c-2608-41af-bcbd-7e67b535bff6,be15f041-ed95-4a9f-89a0-e9bcf62cd710,951.87,2026-03-27 03:31:05.588766+00:00
56200f26-e766-4925-a899-ebc24bf7f730,7a9d7112-22e8-4914-bf3b-3f25b10f240c,878.81,2026-05-07 19:52:30.233288+00:00
95feaa75-2d4e-4d11-98e8-79558330a096,e8b05967-79d7-41be-b528-5d0f5595754e,900.28,2026-05-07 19:02:51.257093+00:00
c37c5c48-265a-42db-9f3e-e06d5e689481,5cf9fa88-1abf-4b67-9b25-311639e50942,936.88,2026-05-08 05:39:06.192038+00:00
b3fa2785-b33d-42bd-a88d-1f2f92217ce2,2b0052fa-62b6-43a2-aff4-c993f758adc1,868.72,2026-05-08 11:12:47.827636+00:00
1b863379-ff8d-4776-8d53-e67ad6e30d6b,8f847923-b9b7-4afb-9e86-f891a345fe75,1687.39,2026-05-07 06:54:59.626006+00:00
c7443427-a8db-4c8a-98c1-282e8bcbbbc4,2a10cad7-3a5d-4049-96da-044b65253888,1851.6,2026-05-11 20:58:10.894285+00:00
93531e10-7c1d-44ed-a21b-e88d58f44ec5,228bbc1f-5e10-44b4-8e09-3e82401a2907,1743.86,2026-05-12 13:14:47.714530+00:00
37490f69-df58-4286-963f-7889ca8c7cb7,1ed9935c-facb-4f51-acf1-caeb0f862b1e,1841.59,2026-05-13 15:48:27.291324+00:00
8a8a2894-076a-4765-b56c-52c38549a8e7,85727596-111d-4c91-b694-bf0933843266,1863.48,2026-05-25 19:14:25.060631+00:00
58933f7e-ff1c-46f4-993d-2a2a56384daf,20486e24-145c-430d-97eb-eab070e15373,1702.68,2026-05-30 09:05:19.912219+00:00
a6fd0bfa-9690-4e59-93d2-0029fff3c11b,ebae6468-30c4-4537-8cbf-cd7f7f75dfd0,1917.51,2026-05-30 18:32:46.891684+00:00
44da232e-3977-484d-98de-b445abb1bd30,d03639f5-a98c-4a14-a4a5-919ffa69ae7d,1918.35,2026-04-29 03:00:56.896191+00:00
aa5fa625-8cc8-4c00-9108-80b8628adb3f,71eb08c4-464d-424c-9a32-8c095aa20bef,1602.13,2026-05-08 21:13:06.943242+00:00
0f15d5a9-902f-4d08-b4de-4674dc9f0851,78bd22f3-d619-4c9a-9d19-6da9a7a1db9a,1850.66,2026-05-09 14:32:56.334067+00:00
8aaf1f84-9a51-4020-9340-577a2e83b0d3,852d766a-f425-470e-9b55-6be6e1c08946,1463.52,2026-05-10 04:56:33.612841+00:00
76ab1132-0d61-4635-944a-b0b20dadaff1,4411b601-2f80-4d81-8cf8-0b241800b5af,1798.06,2026-05-15 14:03:25.405469+00:00
c891b887-145b-40da-8107-c4dee6527378,dc49c455-a6ef-4b56-9c9e-6d129e0ebc5c,1881.11,2026-05-17 16:03:58.070391+00:00
1cbc7967-49af-47bc-a992-11964fd0a48a,adc5798f-cd7b-4cc7-8387-74eaaac91f72,1948.85,2026-05-18 01:27:26.524611+00:00
07c852ae-48bd-42ed-90d2-aeb4e93bc5fc,26614bef-e2d2-41fb-b52a-e2d50b734816,1919.85,2026-05-25 16:22:46.269867+00:00
c681bf29-5d3f-4c62-b732-3398f2b4ae05,68cb44eb-4218-42a3-be0c-8f70ab723a85,1518.77,2026-05-26 12:41:09.783892+00:00
20f31398-eb9c-4f3c-a07b-14a7d1435c35,ccad7384-b2e4-468b-a640-d730f65c836e,5093.84,2026-04-30 22:27:25.028025+00:00
9f191505-74cb-456c-83dd-e02e1cd15048,a1e855f4-9378-47c0-b15d-7f15d18f5ded,3573.73,2026-05-20 15:03:08.360775+00:00
544821b8-c47e-4b28-95dd-ded58b4959e9,fae1dd64-0779-4adc-851b-fe908b67c542,4555.81,2026-05-25 03:06:10.531150+00:00
6fc0e2bc-d162-4bb4-8ead-56d6e0797ccc,d7458ef9-f302-4621-bb54-4601b0f97b7f,1580.5,2026-05-01 21:46:56.819811+00:00
482cc48e-220d-49f5-913c-82ad6fbecf7c,e73b6a58-443f-477d-b9f9-b97b4d9ce761,2001.36,2026-05-15 08:19:32.703037+00:00
1b84c4e6-96f1-4a1d-8ad0-a8c5dc398d40,5fc673aa-30af-4b4d-a4ce-5de99a644162,1820.92,2026-05-23 00:08:58.613264+00:00
3d1c45d7-7796-4037-b4ca-514f4dc72c01,d7329506-6b0e-46d4-aa92-611c5ac33ea6,1809.37,2026-05-25 19:23:11.723397+00:00
5888ae24-424d-40a8-8b85-51e420335a98,7e013828-890f-4c0c-84b8-e50774cb0ae4,1751.58,2026-05-28 09:50:05.275633+00:00
ab1ff522-5a5a-4265-96e8-c4ac7b330771,4b974079-4720-414c-b5db-e0d7aa629a17,1764.74,2026-05-04 04:41:42.829707+00:00
53be7d6c-ae00-4146-b493-33c0abdc7dd6,9613140a-7aec-4b3d-8ab0-c9077c13a2f5,1805.0,2026-05-12 07:29:44.307843+00:00
41007547-79f5-4789-9d1c-8f39bde29df9,e31018a3-53f2-4f78-a272-73263482117a,1763.61,2026-05-16 17:50:12.337742+00:00
76202861-73db-4388-a5e9-c14b3f2e531d,75c8f971-6776-457e-9339-aa32ed34beb6,1743.06,2026-05-22 16:14:50.984863+00:00
fe5cb676-2ed1-4253-bd4d-b69ab90797c4,5dbdfa15-3f7c-4baa-90e8-4a5ecf9a1611,1706.9,2026-05-24 22:28:19.954087+00:00
a819f6bb-35c2-4dd6-979e-2a41ab551a1e,29e03236-34bb-43a1-bce1-9909e5aeebe4,1778.4,2026-05-02 02:04:43.561209+00:00
8fcbbabb-e0f3-4feb-8b85-e0b7886e1c90,87b526a2-556f-4042-8acb-13a811e9b742,1931.91,2026-05-02 20:07:18.743048+00:00
8283f70d-4c1e-4887-bc2d-9bee2c8a39fe,2c4500e9-d2eb-4c86-9a4a-434bfb1b109e,1789.22,2026-05-04 03:02:37.411685+00:00
f1f7c104-a413-447e-87d0-fce9c7ca18eb,f9408bd3-9184-4169-9771-0858dc790dfc,1807.71,2026-05-07 19:16:56.326942+00:00
7c8b3181-b491-4e43-ac73-17d6221d9b55,81f161b9-1a09-4b60-aa42-01159d3bf4fb,1805.98,2026-05-08 05:30:16.405833+00:00
f3b69300-694f-4928-afb3-20b8d4d46457,2121a106-2b55-4f2f-b839-d3c0e9b3c806,1769.18,2026-05-16 09:27:47.830107+00:00
f6d38989-d0db-4788-93da-c87699dbe3a5,3fc5ff37-f3f6-4d0b-87b3-3b65909b4303,1704.16,2026-05-18 00:13:43.671415+00:00
53980df8-02d4-412f-89c6-09340824e58e,a6a703d5-8989-423d-8abb-8665e7f660f4,1716.06,2026-05-20 11:51:13.759090+00:00
665406d3-2f61-43ff-b1fb-ed70ea68a647,52b2bc45-dfc4-4c5e-a695-88575ff5dae6,235.6,2026-03-19 20:05:14.235006+00:00
c5dd4390-1310-4921-8ad8-8c5a8fecf47a,5a3d40b7-1d21-496a-a041-e03ec9d7556d,924.84,2026-04-29 23:47:25.799748+00:00
e7651b68-96f7-4148-b1ed-969f668f7c96,07e3abe9-5907-446f-bb2b-aa24375b2eb3,664.52,2026-05-26 20:43:05.526231+00:00
9d8cbdfd-4e44-43eb-a1fa-d84ce65f12e7,253b20af-ab4c-4583-928f-20a1ec364067,614.56,2026-04-11 21:38:29.398162+00:00
8b73267d-720e-4dc8-8a94-fd9affc25d78,6156a7fc-6c3f-4598-b550-7d44bf3b1d56,2276.68,2026-05-31 22:40:06.009824+00:00
e1c02956-ebec-4235-9d2b-62f59a72a391,a6731dee-e057-4e95-8844-4e6196bb4789,3396.19,2026-04-24 07:48:38.991618+00:00
fddffab8-075b-4da5-81b2-0f3ffe07f76c,2ff995c2-8ff7-40ac-ba2a-aa78b0fa0fa8,3478.93,2026-04-24 10:24:56.473071+00:00
55d4e096-c691-4ac3-a798-c14f6d4acc21,10f9717a-ada4-4575-8ad1-8c1f91650000,3142.28,2026-04-24 10:32:41.647372+00:00
7e62fb49-3d0e-42c9-b555-d1c70c590c45,fade2ad1-1db6-488f-8c7f-9b4325a1bbc1,3356.75,2026-04-24 14:18:57.903306+00:00
3f8ab8c9-85cb-4691-8d8c-e904845b1c90,b8927851-e732-43e2-a6d0-89df771043dd,3428.55,2026-04-24 16:58:10.926192+00:00
c7c96449-e569-4424-b6f9-ef5bae8fd8d6,41a53546-0977-44df-8b20-61937143ba0b,3389.78,2026-04-24 20:02:19.810424+00:00
add7e942-202c-4905-a0db-3acfdb71f6fb,28da923f-3576-4f91-807d-5c5307a050db,3357.06,2026-04-24 21:17:34.657285+00:00
8d449335-f498-4b90-82fb-7e553307de58,9b2eb3f2-ddc6-4de0-b759-3b5221383666,3451.21,2026-04-25 07:38:04.695143+00:00
7d6c3703-6405-44f0-8126-a4fa343c8a45,0a0506f7-f4d7-4157-804f-9f2a1eca378c,3275.49,2026-04-25 07:54:28.253525+00:00
a49af3a1-70c2-4631-a969-ad730612394c,ece1a16a-b192-4fbc-bee6-953933ba9f59,1293.2,2026-05-28 00:25:47.667619+00:00
a2eb2fec-3797-410a-8a96-7d8a4307d18d,96a38b67-fbbf-458c-b005-6afd3d4a1cfa,3379.89,2026-05-31 05:45:51.767926+00:00
904cfbf4-15b0-481a-b455-d0cd59497bb4,3a2901cf-c3f4-4218-913f-4e1789992034,10.0,2026-05-31 16:22:32.605898+00:00
1a30128c-6783-42dd-b5e7-b8a341be9a57,1eb8023f-e7cc-4437-8f42-09c2d221cc4c,3223.58,2026-05-30 10:19:00.780477+00:00
67e3cc84-09cd-4fc2-ba01-e60e9bc8df92,80fb1c66-dc3e-40c8-8771-6234bd5ebe9a,3192.16,2026-05-30 11:26:36.879496+00:00
adb27ef4-fa55-4473-9765-dcd1ddbae408,d33c0d20-e38d-44f2-92a9-1f1527dcd0b3,3172.08,2026-05-30 13:05:39.062598+00:00
44d7ca9a-af00-4f8b-9042-c8adfaa1ba9e,ce0b6820-1099-478f-9925-daeae72ce6b2,2878.1,2026-05-30 16:10:03.461073+00:00
3ef30f3f-cc27-4925-9715-31587d7dde93,52df8cb8-3f47-433b-a8a5-b2866b71162b,3228.14,2026-05-30 17:41:19.410202+00:00
49a23ffa-6011-4876-9cfb-03be8bf7a340,8f84438e-7324-4ed2-bc0a-a9c082d93fbc,3677.17,2026-05-28 14:06:11.635143+00:00
506f1cbe-2f9b-461b-ab5c-a6874e0c18c5,1ee90803-672d-47c0-bf16-f730fbab2169,2574.31,2026-05-29 02:48:45.047715+00:00
9f20d439-e81e-46fa-934a-ed6e4e80797a,63200362-65f0-44fe-812f-0938ea14bc21,3539.88,2026-05-29 15:59:11.974869+00:00
202e04c9-2a86-4b52-b9b0-5a486cc607ed,63d71675-8033-443d-8bf9-d1ba587ac690,3189.52,2026-05-29 18:39:16.403767+00:00
ba1e645e-0a87-4a5b-8ea6-c807a919fa0e,9aab9b5a-7ea0-43c1-abab-eba8d8b10037,3463.14,2026-05-30 01:40:50.846407+00:00
a78e525b-230a-4b0e-b373-a9451fd8b044,959b5e8f-e04b-4257-8e39-b6539341b902,3277.05,2026-05-30 05:29:01.727874+00:00
072c620d-8b09-4130-b9a9-efeaadc6acaf,7f88f88b-7e6b-4d8f-9bc2-aeda68aa81a9,1751.08,2026-05-29 17:04:16.694322+00:00
f9205b93-7149-4809-905e-4a8fae5c51f4,af151b9b-1f77-4133-aac0-6927fd7d133e,10.0,2026-04-17 07:06:42.863917+00:00
ef238274-e866-4fc0-9799-8cc23b87547e,3fbf4fe1-8146-4d85-9e53-29d1bc5b0a7b,2676.56,2026-04-17 16:37:25.661343+00:00
930b25e4-0b3c-47b2-9bf7-965833cc0c1d,b8a41951-0910-434c-a94a-c1e6846856f0,2180.29,2026-04-24 11:08:39.767795+00:00
08782fc6-b8a5-40c9-b82f-426404a685c5,e58932ea-b8f7-4269-8571-6bc924ccdc90,2801.47,2026-05-11 01:33:23.428574+00:00
1154414b-9fb8-43c2-9c70-51c154f6df54,8e8c5802-b985-4804-a505-3db7902645ed,1544.17,2026-05-12 07:16:30.924088+00:00
1c05c45f-4a1f-4abf-bf8a-854fd940669d,930d29a8-d408-4f86-96b3-6d728af1f49e,2204.05,2026-05-15 22:14:49.083800+00:00
8193c15d-396a-4c39-82f4-d02ae8af6119,068851ab-a5c2-4cff-871d-b0ab90d746da,1146.55,2026-05-16 22:33:06.345344+00:00
0cb86038-f4ba-42ac-9b8c-b9af6d1f3696,487ac413-cb93-4c9b-9563-db6003cdf305,701.96,2026-05-18 11:17:38.819480+00:00
c020c81c-5e19-4b70-b7ca-66274ca608d2,1ba4622f-707f-4915-aa8d-2a15e36700c1,3222.42,2026-05-29 20:11:46.884939+00:00
2fea335d-eaa6-44f1-b398-e2344c296d05,fc9ae3ba-4681-44c3-915d-1e085a3786c7,2225.49,2026-05-08 23:21:11.962378+00:00
7a1c04ac-12b4-4714-ad96-29e469601401,fbff2fb4-f565-4d9f-af2d-fffcbc03b3d5,3160.24,2026-05-13 21:25:29.154381+00:00
7c29f841-7e90-4c42-85cb-1b2129ecdc93,ba3a999d-5d0d-46bb-a7d2-c2bba92b4e28,1928.79,2026-05-13 20:17:18.750386+00:00
b2cbd2fa-bac2-4137-a88b-33a508d760ea,e2f0f40b-5be3-4cf4-8d69-52a43c4dae1a,3834.42,2026-05-18 06:07:46.197860+00:00
0617e21c-2cae-4f07-a729-fc91eae0e82e,a609dfcc-c7a4-4e74-91a6-26ad656613c7,2316.63,2026-05-19 17:10:51.310855+00:00
496ba4e9-4d97-4d87-b66f-0656910fc2a3,2bc58a64-c86f-4d3d-baf6-24f5b165d247,6343.84,2026-05-23 13:17:01.165056+00:00
7bc1dc73-232a-473f-8193-73dbc8150fd9,ca9975ab-47b5-4a5e-b089-dc347695ccc6,10.0,2026-05-25 22:28:15.005449+00:00
1fe4ce67-2893-4b11-b25f-17c48e1a1432,5848355a-9e7b-4fb2-8f15-9a94e316ec2d,3745.85,2026-05-29 00:37:27.958712+00:00
83b07824-a648-4e05-ab60-915fa6bfd56a,4bf0a6d2-5fb9-4f4a-a90e-82fd7ef2e801,4106.51,2026-05-31 19:25:53.103653+00:00
6405f1c9-872b-40a4-b679-6988c603cb2e,2524261b-7b60-4751-b157-6a869236296c,2010.94,2026-05-21 23:49:06.350254+00:00
5a096233-0762-4754-b38f-11c7396bec6c,324d7c0c-0cfb-4f83-8245-a60d4881140f,2446.52,2026-05-22 08:08:46.295777+00:00
7eaa8164-3eed-4662-9e10-c0062eed9324,16957f56-c7bd-4f43-acd3-c70f3b3b94ab,2005.99,2026-05-22 13:18:06.046362+00:00
3d916242-e1aa-45ce-8ec3-6b4f7fea2a60,76dda796-4f53-4b84-a805-eb18dfb1e2be,1595.02,2026-05-27 00:56:04.797387+00:00
6ef4d030-b28d-42a9-b240-a55c63eeb527,79ffd6e3-1229-4d0e-b4d8-4799dd1025d7,2917.94,2026-05-28 06:45:43.365808+00:00
bfa4755a-482f-48df-8c0c-d4fc28c08336,4789b1c1-b19f-490a-b73b-34c5aede6227,2834.96,2026-05-29 22:29:21.140127+00:00
f678e92d-6a40-40ea-8ed9-8e8637d56b6b,d7e1434e-85f4-4f4d-b7e5-fef0aa3d3962,2864.4,2026-05-31 07:31:29.172110+00:00
60af6e70-6ccc-4e3d-a63b-14a5aeaf2aa7,20035d7c-7825-4c63-8e70-d27f4258d81a,867.12,2026-03-14 12:51:26.188349+00:00
fa7970e8-4e80-43d0-8cdd-60ae0831b8be,b5aba3d0-ab1d-40f6-a14e-922a28474d47,790.75,2026-03-23 12:41:37.159289+00:00
4f45b58c-53dd-4f3d-932c-5c8f52eff1ab,da42388a-9fb7-4335-a28d-38a488e85b7e,847.27,2026-03-28 22:34:58.606774+00:00
a431f74d-b113-4c21-a98b-f03c2d8f3b55,2923d2f7-af36-4e96-8a37-6dff719b3cb0,803.01,2026-04-05 21:42:29.032446+00:00
204c6b3a-7731-49f4-96ae-4a5ba1d6ebb2,5603d893-2390-4570-a827-65ec294ab77e,847.94,2026-04-14 04:37:29.014458+00:00
4ca6e32f-fa3e-4494-8d94-9cf90da82128,c4dd46e8-74f7-4b81-be4c-961e265a431c,831.47,2026-04-16 09:29:04.338639+00:00
53353fa5-e541-49b8-94de-2ed231f85fcb,384dd50f-c673-4750-8fb8-ba12486121b4,654.41,2026-03-13 04:45:30.092921+00:00
112b4f33-5e23-4205-99c8-32e0fa412ea7,77fa8227-bfa2-4048-adda-6f86384555e1,883.07,2026-04-02 22:24:23.082298+00:00
1c606625-0db2-48c5-9d71-eaff9d0e13f1,b8933a65-aa25-423e-afe3-eecb9813db10,754.77,2026-04-18 12:16:29.878659+00:00
c6543a33-cbec-497c-9141-27d599b8dbad,838554a4-1ad1-4693-a27c-362689da75cb,809.49,2026-04-26 07:33:08.871948+00:00
fb81b0d2-0d8d-4b5d-b8cc-ce368b33687e,47592043-2cc0-4c9a-a162-18009ea6d1b9,783.71,2026-05-14 13:47:54.268851+00:00
96866a32-5eb3-439e-a018-18c17c26682e,cfd7662e-7a8d-40f5-b22e-0f3f0decbde0,899.1,2026-05-19 01:16:40.802139+00:00
5a5a8abb-741b-4df5-8154-df335cbff37e,db9d06ea-4930-428f-a34a-08486592d50c,722.55,2026-05-23 04:01:51.416489+00:00
52ca839f-a6f3-476c-829b-2b268f4b9a7f,a83276ac-dc55-470a-9022-cb54e7e0e352,850.98,2026-05-29 06:58:19.862486+00:00
5f2e595a-4b2a-46d2-b06c-9896fc10dd49,94b9726a-343e-4641-8486-b7914269e559,874.52,2026-05-15 23:01:06.764100+00:00
0e04ab5a-796c-4af0-ac6d-7504a191dd92,381dfdff-493f-4560-b206-7b870a558938,748.35,2026-05-17 03:27:15.878398+00:00
000c9aa9-7896-46ae-a824-c0eef246d834,47511962-6c29-40a6-904e-e6f709fec634,907.49,2026-05-19 22:36:54.236611+00:00
d0bff2ba-5723-434f-a4fa-8717f1112c08,45774923-7ae4-4824-a699-be78f0fbd9bb,744.8,2026-05-20 02:32:21.536390+00:00
272b76ef-9742-4639-ba9b-2f4686007433,59deb86b-f57f-49fa-92b9-687b85ebcc87,790.64,2026-05-20 19:13:02.806807+00:00
fbed10c8-83a4-4063-92a1-edaadbbb9c84,ee4bf3af-a43f-4f39-a90a-1abd6e758a2c,760.39,2026-05-21 12:23:24.577462+00:00
8b301e15-85f1-45bf-812a-299dc5819351,e3e48eef-ef70-4d9b-b95f-036d80add579,810.31,2026-05-27 02:04:37.189204+00:00
91cc18ba-05d1-427f-bc4f-5c5d48c94131,ba754c38-1f15-4b34-9c74-e29d0c7261c9,855.18,2026-05-29 02:15:32.646131+00:00
88ff2843-ee1e-48fb-84f4-ae88850d1fd8,01af7887-fa93-496e-ba00-e2c98c2189b5,734.35,2026-05-17 15:08:55.846253+00:00
c4d0884a-4de3-42ce-9c53-ae9938a0281e,b658e222-fb66-4330-8321-85c3591dfada,811.09,2026-05-20 05:58:51.617610+00:00
f0436f27-b117-406a-ac7c-cb861165c7ee,1531f8a9-5c59-4650-8070-f105516cee43,868.52,2026-05-20 15:06:38.826690+00:00
58a2d485-a32b-4f20-aee1-9d9815eee118,420da0ec-4456-47de-a505-34f70b468664,911.52,2026-05-23 00:05:43.274369+00:00
7a232427-5c4b-4fb0-9748-03d154a4fd22,977b6b17-49d4-4177-9893-b6a88a871caf,900.92,2026-05-25 20:46:01.840418+00:00
b7420a87-3d37-486b-af77-1d4a449640ca,77da62a6-eb45-4e82-a97c-7c9ad6dd2440,754.29,2026-05-28 14:48:37.883324+00:00
e7096c95-9955-46b7-8cf4-63067dbe4774,0792baed-b9cd-4549-9c57-b69e8caeba2e,725.71,2026-05-29 16:40:17.608437+00:00
3d4eeefd-f60f-44bf-8179-7ab4715d789f,ff250c18-e685-430c-878a-c731eb84de41,775.82,2026-05-30 17:46:02.016274+00:00
fe5218ec-1a0b-4cdb-a2c5-f633c4cd1f5d,3228b68f-ee85-46fe-8ae2-c765553d2547,860.32,2026-05-31 14:23:28.500987+00:00
129d52cc-2dec-4128-9ca2-462826f01d58,0e9688df-f30c-470b-b5aa-ab91284f612e,1744.12,2026-05-31 20:10:07.970237+00:00
e38027d0-eba1-4f39-bc08-0629f1a7ae5e,2431847a-09de-4da0-a280-884b20034773,1171.02,2026-03-18 01:37:33.012735+00:00
11135e64-0a0c-4ec2-a0f6-54be263e3589,5a16ccc6-27e1-411d-a1e7-547c80a352c3,536.84,2026-04-14 05:05:35.403474+00:00
075f3681-f123-41d8-93d9-a4101537997b,20a9df01-cdb4-4624-81c3-641afafb79a1,3120.95,2026-03-30 01:50:14.722864+00:00
8634b9e9-716c-471a-8196-d58cb0e70cdc,a7ecf0f0-5765-4f06-9f51-633f506f7a8a,3138.86,2026-04-15 20:37:56.692156+00:00
9aecef8a-5818-4777-8665-2ce564657cf0,e19c1047-9fe5-445d-8181-4139b96cb56a,2970.64,2026-04-26 10:11:51.888067+00:00
83e2e234-d973-4829-a1a7-a5d6d23bcc90,ecb4a287-62f4-4301-86bd-3e1f1362ee85,3165.35,2026-05-14 03:04:06.416260+00:00
3ec195ef-e5f6-4c54-a1ff-32e1ece78b79,e8e383cf-2f17-47f7-98bf-f4f0af3732fc,3271.08,2026-04-03 20:19:38.282189+00:00
d38684b7-2bd3-4d67-b1bc-db5e776d0827,0709ec2c-156c-4ac4-9e97-02846b8a1d69,3311.74,2026-04-16 20:23:11.563845+00:00
54305948-36b7-4845-ba6b-b75570168cdc,fc1ed21b-719d-42d3-a943-9dbe9d68565d,3424.75,2026-04-18 09:18:14.481374+00:00
6cb26523-395b-4c46-a866-68e686dbde15,d2439112-3437-4937-9b0f-5c29990c35d5,3349.75,2026-05-06 00:22:35.464453+00:00
b7eb8191-9e19-42ba-9138-d2f705b5047e,67df162f-2781-4e7c-b9d0-08614b9eeea8,3236.28,2026-05-31 00:47:21.837855+00:00
5fe2f9ad-58df-4f7e-a175-008f3cdf6388,9ed1b42e-1429-4e69-b344-54eefd0a1377,1414.53,2026-05-26 06:26:26.206730+00:00
f5ef7a9a-dab8-4374-b8b0-5200b4155e3c,50ebfadf-74f6-4440-b7a8-c8b046226437,2963.17,2026-05-31 15:20:10.963460+00:00
a23692b7-f459-44ab-a4cb-0a7037862a44,296d4003-cfa3-449b-9b00-900f6137ae20,3059.16,2026-05-14 00:26:19.868599+00:00
232b2d8b-9c91-489a-944f-f923ce049ab4,a3ab342e-044c-4d59-b7c5-6c316298c1dd,3475.33,2026-05-19 09:43:46.432431+00:00
306c68aa-bfe1-4c21-a4d8-c44503bf280d,9cb0741a-ccf5-4adc-b4d6-cc3723e63e9a,3283.07,2026-05-20 19:17:03.404940+00:00
2eb091b4-a065-498c-9b3f-3f9f644fe8dc,2441e4c2-f5f6-419b-8661-ff692ea4a66e,2912.01,2026-05-24 23:59:12.419923+00:00
b030f2ee-61d9-4133-b222-792113edc1fe,147467fe-f50f-456b-afb9-230f202a19c1,3286.69,2026-05-26 07:06:23.629701+00:00
62e155ee-61ae-44b8-afa1-1d1c39396370,2bec2afd-8c43-42e7-9e71-51f08e9e6ba7,3335.02,2026-05-27 15:07:40.514891+00:00
c67de327-7031-4fa8-934f-d828e2719f63,bd1a794d-501e-4d52-bd07-7ff587e2db8d,3457.95,2026-05-30 08:54:28.010518+00:00
99c11fba-b730-4bf5-b1c8-d0a4bea23e2d,22302f6f-bab8-4618-b908-7d7cb2267aaf,2988.9,2026-05-12 19:32:54.447486+00:00
841e3e84-2073-402a-9749-cbeb81b93841,33cc7d7a-a4d0-4ca7-adac-d70d74417fa4,3240.4,2026-05-13 06:59:11.288052+00:00
8296182b-5f7e-46f2-9d7a-d83cef4507d9,c94aa616-2858-4496-850c-d23675ea559c,3238.43,2026-05-17 19:17:25.653801+00:00
531f5710-49c7-4194-b963-e00e1ffecc2c,9b19d8ba-38b4-461f-a4f2-d044d0177912,3115.35,2026-05-20 14:50:27.440639+00:00
78cd1b7f-a8a1-47fc-a542-7d051ed3024e,48aa67a2-3dac-476b-812a-39d47741f4c2,3097.83,2026-05-21 17:37:51.556074+00:00
facb6f55-2c0e-4e79-bd3c-40509fc36281,62d5b8c1-b356-4b3b-92e2-defb9f1bb670,3152.04,2026-05-26 07:04:27.488650+00:00
a7c3ae00-21d1-49e0-85b7-3b42eccc1497,411d511f-4bab-4215-a5f8-8f0633b0f6d7,3237.21,2026-05-31 02:11:45.848978+00:00
c120ee99-be3c-44dd-ae54-880b696dd517,6338b3f5-1b49-4300-9580-53c240a75aa6,3174.75,2026-05-31 18:24:25.495829+00:00
f044ec69-4cde-4f16-9ca0-2dbee9b86ed8,1f211170-62bc-41ce-b231-0aab743b6ad0,3058.17,2026-05-31 03:08:15.435888+00:00
ca508859-fecd-4b57-9ca0-8e1f0779e3dc,cbc683ca-44b0-4907-b572-af40f22ccb80,3334.77,2026-05-31 05:48:01.990581+00:00
4106694a-8097-4bf9-b621-e6cd804dac7f,c4fe0778-a702-4994-89ef-4a36e6208ef7,3199.91,2026-05-31 15:15:01.199973+00:00
3c9c9c0b-1c2c-40ab-9a61-a79cf32f6b3f,c804e755-e3c8-4153-ba70-62b4e7a87313,3055.17,2026-05-31 23:47:16.019254+00:00
30fff2eb-8c7c-46bb-a9cf-dbb302b885ce,92e5569b-1d8d-492a-93db-6daafa0736c6,5308.4,2026-05-03 03:48:33.847687+00:00
5839c5a5-4ab9-4680-82a9-75098ed9ade1,e298dd8f-5780-4192-9e48-ba531f73b60b,1923.8,2026-05-03 06:03:19.110508+00:00
c3ca353d-979a-476f-bc06-963005c89dbe,091f8e38-da31-4f33-8bee-fc268389c158,3599.28,2026-05-03 11:09:34.072571+00:00
79ce127e-75b7-4739-82d2-3b2b2e24ac7e,04d2d848-8429-494e-a4b0-13eae862fc3d,3396.81,2026-05-03 15:04:48.652950+00:00
eac22ee4-28a8-4dfb-8458-c71dbdc999b4,3d4fc23d-46f0-4635-a3a8-2f05dc90965f,5137.46,2026-05-03 18:26:00.355119+00:00
47d930f5-936d-4894-aeb3-1e3cf63de69b,0cb511ac-6362-4121-afd5-ad672a9bff22,5078.67,2026-05-04 00:31:18.397116+00:00
a5cbfe8d-8fd7-4dc1-9ded-584830a199e9,f730d0fe-3347-48fa-9fc8-c91dbf7d6330,2725.45,2026-05-24 18:11:00.261356+00:00
a32955b5-4e47-47c1-a6a9-33332cae22dd,97712beb-6518-4841-9766-f354d641045c,3456.56,2026-05-25 00:11:39.143828+00:00
8dedf0d1-ce92-4d67-a9a5-4988078eebc3,61c25417-5588-49e5-a176-0283103ffec1,7592.23,2026-05-25 05:20:24.159279+00:00
f05c0b9c-c0ad-4919-914a-ecb3b85dbab3,578fa9d6-891b-41bd-93ac-51707988ed2a,5441.57,2026-05-25 09:07:25.157489+00:00
adaca5b8-80ef-40fd-ba35-55c148d96c73,706b81a6-bd29-48bd-b6a5-f489b5b39fbf,4979.83,2026-05-25 10:55:21.002027+00:00
05507021-44ca-47fe-ab3f-e33e71d49504,aef81722-15ac-4626-988f-f4d1a3d973cd,7241.01,2026-05-25 16:58:12.643844+00:00
fdccb3ea-9ea7-47fd-b05e-5b834fde41df,c9d8b701-efae-4f07-98bb-1557168036cf,1095.37,2026-05-26 03:44:39.478579+00:00
af70a9d9-753a-49cf-aed6-2dc98ca02a10,fdc0dfd9-1530-4edd-8256-fbad71214138,5514.41,2026-05-26 04:25:49.996773+00:00
9354b217-4f1d-43ff-b7dd-7bbf75f08ea1,1d3eb7cb-e17e-46d8-914a-1393fe2922d1,732.28,2026-04-13 22:24:42.299792+00:00
df2e148f-24e2-438c-981e-e6991747f633,100d1f62-b30c-4389-bb71-63028f86763d,4135.25,2026-05-06 18:46:49.692514+00:00
ca0b6055-c81a-4ed4-ab99-abba1a11fb13,7f32939b-f1b7-40b3-a61a-3670638edf7d,6043.31,2026-05-10 06:13:15.564513+00:00
3430eab4-7f8b-47e9-8870-9112fce1490a,095450ed-0d78-44d5-98e6-4a2a36fc239c,806.23,2026-04-23 01:07:45.152454+00:00
bb15aa73-daf7-4ab4-a26d-3196f9df869f,089bf770-0492-4ab1-bef8-cd6d5fc5e9bf,1418.91,2026-04-23 04:59:59.137662+00:00
9bc7f790-5357-40b2-ae69-bdab5d2469be,7e8ddce0-43cb-4e29-a06d-0b3184647d30,1556.64,2026-04-23 09:19:23.981600+00:00
5cb83e1f-e777-4654-a575-5fcf639c1881,d904a682-7762-46c4-aaec-f382ce9fd440,1102.47,2026-04-23 08:40:10.805385+00:00
d7541302-e71e-403d-8468-b6f83e12bfcd,b48c25e4-154f-4f91-8a4b-bfa23ac4bec6,1093.72,2026-04-23 11:27:30.048172+00:00
5471b778-e6ee-4826-9f93-85b0b6dff4c3,84b78a21-43fb-4bc4-aa89-b061bb79c5c0,1987.32,2026-04-23 12:22:32.687712+00:00
ed163770-e16e-41f3-abc6-f19d6f2d27fc,bc1357ff-4133-4e25-814b-46db1f423e10,1671.17,2026-04-23 15:53:04.858275+00:00
b27c744a-e1b7-41c2-a1d5-66772e668552,5b228c17-c2a4-425b-a937-c437af330263,1156.55,2026-04-23 18:49:01.206768+00:00
2050d67b-fd49-4113-8bc1-9f13d98af44c,53beba60-bffc-46f5-9157-99bd2ff22c1c,930.74,2026-04-24 03:20:42.564305+00:00
3814587d-3332-40d9-bd31-4d59b1a3155b,83c9e0fb-ee8e-4f74-a0cc-0b366db57efb,4601.71,2026-05-21 10:11:02.166750+00:00
8ea8b9f6-ab0c-42a9-9f99-38efb19cbc1b,9ba42a91-6c59-4475-bfce-1caa969c93f4,4639.02,2026-05-21 09:42:52.191228+00:00
870d6e4a-fb0f-4b2e-b2af-543d0e66af7c,4c8fc50a-703c-4c75-a7ed-10623bf66b37,4357.17,2026-05-21 13:36:52.208909+00:00
0be2616d-8291-411b-a319-58fdd958b4cd,a23ae23e-5f47-4249-9ad8-6a7652e32dd9,3749.36,2026-05-21 15:57:40.930556+00:00
c3169ade-eaf8-416b-8b7d-da16d40bdef4,00be9cf6-4572-4b5c-8655-e9ee4efa9f90,3268.7,2026-05-21 16:09:14.468522+00:00
6428e051-9204-4956-9198-555fc58b3e9c,969fc86e-1e09-4c1c-abb0-54988af9a420,2136.99,2026-05-21 19:20:40.341175+00:00
280a7153-09d1-467d-8715-5b920ec92380,f492eef3-5ad1-4016-83cc-75e3c3004ac6,4566.25,2026-05-21 20:06:56.960297+00:00
c323c651-9470-4128-b4b4-6c87d4b8e317,8533bccf-0bac-4597-8722-3cafd8d1a4a8,2761.08,2026-05-21 22:41:37.317579+00:00
dee4bb1b-13b7-4f82-b78f-256bd039fa28,fc5eb76c-bb1e-49cf-9ec4-d41e14ba65b7,6774.09,2026-05-21 23:09:43.940723+00:00
80db3d3a-f35d-4fc6-9144-5a61a3f97ea3,4c0c1f4c-7018-4a84-b1d1-0cdd9357e23d,2212.43,2026-05-18 22:07:55.886329+00:00
d3b2805c-50d0-4e14-895f-0fa40902019a,79a15066-a7fe-4414-89f9-36372159da4e,3800.44,2026-05-18 23:24:57.469036+00:00
28bc0fbb-3753-4305-9971-d2976c126f15,68b7701e-c6e6-4ade-b708-aafd78ad9100,2014.04,2026-05-19 18:31:04.853313+00:00
9149d84c-fd27-4fe7-80a1-7d5f6be81d00,09473a78-3e6c-4961-addf-e468241e94ac,2391.71,2026-05-19 18:20:41.186782+00:00
dff1a79a-832d-4374-8a58-7927b7303392,280b5bb5-ca56-4f48-aa57-906cbde9fe5f,2751.49,2026-05-19 18:53:18.077939+00:00
1aa72ea1-3113-484e-a243-8beabe70501a,302eb079-6a98-4f00-97ba-104b349706a2,3907.02,2026-05-19 19:45:30.477947+00:00
44b73b41-e4ad-4d89-94bd-40fd9ff705ac,4db5f170-a9a1-47c3-ac75-adecd89faf9f,2562.25,2026-05-17 21:58:14.648191+00:00
60f46b53-7156-4903-8b60-a0c292669114,2783d3c2-f589-468b-9356-76c940f69d78,3908.44,2026-05-18 01:08:45.523375+00:00
da6c1983-2a0b-422c-852c-d3791f6f507e,80ef516a-d723-405f-9773-834ecafe8546,3824.25,2026-05-18 02:16:31.436161+00:00
9bb3ee2c-e3ab-45cb-b373-0250ad15b6ac,90d4dd57-2131-439b-a748-a18a09a1e7cc,4487.63,2026-05-18 04:31:06.314236+00:00
7b93810d-6e5e-45df-82fa-f90f9a468cd6,7f28eb97-2b37-4b83-a170-904d54f02dc8,3881.44,2026-05-18 04:42:34.582702+00:00
7c387cf3-2d39-4d01-a0ee-27f0a46234e8,c17f03c8-ff81-478b-98f3-36cbb40f46f4,4521.34,2026-05-18 05:06:13.886507+00:00
e3825ea7-4fc4-4a64-8efc-d597fbbaec58,3757c620-b7f8-447b-84dc-5404350692c7,2806.05,2026-05-18 06:10:34.043157+00:00
2e5a9513-fce9-40bb-a9da-ae33d18d0ca5,7c3e7e67-3d65-4b66-91c2-19b8a62c1f3d,2950.33,2026-05-18 04:52:26.627609+00:00
9fe1cf48-e4e4-4638-8db0-82442046e242,3adc8f1e-5259-4964-a576-c3e633919085,2799.2,2026-05-18 05:08:48.936156+00:00
5c579e61-14dc-4e5e-9544-718e911dfdd3,85e75fb7-f787-46bf-9f41-a5dd8b18c9c2,3476.81,2026-05-26 05:32:06.149598+00:00
9a283aeb-2d65-40e6-a8f7-0bd7f5995eb1,0db5b523-11fb-4084-b8dd-f996e707a5e3,5694.86,2026-05-26 07:43:57.568340+00:00
f75bd2c8-8020-4bd8-91a5-cba4f3d430fe,ac6f0461-1e0a-4a99-b99c-a72edd3fd4cb,3108.48,2026-05-26 07:12:10.428859+00:00
5ed59f4f-034a-4781-9ea0-417ff7ed5399,c51c3968-eaf8-4bb2-b3d6-8f60cfa950c6,2043.19,2026-05-26 15:35:28.352613+00:00
3aa45209-f9b3-4316-b531-ff76f72011af,2dd1c38d-eaf8-4de1-8ec0-46e83786b686,3488.23,2026-05-26 18:20:37.040553+00:00
609439f5-6a74-4033-9b73-a07e3c81bdc2,488cf393-3be8-40ce-b3c3-f1d09bfddba1,3543.65,2026-05-22 18:50:37.454286+00:00
df881312-504f-4d07-b345-b3d626d3a6d7,fb867e52-75b4-4a0e-b598-c88247a8d0d4,3520.18,2026-05-23 00:58:12.215821+00:00
650272ce-480f-468d-afeb-232c1897a3eb,0fc5127a-1a13-4799-82dc-1f470bc61d93,3511.95,2026-05-23 00:36:43.867433+00:00
47dc2f9e-3e4e-4f25-b9ac-abf88f328344,f1f49e9e-c268-4df5-852d-c5afea522ab3,1802.2,2026-05-23 13:17:10.065557+00:00
320a1463-5169-441e-a19b-f956c1cbcd88,dbf56d99-2b6c-4f49-aabb-dae3b0ada642,2784.55,2026-05-23 15:22:38.460993+00:00
73036255-9884-47b5-802b-2bc9312ab0e5,279c1462-4ea2-42a6-9009-faa916049d1d,3371.25,2026-05-23 17:22:26.517393+00:00
5a80310e-8e7f-4640-a33d-01a3d1ca6310,5c80e746-9548-45ad-8f7d-cddb50db5d42,2283.75,2026-05-23 20:28:06.541871+00:00
36deffc5-b946-4907-996d-c7e24e47f773,ff8afec5-75ae-47c6-9051-2c9fb25f114c,419.19,2026-05-15 19:35:19.610965+00:00
f301f894-b8d5-47a5-84b3-31fbbf75e64e,91bfbf1e-8145-4b79-a9a4-3d3d3fd9a205,304.08,2026-05-18 02:55:39.465756+00:00
3dd61fca-8a68-4895-9078-c380b5e28d6e,a88e239e-f6a0-40dc-a581-ce35e146eb76,419.28,2026-05-28 20:25:44.493674+00:00
75f9021a-3ce3-4e1f-9cc6-43d1899c8af7,f5fa3246-08f5-43fd-a282-5ea5d9b15aef,2741.05,2026-05-25 17:07:40.564844+00:00
8a4a3e04-b726-4050-b9ee-7c34dd92fea4,b50ed893-78df-404a-b392-51804531646a,1920.76,2026-05-25 21:26:10.338703+00:00
01389626-22a5-43f9-bda6-42f12a25fe9b,e47a11c4-3fd8-472d-a092-4ccea6abdacf,2025.32,2026-05-26 03:44:39.500205+00:00
f1aa343c-e38d-4b7b-810d-c6e624975a73,90ea160e-b4e5-4ded-9f45-55268a67f499,1081.84,2026-05-26 05:16:09.202990+00:00
7b5fa39e-17db-436b-82d9-af0ab3819731,5549b97b-5b9f-4988-89ba-470353270dfc,1815.2,2026-05-26 07:33:43.460773+00:00
082f10dc-db10-48fc-be7b-231f879d2d2e,8a16bd38-b68c-4b09-915e-ea15ea245cac,2021.6,2026-05-18 00:06:01.532942+00:00
b19af11e-b756-4008-b222-3e965ecf01fd,c60a8f57-257a-43a3-9a28-aba31b493a48,2004.31,2026-05-18 04:58:08.701016+00:00
6ea3b61c-cab6-413c-98b7-b80256ee7995,79caf1ff-0da8-4bc0-b310-a873385dcffb,1600.78,2026-05-18 16:02:49.025935+00:00
6c8f2179-9bfa-40f4-badc-b930d77306f5,5c5591a4-7c46-488f-9276-232f50332bdb,1943.81,2026-05-18 16:56:40.400894+00:00
8504f0bb-1f6f-4d81-b19b-a706d3341c22,56e77d2d-5257-42e7-9d14-28d7543f17a6,1680.89,2026-05-19 06:57:56.525114+00:00
d13909fb-9dfd-44d6-9ab5-eb2aba714d98,8d736a75-a523-4513-917e-1e87ba04e956,2063.91,2026-05-19 09:10:46.888680+00:00
5b29c632-2129-4067-bd8e-c7959da34258,e6f1e559-856f-4366-8349-11d90ee3d2b3,2117.47,2026-05-19 10:10:57.066572+00:00
7dbc5417-f606-4035-93e4-aaa61a62d5ef,009afa81-9639-4257-8f9a-22bba91a3141,2022.59,2026-05-02 19:54:38.936136+00:00
071621dd-3b56-451d-81ac-4763ab22c18a,8c78dacf-1587-4282-ae33-d3c18685b161,2071.13,2026-05-02 19:54:44.551934+00:00
4b6516e1-a046-4264-8056-147e06b7eae3,26175b54-618e-4077-90ca-21b6327ea0b5,1895.83,2026-05-02 22:22:23.275139+00:00
9a7d086b-c6a9-4cf5-92fd-c0fe6727b6c0,58d3cb20-40da-40a8-be61-6a94ee205cbd,2042.03,2026-05-02 23:48:16.875750+00:00
b3f8d108-a068-4f68-a737-015aa6761c4a,83fe057c-efc3-42cd-a231-08fa6fb75e6f,1883.4,2026-05-03 03:53:26.166688+00:00
90b91701-b85a-4115-ae81-563e433a5e59,4f03a6a2-e376-4f4c-842f-76f2f758f94b,1779.89,2026-05-03 05:43:53.073831+00:00
13a2f1b0-287e-400d-a7c0-171741fabb90,ab064ea6-1b22-41b0-b4c0-8bee5533fa4e,1833.59,2026-05-30 14:08:44.961297+00:00
5a1cb8e6-3684-43d9-a540-711190bd8789,5f94e622-e179-4155-89cf-635b863a3672,2064.5,2026-05-30 17:29:55.675544+00:00
120cdee4-4002-4b94-bc20-34e66b47ebd8,ab91e3db-b02b-470a-9e1c-c9397762cc6b,1812.08,2026-05-30 22:13:30.702177+00:00
83c48245-c6c6-4674-bfab-defe4175cab0,a80759e9-ee62-4d65-a1dd-845e06fe902c,1987.52,2026-05-30 23:05:13.465318+00:00
382c665b-edff-47d5-9230-1765880c134e,64c48448-4629-4bb3-863d-495839ebf53c,1834.56,2026-05-30 23:03:19.845898+00:00
247df373-a34d-47bb-bbfe-8878625dfcf3,7b289e4d-10e1-4762-a638-79b7292fe100,1988.26,2026-05-31 00:37:10.648073+00:00
22a62627-db37-4313-9e71-f7a245c5936d,1c0de2ba-4928-4aeb-ae28-59c33c2b0832,1843.02,2026-05-31 01:08:46.429907+00:00
af1ca754-e427-4f36-9111-78c186746ee8,20df449f-f16e-4674-858e-e9d90c325a60,2081.19,2026-05-31 01:42:54.584927+00:00
42de93a4-0dbd-4f3f-97fc-bad86408f574,65690d87-333d-4b1f-95b4-5158978fe13e,2078.07,2026-05-31 07:09:56.298221+00:00
7a4fb21f-3286-4603-8e74-3aa7306f20f2,b86b816e-44fc-4f05-9d47-6dd0d9d392dd,61.45,2026-05-31 05:52:40.224792+00:00
51f319b8-3277-46bb-9f0c-08ff96214948,a2e472b6-26b3-4659-804f-f7cbcdabf26a,1812.86,2026-05-19 04:54:39.506047+00:00
110fa4d7-1cfc-4ce6-8703-75cacd13d16b,17c0b7c1-0163-427a-a0ec-07424afb2883,2057.03,2026-05-19 05:40:08.407114+00:00
15c78f76-f85b-40ed-9046-c3291940839f,9c32ee40-4811-4a97-bf79-15b68a03201e,1947.89,2026-05-19 10:48:48.019687+00:00
d4b7a0a5-205d-4f2d-9dd7-2972e9b9b87a,d9da69e3-fe87-4c51-b02d-ff4e21e1951b,1772.17,2026-05-19 14:39:46.074278+00:00
357836d4-6023-4740-8d8c-b25d2a7c1a1d,b0f94254-41e7-4027-b61c-9b8388fbff24,1855.69,2026-05-19 14:15:01.487329+00:00
5aac37fc-9eed-43ac-b505-0ac8bc58fa67,a787aacc-0c20-4eb7-a681-ffc466f40e6c,1832.01,2026-05-19 16:21:51.618033+00:00
8fec32a3-b6d4-48d2-9ff4-e09f1fde50c9,951f663d-3046-4155-8494-186a39861316,1936.75,2026-05-03 19:52:07.969051+00:00
58caa3f8-b7bb-42da-af4f-5a47cdc20d98,a6216f75-e0ef-41f0-8ea1-e1b71ebfab47,1985.73,2026-05-03 21:32:26.197629+00:00
9b03737a-ee84-41d7-9904-40d9a4a3f673,d4dca84d-2432-4f92-b65a-cc93ebd994bc,1835.92,2026-05-04 04:43:27.782376+00:00
bebd314b-23f9-41d4-b64e-c4eaaedd5dda,6b340ea3-937f-4f6d-960e-ce5e58c11c36,1940.95,2026-05-04 13:21:01.058788+00:00
94566585-b391-428f-b275-4697fab6651d,f477f252-291e-4b51-aaef-5ae6b9a4e920,1959.25,2026-05-04 14:18:26.617652+00:00
90bd4645-4d1b-4bd7-acf0-023d0626d6ab,936561bc-a0fb-4b94-82eb-64aa18ede7e6,1881.42,2026-05-04 22:55:07.655528+00:00
3b3b4de7-50fc-414b-b4c9-fe3a7d3ec8a5,8bbbba95-e892-418e-862f-43f92ced7e12,778.99,2026-05-02 23:10:46.965487+00:00
279f4be5-9c1b-447a-b453-4348f4719d18,5b6b0846-373b-4eff-862b-f55d466bd9ef,2124.77,2026-04-26 15:25:35.725541+00:00
676b2191-408b-4055-afd5-918f9e24ece6,79809b8e-313a-44a3-bd05-b9b1eb32e22f,2135.59,2026-04-26 18:08:07.819195+00:00
a849b190-54f6-43db-bbbe-a9032b746a49,01420a37-4b72-4321-95b8-b0691c536b9e,1903.81,2026-04-26 22:22:29.631375+00:00
5849687a-d42d-4085-b4d8-f83744f95aa6,8ed771fb-35a7-4ed6-be59-5261cea242f3,2053.78,2026-04-26 23:00:24.031230+00:00
a2c40619-e947-4372-808f-971194f3de54,83efa867-8d03-4d13-8d4f-53d59204a82a,1810.53,2026-04-27 02:57:34.703843+00:00
59e7c6a5-2cfd-488c-a933-3d47760ef538,7dac86ca-780f-409e-9100-1b7e1f6e9387,1838.02,2026-04-27 08:20:59.184840+00:00
945c916b-a47a-4bc9-8aa7-b27cd486ee39,b5f939d4-3d0c-42f0-bbf4-82c3e0fbc896,2147.5,2026-03-04 21:04:40.518607+00:00
aa9e2a4f-3536-4db3-84aa-255947fa4584,59e94365-01a8-42b2-9f47-b85140271e2d,2331.0,2026-03-05 00:57:35.815874+00:00
404a731c-9f35-441e-b2ab-4a1f0579fe91,232d2d4a-6246-4197-9d36-50a88231c1b7,3359.52,2026-03-06 06:11:39.963713+00:00
f481b532-929d-479d-9aed-059ffe6529ea,e0493596-41d8-4514-b2a2-f9a58d7f789b,2722.52,2026-03-14 19:04:34.589913+00:00
2ded0a8c-5b35-458f-9fe7-f1d00cbce64a,1081e41e-0b78-465a-87fc-0989fc09b8fd,1757.16,2026-03-15 07:18:44.871130+00:00
a6e69d7a-cb11-474d-93ca-03671e13d232,a119c646-645f-4eb7-9610-613d1377f8aa,2956.56,2026-03-18 13:07:11.373720+00:00
c3eec367-ab9a-45cb-975c-9c7991a7835a,654a9164-d67e-484f-87e6-4a105d2d9648,2185.28,2026-04-25 21:48:03.393406+00:00
db028395-b716-433d-bb29-1d3a68d917b3,866421dd-d103-4b5e-bb96-90e28237699c,2445.08,2026-05-14 00:51:00.064585+00:00
2ac8b811-1d4d-4113-807b-0acf348bfac8,ee5b11ba-744e-445f-91a7-54a3e5d279df,2743.03,2026-05-18 00:36:19.547610+00:00
64587479-043e-4630-bd31-f4bc9d6e49c2,4b2a0dce-d5af-4a2f-ba79-bf7006c107c1,2371.79,2026-03-22 20:22:19.407466+00:00
e2d26f23-db48-4705-b1bf-35c32c1fe8f2,5e34913e-3c0c-49d7-bbb4-c4cf0d18eeb6,4808.24,2026-04-13 18:23:32.797161+00:00
b6926d18-deff-4920-bc32-09efa30bfd15,d0c1c538-74f3-48c6-9859-f907c22b9c62,4641.11,2026-04-25 15:32:22.766883+00:00
a41a349a-6ae0-4885-b234-4c9b7f7eca00,b17e117c-7d02-40ce-9c61-2a3414a51c0a,2119.05,2026-04-28 20:41:58.072309+00:00
4afd2493-fc9b-459e-8cd7-1d416e72276e,3a2052aa-792a-4742-b1c9-512dd5b86372,2937.86,2026-05-01 20:09:56.094298+00:00
3ea24bb3-c6ac-407e-8b25-ab342a020296,be6d3703-f258-40b3-921d-34a2083e0722,2250.29,2026-05-03 18:58:14.755277+00:00
2af5e996-72fe-4141-8d56-6106cca51619,c75ba4fe-83f7-4619-aff2-1aeedeb08f18,3264.17,2026-05-19 13:59:02.369790+00:00
bd8319fa-9efe-45e5-8c6e-71119b015d53,ad72dde1-9ef4-4d45-aad7-4e8ff0d461e5,3431.54,2026-05-09 02:41:35.306410+00:00
7b70e7c1-5d69-45e9-9b9d-767ed7469ffc,8f64c42e-f5a1-4ab6-aa01-5f70c00c5e8b,2305.33,2026-05-18 12:48:40.258289+00:00
0c822439-8331-4b9b-a6dc-3081e22e8375,25d9aea6-2b7e-4190-944d-f28e374425d0,5239.46,2026-05-18 16:17:15.636888+00:00
281f2b3e-31e1-485a-88cd-1af913df568c,2d4e1fdf-5d76-48ad-ad5e-885bb8b89eb1,5874.03,2026-05-18 23:17:03.221486+00:00
70ee46a6-3de8-47db-b22a-d68c34d49a2a,8ced717b-a1eb-4017-b586-9e8293171c77,3406.53,2026-05-20 04:27:40.075215+00:00
2985fa77-ef84-46c1-940e-1ca7fdf939c4,b3029e0f-a0dc-40e2-904c-3d9e1451a179,5334.33,2026-05-24 22:07:50.691843+00:00
f18559bf-708b-4649-832f-f7295bd0aa32,f6f59421-649c-47b3-9953-38554e59ca97,1529.02,2026-05-27 10:41:40.699072+00:00
e9bec929-7d7b-4485-8725-0a27b5288c5f,81a9cd1a-fb0c-427e-8472-c7d1ede3c07d,5001.54,2026-05-28 22:00:35.055751+00:00
5505da54-cb7c-4267-a8d9-1515686a55ac,3c511fff-2fcb-4dd1-b492-233b71314037,4315.62,2026-05-16 16:27:31.130442+00:00
aa6e262e-0b2b-4504-bca2-06ae66cc3655,7528ce1c-9393-489b-829c-b50439593b2c,1315.84,2026-05-20 18:22:14.037494+00:00
1ff725f9-4244-43fb-9474-32db58f5bb18,af85dfe2-9987-4f2a-ab4e-b36dc2c3ff0f,534.13,2026-05-22 03:24:33.914083+00:00
4784ffbb-dd67-44fa-96a1-697b4dd89c9b,5c1e065c-ce8f-4c23-925c-ef187c329e52,3915.56,2026-05-22 07:51:38.929765+00:00
08906418-19c5-4631-a022-016e4a1e5989,ccfbd1b7-f60e-43e8-a8ee-d6820c173b66,3130.16,2026-05-24 22:10:50.198620+00:00
15759acf-f9bf-4299-84f9-2d37f5ffbfce,a12ad662-d68c-4f3d-bf9d-84812b89ce11,2268.64,2026-05-29 04:03:47.644310+00:00
6b3af4bc-fb29-498c-ae81-3c96ba73f5fe,cad52d3f-fead-43df-a9ae-ffa56b102697,5039.85,2026-05-29 06:42:36.879200+00:00
63fdf300-9751-4ee9-ac23-645c4101a1e6,18e8a600-6db3-4983-8ed9-465288bd72e6,2749.34,2026-05-30 19:25:44.002943+00:00
2704e4a3-4445-4246-8bf1-52d67d93cfa4,49c8d570-b8e3-4565-a28f-76c4b77beb71,2908.89,2026-05-31 23:33:57.790038+00:00
97722006-8682-4614-90f9-cebba7b7ea6e,abdc1ce2-f82c-4b0a-bce0-ff9c57106cd7,769.63,2026-05-18 05:55:34.829754+00:00
c923e342-a561-4573-964e-ee49d4ae9f14,e3e7cfa8-dac6-448c-901f-8752d4b6cd05,1484.51,2026-05-19 16:20:56.117088+00:00
dd951ccc-1846-4711-a97a-e2faadad091c,d082297f-e9c5-491a-96bf-4cd5053ea3cf,663.24,2026-05-25 02:44:32.689363+00:00
3a9fde4f-022e-4a01-bc37-c663ff80f4ce,354d61f2-1c0b-4c55-a9b8-7484bc61a70c,1560.37,2026-05-30 09:11:04.999181+00:00
0b0260f8-2b1f-4556-a29f-3a46cfe7e3a4,6c2bf5e3-5f84-4cd8-bffc-53310523e486,5553.37,2026-05-25 22:16:16.032026+00:00
8e19ab5f-325b-499b-8eec-dcc0a70e5447,eff84d98-1222-4609-83b5-45fbf83805b9,2889.88,2026-05-30 10:12:50.192702+00:00
db60d408-9149-4ff7-9115-a828dcb0f203,0c67aa97-4db5-4b4b-995f-9b2c939c1740,1996.81,2026-05-30 11:21:27.752618+00:00
2268fb0f-4f89-4ee4-8ca7-646bfab5b212,6d6de5fa-a396-4da6-a5be-e9f4377d4af4,4348.56,2026-05-19 23:50:13.285269+00:00
50038919-678e-4efb-aafe-0135a62e2168,d09eb3fe-a5f9-4f6a-8687-7e2b957126af,3803.6,2026-05-20 03:10:35.595111+00:00
291b0b5b-5383-45c1-a437-c3a701fc5bd6,7b9644cd-700c-459f-8c9b-124318c12176,2544.43,2026-05-20 02:14:50.157092+00:00
04187148-6fd7-4260-a286-746d65043acc,00716c5c-3d57-47e6-8678-3ed7d340f7df,5572.83,2026-05-20 05:11:42.399361+00:00
1ec8fe55-e88e-493b-bf01-93b88ff1d7df,4ff9ee00-c22b-4831-994a-78de38164855,363.57,2026-05-20 07:35:41.755646+00:00
b049bba2-fc81-4adb-bfaa-1fe34b7d262a,f9b410fc-e843-4734-9fe6-314c51a66f45,5305.11,2026-05-20 07:38:00.771734+00:00
972660cf-4183-4c55-84f5-4f2a18efd37e,f0833e31-eb85-48b9-831c-55e978df1242,4863.73,2026-05-20 08:22:50.372258+00:00
d7fab1d9-66de-4deb-aeac-abcab3027189,940fd1cb-c318-4717-9caa-26fabf09f293,1143.91,2026-05-15 19:32:47.762866+00:00
e77b8b8c-2683-4718-92ec-27a3cea5657f,3d1dca67-9fa6-44d8-80e7-9dd7eedaa93a,1147.7,2026-05-15 19:48:13.826790+00:00
ccfc16b5-f464-4e29-91a5-f2ea88e384c3,06f6d95a-ba24-41ba-a9f6-7118ac03cb5a,1372.84,2026-05-15 23:34:03.696877+00:00
2c344f9d-10f6-48e2-ad86-ac201f9af741,05bb0add-534f-4c76-8b65-ed15fade9142,647.65,2026-05-16 08:22:22.266643+00:00
735df710-f073-479a-8c04-3783cc4b82ad,6037a5e7-4d2e-4ea9-878e-fd5ba06e2d19,4806.71,2026-05-16 06:30:53.621549+00:00
9dc76fea-d467-4448-85bc-f171cb1cc223,8347ad9e-0921-4186-9e15-0a7f7750d6ce,4722.54,2026-05-16 11:03:36.085183+00:00
21edbaa0-af0f-4ced-b491-b7063d744c34,877e984a-b0c0-4d2e-989b-6d2599e18c69,1349.27,2026-05-16 16:55:37.116817+00:00
6fb34cef-89e8-403b-914f-87cb26a80112,e59e8347-a726-4bf3-8f80-9682e6284868,5919.96,2026-05-16 19:11:52.024610+00:00
9b05e4a0-b660-45ed-90f3-cf0d687590b9,f0c9c1db-c2e7-42f9-9ff3-8bf86c8f7620,3656.94,2026-05-17 21:43:33.042950+00:00
8758490a-6e44-4525-8661-6b237d8cf269,7501e988-246a-4f3b-bb63-52e9815f82a1,4544.86,2026-05-12 08:59:38.179060+00:00
30955cf0-76df-4af1-a0d5-cbaf250b00e4,dd0c4dba-cf4e-489e-ae6a-db3a59fdaf8d,240.9,2026-05-12 11:41:56.957330+00:00
dbfd49f0-20b1-4282-868d-21751a9df8ad,885c22af-125b-40fb-9120-b02b6c86dbc8,8499.49,2026-05-12 12:54:26.273637+00:00
25c08486-4244-45d2-9481-cbfbb395693e,140dea23-4bc9-410f-b29c-df19b808c028,3860.94,2026-05-12 13:12:52.064416+00:00
4a04a86c-58f5-41f8-a5b4-a164f9a10151,b85a0002-7271-4e05-8701-9f14e3705055,5061.97,2026-05-12 14:53:46.034414+00:00
413a747e-9491-4497-911d-1fb7721755ff,f90a4137-6bd5-40ee-8cc1-d8b38ac352d5,8103.83,2026-05-12 13:49:24.291846+00:00
abd829c8-c6be-4b53-97ef-d38afa0b64da,1282f392-ec64-442d-ae47-936795014457,2411.21,2026-05-09 10:23:39.707041+00:00
dda4b223-9a64-4a6d-91a3-4567f41f5262,8c4599d7-e2f8-4572-b531-5beee21a0ea9,2743.07,2026-05-09 16:38:11.552913+00:00
88403800-eb01-407e-ab9d-0b43349ab3c6,250f3be8-35af-41c3-9eef-f13eaf17d597,2310.78,2026-05-09 18:30:19.685573+00:00
ef1bda97-b180-4c22-bb61-6d09560fc3a9,9405eeb0-0188-4e7d-a85e-4d8a5c493ba7,2679.07,2026-05-09 19:46:49.643094+00:00
e685d6dc-ebc8-41e3-ae87-bb643460b405,2342a833-8612-469c-b039-370d64e57f0a,3813.84,2026-05-09 23:17:53.463299+00:00
721763bb-27b1-4c22-a4f6-62a6cffb3255,291ad408-a06f-4f62-bf2b-3787987d72a2,3214.19,2026-05-09 23:02:15.667183+00:00
6a76dac2-4d0f-467d-8efb-e8035206f955,b94ebb8a-a2c2-4b78-9caa-cfcddc1fb374,2329.93,2026-05-10 09:32:43.394555+00:00
8ea68ab4-e5d2-40d2-9bd7-09e776eec0a5,8052f882-91c3-44a9-aa13-d865e5eecd54,1900.94,2026-05-10 10:53:20.648497+00:00
991e506c-2784-467f-9968-a36ba255a3fe,800ba0e7-895c-4f7e-9d66-b534d07e0943,2180.0,2026-05-10 12:34:58.033217+00:00
a5dd6db1-fe1b-4c79-a68c-8daf3124ea00,efe2800e-8fad-489f-9172-c4e5ec1111fb,1056.55,2026-05-16 05:31:05.318446+00:00
2097a7c4-9a47-4f6f-a0dc-77ec8db91d34,eb07e53d-1a48-4e9a-8217-1ab64b320315,600.93,2026-05-16 07:42:06.444888+00:00
c0853e58-fc59-4cf5-8cd2-f910d65b701e,3db0ba6d-c879-4531-af08-a869c661dc7a,842.39,2026-05-16 09:20:46.661518+00:00
8f2e1ba5-4663-4216-b6a0-67b6e1b0b1c6,de695b73-4669-434c-9616-04ddb847a43e,617.03,2026-05-16 16:08:34.135366+00:00
6d8e0d7c-3a10-4180-afd4-7f692b0c0d8c,ec77059a-ed24-41bb-8e90-d32e7c963d7e,5726.58,2026-05-29 08:23:42.218035+00:00
c03379ce-b115-4767-be1b-00d8d81e3138,d93a8e99-1f6c-4511-90d9-74c3ec5f0451,6838.91,2026-05-29 11:12:49.669244+00:00
bd72223f-48e8-4d63-b1a8-3ad277b28436,28a4efde-7bbf-4fa8-9593-adcf6aeb6ae9,5083.01,2026-05-29 15:28:47.462530+00:00
257315e7-15cb-4655-96cc-e965ea85fcd7,64ee0ed8-a090-41f7-8e3b-ad79150a28aa,4581.04,2026-05-29 14:29:03.275055+00:00
740176cb-1aa8-4b23-9841-3817aef79bad,17c112be-551e-4f54-9d2a-e30419c2224e,759.29,2026-05-29 16:44:34.676457+00:00
02a925ef-6908-4318-b52f-e3c1024a2158,b11c00b3-4074-4e9a-a690-bee9e0d92989,10.0,2026-05-29 17:47:26.413451+00:00
f64a7e30-7043-42f8-ad58-95075c4f5fdd,a8da43b5-4713-44c3-9667-0f25167ecc82,3885.24,2026-05-29 16:34:02.421694+00:00
55f787ae-a847-4c7a-8dcd-e20527a9875a,08a8d9c6-7515-40fe-82d8-cdd3d8615160,6679.5,2026-05-29 18:09:37.149172+00:00
9423e983-6b16-4cd5-84b0-2ea3b51fb9d2,c1cf4cbc-3af8-4cce-9f24-8df6f0d63d62,5051.05,2026-05-29 20:00:34.986442+00:00
5f4c7fda-5034-481f-bb0d-730a86637514,a51cc8e6-e1d5-4222-81a1-5e458ad5e472,2238.68,2026-05-30 02:24:08.396640+00:00
3f9dd886-ed40-4aee-aab5-410d9688f58f,32ca5940-64ae-4396-8c58-28012588442e,3581.64,2026-05-30 02:45:16.382511+00:00
bed8f7e2-2c21-4684-9cc1-cab1d7e797ed,3cf420d0-f1d0-4257-b80f-dbb52b3f833c,2699.37,2026-05-30 05:31:56.697052+00:00
b851dad6-f33d-4a43-b404-d7db7d929fb2,e345861c-2a41-4ad4-afb8-054cde10f564,3190.64,2026-05-30 11:04:11.619606+00:00
fb4b5f0a-b948-47af-9e22-4918f0c7311b,93096ec2-b5a5-48f1-808e-b1f078edcc62,1838.39,2026-05-30 10:08:25.039316+00:00
eb67aafa-c1e2-461c-98d5-bc635a390bc3,f793dccc-3b8e-4e20-bb76-8bcf757ccd77,2270.92,2026-05-30 11:38:09.460194+00:00
04c5afcf-7360-4e35-9679-6bd2b86ae43d,d4f0542c-39e8-4b92-a9ad-0504119ac197,1961.9,2026-05-30 12:59:13.309487+00:00
10962393-8a74-41d4-9fce-19950a335553,0928516e-dc14-4651-8bdf-ec8d95db0a91,3948.78,2026-05-30 19:41:04.264528+00:00
0cc00254-2259-48f9-9e90-d892a1dbb7ce,49ca7766-de13-4b7d-827f-2761e84331f8,1205.83,2026-05-10 08:29:05.896795+00:00
8fb66969-5732-4cb4-b59e-13d8db582e3d,26642bdf-67e0-47f4-bbf5-98094ef4204c,1363.75,2026-05-10 10:34:57.625564+00:00
10bdec8b-790c-4970-a569-b11c5f9ce804,40fe5bb6-bc31-4669-b5fd-6e16b5d39192,1399.57,2026-05-10 12:25:56.245509+00:00
89544d6a-25c0-44f8-becc-f8cc25439dbb,b2f3d1a4-e2a4-4028-9c07-8e6a9ac8e421,1313.5,2026-05-10 14:48:52.868059+00:00
eaeebba0-532f-4ce9-9cf3-ac5c9cef3307,bcd18ed3-1522-46a9-acc6-cdf5506ff7e3,1349.33,2026-05-10 20:03:52.410390+00:00
71dc9af9-df86-4151-befa-7cd076ae13cf,39eaadd0-d4e2-4213-a0d6-6643c813fc2d,1251.42,2026-05-10 23:40:46.811774+00:00
b8745d97-cec2-4e35-a0cc-a6a7d70fabbc,7d508e0b-b611-485b-97d2-7ea9ea7dc514,1466.56,2026-05-11 00:46:51.684039+00:00
6b41e2ad-07b5-4e56-bbfe-feadbe7ec984,89f7281d-aed5-492e-8a0b-6dd24078a767,707.69,2026-05-18 17:47:24.236277+00:00
03ee8c65-3165-4122-9148-16aa02ca7fe1,9a663a4e-c9a9-4788-ac14-28f23336dfef,1409.03,2026-05-26 21:18:36.689262+00:00
9405d25f-c412-4652-a9cb-7cf365eea705,64c45511-79b9-4847-aa8f-463276a8e570,1326.35,2026-05-27 04:44:11.316484+00:00
c8239e8d-957a-4ab9-8fff-ffe1651fc240,172da866-58c8-47e1-8f9f-7cc7cecbb7db,1286.84,2026-05-27 08:15:23.869046+00:00
709f77ef-cd66-43da-b9f3-fe286be17941,f48533fb-fc6a-4732-b3a8-466b233454e9,1414.19,2026-05-27 09:06:56.998441+00:00
80b1fc4d-a8e5-4af6-8dde-c93b7a080608,8fa2ff49-3af6-409f-997c-7c43d040b2da,1296.94,2026-05-27 11:52:46.397899+00:00
fed6c22b-37aa-4bf9-bddc-d6b5a9f60fd1,1246715a-d999-430a-b0f0-259b28938ccf,1214.74,2026-03-25 11:14:35.233990+00:00
ecad44e0-3570-42ad-8312-886b5efe5cd3,97d8b28e-73f4-41d3-a2f4-f9617fcafed9,1433.12,2026-04-02 16:36:59.949479+00:00
0480b704-d802-47d0-af0f-c5c8b489a882,2ee76e97-2dea-449f-bea4-132f65589170,1357.49,2026-04-06 20:20:12.584261+00:00
06f4befb-c49e-4c18-bdb3-756d143ff7e4,07fbd0ec-243a-464a-bdd1-113a8f3858d9,1305.0,2026-04-06 22:08:29.022908+00:00
58cec59e-6542-4132-bf33-8b1d43cd0397,19b39867-e094-494b-8707-282cb1d198ea,1351.18,2026-04-07 00:13:00.721415+00:00
129a996f-e112-45a7-af9b-c876160efef7,d42b9974-4b41-4f79-a30b-82634d15e975,1376.38,2026-04-07 06:59:51.379218+00:00
caa962c6-eaf5-4e66-a73e-041709d01ad2,2155f9b1-a9c0-4925-bec3-742557ef99c9,2161.22,2026-03-26 07:12:57.873708+00:00
b5debb0b-fb75-48b2-a77d-3fd09c99315c,f0d12cc5-e7e9-471c-8eed-c5351d6714a5,2090.86,2026-03-26 07:44:33.003816+00:00
4fde462b-acbc-48c4-918b-49cafac3f8aa,fb5d1b72-47ec-4e93-a6bf-6606670a2e5d,1655.14,2026-03-26 09:06:12.297848+00:00
c7dd3e34-dae0-4b47-b3ba-5430daa51b64,0a3a6a29-a858-42aa-a912-61bc84145293,2228.39,2026-03-26 15:56:32.546921+00:00
1468de9b-8ec2-4d95-a471-1d77e5291857,3a191887-b447-4241-a94a-a3ebe7194909,689.19,2026-03-26 18:56:44.739741+00:00
0e82836f-a76f-4d60-a0ab-58d2031b6ac2,1bd4d716-9aa2-4721-a97e-30b5cc329594,3336.5,2026-03-26 21:00:45.356182+00:00
0b6789c6-cb03-409d-a549-34782f7bad5b,75eee2fd-bbb9-4b8b-825a-f21458c96c09,682.48,2026-03-26 22:03:40.209290+00:00
317f05e8-a005-4f35-8d4b-088c95a85d75,2d018c9a-f85f-43e7-bc62-bb4d9fe12a1e,4526.08,2026-04-13 02:43:46.913600+00:00
8c7344a1-23bd-4eff-b437-d3386aff86d1,99f688a2-c049-411c-9d0e-73c2718d6c10,3264.91,2026-04-13 15:05:39.333870+00:00
41247a2d-4e8c-4b92-a9bb-9a627895bbe6,4706523d-da9d-4030-a191-e52b68d7f404,1630.67,2026-04-13 15:34:32.833276+00:00
611ad7a7-60b7-49b6-ac0d-cbd859f157bb,2700e5fb-8d4e-40c7-b6e0-9336c6ed1c98,2967.06,2026-04-13 17:09:40.313681+00:00
b6185c79-9547-4542-8be0-ccf889bbe37f,adeaa0a8-d89c-41cf-9895-d9e9639ef09f,1061.64,2026-05-29 18:55:19.051384+00:00
227f86df-52b7-4d8d-8a65-ce6957afbeee,72cff56a-0c7d-4afd-bdbb-ca769edcae46,844.48,2026-05-29 19:25:45.519346+00:00
83da8601-eff8-455c-9954-05eeaad6bf16,f028efab-88bd-4292-9ddf-babeb6664251,2933.03,2026-05-29 20:16:22.715814+00:00
fc881dbb-9d06-467e-86a1-20ca16df2914,4a0e8b9f-d42a-4146-aa6e-f48e33c0eece,903.8,2026-05-29 20:53:51.875666+00:00
b214456a-4b5f-40c0-9eaa-438b9baf18ad,4c317679-6ff5-40d0-9fcd-c5bc19fcdad0,1315.31,2026-05-29 22:23:35.720188+00:00
c43cb5e3-30b0-446c-82e8-99eead8925f1,8233e1b2-4d20-44c9-beb9-c719ca7b545c,2896.65,2026-05-29 22:20:22.053130+00:00
fa72c287-9d7a-4475-9cea-2c3433c66714,979ee888-b139-4d28-996d-c1a61b47cec7,1166.66,2026-05-30 10:28:05.370562+00:00
2f58e99d-c54b-4479-bee8-7edef9e14a33,381987e2-22ea-40ea-be8f-c50672fda105,388.71,2026-05-30 22:44:08.056567+00:00
8da70c51-6b76-4aff-ad51-06f270ba99fd,b4df12e2-0230-4306-a030-1ce03f15ae46,3063.49,2026-05-29 08:59:33.222409+00:00
4f789ae4-ef79-4777-88cf-778efd7c5c36,5ef0b6e5-038f-4965-a3cd-509873e33efb,5733.67,2026-05-29 11:16:23.419835+00:00
98d5bea6-e8bb-4c2e-990e-6128bae4ce71,f7dc1ead-398b-41b4-986a-d8241bb313bd,3523.35,2026-05-29 15:11:53.504863+00:00
4a5766b8-5c28-4904-8666-b9ada45e7e10,6b8321f1-1606-468b-9616-f93f6efe31af,4813.58,2026-05-29 14:49:07.070898+00:00
da2573cf-77ca-40c1-9c6d-8d0d128f5bbf,0ee230db-8b17-45d7-918f-011815ac8587,2947.6,2026-05-29 16:12:51.627689+00:00
3d46eeff-14ef-4ad4-b21a-53c3a48ace81,b13d2110-555b-4d35-8642-729f7a5c2873,4144.39,2026-05-30 04:16:26.670551+00:00
a60c43bb-8c65-4fee-8bd2-1a9c5730a73c,cabca4e8-235d-4b84-92b1-d00ede86fee9,5088.8,2026-05-14 15:53:26.310519+00:00
202b3a5a-99bd-47d1-badd-82f760202429,56e034f1-c889-4fd5-b3a0-c2ad7bd10995,7039.95,2026-05-14 22:41:46.027733+00:00
8540338a-1428-4c73-a986-adb477df600e,76feebbc-7bb7-42e6-8249-1f1569eb53aa,3489.72,2026-05-15 01:04:20.166690+00:00
b4723213-4d59-4e1e-8607-4bef9763784d,e01eb4ca-e095-40bc-9046-aa9b3ab23b03,3975.99,2026-05-15 09:15:41.132535+00:00
0cbf0a6b-35d7-4e80-94f5-5330a4d2d543,aaa34c9f-ccd8-46cc-8d06-714670110129,5607.09,2026-05-15 14:26:53.322953+00:00
0a464cf8-9e86-4735-9af0-acf90d091a66,cb7ef752-2be2-41fe-8820-e11d530952e0,4010.57,2026-05-15 18:44:03.382073+00:00
52b24500-b0b2-4063-96a0-4c2e1182d318,7626797c-5d47-41dd-bfef-6c7921c8e8c6,3408.36,2026-05-15 19:20:09.466121+00:00
568a9c54-2676-421c-a09a-5b399998f39c,2737e194-778f-4a7c-9b43-5dfd25366461,2701.89,2026-05-25 07:46:38.050604+00:00
26370bf9-cbc9-46c0-b6bf-78b677911afb,2b298cec-c8cb-40e2-8163-0cccf7a70388,5546.23,2026-05-29 03:19:57.283134+00:00
8d013daa-4277-4dce-a43d-fac057bc0f4f,ee5b8f98-2a9e-48cd-96ea-c0180d68792b,4510.46,2026-05-29 16:33:55.770667+00:00
afd23932-2f02-4136-96a7-5dcf5e53af46,2c6045c6-ccdc-43d9-b153-bcb535eb3d7b,1699.8,2026-05-29 17:52:45.538832+00:00
3b70476a-8d54-4a78-b013-284383051801,18a87f22-4cc2-4b0a-bf12-5ec0f2bb9042,3932.76,2026-05-29 17:53:57.581687+00:00
669a8111-66c5-4de6-ae54-05277e714602,9e5ae9b4-2081-474c-a5e2-90be92caa5e7,4953.76,2026-05-30 01:40:52.602167+00:00
2aaa5af0-c939-4e46-bd94-238d86adae63,c112652b-0d1d-480b-ae39-d21ff700f867,4267.51,2026-05-30 12:26:14.433754+00:00
5c54a95a-288e-449e-99f6-b15244a18b7a,e07ba94b-93c6-48fe-ac7a-b6c79db1f42a,227.86,2026-05-22 18:07:57.817496+00:00
3983d5e2-5239-42be-86a9-a9b3e708f2b1,22f90347-8674-4692-93fe-6570e8d4f603,10.0,2026-05-22 18:38:41.153072+00:00
dfad9afc-3219-4f4e-9dfb-ebc5afef06bc,a26b60a0-8d35-4dbe-a5d0-a4996ea69d2e,5395.34,2026-05-22 19:37:53.950358+00:00
04561d79-efa6-41fa-8f13-9fe5e5aa9dec,1e05928b-9154-42f5-a731-3cb76e8b386d,3354.43,2026-05-23 01:18:23.056602+00:00
78c9b53c-dad1-48c8-845a-d7302252590b,87a14f07-e4b8-4fc1-bd3f-9486ca28290c,4128.26,2026-05-23 01:00:17.569848+00:00
cdbacc49-4bcc-4532-ac5b-6608c5910f6a,8630a24b-d002-41e9-a2e8-5c5328eeeb92,3484.39,2026-05-23 09:18:35.178915+00:00
6d4098a7-9601-4744-9998-daf661b30593,2c35b759-0813-40f4-9456-dc83f410f213,785.99,2026-05-23 09:34:03.361775+00:00
57736186-a82b-4e56-b98b-dbe5311a71da,f116d31b-e542-4045-b80c-e063986dd5ae,787.63,2026-05-18 21:44:55.154670+00:00
a094150e-9969-42a9-b921-a4dc46d50a67,1e079775-7aa1-492f-8f68-e51c526eb63e,968.05,2026-05-23 15:33:41.535166+00:00
176b2fb4-61a1-48b7-9f24-48584f733d36,ddfa9af3-af29-407d-a67f-a4f7455bc60b,1014.66,2026-05-24 14:34:58.256473+00:00
cc24145d-ce2e-4b10-974a-c9ebbb232355,ec6997e7-694f-448a-882d-5f29826ddfeb,1065.8,2026-05-27 20:04:51.321931+00:00
5ce43740-c5bd-4234-a182-1e8661a1124c,d6db54b9-d2eb-4869-bce6-2e09c9f73b21,884.41,2026-05-28 01:24:21.600707+00:00
7ad68738-baf9-4a7a-a1c9-6fcde2630f18,6e8dae24-6333-45a7-9933-b8391b720e33,953.74,2026-05-18 10:30:35.794450+00:00
371d6ff5-c91d-4889-badc-fc1e310e04d5,2be466e5-cd5d-488a-beab-aa7c0674807d,907.37,2026-05-26 20:05:11.652245+00:00
cb620270-957f-439e-a840-3667e925cf64,c8129aa6-b388-4535-bbd3-f329ce404dcd,989.58,2026-05-31 04:57:41.915714+00:00
4a1d666b-7c21-45db-8da8-c90875037caa,25ebee9a-afef-4449-9cd4-322a6fddc4d7,1534.41,2026-05-22 01:39:03.747722+00:00
a4e070dd-afdd-4bc0-8f6c-9b03e02a4b70,853f66ea-6761-414f-8a58-8b8fe9d7318b,919.05,2026-05-28 18:07:08.176581+00:00
848fc91e-41fd-47ed-9e9c-e9ee6c87cbad,58f129a5-6c31-4cc9-8ecb-330e69449e3a,953.01,2026-05-29 22:51:09.416552+00:00
e076a54b-4cf9-4dcf-b55e-a0ebf660c486,4cf3bfb6-d911-48fe-903c-249b8ecc2a8d,659.23,2026-03-28 03:04:01.148493+00:00
74c6015d-e2b4-484a-aae5-0b65a7a3d070,703c43c1-d71d-4206-a5fc-dd05bcef7d6b,2519.49,2026-04-19 11:12:18.579595+00:00
a36bb179-7942-4c88-b08e-79cf17eeab66,2eb2abe8-301c-40f0-b5f4-fe29a9979669,1152.52,2026-05-03 02:43:30.348493+00:00
07d9ec5c-1ba3-44de-a14c-408761c192f6,b7caf6dc-bda0-4a0e-a0b0-1c3c113c77ff,10.0,2026-03-18 22:15:55.568962+00:00
790d454e-3c79-464e-966c-248a496c7f01,ad74fc50-f2cc-4e8b-9621-2ff33d3793d6,3837.73,2026-05-31 06:48:18.014724+00:00
