id,transaction_id,order_amount,created_at
83016eca-017a-4e0d-8126-c4e7278fd245,b7cb26fa-5c5b-46bd-a184-315583809199,1910.95,2026-05-28 13:20:40.480306+00:00
74f3a278-33a7-4cb9-b0b8-9997eb4c0347,68fdbd2a-3727-4ae4-9ec6-7f8c41a5ed90,1565.34,2026-05-28 19:31:39.716059+00:00
bd3066b2-ca45-40cf-9faa-1462414b0ede,c2ae44b9-5d8a-41f7-a85b-535399491617,1435.76,2026-05-29 04:05:01.341682+00:00
55aece57-e77f-4352-8421-e639f5d57a6c,931ee182-d66a-4445-bd07-8fac6e23dd34,1823.53,2026-05-29 20:46:59.277017+00:00
a998d1fe-bf2e-4627-89aa-d43b33a8fa61,69fb79ba-9e2e-4aa5-9c12-87b1e365242e,1698.91,2026-05-31 03:20:21.337191+00:00
7cd94faf-bfd8-4346-9ff3-5a8020e9b6cb,4d7a4838-5f36-46e7-a036-eb54539689dd,1597.67,2026-04-19 05:21:53.599050+00:00
ed70f7c0-969a-42b4-b30f-90d86e3234aa,8556daa2-50fc-4d7a-add3-7c439e2f5f20,678.06,2026-05-04 06:11:38.834917+00:00
e8ffe11f-add0-4b19-ad0d-05f9b0594619,c6954b61-8cb2-4d53-baa1-10e9f8befa2e,1622.6,2026-05-17 04:56:00.299688+00:00
bb921158-0034-463b-b0b9-f9ef2c99eb65,694fb3d8-b3be-4374-b2a0-c57d9f20037e,2419.76,2026-05-01 09:56:02.009564+00:00
7e5ea55a-dde7-409e-adb7-f8e5e9971e55,f285834a-de7d-4f29-b296-ebb67b10ba99,3460.4,2026-05-03 09:32:00.701995+00:00
fb42871e-9399-41c1-9ff0-32756bd5126a,f7f16c9c-6e19-4a28-8e6c-975f743fa4b5,2472.26,2026-05-19 04:25:25.154966+00:00
616796cd-56e0-41d4-a670-1744626481af,ae364805-a6ce-44bd-ad39-008ac1591009,5570.87,2026-05-27 08:08:57.697899+00:00
e88c23a4-a98d-4e27-9ee8-eb80a517ffbf,86fef8b0-e0ea-44e0-a2e3-0c325ed04f56,196.38,2026-05-27 15:25:39.316093+00:00
d9131ae8-a111-455f-8e50-6b7ca867417b,e5f94de2-f5ed-49a8-b44b-f808897de1cf,2413.48,2026-05-28 15:35:33.836160+00:00
6527dbaf-ea90-487f-a3a3-9d2226206b6b,bbfff971-212e-40ec-8642-a35b820e6433,1306.63,2026-05-27 21:52:54.405909+00:00
1b31a346-c6ed-4862-b711-692d4cbc6665,97a94e05-8599-4743-a6f7-047604a03834,1608.19,2026-05-30 11:48:40.797698+00:00
a6cae2d1-d5bb-4765-83d4-d945a161d054,a0a8d801-0ce0-4ec8-8e88-ffbcd321027a,2259.16,2026-04-26 14:58:43.451294+00:00
56d516e4-c9a5-4bd7-830d-671ae57c5361,32e33c48-7129-4003-8fcf-df33b9b5320a,3663.73,2026-05-05 08:34:27.545096+00:00
aa6bf7ae-c53c-4208-b5f9-b61e137fcbce,aa1db15f-059a-428e-b30d-f8473c4e7fb1,3588.41,2026-05-18 11:08:25.948743+00:00
cd94a2f1-a990-4dd8-8412-ba8935600dd9,7be741ed-e21e-4e1d-8672-592f1c349d51,3659.07,2026-05-17 08:01:44.359045+00:00
2501de8c-6513-4af3-83f6-0ff985a6090e,a4fec741-1b6b-4ab4-ba9d-aa960a02f262,4837.27,2026-05-18 05:18:38.624029+00:00
05f63f45-ba24-45b0-b193-06394774bdfa,4ebb0820-27b4-4940-b871-39684772f73d,3839.84,2026-05-16 23:18:32.591914+00:00
f740e674-956b-450c-86cd-2916f49792f8,8fd936f8-13c9-48f5-964b-b95b51336a3f,7666.71,2026-05-16 23:29:31.706732+00:00
084b187c-2eb8-4828-9afc-6106e8af3177,32f31a05-8004-47fe-b2f5-6791e21dd8e1,5986.81,2026-05-17 11:44:02.655822+00:00
58c5a762-a9ca-4432-9107-f0ebb769c7a5,190594d2-ac30-403d-9913-9690de857527,1927.12,2026-05-23 19:54:21.947037+00:00
56e828b4-1ce2-44ed-ac86-77f289725198,fdc3416b-8798-406e-a273-b62c53537d87,1037.66,2026-05-25 14:42:12.522810+00:00
0e22203c-03d0-41e4-b58a-9cf00093e56e,1fc2b904-6339-4551-9508-380db7ee0987,3534.52,2026-05-29 11:13:18.324745+00:00
f450f4c7-7b7e-475c-ba07-8c23451d3c79,99f7f5e7-a899-464f-9717-a9862ee745f8,2908.45,2026-05-12 09:50:16.942033+00:00
5b84ddd1-bfd2-4373-9eec-ed22376906dc,c38abbac-a6ca-446f-b87c-f2ab73321924,2538.9,2026-05-13 04:57:57.750663+00:00
273379fb-a7e1-40ba-bdda-d577e2dff75b,9d44ee5b-3409-4112-8137-7fb7102091de,3944.04,2026-05-13 13:17:55.328869+00:00
f57a9bf8-de83-4223-ba59-b01bd4c3bddc,ecc3c909-9b08-45e7-a3f7-4057b50f5503,2393.19,2026-05-30 13:05:11.148454+00:00
8c7a81f7-c5b7-4d45-a467-93b5733b89d6,9e1418e9-606f-43a4-b462-4c42217ca6fa,3125.03,2026-05-31 00:53:14.284308+00:00
4ec5e639-c78b-4efa-9d93-218a4ef2ee46,a096be61-da86-430c-8a27-bfb44ea920d8,1632.86,2026-05-03 01:41:26.700101+00:00
b7e06aa2-4fa8-4c8b-8eb5-34b0d6940f89,d976c866-a7fa-4a2c-9b02-64796d72e741,541.01,2026-04-20 00:24:35.908886+00:00
5d307912-027c-481e-a5cb-2966aba06649,b15e7ca9-e173-49ed-999a-58768c821dd6,4221.85,2026-04-21 11:15:16.205759+00:00
e8155b8f-2a62-482b-ab2d-0b162b308820,79bc6430-da19-4140-ad88-0348b175c5fc,988.46,2026-05-11 11:22:38.245292+00:00
5762633e-9c26-4cc8-a1a2-7663ac5ff656,f083a2b2-993c-477b-af47-edfe1d0f57aa,2724.41,2026-05-25 18:36:41.561098+00:00
acaa1377-a37c-4c48-976c-0416d4538ec6,b8de7826-ec1d-4528-b3c8-78002d0a4fef,2914.0,2026-05-27 18:57:42.833225+00:00
92ff392e-e91c-40e3-be66-6819d5e968bd,140fead2-debb-4ad6-b3ff-9f9b3c57fde5,1907.91,2026-05-30 13:20:07.532724+00:00
3b776295-1378-4920-a9bc-c561bdbf2a6d,c907013e-1cc2-41cc-b87a-4a307aafa0c9,589.36,2026-05-30 16:31:42.931050+00:00
48818967-69e9-43eb-a063-b75f878ea8a2,e0065470-11c6-49a9-8676-08c344a5f689,3265.33,2026-04-25 16:07:05.467171+00:00
ab2f958e-e75a-4202-8322-a2abf869f32e,2ab3188c-6c80-40ee-94e2-a0fe28e3ef13,3848.78,2026-04-27 12:47:39.333411+00:00
2b9742f4-c19a-424f-8384-707ed4b8855d,5f4df3b6-8626-42b5-90ef-74b7e27a0e4d,2682.69,2026-05-18 00:07:14.685748+00:00
fec9543e-da44-4af4-8a34-cbb1856bd1e5,4de5ca5d-4c6a-47cf-8057-faf2e76df033,2896.56,2026-05-18 16:12:16.224940+00:00
8e6319b2-8857-460f-a5ff-c99cb6b44675,f7e3f7c3-2773-426d-896d-fde3f9ee9ac7,2189.22,2026-05-20 12:15:28.893265+00:00
12182151-fb05-4bfd-b908-8773add0554d,7903c56b-3507-4759-877f-f3438429dd4b,448.15,2026-05-24 18:58:54.163667+00:00
f72b01e8-a7e0-4a12-9bda-fdda9743d15a,036a971f-3bc7-4e38-a848-f174f585c2f3,4694.17,2026-04-30 01:52:13.100787+00:00
2342d78e-8425-4d98-b0f2-408d72e0b0e8,994bbc23-13b7-41c8-a890-9af5f9d8fd2b,4649.66,2026-05-26 00:52:27.977189+00:00
1e9872d5-d521-4c55-bcea-75abd4f723bf,627d87c1-3740-4635-9621-9380059788ca,2263.88,2026-05-26 08:13:33.953704+00:00
3edbf62e-a4a7-49e2-8d3e-068e03e07a6f,bc6a6e2f-81f9-4139-b83a-ea817b5c0e1f,3283.48,2026-05-26 11:06:40.582616+00:00
a46685c6-91a5-4ce5-88b2-88a95c9a82bc,08bea687-27b3-41a9-adca-3e886da5623e,6492.12,2026-05-27 03:02:17.747850+00:00
a16d0c18-bfd3-49be-9e80-3f386a65de04,6c111710-a57e-48a0-9c91-99c77464588c,3564.88,2026-05-27 08:08:53.930874+00:00
d6f7d96b-c502-4bf3-b534-8f9c949072ef,1d99acdb-696c-4095-aa21-6794d489b06c,1205.33,2026-04-09 09:45:17.359192+00:00
2909f8ad-098e-4850-a718-d77e689040b8,d826c281-5964-4b14-8bde-9a1f7f1fe7f3,10.0,2026-05-29 15:17:53.153785+00:00
dd43702a-0969-45fe-805e-08063424f3b6,93061bb9-8b86-4306-82e8-057a56c6b86a,4166.76,2026-05-31 11:14:45.277759+00:00
059e9e6f-edfa-4ff0-b500-9e527b3bd3bb,22190807-7320-49df-9aa7-67218125a596,461.37,2026-05-31 13:41:15.700432+00:00
35bdd536-d481-4c61-81ba-d0152c20d8f3,ddda357f-f25f-469c-a1e3-aaff08f07773,921.39,2026-05-31 13:55:49.672454+00:00
69ee07f1-346a-45a6-a6d3-3b30231b0084,21878e81-e508-47c1-8189-a3e8081ed997,411.04,2026-05-31 17:55:00.375577+00:00
7003db51-6ee7-4dd6-af88-fa7f321d74b7,bb634be2-1b68-4b5d-b576-877797227f06,697.63,2026-05-31 20:47:52.630054+00:00
96810fcc-afa3-455c-993b-a31050ee771c,3ea34210-cb32-43b3-aed0-b1625e037f65,2242.39,2026-04-02 06:10:28.594721+00:00
68572e35-ec0e-4e1e-893c-8929ffda612b,6938d787-d5a1-4a70-84bc-2ab75827aa0e,3276.4,2026-04-17 17:03:12.555674+00:00
dbc68d1d-8033-4319-83a0-70044cf3470e,ab4a0392-91b6-4f39-9a33-52625edc8820,2310.05,2026-04-29 07:19:38.776914+00:00
04253d97-3082-4c6d-86fe-d6d496480e51,1870f074-e80d-4394-b9b7-91e0fb41ecb1,817.69,2026-05-06 13:05:12.567238+00:00
fed1c857-e295-4422-ae50-7e8040e28db8,bd4fd08c-0dfc-4703-86a4-d1f367bcc584,2145.57,2026-05-21 16:31:03.197244+00:00
74dd0f43-c5f6-40d8-8903-81ab01a0ffaa,3f3ef8d1-0683-4a57-8902-9071ad34e813,3915.57,2026-05-17 03:23:28.644952+00:00
19b41334-9b74-40b8-a884-e03fb22b66b1,1b8bd503-848c-4179-a267-10ba99ed533e,1230.79,2026-05-17 13:23:23.135935+00:00
9033c5be-a07c-4aa3-8b8d-e3eae441e524,8a966c23-9430-44ad-99a9-525847c8afce,4930.69,2026-05-17 20:58:47.951062+00:00
e0a516d9-0a4a-4b08-b754-3a0cdd8598cc,bc4c1bdd-db66-487f-a7fc-43faf543eb51,4008.4,2026-05-17 23:59:32.351697+00:00
006c968a-6155-49d2-8500-6513e865da4d,6d333fc7-7e3a-4a4e-a765-e8e6126b0097,4285.87,2026-05-10 03:05:06.307317+00:00
705cd87e-2b26-4793-a712-e3848e7d2791,33e3072e-26c2-44ab-bf76-7dcca2c473e4,3405.81,2026-05-13 02:37:28.794627+00:00
1cef362c-d4b7-4782-a07e-6456a914b3b0,192a154b-8637-4dbc-a9d2-1b772a8537c7,4922.97,2026-05-17 00:28:36.104821+00:00
37655444-d31f-41e3-9711-a75c0dc5a8b7,62c00f16-6689-40a2-b956-70790888dfdc,1130.28,2026-05-06 08:53:21.251324+00:00
4af270f3-cdf7-4c1e-b1df-178d52c51a46,1651788f-266d-46e4-af68-e3f5b072e1ac,918.07,2026-05-06 14:05:41.681941+00:00
28e714f7-b738-4a5f-8cc9-132e68d3d921,b2d05d3c-ad04-4f44-b33a-c7d313de36b6,1959.89,2026-05-20 07:31:05.375776+00:00
26145868-832e-4ef2-82fd-d3759bbf6da3,bb550058-e41d-4650-8b6c-77c9afad92b0,1241.69,2026-05-28 09:06:51.917470+00:00
0de5b6c0-4e2d-4766-a61b-c8fa72c92bed,aa7b1589-18e5-4eae-8a9a-19cec73a661a,756.42,2026-05-08 21:14:32.284929+00:00
bcdc3052-6520-48e6-a20e-28c1995bf1e5,e3fb1ca7-6a07-40e5-b50f-0cd2e321addf,1451.31,2026-05-19 08:50:16.070371+00:00
81814165-3c6c-44c4-9303-3e73fbb33241,2472d893-a105-4fee-9684-9c4d3a01fa35,1540.69,2026-05-29 12:50:10.523293+00:00
faec8b2d-2b4d-45ab-b1ae-cd20f10a4df9,e74f7933-a0af-452c-8140-237eb1cfb285,2628.28,2026-04-27 07:56:31.812886+00:00
ec245cb6-8276-4de1-a76a-8847cf0822e9,3ca00883-05d4-4797-97dc-120d6eda8e4e,4209.26,2026-05-16 17:20:17.641350+00:00
69b6850a-0ac9-4fd1-920a-fcdf5e50ed19,779a15e3-2438-4080-b1b0-1a46330f6563,1461.63,2026-04-26 02:27:14.111849+00:00
e091cdc2-ccfe-4d08-83b4-72eb26a84f26,3fc17edf-5be9-4597-8818-266c2940c3d6,2320.59,2026-05-14 03:10:29.325733+00:00
31e1d986-80df-4614-8408-f8c4b51f6482,d8902f26-1466-47e3-8592-00891e46dd4f,10.0,2026-05-23 12:54:28.360793+00:00
1397f7a1-1972-4609-b3bf-88e8699239b0,ec78f546-9bd1-4fd9-8116-2bf5057c8fde,2770.6,2026-05-27 21:35:29.683420+00:00
ba5405f8-c448-4541-bb56-2cbf400bd025,9b3efc50-674b-4aee-b0ab-b6f7848ae3ac,2697.24,2026-04-16 05:42:45.455869+00:00
772a55b4-08b1-4468-b338-a8a320946844,ba3afb9b-d833-40b5-92e4-0861ba046b22,4379.72,2026-04-16 06:40:40.886818+00:00
45672f7c-2043-4c4f-b7b5-e60fe3f1059d,a2fa2874-eda2-4ef8-baa8-3f7986549d67,4860.05,2026-05-09 14:16:16.107588+00:00
d8ac431d-702c-47f9-8a5b-85e28373973c,7f5b6ec6-a949-4a05-9e4b-fc23720a7c24,1430.65,2026-04-24 15:24:03.628571+00:00
2ea4fc39-1f4e-429b-b4cf-7f0e310d2ac5,0612e1f5-509b-4c49-8372-63778859520b,1414.11,2026-04-27 14:47:18.501460+00:00
eae68b64-bd1e-4925-a448-1dfba33a2c74,1acb78fd-f418-4d1d-830c-491432dc1e0b,10.0,2026-05-12 20:52:15.902838+00:00
28d04a15-5aee-405b-8541-ae4808c5def5,1463dd01-1bb4-4fe3-a657-172cf53385e3,1345.01,2026-05-16 10:30:51.087476+00:00
72d8e60f-1cc2-455c-b993-9bec2aec787f,737ee5b5-e582-4599-9494-90aae7582167,609.35,2026-05-25 01:31:01.711030+00:00
1945eaf2-4a1d-45ea-95d6-12db18cfbb5b,5ab8b6f5-4747-4467-9b3b-61a7c743e21a,205.89,2026-05-25 17:50:39.273331+00:00
a9a6689a-a7a4-4c0d-9fe3-9c3e4c1e471a,e10592cb-75f6-4da0-b930-3de26c9505da,165.38,2026-03-28 16:35:16.235265+00:00
95900f52-5244-4afb-bf80-72946734f327,a3c20bb9-dcbb-41d1-b033-9e05b2df94ed,390.97,2026-03-29 14:53:26.132710+00:00
feeee430-f620-4d11-9b0c-06cd0513e4d4,3678b913-1a19-4d3c-80fd-b178a723d9e7,444.68,2026-04-13 04:40:34.032221+00:00
c59ce2b0-1bf1-4c78-8e7c-0df9646a2ffc,a43cdc09-5101-4abc-8ec4-0cf721d6a931,225.81,2026-05-16 15:30:01.123024+00:00
13bceed9-44f8-4110-bf76-89f4ab9897e6,cdd7ea1c-7f62-4ee2-b495-62848f2148e9,243.46,2026-05-29 19:03:36.491821+00:00
a35ceac1-e13b-4106-a73e-66da61de5086,fa89cc88-72b7-49cf-ba20-83ea64258cf9,10.0,2026-05-11 04:50:55.101010+00:00
31c8be25-e2e1-490b-8336-7a292efb6746,5e52cb3c-907d-455e-98de-051461131bb4,699.44,2026-05-23 08:13:58.944399+00:00
b4bce776-48b5-4c1a-979d-fa1ffbdb815f,9b1e2eb8-6ebf-49f2-99bf-071ae438c529,2215.45,2026-04-27 20:27:06.564888+00:00
903b854b-141e-4f7d-843a-5ffbed430cb6,b5e89221-dd6e-4c49-a67c-6f132568d7e5,1433.28,2026-05-05 11:41:03.295216+00:00
54553684-ce02-483e-8fe1-7958dd160051,a9a95550-7760-46cd-9b4a-1e6ab7759584,1218.65,2026-05-30 23:47:57.214640+00:00
0f794876-980e-4df9-8e12-0efe1191a2fe,83720748-6f03-4459-bf79-7686278b12fd,2250.43,2026-03-31 08:14:54.036300+00:00
02a799b1-71e7-4f4d-a94a-ba73247e30b9,b6af2d84-3001-4626-9d24-10e22b0eb31d,6330.38,2026-04-10 13:20:49.280748+00:00
b94a24cd-29b0-4ff3-b000-d6f3c8eb4511,fd33695a-d73b-4140-9220-66b7291d37e2,3463.79,2026-04-17 13:03:28.174523+00:00
974629e8-2e59-495a-b15f-6ee0ca404419,bc22b262-5683-4ce7-b58e-07dd147cf33b,1562.34,2026-04-22 13:47:19.535955+00:00
106309e0-4124-4050-8283-73e6d3fcc819,a440d54f-f808-47bd-a661-a21fa7a42cf3,908.43,2026-05-31 13:24:34.437316+00:00
81e99dfc-e9cb-47fd-98cb-81e15b218ae6,11b282f2-0cd7-4ed8-88de-b727d0d579dd,3020.9,2026-05-29 13:00:19.562849+00:00
f6e0d720-13c2-447e-828e-ef5a6dcb040c,511d97cb-1604-417f-bf37-1aa5811498d2,2108.68,2026-05-29 14:33:47.698285+00:00
3de79162-0ba6-4de0-9992-7a4d3ada0c4b,a1a2442c-f3b1-4692-a006-b8a5ed424ed8,3784.11,2026-05-31 15:09:10.967478+00:00
df063af5-3b53-4be5-9922-32acd13d4228,8961572e-67cc-4f2b-8b55-b7b081990a5f,4145.33,2026-04-26 04:33:10.424865+00:00
f57a5c96-4123-4465-ae40-809a38bf4c11,741943d4-3ff5-4c17-96c8-07c80a7c1d9b,3727.58,2026-05-02 19:41:50.558082+00:00
5c83d621-bbdb-4fd4-8625-48b1b50ec0ee,297b42a0-5411-4235-b196-95977573c077,2752.96,2026-05-28 19:02:24.801761+00:00
a2827aaf-3fe9-432b-8e18-24f6a167f53e,339df661-6d30-4b87-a0b9-70bb3a7ea393,2604.81,2026-05-28 21:37:23.778898+00:00
91679b02-22d1-4e4d-957b-234210743ad9,059ebadf-925f-4e00-8a78-50a4942b0958,2509.33,2026-05-29 17:00:21.166940+00:00
427c0fb6-f915-43e9-b240-a47a26fea3d2,a6dea34e-767d-4642-970c-3f798da8e499,7249.25,2026-05-31 13:07:47.483916+00:00
6584d241-dd63-4e22-bc6d-b50c1cc42b97,c1080def-64ea-467e-af00-1155644bb523,2771.15,2026-05-29 17:23:26.670876+00:00
f0cd9899-6fed-4bde-b1f6-bd1a539f3499,20a1b90a-8464-4150-ba86-c91725185e96,3164.2,2026-05-30 05:12:19.316622+00:00
176326a5-7d5b-42c1-a440-0d1a8b75e494,246f9a3d-1073-400d-ae42-4054a8c2ff75,2132.45,2026-05-30 12:51:06.351023+00:00
39973920-51e8-4579-b891-ed94e9d161f8,a8c0cbb0-4ca6-4d8d-b59d-8af31a3ded51,1189.32,2026-05-31 08:25:52.465375+00:00
3b9a34e5-c02b-45d7-92e0-47670b0f2f71,fe363c25-480f-43fb-a33f-25a18213b04f,1902.2,2026-05-25 12:45:36.663427+00:00
1aa69987-d676-4429-ba5c-2f73c3119df1,6539287c-bb80-4952-9f31-999049835419,1782.4,2026-05-25 20:03:07.569576+00:00
7211e527-72b2-4236-8963-ccd2801f2793,81de6f05-08b4-463e-b9ca-9d69cb58f72a,1191.1,2026-05-26 01:18:10.701223+00:00
d066806d-482a-41bb-8b35-6cbe97dd0cdf,59a47c93-7cff-4595-abc3-3ba3cc63fcee,10.0,2026-05-26 01:31:30.633068+00:00
9ac3d9e8-d7a4-4845-a6e1-528e6e9e3874,d712797d-dd42-4118-96aa-b33a281aad43,1481.52,2026-05-26 10:55:33.580964+00:00
953c0b3b-ed24-4ef3-a6d0-fa5839719eb3,02e54ebd-fb5c-4eb7-a7ac-6320b50032fe,2295.17,2026-03-05 00:03:20.846265+00:00
0cb84bbf-f886-4b22-a877-6253830c7524,01f26834-ce96-4654-82a0-9693f2aaa6e0,2992.54,2026-03-25 12:55:40.163039+00:00
194232ae-fdec-4c2d-bf58-f351d2c3a0dc,a5409f5b-1f5b-4455-9eb3-f81756df05aa,3755.33,2026-03-28 14:41:27.600538+00:00
ed0fe4ad-bdb9-4b4c-88a4-75c376e3b158,d8ea550f-6474-4d4a-9cbd-54d8649eb16e,2532.41,2026-04-24 15:57:42.538737+00:00
5c46c68f-c62f-4f17-b67f-0c04e288bc50,e632f2cc-04c3-4a16-8fef-519234508708,5086.28,2026-04-25 07:37:35.087800+00:00
782c5527-c92b-454d-ae90-7be8f412647f,0379604f-83d6-465e-99f4-12fc687081e3,7641.71,2026-05-24 11:32:46.375987+00:00
78380b5f-048f-42ca-98c7-f1b48af39c88,1e1132d2-3fb3-4928-abfc-9d564468f3fc,4236.54,2026-05-29 09:13:47.168773+00:00
13770648-1ac7-43e9-86f5-0eac34249408,a41616db-1161-4058-b679-e9ef61c55b94,1970.74,2026-05-28 18:18:29.303966+00:00
a36a6120-d4b0-4656-b782-79a85cdc1526,15ee82be-3f2c-46f6-883c-f5eb6a088487,545.65,2026-04-29 22:20:23.279222+00:00
0acdbab2-c8c7-4416-a53b-242e8ae7b3e2,bb93fefb-0f4a-4afe-a104-c504167daa67,521.2,2026-05-02 10:32:13.365027+00:00
5b3e0b4e-3254-40ba-8b82-b4136f7d8972,85233708-efff-4acc-9d99-0a4913e4ae31,1534.95,2026-05-06 16:16:44.823441+00:00
19e7fa20-8f93-4546-935d-0abcdf3cafc1,798c47b3-9864-48d1-93b6-1ae5865d57a2,596.75,2026-05-10 07:37:15.126405+00:00
b907d1a8-cd02-4e03-8fea-c3e666ded6bf,872ebc66-6ed1-41b9-8cab-60a3e43b93e1,1033.66,2026-05-25 19:22:19.836841+00:00
042632fc-0724-45b4-a38a-ed4784fbce1e,c6e0ee5c-1222-4285-8ba8-0c5cf1139b20,1014.52,2026-05-01 10:12:52.683836+00:00
407eb8ea-2f87-4be3-b3ff-69e7fcfe09de,3be817e9-fbd8-4229-a164-7e9e1bf741b7,1201.31,2026-05-15 12:11:23.381014+00:00
b690b2e9-383c-4ddd-82f0-314fd8757faa,9f35bcf1-8ac6-420c-964b-e78a1aa56ff5,444.53,2026-05-16 21:07:49.697706+00:00
3afbe5ea-6e3f-4b86-ac24-f5e89e08ced7,bcf95d4f-5df0-4752-be84-ee90f16c8c2e,1521.08,2026-05-17 01:47:40.948145+00:00
bd128223-3b2d-4514-abe5-49d136b0b5fb,da55536d-1132-4995-94ed-cf64f92b6b34,3590.11,2026-05-14 04:14:34.539327+00:00
309c7f5c-2b0f-4592-b268-c0df18641230,0e244c67-4975-44d3-8439-9be81ea2015a,2563.4,2026-05-29 01:31:16.529009+00:00
05069d75-815b-44f3-a350-aded2d38de9a,213c2672-41da-4600-9468-7a32b6812c79,1661.28,2026-05-30 07:29:48.132718+00:00
93852689-9356-4d30-8efe-c80b3b95ea36,545ccfa2-1c60-4a97-a9d1-73154ca5e09b,368.59,2026-04-08 01:11:08.966419+00:00
351ebb03-fc66-46ca-a34e-88f03114ff8e,338b896d-041f-4c65-8faf-be30f7295b4d,617.58,2026-04-10 23:33:52.960533+00:00
0161a941-341e-43b8-928c-621e2940e564,1ae93116-0947-4e40-a5e7-d1bc200d97fa,942.91,2026-04-17 09:45:26.247779+00:00
f68c765a-61ea-4f39-ae5b-1b2e220d372a,e024cdec-c479-4799-8a47-3efac1e46d2d,406.28,2026-05-06 01:11:38.632625+00:00
7a2eb440-be5c-4291-b0d0-eeb17072c0dd,30b6c1ec-702f-4bc2-94e6-9bcabd86fbf5,546.5,2026-05-28 19:23:14.510030+00:00
4cde17fb-8aa2-44ae-8fc4-82c340b0eb7a,2aa43296-8415-43f9-8933-373dbd6b5b27,838.68,2026-04-25 03:15:27.001356+00:00
59567db3-b18f-40e7-8e4d-7228a4f2af7e,28fa944f-b9ab-4817-8857-b568d1bb64bb,908.14,2026-05-27 13:24:20.661533+00:00
6499ec16-5fb9-448b-b1ae-58fc4fb0becf,6b82f95a-b882-4729-be06-977e46236645,4330.1,2026-05-27 13:58:03.761268+00:00
f59de6cd-83da-44aa-ad06-0a1969f7e711,74979ae5-45c7-48be-81c3-0a9aa67ac160,6127.89,2026-05-27 16:40:33.466839+00:00
2838bbcb-4fab-466d-afa2-109bad322439,a3d4c007-4621-4300-869c-e6471810886c,5843.3,2026-05-27 21:49:28.258141+00:00
ccf0cdd4-8d63-4239-a5bf-62dc29e00513,5366290f-cf52-4ad4-b9db-3ae86db89d38,4365.13,2026-05-28 00:34:07.765805+00:00
92449d33-a7e9-4bcb-bca7-e08baed2f74d,70dec273-d3b6-494f-8fe6-30f6b4fc2a4b,394.56,2026-04-13 12:11:52.924042+00:00
287604f6-526b-46fc-a2a7-6568b36e2120,03fbbe41-c25f-4971-9793-1d4d8f4b7fa7,4182.4,2026-04-16 02:30:17.657199+00:00
f5b54c64-af36-483d-bb23-f24511bb2b26,a69afbec-0511-419c-bf3e-3ce8f59417ab,4310.86,2026-05-11 23:41:48.691069+00:00
9f49650a-61a3-47d9-90f1-9d98f75c4f7f,cc477717-36b9-4ac6-b834-150173ddb942,1047.35,2026-05-16 07:49:24.298644+00:00
f6fc51f5-1454-42e8-b76f-41ca7859b0e4,5c2a45b8-c800-43fb-97a7-34918b22d4a5,3757.14,2026-05-25 16:16:57.372300+00:00
ccbc585b-b0a0-44d0-a53f-206b00ff0813,41b6e512-4aa9-428d-a2d0-f4ce90f818f6,6045.93,2026-05-22 09:23:44.155867+00:00
0770b713-ce9a-4370-b6c8-149504c9204c,ca8fb6f7-3343-4d4b-8f97-9849e3abf44c,7520.23,2026-05-23 14:04:03.075345+00:00
209dc95a-72d3-452a-aa19-9f9f060c3840,677d873f-769d-4be4-94cd-c049cf1c31f9,5130.23,2026-05-24 20:24:53.251363+00:00
dc40f6c9-57ee-4618-bbe8-ea8b345ecabc,bf416b23-6d20-47f1-9c02-f35bf683795c,2050.17,2026-05-28 09:01:01.599401+00:00
1e2adc16-3f7a-4c09-a85c-312d8135cb2e,a9937eb2-1f7f-48f9-89cf-2ab9eaed1492,6099.71,2026-05-31 06:38:18.913924+00:00
f67feb4f-5b5b-488d-a4cc-5b4732386120,252d0bc5-0624-4cb3-92fa-924444c0af17,2100.37,2026-04-14 19:48:54.586070+00:00
47dec19d-e49a-4630-bbfb-a42d05b38388,837991a6-2e6f-401b-9645-681f6ac08d5a,3920.53,2026-04-19 12:49:39.077407+00:00
59277161-ce0a-4180-9aed-ba4f4b333034,1bc8e38e-3f45-4831-9528-d8852e772b72,1578.46,2026-04-30 14:17:57.285432+00:00
98a28fdf-ccd4-43f8-8483-ec844e5f228d,04e84ee4-ed5d-4d9c-9054-8003f1e335a6,2568.46,2026-05-20 23:16:27.763068+00:00
4362cb69-fc83-4627-a64c-675fac3a5623,b4c7e626-d0cd-4fa7-90d3-0cbafe85e888,4844.99,2026-04-26 15:52:31.007063+00:00
3b66447d-186e-43b2-aa0a-a3dbd2777a50,bfe24149-af36-4680-a72f-fe4c59e84232,2511.78,2026-05-03 12:26:15.228952+00:00
59716a87-112a-4898-9eb2-7656745b3a71,3a4f6dfc-1efd-4ee7-9899-d8549e2be869,1399.63,2026-04-12 16:52:27.408327+00:00
04fb7b75-c772-4f9b-9e9f-8a8d2526076e,6d1b2d04-0622-4c64-9e6d-2d5e6d71b946,2946.26,2026-05-04 13:20:50.401353+00:00
a01c7dae-8db4-47da-b96a-8a0dbd53dc65,4a166b7e-15ef-4cd4-95db-a7c864abd767,646.91,2026-05-21 04:12:58.473481+00:00
c49ba3b3-d675-4368-922c-a7e07e5d6f00,eacebdac-2929-43d3-8580-8c7989e13691,770.68,2026-05-23 08:03:22.706940+00:00
2f0e5874-8134-4fc7-b24b-66f1c9cb2f89,9935c418-fd95-4a1a-965c-da53623d78c3,1163.98,2026-05-23 09:17:58.634866+00:00
689b8e22-1b30-4ddd-9bfc-6a2d4bf0b8c5,7f58074b-e8f4-4afd-9afb-396b907671d4,292.51,2026-05-30 06:10:20.685467+00:00
540596b1-9746-48f0-b29a-d2e5e04585c0,f3232be3-900e-44ac-b178-bea59188da09,3388.62,2026-05-29 09:18:47.833703+00:00
0bab960f-5f15-4912-8905-1ba0dc175f37,bcabdf58-4414-4e81-95f9-a9baf3c999c0,2751.24,2026-05-30 19:48:37.303317+00:00
f53f419b-2274-4448-8c7b-b6f13de74a25,ffa83754-622d-420c-89c2-0b4ddf048cc1,3289.06,2026-04-08 04:17:40.653711+00:00
167780d6-656f-4430-9aa8-1961a01d0bec,8a705672-c8dd-44ec-912b-38da0f0a5a5d,1179.35,2026-04-28 10:51:30.521115+00:00
455f3672-ce75-41a6-a9fd-812dd579edb1,41b88c49-1d86-4137-aa3e-7ac39f903fe1,3373.96,2026-05-05 00:03:23.011823+00:00
1e33f4d8-8358-457b-870b-96c6ee930204,1e8ac107-fa55-410b-b5a9-7e0f348171f9,1598.49,2026-05-12 04:39:04.707236+00:00
97a73c43-10eb-4970-9e48-b0652e9762cf,371807e5-526d-47d6-825f-7515579eafc8,3294.77,2026-05-26 05:27:17.761890+00:00
1ddb58db-658b-4304-8f56-9428bece30ef,027cc845-910f-4eb5-8571-561534736610,1275.83,2026-05-08 23:10:09.737294+00:00
65d7665b-5270-43fd-81f7-c6b1a34729e8,eee3a071-a50b-4273-bce9-e5defc1a7228,2486.35,2026-05-09 19:07:56.437475+00:00
3c6d61f9-83e4-4b22-80d1-2f43f9b62852,81ea0b36-09d3-435b-b1ae-130d77785ec5,3766.61,2026-05-13 02:28:46.643715+00:00
34f7bc8b-de86-471b-84d3-9d8af67f1318,521e8dd1-4311-47ea-95ec-c0b90926cecf,2047.24,2026-05-18 13:04:15.422778+00:00
be4f6d1c-6f0d-4426-8e77-a43aa441ea58,7c3ab4c8-accd-40c4-82f2-73c0ab3b86aa,1696.73,2026-05-21 21:38:09.560539+00:00
e8d2304b-10c2-44d3-9469-c49091ce7468,946b112a-69d3-46e0-8039-5f140be1485e,3408.64,2026-05-22 07:37:50.025953+00:00
7c56e9d9-cd0b-4c34-930b-7cdea9cac5c3,21f6fae9-15d3-494a-9b86-246ac06058a9,4620.32,2026-05-25 19:34:16.198825+00:00
15370803-056c-4c4f-aa82-6ca102a82f2a,4b8a3f0f-2ddd-4917-bd5f-2450a985d1f4,4850.72,2026-05-26 15:47:07.022451+00:00
49c31694-269b-421d-aa33-284a41c40977,1128884e-c804-45f4-8def-34187a6b9b63,10.0,2026-05-27 09:09:34.954555+00:00
595a6959-6c0e-41b3-88e8-41c081fa0e0e,ae25e1c7-4e07-400b-901c-dfece45a3be3,2786.93,2026-05-31 17:31:59.915407+00:00
ce505c0e-d8d6-4487-8302-997f703095fa,df543fb7-4d90-4c3f-8ff6-6164ae83976a,1748.34,2026-03-21 19:53:08.730024+00:00
326d43de-1412-4766-91ff-fed2ea858b82,f0bc587b-6d25-4a58-8487-5ccdddc0fc39,3052.79,2026-04-05 14:07:24.103543+00:00
421e44fd-2b2f-4fdb-aa85-0a7b4d53e508,0719bb63-2de1-4664-bc53-d275ef212f67,6413.16,2026-04-19 11:51:37.922821+00:00
54a1f102-8c28-435d-8257-1b792a002487,16def168-67b3-4812-b08b-cd5c2c56cf05,7302.55,2026-04-21 18:21:29.730240+00:00
9cfc8def-9855-4970-9721-911052f4729d,2301f811-1cdc-41f0-a8fb-ba15001ba10a,6190.97,2026-05-31 18:21:10.390411+00:00
e96307d3-ef2f-4c2b-b1d9-b098cd73041f,b1bb3704-b6e9-4726-a401-d3d0b168fd96,2076.85,2026-04-25 04:05:51.255256+00:00
93ed8e13-c254-49b4-af57-dc2f93d8d0a4,7b1bc064-4da8-4e0a-8e52-b872c2ec657b,2884.31,2026-05-02 23:02:41.007276+00:00
4e713e2a-4dad-406b-a77a-22f3496a6267,cef98098-6653-43f7-990b-0ed04228dbcf,6301.13,2026-05-24 05:27:29.211800+00:00
7cb82b96-e3f4-4960-a95b-b024dadde70d,dc898758-fe76-49be-a615-77620c443566,2772.61,2026-05-24 16:31:31.018346+00:00
84ff8b22-8d21-46aa-88b7-bb8b714a580f,82b4243b-ac0f-46f6-a739-d1b26d59411d,3769.68,2026-05-24 23:24:15.513940+00:00
c9bf272b-37c3-438b-be9f-ff34882a4c83,b59a5e9a-a771-4d4c-8b3d-48c211479435,4395.19,2026-05-27 10:00:26.070770+00:00
4f87067e-3472-46f3-8220-95b38db124b2,2fff47d2-01d1-4523-9116-61471b84df82,5423.19,2026-05-27 21:24:54.572379+00:00
a5754327-f24b-4092-ad75-efa56dd0ca34,eda0957f-5d93-43be-9097-94937d64dc7d,405.24,2026-04-12 00:06:10.186711+00:00
06203f25-9833-4d32-8a8e-eec9b2ef8f2e,eee6417e-72f6-423f-acc3-214146f599e4,203.2,2026-04-27 10:41:14.766668+00:00
0d50ee0f-e3c4-4acb-a200-d17e8d7d6988,8b132af2-95ed-45b9-b1f8-330ccf34b5ee,337.5,2026-05-16 03:12:55.201695+00:00
7e590238-48cf-42a6-a535-22f403b650ec,e2be96a7-764d-4b07-a7d2-934b0483de7e,2925.36,2026-05-01 02:06:04.921593+00:00
f8d0fa59-40a0-4084-82b6-6e9dbaebaac1,1edcdf1f-2aeb-4cd5-9228-1c1cad815933,1837.11,2026-04-01 04:44:17.437277+00:00
dd885068-3a76-4f27-98e1-560d821427ee,40d8ea6c-a99f-4710-a47f-52bce681debc,1967.15,2026-04-05 14:35:42.768196+00:00
fdda11bd-da9f-4f72-a2d2-11bbd9b94b2f,a41342bb-30f2-4035-a3a0-be5bc0aa3398,1421.24,2026-05-08 00:37:17.393476+00:00
61d99a8a-8683-4a2d-9e6c-a5b033e48e5d,b1bffc4e-8359-4af6-a953-c364dd74eef9,1787.78,2026-04-13 01:09:20.339667+00:00
10368b09-01a7-4df3-b838-36534ec4dea1,b2cde98e-3ef3-4bed-aba8-68be88636a92,1234.0,2026-04-22 16:46:15.748867+00:00
8c828185-c833-434a-b153-d3b8d2c997f6,c6988f78-eaa3-47b0-a4c6-44fd7d5e39d0,2491.5,2026-04-25 04:34:04.773837+00:00
d3411498-e0ea-44bf-aa0d-3227a9df7571,37545419-8025-425f-ad96-67aa63597bd2,1355.94,2026-05-30 11:29:39.950817+00:00
ef57aed7-f9c6-449a-9604-295328f7ff7d,b48238c9-8f1d-458f-914f-dab9f3da182b,3706.9,2026-04-25 04:07:23.387908+00:00
f4799e21-9ac0-4a8c-814b-f46b8da4049b,dd09ef92-1e40-47b8-bafc-665363982fbd,1345.6,2026-05-05 12:11:09.657009+00:00
d32578f6-1aca-4ccf-8989-06889ba89949,e20b25b8-d50c-4f71-ab48-926d555bfb03,1324.67,2026-05-06 09:04:05.196557+00:00
989eb0eb-e415-43e8-817a-7360d53d42b1,92a2c344-e8e4-46a5-981c-ac343deaafec,2911.83,2026-05-21 04:03:07.283523+00:00
2a2c5dc7-d14d-476b-9403-68cb9018fedf,900e0950-8b68-4f6a-b516-97afd6db4a3e,10.0,2026-05-15 19:38:09.245170+00:00
2f9aa980-b9c2-4425-90c9-970ebe6f34cb,38f1ab94-01bc-48e4-a8c0-f240889d5c5a,3502.29,2026-05-19 02:17:02.578793+00:00
faf5640c-3249-4605-b5a2-7d848b1ad1c2,516d07d7-ecff-43f5-babc-bbb688b0f1c1,3823.93,2026-05-19 13:33:10.742919+00:00
fbfad7cc-9c8d-4775-960c-e032dbe6977f,2460d6cb-fc6b-4313-8c86-0a80f383d491,3824.81,2026-05-24 01:18:01.624758+00:00
076111fe-10b2-43d9-a33e-122869df1938,2e4413de-115b-4861-b3fa-673883f0c743,1868.91,2026-05-31 16:42:23.660848+00:00
9bf793f2-862d-411f-9446-bcd984e9a58b,537b71f0-8389-460b-8271-4fb66ebe9f1d,816.9,2026-05-09 09:36:46.707301+00:00
5e72d9b7-da5c-4d8c-a83d-1416379c075f,a81a38d3-1d5c-46ed-bb9e-f0f2ffce4025,865.95,2026-05-20 15:43:14.126033+00:00
c4928c28-c8f6-4305-a8ef-664ba70b5b67,c43a3a92-cdee-484c-a06b-4fb1fcd8a9da,1175.94,2026-05-25 05:46:14.182396+00:00
6901bd85-1348-417e-8b2a-fe0f562d8af5,88fa50c2-033c-47cb-9c99-0e1f88f1eb26,636.63,2026-05-28 08:37:41.228030+00:00
e7ff4999-6988-4f6f-807f-f71ae40c3cbd,33d62aba-b025-4722-aaf3-ed4a58603c50,1963.84,2026-05-18 09:15:04.413582+00:00
fe3eaa3e-bab7-41b2-a44d-4c4c812ece3e,6cf1cf82-e7eb-4887-a9ab-176e08a3d9f8,1868.24,2026-05-21 20:36:09.485961+00:00
9a98b493-e54e-48db-b705-a37e2f60db40,4e32f7a8-1c6d-4dfe-8203-9344c4c407d7,2970.24,2026-05-29 11:03:06.011501+00:00
8d7cadd9-8881-4d2f-97bb-f13c1994d670,0ee50e88-d69d-4042-99d5-73e3c23bd51d,2769.93,2026-05-07 14:16:14.756942+00:00
874de8a0-13a8-43df-948c-b1e9f1458067,e1eec257-4f7e-44a6-bd5a-081ad8936184,1565.07,2026-05-09 14:41:40.160768+00:00
4b9b94b5-3a27-460c-ab37-abe7e085eba1,1b08bd1a-910d-48d7-a7dd-ccaea47b2aa4,2886.02,2026-05-12 04:50:58.252385+00:00
0a23e8a1-4c60-4e7c-a11b-e02daca659e7,f2beb823-c75b-4a91-b19a-27458600c4e7,4933.88,2026-04-22 17:38:30.300925+00:00
f2293222-a869-4796-b4ad-d420f62753b3,e6b3c7f0-ec7a-4ffa-9aa1-b17ed784ff35,2864.74,2026-05-02 10:40:13.912893+00:00
801e38e5-2512-413d-84db-72e6d88fdbbf,b0f32127-cecf-4883-bfb6-d97fe81dd87d,1763.77,2026-05-11 14:45:21.598826+00:00
46f65889-c8e2-4e79-92a3-9944362a27ef,23b6b7af-eaf5-4176-85d6-44b886a6a871,1625.19,2026-05-20 10:58:24.009384+00:00
d3c71bda-3695-4c36-aede-77685cdfae8a,cd7f1b5a-077a-46c8-9d00-ba26427719d5,1334.58,2026-05-26 16:08:05.369147+00:00
c3235825-7135-4a6b-b405-fdbcb29dd523,d0136d82-fa54-43bf-900c-3fd3d772d8d1,3185.82,2026-04-03 06:19:05.334311+00:00
d82907e0-8412-4473-bb39-5c550e2fc8db,73962bd9-fc10-484d-8d39-c920765b313d,6500.03,2026-04-12 19:58:59.504086+00:00
16b56d84-0620-480e-ae83-a769443039d6,92fd206c-bcdf-476e-8ba6-2847b82b782a,2631.93,2026-04-02 09:05:56.799023+00:00
9ba56bbf-0cfd-48f1-927d-99495ab44298,7b3b7e59-90f2-4bc0-aff9-676a74eb15b3,864.17,2026-04-22 03:10:29.900965+00:00
9a5a9c06-3757-41ec-8842-11e674d7d2b6,ce94e430-4327-4bd0-9124-63ea3a071f76,10.0,2026-04-26 05:59:19.737636+00:00
3358ed4b-b67b-433f-9cc7-acf2690bcf28,970c6043-ab63-48fe-b932-ec6cca6b326a,5264.04,2026-05-13 18:21:33.453891+00:00
3278a5a5-a38a-4283-a54d-bbe120886a5b,8020bdb5-4217-4ee9-b0c7-ca2ac886093a,309.15,2026-05-17 09:17:40.857530+00:00
a3781d78-7017-48cf-8df7-3e4731370865,d4fb6a78-1e03-4ad0-8979-f89afff47f82,1134.7,2026-05-17 15:24:20.097191+00:00
fd606ce1-451b-46c6-85e5-78201077e45f,d4936975-50f6-4978-b971-eced5d4248d6,312.9,2026-05-17 17:59:12.283252+00:00
1818d587-da84-4bb5-997e-32d6c189d438,43e65693-a3d4-4ce2-8398-73d34983071c,553.56,2026-05-17 21:01:31.158816+00:00
8c5da93b-7f52-4ab2-bb44-b029b47790b2,d0f96bdd-9337-4fe2-87a6-1f4016300623,808.7,2026-05-17 21:49:12.825047+00:00
75d33bfb-6efb-4e50-bafe-3961be7d5b30,47c44ce9-b19a-4dac-bc0f-5483de193c7b,1488.43,2026-05-07 14:56:45.525711+00:00
97eaa741-a69b-49de-955d-cf3debe96608,8c33bf17-3003-4153-898c-8d152e82b51b,2098.65,2026-05-13 15:54:28.201426+00:00
c76fe430-b163-43db-82f6-54f7b9fcc693,68b815d5-d9bd-4b04-af0f-c41dd4305cb7,1685.12,2026-05-19 14:59:22.158347+00:00
5996baf6-ebd4-4e10-8d63-2529397ad850,01663616-c632-4977-93c9-967786f29ae5,1754.49,2026-05-30 07:18:32.307609+00:00
a46f93d2-7098-4e04-9eb3-56799de5713e,a0920f95-f611-491f-b380-4ef8b583bcc5,1450.62,2026-05-12 11:13:30.134246+00:00
0ca56f1c-5b38-434b-b870-2e07273f6802,c4b5199b-78b4-47e8-bcd9-a4a8cc84c2bd,1523.07,2026-05-13 17:09:22.221532+00:00
53b2ebbe-9168-4cc4-bd4a-e57e07429a00,a10b5921-0b90-4b72-b386-997ccca0d553,695.81,2026-05-26 12:58:11.349121+00:00
4db0ad10-75be-4391-af59-981097a8c43a,1987e024-dea8-4b59-9c41-6baa5da45fb5,2056.99,2026-05-22 21:31:11.876751+00:00
734e0075-955b-47bd-9398-559ea2f20f8e,c704b342-8533-41ce-b168-2d620222cc36,1453.22,2026-05-23 02:25:20.520395+00:00
b0168fd1-98d6-4ffa-8afd-731e0cf181a2,bb40401e-cad6-4ca8-a647-01dcc3da6eb9,4546.72,2026-05-25 09:06:16.411530+00:00
6fe82cfc-de5a-49e8-be18-f5df0d08d8bc,ddc694a3-c07e-4969-83dc-6d9deba59c57,247.73,2026-05-22 17:38:47.992570+00:00
a6fba326-461d-4a25-8329-5a0fd75ad458,ea44f540-e645-4f26-b41b-8baeea8c29f2,730.74,2026-05-24 11:03:39.857866+00:00
1e1452f7-375d-4902-ac2a-cdec38574959,23b0f0a7-daa0-40f8-a3e8-298ad3e90377,2689.62,2026-04-21 04:12:47.098713+00:00
8e6a6b58-acaf-4953-b89e-20b225b47510,e7a8e84f-98bd-4d48-9aae-73451b0245b3,4196.79,2026-04-23 22:16:44.929490+00:00
3ba43658-c0c8-46db-a3c2-da497c560f63,1c0b17dc-0f27-4a00-96a0-42f45eed35b4,1028.09,2026-04-27 15:36:34.567185+00:00
9359f82c-42f8-456a-82db-62404a177613,78684747-68b2-4fda-9476-da7a98e0b6aa,1113.54,2026-05-26 03:16:55.875482+00:00
5303feed-4664-409b-b29e-df43985fd691,b6e0f439-bcb4-4247-bdaf-a57e714563b0,2135.41,2026-05-27 12:18:11.293425+00:00
ac74904a-8cd3-4b49-93e1-8d9c1308056f,832d6685-ef87-4b85-8b56-5982202f69ba,602.63,2026-05-29 15:42:58.487594+00:00
f27d31e1-d1d5-41f1-9a0a-49a6cf7589a6,7a65dc1b-0be5-4bfe-a5e6-eaef8fb86759,1826.88,2026-05-31 07:33:22.078589+00:00
6e84b243-f5c7-4163-b54c-1e36525c3204,cddbd064-ed83-4ab7-aadd-6636eab5511c,986.61,2026-06-01 01:23:12.701022+00:00
8d9303c9-b94b-45a4-8fdd-e643fa12be07,83daf52f-01e8-4fdc-92ff-f302decf4aad,1523.95,2026-04-11 14:49:33.733586+00:00
093c620a-70ff-44a0-abd1-7e6f3f39f875,9590d05c-54ed-4484-a417-258809c7ba7a,2286.2,2026-04-20 01:34:07.035467+00:00
f93fc087-592f-422d-b41f-f5db4fd8a048,2bb00636-d1c3-44ff-92b4-399b7830ef5a,2242.28,2026-05-10 21:09:38.357086+00:00
f5eff406-0660-44ff-9c40-ef8e5f9f68f7,e7a44422-d2c0-44f4-b4b6-636c8a63b44d,1255.43,2026-05-27 07:18:51.932155+00:00
56d6a9cb-0640-4d60-b60e-9c039c889860,cab4c1e7-7536-4932-99d0-97bb6d122a5b,1528.61,2026-05-27 11:08:14.535956+00:00
4f7a8684-376b-4f24-98ef-232725a49628,ce0f4c17-3331-4593-acb4-8fdbab34bc08,3486.81,2026-05-28 15:21:56.443230+00:00
59ba282b-5bc3-4c40-af21-1b225fde1868,1d5b7ffd-a108-4337-93a5-d5bbad9e8239,2288.9,2026-05-28 23:26:55.081367+00:00
e2ad4b10-b7e6-4349-bb81-d6354afb1cd9,5f390382-f1bf-4442-9020-6d2c6a0f963f,2265.4,2026-05-29 09:49:39.907906+00:00
ed13d09e-9944-4a25-95a8-6e78715dbf64,f0564b13-81ba-43b2-afba-a0cec1607b0a,2418.18,2026-05-31 05:02:08.769571+00:00
81fb5080-64e3-442a-bfd5-845e77198b88,61a2fa9a-ba49-4b00-893b-5c7f434d5b9e,6515.18,2026-03-12 04:01:19.360473+00:00
d3b51ecd-c645-4dce-ae76-50e10756f449,efadf34d-e2c9-4396-acf2-89fc38f4b453,4107.8,2026-03-19 07:19:17.129887+00:00
214b5cf3-04e1-46c6-9a64-2c7a84a65f12,86f1f7ae-270f-4cba-a2df-2d9fd992af00,3095.18,2026-03-24 00:19:04.931670+00:00
5327dde0-e827-4d7a-8515-d9ba14b70639,2e097554-e19a-4e7d-ab78-a71e59690bdb,3506.24,2026-05-31 01:11:13.280611+00:00
54d52ce9-63e2-4d43-8ab9-d9cd6e4be085,246cc415-0852-4ff5-aa5e-ed567da04d86,6071.55,2026-03-20 06:20:19.770890+00:00
3f24089b-b526-4e76-9496-104a6ae1ae4c,493fc17b-d1d3-4558-a9bb-eb0addfc00f6,4914.59,2026-04-28 23:34:18.662905+00:00
36b0f944-6d0d-44da-895b-a7e1482ebaf9,446cbe83-d643-4bd7-b99f-c19be5cc3f63,1451.9,2026-05-02 05:39:53.468863+00:00
5f7d9237-f1d3-4296-ba29-de34eb6f232c,8d27455b-baec-4eaa-86ec-d44ae41ae7d8,5432.63,2026-05-27 23:11:51.102971+00:00
6da03a84-21e5-48d4-a822-a63958338b92,6a058dd5-8797-43ce-b2d3-7295194928d2,197.66,2026-04-26 00:36:39.662274+00:00
d3a754a5-f4af-4635-8554-4e6b63d252f7,723b77ca-c1ab-4bb0-9d78-769ea6f40810,2457.02,2026-04-29 18:25:06.922794+00:00
706d1a97-8983-4055-aa84-ee5fdc7d16f5,df26fffc-2946-4139-98e1-73ad90bf24e2,1917.25,2026-05-05 19:00:34.243091+00:00
188958ad-0f51-494f-bd3e-a947241cda80,dd50f17a-0a06-47cc-83c6-5620738df46e,3613.62,2026-05-09 01:00:53.402324+00:00
8b5baa31-b6ef-44d2-9fd4-2309d5610b08,489cd11c-315a-483d-ab38-999e5818e1c6,3049.18,2026-05-28 03:20:09.408937+00:00
b98c1fd8-4c0d-4367-9ce4-fca04b36aeed,14359fc4-331d-4914-8aec-4bce2b33cdf4,5641.76,2026-05-31 16:19:44.167366+00:00
007e1432-6508-4577-b969-b77b51ea6f66,c0d87523-a00b-4bdd-b2b5-62820dbc31a8,4972.53,2026-05-31 18:51:32.216015+00:00
bbc3bdaf-9e72-4be2-8175-eccc0345ef26,0d9e431d-28b0-4dd3-b29b-34001751bbdb,2913.42,2026-05-31 20:53:42.493204+00:00
039ea25f-2e2c-4f80-9f40-6295d27386bb,337b67d1-4b86-42d8-b598-e8cf08d442f7,2318.6,2026-05-31 22:19:17.045220+00:00
ecec6abe-2336-4dfa-90f2-92fe18830013,014ec64c-f6bf-42dd-8a3b-fe7174fd68c0,4596.92,2026-04-29 04:08:13.164777+00:00
f074c673-97e0-48e4-b3c1-fc835335c568,accbe3a7-44aa-4a95-b285-d79372e10081,4142.06,2026-05-28 07:10:51.458150+00:00
85818706-61cf-4427-b3e0-a02bfbdcf42e,87046687-1646-43d1-b431-4cab05d518ae,1010.93,2026-05-18 10:12:25.602695+00:00
9bb784c4-5a9a-4217-b578-955970bff9f9,aec6502a-4475-4bd0-84ed-bd26d37f999e,2025.69,2026-05-26 13:01:19.852869+00:00
51c4a0e2-8413-495d-a9b2-0f9dff95bcfc,2db76e0f-86f8-44c1-ae00-1da55f4f1dad,1521.5,2026-05-30 09:45:36.460097+00:00
bc289688-b249-4496-a234-0bce2182f56c,793267ca-9093-46c6-afaa-91ef87f622f8,123.48,2026-04-30 05:23:24.763889+00:00
690ecf89-58f4-42e4-84e4-462702787d2e,ff9ef2c1-93e5-46be-a2e4-3db4a1dc2649,4230.28,2026-04-27 05:31:43.987931+00:00
b8693215-f3d2-4093-8771-f86a341689b2,49e36e16-830d-4bb3-963f-cdd03b83e8a6,10.0,2026-04-05 05:58:00.166927+00:00
58498260-ae2c-4ed5-aa34-0fc477653b11,ded8d095-647a-41ec-a227-1e9848e19d16,10.0,2026-04-12 06:47:17.693020+00:00
25f504e4-0062-4f29-9061-9f4ee68a21ed,5b353fee-5892-40c7-a288-0be34bc14eba,924.55,2026-04-24 23:09:57.311014+00:00
d279998e-f12e-493b-b68a-2aba8c4c072d,f1eff000-53b5-4caf-a328-18fa5ea5e3a7,10.0,2026-05-21 17:56:00.145815+00:00
b6fb3327-bba2-4fba-af85-5f6cc79df9af,63bc6d04-254e-4bc5-af87-36faf269494a,4459.76,2026-05-29 17:31:56.831629+00:00
0de57545-e12a-42e3-a47f-0dc05a1f3aef,37e2e97a-f5a5-43e3-bfda-169afda81232,4518.56,2026-04-12 15:32:45.129352+00:00
f2c2dfce-3825-4301-818c-9417c450c209,48f2e775-809b-4136-a7a1-5d2da88dff7b,2530.23,2026-05-03 06:16:39.296026+00:00
53ecad52-3820-4548-bf79-cecff690d0cd,6a7a665c-9633-47e1-8950-fc9cc7c35f4d,2412.47,2026-05-06 09:45:30.290244+00:00
2ca07909-948c-45fd-b1a3-8a3a96550a29,cdaa10cc-dbbd-480c-bbef-d2c686110756,3975.95,2026-05-14 07:39:38.742306+00:00
cb14e9c7-9a88-4d7b-b3bb-b9b845753899,f2081fb1-7c99-4a8c-8b6d-d9e5a171f060,1326.47,2026-05-13 21:32:29.655909+00:00
1fc9e3e3-0dac-49d9-a5de-78b956ac09f7,4f869044-5dbd-4abc-9e9c-3316fdc8d38c,2223.1,2026-05-21 17:42:36.393299+00:00
91c6fee2-bf07-4593-8254-a91bcf8b68f5,0375abc6-b2e2-47d5-83ca-38a3a7aeaf16,951.35,2026-05-23 18:49:31.465170+00:00
29637ba8-20e8-4396-8a6c-893e7e2d93cb,4f557870-c32e-4c8a-beaf-7704ccb15cc1,780.46,2026-05-24 15:44:54.897728+00:00
64f127fc-1b4f-4939-b92b-c3a86fa1d3ec,53948e24-7119-4670-bb9c-2004216ba265,1111.98,2026-05-26 00:02:02.673999+00:00
6d4969ec-5088-4c1e-b821-a63964c6c36f,322b45d8-1670-4493-ae46-1b4576505f5b,442.4,2026-04-15 20:35:25.849391+00:00
931a83d1-1a08-412d-b421-133ef8c8dcbd,c201c9f2-c6e0-4f2c-8720-011d86e69321,791.82,2026-05-10 05:56:04.220600+00:00
6798cbc3-041e-4eff-ae49-d129e84e231d,ecc89787-ebb0-4e21-b3ab-157578b01ddf,2781.08,2026-04-23 22:50:36.615168+00:00
ba64a94b-3561-49b1-b42e-0dc2d1c13532,f7375312-6d42-4cc7-b1b9-9e0cb060956c,2804.98,2026-04-23 20:14:54.339667+00:00
fc8f75d6-d075-441e-8dfe-9e4181180fb1,976aa2ca-5c45-489c-a343-5073fb6aebc5,2894.33,2026-05-18 21:49:59.611456+00:00
ae9a60be-3927-4f35-9577-8dc3fa322f1b,83e9bdf7-1de8-4a4d-9e64-1f7d33730f05,3218.8,2026-04-25 05:28:46.017713+00:00
7b8fc352-3ee3-42fa-b4eb-2ae2a3f45e3a,92f4a413-3c30-43d6-9281-f4e824c2b99f,2672.16,2026-04-27 09:07:05.130205+00:00
3c9a2413-0fa3-4020-b73a-a755b7a8b888,6d2c5e49-90f4-46fd-8930-76aebd63ea40,1291.05,2026-05-08 06:26:48.004942+00:00
ebd074d7-ab83-4d68-9253-6d4a65353150,3c670fc0-4fac-47e0-bffe-3e64e48448a1,1674.9,2026-05-13 00:26:37.583125+00:00
c2a601c4-99c6-44f6-ab4d-74a7b073858a,4a31fd2f-ea20-49af-82ee-3345c6267d45,4067.64,2026-05-21 01:21:20.838787+00:00
887bca8d-6f21-4137-a170-903e48c3e5c7,82fe2848-33b4-46df-8fc9-7b6d1c9117d2,10.0,2026-05-14 09:07:31.102111+00:00
bd902c99-6e5e-445a-922f-a52e9a7ee751,8630e07e-61c0-40da-b402-58755c7a9c58,3342.56,2026-05-15 01:46:14.839673+00:00
4199e442-0b9c-4fa1-9fa0-98ffc3e41904,b277d47e-7d8c-40d0-b93c-fa5c62ccb777,2401.47,2026-05-28 10:39:01.023144+00:00
1c858103-3e3d-4acf-93a3-2018efaf4f3c,30f621cf-d0b1-4b5c-bc1f-4727de045fa0,3494.78,2026-04-22 20:03:24.761371+00:00
46f708c7-ac96-4de1-b394-972fe0bbb164,f55958cc-f0bd-47ee-aee0-ab2934ff34e8,2101.61,2026-05-18 09:57:56.685607+00:00
cc308848-b59b-4836-b064-7afefad9ab1b,71d55751-49ec-442a-b6d3-bb8c333d42b0,1230.1,2026-05-29 16:43:27.870650+00:00
e99636bc-fe54-4a45-ba9a-682ae3baa0d3,2790db8c-6948-4265-8d2c-009d36fe2efd,2986.91,2026-04-22 01:55:34.317417+00:00
96e5c3bf-b038-49c6-8b5f-283226d3a83d,0020d9ad-344c-4992-92ab-706a69bc7be3,3454.22,2026-04-24 18:16:04.729032+00:00
17eebd16-ae07-4a22-ab36-bea04b9b27c5,49bc4df0-af0a-40f8-840a-6dec572be9f7,1216.87,2026-05-18 18:26:44.564374+00:00
3f37b7ca-1c45-41b7-bca7-b3c6fbf51a61,0c087090-bbad-4d06-8398-08a3a2c75c32,2276.46,2026-05-28 11:18:00.873226+00:00
e6789a2f-2bdb-4eda-986c-a4624fe9eff6,101dc97b-8c96-4022-9f1f-c992ba702703,1542.86,2026-05-28 16:03:48.006227+00:00
40c0992e-1d23-4048-8e53-be07ce3d4f80,9ad57f5f-5b9d-4d52-89bf-30805ef43242,1817.25,2026-05-20 16:00:12.725536+00:00
a6e2533e-c2ba-42eb-ae10-bdd6fe0bfaff,b4bc5537-d0fd-4a8a-8768-dbe6d6cafe9d,4837.42,2026-05-14 20:41:41.987145+00:00
5cb597d5-447d-4c7d-ac9a-8e1702b2b05c,4b6b27d3-92a9-4c49-bd32-f44d0e0b2cf2,3280.34,2026-05-29 11:43:33.074947+00:00
9b6f9b15-af37-4577-96d8-0bd464dc4816,5c1c2071-634c-4335-9b49-942462b77bc6,1697.04,2026-05-15 07:45:27.048402+00:00
bf97ed08-ecac-4a89-8e32-43ce6927f6a2,f018f1f4-686b-402a-8940-5d3c856b1020,1498.74,2026-05-18 14:37:50.380572+00:00
e2dcbd64-01a6-42ce-b713-f2b59acf3fe2,1d6781b2-cc4a-4214-b122-6c01b1d91f8b,930.03,2026-05-10 06:19:19.892152+00:00
96f4ad57-29b0-4e34-88f7-8fa419379f16,12ac432b-769e-4169-a2fc-2d1a550d5def,1130.31,2026-05-12 23:48:06.476937+00:00
9cb19fb1-cf45-4b0e-af03-a0ca8c50de42,df22fb79-6c3e-4972-b951-46a38ca398e9,3578.85,2026-05-22 10:25:50.267166+00:00
d89f1ac6-0295-4501-a26a-81daf2578db3,0677c997-e829-4d96-983f-483bf7b80b82,4358.38,2026-05-26 20:39:45.127002+00:00
5bf71411-8adb-4ef6-aad5-1e6f2ea5a7bb,400040f0-4831-4af5-b54d-39931b9cb51c,5068.79,2026-05-28 10:13:30.626420+00:00
16ab22f1-3f04-4cf9-80fc-b6281ca7836e,da51a4ed-2034-4140-9268-877f7587d1d8,10.0,2026-05-18 08:02:31.812370+00:00
4c3d1753-b1c0-4701-86a5-107abfe4e693,0c21e1d5-d540-4099-8bce-0912d95dca15,2039.9,2026-05-02 02:50:45.046144+00:00
bf21242e-bd68-4fa0-b964-f2a972bfa293,7de51957-358f-4a1b-b31c-583cef761cf9,4011.85,2026-05-31 03:03:16.931074+00:00
175b8b9c-f4b0-4c6e-83ad-a5ccb099ed1f,2e54c043-aaf3-4b7c-b080-d93bbae37dc1,690.06,2026-04-19 16:40:55.099285+00:00
c8a37589-0020-4090-aaab-7c632be6a9ab,f79dad79-90a9-49c4-a671-73c63154ddff,359.72,2026-05-03 09:27:46.417949+00:00
4aaf5b04-e83a-42fb-be2c-b0d3a40ace83,098ed2f5-0d63-41cc-a25b-2bc76e46c7e4,78.21,2026-05-09 17:01:41.506968+00:00
b55bed41-5089-4651-8085-c3ae3d569ee7,8d130cce-1f00-4b78-a0ec-58135a5d8d53,372.45,2026-05-16 10:29:49.438926+00:00
da72fa2b-605c-47ab-991e-46a4510c576b,fdb9744b-4b6c-4393-8f79-a40f65001b52,907.07,2026-05-25 08:53:06.677239+00:00
096d1fc8-9521-4fac-9a58-df85160ca743,076632f1-e011-4192-b9bb-c90c72205200,1275.39,2026-05-29 23:16:20.877161+00:00
3e9dab86-f6d2-4519-8fba-edc0bff0e1a6,77942189-1487-471f-81a7-36495036363f,5174.86,2026-04-02 16:35:14.958767+00:00
269dfd75-d5bc-4fc1-9b4f-d2c8ff65f15e,d1030dc9-30fb-4aee-844f-dc9b64412bba,4105.01,2026-04-12 19:16:35.410701+00:00
4e68b4ee-6cec-4b46-9ac0-43d200d556bf,8a5acca2-74ad-4701-9818-d93b250f8408,528.33,2026-04-17 23:39:38.032118+00:00
3ce29027-f92d-4cd0-aa55-184db8837fbd,3afbd2cf-376e-4884-a865-9fb54183e712,2345.99,2026-04-19 15:00:05.142488+00:00
e388c3fc-1241-4c3c-9bd4-87fa00ba829b,e3ffbe9d-06ef-4229-8a67-6754d0ffa8b7,3990.67,2026-05-19 20:58:29.425675+00:00
0e091dc8-6238-44df-a297-f410374f55ff,84ba582c-34da-4b04-8828-dfcb7bcb8008,3616.24,2026-05-10 01:29:32.964627+00:00
72eb072b-900a-4ef0-a531-9ff6b58ace5d,61ff657e-023b-4a5a-aea8-cf018665344f,2632.38,2026-05-12 05:19:55.206431+00:00
4d25e38b-bfc6-4e6e-ad34-fef2b738f71c,c52a4998-1ef9-4791-9127-d80a9bb13d53,2358.9,2026-05-13 19:47:34.556413+00:00
098673bb-33c1-477b-b876-fb3ae7f35008,f4cea900-3d7c-464e-9a42-0f7d82ebdfca,4218.2,2026-05-04 11:54:23.972482+00:00
b4256a18-e495-473c-b07d-e4f2a58c386a,adb9a611-8fc0-4e8a-a8a7-51541b4fd446,4007.56,2026-05-14 05:12:00.613190+00:00
29031e41-dedd-493b-b3bd-1dd4215e6f93,da4bd6c2-1cf3-4e64-8ee4-45870bb2b98d,2535.68,2026-05-17 23:29:18.810310+00:00
471c409f-2364-4f86-b8d6-548074121f2f,936b65c7-f029-4698-848b-fbdd0708f065,2707.54,2026-05-18 21:26:28.249915+00:00
d0367513-c3d8-4438-b17a-b5e0f3b6f529,2bd1ccac-1ee7-4bc4-a6dc-c4d489ea46ac,1381.63,2026-05-28 07:49:52.677819+00:00
d9da171a-4b15-45e0-8489-fb23a80d7304,646cba69-3b51-458b-a8a1-13f804be6e57,1056.83,2026-05-14 15:51:57.963393+00:00
c57006b7-ed4c-4fcc-b340-334a1e7edf2f,0a38bcb7-a867-4d0f-b595-6fd2ade59434,3076.04,2026-05-30 21:32:17.966719+00:00
11b86159-02c5-4b9f-a2c3-b80de028f924,7257c5ed-cde3-4fd2-a90b-6644016cb032,798.74,2026-05-31 02:08:08.333914+00:00
9766c68d-e849-490b-98fa-2a812139fb98,1faae32d-d1e0-488c-998d-53641e8b7c46,2229.17,2026-05-31 23:26:44.123917+00:00
28ec84ce-ada3-4e13-9819-b16be5989f0d,096d114b-2ed3-459c-aef7-fb90ad545cc2,583.85,2026-04-30 05:16:55.004475+00:00
734bdbf1-5639-426f-a366-b03f43bbe58f,045b811f-b622-436f-a9a3-41d7f3aab65a,1077.88,2026-05-09 13:29:29.451388+00:00
15002549-7600-46b0-a42a-768188eba6bd,6f4b8800-237d-4937-bbf1-99f80ab68049,291.51,2026-05-19 02:37:22.118956+00:00
503d31b8-6e97-43e0-8797-ece646f0abd1,1b5876cc-759c-4d1f-a317-76057cf5e054,1617.08,2026-05-19 02:58:38.999953+00:00
1e4a580a-4c96-4163-8309-ec743ac457df,9f63a639-b99f-400f-ab59-7de51c52b818,662.8,2026-05-17 03:42:50.090342+00:00
8ee6fde4-b474-4b05-bc41-5d083010a2a5,939b0c7d-50d7-48ac-8cff-1ca046868037,273.72,2026-05-21 21:47:26.205873+00:00
66cf6900-4326-4fe9-bc7d-96c8232a13e4,11969b2a-0fc3-4ad4-9da2-ab6a7cb3a620,590.74,2026-05-23 06:57:59.155493+00:00
a41e0c2d-ff88-4e8b-9ec9-45f32e63d3e1,a41bb871-a4b2-4874-9bdc-5e331bfd918e,674.99,2026-05-26 02:16:47.710578+00:00
a3006904-3928-41e1-ba6f-9cb3a194d1b7,f53d77ac-7b66-4b43-84f6-41d9e6bfa271,764.78,2026-05-27 12:20:46.035329+00:00
c8ee220a-b360-4fc3-aaaf-f771bdba428d,add179fd-e8ef-4dbc-8c1e-c4d83f427fc9,1098.56,2026-05-10 00:27:32.487260+00:00
12d80a2a-bb50-4fc0-aa1b-52ff47fab07a,9c427344-17ed-4518-8780-16afabed4016,464.99,2026-05-10 07:02:07.012672+00:00
4da3834b-95f1-4528-b03e-863349368c85,816278f7-2fd4-4561-8a7e-f757bd8a879b,893.48,2026-05-10 09:07:47.579192+00:00
85f795ab-6b22-4780-a4ea-e581c7d34d9c,765d7b24-5c40-4267-adcb-02dc149929bd,1595.58,2026-05-29 19:49:06.932379+00:00
a660224a-814a-4779-b1df-fe915c9b47bd,50b87942-7c4a-4d26-a611-5c38bb239e49,516.82,2026-05-13 15:22:36.047451+00:00
768b0492-0be5-4882-856a-e5f070b7996b,60809c73-9c67-4d90-9779-bec0f9ddea27,753.15,2026-05-18 16:25:31.177342+00:00
e745e8a1-411b-43ce-9098-3793ff9c8e3f,1b1a5b48-78e2-43eb-bec1-3bfd1265909b,1950.01,2026-05-19 05:19:02.580384+00:00
24ffcf0c-89f6-4c19-97ec-5f6df894c1ab,92204bbc-645b-498f-b95a-ed41cc34268a,2246.82,2026-05-29 09:56:32.527058+00:00
5e305f71-d26f-458b-8145-a85eab5ff25f,0f904315-20b8-4132-95d3-c3984fee4361,1370.14,2026-05-29 20:25:07.072644+00:00
342d5395-8ccd-4b95-b56e-17e571b7ed6b,4166399f-71cb-4bd3-9330-21407ec3f2a6,4440.34,2026-04-13 22:02:45.738208+00:00
b8508729-5337-40e2-a460-29642fd9d5e2,da465f9e-39e5-46b8-8fdf-8fd3b22de9fb,946.86,2026-05-28 06:48:53.355586+00:00
3f88c6f9-6c20-426e-8470-28c055b06262,633d1d7b-0718-43ea-a846-20a8bac6fbbb,800.7,2026-05-30 11:57:10.667616+00:00
57864d7d-c1a9-4fd9-9e2d-d5e747fbde07,db3cad10-087b-46fd-8738-ab2da27c4157,1312.88,2026-05-30 13:44:50.191775+00:00
871af4c0-0743-4d08-970c-1749bd7d6faa,a2f26288-68fb-4bf0-8c27-a72286f75a2e,889.82,2026-05-30 19:18:26.294165+00:00
e4b4f874-7949-49a0-bc32-d162625b446c,c6ffb577-8116-4e48-bb4c-d3f796ba6f2d,1059.99,2026-05-31 00:29:29.331437+00:00
f0f2fdb9-9969-4958-a777-9ee46cbcb400,44a979f7-d5d2-4cfd-bda9-b74a676b7675,640.75,2026-05-18 20:38:28.449825+00:00
ce75eb4d-9151-4fc0-97e4-e52791fa8b2c,cd302a41-3e60-4a37-b4e8-492feb39bbae,132.83,2026-05-23 22:23:12.458760+00:00
9290e933-0f24-4a1a-b2a2-415512df068f,74f92b16-ee74-4389-976f-23cfeba1b3c7,496.85,2026-05-25 10:55:45.697839+00:00
704439c1-9322-43a1-adad-05ebdaad70f6,fff1df3a-732d-407b-b0e7-26c55c2c0215,4911.96,2026-05-13 17:34:28.314952+00:00
c50f1f3f-3be3-4d11-ae95-05b1a4e21796,b3500b96-a411-4b91-b722-96e8d558cd5d,8800.31,2026-05-14 20:01:57.515692+00:00
e3bf1826-d178-47a6-afa4-1b7910f370bd,35abd8fb-5cb5-46e0-b32a-e2ac678d39be,4410.19,2026-05-15 08:35:01.645851+00:00
0f2d6a34-7405-4a80-a996-c3672dd9151d,642682d7-e597-4728-acdd-3388838a6ead,3843.58,2026-05-16 00:37:22.443073+00:00
a762eb8b-29ff-4395-ab42-e8f98f7f6394,9d39f129-b16c-4bc3-88e1-c3f03f4efca1,1130.15,2026-04-17 18:02:31.727283+00:00
653894e0-e431-4b3b-982a-fe7265e1e9f2,dcdd7fa1-bd38-41e4-b2d3-f53a462c5158,1583.81,2026-04-25 11:26:36.903536+00:00
bb68d589-c6a7-4aac-8144-e8ab47da49b7,687d1a15-8fa8-4744-aee0-ef7a84d9f528,807.43,2026-05-01 08:18:00.662707+00:00
8bb3ea9a-758a-43b9-baca-785a3bb2a4ef,7b2186b2-07d8-492e-9bc0-23c6d047b6a7,10.0,2026-05-13 00:35:17.882602+00:00
67bea01e-1244-4342-9180-f805a30356d0,9d676f4d-e065-4d0e-97e1-e79072ffae7c,2829.74,2026-05-31 14:57:46.060381+00:00
1a69c66a-31c0-4d92-9924-0ce2eba42202,1f17a067-12e2-4bbc-8124-0196273a8835,1700.92,2026-05-01 16:21:08.625167+00:00
797c5a50-d1b3-4bc7-afe5-f3c8cbadaaee,52353797-c03c-41e8-a260-54b2020f2dfb,2287.24,2026-05-02 10:07:43.463229+00:00
17a91527-da4a-427b-9b36-c2c5ffe9fc29,164b95e7-421d-447d-a961-6589c8ba5c76,1980.59,2026-05-21 23:34:20.866118+00:00
d102b5fa-8e4d-4dea-847e-91b910da0ae8,14f8e2ff-7c72-4947-a08c-a01429a6713b,1351.03,2026-05-25 19:00:28.538070+00:00
0de55588-7d35-4b1b-af5b-061ef63b2d98,19973ab8-1fdd-4839-aa8c-9ebc43276d26,448.76,2026-03-21 11:13:33.055190+00:00
80726f62-39b3-47ae-a92f-b3b9c5af1cf6,84e68386-1eed-46ad-97af-6f2ebfed4b47,801.59,2026-03-30 02:41:25.979858+00:00
9b0e1f2e-ae9d-4d54-adc4-62112c6ee5b7,dac1f63d-cf5c-4fbc-9bf0-5b2e80587c47,226.65,2026-03-30 18:37:10.813252+00:00
82fb045b-51b6-42a4-a9b1-f3bc76ef8d1d,586c4ceb-0a1e-4ec2-97c6-15de12aabf7a,246.71,2026-05-01 17:10:06.798291+00:00
0bd34baf-7e58-443f-8e9e-6a0a037e79c8,d97c0bfc-7638-4f3c-a762-45926021aaaa,5608.97,2026-04-13 01:31:44.965764+00:00
036d4c95-8a38-4a22-bb10-264381d3ec6d,cdfaed2b-85b6-4738-98f2-dcdc024febb0,3772.2,2026-05-11 09:05:35.282434+00:00
b1ced633-4175-4adf-a00b-5ddeedfc6bf9,b54426b9-7b3c-42d7-8862-c33d69c1c219,974.1,2026-05-12 17:22:05.213926+00:00
7b028af9-9169-474f-a2e8-f96103284168,d4ac30bc-873a-45f1-910d-d5a8f575f1cc,2165.8,2026-05-13 01:39:46.209550+00:00
8fe4d8d7-ee11-4534-9c32-63bc7c9ccdc4,f7bebe7f-f191-4f83-a89f-3680a57c04e1,1691.92,2026-05-13 17:15:40.148899+00:00
d766253b-f0b9-46a9-9503-30f2b276ba34,3519e4a0-3af9-4dcd-9877-8d7d99917edc,1467.93,2026-05-16 22:14:00.393388+00:00
f82b0be0-a966-4235-a419-2a518d10155c,bd75417c-649a-4acd-b420-7e7b2d88cc74,131.96,2026-05-18 19:04:59.001663+00:00
cfc32aea-f928-4e25-81c8-f9cecaacf596,f7ef951a-81b0-40f2-8ce1-3ff24a753369,1072.46,2026-05-24 06:49:53.757949+00:00
5b37e4da-f06d-47fc-a229-7fed673262b2,ced4bc84-c059-4f7b-b648-bccc01f794ef,784.55,2026-05-26 16:27:56.870219+00:00
cfc68253-4007-46ef-8366-16f12c1e8f5e,b3afc65a-891a-450d-b18e-75d00c7a1012,1407.48,2026-05-19 00:49:36.560630+00:00
f6314b3d-38f0-471c-ba45-5025fea9617b,8bfc60cc-d78f-467c-88fb-8dbd78729620,1693.22,2026-05-24 11:17:11.429360+00:00
22210af2-328c-4e50-8ead-be5c08d5fe35,e913cee2-d490-432c-ab7e-4fc40491a809,2393.29,2026-05-31 16:22:18.928421+00:00
a8053129-359c-4cb4-88e8-c26c11986576,5b2328bf-038c-4531-b754-648a17f6477b,1755.7,2026-05-19 03:04:04.745618+00:00
ebae863b-9455-40a0-bf50-ccfd1d2f8972,fff1fe5b-d5fb-4973-8a1d-1c3e999a7e31,10.0,2026-05-25 17:36:22.703105+00:00
590d78a7-35bc-4abc-8d81-2d80d42697fe,aeb89a41-4814-49dd-8769-0e80a80c5f6b,5075.11,2026-05-01 07:05:45.001994+00:00
cfdddf62-a978-4972-9878-4f4a40787ac1,ad170b87-fb8a-46e7-a0c6-a19fc0318a32,4051.25,2026-05-03 18:12:41.445559+00:00
7d376638-7120-492e-9dc4-4ac27ca96af8,40f394fb-559e-4a74-95ea-7e131ffe2e61,1905.72,2026-05-20 09:46:34.078296+00:00
70609b38-babc-4ae1-983d-cd736b7c9f75,bd3adb1f-c3bd-4920-9029-9a8ae80dec57,3359.82,2026-05-29 07:45:25.993312+00:00
dd69ece9-bb59-43a7-b296-ee9f4b357ada,ba6818e7-1176-4995-8615-3cf590fb4629,4356.67,2026-05-30 20:27:57.455145+00:00
cf95a847-24c7-4d1b-909d-5994283f70bc,4a78ea13-6e18-4b3b-bc36-1dd582393acc,851.93,2026-04-23 09:34:03.040820+00:00
cff8a787-16bc-4c76-b494-1c6b8f5d6d7f,dbb63d94-b55e-4407-9f2a-1cca3f556585,1024.25,2026-05-02 12:25:39.914008+00:00
98e76936-abf1-4a6c-a0e7-fde507ff3527,1ef56890-1413-415e-89fa-d80904a415b4,1290.7,2026-05-15 21:36:26.047221+00:00
652a1f2e-0be1-4a1b-807d-bf59a3594602,18a1abe7-c0aa-4ab6-884c-4e5dfbc33794,483.66,2026-05-19 15:49:42.162826+00:00
6dc1c5c4-5ae0-45d9-933e-8a3f19123b95,a8522567-a6c0-403d-9b94-41a394c1716a,313.31,2026-05-19 22:49:30.951340+00:00
8bfa7480-ef7b-4f24-b64b-363d7c1b2210,15520d4a-66ec-4785-b5ed-782419180502,2562.22,2026-04-01 17:28:15.614768+00:00
73e76f8a-5151-4311-945e-9ae4a3e42daa,ebb22320-c3fe-4cb0-a9b9-ba4696467c62,2832.29,2026-04-17 04:08:19.848953+00:00
9339b0b1-d5a7-4052-a1ad-e57240ce36e2,dca83a60-4169-44ef-b5fa-7268c6b6cb4b,1797.73,2026-04-20 05:37:02.323591+00:00
39bd7534-c6b2-4b65-87e8-7f1da3bf3a39,0600481b-7304-40df-9502-f88b64efb56a,3225.82,2026-05-09 11:21:53.630958+00:00
e1d96e98-8d78-448f-a9d3-2c082a48d4d3,dc147976-8852-43a8-b920-29533ca2b962,2591.36,2026-04-16 12:56:56.463617+00:00
eeb1046b-3786-4e2e-ae8b-921f444324cf,9d2694db-a8c5-4ce9-a8b5-14e3465a49c6,1218.13,2026-05-28 16:57:18.836653+00:00
3de0e43e-7ae2-4ad3-baf7-2fa5e5b81888,3cb539c8-865c-4da4-b605-fe6846d921ba,3152.27,2026-05-21 01:15:45.426168+00:00
4cbd1eb3-ff46-49de-97fe-517a327796c5,303b5b30-56a6-436d-9c87-10d7ded3252b,975.86,2026-05-28 23:48:55.583872+00:00
18546117-df9f-4c36-9556-1f201792041c,cef3bcef-99a4-4756-a615-bc0d4d985b2e,4029.64,2026-05-31 06:11:43.549034+00:00
403ad5a2-d2f5-45a4-a3d6-44dc23f5c818,7467b363-0ab8-4db4-a54b-f6d7c8b8e57f,10.0,2026-05-28 05:13:14.633661+00:00
9984921b-ca90-4f5d-a710-bb03f375fe42,a8b4ef85-75c4-4948-b8c0-dbd54c124659,376.0,2026-05-28 16:05:10.530368+00:00
0344250c-5d8b-44dd-a276-92c22af431cd,bff4dbba-f4df-4633-9e22-f1e7bc896dc6,3018.84,2026-05-30 18:04:40.281107+00:00
a6982d9d-2c45-4401-9510-970f2df6e9de,8fdfbe32-ee8d-42c1-89fb-864f70209c18,2982.51,2026-05-19 14:57:33.224985+00:00
92495121-805a-4150-b839-dbe516935c0c,fba8866d-f6a2-4db3-8cab-36c2a4c9a43a,2374.73,2026-05-11 07:29:50.721964+00:00
1d2556b4-e540-46fb-be64-6386f1e5bdf8,5a2b0cce-ff07-4367-9f1d-91414b15a591,5004.1,2026-05-25 15:14:37.374027+00:00
8754e926-8ee0-47a0-b677-4b1115e7e312,4774894d-78fa-4172-981c-70b9079d44bb,499.68,2026-05-02 06:46:23.770341+00:00
792ab89b-4d93-4df7-92d5-172fbf748fc0,ebe6b110-5af7-4f95-9c92-42c42ea5caa1,15.71,2026-05-08 13:25:58.790889+00:00
dc5e8213-d39b-4c9a-aed9-e2780d7bfe2e,358fb625-37b0-4449-8934-c8bf4a2bdc8c,1101.52,2026-05-22 15:35:00.819491+00:00
f9ca52a0-182a-46bb-995b-e91a47375cd1,3ad1c226-8984-4a5e-afd7-e710123b6357,1555.55,2026-05-24 01:44:44.936195+00:00
f6120561-9ae1-4366-83a6-705917d4f09a,378c89b7-38ba-4b3f-bdab-1960511d220f,1563.71,2026-05-24 13:20:58.215816+00:00
110af57e-ae13-455e-9401-8c72a35ebb0f,e1505f07-927d-40f8-b6cf-4ac59cc23e90,2746.79,2026-05-25 04:14:17.388240+00:00
ecbacada-a2c0-45bb-bbd4-ae3958d9208c,597a41b5-9454-4704-9797-d7d80621f2dc,3733.13,2026-05-28 23:24:05.422793+00:00
8c10c5be-8caf-47a8-8358-bcd35b7ffb17,81c8f2c9-dab1-45e8-92e3-b1aa012dcc49,1091.72,2026-05-27 12:31:33.151541+00:00
dcf83339-e7bf-42b9-a8be-360d07398a4d,9c89f2d8-abbc-4124-b911-e0faf62487b5,3108.8,2026-05-28 15:53:15.255023+00:00
2c68e9c3-8197-4807-8ef9-8690de539ddf,03b2148b-cc07-453c-9b17-649882cc8c19,3327.63,2026-05-29 18:19:38.851972+00:00
e50dfc5d-e846-45f8-a4b4-03bc29a2b8a9,1f867891-528a-45d7-a6f7-6782c822193e,2615.65,2026-05-31 02:44:34.596215+00:00
949c6923-a208-495e-b6a9-783c2c4fbeaa,d17d217f-7643-44b8-9144-d6847103cb03,907.43,2026-05-23 19:01:09.585453+00:00
4bb1a41e-ee9d-4275-b61a-4599c78b6c52,746f43a0-d7a2-4477-b2b4-0645fd426ad5,1472.52,2026-05-24 16:44:39.633425+00:00
63ab7957-8eab-4f13-9582-f1074c52c16b,52f3723e-d278-4f11-b3fe-bc16671d2bfd,2430.49,2026-03-19 05:49:04.376023+00:00
f5f78cb8-059e-48e5-bba6-40f099392f4d,feacf4c0-7815-4ace-a2a7-def56c7e1717,317.93,2026-04-01 23:41:54.619914+00:00
d4d81255-0448-44a2-8301-73be94b0cec8,0f9159f4-50a8-4df4-830c-2ffa64228d1f,3211.25,2026-05-27 12:24:27.988327+00:00
e540fecd-61f7-4323-a6ec-c0cf140fb239,680a6103-a6f3-409a-9a9d-1eb3a140ff50,10.0,2026-05-27 13:28:29.504137+00:00
000f4d09-a820-436c-aaa9-c52743204521,995e0063-e9cf-4e92-a5f0-33a982232ce3,6251.05,2026-05-27 17:44:26.000783+00:00
153fcc0f-e6ee-43d6-b2aa-6d57c6560ea2,04b4f2cb-6432-4817-a0f8-1b26218f5a3c,1628.49,2026-05-27 18:57:59.893412+00:00
f63384cb-9b12-4e41-af02-a5a25db7af11,07d990dc-a6af-4a4b-96ea-3e85a9f3a2e3,2288.6,2026-05-28 01:00:53.844589+00:00
2e4ccf4f-82c7-4195-a11f-c45db7b36f30,048b65b1-5378-4463-834a-4a64cc3ac01c,5698.24,2026-03-26 07:14:33.533894+00:00
a28184f7-af86-4a64-9d6d-91abb54bd468,04544bec-8e1f-44fa-b657-392b77b4074b,2574.66,2026-04-07 14:11:41.470238+00:00
153ebdd4-f081-400c-b7da-d5a37a92f181,0a087736-4160-4f73-ad4a-0a112cac8bf8,4051.77,2026-05-28 10:56:32.964428+00:00
de1a6527-3457-43a9-a48d-257222c15212,5e0ff59f-b7bb-4614-8ac5-98f1d0cc2012,2344.83,2026-05-10 18:35:43.251158+00:00
608b2ea3-a4e4-4672-b4de-c5b2f8c22659,f35589c7-5275-47f7-93f4-f573c821e9ba,518.09,2026-05-15 07:31:42.540492+00:00
f166e1e9-aa28-4377-94a4-503b0fc36220,fee13f81-f308-4077-a562-5b99d610545f,2018.87,2026-05-23 06:15:57.634360+00:00
21e51645-36fb-499b-9a92-5e83039d8bff,b68c614c-774e-41ea-8ce0-045683038a1b,2440.87,2026-05-30 09:01:24.641335+00:00
3ab5c7fa-509f-4e5a-ae32-8727ce7fd4e1,75915f0a-0d16-4915-b14f-ff3bbf3a6cb8,2628.2,2026-04-13 04:28:51.904099+00:00
875875a3-559f-4402-b7b9-f37d0fc6a894,717214a3-940d-475c-881e-f0f0432ff748,193.57,2026-04-29 15:06:50.527500+00:00
36165c34-d181-4647-b587-c6a7a1c515d8,7e0a50bb-cf58-4c5b-8843-5bb58f180565,445.7,2026-05-08 12:48:45.186774+00:00
f6d1f962-df80-4244-b990-c787b55a6122,f29a2fc1-b594-41c2-acbe-bc60c3bb2991,3979.65,2026-05-17 18:21:55.303603+00:00
bac1601d-6d65-495c-9622-4220f7746388,de393c24-6413-4d62-add6-62cf252bd348,10.0,2026-05-21 01:20:51.891500+00:00
09191e66-dcd7-41f2-add8-5b7c8f2e794a,245d89be-96c5-416e-bf01-f941aaf8810f,3171.4,2026-05-15 19:37:35.604091+00:00
a797193e-7530-40e2-a426-4b9a515b6d39,9226ad70-3452-4a45-ba85-85cf18fb4998,1935.22,2026-05-18 13:55:56.254421+00:00
7c1f9fad-8093-4a2f-9e7e-bc31d5c4182f,702215f4-c3fe-46d5-b14e-acd80661247a,1014.95,2026-04-24 10:10:22.387265+00:00
6fa48914-e3f6-4cf7-a3d5-029e04033062,f378bf3d-cf4a-4d54-a65d-1ab20f7ef966,4068.22,2026-05-06 08:19:05.872524+00:00
d4702a5a-ccc6-4b8e-b47f-1445466cb3a5,b2d56515-641d-4cab-bb17-d01d1c796231,2181.75,2026-05-23 02:36:28.221379+00:00
3368e960-1df8-461a-9c58-efa3a28a77eb,dc371707-a58d-436b-9392-7b3eda59664e,3228.6,2026-05-31 06:05:38.368382+00:00
1ad9172d-99a1-45a4-aea5-190e1bc33114,fb2b08f9-8a31-449a-9934-5f06a98c13ce,4349.52,2026-04-27 03:12:44.486878+00:00
0f56b782-e8d0-4baf-9f5a-35aa8dea2bfd,4e59b319-dd6a-4171-94fd-c9e4d36a191f,3551.12,2026-05-06 18:13:35.196321+00:00
8f7ba7c0-a2f7-48c0-8125-bdce5e862db3,5013e784-6964-4602-9c7d-a6bb1e7db0bf,4694.82,2026-05-14 11:54:45.602230+00:00
3a09c232-f071-42d4-aa97-47d3639dddd8,c5dbf798-3ad3-4ff5-9a8a-1d1060cdf026,1826.11,2026-05-31 07:51:06.806084+00:00
af975237-b57e-4255-9ea1-7731ddd32813,e53fe246-7bea-4f21-9403-2329bbbad3fa,2662.01,2026-05-31 10:46:23.272612+00:00
d1716c03-4fbe-4689-bfc3-7c299d51bc79,640c3156-8e1f-42cd-b849-6000ec69cc45,1990.99,2026-04-21 03:20:41.960342+00:00
b7c2b3f0-6d45-460b-b311-79ffb1882378,c91dab3d-7dc7-4d2d-8318-b852a5e17dec,3371.9,2026-04-16 00:33:03.482057+00:00
ce446a83-ba37-4285-8834-d3e3146112f2,5ec8204f-c560-43fd-84da-6d5d49641119,2141.88,2026-04-19 04:31:05.927574+00:00
3a8c647f-e598-4366-acfc-74ba9c496458,985e8bd6-1d63-419c-930f-1a23be3e8081,3163.21,2026-04-21 19:35:54.704233+00:00
035c85f2-7648-4f30-9f88-64e5c90a34eb,2b575fb1-9d5f-4975-9e92-361c0028abc6,695.98,2026-05-08 22:39:52.468819+00:00
e8f1ac9d-779a-46c7-a649-d52925b775b4,03054fe9-426d-480f-b239-f849fd698941,1935.26,2026-05-28 14:07:18.583653+00:00
676d7844-0709-462f-8d04-cd384fe3ddbe,3aa8faea-19d3-4314-bd36-cb606418f180,748.3,2026-05-14 14:11:29.757312+00:00
2139b279-c266-4384-8482-f09e5936eaef,eae4ed38-795b-4cc0-92e1-ac8b16dd2d3b,1108.41,2026-05-28 11:31:02.603633+00:00
53bc4036-a23b-45ef-beac-ac1420467dd8,57eb09b9-3b0a-4b57-8eac-99e3bf1ba838,2413.68,2026-05-16 05:33:18.669547+00:00
b23fafef-b905-44b6-9871-4884cddc9b8a,1e7399dc-e950-4564-8d4a-6a2dac16540f,1215.75,2026-05-21 21:41:20.538595+00:00
9a996f26-5fa4-480c-9805-9e102b201a53,91340a12-e97f-42b2-a298-590e9a5e73f2,3503.78,2026-05-21 22:51:42.507906+00:00
85fe5378-05dc-43c3-9750-d9a1434b212b,57049916-5f7c-4ec4-a5c4-2b5075feadf8,4700.83,2026-05-26 10:18:48.289600+00:00
f12a1542-aa0d-4d0d-8ee1-1b10b67230dc,9476ce50-e72d-4a4d-8d80-7dad96287d14,3489.87,2026-05-28 09:39:43.182865+00:00
f07d7629-cd04-4e6f-9f4f-0ddc7c38224b,f2fec8f1-4466-4dfc-8a12-7fa2788ccd0b,1906.31,2026-05-28 20:52:51.994335+00:00
e3b10bcd-3059-487e-9a1d-92ef7d16c5ce,1e39547a-0df9-404f-a741-b8f4256a23f7,3453.89,2026-05-29 00:47:38.312444+00:00
20a5612e-baac-4cd5-8ee5-562214198add,bda75ddd-9a82-43cb-8ed3-fa120c4eaa9a,868.17,2026-04-15 14:07:10.607378+00:00
bf588b27-cf28-430a-ac9d-fece853a12bb,242b202b-b9e7-4727-a7d9-bd36bfcd20dd,1152.32,2026-05-02 18:06:52.083248+00:00
ea165737-90a8-47ca-84a3-1ea80ba99461,2e3c47e3-0131-4743-b8fb-1e6fdb67a660,1970.24,2026-05-08 04:37:56.870898+00:00
724f0df0-f2e5-4382-b548-5101453f3424,245540a9-fa1e-4498-b740-b71446b3e2d3,833.24,2026-05-22 21:32:01.584309+00:00
837a0f25-eb25-4944-ae53-c9c29159ba66,736a41a7-29bb-4277-89ce-5d17a5822966,1859.32,2026-04-03 06:41:27.997977+00:00
364b4b62-6c4e-4f22-8e1c-641a311f85ae,1cc2b724-2e94-4a71-9e53-a87e017f939b,1522.93,2026-04-09 18:21:14.665933+00:00
d3ac4cf1-3633-4f5e-b667-70c2567b42a1,2360b61f-f0bd-422b-b739-c717cf3b08b6,1378.04,2026-05-07 04:18:27.588630+00:00
8e6ab8c2-aeaa-4811-9a96-bf78babf2c13,36c9ace2-ad35-4c96-945f-48d6252902c8,2685.29,2026-05-08 12:44:55.035042+00:00
4b107ea8-c7d2-4988-b326-272f30525d28,6f202f97-674f-4eb7-90ae-9fada8633f3a,3592.75,2026-05-21 14:04:47.709304+00:00
9c65f548-eb54-463b-8f74-9476d1b727a9,6b8d4ac1-04bc-4ea0-9e99-1d8c0698924e,1274.98,2026-04-16 15:09:18.481426+00:00
d8c3e26f-1181-4500-9981-8d2e979b038e,bc40e798-7341-474b-a095-00072a62090e,2415.19,2026-04-17 19:32:39.272089+00:00
49203fb8-72b2-43c8-b1c8-edd4017248a0,511ddd11-188f-4ea4-bdaf-1a80de84753c,1707.64,2026-05-21 16:17:14.161094+00:00
e66befb8-0bc4-4b33-8686-61cede38fd1f,600ee243-6290-47e9-b878-b3302b599ed9,3725.51,2026-05-28 11:42:49.052739+00:00
01af35d1-32f4-49d7-9c8f-6a07fdfdc250,9a6cedd5-1d9b-4947-95c4-93e9a6d36d89,520.02,2026-03-27 20:27:14.919277+00:00
d97575f3-0e44-4d84-9359-b7ae069e7e69,056f176f-4488-4c5d-8dfd-a59b0b0fff14,3369.45,2026-03-26 07:21:08.324488+00:00
fd60c91a-ae71-4400-a098-9ea6af9a319c,c9f80568-3b12-4e31-a7ff-6ba817454cc2,2843.78,2026-04-18 23:54:45.380688+00:00
11ae8a27-866e-41da-a6bb-1a51b3fcaf2a,fe3f635c-7429-4941-9495-6fa9305edd1c,4495.17,2026-04-26 04:00:57.370449+00:00
5e6ee894-b90e-4090-8c3f-d7f7705ec5c8,8dc3cc99-1ff8-45be-90e2-4d245dc015ef,3141.64,2026-05-10 11:54:51.876193+00:00
c6978392-1f24-4ebc-a9a8-5382bfdc212d,50b4076b-a396-40cd-b7a7-79d57364e064,753.19,2026-05-29 22:34:35.609442+00:00
c3626234-befe-4a8c-b2b7-9b75dea76654,0f6a5957-7a93-4cfe-a608-3366fdc9353e,1269.39,2026-04-15 03:21:24.551722+00:00
db3a0ad7-0c30-4452-8d91-533663c83a39,03dccc7e-cef6-4903-80b8-dcf2808615ad,692.28,2026-04-17 22:58:05.834124+00:00
95b3ec8b-acfd-417b-99ec-c630a0568c4f,54c74a7d-b614-45b1-93e1-e8715071b937,2545.03,2026-05-03 05:08:12.269066+00:00
bcd484c1-7a7e-4950-8dd7-7f4db33c5128,8ffb3f86-6b0e-4036-a422-fcae721a2460,1193.19,2026-05-15 20:20:26.055754+00:00
171af0ae-3a5c-423f-89d4-a877c9b327e0,b0071718-1795-42e2-a324-3ef5976e3a73,1131.1,2026-05-25 10:37:23.020551+00:00
2442ce2d-d140-48e5-9c18-aae753c2037b,9bd98c20-32f3-427b-a412-3de3e3d31e5f,4582.91,2026-04-27 09:55:02.233024+00:00
6a126007-69a0-439f-ad62-67c6f04469d2,9487b010-508a-481b-bc0a-a114d4336a36,2220.65,2026-05-26 03:40:03.913643+00:00
34ada483-b38e-453f-a1c8-abb7d4fe12eb,e2a78249-ea6b-48ee-a25e-029649fbc081,4259.64,2026-05-27 20:48:21.137463+00:00
8640bed0-f98e-4241-944b-d6b19e32d687,5f37bdb1-1709-42d5-966b-ec0e60facefc,36.81,2026-03-20 03:08:41.693690+00:00
2957bede-07d0-4802-b3f1-5678cde739bb,178ab73c-e729-46bb-afc7-26c3e5d52ecd,178.54,2026-03-26 02:42:16.224926+00:00
0a768ef2-a213-4e9f-8a72-9e64ff1b113c,f8bbbb87-4c24-48cc-8b72-25c63eaeb66e,30.23,2026-03-27 23:42:49.600897+00:00
7bfdb301-9aba-4042-88d6-704737f85b9b,e4e18c4c-f628-4fbd-a69c-ea8fade39e4c,337.21,2026-04-29 15:53:58.315151+00:00
c5f2cda5-3b11-4d47-8df8-7d73e57ea3a0,0a7d3c5f-d438-4c12-9f5a-23af831c973e,826.72,2026-04-14 22:48:54.788526+00:00
81a07abb-8df1-4e3a-bbdf-83e82c442b99,b111974f-9247-477b-94bb-64a527a0518a,2723.21,2026-05-15 17:27:38.963826+00:00
675bb989-410e-473c-a50e-3d54272dea6a,1f969fcd-8be7-47e9-a576-23508641dd6b,1786.59,2026-05-16 17:18:56.231090+00:00
1e0c72f9-1b18-46da-b3b3-443113a7fdb6,8058cdb7-9acc-4c10-9417-7ddb98f61db6,321.61,2026-05-20 16:49:42.228171+00:00
de4ee21f-189d-4cb7-bcb9-6a7ed47d7119,42389580-748e-463a-a09b-674743d57055,4295.21,2026-05-31 18:42:25.506172+00:00
bc847104-4e94-4433-bae6-9f6de76b1a9d,c61086b1-d1cf-4ad6-9b66-e7226d56e77b,1567.41,2026-05-03 15:50:01.075395+00:00
31669aec-edbc-4a06-b3e4-33964b2118f1,93d4bdc1-84bc-4840-a766-376147d2d0b6,1501.77,2026-05-08 01:27:19.481775+00:00
ddd63891-88d4-42d5-ab1e-bdb426c74d50,94112c93-097a-4d48-84c9-ef4686402eac,124.25,2026-05-14 08:35:46.836137+00:00
e67592b7-e687-4597-9324-9d0b823adced,b1c2c83a-f422-4d8e-99dc-f9e4ad9cfe72,2522.53,2026-05-15 01:55:40.835396+00:00
db02e605-11e9-4289-a333-fb6856530792,1b6b5158-6c71-4477-93bd-a8706436aacd,4079.25,2026-05-26 08:49:29.633095+00:00
dd64fb59-73ec-4d7e-a2a2-f437ba3ddc5f,415b874c-3843-4727-a89e-9c2048d595f7,875.5,2026-04-29 16:27:06.676444+00:00
50236823-e405-4dc5-bd5a-20a03790ee52,33464a00-cc1c-4df2-b4f4-d6b9f3caf13c,976.23,2026-04-29 22:40:16.544177+00:00
7e1b522b-5009-4e89-beed-529ccc2c5378,7b4d85ae-8ee6-44af-ab40-c07e4f7f8eba,1284.36,2026-05-17 01:52:16.359991+00:00
93e55056-dba1-45ec-a741-a209c0b828cc,51fbc993-2551-450c-bdf0-8f4c739adbbe,559.82,2026-05-23 03:49:51.311295+00:00
dbc40a87-d0a2-4fe5-8ce9-a367f558eb3e,4526e200-8318-4a23-baa1-2592c2731ffe,98.3,2026-05-30 14:45:15.976127+00:00
218e09e2-ef4c-469a-a65b-9adaa21224af,26725d39-9290-40b4-ac06-09f1a646ecf8,1500.12,2026-05-20 21:09:10.082794+00:00
92a67827-ff76-41fd-948b-a940894eeb61,9d822518-7832-4bd5-9435-bbf281ea78c2,967.61,2026-05-24 19:22:07.346385+00:00
af865ac9-f0bf-4504-b5eb-9cb482967a4f,d066b46a-ae3b-419b-862a-25ec2a56b1df,878.43,2026-05-25 03:59:30.151703+00:00
17e020c3-f11e-422f-af06-509ed0656c54,178a7062-4f06-4119-aeb0-3f75316f2eb6,339.76,2026-05-27 14:24:06.971254+00:00
d64b1e40-38c0-4d12-bdcc-096a01e71fda,c993cb02-74c1-4287-9a23-a21fb1936913,592.86,2026-05-28 08:52:14.133163+00:00
16432ca4-c454-4f89-81f2-28c5f1a2cbca,1b5b4c58-65b2-4078-9bcd-46930d85e26f,1994.11,2026-04-17 06:24:43.433834+00:00
34683984-0e68-4fcf-a4b5-5b88818ffc77,802ce205-0b98-4821-864a-294a5ff2554b,2533.35,2026-04-30 14:47:18.147504+00:00
6c69700f-02b6-402f-b1d2-4dab58347651,0759f6cc-68af-4b8c-af32-e90ca4f871c6,1104.75,2026-05-29 23:20:55.369615+00:00
e324c2ed-997d-4f0f-9f75-bc53907baab6,736685f9-6459-4e13-a76b-1b884d3d842d,3193.45,2026-05-02 13:34:36.767476+00:00
0c87f4eb-d74f-47c5-8a6c-813d09d5092f,6043cdb0-0ed3-469e-9846-1274db671bdb,2479.48,2026-05-03 14:10:49.817456+00:00
7b0d3c50-924b-40d2-8b75-17fd9408bd6a,a2e91f12-8725-4af8-8d7b-44bbf9f61ea5,3068.93,2026-05-23 12:25:52.319111+00:00
e4afffee-8ca7-47d5-b0be-a7a928402701,21880659-a260-4be5-9b82-9f848c3d98bc,2472.68,2026-05-28 00:57:23.709934+00:00
927d7771-f67c-4aec-8af0-cfe520a04a61,a6833bfe-f685-4a1e-a4bf-3e85861da821,299.57,2026-05-28 17:49:19.394489+00:00
fd8b08a2-0915-441d-a58d-bbaf34bb4c91,a3dcef23-ed31-4c34-a7c6-e67e96afaeb6,6935.4,2026-04-09 22:33:14.423170+00:00
24bcd96b-6898-4b10-bc9b-a5693f8319af,b574cdf0-1b32-4efb-aab4-da4dfa139d0c,4255.92,2026-05-19 12:33:53.909179+00:00
c31bfb04-4141-469f-97ae-3569b4bf7026,f9fc4387-f407-430f-8184-75adc61da0af,5083.84,2026-05-19 18:46:39.458375+00:00
3be33ae7-ef18-4478-83fb-4554d29a4c15,67c28c25-4305-421e-a279-370901966660,559.78,2026-05-27 01:06:52.470439+00:00
e827f307-0b68-4090-b9ee-f94f98fa8e8c,bd804e7d-b465-4c8e-88ae-0d2086caec82,758.09,2026-05-27 19:05:00.529200+00:00
a593a509-9d84-4668-a1b4-8712ef777f08,cfe6d446-80fe-48ca-8f4d-61593c7a9d23,154.93,2026-05-28 02:55:57.677463+00:00
e5523724-91f4-439d-984b-c32cf888fc5b,c788b100-babf-46e2-b326-e725b918c630,1663.04,2026-05-06 15:14:56.544566+00:00
834a0066-1a93-4c77-b46f-3317fc0889fd,2c15dc89-7a9d-4bd7-ba39-4c63718629c5,2753.89,2026-05-06 15:44:59.840018+00:00
49968556-e4ce-466c-a48d-0da178bd311f,3a6251a0-53eb-4ba0-bcfe-cda535fcac5f,5240.38,2026-05-12 05:14:47.163027+00:00
0071c976-6b3c-4b7a-952e-a04b31a949e8,90b97ab7-1828-4c61-81e4-f1c29825c25e,5330.43,2026-05-17 05:00:51.182503+00:00
73723c56-3cd8-4ede-bb08-7c5ddf402dc8,9cfb093e-c23e-45f7-a62c-fd9b3056ee33,3351.35,2026-05-19 20:56:42.384381+00:00
10d07307-a9b3-495c-bb23-67d89bb42449,51950fc4-c113-4ef7-9eb6-7ab4b1f17cf4,1557.67,2026-04-13 02:42:49.122643+00:00
1621b2d7-b22a-49d9-9407-14b82506bfab,52a10fab-0087-46c3-8ea6-e3abee12c8e6,1402.88,2026-04-13 04:14:57.613833+00:00
895e4630-a786-4576-ab4a-820b37ace9db,908abfed-afe2-42a2-9286-412c37ce1404,513.74,2026-04-13 14:06:17.811682+00:00
113b5331-fd2e-48f6-83d5-480f55a04089,c1a562a7-2842-4afb-8281-cb777f0ab603,1323.56,2026-04-13 22:02:33.844170+00:00
326750c7-0d03-4bef-a0a0-2f6a91dd731d,d7ab4962-e2e9-40e8-8458-c2c2e57e0aa6,580.49,2026-04-30 01:46:10.037654+00:00
547f14e0-af97-49a0-bd6d-50f1d9b16f31,d5926d40-4dd3-4f21-85c1-3b12036ef5a1,332.93,2026-05-10 06:32:54.906026+00:00
9182e82e-0133-41d8-ae4a-9bf57cdfc777,5e98b4ee-0d6e-48ad-88fb-f762c4620295,246.13,2026-05-20 18:13:10.178889+00:00
3d100eb9-6b90-4f6e-9a9e-4844240c92a8,42b3ce25-da1a-4af2-afe6-26a8b2f09509,5641.75,2026-04-01 05:06:26.048004+00:00
899b8dc5-90fa-45ec-8ea1-e8dd99b6a385,c204ad45-a6da-48a6-b869-23529960d928,2897.62,2026-05-16 04:13:03.017593+00:00
cb6b7363-9142-4b86-a1ac-9f488aa0e9e4,457ec814-f28c-4420-9416-86594b48e79a,4870.23,2026-05-19 08:50:01.794504+00:00
9fb8cb52-8c26-4754-99cd-0e65e1786ca6,014b7c9c-b49c-4981-8790-4bb4a9b39811,1435.48,2026-03-27 10:29:49.992361+00:00
2ce3cbad-7604-45b9-99fe-751e2558c225,f792d033-bf4c-4b92-9368-1af9c8cf55b7,1459.19,2026-04-17 17:38:56.320518+00:00
74488941-7a0c-4a6a-aee0-71d088966096,82b3568c-76c9-4e4e-80ce-9ce51de8385c,1864.34,2026-04-24 22:40:22.166878+00:00
c3a11a01-c544-480c-bc94-76967270a362,e2e0520c-5baa-4a23-a10c-e925ad5d19d2,1370.21,2026-04-11 19:57:17.207007+00:00
3bec1010-09da-43df-b28f-5eda709cec0d,863cfed3-d5b4-4440-a0ff-da1e5120f703,1478.58,2026-05-25 07:18:37.126294+00:00
8dc566e2-9aae-420c-931c-7aaa45d29c1a,20cdfb2c-a030-42ce-9672-37a6d97daf6b,1380.94,2026-05-13 16:39:29.821269+00:00
4196cf40-ba9b-44af-a884-43e8ba52a7b6,bbcfc0ce-0108-48ed-b587-b7014e64e6b6,3075.46,2026-05-19 08:36:02.151546+00:00
d5f380ef-fb42-4f7e-b37a-098525affb88,34306316-b4a2-49f5-80cb-fc9d58913c17,4188.96,2026-05-21 03:52:09.424656+00:00
67e6ba92-383b-424e-8d59-a3723bd454a1,941b97af-55db-4992-b6ec-599437f8cde4,2932.59,2026-05-28 08:39:30.436787+00:00
a954aa4e-e9fc-480d-b6cf-7600bf0dfdab,a55902db-c230-4d13-9a5c-e4a6ed5b34bb,6115.51,2026-03-23 23:39:59.599713+00:00
8fd9bdbc-4a1b-46aa-b5aa-82c271a1dd40,2260c112-7847-4cde-85ae-f2eed87f5046,3332.89,2026-05-03 01:46:52.056675+00:00
1f25bdb1-3ec3-4686-94f7-d0a7d93b19cb,88723ee9-aaeb-4a80-87cd-7d84f04de7d4,3718.53,2026-05-23 15:17:04.188306+00:00
14ef5ebc-4c1d-409f-b8cb-2c62407a3076,7ad7ff0c-93fe-48dc-a2d5-0bf8a1f629b6,5291.71,2026-05-26 04:58:09.994832+00:00
786cd01b-90f9-4aba-9b31-91ec6338a69a,4873ff51-3e35-4fdc-992d-7ffc48b3fb61,2723.48,2026-05-22 18:40:54.731714+00:00
774c3ad2-d09d-4b38-9c0b-4fb5790ed9f8,787f1c5f-ec62-456c-a8e7-4cc09ff1c476,1883.65,2026-05-24 13:18:03.978914+00:00
5833b42e-6bfc-4c8a-91e3-b7766a2a2d78,3e76c47c-7397-4823-af17-9ca95c4e864b,426.47,2026-04-28 17:42:54.022176+00:00
9b5c4e6a-527d-4140-b300-9090e46d52af,1db03df6-3f0e-4103-89a8-598cdb18faf5,158.72,2026-05-10 08:02:32.018948+00:00
f395a6dd-7795-4d47-ae41-f4aa985231ed,7cb003ba-dd4d-4a05-85db-2fd0d25aef55,735.19,2026-05-23 06:58:09.677898+00:00
a6bf958f-731e-4593-9ffa-32cb3b42dde9,2d143fa2-6338-4c70-be09-fcdfd329c08b,3086.08,2026-04-05 18:35:43.524959+00:00
676ace2b-c408-4a03-aaf7-214a35999890,fee0fbcd-80bb-47f0-8ce1-67ff9d0fb426,3135.5,2026-04-19 04:40:21.857640+00:00
cca2705a-c6f4-43a5-ae8d-696bd268bf7f,36afae5f-a0bf-4628-93c0-dcd5b44eb9bb,4860.58,2026-04-24 02:37:03.922433+00:00
fb79794e-42ed-4a00-b856-b5818978644b,462b01a8-e9ae-4d24-9e4d-52fef955bc2d,2398.69,2026-05-01 20:31:07.818718+00:00
b0e97e0f-4f1e-4d51-a46c-604e18120f72,76c36a0b-4744-47fd-b8ba-1244c352efb8,4353.23,2026-05-06 08:35:40.477090+00:00
81c12e2a-12ca-43c4-bb9a-9c26e2caf258,4591f28d-8f4b-407d-96c4-56239c1f6863,1111.21,2026-05-31 12:01:36.863001+00:00
482c1987-8eb5-431d-ad47-f29aeb459b8a,768e33e1-66af-4c29-b62b-1016cc845814,612.75,2026-05-19 08:33:06.339979+00:00
ff4f4910-14e3-4def-80b4-51c1f8b22df3,0d496a96-af89-4388-8fdc-7f745b2454c7,650.18,2026-05-20 03:30:21.754356+00:00
f32801a0-e4cf-4735-9ad8-b07e0bb0fb44,bbe98b6b-4afa-416a-ae7a-67a6c8c567b5,879.55,2026-05-21 09:49:28.939117+00:00
6200de70-cb65-48e1-9b8a-8751bdd172b2,5a37d388-2e3f-42f0-ac94-fbabe0c4b7bf,1005.37,2026-05-25 12:55:36.141575+00:00
31df7fff-edc9-4da9-b410-433bbc65282b,0af29ea4-0464-4df7-ac00-87ed0d757262,454.01,2026-05-28 18:24:45.769421+00:00
d8bcdded-aad3-4860-a0dc-fba859a2fcf2,4322f8a3-5cb7-4545-9729-8082d880697d,728.53,2026-05-01 05:10:27.193894+00:00
dc191499-1a28-453e-babb-1bb12584892c,bade7c10-7f64-4bb4-a957-803fae4e768b,481.31,2026-05-25 11:51:45.903482+00:00
01f3e776-1f2d-432c-8562-e8e7a8893af5,b174f69d-f7b3-460e-a70b-f7aa2abd424a,678.94,2026-05-26 14:52:55.931723+00:00
022c3190-ebee-4708-8cc2-4baa7dd80e01,f342a3f3-6f9e-462f-b8ac-bfba465c1c67,1847.76,2026-05-30 12:29:02.620128+00:00
9c8ea02b-40de-4bd9-ba79-bf50433abea4,70577248-6ead-40ae-a04d-08142b1ce9be,917.29,2026-05-31 15:33:14.318207+00:00
ff126c90-7c45-4d25-a938-750cfe276c82,b86847b8-4fbe-4e30-b16f-2600b5280789,1276.12,2026-05-31 23:11:38.755376+00:00
4230b4e9-f995-4592-a5d8-ddc39d84e52a,e6a3855c-66f8-4d10-ad80-6f162c12a163,1737.34,2026-05-14 19:14:57.144116+00:00
d15984ec-f486-4bda-a86d-688990a899ad,1cd5d06d-c304-4a01-aa3e-2f7baeadfc1a,841.74,2026-05-18 17:11:38.807108+00:00
8088fc05-a16c-42bb-80ba-fec459fcc16a,5c186122-9af4-481a-b695-84c674f3c0a4,10.0,2026-05-20 07:28:18.833260+00:00
668b0c41-80d7-4874-a4b1-67b89a305a2f,9339884e-2d99-4e76-9a16-f18eda8a0dd5,1142.47,2026-05-25 18:06:56.754589+00:00
5b840b63-363f-4c33-a30f-d97b0e47c774,303e4364-95d9-4aa0-97f3-d5dd7a0969e7,3787.4,2026-05-02 07:33:14.291601+00:00
5899cef5-e6dc-4a32-9ef5-b0df79d35c68,108e5091-a3f8-49df-bf02-c7b1d2e4112c,909.74,2026-05-05 17:28:57.467271+00:00
493e7020-ab51-4ef4-95de-f81b1f43a5a1,e2d5cb0f-61cd-42a8-b5bf-fc03e987c20d,10.0,2026-05-06 01:49:30.977402+00:00
6aa52291-7ace-4dd5-ad2b-8a17665f7e27,21ffe05e-dbb5-4bdb-a7c2-04657fe300d1,504.56,2026-05-08 19:11:02.294406+00:00
75c963bd-c246-4150-b579-4dd42f7be61d,8105c5b5-9097-45c4-b3a8-02c6d000c0d0,4034.72,2026-05-24 17:47:38.937307+00:00
58b43ae2-2a0a-4627-b027-df3219d5a5ef,9b0962a3-4976-4614-8ab0-6d78488bd1a0,10.0,2026-05-25 00:08:28.526899+00:00
2085d19f-41e1-4019-8d0a-955f4fbd1fbd,6c946b69-c243-438f-8553-b84f986769a8,78.07,2026-05-25 16:24:23.433474+00:00
95e0b659-6cd1-45f5-9571-10fa3422042e,92fcc492-64de-4c0a-9f8d-5e741a953239,385.41,2026-05-25 22:13:41.500494+00:00
24dbc66d-a20e-4c7c-bf0a-03669b96e5be,61e9fa97-d491-4f07-863e-0c5c38fdd927,90.79,2026-05-25 22:46:09.836919+00:00
dc4857ce-95b7-4a73-9867-683e104a2038,c15e2e93-fa46-45cb-8f57-25ccc670d2ae,1057.29,2026-05-20 19:19:35.404766+00:00
64742425-0ed0-402f-bb1a-a30131328804,f77dfbdd-62c8-4646-a7fd-7492010b6a18,794.78,2026-05-24 10:28:48.659229+00:00
73082488-3623-42e0-8b15-e94ec9eb3551,f00d329d-16d3-47d3-a732-c25e9e3a48d1,1003.46,2026-05-26 05:47:12.333414+00:00
6f0175e3-dd49-4b55-8e02-f970b101934a,eb836a51-c102-4833-95e5-7e15c3a18dd1,1173.35,2026-05-26 14:00:55.741872+00:00
e78578ed-f5b1-4e55-8b08-064f8e88120d,866343d9-9692-4d41-9b0e-eecfb6e2cd13,872.92,2026-05-28 19:13:45.704352+00:00
dca523ff-3ff9-4885-a40f-aa984e36a61e,1dc7d4bb-f46f-4b4b-812d-40ebcc3d9c2e,1571.14,2026-05-03 16:29:43.710624+00:00
0f6415ba-4c52-41b5-afc4-029a30f6fc20,1627930e-aed3-4532-8c24-b05c064388bf,5724.54,2026-05-26 01:49:15.787190+00:00
857f4774-b920-4cce-89a2-d79a8edddd63,52308d3f-33de-4fa6-9689-29024b9968ba,5276.66,2026-05-26 16:50:44.667518+00:00
34bd4545-32ff-4382-8488-1b170a5d42bb,61fa82e8-3e8c-4243-b0b3-1d5f9807f210,5976.72,2026-05-27 09:58:28.050428+00:00
a28dd569-5a96-4f6d-8ddb-4d1cf7f8089d,43a2e1cb-2bc4-4e0f-b842-7b19f457314c,7594.46,2026-05-27 16:50:49.630561+00:00
39eb46ac-67f2-4375-a571-fe14178d017a,8c0328ac-7e8b-4651-81a8-11732b913f45,7374.94,2026-05-28 03:56:49.460437+00:00
8d8ce715-7993-4fa4-993f-c85fc60455a1,5fcb43be-9db1-48e1-a175-92e59f2ddf27,3902.5,2026-05-22 11:31:31.467635+00:00
be42ea4f-7b90-405c-8951-59104d634c6d,3fba50c8-d96d-49f1-86bc-1742cdee6795,2577.32,2026-05-24 00:28:58.207614+00:00
e0ecc51d-7e0e-4ac2-9e19-f7aa145a8e09,d61bd2e8-678c-4a23-8234-72665209af49,5190.93,2026-05-30 06:46:49.452948+00:00
9df7be15-999d-4fb1-8022-c2b2c648cf13,cc39a34a-53c6-4b1b-a562-f3453b5708ee,2872.52,2026-05-31 19:59:22.033025+00:00
4eb61f0d-8f6c-4d81-80a8-41ebeab1bfc5,cba9244a-704c-4a54-abab-ac1118a479af,4032.14,2026-04-03 16:21:03.733997+00:00
7b2ca653-de0c-464d-8675-7317f08c17a4,7b852cae-28e6-412f-8b37-3a08b18c8810,3438.45,2026-04-12 11:43:42.583935+00:00
e3804e20-f55b-43c0-9a05-72552b3f67f4,f13708b2-4c10-4d46-9124-e1483e4d2b41,3606.0,2026-04-29 23:16:18.933058+00:00
d0d7551a-c8e3-440b-bed6-1fe61aedb753,e6b56fbd-086e-4b62-b770-25b3b1dc31a0,1896.28,2026-05-26 20:17:22.708898+00:00
12020bc6-237a-4b9a-bfd5-bac1a294bbcc,3d54eecf-6123-4156-8930-bcef429af5b7,2462.79,2026-05-29 17:33:34.187553+00:00
47348c20-adf1-4728-9afa-782fee1273e3,3c52e38a-e2b3-410d-a373-46f53bdae66e,2945.65,2026-04-20 08:46:16.726085+00:00
eb2d71b9-964f-4b68-83a6-cf12b5e110ec,00996066-f421-4705-89c4-8ecca9fe4a74,6881.11,2026-05-09 15:51:43.308757+00:00
e08c6fa5-3dfe-45d2-b9af-6d85acbd6eec,a830c291-58b7-4f7a-a3c3-e5bcd332da4d,4736.96,2026-04-24 13:28:37.354491+00:00
fb684aa3-77a6-4cc7-8f78-5f88eae7ed98,041ea762-3758-4973-9d70-2f2170847f44,2131.58,2026-05-11 23:44:02.229454+00:00
a70c6615-bcf3-4402-849f-de5504aabe15,7ed70d99-fe30-4528-87dc-84a43326f21d,5238.64,2026-05-14 13:37:21.376547+00:00
bd29bc5e-23bb-4367-b05f-8508f9873d8f,2c808afc-6c27-415a-9dc2-7b62e4ff80e5,3236.0,2026-05-30 22:34:36.008194+00:00
a168a99a-198d-45e3-bd22-7526fc7af138,dbcc8867-1017-4e03-8ff3-ec2035449c8c,105.88,2026-04-07 15:14:12.807160+00:00
1a3ae77b-dac9-4d39-8939-28be50b1a3f3,a94b48a0-6eb8-4582-9464-4b482071874d,10.0,2026-04-28 06:53:24.845588+00:00
3bfce33d-5e84-4cab-b453-1e04701393c7,7405416b-84bb-477e-ac1d-2617ca53800a,210.94,2026-05-21 01:25:47.730639+00:00
20cf6a81-79a0-4802-b60e-aed6b1f03218,d94462f5-375b-4e59-90c0-461e0ef82514,5520.02,2026-05-10 20:03:13.941153+00:00
70a7322d-83ea-4e75-ba4f-122cca8e3c52,2a1aa919-92db-4155-8018-6a40b83ea814,743.29,2026-05-14 21:06:41.348815+00:00
7f1c9479-50f3-4a0b-9c1a-4065c64e9da9,dafb4bb4-ffef-431a-ae8d-fac24731385a,3186.31,2026-05-17 01:59:37.006224+00:00
a9d30855-7a25-4d9f-8222-0000ba21454c,620dfe0a-06d9-461b-9acc-a13ec35f25e3,3916.98,2026-05-30 20:34:06.444841+00:00
45194604-aa46-43c6-852b-5b2917dd389c,92007316-601a-46bb-b288-d47053978705,3636.63,2026-05-31 06:38:16.702143+00:00
95afa6cb-851f-4dd6-a49c-ab5f4d902025,b3a523c3-ecb0-41d6-acce-8a9fd4be524b,4476.03,2026-05-09 23:23:32.445889+00:00
b0eebf37-57aa-4eec-9b7d-94c3683d09d2,7f65a147-e7e3-4c09-8e0b-991e228bbc42,96.1,2026-05-10 18:48:25.365948+00:00
9213cc21-6a9b-4acc-b75e-21a6adfe0264,0aec025f-6c10-4e0f-82b8-71d9d95cd9b5,5606.17,2026-05-20 06:45:58.086579+00:00
5c265846-8b35-48b3-8b7d-c25eba832f40,aea68b48-59f8-4d82-ae93-d9496fce1735,3238.06,2026-05-25 05:12:40.059938+00:00
b0995584-a6ff-4f60-9ffc-34bbbb6e8b48,06f2c83a-1e4b-454e-850e-d0e8460dc861,2840.35,2026-05-31 00:33:14.382357+00:00
3e7c72d6-661b-4fa3-aadd-644093478ac3,05d99db5-ec0c-4022-8808-c03b7bd5ddb2,424.12,2026-05-30 13:06:32.934697+00:00
b4bc57e1-a618-4427-9d5a-b9a84c7dca42,47fdfc54-abab-40fb-8cf6-241242d2106a,561.7,2026-05-31 08:22:07.323305+00:00
41049041-4239-4de6-9e8a-0c82ca83ed40,7b76bf69-1ce9-4c6a-bd36-ea57e9ec4546,180.51,2026-05-17 10:34:17.772645+00:00
ced18e10-e237-4432-9e72-697c5038d2d5,dad9240e-7049-4e69-bbb2-0a6eea876362,3958.43,2026-05-03 10:31:47.587512+00:00
e65567a8-cf7f-4223-8e59-a7cdb56f88ed,94caea6e-d517-4a90-8f1d-314405a7c77c,4196.48,2026-05-31 10:21:42.334949+00:00
6668d436-f5c0-4755-81f1-27b281cde97b,8ae82754-1783-4d3a-8b5d-ffb813358513,1848.62,2026-04-26 08:15:49.621014+00:00
11850332-922b-441e-9a84-f31ed3c8d75f,43c0f784-3027-4a62-b3f1-0cd5daf19645,2445.06,2026-04-28 15:14:54.066359+00:00
a5008f52-a477-4bf7-bf7d-88e64e0edbd4,8fb8c2dd-c1c0-4d39-8760-5e468cda3a44,1144.92,2026-05-13 02:54:25.903965+00:00
eb509255-9f43-468f-b7c2-3cb5a21e0623,a3f8f540-d87a-4e93-ace4-967e424db406,1003.01,2026-05-15 20:11:25.834529+00:00
1ebe18cd-a305-4552-b310-902c30d31c58,296984ad-a04c-49ec-981f-cd6f579d9603,4874.66,2026-05-20 00:18:39.816796+00:00
b6eb0320-5ffd-4f79-b67e-4347d2234f2c,c541ee12-3cf2-449a-b3e4-144d460dfff7,2534.67,2026-05-22 17:45:05.703394+00:00
f481847e-04fd-4e55-a48b-ac364adc328f,6b631ecd-57d0-4d8a-8587-25e61d146ec0,4232.07,2026-05-25 09:05:44.344940+00:00
fcbf3d85-cff0-4c35-9cd2-79213cffdcd2,0c32c8c6-5d35-480a-a8c3-d1bbc1ac4c45,1303.39,2026-05-10 09:49:33.141392+00:00
3ae960b8-8523-401c-93a9-8d55883473c1,fc91253b-0493-479c-a145-b0b322e1b237,999.53,2026-05-10 20:53:27.030819+00:00
f2d69846-6f88-4e10-b2f1-617f1e05fee5,b319951a-9327-41a3-af87-0b2501e45e2a,3567.36,2026-05-25 19:07:58.864368+00:00
d46e6479-66de-4ae8-ac7c-95edb3b5299e,a361a251-f99d-49b0-bf9a-06a26a9e1d83,3080.22,2026-05-28 02:04:47.077631+00:00
12e17789-7c9c-4712-be6c-497f72eb3213,fd6cc5e3-1991-4407-9c28-cbfcdf786684,3008.07,2026-05-29 23:09:44.028820+00:00
2ccef108-d1f8-4c4e-972b-ff734f9d601b,fc90cfb3-b41b-48fb-b412-cfbb06ddd7c9,2460.05,2026-05-30 06:29:13.262053+00:00
d5c1c4f3-dcbd-44c5-8a3c-bd926169f0b0,a13b6ecb-2ad5-49c6-9371-104c930d6c7d,4218.28,2026-05-31 21:12:32.512572+00:00
e0b995d7-41ac-45fa-bc46-ce3fe9ed9b93,7a5accd8-94b5-4bee-9ce2-cfaf4a08eba7,3709.83,2026-04-04 14:31:32.294076+00:00
6f030fdc-320e-42df-b8dd-8754a169e7f9,2944917a-dba0-48fa-9b78-9839ce7c8828,3042.46,2026-04-22 16:53:06.703015+00:00
09b800fb-771e-4701-912e-a0af016d49e2,e82d22a6-8a4b-4aac-88c5-2aa35c030f95,2568.44,2026-04-23 23:35:03.475493+00:00
8c927d18-d42b-43cb-bcd7-104ba9f2ee79,624bdd89-b47b-4de1-91d9-9010f9d1ab30,2261.98,2026-05-15 23:28:58.563367+00:00
39a1748a-12c9-48ec-9fbe-304e43e342de,910aafc8-2576-4876-a586-96ac02ea5d0d,2666.09,2026-05-18 12:32:29.835296+00:00
0e8f11c7-7985-48aa-97b0-55bd5eb649b7,bfb6cb4b-099a-4a42-9297-7d1527672c3b,2150.27,2026-03-29 07:05:28.417679+00:00
b3f35139-8025-4c5a-bebe-6946f30b9c3c,14d1b810-72fc-429d-8f1a-169e6e184d79,873.61,2026-04-13 12:36:16.393393+00:00
518bc12f-eeed-4eaa-9249-b0dfb5701362,c07c58ea-ef3f-4d88-b399-3d4b23414521,1123.94,2026-04-16 14:50:06.402123+00:00
30c0eeae-431c-40d1-a6b3-f0f4d30fc225,c8300fbf-04c4-4f20-973f-b6c779eec6c3,834.24,2026-04-18 11:13:14.592974+00:00
3467e203-31be-4f9f-b716-dda4d947ba7e,47778962-9107-43d5-9c13-f1e49f893615,598.74,2026-04-19 11:32:11.734215+00:00
313bfd50-f0ac-4295-9255-869ef4b63fec,a300d333-3fb8-4a2f-93dd-72e8625be195,906.96,2026-05-10 05:40:24.781773+00:00
a92113b1-8572-4fa3-afda-104d70a52f04,3fd488bb-799e-4954-af7c-c1ed7a5eea4e,964.57,2026-05-17 04:28:01.685999+00:00
661c872a-ae62-4ac5-a033-863ce388c593,0233249a-e68d-4c9b-85ee-f3aa77feaa92,2282.3,2026-04-14 01:30:55.753045+00:00
38656e75-f98e-4623-8fd9-9e9f353ab4e1,1fe48505-fcc4-4b4b-b8d7-50b98aa03c38,1738.44,2026-05-17 11:16:15.356738+00:00
70523394-e4f2-4c0e-9e77-f9adba74f20d,b6d327e6-4ffb-4e5b-b4b8-e51ed0ae2681,4016.81,2026-05-31 18:26:20.919080+00:00
ce62472e-d55b-4b70-9e1c-8ea0c5f0d16c,b880d400-5ec6-4b01-8c6e-9d0239a97aa5,1490.73,2026-04-28 16:28:56.548152+00:00
b877ae68-555b-4916-bb55-f856524508ef,7ab73d74-8183-4f00-bdfa-37f6ab76404f,8248.65,2026-05-04 15:51:51.824197+00:00
017435b8-90cc-4311-8324-e7384e5048b9,183e9902-b744-4622-937f-52900eae6c3b,1548.39,2026-05-21 23:20:34.841593+00:00
2cfa6526-693f-4ffb-bfa8-0386161421d0,1dd97c44-57a1-4366-9761-4bd2bbe27fe2,2264.2,2026-03-26 03:03:11.203832+00:00
fdebb857-ca1c-48b6-ba1b-ed520cfae22b,fc9870a1-26c6-4185-98cf-fabba4d242c7,1952.55,2026-04-11 23:29:50.920401+00:00
08bf9ce8-76ab-4792-8d92-791fec186d08,f6f0f247-e3b5-4e63-95ae-27ec2d2bf60d,3336.21,2026-04-24 17:53:44.089342+00:00
656c56e1-7c7f-4305-a326-7236c7ea0e93,15212363-9f02-4e63-98dd-d930b17ddf44,4884.99,2026-04-28 22:00:10.804660+00:00
640e17b1-08e5-445c-8176-61a110718662,725d1324-af10-4797-9aab-fad515149a5d,5378.33,2026-04-29 23:00:24.037335+00:00
ab2274f0-250c-4274-b363-4826c477f449,2ce594d8-c160-49c3-bb69-19670d7ce72f,5437.21,2026-04-30 10:21:54.979738+00:00
f7db8669-2917-43c3-bcb8-94459b9f3ff6,c32dd06f-ac9a-427c-982d-68cab68ce13b,1251.2,2026-05-01 21:15:28.687196+00:00
1f218e16-313a-4013-b59b-b3904a64eb24,7f02f803-2ef7-45af-a31f-f45c502c72bb,2716.65,2026-05-06 00:30:52.636430+00:00
380c837a-ccb0-4557-b069-73f87be6b5e6,3322e7e4-6b7e-4512-832d-247dd91bbb72,788.67,2026-04-30 07:48:49.443566+00:00
bc3cb3fc-b27e-4f5a-9b17-2fa8989c49e9,96ba4dd5-62dd-4af0-922a-0cfbf3c9295c,456.76,2026-05-04 22:35:44.781851+00:00
56ee2ed8-087f-4c6d-8fc9-d87f27b20da4,24e014c8-0f0d-4c8f-b583-e38eff4c3bb6,955.87,2026-05-30 08:59:35.359726+00:00
4aff06d8-592a-4e41-acd5-7d8014125e24,33b325b1-b0f8-41ee-a091-38e461c8abe6,273.02,2026-05-30 14:47:21.702053+00:00
549d93c2-9c75-4376-8bd9-88c31e409009,6bffc6a1-af94-4f85-96c7-62ec6438e9ed,622.51,2026-04-28 11:49:06.652585+00:00
23e8e812-a8c9-435e-944e-599b6c984ea4,0ce27d0a-1850-45d5-b5db-1572b8309214,1233.49,2026-03-13 23:20:17.625660+00:00
c5262f80-708a-43f7-bb91-de50f3be676d,1cbd371a-e2b7-4d65-ab12-9f91a4aca50a,1510.31,2026-04-11 12:42:14.732165+00:00
c16b9620-9e0e-4988-959e-1346afb1928e,c5e45a45-713c-4375-a824-d4e8c2ee5dc9,1269.57,2026-05-03 23:32:11.623938+00:00
9014a42b-3f93-4585-84d3-219bcc5a4091,ab211c8f-0d3c-4ced-8899-bccbe569b555,1256.22,2026-05-20 12:30:52.531610+00:00
7d5b7287-8470-49f5-846c-ca9721f5a7f1,4e9d1ef6-c980-41d9-b5e8-935482eef4b2,737.96,2026-05-30 13:05:19.169955+00:00
b35eeca6-7c15-4a48-aaa9-8dd80df1e860,54678351-ba19-4fc4-ab89-cf7fc013d217,2993.03,2026-05-19 16:02:14.661403+00:00
867c0e9e-0636-4413-a6c6-66c56b1a5fd2,d302b7b8-d11c-4822-a948-f59868fddfc8,4634.8,2026-05-21 19:43:22.395166+00:00
c793984a-2fe8-40c7-b1b4-48fe2ef830ed,409c7f53-8be2-4537-b65d-7b0b393f3ce2,1162.77,2026-05-24 07:03:59.658016+00:00
29860465-16d5-4ed9-9cfe-3f36ca5c8560,d13aa41b-d170-496d-8d42-3c172030d17f,968.33,2026-05-26 21:07:04.124506+00:00
8d52ac12-7f4a-4f56-930c-ecb7de80225b,dadc5a57-1e03-417a-83a9-514227d89daf,3901.97,2026-05-30 02:57:12.616983+00:00
418f6b3a-3c98-4228-b167-9ca46ae12575,554da6f8-478e-4517-8ac1-64e9e670fbab,2631.62,2026-05-01 17:54:10.662151+00:00
53f424dd-150c-4d24-ac75-b41122f99644,32f483d8-3835-4bc4-a8b4-623990dc7548,1223.62,2026-05-02 08:41:19.067735+00:00
03bae7ef-584a-4e82-967f-e9ab817e2beb,ea600906-85af-447f-9962-e011e1bb049d,2584.95,2026-05-13 17:20:51.781014+00:00
5ddb299d-c22b-4153-b830-095c7a02c995,42a647fe-bdca-44ee-b6b7-458184b87d92,2174.39,2026-05-17 16:38:18.649754+00:00
c78bc4b2-42d4-4ba5-9116-e765457a7303,1b1bc579-8e87-4c05-90e8-5555074bafd9,2003.87,2026-03-16 10:29:01.752193+00:00
98c3384d-172a-4be3-965a-6c2cc44976e8,cec324dd-1df2-4a91-9901-b153d47dfe52,1938.52,2026-05-08 19:02:31.291432+00:00
f858c716-0e1c-483b-b496-a4b700479895,0ebda540-dbdf-4d7f-bf72-7bd2f5887281,1507.71,2026-05-12 06:11:43.301183+00:00
9dce435a-6bd7-40ab-9e8f-d1a57ba6640e,1eeb2f1e-5ddf-4121-b09c-03d420af2f15,2292.01,2026-05-24 04:00:48.080566+00:00
ffde50a6-3731-4629-b816-cf7eec98ed38,10d47e88-951e-4a13-8752-294f26d7c3b4,4913.25,2026-05-30 03:28:56.666901+00:00
c599d48d-1352-4475-bb67-1e86d6fe277f,de34d24f-bf7d-40d8-9705-fe44c7904238,2373.12,2026-05-18 04:22:39.040283+00:00
b04c0218-c214-48a5-acc3-35b218f70b3b,6f610c61-827b-4515-a882-d8f0457a25a8,3036.92,2026-05-21 14:08:35.109482+00:00
93caea8b-de24-4419-bd5a-4e82a85d422d,3714e775-1be7-4884-9b6d-fd71765055ce,1936.88,2026-05-23 23:46:45.826437+00:00
e115b511-f42d-43c4-bb09-57c387dbcb68,0007edf5-0415-4747-b748-1da9f775c589,111.47,2026-05-13 11:38:39.360275+00:00
a1b441a8-a671-4e38-af9c-2649a56229d6,03f719ac-1818-4c37-86eb-4247a39e6b0e,763.05,2026-03-18 16:38:07.041180+00:00
51a1d189-5d84-4636-b0fb-f8754bc86098,5b35d0d1-ca62-4d49-8f32-fbe539cfe9cc,956.93,2026-04-13 00:31:53.815312+00:00
10f19c0b-8196-42f0-9084-99f7fd7b445e,6799a3ae-d82a-40e9-ad7d-57b6ef83b1df,1555.46,2026-04-29 18:59:45.024785+00:00
5b1fceca-ad85-4280-82bb-6ffcdec4dac9,0ec121c3-0ef7-433f-b932-3e282ee8a9e4,400.39,2026-05-11 03:17:17.272953+00:00
b4e8c15c-c77d-473b-ab3c-9775810077f8,42dbd3b1-3877-414c-a1b7-74f6ad7e1df5,605.25,2026-05-25 03:02:56.942304+00:00
e0932877-23c0-4e78-a7ba-f8e005476922,c1dd3d28-27f4-44c4-ba90-c0eb7639f2d7,2755.11,2026-05-04 06:51:16.014830+00:00
f79fc9bd-0ed5-4b71-9103-fa95ceaa37a4,6f0c9282-5d55-4766-975f-8288305fc4b3,2642.62,2026-05-09 14:42:49.319599+00:00
df9624ee-183c-4797-848c-c9ad369b3dd4,8f5538d5-187a-4beb-b922-689b15ed1ed7,4053.34,2026-05-13 07:24:49.553128+00:00
f486b4a3-a3b1-4495-bf8e-ba7889d92b9b,b788181d-1229-4ed8-afa0-0ce444ad47ac,2981.7,2026-05-16 01:17:57.570757+00:00
46835814-dc99-4f43-91ce-e7805be7989c,415954b3-babd-47b6-8842-943743ce3531,6059.52,2026-05-26 10:53:21.938425+00:00
8b0b868e-e123-44f7-b357-053d21d1ef8d,482d2f6f-c9d5-4797-8bc7-ee12f9375587,1111.04,2026-05-22 08:29:29.919912+00:00
07fde15f-c67b-4e0e-af6d-c735a336d474,0a2010d7-67fb-4777-b2a6-0c3c4016631e,100.0,2026-05-23 11:13:21.197880+00:00
4e3bc0e7-2247-4967-bc8d-440199e74aab,5fb4fc6e-7070-428a-ab6f-62397a40b329,2150.74,2026-05-24 20:21:18.173846+00:00
40d2482a-a88a-4ada-96a8-7372ebdf6e4e,10a8991f-a49c-4113-b472-9e1b821a8db8,279.39,2026-05-30 19:51:35.171344+00:00
2900c764-7176-4fea-943e-6e57340c92cc,22c7b71d-44cb-46c0-a8e2-7c2432eeb4fc,2526.03,2026-04-27 11:08:52.507722+00:00
8fa65c3d-071d-46ff-a128-7acf56807c1a,864fc2ec-4f9c-4441-b690-dfe13ce51162,5474.53,2026-05-09 16:57:22.005906+00:00
f293dbc1-e09f-4c2d-9722-37da6758662a,a730279d-f700-49db-a08c-cfb9652c2c85,5461.77,2026-05-22 13:30:03.650572+00:00
23b8b092-2b5c-4613-9fc8-70d384aac21c,1c789768-3eb5-4e89-b3cb-3c9438f436b2,3696.04,2026-05-27 01:47:50.148570+00:00
7866d9f5-f69f-48b3-8c82-f2226f065a01,65332dc6-5d49-4e08-b1fd-af78b0798356,469.79,2026-05-01 21:55:40.598784+00:00
24e981a4-1c01-4dce-acd3-f6d656c55637,66c0b336-f47b-4b62-8c3e-f6e0c09f127b,228.15,2026-05-04 18:14:16.034461+00:00
2697d112-66c2-4949-ab4b-c71af18f6368,3b06d4ac-deda-4d99-9fad-10ea63209a8d,10.0,2026-05-14 12:12:44.429419+00:00
06b0da5a-ad01-4b74-a9b1-d0415a3c000a,9bc7fc62-225c-4609-b8c3-ddffe973cd8c,180.03,2026-05-18 21:11:35.404512+00:00
7f668d5c-a141-46dd-a0c2-4f818cd256c4,7f3b20cb-0a9d-4a17-93a5-1fbb4c2d9a81,285.12,2026-05-21 11:18:00.778250+00:00
936ed11e-cb59-4ee7-8729-f66dd0ee2c3d,ff29ab9c-c5b0-49a7-ad07-a157a9b1d414,637.83,2026-05-18 09:46:43.992595+00:00
bc2bdc37-4170-4021-be19-7550a5d9ecef,f306eb3e-de14-4607-b1b7-a6eaf88f68c8,2356.9,2026-05-20 11:46:56.504008+00:00
6d9721f5-d567-4c4d-9551-3f892e184e36,84da11a0-60ef-4661-bda3-4f3ede93ca51,435.95,2026-04-16 08:28:06.548972+00:00
4ba65ee2-7a7c-4311-ba86-e8bf9a1305ae,653e88f9-d794-437e-87b6-e9bf492ff6d5,148.9,2026-04-27 08:18:02.992465+00:00
136916c0-3b9f-4ba1-9152-54b0e1cda021,0a81d6cf-87bf-4463-b2cc-6975bf04c5c4,461.4,2026-05-25 23:16:17.130185+00:00
fdd6caee-e1bc-431e-86c3-3ac9ebd1309a,b6f28a7a-1822-4bbd-8579-66548e12c381,2468.58,2026-05-05 10:31:13.797535+00:00
59e23088-015a-4609-8b8c-6e6ec3b0aefb,fed60833-f41b-42cf-b5b6-0aff84fc5b06,1800.11,2026-05-16 07:09:11.252007+00:00
eef93363-7d72-4622-945b-140ebf51fb54,1f836ec3-d48b-4208-bc64-7cb308276126,1609.37,2026-04-23 20:13:41.937516+00:00
33b193b7-8fca-4988-a133-47b081cb580e,27972031-f3bf-4e5a-a7a3-dc8aec88080f,966.72,2026-04-29 16:34:11.766537+00:00
57cd5871-aba1-4b15-86f5-1fde05819839,bb4611be-085c-4b9d-a8bc-05117983768c,3021.38,2026-05-16 12:57:31.086775+00:00
03100d04-b4e6-462e-b992-872e93d213ef,9698e43e-0601-4a00-ae6c-6776d86bf7c5,10.0,2026-05-22 07:06:35.814924+00:00
e9255696-c79c-4154-996f-4755f866f34c,5989fc6c-efa8-4d4c-af10-fb8a656a1ca3,2432.24,2026-05-22 14:51:54.656963+00:00
6b3e552c-18af-4d49-bafb-32b54524f2ff,82ca8eaa-48b4-48ce-aea2-ef56feeff333,395.03,2026-05-30 04:45:08.160714+00:00
8f6af189-8403-4b41-9909-15df11786bcd,2ac86c45-d38f-40b6-9d63-0201055797c0,1303.31,2026-03-16 16:15:40.050292+00:00
cb68509d-dcc4-4b7a-b77f-12280d55ee72,2557ec69-4e75-4450-b134-e7fbdc163a5e,916.62,2026-05-15 08:17:51.389694+00:00
c777ecdc-da20-45ff-aab0-937324f4612a,cd47bad5-3c3f-4268-b410-c44af7cff98a,789.95,2026-05-18 08:04:09.383905+00:00
b7477fdf-c8d6-4929-9253-4655d754697b,1cb099d6-463a-4560-b816-1c4c73273849,1735.9,2026-05-20 17:12:43.626763+00:00
7c1db103-9e78-451c-b782-d2e16cf66986,99027bf2-f1f0-4d91-88c6-ebee76a9299d,401.88,2026-05-06 03:11:52.589869+00:00
4f165768-65e4-435e-ba7b-bada675d4d9c,6e96ce26-d282-4bfe-b4ea-cfc5f7e886ac,179.55,2026-05-12 12:21:45.731608+00:00
ac931c11-67a6-412e-8ba2-f710798831d4,8ac395ba-6a07-4621-9f86-28ed96e087b7,493.1,2026-05-22 09:04:47.400583+00:00
e018239a-1c04-4dd7-852f-e2e18f9c68f5,6ff03d8d-9a40-498e-993b-268d4f73e885,614.08,2026-05-24 13:22:41.645265+00:00
fe6d5d62-c870-400f-a182-80221a05e65b,e3180c8b-580a-44e8-85d5-3b9e3891f34e,430.57,2026-05-25 23:46:43.051973+00:00
1a35fcbf-9bd2-4cf1-a7d3-c9720d2efea8,68be5093-de00-4a96-9ad1-11488cb8b062,3709.12,2026-03-08 17:17:30.620389+00:00
323c16f8-e2fc-4e02-8db0-6196e9883e72,afd88a90-7761-40c9-bb47-1bca055245ad,2385.92,2026-03-14 04:43:34.471637+00:00
3e0fb225-cc3f-437d-83bd-e0bc942006be,6e35ec70-5730-44dd-9337-7a400a9fb6eb,2436.19,2026-03-26 02:49:41.754352+00:00
57cb77d2-932d-4185-b65e-90ceb854d10d,851d5a71-07f9-4efc-a725-541c635a40d0,98.4,2026-04-11 22:48:54.875181+00:00
bc3b7549-71e2-430a-8556-d96059ace26f,11bc4cac-6fae-4aba-9113-cff5ea63e7f1,2307.45,2026-04-20 12:19:34.415068+00:00
c628fd58-6fd5-4549-b6c8-3ff5c328151d,28597693-ec45-4723-8320-ce1ea52a3e1d,3701.6,2026-04-08 07:59:09.584007+00:00
d3541224-d1ab-4893-9200-866a846e3b07,859f6a96-5243-4965-a1c9-db8f75f76e2c,1729.12,2026-04-27 07:59:04.374767+00:00
68ff1d80-878f-427e-baa2-8e5c2ee76ab0,b9954a1d-b5cd-4f08-9b24-2487492cb7ea,2565.33,2026-05-28 22:07:29.519970+00:00
028df138-b170-4511-ad94-16e397a88c62,c97d48f6-8c8e-48d3-adea-e2cf1ed30a55,981.16,2026-05-23 00:19:13.713507+00:00
0ac910e9-bf2a-4dbd-b348-fc6298a1ff7e,d715c0a1-d378-4737-b22e-81a6bdece7b6,5221.25,2026-05-09 07:51:26.657426+00:00
680f88a4-badc-4c18-9d62-d23d125274f1,47b53818-bf4b-44be-8fec-7ccaa624f823,4314.41,2026-05-29 11:29:49.747893+00:00
b35787bf-d5e2-432b-a15a-744442fc3972,54b76981-ab29-4e05-8e72-945272f4e97d,3134.64,2026-04-14 20:27:32.177312+00:00
cf0f7336-b6ef-4239-8767-e6bdee9051fa,2775573d-2594-42de-93dd-4f25f19bc56e,3706.0,2026-04-15 15:16:55.918540+00:00
241a5d4d-de1d-48f0-bb21-ef3ba83c1787,41f07e16-c8de-42c2-82c7-f0838d452ff0,3276.67,2026-04-27 18:26:18.382423+00:00
555253f3-aba5-4e53-bde6-1a09ded90ebb,f83aaa25-12da-4d0c-b4e8-61fad107bf1b,1653.01,2026-04-28 06:05:31.485181+00:00
bd1c5429-f3e3-4e49-be67-abefd7531237,3b9b6639-04a0-4079-953f-8a3804fa1343,673.64,2026-04-28 22:02:03.145641+00:00
a3869c46-5be8-4445-80d5-a20a2f4909c0,b1c1b9e1-5259-43b0-aea6-f48fb7bded27,836.92,2026-05-01 09:24:25.214275+00:00
1323372d-0cf2-406f-b508-3b82599dea4c,46292252-48e2-47ba-a21b-2b8d61ab80e1,630.31,2026-05-01 23:37:45.606080+00:00
126bcf4c-ca55-4c58-b8fd-0ebd0755a958,985fe923-b8a2-45c6-9802-760845a03ff4,521.06,2026-05-24 23:27:13.919208+00:00
15e2484e-1fd1-4b7e-aff2-b854b4edfc56,c51b9b6a-c83d-424c-8c17-7fe37cfef35f,1273.08,2026-05-09 15:43:13.060582+00:00
2c0ede63-68ae-408b-9a1a-7eeefc064572,aa4e0a08-4c77-49d0-a6a8-3cc8568bd341,1057.65,2026-05-13 15:59:23.454631+00:00
b442b5e5-3128-4090-b61b-001d4065f8ac,9e3eec69-f514-4d62-ae1d-3bdd50080f0e,596.56,2026-05-20 04:04:57.976129+00:00
2d977021-fd1d-459d-b047-27ea8aa048cd,2469d8b4-b401-421e-96e0-6b3ba2f59cd6,501.96,2026-05-30 14:52:12.983719+00:00
4119d854-997d-45cd-890e-63fcf8674af9,a28b20a9-c7c0-4227-9da9-3016dc8c79d3,710.01,2026-05-31 04:17:18.247388+00:00
e74a4530-971b-41b6-899b-b059ee0ddb67,da815d19-0dd6-4afa-a993-a9de9056abfb,285.17,2026-04-20 00:55:19.937063+00:00
434a74c1-c14b-46ff-9e37-08fbc1f39357,74073b0d-1cc4-45df-a033-f9b77bb31c5a,10.0,2026-04-23 08:50:30.372622+00:00
4bbfb307-9d01-4ca4-b770-7d3352f130da,820d0a4d-f7c6-42eb-842e-8c923d327480,308.82,2026-04-30 05:46:19.805764+00:00
859dfeef-e5f3-4324-abbc-058e52816d8f,d7572498-63c4-4aba-bc5c-c00a0a2bd969,249.78,2026-05-12 01:07:50.875344+00:00
417ea435-02f2-4b27-bf4e-87bc4c18119a,553e0ac7-a28c-4f39-bbe1-8cc31bf3b094,3415.47,2026-05-21 02:36:18.749407+00:00
7dea0669-7351-42a1-9b2e-d88710504bc5,70147975-743f-49ce-a63a-80ba8ebb453c,3021.31,2026-05-21 04:32:10.171726+00:00
bd7617bb-df2f-475a-b62b-6fb680e9b2d4,8a80ecce-00ff-44a9-b9a8-a9206b4a24c0,5106.58,2026-05-28 08:44:40.457253+00:00
b4d69491-2456-4b8e-9c2c-2533aa4966e7,72cb31a1-32fa-43cf-a486-b8ed3a0b98cb,1194.21,2026-05-03 03:14:01.244427+00:00
a147e11c-f975-4983-99cf-fa193467b0ae,6f6259b5-efe6-4b86-9be7-d4de6df59f35,488.16,2026-04-26 04:34:57.211606+00:00
571e2d94-8d09-42db-b4b5-ff783626461d,6e459d3c-6227-4eb9-8a4b-d89f68641036,1187.96,2026-04-29 08:00:36.816243+00:00
30fe5364-b6be-4ca1-bdf3-69117fcc2dee,74c8a08e-2fab-434f-b776-c1b09fd8a55a,726.12,2026-05-03 04:54:46.803878+00:00
20b33285-9829-4c32-8024-182b9221d4bc,9b0c1c50-ee49-41e3-8bc9-8b67be463396,2808.03,2026-04-21 14:02:16.192975+00:00
5346f17f-bbf6-491b-b8a3-8edf15c29d01,0a749646-a505-4e28-a332-d11c42ebdd3d,4561.68,2026-05-02 07:26:04.128703+00:00
b36be88f-6882-4a33-a070-2ddddd926267,c453ec03-cbc0-4418-b897-e66aba6a6e39,4323.54,2026-05-04 07:22:13.812963+00:00
55f37e5f-d729-44e2-b4f9-eb73cae465dc,b090e27d-7465-4b1a-a504-c87062713e6f,4312.47,2026-04-04 21:48:16.484409+00:00
d3b79395-a4a1-4914-8f07-740da2171974,a661e792-f80c-47c3-96dd-836df191a568,4399.63,2026-04-11 18:55:20.534840+00:00
f21d8f63-aaf7-4614-8bcf-b5dc9360dec6,c8ff2920-3386-4abc-a0ee-a6861894261f,1376.0,2026-05-09 12:19:51.034931+00:00
ec2e8eba-f104-47db-928b-6b704fdaaf21,ba6d19ab-c1f6-4d9d-83af-d62aaebafaa9,2263.63,2026-04-04 04:00:03.374790+00:00
ba84743e-bdfe-4401-8d89-20d4f5ac70b3,fc9a2a66-0487-4c89-a5c3-ec37c1ab5f2f,3051.63,2026-05-30 07:44:19.211938+00:00
bcf9f9a8-f734-4dac-b5b1-7cb7cc20fccb,8d7bb6c5-d857-4721-ab06-6c963da4240d,7543.97,2026-05-31 05:28:30.233448+00:00
5e3f97db-d86b-4a37-894a-bde2c01b1b2c,1a34a814-0640-452a-87e0-40e6c5141bdc,1771.23,2026-04-18 04:44:09.874283+00:00
6cd7b644-7e83-491a-aea4-5e7c38bbc671,c33ad8c0-cf0c-4fc8-997b-e8b051d51d83,1678.48,2026-04-25 21:33:49.913580+00:00
25987b70-062f-45a6-8c63-5979c5e59abb,cc8a2eb1-ba81-45e7-a24a-b2c7a1ddec4e,5724.34,2026-05-27 01:29:52.446368+00:00
efd2fb3f-7d51-4deb-925d-1fe7fdcd150b,88657ce7-19cf-4f51-92e4-2bbc743908fb,3481.55,2026-04-17 16:45:46.904314+00:00
eed2ca30-4ac7-4eb5-85c4-d7aa1fa534f3,f2d4fb50-11ca-4c68-970f-767424462422,10.0,2026-04-23 18:02:29.541467+00:00
6e658c6e-61d8-4cb2-9ea1-b12fc79c2859,0685e69a-7523-4993-a271-972ae1693c16,4115.11,2026-05-08 21:21:13.708287+00:00
42efc836-2fee-4451-b56c-a978951b3034,4e1108f1-82fb-4ef5-a74a-09feeefb1c3c,10.0,2026-05-18 04:32:15.727102+00:00
74a60405-7598-42ea-9f6a-a01d1b6963d1,659d3311-5fa7-43bc-b568-498d4eacca3a,2682.61,2026-05-27 18:23:37.008624+00:00
a3595f76-d751-42c4-9c0e-7208433a8c39,6180101f-9caf-473e-b1e0-868e18c058e5,4730.56,2026-05-28 13:35:54.347494+00:00
159d1702-cfef-45b6-ab46-53cee7c134c1,f9e7ed2f-f687-4b3d-9478-977454fefd64,2235.24,2026-05-29 15:28:31.524812+00:00
9c506ada-5da9-403b-9ff2-fd70756c2991,4e947796-986a-45e4-b172-0b54b57f5167,699.36,2026-05-09 16:31:34.395395+00:00
0d7c5855-e783-40dc-9c88-e22c61de623a,60f1540b-1c13-4c9f-aac7-e5aca77939ea,644.19,2026-05-10 17:33:51.128737+00:00
c281f857-e138-4f80-9b2d-1b034374436c,3badd2d6-fed2-4d74-a7c0-cd50ff8d3cf2,636.3,2026-05-17 15:32:30.713678+00:00
60630dc0-61ca-4d9d-9c31-23f6ab49b9fb,a763a21f-21b3-4989-a1c7-6f21e4284aff,306.98,2026-05-25 20:27:10.369064+00:00
7510aa2b-368b-4a0b-a817-456abc93c22a,67d4cef6-14a9-4a81-9300-2de4185c7aec,1109.46,2026-05-13 10:46:33.035621+00:00
94933723-5ca5-4041-9a67-d9fddf7f86d4,045d701b-b5a4-4b29-bba3-1a3d13325d70,5859.64,2026-04-29 19:25:00.155688+00:00
b0c7581e-f2f5-4b35-a548-32a1a6511b7f,2cc1447f-2fb0-4961-ba39-88d4f5629ea2,3274.02,2026-05-27 08:47:43.466423+00:00
75efc00a-02d4-4649-b3c7-96420647d319,2a05c25f-8468-4263-abda-9278e35f067c,2191.2,2026-05-22 21:31:14.312623+00:00
8ba78f52-88f1-4bb7-810c-4a11a739f735,98a54534-2137-4434-a228-841e0a0ae102,2135.69,2026-05-22 23:18:57.802578+00:00
cabfbfab-a600-48f1-b238-78b8a8d470f6,9c495fb6-7929-4a6b-9d8b-7e7727370aa5,3935.45,2026-05-28 09:22:01.705541+00:00
1f16dd90-fdda-406c-99a3-67c2416caa5d,10fb2891-4f84-4603-93ca-631b748bc9bf,2877.15,2026-05-31 21:26:39.716365+00:00
304974bb-5e73-417a-aeac-fe6b1ea08008,876a8a8a-ddbc-487a-9235-e4d49e737afb,1534.38,2026-03-15 13:36:12.113151+00:00
1bc66f7a-27e5-42f9-903c-5735bc5d008e,32c27433-47fe-48e7-a3b6-61a3b55e23d8,4170.69,2026-04-12 15:50:09.467990+00:00
28917101-9023-46d7-b9b5-b82426a66780,8d83629c-6b1e-4f33-a0d3-f3c39580b7ad,10.0,2026-05-10 09:10:29.834240+00:00
4baced36-7475-4f7e-a102-98d15524c4bb,ecdb23ee-fe69-4e77-bb55-778899d7dee1,3876.52,2026-05-11 20:25:49.940789+00:00
272d1ac8-7495-457e-99fa-398182e80c74,f78bee90-e3b6-419d-b050-c8cbfab02b42,3167.92,2026-05-14 05:47:03.597914+00:00
669c0c83-58a9-4e12-91de-54fd03caafb8,4bac0a92-403d-428e-90bb-b52adc565a43,894.97,2026-05-01 13:45:22.191824+00:00
9b94a81f-2ddf-4154-b0e0-0863f64469ef,d461e66d-744b-48a9-8d5d-4b982dfb645b,1193.47,2026-05-25 07:50:53.767610+00:00
6ef6e288-fdda-4530-bdb9-49290fac0834,fec2aa63-fbe4-487b-92fb-c02ace5ac534,3728.16,2026-04-27 19:31:43.300263+00:00
70a19d79-67f2-4d31-877e-dad3a4a9bc35,ffe5139b-a997-4b89-82af-afacc69069f8,3907.92,2026-04-30 02:54:19.224529+00:00
7e34b344-f0dc-48f7-bfb6-5a1cb82b0c83,e051be48-3e6e-4a40-a798-4e34c97d8f12,1736.02,2026-05-24 17:15:12.896802+00:00
37bd174e-66b7-450b-b4bb-761a4db70151,c48fb58d-77d7-4d3e-996c-de106b6c9cd7,793.35,2026-05-29 13:15:59.697609+00:00
8252ea98-a99f-48c4-b3ca-747f454ecee4,ce34b526-4fd6-4a05-a6f7-bc6e15d35cd0,2219.46,2026-03-30 14:12:47.942976+00:00
7245f0f1-3a57-4293-bd30-e08e43136cd6,0d90924c-03ca-4ffe-873e-3801d1a7cd59,2137.33,2026-04-16 20:04:42.063956+00:00
ad6d68f6-2060-452d-9a01-31c9befd6585,30a63b69-6885-4f85-9e8d-da38d90e2557,797.17,2026-05-01 07:29:43.329103+00:00
7e23f284-737a-47f5-95fe-3d33d5433bc9,1810da33-73aa-43d4-a357-7f9068fcdc4b,1854.19,2026-05-14 00:32:18.129993+00:00
21a6c262-a79a-4fe8-b5e7-0507f6cc3f6d,94d5ff9b-87d1-4df4-9e4f-38161252b9c1,2061.52,2026-05-30 20:51:00.836516+00:00
40208a49-343b-400f-aeb6-4037edf725ba,49c9d03d-baae-4427-9627-ffd041b6d3cd,4710.53,2026-04-19 05:29:50.992428+00:00
198aea53-4231-4c8c-8704-d10b1d7fa22d,55558cc7-ed6b-49d1-8e53-2f553054c10d,3056.25,2026-05-17 15:38:28.088193+00:00
baffedd0-8550-4e3c-a985-4291b3f9de6f,7294d1e5-fa55-4889-8abf-8ab2ce757381,3296.13,2026-05-23 12:05:33.763111+00:00
05cbe408-730e-4c58-aee1-006b696a2445,bf2fc5e4-6790-49e3-b3c8-f69b98c49a95,2149.91,2026-05-27 08:28:45.944027+00:00
1ff6122f-560f-40c8-ae40-7bbf3ca21db9,d5e8a873-0434-4639-b92b-0dd2b5513172,2652.24,2026-05-27 21:55:00.692740+00:00
f7bac7c0-cf2c-46f6-8524-e3e01834e162,59973515-a7c5-48ea-b9e5-12b355e28066,1803.1,2026-05-28 15:27:14.457380+00:00
c0449ca0-1d9a-408f-83ab-69cf3a83efeb,e1e8625c-ba2c-405d-8f7e-a5eac673c70e,5274.63,2026-05-28 16:14:46.778675+00:00
7c46fb24-73b7-4550-9d91-a11648e4a177,ef8ade10-089b-44f7-969c-1e4f158f176a,10.0,2026-05-28 17:06:31.035230+00:00
895bdc82-9d12-48af-aeb9-88ebd01e4986,2905f576-95e7-47e5-8503-d666ade3854b,900.81,2026-05-11 21:25:54.667820+00:00
e57d4de0-c63b-488a-b09c-32afca4a206d,06fcb257-8b7d-4d5f-837f-4c1ca77b2a23,1226.27,2026-05-24 00:14:02.948438+00:00
5b3b3fa2-cc53-457c-a38e-7bca51323e92,213f8778-e3fd-492b-a97e-2f676c77f239,678.06,2026-05-24 10:59:21.430299+00:00
e9882e94-3a82-49fb-a1c1-8e8800d36bb6,4de6e80a-0fce-406d-9d07-d2c389437aae,499.97,2026-05-28 10:50:58.048321+00:00
3da1ecd6-4dde-450f-9951-9e9b63771216,5f37e161-902a-47d8-bb2c-a2347cb20014,3162.25,2026-05-16 19:30:13.119518+00:00
b7d0d0d7-6f21-4375-bfc7-3c98feafd045,f3676f25-8e3a-495a-aead-9f804ae0a313,749.94,2026-05-20 01:26:39.967504+00:00
b82230c2-3e43-4504-ba97-fba13feb1cf7,6e64e5fe-6ddd-476c-9e5a-11814b65f1e2,1428.57,2026-05-26 09:09:42.040549+00:00
c0fd125f-24d7-4e36-9ab1-3a5f6b049a0b,fac9c68b-7dc6-469d-9f1e-cdd34c070291,4020.1,2026-05-26 18:04:07.477246+00:00
d35e24c7-5768-4b82-81c5-1f1d2e628d8b,291949be-a90f-41a9-83f6-c374c4f05d39,2326.2,2026-05-26 22:32:14.908307+00:00
a45f314b-e793-46e8-b69b-0d13d791273e,2aa29f1e-8895-4aa4-86cc-792f43fc3580,250.27,2026-04-22 09:19:43.445570+00:00
7f2a05c7-03a6-4253-96d8-2906f3fca04c,81f1066b-cb52-44dc-bfe9-0c36cfd54f09,142.66,2026-05-10 02:11:25.685692+00:00
cf57a05a-cf0a-475f-8641-f4b2ac571334,f09e3103-8416-4593-ba7e-13fad609fa8b,160.29,2026-05-30 08:09:24.048708+00:00
1abcc82d-3961-4e14-b0f7-52e531b4ebc3,f4e22d6a-826c-4e36-98d0-7a9032701eb0,270.6,2026-05-30 14:24:06.492538+00:00
8b1852e9-e40a-4b23-8887-d55f91ab8b0f,2a9fe3f9-86c6-48c9-8642-380e634d656c,2334.24,2026-04-06 07:19:55.205295+00:00
ed4ff758-4e3a-4bf8-ab4d-26ca1669c665,24852cdb-fc0e-4e6e-9bc7-369069e4c3df,3207.61,2026-05-11 23:43:44.585156+00:00
01901bc3-f64f-44a0-a141-7c94481fefe7,f27f2082-a81a-42b0-8713-fbaa8ba2565b,1468.48,2026-05-12 16:14:27.272962+00:00
125f2e16-7b6f-46cd-b2d0-ac2d59d686bc,4c2ff1df-7a9d-4832-91a8-86335e68f4cd,3018.34,2026-05-31 16:16:51.109177+00:00
18b09f27-5089-4def-bdd3-ef978f28d633,0c9900e5-d048-4923-8c65-d6fec4579213,4293.03,2026-04-25 09:14:57.449172+00:00
db3b989a-7e10-49ae-96a0-66177493b799,70852944-dbc3-4c3c-beb4-ca341142cbe4,764.49,2026-05-08 23:33:27.025031+00:00
b8c518cb-8b1d-4253-941f-fb0e328bd513,4f9b41c4-5e23-4d59-9935-989023670b4c,3669.76,2026-05-24 21:54:45.462994+00:00
b97227ab-b67a-4981-8322-5469c64ae46d,98b34c9a-4074-41dd-924a-d0c2ba393efc,226.91,2026-05-21 08:59:21.685715+00:00
4b1993d3-e983-4113-a497-4946fc489e5e,e624aa25-de76-4eb0-b290-c27899e9d52d,207.67,2026-05-21 14:47:59.314270+00:00
ac517736-6d6b-4ae6-91f7-08dece145e26,13fe1595-8a80-45e9-b769-86e2fbf4e6b5,192.93,2026-05-25 10:00:59.857186+00:00
caed6238-36d1-49ca-a7b4-bef209e0788b,fafeae32-b580-47d9-b53c-dff9892d969b,288.36,2026-05-27 06:42:42.738805+00:00
0b25ee95-fa16-4a24-81bc-5110dcd0ac62,06753aa8-1ea3-48bc-a674-67f5efd2f123,287.36,2026-05-31 15:20:48.426940+00:00
d8d35868-7dc7-4f2e-8bf7-8b53b1466d83,91167528-19b4-45a4-9ee3-13ebc15c1cf1,8173.51,2026-05-25 00:56:54.245872+00:00
4bab21d9-b304-4043-8401-aa9498f5580a,9ceb31ee-c906-446f-afa7-4b386be34400,6951.56,2026-05-28 17:11:31.419991+00:00
80455a65-2976-4a69-8528-de63d57e7fc0,388be0c5-8246-4eac-a38e-8cc873df5ee4,3560.28,2026-05-29 03:20:07.256985+00:00
8d745097-7bf4-4018-84ed-9b20e6e37104,e4584b9f-c299-497a-9a55-7b40dd10c87b,5318.2,2026-05-30 01:26:47.081100+00:00
23db120e-c897-42b8-b72b-3a7125c2925b,79af497b-734c-4280-8093-c75fff09d460,4321.72,2026-05-31 09:19:47.784063+00:00
872e4155-4259-4053-9f84-7c231ff473d4,22af7073-c313-45ec-bb3c-e90196793976,2224.75,2026-04-03 08:49:47.287203+00:00
a0f863da-2c59-4c64-a2f5-12ba8c55db84,33fb7b68-62c5-4051-93ec-bb4db4518dfa,2359.7,2026-04-04 05:33:36.851013+00:00
ed933861-a323-4f60-95fc-9eb69e8810f6,6eb03438-a2fd-4e58-8009-0c7cdda308da,574.95,2026-04-13 01:22:04.062055+00:00
5a309ba5-f5ff-4622-a50c-097d470e663a,c9d1e0e9-0e5d-4b91-a3a4-8c49a5c7b52c,824.89,2026-04-25 13:57:08.238373+00:00
88b5d912-6c73-4457-9916-06a37493ffca,6212014e-2c4e-4cab-8a7c-70fecf5b3c49,910.34,2026-04-26 16:26:59.700870+00:00
118fc9dd-062e-4f38-a0b3-ec11d08543b5,5b6261b0-0a75-4143-9e2f-89d057c90e4d,608.61,2026-05-31 11:07:22.637438+00:00
1c9e683c-3d98-41a9-bcef-c37ced855ffa,69d33d44-7340-423e-9615-77ac0466b167,894.96,2026-03-10 21:03:51.220971+00:00
e221db7e-3482-4078-95af-1504c11a1802,0b62f3f6-919b-407d-b6ed-3019e47253cb,1319.34,2026-03-25 01:23:05.449245+00:00
ef572c08-8ac6-48c8-bbf5-3b2bafd9632b,c7115004-d7c5-4d8f-962b-658029448cb4,1609.02,2026-03-30 19:20:11.556677+00:00
55fac4c0-3e0e-4609-a1de-8115eafec6ee,0c90ea09-e69a-41dc-ad68-27838e1f8e46,691.53,2026-04-13 00:59:04.235656+00:00
effaa0f6-a7e7-48e1-8429-047e06bae795,bab47b66-3997-48c3-8e4a-294f2dc50060,581.2,2026-05-31 00:20:05.358471+00:00
4efd32d9-8540-415e-972a-1d76d6250677,9880efaf-c75e-4214-a771-eb203a426f82,1727.1,2026-04-26 00:25:58.919822+00:00
6d5512a3-ccd9-4c02-a60f-a077abac112f,8ecce59f-8372-4413-b3b7-e6dfcd1389d7,2076.11,2026-05-15 02:24:20.898805+00:00
c0651ea9-88ed-4dd7-9ead-afcd97cd01a4,5bd33813-94b4-4a60-9e62-df84d5821e4d,2140.96,2026-05-19 04:42:38.303231+00:00
f3a8bca2-1ad0-481a-a328-de6b2dc6fdf1,e60bf814-260f-4954-bc72-ff04856d0f90,1962.46,2026-05-19 20:00:58.564670+00:00
d93ca85a-afd4-4848-b858-ce1f293ce265,1bb1bd87-4f0e-4993-9cca-ed835c796732,495.58,2026-04-10 22:48:59.350638+00:00
6963296a-728e-47a8-87ea-ccb68a739a2d,28bce652-daf9-40af-95de-785659d84193,4681.52,2026-05-01 19:26:15.586571+00:00
c061bad6-69eb-4dbe-a231-3e50e85d7d67,5967b3d9-a6ab-4520-a248-45715bea4b45,2888.56,2026-05-07 10:15:15.769383+00:00
50437367-b14e-42e4-a55f-da785ee3f207,dc3b4daa-d320-4f79-9502-5b50d7b1af6f,1419.31,2026-05-23 01:55:45.732936+00:00
c7885af2-bf71-4e83-88c9-97713959066d,e77b3253-88d5-4783-b50e-39110c506b4b,1135.23,2026-04-16 17:44:01.994887+00:00
283048ab-acb6-49b3-aa14-0204cb87c75a,32582b9b-bd2a-4d83-b53c-203ee2484480,1440.55,2026-04-22 06:58:45.637380+00:00
5de51d26-f1a1-4c31-8bcc-d07a36d28a76,7067bb7d-602a-4aa4-86c2-345e65627633,2491.0,2026-04-28 19:33:27.555417+00:00
711837a8-d339-4e4d-b9a9-d54f417fa29a,379ebc59-1bed-4ce1-93a4-deb3937921f5,2156.96,2026-05-30 15:07:38.256189+00:00
1cf4e519-2aaa-4c0f-8b65-d5db10db933f,95d2f4ae-2a5d-4413-ae64-9cd2af87505a,6300.78,2026-04-04 05:30:57.935862+00:00
a9e3bde2-eec0-4af1-ad30-01725e5e8f09,f045de9b-7851-4d95-ac36-8319f7e8e60e,4367.49,2026-05-30 06:32:50.926204+00:00
6411ea90-4f53-40f0-937e-ad3d18f3774f,68107d9e-f037-4091-8e7b-da30bb57ff34,3160.31,2026-05-30 09:30:09.704344+00:00
e826e5b0-3cdc-450f-8c77-6263c2129d71,05c87ee2-0ad0-4e6f-a0d2-2ac84363ba4c,4284.62,2026-05-30 18:39:17.492171+00:00
8471a791-9452-46d3-812a-bd199722580c,3f7cff7f-99dd-4cc8-aa23-229cddef6db6,1508.3,2026-05-31 06:32:07.362154+00:00
33f40924-e5d9-4293-9e0f-92264836ba73,6a908b94-a052-4f62-a80c-a1dc844c67c0,2110.48,2026-05-31 13:34:51.547337+00:00
12e53c2d-942b-42a8-ae50-bed068c582a0,5f4b5b0b-d378-4777-8430-0ae8eaa05fa8,2793.36,2026-03-11 14:02:46.659929+00:00
bbf4c7a6-c288-4722-91b3-812bfad3c282,3e15a325-46ba-40c4-aa86-9a836ee4c45e,945.44,2026-03-14 20:57:12.557998+00:00
ce4ea78a-9264-48c5-87ed-fbf307335dd7,d57021c0-8eb4-4a52-a650-5dc70590a53e,6151.71,2026-04-21 18:14:21.105508+00:00
d4f7da75-4903-41e5-b72a-28e46c5319b1,aac0681b-a219-4b07-bf15-5f37908dd8df,1097.65,2026-03-26 15:09:14.611989+00:00
8a9451a0-d90a-48f3-868b-f9a817279db6,397f0a19-49a6-462b-a920-c9dccbf01f7b,1059.94,2026-04-15 20:35:53.118517+00:00
b450a224-b4a2-4683-b07d-ad27eb328bbb,947797fe-8a44-4912-8a03-384a300e43a0,1374.47,2026-05-26 09:45:54.735410+00:00
38a840b3-6c83-4810-b644-1e1ba5f51995,d2c09c86-e8c4-407b-88a1-bbe53916ca09,1959.83,2026-05-31 00:33:32.744254+00:00
48c21507-6d17-42da-8f83-7512ee9f62d0,b3845a61-5a55-4462-895e-dfda1bdbf935,655.63,2026-05-05 17:46:38.121491+00:00
6be50c9f-38f2-4a53-b0c8-a1b8e2fb3259,ad0e4261-3be9-40f2-9ca5-2a5a7782c0d2,1081.5,2026-05-23 00:23:02.229698+00:00
3da3a943-e08c-4457-8391-b6fac6d624aa,628c94ef-a176-4847-a0e1-17cc6f57415c,948.6,2026-05-29 11:20:25.247151+00:00
1c7a52ba-bdea-4509-8e7a-5e642d458abc,48a83ff3-611f-4c18-8d9c-1a8f474d7aa9,106.82,2026-04-06 12:58:10.106320+00:00
0e1c0272-b495-4820-bc98-1f48f9b2e144,9c0f238c-d29e-4590-8936-bbaf11c0bebb,440.01,2026-04-07 01:10:08.850489+00:00
f826834b-b6d3-4276-aeb0-b55d7c8823d9,6a33dfbe-cf20-470a-9e3e-ad39bd06ea5a,2509.7,2026-04-09 21:41:22.113879+00:00
53b86d5b-82eb-43f0-9281-0b62f6f5f9a6,50eb680d-9655-44dc-89d8-8e03cffb1839,303.01,2026-04-17 14:59:47.721293+00:00
8686c51e-2839-44e9-8b74-2c2275f5e07a,5eed10ed-711b-4fff-b31a-1bad56caf61d,1874.16,2026-05-02 10:23:29.110924+00:00
f2c7e251-aa3d-4e24-9ab4-332bc8576691,4921fda1-3321-4572-a57b-dcbea953490b,1824.85,2026-04-22 17:06:26.095718+00:00
473d7e9d-8c2b-4f33-b470-2420548353cf,1279586b-c43f-4cc0-a8f3-88ea20100567,2828.71,2026-05-27 21:43:09.779868+00:00
9fb9cf66-ab45-444b-be5a-e1a447ecdec3,f12b9768-44c4-4bf2-9b57-c5d5e35e92a3,1508.99,2026-05-28 06:33:48.587801+00:00
1a857003-01bd-42ec-aeb3-52ac67e5ad90,fbdf40df-5088-431d-b5ef-ac109b642cfb,1362.56,2026-05-01 05:43:56.830794+00:00
5c37e890-f12b-42dd-9930-e3a8e32a7492,cb9e7eb9-c488-4a70-ae0f-bde17bd8800c,2415.71,2026-05-10 21:42:07.472776+00:00
fd143a4c-6f58-4108-8a0f-3110b9bd343c,7d94f405-8270-4f18-9151-b3df42a95d6d,1668.68,2026-05-19 16:34:40.850368+00:00
fa9ba67f-3b84-4b39-a7e1-7a0e79d34755,bf258f93-5284-4d4f-b317-21e8e9971152,3814.24,2026-05-15 04:57:47.605437+00:00
8436b537-1750-41c2-b092-5750a22cd49c,857cbc0c-f205-4f1f-b7fa-af413ce19ff1,3451.81,2026-05-16 19:41:06.413719+00:00
d043ee90-65eb-4b22-9dcb-7b5f4e3223a2,c1e17a24-c640-4a9a-acbd-f5d90542a534,4732.49,2026-05-22 21:54:30.718122+00:00
c04d26fd-edf7-4260-96a3-9f5e3bb721df,a9dfe446-dffd-4402-a5da-d720d7144d02,3253.7,2026-05-30 17:00:32.044778+00:00
be0d3604-8cda-4996-9892-18ec9e6866c2,ad8eef82-32e9-409f-adae-c8872ba2b7f7,430.14,2026-03-24 22:24:12.075881+00:00
249cdc2e-7b83-4b57-84fc-9089d24a864b,b6ce60c6-8033-42e3-8b96-46701f3eeeb7,671.24,2026-03-25 04:04:03.801708+00:00
73813444-db4b-4a05-803c-67671c49239d,328c3e7e-997e-43e2-8a1c-b1a2bfc25065,314.01,2026-03-29 13:03:24.330777+00:00
9daf9c33-d806-4b8f-bae1-dd116dc5aa5f,da41c234-530e-4454-a4af-f88c9b9dabba,3723.29,2026-05-18 20:11:01.363564+00:00
7755f7c7-092a-435f-8e7a-f60647d456d2,a51f44f2-2c9c-4e1f-9ee6-52ec58ed412b,1451.87,2026-05-18 21:45:31.922250+00:00
c0cb4421-015b-4862-968b-46f22de49139,1319c5b7-2ef5-471a-a74a-0699020220af,1308.33,2026-05-20 03:31:39.638217+00:00
130ad062-54d2-46ba-b8c9-e0f73a380001,6e519b87-89d6-4bb0-8779-b29d8245fb9b,2964.65,2026-04-17 12:27:40.357064+00:00
676dd3ae-7a20-4119-b3ff-edf266252d78,541bbbd4-4ada-4525-8e69-8286e4fd1244,1108.56,2026-05-14 09:33:42.253238+00:00
8f1cf8b0-8731-451e-915a-26cc0a015ea3,d8fc71d3-bb06-4838-9d6f-f199e685e603,498.19,2026-05-14 21:40:00.173621+00:00
ba4004ac-15ed-40fe-b77d-72a290dfbe34,ed81bdbd-29b1-4df5-b2b8-90ec226c8c0a,752.79,2026-05-18 15:42:54.702895+00:00
1f6337d0-bdcd-4928-a048-a56ff8e4cc00,3c6726a0-21d8-43a9-961d-a619b99a82a7,711.23,2026-04-01 13:54:23.830634+00:00
805bbfe0-5c40-4eab-ae7a-e02ada8a9977,cce5eff1-9787-44ef-98f3-2b31e161fa4b,3225.33,2026-04-11 18:39:48.787378+00:00
20958493-080a-4f1c-b1f6-004d2dc44ca5,9f3b3b95-d211-45c4-a0dc-71083839bab8,1384.04,2026-05-16 23:43:24.717348+00:00
ac6d9cce-9a92-4e2a-ba1f-992605e4f63d,0c922f49-45df-4569-a61a-fef2a53f329b,1622.04,2026-05-24 05:14:33.045644+00:00
5b92facb-cc04-4504-b6b0-39d915d729c0,a7847063-74dc-4f7e-b657-baa869727476,341.09,2026-03-24 05:16:10.639855+00:00
9226237d-4bde-4659-b869-3d13cd573138,1bd52767-1f09-4552-b701-7a3361265d18,2098.69,2026-04-26 20:59:03.560183+00:00
76f72d72-9daa-4381-8fda-b15a8ef4ab32,008daa8d-9604-4bc2-9aad-d2632dd2897f,2009.99,2026-05-25 21:10:43.605164+00:00
783b165b-9a03-41d0-ab4c-c96df00a0c6e,33008a62-2a5b-42b6-91f0-2f07c6528c89,1288.44,2026-05-27 00:19:36.475432+00:00
a3904e68-9d4b-4f4a-92fc-3ce9d784617d,c738c269-0bfb-4744-8e06-0bf0ed0afc11,2392.58,2026-06-01 00:21:48.553507+00:00
db8f694c-f28d-461a-919a-cda1577b12a6,e0bee10c-ebd5-4379-9495-695b9c4e1d24,2245.7,2026-05-19 19:39:06.874050+00:00
daf0f9dc-201f-499b-a05d-cb3b7fedd01f,1d90dd5b-9619-4899-9858-eaf22edc8a10,1593.4,2026-05-24 13:23:21.040972+00:00
f9e36a5a-6e43-47c7-b85a-5e10c8979dcb,6ab33c4a-0022-401d-b685-13da8272e69a,1821.36,2026-05-27 04:19:26.388253+00:00
c9d7d2bd-2df8-4e85-97d3-2e97e092860e,bf73f903-7203-4bce-b422-970ca8fc55fb,2156.19,2026-05-27 18:42:07.962524+00:00
e4c99e86-2849-43a1-9f05-343db2201a79,75cdd80c-2b24-4796-b36b-ab892a31c5bf,1266.93,2026-05-31 13:31:05.209595+00:00
be768b35-1a6e-4ec4-b48e-ad322886f69b,f8acb107-e5d6-4b9e-b689-e8a452e43d33,550.6,2026-05-15 10:50:44.063299+00:00
7ec88893-49a4-4beb-bf8f-ef4472c5fbd3,9f28c0da-2738-45d8-9b49-68ced9c7d4fd,2714.0,2026-05-27 07:16:16.745165+00:00
16ba8d1b-c9aa-4cc5-a96e-ab0d78acddff,5e8297bd-032d-42e5-9847-24b672c48d4d,3804.24,2026-05-28 05:11:26.512030+00:00
2788aa71-c3ef-4aba-b197-e5fe38171d3a,2f287fdb-3185-4c1e-bc25-09b6c1711864,3632.39,2026-05-30 11:24:24.774864+00:00
79c579e4-0256-4e43-9b5c-3e54a97e6d0c,96494128-790c-4010-ad83-5be418b5e5ec,4252.34,2026-05-31 05:35:13.016352+00:00
35690cca-2c3d-4db5-9eb7-b4be8d1489d7,5c83eb78-1f68-49de-a417-3da7069a3d37,5355.28,2026-05-27 02:15:54.617327+00:00
12f12742-fa50-4a94-a72e-0d0aca98c12e,f72279a6-210d-49c0-a062-93c6a647d86a,5299.59,2026-05-22 05:26:03.226749+00:00
aaa1a136-f91f-4c62-926e-80e80df696ee,bc7760c4-5478-41df-9318-5227b72d8a95,2304.58,2026-04-29 06:46:39.498845+00:00
2e842e68-4d34-4cf6-ba5e-a1d61eaff06c,f9fd5fe3-aa75-4f04-8f10-e8f2c8803892,700.71,2026-05-02 15:28:37.592055+00:00
98d813f0-6d36-4c81-853c-524eb8143ee1,351aa735-30e6-4a49-90e3-d1b33029ffb3,4665.44,2026-05-11 07:02:03.492358+00:00
7c7244dd-c530-4c87-b998-9f392eda97bc,89a66840-8112-426a-bcec-99143d38eecf,4236.75,2026-05-28 13:05:39.300808+00:00
aec70641-be9c-4e38-8ae2-c5282e469573,e4b89644-d4bb-44e6-ace4-fc66cee84aa4,6354.04,2026-05-29 12:56:11.606045+00:00
fecc077e-37cf-49c2-a6be-40a299ea369b,d5c52c9d-d963-4056-a9b4-238a657fa622,1602.18,2026-05-30 08:16:27.712775+00:00
e6ac8f27-0051-4687-8d76-808b8b505c17,f925ea98-59d7-4366-8026-75594a0f85b7,5297.52,2026-05-30 23:34:05.174930+00:00
eaadc48b-bce8-4657-9071-ad40105ec7c9,4bbc831a-0085-4297-a98f-830675729377,885.27,2026-05-31 14:03:08.807286+00:00
6bbe4a20-e0e0-4238-9b30-69d55013951a,6eaa2da3-c05f-483e-a708-d2e8262a9b0e,10.0,2026-05-31 12:26:13.832796+00:00
061b5b08-b957-4551-87a6-0944b303adbb,26be0eca-367a-44a8-80e2-87ba57971ddb,2354.77,2026-05-31 12:24:08.936669+00:00
8a4db5a9-f408-4a20-b2ae-7acadcdb4308,452368e7-6485-4650-856d-07ab0db5ba4f,2169.04,2026-05-31 19:55:49.207527+00:00
e70ab4f7-1b3f-44db-831c-a64f20c30304,21434ecf-afaa-4a76-b38c-f6e5de1f11cf,6515.39,2026-05-31 21:59:40.995546+00:00
336039ba-803d-4e68-aab3-7083ea211ffd,75245ce1-5998-4332-86ef-839fed16f65c,4056.17,2026-05-20 01:26:01.891804+00:00
0681cc9a-5d05-429e-8ef2-3dd1b6888cb0,667884b0-51ee-41b6-8a79-dfb9b96a75ad,4279.04,2026-05-21 13:04:39.392263+00:00
1a9a454b-b438-4c69-92c3-e1f0981f121f,42fd760d-6000-414a-a960-aa4ff6efbf5e,2909.01,2026-05-12 19:34:23.651667+00:00
a144c8d3-3e08-4009-a086-ba73cafa43d0,a672118f-29d9-488a-a952-2722464b5524,2485.61,2026-05-14 00:56:09.048460+00:00
59537438-ae6a-45b6-b2e6-fa0809173d8b,90e1ce07-83ff-4665-b91d-b8f6b91caffe,2764.8,2026-05-16 19:29:52.344230+00:00
a9821360-891f-47e8-b00b-371e6b5e5567,cb2d8d0c-178a-4699-b90c-46a5e8db0e46,3578.23,2026-05-20 10:34:17.433111+00:00
73151500-c4ee-47ee-968c-bfd04fe72fb7,90e7b847-5991-4459-af20-403d4894a3da,10.0,2026-05-29 20:47:49.651950+00:00
f8269951-a781-4138-9991-45b01f85ef38,3d9d7630-f74d-4475-9623-b245f67ec211,1727.68,2026-04-27 20:07:18.570652+00:00
c6971ea5-3f70-492d-b785-44cdbe79f75b,268703f6-c3d1-438c-9467-a5d5fa947308,1238.31,2026-04-28 03:37:08.850077+00:00
55adddd0-1431-4689-be00-493f00ba68f5,561a8099-98c6-44c2-a571-971aeed4abe9,2557.39,2026-04-28 14:57:02.439377+00:00
21865542-02f1-4c58-88b1-031a68a06da3,b918fb68-2a0c-4b0f-9b8b-0ece90096649,1247.78,2026-04-28 18:48:13.917028+00:00
7e97b2a0-3713-4d3a-8eec-ff0a6546d7fa,6c4bd7f8-2ea1-4483-bc7b-ad8111f50f89,1547.01,2026-04-29 03:43:02.784759+00:00
28ac4a6a-e946-44c0-94ef-d11318324a7d,ea7cc1d1-a9ac-411b-8d79-c58c0f0e4c67,3510.25,2026-05-27 11:41:34.762151+00:00
06ad2bca-ef94-4a74-aeca-829cbfc9fe94,c8a9db02-1c95-4b65-b307-217e0874f007,3164.25,2026-05-27 20:49:46.671897+00:00
f72899b9-fce6-4751-988d-62cdf654122f,b38d9754-d164-43be-a3da-9c3d25cca6b7,2612.19,2026-05-28 03:45:07.608269+00:00
58bde62d-8a1c-4014-a7da-67019950d06f,d99f56fc-db73-4bbd-855b-e9ee3c5ac6e6,4033.0,2026-05-21 08:40:33.295545+00:00
3d7fa27f-f9ca-45e7-9893-532502d5d054,6b678038-e965-495a-8ac4-61d1907ee41a,2048.04,2026-05-16 16:52:08.182176+00:00
112c504a-9083-494e-b116-b41e0281df96,2de30e5f-1fe2-4686-8c2b-2b2044ed1123,1896.51,2026-05-28 02:57:30.613444+00:00
7ed0fb14-5489-4739-9daf-6e17fe4a14f4,067f3116-f80f-4d90-9a79-fd032735dcea,792.07,2026-05-31 18:27:52.747380+00:00
46b93be7-0e59-483a-99fb-17035450edf3,3a0720e2-e1c2-4415-9cda-b5db40278ec4,1113.83,2026-04-05 05:29:33.297946+00:00
9e2ae851-b20a-416c-8215-853fb9f28fc7,7d4e13cf-ee93-4832-96dd-64ffc1e2f39a,373.92,2026-04-17 23:24:30.089644+00:00
54a54c90-676c-4d66-a105-c65471c96a0f,ab88872e-91ce-4aa2-9812-63383e1dca92,307.46,2026-05-02 06:11:23.200528+00:00
ed3b1cd3-be8e-4838-bf6c-abcd065f2ed2,833851e4-3ad3-4e7d-8f1b-f39365eddf13,117.03,2026-05-27 17:29:47.814207+00:00
6a2aa833-8e6f-4dda-a4ef-2d8831b17c40,87780c7f-1e8c-4ae6-adaa-b6b628fb64b6,276.65,2026-05-29 03:23:34.428821+00:00
97247712-13b4-41a8-86b1-42c5449ffee4,2e49f619-9e01-456c-a709-1b1cc26d553b,4456.77,2026-05-28 08:52:35.419828+00:00
d6d25a73-98d3-4900-9c19-65ede7e2e089,daed5d09-c418-4636-8154-412364521547,3167.85,2026-05-31 04:58:50.678295+00:00
b29a18e6-7dfa-4ade-a5be-cc1a35ae39f1,dedf02c7-36ed-41d9-b537-0deabe9ad0a6,4327.69,2026-04-23 17:26:20.112209+00:00
ca1b828c-3df2-4e45-b3ea-3597eb075f31,604f71ac-7c0f-48f1-b350-6cff93b55f6c,600.71,2026-05-04 20:20:46.286539+00:00
8c9db85f-4fcb-4b4e-a22c-abcc431c59bc,737d4fae-093f-4754-b14c-57a66a6bd3df,1863.38,2026-05-22 10:52:46.993005+00:00
8a42ae0d-8c68-4855-9a32-9fae7f444a01,68c90b76-9566-4969-9e4c-4b9ba079bcf7,5613.68,2026-05-26 00:15:23.026417+00:00
2030a98d-9094-47de-b117-e326b6ec1921,9bac1a1c-fd8e-4168-ad7a-07e1b53453f3,4358.66,2026-05-05 05:24:18.649211+00:00
426e2d42-93d7-44be-bfd8-fc423f0dd94a,a39a89e0-ff0a-4749-acc0-e3249f0a7460,4275.14,2026-05-08 02:59:38.724197+00:00
77d7be87-4bcd-47ec-aeb3-2760840df0a2,edf2c1f3-f62f-4a57-bf24-20dc2c65215e,2529.68,2026-05-19 03:14:10.550752+00:00
c6f84766-e2b1-404a-af91-57aca906ef16,54f465cf-6c79-49dc-a4be-d35a27335eb6,2369.94,2026-05-22 04:08:53.930962+00:00
30333f53-453e-4393-8911-f285902c9070,1d9bede6-d272-46e3-b904-e70d326d2d8f,620.55,2026-05-17 09:58:27.581179+00:00
12f8adf7-639f-48aa-af07-41bcca84250b,6b29caa6-9230-4f72-a933-468759637a31,2738.5,2026-05-17 21:31:07.383216+00:00
8dc2ca26-ede5-4327-851a-f19d1c5a76e1,3e85ed6d-050a-463e-9f5c-08fe501d9d95,3753.65,2026-05-19 07:38:26.811158+00:00
dd75ada8-4718-4a47-96ef-6cf71bb1d8cb,3032d5b2-37de-4edd-92d1-4b22fa5bb15b,1075.08,2026-05-21 22:12:59.142601+00:00
c850dfb1-b717-4480-afd8-5398b23dbd59,cfc03ab7-f005-43d5-9d02-95bfc920172a,3328.09,2026-05-25 12:35:08.485586+00:00
df8a56ac-6784-465b-8e41-29081af61098,bf76fbe3-4479-4472-bb74-5803859474a8,450.57,2026-04-05 14:09:26.481727+00:00
10c61488-6f71-4149-86aa-b9547c27befd,20863d83-996a-4c8f-b541-db98654fe8f2,300.9,2026-04-09 12:12:17.168789+00:00
443bce75-7b8d-4243-a9b6-f975a7ad62df,300505ff-b876-41d7-a540-82f95701e882,462.72,2026-04-26 03:18:04.943091+00:00
cd6c58db-e83c-46d7-b172-ef39b5e525bf,6716adc5-63a3-4c92-899d-f7707dfb0228,466.33,2026-05-01 05:10:26.981184+00:00
afe4b4b2-84ad-4f7f-9ade-d27feee9df1b,26274d72-b480-4f71-a5cf-8cfb462e8554,514.5,2026-05-21 01:16:07.032157+00:00
89b22c4b-740c-40a8-b7a6-fc7977c5f071,efffe474-8355-4a2a-bcbf-ea269426eef1,5550.13,2026-05-16 17:36:19.060633+00:00
2971c1aa-9d1f-4958-992d-1b8d92f74e51,66407a7f-a2df-413c-ae22-84afc570cade,6608.85,2026-05-16 19:49:16.322725+00:00
b12211d2-5b23-4e20-a7d6-8e786f4be7e8,bfcd219e-8068-47bc-943b-7016de77a333,10.0,2026-03-27 23:01:14.899364+00:00
31c4accf-8cc9-455e-a065-783c8c9ae655,cfe65b66-2992-409b-81d8-2f2a5cdc775f,1080.35,2026-04-08 13:09:02.427880+00:00
994a8996-67c2-4e01-b14f-6c77c490335b,5018b836-c430-4c30-b173-16616c35994d,913.87,2026-04-13 07:23:52.391587+00:00
4f3e7e89-434e-48c9-9eac-d9dcde90d86c,934e88b9-43ae-46fb-86cb-2c52db0b6eaf,1385.95,2026-04-14 17:43:40.153636+00:00
9c4a8df5-365c-409d-b2ae-db5487791924,12449403-7f06-48f7-9901-befe4766034b,1585.52,2026-04-21 22:35:53.997152+00:00
b0e23a01-e9f5-4cf5-8f85-00a00096849e,c9b415c2-fdd9-42c4-8894-b47f34ca5ecb,545.44,2026-05-16 02:31:58.737124+00:00
adb86296-041f-45fb-92bf-ae11b3844af4,32ad259f-5f88-49f2-ad8a-29f8595e8928,1374.89,2026-05-22 04:18:22.478065+00:00
2bef480b-6a28-4394-87e3-59ba108ddab8,10eb127e-88e1-46c1-80c4-53e5e1cf3624,1089.86,2026-05-08 00:31:02.184934+00:00
188e77be-05e0-42c5-8f59-00131cd0642c,9e1f1b0a-df30-42e6-8cbf-cc96357449d3,2051.96,2026-05-20 15:24:12.719035+00:00
c26df0c3-8033-429b-a706-184261769166,68dbb1fe-02af-4dcb-abbc-8a0d069571bc,2408.84,2026-05-25 13:58:45.488302+00:00
6bdded02-62af-4d77-a4cb-2a693d983b5b,bafa2b12-b9e8-4278-b12f-a779b7357163,418.85,2026-05-05 04:03:12.213806+00:00
66f33e2e-1e2e-424e-bf1c-752855c89a2a,11d86e58-c6a1-46f0-83ff-47cfa749537e,447.48,2026-05-31 16:27:46.735231+00:00
07ea9000-c67c-4271-bceb-c485306d2b30,05615509-e97c-4030-a801-52600f9ca288,1143.01,2026-05-17 02:22:46.299503+00:00
59e696ab-ce4f-4a78-8775-6e0210d8fdad,b18630e9-10ce-435f-9bff-bf01f6027751,3491.77,2026-05-21 21:19:13.511701+00:00
2954645d-2303-4894-ac56-7b4132e988e0,76a94975-509b-4891-8f2e-be077ae103a7,1468.4,2026-05-24 18:57:22.422203+00:00
83504755-3db9-4ecb-9e7f-8cb5d7727eca,c6cf0b0c-c804-41f0-a404-ba6258264355,1766.76,2026-05-26 16:24:52.669638+00:00
2d6cb7ee-41cb-4533-9211-7badabd2f7f5,baa48b2c-28f9-4c8d-8f0b-3f3deac023fc,2059.45,2026-05-28 09:02:18.194193+00:00
77ca63b5-a877-4505-9429-9538c42d27b2,fdb0484c-3cfa-43f2-9345-6add17b13b28,896.52,2026-05-12 19:52:03.532161+00:00
daf269f8-16a4-4ef0-87c0-b93b46ae2884,0efb81e2-7513-417e-a571-8e8488da00b2,655.41,2026-05-13 00:44:08.397474+00:00
9f8474db-0a2f-4c56-b9a3-ac5d34e3b9f1,d48d707d-3f1a-4e72-a4a4-cb7c515227d3,599.72,2026-05-13 13:20:45.578276+00:00
dd9fa90f-3cba-4447-a0a9-7182f152d73e,35b8452e-64ba-40ac-a609-19eac04a3a0f,188.37,2026-05-13 18:58:23.414047+00:00
211b2455-c6fa-4112-a650-2cd134fd6d2c,c9e1fea2-368e-4cd5-a392-4bb36cdb6481,10.0,2026-05-14 02:58:54.137064+00:00
ff5e0a78-8356-406b-8bc2-a76fc81a9868,4168466e-a34f-445f-b826-c4ce2a03682c,1210.41,2026-05-11 20:03:07.079870+00:00
97ce0682-f9e8-4cad-ae8d-b89fec91dcf6,cb4d5f4d-d21e-438b-920b-3ad0ce94fe59,477.09,2026-05-12 15:29:37.439169+00:00
7f06d4d2-386b-4f39-a48f-ebbeddeb54d9,7a6861bc-4580-4401-8091-f1e27ce76504,1160.92,2026-05-21 15:53:53.080050+00:00
dde9ee67-4a18-461f-80a0-cd6f11ac6464,152f5bcd-c132-44e0-bca4-c8d46b7720b1,348.73,2026-05-24 16:58:35.473368+00:00
b0d0661e-37b8-4cd1-84fb-61af92e902a2,80854bbb-e321-4d6b-889d-4b4a3a79d0ed,972.19,2026-05-25 13:07:39.412844+00:00
a2f55823-baa5-4ed0-b020-73a353aa08bb,dd92911d-f942-4b0f-9379-3d013661cb0a,56.16,2026-05-11 18:03:13.043965+00:00
f851c64d-a364-4e89-a838-d3397941de01,e255eaf9-8066-4dc8-ac8d-bd0f589c8899,401.6,2026-04-02 13:26:19.099758+00:00
ab9c1cf7-a44c-4011-bd87-8b4d6f6b9142,b5913f9a-be37-4482-81f4-ec7775353325,823.43,2026-04-19 00:26:57.232892+00:00
e78b805a-e13d-4045-97fa-0881cd06fcd1,e7c32453-c1c9-4924-85f3-27958e3755e3,891.85,2026-04-22 11:20:05.981961+00:00
3f7fbac8-59f1-4b4c-a796-857d12f72b99,3c3806c7-a3f1-4ede-a7fd-20c0c8546c2f,1780.54,2026-04-15 03:44:37.888061+00:00
d3e8997c-c92d-426f-9a4b-8b086386ebd0,67da6ab7-bea0-4b5b-bd01-a2193511b44e,1983.31,2026-04-15 19:48:37.747819+00:00
ac001691-2a40-43aa-a1a7-4b28a2f8c633,788c91cb-b5bc-44ac-9b62-86d25a5b2e39,1218.82,2026-04-16 07:34:36.381768+00:00
c988afa7-1c02-48c3-929e-23c9f1f8b7ea,9b5b07d6-e31c-4209-891b-c8042ddd0bc4,2194.0,2026-04-04 05:20:41.407963+00:00
72f4b04f-d666-4a79-a492-b3c7a26f2f96,48db4f09-f8f8-4c6c-94a9-38761188f656,2784.31,2026-04-24 07:38:47.260176+00:00
cc0dc2dc-762c-4671-a009-18a2cc6b132f,12ea9540-b35b-426d-af99-c3f86e6b8fb1,2496.3,2026-05-02 14:01:56.370014+00:00
1738f5ce-cfa1-4029-addb-9c6252807b2a,0712b288-7c5a-4102-b6c3-4304fd87ae53,943.15,2026-05-04 06:20:26.066768+00:00
bc4d26c8-1af3-47a0-8c6b-ee5d728ee88f,d6c22fd4-3253-4c41-af50-3416ac247381,3218.33,2026-05-26 18:59:17.464748+00:00
e77e406e-dc54-47d5-8200-a56cd536fe23,025b73f3-01e9-4687-af1a-885f5f7fa76e,1890.13,2026-04-26 06:34:34.608574+00:00
d63094c1-db08-472d-97fd-3cb271ab498e,2daba039-7cf5-413e-8a87-253da9e58ad8,7132.88,2026-05-07 00:25:06.754499+00:00
988da649-15a9-442d-8ad2-aeaa2b8428e8,9de04141-ec3d-4b88-a003-6f7860d9d73c,5325.96,2026-05-09 18:05:02.541915+00:00
213ac745-d7a8-42b0-ac1a-00d476a0ce84,9632807d-008a-4d8f-bea2-6a9a05dd255a,3734.39,2026-05-11 00:53:42.230579+00:00
6c2c71cc-d143-4b19-b450-62c5ae8ab134,64200766-c237-434d-9954-46c53d50cfe0,2234.22,2026-05-14 19:15:10.391922+00:00
194da9cc-6ea6-4cf3-ae05-154a040c7d99,b0a37153-3689-405f-bd0e-145675f190e1,3074.98,2026-04-04 18:38:02.604811+00:00
fa08d39e-dd9b-416f-9ff7-05eae7e07ee8,29f64ba5-3a3a-4be0-bf86-cfbaae33e256,1327.75,2026-04-21 13:32:27.586740+00:00
111de3de-31d6-4032-976f-917ce51ecb47,023e8532-daa3-4c32-812e-49b074f6a066,3125.1,2026-05-19 01:24:31.158602+00:00
da37c81d-7d21-42cc-92b6-3cd9003827dc,8e11e2c5-f3b9-4586-aede-441acef63de7,1091.88,2026-05-03 13:46:53.425493+00:00
9bf5be66-b0e3-4120-8130-3ff377153d56,41c0f814-1dda-4413-bc0c-74e105250184,931.98,2026-05-09 08:14:04.791963+00:00
cecc037a-48e0-493c-97db-fbaa37027138,ff965a1e-847c-49b2-a01f-322a60f1cc61,528.67,2026-05-11 11:11:38.441915+00:00
5453851c-a80f-4144-afb0-fa5142906116,55dfe942-9690-407f-89c0-098b5fb0007b,877.23,2026-05-18 15:23:42.140966+00:00
a7d55049-c7c7-4f78-a163-c6a861a6d3b7,65d6cf30-9abe-4cc8-be87-33c73b641865,10.0,2026-05-29 15:00:28.476647+00:00
bd41d4a6-e3fe-4995-834d-f3917b840c46,facf5ef5-b933-4792-860a-52388bffbe9a,478.24,2026-05-30 07:29:05.171044+00:00
d90465a1-b725-4a9f-b9a4-ca6a7d714bec,a807c3b1-3ac1-44b8-b024-0c95408611da,908.81,2026-05-30 07:37:38.581364+00:00
17aca4bc-0d82-4149-b5cb-9f30401d5de0,dba0317a-cc49-47bd-b856-cdfc1d49cd5f,885.19,2026-05-30 14:12:55.134060+00:00
48b03d6f-c732-43fd-b01e-d163da67016e,63d4c2d4-52d3-4997-9401-75a18f681ee3,2463.54,2026-04-07 07:20:12.250793+00:00
54792508-299f-4309-871d-273060ae5778,da4b37b0-066b-4551-8b0d-c575becb08a2,2344.1,2026-04-14 11:19:15.784739+00:00
34cf04d6-1ea3-4ac7-b3a8-5c3664d959cf,bb179e3e-e11e-4789-a2fc-adb49fe6d75b,1096.84,2026-05-03 18:58:24.640021+00:00
3bd8b523-e34e-45c0-98af-32011301a785,da57bc39-ccbe-44ac-aeb2-b831713eef3a,2655.98,2026-05-23 04:52:09.929050+00:00
251a509f-9eb6-43dc-98d0-0ea31bff5f80,b95b089b-1477-43b5-896e-67bc87be29c4,1932.8,2026-05-25 08:47:21.632721+00:00
7d332c12-4abe-4b3d-ba7f-4fa2fe96256a,732fd5b6-1db4-43e3-933a-8125eb5aa418,10.0,2026-04-19 05:07:27.508996+00:00
1afcfe6a-767e-4094-81e8-cddff9447fc6,bbd1e2e8-8565-4bf4-a8c8-50a655c419fe,10.0,2026-05-01 02:17:02.338027+00:00
913e18a9-f865-4c19-a058-0e8a43eb3082,c89f2ae7-d931-440a-bbe8-19358d79506c,403.34,2026-05-04 18:23:35.509197+00:00
bf8233f1-ec71-45ac-a822-5703da41eb1f,33a93f1d-4e14-494f-8b59-c7c35fed490f,217.3,2026-05-09 05:14:03.603886+00:00
0f2d0a7f-a1e1-4498-8382-c6f1620a1f2f,1fd2a5dc-9e76-48ee-ad28-9178232e7652,694.13,2026-05-15 18:52:54.602591+00:00
e1b7a23b-32ed-49dc-a696-e399da608cc9,6d175ddc-c967-4985-aa3a-c6b75ece8f78,193.73,2026-03-31 18:08:20.454908+00:00
21341fae-790f-4916-a95d-edbc4122013b,f65af194-80d4-4ff9-9a94-36b20d96a3e9,208.21,2026-04-23 05:17:39.423522+00:00
055c51a5-0cad-4e33-9cc8-b03983bbe845,4ea1ef46-b265-4a8b-ae6b-8134b2dda09c,278.71,2026-05-07 11:13:52.074033+00:00
51c4c967-1689-4fa9-a92a-ef6505728d7d,c1d27343-3ccf-49ad-b5a5-4563fd35b56d,415.14,2026-04-01 00:27:35.696842+00:00
e7b60564-1b9c-40ed-b475-8e01923a65c1,cc77d184-8aa0-42df-9c0a-ec5ff916b344,568.45,2026-04-10 13:26:17.699133+00:00
f3b1efc7-5bbd-4350-a885-5a600bce64e7,53c80847-65a0-4d1e-b89a-85f673b14c47,279.51,2026-04-13 04:35:50.365348+00:00
dba29e5e-1396-41e4-94bb-8eedf07b304f,1620398b-00f9-4c25-95d8-ba2d6ee33197,627.84,2026-04-20 15:21:49.228449+00:00
dbfb77ae-1bf9-4765-985c-384d0048a250,d6780026-e13e-41c0-8324-513939704d4b,430.08,2026-05-17 02:01:33.382749+00:00
bd2775ed-c65d-4188-9127-eb12ffcf3117,abab22e2-7be5-451f-bcef-cb7857a6d8e5,1039.43,2026-05-31 07:34:39.928736+00:00
c211827e-2b43-464f-a432-2d9a5e05b628,f555f6f0-4360-466a-868f-ce0bdae890b9,929.92,2026-05-31 09:35:10.625667+00:00
9042b017-2ce8-4658-b4b8-bf31b3b30320,6daacfdd-38ab-4664-bdf8-f51fdc1c9e3d,1265.66,2026-05-31 09:05:51.344517+00:00
3df1fb13-4bae-4c98-8b31-e1a923283bce,beaab093-a8e3-496c-9cc7-a0bdb1edd66b,1171.94,2026-05-31 11:48:11.352536+00:00
6f93912b-3ad5-437a-8f8d-f751ecd3b549,0b75f165-0089-462e-9cf2-5693bfdb23ef,565.78,2026-05-31 20:02:33.980388+00:00
0da88a98-acae-4093-bc7f-a634146ce2c5,8437f530-89e2-482e-b885-03996a356497,976.82,2026-05-30 06:49:52.782239+00:00
62ed86fd-17ee-4fcf-aaa6-f008e15a15c1,297b2717-dd1b-4f83-beab-725272e4bba2,323.91,2026-05-27 09:21:48.128439+00:00
58c51171-83c7-4a46-a10e-b4a61d06ca3f,375856e0-1a74-4eb7-bca5-68673d1c3ad1,205.57,2026-05-27 16:24:01.435438+00:00
2193c51e-41cc-4fe1-953f-b383cf3d2e55,6277786e-bde9-4daf-8963-611a0fdb990b,537.63,2026-05-29 15:06:06.717821+00:00
75ca46c3-71d8-4896-b897-276976113146,05392c9d-8c88-4500-a8f0-5aec0646be1a,178.28,2026-05-30 01:31:45.024247+00:00
3acdf770-ff98-4e7b-ae9d-e02805307106,e4af154f-3c92-48cd-af8a-8e70dedd49d9,2554.99,2026-04-15 05:24:10.749752+00:00
64c4d944-c78c-4187-b784-226c4f70684d,b6e98db0-bb5e-4b48-94e4-56d9b5da1297,240.34,2026-05-21 13:53:52.603251+00:00
28a34331-625b-49ac-9456-462bba15c33b,17ca2e56-2de9-48a7-948a-fa443925b2a5,978.58,2026-05-26 16:14:09.850275+00:00
e74cc451-53af-4e26-9767-e20332fbe353,acae79db-c4ce-43fb-9651-ac5cf3bd9ddc,3049.69,2026-04-16 04:02:35.089612+00:00
eefd969a-7ca9-4830-8281-52e2810b51e0,2cf25873-0749-4f0b-b304-cdf6899ef9c4,1934.71,2026-04-26 07:35:45.823469+00:00
c85aefb5-f6c0-41d7-a72b-2b52926d8b7b,6ce36034-2ffc-4036-b68e-49d839b828b9,1367.18,2026-05-21 16:01:26.599291+00:00
7763a850-a523-4dca-b041-39468d9107c5,5a2f8993-a7a6-4d4f-a118-8b0eb1ee717d,1591.27,2026-05-24 14:06:33.291997+00:00
00b4a67b-bdb6-47a9-bfef-8cf753fe760c,2bb421f0-fff7-4bf8-ae73-8829e8da029e,933.7,2026-05-26 13:59:57.453431+00:00
2878ad50-49f2-4cf1-b846-839435d08c06,850d3bb8-47b7-4f3a-8583-63820b35b76d,1551.86,2026-05-27 15:55:03.848136+00:00
999fa221-a16e-402e-aa42-0ea56287da76,79b55b8d-b13a-4abc-8f25-3f1a65743124,5042.93,2026-05-10 21:48:14.213442+00:00
389ebd8d-b1ce-49e8-ab74-a8c948f98312,0168308e-4d87-4402-9a0d-52b399cafe97,1657.09,2026-05-20 06:28:23.852478+00:00
7cbb8756-d6ee-4bbb-9dbb-5554608ee30e,51289a2c-3e69-4615-93b9-8c349888abce,5202.86,2026-05-24 23:21:49.825492+00:00
b7b906cb-b94e-4283-b5c9-bcbc0397b9b8,df635b26-b5b6-4563-bdab-9f0f8e7914b3,7119.39,2026-05-24 22:28:44.614411+00:00
a8625df5-c218-4e80-8e22-bc0fed6c3ad6,0c3fe7b9-eee4-4d67-a2aa-1477cf798429,215.22,2026-05-05 11:51:58.804576+00:00
12124977-e569-489c-992c-7c45240757a7,1a440653-afd3-4d20-a59b-8fadc3ae2ef5,568.0,2026-04-01 01:48:18.108748+00:00
5b2cce52-610a-437b-b61e-5f4cec400207,25934d91-501a-45ef-9056-e1f2c21b8c59,618.91,2026-04-27 10:13:38.018885+00:00
720ac065-66ce-48ab-be72-7add278d84d5,9c3004b2-c825-4867-b4b7-d4e68ba0c348,10.0,2026-05-01 06:54:23.186117+00:00
81d3d6e9-60c9-4676-a4ac-44c1d0ee0f07,ced00d19-9f35-4115-bfc3-81c3f58bd3b7,1263.22,2026-05-12 16:27:38.579189+00:00
8d047e3c-205b-42a9-985b-f1f83b6ec61d,6cb84b3f-1f61-464a-8833-7955992c2af0,1402.57,2026-05-17 17:46:01.651448+00:00
da224969-49eb-472a-a50e-d4fb17a04eb4,464be891-98af-4b3b-82a7-e293d8a35303,485.17,2026-04-30 16:27:54.863207+00:00
396301fa-60ba-40fe-9d89-976e456e53af,6d4a0565-70fd-452f-a7cf-66676c76b14f,361.56,2026-05-23 13:34:10.038698+00:00
fd990f62-46c7-4dda-b52a-eae328fc8526,4089d2a6-81ac-43a8-8c08-f44c076bc12f,2024.95,2026-05-30 22:38:36.141401+00:00
16527a82-3da5-4e0d-8e09-0d3f9be0b798,7eecf7d4-15fd-4103-b6bc-4a7b67fa3d4c,977.53,2026-05-30 22:40:59.031998+00:00
3229cfc7-a6e4-481d-b62d-5a5080942b44,af01585a-8db5-4484-94fe-4cdc33d85d88,1387.87,2026-05-31 11:25:22.898810+00:00
d928c11c-ff4a-4419-842c-447451739478,530b09d9-b404-4d3a-8794-e624da721ec7,2702.75,2026-05-05 17:22:11.270422+00:00
f81cc55d-2643-4290-a4d3-39a93b1c10e7,b1f0ea21-b6dd-4afb-a404-b9a97b52fcd7,1722.54,2026-05-07 05:15:32.907819+00:00
e3bcdc35-95b6-4764-9f59-026a819113c1,7c0ef2ab-a425-41db-ad1f-7e639221aa96,2240.5,2026-05-18 03:14:53.308270+00:00
ca135f42-59af-4466-8857-7a18f574ba32,b1d90901-66fb-4fb1-a041-5ce4e5641563,3674.94,2026-05-21 17:46:41.317840+00:00
546dc799-e8de-4755-af61-5da175a33d49,6b898a8a-48fc-4cb1-9193-acc83f836b80,4490.2,2026-05-21 17:43:45.369117+00:00
1d2a073a-9b2c-4ceb-93bb-ed3695413ae3,81f4c0dc-600c-4cbb-ab47-a2f9b73b3c07,4368.42,2026-05-22 08:39:32.018749+00:00
27a16487-ff67-44b2-9c22-e0ae55505c2e,224db3d0-a0c8-4d7a-a753-b9c945b7ce48,3293.45,2026-04-07 11:31:15.217672+00:00
61fbbeb4-5f34-4595-9d66-cd46b57c1617,4b560fb1-77c4-4811-8d2c-f8f0f6d2cc7c,2494.25,2026-05-02 23:18:36.585718+00:00
25084d43-5081-4ed7-acde-f025a24c9f97,5d3265dc-c258-4969-9ae8-e7da402f4762,4640.19,2026-05-29 03:56:25.256925+00:00
2e299174-c4b8-4024-bed7-5e2254c4c5bf,0743e1cc-cbe0-4b3f-8021-7357c53976f0,3467.06,2026-05-29 19:14:54.107956+00:00
4ce38247-2ae1-45fe-98dd-718309bc9723,43ec2053-5b3b-4f2d-a595-f886669aca0b,448.65,2026-05-04 11:23:55.504282+00:00
607dcd94-d17c-4a11-a069-bb356fd35ef7,d98c14d0-7c11-44e6-bf67-695141c1a8ba,10.0,2026-05-18 13:09:36.780763+00:00
dec4df7a-69b1-4818-b274-4d4a5df50f3f,20edbbb8-6cae-4736-ac9a-58ac5bf9acff,3499.86,2026-05-25 10:51:54.183084+00:00
027e7da2-5fd7-410f-b6ee-08646395b9f0,4ef98a3c-33b6-444b-a45d-83098ac68bf2,5583.18,2026-05-26 14:33:20.229267+00:00
4f84d00f-df68-4ed8-a534-7ae3267db2fd,aaa4199b-ebfb-4718-ade2-a02f1eebad9d,213.77,2026-05-24 20:36:30.895137+00:00
b456e03d-7d25-4c42-93a0-74a3266d173e,13330fee-80d1-48d0-8ca2-a01e8b36d008,6749.91,2026-04-02 18:21:58.606743+00:00
e9c3c15d-15d4-442d-905d-6c3a100e1d61,efe7f010-1d7c-4a8e-be5b-9a76984e1c8a,3848.09,2026-04-13 09:54:02.669209+00:00
23ceed66-3cd2-4850-947e-867052449887,a8ac7d9f-e0f2-4fef-be58-22ad0d311f02,504.72,2026-04-18 12:31:47.417698+00:00
06111010-03b6-44b9-8e08-02b4cb07d0f0,4a3361fc-1e91-4460-89fc-fc2d7d177588,2504.02,2026-04-27 11:59:28.986142+00:00
6fb01333-be8a-4346-9b25-906f825583e6,b91afd95-15d6-4952-869b-d7419b65e543,1488.83,2026-05-30 15:22:22.879796+00:00
aadaefb5-add8-4591-90d6-e4bb7ea5ecf7,e8b703e6-5fb3-4784-9477-11b872d9cdd9,2319.31,2026-05-08 04:39:48.421268+00:00
4ed6b299-8d77-44a2-88f7-61e649041bfa,f4e4f517-ff14-409d-9888-52301f8686d2,908.44,2026-05-08 20:59:51.387654+00:00
39599f15-0293-484b-a2d9-452e9aab160e,24cc3f7c-cf8e-4a5e-a72b-a23b95ca65e4,10.0,2026-05-04 07:19:15.479011+00:00
87ab511b-4235-4c1b-88ce-4480017d49b0,c611e2e5-8235-419f-8e54-460fa8b17c1b,714.39,2026-05-07 08:04:38.918239+00:00
86ba9179-c427-415a-8b72-01e05b192825,6a9cfa65-d1e3-4b18-914e-a85686204c78,2209.83,2026-05-15 06:32:40.665663+00:00
8ca3da9a-d8f4-4144-bb3a-fa2d38a3c553,2fc8189a-acd7-4f71-8ff9-ee4d82cb8ab9,474.45,2026-04-15 03:50:19.601184+00:00
ec659d36-c9ce-44e6-9b70-90593e4a6d0b,9161ac56-52b0-415e-b6de-d52ce0883eae,432.91,2026-04-15 03:36:50.801367+00:00
97028cc9-31d6-4634-8bbf-e8d1bb3e0097,a139dd67-728e-48b4-b3b5-03c26bfc9cae,809.35,2026-04-16 17:42:51.524727+00:00
1e917415-486e-42b4-a95c-b0504c3731d9,4679e335-9d68-448f-93b6-a05a91501739,483.15,2026-04-17 09:03:49.727860+00:00
553e7778-ead4-4308-8554-ce4ce3ce4926,4183cb59-0091-4545-a8c6-406d53b9829e,796.65,2026-05-19 09:39:59.940484+00:00
919b7b2f-c19e-45cb-b79f-c353f0b342d4,da371aea-d78e-45db-a2a5-7cd2835096db,787.87,2026-05-22 15:02:34.160586+00:00
50020f60-ce64-453f-a1f6-e7445453c5ac,cb0b9548-e76b-463e-93cf-280702c67361,374.05,2026-05-27 18:51:15.480475+00:00
3d2acfea-674a-42fe-9de5-657459e51555,51759433-6cc0-496c-bea8-36fb4bd16acc,1364.79,2026-04-02 12:31:58.138822+00:00
d09a7b0e-24e5-45b0-97e9-c82e2055c0ed,e7fd822e-0534-4f13-9977-29f23e1ad6c9,1623.58,2026-04-27 08:43:10.973342+00:00
aaae681d-fa72-41ba-bc42-4b79d36d23d0,6603edc4-d5c3-4f93-8716-8a98af460c45,1441.89,2026-05-12 20:51:15.287807+00:00
67635c43-7e9b-466e-9af9-7c5de7d895ad,9917f136-0f4b-4146-8bb7-275143863b7b,888.99,2026-05-18 03:43:53.704561+00:00
93ca3680-fdbf-4107-be0d-727e499cd016,518a55e4-3196-4006-adf9-8b7966df80bb,1970.46,2026-05-19 08:46:41.511788+00:00
c1d34457-e163-4625-b525-1a6171674e94,64db9120-d78b-41be-8ca3-3e293730b0d5,1779.87,2026-05-21 23:31:52.723352+00:00
63a76a6c-cc2f-49fe-871c-2c563948eef6,748dc11a-9d80-45cc-aa9d-ef14cb4b9eae,10.0,2026-05-21 23:47:25.534834+00:00
a6891ace-8302-4c7e-a35d-e2dc4f4f1ee5,83934d15-6b0a-4bf3-a952-6679bbc7cc68,1786.2,2026-05-30 10:47:16.552378+00:00
70671416-d4c0-4f03-99ed-ca1bb051844a,af96f942-06fd-4a1e-99ed-ae371b758f92,6010.87,2026-05-23 15:46:50.397451+00:00
0586dd12-c478-4fbd-8887-e9ca1cd290d2,cc7afc60-936a-42b5-83ae-939e02955e3a,1152.03,2026-03-12 14:42:45.110116+00:00
f3b34af8-29bd-440f-b55b-9fb465075ba9,372fb2c8-d7e1-4cf2-9e33-5b3da43149f4,2833.26,2026-04-14 05:35:14.853972+00:00
30242714-5e7c-4d49-9992-21e19cc14a66,674b9ccc-9762-4830-8516-26aaa1a35884,2850.93,2026-04-24 10:24:40.185847+00:00
65485cf1-cef1-48d3-9578-4a264b6990b1,0ee6b27b-60ca-4dc0-bafc-42db4813aeb6,3329.6,2026-05-02 06:32:50.535792+00:00
66f6285c-f51c-4c9b-a1b5-0097292f5935,61241581-adab-4e58-9227-6749f3c36e99,2036.34,2026-05-02 21:02:52.386796+00:00
466dce31-75af-44ce-810f-3e03fdc18898,1b04ac78-b1f0-4f16-b664-2ba2cc299dc9,2766.16,2026-05-28 01:57:03.249627+00:00
b2a31b8f-ba5d-4565-ac78-57281afad38c,365f4fe1-f7eb-4d52-bee3-75c90c76a8f5,1479.47,2026-05-29 10:17:57.780932+00:00
701ae145-8c98-4814-85a4-33152c01f891,852eb461-a639-480f-a224-584ba7bc3f83,2996.92,2026-05-29 10:42:32.868524+00:00
82e64326-a821-45cb-8738-e174d3083420,381f64d6-1366-415d-8374-55eba360ad0d,1360.38,2026-05-31 17:10:53.265902+00:00
57051a64-6693-4336-91e1-b470088eddef,0b728b23-d580-4ac7-8cac-44ba758be873,1983.23,2026-05-07 01:01:21.478922+00:00
d9777245-cf8b-4a20-8a12-c5cbb362f93c,42c20ace-e1c2-4b4c-8652-b112536d9f8f,1712.24,2026-05-02 02:54:38.812137+00:00
a75761ca-71fa-4274-90b9-2d91dba806c2,a281cbe4-38ef-4596-9aff-028c8466131a,744.62,2026-05-22 13:49:32.033021+00:00
2db1a084-fb7f-4ccf-a8b0-5a3452246cf2,98d2be0e-16e4-4c0a-9ef9-c1cc61d5632f,2396.75,2026-05-01 08:53:26.421059+00:00
b18188b1-c3f7-445c-967c-b48b636acb3d,e89cadf5-08a0-4ceb-af26-4d0b7a1308cb,2190.8,2026-05-05 07:36:45.736742+00:00
ff640a4c-6f40-4cf3-8522-29821c78e14b,666c13f0-1f37-4cd6-9418-22fcc969ba41,307.49,2026-05-09 04:50:20.203234+00:00
b02fed7f-cdba-4c08-ab28-af68bd151301,6360518c-c966-4f8b-9f6f-2d20c7121868,1928.91,2026-05-13 01:18:14.204646+00:00
9e119624-1b49-4585-b2c6-02767d80eab1,6e76c9aa-8569-48f3-b480-f79866000808,1315.54,2026-05-16 19:00:15.217161+00:00
5920337e-75c3-46a4-a18b-4827c564fe95,382c7a1d-6bad-4b70-8ff9-6125c638738f,3131.19,2026-05-21 17:21:32.094102+00:00
a5b48f98-4db4-4cd1-9e84-3a73aeb49040,a0951ad3-ac0a-4e46-9470-6c49e0ec4401,538.31,2026-05-29 10:06:54.498935+00:00
5a722967-0f7c-4976-936a-8f6c6bb63228,2dae2104-7de4-4197-b6eb-5bb84841f926,2006.53,2026-04-25 01:50:57.832524+00:00
34b5454a-b4b1-4833-92e3-71816a9a20d1,ed26f0ba-5f89-4b2b-ba2a-f5423086d191,1573.98,2026-05-19 06:08:32.952133+00:00
508d317c-85bc-442d-98c7-d2c58a2702f6,f195072e-426c-4e2e-b696-dfaef2047af6,5548.08,2026-03-26 14:50:12.255402+00:00
090f4859-9111-40e7-ba5e-a5f268ef81d0,96f08de8-0f82-496f-b5f0-a3aebed0c59e,3829.33,2026-04-02 17:57:22.024648+00:00
73619da0-ab4a-49b0-88e2-b4765a5c520b,f9d9b5eb-b9ed-4ec9-8c5f-9154518bf91b,4673.73,2026-04-26 00:00:03.747080+00:00
792ed63f-d2b4-40f5-8586-bcba3199e110,9fe54f38-2c6d-4879-911c-865632e621f5,5733.74,2026-05-07 22:40:15.858431+00:00
80858640-616c-4ca1-8032-f619e1dcaabf,0793e914-209a-458f-9e4b-dbf3c4628ed9,4552.95,2026-05-14 03:42:57.133168+00:00
d83e2e17-ae27-44a9-a050-62af624580bb,86aa824e-9942-45d4-a157-4d15dff9d81e,554.71,2026-05-25 23:50:47.121256+00:00
e8e2dcf0-b6ae-4886-a9ea-64648f7ec8c2,bb59bd10-1766-45ec-b86b-12b31921c608,644.57,2026-05-30 09:52:56.989342+00:00
f4acda78-99b8-41fc-b4c6-19ce074c6c10,2a7b9ad4-5615-4b83-bf25-6dac87ba32a4,406.29,2026-05-31 07:22:20.416319+00:00
e89adb2f-f77a-41d6-86cf-6e5177ad7028,a58e7719-ed3e-452e-a29f-279b99b691a8,626.72,2026-05-31 22:16:32.465947+00:00
87ee70d6-411a-40b6-bfa1-2c247f32acdd,7ce2ef20-23c9-473f-bf6c-4b31a578d312,1448.21,2026-03-28 01:38:51.664157+00:00
ce8d41a5-2869-4269-9865-0b8f4d5823f7,7f128502-ec27-405a-bed2-0036e8067626,715.55,2026-04-25 04:08:16.948804+00:00
2b81059f-eac0-44e7-b821-b452605dd7e2,490ef3cc-76de-487a-b473-5065b6467965,1435.4,2026-04-26 23:30:22.031313+00:00
77eb48be-556e-4e12-ae63-4dfee20dd120,532923fa-5d0f-45a1-b26c-7dfe31749f09,547.74,2026-05-02 11:14:03.609662+00:00
014be8c0-7364-4201-bd0a-49401552fb5a,44ece53d-8266-47b7-b06b-60026a94b375,384.77,2026-05-30 23:15:22.056027+00:00
21f5dc0e-adbd-4226-b1d9-c97c9dfcf365,bfc8bd96-61c0-4d26-b4d8-155ce0e17d32,390.09,2026-05-27 16:19:04.426167+00:00
33223353-0b11-4ca3-820f-75cfd7a757a5,40a5ee0d-43c1-425b-b8d1-077577552f4a,3907.64,2026-04-20 18:12:37.227534+00:00
f6ca99db-d887-45bc-a2b8-8a125be52279,2e281794-b697-4211-bd39-bbd1db2fb870,2979.66,2026-05-04 00:34:03.161829+00:00
29325048-29d9-42cd-b03d-11da5db18b2a,2b16d078-ab8f-4262-869d-8b292a0f5c0e,1746.05,2026-05-15 23:24:21.083105+00:00
9834ff73-ed50-4158-a04d-5d48beb8dcec,9a69fcc0-e42f-4bcb-90be-c7712b2ccf1a,3045.38,2026-05-21 05:25:21.432546+00:00
9aa7e8fe-5437-4e77-9f50-5c13af50da60,6555d14a-1e70-44f7-90c3-dbb014898cbe,2682.75,2026-05-30 23:35:04.953627+00:00
d4e29f26-64e3-421d-90ff-26243640e199,17b3ae79-8c42-456d-ac86-80160db1c815,47.12,2026-05-24 02:07:17.192329+00:00
d2bcdd8f-2133-4b0a-ac2d-bf26d264e300,c018af45-14e9-49b9-8e11-7602fc04ae8b,6063.62,2026-03-21 07:19:35.114164+00:00
c507e4f7-da19-4a15-9729-3d3d4de59641,9c1a69be-d6bf-4c2a-989a-b7bc0d7c1fc1,1559.88,2026-04-14 18:57:40.337328+00:00
afea9db3-e1a4-4446-8f64-2c2a2f9850a3,69ecf00a-d013-47fb-9024-b75792bb282c,6215.88,2026-05-11 01:44:42.410795+00:00
413afaa3-60be-410c-844b-639de67f8af2,1297be66-bf9a-4997-85c7-1803b8b93c2e,3142.55,2026-05-22 16:00:46.499734+00:00
3d836426-c2a7-4f78-b421-b18713e825e6,46dd02b3-1001-4436-8f8f-9e8b8c01ffa4,3726.09,2026-05-16 09:02:36.603989+00:00
310c011d-14cf-4665-a401-328acfed816d,90b23483-a107-402b-8750-ffa6c6e82e33,2622.84,2026-05-16 14:25:14.007444+00:00
80d310fc-2217-46c2-a9d0-d626c9f2430e,4aba418c-e572-4358-bb62-24d7a13d95e9,2086.29,2026-05-16 21:20:11.062374+00:00
22947211-6d89-4ad3-931a-1afbbd6c9bef,7325814a-f92f-4453-bf49-b6b2d1057243,1280.36,2026-05-16 23:42:35.082703+00:00
110eac03-133d-4823-ac3a-493a380ab171,fc488a74-ce89-49b1-915d-640a37e53b49,1406.93,2026-05-17 00:25:42.929091+00:00
0ad119e3-b61f-4bf7-8dd1-a4b3d81b785b,2cad7c9a-0247-4cc3-be00-3892dc3f7531,1252.99,2026-05-04 06:39:09.321096+00:00
60aa3b4a-20fd-4faf-bd20-f9d31424f8da,65b272f1-faaf-4108-b3a0-10691b489208,1636.08,2026-05-10 17:12:28.729730+00:00
52a3a407-6476-460b-ae8e-f01b833c4641,6eddd200-32a9-4a4f-b842-f3eb95d27e8a,2505.08,2026-05-11 01:08:53.794182+00:00
afab0840-bada-477f-8483-18ebe20846c9,0626fe8c-8ca0-4c55-b329-9ef375619d82,887.58,2026-05-26 13:40:15.374014+00:00
87743bc2-1307-4712-af6f-550b5110615d,50236ccc-d06a-404d-b2f8-f975dc68d9a2,332.63,2026-04-09 16:07:29.819710+00:00
05c7d3e7-3926-4b45-8270-27a03061b4b5,9aa28b61-ffb1-4ed0-aa6a-695d28160353,289.74,2026-05-04 22:11:53.214487+00:00
bef7ce26-4996-465e-9dec-391bfaf429a1,3129dd8d-7e07-49cf-a781-dd04db5ed3b9,759.11,2026-05-19 15:19:10.867334+00:00
fb132802-228f-48c8-b8cd-204ccec40d7b,960e04e0-148d-4855-8926-14e8a0c0caf5,3282.99,2026-04-27 00:34:29.443281+00:00
774607cb-6d78-4e09-83e7-8281d78fa0d8,ba0958f8-8965-4002-942a-0cb351c68418,4108.22,2026-05-23 21:35:56.050130+00:00
5b8605c1-f6f0-4097-84ed-c6e72172d34f,a1795e94-0944-4d3e-a88d-85ee677a6f0e,2573.39,2026-04-17 10:37:13.151002+00:00
c6891b16-18c4-4d58-bed8-eea291d00055,00276ded-8071-4bd3-803b-c68daffb8a0f,3354.79,2026-04-28 03:15:46.955358+00:00
76381cf1-70ad-4c28-a1e6-a202803b3273,8ad4627c-4fae-4f04-9acd-0d7b9e9a594e,3433.55,2026-05-08 01:45:10.901125+00:00
80b44dff-a837-488f-84d2-b12d310d936a,c459d087-5482-495b-81fd-811abf338d82,4208.3,2026-05-20 09:43:04.444729+00:00
f4d9474f-0e2d-4d12-a90e-42eef8fea6c1,dbf29e13-f1f5-4a91-b77f-96b86e1daec6,1759.33,2026-04-08 09:08:13.302860+00:00
48edb197-de20-488e-b3fd-fa7d1507416f,8efbd644-fe82-418a-9e0d-e0c57e2138ec,2383.89,2026-04-12 03:13:41.695879+00:00
21e9e16d-effc-4c3b-a3d5-180f9aee0ca0,5d437823-5d42-452c-b24a-6abaaa4cfee5,2115.04,2026-04-16 15:04:26.122934+00:00
d9078efe-6612-4bdf-86ab-902f61cf0610,f2132148-c3f4-43a7-b761-8020d01c0776,818.82,2026-05-07 11:07:14.776943+00:00
ef4f8cca-4bb1-4da0-a2c2-36987f7661d7,2f993e73-613a-44e5-8f64-a6efa6443e90,2232.94,2026-05-20 01:11:43.248819+00:00
e255bac5-8eee-4bb0-863a-d32e1477709f,638c23ca-94ff-44d6-a661-e56a3be4119a,4539.52,2026-05-01 18:19:30.017567+00:00
862e6d32-b892-4b18-a44a-8e4e7432db22,ec1f2817-33c8-4ee8-91c4-bb92f356470a,2229.12,2026-05-08 21:22:10.692933+00:00
f2a41b09-e986-4e2d-a246-edce5080c147,3839bc50-a572-4d4e-99de-784caebeff6a,603.82,2026-05-12 05:27:05.396953+00:00
9e1fce7c-bfd1-434a-ac25-c9a1cbcfc571,273a49c1-b5ff-47e7-959e-d58af285277b,5500.77,2026-05-22 15:21:02.735106+00:00
e117618e-3f36-4365-8428-9191ffd94e36,9167ef81-9cc3-467f-bc8f-dae9fde09cd5,1366.78,2026-03-27 11:20:24.018912+00:00
965605b8-dce2-43bb-8146-ae95c13b5eb6,1dc6cbe1-940c-4709-97d2-6e80448001df,1233.81,2026-04-07 06:55:00.225525+00:00
4f305ad0-be2a-44b0-b706-c5968d5debea,435434d9-6f41-48d7-b315-33663fcd7779,1414.34,2026-04-15 12:03:32.200992+00:00
d9488b2e-4149-464a-bac3-40db996e73b0,ec57518d-9e15-4e8f-8d29-03a44807dc40,1243.15,2026-05-21 10:22:34.975488+00:00
e77371fc-7fae-4b65-abc7-78763c4791c2,85228070-899b-44b0-aba9-8da685c3f4c5,1407.92,2026-05-23 21:40:52.715700+00:00
2bb86ab3-31d0-4f53-9272-3f67f0f4c61b,ef62acef-51fa-40fb-aa4b-22a78f41ec07,1367.16,2026-05-02 00:28:37.334460+00:00
877ac1a0-ae2a-497a-ae30-fa17ccd685c3,2c811393-fe75-43a7-a0fa-543cf41cc165,3154.8,2026-05-18 11:03:58.268469+00:00
af7903ed-4a80-476c-9d1f-758f2d27c906,ca513720-3084-4d60-8c39-d34506223d23,593.44,2026-05-20 18:13:43.000327+00:00
85fda061-59a7-419a-8634-e7052ecaf8b4,1dde38ed-c338-4bc8-98b7-d3469bab4029,1108.21,2026-05-25 07:59:03.732690+00:00
a67d94dd-3e67-4262-98ba-204e2933438e,be001905-c496-4be2-8041-b8211b27bf99,2018.43,2026-05-31 21:18:48.439383+00:00
ff41a226-a451-4e6f-a784-e660a4db7376,66685c4b-ccdb-4044-b662-b6a95629a00a,1130.48,2026-05-07 15:13:04.848767+00:00
ab63bf6a-7ecc-4b67-a542-4d640b3983ba,4e092c38-f1f4-410b-9fa7-fbcffdfa8ed8,3213.99,2026-05-11 16:21:20.979446+00:00
133ddfc0-96f3-4eef-b66e-47919e1fc507,3e47958d-5614-46cb-87f8-7426c5c88ecb,3332.5,2026-05-27 16:15:00.835794+00:00
5c07bfd6-374f-4dfd-af7f-e1cddce1290c,3caa7d0e-471d-4792-bce2-80b193a790cb,2588.56,2026-04-18 13:29:08.987812+00:00
4a55f3c0-713a-438d-9124-d57b2d3a61ec,fc3da8b9-2f59-4f9e-800a-c91b86350096,1619.88,2026-05-28 11:23:32.715270+00:00
358c9c83-3428-4e88-b267-42f44e856e1e,5f3b2562-b570-4aa7-8107-4df40e904cee,958.9,2026-04-27 10:06:06.632839+00:00
8169e3ad-b6ae-48aa-93b5-b88430db5a37,71c02204-37f4-4f49-b4d0-b98f241712b5,3542.64,2026-05-19 16:21:28.113683+00:00
1c943c74-5c72-4ce5-a7b0-59ff189fa674,005fbb43-0c5e-437c-8460-44a97027dacb,3433.29,2026-04-08 16:22:12.736956+00:00
43178882-207a-4b40-aaa3-a39ccdff8e43,e6e9476c-d8a8-44e4-a1ae-2ca3b452ebe4,2829.36,2026-05-16 08:42:07.211362+00:00
ed8db566-4666-4e93-8bec-17b83ae40ecc,bedea4c6-aaaf-4895-86e3-9821a7158990,3385.49,2026-05-29 09:06:05.799087+00:00
f0ef3a63-f04c-4258-bfaf-585909bb2b91,9a0efb4d-4d86-4e4c-9559-14e6eabc6459,3631.8,2026-05-24 16:19:33.611675+00:00
27cf9cf9-2079-42e7-aaa8-20c487d7d8b7,3eb95c46-f3b5-437f-95f4-b4127d338ddf,2513.82,2026-05-25 01:33:49.121852+00:00
2ecb530a-efc0-4328-9fcd-a3f5102ef2fd,48bba833-e2f4-4270-a699-aaddf943bebd,4261.73,2026-05-25 06:11:59.388051+00:00
eddde357-64df-4b81-b4f9-a73ce1e910e8,141740df-c45d-4470-880e-ff5f7faf6a3b,3125.84,2026-05-25 10:42:55.194995+00:00
334d1d0a-0d1f-4396-80e9-9d803a015455,4b665e02-7cc9-45d2-ad3a-ee0d537e02c4,4462.77,2026-03-13 12:12:11.251107+00:00
e871727c-a8ad-438c-bd8c-d3d4935b11c7,27a6c085-3ab3-46d7-8d1b-4d75f2dd057e,2954.46,2026-05-22 18:43:08.725971+00:00
85556a95-1baf-4d3f-90e8-3c5e72ab0542,c6be4096-03ae-4df4-b8d9-81c9df6526e8,3159.8,2026-05-26 06:01:42.015734+00:00
b797daa3-75e6-43a8-bf90-ced797603957,aa803d3a-bc5e-4492-bb67-ac2cf9ebe7e1,1340.0,2026-05-28 13:58:47.765888+00:00
0eba10cc-f553-42b8-ba48-83ac0dc37da7,2f1fd98c-ac9b-4122-960f-e90276fd6e25,2681.4,2026-05-15 22:10:16.891305+00:00
f605368a-53ae-49bc-aca8-93fe645aaaf9,c0a13c35-f0ad-4607-bd8e-c8c919f52fe0,840.16,2026-05-28 00:48:39.785565+00:00
3e7e2e43-27ac-4be0-bfac-81e2f69cb581,f679e77a-d094-45b0-9e53-1a412c65e5cf,527.82,2026-04-22 19:18:04.717424+00:00
cb6385d7-ef99-40c6-962f-393de7f16e1b,86d04a69-2e4a-419b-ae37-103e956c2f07,611.65,2026-04-22 22:17:23.291213+00:00
2635d71b-b378-4dc2-a3ca-44eac3e930d1,c8b68305-d8ae-4cc2-b072-d96634ff38a7,990.09,2026-04-23 17:52:33.750530+00:00
7dc81866-c109-4260-a7e2-8158740fcdc9,f5587507-f297-4f48-b8b0-e5f7fe18fd90,4985.38,2026-05-17 12:01:06.967699+00:00
08660435-fe66-4d4b-945b-7fb3494b3986,2207246a-0b13-4b95-a548-9e46761cdcdf,2845.88,2026-05-17 20:46:46.913926+00:00
a91e20c9-1118-48be-8fab-70ee499729fd,2603e4a8-682a-4688-9d36-3205c3f4bf27,1680.76,2026-05-22 17:33:07.511824+00:00
d8dabd63-94a9-4703-92c5-72d1e55cb792,faf77aa3-aeec-4380-bfc4-6d2641d3de7d,4303.42,2026-05-23 11:49:21.576568+00:00
1eddcb87-51f0-43bd-9f37-0ca046c8faf8,9f60f090-3c3f-4adc-b720-3d13027c512c,1049.74,2026-04-01 19:00:35.147515+00:00
ad36565a-4619-4b8b-9196-1d0652f61321,9df50d42-de63-425b-a306-dc259e6a4bbf,52.37,2026-04-05 06:25:50.067594+00:00
777190ef-8fd7-4857-a17f-510f62a6fc91,fc447699-c15d-4d5f-a8da-5e843daadb74,958.16,2026-04-22 11:00:11.495908+00:00
242e6b8e-4b43-493c-b150-5520d330cf19,a22f7776-8f19-4827-91a9-8de6cf3b2856,985.35,2026-05-07 19:20:48.213770+00:00
1c340350-ce09-477e-9c42-1a1d75f63c24,a245e93b-24ae-4a6a-8010-21a66e4f9957,1955.97,2026-05-08 20:14:27.638658+00:00
78c4616e-20b4-4fac-8662-de173a637fe2,e756564d-6ef9-44f3-bb7a-d20e6e66668f,138.06,2026-05-28 15:20:27.143931+00:00
d8f4e225-677c-4f96-b14a-df759c8946a2,485bed3c-960d-4395-83d2-e6b58f1000bb,1228.08,2026-05-31 10:29:25.280364+00:00
a15870d6-070a-4fc9-885e-f61e45fa8599,ffd08d60-454f-4f7d-b76c-8eefbd9e3325,3448.07,2026-05-14 20:35:00.986521+00:00
bf25015c-aa15-4143-974c-835e516d5240,ba912991-0fc6-48e3-9917-cc1a82b2e276,5086.16,2026-05-02 10:08:53.533956+00:00
9d9ee795-f451-4da4-9f19-63b6aee5d23e,32d9765a-58dd-426e-9536-a88fc16700ae,2609.32,2026-05-11 14:06:18.893475+00:00
0dc854de-810c-4a9b-bfd6-4140c0cd22be,b493825a-7bfd-4609-8b7b-3bd1a32414db,5080.28,2026-05-15 23:26:40.762890+00:00
6ea5eddd-20fc-41d9-a8c5-04a4ddf7801f,7927da71-3c7f-48d4-a963-381a6c836364,4034.44,2026-05-24 14:47:13.754851+00:00
ff1b6e23-9c20-4370-b04a-044c6a27b39c,e8e0b83c-9a06-4b5a-b4f4-a964a7b1dbdb,2320.46,2026-05-07 21:51:21.995530+00:00
aa08121a-e995-4531-a7b5-409acb3f2c7e,c2fa8278-4b8e-40d7-ab30-6e8d159a2563,3823.9,2026-05-09 23:38:59.238401+00:00
fda65f9a-71bc-4a22-8d50-01aa342b8633,58db407f-5813-4e76-a8c9-9c8857d22ebd,1596.97,2026-05-24 06:15:08.580457+00:00
69897184-b383-4db2-b2fb-8e83c45b41cb,29614007-448c-4e22-bd4c-02a9aa5741a0,3651.7,2026-04-02 17:16:12.790655+00:00
1ba071fe-05e9-4afb-b04b-de70866c0545,a1804b84-30ad-4743-91f0-c703f86e9046,3148.25,2026-04-14 04:05:08.744644+00:00
bc071b91-a0a4-44d3-8d82-e25decc6c189,63527734-f401-4ce5-bf62-e3d5c6dc3eab,5523.21,2026-05-01 00:21:45.909376+00:00
5cef19e8-633b-4b04-aa8c-eeb1e366f427,62d29f60-fadf-4320-b495-8392bf2f8941,2839.65,2026-05-18 13:57:37.097028+00:00
1d42ad3e-6c85-4ec4-ae8b-a810dce1c98a,25274ed9-7fe7-4ec6-852d-2d7462408a03,922.62,2026-05-26 13:12:45.922471+00:00
325ac752-039f-47a5-8852-cb1124f5e223,58e79715-8ea4-4df9-b2b2-2bab96336db8,988.03,2026-05-03 22:58:01.492782+00:00
1c15e500-c9de-4ddc-90ef-18863b5e807c,795eb566-382a-49d6-b29f-5d87513845a6,1020.67,2026-05-12 00:55:46.087493+00:00
f5cad667-a1ad-4d1f-80eb-41e0343757c8,9ace514a-7d7c-4b9a-a137-084162d11213,883.8,2026-05-14 20:35:14.338017+00:00
e71d2de1-4463-4c0f-bc65-bb0e98447afc,f0aacfa7-ce5b-4524-b0b1-340b7cacc2a6,2062.24,2026-05-14 20:59:37.746746+00:00
e04c8eee-3f22-4623-b6a5-36a2972be48a,62ea3c7a-c876-4835-a67d-dd301772a0b6,200.73,2026-05-27 20:24:41.614397+00:00
960ba473-b60c-4d4a-8771-12561c84f778,e7ce7781-77e3-4c83-b0c2-c39925f6be66,700.68,2026-05-06 10:55:47.682861+00:00
c2918063-be2a-4d9f-9f84-1762f0969dd8,58143bcc-3ed0-4319-817e-53d593e7fc31,2483.61,2026-05-22 15:22:30.512120+00:00
55c69da6-feb6-4ae5-b77e-86c403624370,ef630ed6-8e7b-4ca0-8792-0d32ea0f4710,543.0,2026-05-28 04:08:20.801423+00:00
3dd22032-7c76-4eee-ad37-081eba235a7e,a0543f59-b41f-4ad4-bed3-08df79e5e5a2,2810.85,2026-05-30 02:06:02.557024+00:00
c59d1e57-f0d8-45ed-ade6-3461a040b625,432890c9-a2de-4450-a43d-88db32186eb9,55.63,2026-05-21 15:08:19.086241+00:00
662c8a96-ecb5-41c5-ad13-0a1c34c78632,61e94560-6fe6-4321-b699-73014272ec93,142.26,2026-05-25 11:08:04.784643+00:00
ea4282ed-17c9-41f5-b24a-457ea862da76,15ecae58-52a0-4034-96f7-20ce066ba5c6,322.99,2026-05-29 23:08:03.437507+00:00
711cf10f-b0cc-4787-90d5-0e40fd95fee5,786f9d62-ee00-4b4f-bcc0-c1c72f6e0be2,3050.96,2026-05-29 04:59:16.413970+00:00
b8043b85-d101-4497-bb6b-a657640d4af5,4848a398-1f49-4abf-a11b-4e628f970ca3,1527.54,2026-04-08 21:57:29.607087+00:00
1604129a-74d0-497c-ba29-37ae74ef8190,7571c349-90b8-4b21-a6ae-296e304f6b38,249.85,2026-04-09 16:42:30.501621+00:00
3b8de80f-ea68-4902-9d8c-6e44ead1777e,6ff7444a-808f-4da3-a3b8-a4742a181ac7,1190.8,2026-04-21 16:37:24.531641+00:00
3d7f52e5-594e-4cc1-a6c4-673797832b73,c97cd2e8-7153-49bb-9081-417bf1937fd4,1225.83,2026-05-21 15:44:29.079207+00:00
56327fbc-d272-4025-a892-26a16cf9776b,ec2a5f02-4d9d-41b5-8602-4063c695de05,10.0,2026-05-30 09:09:00.968879+00:00
35203328-d4eb-42e5-ab51-87cf40c149c4,e78ade23-9a92-4cbf-87bf-7593e7806f67,1203.94,2026-04-11 21:42:14.838378+00:00
ee716067-9db5-49da-a379-8e1e8f3ab49b,117d1545-05d5-4d5d-a418-3865c3f2d560,1131.55,2026-04-12 16:32:15.235424+00:00
cc0bea77-81ed-4ca3-a40b-1293cad24821,041b25bb-6e36-4b79-8725-33b67c81330b,1155.54,2026-04-12 18:16:02.610957+00:00
d61ed2cf-f151-45c2-bf41-aa04181e2605,ae4e4e90-f5f1-4d57-8f9f-9c72fd66ad38,1311.78,2026-04-13 05:53:36.338850+00:00
2304b5c7-9508-4774-b059-46fa45e6a748,8c3450fb-830e-433f-9af9-f4777a1a456a,797.69,2026-03-29 21:18:41.736813+00:00
47b36072-2b10-4744-86b7-251d736a58c7,3bf4262a-472b-4e75-a11c-6f4efb2f3439,597.85,2026-04-17 13:01:12.135278+00:00
2ecdcee2-9ee0-45de-b90c-24806201a347,9ad78a0b-85aa-4d4c-9bfc-c39d460d600f,1268.33,2026-05-08 10:52:25.310971+00:00
cc8872ad-aa54-4719-a20e-a7b05644a64c,da6a923a-46e0-4211-ace7-432728f2c54a,1566.88,2026-05-29 06:34:48.657269+00:00
26f6fd1b-b69d-47be-982d-9c8b0691720c,45dbc805-e57c-4e40-99f9-3ff9849129e0,2017.71,2026-05-20 08:01:11.738624+00:00
14ff54e3-0625-46e6-b159-e10288cfbd71,f9e5f78c-5fad-40e5-af40-4aafd38d8803,5458.93,2026-05-23 13:20:16.402622+00:00
25b5afd8-b187-411d-9036-8b7edea3d59c,96d40ed7-45c6-4468-8a2a-ab3891be70c8,2167.59,2026-05-28 04:42:06.887261+00:00
28f098ce-8149-4775-b7b9-0625aaef0a1f,6ee743c7-9fa0-4712-aebb-91fbbc06f9a7,2660.24,2026-04-01 18:32:24.838784+00:00
d49e5f0a-6aac-4a69-8e28-ee661b1beb7a,f2b60c4d-48c8-4bad-acde-664f7203ed99,2723.71,2026-04-28 16:28:00.262986+00:00
ab5aa7d1-4347-4e37-8734-07c132faa33e,ff37ede8-e54e-46ab-bca7-6d9a93d79ae4,1915.87,2026-05-09 12:14:39.597479+00:00
99f6a212-6c05-4f15-aed5-e2b5229c662c,d0e18853-6efa-4dea-981e-f5df10350c78,1605.57,2026-05-22 07:17:57.543538+00:00
e5d26f48-8c56-4c99-9f5d-5f8238518b6d,2ffe44e8-01e4-46bf-9393-086a1c59ee58,3460.93,2026-05-27 20:30:06.039779+00:00
04627212-6cfa-4d63-86c6-72eb86b9abf8,68c14f0b-2de9-478d-80d7-ff49a6ed792d,3613.75,2026-04-12 03:37:42.625012+00:00
b7f54ee0-c750-4e4c-9f26-65f498ae3294,bd81d4a9-21f0-4865-9561-f62648ab20f3,2882.24,2026-05-03 23:16:10.427829+00:00
51d3f128-d5be-4c88-8c0c-165c3310199c,b4f649d4-744a-415a-9629-3d3dd261cde3,2171.98,2026-05-14 19:45:07.179360+00:00
8f232921-7a43-4ac3-a031-7a08294a1652,e81116e5-df74-4430-bfc7-8d92068c5bbc,1391.43,2026-05-29 23:37:21.057258+00:00
5aa302d1-641f-4026-a27b-8cd0c1fec888,a598ed68-a9d5-458d-ae91-982b670fc19a,1394.85,2026-04-25 09:50:15.093138+00:00
b5bc5808-ef2b-443f-bccd-1f5d60efa6db,bd5881fe-1be8-4461-a065-e2da4a084044,3284.98,2026-05-27 00:06:19.347799+00:00
00f52e66-cb21-49cf-8a2e-5f2d71b8443c,602eb568-0d3c-496a-8c1a-51d8ced851f8,414.46,2026-03-13 07:30:51.024628+00:00
c481b000-5f67-45ae-bc7f-32b6a3343118,869b71ff-a80d-4b38-86fb-0de57b68e05f,126.1,2026-03-18 22:24:12.378272+00:00
621522ae-2d27-45ed-b5f9-510cb3d328f9,8cdfc88c-2294-4cf3-acda-58a96a1528fc,1399.14,2026-03-23 23:07:17.470026+00:00
a41fbd5d-96d1-4db7-b87a-52117524de91,1591143b-ef5d-494f-b93b-e605a63a7be3,1137.84,2026-04-19 20:50:19.120771+00:00
146f5528-209b-47fc-8b03-83bacb207ade,14243e5f-cdce-49bf-9bf6-430aa56c1db8,965.58,2026-04-26 10:17:43.575582+00:00
cbb81d8b-c9b0-4c21-9cab-b76f618e5eef,8aae67a4-b2f9-4ec7-b61e-d316479db36e,889.95,2026-05-28 14:21:37.610684+00:00
c8a7cbc7-71ee-4ee7-8d75-c5d9e892632d,0747242c-7c83-4664-83e2-132505e2e1cb,1312.31,2026-05-29 23:07:34.849755+00:00
2db43d1a-e589-4f7a-952a-b29c51c7108f,e4d70f66-1343-486f-b00e-fc9c2455d2d6,2165.66,2026-05-30 04:24:23.709994+00:00
d0a96346-d811-427f-8fff-d15523a5cc28,61463c65-d948-4dbc-87ae-fa7df63fca27,1852.92,2026-05-27 18:24:19.255304+00:00
671eb3cc-0699-4ddb-9833-f64749dae6d5,ff97c978-72c6-4551-b6ff-bb316bd075bb,2179.61,2026-05-19 05:35:40.523959+00:00
1d248afc-d326-458f-b87f-2fbd1ba31593,f3974255-4d75-4c4c-bfbf-a4e49d279388,2214.16,2026-05-25 03:14:05.545496+00:00
26e9902d-4fd9-4f6d-90ab-5e14b84c5fd4,4c9686e5-51da-4c99-a6bd-9d69bbe8373e,2208.28,2026-05-28 00:00:11.948721+00:00
eafbb822-bfef-4020-92d2-a7300effd057,81d4bfdc-6ad2-4d94-8d2f-4925fdb315e5,503.92,2026-03-12 04:27:10.876048+00:00
d4fbe343-fb04-45b8-97f8-7e567f635f06,1ba97684-01e0-468d-820e-fdc135f6ee1c,185.05,2026-04-19 18:36:13.251220+00:00
fe83f65d-0899-4527-a8db-eb9034b5bfc3,b91cf234-5104-46ba-afc9-41b7216bb091,154.79,2026-05-11 18:28:07.906961+00:00
e569f404-6a51-485b-8b63-40d19c00d405,9a55ada5-51b2-43c5-916d-c7f400dff41c,182.01,2026-05-26 03:26:12.456982+00:00
2511b211-e077-4354-b82c-883fcc508477,e1fee918-a0f6-4b9d-8cc6-1c9111b3164d,765.01,2026-05-07 07:59:12.596171+00:00
ab039a7e-4522-4d1f-8bcf-f589903b7fbd,c4115e53-81fe-4f1b-a902-ea7cc54f7052,3792.56,2026-03-27 10:43:22.127324+00:00
1ed54f46-d03f-4e27-b1cb-c77b81fce2ef,28aa1979-e869-417a-9e6a-bfaa5fd8722f,3557.66,2026-04-09 08:59:37.844062+00:00
3cb3e90a-a563-4ea6-8df8-28d57ba2193f,a7b23c74-8358-4239-af08-14f90a13a499,4005.5,2026-05-01 15:42:19.032494+00:00
c5380efa-7b46-4052-af7e-f3b6a6aa7fa1,380bf9fe-7874-4f11-b29f-0edeb30065bc,434.12,2026-05-12 15:02:11.591891+00:00
6eeb5597-9dfe-4cbd-87cf-2c3591aa25ef,f3c6edd3-7b34-43e1-a6c3-d29ab3645122,3618.84,2026-05-26 17:34:59.989617+00:00
ef186e9b-c376-40ca-87c5-a5dca08a03dc,d8289c58-78c6-4c8d-94ef-3bdefc5e89e3,794.85,2026-04-05 06:22:27.608964+00:00
bf142c72-2593-4fa3-92f6-90bb0592a3e3,40e56ad7-8ff0-42e7-89ff-522f06b8647a,604.37,2026-04-24 18:22:54.911221+00:00
0a4797c3-374c-4c9a-a0d5-c86eee465482,3b6a9a60-57eb-4534-8338-2c2ca5efaa54,297.72,2026-05-09 13:17:58.954197+00:00
d7432678-102a-4316-bf57-c8111b157045,f2a3b6cd-b8a8-4309-ab06-b5d8a4190e4f,595.58,2026-05-25 21:46:54.991693+00:00
7a1fbbe6-d5b4-4e52-bebf-2e2352d03f1f,bfa03be8-fad2-4bf6-9338-600409807abe,2183.39,2026-04-19 01:40:57.595903+00:00
3f7f2ddb-300b-4014-bcd7-ee3b93a41360,1135548e-8191-4702-8189-6efc1752eb42,3902.49,2026-04-19 19:20:47.286209+00:00
3805d9a8-180c-4e81-89cf-18ebae676ef4,3af72887-e65b-4699-8e32-d178b96e56df,3210.85,2026-04-20 00:54:52.902104+00:00
55800832-b003-43aa-906a-511ee88ba17d,60bb8ae1-aaa1-40f9-a071-a81fec8147ce,3500.93,2026-04-20 00:31:26.190246+00:00
d344d920-b1cc-4ed5-aab0-a1bb30b87d9b,c21bebce-c4ff-470a-b668-85651f207007,278.92,2026-04-20 05:09:30.076004+00:00
5c7aec3d-bcc8-4fef-8333-64e22d69881e,6b7572f1-4d94-43be-a7c2-1de5f5d9a289,886.04,2026-05-23 09:08:19.047942+00:00
3455f035-498b-42e6-b07f-7b5c85b0b79b,199ee2cb-fc14-47dd-89e2-7e3a37dadd4f,1591.43,2026-05-24 10:44:07.606357+00:00
25d85d52-b522-43d2-9bb3-3a5aea6a0321,ca8d22fe-b2c6-4154-a975-2a1a1a125fd2,910.94,2026-05-28 07:18:32.883132+00:00
81f5a659-de30-46a6-8581-b2d1d4bc6df7,cc2ddd27-bae1-456e-88bb-91669583465a,2840.86,2026-03-27 11:26:06.442103+00:00
60b2911c-6dd7-45c2-a7af-177469334ee2,4fdbd542-f83c-4138-88da-5c4f455ba483,3118.44,2026-05-22 23:51:00.843629+00:00
3f1ca135-9b43-45f0-a106-0f5c4c203033,d50407ec-59ae-49a0-99bd-a15f4cedce78,2887.47,2026-05-31 12:31:50.101200+00:00
208fed52-5014-4523-a328-d8a84c38ea40,7123df01-a805-462d-9e3a-ca7212321326,1690.27,2026-05-10 10:54:45.273667+00:00
2a467647-a500-47d3-8da4-e53b47723444,8feb9db5-1df1-4960-91e3-40b73a3acb17,4842.63,2026-05-20 19:01:14.727953+00:00
a1021bd8-660a-49e6-9796-97b33d040206,e729329a-dae9-4ce3-82f5-90d0b6450852,1862.7,2026-05-09 15:31:20.044228+00:00
1bff326b-8834-4ae9-b9af-9a68f49d3b8a,3140173e-7fe5-413a-b13f-1a32b38d491d,1543.69,2026-05-17 08:05:36.670463+00:00
5876011a-821b-4318-8578-6bf1aa4114a2,0e6f7b5d-3694-4d80-b02a-90aff558b661,1838.15,2026-05-22 18:46:17.196475+00:00
64bfe5f8-b9a1-4a22-af78-a7ec4fbd61b6,6322c768-d1df-431c-9851-f8e0cd366fdd,1337.57,2026-05-25 06:12:50.528883+00:00
e8ef616c-1159-4b45-889e-74eac4c90c03,8a098379-7411-4eb1-8ed4-067da3765a56,1828.55,2026-05-08 18:03:06.420416+00:00
3712fbf9-3efe-4e73-901d-30cae3242aa0,48722377-2be4-49d4-a571-1c8bdf695ad8,10.0,2026-05-15 14:59:18.684432+00:00
349afa94-afb6-4fe6-adb7-6bbe78db35d5,b1db96f4-0a0d-4f91-a6bc-2aa78d78576c,5069.53,2026-05-18 17:39:51.006760+00:00
1031d343-1b5c-4dc4-a431-cd0edf51ad6f,9733e3d2-52c9-48b1-aa84-f054e3a1ad55,5452.44,2026-05-23 16:05:45.724281+00:00
dfdc0ea0-a656-4485-9ce9-738096c18b4d,a696d803-1902-4b21-9e62-872ae4221098,6403.91,2026-05-25 16:31:06.136452+00:00
4e0a2ee7-fefe-4be1-a61b-1180f0c32f78,1d48e132-fd68-4abc-be54-76fce17bedba,5656.59,2026-05-01 08:09:47.175753+00:00
b4ae0d81-44f7-4320-a5dd-cfe567e8573f,19333236-74cc-43a5-8efe-2ea3f6d9ce09,3342.7,2026-05-03 00:58:38.737852+00:00
aa8bb0ad-f04a-4a44-bafc-f00442954dc7,c6538abe-4eae-4c95-a780-9655724e34b1,10.0,2026-05-07 10:49:53.078815+00:00
bd1a64cf-4d3f-41cf-aac2-2a2e0bead90b,1069a03a-1904-4510-852a-8adaf5f799f2,1996.76,2026-05-24 21:45:15.267203+00:00
010276ab-541e-49a0-96da-116405a20a20,abe8b22a-bd32-4b86-8211-c265888083cd,1396.64,2026-05-12 16:13:53.032519+00:00
b9f3fb64-9669-4211-84fc-da6b70c2be88,d21d9882-0626-48ab-9b90-daa30a8da3e4,1727.36,2026-05-13 14:55:33.406749+00:00
13dda612-5a0e-474e-98ec-da13bb0327e4,5ce1a2f6-d65e-4150-9917-9df49894feb0,4423.43,2026-03-10 04:21:27.423571+00:00
f8069f4c-e818-465b-b6a4-acab9cf096dc,8ad8daf6-8228-4772-9891-11dbad4ae29f,2305.37,2026-03-11 16:50:35.436606+00:00
74584f77-afd1-4373-9069-08c41beb6b63,9d700a39-61ce-43d9-ad3b-c410234368e2,1658.34,2026-03-17 11:50:47.125550+00:00
c95b7ea1-0319-4d38-8f6e-04782626aed1,3d7a94d4-1a85-4314-8069-f1be10c63719,3207.86,2026-04-18 03:30:11.671812+00:00
723b42f4-93e7-4216-922e-930d052e157e,d81a7467-3900-428d-a313-bc4e309236a4,4448.18,2026-05-21 17:27:56.792707+00:00
38b78ba3-bfda-4c05-b70e-25de5fac85bf,92b0b253-6df0-4c13-a9f5-e907bd9d5659,4371.79,2026-03-21 07:22:30.158131+00:00
b73f92bd-2646-4011-aa8c-1e4aa7ea723a,d6ba7025-6e22-48ea-b998-a4cd27b38b01,783.32,2026-05-29 10:37:34.877873+00:00
a73b0b6e-2cb9-4b7f-bcbe-c41ca32864cc,77695936-4c8b-4332-b1ba-814c8af4938e,191.97,2026-05-29 23:41:38.324819+00:00
d5d7f3eb-038f-44c1-be0f-81a2c45211e8,c2828b00-8b15-4b3d-84a5-e2da55472b73,1003.85,2026-05-30 21:55:37.240666+00:00
db226d91-b5ad-4d82-b630-62b3673f1c4f,f8f773c3-0d9d-44bd-a2ba-0aa083808458,1194.3,2026-03-14 06:32:47.470583+00:00
b6996d4e-4c2a-4502-8b98-f36735cbf582,ad134200-48e4-47b7-8fdf-86dd06d96536,1287.8,2026-04-04 19:37:00.795122+00:00
8c2296ad-56f2-4d37-bb3b-b0af1686afd2,bca9c15e-40bd-4993-9d0c-5d1f88d5adf3,2768.64,2026-05-13 12:52:45.676663+00:00
04ed318e-2b31-4962-b8c9-79d778eaba49,e5b23ba8-1332-4f40-8b8b-96e6ed3d9551,4706.79,2026-05-29 13:36:56.058685+00:00
04d671bd-ed6e-45d0-a333-d954e5abb3eb,892541e4-8877-4797-8dfa-259cede7af39,4149.8,2026-03-29 10:33:15.413561+00:00
99fa9269-0603-4058-b5af-7838bdc3e927,3eb92c63-cc2d-4424-ac71-959b8cd5871f,2815.09,2026-04-04 13:42:56.844909+00:00
d9dbe731-6e88-46f9-98c3-eef39ef4fe2d,f3ca58ba-461e-40cd-9342-09fb575093c4,2262.23,2026-05-02 23:24:26.930293+00:00
1a5acd4b-7f09-41b9-9c24-f6f5fd1ce2a4,2870c15b-5b71-489d-a418-5d69bd1d43fd,2661.52,2026-05-23 00:19:55.683236+00:00
cbb8ed6c-702c-4fc8-8874-37b8694e9f2e,bb141faf-53b2-4729-803d-214713b831f4,1358.74,2026-05-25 06:03:53.593932+00:00
219d4429-1c39-41f6-ba56-1e7952a384ff,403d9906-d519-454c-a35d-bd9c4b548d9c,812.51,2026-05-02 19:32:05.652842+00:00
ee68ebe1-9984-47c7-bf58-80c22bfe8ab5,20159daf-c3e0-415f-b810-a6035eed5180,1382.29,2026-05-07 12:58:56.712488+00:00
6e4b3c5a-0c58-487e-b9d4-578eb7e5fe73,f2c47d64-6360-4d53-9281-a27fdfddd0e4,96.42,2026-05-10 15:48:07.940308+00:00
6ce31d33-7e07-41c0-a70e-9e1dc6502385,10b949b2-29f7-449a-852c-138b19e40cf3,1135.84,2026-05-15 02:52:41.293810+00:00
1c5557a0-5c04-4778-9b10-410d087856b3,8d21daf1-969e-4946-a25c-33cd194d0f06,1355.71,2026-04-28 08:15:03.166029+00:00
560ad491-5d20-4c56-a825-20c74ec6fd0c,fe7524b5-b378-431c-af63-4ba432e5a497,940.42,2026-05-01 13:14:55.743276+00:00
790930a6-53f5-4c43-aecc-16529415489c,951e50fd-999c-4492-b8cd-bea196e5401e,782.87,2026-05-22 12:23:30.348323+00:00
4c9f99cc-50e2-4627-90db-267d6d16bc6b,99e87b41-f5cd-4c19-8fbf-77a46c929dea,2097.11,2026-05-16 13:57:41.318475+00:00
da1a5a9a-6df3-4640-af63-17503ea08bcc,0e9670c5-0c6b-48fb-8957-1cf21b4e7bfc,1098.63,2026-05-17 01:16:53.597326+00:00
20ef47d6-a948-4240-a87d-d7d36be48e8b,0a4ea0ad-8416-4e68-b2f2-1fc0f5dac3ea,2471.58,2026-05-27 14:56:50.967538+00:00
0271d173-e52d-4b07-9938-b859dcc11b5d,adeb9e46-6982-4767-a6b9-3aba68f12c77,468.56,2026-05-14 12:46:19.595854+00:00
deb11d59-39c0-4020-83d8-9787c81be143,1731ecb8-5e5b-4a39-83d6-7bb4cf71ff95,512.26,2026-05-18 02:41:29.986700+00:00
fbc414df-a6d2-4f3c-955a-425dbbfef60a,e1277d16-57a5-4988-9ed7-ffa89c3e31ba,715.02,2026-05-19 23:23:45.187910+00:00
b9b357d5-bef1-44cf-ac21-8b7a3b5e4ebc,b913e538-9dde-4d1f-9c83-aa03a1aa60ba,437.88,2026-05-21 06:32:25.508199+00:00
2f15ba01-5db5-43df-8cc9-24a7eb495078,9ad81699-fa75-43d9-ae88-e41d02689da0,800.18,2026-05-27 15:22:21.120801+00:00
241b6ca5-1e0c-4390-8c9c-0533a8ddc2a7,3af6ccca-7a27-4467-a327-9a5011786eac,2596.24,2026-05-18 16:16:02.239268+00:00
3f3d2729-3f1b-4389-aa3b-b09b0f94979e,90f44d24-2a01-4244-9b3d-0618f43d7b3b,2757.02,2026-05-26 05:35:11.579968+00:00
6cf12aad-dfa8-4780-942a-45dc1456fad7,324ea2e2-4627-43e6-9325-7cdc273e6793,1052.39,2026-05-30 02:56:55.526689+00:00
04b7e203-173f-44fc-8a29-3537507df54c,1bd8cd78-bf61-46b9-b18b-495e6281cada,939.44,2026-05-24 04:34:52.101603+00:00
681009dd-7355-49f8-991c-ece87c7f0ef9,1c423f5b-47b7-46d1-a3f5-fdba4d1ba80a,918.84,2026-05-28 15:14:22.561042+00:00
6e7af909-745e-45e0-8f3b-3fdbeaa7e8c2,1a83441b-ee0d-4c47-b127-fbd102875968,1080.81,2026-05-28 15:34:28.846430+00:00
adfdcf61-ebb1-4e32-8693-e45746dde0b2,0c602431-3035-4b80-a904-ee972b8b6588,560.92,2026-05-30 09:55:52.654639+00:00
1869ecd8-a743-4e5d-8393-43142ab8527e,73911132-456b-44fe-befd-dd806e807408,2829.58,2026-05-26 07:43:28.519257+00:00
9d978f15-19fd-4e1b-9b9b-5eccdbbda0ab,dc361f1e-0838-4580-84c5-a95b85d8974e,3088.82,2026-05-28 01:10:45.026981+00:00
7caa99ec-41f5-4f8c-a417-468f621e05af,94c4c3b0-c32c-4783-beee-953d641a99d1,1938.32,2026-05-28 07:41:45.530936+00:00
d17d8437-2baf-4621-a047-b1ac7fc40b9a,adb00171-b560-43cf-945c-617cf5b5acbf,1825.42,2026-05-20 18:55:13.431965+00:00
a97087ca-b5d2-4631-b36c-437f687b1538,a88d0d5b-04ac-4d72-9b23-e8e4f1982a42,2924.37,2026-05-29 13:35:17.493578+00:00
ac628491-7394-46b4-8595-e3ea06cd82fa,a364627d-7f85-41ef-b2a7-a256c7fc877f,485.45,2026-05-20 14:09:27.301437+00:00
779a9a67-fd72-45d3-850a-81675b590060,d27a5022-3da1-4911-b165-2b0cc8dc93d6,10.0,2026-05-12 19:44:32.012351+00:00
86cc9569-8c8d-48c2-a76d-1124480f0f4e,303c5876-b5f4-4027-8c17-2ec666d7ed45,4564.47,2026-05-13 01:15:42.512477+00:00
ccf4dc56-b67f-46d3-a3e7-1f59d25e4385,260269b3-3922-4838-9469-3d09186ceb12,526.78,2026-05-15 03:40:06.012190+00:00
9984047a-e5ba-4455-909a-5ded286b7afe,abadba12-a967-4ffd-a464-21e46f220416,3974.82,2026-05-30 03:57:38.688652+00:00
5ae617cd-b665-4103-b928-b1622e3b5026,91850b5e-930c-4741-b39d-e7008b9a682c,1478.55,2026-05-25 01:16:18.220403+00:00
8085226e-65bb-4d28-8e3d-ce8d58637f12,62411951-f6d8-4dbb-a071-5c3a6279e72c,1721.47,2026-05-26 09:27:58.410234+00:00
c08ab920-0947-4bba-9722-942b60a26a69,c9818f96-96e7-41ca-be17-0d0ccc119447,1311.63,2026-05-28 20:21:42.989429+00:00
5c23c0ae-200e-4716-b5b9-5aa81b3f2c93,ab8f9384-e26f-41d7-aec2-f7cd2ab68a8c,260.84,2026-05-01 13:16:37.409510+00:00
8af56c6d-1fc2-4886-8f8f-2e46a5e94f6d,44c47560-e043-45d0-abe1-8388d03b3602,154.84,2026-05-16 22:40:22.020890+00:00
82a54dd0-a893-43a1-8e6a-1002ef2c219f,220fbbec-4d07-49a5-a4de-3140bf6a5fb7,538.42,2026-05-20 18:35:44.237511+00:00
7cd8f707-6b40-4b96-9ea6-494469cb64e3,1b89f05c-dde5-48fc-8db6-0510e619d02f,448.82,2026-05-26 02:04:50.877564+00:00
ae218ed6-c3cc-433e-8176-1568067c8776,831f25d5-73be-4795-9868-254bb4ff6c07,492.9,2026-05-26 21:24:25.731005+00:00
a364e293-6e47-48a3-88ef-7b366673e41c,698a7775-3569-4181-862d-4bb1898c90ac,4456.93,2026-05-18 16:49:09.053677+00:00
7d14e8bd-af5c-46bd-af26-8f6d1190bd0d,00185fd4-263a-4d5f-9d81-2f43ebb50eb5,2679.4,2026-05-19 05:37:27.687053+00:00
55fbe904-a493-457d-9308-8929217f2fa3,b640a765-d871-4044-8405-68252d491f3f,1616.08,2026-05-03 01:47:06.594499+00:00
8d0cb25b-acd6-4503-ab1b-fd16564862e8,c509c0d3-edea-4bf7-be83-31da6f00fb46,2662.4,2026-05-07 17:43:58.368921+00:00
a331bf7e-3fb3-4852-9e77-2a43749284b7,e298bb83-5e16-4927-b427-e7b75efdd604,4507.03,2026-05-31 19:35:05.501721+00:00
2dac2b5f-0451-4176-9baf-c0c7c479559c,77f0acc5-b763-4c89-ae4b-598c79c7ad19,3415.01,2026-04-14 10:32:25.206008+00:00
913891ac-ea8b-46e2-9bb3-7fa3c08a7308,c580fe52-a628-4443-877b-2b5bf890eaf2,2935.38,2026-04-30 01:43:12.829975+00:00
10d1da7c-44a0-4594-b4b8-41fb8de46e37,d672ed04-60e2-4fc3-a8de-b2007903b9f0,2539.76,2026-05-29 03:19:02.390842+00:00
3e0976a9-5c29-499c-ac02-8700662fbfc8,1bfdcebb-5579-4d9c-90fc-deb1b7b0da33,3995.25,2026-05-15 09:58:24.069390+00:00
099d73af-2af6-4f60-940b-94e1d28e0104,cd106be7-1b76-4894-85e6-d89f3760cde8,1019.2,2026-03-19 05:50:22.262966+00:00
a21e72b4-1daf-4463-a471-bb5593ad7246,0b6cad16-e8bd-4836-9c72-ba7bfb26ad98,3056.32,2026-04-14 19:56:00.765124+00:00
645b3e40-c4f7-42d9-9cab-6b24e951295b,0899cc00-2466-46d2-8803-0efd145200d4,1708.45,2026-04-19 07:20:37.036077+00:00
ffc95b94-ca54-4b9a-9b6a-7210b0b4ce6a,b150bd62-24d3-4033-b9ea-ac7bb0f8f6ef,2943.51,2026-04-20 04:50:04.302532+00:00
02ec5b1d-b08b-4ea1-9db4-c8e28f60fc5e,23bdd5ed-09f4-40d2-886c-26d6b014aaed,3304.21,2026-05-13 16:51:31.673412+00:00
5b717d6b-6ef4-4c07-912e-d6576397e9ed,7afee499-35be-4329-8b2d-39fc09c40713,127.16,2026-04-05 01:30:47.529269+00:00
a59c4dea-e871-4b83-aa06-31aff500b568,a99abe26-02ef-471a-8dd5-652da20e2a0a,3871.54,2026-05-18 00:21:57.570246+00:00
0c395202-4367-43ac-b54b-1dfe5e579123,ce336e28-2659-40f0-99aa-18e47189bcc0,4530.3,2026-05-23 05:38:12.396291+00:00
ed32fe32-6837-4e54-9d9c-64f064ed7ddb,5d745e16-9c6c-4950-87c7-3143828e59d5,10.0,2026-04-03 02:28:15.114362+00:00
d86d869c-6e0a-40ee-8d1c-874df7e2c512,d0639ea1-c767-44a7-add8-740ef379d504,543.09,2026-04-08 04:35:54.767590+00:00
3f355ae7-05da-4f70-b913-bf30599f911a,17960c0b-074d-453a-8e90-734b36ad2270,771.7,2026-04-15 10:07:17.718360+00:00
5d94ca46-ea2b-4d3b-ae45-39b180c2c29b,ad621a94-24cc-484d-8d29-d930d7071016,280.33,2026-05-02 05:21:16.232373+00:00
6ab17fbf-2149-492a-8ee0-b889fd2cdd59,5a09c52d-a4fe-429a-b402-03e33931f179,689.74,2026-05-14 19:01:33.078863+00:00
a267b14f-23e2-4bc2-bcb6-abb06dea42af,87874f11-5b7c-4f2b-ba25-d342877c4011,3484.22,2026-05-10 15:21:01.779672+00:00
02c77c57-ce8d-44c7-bb4a-1079d461e299,6c382da2-bef8-42d6-b698-e4a825be3784,2493.45,2026-05-10 16:59:24.126423+00:00
b713e779-8667-4029-a39d-2883c92cabab,db21bcb9-c932-490a-8d29-0c7195dcddf6,3293.26,2026-05-10 23:55:32.672477+00:00
678f6460-e5f8-404f-a5a8-3cbd7d444d17,7c323650-4e79-4691-affe-7c7547e3dc6b,2788.37,2026-05-22 22:59:34.544694+00:00
a4799919-ccc1-4b7b-b442-a0984b62abe7,9dab8db0-7554-4043-b7d5-fb1ad29583ba,4083.11,2026-05-24 03:57:58.318082+00:00
7acdd5aa-1327-40a4-8a6e-d56feb83c6ea,1927d9d2-4602-414e-a70b-9fb7619f753b,5024.6,2026-05-25 05:14:53.033145+00:00
58932c5e-4ee6-48be-a9dc-86bf0aba5a64,311b2ee0-743d-4ffb-84a5-f9d151271da9,3758.61,2026-05-25 12:51:59.295169+00:00
b4ae97c9-03c3-4098-b0a3-a6e9bc5e85d4,9e35df8d-e82a-4790-9632-4b53d4d10fb4,4202.4,2026-05-30 22:52:31.791923+00:00
a2285b37-b42f-4de3-b1db-689c75e615ab,992e1b67-687c-454c-a0bb-eb66a1286225,9294.93,2026-04-01 13:16:02.564780+00:00
9066eb65-8025-4929-a5d1-93ff707efba8,9b4cba01-b008-40cc-9d7a-6f16aa44bb3e,1979.42,2026-05-09 05:48:33.644117+00:00
cd5a5b37-c6af-4432-8359-6c042163f626,14555fcf-fe3c-47f2-882d-7ab287e569ce,5648.79,2026-05-17 02:14:47.470923+00:00
ced4315d-1de9-405d-99ff-22524ea027e0,1152a1ae-d0e0-4e1d-9338-43dccefacad8,7488.21,2026-05-28 21:01:26.477911+00:00
32856471-f67c-45e1-af09-4a1bb479579a,93db16a3-a584-4034-b581-db64ab1250de,415.38,2026-04-22 04:11:52.391746+00:00
89bda69b-9e4e-4e05-b9e5-1fb273241df8,5ee24115-fb94-43f9-8814-1e0fd0e80d5f,283.28,2026-04-22 08:40:09.294266+00:00
cbdd210c-aac6-467e-a7dc-a3ad20d41017,d22d72d4-e293-46f0-b0bf-9ca34c318aed,332.45,2026-04-22 10:47:04.336403+00:00
5ae05ae3-e790-43ea-96ee-2782bbe7d7a6,abd05052-4c49-42ad-9754-c45407224eb1,3207.45,2026-04-04 11:14:42.588102+00:00
5acd8fe6-9ab8-43e3-a018-e8e04c053dc4,efdb6e72-de71-4852-81d4-4dfd54341527,2029.8,2026-05-10 05:19:09.978863+00:00
fe1a9d89-8609-439d-b2b8-cf07abad6f2a,d8b5ce1c-2982-4da4-a311-1799d101bcf2,2841.83,2026-05-10 16:31:40.125531+00:00
008801a8-f094-48d7-9b18-879d0dbd315e,98de827a-1613-45bf-852e-0626224dc115,1377.8,2026-05-10 19:27:22.615957+00:00
02c30a9f-b015-4f47-80e7-e164b10e3f27,bfb3985f-0051-4930-85a8-79061bec7b7e,1293.41,2026-05-11 01:39:14.645473+00:00
769bd9cd-7c0d-458e-9a72-d344292d54af,ae4fcb08-743c-4542-80ae-76e25f214edd,1651.27,2026-05-11 09:45:49.618818+00:00
f365dd0d-7a72-464f-8f90-514384a20fc6,b4172caf-d4a7-4b8e-af68-1918b7cb7ac4,1220.54,2026-05-29 12:17:47.463438+00:00
b5f56f8e-4794-42b5-bc27-049997573660,d12f8606-215f-4434-84e9-98f54596a657,1713.7,2026-05-29 14:37:20.144997+00:00
868b477e-fc91-4b5d-82cf-e12c00f5089e,55aa91da-9848-448a-bafe-664797e5dae4,999.32,2026-05-31 09:56:36.047921+00:00
66c34dfd-7d3b-4dc9-9d82-c520101091b1,3cc341f3-7613-45ab-96a0-70cfc319939d,1541.64,2026-06-01 00:28:02.927815+00:00
dc4d1257-1ebd-4965-8aaa-71f14fe53340,e99ffd2c-1872-40dc-8d6f-99531979acc4,4159.22,2026-04-27 21:45:44.616475+00:00
d1c82223-5bd5-47d4-a50e-5b29f9ae9a1c,81809369-252d-4f86-9df4-1b055abef1e3,5285.87,2026-04-29 21:37:42.579062+00:00
0da2d55c-72c8-48de-b3dd-1e5636bd3378,4891c910-1b10-44c0-a7e1-16a9c8bddcb4,10.0,2026-05-05 19:34:26.027282+00:00
89a6f233-9d63-4d75-8a1b-50fa0b5cddac,bdf536b5-460f-477a-893a-77ff6166906b,91.3,2026-03-28 19:04:41.538190+00:00
c5198c13-2054-4df3-b0fb-deda855a7b57,b2224065-d0d5-4f67-a4ae-a9838a240820,595.66,2026-04-03 10:35:39.972039+00:00
d7be46c0-83ae-4371-934a-d5f9fdac38c8,362407ae-7bfa-47be-8d95-2599ae045f58,664.96,2026-05-01 14:46:28.705502+00:00
1118299b-c92a-4e3d-81e9-db5aa99501f1,9216ca02-87c8-47f2-ba20-1c7ae3f37675,341.5,2026-05-12 13:58:24.136812+00:00
64524762-7eed-4af9-aaaf-37a10c0a1675,59ee8af1-2a53-4ddf-a1a2-9c7218d4634e,423.2,2026-05-28 02:24:25.154718+00:00
d66a76df-8a4f-464c-94ec-5d3faf386c0f,a9af6e79-9b3e-473f-8305-224d5a221a60,44.4,2026-05-15 15:47:18.500294+00:00
81efe412-c4c8-4c79-a4ed-a4cc0106084e,c43c942e-1dea-4c17-a5ac-359db420c64f,1140.54,2026-05-22 18:50:25.322388+00:00
d3bdd474-4334-4d4c-b4fa-26e6b8628d35,c8fe1db2-d85c-40b9-a068-46a44f8f76ed,6383.15,2026-04-15 04:45:07.991756+00:00
867c8616-c83b-427d-a24b-8d7935e050f8,650df5ee-6b10-466b-a9eb-5afa2f752c6a,2193.11,2026-05-04 11:20:26.505682+00:00
09b7da66-db48-4ab4-adb3-20a8f4a17c3f,270c4796-4d16-41ad-a81c-5a814c20f2a6,6419.35,2026-05-11 20:34:50.469211+00:00
dfd8b7d6-a708-4b6b-8fcc-e0ce678ff6ee,f58ff703-f404-4b36-b63d-d6dac7c0beb6,2115.58,2026-05-24 18:50:02.894998+00:00
1a7b4e41-3883-43ca-b16b-cc439bcfdee1,ed0ae901-a5f4-4221-a72e-21ed22054e29,3841.22,2026-05-26 02:13:21.073217+00:00
2577b1c1-f11d-4fea-8186-c177f14be706,e1a68777-4893-4979-8c52-1a0c77e0c845,3794.84,2026-04-30 04:23:08.700836+00:00
4fcc3de1-db43-4735-9608-4bff76a644f1,08cb4912-d614-4ebd-a725-0cedb2e3d4c6,6309.01,2026-05-08 10:41:25.330738+00:00
82aefb85-0f61-41dc-8d9d-40dbe2b75225,0f48426b-25ee-48e0-b54c-fefb3da1f032,6623.69,2026-05-08 14:02:19.401502+00:00
d3a9f654-b238-4b5f-b5c3-2f05b1b1ce09,79f8dad4-2b7d-4746-8140-d3c509b376fc,5111.35,2026-05-22 04:49:32.374760+00:00
f66e2294-eb03-4762-b461-e6d73cf029f1,95c4a6bc-46d9-4b8b-9d74-dda27fa743af,2706.23,2026-05-06 09:24:50.365831+00:00
1a5f34ba-2c7f-4994-b8e2-bbde598ba6e1,ea343e26-c6d2-4839-9b53-8c7b7c306396,4851.37,2026-05-12 12:14:34.035869+00:00
80b769ce-ac2b-43d1-a911-61a03912cd1b,57fbfa61-57c1-49ed-a7e5-1c4833ccd7ad,6441.06,2026-05-15 06:50:44.925581+00:00
fdca3c6d-3a0a-48c7-b111-5dd12793b4a3,a37cc1a9-4762-4c12-b560-ba912e3b2101,2715.66,2026-05-18 17:54:56.865633+00:00
55e89857-a871-419f-a535-992e384aced1,343a084e-34da-4676-ac70-e01ab06f4f98,4482.92,2026-05-28 20:16:31.889971+00:00
3945740f-d51e-4ee0-b250-88f441279e6f,485e5166-f5dd-4cc5-a8c1-538caba281ce,1258.1,2026-04-07 01:48:30.451610+00:00
6d51e026-3134-4317-ac0b-aaa54650bd32,0daf9329-e03c-4397-94c1-dabcbaafc705,696.9,2026-05-27 02:03:13.427007+00:00
c82f459e-fa51-4781-a174-2a02232100a7,1607e299-1945-432f-b77f-8153260ac205,2656.01,2026-04-16 23:35:56.100571+00:00
8621c87a-37b4-4c0c-8009-6e23a1c0cfda,de8ebf3f-c662-48cc-b84a-06bb13aba6e2,2486.29,2026-05-08 01:12:45.060943+00:00
92e9da07-b140-4a32-b10f-24dca9c04d51,68914715-4f3a-4bfa-88b9-fc120b7b7c58,1246.07,2026-05-31 12:48:35.618961+00:00
0fd3c799-8029-4dff-bff3-699fe927f082,ef1520ef-6a5f-4d9e-8f6a-d0646a6d6269,1935.06,2026-04-16 21:15:45.458881+00:00
3ca2cac6-215a-47b2-a74d-48001e71f57c,7398adf9-bce5-4c03-9c73-e56d59b03c8a,3782.87,2026-04-23 08:45:45.654751+00:00
bcd61eb0-d6ea-4fa0-816d-de71a1c7dbb0,4052f606-e6e8-41fc-9e37-bc9352705fe4,2542.91,2026-04-28 02:22:55.043936+00:00
2764fe08-19be-4199-bfae-be5f52a2cb51,3142d20d-40a8-439d-a2fe-ec1a1925d574,2350.78,2026-05-11 01:16:14.340073+00:00
eecfcd5c-1ecc-4091-862a-0db64c765e86,ca5a35ed-c2d9-41a9-af43-601fee8b7e40,2548.98,2026-04-07 04:24:23.110389+00:00
961f6db0-7cb8-4841-9abe-0521d2d4ccda,8c31e2aa-8893-4160-9c29-44124c219609,10.0,2026-05-21 22:00:30.074127+00:00
71d8a7f1-8be9-4ee9-959f-47a4e20fd74c,c1ea08e4-c3dd-4a92-97bb-e9554dd4422d,3255.41,2026-04-29 11:12:14.295494+00:00
f6103873-df3d-4a3b-9394-2d76587c1b90,b7bafae8-2412-4ce3-8475-46edeb028803,3001.21,2026-05-10 21:19:52.694174+00:00
9c9c226e-a6bf-4d09-bb44-ed97c47aac27,8250fb81-74af-4eef-a495-1ee1253524f9,4090.48,2026-05-18 19:08:40.905536+00:00
84bc1162-ca5e-4e6a-a7b0-650f8477122a,da5ad0b3-ed4d-486f-a72b-11e98387be93,1225.88,2026-04-30 01:40:36.243932+00:00
c6dada2e-bf39-4f4d-9f10-781e3da19654,b83abcbe-783f-4df8-bb48-56040c7f59d2,2957.93,2026-05-14 20:17:14.369475+00:00
17b6d528-fc53-4243-a283-0af638df5dbe,4c95d67a-8f97-438b-abad-00e60cde1b5e,2269.19,2026-05-22 16:48:01.362552+00:00
74233a0c-e78a-49d4-9bf1-7c3935dc7115,0883907f-5421-408e-944a-ed2db38ff663,2276.42,2026-05-16 09:53:21.761644+00:00
66dcf733-0666-4a2f-ac44-8edbde70221f,17ea8f87-6a52-4a4a-95d2-9baa28e34d75,1968.3,2026-04-23 05:36:26.547100+00:00
1a434f0d-788f-4783-bd56-ed4f4f0b3f0a,3ee37339-c192-4149-82ff-c6fa0150e89b,857.95,2026-04-23 05:35:20.749848+00:00
7fd8d2b9-af5e-48b6-94d1-a89979beb0b8,2acfcbac-3a60-4df7-91f6-729e4903c390,1176.09,2026-04-23 05:02:22.072759+00:00
919b8a31-3b37-468c-8547-834cc00f43db,87f57ba1-25d9-4823-915e-f6b560814e40,649.23,2026-04-24 04:38:43.787486+00:00
e7619f4d-8ebd-42b0-b1b4-3b0f0d2765a2,bade66ac-0858-4859-944e-abd85149f9ce,1658.34,2026-05-23 20:34:09.815023+00:00
17e70cc0-e8fc-45df-acb7-6935454ee331,fa226440-d08a-40c5-ad7f-a73de0157fe6,1937.77,2026-05-26 16:09:30.473510+00:00
a1ae74d2-90fe-4ff7-aa09-198205b4b7c8,123c52a6-9e95-4d98-bdb1-22888f2aced9,1736.42,2026-05-28 09:32:28.772121+00:00
a287240e-4e27-4f22-a79d-4d00d71bdd15,ce6cefc1-ab45-48ae-ac08-9f0af9cb54f5,1575.96,2026-05-28 12:57:47.759187+00:00
b3316d12-1741-40f1-9738-8daaf0236822,f26f3c41-527e-4f86-9323-ec057e09ef50,1351.18,2026-05-30 19:53:41.325937+00:00
901cdd1f-19d8-4a1b-b5d0-e1a0fc860345,ed08b214-3ac8-4845-8958-f19b4910c6d6,4205.42,2026-04-27 04:23:31.048869+00:00
96143bc5-c17d-4c71-a17b-5d0978d298c7,11cc62d2-398a-4db7-a803-2f21c18d4c4a,3281.26,2026-04-28 04:13:53.169845+00:00
ecbc64de-dfc5-4b47-a607-65b09318b43f,0a0f92a9-18d0-4ec7-a08e-e6df35da449c,1139.03,2026-04-30 12:28:36.780003+00:00
6a8c0208-65d4-4136-8886-92ff074758a2,ffad4dbd-997a-4294-ad82-4d547d04ffc0,1944.06,2026-05-24 05:33:32.363208+00:00
8d7d9ca3-ff99-4ab1-94ed-f261d1800cb3,e2d0b822-cbf0-4b53-857c-95e1c02168e0,5627.25,2026-05-30 09:28:03.485316+00:00
e0c297fa-7e7d-4dc2-9bc3-e5c611b15027,3b47a787-4f14-49a3-9bb3-b1d8dfe968dc,1504.11,2026-03-28 17:07:51.601573+00:00
90476ad6-db0e-40f4-b50c-79704a96e276,2cde992e-b59d-4366-bde2-bc7909771872,4087.79,2026-05-08 13:33:07.479337+00:00
600f2187-cf96-47b6-b53e-4d414ea8a95b,0a9e522a-866b-48d3-83bf-1b48e26b06b4,2153.61,2026-05-13 23:56:09.389581+00:00
fbc93f9c-f296-44ee-9652-3fe8243f9f1c,f049e3dd-9b30-46b4-83dd-d2eae95cf0b7,1082.46,2026-05-03 07:21:56.600599+00:00
eaf49ed6-b026-455c-ab1f-81ea0afd5f52,595e5784-d6bd-429f-8982-16728a452d16,1408.62,2026-05-19 02:57:01.695226+00:00
bdfcca02-a092-4a72-b647-55dd4903e648,3e70feb4-3416-4a82-a197-4dfa3ddda3aa,431.13,2026-05-02 18:16:29.474640+00:00
59b4ce77-1669-420f-922a-fef0a01dd1dd,ffcd5ab6-73f3-402e-b6f0-95e7d9d68290,133.31,2026-05-13 21:56:00.004160+00:00
03b2d681-2ebb-4912-b2c7-bf7d5bef476a,0d952b0d-baf8-435f-8d29-9e3f0771b2c1,172.51,2026-05-24 14:30:02.636718+00:00
cc6c4de2-9909-4168-8cbd-4d04b43d37bb,d8cd2629-1962-42cd-ba42-76929d55add5,6957.66,2026-05-23 14:47:05.495047+00:00
fc492d01-8e27-4576-a7d4-149d5acee8ff,eae7ff5c-ad42-42ee-9f26-54409f13f95e,1476.22,2026-05-03 03:28:21.201202+00:00
b34b93b7-f9e6-4242-8aa1-7b8e859e1ec1,bd85c85c-5b99-4d38-853f-362394482bc2,2160.68,2026-05-11 18:37:31.652357+00:00
55754412-e24a-424c-9d0b-f788f992b483,2239946c-ecbf-41a5-b572-44ce2d6d2e08,727.5,2026-05-22 05:19:05.974491+00:00
ec54d062-71f0-41b7-9df9-05359aaea127,2cbc83b2-bab6-429a-ae62-ed524d003b86,730.19,2026-05-28 13:50:00.013842+00:00
fedaca21-c15c-41d3-a47c-15f031eb2280,0849d23a-3598-44f2-b34c-3bf1a6d5016b,596.02,2026-05-17 13:58:11.938478+00:00
a9818b02-6c81-42ad-82f0-33f828da75ce,29a69878-ec29-4bad-b016-0f83224cb9e6,3628.04,2026-04-30 02:16:34.086312+00:00
4d01adf6-066a-4dd3-8409-965a3a5ae849,e570f7bc-6a48-4c2d-b200-506b1a85248d,2863.59,2026-04-30 09:48:26.157719+00:00
4944f4d0-72d3-44fa-a284-d097cefe2f7c,aae54862-c0e6-4cbe-8081-b76cc794d849,1228.93,2026-03-11 19:16:55.110236+00:00
4c5153fb-3b16-4a71-bd52-4238ef2e1daa,913f6a11-aee0-461b-ac50-55a8136bb08f,507.73,2026-04-28 18:56:16.357666+00:00
45e614bd-1d71-48b6-b7f3-c14a566c71b1,45c2db29-2276-47e8-b2cf-0a6019f3d899,423.04,2026-05-28 14:43:23.017980+00:00
d7e9fcc6-a132-4bda-91b0-6646a40bfea7,67239dbf-356f-4f63-b8f0-dd1f29c3c099,4717.06,2026-03-28 05:58:22.982800+00:00
9535372c-fb07-48a3-9c44-6247070f6ff0,a0c02bec-39fc-4e4c-ab34-fae5d208e464,3010.37,2026-03-30 00:37:33.887951+00:00
72f8a5ba-3fa7-4e8b-966f-cd542d447b65,bb222ae5-4ec1-4799-b607-0aca03e3a8c8,3357.01,2026-03-30 04:25:10.050820+00:00
5dbf7be0-ec83-478c-948d-07a839a1e166,bb433245-f011-4381-b2dd-9b998d67a8dd,1350.72,2026-03-30 05:46:27.767912+00:00
4ded66d6-14b5-4b2c-9a27-3ea6c4974d9d,2e76f5cc-3971-4ba1-a60d-6b344473c98b,1123.26,2026-05-29 09:50:03.555631+00:00
df01d5a2-1fc7-40e5-9698-54d7269ef2a7,1c6886dd-1998-47e9-b61f-30bb889695ad,1837.29,2026-05-29 11:58:01.370246+00:00
dec92361-a043-4e22-b815-914a764a079a,d1fd9f7b-5cc3-4f9b-b3b9-9eebc375a2b2,84.0,2026-05-29 15:42:43.826405+00:00
c0859116-356c-42da-84bc-b3c33828b6d6,6db19568-81e9-484f-9a61-e24cf50ed786,1753.55,2026-05-29 21:30:34.044840+00:00
b537e432-a759-4fd0-a88a-4baebc574b29,c9a6726c-f0be-4bf0-b38a-2e376f2ae935,2910.14,2026-05-29 23:08:43.103771+00:00
a5eade03-fc3b-4b91-983a-ebaef7d128e2,61ea131a-24e8-4fa6-b893-6c9bc5fb5653,2848.09,2026-04-19 13:38:04.642227+00:00
71e78449-0867-4585-ac33-7c12e47d878c,0026afee-87f3-4925-b4b5-61cb67a45d3a,5172.74,2026-05-07 01:45:18.567802+00:00
51270c1a-2edd-4398-a371-757957f3b1eb,1f35d3de-4a6a-45b2-8595-eed6f8ebfe0f,1504.29,2026-05-15 12:51:54.650778+00:00
e8a9c37d-6f02-4291-a0ff-de8d873b705c,b244c754-8a87-4f07-b04c-ea60246db665,2525.64,2026-04-20 19:07:05.268412+00:00
ece6285f-560e-4d08-873b-47bf0f0a8082,29c25843-a120-4d34-8d11-5a0cf07b6b18,3264.39,2026-04-27 20:54:03.266188+00:00
82fceee1-99d0-448b-a68a-ec15e6cecb8d,f75cd61f-e3d2-454b-9a93-3513cf8a155d,2515.76,2026-05-06 14:40:40.697303+00:00
6a8eb20c-11f6-47b1-9c53-5c765f9a53ed,6b6b6bea-a1f2-4257-a88d-e45875c4d241,3188.73,2026-05-07 06:40:43.451810+00:00
a964ebdd-9175-45af-8e5a-bb9f1cedefbe,2e5702fe-bb2b-4bf6-b4d0-b7db7449d9a2,3446.7,2026-05-28 08:37:36.073165+00:00
aa0a54d2-6f3a-428c-8d44-d7a6d653a9a6,6301bbeb-e7e7-4232-a536-d6ef8f9151a4,402.12,2026-04-08 02:43:15.244897+00:00
38ec41ea-6b47-4771-befd-8abbba3f1696,d58a48f4-3774-43b5-b750-f82abe351100,352.54,2026-04-11 21:30:53.227449+00:00
41994713-bd41-4279-8dd7-943b43c245c8,76f7e95c-5f98-41a5-bb0c-e9aa8c516ef9,291.37,2026-05-04 20:18:48.498513+00:00
a47cb26d-bff5-48d9-bba2-3d618376a1cc,de973dbc-d322-47a3-be75-810a94f80787,744.61,2026-05-25 14:26:57.122042+00:00
57f3a389-4c38-4b1f-8dc0-e9c51bfa1978,41307514-d50c-477e-9864-4e1ecced5dbd,152.41,2026-05-27 13:02:51.639022+00:00
706300f8-f7ad-4a09-9c86-8aade5f381ec,f9ef7b7a-e6ed-42dc-8e99-5cf587eddfbd,1927.58,2026-05-03 22:20:00.642377+00:00
ff26f82c-926c-40c2-b36c-bf2db4a4a615,d2a14a79-b461-4e20-8559-1dfc1e77e3b2,10.0,2026-05-17 16:54:51.285362+00:00
b2212a71-e414-4e36-b7ac-2e07f42d5c6e,c4dd2bd0-bda5-44e2-83e3-f076b7e37267,390.35,2026-04-13 16:15:27.826270+00:00
a00ea9aa-ee8f-474f-b933-3e42339b2d03,ddcf1d81-6666-4aec-9266-f8cb669bfc6f,1224.37,2026-04-17 08:44:50.023725+00:00
52ef533c-861a-4eb8-af36-bf02cb810fcf,9727672b-f001-4fe8-b050-bc734ab55033,650.75,2026-04-26 00:28:58.104707+00:00
275f764d-02c5-43ee-bb28-2356345b940a,08c5e551-661a-482a-90b4-2209bc4d609f,655.12,2026-04-30 10:43:08.555625+00:00
f5270c31-d25f-42dd-bfb0-86c708ad4fb9,f48db752-e389-4f0e-a77f-13151d2d4196,976.02,2026-05-03 00:42:46.965189+00:00
b13ab296-cf4e-4eeb-8cd1-14555cac4f78,2b3e540a-a6a4-4dde-b3e3-37bc9ab0de4d,6696.95,2026-04-13 15:49:04.174552+00:00
1f71126f-8d52-437f-a448-9556fc81ac19,3ad4ece3-61bd-4e29-93b8-2851793ef1d0,4134.11,2026-05-23 15:11:22.623637+00:00
40dfe582-4685-4523-96c2-5da6e33ac3e1,47e641c4-caca-498f-b796-3ec10c520601,1046.6,2026-04-09 08:48:43.054668+00:00
6caf8945-36ec-418f-8d32-c8abb44693d3,83a413bc-be07-4565-9e23-b78e8322a5f4,860.23,2026-04-17 23:54:08.798392+00:00
d6425804-6ed7-4611-b439-be05c835febd,31b58fc7-278c-42e7-9ca5-7089f7ab7184,666.27,2026-04-25 14:10:03.900493+00:00
899b9c66-18e0-4954-9a60-c4149287264d,f2cea7db-fbb9-46a3-8573-0fbbc3406620,814.3,2026-05-29 23:08:40.457610+00:00
ea86b100-00ff-4215-8c44-5819734decfe,32bf5eb6-04b3-47c5-b270-f2108415fbae,1081.65,2026-05-20 08:57:29.770697+00:00
d0126c8c-e4ad-462e-a370-8c6584bd82e8,4b9ee517-5dfe-42d3-a3ca-ba8cd8e52bb3,893.74,2026-05-24 17:04:05.534330+00:00
6d218f94-9482-4a7c-b259-6390471dc044,2049cb38-ee2f-4863-a87c-0306d997ba20,1293.15,2026-05-26 15:28:42.151433+00:00
e0f0cf74-8def-4b41-8bdf-46578868dcb0,098f79a0-6254-4335-8146-acfa2a444d6c,1762.64,2026-05-02 02:31:40.000002+00:00
8fb2b745-ebff-46e7-8d44-34c25beebb29,61dd4b01-c749-470b-a848-bb98f5d3dc79,920.86,2026-05-11 04:08:31.224840+00:00
dfb635c7-d16e-4cdb-b26d-3305d59429f4,a2e5e280-402a-4b50-a900-6028ece9864c,1507.2,2026-05-12 05:06:07.543485+00:00
e01311ac-26ac-46e3-aa77-e893092d63d5,8b28cc64-c252-4baa-90bc-356291108f38,1701.85,2026-05-15 13:50:55.491394+00:00
effc5fb6-bf37-4461-b27e-04d21eb6e9e8,1db57198-3a01-4c55-83a7-e849574b635a,1240.3,2026-05-26 05:18:08.494987+00:00
111e3504-7644-41dc-bc8d-17402f976e79,10a85f5a-5f0e-456f-aefd-8cf29ab2d0bd,1290.26,2026-05-29 00:46:42.590229+00:00
4a2d06e6-ffd2-4302-830c-bad991b2abe6,cedeca6e-81a0-43f1-8f87-fbe124af7ba7,3535.95,2026-05-29 17:40:11.262417+00:00
1e1fdb95-89e8-4ace-96b9-a3592f5a49d4,4f05aeaf-b8ae-4c97-85dc-fd50593664b9,2724.96,2026-03-26 04:37:44.602141+00:00
467580a4-488a-4fdd-b5d3-83cd308d1586,9761edc3-6ffe-4702-bc41-f25ad6b84eb7,1232.66,2026-04-03 12:15:25.506534+00:00
dec41b37-128a-45aa-98fe-30025e9ac00c,006ae5de-b34a-45e2-9d19-d4f4c1d6c090,1435.46,2026-04-27 00:24:37.316365+00:00
b4186069-a10f-49f1-8a74-2d6225dfb7b9,1fcddee7-c6fe-4cf3-9c96-b320a30cbc54,10.0,2026-05-13 13:49:55.076502+00:00
def7febf-6f0a-4dbb-86d8-2d02cc1e9836,7a078a28-3d2b-456f-8863-dea95b566c93,442.41,2026-05-29 00:01:05.145145+00:00
ece8f319-4cf5-412a-8a0c-2f7ee8bde06e,4e0cdc51-f5be-46e4-9fb0-0126c0c60a98,3883.78,2026-05-29 08:43:12.493364+00:00
13b2b058-f8b6-4edc-a5a6-a5958d21215a,70606926-4e2b-459c-9e83-417525aa0af6,1522.3,2026-05-02 23:08:27.420239+00:00
175d6afe-7e87-4ee2-948a-be59205281f0,26af5666-f879-425b-a766-a49b7558478a,1400.54,2026-05-04 14:16:11.253961+00:00
6e736571-3689-404a-a685-2607639d34d3,1d9bc98e-97b5-4e12-add6-03e25824db49,828.5,2026-05-19 18:07:07.020372+00:00
5bd6368f-d322-46ac-b875-5f1d208dc5b3,15a84f6d-9168-4a2e-8757-88a52908d697,740.54,2026-05-21 09:05:37.679048+00:00
5a5df2e2-b476-4edd-bed9-881040a70908,dcac2840-817f-4c93-983d-69c7cc52421e,3461.93,2026-05-23 02:45:02.993401+00:00
a92b20cb-9236-4d85-be49-0e4f7065d64f,7c4b6689-762f-42ce-b5b5-55d3ff01b27d,1416.69,2026-04-25 15:07:33.020431+00:00
09bd1658-6c2d-40a3-8060-3d13b1f02c00,bb0d9bfd-fd55-44c9-8f80-0d83f8a5c6ab,3693.93,2026-05-06 05:24:33.542391+00:00
504b45b3-3146-4821-a6bd-eb57125d211d,f6b4c93f-2faa-4736-9673-76570141582a,2934.73,2026-05-10 22:31:57.943348+00:00
e3abf0aa-e15d-486e-b5e3-f41f5e288fad,0c187f06-8fe0-4e48-a874-d920d8e15ec3,822.19,2026-04-29 22:16:02.742026+00:00
e03bfd5d-5ea3-4ba7-89e4-f3a09935494d,a15d73fd-f5f8-4eb6-9414-c09365787ce4,1535.29,2026-05-11 10:40:58.900195+00:00
9db91e3c-fd8c-4a27-b478-07bb57d6e238,5b49cdfe-d222-4243-a7fb-02443b97d6eb,1037.35,2026-05-29 15:12:39.236208+00:00
b6483f37-c5fb-471b-86dc-0ad6790dda2e,dc5027c5-dede-428a-935d-00e9eeac0096,4255.08,2026-03-21 02:08:35.400593+00:00
d2399edc-8af5-4d80-96aa-810fa92f0d5e,53f523cf-f8e5-4448-a4fc-9a98cfbce553,6180.8,2026-03-22 01:48:23.016125+00:00
6577d8b7-c756-4ec5-a71c-3e1ee8c87ff4,6f443b86-5152-48cd-971b-1c6672c52ec9,3180.11,2026-04-05 11:37:09.069013+00:00
2f2084c7-f28a-4e4d-a61f-4edc0611423c,22590850-3a61-4927-86f5-5b4a7f01122f,3267.41,2026-04-15 23:40:08.623501+00:00
358f3eca-9f20-427c-b8f5-b5b6a47dd2f2,a9b5f35d-4476-42ba-9340-f6f05d690d87,4535.4,2026-05-19 21:53:32.293050+00:00
8fc89a9c-f40d-4dd3-8328-22700d9fced3,5c350724-308c-4b3f-918f-45582f2d7938,1438.1,2026-05-07 23:44:46.922270+00:00
53711fb5-7933-49e0-8b6b-9b4e74afe7ff,c9b0b2e8-9ae0-4fb0-9428-ca06853fdd3b,2916.44,2026-05-08 06:09:04.362163+00:00
dc020f1e-e4af-4753-8ac4-5a3b86eb851d,e6e70be9-d8a0-4e1f-a92e-c720b35021dd,1442.19,2026-04-19 19:08:19.915372+00:00
21b4ca4c-9081-47d2-8066-bbcde59a21b8,368eec69-6e16-4a8f-81b2-e31d14745538,1251.52,2026-05-13 04:38:24.427708+00:00
22d3bebe-c8e1-4c51-b9e1-18aa314698e7,da91c064-7c13-4dcc-b01a-fdea57b52473,879.02,2026-05-02 01:44:54.419003+00:00
2983b6db-9b4c-446f-bc8a-d99bc0d775d5,0ca24e22-cca3-454e-b173-a71d6f881c10,769.82,2026-05-03 13:52:15.259541+00:00
42b53f9c-5c9b-48d8-a1d3-2a2c81be51d2,6ed37245-5695-454b-bbd4-e51cb4b2fe31,460.68,2026-05-15 16:20:38.417564+00:00
6f4ae474-5e8e-4178-a111-39a3774e3b24,139504eb-889a-4209-8c70-81738d1eaf3b,3297.7,2026-05-26 10:35:37.364085+00:00
877c6a4e-b7f9-4d05-a87c-e964a13ae2d3,47a5e1ab-ecac-400e-b3e7-5c0f71a25624,3380.32,2026-05-15 19:50:17.774118+00:00
05562d77-af91-4f3b-8adf-64cf25afac83,66893f3d-7b6e-4d6a-823f-c59b92b64d44,3447.54,2026-05-28 23:24:00.987956+00:00
1a0a141c-f2d7-49f2-8dc6-25263cec4bad,9175b08d-18d0-402b-ae5a-d958603cf2bf,2812.04,2026-05-29 03:53:03.849052+00:00
cc517531-7983-4f01-a69b-3741e2dd85c4,2b5dadcb-e6fd-447c-9577-096524791915,1334.84,2026-05-30 00:54:59.189769+00:00
fdf08f58-b649-403d-a777-0845389c1ea0,f503b6e6-d704-4ae8-8e27-3ba8b6ff0343,2554.29,2026-05-30 17:05:11.547554+00:00
ec3499cf-0c43-44af-9f6d-dc6611376a7a,49d5512c-c220-4b73-a34b-e3844a9f50fb,2055.61,2026-05-31 16:14:25.833272+00:00
991c222a-1f48-425f-b93a-957efe6dcf89,88c3e5be-b857-445b-b1da-70faba855e1b,708.58,2026-05-30 20:55:17.770503+00:00
94982b00-cfe0-40a4-b2f7-f9bbe0bfb620,d11b446f-965f-4fa7-a430-0bef2f3ef199,2063.17,2026-05-30 23:57:29.821204+00:00
305c0181-8c0f-4caf-a639-fa3be14cbd71,4a4a28f2-89ec-4f50-8178-e8e87d0c26d6,1954.12,2026-05-31 10:36:42.642676+00:00
7aeba66c-69fc-4311-999e-a23aa8b56afa,b5d584da-f680-4909-b358-1463d857030a,2932.15,2026-05-31 19:46:08.768226+00:00
dd398d64-4633-4cf7-b028-856e6600f06c,61c3759a-f4b7-45ac-a7b1-c268145873e5,2203.08,2026-05-28 05:04:04.960340+00:00
204e03eb-b4c2-4d4c-9a8f-2921a3e74a6e,4bb68058-cedb-4463-b948-f5c6bfc3fdb8,1562.0,2026-05-28 19:35:26.921339+00:00
636bf414-5dec-4f17-97a6-05e21360d089,aa49fe95-4bf6-49af-8203-f567b306d676,2229.13,2026-05-29 06:24:39.933014+00:00
a73570c6-82fd-4a80-987d-f602f448899e,bcbd2fa7-10ee-4db8-ac7b-7b90eb00adbf,1077.12,2026-05-29 07:19:55.133044+00:00
4676c142-e1c1-4d0a-870a-395de4ebff8f,6039f260-61c4-43a1-aa48-f27e6b203598,2347.51,2026-05-31 21:54:38.621283+00:00
cad75ab5-07b6-48be-9498-b81836d78e61,39b8ac65-b5c6-4c39-a3ab-5de84060e372,3468.12,2026-05-27 09:32:40.328509+00:00
f284b86e-f730-4826-9842-ed4cb59c6e97,dd002e28-9e2e-453a-9c76-8249431af6a2,1711.88,2026-05-27 07:59:24.122126+00:00
dd69ba67-9703-49b7-9189-59fe6de479ac,0e7ff476-bdd4-4b65-90a2-ac666d0f0afb,4167.48,2026-05-29 06:15:34.045213+00:00
4653a14c-f01c-4743-b447-d9cc459695a5,55e93a8c-e721-4a69-9329-98f429592839,1137.6,2026-06-01 00:08:12.718963+00:00
6f258789-fb7b-4f22-b9de-32150089fb81,3068fc59-d2d5-462a-97d4-f2b61d6e5d0e,3250.23,2026-05-26 21:12:38.381573+00:00
e65891c3-132a-437c-8d90-34cccfa765fc,56e539c9-ba78-4592-a42c-8598ed78bea5,3693.69,2026-05-26 20:49:05.795720+00:00
24eecdd0-dbc2-4879-86d1-4114a0dbf505,52b319f0-938f-4a3c-b494-29da77064fc9,4524.56,2026-05-27 11:24:45.272654+00:00
855096c9-ab0c-4d54-8caa-7c6c5111e0b8,4e511dba-7995-4cce-8801-0d6aa82edbd3,2810.26,2026-05-27 21:18:53.361032+00:00
47bb0182-1387-4c30-9db0-3b3eee86141a,3631ae60-4565-41a6-835f-f6efafa47925,4399.55,2026-05-31 18:20:15.514386+00:00
f95d4a40-4975-4360-bf95-3125ffec821a,25c70315-c263-4149-968b-6534867c5f29,3056.43,2026-04-12 06:50:31.870940+00:00
5bba1bf9-2ad4-432b-a2fe-979e6af70280,7063d734-f71f-4cd0-9473-a88bf63c758e,5406.42,2026-04-25 11:03:10.659875+00:00
a006e57f-b7b5-4442-a62c-f642214507ff,e9685f76-4089-43fc-885b-a6a7d69ed3fb,3274.45,2026-04-26 00:21:17.597049+00:00
6fabb795-8389-4c9d-8120-81d095ac6f33,f6b6d6ed-4ec5-4e1c-8827-83c8e49b6192,3452.32,2026-04-29 16:05:55.736889+00:00
e285591b-01d6-4f54-9aeb-6a84ce540716,8bebbc13-8864-4a21-bb6c-e034b99e6846,415.95,2026-05-22 19:00:16.229465+00:00
8a2e5435-004b-463b-a05b-ab32357a12b6,785c6403-831a-4047-9b36-6771bb39250e,1864.78,2026-04-24 03:54:14.730658+00:00
ef9cc919-5657-48a0-8691-f6f469b205b6,fe52f578-d8f8-41d5-8ed7-5b4cddf9103e,406.06,2026-05-17 23:18:52.252785+00:00
bb62b9ba-e27a-446e-b6c6-1a690a8a99eb,93644f79-bf59-4798-ac76-f6a55a13cd2f,5355.06,2026-05-04 13:43:37.704075+00:00
de0f3406-5fe7-4598-bf94-8af8cc4977d2,34a141af-83a1-429b-9df0-4f63e6f0f495,179.34,2026-04-18 05:29:10.951769+00:00
3516d7d2-dd14-4c0f-86db-1dc4c049c698,11d2f7e2-ce19-4b41-a606-ad729da1e7ff,630.08,2026-04-25 14:32:53.091317+00:00
45dcc51a-c2a8-427f-b6fd-53b284676463,1e92e0e5-7ec7-478f-b9fb-5a4742f34e24,802.54,2026-05-17 09:44:58.832839+00:00
88f2840f-a2f6-4abe-ae5b-d89849fcdc5f,b8c87d7f-5d9c-47bd-8959-0e9121ae8d88,594.31,2026-05-29 00:54:31.029524+00:00
300be920-29fc-4e72-bcd3-015ba268c00e,3d034cde-c19a-4485-a26f-2d93c2e6a576,5829.51,2026-05-09 21:23:17.700802+00:00
94d820ab-b230-45d6-9660-2b29f413857a,a62b7594-49de-44de-b275-51ca0a8c9e02,4858.17,2026-05-17 22:27:53.789774+00:00
8d7b4137-8b79-4971-8e4d-eb139d960c5e,1bce0080-a9e6-4d31-8dae-639a6e14156c,1420.07,2026-05-11 01:42:36.979649+00:00
de480197-f1ff-4be9-8c49-0f43417fdea8,46d6dc2b-aea5-4e04-b29e-771482ecc7df,1507.21,2026-05-10 08:06:19.455033+00:00
86397035-98ed-49fc-b2ab-6f0825aa80db,d048921a-c29b-4fd1-bf86-befba82e3846,1359.68,2026-05-05 06:25:01.511938+00:00
f51e6899-1220-42b3-b220-d62d057117bd,bccfa662-d792-4642-839d-d2fa5d748fc8,2066.29,2026-05-06 02:44:54.428671+00:00
447423a8-5dc4-48ed-a925-f766a4ce0912,f7fb26f7-0250-4807-ab21-e492aaf9c93d,2905.16,2026-05-06 04:58:39.382194+00:00
9f832e93-4f0f-432b-9804-552bac5e4024,fe77342f-f8b2-4494-8dba-dcfb6069b826,560.69,2026-05-26 21:59:45.965414+00:00
9523100d-de97-4c1c-b9ca-1f8ce7d1d4b9,129b36f0-b3b6-4607-a443-f8dca8e1f841,843.84,2026-05-27 17:03:12.857753+00:00
96a18adf-f9a3-49db-a11e-d8882d9c2969,94bdae43-aeb2-4cd1-b695-f7380b3fd639,653.09,2026-05-29 06:15:14.591342+00:00
2dde14b3-bc58-4641-b3ed-ccbfe9bb15b2,f2012d69-2e37-4ed9-bdb6-8c4c269ef8a1,627.65,2026-05-29 22:50:14.951778+00:00
93b7faef-cd50-494e-9940-1722bd476530,2353dc45-2d86-4fcc-98dd-67f8a4ca1f0c,81.45,2026-05-31 05:16:04.879695+00:00
dad132c6-0777-4224-8d9d-92d930499e7a,0ae75646-0ab7-4a16-840a-1f140b608a1a,1848.99,2026-05-30 05:18:15.290740+00:00
9263278e-e386-45e0-9b84-e6c11ae3268e,f70ffd0e-603f-4456-b94b-6328157d40ec,1132.24,2026-05-31 03:24:36.347372+00:00
a7c5d5c7-fcf9-43de-b8c7-d81c951fe1ae,406f82c7-f4e8-4223-97f8-6eb11ba15a50,1494.75,2026-05-31 16:39:57.250342+00:00
24cfdde1-c0a3-4903-b7e2-19a965086652,ba714cdb-8b85-49de-8b33-f9ab17d55fb9,1606.19,2026-05-31 19:08:52.296520+00:00
a2a65b80-4a81-40f2-b301-d0a6f42a7ea9,3de1a4ed-83ad-4f2b-b839-85c93751da4d,2882.62,2026-04-21 16:39:09.906480+00:00
60593b97-d1a6-4b9e-a19e-ac29238ec834,ea5de6c5-6dbb-4738-ad78-1491559df4ae,2479.3,2026-04-25 19:03:46.730639+00:00
8f956281-990d-4b84-8ea5-59153697ef21,67ed4d2c-4846-4e5c-b852-5966b85190d8,545.64,2026-05-17 04:43:29.072729+00:00
b3a8956a-ce35-47dd-95e4-df5ac41c6177,d2dca53c-7df9-4b77-a95a-9a3803735e2f,456.9,2026-05-23 12:24:11.094629+00:00
d80b3a5e-7941-4c00-88c8-3d3a65f0603e,b5a4b42b-70b2-4119-b176-393b2d3ffe9f,684.78,2026-05-28 01:50:54.234088+00:00
0fd5c536-368d-4d3b-b343-f3fdceb8e445,7564b15e-3f97-4ca4-b239-5fe20975071d,2065.48,2026-04-17 06:33:46.327585+00:00
216fccb5-65db-4c86-8a04-47ace175ef71,fcb41e63-147a-40e0-bbf8-7dd439c49d07,3126.45,2026-04-18 13:40:02.014576+00:00
7cc05ba0-180d-491b-bf8c-6bfc11662ffe,6ca31522-66de-46fd-99bf-8e1e282fdf85,3219.39,2026-04-30 21:08:49.853393+00:00
5b3b66fa-0097-429e-aeb7-a771b3991e9e,5c4db010-895f-4b94-95b4-3778de257893,3151.75,2026-05-24 23:55:16.031397+00:00
da80b909-47ca-4f30-a07d-1b419e603cb4,054c0e3c-c004-454f-a3b9-df0deb4ade7f,3698.87,2026-05-01 06:02:58.010096+00:00
f484cd1c-0ccd-4e35-baca-85075a5f18e3,4fc5a4a1-9879-4197-9719-f96a2ac2d46a,10.0,2026-05-25 18:28:26.266083+00:00
f3d3d017-6803-42e8-9999-3bba468d9058,a08ad729-ea98-4328-8ed3-456ea38df3dd,2347.38,2026-05-31 13:46:24.042239+00:00
738f32a3-32bc-40be-ad6e-3d18cce61a98,686737f3-5a3a-4916-ab84-9ee801eb2a3b,2956.25,2026-04-11 20:36:13.777345+00:00
646050b5-2945-4e54-93db-c5b582812439,72bd3355-5e99-4c64-a414-e1735c2d9cd6,3875.5,2026-04-19 16:38:11.692075+00:00
45521f34-ccd2-4500-afde-8fdc2c78f5a9,c8bb79b5-bf11-4512-b348-bec9446b4612,1125.35,2026-05-10 13:33:55.809770+00:00
773ebfea-6813-43c4-846a-05ee94ee3ebc,4064ab22-64df-4cc5-9f4f-8e80f6a62c8c,2124.19,2026-05-27 20:20:51.406547+00:00
b9dd3542-66f1-4773-a73b-0031772823cb,57c0cc2d-19d2-4a10-b984-8de14391da73,3684.06,2026-05-29 15:16:46.491129+00:00
4e471eb8-2eb6-4e29-bf4e-2364cc068d8c,1638caa6-be4a-4629-9e1e-2332a2a6b178,342.38,2026-04-30 06:17:28.874001+00:00
2ada4212-ff95-409c-969c-eef40bdddcc0,65fcec00-419a-4e80-980c-eb019ef96e1f,1438.01,2026-05-26 12:52:12.616058+00:00
b1812086-8493-49e2-b4a8-dbea539c16ff,75f6682e-f0b2-454e-b2f9-699a44f9bbb4,3453.84,2026-05-30 02:57:21.813433+00:00
35106a96-aab6-4905-9172-d6cf8bcaea87,ba58e0e8-0cc5-427a-8a88-6b340c611fe9,3735.67,2026-05-31 08:54:09.060747+00:00
4f1805cd-cd6c-4468-92ba-0e9b14a18780,1162ba35-c86c-4f97-887b-9a211f223d3a,3624.77,2026-05-16 07:22:08.294764+00:00
ae1d5105-277e-4551-9a74-506ae2dcc3e0,ebe7f4b6-1d5f-47cc-9cff-e540cf626035,2499.45,2026-03-12 05:57:13.054904+00:00
7cd9e1dc-6317-4549-a6e0-8f234607d12d,f47b3a34-5eb1-45b2-9689-7adb575b03b7,1844.35,2026-04-29 08:05:02.462431+00:00
03baafd4-aefa-4136-9792-54997b4e41f3,829880b1-e8bb-43fa-87ae-4bb2088754dd,1136.33,2026-05-07 01:46:38.969935+00:00
c42bc38c-cc85-4964-927b-08cb053d74d5,9da44280-0e9b-45e0-8f4c-5dae039e79a6,1857.93,2026-05-01 13:26:14.221368+00:00
d902fad1-1ec0-4d6d-86de-85cf083c4027,9bab4e92-f557-4867-9324-e4e42c47eedd,208.47,2026-05-08 00:49:59.317522+00:00
d3edb8f0-c822-4561-a549-dd7c2fb5ac16,ad09bc53-5afe-45fa-bd5f-3b77026c83d1,397.71,2026-05-11 09:38:51.420159+00:00
901e8ea5-04bb-4d08-a7f2-4c4d48cedbbb,38df10e5-6f80-4ecd-95c2-b9b345ec252e,3280.34,2026-04-06 21:03:20.109456+00:00
de871523-56e2-4376-bb76-d2f0a54907db,45cfd08c-df81-4d28-8b5f-ff24081ec781,1858.29,2026-04-07 05:27:12.183741+00:00
c7208653-9f77-41e7-a4e3-6574330b3b56,2151a069-681f-440f-9632-9a23607f7a65,846.58,2026-04-07 09:02:21.003517+00:00
0d684d16-9706-49c8-9c91-4be68beb4315,584b6c27-f510-432d-a333-9bc89c4e97b0,3659.11,2026-04-07 11:36:58.369399+00:00
899107d1-819b-4410-913a-aa66fdbb0bca,d8f3681f-ba16-4f80-85cf-22c5b37cb0ad,2506.07,2026-04-08 13:21:33.208350+00:00
69c713d0-3bec-4b8c-8750-58fcdffe347e,56f11a04-949e-4a73-872a-d2b5c69f008e,3399.52,2026-05-14 17:44:27.190854+00:00
5e3ba855-a16e-4fa6-8ea6-202067d2d555,872f6417-c6e9-413d-932c-8a72fa46f80b,1394.95,2026-05-22 05:03:15.874360+00:00
687feb6e-317d-48cb-b41a-22df1bbccdf1,82fe699e-0666-4899-b837-f690ab0e9b70,752.25,2026-04-24 08:35:14.555723+00:00
2a71190e-c178-45ed-8489-2adc8459fad5,c0d8bb1b-ab0c-480e-a330-3f31e52798c6,1342.88,2026-04-25 04:34:55.772194+00:00
f9e1f9b4-4edb-46bc-85dd-43cb04904af1,a35d3f92-e369-4892-9f5c-b81d4788a692,157.9,2026-05-24 10:01:20.664059+00:00
a8749868-b333-43e4-a3ca-697c2e83413d,ec0b1a9e-93a8-4f4f-823a-3f8f17679119,579.58,2026-05-26 23:20:13.359659+00:00
29c31610-f2bc-458a-a4d0-20c916d82dab,b19887f8-40e9-4e1e-aaff-b0448e6dd7b6,10.0,2026-05-30 13:13:02.137177+00:00
9cdcebd2-09d8-436a-9752-1d8dbbcc515f,72c54903-df15-4190-9723-9f03fb586f56,2950.66,2026-05-05 08:17:35.810450+00:00
1030eccc-7668-47c2-b98e-0298505f984d,04356a22-faf8-4dc2-9ad7-f8f883fdf758,1806.74,2026-05-10 23:18:03.733513+00:00
b030aaa1-b1f2-4b6d-b354-f60fccd7857a,84826ec1-1530-4b0c-9abd-e8121a402033,4577.85,2026-05-31 21:38:00.762590+00:00
09514d84-5eb7-4a53-9847-7bcc766bdba7,d5015014-7919-4de5-bb39-15a78f07b306,3980.01,2026-04-18 17:45:00.006492+00:00
b5ced67e-3a16-4458-97fb-d0bb6671c75d,e3a4324d-5b97-4b0a-ad74-3b61c98db787,3395.15,2026-05-19 16:22:04.071654+00:00
319e6d88-ba8f-4169-b165-3c93eb5ae535,cb53f26b-f7c2-47ba-b017-190cd272c649,1387.58,2026-04-30 09:03:35.593728+00:00
cb9a5487-34a9-4dbe-bc38-3beadd56e522,4a9affb9-52a5-425f-92af-ecb3d9255b89,1332.94,2026-05-15 20:47:39.822413+00:00
a73eca41-378a-4c1a-99fe-272496c7a1e2,b30c8075-650f-4205-9df4-b89dede59715,2041.05,2026-05-19 21:35:53.063050+00:00
9777e657-1e21-46d6-8ae6-c53a1b403e72,2f345641-ed46-40b2-962b-5fe22f70f293,1878.22,2026-05-22 03:18:15.769171+00:00
e729e3a2-63d8-45f9-9da7-d5b16a527dbe,568f9db8-ce1f-4ae7-a636-a8e1a9bb1f03,4473.13,2026-05-24 00:56:42.384978+00:00
54cd058b-e310-47c0-81ac-b366965981e8,427f2b61-5f5e-415f-9ef1-04d780e79d55,2184.73,2026-05-25 19:05:42.560034+00:00
66a15a98-1df6-48c2-98c1-7d31b050a358,a921e3a2-afd3-4759-8716-2b1fdcffd1cf,1889.11,2026-04-10 17:07:44.537468+00:00
063cd3a4-ee5d-4a24-a80f-1ca36ad6142a,07936e18-219a-48be-a6b6-579ad484c3ef,10.0,2026-05-16 18:17:08.926912+00:00
734aeee0-4428-4fcb-bd72-756df6fcfd63,1801106f-1c97-4fb3-940e-251d4bf3aaa9,2299.42,2026-05-18 09:46:08.019154+00:00
ffb99308-5b64-4e0d-adc8-9660dd08c3b6,caccfb62-d768-4ed5-bcdd-cc7db9d5ffcf,929.93,2026-05-16 19:27:33.300498+00:00
eb09870d-04a6-4056-8152-f564cc5e3556,78ebf743-e7c0-4a27-a6e0-faedb144e8e0,248.75,2026-05-29 19:00:10.428718+00:00
9601741e-ba61-48f3-a81f-dda6d65e306e,1e8efac8-7954-491c-a6e1-03763979295c,2825.08,2026-04-27 09:59:21.110919+00:00
b9b69deb-51e5-493e-918b-c3f626c62798,66ecb908-eb0f-456d-822a-1fb825c13a89,1270.38,2026-05-26 23:04:53.002544+00:00
c535674d-27f6-451b-9d10-cee8896293a5,3485a6ce-2614-4db4-87be-8ab53d1b3a19,1017.48,2026-05-15 10:58:52.889043+00:00
ae70302c-0c30-452c-bf14-e9ad056c3840,73b80d54-4d34-44e8-a0c2-bcefe83263f7,3514.71,2026-05-25 04:57:05.594655+00:00
c575b69e-bb9d-47d3-8732-560791e89eab,c0c54158-f342-481a-873f-923f92c4556d,1678.69,2026-05-05 05:56:36.037807+00:00
4c52fdf7-86e4-4e8e-a752-627ddf84a898,357de5ff-03e9-4867-967d-b61546295481,1843.11,2026-05-20 10:24:51.615503+00:00
867980fc-1730-4161-8b43-96485e9d697c,108c5317-fa24-446a-8d9a-13dc94389113,10.0,2026-05-29 01:52:04.552183+00:00
c19c0996-60fc-4a66-b452-f2e9f90b57ad,0fe3d14b-3ab2-4bec-bb0e-8dac1de1ddc5,528.73,2026-05-18 21:53:34.680276+00:00
29242ace-69c3-47e8-96ed-07e0b9fe22bb,1103a493-3a19-40d9-bf2a-9ec733c9de74,1226.48,2026-05-23 16:07:42.707484+00:00
f4a74597-45f9-4cb0-beba-1ea792b9a562,c5253c04-55b0-45ca-bb95-93a0300472c4,679.77,2026-05-25 10:13:05.319944+00:00
e43a6d4f-8560-4ba8-bbe8-8507fa021a52,18cec275-9417-4cfd-a49a-598f16d33f7b,10.0,2026-05-10 23:07:15.655491+00:00
d799d3a1-8aee-4bc2-8310-8cef25c178d0,84839ccd-1f08-421a-81b9-29b94911012f,895.7,2026-05-18 11:02:06.590961+00:00
44d9b308-92a9-42fa-8c1d-9e2247328ddc,512469c5-2923-463b-8465-552bc2de13bf,3755.28,2026-05-26 05:52:21.406097+00:00
4b5506ba-f6b0-4fcd-9471-e17ec125fc34,af75a04f-b6f3-40d7-85ac-3baf67c16d9c,10.0,2026-05-27 17:28:13.453984+00:00
1bad4f50-56b6-41dd-9346-77de1548e23e,73d54bd4-9075-4544-8d8c-50b963849b6a,1916.53,2026-05-29 04:08:00.251027+00:00
6be089ae-aa79-4319-9595-67b2742b90e9,ac6367a8-b820-4e8b-9fea-9ccc9364f625,3295.33,2026-05-30 01:32:16.362947+00:00
5744b5c8-ce16-4726-b639-108051268a62,fd34250a-e4ec-4632-843a-c01654ff4d2d,1480.12,2026-05-30 09:59:26.649353+00:00
95e4d74f-2e66-471b-937b-c9c3d3a14f99,9ccd9c80-5b8c-4260-9c39-18725d590991,375.81,2026-05-15 15:00:40.455608+00:00
1447b646-b1f6-4ae0-913b-5d8893731e02,456b8fe5-7a5d-4396-819c-65213a768a0d,1245.42,2026-05-20 01:05:30.457401+00:00
b46c2ec9-90c8-4ba4-a5c7-dd4c8b0a2d05,d25a59e2-9c32-4a33-b606-56f3e4e93799,393.52,2026-05-24 19:27:13.190249+00:00
c830d5f7-ee52-41eb-ac8d-3b51046b0db1,a61a4eed-86c8-4bb0-a092-4398d8fec1e7,1763.32,2026-04-17 19:56:19.658831+00:00
9b6275d5-3644-468d-a957-6e7706e7a69d,4c94e379-c86c-4111-bacb-c127075a9136,3547.38,2026-05-31 03:33:33.436417+00:00
56ace0d7-3b0e-447f-a8ea-c1d3744b97f2,1175fda3-9153-4811-8460-991f9faf0c19,4822.86,2026-04-09 21:30:59.898058+00:00
872a9f57-6618-4993-9d98-01a546563d0e,e92bd8bd-7b41-45ca-a1c9-605755a5ba10,6310.09,2026-05-15 12:02:05.202708+00:00
42756310-22da-4926-b562-2742189eb1d8,48aa26d8-17ab-4685-afdf-464956bc649b,535.07,2026-04-15 14:08:23.281544+00:00
ef13e4e5-e0b0-4b59-a292-013388db3e52,bc7f5436-747a-43ec-93bf-69dd98fbf118,711.34,2026-04-21 21:01:08.867350+00:00
b55df954-48e0-4e0f-b28f-fc8f3ec63fba,bff71b41-8a14-44c0-b317-9ef013353dea,1174.96,2026-04-23 03:50:35.001392+00:00
28b26d21-c945-495a-a9ff-60cf24405643,e75de01c-331b-4d8e-acfd-7c8ea0f62989,346.04,2026-05-05 20:53:23.348380+00:00
007aba55-e1e2-4867-a69b-f54c2aa6315d,6b830d06-68c9-42a0-8409-e0d6aec9aee4,1484.38,2026-03-17 16:04:58.296839+00:00
3ec5dfda-bac7-4a3e-8273-8894b51a7e65,83fa6dc3-d4ed-48d8-bcf1-6b1e303e7d17,1091.66,2026-03-19 02:15:23.218333+00:00
45f00d12-a62a-4ccf-9060-e798a96effef,133282c8-e23c-43db-bcc9-d45a596a2681,1008.55,2026-03-19 07:36:30.384274+00:00
98e97123-639e-4e8a-a2d3-ce515a3d32c7,5c0d550d-058f-4c5e-b9fd-9da78bcd3748,1510.04,2026-04-05 11:57:54.200970+00:00
212640c6-72e7-4e33-9c55-a4d9d625f069,ff7676eb-7b41-40fc-bf09-5b2ec318466c,2630.9,2026-05-24 05:44:27.915492+00:00
bebc8ed0-43fa-4809-969f-77824ee25424,c50744c6-7bea-48e2-8ca5-70603bc864a9,3192.64,2026-05-25 21:25:46.923215+00:00
c16d31a5-535e-42aa-984c-8c509318bdba,7f486ca4-6dac-459a-b354-c03830faaa93,4487.99,2026-05-28 13:51:32.085884+00:00
0b4632c6-8cf5-4e67-b409-9c6eda3de1a8,b5648567-5f8c-41b2-ae4d-c683120c9381,2913.04,2026-05-31 09:51:46.933824+00:00
a3838fe5-7f64-4d81-8207-cb4b9fbb6818,81254935-3876-47e5-b635-8ad185c5673e,3328.9,2026-03-13 20:48:53.421757+00:00
1d1668b9-106e-4297-9bdb-50fa8b5b3d6b,c9129e90-bcf8-4e30-b83d-40f0557f22bc,3076.87,2026-03-14 22:58:50.682994+00:00
cbcd923e-e218-4e01-a341-6434bdebda25,1807b461-32ab-4434-a9f9-efd9c260857d,1887.9,2026-03-19 23:59:34.957332+00:00
df659f16-708f-4d75-b6b9-5feb06ef89bc,06de4b73-c8d2-412b-82c4-2155b619b3ac,2358.09,2026-05-10 09:10:57.840803+00:00
be0fb610-bb54-4442-a20f-d83026880117,ee022633-fa5c-4865-ad4d-711d4d2ae539,4174.25,2026-05-12 21:35:01.009800+00:00
5d5addc7-62dd-45d4-bf0a-611358ab2848,064f8b39-9313-40f1-bcc0-0c82f60d1717,2830.68,2026-05-07 12:12:21.590128+00:00
ebf4d910-f53c-48a1-92f4-32a8849ac255,87733df9-b674-4210-93dd-060e643434c6,4637.75,2026-04-28 07:29:25.160668+00:00
2015c226-1a52-4b66-a311-140daa76a0ba,838c4376-5cfd-41d3-bb08-3c532170b8b6,314.43,2026-05-22 15:31:28.340337+00:00
4c829700-09b5-46c0-b278-e5084028bb72,a11b55aa-3ff2-4f8c-bc2f-a0b4a441e2e9,372.35,2026-05-25 08:22:21.694520+00:00
77c08fe4-627e-4f09-b930-2b77fc47dedd,1c5b6fd2-8fea-4312-b006-bc03b356eb42,177.76,2026-03-13 04:37:11.376606+00:00
409c384a-878a-477b-a792-bfdb6cb0effd,942cf5f3-71b3-4076-b116-2729fb0910b0,538.59,2026-04-02 14:47:04.656799+00:00
f8284523-1798-4ddf-9c82-f71a6c6ed55b,58480eb0-423f-49f0-aef9-b71245fbe570,792.31,2026-04-10 05:30:07.552224+00:00
8cd92ff6-d96a-4d33-a9c7-6426c5ad5ca5,87b7bce9-5307-4c17-afb9-c43faedd71e1,554.59,2026-04-23 05:37:55.753876+00:00
d3465d05-c8d0-4362-b23c-20fd6ef5bf55,35b5e3fd-1616-41a1-beb9-b47b1a4bc0d1,175.55,2026-05-23 16:40:14.894934+00:00
50bde7f5-febb-47c2-86c1-9c38d53ea7f0,9606ba8e-1282-4560-ae19-33538ca1ac27,10.0,2026-05-31 00:09:07.285351+00:00
aa561a08-f62c-4ea9-b5f8-70e5347911e6,8b3209ba-0069-431d-913b-240401fbef0d,951.76,2026-05-11 13:39:58.149696+00:00
fcb8429a-4af1-40bb-8e30-4d93813fbb4d,8223c21f-24fc-4795-a49d-82af7a15d785,1357.75,2026-05-25 17:44:54.057760+00:00
e92baef1-3643-4c59-9c5e-8301ea04be5a,2e06a194-b096-4eba-9050-8f27c0aa2a1a,2782.72,2026-05-16 12:13:33.542589+00:00
8ee2bb46-8a57-4499-8d42-f1eb1a9e31e5,c84f1678-4658-4f51-b9a5-0b348fb143b4,4140.08,2026-04-11 07:25:50.471670+00:00
51dd8ee2-3a51-424a-aaf1-5e3b1344b2a2,420aa104-aa85-4f20-ac52-c8df0d99b966,2225.7,2026-04-16 13:32:55.730110+00:00
0462de0c-fbd8-47d8-91ee-c4dacfe1f6e3,82c614e0-a236-41e0-aeb0-404287c13e4f,789.81,2026-05-10 23:29:13.783852+00:00
6d8fe59e-1273-4a3c-a5c3-d0b1de40ac92,7c8d68a3-af1a-491e-8cd4-ddcf76f6e8c1,2632.92,2026-05-11 23:44:17.333836+00:00
f05ece23-dcfd-4e11-a957-7caa471c67a9,e72b5df8-bf01-4a17-bd9e-fc44f7132eb7,684.55,2026-05-25 18:02:49.645257+00:00
19ad6e73-bb8d-48ad-8584-1f1c73d8e8d5,ad7c2a6b-4c37-4291-9f11-859070824ba3,2775.91,2026-05-31 18:12:28.620069+00:00
9e0b8b79-f480-416e-9cec-f150d81731b7,6a980a8c-68e3-45ab-9ba5-b6543f4ec43d,5406.93,2026-04-29 15:32:42.306596+00:00
e833ee93-173a-4112-8fd8-1661f85e4612,62638611-75db-41c9-aae1-8e4fdc059d9f,5855.27,2026-05-01 13:00:28.257222+00:00
d3c80482-6a7e-40d2-b900-a6c0fef0a57b,d308dffb-9dbe-4b40-8dd2-27fd00e907c2,10.0,2026-05-02 01:16:53.581930+00:00
7009dd82-6959-4e9e-8b12-ab3a462f6ee5,c89b9161-7370-4525-8031-339eaf6f9031,1513.73,2026-05-06 23:32:16.523970+00:00
584bd863-6c5a-4bbf-ba00-398334de341a,9900abca-0af7-4560-be5a-44988dd29e74,2370.47,2026-05-11 10:17:38.809395+00:00
e3eb2725-d110-4108-9791-84677d307f9d,bf84f434-635f-4c32-ba52-7326ce35866b,3831.71,2026-05-21 11:28:16.543000+00:00
3e626a43-492a-4e9d-99ea-0ce49e2d55a9,88454111-81ad-4a6b-96bd-393d132dc65b,2313.61,2026-05-06 10:00:59.226454+00:00
a898a149-3501-4b8e-8273-2617ba92666c,5028582a-8b3f-45bd-90b8-94825525eb0f,804.21,2026-05-06 13:09:03.557090+00:00
a925eb34-2856-4442-9067-9945d59d5a1d,d28e3cad-192b-45bc-9c7e-eedd6df716ec,1240.47,2026-05-11 23:10:14.221281+00:00
4da88c02-f711-421e-8485-853659e242db,6acd9311-ea12-46b6-b813-0ca3aaebec29,1150.01,2026-05-14 12:12:07.220772+00:00
344957b3-4b60-47f1-a209-5cf1864d5dd0,71eec179-1ae3-487e-85c9-ac5357b22031,1296.27,2026-05-31 07:59:43.096111+00:00
aa77750d-4730-495b-b7f8-f687d527229c,0fc3bf11-d7e8-4ead-95b9-27a988059950,238.89,2026-05-27 08:29:11.362886+00:00
aaf5dc46-e1ee-4986-b392-4ee397755034,0bda36ad-f7d2-489c-9367-a092fa387349,848.88,2026-05-29 03:19:13.822723+00:00
5f827dcc-ebcb-4077-b7b0-3b9a9abc07e8,244ab0d5-dc77-43a4-b8f0-754fa55df81d,651.31,2026-03-19 02:26:13.812225+00:00
5033f0c1-73f0-4cea-acee-a666e4ec2059,15f1262b-a435-4082-965e-7b3eb2538fba,2979.72,2026-03-23 17:02:31.295263+00:00
0ed5f85b-e6a6-4e22-9366-136512219533,b6b1903b-7193-4ddd-92ef-2e266a5433d5,4291.38,2026-05-12 07:53:22.446364+00:00
4bb251ba-82b1-43ea-af7d-c9563b4711cf,d2c6f2e8-3772-4b41-8094-045918f84d6d,5509.47,2026-05-21 15:17:21.904171+00:00
650cb53f-9e50-46ec-bd36-c1f3b73f8c23,5ec5206b-c2fd-487a-9ed3-79161e52e30f,851.22,2026-04-13 01:27:13.741634+00:00
4f643bd0-fa6c-44ca-98d0-52cf0fa63cde,d6b5eff3-ac8c-4036-bab5-cf343a49c1f8,195.74,2026-04-23 21:13:38.181197+00:00
ba21f05b-c471-4885-a000-059af6f847d5,96aa8a80-1c6d-410b-a3e6-ae1b105950d2,929.08,2026-04-24 03:14:34.177246+00:00
12d11d78-049d-477c-b903-1d9cc3eb9b4c,05c92c1e-7441-4055-9d5c-9823f6a4898e,510.65,2026-04-26 21:56:29.971994+00:00
2bd1770c-de7b-4d52-b2ba-0b3845e66726,0bf3225a-e467-4bab-ae1b-cd46fae020a5,1922.68,2026-03-18 17:48:02.117621+00:00
fc3e69e9-9e68-4f0c-a1c6-62eba17aa6f7,e0737e26-ec42-4efa-bae8-cb4220702e8f,822.81,2026-05-05 10:41:49.465218+00:00
bc4afe26-2b05-4ea9-be7a-f8b77364a5d9,e11136f7-df3a-4282-bd25-32d5fa99e82f,2154.92,2026-03-29 20:11:49.798869+00:00
b18b2911-5d4f-4598-ab32-4bb8466a699a,00594ab8-d9ed-4cc4-b296-8382326b947f,4839.82,2026-05-22 13:19:44.480371+00:00
6887cc6f-f38e-4ff0-b6fc-87fefdaeafd5,9d295543-cbb6-4944-b09b-b8cc31701895,2295.3,2026-05-08 09:12:13.443533+00:00
746ac1c0-36c0-4cd5-8d00-2342c428cea5,92de3de9-eabc-43a4-876d-99d26276d10d,822.86,2026-05-10 18:17:47.124826+00:00
4bdf44ef-5917-4d0a-8284-b313d8756947,990ef84e-a643-42e2-a521-11a1bc814334,4029.11,2026-05-16 03:48:32.149609+00:00
9f331906-1885-4a73-9495-176effc853e7,a8bace3b-f851-4293-b598-a9c48c2c8c13,6806.34,2026-03-18 21:52:08.972509+00:00
3bbc6890-f84d-4c80-a50b-4170962d0318,ca98c0b7-933c-43d8-8ec2-fa327ba2fa2f,4811.68,2026-05-12 21:40:44.734459+00:00
c4d85bef-d6de-44ac-b581-17606ec41d32,bb998322-42dc-4aab-9431-edcbd14ee6b5,1398.33,2026-04-19 01:34:44.230553+00:00
1a59e167-9b82-4557-ba8b-bc922f653f1d,460d97bc-a1b7-4919-8b3a-acecc2137cd6,1815.92,2026-04-30 18:21:43.348721+00:00
7bc8b99d-1f97-493e-a9f9-d1de0fa05d79,acc4d975-7c3c-43c9-8a33-533e42ddfe6d,3500.49,2026-04-24 06:33:03.079316+00:00
f2233c50-be48-40df-ad1f-4d5561150f1b,b4186da5-7cce-41c9-9740-ff5b7a89e804,1509.49,2026-04-30 13:44:18.390421+00:00
72b9ac8c-63e9-412e-9219-2c9c7f5dbc9e,2c2eb02a-c3d4-4065-a1ab-25d1f31b47fe,10.0,2026-05-27 19:21:57.735492+00:00
5b1c4e2e-113c-4843-a7e6-337f8c2c3f16,730c099c-3511-4c79-a29f-185616a795a4,318.53,2026-05-31 18:52:48.639426+00:00
17457671-08db-4298-800d-6d316055ed63,19646d87-15d2-4b87-adba-faf53b7a2711,4095.47,2026-03-20 10:58:25.052578+00:00
13de1309-4451-4564-92a4-79c5a71e263c,985fc6ae-9fbe-4f52-8f79-1c23ae07fc1b,3629.32,2026-03-23 17:08:17.848184+00:00
a179031a-3ca2-43bd-9ad2-18128c7550dd,16629dc9-9f81-45d0-bef6-121df9977c24,2717.46,2026-04-10 09:00:05.243801+00:00
0d4a593f-8dea-497d-8210-f7563e2967cf,11a05a10-1594-476a-93c1-1c0679df4101,2786.89,2026-04-23 12:29:58.586103+00:00
661cbb44-0fab-4b8a-9613-17d843a7605f,ebc6a261-2be2-469a-8f2a-750129d594c1,6309.92,2026-03-21 05:07:06.555734+00:00
05e3cd5f-a7b0-4183-8b57-725e0ba6ac2c,1d9668d5-9f43-41ee-9090-c3471a493801,3371.58,2026-04-24 05:00:40.181351+00:00
69025424-166e-431d-b9e1-3c0e57f20df8,1b49ce8a-e1cc-4989-b3cc-272ecdf1947e,4060.18,2026-05-10 22:22:11.480856+00:00
fff17127-6284-4960-8818-a9514d70d9fa,4bdee7f0-ee0b-4a00-9b73-b57fbcea85c9,4837.32,2026-05-24 14:10:49.546099+00:00
467a5ae8-fe9a-4515-ab34-24b40b19a3e3,16fba787-59a1-4105-b9fa-c4658993dfea,1612.29,2026-05-14 20:00:48.390413+00:00
c79f2ab4-f19a-429a-86f9-eefd9060ff3a,74799a7d-b0ae-4850-8df2-9466479743ab,903.41,2026-05-01 04:53:30.892086+00:00
de73a548-29b1-4741-971b-bc36e42181bb,e79d4c3c-cc75-41c1-8d6b-00e21bdc729f,716.46,2026-05-05 06:03:03.049613+00:00
d28d06c4-01d9-4adb-8e16-54aa979f49d1,aedc1012-5caa-4fc8-ba50-fe3a8b627956,691.24,2026-05-08 13:58:54.126103+00:00
78c65aa6-3831-4dd5-9f04-231fa3c67330,b9a0c795-c1f1-4e1d-8237-705ce7effe23,653.71,2026-05-09 12:29:03.032733+00:00
a3c0677d-9190-41d3-b940-b0faab75f756,12b497f1-3992-417e-85ca-5d472b74459d,1812.0,2026-05-25 02:03:51.325671+00:00
f0076ada-1775-44a1-933a-b5c7a7f1ec8c,280b9f31-fdc7-4b3f-aed3-a09ec8f88148,280.44,2026-05-26 15:50:13.272290+00:00
1b3d4946-6d4b-43b1-99e9-68eb6f1f0eb2,f7cf793f-f09a-4023-9ba2-9abd074e154d,3743.16,2026-04-22 20:42:04.219634+00:00
ef15f682-8297-4966-aee7-83fa90214a09,e7e04c45-e6f8-4406-be2b-ec7c93b677a3,2690.51,2026-05-29 05:11:42.738277+00:00
5450fd19-d3bb-4a62-9bb6-3f48512e6638,af478c5d-1207-4c3c-9f94-f65eb4e15245,4368.63,2026-04-25 15:57:06.483980+00:00
881602a8-084c-42ee-be5d-9f9e38547790,472c3b6d-bd3d-4819-b66f-e94d9fd0a8c9,3681.94,2026-05-22 23:33:42.830389+00:00
10109f9a-f20d-46da-a48a-9074a3532216,03c6ff7d-9c01-409d-a115-e76d801c8bf1,4448.52,2026-05-26 16:12:33.210523+00:00
7d7b6070-9ee3-4db5-afa0-593b2493afad,d60d3e7f-d9b0-407b-8e84-b27e654f89d4,267.1,2026-04-24 02:15:29.525217+00:00
0bf2eb48-2d60-4f1a-8db1-0a78067905c7,14e0c919-92e6-459e-aa89-2ef563ccd4b8,528.29,2026-05-08 13:59:47.375313+00:00
f4e3bfdd-afdf-406a-958d-1bbfdee351fb,649e8a8e-d014-403a-8c5b-dbd74ae841ab,318.16,2026-05-18 21:26:22.157856+00:00
ea5ef0c6-0308-45fb-928a-ddc3b47d0c06,1dc14212-1519-43a0-bd98-ab04689a4a25,4688.76,2026-05-26 21:14:31.254614+00:00
35853cab-bc04-4513-a1f7-c15b53e86c04,770304be-37b2-43bc-9c9b-9b0df4da6d4e,4272.69,2026-05-27 14:02:43.223641+00:00
5f103b68-85cc-44d1-bdf5-74f9e9f1153d,ab04c95b-6806-436f-8d04-9b1bafff9a83,3672.67,2026-05-30 13:41:17.573688+00:00
d6d31473-1a7a-47f9-b231-2e090ca832ec,3a36208b-93fb-48ca-b7b0-5b977cda5acd,73.37,2026-05-12 09:49:55.253393+00:00
e60686b9-9c24-48c9-8bec-35795eb9dc1b,0eda0fb4-d59d-4bbc-87f5-4909eade4121,257.88,2026-05-12 12:24:53.475356+00:00
67c5fb22-6bea-4535-9358-70f524de4c71,42cb3ddc-f82c-4c45-95b9-02bb07096aeb,660.24,2026-05-15 10:38:46.116210+00:00
632f2a75-e236-4321-881d-ee6151a7cb9f,73e66cd9-75ab-4552-9218-93c47d59691a,527.9,2026-05-23 02:36:58.442009+00:00
589c325c-45e0-409c-bd90-d2978c43136b,73ffd050-3b1b-49d0-afa3-de046270e2f9,456.35,2026-05-25 22:48:02.982594+00:00
60bbf918-0350-4084-a76e-f36be280408f,1ec5faef-9907-40fc-b944-b808bc5535cc,403.41,2026-05-31 20:57:56.330349+00:00
e114b42f-1f5b-453e-8d27-33a886a7f13c,b57595ac-acc8-4374-b4ed-2f7284b17f81,835.32,2026-05-08 08:50:05.019886+00:00
21e73aa1-183c-4670-b274-181bd298cb89,3a456cc1-c03b-4f81-9ec4-5933a40d39ae,1755.7,2026-05-08 12:52:29.830421+00:00
1e301e08-fd2a-4bd7-94b3-30f5b4afdbba,48e98372-86f8-4e6f-819d-c849159c0be5,737.14,2026-05-14 02:57:23.466068+00:00
2ae91bd3-0a1f-454c-ac42-dab3696f87c5,f2c2f859-dbd2-4687-bf6e-0142c254ec16,3118.77,2026-05-16 10:23:30.940418+00:00
bc4ba625-0d4b-48a4-a8d2-4052cf11c8b7,ace1582b-9c14-4c91-8bc6-82a4dbea6eeb,1728.79,2026-05-17 12:54:00.939289+00:00
91d74ca1-064d-41e4-b7bd-d5fca3270a69,3852beed-3ec7-45fc-af56-513ca465ae1c,710.36,2026-05-23 15:12:26.971230+00:00
42314d0d-d28f-40e1-b059-dbd8f8016ad5,c6fcab8b-b102-4f5c-8301-cbe149804279,1452.32,2026-05-28 14:32:00.806663+00:00
e42ac099-7e3c-4ff0-af87-cf4ad6fb51a7,3c7ef2cd-3d87-4dcb-bd51-df91f5f41eae,3070.3,2026-05-25 07:45:26.825751+00:00
943fd15d-b228-4a8f-ac36-c3fd4f0d788a,f313577e-7f3c-4dac-a7b9-1589f99a7261,4392.6,2026-05-26 14:50:55.338425+00:00
b2cb9674-2c28-48ae-98ae-c77440928310,c1e87727-9752-47ac-9f91-da8a117d1be5,2740.23,2026-05-27 05:14:33.007146+00:00
d8e4c1cf-8f43-4027-8a99-bbfa51b04860,673bec10-2ff3-46f5-a673-9f97e70f4ab7,2386.95,2026-05-27 15:36:59.226694+00:00
0b665a30-2ebb-44b1-990c-6ae81c65f63c,bf26af08-e2f2-429f-956a-8190c3fb5af9,350.54,2026-05-28 04:09:05.871554+00:00
c68dae3b-80a4-495b-a9c0-e0baba8ceb69,d70e4272-cec0-4ce5-81d2-80c0f573c52c,3744.05,2026-05-30 08:44:50.578434+00:00
171e36a5-9076-4e33-a900-4d016e0300d6,3b64141c-1a90-4b33-921e-38f57a5d56dd,2385.46,2026-05-17 01:47:45.409440+00:00
e0616a67-b3e8-414f-9632-fef90b3e7984,b47375c9-30d5-4dde-bb5b-d43b8399e182,3385.07,2026-05-17 11:40:07.552267+00:00
0c9e9ca7-10df-4c72-9528-cc55605eb4e4,b182d001-6a52-4ec5-9a95-bc12cd64d23b,2586.32,2026-05-27 15:47:33.733871+00:00
7adefa66-f7b3-444a-a871-827a039f1bfb,d36b7049-b833-4f3f-9834-b4dd45f8763c,4472.77,2026-05-28 02:00:54.651302+00:00
a2e138d4-a117-4c5d-9261-983294801e32,cd216999-acb7-4ec5-bcf9-f9a661722d9a,10.0,2026-05-30 01:01:23.140321+00:00
387c61e4-db75-4aba-9731-ee6679757f67,bdddee23-27aa-4ac7-abe3-b6230979e7cc,2249.28,2026-05-20 06:00:46.015645+00:00
b7df79bc-3753-4c67-a6c1-db78944fb3fb,58c7a947-40e2-4fb7-9534-ae9b4048d500,3207.95,2026-05-23 08:21:37.305747+00:00
be903e99-e5b1-4da3-a21e-eb1633bea63e,e7ad9739-37d6-41d9-b37a-63cc0b7cc37e,2379.41,2026-05-26 09:18:46.754843+00:00
e2b44eef-7571-49da-b652-bcf4cd7533a6,86153b09-c4c9-4ac4-b48c-b7a9c9fed8fa,4609.72,2026-04-06 05:15:10.683762+00:00
cecdd58b-5a7f-4c21-b9c0-e07c14b530d8,e2845eee-e94b-49d2-b76a-39595f7dad49,4080.33,2026-04-28 17:53:50.935442+00:00
1b30cc3f-4ad4-4133-b9b9-afe30750b8e4,840f33df-9404-4743-838a-517f6b25ec58,3649.33,2026-05-19 02:01:38.668025+00:00
60165f3a-e538-4c57-85a4-1cc77a389b2e,a1256cfe-607b-472a-8f8c-728e630fb7cd,3490.49,2026-04-28 11:30:15.640604+00:00
86663a69-4a97-47b0-ba8c-29a5d3a1fe12,099e1174-6682-4e34-9361-16a1fdb96efd,4052.63,2026-05-05 01:50:51.540388+00:00
33d5490f-7be2-4317-b75d-57a42f582773,02cce809-4f3a-41e4-8ad6-4d42929eb10d,4989.53,2026-05-05 05:29:49.653955+00:00
b7da0e3f-f556-4271-b37f-e56f645499cb,01f28a6b-4ce5-4670-a420-9fa937eb72b4,1052.32,2026-05-07 13:09:49.821422+00:00
f9e82582-7bec-4216-8070-2d003874ba47,9d7f29fc-e5e1-478e-a0a0-0c1aae4a2bda,459.38,2026-05-13 19:16:06.473103+00:00
c30608b3-6de4-4515-a51d-cc89c2fdb0e6,3ebfbe89-491c-4cd9-a066-f33752e3bddf,664.74,2026-05-28 16:57:07.184846+00:00
942fbc8b-c64e-4dbd-ba3c-64ec1f05ed65,9f38b56d-ddf9-4019-9cce-41629ca9d646,683.71,2026-05-26 18:52:17.632253+00:00
aece10bf-b60a-4cec-a45a-71c5de371f0b,ba7058df-8dfb-4390-be98-e107930078eb,533.02,2026-05-27 21:01:00.454518+00:00
851705f4-efc0-4109-9c10-1ad54b7374f0,f526bd0c-7894-425e-b447-bf4ca8c3459c,411.9,2026-05-28 14:24:22.791974+00:00
2d3cb2c4-7c44-47ec-88c4-3a9c4a5cbe57,6727de11-80b1-4d4c-8903-f917a2ec2db5,70.22,2026-05-28 20:34:18.388658+00:00
dc5bf19a-8d55-497b-b9cc-ff7501a368e1,a431f2ba-2835-4938-b9b7-21a0e8ca033d,734.66,2026-05-30 10:46:54.801441+00:00
02181fd7-c9bc-4e4f-8d65-2af133368496,934e0534-745d-41c1-a2ed-2b71cb249624,325.23,2026-04-08 20:28:24.033026+00:00
2d4eebdb-bca5-4d28-81b5-07d103828d19,8d67cc07-2257-4607-91c4-329f6184788c,482.46,2026-05-05 11:11:12.465161+00:00
65217537-cae5-4a80-b853-0e3177e2d26b,e9968942-79c7-4f68-abe5-18c761cb5848,1053.16,2026-05-24 22:53:11.753409+00:00
e03fb204-437c-4f11-b295-07a9737fcb5f,5f76051d-8049-4b0e-9b27-0d318528ef5a,4705.39,2026-05-25 20:40:11.846141+00:00
ba915e09-6104-41ac-99c1-4b7f8fc30610,e1c8f304-e18c-4779-8863-0a2d8df961a0,2365.36,2026-03-15 18:09:48.538341+00:00
b71ecf16-e1bb-4dd5-a187-ac54a9693e15,3441fc9b-6573-446b-b6cf-97c786518587,335.64,2026-04-06 16:20:07.420967+00:00
16978363-fdea-4600-acdf-f6ce06ab4e32,0486bcef-410d-46eb-b5ba-6869a09ba54a,2129.59,2026-05-22 13:17:50.006684+00:00
d4eafbde-c1a1-4ebc-8ae5-c3edf9ce0fed,8976bab6-a6f2-4da8-91df-edbbcb5419f1,1646.09,2026-05-27 09:40:23.739283+00:00
f8851be3-55e2-41bf-9489-18b09f5bd688,587a1002-7789-4797-8538-4e8947f47367,3388.49,2026-05-18 23:46:16.873852+00:00
73390e73-ca64-47fc-9836-41e30cb3a404,0b51def2-7375-46e5-a37e-a18e78ae73e3,2838.69,2026-05-20 03:11:46.220613+00:00
99ce3ab0-60ef-4f1a-a658-b94fdd14b457,39876729-4024-4398-bfd1-f8bf7683d978,4327.25,2026-05-21 21:23:48.482311+00:00
9695de06-3b50-4f3a-acea-3b65901576cc,cd4afa85-b91f-4970-8f36-9aced92c2590,5047.44,2026-05-22 02:21:58.472989+00:00
d37216a1-4451-4f91-8322-66c25695c637,5197440c-5e1c-455b-901d-eca907998e6f,333.79,2026-05-19 15:45:38.195942+00:00
37d0b0bb-7d5e-4148-9d8f-37d05faf538a,a944a699-e6e0-4587-94d8-93ec518f70f5,2617.02,2026-04-30 16:00:42.012714+00:00
70acab41-18c4-4962-9693-19439715460d,28d5d26f-0fcb-4277-bb8b-9f64058a1e3d,2788.84,2026-05-06 02:48:38.443806+00:00
d44b141c-2e27-49fd-a195-1ecd7ead9529,fee28869-2781-4678-958c-98b8c61f1b8b,1454.44,2026-05-14 22:29:18.645130+00:00
2c76d2fd-165d-49b7-9aea-3e214a03cb02,e5ee4098-4aa7-44ef-ac66-598d4a8a3b2c,455.03,2026-05-28 22:12:32.501297+00:00
e68cfc47-1f99-4811-8b42-80bc2971c680,0ef21617-12b5-405e-a160-8257813c064c,2163.62,2026-05-31 07:51:20.001509+00:00
76cab6f3-0321-42cb-a456-13c8488f154f,aed17891-4641-4059-9d46-364af520bc70,272.4,2026-05-31 23:54:08.329800+00:00
a4fceccc-8062-46b3-84bc-748d9aabdba6,365e7a1a-88ad-4765-923b-47dcce36cf1f,1813.85,2026-05-13 06:25:29.591435+00:00
3ef5ec38-9ce3-4cb9-89f4-9c6e48f7a58c,2ea11e9c-2bd2-44fe-b467-dc21c9aa9344,2718.68,2026-04-11 18:05:09.010357+00:00
1a89974f-debc-4599-80c1-43a9fb6a6e46,33972b47-390a-4a1f-a6b6-2facd3df1480,522.17,2026-04-14 04:50:07.806752+00:00
844f40ca-f319-44a9-8719-7d02dc8aae9f,72e58ea3-3b4f-4b51-9910-bddec478f760,1469.38,2026-04-14 22:00:22.636963+00:00
852e647f-039a-4e65-b9e6-1efbbcc7f348,444a0830-3f37-4a30-aafd-261d3f2d875b,2088.3,2026-04-16 21:04:16.102013+00:00
50224bf6-105e-4edd-b839-fcb94df230aa,3d8beb45-a00b-41ea-be6a-1e6157c77516,2599.78,2026-04-30 15:11:12.912496+00:00
3c5c72d5-9eda-43b0-89d4-65cc369b110d,894fe940-dd97-46b4-9014-3d87bb360d4a,1567.42,2026-04-27 10:30:00.024279+00:00
5916dff6-ec15-4055-96bc-5577f8818d90,0fc1e159-15b9-4ea8-a044-ec825e102cc4,2513.34,2026-04-13 20:17:33.271657+00:00
1955c3f2-e97b-434a-a1a7-6ab2349db693,7b9a8dfd-34b1-42e0-a267-4893db7a7559,3112.08,2026-04-24 21:30:31.716126+00:00
cc6822ea-0ba8-4623-83a6-07c7546dbcdf,b0473847-edd2-4ce0-9ca6-6e6704f80750,2625.58,2026-04-26 04:14:56.539677+00:00
4a8d86e3-676b-44e2-baf7-67990dbdc5a0,2354a837-4ded-43f4-bd4c-150f375f858a,3038.01,2026-05-04 00:50:40.046890+00:00
8c59e6fa-e79d-4d7c-b756-1119211f5bb5,3949fb87-677c-4382-afda-c5f209ee92bb,5713.95,2026-05-05 14:33:04.366803+00:00
457153e2-eac0-400c-bc2f-41cecc605f25,6fd631c1-ea53-4dd2-9254-f588340e5581,2872.93,2026-05-09 19:49:21.444863+00:00
3506564a-6c59-42c4-a8d1-bd8ac75957b9,3062e222-d253-46be-aac4-829a9fa49a2a,3643.41,2026-04-28 16:52:33.072687+00:00
997eeb80-23cc-4a7e-8dea-37c468d8fe70,bc6c6e4d-922a-470f-a09e-dae9ad6e49b5,3752.98,2026-05-06 17:26:11.056300+00:00
f0fe0f1b-e282-4ece-a8ca-cceb3b654a48,4ce3c47e-c70b-4819-9da8-8d7ae4219062,3506.79,2026-05-12 19:21:21.120316+00:00
e334504e-6cd7-4184-a3ec-c36af6c3822a,f3da3040-e18b-4550-9ac0-6d44d0c3f764,5196.25,2026-05-25 05:39:11.678670+00:00
885ecc52-c8f0-433b-8893-d255fb176cc8,1fd90b57-d770-483d-be6f-cd70ed5805ce,3065.83,2026-05-26 18:02:08.223442+00:00
7de40767-8d82-43af-81e1-a1eafaa68a1a,0d739a3d-ea01-49da-a775-433276a32cba,7362.59,2026-05-21 15:43:03.737398+00:00
ed4483dd-0d9a-4d23-90b2-d54eb9d65bb5,5b732d31-17e0-4567-9c41-b47a981f2d05,3382.39,2026-05-25 14:46:05.026882+00:00
075ee25d-e8af-44f0-bf57-2347516956fd,c2b8b704-0117-4811-b277-82b51c2f2035,2414.99,2026-05-30 21:45:26.406381+00:00
f6ccf1e6-222e-49d4-b5a9-ca0b7214f03a,5b224259-1305-4a3a-b77f-e6c378177a2f,1667.79,2026-03-08 20:46:48.112023+00:00
9cafa298-50e3-40b9-b784-e7264dd33209,6d3d5e98-1689-4b13-b9b6-fe0d67f6c91d,2121.97,2026-04-18 03:16:35.461900+00:00
c103ef24-8b16-4ced-af96-43c39fac3c07,2c5b1e52-c379-42f4-8ac5-3de2d636cb8a,479.98,2026-05-01 16:48:22.880837+00:00
d276a5ce-f9d5-4cf4-8035-958e39930f3f,4c2add27-2e28-401d-be5f-253eeb3220d2,2269.71,2026-05-11 03:21:35.809637+00:00
e554ce89-925b-40d0-bf90-c59aa86849b3,eebee363-daae-4c15-b2f1-d3e859b012d9,1241.73,2026-05-16 21:47:25.310301+00:00
5512b1ed-d2e9-41c4-b4e6-adead9a9c302,a5174b51-7c46-49e1-b932-05952f54701a,6948.29,2026-05-04 16:06:00.301421+00:00
4b418021-dd2d-4f96-bda7-0437ffa25882,25da8fa6-13e6-4883-b90f-a39c22671243,2779.04,2026-05-06 03:13:33.552876+00:00
de03abcb-cd9d-46b4-b835-211a1c07fcc4,dc5836f9-b7c8-46d6-8d2c-d4baaa8957b1,7031.77,2026-05-10 04:32:32.756661+00:00
24693043-b471-4ba0-abfa-23205fd5e7d1,1be9726a-eb53-4552-8dfc-0f6357e32821,6447.79,2026-05-13 07:24:25.098253+00:00
c3f0320e-a0ca-411f-876b-ceeb295d53a7,dadc0b4b-ee0c-442b-b9c6-02b75dd98ed9,5666.85,2026-05-20 22:44:29.351156+00:00
f29a7e69-728d-4e6f-beb9-1e56adb5f0a0,f9d082d9-9ce0-43ba-9d23-e0b953288af0,3682.15,2026-05-23 08:44:54.931986+00:00
6082b722-c209-4480-b1b5-8a83826cfd42,0b3d0967-fce8-41da-b283-0ce0c5e52dec,2421.04,2026-05-01 12:34:31.020542+00:00
7f1b158a-f16f-437b-afb9-8aa096b07c68,2e9ac9cf-d2eb-49ff-8d5f-3090035b508e,5782.52,2026-05-15 17:12:47.426533+00:00
dca63d30-9c24-4668-831a-b719aef159a9,281b96e5-2083-4b4f-882d-1ad01f6a2c60,163.6,2026-05-18 10:30:51.875077+00:00
b7261aa4-b7e7-4c6c-b631-ff0333ad1570,09d9fd12-3c12-458c-a03a-f628614c00fb,932.57,2026-05-18 20:37:12.326255+00:00
7feb8756-f1f5-473a-8cba-c968945929f5,e9115fe4-0437-47d6-8ba2-a956fd2ed690,587.64,2026-05-19 16:29:26.950426+00:00
6775fd2d-3cc0-4aec-807e-827ae7638e90,61b2673f-7ead-4a2e-9f9e-3a4dda5bd988,611.86,2026-05-26 04:01:42.865908+00:00
6851ea47-2046-4436-94be-d2c0806ba7f0,2c3cfdef-a409-451d-8c65-fa85063121b2,5468.28,2026-05-10 17:08:07.716706+00:00
1b7d395d-6ad5-4b9f-a3e5-cbd137cbcd7c,efc6ed33-240e-46aa-aa32-d80629b07f28,2805.7,2026-05-11 00:32:43.744377+00:00
c9143b2f-7ef6-49a4-9b4e-d6bb42133766,520013f7-8db6-4fa3-82c6-78e4013fae81,8854.06,2026-05-16 12:31:10.405211+00:00
b6ec2120-3c4e-4caf-8168-fdb9dd7dd0a6,94d65125-0292-4631-9cc7-3d6d77b3976a,608.41,2026-05-21 01:12:06.816839+00:00
6f1ae384-6666-4f03-b7a5-65cb0fbeb92c,eccfac91-7826-43e1-9421-c21f27d88abd,10.0,2026-05-21 02:11:28.204948+00:00
1b5cf088-cd3c-4a15-9ab0-e15332536e28,52b636df-a8ed-4460-b3ca-8ee44ce6d152,1830.76,2026-05-23 18:04:18.866613+00:00
0d00b4f5-c2a2-4335-85e6-f25333b9e4cb,d2987f45-495f-4f80-b39d-7d63a1c03130,10.0,2026-05-25 05:57:25.444326+00:00
918bdf6a-8960-457f-b613-3d654bc1cd74,715332c4-2b90-4222-bb9d-30d854335e5f,1360.13,2026-05-28 12:56:43.183455+00:00
408783ad-1c49-4c41-85d7-8ba17e3b3232,b9c94082-5329-4247-b834-81e5a883ee9a,97.34,2026-05-30 12:44:55.639520+00:00
f0d00b05-ae48-4992-ad20-9ddd9870b704,efdceacb-c550-4213-9cb4-ddd5c906d7ff,261.95,2026-05-30 22:14:45.221761+00:00
ed9c6961-9d50-487b-8fcf-8917c1ca7b73,1b378e50-5a30-4bcc-995a-f6cb6ab92742,7529.48,2026-05-25 10:53:05.429249+00:00
dfaf9891-d2e6-4b53-a529-afe3fe5d0fb4,46051fc3-014d-47d3-8e34-36f90edfbdab,4200.58,2026-05-27 14:09:53.361095+00:00
6ccfe154-b664-4389-83c1-6dc4b1ecb994,cbe9047b-d934-4dd7-8540-141542d1f313,1589.58,2026-05-30 07:38:45.390803+00:00
8cf95619-329b-4ea6-9743-bd13abe698de,a0057709-04f8-49a0-bb08-800283736962,4754.65,2026-05-31 20:34:02.394293+00:00
6d3bacbc-08c6-413b-8d6f-0b48036c8526,b6095755-3083-45bb-b788-bea16e65c0dc,3666.94,2026-03-20 03:08:31.077818+00:00
acd81d7f-fc60-4131-9c38-b73bc03dde23,53e730d9-6a11-4c88-8126-69c8fe1c6cdb,4749.4,2026-04-09 20:52:00.580953+00:00
ef46c7cb-bfd4-4a56-9893-8f2590f0b903,0bdd9b52-c1dc-4537-93b4-bcf475198b82,3521.38,2026-05-19 15:32:36.100528+00:00
8464f4ce-b71d-4af9-9762-5be3e06e6505,9b8a407a-bf00-4484-a924-78f1bfbefb01,3042.59,2026-03-25 15:36:28.662113+00:00
0b619de4-1a3f-4c2c-920b-6799392b776b,94aaa044-1e6c-478c-849e-1bb6470e3f66,1552.71,2026-04-16 03:38:15.516073+00:00
757bee84-2e7e-46f5-82ab-22f04d316fcf,ee5bbad5-9a9f-4f8f-822b-63ab245d7eab,4674.98,2026-04-23 10:55:57.931415+00:00
85412577-eff6-41c9-ae36-a7f53494880b,6c9d1f9e-8865-46c8-9694-dc69cc02d2e8,3833.27,2026-05-28 06:11:15.616075+00:00
e66dddfa-b290-41c1-b57c-f8bda33e0744,8aee79b4-5c34-47b1-ace5-5781c9bb6731,1171.68,2026-05-10 23:12:25.654877+00:00
c9b3b1ef-791c-48b4-819a-cfbbf6b245ab,e3979ef1-9355-41be-9026-0695540a1ab1,1772.33,2026-05-15 21:43:28.464206+00:00
b3879ece-6789-4071-bcdb-7c9436a9bb3e,2406b642-a97c-497a-afb6-32853b3d058d,3103.7,2026-05-20 22:51:41.666318+00:00
14a7981b-c5bd-47f9-ad0f-437e1ace49d3,dcb6c4e0-581a-4464-8cbd-d03485282a95,4539.53,2026-05-28 06:41:26.569790+00:00
b401fde6-f449-4517-80a5-1be453a12ab1,a0fa146a-0596-428e-ac92-19f7bb9c3b3e,1044.02,2026-05-25 16:02:07.035119+00:00
9ea2df5f-1e5a-46f8-86f0-5ace9087c166,fab930ea-ebaf-48ac-b07b-46673b36676c,3337.04,2026-05-30 01:00:41.597677+00:00
35287f64-ee8e-4d55-994c-be6a6cd1bd92,6abe06c7-1c06-4a1c-951a-b7d0c6ca4312,1562.65,2026-05-08 18:53:39.909898+00:00
b33a01f9-8051-48d9-aa54-7a308da7f162,c53d904a-88dd-49af-8bf4-8f1b88dbccc7,1241.28,2026-05-22 15:19:12.908738+00:00
92195e82-f499-4e5c-b5e0-e77d5fd4dbc5,7ddf82fd-919b-4d3e-a25c-cd322105cdaf,119.54,2026-04-02 17:33:26.392679+00:00
7a00cef8-5488-4fdc-9479-c8a5122eb696,765382ce-28bb-483e-ab3a-2ea0d28b4404,509.71,2026-04-06 01:39:23.932629+00:00
dec6ca41-6a4e-4f0e-8a6f-70deb8e777f9,f39bfc4e-4dae-4c4a-aed5-33cf887d062a,10.0,2026-04-21 08:49:40.017471+00:00
0eaf4fbf-fd01-4b25-ae08-efcb4789e8c4,fcbb6ac1-69a3-474d-835c-491040dab2ef,562.03,2026-05-25 23:16:53.457717+00:00
7a8cc065-9d50-473b-bd01-ed6cfc929535,baa664c1-02e2-4de0-97a7-c6cbb00eca68,437.39,2026-04-20 01:39:15.657708+00:00
6dc7544d-6f03-48c4-9e27-0db59c12a0d4,28bf9b53-26a4-47cd-ba2e-2987d621545c,1484.0,2026-04-26 01:55:14.742475+00:00
ed1a5626-824f-49e1-b739-f0007b9b08c9,7d9cddd5-178f-47be-b4af-668ed29303a4,1233.28,2026-05-06 07:46:51.073460+00:00
3278cbed-478c-4451-86f2-f18a851896d0,bee3115e-07ea-45ec-a9a5-ee8c1c0a5656,10.0,2026-05-11 18:41:30.094224+00:00
f7c57c08-55fa-41b0-aee1-540eaf5d0103,c8a6f260-9529-48ee-aa9a-e1f6d346f60b,430.68,2026-05-30 19:03:11.048130+00:00
a60c2eed-0ee6-4ffc-9504-23d61deec024,44bf65eb-9462-477e-95cd-86b4e01c2671,247.18,2026-05-03 19:11:20.336452+00:00
f60e7464-a0e6-4fbb-996a-e7a8b50146ff,d7bcdd4b-3225-4bd2-b142-8d974e7761b2,73.99,2026-05-06 08:47:38.051677+00:00
83b8e590-9dae-4d29-8382-e1dddcfd3755,ad744132-382a-4ecc-8ad9-b3e1d907380f,319.77,2026-05-16 18:36:52.411381+00:00
10db5c72-f75a-42e7-ac74-b78d57d52684,a498a787-0d02-44dc-95b2-0acd856f07a1,179.72,2026-05-19 12:27:18.516917+00:00
c8e3a004-cde7-40f1-8f5f-2a2483841a11,67e30d0c-45eb-469d-8f8c-56b9cca54dbd,1197.97,2026-05-21 20:03:18.287618+00:00
6a815139-e071-4fd2-be33-50c2079e08d6,b6b5963a-67b4-4a5f-899c-8c0294034959,650.4,2026-05-30 16:04:06.489251+00:00
77159d2c-dcd1-47d9-83c1-50415a3e0092,2b716b87-bceb-4af0-b2ea-8ee69ad50b24,1702.84,2026-05-18 21:28:10.246081+00:00
52a01315-755c-4ecd-87fe-4e306e3daac5,3927436b-7c13-472f-8014-dd99700851a8,622.99,2026-05-20 23:33:44.244567+00:00
660e609a-dab2-4b4c-903d-114136b2a1fe,01df1fb4-d759-4c29-8824-7126f894776a,953.78,2026-05-21 08:19:55.085928+00:00
229d9c5f-687a-447c-8430-f5193f9e5a01,387e0f4a-96ec-495a-8b76-0a5f5ffe1dae,427.41,2026-05-28 23:16:51.897951+00:00
f8279e65-0db7-4454-9a07-82e8494ae1a3,7e2a654e-f985-415c-8286-4d2733bcd0f3,1656.13,2026-05-31 00:08:31.126792+00:00
c2c79ff1-9d17-4e7a-bdd5-c442795b450b,79371554-a010-4fa9-b677-a5e2092f4fe1,3335.79,2026-03-25 06:04:52.600402+00:00
61252885-49c0-4b49-9417-4344cb375c58,91def869-ab64-413e-b48e-ba37d5cb0bdb,473.65,2026-04-19 17:36:24.527949+00:00
43399570-8681-4436-b343-a64fa6df851f,1a813c71-14e4-43ba-86d5-493d3e9c61d8,4549.24,2026-04-23 13:12:58.436435+00:00
fed94531-3939-4f79-8299-2676efe54bec,e90d10c8-d32b-4583-a39f-c177e85a271a,4985.96,2026-04-24 23:19:18.422805+00:00
a63c9b2f-08e8-44df-bbff-e0f7991d5d47,a85a48c6-2e21-42f9-a0ce-0a4fb12ffe42,3634.0,2026-04-26 14:20:18.808209+00:00
7858863d-61bf-4d0e-a1b7-bfcdff7dc653,3cd6c3f3-676d-4ea2-b2e2-e7ef1a9eec96,2137.23,2026-04-29 03:32:12.997173+00:00
cd557221-a7da-440f-834c-0a03466fe683,f78f65d9-80a0-4c4e-a00c-2bf7ac2bb91c,6793.66,2026-05-02 01:16:40.284149+00:00
b695421e-808b-4e19-b3b5-dc5daa6b202c,3f5250ef-fbb7-4dab-a330-653fbef589b9,6927.09,2026-05-16 06:03:34.898873+00:00
2c077d95-b097-4b00-8235-9e310f149aa0,b9955fc1-ffba-431f-957b-802422c2a402,2753.42,2026-05-20 16:33:33.996737+00:00
0706010c-222b-4194-804b-eb67b546eb73,a2e0a2a2-38a4-47d4-a6cb-d8d0f7ba309f,3532.1,2026-05-23 18:39:33.205843+00:00
9a6c8f11-a742-4132-a38b-81ca9bdfd8cc,9849d737-64b3-4eb8-b271-706bc1b793af,4431.59,2026-05-27 10:47:37.561626+00:00
dbb0e9c4-7e25-4224-ab7b-e90f6a18d981,eec44869-947f-4c15-a5ba-cccd4b36d1e1,1847.85,2026-05-29 11:19:34.634692+00:00
43d41148-d9c7-4ae8-9fc9-9f9388be5275,87e46611-8227-40be-a6a7-bc4d96697f45,5331.17,2026-04-29 17:47:38.945985+00:00
79576567-0d01-4cf6-a627-241a31ece1f1,14c1c841-9caa-49b1-8226-c17686b89979,3005.98,2026-05-01 04:34:34.297936+00:00
25b6c1d8-28b8-4978-9172-06bfc4369c79,9de35e60-bbea-4cec-9da2-1d1a134e926b,3910.39,2026-05-15 02:36:00.886837+00:00
ab44c879-35d2-4bbd-a07c-79dd35084e70,96bac301-7450-41b5-9e94-289732b94e88,3475.22,2026-05-23 11:12:48.014653+00:00
c1fe4652-8feb-4e0b-9839-483d6689a4a7,02ebf2a8-28e4-44e7-b857-6fc2cca02deb,975.07,2026-05-31 20:45:17.417250+00:00
c175307b-bc36-4c5a-b2e3-894c3939fd02,a108b688-ca76-40b5-a5d6-de2c60e42826,1669.7,2026-05-31 21:24:00.900440+00:00
7bb9c46b-9ed0-40b3-b045-f1ca54fce24e,f7faf5ad-fab7-45bf-895f-07ff072dc1ae,2714.24,2026-06-01 01:27:18.638904+00:00
9051d82e-6712-4586-9a69-6d241aea9098,f48bd57e-7ebd-4432-a4a3-8e465cf098eb,2176.22,2026-06-01 01:02:47.418513+00:00
6c116fb8-1586-4f52-9508-d16d4e3c4e38,c48c3e94-c263-4c18-805a-03d4b556695e,1159.44,2026-04-24 03:30:21.709940+00:00
b67c3088-dd0f-4427-96e8-c48e838aa499,aefa41ad-8bea-49de-a36a-e462a51af8ae,2010.07,2026-05-04 20:19:15.952761+00:00
b9f245eb-618b-4e22-bc54-fb9ed3737495,7351104d-1028-4f0e-ada2-b28aee508ee4,894.44,2026-05-12 16:29:34.087677+00:00
589fe76e-cd3f-4f5b-b837-0b73550d8853,8cb5c266-ad52-4af7-bea0-e842416f9f25,3191.36,2026-05-13 01:27:03.932634+00:00
dec8d47a-048c-49fb-903f-655d295f189b,0dafe563-fc84-481d-a810-63cbb338026c,2182.14,2026-05-15 15:40:41.197942+00:00
078cc6b0-12f2-4e11-9c9c-cb15bc54dc66,855779ef-b2a1-491b-a4d8-e9f9e19c62e0,2841.12,2026-05-17 11:28:10.655455+00:00
aba44af3-9771-45ad-aa6b-858041cb8202,958bc795-85f3-4a02-8039-a29aea4c5537,3298.71,2026-05-28 23:02:08.814336+00:00
36559f22-6d44-4c36-918f-ffaca5565ef6,4797e3a8-7e69-4fda-a27b-dceb88f19714,1404.33,2026-05-12 15:17:56.526919+00:00
eee4d622-b8da-49da-a544-9d0652a91237,b4a7cae7-40e1-45d6-b61f-dcee01d1b381,2279.54,2026-05-15 10:26:25.299241+00:00
f1938c07-ee6d-4017-a653-b2ba2acfc6ee,1abfc702-2b14-4fd1-b71b-9f88817dfe97,2362.55,2026-05-20 17:27:24.879670+00:00
e4013685-de2a-4927-9e47-f275dad29f82,bf57ab1c-7e5f-4b95-b4f6-a58d36b7281b,1168.92,2026-05-23 15:49:12.019646+00:00
d6c88024-98f9-40ea-b8cc-6229af1e3f8f,95729ff4-77c9-47f5-90c9-0efcd8d99913,935.49,2026-05-15 15:57:10.215827+00:00
784d3029-c0e4-47f7-8f84-d47c74f7768c,b020fe8e-650b-4e31-a704-b626212e2851,1459.4,2026-05-27 16:15:36.954726+00:00
8d3f9f35-84f8-41d3-8eb0-36aace6217eb,effd2871-ac98-4331-a803-3492ff464537,2345.17,2026-05-27 20:27:56.662277+00:00
b906ca59-ece7-4e62-b4b9-12c1c6128148,73620aa7-4752-419e-9460-74e7f4f03acd,1177.1,2026-03-31 00:06:19.441438+00:00
298aa9a7-b225-4479-87ab-e6720c66ae7f,9396c330-8093-4914-9bba-1dfdbff04e2f,4416.76,2026-04-25 13:32:00.010720+00:00
9a0e0770-0ecd-47c5-a0a3-a4bfaadef848,00251e70-ab72-4858-af72-aea26dcdcf37,3209.28,2026-05-17 13:00:22.017680+00:00
2422df4c-2559-4714-8af1-3d941bf2e4ab,4d4cc9f7-cf8b-4a94-b360-119637ff90ba,2407.52,2026-05-22 09:19:51.607425+00:00
200d9a50-dbfd-49b7-9c6a-3a1bdd2f46fd,a9e37885-a818-452d-8d14-8d05d776342c,4460.75,2026-05-25 18:19:12.506891+00:00
d80d56d9-d72d-4a8b-8230-1c33f9b1f218,efd27544-d91b-4c59-af5e-7c36a1817a49,2960.28,2026-05-27 09:19:42.616293+00:00
10033944-123b-4f83-b7ea-21a73ed63b8c,0ad461d9-f193-4340-862a-4912b9c87ca8,4594.08,2026-03-19 23:20:58.100147+00:00
64f3973b-a880-4f6c-a0f3-ffece97631b7,3459546c-9528-4755-937c-9fb1b560147b,1899.51,2026-03-27 02:16:16.058593+00:00
f9666366-91c5-46c2-8627-a06d62a14578,1fce8b76-8071-417b-8f64-4210af6fbbce,4098.31,2026-05-06 09:37:58.207422+00:00
bdcfabcb-1751-4325-b919-0b1c133bc920,15e532bd-445c-43ef-9e9a-a88cb27795d2,1583.15,2026-05-07 10:04:08.733908+00:00
3fccaf12-b9cc-46bd-ac32-e3ad1d1c7b39,0181f499-6a4f-4029-8753-6e7c460b9132,3938.17,2026-05-19 12:38:51.750509+00:00
011a57af-2408-4d4c-b146-3858b2348811,85132a59-e433-4a34-b076-430bd0712e66,828.63,2026-04-12 16:22:48.276427+00:00
19d9eea8-1759-4e7a-bb7a-73b0f0bd9c72,edbd5837-7313-47c7-be5d-2f54f0335fe4,460.2,2026-04-17 09:56:05.798090+00:00
f648a010-8a54-4cfa-a65f-a55cbf7a624a,b2c06630-64af-461d-9b94-b91ce5b819d7,505.97,2026-04-22 04:11:07.029554+00:00
58b82f47-ef5d-47bf-ae4c-071aab559e83,f4f6c588-e6fc-4497-83a9-25a7b8f2b2f6,898.1,2026-05-03 17:49:12.651570+00:00
5a3476b1-8023-4d29-82e3-c374708845eb,864022d4-6b64-4774-b84e-86b11d489392,954.05,2026-05-04 13:32:45.246260+00:00
b6376a5c-8f79-4a10-a901-bd1ddcb5e9e7,23600656-bc11-444f-852f-18ef3c23c8f3,436.21,2026-05-18 13:10:58.300270+00:00
8f815fb5-b20d-4cb6-b800-588e5f40e7a5,9e04dc7d-90b8-40b2-bcec-2400d9edfa2d,1302.72,2026-05-20 06:03:14.663592+00:00
144890cf-e361-4c01-908e-132916985edf,7b204f4b-e804-4a1f-a39e-f71a2d43ca0f,332.3,2026-03-30 22:52:00.630485+00:00
ee9230f6-a56c-4e05-9157-9e0fe9cd9ca7,87372c39-4be7-4a3c-afa3-b463beecf9fc,1199.81,2026-04-17 20:09:36.968926+00:00
ea6d3f2e-0239-4370-ae40-49527ae06e51,7ff62a92-572a-45be-9a3e-a8ecc4915f89,797.57,2026-04-19 04:55:28.510427+00:00
7f167752-9cff-48ae-9100-b4413599a20a,661b9826-c853-4ff0-97ea-3a8406b2cde7,2057.5,2026-04-20 19:06:33.542530+00:00
a1242aa8-df36-43a8-bee6-1753607c8e6e,4a6cf234-aff2-4f4e-a324-ae6729aa61e7,1741.69,2026-05-01 12:56:17.944112+00:00
d30ca3b6-df69-450b-9f36-70aa10aa9792,b3eec9d5-b784-4264-88f0-b6f51f7f9a84,784.38,2026-04-29 08:55:50.460605+00:00
c3b23103-10e5-4089-b2c3-11b21611ed9c,f85efcb4-7981-4021-99bb-1412f2914160,868.15,2026-05-03 00:22:04.104123+00:00
19942f27-cc5b-4087-8f7d-13d90f5bd35c,49e8f0f6-a8f9-4658-b319-d31e7d1f5dd5,1190.49,2026-05-27 22:25:51.809623+00:00
1f56fac6-f436-4e5a-ad89-3215dcba07b1,fe52c09a-3a94-4097-8eac-49b548d528bf,1206.78,2026-04-26 21:18:04.611347+00:00
bf45430f-739a-41bf-8842-ffc65c49e620,66e523eb-c392-4776-b812-9c8d91ec4baf,1399.5,2026-04-28 23:55:20.504062+00:00
81d667b3-7489-4b72-8bd6-4737fad3ff86,28d1aa56-425d-475e-b3f2-f6ceb42a561b,2212.5,2026-05-28 02:35:39.816335+00:00
626a8d8a-8769-43b4-af38-ba357c67118f,6b19a985-9c9c-427a-9132-fc4493b77a7f,2210.82,2026-05-13 02:53:20.315377+00:00
efa3f77f-dd76-4a67-924c-8e2490056777,774eca23-06b4-4c6b-a0f2-d4416092de8c,1105.46,2026-05-15 02:17:15.493671+00:00
74decac6-21e1-4a75-97d5-6382f50c032b,4d1adf55-cb5a-477d-88a0-480a939c193d,316.83,2026-05-20 16:47:10.478218+00:00
5c168cad-c163-4587-88ae-b10c3f00123f,482618e9-a562-4b22-bf21-59b629340b29,2093.64,2026-05-24 21:53:14.534927+00:00
a2013d82-4970-4c90-9907-125391e3ab90,22c5d539-4244-4349-b98a-7c01568fbba9,1076.66,2026-05-29 14:46:36.108465+00:00
0b057fb1-6e97-4779-b5a3-313783019da9,c35605f9-fd12-4ddd-8eef-590220f867b8,1150.21,2026-03-03 00:31:33.064370+00:00
e2e9d492-cc9f-4f30-a5b5-a18ba20a2407,7b83bdd3-b9da-44cb-af9b-0775fc4e98e5,975.2,2026-03-11 06:41:04.918002+00:00
6cf99428-5f14-4d4c-95c4-413a888184d2,cc2011be-0303-493a-a054-9af668ffca73,703.82,2026-03-13 09:01:13.151969+00:00
f073a347-3f16-4549-b512-356ec700a555,a6f5fb80-06ff-4448-b869-8e9211aa0ffb,356.37,2026-04-08 22:20:05.403208+00:00
87ba5f82-3e3c-4a1b-8065-f63e2799dbeb,d62bb54f-f76f-4a64-b2f6-9b2a8c866695,1135.07,2026-04-23 10:06:09.578549+00:00
565e784a-d9d1-474c-b885-cc1483047388,983ec878-ece9-490b-91d1-b8cbb0bfac90,1351.76,2026-05-01 08:38:11.526846+00:00
81eb8a27-fb47-4fd8-8088-0a2b3e324e07,13d75834-9d59-4d0a-aa04-42792e04d90a,693.92,2026-05-17 20:35:17.748914+00:00
3a457837-8f09-4bea-b6e5-0ed8f8df1c1f,594b5fca-470e-4a0e-8a21-4ab515c5e66d,2141.95,2026-05-04 17:52:56.973189+00:00
f720b9a8-1784-48f0-a2cb-34979c780791,88814395-515d-4847-a04c-05546cd42c5f,3020.08,2026-05-06 09:13:28.495788+00:00
348dd93a-5aeb-4f32-bf13-c70f3acf4ecc,6a9d7602-14e2-433f-b534-23ce33296f35,3287.47,2026-05-12 01:06:06.536137+00:00
837a86d4-9984-4761-9b35-770bb7030c37,f05ed5d6-1c2f-4551-a206-df31b2799c86,2468.57,2026-05-17 02:04:24.910234+00:00
03f2a094-310c-4ea3-a8a2-cc578c3bf6f5,384af298-f9c9-4f8c-8f88-f061dd98e98a,954.25,2026-05-24 11:17:57.338257+00:00
84ea03dd-6166-4b57-9f59-da4278f9fd3e,f2893325-3edf-4c69-be8c-3a090a12b318,927.57,2026-05-13 07:33:40.573775+00:00
32fe852a-1fc7-4a87-b8d0-108b8446df45,115a0839-b061-4aac-96aa-abfc626a78cb,555.36,2026-05-18 21:38:53.330808+00:00
5bbc65bf-34a6-4f98-beb0-dbfe8dc978d3,4861a2da-5c87-4f2e-b489-e071b6af2c65,1187.12,2026-05-25 01:37:38.542444+00:00
5fec2d08-4ec7-4b17-8e64-b9a44f42ec1e,d4e6e1b5-0906-4295-8ab6-a0f528fc908a,1387.23,2026-05-29 06:02:00.091297+00:00
05053202-7d47-467c-b27f-134ce7ab1284,384cdb88-1d76-4e2e-8d6f-d9bbc350e358,657.15,2026-05-30 01:07:53.839284+00:00
c1fb0659-d52f-4dc2-bdfc-278d95cc72e9,a4d385ff-34e6-4c36-8446-558afb2ad508,836.52,2026-05-30 11:09:31.070195+00:00
c232cf09-3c0e-40c5-ba3e-2c3b99fa0e60,a2ecbf1f-9ee8-4aec-87ed-067eefdb10ba,65.36,2026-05-27 22:29:12.629523+00:00
d6fd9ead-60c4-470a-97cb-00a4fcf8868b,04312b8b-40d6-4290-8b8b-f57a3973494b,679.88,2026-05-27 21:08:00.478724+00:00
25ce3f83-0621-4531-9fbd-1aaa94413b64,2fc4b7fb-42b4-48aa-8fe2-3f12883bbab8,730.96,2026-05-28 23:01:53.140617+00:00
f1a3f878-5dce-415d-90b2-ca86cd5ad3b1,6e3686a3-f7e1-4514-95b0-c630ffb48278,334.89,2026-05-29 08:29:43.414536+00:00
e52a10d6-6edd-49b9-b38f-f742b0f1cae9,07b1f1e1-598c-4117-abb1-6b032dffeda9,508.99,2026-05-29 11:27:03.640842+00:00
033ce49d-01ee-4421-95ae-711d5a7634f0,da628860-794e-43a2-8480-e2c22986dd55,436.88,2026-05-30 02:39:31.730802+00:00
6551a134-4ba1-4ca1-a040-c11b56540ec1,dda85f5b-d7b2-441c-98de-7bec67987e48,376.89,2026-03-17 15:10:56.967752+00:00
b571e847-8b92-4e31-a67e-17db9fc0c6dd,44542981-1673-4569-893f-ed38c771369f,294.83,2026-04-02 21:11:41.347400+00:00
afdb548d-4cc0-43b9-85df-c2f5ffaec862,24b0f491-c9be-4c88-b088-5f63207c862d,10.0,2026-04-09 12:49:28.297631+00:00
5d8eaaef-c14a-46d0-a69a-64681217c74c,58f9e2ee-b8b2-409c-837c-31b4f476df6c,539.68,2026-04-22 19:54:09.666464+00:00
81acbc5b-3c7a-4c77-8a5a-7a47f1191645,7ac89fe4-e803-4101-baa1-8e5325dba370,1409.04,2026-04-08 04:54:47.250229+00:00
215d4094-f2cb-4744-be8d-fb69d70d598b,8288f187-a64b-4649-b893-ff6bdf90f3cd,4342.19,2026-04-15 05:26:09.826492+00:00
2fc3a1ed-7a92-4c1a-a78f-ffa7eb9f2a75,34089521-bf44-4033-8ccd-4956517bbdb0,3386.36,2026-04-23 09:23:10.412761+00:00
f22ebd9a-6afd-4a13-b870-78786b9b2b05,caef37cf-f221-4480-affb-555c148e8ae3,2908.39,2026-04-27 18:26:42.930313+00:00
6fbf2561-de33-46c2-aa59-c649c4bb54d9,6138fd41-59fd-463f-80d5-4f2c0dbe79a2,3610.87,2026-05-29 04:34:49.530416+00:00
62e07a9a-523d-432f-bbc6-b7193da21053,e3ebc72d-22e7-4328-ba05-9226827e0a17,2121.45,2026-04-14 08:20:35.831553+00:00
d3ca18bc-020c-4cf0-b0f7-08f4ab92c376,aff1c95d-42d7-4eb4-9054-11b97e14271e,4271.55,2026-04-18 05:59:05.255626+00:00
6627d100-be93-43b6-aac5-f157a0b141a4,259880a5-2338-479a-8bc0-2262507de1aa,4386.5,2026-04-19 15:09:24.557170+00:00
97217c68-40e4-4b8a-93ef-3ac6197a9d49,52eb566a-1d5c-406f-a3a4-ead076ca576d,6539.47,2026-05-09 23:22:12.873743+00:00
6552b819-cb1b-4bdd-8df1-8d9715cbb5ca,5c9f8a12-fc7d-4e58-99de-c9e83ce9128e,2754.23,2026-05-23 22:13:31.777186+00:00
d3674aa8-08ab-42e5-9e18-28102a437f4e,58bc65d5-cf69-4a53-8293-2eadf13a166d,3689.0,2026-05-31 18:12:25.091159+00:00
d9e5a670-269a-47bf-a323-48b37cb8095a,433ccfd7-456b-42fd-88bd-6aa029f60434,461.89,2026-05-17 06:55:43.537522+00:00
38887c8b-b1c7-45b7-b4f0-d1cb2907f55b,08dbc01f-8b7c-4a2f-afd6-101712c4fe57,3283.17,2026-05-13 17:17:26.820826+00:00
1f363fe4-3e0d-4faf-b21f-33e0d9815126,bc88c81c-a183-4447-998c-166d6316720e,5903.59,2026-05-16 15:58:06.414832+00:00
f47a64c9-c70d-44f7-8a58-0e9128d52dfc,2f5a598e-de06-46ae-a6ee-466a1f3aa348,10.0,2026-05-16 19:10:56.124871+00:00
caa98e0d-3595-44db-9d46-e6c7afdebde6,2742c1bf-bb9f-4163-a0c6-e6109d60e1b0,4956.86,2026-05-23 18:48:11.334224+00:00
0c3cd99b-e45d-415d-9b02-37594a8a6b33,78fa602d-f8d6-433c-8757-fdfd914d2ef4,4198.16,2026-05-25 10:34:21.292102+00:00
30f36a59-eda3-42ed-b185-fcdf31690657,d9e97ca5-e1ca-41e3-8c57-0512da1a1f05,5480.67,2026-05-30 17:08:43.205953+00:00
3eee15c7-b5c1-4045-804d-f1b7af59d173,d970e387-6069-4874-a372-7603d58d362d,944.39,2026-05-17 08:17:21.349907+00:00
f086425d-5f0e-41c2-8008-8ad27e7d1dd5,3fd61d3e-2d97-4740-84d7-78fb362f3a02,940.87,2026-05-22 04:16:51.816414+00:00
e5047743-2713-40b9-8419-24b1b382f3fb,fcaf9879-cdac-4321-96ba-64b7dfc3a44d,2594.32,2026-05-20 12:24:52.624691+00:00
adcf1c26-0d88-40cb-9bb4-61927560cb9a,06653bd8-6a5a-4b57-9f45-2042e1a8d526,1647.95,2026-05-30 21:15:59.106148+00:00
289c9492-1209-4908-a97c-7a387e22929a,37219ef0-d040-4989-9066-96a90a159ce4,2480.06,2026-05-30 19:33:09.780660+00:00
f67dab17-4e1b-4928-a30b-cf8fdb1caa4f,3c897531-1456-46d1-a4be-55465f576131,2147.22,2026-05-31 00:22:43.955074+00:00
09d6436a-46ee-4884-b60e-dcbd3ce594ca,4ccfc8b2-7b4a-4e14-bfd9-3fafa6d37bc4,2167.4,2026-05-31 01:03:22.994025+00:00
8e6f3e63-b729-42eb-80da-a1689d3ba032,fef7eb60-3f26-4a43-a11b-377700464a31,1419.66,2026-05-31 06:52:51.732695+00:00
f9bb5931-a0e9-4dcb-b0ab-235982b6d973,44c5c538-0285-4ec7-8a5c-63b3efce08b3,2747.96,2026-05-31 13:00:12.557207+00:00
474b8d4f-2011-415f-b500-06f5b0ef3662,48dea665-44db-4f25-8e43-370f8840a33a,4848.14,2026-03-27 19:59:05.973165+00:00
3e7e9f5d-cb2a-4768-816d-6659ce214eff,b1b76ed0-cfe6-4547-9ef5-6478477751ae,7132.24,2026-04-07 18:19:00.284203+00:00
1d3d80f9-10a0-445d-9dc6-99b04f1d965e,cfaf4f15-4106-4548-9db2-e9187416e408,2460.92,2026-04-09 12:33:31.139595+00:00
023ee27e-7ae2-47a5-a2fa-a42a2290f6f6,bff0a042-baa5-41d9-8aef-03a0d3bbf32a,1775.38,2026-05-09 08:05:26.256122+00:00
4b7e859f-4b5e-46c4-8749-66f4f341ef39,f7a77dc0-2927-47cd-8f16-4354300dd19c,1700.09,2026-05-17 07:16:13.313343+00:00
a0a8e101-e719-4244-b22f-fee2e14339c7,33b5215b-fb0b-4f77-bb57-ea350ceebb27,1220.2,2026-05-21 09:02:48.461508+00:00
750511c6-7ae8-4c87-803b-6c1dbd51f3a8,90f45b2f-a5d0-40a3-ad24-b300b0217b5b,1664.65,2026-05-02 17:47:31.398013+00:00
f8cf77b2-88d6-48d6-920a-2ab5dc11800f,f79e9d35-cc25-4bb1-a6a7-23676a32076e,2823.86,2026-05-18 09:37:33.012216+00:00
a79dbfd7-73c8-425d-b181-b69f240865fe,8d2cf1ba-c99d-4686-b1b7-b8f65c4ac9ff,2755.21,2026-05-25 23:59:50.140580+00:00
27e07aaa-d449-4e8e-8709-e7250e3aa312,4cb38419-3344-4aeb-b6a1-3651b2df55d3,1477.39,2026-05-31 19:52:12.148280+00:00
ea0d7cf5-0e28-4bf1-8557-aa2db36d8c79,941b0520-f6a1-44fa-89b8-53b8978d8102,2370.72,2026-05-30 18:51:58.251505+00:00
457b6a96-2eb5-4f9e-bf42-79480bc81308,65118a3b-cb8e-497a-b3b8-44b84f38610b,1946.67,2026-05-31 01:11:02.954074+00:00
458f08c3-07e5-41b7-b1e4-b27996b66083,e3e682f4-e822-4a54-a6b6-ecee5e24934f,3040.52,2026-05-31 06:35:26.665838+00:00
31e61446-ab8e-45b6-97c0-2c299cb6ef8c,0f46048e-e127-4e83-9f78-3b6c119dc441,1175.51,2026-05-31 16:09:16.708929+00:00
2d6c4427-284a-4ed1-b56f-c4edb94a224e,3cab51e6-253f-46ee-abce-3f7fed31a5cd,923.25,2026-04-01 08:40:47.308209+00:00
a60079e6-fc3f-4b1e-b22c-57c973a9b4fc,66a2ac87-d727-4872-a10c-facd6d0c99ab,5703.37,2026-04-19 05:41:43.151824+00:00
2cbdae9d-5c90-4774-b62c-22c0ebad06ef,e35e047a-1b97-477b-82ed-df463638e59b,3759.48,2026-05-20 22:12:38.954255+00:00
2d1ba3f8-1d1b-4f22-8613-e6413ca486dc,c7be8520-34a9-4ff0-b373-d6a7a4ba8e65,5826.5,2026-04-24 23:22:39.791078+00:00
ae63769c-21d9-4e26-a3d9-3e29c49ae0d1,ca4aa303-2306-439a-b53c-9f8930436c12,5422.81,2026-05-21 17:33:54.027075+00:00
71928be5-1229-4307-82fe-eb3cb873ac73,f75deb25-b602-44d8-8725-171e316ea0d1,6048.52,2026-05-29 07:06:39.405712+00:00
daad5cc1-6eee-46e5-9f8d-70993fec7242,994bd0f5-ab4f-473e-b51f-9b94e19b93f5,5729.37,2026-05-31 15:51:38.263313+00:00
8d8e0a60-5b9d-476f-8932-3cfa19ae47d4,bfd96652-d8a6-4101-a2aa-b5c6fe021ff3,5693.36,2026-04-27 12:33:06.536072+00:00
9a49dc8a-9fe9-4beb-b915-a5c3b7a389ab,e1f63b29-2229-479e-bf74-97b6e72f2c57,2243.39,2026-04-20 19:26:23.536216+00:00
51257509-392c-4872-8dac-97e8ea05e766,644cfc4d-5963-4d82-9687-001b718e45a6,2082.73,2026-05-06 07:19:20.928790+00:00
b82563fa-5382-46d0-9185-be657007b776,4f627d39-2ade-46f5-935e-a015df4dfb5a,4575.75,2026-05-11 12:50:29.866083+00:00
9ec1a873-b90e-4d6d-95ab-5c2f38b03687,95830108-a128-4b5c-b33d-2776bede646f,5019.18,2026-05-17 06:55:16.792476+00:00
bb200047-d0da-4a1a-ba3f-dec08f048e17,691be6e9-8150-4dcf-ac70-4175c19b0a83,4375.49,2026-05-18 07:29:51.082614+00:00
5074d517-5994-446a-a18a-44122287fcc9,8ebb7d7a-f083-4120-ba1f-b30f803a65a9,6634.13,2026-05-22 05:24:05.228603+00:00
994c282c-8080-4ea9-86f0-eeb20ddea2ac,6e6626db-c6ae-41be-98e8-869c247bbc00,3380.27,2026-05-10 07:29:37.884482+00:00
1643255d-f506-4bff-838c-5dc9df38f12a,3e645afc-ad32-43b3-8afb-15c2af5bff77,4740.54,2026-05-13 08:50:53.980636+00:00
fbb3bc9e-6081-4ebe-9cd5-3c3925827ad4,e94c0164-d0c4-411c-bebd-538143dc957c,3610.77,2026-05-19 00:07:04.658944+00:00
fdcfe487-5772-4f5b-a2f6-9fabc8af504f,e7ed4246-c469-43d4-9c45-19ec168f5a55,848.39,2026-04-28 19:12:43.172894+00:00
f7801786-e8dd-4b6b-8d2d-56444cc5aaed,99356a1d-34c4-468e-9ade-251a7009b842,4082.46,2026-05-30 22:56:07.448965+00:00
273a0417-40fe-4bcc-bc21-1cfd5f6e007e,26617d38-8564-49b7-8abf-602a57f0d24b,4846.13,2026-05-30 23:15:23.241600+00:00
96b31f37-f615-49d5-b7e4-82137e05c974,89441610-a54a-48dd-8347-ee04a0830f56,2520.04,2026-03-20 09:27:28.317034+00:00
d4b8eb8c-eef2-49d1-b7c8-655ced786112,b2f50726-ea57-4dc0-a0d0-c66f51133071,3342.49,2026-04-11 16:06:58.667284+00:00
65c69b08-a58c-4322-82ad-6581c1135f7d,fb0a22cd-b8ef-4d3e-b372-0d9ae1be7542,866.17,2026-04-12 21:20:09.617679+00:00
9fd99e13-a83f-4279-9fa2-952404758f66,4008a6f0-e01b-4d7c-8221-99dd931e7dda,2561.22,2026-04-01 17:06:23.154351+00:00
acd36af6-356a-4810-a162-3f15e45840c9,5230597a-cd09-453f-81ed-89cebb128557,4572.91,2026-04-22 14:38:45.998672+00:00
87e5d337-2f3e-48f4-a817-31ba50854669,75ac5c5d-7a43-4146-b882-aa053d868aee,685.06,2026-04-16 21:04:45.615178+00:00
c391204e-fa3e-440c-ac73-eee695567d86,bfa8b918-f308-4623-b3c4-1b674e8f855f,403.13,2026-04-22 13:41:54.326364+00:00
a918ebcc-c0fe-4cc7-b811-33ecc5b27381,b7c5e2fe-6b64-4b51-baf1-4067feadca5f,735.78,2026-04-22 20:16:58.253412+00:00
30152e4a-2718-4a1f-9752-3f2fba331341,54b6d5d7-d166-495a-ae68-d11c6762597c,745.36,2026-05-01 00:58:21.579787+00:00
4525f009-9799-49c2-9042-3ea247e18c68,74783e09-6b70-404d-b603-7d5c68b01f64,140.04,2026-05-22 17:47:40.146854+00:00
7d41c0cb-9a9d-41f2-8fdf-aaf5db995caf,82c01934-bf0b-472a-b6b2-2408aa0cb2ff,1168.35,2026-05-14 20:20:27.708986+00:00
d03c5f8c-467f-4ea7-9280-bd8eec2cad2a,b3d20315-754b-4666-9487-be163b798795,1828.1,2026-05-17 01:39:28.197942+00:00
e0679c45-331d-4aee-894d-40e7782df7b6,2e3ae499-39d3-468b-949d-65058b9a7a32,1037.18,2026-05-24 04:01:21.811310+00:00
18e16ea1-f011-499e-b29c-df20ce617bd3,b29a5ac6-fa1a-4d40-8f4d-42f7e9e15544,787.31,2026-05-26 12:00:04.207253+00:00
5c4a59b7-0c3b-433e-8fa0-eb722ffdd4aa,08d9d6c0-242b-41ab-be8c-7539474effae,710.25,2026-05-30 18:14:13.109522+00:00
64b8255d-9f4b-4e6b-833a-5dfa5c4ce02f,46d9ad4f-0e07-44e5-92f0-652d506aa16a,1985.54,2026-05-15 02:59:29.343754+00:00
e9b349a4-1291-4e97-8c67-65c689fd3e94,310316f5-6688-48d4-93a4-2ada8417def4,925.93,2026-05-18 23:00:57.990338+00:00
86a4566c-51db-4132-9b03-957d5fca5ba4,d837db5b-7aa8-4eb0-ac78-537d02203a17,1861.73,2026-05-21 10:00:24.554692+00:00
4c422188-c95e-4f36-9175-c8d2d12009db,6d22cd31-859e-48cc-98b0-f02921e66124,949.23,2026-05-25 02:15:47.147623+00:00
82ecdffb-f9b7-44d6-9afe-2c797033b93d,3e3aaeff-a8a3-48b8-b510-1e15dd25e568,1262.35,2026-05-28 08:31:15.909706+00:00
16320b71-afe9-44ef-bfd0-0fb9db43540c,ad63a9f0-c358-4fc8-b8d5-a2fbc8e806a9,357.19,2026-03-19 21:55:28.631594+00:00
aae2a0e1-2368-42a6-84a8-1099cb6254e0,d9441f46-f787-4733-97d5-ead81a76ff64,516.71,2026-03-26 15:51:52.425311+00:00
2798e8b6-5780-4bbe-a4d3-72affdea61a4,02622d34-bcd2-422b-a0e6-5b3e703ee3ef,589.53,2026-04-04 02:13:09.323189+00:00
bb88706d-3d7c-41ce-b29a-1c392f3fb241,237ee48b-5f1a-41ca-9b3f-b3a8c7ac5dd5,711.13,2026-04-05 16:57:51.934847+00:00
fe68ed94-7cff-46c9-980b-0fde741c8243,ebfcef9a-fc2b-4403-9181-1fbf4915baa3,505.62,2026-04-29 03:13:10.339667+00:00
974fbb35-6a06-4b40-81c2-82b508a4f362,b78e2a0f-bd13-4a85-bc1b-f4041886131f,312.72,2026-05-11 04:34:57.267976+00:00
b4e55891-b6a5-42b1-8c3a-4fbb5d138f37,7f2e1f02-667f-41e6-9a08-8a4f36ae89d4,838.63,2026-05-03 20:58:02.176639+00:00
8f315e42-6117-46ce-9bc0-2ef5c6656060,b68a0335-319d-4544-befe-9849552afcfb,609.78,2026-05-10 09:00:09.053896+00:00
e26c740c-ac2b-48f6-bebb-54c7c4751560,a0dc50d1-7f6c-4838-8f75-9ed28eb57045,916.67,2026-05-11 15:00:03.847752+00:00
12339baa-d41e-472f-a19d-d7b1563b7cf5,30bc0183-2732-4b13-801a-4637751f40ba,876.53,2026-05-16 18:04:23.651293+00:00
fdb3aa64-1f13-4f0c-9efb-a3e40bfa9e92,4030a208-332f-4410-a0de-03ab1b40126c,4779.57,2026-04-30 11:26:39.339806+00:00
807e0704-eaeb-4115-b814-17c35ba948bf,5b75d3dc-f5ea-49cb-b27b-39e77db3b650,2478.92,2026-05-03 19:26:31.231694+00:00
284c7010-b446-4f07-96f8-5e1c3d5dfa0e,aab558f3-d6c4-45b8-8e71-af280a21b86f,676.86,2026-05-05 12:09:47.584171+00:00
c7f82392-3bd8-4d5d-8a03-4b8a1b4eba4f,bde1bbe7-f833-43fe-9043-31982ea5bfd7,10.0,2026-05-13 16:52:54.795303+00:00
83198411-10d4-45e4-a735-5234d303250b,9695b3bf-a770-4f46-b99f-afe935b145cb,1705.03,2026-05-16 14:27:55.891811+00:00
43bb2df9-59de-4201-a178-d79cdd2237b9,f218c82d-14bd-4fce-a47c-e78ef6ea2358,1975.89,2026-05-17 11:52:55.493509+00:00
55d8115a-45cd-42f4-85b0-4975564e7bf9,2f8ea94c-a722-44d1-a5d7-6d5331e74623,5115.52,2026-03-17 04:05:22.290193+00:00
d6b9c95e-c280-457d-a84b-3739a1f66e0c,fb376cf7-f948-4733-88d3-187b10a9f585,4982.26,2026-04-12 17:41:45.541225+00:00
914ad9e9-d312-4031-addc-d54e93eae3e8,6aa3b3c9-cea5-4051-83af-4437ccaf941a,8856.09,2026-05-10 14:59:06.684669+00:00
2e8639e5-fcb6-498a-872c-cd9a09b3639f,e987ae99-9445-46a8-b4d1-88a237d07844,5920.73,2026-05-11 07:02:00.458043+00:00
cc53ba71-2231-4e87-b9cd-8b94252a234d,d7ac42ec-3f1b-4281-a9a0-5f3988025e43,4934.58,2026-05-17 00:13:42.281408+00:00
aa338af1-e45d-4d7a-90b0-c6a0146bad20,0d477843-d107-4e07-a14a-49a03378eba1,1551.95,2026-04-30 20:34:26.115764+00:00
1581a8c3-bf2b-44f1-a032-102567fa9380,76504bdf-068f-4c68-82b4-0b97c2aa1386,1818.04,2026-05-21 06:35:55.919481+00:00
36867f8e-28aa-485c-881d-465dffa9364a,f834adbe-c5c2-4106-b38b-00dda78ccbb9,10.0,2026-05-21 18:21:10.612357+00:00
0a9a5577-ca9d-4ee9-ada4-1c08c75fe092,52d94e9c-0341-4071-a46b-3232f5e7d0d3,3214.83,2026-05-26 12:09:37.777202+00:00
16c16163-a6a1-4c34-b621-743f0d551258,5098a7e3-7e2f-48e9-900e-aa12452c5efb,2498.39,2026-04-15 00:28:16.267856+00:00
5ed2c600-c08e-4d29-845b-c337cf6ab24a,3693473c-7c0e-45e5-8166-f5feaf3cd801,2267.16,2026-04-30 10:59:08.484940+00:00
46607779-107c-45a7-aa19-c6b9b71378e3,564f50f8-522c-4ce8-a1ce-c47dd31cb333,1751.78,2026-05-17 15:44:28.956631+00:00
8741d61e-aa61-4f58-ae60-f25935ff32b5,acaa623c-4b15-458b-989a-773ce04b4064,2410.46,2026-05-19 13:46:44.288557+00:00
200f19af-5675-4012-99da-a17243bf9442,079497e2-7715-4926-a710-1296e6ea40b6,1687.64,2026-05-19 21:11:59.520046+00:00
070fb81f-725b-46e8-ab81-e9455cb2fbbb,de322fa9-0921-48d9-a4cb-1589e7e21d7d,1680.61,2026-03-26 21:28:30.688845+00:00
101103d1-91f1-4423-bdeb-ddf830604b99,a9488494-ff90-4201-afa8-28059f0bdc2d,2882.51,2026-04-13 13:46:13.500163+00:00
ec50554d-aad7-4881-bc97-b5ed945a87c1,5a718c94-6bba-49bd-8af2-2cb438d908af,10.0,2026-05-13 01:08:48.751485+00:00
444f6fb5-9c43-49a3-9fc3-31af7663aea0,17b070e5-af6e-43a4-a8ad-ee64e4028017,3927.95,2026-05-18 01:14:41.941460+00:00
09f28943-09a3-4723-a474-83f3ab9daac7,74df12d0-b589-4f37-a60b-c20898b37246,10.0,2026-05-30 00:58:40.466353+00:00
549c391b-e2f6-4952-a706-6942a2316ea6,0b877de8-e2d9-44f8-a894-c8dcd8c4fb20,2942.19,2026-03-16 10:16:09.727234+00:00
ec4153f3-1b0d-44e8-8c43-2189a0f24865,0aa684da-6df2-4a7b-8279-6d48a80bdc8b,3035.37,2026-05-03 20:08:07.720574+00:00
41a1b8a2-b39f-470a-ab15-17fa1306b974,2f859fb4-64cf-4371-8de0-f16884006bfb,1347.12,2026-05-09 04:50:03.592874+00:00
02381e5d-5c5b-4ec1-86a8-9c0578e14ef6,4cb6ab9b-46cb-46fd-8fba-2b1220a1d29e,4968.81,2026-05-09 13:59:31.127590+00:00
2c411297-28a8-489f-852b-2c6af4960aef,5b8d8bc5-1d6c-4c0f-9a0f-2d43594c254c,7812.97,2026-05-12 11:35:47.965327+00:00
b80040de-5e6d-4c4a-898b-eb7fa548c411,ab2cee81-3946-4c71-959b-82ad32c0a7c2,3442.48,2026-05-14 18:48:39.395968+00:00
50701ee3-14a4-4dba-b68f-8a23103b02eb,ab983092-dace-4725-912f-f38a2f78d033,653.4,2026-03-17 15:02:39.502681+00:00
9e62e4f9-ea0a-42ee-aa48-48d98944d4f2,2742786b-b3bd-4ef5-bf0d-18e6917befa4,344.8,2026-04-27 09:19:45.125381+00:00
9962e6f5-1dbe-4695-8861-62264d059d0c,68254a76-447b-4c7b-898e-ceeda575a36d,813.04,2026-05-05 05:45:34.586016+00:00
3c8674c0-d859-4e98-b2da-876caf756197,d6c4f8ef-9f47-4ea6-b55a-69b30c695cb6,705.1,2026-05-26 11:39:02.445492+00:00
08b101e9-8b04-43f6-a6d9-5dbc0c2f7236,ff4aa83e-baa0-4017-815c-4351a9b0e479,3763.0,2026-04-19 08:10:20.358898+00:00
c400b7d4-6f7c-480c-ae65-60e1bb4a3f8d,6190ed97-6b83-4cd1-a730-a529bb94f419,3334.12,2026-04-23 10:19:03.587613+00:00
899b5878-6182-4a28-98d5-20b03f09dbae,1cffade8-0016-41bb-a3a4-672a8fe50848,2070.38,2026-04-23 15:40:10.461653+00:00
61d3e741-6740-42a4-b73b-0624c8efbc34,bd1afb91-46be-42e3-a3e4-aee2602f897f,1574.32,2026-05-05 06:02:40.642045+00:00
b0f99b80-f252-405b-94d1-3411cc709525,67dccf69-a4aa-4812-9cfc-2d874a30d97c,3100.33,2026-05-20 00:38:41.286879+00:00
f35f4860-0228-4d9b-aa2b-dd4d7745d198,0af2f6d8-0947-48eb-bcc2-2000a2596668,1525.28,2026-05-25 06:59:50.436109+00:00
84d74939-65b3-4f80-834b-e9581ce92656,116fdade-f787-4183-984f-e3b71afd1d5f,1158.49,2026-05-07 12:34:17.153740+00:00
88b75893-7e28-4442-b60c-af10911fd816,27c8ecea-bccc-4ee4-8bbe-3194a14108ad,3732.19,2026-05-12 01:19:29.307185+00:00
0ca2374c-3644-498d-ba0f-75df852f13bb,727010b5-d73e-4b06-9729-cd5c7ff5e458,4491.68,2026-05-25 23:13:15.908711+00:00
22900ead-0cab-48ba-8de4-548d22647cd6,2dfa1e8a-6627-45c3-9e53-b7b7fa6b3b3b,5655.31,2026-05-16 03:48:03.910443+00:00
01650564-ec9b-4905-a0da-0a8ed0e478af,a9a15b52-66a9-4627-b140-14578bfa6b38,3218.77,2026-05-22 11:43:19.790220+00:00
1b522ee1-2db9-47f8-ad18-dbb85add7f20,31080cef-a5df-4216-b763-fc364ce3e92e,3186.92,2026-05-30 00:39:38.821646+00:00
1fbe1974-8586-44fa-8596-633cb9310bfd,363f1871-b5e6-4aaa-a2ff-745f5c6ead96,2699.56,2026-05-30 10:58:05.051294+00:00
b000d42a-0e97-46b5-a318-effbd1883305,babc4fff-4637-4684-a947-135290452d4c,1987.4,2026-05-31 14:44:40.096462+00:00
0bb4c841-0d45-4046-8d6f-1a34e8328725,47b4b5a8-1cfa-4ddb-82eb-dce6b33f6dc5,2717.86,2026-05-31 21:54:43.904238+00:00
e7832f24-8d31-41c1-b644-5b9c5575173f,32895ec6-5a1b-446a-8975-1a40f3dc0afd,422.36,2026-03-14 06:01:32.605633+00:00
27fb1ec6-81b5-425c-baee-7aa41360c729,6a4f3f47-61d5-4121-a093-e69f987fbc41,637.67,2026-04-01 20:43:23.299719+00:00
b655650a-d518-47dc-9e20-85477d414fb8,401e2762-2f76-40f7-a2ed-f84573b6f805,391.47,2026-04-22 19:59:37.172072+00:00
908d4be3-760f-47c7-aa15-9b396dba7453,c86d1046-c687-4af7-9e29-3fb318e62e5c,241.79,2026-05-07 04:49:03.162106+00:00
39a08020-628e-4444-9316-fa4f9d312242,4154d0f4-fa24-4c73-976f-13117befa3de,373.38,2026-05-28 00:08:13.882466+00:00
eca1fe41-ae34-4d1b-9d92-4e5a71b2c6d3,cfb72963-7404-4300-b026-e725d8e2f7b7,4759.45,2026-04-12 19:56:12.122188+00:00
54e3fa35-b40f-4fda-861d-5bfe539a9c4a,e451fafc-bf19-45c5-b70a-35168f6f9dd2,3030.73,2026-05-24 09:05:54.890069+00:00
63f0e68d-6e1c-4cf8-b05b-cf1af274cc0d,d9933e6a-040e-4ef8-b571-ee05628c64b6,915.51,2026-05-31 13:44:46.652207+00:00
973d9e2b-fa6f-4de4-b7bc-581052da934f,d9e4a1d7-5c4a-41a7-bb6f-447804d6dc74,746.18,2026-05-17 23:58:22.524454+00:00
16cdd21c-3e7b-4472-b182-017a6c6758a4,9e2a52e9-20ed-43ff-be65-2113f89aa0bc,1334.77,2026-05-21 12:27:26.159883+00:00
e2297b1b-42a9-4112-a42e-ef23b3135943,389beadc-5a5d-4174-9a18-d825a30e8caf,549.54,2026-05-21 23:31:49.405161+00:00
b0b27852-678d-46dc-b2fe-f030898dd389,0422b60f-885c-47d8-ba49-091dcd62b90e,847.66,2026-05-23 09:55:22.574263+00:00
436d5a06-1bb8-48f4-8810-4c06c3914cbd,ac83aae2-16d5-4294-9d2f-60dea35b361a,207.75,2026-05-26 01:36:30.324535+00:00
10e24f41-5530-4452-94f4-e7d0121b4f01,8898e037-0577-4a36-a417-22a985779351,1105.9,2026-05-28 07:32:36.817852+00:00
2e40850d-b168-4f69-90dc-e44c85c0f252,5e5e1ce5-6702-43e4-ae64-981a33ead3f2,5152.79,2026-03-11 16:52:19.178703+00:00
fbe2ff22-926b-4362-b29d-949063254e43,f38d86be-61b4-4fa2-8e9c-e0b5cc268213,4326.96,2026-03-26 22:50:59.503917+00:00
ae9b3510-358a-40cb-ae38-4031550458bb,e083ef5b-61c6-43e9-9187-335aa706570d,10.0,2026-04-29 05:26:59.547509+00:00
fda5d440-dd83-4399-b062-a014fa8c9a4c,19fdcc55-1f64-45ed-945f-c8e1e1452534,5755.2,2026-05-20 15:29:56.628576+00:00
458ab39b-3491-4ff8-8b27-38af7b109bd5,3676b82c-e839-4550-97d3-8b4a32ef4612,3914.82,2026-05-22 00:53:42.722948+00:00
ba524f16-5a87-4f78-b401-429d90990456,bf5cc72d-eecc-403a-b5f3-725d686b21ca,4204.49,2026-05-28 20:50:43.435767+00:00
850c8a1e-de3e-4dda-9ad9-a207067dfdf7,898fa6b0-c952-40a7-a097-9b3169787fc3,163.39,2026-03-24 06:55:59.200002+00:00
14e7f2a1-2943-43f6-b199-b667bc7412ba,81806b44-c5f4-4718-a7cd-1f603c50e031,289.91,2026-03-24 21:48:52.613038+00:00
523bdee2-67e3-4066-813f-6909a92e9976,283ffc81-170d-480e-acbe-322a680753e1,352.66,2026-03-29 18:30:30.374241+00:00
803f2a36-b7c4-469a-868c-b8465d3a801d,60305cd7-b0f2-4857-89b9-7a2469535541,499.09,2026-03-31 14:35:38.638303+00:00
f99b4df6-42ad-4272-ae21-c96af203f40c,6b47897f-3186-4331-9c7d-c1f60f699d16,668.69,2026-04-06 19:06:40.254048+00:00
d1055868-03ff-496e-826c-62b08a92a25d,4bf4f430-1a45-4e07-afdf-3e6ac7e51164,3358.86,2026-04-08 20:26:06.669931+00:00
5dc5e4d4-384d-4cd2-a45d-72462f814939,b9b8bc13-babd-4eec-b8b5-4a5595daf162,4578.0,2026-04-30 00:17:01.952446+00:00
cafd0c29-d0bf-45d6-9e38-f3fc5d74f8b0,b695accd-ecb2-4076-a4bc-f437c679e95e,370.06,2026-05-01 06:47:06.553149+00:00
37565cfd-9c94-4c2b-992b-e7b94671660b,0e211d05-2e95-4263-ba1d-9ee50b62b8ed,451.78,2026-05-03 20:53:38.973337+00:00
390c8d07-c0c3-4115-bd67-483749617e0e,05e2a57c-6c1e-466f-a124-b7dd8ac3cbf9,905.91,2026-05-22 12:06:25.624077+00:00
3a56b574-50e7-47ef-85f5-f444a8e19a30,03fce4f8-79e0-4200-8d2d-40b18e43516b,2026.5,2026-04-23 19:30:26.305192+00:00
a41be8f6-37c7-4e39-ba2d-91a1a6b3d5ed,cf044c7b-7913-4cdd-9992-1a7045aabb06,1734.57,2026-05-20 18:41:47.292583+00:00
f1035e28-2148-4593-ab42-836fc13f15d6,6ced3f87-b51f-49bb-bd67-8474f50c98c6,1345.64,2026-05-28 21:20:24.504353+00:00
df82ab97-c897-4160-a823-c57e8310bcf1,9d73f189-0a70-4052-a46f-2d19865f68b3,25.71,2026-05-19 07:17:02.643658+00:00
ef81eca4-a793-41f6-a55a-f101a713a622,258ab3c9-baa1-4296-9a2b-eee64a663c96,247.32,2026-05-05 17:27:06.404594+00:00
ce970f7a-a85a-4060-bbaa-5fd6c3c4cd2b,99e4a470-a1f9-4c59-ad8c-5d7f2c93d952,220.7,2026-05-14 04:01:32.194983+00:00
d9ebc7af-6728-47bf-b981-a0856c391b13,14647068-9298-44a3-942e-d6a8937317df,10.0,2026-05-16 09:27:46.049320+00:00
c77544e3-eeb0-4137-bcfd-66b6b252f982,c36ef51b-c4d0-48b8-95cb-fc1455fc1732,2331.79,2026-05-18 15:23:19.217110+00:00
f6923dc1-9956-46ed-9b15-a6fc92937341,8b53d861-abd1-4c13-a462-94d2cf9bbba0,2790.59,2026-05-26 14:54:56.972691+00:00
436ec6a0-5d16-4669-8c4a-04a979587eeb,b71860d6-c6a6-49ed-bb03-e593ad6972bd,10.0,2026-05-27 11:23:14.807711+00:00
318c59a4-8b06-4440-8c45-d359716ead22,a64eaa46-3cca-446f-b498-6768cfdfa6e0,3444.15,2026-05-27 20:42:38.072295+00:00
c89d1826-ac49-4722-af7f-f4fadaffa17f,3bb9946a-4d78-444d-8891-0af1edd5de69,1582.45,2026-05-31 19:12:08.466636+00:00
9f7ee923-4d58-4494-9da7-94838cd02e72,4b16c766-030e-454b-a84a-ed289e19cd96,1491.03,2026-05-27 02:09:25.718784+00:00
38d5ec78-f9c9-4ba9-ad8a-1b29e5c2d4ae,b9703cdc-c8b7-4032-b790-5249c900c221,364.52,2026-05-27 06:26:21.665661+00:00
4f9a72e9-b164-49a4-8713-d75b40e58a98,8a599c4e-778c-4b90-88b6-a1cef21a69d0,2569.01,2026-05-27 20:18:42.296513+00:00
339ac698-32e8-4577-8ed5-dabbc3f05e63,56df0a07-9fb1-4095-a634-2804c649b533,2104.63,2026-05-31 18:30:28.263015+00:00
99d5648f-90b7-4801-a48e-b39508ad5465,1e44a6a7-d7ac-4e1d-b75e-25351b480a89,320.06,2026-03-19 14:53:43.264399+00:00
eebb00c9-74ab-4612-b1a2-271168cd0ec5,81482c62-d233-4a6f-a5e5-e122d3c0c4e0,1032.59,2026-03-20 01:15:50.244191+00:00
65d0c962-85a5-4cc0-be3d-da6e579b7079,c8e9c673-8615-40ab-8638-81c317269ec6,178.68,2026-04-11 06:20:59.693502+00:00
43e1f9a2-0a0e-496e-b099-1a6fe60cbb60,7bc3251d-7b4c-48c2-bdc7-e4c9d04894c8,770.39,2026-04-26 11:52:09.251020+00:00
5cea39f8-b49a-4379-87f0-d130bb68fa29,050a66b7-581f-45a3-ac3e-4913d76dd6fa,566.75,2026-05-16 00:05:59.861872+00:00
6055b1b9-bf23-4c1b-adac-5fb0f9fa7750,cdaad63b-f0a9-477f-a16e-101508cd665e,321.82,2026-04-10 19:58:46.941049+00:00
014e14f5-25d8-4b50-91b2-aa712a2cc686,4d628123-23ac-4727-ac80-aa2071116ed9,552.91,2026-05-22 20:58:05.839006+00:00
1699a905-c622-4dd3-a2fa-e6ac14c866e5,bec4acfd-ee24-4d95-8e94-f5c117743765,444.19,2026-05-27 20:58:11.531149+00:00
ddfc848a-67e7-46a8-ac47-ce3faa92e442,ed1be82d-fa01-408e-beca-8e00b4d604bd,6450.1,2026-04-29 01:52:05.562543+00:00
3782a479-9446-4772-9635-a1ca71b0cdbb,3192e8b0-8588-412c-a782-ba1bc11ae71f,1734.95,2026-05-08 06:50:04.094605+00:00
31852496-59d2-4ef1-85f2-e66bdd6fc763,c7f33ea5-b1a9-4499-a51b-6e5ff129e02b,2080.96,2026-05-09 10:04:23.356761+00:00
7259ca93-cdb8-4d3d-acea-963e19013d54,898d0cee-ff1d-4693-b36b-6b93d89512fe,1840.63,2026-05-20 21:04:27.494926+00:00
d75f3203-441d-460d-b5a8-00d1cf59ba33,bd7d1c57-766a-41f1-959c-b2c588c4b821,1333.82,2026-05-22 11:55:43.074323+00:00
6defa35e-cd3f-4e5c-a674-38a527d584bc,306f58f1-c6f9-41f2-8898-aac345743ef9,982.44,2026-04-03 15:04:12.885741+00:00
d3bf42de-66dd-4f9f-8aac-d716518e70dc,2a6cc210-988e-47cc-b065-8782ea96b2cf,542.26,2026-04-23 21:47:51.668854+00:00
06506484-63df-4158-89b4-ddd5c0c6481b,00500796-35f1-485f-bd59-2f3567b6363d,1711.83,2026-05-25 21:53:36.447986+00:00
dfc08ca7-d8e5-453e-80cd-ef2fea0b1fd6,79e9460a-5f49-4b4b-bff0-d93d2dc22079,1218.15,2026-04-28 17:19:13.498831+00:00
e147d6f6-f6ea-4284-b519-25a28d3b9674,1be1cc1b-36d1-4975-a6ff-8081f717ca55,823.98,2026-05-12 05:46:38.185054+00:00
8e42dfbb-462f-44f2-892f-7d7646b1145a,768f2ffa-da6e-4248-b118-7dfcbcc50bbb,419.98,2026-05-29 09:56:10.754653+00:00
c2cbeb2e-7c99-43d5-a5ae-811b91dd8449,ed9db408-eca6-44c3-9cf2-3c4e9129a94f,5175.65,2026-05-18 06:13:11.785002+00:00
a7a772db-3905-45a2-8899-4f6c4cd6f5d5,fced2ab6-127f-4f38-bbda-d65e977749cc,1497.66,2026-03-21 16:17:07.357884+00:00
77d8e0f2-567a-4df1-8854-57658881787c,1aad4d54-722c-493d-bbef-720e57631d8e,2001.17,2026-05-01 15:50:20.710077+00:00
5688932a-08da-4fcd-b413-9434c2a04d59,c5d04ada-0026-41c3-b0cc-5f8b0017fe10,307.29,2026-05-02 13:19:53.402673+00:00
41dae969-6b9d-4176-a6aa-60903603f27f,663e8c8d-d77e-4928-a8da-a132ed0bcfd9,551.7,2026-05-10 23:32:51.181748+00:00
95ce1f64-2f25-4fc7-ad17-1eecf882a35f,e280234f-a0e4-44a1-9c74-c69783f07a17,365.21,2026-05-13 14:27:23.843048+00:00
dc9bf0fb-05ee-4cc6-b759-1f530536e56c,e7a202d8-8747-4893-af89-551014ca2a2b,3234.29,2026-04-14 06:49:13.827176+00:00
67742b6e-7560-498b-9b7b-21ffa70e9f08,1e46976e-81ad-4be6-89c5-e0820d72018b,2935.57,2026-04-27 00:33:50.317735+00:00
bb836d5e-2f3a-438f-90f6-adfa9bea7bd8,76e6aaee-5fdd-4c41-b25c-d73c966af33f,5038.95,2026-04-29 23:52:22.465734+00:00
cd8d3727-68ef-492b-b126-d281f015f755,46482430-d629-4e85-8ed3-e44ce3853128,1942.94,2026-05-03 11:25:19.162616+00:00
0d935ae0-811f-4d47-95e4-c603f64bb6b4,f46029eb-959b-4feb-a711-8430aaf2edc7,4309.33,2026-05-14 21:38:08.993954+00:00
c71ebf8d-9fa1-4a56-91ba-950f6f8c5969,e291ce75-7a0f-473c-b0e1-7edab5a23909,10.0,2026-04-13 11:36:38.131517+00:00
21030208-04a6-4697-9ebe-735dae37f547,69e52c88-61cb-4e62-845f-33efc5f3b84c,10.0,2026-04-27 08:12:33.626268+00:00
3237b987-6d18-48d8-a96c-c5d249bb22db,dcd8244e-0de0-45ff-b71d-5ec1c161bd76,2871.96,2026-04-30 20:55:53.735320+00:00
639c71a6-7571-4472-abf6-21aed6eee858,d1a8e6d7-01be-430f-a8b6-6ef1b42f755f,2364.49,2026-05-02 04:09:04.015847+00:00
f113fee7-420e-4dd1-b8aa-8b651f042cf6,46a28d73-acd8-4a47-b533-5d6d496e9a43,1613.6,2026-05-18 04:42:22.719716+00:00
818db8a5-b3c5-4569-8bda-c64ad4d2f079,84bf4bbc-8ac7-4ce1-be91-c45d346f4f63,811.91,2026-03-28 23:50:35.449767+00:00
e937a4ae-1212-4948-8629-94d84391cc13,812e553b-9c4f-48a6-ba63-f40de9af5529,1667.24,2026-04-09 20:57:20.473821+00:00
eccdf74e-82ce-4590-b29b-b9f7c0729968,ef18d79f-a9b6-425b-a123-8521a8ad1041,965.86,2026-04-27 22:25:43.517240+00:00
42103f40-5389-455b-ac32-ad5d1e988523,a31260dc-a70c-4d8c-92e3-3f687cd5d2db,1429.56,2026-05-14 14:48:49.070377+00:00
d1e94fdc-a9fa-4c4b-8f8e-1b9b7e56af81,b5cd5622-ef5a-472b-9627-e43964adff42,1579.65,2026-05-16 10:42:57.423214+00:00
b46fe7a6-0370-425f-a9f9-8f587eb1b1cc,c23c2c66-4979-4dce-8002-7bd4d7c9f5e8,746.34,2026-05-25 03:33:19.376202+00:00
13d42a66-e476-4510-9694-87db4c5350df,a20cd509-e2f4-4332-97f2-a085636acd15,107.38,2026-05-05 19:18:49.537743+00:00
3576e39e-2643-4f37-83bb-af03ce531ef8,a04c0297-a937-4caf-a764-b4225137fe1f,3028.7,2026-05-31 07:39:39.218472+00:00
ed553f66-0a62-465d-b0e8-2074436a3e51,7244a9fe-cb8c-45a9-aec1-d1003c8cb233,1933.07,2026-05-17 22:48:28.021754+00:00
cf18a3bb-27d6-4840-9f5d-667bcf8474bf,a2dd5d92-8c8a-4eb0-b070-a2c632eda124,3173.97,2026-05-20 00:02:03.045432+00:00
2cafa9ce-0248-47dc-b5ea-d0d75a4ffa9a,632209d5-cea9-4dda-b396-0c6d28359e8b,3196.3,2026-05-22 02:34:27.406788+00:00
d1b2e734-81ec-4e41-8280-f24c61d1adb2,f57404fa-e69b-49c3-bfc6-98ab6ac9b135,3545.44,2026-05-31 01:46:06.500393+00:00
9ff5e4c7-46b7-4aae-8134-0275c531f741,49622ecb-cff6-4701-a32b-51d9a9621772,1271.97,2026-05-29 06:29:42.146154+00:00
7c7565d5-7dec-4d3e-8bce-9e56dfdc9128,ad9fa2f9-257d-4051-b574-fa9ffbc50ab4,223.35,2026-05-29 11:07:59.957399+00:00
6a7365ce-8782-4066-adc8-8b1ad2933f67,da47a0f5-68dc-4147-854b-d565adedc0a5,1979.67,2026-05-30 08:57:14.570706+00:00
bb65820f-8105-4b7a-8bbd-b044b1677518,59e9cd28-4806-47c2-bff1-69919eb6b451,1421.66,2026-05-30 18:00:33.627490+00:00
ec4b8a9f-18af-4f70-a930-d8a9b1a55f12,0605c530-d1e6-427b-aef8-33ff9177c4e9,1985.59,2026-05-31 01:51:43.476948+00:00
025885c2-2e60-4013-8001-e5a2501c9bbe,fa9ee078-3dfe-4955-990d-0de12c16217b,1413.21,2026-05-31 01:22:36.711259+00:00
282ae806-5fcb-481a-a1cd-002fb65244ff,2e365ecb-b64b-451b-a718-c069c766a445,1195.11,2026-03-13 01:27:59.913866+00:00
fa91daa0-871f-40a1-87e5-37ca0dce9eaa,ad47c416-74ba-4639-a232-f5bee0f8d31a,1191.46,2026-03-19 13:14:20.580955+00:00
025e507f-a775-41f3-8c81-8e0a8dced8cb,7b0a8baa-94a9-4162-89e0-732fd6182576,1785.19,2026-04-12 18:54:03.949418+00:00
9235ba85-d164-4808-9d1c-62576b794fdf,d962d5d6-d477-4f23-84ff-2fe5624123fd,2804.98,2026-04-19 15:13:36.854708+00:00
d7953c01-e557-43ba-a5d8-6e154077ee0d,75d07518-15f4-4a1a-aff3-4eafee9a5e83,1307.79,2026-05-18 21:01:17.027682+00:00
a8d00b17-96fb-44b7-8f01-9eb35cb48c92,a3ebb0a6-a369-461c-b2b4-640e96eef2bd,591.09,2026-04-25 17:31:54.127045+00:00
babf165a-db25-4e4e-b69d-4b6cd17f5b95,77ca7eef-5f90-4367-91a7-7b4e2d72d565,342.83,2026-04-29 09:23:32.642215+00:00
5e0b4cfa-487b-42d1-8992-b3354954bc90,26c7dd76-5f0c-4a0c-85ef-f6ac6a2d2f14,914.37,2026-05-07 13:09:23.233766+00:00
f27e80c2-4edb-4327-a1bd-d069604a48d2,d755a25f-75a0-4e7c-8209-b3edaac6168c,1043.96,2026-05-26 11:03:07.990008+00:00
0b47b862-8a4c-4bae-8094-7777a406dacb,4495bd8d-c39f-4d2a-b955-76736c68bf76,2808.31,2026-04-16 16:47:46.044411+00:00
e581e2d8-6541-48b6-8240-dd0b2e028c9f,06174a04-1a50-4e9a-97dc-c6c19c2bba0b,632.83,2026-05-28 07:06:51.105182+00:00
989921e4-474d-43fd-b966-b8635e29e9a6,f9224d5f-9f75-4837-941d-44e359778dc4,571.43,2026-05-29 21:42:23.170209+00:00
5f22a08d-06a4-4a24-9454-17b8e8686b71,178a7ae7-2c07-4388-88fb-28e4f07c6bed,1938.26,2026-04-14 07:02:16.924386+00:00
215d6b56-0678-4708-9a96-b7c1752d28dc,3a31ddf3-b5f8-40b0-a233-21bc5083c9e5,2369.23,2026-04-21 12:38:25.171087+00:00
8fc83c97-4ce4-4585-b8b0-ed7e2ccea535,9637801b-8833-47ef-9494-ce5863bcfba1,4332.1,2026-04-30 22:10:59.768965+00:00
80c2e65d-ca6d-4fb5-9854-ffbc8ace267e,902aae45-7a9e-4a29-89ee-2ac739843afa,1626.29,2026-04-15 17:32:14.081298+00:00
9c747747-188d-43d0-bdd7-8413c8b33a3c,518e5165-dde3-4dae-b6dd-b028cc11300a,5653.19,2026-05-07 03:09:44.593489+00:00
eeb2b07d-68ac-41c7-97b2-ea4b15fdc089,56874976-2023-4be9-82b1-2c76f77d8e52,3641.73,2026-05-21 03:04:03.221457+00:00
dcd8bb9e-a202-4129-8636-540e4501fc63,15db1334-5331-417e-a878-578f27f3808a,5014.58,2026-05-26 23:59:59.781378+00:00
463af20a-d2ae-481d-a25b-d1d1868940c6,47d7ca9a-deaa-4d0f-92e6-971c8940d138,3731.52,2026-05-29 09:30:15.776265+00:00
1c6cf66a-70f8-49a5-bf61-3e28351eb395,19a63116-8bc9-4786-9f07-7370ff1f79bb,4505.39,2026-05-23 01:58:07.913197+00:00
9956114d-429e-48f7-9096-f46acd7aab78,6122102b-5308-473e-b120-de62ec38e98f,1730.58,2026-04-29 09:54:52.615904+00:00
613a5981-44d6-49c1-adec-02a4303edf87,2b4b09b8-f649-4752-8c2c-6f4c7371499a,285.82,2026-05-14 09:10:30.473615+00:00
47e57f6b-70bc-4938-920f-848f6c560162,fcf73674-aee0-4729-85fb-98b4ff9d2bdc,4232.7,2026-05-14 17:09:09.367688+00:00
7d12b247-ede0-40b4-a317-b20fdd52b01d,684780d2-5951-4bff-ac6f-27ecaa57fb1a,2091.2,2026-05-21 04:17:30.285701+00:00
8e77b6ad-ae86-416f-8baa-7060e63e551d,2a980364-f4b3-4c7b-a274-883dae9a029c,3564.72,2026-05-31 09:42:32.042269+00:00
40236f75-3a3d-418b-9600-c6f7ee23a18c,d90e200e-4359-44f3-a653-617cc3186c6b,3885.6,2026-05-31 23:09:17.766769+00:00
a9362a05-b919-4cad-8474-f1cebb2d5cae,dafabe55-b1d9-4191-ac14-1f01d8655f12,3776.0,2026-05-07 02:58:46.056384+00:00
8b1bdced-f49e-4a8d-99a7-1b920fe017fc,2fe9545c-04fd-45eb-8c82-2946dcdaa9de,5325.93,2026-05-18 15:50:18.588856+00:00
942acb16-9e37-4a30-a56b-c86deb5075b1,82a3ecac-aeb8-4c9b-ab4f-cf2058e15a71,6971.95,2026-05-24 03:49:01.063525+00:00
6495758c-93ea-4ebc-8e44-c4c7fff0150d,fb88e511-d9d4-4947-882e-bdf1d54c15da,3337.29,2026-05-25 02:07:13.523006+00:00
c719adb3-cf46-423a-98aa-8f99fba0656e,bde69df1-2237-4b20-bdd5-8c1c547211f8,3039.24,2026-05-12 13:56:16.614507+00:00
6bcf322a-0552-4fe2-8b13-ed0356b4d823,a1bf4ce3-c3cc-4c91-81ed-dbfc80b994a6,2098.4,2026-05-28 13:58:29.573213+00:00
184b55a0-9e42-4a37-b59f-054a053bb94b,0d5c3ec2-b562-4241-9db5-ffafa469702f,1170.45,2026-04-26 02:49:38.724768+00:00
66a9f268-d730-4bb3-b7f7-bad2aea2bea7,79f11d5c-5857-44cb-9643-46c5a8883810,2389.2,2026-05-10 20:58:14.520796+00:00
973054e9-049f-4d53-b390-72ae447b7999,2e9affe9-975f-48e0-aa82-7239eb1c15ba,1043.71,2026-05-22 15:32:03.381001+00:00
daebca59-f6f2-4b36-b6e1-37c64e3ad5cb,13010856-5ebe-4b61-9945-b59640cc53f8,2024.84,2026-05-28 04:01:17.848982+00:00
4c7a714d-2dd4-469f-b278-3906cd966a3c,8b414720-46be-40c1-b4b1-348a9565d54e,584.34,2026-05-21 04:11:36.665568+00:00
be76a7d6-49a0-4d48-8212-9ff1973a5412,9f4ca53f-0d4f-41bf-a92b-43281f0efefb,1884.45,2026-05-08 14:04:07.584143+00:00
834f51c9-8792-4d09-b8be-c962dcb368dd,0399120d-b332-4274-9c73-d8e539c177cf,1035.36,2026-05-23 18:02:38.473659+00:00
f4297f6c-5d02-45f0-946a-d0cec37ca5b6,902573ed-3e60-4e3f-b067-69ca867782f6,2434.2,2026-05-27 03:08:41.100976+00:00
b7122625-dc04-4870-9488-c6be88527c27,1f44fd0c-4de0-4ca4-9f7c-5f7ea343f429,1109.94,2026-05-22 23:09:06.961750+00:00
09f76ed8-1dd9-46c4-9954-48fff334b7ee,c9cb40c1-eabc-4a64-981d-91faf920aec9,1050.79,2026-05-27 00:20:42.020165+00:00
f35a09cf-2eb0-4c1d-9b9d-01f95796122b,3a9de6a6-9fd1-4fdd-8c9d-24801ea4979a,2047.21,2026-05-28 22:56:29.366008+00:00
3d4459b5-e9f2-45da-82ea-90bb77e7a3b7,e2ddd85e-8340-4696-ad93-544960d4317a,2323.91,2026-05-24 00:45:11.125996+00:00
b0069064-fcfb-4259-9c4e-b49410f40413,fafb8320-cff0-446d-92ec-6891fbaf6a40,2962.38,2026-05-25 07:04:27.419810+00:00
347770de-9c2b-4ae9-991b-3b428a82faaf,ae1883e4-737c-49c6-9d9b-cfebf7c0157f,1746.79,2026-05-25 11:23:52.870187+00:00
9f573df3-892a-437d-8af2-96448bfec368,5c411640-bc06-4cbd-af8b-0e67b56b3b71,2997.93,2026-05-31 10:22:30.629386+00:00
078a4c38-2b98-4d1e-8f99-0b2d4f6bb252,0669c5a7-395e-4c87-832b-65bf872c38ec,2675.46,2026-05-31 11:05:26.470683+00:00
3e44fc46-ef42-48fd-9d04-d9cb6762c5c4,aad68d37-2593-4e0b-821d-c0f1478814e0,2805.78,2026-04-08 18:38:26.492737+00:00
f009eb53-0fcc-4da2-8b93-adaaa38064bb,51a5d715-4402-41cd-8d2d-1036378994c7,2315.82,2026-05-21 06:09:23.361545+00:00
94ebb3cd-868e-4899-a95d-026e6492069f,49b1fbcc-ed97-4c91-9eec-c306c8bed840,2983.77,2026-05-22 07:04:38.347158+00:00
f1ce8642-473c-4496-8d05-6902b6050a52,c5c9bc6b-532d-4a30-aa28-5511cc06317d,1965.41,2026-05-29 09:54:23.813479+00:00
66331692-fe9c-43b0-8a5b-d2665c487d62,beb70600-3c56-4e11-8802-2af6eab1690c,4007.39,2026-05-07 10:02:33.550448+00:00
876c5b08-7515-409f-acb0-e4fdd8ab5e79,876bcac1-e3da-4573-8e99-b3c776ca72c4,2323.29,2026-05-15 20:38:59.785408+00:00
4027bab9-37fb-43b4-a43b-1c08af3fc32c,6cc59aa8-dd85-472e-a1dd-79b0bea93290,1861.81,2026-05-20 04:36:55.956209+00:00
d114a0f3-d725-4793-9c85-b08c84893fd9,c331deba-3cb0-4768-9139-b1edfe1dff00,2111.72,2026-05-26 02:39:01.990172+00:00
6b8c150d-37ca-4d73-89ca-873d0d5871ef,cc2ea622-77b1-4803-a097-0eab842a53e4,706.8,2026-05-27 04:52:19.421452+00:00
4bdd3c2f-9d25-4c1c-99c5-279554e9b430,46243917-4196-42b4-9846-ec9670e051eb,3836.43,2026-03-29 06:49:58.518771+00:00
ae0447ed-9ea0-4465-a444-d8d3d5a186f8,1359f857-92b4-4ef1-947d-64ce205e4fd0,2531.78,2026-04-27 02:05:01.020757+00:00
6d998d22-0afa-4ebe-bc3b-ef84d336ca31,bab9b56f-4c38-4207-a67f-e7018189426e,3269.72,2026-04-23 02:07:27.694728+00:00
9ef35cae-6fe5-4c18-a0b7-14594724058f,4612ec06-8e56-457e-8864-9cb4c0cc7f01,3031.39,2026-05-14 18:19:40.210913+00:00
fcec52ff-18bf-4f05-a3aa-b252e261b534,31ed9de0-f2f1-4ffa-8bc6-c018372dc204,3230.97,2026-05-01 09:36:53.723025+00:00
d99d385b-e207-45e5-a83c-545c57f01d54,7c770226-be4e-4d13-a7b7-c6425c64ca39,126.96,2026-04-09 22:48:50.696975+00:00
c9136619-ecf8-4f7b-b424-4c0c02022004,97be6280-325b-4396-bdf0-5b6f91c02dc0,727.72,2026-04-24 04:49:25.735986+00:00
db7f6841-cb81-49c1-8a54-e13a8d51c9bf,1350368a-df6e-41ed-88c9-276d86c2b970,216.67,2026-05-10 11:13:16.408578+00:00
0d3afc4b-58b7-42d9-8f9b-e1d68fbea2b6,17292097-d5b4-4248-b24b-820f2b99c3d2,10.0,2026-05-16 10:07:45.476324+00:00
fa81f2af-0757-4ae3-b1a0-69aeaba47a1e,9640e652-52ac-4dbe-8388-49579edabd12,10.0,2026-04-15 18:27:27.228349+00:00
53492dab-69fe-40cf-8add-d37ce868bb6c,5d18a4c8-d80c-4cb3-89b4-4f81a7f85c51,351.22,2026-04-16 05:27:37.376853+00:00
3457fe80-e2fd-416b-a0fb-fcaebc7a69d1,e7d6a6bc-a60b-4b52-955e-36985a2631b7,770.4,2026-04-20 11:24:11.541473+00:00
9dee8506-dbb3-435d-93fd-0827c41149e6,abcfba12-5600-4bc9-a157-1f238df8e3e8,10.0,2026-05-02 14:53:07.884696+00:00
eb28daf1-b735-4ba1-bb33-4543a3701016,d01912ce-39b3-4e7c-8e61-e0b623cdc26b,619.54,2026-05-05 12:56:23.091681+00:00
0babe422-ed9b-4b9c-8f5f-f2267d9b062f,0e51a3f2-e4b4-4cac-a1fc-3c23d651d6e7,94.77,2026-05-18 11:01:03.304681+00:00
c76a1163-5da5-4c14-aecc-aeda1e5be2c0,d972d9c2-36e8-4d76-b10a-2579a40c0280,293.26,2026-04-25 02:33:26.458008+00:00
7fb1aede-eb84-4b04-8a60-bc5fd2d1f80f,0835ea83-1fff-4945-b279-446aa4f64116,271.92,2026-05-05 15:51:56.359605+00:00
26e25996-6b64-4779-81b5-5279112c3dc3,af9562d5-c13a-4183-9371-27e3447467f4,400.71,2026-05-06 15:54:52.436987+00:00
6712d714-4974-4122-9638-0b7f20f31cbc,f40e477e-8e69-442f-bf98-1761966fe315,329.47,2026-05-18 23:34:15.766396+00:00
70002c0c-46d8-45ae-a4e6-5fbff2dc497b,ffe96a53-c1fd-43a1-8c81-0b14e1de1d70,1328.01,2026-04-14 18:48:18.133418+00:00
f344d54f-df24-4371-bbe7-8e7fcddcbc31,2ad5c291-57bf-4094-98a4-cce9f63e4ac1,1966.47,2026-04-20 19:08:08.029560+00:00
81e33c57-09fc-42c2-848f-a577d354e5a1,54c10a70-14d8-4fe2-9cfe-affc40552b5b,3990.65,2026-04-18 06:16:56.940149+00:00
b0d74539-dfd0-4c15-acbe-301066db4344,2071613b-d04e-403f-9138-5f3b93ca0646,4113.0,2026-04-25 05:59:18.666866+00:00
892315c2-63be-4386-a19d-2857344ea061,afb55c89-6dbf-45a3-8155-71baf74e9e81,757.65,2026-05-08 11:46:48.217126+00:00
4881eb63-262a-4562-b6f7-a302cd54550e,9c30b03e-31f1-44b6-8765-70357e7ed994,874.41,2026-05-22 14:21:09.902313+00:00
ff32454f-d763-417d-80c0-b1713803a9d6,7a897fc5-9be5-4528-a46d-6ff0297fbbe5,1701.76,2026-03-25 00:37:57.703071+00:00
e13ed2a9-23e4-488b-b74d-d74f4521db51,0b2a8467-181a-4938-9085-24bbf5918086,539.09,2026-05-03 02:52:02.448740+00:00
eb101163-67eb-4f0f-b1c4-0fdb5f6b7b6a,d4799a56-8573-4c9d-b8f5-caee68bea813,843.13,2026-05-11 17:59:32.673724+00:00
7a9347bb-90e4-492e-b81f-02d7f89e3bc1,2de82c6d-ff84-43b0-adcf-ff97e3470e7d,1281.35,2026-05-28 22:56:29.510075+00:00
ead3c779-1aff-4fb2-9846-6ab8c32c43f1,8fc38397-8751-47c0-b7a0-d54bf3285b40,1658.64,2026-05-30 06:21:09.339220+00:00
a93f5b2c-3a54-4374-a881-be3f8b571dd2,a9db9780-cb26-4321-843e-04e80be75e97,984.66,2026-05-30 13:53:56.917022+00:00
87e87ef2-e671-449f-a267-2a1e3b819ab6,304c89e0-2443-4304-99ba-a4e6ef5465d8,2327.64,2026-04-18 13:17:28.776031+00:00
3f8374d8-0d11-4ee7-ae46-dcf286bd62b7,9f2ea8b0-f394-48e3-a988-02f319edba51,2843.68,2026-04-26 07:46:39.366074+00:00
c9c55912-7977-4e79-86b5-5360247cd024,9dedacbc-8751-4b31-9a9e-f4573ef9327e,4166.62,2026-05-07 02:40:34.047095+00:00
2a80fe1c-fe05-4ab1-88b1-6f6a38104952,a7ab334e-d2b3-40cd-a5ef-64b4a3673fdc,1675.64,2026-05-09 06:49:15.768896+00:00
3a71e35f-44ad-401e-9db2-a35342ce63fb,242b54e9-dc75-4cb4-b82c-78b016ff4997,1458.54,2026-05-24 18:09:40.319414+00:00
cd7edc9c-cff7-4329-ba1f-ee6d65c37062,3f6ee5bc-5e25-4d0c-a268-980a707851b5,544.56,2026-05-31 14:02:23.172762+00:00
20b24e85-4317-4d09-8bbc-5bfbfc429584,55c71b4d-ef5d-4f05-94f1-52b986d63377,4730.8,2026-05-26 20:07:48.077226+00:00
dd2208b1-70fd-47a8-b397-798e36a7dbab,362dc063-c216-4963-8ebd-512a3b14a0b2,2992.8,2026-05-27 10:11:50.911939+00:00
c21b0762-0317-49fe-a4a3-40c7d758ae14,f65dceed-f28b-4851-acc9-a986bd99bdea,2235.5,2026-05-27 10:33:48.826653+00:00
87d9aeee-6c80-4d2a-9c09-21720d40cd5d,88ba722a-525c-4451-a1ba-44cdf8c24147,1330.11,2026-03-17 23:24:09.576808+00:00
166a7bfb-30fd-4944-8421-e330188a7446,124b4b8b-fff4-4b23-adfc-3e0295e792aa,2328.39,2026-03-28 21:15:32.809947+00:00
e96a4b87-0715-4430-b2ed-1de09ad5ade3,d19e7140-c59a-4c08-8592-adeb2c453662,2175.57,2026-04-14 08:11:19.038984+00:00
4d27ed00-f384-484e-afc0-eb36f7da275a,b6871099-6650-474f-940f-8e6f1582bb27,430.15,2026-05-05 00:36:56.073930+00:00
19f3ed74-3def-472a-9b5b-e7167ef1566a,863fd87e-c26c-497e-9285-26dfec1847ff,396.93,2026-05-31 02:42:42.051197+00:00
dea84400-7870-4894-858c-4a00a30749d2,017101ef-0ab9-492c-b973-55683d6ace81,357.4,2026-04-05 00:16:16.822489+00:00
84016ab6-2835-4d42-a6d2-00b4aa35df56,30296d13-3f02-4446-a26d-239c642cdb34,431.64,2026-04-07 18:29:57.298218+00:00
486845fc-a9db-4b31-8e70-89963fc07164,56339c74-1e1a-47cb-9bae-16a160e490fd,125.51,2026-04-13 13:14:55.838326+00:00
ca369621-f3fa-4265-922b-9a39bae993f5,d9eff270-b03f-4909-bc8c-a5d680080818,490.04,2026-04-19 16:04:28.447420+00:00
3156cb01-b2df-4625-9c31-15f977ade8ce,b9225f82-6b01-4392-907d-0a22c2d6f4e3,188.22,2026-05-19 03:48:58.896626+00:00
aa2b9ede-9a70-4dac-ad59-8a41c28449e4,1dc9f01a-9721-48be-b054-0dcc1f1a92c2,369.37,2026-05-29 18:17:22.092406+00:00
ff593289-a16f-4e47-9e37-67c3eef92d02,7fe8a7a6-24e6-46cf-a2af-227fa4955184,311.13,2026-05-10 06:16:07.170877+00:00
b2a16625-7c8c-42f6-9b94-d8ffad39d4af,324dfa45-730b-420c-b1ad-6ec2b1b20b7f,421.58,2026-05-16 09:33:58.324501+00:00
7655dbdb-d847-4bb2-a210-3b10a2490578,05ef4cd5-0824-4c67-8c46-c9e644c5588d,563.15,2026-05-26 11:47:10.312321+00:00
68994e98-82d4-44ac-8083-9280bf8a4a4d,618ceba0-7d03-4b13-a97d-0e19d04e4ab6,707.77,2026-05-27 06:51:49.453447+00:00
52f7208e-e98b-4f82-bfdf-5e4724ee0a50,3affc227-8404-40ea-9ede-2f4bba924874,10.0,2026-04-17 12:35:19.451890+00:00
9303f8b7-a868-4985-95a7-7a53b5c79834,b37435b6-21f7-4207-a302-974899fda739,1868.42,2026-04-30 08:30:14.388839+00:00
b078d9c9-e4b5-4ef3-b26b-faae6ed9b9a1,a8efbac0-97ef-4b93-916f-15af3d62df2c,5976.91,2026-05-17 10:09:35.067225+00:00
fe3f7735-a9b5-4029-8be7-3126874a94f6,9f93f303-95ee-4b0e-926c-1df66a9a91af,551.68,2026-05-23 08:07:39.223684+00:00
f9c4abb7-0812-4990-a72f-8a272045dea7,2f242336-0ea5-41d7-8ab9-01373c492a2a,3480.77,2026-04-06 02:13:00.769485+00:00
f20966ff-e41a-473a-9f81-46c58149ccf5,4566e265-f1e3-4e64-904a-eab5dcd49bfc,1786.12,2026-04-11 15:48:14.103970+00:00
41a41484-e0c6-4d41-9aec-822a2186b3b2,e2637139-47ee-43cb-9f5b-6b9a90d46ead,2936.61,2026-04-16 19:22:40.537881+00:00
46a88feb-7ffc-43d6-bbd9-37e3f6c939f4,ca4ee3e2-0192-4dc4-ab13-a010857f901a,2987.98,2026-04-21 01:42:05.704421+00:00
13c58354-d3c2-4f52-97f3-c30e3857d41f,1e418f12-68f4-4326-a660-754320618ed8,2909.33,2026-04-29 11:19:18.845481+00:00
41a68d5e-07fb-474d-bec1-c1d852d87891,1627c086-b48a-444b-a898-ea5d9ab20d5b,1122.69,2026-05-23 00:07:35.103739+00:00
ee50bab1-2603-4ca8-bf3a-466b54c512b1,6bbb8b79-3f64-4d04-a596-a6f6f8b60543,4520.22,2026-05-30 09:39:24.982626+00:00
34ecabfd-7c10-4316-9763-d6353565724d,db7e467a-728c-4815-9235-f4886dcdb199,4603.94,2026-05-02 02:57:11.286131+00:00
6c70f818-2b74-409d-8c77-c43f7b49586b,34c15f8c-85a4-4d88-92ae-475d00a04f15,3889.28,2026-05-06 02:28:21.119848+00:00
ef607008-9a04-4186-b827-3890d4278981,3f8d3bb7-dc93-46ec-8be0-1e1537e9d52c,2898.03,2026-05-06 20:15:46.412344+00:00
92735641-b13f-410c-9d0e-21d7cc70a8b3,11e7fef9-5198-4441-bb63-e36cda9e84e3,3552.57,2026-05-13 12:55:16.665855+00:00
9597e861-ee8f-4be4-b6e9-64f0f2e451e8,9d2b06b3-926b-434a-9a97-1bfd8c2abe86,4553.94,2026-05-24 04:09:41.007319+00:00
690840fa-f7ce-4918-be60-4bd126a52997,d3ae6aca-a163-41ff-b452-50f5ba2b6f45,3548.05,2026-05-30 12:42:17.688219+00:00
9e758854-6ea3-43bf-a8b0-57421981416d,067c5b00-a8d1-4996-8f0c-725be1d52af4,5671.0,2026-05-25 05:24:11.757415+00:00
fc68d85b-2921-413e-af3a-20b83d03eb02,5512535b-f258-457f-ab37-c58cab6f7b44,3580.74,2026-05-27 10:19:30.125397+00:00
353ec53a-9abc-420e-a1bd-a1779b13f74a,03343b16-5cb8-45a5-8d19-e03cb9c53141,5070.8,2026-05-27 22:26:25.221466+00:00
5c430047-29db-4677-8deb-1f1768555587,d78eddd1-381c-4673-bc1d-92877d51d0c5,2727.21,2026-05-29 02:17:34.173253+00:00
9a4719bd-58cc-47da-bb8b-1e05e8336651,f915f085-fbd0-41b0-b3e5-e82a16be1b3b,6158.72,2026-05-31 18:13:26.338331+00:00
85d074cd-52fe-4665-b967-b149c7871944,09d3ddbe-dad6-4a02-afc0-5fcb4a401396,5390.68,2026-05-31 22:22:30.899866+00:00
ea61ce77-fa26-4ff8-90c7-80ef91d4bef3,70f1fbac-e619-435f-9aae-45b6ea955b9e,1282.77,2026-03-13 00:27:14.026281+00:00
5919389f-cbea-47ea-996e-a8efac29fdc3,e86fa999-1167-4c61-aa89-bae58e325473,940.44,2026-05-16 01:17:21.522214+00:00
5546e729-314c-4e0d-8049-5b543539f5ef,d8a4b2b6-e2b8-4c27-9390-5bb842db065f,1471.44,2026-04-01 10:35:20.137212+00:00
da13e797-24d1-4050-8c53-8ef4f518e038,f3de5978-b3f6-4a7c-b7a0-0f1a2ea01136,3068.39,2026-04-13 19:26:58.237060+00:00
5415b104-2367-45dd-a381-88027ad4599f,566ca362-a175-455f-881b-d2a9ba4f917c,5170.57,2026-04-16 18:21:40.433981+00:00
6f81dffb-d77e-46f2-9d96-d9e8a184f061,43220da4-ba83-436e-9962-288567e1327e,615.44,2026-05-16 21:00:14.398632+00:00
94bbb8ca-0e61-481b-9088-b457ab07a8d1,df1f0920-942f-4f9e-8452-fa0826fdbd36,4910.81,2026-05-27 19:12:36.151607+00:00
e4010a5a-897b-4a3f-a99c-4e226ef86b4b,2a40ff1a-5948-42ff-9502-b1098aa479c7,869.78,2026-05-03 03:26:24.904115+00:00
e0b1b8be-bfd8-4072-9843-319abbdd9cf3,4aef8977-ca42-4aa4-a689-19c9f112bcb6,648.38,2026-05-03 11:33:17.138941+00:00
8136f9e6-f0e4-47dc-bc10-fbef5d7f8dce,b94a7e71-7ca3-4c11-9e4b-7783d3d693e7,1418.82,2026-05-08 07:21:06.447110+00:00
918e7000-64c9-42a1-8dfc-3e154c6ebaea,24c95a88-ee6e-4f6d-8dab-a5c9fa2c98a8,1590.47,2026-05-09 16:24:05.766493+00:00
845501e9-6b1f-449d-8b87-667ae8555ce1,a0416430-47d8-4906-a394-e9b08fc5db46,1451.27,2026-05-09 23:41:26.784870+00:00
fb0137d7-47ce-436e-a2e6-346270f21cb3,9a40e44f-297d-4cba-a6a4-457fbfd5b2f2,1009.16,2026-05-19 16:53:35.371987+00:00
f02f04d8-9d2f-4c27-a91a-5ff0170133b4,eac4227e-7599-45fd-b223-f5de47e55998,1549.54,2026-05-24 23:08:38.140055+00:00
ae069ed4-ad3c-4bdd-9ebf-1358bcc6dc16,5c30abff-1017-4867-8410-f17b37794786,225.0,2026-05-17 12:00:27.061067+00:00
e83d97c4-c6a4-4acf-b480-783b70c765f3,206f23b9-8cbc-4a51-a54b-d9c70801ea59,172.04,2026-05-19 23:39:44.108444+00:00
a9060ef8-5881-4b70-8e09-e7137a03b8d5,29d86ac5-5a89-48df-bc7e-a2d267ad68b8,348.4,2026-05-20 02:13:05.302636+00:00
dde74ec0-01ff-4432-a2fb-da91aa34d2c6,8dc638bb-986c-4f60-8fcc-fb454fcc612e,380.24,2026-05-28 21:05:00.888719+00:00
a2cbae9e-6618-40cc-a05a-4a9d8de7c361,2ef820c7-21fb-4212-b4aa-8ae7e1380b7a,4983.64,2026-05-19 14:59:44.115674+00:00
e571006d-78d5-40c6-ada2-c5a1e87d640d,aa1a8927-97a5-4cd4-96c7-a30f11bb8e75,4990.08,2026-05-23 10:04:10.243653+00:00
a45b859f-6b8c-437e-bc50-dfa6fed9aa49,f6a45649-c6ab-47c6-8fda-c77796b517c4,4029.44,2026-05-24 18:43:25.409989+00:00
daa6155f-1c96-4361-8a19-0309fd7ba1ef,d4b85808-a1ab-410b-b95c-b182484f8804,4858.6,2026-05-30 06:33:26.416744+00:00
94a32e27-c257-4a11-9609-846314df7d9c,dfb6e7a4-0b22-4b4d-a969-a31c4894fea5,2222.96,2026-05-27 16:12:39.736996+00:00
dbb9091b-4c39-44c2-b5d2-1379e0fb21fc,41b1b55e-1454-4353-9c7a-81b8b4355a12,1668.0,2026-03-31 17:39:28.264861+00:00
a427cfe6-aef8-4f95-a685-d4f67c3ca61f,b80713cc-70bf-420e-b683-8bac8df4408e,1979.13,2026-04-10 00:38:07.374095+00:00
22f8ff2c-13b1-4101-b973-e8a2f166f24a,28d34ec9-9827-46bc-9ed9-6c07737f0115,2691.59,2026-05-16 01:38:40.128588+00:00
a0b7e2b6-c1ef-40cb-9d88-891a95332294,7f5fd10d-f3ec-4bee-b0f6-30159a16b7d1,2959.44,2026-05-21 09:32:35.997460+00:00
7f570bee-fe4c-452f-8a2d-b34f8ef72337,bc24ee58-551f-4eb0-b2cd-300cde75f6ea,4640.16,2026-05-23 13:24:01.352752+00:00
c648cd74-121c-4821-8a94-8180a96460cb,e5d0471c-40a5-4bfa-ac3b-8f1f6ca615b4,3056.51,2026-04-28 11:59:36.420744+00:00
2c280442-dd62-4ec0-bf05-ac869755701c,eb22968c-a6be-459f-ab18-fe142dd98032,188.04,2026-05-09 19:54:08.402947+00:00
aaa591b9-eb35-4ad6-ac26-75b235f07db6,6f2399c2-01e7-4a96-be0c-07e50ef6b022,4092.23,2026-05-10 12:23:56.885008+00:00
83da8d2c-0b31-4e27-9318-a55b5be6f91d,bd05a4f2-b53c-43ea-a91f-cd3c52e603ce,1163.52,2026-05-12 21:34:12.938912+00:00
3a675695-0f62-465a-b08d-cbd838019bdd,990c2320-e8bf-4de9-902b-d4b803595e32,4435.81,2026-05-24 15:58:19.995964+00:00
8d077a10-24d7-4c54-a5d3-dda115f50c6e,4e4797ee-5567-4b2f-b90e-3e2b547660f3,4892.0,2026-05-01 02:12:22.261156+00:00
59453bc0-26dc-48f1-a28d-96381557fd63,7bbc93d9-f213-49d2-9e4f-385ac26717af,3453.79,2026-05-05 17:31:25.666146+00:00
2b68bfbd-810a-491f-b417-0f39118fb10d,d362b72f-8169-439b-9614-a6bc6e2a86ba,296.59,2026-05-14 16:46:26.092319+00:00
61f79c44-b585-4216-9e5d-e580222c3f50,8d900aa8-443e-4782-a6be-c7606b9a2c6b,3195.46,2026-05-15 18:00:20.230473+00:00
446f458f-beb0-449e-8ec1-907fe962a85d,0ed79613-9e4e-46df-8c75-ab00ce7c3567,1324.06,2026-05-18 14:09:57.832267+00:00
c68bf209-9be2-42f0-b533-97203f0fefa9,97450003-8f04-4d75-8de5-d20487545ea5,1270.65,2026-05-03 00:31:23.506879+00:00
50f9d4cc-dc8b-4622-96bc-34851fda6a27,b4087c14-5cc7-44e7-a42f-187d6ec0cddb,2014.06,2026-05-06 04:35:58.658921+00:00
24c8fa0a-918c-42fe-a165-9cd378c06263,7a9f17d3-f56e-4af0-9850-90631da10e50,1713.51,2026-05-09 13:25:24.182887+00:00
9d824a99-9733-4496-ad6d-71b249e302ba,58f2464b-59ac-4868-9459-84d048c644d1,1495.64,2026-05-15 22:54:24.432598+00:00
25fa354f-78b9-4444-94b1-97ba034c0637,9142d060-11a1-4d20-a937-f7be101fc32a,1094.64,2026-05-25 04:23:53.971545+00:00
d783286b-ef00-4a9a-8304-f078030c53a7,c604ed9c-5c2e-4169-bbc0-5b1e5976619e,1171.22,2026-05-26 10:02:06.375302+00:00
fa6f6275-4ce3-4175-9d35-2358d8db112f,7314079b-5756-4afd-bf61-ebbd489d0154,5362.47,2026-05-04 11:41:55.701147+00:00
fa617d77-a3fe-4ebc-afb0-e144b4b15261,524e9774-a67f-45a3-9323-a13956ed913e,2889.2,2026-05-15 08:51:10.862775+00:00
2d01ab40-1c25-4b21-be2c-b276529de7e0,e99e6ce5-6d81-485d-b89e-920c039d0587,10.0,2026-05-15 13:27:26.040938+00:00
b5af3bd0-4dc8-469f-a714-b81b1612100a,e49deb71-52cf-47e1-8634-fa4a8cd8804f,1842.98,2026-05-15 20:30:54.865306+00:00
5f1a96ca-5c4c-4d4a-93d5-d7f5f4a8729e,6df0ec21-f002-43cd-b858-6fadd07fef80,10.0,2026-05-20 04:29:23.252536+00:00
1ba50f6c-435d-4831-9ada-4daaec3cf9b3,ea648de0-7f2e-4ba8-8881-b3290271fa8d,4976.22,2026-05-26 20:14:10.469010+00:00
0c02a35e-4560-4849-b84a-4367f72ccb71,0849b906-5dea-489e-9aa2-d3a666a65504,1182.53,2026-05-12 20:55:44.577323+00:00
8f1e5d79-efd4-4fc7-b79b-211cbbff62dd,f05109cb-8a1c-457e-b567-680f0b571aeb,1713.23,2026-05-22 15:58:52.292625+00:00
e4bb657f-89a9-4a95-93dd-377b1155cdc4,7b0f8cc7-57cf-4111-b8e1-96bf6ed9e24d,2021.98,2026-05-23 11:00:24.198938+00:00
f5e2d758-7ee2-4e25-9263-d78727fcda2d,b4be01ad-ab1d-413e-83c2-9011dd9d6844,2061.8,2026-05-29 22:56:02.854394+00:00
c6272f55-6a05-4447-9016-8207714561de,44daaa69-369c-469a-951b-7de44d35459e,2657.95,2026-05-19 14:44:35.247744+00:00
a959b20b-3f45-4cc7-9971-52ff261ae394,218ad6b2-0b9d-4701-bcd5-95407af0ce8f,4225.29,2026-05-22 08:47:20.384006+00:00
74fcdbe2-67cb-4249-a724-85796dee6366,32dc423f-c7f8-4f0c-8233-1c960618e7d2,4751.85,2026-05-22 21:13:00.192505+00:00
bd48bf49-60d7-48a8-b497-cec3941365f0,5f64dc6f-d356-44d6-a6bf-f2eafe043c9a,4902.49,2026-05-26 22:25:47.093529+00:00
401667da-4377-4f2a-b24d-3e7e6843ed90,4d691ea6-1d20-4659-bd00-9a138eb003e7,5231.3,2026-05-31 21:59:35.431459+00:00
8a7e65d6-1d60-4cca-8d64-122b703472f4,6b9ce1f5-0543-4944-bd9c-b37a2febfa54,2335.51,2026-03-09 13:00:07.916036+00:00
74369e41-6350-4540-ae27-b1fc8e941075,862ac34e-593b-4b40-aef7-d2d4affa38c3,3063.08,2026-04-27 02:38:18.848725+00:00
9f626a47-1598-4721-bc1f-347ea1b9ca71,664c65c7-420d-47d6-87df-6ccb2c009a31,2838.09,2026-04-29 17:49:58.094561+00:00
8403d97a-9338-41da-bf56-99d6cf95479a,5df41e1f-90c5-4fe7-a273-7b1ec1bc4155,4158.54,2026-05-20 22:04:36.454760+00:00
14180cdb-0bae-4dd0-8aaa-b928717d7535,c49d6db1-d812-4db7-a8e8-281597a66478,4036.56,2026-04-05 22:02:16.375759+00:00
6e734933-e3be-403a-99fc-49b1b406bb0e,3bf1c363-0235-494b-b34f-bb883b98c524,5105.18,2026-04-14 07:55:54.269628+00:00
90689b19-97c3-41cd-9970-0370ba1fc2c8,23d37ec7-39f5-4b11-9ac4-16dd6551d53d,4639.14,2026-04-15 16:31:30.055466+00:00
a36c1ed4-5d18-4ca8-a7df-de00e42c4b89,24d280a3-9f75-486e-b4bc-298eb5f4066d,4056.32,2026-04-18 16:04:26.516166+00:00
10b37b7e-8a96-48c3-88fc-b02c4e0d7d00,3f099102-4efc-47ab-8421-dcc1659ed312,6629.95,2026-05-10 13:59:42.234517+00:00
f4e919f0-706d-4f75-81b4-6295b8ab8a4b,75833bc3-2d04-44e4-9663-cf670f2d8c5d,417.22,2026-03-30 08:08:25.059919+00:00
7b33972d-9d2a-4014-934a-5fe96daa44bd,f80b9c82-ffe8-4b71-a09e-9b53e56a080d,1215.25,2026-04-08 23:50:56.434448+00:00
85e1785c-de6f-4724-96b1-a2ba15dbc53e,7c9432ae-f853-4f6c-bf2a-9dc1eb67b17c,16.24,2026-04-11 08:34:01.371605+00:00
5da91429-2f88-44b9-aace-e11bd9a89071,0fb7dbfb-d7e9-4a86-a06b-8187317998fd,4624.12,2026-05-20 03:35:00.873435+00:00
966b96b4-e715-416a-aa6b-8c90cc3132bf,a706cdd1-f372-4070-acd2-6257dfa1a072,1931.19,2026-04-10 18:37:08.948623+00:00
8d15bc99-df12-46bb-86ae-f656c5cf9bc2,5e509740-57aa-4b9c-b7c3-fe0b7a329559,3199.17,2026-04-13 23:32:26.519436+00:00
f5bb436f-8a95-4677-9355-9de4dcc57395,6e40d56e-81aa-442d-9f69-c6fcbfd7413a,4146.32,2026-04-20 05:59:31.090999+00:00
6dd031c3-53b9-444c-9a10-172874b3e9f0,ae5c340f-0f05-4f9d-89ed-cb137f72b182,7262.31,2026-05-12 01:18:28.872908+00:00
09b64ba1-4594-4f49-9da9-21663b83e4a4,0461c8ec-851d-4115-897c-4046715350c0,10.0,2026-05-24 15:58:12.820674+00:00
7fe16e90-8bb1-4306-befe-c0e80531364e,74516eb0-e967-4ad6-bec4-3f190dbadbe7,995.47,2026-05-24 23:43:59.384157+00:00
bead3174-638f-42c3-a6bb-0b6269f57dcf,6adcf928-690b-460b-ac9a-b0fbbb6f5f38,1990.28,2026-03-16 11:36:14.695932+00:00
32ba9afe-3f58-42cf-bf8b-16d4dfe59deb,186a2b8b-9cca-4b97-a361-74323de18451,2610.88,2026-03-26 15:05:33.669616+00:00
08e20072-ad6c-4b09-ab3f-ece241a2361b,748ffc56-b18d-4b76-b525-e4ce8687d38b,1491.01,2026-03-29 13:57:19.545295+00:00
5ccc2e22-d793-497f-a6a8-48efde9f74af,03b8f70a-2e14-40d3-9a09-87cd588746e0,326.87,2026-04-05 22:40:07.380384+00:00
3820640f-68b0-4343-ac9f-684563c6555b,b0a1832d-e38a-4b0a-85c2-991e7dc8109c,2968.54,2026-04-03 12:52:25.669132+00:00
fbc9bf94-6b00-4d54-b6af-7e4e14320f1d,553c7618-89c9-4988-b26a-b99f2ce5b196,1775.07,2026-05-30 15:08:18.835953+00:00
665f0856-85c0-4862-8a36-4997fbee67dc,0eceffaa-aa6a-48dd-a00d-2e980fdb3a07,1129.76,2026-05-30 21:29:29.570535+00:00
44b3e942-7690-4b72-ac17-5ed330f17c9b,6bc390f8-98ae-48a3-ae2b-b5ec75c0671b,3703.1,2026-03-22 02:54:49.632330+00:00
7c55ac04-4c82-4c21-ae04-e5776d96cd18,6cd18356-3a09-45f7-866f-5c160591886b,3232.66,2026-03-29 09:08:43.702490+00:00
4724dc90-c94d-4532-a7ad-1bbb9fe00840,c11b70e2-a25c-4188-9055-520f21fafe0c,3123.55,2026-04-07 04:50:52.955866+00:00
3af86b70-f032-4e99-a231-ee2e76f69390,f2c36a9f-8f1b-4d75-9cee-73993a89698e,4647.27,2026-04-30 22:28:43.442994+00:00
0e3aad50-048f-4f18-bf5a-8cfaa9d59309,2cbb0000-ea13-43f2-802c-770e9834f2ea,4929.1,2026-05-14 08:54:01.416074+00:00
6d1bdd8d-7a7e-48a8-bbfb-bbb6b8033418,f09cfbd8-4ac6-48b1-96c4-a250d4ff03c4,10.0,2026-05-07 03:11:00.275343+00:00
05b7bf53-79fb-45a4-b63a-1c7ef00131f3,e4267aa7-c7a7-46af-810b-3d68b3ddf406,4338.23,2026-05-13 20:32:06.773416+00:00
f0b6aee7-8c48-4cac-b7da-9e7863dda336,7bfba79a-a7c5-4a27-9d1b-298531d6173e,4927.64,2026-05-14 20:52:54.408835+00:00
0f0f0470-5c8d-46bb-9380-24d87acacfe0,b845ac17-88f8-48bd-8e50-cc124c52f1ce,10.0,2026-05-23 03:20:20.970633+00:00
d3d61139-b2fb-4cd3-90f7-e7e3e86fd2d7,d6c3d5d8-30e6-4da5-a3b2-8ed9a2cd33ea,6863.75,2026-05-20 03:31:50.416032+00:00
b988cff2-56f8-4377-add5-a1730f05f80c,6a5fe8af-9172-4771-8c96-9834f71531c0,2898.14,2026-05-21 15:53:44.366939+00:00
c4e80fe7-bb27-49d7-a19e-c42188ada0b5,dd782411-52c9-454d-8932-68ef7671ec6c,7795.97,2026-05-22 02:42:59.284959+00:00
b2611f92-d7d4-4ae1-b472-66c06f3cd4cf,09b53fc6-45f8-4446-83da-0d2b03f5425e,3028.6,2026-05-25 16:59:11.290364+00:00
19779a45-18db-45ee-b3cb-6359f0ea706c,f01ffbf6-7738-404e-8dce-5eb659840bbe,1600.8,2026-05-30 05:08:20.877545+00:00
578c175d-7c01-46e8-8f0e-353743c91164,ae15d5b1-070e-4839-8f37-3c2213d9b4a3,5454.66,2026-05-30 18:41:45.287957+00:00
2e5459a4-9a2e-4991-bee1-1519ff983010,78ff600f-aa28-451b-bec5-07a4dba1776b,4975.23,2026-05-30 23:19:21.188138+00:00
76d43084-626a-45ff-8606-b240138be1f3,67885ccb-d0ab-4f1a-a816-273679b01400,276.73,2026-05-31 18:03:25.160224+00:00
d6af4a11-1c7c-4dde-a072-f05754838009,017280b1-2ab1-4fd4-b84a-c744c5a67b94,1354.58,2026-05-31 10:05:12.452408+00:00
6ba9cba7-8d30-48d0-b815-7724d08f454e,0d5cecb7-8e50-45c4-b6e7-aa186b3cda82,2011.09,2026-05-31 11:05:01.831170+00:00
d7cfb157-20ae-4f01-9a29-dfb010958d1b,24f54cf6-67a5-49f9-a0cb-f2d3157bf598,1892.45,2026-05-31 17:32:17.953465+00:00
1904070d-5f30-4f63-a0f5-957d29d1d06b,360e4b66-46de-48c4-b4c9-c261753a1dfd,2109.15,2026-05-31 17:58:54.027321+00:00
100ffec5-ce47-4413-9e9a-3ba02d403c90,61d2a538-9491-4423-b2b8-8694e17d9307,1087.11,2026-04-05 23:58:56.390890+00:00
d08905a8-40a4-4b7d-b68c-c32e2a18a43a,4cd643e3-9c2f-4762-be1b-a7397f3cde9f,342.75,2026-05-03 03:47:28.669606+00:00
4dd37556-4541-4010-baaf-8be78bdcf11d,26d0d7eb-2794-41e7-9ac7-7b08d9df3f5f,1574.83,2026-05-31 23:33:14.392725+00:00
431a1fd6-1b54-4c8b-b06d-4518ba574143,6b2c11eb-b910-4b18-bd39-ba1e7b71bc59,2056.94,2026-05-07 12:20:38.445572+00:00
58f8fe33-0aaa-4bd7-8764-1d333c702703,ec424a73-752e-44fe-bb5a-4357bc8b1bf6,2320.21,2026-05-09 19:19:03.531776+00:00
e33cc068-4587-4927-a324-7ea97c18e1f2,3e400319-cfc5-4f27-a261-d759a73cd01c,3309.64,2026-05-11 00:39:08.659043+00:00
743e2182-57da-482c-9b92-beafadc68152,8cd2fbb6-e442-45cc-945f-5831708a3512,4274.52,2026-05-12 02:16:42.703346+00:00
a6d3066e-74c5-4e85-90e0-45be49e1844e,9508b815-32a5-40ef-8d3f-8eed69a32ceb,3343.69,2026-05-23 22:33:10.467589+00:00
4dd8cc39-b005-4c94-8f5f-4772168f1791,05a3fde0-8002-4677-8207-a2f8d541f0ee,3707.35,2026-05-29 14:07:32.159668+00:00
84520de7-1744-4c53-96cf-c13292d68e31,15d15ceb-1deb-4916-8cf3-0c6a16e1ca24,1600.55,2026-05-26 02:52:54.113386+00:00
f15279ed-ca8e-4830-9a90-a5211cc17c9f,e5101b3c-92f7-47f7-8b8d-77008fa69a31,10.0,2026-05-28 06:29:35.138025+00:00
73e93b8e-45ee-41b2-9b70-041e92ef4717,1628d7ed-b646-408d-9396-7b8c0b56b367,2175.54,2026-05-20 23:26:08.098306+00:00
e0d16a51-04d5-4d59-9263-84673613c191,0d8e27e1-630a-423c-8514-a9393bb0e4ff,5478.42,2026-05-25 16:38:31.359964+00:00
71426c69-5dad-4545-b1b7-de8a4c0ce5fc,83a11a6d-e2cb-4939-82e7-e756c7198ba2,3527.27,2026-05-08 05:57:01.244375+00:00
d5dc88d5-6e57-4512-b012-981c5858289f,5d6c21d5-8c11-4eca-b26c-413674bcb9f1,1410.1,2026-05-19 07:58:16.124879+00:00
52112dbf-c8a5-45ad-8094-4a97b7d9ef1e,57d0ea44-9327-45fd-a038-2e095bae88e4,10.0,2026-05-22 02:29:46.692622+00:00
522aa12f-2a79-45d0-b5f5-96b600982a04,9c87e213-ea81-4c60-b5f0-4e2ea7d82a79,1429.82,2026-05-23 05:43:16.659395+00:00
66d72bf6-f124-4448-b2be-1d97c8d25a5a,e31d6558-4e0e-412b-91a8-7d13e292f8ea,1931.52,2026-05-24 15:21:46.935168+00:00
32adac59-4bfa-4289-8220-3965cbc6959a,a8b85c14-704e-487f-9068-69c134317fbb,1804.02,2026-05-24 16:31:35.872682+00:00
f316eb56-b0d1-447b-87c3-fb9428c55c32,38c13735-7814-485c-925c-20715bf50265,3703.53,2026-05-30 18:36:14.375057+00:00
f0e4b605-0d30-4c31-b56c-fbb2f4565b51,0da61fb4-3bb1-46b7-a358-611e82f8331c,4516.09,2026-03-10 14:10:53.006140+00:00
42009acd-03ed-4555-ac83-b5456ebc6b16,f0e7725e-5d65-4997-a8e4-821067710b4a,2639.65,2026-04-19 15:32:45.638429+00:00
03221a1a-e01a-4abf-a3bb-6a758b100b66,9e156227-0a92-4a22-946d-0d39e6b116c4,1762.93,2026-04-20 21:07:18.091994+00:00
94ff4d25-0111-4570-9445-8d6189ed589a,40a3df85-0cea-4ea9-9b94-5ee24f30bdb5,3490.28,2026-04-21 02:45:34.423161+00:00
5b474ac9-cbb6-49e4-a02f-ce58d73a6f87,bf9080c2-7093-4240-93e6-89d1b10d66c3,2018.25,2026-05-15 18:48:49.477131+00:00
22ec778f-103f-469d-9b87-7d8e9bec1314,106ebd22-0524-4e26-9765-0259620de09d,3099.76,2026-03-12 22:30:08.427928+00:00
a527fa88-47b4-42ce-a1e1-a9b254068f1f,c5b54c27-7441-421f-9625-b0796da161d0,2922.97,2026-04-10 16:20:08.283617+00:00
a5b8b072-00ef-47f2-b6a0-8a272eec7e12,28709fa2-4e91-4681-a7a7-6318fb3b8ae7,4214.87,2026-04-21 09:21:11.058207+00:00
e105acc7-4aee-4a21-a23f-44548f731125,ef6b0d35-7c4a-4175-bb0d-915eda9faa74,3527.45,2026-05-22 01:38:44.464601+00:00
9e2f1474-eb6c-41d8-b42a-3eec662a3860,7c5ab4ae-52f2-49fa-8218-156402eacc03,5167.27,2026-05-31 13:55:10.273743+00:00
d42c480a-dde8-4c3a-b375-d00ab9c396aa,e84cab26-f7a2-4eef-a9b7-60a16700d09f,2762.44,2026-04-22 07:28:08.413777+00:00
51a6a76b-2d29-451c-b067-6f7178a31d56,234e5114-bc25-47c1-8301-a38f087870a9,3589.84,2026-04-27 12:55:31.321227+00:00
7d128fb9-43cc-4e8d-8d70-4913c728527e,5dcfc0a4-f5d5-4763-b2ce-65cb0a630eec,2392.38,2026-05-03 21:59:24.934220+00:00
4d79cbc2-a5c2-43f9-ab85-83a93caa39b9,e63464c8-b7e5-4b59-9083-7c5ad3b42b23,4323.51,2026-05-08 10:21:39.580144+00:00
e2e1f598-0eaf-4475-a832-b6ec33147e65,7059ec24-a8fd-464e-8bd9-8e54a375ef5f,2533.6,2026-05-16 11:33:52.179644+00:00
55e0e2e3-b6d5-4e12-9626-33d6c53494b9,21524c01-1e4e-4e94-84e9-20002f5176c5,2857.83,2026-05-19 13:52:22.564246+00:00
5de10972-c429-4f6f-ae6f-21db563568ce,dd27866c-769c-46b7-ac0b-ac4d31a3a58f,3179.52,2026-05-25 13:10:47.184446+00:00
5e779cd5-68e6-4945-a517-f167f09f5b90,cf86b685-d977-467d-9abd-7b6d3e036d06,3961.92,2026-05-27 22:42:54.278831+00:00
2cb32054-4f1a-4dc9-a46c-7c701e11c46c,abdffe2a-c560-4451-9f5a-318f9c56cfe3,4033.76,2026-05-31 11:37:47.564217+00:00
1cfaa0b1-837b-46d9-8252-c68e2069a100,4e0e8905-d51a-4a60-a33e-8659604d3c14,4864.58,2026-05-03 04:33:31.012897+00:00
5b3178ad-8f59-44a9-87b3-0cfa84ed60ea,e0c240b3-31e2-472f-8ad0-25395e3df724,3422.83,2026-05-13 18:50:29.311972+00:00
28b6df0a-4716-45c8-878f-f9c62c7ad128,0f164b2e-5e74-47c3-927e-13c8b3cfb56f,3033.69,2026-05-15 03:45:14.525708+00:00
cd841d6c-047e-4383-9bdd-2155ed5ae1c6,14100326-b9eb-4fae-ba9b-129e8f7f4a96,4220.28,2026-05-23 05:14:58.315244+00:00
1cac39bd-0f0f-4798-a3f5-e3cea05cc5dd,3c8b1020-1f24-450c-9463-0cff79472f45,6702.86,2026-04-30 13:00:23.472902+00:00
f4febeac-c443-48be-9542-da335e6d60df,45df4636-caed-4163-8ed7-b3074d49076f,2308.12,2026-05-03 09:58:21.914851+00:00
4c47ae06-49c7-49e6-81c3-405ddfc9291c,5892deb2-1de9-4a12-8a56-0e1336b9674b,5304.99,2026-05-11 18:41:29.700688+00:00
5f079e81-b21c-4974-ac0c-9fe4635b78ae,d470777e-652e-4c77-ad3a-a49fe80a186d,3974.97,2026-05-15 01:52:23.237905+00:00
8002940c-d529-47d0-a27e-ec819c366d03,7df880e2-5398-41dc-850e-31fa631dbe7f,7664.46,2026-05-16 09:21:01.083985+00:00
eb3ac3af-25a3-4b0c-a612-184f8258dcf3,4bf0eb7d-25f9-49c8-b982-44a14e310b7e,166.12,2026-04-23 08:25:41.177335+00:00
5fac9b2b-1df3-4d9a-aa22-d255309af817,adb90237-80e8-4073-9243-cdcf4b880b3c,1876.3,2026-05-01 08:34:27.161202+00:00
8457a91b-ee35-4337-834f-ebf287dc81a8,baaf0af5-b6b6-4c1d-96f5-58b4bcb485ad,343.59,2026-05-13 09:07:15.390866+00:00
66c7ad2c-c6e4-4a80-8cd0-9a7247699a05,16ccc93d-34f0-47ba-9074-b2b5f2870013,2063.81,2026-05-15 23:33:28.091583+00:00
4ae3e345-f4b1-49d2-a928-cb872f829dcc,f94a0ebe-80ec-4ce7-9e9d-9ccc1c797563,1630.03,2026-05-19 10:54:26.818106+00:00
3ecc6191-4d62-4c91-abd2-ea8a335f8ac7,03067dd8-c4e9-43e8-9025-677139ca4f1c,2213.67,2026-05-23 04:04:24.011272+00:00
794acb49-c084-40e9-bb49-3b36b4916d94,aba28f0f-5966-4cd1-9a23-d97bcd6d8d27,1584.7,2026-04-28 05:31:34.512380+00:00
38522c9e-fb4e-4af5-a254-3cd50fa20fec,45e69285-9139-40a5-8c53-a94a374ae3ad,1750.01,2026-05-05 00:50:45.586143+00:00
898f823a-b6ce-4308-b099-0cba09025bbb,f2b7d9fb-140c-46d1-b643-a8764025617c,1996.29,2026-05-06 15:36:39.014671+00:00
6e29830c-bcc5-4a4f-8169-9751aea98240,141f7411-bed1-4def-8cec-f8f1f48194c8,958.19,2026-05-26 14:23:26.697177+00:00
5ac7ec98-c675-4ebb-a7c8-c143cd69ebb0,534c90da-f2f1-4fcc-890f-05c3a2641530,1541.6,2026-05-27 20:17:20.154149+00:00
130cede9-cc36-4653-9a3f-3fa490606acb,ddd41280-105c-454d-9413-3acbd5eed30b,2837.13,2026-05-19 03:57:59.550812+00:00
404f8934-558c-42cc-83e1-e1485301ed5c,534eaa7d-3c14-43c1-82c5-7cb5f688c35b,2980.21,2026-05-19 20:21:28.095488+00:00
6ff48cd6-7235-4fc0-9986-d7558d7e9631,bc37ccc9-4598-4004-9704-5e8aa187f6b8,2787.18,2026-05-19 22:18:35.770293+00:00
a61b2c60-9251-4ec6-8e3d-102d92ad465f,102d1fa4-d896-46b1-8f3b-0741589ddec2,3054.54,2026-05-31 11:18:41.691618+00:00
28553926-206f-4d00-abb3-fecbdd5059d2,79fc5f2f-3412-4cb8-8129-7fa823f1c0c9,2755.72,2026-05-31 11:52:36.029341+00:00
1366d876-a8a1-41ef-9b00-e421051eb0e5,6d6622d5-ba24-446a-a917-e0cd118547e0,2901.84,2026-05-31 14:38:41.566637+00:00
c04aca27-de8d-4bd2-8d53-3ba4f35f9c92,9de67c6c-7213-43da-94c4-0ac72a0fff2f,2976.24,2026-05-30 15:25:11.604645+00:00
0a4c03ad-892b-47c7-87ac-093d52222b87,da65cf1e-b4f2-4eff-bb2b-edfd43610f03,4194.17,2026-04-06 02:36:21.522792+00:00
b9902cff-3b17-4e9a-b840-49ef21697930,62a51058-55f1-498e-96e1-94c6c3fe0c5c,4031.3,2026-04-19 02:22:41.511035+00:00
072d5dbb-86b7-4e71-aaa5-3e316819f47e,571d1583-b029-41cd-897a-490a1554f076,4048.84,2026-05-13 19:34:12.026629+00:00
a80bbf8c-a888-47d2-a11c-4dafe6d7fff3,1efefb37-59e5-427b-acbe-5ae4fb87b35a,4332.66,2026-05-23 22:10:07.996303+00:00
8d1d412e-4cd7-4953-9ab2-b8e8a73bfd6b,a3fb8638-fec4-463a-a0b0-615853b097db,2724.0,2026-04-15 17:14:58.987391+00:00
3617760a-853e-477b-895f-fdcd37b3b82b,b7164bf2-6fe6-4383-88d6-95cccb4d24df,1407.35,2026-05-18 15:10:43.370928+00:00
ec069488-b33b-43a4-9a46-0849bcb44cc0,68f2991d-23ee-4e9a-9fbc-d5cc5d7b6412,1548.78,2026-05-21 13:57:25.193908+00:00
f360ddc2-e0dd-4d54-a20c-3804545ef836,790934b8-ac3e-4a88-adac-7696f788f128,4318.28,2026-04-14 16:35:23.895847+00:00
b15a1304-fc54-49bc-ac09-9930b3b36f7f,47fd61de-a85d-4338-983e-12d6e3b8f54f,4372.5,2026-04-17 12:33:57.462314+00:00
ceb2e520-cd50-4819-bac8-442c9ecb97c5,1ba84a8b-f9a0-41ce-890d-949894aa8718,4104.67,2026-05-05 18:20:32.766795+00:00
9a34d07a-70a4-4b6e-88b2-20c31b17d6cc,190851f5-0344-4005-b2f2-fceea8725f3a,4138.37,2026-05-08 15:19:59.091998+00:00
0ea50be6-daca-49c3-9412-08612c5a613b,8b0a377c-e09a-40c0-a690-6e56930e237a,4458.26,2026-05-12 20:10:55.332482+00:00
80e27513-3a65-4cff-b99d-62b59707e442,9f37d5e9-7e98-4d50-99b8-fc61cf5fdcc6,4142.51,2026-05-13 00:01:15.638652+00:00
9a979869-ea65-4728-b416-3ab65734dca5,52ce1d36-6875-4231-9c0c-b1b959090915,4109.15,2026-05-25 02:04:47.749104+00:00
b515a0d1-3972-4eae-9245-d5781d410e8d,114c4f7b-93cc-420c-bc86-a3b5c18f73e9,4216.07,2026-04-27 05:44:12.598486+00:00
acb3a5ad-c8a0-4408-a265-4896c5fae059,4ece0cba-80d8-47e0-bf61-fd2008a576b9,3865.01,2026-05-09 06:24:09.006673+00:00
cb78fb5d-9607-4f45-976c-81895241a803,2eb98338-46d7-40d8-853c-ec953c4253ca,4106.31,2026-05-17 12:03:22.648872+00:00
b43c0082-1006-4402-a165-409f0390bed7,deae110b-5d59-46e1-a912-5ef9542fe182,4270.72,2026-05-27 22:55:55.549330+00:00
7dad6203-cb43-437b-b1e2-414cc3471e44,511fc710-cc45-49f7-8276-e0d399a636c2,4916.57,2026-05-30 09:09:04.286814+00:00
a836e430-cd75-4638-a4a1-569e915ac82f,d643ac5d-abef-4574-baac-190b9b5b6420,3965.03,2026-05-31 04:38:30.694128+00:00
83a38dad-a2b7-4ee1-b8cd-915a73dd3c15,0fb4f47a-80a9-45b4-8c2f-1888a393d96f,4109.0,2026-05-31 05:49:53.309731+00:00
a33f71e6-8006-4854-aea4-389096768261,a1330fe8-7f61-47eb-bc5b-53f2fdea56f9,4108.48,2026-05-31 19:49:32.395739+00:00
56f38d53-3c83-4dec-ac71-5e102ad8db3d,5c7b1f57-3503-426e-a1e0-1e2807101df0,4082.0,2026-05-05 09:19:12.943392+00:00
65097596-49a7-41af-8573-ce41ab6a7c61,84baecc7-16f5-4a2e-aeeb-ef0beaff490a,4143.89,2026-05-08 04:06:29.294322+00:00
d7c8faf5-dc4e-479c-bc82-5db3e6f06251,db2d5253-341c-4e36-8927-7e607402f5eb,4192.53,2026-05-09 04:17:56.376688+00:00
9a2dfac7-9826-488a-9605-be05bc6d72d3,bb577d7d-0585-4cfd-8339-3abfca746160,4151.03,2026-05-14 18:43:16.665258+00:00
cebfba68-07b7-4f4f-b616-531f4126d011,5f5abf7c-1313-4e77-8a16-7e5c2558f57b,4161.14,2026-05-18 19:47:35.471014+00:00
8d216a9e-d818-4c83-9f3a-98ee6ca14e4a,58d03765-1d69-425e-85c2-63f8a10d98d2,3973.41,2026-05-21 13:29:45.830362+00:00
d40a8fd9-a224-47a7-afb2-04e58b57b996,850ec33b-300b-419d-b499-9bcf0a6dd054,3925.97,2026-05-27 00:33:09.816801+00:00
552585ca-bff3-4c89-af3f-be4151fb2c27,2f5d9205-e76c-425b-a15b-4857500a25b6,4348.52,2026-05-27 21:30:45.477399+00:00
a49ee6ad-2d97-4571-a51a-41d2c46255b5,ada6efe9-174f-4c20-be8c-19fc00e75bd5,4694.64,2026-05-10 02:48:49.357637+00:00
a631099c-cd73-4a5d-a93c-f42447d205dc,c135fa49-0d86-42e8-ba5f-55b022bd2970,4283.95,2026-05-11 21:33:03.711260+00:00
9cf9ed7f-732a-4409-8f3c-72ec96f3c9c6,be6e37e0-0529-4f12-9cca-28e834b13ead,4382.1,2026-05-18 03:12:44.819110+00:00
0e93f21f-1d1c-41ca-bbe6-1848af3922a3,1bad360c-933d-49e0-9713-7a513fab4574,3908.27,2026-05-19 13:34:03.250397+00:00
bdd092f9-3b06-4be3-b247-d73bbb08c690,174e0286-06d3-4aa9-8912-b44fd2736ef8,3913.36,2026-05-22 02:32:17.623024+00:00
0096dad2-14c3-4f5f-9ec5-84d517cfbf78,07c5bf51-b54b-4715-bce9-d5c0714ffd23,4292.72,2026-05-22 01:59:26.022848+00:00
9b530775-90a2-499d-94d6-23de87c31c29,8670fcd0-1fbd-44d4-b077-6832c99f53b1,4500.89,2026-05-22 13:33:44.800030+00:00
76489e99-c415-460b-9efb-097c29066c82,0ddbdabd-23c2-4087-bb3a-cd539ae6b827,4090.78,2026-05-29 20:06:18.391939+00:00
987f686c-acb5-4a7d-841c-aede76909396,b070b972-be4a-464e-b6cc-0f7eb786b3c6,1749.01,2026-05-27 05:45:21.867686+00:00
18ca6995-51db-4a1a-86b8-3de12f1c0397,510159cc-8cce-4811-ac86-91725a27225a,6521.91,2026-05-27 20:15:07.221397+00:00
0a463156-0241-4987-91b5-dcdf7de42dd1,8388dadf-2f99-42ec-940a-a32f43505f45,4181.11,2026-05-30 04:58:01.750877+00:00
1dae8f1d-9895-4138-9131-f7eadb885b70,120aa614-8da3-4150-9412-a04a798d16a7,4027.83,2026-05-28 01:24:36.810042+00:00
609201db-2c1e-42bb-8afb-4607717b0246,f949cc4d-eefd-42ef-85a9-4f3d0d9ef809,3985.35,2026-05-28 20:50:17.301074+00:00
fa463713-8816-4842-8393-bfb9d53c12d9,30bb5547-923b-49ae-8121-24d81f15ca0f,4045.53,2026-05-28 23:14:54.831141+00:00
cc7f4a1a-d668-4c27-80e8-5370c7005d30,f2308e22-dc9b-411e-abef-e6817c637aa4,3849.41,2026-05-29 07:44:37.421279+00:00
b7170cd1-63ac-410a-9fca-6f142ddf0f13,159794f6-3e22-404e-9350-156dfe568f5f,4260.75,2026-05-30 09:50:31.844052+00:00
4409872d-e405-45f4-b655-cf4e880ff8e7,7e6c868d-f5db-4587-8adf-2835746d54ad,3928.68,2026-05-31 04:16:05.562358+00:00
6bed2c57-5186-4911-8d97-a9d2a1179ea4,b290cee1-5ff8-47d7-8969-d4493d7d1aeb,4171.81,2026-05-31 14:55:27.600426+00:00
6c71e46f-d2c2-449f-b0aa-50c3077daaa0,3cf76213-1356-4e2b-ad35-b8992df2d0a2,4451.97,2026-05-31 18:35:12.570260+00:00
c000364e-e4f1-404e-b07a-aca34dd0f265,82fd075f-adb6-4b58-8dce-a5664b794243,4137.87,2026-05-31 21:09:52.885324+00:00
d3a8f577-cc5a-4826-827f-1dccbdeea437,e8c54872-b67f-4d78-ade0-337124d6c698,1603.33,2026-04-11 12:26:50.949332+00:00
76629d2e-a0d7-4756-9e83-52f8fdd8b2c4,ebb855d8-0498-4dda-aeb0-48cc3d90595e,1716.97,2026-04-12 15:59:38.365690+00:00
e988d8ba-4fd1-4e0b-915e-8e620426b046,e751bb8d-e7f8-438d-aed5-f46949fc50ab,1647.41,2026-04-12 19:19:43.339668+00:00
9de207f8-46da-4331-8ce1-7fac9b8254e4,292d7e23-4baa-4581-871a-e8f2ef449ac3,1651.58,2026-04-19 08:16:42.041962+00:00
d488549e-0980-4917-9a99-8d3cd9d353f1,ef2216cb-d108-4fe2-b95b-40257d398c60,1622.95,2026-04-19 18:27:46.437689+00:00
a0f2a543-cf67-4221-a06e-92dd79a53a7e,d96ea871-596d-48fe-966d-9b3e1785b981,1676.07,2026-04-01 09:18:26.740025+00:00
5d2975ca-35f9-4ada-9ba1-5bf8b756803a,59e61a6b-0643-4fa7-8f8e-62677c2e3cf1,4862.17,2026-04-13 22:32:41.330261+00:00
c86af5a3-e0bf-46c5-b907-2cc9b5759dcd,d55bacae-916f-4d8e-9144-7cff8e62a6b1,4483.94,2026-04-27 22:16:13.842013+00:00
925b5bcd-720f-47a2-b79a-bb07c72e6a67,c0aa055f-a9e2-4047-bbfd-41bff7a63378,1618.22,2026-04-09 18:13:27.930357+00:00
50be8332-740b-4967-880a-4e3fd5e84bd1,13079efa-c041-4479-8034-315484bf5e08,1711.4,2026-04-09 18:46:18.759445+00:00
4687ae21-b998-4e4f-a9a9-25dab2942048,725c767f-83d2-4643-94c4-cba3a715d0dc,1602.56,2026-04-10 06:16:28.315107+00:00
4566d272-ab46-4b4e-82e9-a6ed400e1f45,eb2228c7-a238-4b11-9ed4-af28b8497a87,1547.66,2026-04-25 23:14:54.395658+00:00
12932816-dfbe-44f8-b811-2bc25d1aef1a,fd3ec029-08a6-4554-935e-6d0b56747954,3301.8,2026-03-15 10:43:06.293835+00:00
4d2f8c5b-6e55-44d7-b0c5-8cd6b165108c,c157617e-cda2-4664-8ae9-9954c9e72083,4947.45,2026-05-28 04:29:24.713831+00:00
552af11b-7b61-4e06-90fb-44858470223e,14c2b9d1-5a82-4fcf-bb2b-c4c75507d796,1248.35,2026-04-05 00:00:58.128661+00:00
52561ae1-e60d-4c4b-a3c2-17b07fbea55a,ae8e132b-c33a-450a-acd6-3f5f3e324462,1361.57,2026-05-28 04:03:31.842418+00:00
156c6f79-1aa6-4835-b947-bdc6fb85bdd2,41c555a9-bc24-43f1-b41d-1de99bb88545,1290.1,2026-05-11 23:44:05.149366+00:00
de05995d-69e3-4ac3-ab2a-2ccbd1521a18,8df3f236-acee-4686-bb04-a67a8f18babe,1342.51,2026-05-15 22:39:08.151536+00:00
82515307-1c3b-4202-8c5e-de71fa50480e,831bf934-6017-4723-92fc-543afb6c6a5d,1312.54,2026-05-25 16:54:30.740119+00:00
50bc720d-40ca-4356-a348-529021f9a33f,0b2152c7-07d6-40eb-be69-506d5d42ca39,2013.69,2026-05-01 22:54:45.542934+00:00
c78cf5ee-dd59-47e2-81a8-c52ffd6699da,000cc01b-7cd5-4465-ab6b-3dd02bd90836,1995.96,2026-05-02 19:32:21.902991+00:00
8624550f-5c7f-4113-bb55-331ae22dfa43,ffedfb24-1183-48a7-b3a4-bf340dcb3fdd,1821.42,2026-05-30 01:59:49.262145+00:00
40ebb23a-66ab-4315-a9db-dde282e0af23,1709e8d2-a197-4707-8dfa-c879e6b2f57e,1803.07,2026-03-28 17:58:27.381117+00:00
3f21afc9-328f-469f-897a-e8dcf9dff3a9,633e6d2b-ef18-4c24-a01d-ed05c176cc57,2006.27,2026-05-15 07:17:08.323305+00:00
b2e1e763-e988-40a7-af67-3c86ec187ac3,79f39fdc-36d2-42f0-b08a-02f9a0bd46f7,1786.11,2026-05-17 22:00:15.983790+00:00
02ec0987-f3a5-4897-b016-934eef3d0bab,058d81e8-6549-484a-a584-127436f64eb8,1813.78,2026-03-17 02:01:04.690871+00:00
4d257d73-8f06-4e50-90ea-d71a17fd1c11,1fe79f6a-1bda-4076-af87-a149ae8b52c2,1825.66,2026-03-18 09:02:11.457906+00:00
98e79e19-2a4f-479c-98a1-c3271ac6ba6d,e1779a2b-19cc-4633-b983-9f1531704c77,1795.8,2026-03-17 05:06:34.024419+00:00
c988e26f-bf89-437a-a6c9-cd61a18b89a5,25c76d82-0487-4ab8-8c0d-9c847d5d77e8,1969.81,2026-04-15 12:27:12.571457+00:00
6d804814-2966-4090-8cc1-244db6974706,a45becb4-9e5c-4239-ae24-3dc8aa5608c4,1911.97,2026-05-31 19:50:02.086041+00:00
451b43ff-e165-4c8e-a6f4-d9b1281c81a0,eb9f47ef-06be-4853-bec5-36d42bdde36d,1875.39,2026-03-18 06:25:04.497296+00:00
69bc1700-7caf-48b8-9fe7-307a1ced397c,298bd47a-f295-4036-9406-592dad9672c3,1862.48,2026-03-22 05:30:33.832753+00:00
127773ce-0cec-434a-b5ba-8c0a48e28643,f30d8768-1c35-4299-9aa3-f5d5bbadbf91,1847.3,2026-04-01 11:56:19.977353+00:00
b302a49e-8452-4f33-a2d6-8ab9c3a4915d,e3e70d79-47f4-4387-8542-1a8cf56564d8,1707.58,2026-04-28 05:26:32.775178+00:00
1cb7bd3e-8663-4565-8b69-f5fae28e30bd,0ffd4afd-f4fa-445c-9d6a-cd8452e5f2f4,1924.09,2026-05-27 08:18:45.743039+00:00
4be16b98-f432-405d-babb-2df2552ba1fc,d6b86275-5d76-4ee3-bf29-8da9742cc939,701.45,2026-05-27 20:50:12.208460+00:00
aaedd66a-524f-46e8-a78c-112588171af9,779a7381-50a5-4355-ae19-5076838835ad,1613.75,2026-05-28 08:19:29.558385+00:00
71c5b223-687a-4791-8737-4cb058522cf0,d35fcdc1-4a64-4da2-86dc-89b6c52224b1,2998.73,2026-05-31 10:12:57.371910+00:00
03b13334-9e9f-491c-aecc-ac3f24351ee4,ad1cea26-c00a-4391-949d-a9de8f9739bd,3191.66,2026-05-29 01:46:28.382667+00:00
5d58e6d5-6ed0-4b83-94c4-7322406a5988,f62181eb-939e-4766-bc48-7035a4757b9f,7232.52,2026-05-29 09:55:22.903784+00:00
b2fd0800-1091-4d95-ac4c-c4f47a6b8944,47b33610-375f-4619-8e48-371abbd439c7,7587.28,2026-05-29 12:57:21.228549+00:00
da221c83-33b4-4d80-8649-2d72a5330ba8,5ce2b55d-cfa4-422e-84fe-f9f90b773886,5197.88,2026-05-30 23:37:56.196014+00:00
06961a61-7f5d-4187-ab14-106c2a49a2b6,24bb589b-bcf0-44dc-99c8-24cd52dca774,4766.47,2026-05-31 11:06:23.785429+00:00
4e78acd5-0afb-4d1c-a00f-b537fa4433ea,3ab6de38-da24-43ef-961d-97a82eb93682,1242.74,2026-05-29 13:08:03.135378+00:00
e3d4ae10-f2d6-43a5-be4e-700fe69a0a61,545750b0-93a4-4d8d-b72b-c06550ab0f55,1392.75,2026-05-30 01:15:17.153267+00:00
e55e3cc9-363d-4170-9537-a3460399e9a1,7291f575-8598-4135-b169-f643c289ea11,2518.7,2026-05-30 20:30:20.831552+00:00
2d235f05-78aa-46da-9bd3-a9ef349b8d38,fec1ca3e-ee1c-4411-9faa-df2b0d0adce3,10.0,2026-05-30 20:28:48.837207+00:00
7ab4c982-1443-4215-a893-98d084845225,f37e1313-3a20-468a-ab9a-543b8810dfa6,2483.1,2026-05-30 08:17:19.127029+00:00
aba6a80a-2436-4752-b527-d65a377fd132,136b1a0d-3646-44e1-85cb-62f36c1bd726,4079.54,2026-05-30 12:42:25.232020+00:00
8a8b76dd-152a-4ade-a9ab-f9c7c1980df8,7478885a-2a3f-47a0-90a9-b3544ef1228c,2714.3,2026-05-30 15:08:17.035305+00:00
61539cf6-9355-48fb-a297-b3bf44cd7aa3,5f83aeb6-4332-498e-b0b7-703997eff941,761.74,2026-05-03 03:44:58.777997+00:00
ffad6191-85f3-4de4-a5ec-a8b7b59f1e93,67e55857-fa05-41aa-8725-ba5e09978afd,751.52,2026-05-11 23:58:15.416344+00:00
ae9e4f97-451d-4acf-9675-d052956e67a9,ba56ad7e-bb7d-4a98-a5b0-1201999317a5,847.73,2026-05-12 01:06:23.595860+00:00
a4e39816-a6c7-4812-8984-d1fed16bc52f,9a5d63ef-97e0-4541-b995-3172d3ca4fbf,779.66,2026-03-27 20:49:54.121883+00:00
497f14ab-ddb0-498a-b809-3f3087ef70fb,7f74f031-467f-496d-b4a3-973c4e7a3481,819.26,2026-03-28 06:39:18.858103+00:00
78f4ff3a-5115-4fa7-8c3b-029ed609ca18,c93ce3b1-7142-4884-9674-81cda44f98d2,1790.16,2026-03-17 15:14:57.885644+00:00
31bd80e4-0a18-4c86-ab23-05468e51c5ae,23425895-55e9-4825-9110-d6dfa3706ec1,2226.21,2026-04-11 19:30:02.988685+00:00
b2688add-179a-45fa-92b7-b2ba9ab8c450,feda158b-36ab-47e5-8e38-6c6d99613ece,2612.63,2026-05-12 19:52:10.199479+00:00
34999bb5-f8d8-468b-8850-efcb09d840fc,ef35868a-41fd-40c8-9d16-47a610b4e2b0,4670.19,2026-05-26 10:01:01.518591+00:00
2ab0b973-d55d-47dd-94da-98badaa60403,47761b1c-8705-47f5-aa56-95a95ad7ba81,1780.35,2026-05-03 02:01:52.293398+00:00
7fa52607-9160-4aaa-bbb4-d5d980d72044,e61baee1-da2b-4948-981c-a902e9d12f09,1861.7,2026-05-03 05:00:04.107816+00:00
59e7f710-8c1b-4a15-8dfa-ad3392781d8b,a57fbd6c-7c3c-40f9-9e27-f5149b8ba9d7,1767.08,2026-05-28 06:20:33.194735+00:00
afa42bc3-9b14-4971-85ae-71b2d094f56e,0fc0ecaa-5ca4-49f2-bec4-3535b062e81c,1787.83,2026-05-29 07:22:38.454439+00:00
cdd6e21b-2161-42a5-ab40-ee9792711331,5d6c5629-7ab6-414f-9fae-e8525f033dc3,1813.55,2026-05-29 13:49:31.525957+00:00
0ef302f5-1e32-4874-ac57-17fb7f71afe5,d5dd594b-d403-4d2e-b9df-a524d64b7139,1586.12,2026-05-29 16:46:42.408743+00:00
6e2758f4-0d0e-4c85-9d09-6bd6e9182911,35b4e7d8-9cae-430a-bdc8-f1a0dd1de396,3329.64,2026-05-27 16:34:29.308361+00:00
ed3fff69-4163-414c-bccf-decd855b6cf0,6a351679-6745-4cea-8e8c-0484d916d4f4,3296.14,2026-05-27 17:18:10.248657+00:00
988e2c3d-b200-4d9f-a77a-4eb5a27ca1c0,5aa41341-f09c-4f9c-b5e9-0d0af7076376,3493.17,2026-05-27 20:10:31.268039+00:00
9dc76a9d-0a6b-47ea-82ee-ea395a72acdd,26e83896-f879-4508-baf7-cdedaed11a56,3130.91,2026-05-27 23:05:10.714415+00:00
eb751866-a4db-4ec5-a80c-8e6be1c0e065,7836d414-ce34-4ab6-a967-c0d0e3155577,3173.73,2026-05-28 01:37:14.375450+00:00
a4456bf4-98b8-48e7-9f80-53aeec104372,e4d41c7c-8c76-44fb-87d4-b9bb68141354,3360.95,2026-05-28 02:17:51.227891+00:00
07ebb4ab-36a7-47c5-8ec0-7a38d7db09ca,b138d942-c96d-40f3-b8fb-f4d0a3d22906,3644.24,2026-05-28 04:46:15.021198+00:00
b79e247c-7807-4576-b6a4-f0d2e848f181,f04d65b6-8acc-48fd-b8ea-59dab3209404,3481.76,2026-05-28 05:53:41.561440+00:00
984ae888-c143-41ee-83f5-cfa4e8a13e0c,4648f6c4-27d9-4922-9a33-4383135a5d3d,3307.06,2026-05-28 15:51:24.679168+00:00
9f299f16-faa4-46cf-a405-24187ecaf9b7,8ecb1b7d-ff51-486f-8f8a-1b8ec605d389,2905.7,2026-05-29 08:40:04.999355+00:00
3dd5c750-9585-49b5-bf8a-00160c5e1306,1f5c5783-3635-47f9-aded-8a92d167a14b,3362.03,2026-05-29 12:42:53.812894+00:00
363c72ab-790f-432a-b01b-88dfcd4c1f25,ed6da4aa-acf7-410b-94b7-fe45976e49c8,3529.65,2026-05-29 13:14:31.044031+00:00
a86b91d7-ee51-4fe6-8f27-f3192e053c30,dd3f45fb-ee0f-4d74-8a9d-a8f04df95373,3327.5,2026-05-29 20:55:48.738548+00:00
b8b9fe6c-95f2-441d-a2da-22e9983d5f8a,506ab7c4-1860-4a40-9a56-fd0435f41760,3340.9,2026-05-29 22:10:53.622386+00:00
cf926678-10bc-41b2-ad95-c394a73350a6,4df1feee-68ad-4f08-902f-58a548b2b5a3,3464.33,2026-05-30 01:42:53.591548+00:00
56c1967f-c26e-49b9-b6d0-fb6f8f48cdbb,a70bc212-d8d4-4fbe-9fcd-bbbe804fdd6f,3106.05,2026-05-30 05:35:42.445876+00:00
ce35aa2f-63c6-423b-a58b-64eb9399608f,f7df2c67-f38e-4edb-bc66-175233a369b2,3524.28,2026-05-30 12:57:03.256057+00:00
76e9d661-4fdf-481d-b8b1-6bfbe43acbab,e3cb7fa4-69da-4786-80f8-63f5f7172ffb,3870.92,2026-05-30 22:17:17.220267+00:00
16a9b5c7-cc68-4293-9701-2d78dee171f4,aef15e68-33bb-4b69-9bfc-91d3d48d66e8,3232.69,2026-05-25 19:23:15.205556+00:00
4bb3bd3f-1edd-4f0f-9d7b-94c045c57ecf,1db4efd6-f4c7-4a0e-a635-f3add4ef6d1a,3271.72,2026-05-25 19:40:49.985091+00:00
ff37eec9-981f-4420-85fb-0f1cdc9372da,ed02ac09-0b7b-4799-9fbd-fcc943734a16,3555.19,2026-05-26 00:40:59.778167+00:00
bfd0e956-c862-40ad-94dc-f6e31064a95a,c76fa393-f950-428c-893f-c30e43cba2f3,3521.46,2026-05-26 01:36:04.746946+00:00
40ea3c38-9410-495e-a3c9-6b853608f51f,ee54e788-eb5c-4718-9a5d-d8d95a1f3aad,3465.56,2026-05-26 04:59:11.394416+00:00
bf8d7269-e9e8-4578-b1f2-fc43205e7324,278318af-6d00-46d5-a482-3c1783191aa3,3529.6,2026-05-26 14:14:45.690546+00:00
9622c1c4-cb3a-4140-b556-906259970a42,e83df115-c10b-4159-915b-ca2983936640,3046.46,2026-05-26 20:42:05.521112+00:00
bdebcc3c-6365-4dfb-b80d-01885d38c099,81ba26c2-65f4-41ba-a455-3c85493455b7,3112.43,2026-05-21 18:15:15.747649+00:00
099a8d57-b962-4a2c-bcd6-b39dfdefb3fe,6306267f-217b-4b00-86d9-0463530f095e,3282.02,2026-05-22 00:34:59.060947+00:00
db2719f0-7c74-4110-9b05-40edbbad8b41,1ddc9fa5-abb9-4a05-b63c-87d191aaab3a,3377.51,2026-05-22 00:48:17.737072+00:00
500ac92b-5617-4845-a38e-dbf0b16ce29c,d8314cfe-2253-49eb-b374-992657b8888b,3408.77,2026-05-22 01:35:28.100448+00:00
d146e3dc-6bb1-4e86-a7b1-2f0a5054e0cd,9274626a-3e71-4495-a88e-b9bde361dbb1,3277.95,2026-05-28 14:13:06.012582+00:00
6cfb5761-e320-400b-9df3-c0aa1697b4ea,23bd165a-526c-4fd4-ae98-1407dc79ea66,3345.2,2026-05-28 14:28:51.572074+00:00
abad6ab8-9dc4-4fbf-b4a7-8b0c3ac030d2,8c0edb33-d1aa-4f19-b76d-182259f1b425,3314.5,2026-05-29 06:29:29.318333+00:00
b6f36a4a-7c2f-416d-b7d0-da6201306597,a04dd050-d748-45a6-afb1-7fd3a5166f08,2948.64,2026-05-29 09:24:56.761449+00:00
d353040f-ca64-4b14-9456-5665a8dcbe5a,ebe9555c-910b-4b52-8853-6042da348631,3261.86,2026-05-29 14:19:44.538576+00:00
afc71100-41e1-403f-955f-99f6b7ab379c,0e47639a-36e3-4181-a9f9-19874ff3a140,3832.43,2026-05-29 15:41:21.268789+00:00
6d4a35d0-ca78-4bc8-af9f-6d3637255e7b,a18ad46e-dd3a-47c1-bef9-5a048fa2e076,3377.3,2026-05-29 16:51:03.566029+00:00
f8d924d1-f168-4fbc-ac8a-902946a28f39,fe093909-cd01-4b24-a5b8-05ae2e316445,3536.1,2026-05-26 20:32:10.824698+00:00
feaf5a7d-dc15-411f-8782-bb5f4c3ef957,a852cb1b-e111-4195-b5d0-86c4383c61a7,3119.94,2026-05-27 06:21:24.326809+00:00
69ac6f05-ffc1-4473-8c3e-18479c00c570,952262dd-a726-4edb-9870-d87b07c646a3,3130.89,2026-05-27 11:46:35.364244+00:00
462d821c-cb3a-40c3-8f43-8b2fd16cc5f4,512c8aa6-ce16-415c-8632-75828dab0cba,3148.58,2026-05-27 13:19:35.834129+00:00
c81f5a87-fe67-4450-88c8-a17696211456,9cee08e1-595e-4ec5-9b6e-2bd9f5b6347e,3378.75,2026-05-27 15:02:29.442002+00:00
dbe40cac-d3c6-4399-9f3a-ab834b1d9d22,fd7974bb-3983-4ad5-b30f-6e50e376b44f,3612.98,2026-05-28 07:01:36.634465+00:00
a30bc4fc-6978-4667-8aef-841a2a6a823b,b9f4b0c1-7209-4886-9474-8caa449baa8c,3015.59,2026-05-28 08:02:59.001530+00:00
88937c7a-fca2-4526-94bd-5ae78aaeb556,a2957905-5be2-4d7b-9308-1854b705deb5,3168.05,2026-05-28 09:12:49.372074+00:00
2dc6f086-21ef-4eee-a7b7-b03d4d25a980,e3d23f5e-5989-44d6-866c-27d7e6d05922,3256.1,2026-05-20 11:47:30.618372+00:00
7f74a833-89d6-4aaa-958f-1cf344f5f251,bc5fb529-817d-4e5c-90c1-31346fae792e,3111.27,2026-05-20 13:38:48.767315+00:00
aeee0047-e85d-468b-bf60-e930749f76f1,4d332e19-7bfb-43e4-a6e8-083d20d1f39a,3393.97,2026-05-20 20:24:15.387882+00:00
89506331-6870-4549-8ead-790d63b072be,32b880b9-f8b4-4d87-a77a-98b9cccac69d,3508.51,2026-05-21 01:43:34.979524+00:00
feb5a75d-9642-48a5-b717-3cc21ac260ff,b4a7ed5a-cf5c-4b9f-99b2-9aeb9f251a25,3073.02,2026-05-21 02:42:23.829616+00:00
f03769d9-2920-41f4-811e-be26de12daf5,ec67e00d-d2c6-4ebd-bc1c-77489d2614c5,3283.56,2026-05-21 04:28:05.541252+00:00
e31e8f5e-9cb6-4f91-a655-a5a034184840,e5763597-4cce-4cf9-b096-44f024c68e11,3511.71,2026-05-21 05:46:39.324595+00:00
0892343a-c0f7-4f2b-a63e-4c17ff3793c7,8a8ce97c-adf1-4d0f-98cd-c683cab783f7,1938.86,2026-05-19 19:30:35.195881+00:00
c4a38ee1-a206-4dd1-9ce0-0c78cc7cff0d,5a6fd19c-74a1-45eb-9065-6b7b06040b48,2896.66,2026-05-20 15:11:13.912885+00:00
b35dd375-6ffe-42b1-961f-ca70b20d6615,59976d46-9554-488a-9187-7d77e504e6e2,2260.5,2026-05-22 15:56:38.946792+00:00
10be1f80-fdd7-4b81-89d9-13793b6eb61c,9a1a12f3-2f73-4705-b47f-64205dd6b4ff,1989.81,2026-03-18 12:34:49.679703+00:00
a4fbf112-7f2a-4f8b-8c8c-ce829297f4db,48599a16-4443-42f3-a879-cd5f0f3ace95,1927.29,2026-03-28 04:41:19.803782+00:00
7629b5bc-6a75-4c91-87f8-262b33facfeb,fe1eb46e-c784-4516-a12e-bd3a00a0093e,2561.82,2026-04-03 01:30:12.023008+00:00
883aa425-5978-408c-ad2b-7dc29d912a26,c1fc4ee7-fd79-4b8a-8874-0fd4c7e24168,4284.48,2026-04-17 15:15:58.324175+00:00
c0ab9387-a03b-4485-a880-f0fbf2dbfabc,6a78dfa6-172e-4b92-9b08-b1be6f46e2c7,1914.39,2026-04-26 00:00:55.101137+00:00
d71081fa-f5e7-4f21-ad6c-c4f30ecaae18,4c4dd66a-11c7-43e4-ba18-8ed363f2deb4,2264.95,2026-05-04 08:45:58.313161+00:00
0ad2b6c4-8ce1-475d-8197-ae5583fd23ce,95be477a-743a-4484-b6e5-54c076d34f91,3387.4,2026-05-07 03:19:29.047688+00:00
3fa8ad18-78e4-44aa-884b-a22a473752ac,6cb83496-5c58-4727-a91e-67f075284ab1,3282.01,2026-05-08 22:06:14.954561+00:00
65b7c20b-37a2-42bc-9a66-c31046cb8b58,b1d20dd6-f48d-40e7-837a-1d2752c34dd7,2748.76,2026-05-14 23:03:32.926055+00:00
71679bf9-c9dd-4198-9926-165d0b64331e,361efdff-8857-4162-bc40-f150ab9bcbb8,1933.88,2026-03-06 22:47:35.894420+00:00
9e121c06-a50a-4c0a-beea-cbdc033b3a3d,25ec1391-4f5a-4814-91d0-b4606baa5448,1902.1,2026-03-09 15:14:55.883217+00:00
00f7c2d0-6c4e-48e5-8ef1-de7d2b9015b4,edc42011-4265-4735-ace5-e128e21cbc79,3529.33,2026-03-12 19:37:56.656427+00:00
65b95480-cfdc-4dc5-b324-56425eeba356,f210e509-e351-4ce3-b407-7fca72631726,2319.62,2026-05-16 03:30:36.258823+00:00
8d244287-6877-44b0-a045-70d7cfc3276f,228320e0-5013-4540-8c49-2608e721c8b5,1800.76,2026-04-05 17:10:51.217686+00:00
a3a86df5-9351-452b-b55a-982bdef3477b,7a630070-3417-4f28-b55f-083a33ca951f,1574.46,2026-04-26 19:38:20.062852+00:00
8fdad940-b87f-4648-9048-be5378b1459f,56143ca3-2f42-47b4-8cc8-e6614f6a2180,808.44,2026-05-06 02:01:19.037860+00:00
306f2cf9-020a-46f5-918d-c6c3bd9245a5,1e25af58-08ba-428d-b088-104ac1ba3270,2874.06,2026-05-09 04:00:22.356381+00:00
ae1eed62-6bd7-4747-8abe-28de938b96c4,a9c4d354-4fdf-47ee-83c0-6dae25cc6a1b,3439.04,2026-05-19 04:24:14.686923+00:00
d6905648-ecdb-4837-ae3d-9e75a89379c3,17bc25e0-229c-42fc-8cda-7f2f0ee6b63a,3265.75,2026-05-23 18:03:08.520361+00:00
b1f21319-3d43-430e-9acb-4c30c3d4d7fd,71255b5e-dd1e-4a24-8c88-c415911a91f3,4887.98,2026-05-29 03:29:09.995793+00:00
ee6eccf3-8ee5-4ad3-9778-e25ad6b1976f,2b49b695-25dd-4bc1-928b-35b480254270,2694.16,2026-05-29 12:54:51.005300+00:00
43649d4f-0f77-4eb2-b141-107913aa44b8,113132ab-f835-4415-8828-51693aa7fdcb,2144.16,2026-05-30 03:08:22.743824+00:00
3401d056-c49c-45c6-8845-8e7900786b2d,81610aa0-3b7d-4f15-85eb-af2314aac4cc,1288.04,2026-04-07 05:39:55.245161+00:00
aa22d8ce-fdf5-457c-b8b1-05f7c64ac374,31446839-6f30-4baa-9f41-86d0e7071608,2213.92,2026-04-10 09:03:17.731986+00:00
d6395309-82d2-46b1-8de7-557c61e768f3,2a06d58e-6446-4ece-9886-309129d2d300,108.64,2026-04-15 14:33:05.334380+00:00
8e1f71bc-da18-4161-b903-4c89f09a61ea,6d2ae8f3-4a99-47bb-81de-aaae3aaaba2a,3651.88,2026-04-19 17:35:07.658493+00:00
73f68d05-2141-44e4-abcd-9c132e392ef3,c3c202b8-ed73-475a-a879-0d145389deb2,2085.35,2026-05-01 21:48:43.012985+00:00
96a37958-6b7b-4431-8b0f-8bb34fbf7496,63a6fd2c-025e-4fe2-ba23-296da66f38e7,3154.92,2026-05-06 14:39:58.540214+00:00
917377cc-6df0-4b2c-aca3-041c096e854d,34206e13-bb4f-4f69-9c80-f12220887b7a,2191.33,2026-05-09 08:16:31.199925+00:00
1b25160e-74d8-4c70-a125-87662a832fbb,ba0736b7-8780-4324-8220-87d8d9d30442,2104.15,2026-05-14 22:01:39.793550+00:00
8b762ffa-2468-480f-8c5d-d43f33935936,3ebf79b0-731c-405d-a757-07363619df42,2312.34,2026-05-31 19:39:59.099793+00:00
0d4ad6be-2580-47a8-98a5-63c8d0e5ba6a,c70db074-ea09-46f8-92db-61bb84beed4e,2717.61,2026-04-22 15:45:56.025700+00:00
594f0ef8-77f6-4497-b38f-12c1fecc6c0d,a09cdb49-8326-48f4-bd7a-fc214cc08165,4276.53,2026-05-18 23:04:35.060962+00:00
08cc0e35-2cf0-43ab-83b2-ca42acc1c1fa,8b92e87c-4488-4efd-92dc-d329a14a88ce,687.58,2026-05-20 16:49:44.986212+00:00
46044021-e1ca-41de-8f11-77d43b3f2e96,1cca1b70-6263-4696-9198-eac9d3dce0c7,1844.55,2026-05-20 21:55:06.035446+00:00
e7dee4aa-dd56-40c9-b171-38fca780e957,c45a7a5b-d370-49ce-85d2-0ab4e9e14966,1807.7,2026-05-23 03:47:17.455778+00:00
37b541d5-7037-4c9d-b4cf-f2c40f574748,6236d51f-f4cd-4e74-9cd2-5bc321fd390e,2369.1,2026-05-27 08:11:26.272436+00:00
4b4f0964-a141-4b44-9b71-d1e0c8f01c15,af8cb13e-ae72-41b8-8147-105fa7eda583,3625.57,2026-05-27 12:49:04.194009+00:00
32066e71-052e-4a0e-832e-f4169263304b,39609e1b-b8dc-4539-94d6-fc51d1ee33ca,2511.95,2026-05-14 15:47:12.634203+00:00
96b612e7-af4f-40c6-9aea-503de300062a,800120fb-6d8b-4847-b291-acb090e5f3d2,3241.23,2026-05-14 18:17:18.948241+00:00
6e324bdf-663c-4356-b3c3-3d6752f7068f,e1520d80-a379-46f5-8d51-cf6a684a3a11,4018.53,2026-05-16 10:05:39.836476+00:00
499206c2-f75b-4475-aa18-a13ad42e8a34,d5f31081-39dd-4487-9648-c13564ae44fc,2862.18,2026-05-17 08:29:16.837205+00:00
fd2b6ca0-f76d-4898-b181-40f68a8a9118,554a077c-7392-4184-93bc-86caf4cd1d59,2997.2,2026-05-20 12:59:32.484284+00:00
51315891-0934-45ec-a23d-4e608de75648,d40a9193-df6e-4259-a72e-a9f624ab7cd2,3054.92,2026-05-21 05:44:21.763344+00:00
e79a6781-082c-47cc-b0a8-5f204af4b32c,1ffe23c3-5ff1-423a-afd8-02f697d3c11a,3472.97,2026-05-21 06:49:54.295986+00:00
ca190f33-29f5-4d86-9684-f8612d85043c,47e1b3b8-6795-4faf-9f59-15f8e32979d3,3644.01,2026-05-25 04:09:05.946398+00:00
f8a5e8cf-ae0b-41e6-bd0a-bfd471d82873,c955be3b-133d-4b60-84b3-b8c9e1b3c142,4132.6,2026-05-26 21:05:42.007618+00:00
d37da2e4-33d1-4adb-ab4c-893b9c61c44a,73cbadc8-b4b5-4e21-bc34-c0d7b91c2d3b,4201.19,2026-05-23 07:05:33.326032+00:00
e6135a29-fd31-465d-9b8b-364b6bc7116c,ba8d4dd8-6532-4f80-9a07-ddd49e7e7829,2714.52,2026-05-23 08:40:04.560190+00:00
fb201827-de6c-4fa2-aa76-24fcb5103228,358996e4-7387-41c6-851b-03eac5e16992,2781.14,2026-05-23 16:31:30.876692+00:00
f1d1e3bf-a7a1-4e0e-9557-8737664d3008,39f7564e-94de-4c56-aaaf-9947dc36f17b,5487.17,2026-05-25 09:43:28.304150+00:00
cba8a539-5ce0-49ba-8949-159e91915e11,ff0b87e5-6605-4335-92f4-031e75220af6,3961.5,2026-05-25 12:53:20.474317+00:00
632a3f8c-5d2c-4eb7-a11d-df5ff72c7635,0c187a44-8593-4d39-8895-eabf20062307,2325.08,2026-05-25 13:23:40.576328+00:00
b722dd6d-c588-4a5c-96c9-2b231d271340,20c6ca08-f55a-4307-91eb-5be587b02a69,3499.17,2026-05-29 11:16:50.371493+00:00
c84eb779-af1e-4a50-bfa9-d726867f3293,662ff05c-7fd4-4f85-9978-54d48b46c81a,4165.37,2026-05-30 19:32:20.655417+00:00
8a9d3c0d-6fab-41c3-9fcf-d3d072bbb0b2,e0b92baa-0c49-4c74-9409-8bdc5a4ae63a,1092.32,2026-05-29 15:54:57.654663+00:00
4178d767-c04d-4af4-8b9e-09e8c395540d,ca565324-5624-466f-b8ed-a02cf183e04f,1379.96,2026-05-29 19:47:06.477201+00:00
d9d8a480-1e46-48c1-8c5c-d2e2afc04dd3,027c2285-c000-47b9-8338-447f9e8a1f52,834.77,2026-05-29 18:57:40.908611+00:00
ccfdeed7-b632-406b-9052-ea8102da7750,3fae9074-6eda-4507-b93a-3f5ad36a5b5d,568.26,2026-05-29 19:36:55.027301+00:00
3bd9686e-2acb-4673-b187-02862829baf9,8a088171-61ce-415d-a160-bf89433d1edc,667.19,2026-05-29 23:24:09.798409+00:00
c46105e0-d1bd-48a7-9b20-0b3b7bce5e27,28281d1e-ceb9-4eac-a812-56ba9d8b0679,1751.15,2026-05-30 03:33:20.808065+00:00
287c411c-8b51-4596-8ad2-4f0523a7b36b,23d96b90-2d26-41e7-bf61-2a5b8eae93d4,1544.12,2026-05-30 06:28:07.264736+00:00
9af9c4cf-7c86-44f1-a20a-f93987a9c1ea,0fb41142-1f40-413c-8acd-e9f77bfc36bd,684.29,2026-05-30 08:44:30.647575+00:00
9a2d2cac-e74e-4d14-a21c-101050ecdecd,303b7ba8-26d2-462b-92c4-e2b33d5bbdea,3423.21,2026-05-23 06:01:51.586088+00:00
3d095212-0052-4a3c-a33d-de2e92b85ef0,bb14d3c7-818f-4377-90e4-4fe239abd456,4083.28,2026-05-23 07:29:06.860775+00:00
05e1ca26-8842-4455-8171-c24d79a7c92f,9f2a6248-2fe4-4b2e-ac24-bd3dc1b4b181,10.0,2026-05-24 04:37:20.990321+00:00
6c3bee62-6af9-46c1-acdc-37558580aeea,be569362-31f6-4fdc-968a-0d53d5e7e1e8,4009.81,2026-05-24 08:37:33.449732+00:00
0c26d4a8-d00d-4dd6-9055-2475f3d982d1,ea03970c-3b0a-4838-b250-09d587de9c48,2565.25,2026-05-24 09:11:48.122399+00:00
26211faa-f9be-4a21-952e-0a06ae8ae11d,47bc5bf3-8580-4c3a-8873-e6c58665f4de,3323.56,2026-05-24 08:05:52.042333+00:00
32d1e3ad-7fe1-42f7-958e-0153f898a5e9,362d2b51-4760-4252-82b8-3fc6bc26bdab,4021.35,2026-05-24 12:11:21.065325+00:00
372ff354-6f5c-4998-a977-02b585b27a8e,e1df664a-ba9f-4fcd-8a9d-190a9a3ca1a4,5057.87,2026-05-24 19:44:51.174319+00:00
641cccc2-db79-4721-9935-e4a7f38d96b3,37c98c45-cc69-4c61-9fb5-b9b23ec84a3a,503.49,2026-05-10 16:17:19.024109+00:00
6552e29f-f316-4e07-9a86-b03a9472f13c,08c17433-1def-4e2a-8aa0-11c03a47af3b,266.87,2026-05-10 22:06:08.422872+00:00
6b6c4329-0899-4445-b320-128abb9973c2,b43e96e7-3852-4d1a-af3e-5457ffa15254,587.61,2026-05-10 22:13:13.733798+00:00
300cb745-bf24-4175-ae76-40a482c125be,ed02c738-e705-4ecf-a066-3696e65c2a1d,765.79,2026-05-11 05:38:50.142529+00:00
faeda3f9-9f29-4b82-94ba-59af125561a8,c99fafc6-d3ed-453b-b0d2-2117f8bf1a47,517.13,2026-05-11 08:05:08.991136+00:00
2807959b-87a2-4a58-beea-fc8732ec19db,11fbd28b-edf6-4ca3-84d5-8ffb223f7084,4939.49,2026-05-21 18:28:12.979436+00:00
d442c11a-34ec-4dd0-bae3-231835528838,f7ccff19-f98e-4713-87d2-50383cd92d59,2400.46,2026-05-21 23:34:50.491915+00:00
ad10c8b9-4c64-4ac8-b8fe-59616cd1e7c4,c97d2d10-ab10-462c-bfcd-209d195bceb1,4278.81,2026-05-22 00:58:34.523565+00:00
3de61dd9-8c30-47bd-806b-49979d84ca06,1315cf1e-a2ba-4077-bb1b-f1bef1889964,2574.97,2026-05-22 04:07:35.717363+00:00
3a5a0132-a69a-4b60-9d37-7e83eb9804e8,47c89851-629f-4c69-9c00-883e1dcdfd85,6750.22,2026-05-22 04:47:34.988551+00:00
18e54704-d661-48be-ae88-dffad770e5a7,00283e92-423d-40ab-827c-446c0c1dce5a,8471.94,2026-05-22 07:29:19.570675+00:00
806e2848-90cb-4b77-8c46-d67cbc916e0a,3fbc19e7-4bf4-478b-ab6b-7f7aa296a544,34.5,2026-05-22 08:59:46.432353+00:00
9fe8ab0c-274b-47f3-a70d-b362a59ac860,46919415-2671-4d70-a1f9-6062bc8492c2,4309.8,2026-05-22 11:54:49.373079+00:00
569970c9-3b1d-44e5-821a-2cee068e1801,778f7536-d1c6-4a68-a032-40d724a50ccc,3172.15,2026-05-11 01:56:35.798655+00:00
f2921ccd-6e95-4793-8099-b28f9c59c2c1,88937837-de63-438b-9265-67c06267aa7f,2250.38,2026-05-11 07:05:13.310446+00:00
e53a1cff-b5f8-495b-a7fb-73633688bb21,f7eba95d-eed4-4627-b3b3-cb5795fa9bc2,2352.57,2026-05-11 11:01:42.562822+00:00
0828baec-3e98-4ec1-8669-12858d1eaad0,1f57e6f3-2957-41c9-b27b-45c949c4e2af,477.11,2026-05-11 14:04:19.880617+00:00
be2acb47-351f-45bc-92e3-78ff74b90f96,1d8f8331-0b2f-47d4-8ca3-76c60323cceb,226.46,2026-05-11 15:54:56.150311+00:00
d941244a-60e6-4e32-82de-837d458fd5f4,85afcc01-9fad-43c7-a9e8-cbd4a5308b0a,2259.1,2026-05-11 20:20:55.866518+00:00
08a955c7-cf86-4ed8-8a0f-4c7b55b50f2e,d85e775f-42a7-43b2-abfc-daf92de4ad6f,1099.66,2026-05-11 20:24:07.180301+00:00
2cba4f73-89eb-43c1-9198-217659a33183,52c2d566-43eb-4817-ade6-dd07eed4bdb0,1582.18,2026-05-11 23:00:30.782048+00:00
54249751-9ffa-45a1-a1b0-524a4e81741e,7dc914be-ef7b-45c4-9317-c24dc19d6052,3095.76,2026-05-12 01:37:32.834054+00:00
cc494248-75eb-4a7e-84d8-1e72b25dec05,e7c9583d-bf3f-4d2a-9b79-660c8d858e8a,842.83,2026-04-14 02:09:55.944737+00:00
bbc3052d-3160-4dc6-b550-253136d2b10e,68453aed-8f32-42e4-abd6-e71257209d78,418.41,2026-04-14 04:02:36.338089+00:00
644988d2-e258-45cf-950a-38a2b34e982d,3e77166e-3ce9-41a3-b092-7549d0019ec7,617.9,2026-04-14 06:54:57.627758+00:00
e14db79c-ef1b-4308-9786-87a3f6fb4351,c42fc81d-4e5d-4a07-8c3d-4d0e885f803e,436.97,2026-04-14 08:38:52.466759+00:00
667f008a-f6a6-46c4-9f1c-0804329f00ef,30611583-3d65-4b8a-b1ee-a52c0d13fec7,412.85,2026-04-14 12:37:20.927606+00:00
7057309c-f431-4018-8fdd-dafb57b229e9,b953f79c-2d82-4518-b420-e2ee763b0202,573.4,2026-04-14 18:22:25.086720+00:00
041d0edc-ab68-4951-823c-f652c14e2e36,4d1cbaa3-a605-4bb6-a7a5-b30ac7c5e410,601.1,2026-04-15 06:28:12.995099+00:00
1c0b5616-2440-4e4f-ba37-34eab03c925c,e151af43-88d5-4e91-af32-c6a31c3ead27,1912.14,2026-03-25 14:06:05.836991+00:00
79bc5d2a-52ad-43d0-ade9-8d82b0282af9,f8485225-43d0-4943-b423-ba7313753c43,1029.01,2026-03-25 15:04:25.818025+00:00
f93ca78e-c0ac-4308-92e7-3efe4dcd8bf1,e39e5508-54c6-4cd5-9e68-c232ff1cf348,1295.19,2026-03-25 15:03:46.062737+00:00
fdd8fda3-5e4d-427d-a7f9-e5081e1393c4,62a9fbd7-26fb-4759-a60d-19a01094913f,1389.86,2026-03-25 20:13:03.346947+00:00
3cc75984-9762-431d-9d70-1e42e1bef264,a990b9b3-11bb-45b2-a57c-e18a547242d8,1493.87,2026-03-26 07:03:48.724584+00:00
776d4d10-8937-499d-94c3-1a7958557897,62b402cd-b021-489e-b70c-3cd37f13216d,953.59,2026-03-26 13:24:05.524343+00:00
34ca5173-786f-4a7d-a8f0-db4153dd14e7,a5f2f1eb-2fa8-45de-897a-86350e7fcce8,744.26,2026-03-26 13:20:39.997135+00:00
fe56c908-cc3b-4199-8052-0a1b424a4cc1,373f1de8-8903-44ec-9037-983d75602a05,1350.69,2026-03-26 14:41:32.103922+00:00
1c57c74a-035c-4de7-b5a3-75ff8d6dbc02,54ec247a-38a1-481f-9b44-5d14b0aeee2e,7108.74,2026-04-12 13:28:54.328826+00:00
01a9f33e-e556-460c-90a7-54901407ea34,8b57fd99-fa1c-41b2-8e41-0b1c16839a81,2825.88,2026-04-23 03:51:54.091081+00:00
9e71b9a0-448f-4a72-ad08-342ca2c197f2,8dd66dd1-b815-40e1-ae7a-122af2d0464c,1410.84,2026-05-05 11:59:39.168696+00:00
0362d1a0-2477-422f-905c-8ef3fd8b61ec,a6711668-e094-48ea-ba7e-b9c79c062f1f,2858.52,2026-05-31 16:21:12.433654+00:00
5e1e3912-f184-4a9e-923e-889bcd3a74b5,671d6352-db34-4a5e-bcc0-9d6c302e7a0c,3215.67,2026-05-29 23:34:20.953503+00:00
f5bca166-48e6-43f8-bac7-ca898c976763,7313f98b-2553-4bfb-bcd0-bd8f5415321f,3453.05,2026-05-30 04:16:29.067632+00:00
4f79f942-7259-49eb-be7a-592d7c06e4d3,f9895d43-f03f-4144-855a-14aca759bb9f,3100.2,2026-05-30 09:05:57.530066+00:00
f6515ea8-01dc-4163-a7e3-cd7bf19a31f8,75361cdd-337e-484a-a3df-f588a355de52,3436.36,2026-05-31 04:58:52.901065+00:00
326a8b73-5c9f-4278-9e09-2e318af681ef,37134050-be39-490f-a9ac-e00f255cb19e,1245.71,2026-03-08 14:21:55.557593+00:00
2b89dbb6-bac6-40fc-a222-1b0e05bd1890,129ad139-7d3e-4c0f-be09-c0f8f2baf7b7,1038.13,2026-04-01 09:04:37.657487+00:00
fcfbe4bd-71cf-4674-8806-f8cf86506f1c,e8b3761f-5e69-489c-9f41-0809642239ca,1129.88,2026-04-08 10:47:46.578522+00:00
394417d1-120f-47a3-8cad-05d8b070fbf2,e534dacb-05ef-4454-a429-da5feb9e3991,1130.19,2026-04-10 04:08:01.783190+00:00
b6a99ff1-0107-4be4-a6be-9c6f832b34ca,268bcdae-eb69-4b65-8ffb-415edc9c36b2,1262.99,2026-04-13 23:17:50.571382+00:00
edc787a7-4e1c-4cb3-b0a6-1bbb22deae20,12b2b071-e90b-4552-a532-4b6f298e65d1,1229.14,2026-04-14 21:14:54.552120+00:00
e7b45ec9-f0ee-4321-beab-5bc3aecc6295,ba025a48-53ae-4417-845c-3a2786e48b06,1245.83,2026-05-03 21:23:31.752000+00:00
f98e1a96-5b8e-4e63-990f-0d350b88d130,0ba16f60-8b3e-4064-b24d-1e4c85d2dcf8,1257.89,2026-05-05 20:27:07.276394+00:00
17a8e0e9-5e0a-49a4-a66b-e934695464a2,c3cf6802-bfd9-4afe-830e-2375f83ead7c,1180.03,2026-05-15 23:19:20.876806+00:00
683fe7b1-c860-4e73-86d2-47952b35e8ad,8c4b3b9e-4d54-4626-8556-f8bc9d19e2f9,1251.69,2026-03-17 19:09:37.603311+00:00
28f264dc-a617-4aab-94dc-4a2ced6e2566,6ca83081-866e-491f-90d9-935afac4fd23,1242.61,2026-03-28 19:55:45.807540+00:00
67dd445a-e787-480b-a7cd-52a184f3800d,cf083e0d-f720-4fc5-9208-8e07b1db1528,1275.85,2026-04-02 06:07:54.629630+00:00
5e6b39c7-0178-40a3-b31d-9bdc7c437571,ff9fdc7f-2431-42e5-a46c-7f970535b38c,1192.81,2026-04-28 17:41:51.512574+00:00
8a880aa9-d18b-4e24-b39b-08cd2e0893fa,041c424c-7e29-4e79-9dab-de18043405bc,1201.06,2026-05-08 14:16:41.576124+00:00
a3a8efed-4da9-4e3b-9b36-151ab2f95dd9,449a69f8-99d6-4d1d-a07f-1178a1aa07f2,1215.85,2026-05-27 15:20:03.577100+00:00
75d63151-de10-4336-9298-09fc5316c43e,5707fc5c-e90f-4273-8e72-3ec4f6a7dc8b,1190.39,2026-04-06 03:01:29.489504+00:00
bfdfec74-7a94-48ac-b59e-d54c882b2c02,dbaca0ad-fe06-448d-b75d-dee078f46687,1328.94,2026-04-08 21:50:29.104938+00:00
2b61442e-74bb-4b27-b1c1-706265f51833,bd8ca9c0-9944-47a0-9664-535366c8fc23,1108.48,2026-04-12 08:37:37.091378+00:00
422517e5-7cf1-4954-a831-088ae0185c8b,3c081b5a-c18c-4008-92b9-258d36c94819,1230.61,2026-04-22 19:04:52.421061+00:00
5559b00f-1b93-4c31-b4b8-fc4bb06a1c10,a4a1801f-02d8-4eb1-a1d6-5fa214d967e8,1245.74,2026-05-08 15:20:50.131032+00:00
936f0a9b-c8ec-40b3-884f-25f89696c79d,4c24ef96-a298-417c-8aa1-6e792f160948,947.62,2026-05-11 23:23:07.432660+00:00
ca3fbe72-371f-4f12-b0d0-3f0c479fb6b2,9140ecd4-a926-4745-aeb5-12ae316041b5,1182.51,2026-05-29 15:34:26.434516+00:00
7448fab5-4286-4743-b49f-9097b752effd,3ef91bbb-a2f7-4f1f-8adb-88f3ff406969,1238.16,2026-04-06 09:30:03.206935+00:00
7f6e3721-75d6-47eb-93f7-8d384eb01c4f,768cbccc-3ddc-4aac-8e17-c6a53419af12,1138.45,2026-04-22 21:12:45.551093+00:00
b58176b0-e0af-453a-a281-6dbd339bf7f9,a76763c0-b36b-4e55-bcbd-93ef49c213a5,1150.98,2026-05-12 21:00:23.879167+00:00
0338bf74-638a-4bf1-adc4-96ecb3608283,e7e87951-3a38-4db9-a58f-c708b42d8752,1232.74,2026-05-14 04:54:23.729265+00:00
3963c51a-a092-43f4-93b2-a8ed56a6faba,09c71c93-903e-4c72-8b8c-4c7e71e84136,1166.86,2026-05-14 11:05:46.213946+00:00
6a1fa0fd-7c77-4d29-9eac-4f71e7cc3674,410f3985-3926-447e-863d-1988415c011c,3096.98,2026-05-22 11:12:33.212118+00:00
e50f9d96-9c91-4842-a2ab-436d534f5e36,052cb5c4-bf3e-42dd-9a0a-920d8e52e3ec,1362.51,2026-05-02 21:11:56.496953+00:00
a818c563-21d5-4684-9bc8-051a6d7bdf6f,a71f63e1-28dc-4664-949d-3eb2b6129da6,990.11,2026-05-09 00:31:52.156870+00:00
3dbbe6e2-d0c1-4e18-b2c3-b25498c7b448,58a6b753-eddf-4585-acb9-9f97c6cbcb85,1280.24,2026-05-12 14:22:11.701545+00:00
27f82ded-d1a8-427a-b597-362acb31fe37,6a092048-2b40-4a1c-8507-e32c33e8525b,1163.4,2026-05-12 19:44:59.642464+00:00
3ad2e0b1-9572-4478-9099-af3f131b68cd,5c102ec5-2b68-4a82-9eaf-c9ff751efc5b,1089.93,2026-05-25 05:38:05.291295+00:00
9813b236-f9bc-4d78-b852-8ab52e604e9c,3a0caea7-9cef-41da-8939-590390dd5a40,1121.54,2026-05-25 18:07:00.445033+00:00
773c5394-126f-4ee8-b2f3-beb9de69286f,5da77eeb-69d2-4f35-b7b6-3560552be89a,1263.87,2026-05-31 15:39:22.507041+00:00
c0d8c96b-0bad-4fb5-8be8-6c013de0d29e,f54eb9a8-79a1-483e-bbd3-f8b1fc2b7308,1135.61,2026-05-23 16:38:17.967255+00:00
6ebd8cb5-bea9-49f4-a58c-e1de5506158b,bf5ec872-fbdb-4b1e-b456-aa54359c5d92,1176.22,2026-05-24 07:29:35.191073+00:00
9e5c98d4-1b77-40ec-9fbe-b2fee6a9c47b,8c61e6ed-c9ef-4961-9107-4a0a4e57c451,1127.38,2026-05-26 08:52:12.219463+00:00
4e4930ac-2ef8-4992-8022-0a5f632b6d72,26a6ce8c-d9a3-442f-a31a-9cb29eb3cde2,1221.03,2026-05-29 00:55:30.851756+00:00
617a5ab3-62a3-450a-9017-c2cce0dcb153,87fc8531-cca8-4191-818e-cd9a5076090c,1172.53,2026-05-30 09:18:25.665939+00:00
66fc7f1d-503f-4f1b-be1e-ec1f4e73973d,2316f281-26ff-4f1a-9866-b0145d3ef343,1215.49,2026-05-30 17:25:30.448768+00:00
17ddf83f-c46d-47dd-b0d4-0a54e76c555a,a388255e-3ca4-4238-ac65-976785102343,1538.57,2026-05-24 19:27:16.924977+00:00
ed0e62ab-2575-4f30-9184-63b03260ba09,d5213a02-52a3-40e2-be8d-cb3abc2c4a3f,4826.3,2026-05-28 18:54:57.202220+00:00
1b49e446-45fa-43f0-8cc8-3cf80a24f0dc,8c24e65f-fb8a-4e3c-8c73-44187b13e52a,3270.91,2026-05-30 01:59:19.498712+00:00
cb580728-cabd-4a8f-b032-87342410949e,70f13c7a-322c-4feb-94fc-1c7697781049,3966.52,2026-05-31 14:43:54.088459+00:00
d40ce50b-6c28-4252-b622-ae5fe89f6b31,65228891-6517-47d8-9595-856435640f2c,4281.97,2026-05-31 18:31:15.370279+00:00
256dc37c-fd49-4389-b509-c881eb8f8167,f1006b70-95ec-417d-a7d7-67d9641e065c,4142.87,2026-05-28 02:59:34.858039+00:00
1549cd92-fdb2-43f8-8215-510551696980,7e11a8c9-96d6-4712-ae31-a370eb2be037,4589.07,2026-05-29 08:07:57.730690+00:00
d69348c9-b53e-4ad8-a590-90b677f97710,d0c1ddde-669d-4bcb-acc3-61429929e6a5,4169.71,2026-05-30 21:59:08.051550+00:00
98381ff0-d620-4cf3-98c3-9cf554d94915,34545599-e5dd-4b30-a8bd-2607e79a0d95,4283.14,2026-05-31 02:24:12.500977+00:00
c9c5ff63-c29a-4504-a9ad-4d430b7b11b9,241b4dad-19c4-446c-af72-e43b3bdcb21a,4058.8,2026-05-31 15:29:03.954731+00:00
d0a1c6c1-8f61-4e58-b554-84ff24db5b7f,d4799341-982e-4d85-b910-d7df2600b6ee,3869.54,2026-05-31 15:41:34.383381+00:00
f8e40533-5777-4d2f-9fdc-c760b0290e33,2482d959-8489-4a18-8a7a-97a2288bb9ff,4177.08,2026-05-31 19:06:02.959794+00:00
27c67415-8845-49ca-96e4-411958bb7848,5d030094-ec6c-4226-9272-0e0c5cda3256,4414.48,2026-05-28 04:12:30.940458+00:00
79f7d9cb-339c-4928-8922-8eef8e4ff928,ee226ea2-e6ad-44f0-9055-f071110759c5,4358.61,2026-05-29 19:45:45.946188+00:00
23d53eeb-a4aa-4c43-b4f0-9edef05a536c,77d18c5d-dc66-4bb0-aa90-fa850928519d,4447.89,2026-05-30 04:43:47.999731+00:00
b3854cf1-8bf3-4ee2-935b-2e20b6a157be,31d2e779-3781-4c56-b8f9-2a20e9135b11,4253.22,2026-05-30 04:36:32.842998+00:00
b39fa612-812b-4f85-8b74-7a348d7653b9,1ec30bbd-def3-464d-bb57-72031512e47d,4490.43,2026-05-28 16:32:25.490363+00:00
ed7f7e78-1871-4a3b-bc6e-f31cc9eb2c87,132c02c4-6b93-4398-9295-c99ab6ede8d9,4509.22,2026-05-28 16:51:25.573387+00:00
99a34987-1910-4292-adcf-209a0652547c,614dab2e-149c-40dc-a66e-11f08025301f,4234.41,2026-05-29 23:09:53.123944+00:00
e4c81155-3a7e-4e07-be5f-dd55e28857eb,cc778298-cd36-4768-8276-15ab86c01381,4143.91,2026-05-30 00:34:43.552864+00:00
578fe8f1-fc31-4803-894e-36d4267ac1ee,28f4ec5a-a938-46a8-9357-249b90101919,3797.76,2026-05-30 08:16:57.950387+00:00
7f6afb51-e2c3-419b-868d-bd7b9a3c7195,c8b91c48-7d23-464d-abac-74c7f2b905ef,4243.21,2026-05-30 17:17:55.719720+00:00
026eab7c-78d1-4fb3-b0c0-2b5ee76747ad,f0d3f3d0-f70a-4864-9a25-dadb41f32176,703.27,2026-03-20 16:26:51.843813+00:00
760bd9d9-fe7d-498c-ba50-f8ff7ed2c6b2,793710c4-c2bc-4cc5-a7e6-66d965ad5ede,709.75,2026-03-30 09:27:55.868958+00:00
8fd858cf-deb2-4618-b0f9-954c1a4a5218,afefc407-9ad2-4342-84db-6412c3701e4a,726.7,2026-04-04 09:11:06.758482+00:00
e7215a2e-51f6-4957-8a67-001853e25802,bf74a2a7-040c-4c57-ad86-ff6e5c5c037f,689.41,2026-04-08 13:47:41.299101+00:00
4abc2b15-1e96-4788-8987-fc92409b32cf,ce2c7372-f52a-45c6-840b-090901383792,731.34,2026-04-09 11:05:01.444520+00:00
aada2b56-9ac2-4cc2-9e04-8bae5f1142b7,39d32a3a-a582-4260-8fa9-cfeba684b7b6,726.57,2026-04-09 21:38:04.012975+00:00
3eb0f699-74f9-404b-83c6-7b2c920d5962,f83ef976-80b8-48bc-b3f2-f297c6b3e96f,708.4,2026-05-15 19:50:57.080150+00:00
19d701a7-643e-47ee-8f08-089c4a479c78,612da9e1-03b9-4c35-b7b2-ae272162b434,709.4,2026-05-24 02:48:39.611319+00:00
4edea4de-fd0a-43c5-8866-513d20629a4e,97b595cf-6e73-400e-9ee6-844d246f4828,728.01,2026-03-21 06:07:08.326499+00:00
180e4bfd-6097-4fc4-a143-dfae11a77520,0f6ed914-2477-46a1-bed7-603641de6763,714.0,2026-03-27 15:21:41.056138+00:00
d54185fc-cafc-43e6-bf9f-4ae22a09ab9e,78cdb07f-940e-42fe-8441-a9eb07ba12f2,677.0,2026-04-04 11:13:14.886510+00:00
9661ee5c-f352-49a5-9004-cc1547780bfb,273dbd8d-7c7c-42e2-a057-c07b10ce0f9e,694.04,2026-04-17 00:47:54.145368+00:00
76ffe18c-9f40-4581-b6a8-06644a1d501e,ee11908e-301b-442b-aa02-6eb8aa2b878a,754.5,2026-04-22 07:50:47.801657+00:00
21976a9f-28ef-40c4-8e81-59de086f0fa6,b8e69e61-ca6d-4266-ad95-54b044f74ef1,770.08,2026-03-25 01:40:23.437494+00:00
fcfce035-f9a9-490a-a07c-e87f69fa2797,ede37ba7-f4c9-427f-becf-fa46686551a8,694.09,2026-04-09 15:32:12.543174+00:00
da7694cc-9962-4f4d-8c9e-3017d47d82e0,5333551b-d2a0-477c-9082-43edba30e409,741.26,2026-04-14 12:12:34.208589+00:00
491ad241-0a21-4372-b3f9-47e10a25c872,956d2bf5-4642-492a-80a3-ef9c84b2bbba,726.87,2026-05-16 05:57:18.455162+00:00
f7522c75-9fcb-4461-962e-1eeff91aa058,a2da68ac-795a-445a-b290-b451ace8cc13,789.0,2026-05-17 12:36:43.092411+00:00
646fc5e3-b043-4c57-9043-58ea72664849,7f42bb19-2707-4e3c-bf54-43e1c3dc30da,685.4,2026-05-17 14:17:20.912453+00:00
a59e1eac-2d46-4e71-ba58-79253316470d,43880fd8-9eba-468d-b656-96038fc182c4,667.99,2026-05-26 08:42:47.402880+00:00
e1f0ea19-4710-40e3-bbb1-7dc3dac8d1d1,6c2119a9-80d3-4ab1-b956-adb6704c20ff,745.84,2026-04-01 19:38:57.965651+00:00
254340d9-d480-45d2-9f05-10965a358e49,80834cca-9d6c-4443-a0fb-04b15fd82538,694.9,2026-04-06 08:05:25.317476+00:00
2db14918-7fa5-48bd-84ea-b4bcd77bd7bd,87ba36d7-6394-4ac4-b069-661d42cc368d,700.5,2026-04-08 22:16:34.252186+00:00
ba873478-dae8-4fff-ac2b-4490e696f226,e90db554-4c33-4534-a6c0-01da5fc60c8d,735.08,2026-04-28 14:22:01.742138+00:00
2e001431-38a0-40af-932a-0b08ac43b0aa,c7be13a9-755c-4d01-99ba-2dee0399693a,706.85,2026-05-22 17:31:31.659567+00:00
a0a329d5-6265-43e9-8add-d70b9ed2280f,7c72458f-9b83-4009-841a-cba7b02e8754,778.7,2026-03-26 12:48:47.455450+00:00
dca44068-0fe4-40c9-ac60-f117cbe99f6c,e2d21757-2db8-445c-8ca5-cb6d71ff18b9,715.7,2026-04-01 04:35:51.052858+00:00
e55ab285-44ca-46b2-adce-d8389e9bb980,db8beead-ded2-4296-a065-3e7354d47f7c,681.12,2026-04-07 01:01:38.873879+00:00
9a4705e9-c0e9-4ea1-88f0-2f89f7420b03,51a53cf4-d94c-41e5-81e2-411263eb419c,708.83,2026-04-15 06:02:44.757403+00:00
77afeae1-1778-47f3-b1c1-4a7fcc5b54a0,60b0442a-8d54-449e-9410-95b1dbf96ab1,822.57,2026-04-20 03:08:06.161398+00:00
dbc3276c-5daa-47b0-a4c9-1745d9ed5734,69fa2cb3-f78d-4526-9e02-8062f2d30889,702.6,2026-04-28 04:28:31.605113+00:00
8ab923d9-1525-4cbf-8997-ec8e7e3d9242,91bf9c6e-3170-45d1-b30d-635dc63562a0,780.2,2026-05-08 22:06:30.703762+00:00
ea38e340-dfe3-4d70-a5fe-c1ced121ff3d,adc872db-9586-4c8c-a283-8472c0cec4ff,752.14,2026-05-17 05:56:07.700276+00:00
9da40e17-d713-4f7e-8243-b66329486bd5,ef620b1c-e157-430b-8db3-a2f6490f03c6,627.95,2026-05-27 12:39:44.591714+00:00
3cdd7498-22de-49aa-a142-4d93d80185c1,9ecbc9ca-7f13-462f-b6fd-0ecc1c9b1d34,726.61,2026-03-22 19:17:24.461895+00:00
23ee79cb-f067-4581-9836-d477bb23834c,d5deeff0-de9e-48c2-8d9c-c6b829bcfe6e,768.98,2026-03-25 02:59:33.735098+00:00
6c492c75-4b71-4a9e-9947-aabbc744bd46,facc0db0-cd1b-4a3b-9d15-9ee58cc72138,659.48,2026-04-19 01:04:03.149872+00:00
510c8fba-6e59-425e-addb-d60512ed4341,0ac882f8-c7e1-48d6-9318-0f93d6a603aa,749.94,2026-04-24 14:40:08.466239+00:00
c4360178-4773-4c89-9e2b-52c32371049c,08246d0a-5d83-4d3d-bc71-b96c89c30273,740.99,2026-05-14 18:08:59.055401+00:00
d901f77a-6514-4dc5-8e9a-a9a12ba5c2d6,fdd98a75-4abd-4cfc-8a44-526dae996b73,784.32,2026-05-25 03:06:26.154184+00:00
e7490cf5-1336-425b-88d4-195b177f82ba,24acf9e3-dc51-4608-a81b-8687337cdea7,661.13,2026-03-22 06:06:12.086642+00:00
9e67f12f-5336-4404-b691-16f621ca018e,52e13c8a-5da1-4d08-b9d0-ca4c9e59b84a,711.15,2026-04-10 19:44:10.521074+00:00
558ee883-a818-4be4-a9bc-e5f2a55245bf,04e2ccf0-cdf8-4e65-a485-784861b17a2a,700.42,2026-04-22 12:08:59.148355+00:00
dc74b6e2-b82b-42b0-ac20-ee84996d0e52,4df86850-bff3-4bd5-9c36-b3ae82d81af7,731.85,2026-05-29 08:01:26.512917+00:00
baced1ff-f1b1-4432-bf1e-9aee358b6f49,38ff2c56-de82-41db-ac8b-fa36904e5554,685.12,2026-03-28 12:59:19.038021+00:00
7e911451-f7c1-4f9d-a73f-09a0a45bb8c8,7856077d-0ff9-4c13-b9ec-5e7dce55e958,668.51,2026-04-12 21:21:06.160132+00:00
b2004795-8f45-4daf-873f-b6f7525e8263,ed5542f8-29eb-4492-9929-be0dd8ed506f,685.32,2026-04-24 08:39:09.096724+00:00
eddf0079-d3c6-4705-a3f6-951ae23af216,714e8f37-71dc-49c2-bf99-22c6747c206f,696.91,2026-05-02 19:03:45.065629+00:00
60b0f3df-5400-418d-b117-97ef992f39a0,88906655-07eb-4312-96db-6c25017f73b8,687.92,2026-05-09 14:00:03.639962+00:00
d20870f4-9046-4953-8083-282a6bc2361f,4d3aeac2-55ce-4011-b079-959a791f112c,696.4,2026-05-27 07:11:50.201187+00:00
a16fbd7d-1abf-4d6c-a9eb-dbde9cbc50f1,eeb014f8-1f07-4cca-abc7-95cbebf1862e,836.42,2026-05-22 04:48:16.251053+00:00
d4ccebaa-4267-40ae-b21a-a96886bbd255,473cb0d8-760d-494a-9728-2982984dce1b,921.03,2026-05-22 06:56:40.089852+00:00
ee107356-ab1e-4fcb-9c9d-db7b868b4114,e7b1b995-ec2b-4130-bc1c-34d63186054d,865.62,2026-05-22 09:11:07.220928+00:00
3df9a79b-e278-4a86-b75c-760b676e83a7,e642e991-0a41-4949-b147-b959c5b30c65,835.77,2026-05-22 09:27:12.647561+00:00
1978019a-e95e-4b60-aba1-d5a0bd6bb375,ecc31737-0036-4d6b-ae28-65ab2f62ab6e,840.55,2026-05-22 15:02:43.211008+00:00
e55e1abc-0ad7-45b4-bd04-caaccdcb0d42,3398305f-0d11-4bd4-9624-400de2cfd31e,864.64,2026-05-22 18:24:31.217111+00:00
585c5047-5829-4d65-af52-e938b7118a6f,847c744a-93d7-4df1-b479-8b5b7f161598,941.27,2026-05-22 22:42:33.727447+00:00
4d57edd8-7d82-4f67-9e24-95d3b80566c4,87a9a17c-9fb1-40da-9f68-317d029aafc0,840.83,2026-05-23 05:48:59.730343+00:00
557a09ae-4450-407c-a308-f9941d6b2dd6,e74290b4-64d8-4246-9bb6-c4beeaaba9c0,839.37,2026-04-05 09:50:34.422473+00:00
30c026ca-9037-4224-8c3f-f5aa62118f81,64da1ab8-6962-4149-961d-2eb4dd5a4415,825.3,2026-04-05 13:22:05.580993+00:00
dc84a667-8f9b-42e2-b06d-1c9a220f3bd1,ff2ecc88-b698-41dc-ad2d-cb353cdc13a2,961.42,2026-04-05 23:11:04.456104+00:00
fd3df95e-9d02-40d9-86a2-e70a3e19a740,fcad5087-204d-48cb-8bab-46a184d5f3e0,796.23,2026-04-06 02:07:52.121742+00:00
6582ff5f-1a3d-4ef7-9b93-98fcf80eae8f,67144d90-4da0-4b75-930d-bbcf0717bb62,880.87,2026-04-06 03:21:05.418903+00:00
19904eec-456a-4e8e-b3da-2730c8cd1444,71e954d2-9da1-4606-8f97-3a744381e904,908.03,2026-04-06 07:33:33.429596+00:00
9d93c238-714a-4ace-969c-c38173cd24c0,0b59e481-485a-46e8-b03d-ad35895302f2,899.02,2026-04-06 09:02:19.022085+00:00
1f10908a-8924-44e0-812f-a549e4b7564a,c2c22fc9-fb30-43e0-b45d-29058fe1c856,953.64,2026-04-06 11:31:26.761549+00:00
72048543-fb80-4c45-99ca-cd284dd67c42,ca496133-0d67-45e8-a848-a93321126c2a,847.91,2026-04-06 12:53:16.434300+00:00
d83d81e5-cb72-4a53-9214-90ee4e3f5fbd,54a17693-2e1a-4f00-80d0-f6b65f53bfcc,800.3,2026-05-04 05:31:02.149370+00:00
fd82fc1d-63dd-4b75-aa7a-b3763b262399,2608ba38-08f8-40db-9967-ecb3e58e3646,932.57,2026-05-04 07:48:06.860988+00:00
cc368cc2-9158-4fdc-8ee2-a072a866dd40,c7022ea8-44e9-4f04-a39d-742722f15438,1016.8,2026-05-04 08:22:27.493862+00:00
7dad7312-9bbc-4e54-8eed-1d388df6205c,156eeb6c-ef80-43b9-aa55-d17df1e233cd,860.32,2026-05-04 12:42:24.690375+00:00
b7e90bfe-27c4-4b2c-99a4-373c5bec0d1e,6ba80f85-bf51-4870-aeef-39950c740dc6,861.01,2026-05-04 13:54:30.665174+00:00
37b808f1-d683-4235-b3ae-775d7fd72846,301c6489-3b62-42be-9f5a-0996fa71e1c8,935.68,2026-05-04 13:40:13.004515+00:00
db7a273f-3146-4a6f-8c31-1667544b0b9c,324f5e57-e51f-4d3b-a779-b0845a51a392,710.42,2026-05-04 18:38:43.414366+00:00
24205de2-8b38-4c47-89f2-5e1c24f90230,5af284d1-61ca-457a-887e-cf2ab999547c,1761.8,2026-05-24 23:42:42.551776+00:00
ada91f6a-b5dd-4d45-a420-0b65cfeb6610,7bdd2e2c-6603-473c-9876-6f1ad8e936e7,1766.29,2026-05-21 23:09:44.618676+00:00
dcc08731-afc9-4052-931d-a7501e1ca25e,aad4327f-43a6-4d22-9a6e-154f3fe0f1af,1822.18,2026-05-30 11:52:05.502716+00:00
766a6415-64ab-401b-a1c3-13fd0053f8a7,aa03f11b-ee5d-4a9f-9cc4-124053700d37,2051.08,2026-05-25 16:57:54.730384+00:00
92c43a0f-fd41-4f86-aa2a-57c995424563,712c0106-f134-4ebd-89e4-9628c7e9a3d7,894.11,2026-04-13 22:44:15.689888+00:00
9e85f53f-3e79-4f22-aa0c-5252020d4148,f00c99bf-bb59-4fe0-af71-f6101bd7affc,871.31,2026-04-14 00:42:32.350364+00:00
8771a62c-f480-4f51-a825-ff8d8e1d973d,298942ed-88bc-4d9c-8f66-0180221b8c57,890.58,2026-04-14 00:36:36.507266+00:00
d0a8e661-1694-4d25-bdee-5c2d64d43913,ab015997-3796-437a-a77c-46999f4c9fc8,920.92,2026-04-14 07:18:41.918543+00:00
9b61125a-50a2-48b9-9821-44712a3bbc42,308fe548-2ef1-4a51-8faa-c97f4dcfba72,909.11,2026-04-14 06:51:49.014031+00:00
a1167b2d-d5a7-48ec-a0c1-48a2e544e281,e59f9170-2b41-4341-a9da-19ce1fb0efc7,920.55,2026-04-14 08:08:57.825659+00:00
9a05ea17-d486-467f-8a9e-cd31fddf566e,3ae243a0-f29a-4eff-bbbe-5ba6662cea9f,892.19,2026-04-14 09:15:29.347330+00:00
688e7aec-05b8-40fc-a045-6af1398a7f0a,5aaa486c-5689-4097-845a-c9bc2f1fb770,943.58,2026-04-14 15:21:39.314744+00:00
f1535e04-56bc-40bf-85b1-76cf62e55e64,1199f722-1d3f-4d30-a6f5-5e857e25ac3f,838.29,2026-04-14 20:33:41.505806+00:00
207fdda4-9fc8-4bc0-94a8-cce474d505f0,c9ce8e9f-daab-420c-91cb-2e2d1faf1022,1233.55,2026-04-20 12:10:31.063050+00:00
1895d8ef-4c99-430c-ac2d-3cb72c317066,057449fb-2628-4516-94c5-fc1020434176,4190.17,2026-05-09 00:49:32.089314+00:00
3225a9b2-db77-44a7-ab5d-ff6b58f7c633,713dec82-26ac-4ef9-926d-5052a97322b1,2064.62,2026-05-13 19:07:41.909591+00:00
fd5b3d60-7552-4707-bb71-ceac0d06f9d0,fae5f38f-ee8c-4bae-9abd-2cf2e455c4fb,935.76,2026-04-26 20:56:36.334126+00:00
9a673e49-f45d-417b-ba4a-ca68079cb005,b06755cb-d185-42c4-a244-d904c119afc7,1024.59,2026-04-26 21:56:22.278035+00:00
a327ef98-b41e-430b-a99d-22ac8698f1f5,94251d73-d2c6-4ec3-9ff3-c2134a9c6c1b,847.97,2026-04-27 02:17:28.417975+00:00
9ce89cbe-1908-4bc5-b54a-d6dc935b0eb1,928cab7c-6e1d-471e-b22c-5104d08d5b36,878.44,2026-04-27 03:33:01.238971+00:00
f6aaa334-0601-47aa-b3ab-e558892c2d32,f3ef697e-dc2a-4473-843a-d85dcf7f864a,973.14,2026-04-27 03:35:53.172683+00:00
0b6a7f1a-5c2c-4109-9a56-5f40bb89d696,c69bba9e-4766-4b71-9c47-98038fde7345,863.33,2026-04-27 07:55:05.071423+00:00
30e96433-a0ed-4f36-bf55-a6cca69ec075,6adcda16-7967-447f-958f-bbc0e9cc4cb3,937.5,2026-04-27 12:56:32.882006+00:00
4ddcdacf-0d27-40c2-9737-1cb2e7633b49,9fe7a4df-d02c-43cf-a00b-b136ec48c4be,943.42,2026-05-06 06:01:03.300368+00:00
5f931b6c-059d-41a3-a9b1-96dffea6cab9,0281c530-8a52-42ef-88d3-0357ee4affbd,950.61,2026-05-06 14:50:58.010750+00:00
9ba4f2d4-4632-41e4-ada4-7a2e20f23226,24db81fb-ac65-4e0a-b6c7-b1e4f671884a,965.78,2026-05-06 14:07:02.889985+00:00
6c85abd3-05e0-48b5-92a3-4f78dcf5a60f,cdf713eb-d99b-461e-8a79-5af3281471e1,871.59,2026-05-06 16:19:52.797618+00:00
9eb90b81-16ff-47c2-8680-837cce889008,39e149e4-e42a-4888-b35f-2c8cc2c3f076,953.36,2026-05-06 16:18:19.716973+00:00
37502ed6-67d2-4a61-9d87-6d109397a047,0b9e4f40-c427-4a34-9959-401a4a92426d,987.04,2026-05-06 17:06:17.805988+00:00
41760bfc-c3d7-4c89-96ae-f1271df4a3fc,c8f3f300-f49c-4a08-87d9-a9ed016331a4,973.82,2026-05-06 18:05:24.580913+00:00
a7451d9e-5963-403c-8dce-99f61b8104b1,b5de00ad-b4f1-47d5-a573-d78700bc28de,1037.64,2026-05-06 19:04:51.886806+00:00
3d49776c-3aa8-4951-934a-7d3cf015fba4,056079ef-d4c4-4986-b386-8a2b76e22be9,4875.64,2026-05-17 18:51:08.486498+00:00
0ca89383-3f7e-49f3-ad7a-456890a7c132,bb5405e5-0330-4dd3-bffa-8cf0b146db51,4776.33,2026-05-24 06:52:42.172595+00:00
f6d0c8c6-ef56-49fb-ae5b-55598174af9d,cb7f3231-df7a-41b8-b2bf-e988792d447d,4836.42,2026-05-28 04:09:47.467936+00:00
ff4c5ba2-8096-4b21-aed5-336598fd8e8c,db7992da-c7e0-4b9c-a40a-b3d6277b93f5,5118.51,2026-05-29 23:21:38.760027+00:00
ae8cb54d-c841-48e4-8006-1a67ec6d68df,3fcf7228-255f-4aa7-a3e6-d9a6ec2be0e2,4615.17,2026-05-15 06:18:59.690977+00:00
e3343260-e940-4a2b-ba5c-765d0fb4f74d,b4e8aa29-ebd6-4db6-a94c-a113ceda1abd,4461.05,2026-05-19 10:27:12.692280+00:00
16b48342-971a-4893-a73e-7cbdbb6638bc,ae3c9b2b-9a5e-46c4-889c-11dd0bbf137d,4935.2,2026-05-29 05:45:20.574777+00:00
ccbc5734-1244-4810-ac0a-765fde9527b9,dc536ad1-3608-42d3-9c11-8bb311c267eb,5033.2,2026-05-29 06:54:33.170324+00:00
58a32653-0041-4f64-9d1a-384fd9846b26,91dcc988-90c7-41b9-95b4-c80d9e1ea178,5054.18,2026-05-31 07:48:46.733421+00:00
9d3427db-99ca-41b2-96f1-4b0d9b9cf050,98808c11-3106-4970-b977-928562eb67ab,844.86,2026-05-29 15:35:48.572413+00:00
3c87bdb1-bd3d-4b7c-9f92-d4a427fb417b,12be7022-9158-44fa-a685-98c9e5f8a09a,1161.07,2026-05-30 21:52:32.791748+00:00
c0a1243f-587f-4828-bee2-2b0698328de0,c7bec0d1-e9ad-446c-abfc-b0deedd5cf11,4971.09,2026-05-16 06:16:37.501213+00:00
637ad5f1-89a8-4e8f-91d9-e7fd9331abfb,94508d8e-0627-44a7-a31e-8a8e7876296d,5154.47,2026-05-17 14:39:31.385817+00:00
be58265f-a5dc-472e-8723-d444038e437f,286d3e29-0519-4ac0-83b3-675229263e64,4915.84,2026-05-18 14:20:32.845293+00:00
c812a72d-dd8b-4585-a374-7b4295f7c285,b9760133-7db8-420b-986d-b407e9d05209,5094.9,2026-05-19 07:08:38.479608+00:00
f64f2cf5-33c1-4fa1-9c76-0b804d4042c0,5b7a744d-1f3c-43ae-88a0-a5036f8adfd6,4492.73,2026-05-22 06:08:04.425958+00:00
bfcffef5-36e1-47a4-9d8f-e244b44a8780,0682c6a8-af71-4e16-ad7f-eb026613d001,5187.16,2026-05-24 15:41:12.179791+00:00
239e502c-b057-4d93-9266-db87be6cdc38,6cb0b8bc-41a1-4be2-9b68-6650c12cdb60,4975.45,2026-05-27 19:08:53.183544+00:00
bb9432ae-8875-4a55-b1d4-dd7f3fdc57d4,a93df2ae-5fed-4516-b473-57bc7ea68d27,4342.43,2026-05-28 23:46:54.879361+00:00
a2fcdc6b-03cd-4804-8aee-5d7cee104a63,7c31388f-b402-435c-830d-b55816ec34ae,5418.78,2026-05-29 10:02:00.548617+00:00
a2b8458e-4264-4bc5-8813-8c66728a93d1,dffaccac-2d6c-4130-aa8d-cf216af941ff,5481.87,2026-05-14 10:18:02.104334+00:00
e8dac365-4fb6-46f7-8967-6113af55fc77,79e3de28-285d-4b44-a07b-2f459a397b38,4998.31,2026-05-17 08:04:31.298793+00:00
a6a62e03-2296-48a6-a550-7afdce42cb18,4e6db057-fb1f-4f13-8a65-490d6d810cd5,4749.6,2026-05-23 12:07:10.022685+00:00
4c8124d5-254c-45df-909c-8597667561c5,9ea72b03-1037-4b9c-aabf-9c62e2e73b8c,4999.57,2026-05-24 00:29:20.777436+00:00
71a11fa5-faf6-433a-99c1-13f36f53f3cb,145c7999-0866-4596-85a9-779daabdd9e1,5191.57,2026-05-25 12:11:42.438453+00:00
bbade6b2-658a-48ad-acca-ac162d8df5fe,9b99dba4-e072-4d8a-9e32-feea767a3758,4285.53,2026-05-25 13:22:28.409610+00:00
3c5b5f20-208b-44e1-9cc0-2ca37f155b31,2c77b2a8-07a5-498c-9798-0dbc6e07baa1,4947.1,2026-05-26 08:13:56.375990+00:00
49d6d65e-e811-4d7f-9ef0-6124c1e841ac,5e9a9aff-3f22-43f7-8118-c36b96095cd4,5115.15,2026-05-28 13:36:23.935857+00:00
c8ad839d-d3d3-4e50-b463-0fa46b41e862,493b0cfe-b8de-4007-ad0c-9e0e0fb95890,983.59,2026-05-25 21:06:21.173435+00:00
8f33952f-2ef3-4d80-9ab5-c47a844b5a29,6fb6f312-886d-46ee-91f7-0274f59eb498,3599.53,2026-05-26 01:01:37.255611+00:00
8d3b6d2b-bd86-4d9e-9971-35a61ca61292,5824eef2-bffe-4ac2-b666-452611a66d87,2849.77,2026-05-26 06:13:39.895401+00:00
2401b70b-41ba-47ce-ae61-06aa2797e68a,7c1817c1-7fc2-41ed-839a-7e76b76dbe93,2369.88,2026-05-26 07:42:59.370425+00:00
77b79488-c8eb-47c8-8768-a20095f7cc95,0850a7ca-82ca-44ef-af16-b7dcf4780e60,4218.47,2026-05-26 10:18:00.605061+00:00
977718ec-e040-4829-8b9c-a883862df840,6994ad2a-decb-4c3c-90c1-eb621d84315b,628.54,2026-05-26 10:12:29.567665+00:00
20ae2495-6469-467c-8778-87cd2d118777,009220d8-208f-4257-8095-b472c2d86142,3871.31,2026-05-26 11:47:25.873267+00:00
d0a9de3c-20d0-4d14-a91d-05cb587de468,e07b20b3-1f00-4115-96ef-d08ec84e35ca,1427.54,2026-05-26 20:03:16.354221+00:00
ed57fb71-cb84-46c5-8ddd-448eb54ca8b2,b798713f-d8c8-46bc-abce-8397a4c5cfee,2226.74,2026-05-26 19:27:17.655220+00:00
a0fcdaed-809a-4a3a-a047-48b0eff66c1c,09177673-11bd-45a3-b69f-5d5f39b01030,557.44,2026-05-25 03:48:34.288717+00:00
4035cbfa-e1b4-4e81-8751-891a47554d4a,5b14a9c4-0805-43d4-b8ab-130b75760d6a,674.72,2026-05-25 05:16:49.390214+00:00
af04a4de-228f-4678-9d85-8c76df676154,6e61d047-757f-4603-af37-69ad66d5ccdf,117.26,2026-05-25 07:27:33.660514+00:00
3ac5dc97-3f9e-4338-bb71-b06351f98f65,4ba37271-1da8-425f-9c84-f68eee0fa32f,809.04,2026-05-25 23:04:10.625207+00:00
b0f4ca9b-4814-45db-9047-18241a1c2f9e,4fca401e-cfec-4554-9dc4-5582db2a3d53,1063.55,2026-05-26 16:47:51.368468+00:00
5617ed04-605b-48ed-b2e5-64b0f65fdd24,4d189b6e-09b6-4ff1-a837-ab33c2cdd3f9,6237.82,2026-04-23 21:46:19.420940+00:00
fc462310-d7af-49fb-9796-bdd7d76e45f3,4761c9f9-3b01-4bae-9041-bcc2747d32e4,5773.09,2026-04-24 06:35:10.941731+00:00
d187af4f-fc60-473f-a1bf-139c3eaf8faa,f397dd4c-c5cf-4a60-9172-2aef51636850,1448.35,2026-04-24 09:29:59.013311+00:00
ad2f5b7a-02c6-4a84-bf3d-aa2ae3119479,1bd715ad-d663-4b92-a649-acaed1d675bd,5112.14,2026-04-24 19:15:54.411883+00:00
9aa3ac15-1261-4353-a19b-2bc7c251343f,742d7d8a-7876-4dd9-9731-348584229182,3799.57,2026-04-25 02:24:28.330483+00:00
9d78345d-b632-45b1-91d9-5ded380ea27e,1852b64c-e931-434b-8bd2-5eb24e4c0aeb,319.05,2026-04-25 11:46:55.320873+00:00
d5a29dc2-fcf3-4d98-af58-5b8886ff8071,97c284d3-aad0-4b29-895e-e0fb13843fd8,3686.17,2026-05-01 01:25:31.534365+00:00
9dae901b-5b75-4a89-9c2b-06cca015228c,1b05f4aa-1fe5-4a95-ac78-f2eea69ac3f8,3918.64,2026-05-01 05:11:51.251017+00:00
6850c798-b55b-44e3-89ad-3b13724d258c,013a30d7-c23f-42d4-903a-9b830a1d2709,2850.45,2026-05-01 08:32:53.165442+00:00
977fcc46-2de9-4a43-b4a1-b57df5677112,b533ad0f-b828-4a5b-9508-28ddc482c036,2022.24,2026-05-01 09:33:33.449778+00:00
364b83da-82e1-4deb-99f5-ae1f471917f6,782b90e6-8285-4976-ab21-e162266ecc4d,1826.72,2026-05-01 11:28:02.328318+00:00
2f550e94-45ee-495c-8b34-1fcb8d7943ec,581e30f9-de73-4f0b-a65d-95ffd65bfce4,4752.64,2026-05-01 11:12:32.302413+00:00
753acd82-7661-430a-80c3-09a2d5211822,8aadadba-ae95-4959-beec-83be520cd7dc,3704.23,2026-05-01 14:57:15.775507+00:00
765656c4-d348-4470-91b1-5427a568ccea,e11c9d2b-8f1f-49c4-a6e6-c5fd9af4be37,3817.59,2026-05-01 17:40:16.845965+00:00
5c46e915-0be1-4f7d-b71e-bdc2f10ca4aa,4e8f1c9e-91dd-4617-a973-2285e6b335b8,2312.89,2026-05-01 19:38:30.744828+00:00
d8d07a4c-eba1-40ae-a673-d162ac81abd0,0becba85-892d-46b1-ba8b-ca2ea2b36f31,3497.94,2026-04-07 21:06:19.559383+00:00
da3d4829-2e4d-49f9-b420-31661c23737a,f0b22773-359d-4421-9498-e83358ac3c9a,4636.78,2026-04-08 07:29:32.236264+00:00
ae9e8be3-93a7-476e-9b62-12936ac09e01,bde807af-4a63-40fe-b2b9-04f29e8ab366,3237.75,2026-04-08 13:12:43.343068+00:00
e3b872a0-5b9b-45ac-90f5-e2c28267a754,aa54a3e5-d56b-49bc-b31c-b0d90b35cc6d,5831.85,2026-04-08 21:00:39.835458+00:00
2f73d025-eff9-4942-a458-263c11b63ed2,0a97a998-d2a6-4cab-84d9-90d7b86995b1,3826.55,2026-05-07 11:52:47.136880+00:00
45d2ec03-795a-4208-b07a-3ac1b1dbd71f,ff224526-965d-4443-b943-cda9046dd80c,2775.78,2026-05-07 19:20:20.439204+00:00
48655057-3acd-4984-bc9c-9678af9dc3d4,60f46c44-3b77-41bb-a3d1-0b2b3759333d,4634.38,2026-05-07 23:05:30.585029+00:00
261390b0-6159-44bb-9a2c-7856dd9b047b,7e0e8340-a8f7-4c7e-bf83-2ef1e7e7fdbe,2997.62,2026-05-08 06:25:18.930015+00:00
62cf1117-c10c-4dc2-8fbf-e8af3cbb4690,447f3f69-4a45-4d2f-951a-8d98418fc01b,2363.95,2026-05-08 06:16:27.160522+00:00
2cc45350-94e9-419c-acb3-32004553b4ee,4458aa31-a94d-4f66-8612-3ba9805b016f,3602.46,2026-05-08 22:05:36.543060+00:00
e5d8ed24-49fb-419d-880d-1437452dc5ee,c2be9ec9-4656-47ee-9759-21a1607098ad,688.25,2026-05-09 02:41:50.870481+00:00
b50e042f-2975-4f3a-b2e5-d86783c3612f,c7ce6d17-487f-41e7-950c-69bf85610419,3256.33,2026-05-09 04:10:23.894277+00:00
65d23876-87c1-471a-b8bc-00cdd4b62aed,051d03a1-2b52-4013-b6ad-c91860383a28,812.49,2026-04-06 15:26:06.027322+00:00
b9c715e4-26b3-42e8-bf4c-b62e42dbd2cf,16ae2986-cae4-4da9-896d-9d80cb02205a,525.39,2026-04-06 16:16:09.647185+00:00
2fca6700-b94e-4768-b105-d069aadb1534,f109958f-9731-40d9-9360-1abc329aba2c,352.9,2026-04-07 03:34:31.624694+00:00
221737b8-ad64-4b34-b20d-a93fa688dc0d,beca29b0-7359-4019-a92b-2339e5d6f0ca,595.5,2026-04-07 07:02:56.532036+00:00
39e9f696-1dc4-4997-b5f6-3a810fecf029,a47fd994-f5f4-422e-91ec-ffb46153eb51,796.96,2026-04-07 10:42:27.662592+00:00
930b0854-b3f6-49d6-bb91-9e7226b566de,521d2e6a-42c5-43e1-9cf7-234bdfc1a95c,730.49,2026-04-07 14:32:43.053793+00:00
d46eaa43-8291-4fba-990f-e43e1a66c4dc,a9fdaa9c-fa6f-44cf-bcd2-1e0c55ea186d,1029.29,2026-05-14 20:13:58.063659+00:00
5aa61229-6b20-4055-a0d6-e5de596165dc,c32a6189-7735-4ebf-9ceb-8936915f30ab,1295.53,2026-05-18 12:57:15.070759+00:00
e002f4f5-47ca-413d-a6b2-a942d2845bd6,c0052294-d05b-4cf2-aeb2-3827502e0142,1144.23,2026-05-18 21:04:55.348603+00:00
f148d3cc-af02-47fd-a7e6-f90472756cb2,6a0ef77c-7301-4895-8176-4432aa0b9e63,1205.89,2026-05-22 09:34:21.359597+00:00
a82deb0c-e8ed-4bf0-9a1e-4b93bd3dc3fc,e5d91dea-e981-4a93-bfa5-4dabae28d81b,1245.23,2026-05-22 16:12:24.892407+00:00
bd649339-eae0-49de-85f9-ebbfd74a306d,5882b4a7-8425-44d1-b3cc-70546849c9a6,1152.57,2026-05-24 18:13:00.882860+00:00
b97e7b0e-6b4a-4f79-a16e-14fbed4ce432,a64f3539-758a-4e4c-8dde-6582967f190f,1177.43,2026-05-26 06:35:18.766138+00:00
c9bd988a-d837-4ba8-a6ba-66a3b6aa4c95,da114e10-2fbc-48dd-a5aa-592f4c5ae276,1179.21,2026-05-14 01:54:53.786998+00:00
3134a705-830e-46e4-a322-1a7ca53cbd9d,e2ca6c6f-3e7b-4f39-8df3-a8504b6dc23d,1236.27,2026-05-14 04:39:56.849509+00:00
1cbc5d6a-533f-4fd4-9d21-843f10ce280d,e71d2440-2de4-4c87-94fd-d3758c697d91,1191.15,2026-05-16 04:54:34.020910+00:00
8c45ba55-0b71-438c-a017-127dc5bf3a5f,48471fd6-829b-4f11-9138-8ba28eb30701,1169.07,2026-05-18 15:44:41.614500+00:00
7f4db286-a57b-4de0-b223-3df5a80dc1c7,5f0fe812-d82d-4e1a-9a69-c384559c0309,1222.03,2026-05-20 18:55:49.237109+00:00
5befb070-2ece-4fed-acf7-6515438c9713,1f3d02f1-79a4-42c6-b564-7cfae3aa78fa,1205.47,2026-05-21 11:58:14.057421+00:00
447f0f30-4a9b-4a99-b986-8cbdb334ec24,05b4b2e4-6bc8-44bf-9a41-145c0c46483f,1090.76,2026-05-25 16:19:57.712760+00:00
aee7a8c9-344d-494e-a931-c2d2eee7a358,55430202-eac1-4024-82f0-2a60037f4212,1264.16,2026-05-28 06:59:59.697457+00:00
711f71bc-7289-427f-bfdf-45f6b746fc2b,6df5b435-a2b4-49e8-8f64-74df43ccf3f3,1197.55,2026-05-30 03:12:11.209369+00:00
c1bd902a-b603-4626-a229-9d9590449cc2,054ca6ee-fd10-4a73-af1b-f73ed2510176,1145.23,2026-05-18 18:38:43.095396+00:00
c3dfa244-b97c-4970-8c74-111d80e2f7ce,37d6a002-a1a3-4679-82ca-030f293bb223,1181.92,2026-05-20 09:46:32.192522+00:00
90d75ed4-2905-408b-a8f7-0fff558ab79a,33f65076-1fae-4c78-a79b-34090bdb9c2c,1110.08,2026-05-20 10:46:30.755161+00:00
47e67759-704e-49d6-8e70-143764730d93,c8d3f945-1f87-4b33-82b7-3339487ee4f4,1213.41,2026-05-22 06:57:44.462721+00:00
21df0b39-dfba-4328-96a1-2a1fdcac1989,9ccbde09-c106-4ecb-b395-079c11485019,1166.36,2026-05-25 02:01:07.342792+00:00
8de41add-6dc1-4c23-b559-09b88dc0a592,1071e08d-98fc-41e8-a204-5a1e98e9b455,1190.83,2026-05-29 07:52:53.238366+00:00
7867901a-9374-48db-ad33-72d92b94cb6a,afc04dda-b36a-478b-bbbc-369bb47bae80,1234.35,2026-05-30 06:58:19.485988+00:00
371741a3-a8b5-4377-b407-6be8c0e2c273,a1fce4ee-6782-4f8d-a8b9-557b1f331b1a,1161.7,2026-05-15 21:43:56.432983+00:00
7539dd04-4a53-48a7-8a4f-fcb1f2d709f6,cd2b0b26-d531-496d-b312-b3769594cadd,1220.65,2026-05-16 17:03:14.299306+00:00
af234344-49ec-4baf-8e52-1f4506b4e826,3550a2dc-9b2d-45cf-97ce-cff6fe535ba1,1296.26,2026-05-17 02:33:11.771602+00:00
d9e1ab96-a501-4b8b-b3b1-dd68161c9962,f31db252-977e-4703-bb75-0292f8978c15,1217.55,2026-05-23 02:51:58.835671+00:00
53cad88d-6136-4300-9139-f2dd6f3af0a6,84437b1c-5264-4b4b-8efd-ad836e49ea9a,1196.61,2026-05-27 00:34:11.338811+00:00
ccd725bc-be07-4f0c-bc61-5c4724747db0,1a7b8f17-d6ec-4f2d-87b3-6b99ad1caece,1137.98,2026-05-27 00:00:45.143708+00:00
b7d39610-323f-4075-b210-b648f7d03b87,3138f2a0-54d1-442e-8c8c-fd7774a6716e,1217.65,2026-05-27 14:47:59.923087+00:00
4468e30b-63fe-4761-b3d1-6ef5d751f188,192ee4b1-a1ed-4466-a878-a0a9cf0d634a,1094.32,2026-05-28 05:24:23.560394+00:00
9bb5b14a-ad25-44b0-959f-0cc267c3238b,02aa7338-c3cc-4a5a-988d-3929eca6dd1f,1151.9,2026-05-20 01:06:38.061905+00:00
90b09120-82e9-4e39-83e3-60ea36aa0c59,91ad8304-2adb-4fd3-86ed-666c1c9b2405,1266.34,2026-05-21 09:19:37.972504+00:00
3dcce285-b6ff-4212-b3a2-be288308b9c5,21d8278a-0820-4a7f-bdf6-8ecd6c242e22,1196.54,2026-05-25 02:41:17.866159+00:00
25136455-c902-4e72-bd77-acf3299f9c50,5f898e94-0efd-42b5-98bc-6e7bb9b10fbb,1230.94,2026-05-25 20:53:27.551205+00:00
1550895a-7b33-416a-8ce8-2c6cf256346c,10698a5e-07c9-4614-8367-9f428b9e3b8b,1211.2,2026-05-28 00:03:37.024964+00:00
3e2d24fb-bf27-44fc-8d83-e734486151cf,48223e99-e39d-4aea-93c8-0998ecc6e1a2,1148.86,2026-05-14 11:31:08.577836+00:00
9c239a28-29dc-4359-b93b-0b4eb176d022,a21d7aa0-b013-4967-8f33-022827aec5a1,1149.02,2026-05-15 23:38:19.243565+00:00
b09d3414-b3ec-4ce3-831e-c5e8a92750ce,849ef1e1-8be3-4f7d-9991-2765486e5dd9,1152.48,2026-05-19 07:26:13.419054+00:00
bd002329-cd25-41be-8897-dcdab305a6f7,2d2625b8-f648-42cc-be0b-2e05e9e95034,1167.58,2026-05-20 03:55:48.738055+00:00
40578ab3-c7dd-4021-8683-d0b0863c3e7f,0e8c3059-b2ac-4010-b5b5-7b68101e263f,1139.19,2026-05-21 09:42:12.676609+00:00
b99d59b8-a6d3-46e8-b378-cb2346bc3d7e,43cc8901-8150-4cae-a749-864522652a1d,1189.39,2026-05-26 19:55:25.605096+00:00
98b352ef-7441-4944-b4c6-b62915746586,9bf2d97b-ee7a-4a0d-89ec-64d83da2e0df,1234.92,2026-05-28 11:15:13.774625+00:00
cfa2ba81-d50d-4696-a546-31f9f858ff4a,17edb21f-e812-4aab-84a5-b54eb111ff95,3616.45,2026-04-27 02:40:17.303229+00:00
a8bbb4d4-0544-4256-951b-b831db0435ac,08742e01-53c2-4463-b8be-5c39fa14009e,3461.99,2026-04-27 15:27:31.813604+00:00
c888af7e-74ce-4c22-bfe8-e9a70bafbff3,b5c11711-fee3-4689-84db-47f0afa71dc1,540.88,2026-03-15 19:42:54.929300+00:00
39961f53-2654-458f-ab92-3b6ff0ba56aa,6f575cdb-93a2-455b-a930-d22616c7f764,2380.71,2026-04-06 23:10:05.327864+00:00
375ec601-2367-4c4a-9776-d5724a78d879,e84a853d-0b66-4b0d-8b88-2abd449156c3,325.82,2026-04-26 14:45:30.301164+00:00
5d2168f6-c0cb-40a3-ad4d-a529c0e5e66b,a2b746e1-86c8-4cf0-9cfe-f4e0221f2720,2086.33,2026-05-15 01:08:40.914206+00:00
f330ed97-8d44-48cf-aade-9e7874d5a975,934f4fa5-8740-4d59-a85c-c062a55e59eb,5068.91,2026-05-15 04:36:21.395861+00:00
4fdf575f-7a6d-4294-aac9-8f658fdd350d,5065d514-3c97-43fc-bcdd-02a80d7f4cd0,1849.42,2026-05-15 05:30:03.444268+00:00
e75a11f0-8d6b-4dd1-bd05-bf28681fc0b8,b1f43539-442f-4b58-b998-e0782d77e201,3992.23,2026-04-02 19:21:19.685143+00:00
0bbee4fe-d8bc-43bb-9053-987a951f713c,b19b2ba2-2e42-43f0-8799-4733ffad0b3b,3535.87,2026-04-03 03:37:54.605743+00:00
ee5327ed-8494-47f1-9a54-e30c36762ce5,44e6bff4-0994-4bdf-9ca7-7d0fc86789b6,5162.34,2026-04-09 12:26:24.057461+00:00
fcc146ea-1c6f-44ef-aef9-db5fa0ea79cf,090c0771-bef0-4e77-a76b-a82789498a14,3907.93,2026-04-26 11:23:05.935752+00:00
28c1d6bd-d81c-413b-bf39-696f2cf900e6,348abf03-08d8-4795-9356-cf53e108dbf6,1808.94,2026-05-22 09:39:33.243878+00:00
46881f05-280f-420c-8306-65080f03c0fd,afd4f6f7-1da1-4109-971e-809e29c399b5,1859.88,2026-04-21 21:52:37.317498+00:00
818687b2-73bc-4e6e-862a-bcbe44c3337c,67edce26-8c01-4ab7-9c11-19bbf5efb0e8,993.71,2026-04-22 01:05:33.840772+00:00
b78116f8-32ba-46ce-9522-8ccdcee49600,ed8b91a4-65d8-4195-8ed3-caeb43eea7c7,4563.07,2026-04-22 02:42:31.303839+00:00
fec4c4a0-5247-4e9e-bec9-cddfc5266d86,6d1b17e5-90ed-41d9-a5ea-aae988dd6b8e,2808.82,2026-04-22 04:58:06.146421+00:00
6c025725-9714-4371-afb9-74dc65ccfcec,09edc1bb-7aa0-4e86-ba25-1a77294d411f,2279.87,2026-04-22 10:21:29.789015+00:00
52ea93d0-fc61-4f69-b32f-9a031c3fec46,c74128d0-1cb6-4b5b-a63b-6fdb8d101c14,2160.95,2026-05-10 08:52:59.900261+00:00
015eb01b-a747-417f-a4f5-0c5b35ae53ae,4356b514-4f81-44b1-bff7-cd7ad2652623,1057.15,2026-05-10 13:00:42.356283+00:00
448a8f70-e135-4e5c-b081-241396a38f79,7788419f-4f1b-42e3-8ae7-3afbd3b97541,4724.97,2026-05-10 17:32:54.238143+00:00
896d77ad-d8a6-437c-9449-e1303d44f815,44ad9ad9-2747-4d44-9111-1a6081ad45f3,5823.66,2026-05-10 21:47:05.619949+00:00
968024a7-2d5f-4351-9571-5e7e96cc6203,63238faf-e261-49c2-98e2-e4b2cbfe36fc,1374.96,2026-05-11 03:50:13.631468+00:00
add6653e-87e7-4edc-a870-b3544888234c,f7b00d7f-5f1e-4a36-ac58-4a085cd76dc1,6796.25,2026-05-11 06:17:44.006818+00:00
82684381-fc31-4a03-9137-e25f78855ac1,88eaab99-b97c-42bb-abbf-363aa2834689,1235.77,2026-04-25 21:44:32.694598+00:00
487f32be-5aca-4edd-b338-6af101e0ea31,38613576-40b4-4138-86bd-94f5337a0200,1489.63,2026-04-26 00:24:18.368957+00:00
d0c402ba-75ee-4d70-842b-89667ae07c8f,2fe014cc-b8cb-4869-a2e9-e6fdbf499cd7,636.45,2026-04-26 04:01:26.169568+00:00
c7b8a17d-47c1-439e-8ca6-b4e69e49f86c,15ab81f7-e3d5-49ff-8546-f45a2aecf827,108.16,2026-04-26 11:23:17.703925+00:00
f150a5e6-1424-4bf0-8426-9c163e53b259,64091e37-d8c8-4b8d-9a43-ee55e7bcb4e4,1540.55,2026-04-26 12:08:34.505619+00:00
e64c8a06-cf3d-465a-a62b-7ab2122811e3,118916f0-e474-48e0-a889-56c8517898f5,1676.25,2026-04-26 17:47:25.042372+00:00
578e7133-6413-406c-b4aa-57825665a0da,9fc9d12a-f45c-416e-a76e-49e1c3ea4659,436.6,2026-04-24 06:33:51.738256+00:00
deac7627-a5d3-42a1-837d-9dca36938758,2673afa6-7f4a-4d10-8d84-0c5d118cb57d,854.75,2026-04-30 00:02:56.290149+00:00
b3554f67-8f90-4664-b6a5-10acceb2c9e5,77a2f63c-1049-4492-9f07-a7c808083c19,1436.9,2026-05-25 02:53:39.858341+00:00
00a966d0-027b-4e88-936a-752c80de9db2,d367d9e0-5280-49ee-ae9c-9a7358b79e0f,10.0,2026-06-01 01:08:44.513239+00:00
b49c7a82-66a6-4c2e-926e-75bd515fbcfd,8f1cd378-fb97-4255-b77f-17bb6a96908a,2241.89,2026-04-23 07:02:03.888031+00:00
0d9053de-1774-4c79-80e0-27866df883d4,48a63504-0e93-46ba-8457-57d45ae80ff2,3997.38,2026-05-14 09:26:54.112994+00:00
1455303f-9012-4f37-84b6-81be0075b546,41adddaf-e6e9-43b6-acfb-3a630b64042f,4060.56,2026-05-24 21:51:59.948458+00:00
662be401-04e0-45ca-9fc1-10efea17025a,fb520d99-72ff-442c-9360-f15afed687bc,2046.24,2026-04-24 13:51:07.028432+00:00
d922c3dd-ca6c-48a2-b164-d663695fb694,d8277906-4068-413f-979f-520033a199dc,2275.57,2026-04-24 15:44:33.000916+00:00
c18b23fa-6f51-4a6b-90e1-ae5ef09518f1,42361d2c-19f7-420b-b1fd-f4906ba70bc0,2338.13,2026-04-24 19:04:06.309768+00:00
372cb55c-5f76-449c-b376-56f5c1fd74e8,9f36c108-f6b3-47de-90de-d18063124d99,2208.64,2026-04-24 21:05:27.867704+00:00
d3dd0153-d77c-46ae-9c2d-07fbeb1ed480,3cda0d5e-82f7-47d2-b935-e6635f704c0d,2118.67,2026-04-25 01:08:26.646115+00:00
1f805d6a-bb7d-408b-a275-c58188c636fb,1a3f2d8c-b4b4-4fa2-b8db-45e0640459a0,2210.82,2026-04-25 04:07:59.652167+00:00
9a406f52-fdfd-4fb1-a512-815dd5b6624d,350060eb-4ac9-4106-884a-40094b503950,1954.03,2026-04-25 05:46:43.549317+00:00
d9ea3e4d-a29a-4763-8bc1-cf9c94ed32eb,4f4ed8e0-d47c-4e11-894b-2b4ca870381a,2087.47,2026-04-25 08:11:03.416776+00:00
e0c054e4-910a-4bd5-9548-66cd74516281,67ed6991-ab26-45b5-aa3c-4bec390d245d,2233.77,2026-04-25 14:25:12.433765+00:00
8bcfe05e-e77d-4e18-bb4b-3eb3689323d9,917785a9-f67e-4a0f-8830-d5225abc59e8,3871.24,2026-05-19 08:58:24.955214+00:00
aedc7fd4-ce90-44b3-868c-06b3d5a9a3a1,54925a5a-d946-4f9a-ad84-56d4162196e4,3483.21,2026-05-19 21:35:56.892732+00:00
b891d4db-7510-46a5-80f5-b4bb773b7068,c91acc2e-f7a7-45e7-8c92-74a246d11c1a,3963.13,2026-05-19 22:18:28.822451+00:00
6063b354-5165-470e-b5da-cc2a2d7ae1ae,58006502-0cea-47c4-b079-313a2009127c,3923.26,2026-05-20 00:26:07.031144+00:00
1b9d5c66-054e-466f-8e99-14719d28c14d,c8d0e2ff-afd8-4858-94db-5e043b14a827,3945.36,2026-05-20 18:29:18.595535+00:00
4b262c8d-77f9-474a-bf7f-b3ecca28a7fe,76e4f338-bfbd-4513-bc19-87f4c057f160,3808.89,2026-05-20 19:56:07.218350+00:00
26986aaf-0692-4fa3-bf3b-f0f7c32fb377,74a945c8-2a9a-4dbf-9910-633a1645125e,3722.61,2026-05-21 02:58:43.965343+00:00
af37dd95-9155-4c55-b89b-6fc20c2de5a3,4000bd7a-8708-457e-ab5a-afb84ee2e91a,3812.25,2026-05-21 03:31:31.377246+00:00
f7b06981-9966-4cca-a71e-241d521f51ee,9944d347-63f8-4ed8-9121-3ec6d5a51b02,3797.09,2026-05-29 07:28:47.678917+00:00
610dfc83-4059-4b71-941a-66282efb7e8c,f8dd0020-0582-41d4-8100-ffcf36007af6,3857.27,2026-05-29 09:32:47.406306+00:00
7da5dc22-e7f7-4e99-8325-8cc4d5cae3a0,5a669433-b97e-4272-b87e-72e31c6d0575,3938.17,2026-05-29 13:16:36.276491+00:00
5317855c-107a-48a9-94ff-cb5663b4ecf1,63ebba57-3217-47f5-8b76-daf76b43c29e,3670.05,2026-05-29 18:10:43.398885+00:00
72dc1b11-5c9a-4579-84b2-0a4a32d6c032,5191567a-f107-4611-93f5-e0cb0bfc0b4f,3718.73,2026-05-30 03:52:22.296683+00:00
b1b5de15-d2bc-4e7e-9c50-ece6d833036c,5217248b-2a21-4400-9bc1-2ed60c0af176,3772.73,2026-05-30 09:16:17.201765+00:00
6f3e8917-ebea-48a4-a4c8-6059d4644926,433574f0-12aa-459d-969a-dab623b6d4fd,3952.06,2026-05-30 19:35:41.999393+00:00
948a5c6c-5b33-4b29-9eff-e25aaecf0711,31fd6db6-02df-4d62-bf4a-13cdd3b782eb,3524.75,2026-05-25 21:41:58.612194+00:00
ffca2c4f-9b09-4329-a97e-28e12c4fde54,29bf1349-ff09-421e-b17f-e9093c58ebe9,3295.2,2026-05-25 23:13:01.577180+00:00
906a922e-a1e8-42fb-9b67-1d986574733a,da318ee4-0d84-40b7-a0ef-8528bbba60c1,3604.59,2026-05-26 01:51:00.408082+00:00
6b5dfe37-2b89-4fb7-a16d-7e5159f13441,578bd2d3-dd34-4da6-b1b9-5f5f24a45e99,4118.21,2026-05-26 07:51:35.238601+00:00
af23c2ba-b219-4f08-9492-f58a702ca828,93101a0a-7216-4cbb-9c52-0488c64b9488,2381.74,2026-04-13 01:41:36.493366+00:00
97c4f8b2-a1d6-4361-b936-aaffd182c241,0aa4578d-80a9-426e-8f6f-368575b7e3db,1668.86,2026-04-13 04:40:29.481750+00:00
301ef19e-ae70-41a8-86e6-a121a2c3986e,d2017694-e5e4-4bf0-8174-37cfa08178b0,5106.13,2026-04-13 16:56:50.469007+00:00
777e2b72-5696-47d4-a0b4-7ecaab1fde06,6a30b5ef-7666-4cbf-9531-ee097095c6dd,3175.77,2026-04-13 23:02:28.478780+00:00
389146a4-0419-4f4c-8ff0-fe68fe450451,7d850748-4275-4cbb-93cb-2c2f34d7a0bf,4357.39,2026-04-14 06:29:54.599119+00:00
087b846f-df35-4756-95cd-08e8fa4ee080,1936e14c-8f79-4eaa-9deb-c1fceba28971,3345.08,2026-05-11 07:25:47.768998+00:00
2728d047-e082-403d-ad7a-2db3909816fb,50759aa4-76a4-4cff-9e3c-5b112f1fea93,3020.24,2026-05-11 11:11:51.887356+00:00
b3da7e7f-6ab4-4e04-8705-a42da5a96f3f,61e2a2b0-24f5-4e58-b4d3-e475856f69e0,1410.37,2026-05-11 16:59:12.746105+00:00
5ad9cf2f-fefb-4923-a07d-bff518b93610,80852bc7-4510-4358-af9a-5437647ca708,3057.34,2026-05-11 15:16:01.461604+00:00
92e1af23-f2bc-40ff-a156-0be4793dd427,2c0f32df-44f1-42ae-b787-c20bde6307cd,1673.22,2026-05-11 17:02:08.523265+00:00
d6a80cfc-194a-41b8-b27a-257f148b438f,063fd31e-0e4b-429e-8eab-9c9773173fc0,2711.76,2026-05-12 00:28:57.870126+00:00
2b5e66aa-b425-4059-bd38-75915e7242ef,c759750b-e891-4d2b-8799-4dc4d100c8ff,3531.25,2026-05-12 07:34:43.441236+00:00
2d514085-72ac-4c80-9a23-bf8917636472,c17a0baf-f9bc-4b95-b765-c2a0b78559a3,2057.35,2026-05-13 00:16:06.833354+00:00
a8376d25-7316-4060-ac7e-c1949f8fa1bd,ae0f7fe1-ba02-41e1-9041-dca82de6dab3,3062.77,2026-05-13 02:43:34.584987+00:00
f1031e5f-ca8c-45fe-8b7f-f5a662c16ac3,0313cdc1-2f36-4673-ad73-ffba7b33473b,4227.43,2026-05-25 06:17:40.629317+00:00
978bd076-9ac9-4c39-9eb6-243b6d657d33,548d98ad-2567-4781-8d1b-538f9063d497,5790.7,2026-05-25 13:50:11.698411+00:00
f7b762ff-7eb9-43cd-961c-0b1eab0a5fc1,fe7a0800-cb33-4392-9a73-3ef93856eb9d,2957.94,2026-05-25 15:13:09.844272+00:00
51683a4a-581c-4e40-b4f6-4974a4f847e0,23272ff2-db10-499c-a132-7026b282e7c5,8296.46,2026-05-25 18:14:44.741974+00:00
10a595b3-bc5c-48bd-ab5d-45c3101ea20f,6d35168a-70b7-49a7-91f2-321aefba1bcd,5837.76,2026-05-12 02:34:30.117398+00:00
34aa745e-db6f-4ccd-8225-e8454b1aefad,7d3436d2-d373-4184-bb0b-5eb7614bdd09,3175.84,2026-05-12 06:49:24.326529+00:00
a17cdb77-b405-45d7-bc69-580d2db42300,bf140d66-3ef0-4132-ad44-2a2eb838cf0b,7344.57,2026-05-12 06:21:33.877715+00:00
3eaa01d0-7167-4665-b1b9-dccba2cd2cfa,cc49565f-c09d-4845-abf3-1184ad5b8491,5066.13,2026-05-12 13:50:39.725556+00:00
ed4efdf9-738e-4ae6-b4db-ad060994dadb,f5b9bfab-1b17-422d-98e1-0a1af0be80ae,6517.46,2026-05-13 02:01:09.160296+00:00
ed8aae34-2c42-40b9-b4ab-a0b8f1a73a65,3375f9c9-01e5-4ca5-9172-23d5e6b6e7c6,3521.84,2026-05-13 06:41:29.069179+00:00
de127523-26e1-4056-b185-114018004e42,68b5a6ac-f38d-4251-89ad-17c2b39160cc,10.0,2026-05-18 09:54:43.084797+00:00
1cef99bf-4d65-49f2-873a-6b3bb310f25e,fdc1fdd6-b906-4fbd-b719-77b7e288d279,1937.02,2026-05-18 13:19:50.461533+00:00
43af18c8-bb9d-4413-992a-9788c193c253,6fa631b7-4ed4-45d4-9a90-d29539ad2a03,5025.99,2026-05-18 14:42:28.051611+00:00
090ec68d-46f3-478e-bb77-dbd768b89b22,a563427a-3b56-49e8-9783-cbe3d216d833,7412.05,2026-05-18 19:04:51.185197+00:00
1f7fd71a-f5a2-4e07-89dc-11b474dcaa78,a31d30b4-5283-4f7f-80a5-e4467e473b70,1893.43,2026-05-18 20:17:43.307785+00:00
611fd9dc-1e58-4cf0-a761-83d9166c588c,a0ec3442-bf3f-4027-b06a-1b39fb4f0b9f,3084.95,2026-05-18 23:47:08.942258+00:00
1f5f20d0-1cc5-4d95-8c12-ca3c3f81c2f0,6f710aeb-9886-4a93-9f3b-20ee95de8a89,6637.99,2026-05-19 05:28:15.564089+00:00
d109a3c9-1ce0-4c4f-8f1b-3c6942878311,c7fd3142-77b8-4c8f-9c27-83ef24124984,6978.2,2026-05-19 07:05:04.096159+00:00
b2ac80f7-e160-4a1e-883a-b8c28a125d6d,3123854c-05cf-46d6-aa7c-598a8414e234,3125.14,2026-05-16 22:31:38.795005+00:00
2fcc0d4f-d6d1-41d6-8126-51054613b4b6,9ef946c1-be01-48ac-a6a6-e761d656e5c4,10.0,2026-05-22 10:41:12.387179+00:00
5b3931ff-efdc-4c89-99af-4d95cd7a867a,201817a4-6d27-4062-bdc0-5bfa8b5551d3,10.0,2026-05-30 10:14:55.443637+00:00
3de3d6fa-f9be-44d6-a759-92d34fd0a037,9920fe17-2ee5-48d4-a2bd-4a25a1200b0d,4203.06,2026-04-10 11:28:16.440190+00:00
d5ebbbb3-dc5b-4931-8586-947d166e287c,8f5eded8-5fb8-456f-8ce6-2a6ad22641f6,2036.57,2026-04-17 20:18:00.198679+00:00
45bd5403-e31c-443c-b8f9-f9a47dafce91,c07a7a0e-8ff0-44a0-b3dd-80093e6752c8,3930.45,2026-04-21 18:15:43.975413+00:00
b64d695b-11e4-4598-8ac1-aa772c8d7c9c,117451de-98ae-4319-9f44-5c68390b5885,2412.51,2026-05-26 02:50:20.481242+00:00
ce8af7c2-20ec-4556-b69d-c62374a2472e,4e530176-96db-4266-95f9-35cfead3453e,1908.44,2026-05-11 08:42:12.748278+00:00
add73a4f-e349-4828-babf-003dbafc1d6d,93f4bfe0-5586-4f71-a1c7-4709af0f4b6f,2895.77,2026-04-15 07:03:38.809116+00:00
cd6094fa-4aac-4adc-b839-6f8a49ce4bf6,a076155e-fef8-45f4-b795-39e300eb0e94,1523.27,2026-05-11 14:43:46.489143+00:00
72643170-3bb0-423d-a972-3c487f87439e,106a3a8f-27c3-41f1-8fc3-9b2b2999d430,4156.01,2026-05-31 18:29:12.055522+00:00
