id,customer_id,network_id,first_seen,last_seen
3829b7e7-c513-44f9-a64a-2c97cca4e5dc,07d4a89b-d3c8-4d0b-b8c3-88b8c568ccf8,534bcd74-8dca-4d01-9392-5f1f218bbba1,2026-04-18 19:22:04.911695+00:00,2026-04-18 19:22:04.911695+00:00
b65aa03b-3e21-4153-a752-a24b110979b0,d6c4a31e-4b13-45e6-bb04-10b292b55b49,2fafb7dc-7a94-4f65-a0be-7c212bb1fa84,2026-04-02 13:13:29.624971+00:00,2026-04-02 13:13:29.624971+00:00
1fe14696-c403-40db-9292-15069f8cba85,5fc508b7-c21d-4428-bd24-e75b9a702a10,bb83f104-70c5-4141-b7f2-39457f5a2c6e,2026-04-30 18:36:17.778015+00:00,2026-04-30 18:36:17.778015+00:00
5cb3b302-94fe-4f97-a652-c25064841cdc,6ded1fcf-178f-47a4-b66e-24e9ad38f86f,3c1dc82e-375b-45d3-a224-0cbf3172cdf3,2026-03-17 04:49:58.709937+00:00,2026-03-17 04:49:58.709937+00:00
d5e3587a-b770-4b1c-95ef-b5d94efd5137,6cc32e10-3f1f-4710-aee4-18068b61a972,68acd970-19c8-4a60-a4e7-e835e0d9b359,2026-03-11 07:50:32.843077+00:00,2026-03-11 07:50:32.843077+00:00
9ac01dae-c8ad-49be-a180-45d476b1189c,a54eed65-c367-42a8-97c5-ec328519c65c,55f351c5-3ebd-4ead-81e8-bbe50f1d3a78,2026-05-30 11:38:06.813260+00:00,2026-05-30 11:38:06.813260+00:00
f7969dfd-0ff9-4d40-a5c9-9ade0129e9b1,0e19df61-5d86-44fa-8b69-d9af8276411f,3a5191ee-d6bb-4e83-81dd-291b95e40deb,2026-03-06 16:15:53.358347+00:00,2026-03-06 16:15:53.358347+00:00
3a86d898-1e04-4e74-9850-9de34c643131,8e2a6cab-6617-4343-b521-2f38fe55cec5,a4e23a61-7910-4761-884c-63aa847cdb62,2026-05-29 17:19:55.769676+00:00,2026-05-29 17:19:55.769676+00:00
f17b8a0d-3a3f-48fe-a8e3-5eab44d4f5d3,629056bc-da7c-4566-8cec-9e469494d064,bbe19307-d830-4283-a2a1-f0b6c8c12462,2026-03-22 02:38:54.523603+00:00,2026-03-22 02:38:54.523603+00:00
4f04120b-b262-49e7-a78b-cc47779cbc9c,5dd60f55-b229-4916-988c-b936cf072497,dd213ffa-f142-4608-a9df-3730bde8d37b,2026-04-25 12:28:17.624378+00:00,2026-04-25 12:28:17.624378+00:00
c5bfaf7b-d12a-4527-93c9-5bf8aeb087a7,ae816f3b-6a3a-4a2f-87fd-9140c4979932,83ff82fe-016a-4c4d-8f70-f5708d92c385,2026-05-11 02:50:09.825275+00:00,2026-05-11 02:50:09.825275+00:00
fc654377-163f-432d-ac9e-e9d8df37c6d5,b5376002-8e6d-439b-a018-61a2ed485d61,36eb8062-0508-4c17-ad18-1d1d3d68729f,2026-05-13 06:18:54.754225+00:00,2026-05-13 06:18:54.754225+00:00
f2d3c62a-9b23-4141-8b23-b7600acd5107,7e06ab6d-c945-4471-90d5-d42ced63fe02,3744e3d5-6be4-4020-9bf8-c2de7383eef2,2026-03-12 17:18:10.745193+00:00,2026-03-12 17:18:10.745193+00:00
a512fe7a-2f15-4b9d-809b-4bca0e87ba54,794a008a-1619-4dd7-a662-9e4ec1627afc,9d9012ac-46d5-4535-a08c-dfa657365229,2026-05-18 01:49:19.882921+00:00,2026-05-18 01:49:19.882921+00:00
14fc199e-dac2-41e0-b4df-12f086bb818e,570f0f48-18f2-4bcf-aba4-c4f3245e9d73,5b855633-75dd-4722-b057-f4193df5809c,2026-03-30 22:56:16.075525+00:00,2026-03-30 22:56:16.075525+00:00
a7dac596-fa00-414a-8d2d-785c742d6be1,89dde804-4908-413c-8853-bc094ce069a3,2b3e3f30-5ac4-45ed-b05a-ca4cb63851fd,2026-03-06 19:53:17.795340+00:00,2026-03-06 19:53:17.795340+00:00
05bd4862-65d2-44cb-93c2-5cc0f2065f8a,c4cdf458-6ff9-4a01-a4f8-b49a7fe7ee3d,bd7e5877-d660-4f75-9532-a140d2020937,2026-05-15 20:57:48.026051+00:00,2026-05-15 20:57:48.026051+00:00
cfb57346-fac0-498b-accd-77e4250f0c0a,a271a8a9-a8b3-4201-81d2-b40c167729b5,ca0f4ee6-7689-48f1-a888-7cd44b03c206,2026-05-05 02:25:03.167437+00:00,2026-05-05 02:25:03.167437+00:00
40f0be7e-3c5f-4a96-a4bc-ec35366cf6b6,aeae95b0-d750-462b-a8b4-5db5644fff6b,8dc7b21f-2241-40d3-9241-8c63a001df8c,2026-04-18 22:28:13.107486+00:00,2026-04-18 22:28:13.107486+00:00
4284cb3d-3456-456d-a71d-5308b219de1b,f292b54f-c9d0-4b91-8588-b0d31ecc0e57,16cb658b-3071-4e4e-85ba-631171ab29f2,2026-03-03 15:47:36.608055+00:00,2026-03-03 15:47:36.608055+00:00
afc5d9a6-ab89-4d4c-850f-28aa92f54302,41df3274-6dc5-4167-a9b7-b1759587e61e,c7ff6763-95e0-417d-9c26-d2230c75090e,2026-04-19 01:37:24.462163+00:00,2026-04-19 01:37:24.462163+00:00
bb0d0b4b-be89-46a6-807c-a90f015c57a0,7d602540-e1f5-4921-b240-457ff9af78fe,29e5bdf6-b96c-4356-9ac8-e90535a6dbb9,2026-03-14 04:30:07.212031+00:00,2026-03-14 04:30:07.212031+00:00
8e828c9b-be93-4f56-a349-7e6e6a8c30c8,e20b9901-8f11-4054-bf4f-1bf0a02eaea5,973c0784-1ed7-4be0-a3fc-69dc02413cdf,2026-04-10 21:27:43.126524+00:00,2026-04-10 21:27:43.126524+00:00
cdf0a277-05c5-4a0e-a6ef-c16ae0a6b048,715624f8-5271-4baa-a90b-e735d8a0733a,65bb9064-9995-4caa-b3de-32600ca20c3b,2026-03-25 16:15:23.272729+00:00,2026-03-25 16:15:23.272729+00:00
c154b037-b8b7-4896-bcd2-0c150486afde,d492bdf1-58a6-4afd-9404-e857a1dd0766,dfe70cb8-1575-45a6-965c-8043231c9044,2026-05-18 07:03:16.633739+00:00,2026-05-18 07:03:16.633739+00:00
c18f1784-b4bb-495f-b21f-ee9577e7ffca,d7eaea4b-dfca-4f62-857d-cdb9efb7f075,8abf93c2-c1cf-4f1e-8db1-ac7dbab01bf9,2026-03-31 14:47:41.218068+00:00,2026-03-31 14:47:41.218068+00:00
59488fb7-8368-430b-8c07-9bc82c1aab61,69fb6295-8315-49db-bde9-742ad46b6788,aba60464-8129-4fad-8a2a-f57863cf5c76,2026-04-07 09:33:07.591201+00:00,2026-04-07 09:33:07.591201+00:00
37fdd116-c2bc-4265-8fcc-f0fe452b4534,57c858df-53d0-4146-9a35-c3161b183698,9ceb273d-c349-4a5c-acce-5b13cf665fa1,2026-05-25 12:50:28.892672+00:00,2026-05-25 12:50:28.892672+00:00
c601c25a-1243-4549-b9bf-61d73e030568,664923e6-6b97-41ee-ada0-cdb64a211d30,49aa698a-5a65-49b1-bc0a-68d1469309a8,2026-04-24 15:47:40.857186+00:00,2026-04-24 15:47:40.857186+00:00
9d387628-b093-4ab1-9046-6d98037aae8d,a3793330-5bf5-4764-aa8c-5cdc5c360c3c,9e096832-676a-4482-94ff-16405a48d94e,2026-04-05 05:20:40.956482+00:00,2026-04-05 05:20:40.956482+00:00
6e07cc6e-5988-4ceb-8ad6-bf30c39ee7e4,17065a90-7ee4-4058-a737-f982cd956d39,40fee6ab-d07c-4eb8-852c-4a08face99c4,2026-05-25 03:40:42.572535+00:00,2026-05-25 03:40:42.572535+00:00
532453cc-5dd5-41f6-b85f-d246bac38b79,a60fd3f4-65fe-4586-b4d3-0dca0d7805c2,bb571c30-9774-411d-8916-e4aabc446529,2026-03-22 08:13:17.224555+00:00,2026-03-22 08:13:17.224555+00:00
dd5d613c-5602-4bcc-a1bc-f1fd47c36e97,7859c404-61c0-44aa-917d-673593dec3bb,05a5b556-f920-41ff-a179-6221c52da496,2026-04-14 18:16:48.842509+00:00,2026-04-14 18:16:48.842509+00:00
e6e369d7-5ef9-4ae0-bb67-00e770429771,89539927-a01f-4a55-83be-a3a633de66bd,17a921fe-236b-4ea7-b6d5-67658d866888,2026-05-03 07:26:19.806565+00:00,2026-05-03 07:26:19.806565+00:00
553942f3-72c9-44dc-b786-7c204152c136,ce8d271d-03af-49e4-82f8-4a52d566aad5,8c07b978-a031-4771-b3af-c45e0aa46c21,2026-03-22 07:31:47.431582+00:00,2026-03-22 07:31:47.431582+00:00
32b3fe1a-4132-46ac-9caf-4a6e8918e51c,24305326-4cb9-44be-a59e-cd2e3b66ee00,531a5722-6527-4fc9-aef0-0eb53640f229,2026-03-09 00:43:56.509195+00:00,2026-03-09 00:43:56.509195+00:00
7390ec3f-606b-433e-889e-545a3667da29,09b6b3f0-09a5-43fe-ac04-0dc564de271f,1485acc1-5ab0-448a-9071-219ad6e0d064,2026-03-30 02:34:38.914730+00:00,2026-03-30 02:34:38.914730+00:00
24d7e1e9-1119-45aa-ac41-4971a579a1f8,534d6672-b176-4409-8d15-17f73e5e3018,59e45a02-4632-42f2-99f6-980de02d806a,2026-03-15 12:43:19.119458+00:00,2026-03-15 12:43:19.119458+00:00
d3210649-9416-4902-a399-75a834fdc191,25a316e5-d105-4ef7-9fe7-bfda7f447b49,c697c631-52c7-4408-a697-20856af718ed,2026-04-28 11:14:12.581984+00:00,2026-04-28 11:14:12.581984+00:00
633f92e0-7db4-47d6-ba80-7d02cdb87039,661f57be-226f-412e-be38-b4f2e1f62ae6,c781952b-668d-4828-8997-8185dd829581,2026-05-05 14:33:34.088964+00:00,2026-05-05 14:33:34.088964+00:00
b630e7dd-38a1-4593-9b1a-73892a4199e7,420ba611-c0ec-4b2f-b90f-74342af57b21,0b27a5c8-8a07-4d2d-9365-3490dffa3ff0,2026-04-03 03:25:39.670078+00:00,2026-04-03 03:25:39.670078+00:00
81e171a9-9d2f-4811-9013-368b0c0e84d2,bd81fe54-c22f-467c-8727-2cb0879fffa9,fb4670b9-39e3-46c1-a55a-d6cd0efc77b7,2026-05-25 15:56:46.032296+00:00,2026-05-25 15:56:46.032296+00:00
e2987851-b64b-493d-b574-bc23790e4300,19420d7f-b2a6-4e1a-a9e2-c3d4bf265bb3,a4df48cd-7d03-459a-ba0a-64e3a8e4d87c,2026-05-14 11:32:07.406106+00:00,2026-05-14 11:32:07.406106+00:00
409ca587-8efb-4dc1-85a2-506aff82df10,787f5659-6a7e-4b9d-b8fb-689f4e2ef6a2,cc56ca22-3f6c-450f-9d53-3847d20dc1e3,2026-05-19 04:24:19.268636+00:00,2026-05-19 04:24:19.268636+00:00
de07ad58-09de-42ca-8e9e-26f43a69332f,9f089a8e-577f-45d8-b840-a8d06e252174,0184f022-6fed-4b71-b504-95e5c98c3842,2026-05-19 09:23:15.854358+00:00,2026-05-19 09:23:15.854358+00:00
e7a5e08d-f73d-41b4-94f0-fab46a473d1d,af4f71c5-e3f5-41e3-89b1-e37c8db69e2d,ac482835-9be4-4aa2-bc37-baab288d81e9,2026-05-10 22:12:21.676428+00:00,2026-05-10 22:12:21.676428+00:00
74a25cc9-e37d-4887-bc2e-79180806b01f,bd5f7280-7965-473a-8a0a-aca3b6874b32,0a671d14-e6c5-4838-a223-d5895c50ad99,2026-04-21 07:40:11.779846+00:00,2026-04-21 07:40:11.779846+00:00
318ed5ca-d661-425e-b91b-fcf047aa562e,bf0badba-0291-4594-8551-7cf6c97d3a64,2abe9498-1c9a-4529-a1fc-cb2b8f0aa01d,2026-04-16 05:33:23.942452+00:00,2026-04-16 05:33:23.942452+00:00
4670f070-f9cf-4257-b1a2-d796ccd07bc3,c56520f8-4184-4c90-9446-42d8490b92d1,c70c4c97-5889-4c2f-815d-d217d912b704,2026-05-23 19:06:31.547775+00:00,2026-05-23 19:06:31.547775+00:00
f833e23d-1dbb-4bc3-964e-fa7fc3a66a89,ba279720-b6a8-45e0-8e50-38445189b430,ca040a83-6d1a-405d-954f-1270828daa23,2026-03-16 07:03:00.130907+00:00,2026-03-16 07:03:00.130907+00:00
dd17767f-8fae-4a30-a0c5-0c5c0c110105,744271dc-d9ba-4c6f-b1ba-0b88709a3712,46b1ff5d-c5ce-44ff-a797-ca870c320d56,2026-04-01 22:40:00.180066+00:00,2026-04-01 22:40:00.180066+00:00
b0b2d886-01dd-4d7a-9617-0e0ed628077f,bc259531-bb55-4353-9dca-434252f6fe40,0dbdc00a-882c-4837-800b-a7c0ac96d96e,2026-03-18 13:31:40.458294+00:00,2026-03-18 13:31:40.458294+00:00
ebc16785-e5d4-4a46-9b5d-b06f1baab295,36a9c913-642b-4ba1-ab49-06d757acd0c4,90487cf9-6bc3-40d2-be29-f02b487435fa,2026-03-28 00:05:41.177372+00:00,2026-03-28 00:05:41.177372+00:00
cd55b2d2-a9f3-4cff-be78-a95e97323620,182a4fe5-0577-4265-aa4f-5d7d3be557b3,fe9389c9-a9ff-400c-8d76-b3fe580038f1,2026-04-29 03:13:43.693676+00:00,2026-04-29 03:13:43.693676+00:00
b2033e5c-152f-4aef-a717-9e828f65e43d,79ee64ec-c7e8-47a7-be19-b8b16cd1f422,7a28c26c-daa2-4463-866f-26ef605d8896,2026-04-27 07:15:47.689683+00:00,2026-04-27 07:15:47.689683+00:00
16af1f9d-e679-4420-88df-cc5f81332464,d07e88c7-6b3d-4516-9c92-b5759793e2eb,9f7293f1-3724-4041-84a4-97797181a8ab,2026-05-28 02:42:23.007901+00:00,2026-05-28 02:42:23.007901+00:00
e347f9b0-1d4a-4ba5-b3da-3066bb6809ab,487ba034-762f-4f4d-8be3-d9937503f7ae,698f49b2-ca72-43fc-9e6a-5ce601f6fff0,2026-05-19 11:10:17.018114+00:00,2026-05-19 11:10:17.018114+00:00
8bc812a7-31df-46f3-8406-f41c5ca8a3f2,047a6270-4775-42b1-a9db-a01222342f2f,871a357b-7a09-4216-a976-2198a3510e10,2026-04-24 09:13:44.371350+00:00,2026-04-24 09:13:44.371350+00:00
e03bc37e-1b7b-42f7-ac95-33d8cce2aaa2,0bdf0a3e-2838-4d81-83be-f7ec7768e6e4,e732c352-166b-405f-bc7d-fe323e7603a5,2026-04-18 14:23:42.785027+00:00,2026-04-18 14:23:42.785027+00:00
bc152039-6abb-4d32-8784-d36a153a5d4a,3a1dc370-d618-4673-925a-25462950562d,994260b0-ba72-438e-a1d2-1585cba335ed,2026-03-16 04:24:07.070403+00:00,2026-03-16 04:24:07.070403+00:00
d46bf745-0682-40c5-b59a-2f58d02bc7d9,e870c0ab-31c8-4343-8fb1-077fc92cf06c,b74aaeb8-3de6-4d9a-a153-a894a0d2cfa1,2026-04-23 16:35:03.958834+00:00,2026-04-23 16:35:03.958834+00:00
146735a3-e0af-4720-ba09-5d3ef042f072,1f80f49d-79ef-46a7-8479-6950c0b96c27,c810fc09-67af-4ede-9020-94f5fe6c634d,2026-04-02 13:36:43.439913+00:00,2026-04-02 13:36:43.439913+00:00
c50bcf53-1e20-49f4-90ae-05bea720051a,bba5a98f-0186-45f3-b83b-4fe6fc2318ad,9959f6ca-054b-4fdb-a150-e0d7566043f0,2026-03-14 13:32:57.529314+00:00,2026-03-14 13:32:57.529314+00:00
7c4809ea-e915-4dbc-a619-9ab8fbaf5fba,fe907e5b-5af7-4cf1-b673-817eaf37f215,1f8aa8e1-ab0c-4683-ad2f-eb4f8a4c500f,2026-04-15 10:03:11.395968+00:00,2026-04-15 10:03:11.395968+00:00
4d424212-278c-4868-8059-f060b5995ab6,1704a8a6-c898-4e71-95ca-0566b240b712,4717e3c1-56dd-44cc-8a7d-24744518f202,2026-03-13 12:54:34.947387+00:00,2026-03-13 12:54:34.947387+00:00
0a92b5eb-340e-4212-a697-3abdce7a72e7,32cfb3f9-da54-4d00-a9b3-49143c4fbd2f,911804b7-e080-4dbd-8785-57f16aff73b3,2026-05-01 03:22:38.450244+00:00,2026-05-01 03:22:38.450244+00:00
4039a4c8-2aab-4cfe-b968-1ae639d7f953,541899dd-a545-4f7a-b88d-46f8c6e7c110,ee5372be-ebf2-4165-8b72-4bf4be4ff6b3,2026-04-02 15:48:10.517019+00:00,2026-04-02 15:48:10.517019+00:00
e52f2f43-fb22-4b11-aecd-ce8e3f9c1f12,bf30ee5a-2412-4158-8076-c1a71bb9e7d2,df1395ef-0a12-4ca2-bb3a-9686cbe7d7f5,2026-03-21 08:28:33.575867+00:00,2026-03-21 08:28:33.575867+00:00
282b8eae-7548-4746-a0fa-d2d798641d8f,fea5663a-a7cf-40e0-bc54-451e95daf471,c398d30b-1811-40ba-8929-9a072e06c5d7,2026-05-07 08:19:38.096528+00:00,2026-05-07 08:19:38.096528+00:00
2ab34821-4c04-44fc-b1e6-a4960afe65cf,5a198ac1-5608-4649-a90f-6c738ce3767f,1e44f9bb-190a-4eef-9681-b7242e2a9997,2026-04-14 17:55:18.639310+00:00,2026-04-14 17:55:18.639310+00:00
945deb32-1807-4ff2-a915-4b6203af34a7,a2afe7ef-80e6-44e4-b8fa-33b9cfd7873c,5884f7a8-6c5b-4c79-96a9-a97ad87c39b0,2026-04-28 21:46:13.671290+00:00,2026-04-28 21:46:13.671290+00:00
09666045-8dd3-49cc-92a3-457976d847a6,4e22ce7e-eb03-4b9a-82f0-edd5da94a7fe,9ecec20d-c9c2-4053-af18-155130a157c1,2026-03-21 12:10:42.911167+00:00,2026-03-21 12:10:42.911167+00:00
82c79d80-9500-44a0-bf85-d1e9babbd2e3,95cec9e0-17f3-4127-a93f-1b43efd96071,65406c39-1c02-4538-aae7-0e78744e55c1,2026-05-05 07:41:27.894995+00:00,2026-05-05 07:41:27.894995+00:00
bea790e6-4e99-4181-a409-bf0e0a2cb41f,cf4abad1-2abe-4228-ac4a-de6414d13b44,f0dd0f9b-c44e-4e6c-a749-a7cbaabc7b61,2026-05-09 01:54:46.215108+00:00,2026-05-09 01:54:46.215108+00:00
ead3a249-ee4c-4c41-b544-6aacbe2112d3,a1a73a2b-8e5f-4907-988a-92d0143dceef,96dd3df6-2cab-4ead-ba51-75b24bb328b9,2026-04-08 03:06:38.054178+00:00,2026-04-08 03:06:38.054178+00:00
01ca6c1d-861f-42bb-be80-ea3cf33b9b1e,989637de-bc8d-4dcb-a5b1-4955b2e192a6,535d1546-cd16-442b-91e5-b02ef69e9e73,2026-04-15 21:51:03.233648+00:00,2026-04-15 21:51:03.233648+00:00
096a4a40-8278-4611-ae8e-277cce0bc9e8,63abae54-8110-4412-91cc-07a7aabf7869,f2cf8416-c2c5-454d-859c-12659163a8cf,2026-05-29 01:38:08.173308+00:00,2026-05-29 01:38:08.173308+00:00
556e9583-6fcd-46e7-a072-e990eab5175b,432885a5-c71f-4d95-afda-5a5e525c6b86,057a340a-b94d-4248-b273-ddcad6f520da,2026-03-17 14:51:24.193608+00:00,2026-03-17 14:51:24.193608+00:00
663a2f28-0ccc-4dd2-b3e3-70b0998a5874,011695d4-93b1-425f-a36e-1284e8f602fa,f4b2e017-5f1d-40ed-98d2-bb1c7d4c2081,2026-03-10 12:57:06.096410+00:00,2026-03-10 12:57:06.096410+00:00
6bb5f9e4-3809-4dc8-9330-6e637402cd96,732d09f4-8296-468d-884e-4979f2be2b3f,8d414a47-c564-4108-b28d-e0da22b34fe4,2026-04-21 17:49:25.423759+00:00,2026-04-21 17:49:25.423759+00:00
d3f23637-17a6-4a6a-bd84-7e607718fa46,c461fca9-eaad-41a4-926b-7e46f5189b7c,f72490b8-fffa-4c14-a8c4-89aaa5fef414,2026-03-18 00:31:03.770654+00:00,2026-03-18 00:31:03.770654+00:00
e95902c8-6a39-4c0a-a292-b467843a0252,2e778928-dd1a-49da-b767-f05a92512c19,086c17e2-41e4-48a0-9d0f-ac346af01923,2026-05-23 16:50:39.122266+00:00,2026-05-23 16:50:39.122266+00:00
5b7b34d8-12bc-472c-97de-0dc1d1df69da,eea803a3-dbec-477f-be60-44d4ed686295,a9b1ba5a-69ff-4220-a8c2-9e689744e1d5,2026-03-25 10:44:50.830411+00:00,2026-03-25 10:44:50.830411+00:00
b3d1e9aa-1c8b-4429-8dda-3af393d0faf3,1d3d1ea3-592a-435a-86c7-72adcbc5a53b,cbdfbafd-59ce-4ef4-9a54-3f4eb7cd0622,2026-04-17 20:23:29.100925+00:00,2026-04-17 20:23:29.100925+00:00
49a55299-9d04-40fc-8406-5ab36e7ae6e5,9e23dbf7-c7d0-4d59-a117-ce2f2fbbfc09,6558da2f-40df-4b67-ab22-7fc022ce9889,2026-05-20 09:02:38.148184+00:00,2026-05-20 09:02:38.148184+00:00
9a01fe4d-b65d-44ff-98d3-3b09635bfbb2,2dc8564c-dfea-4e7a-a527-d26fbb593587,f4e91260-c817-4510-88de-d190ef769053,2026-04-25 09:28:43.328243+00:00,2026-04-25 09:28:43.328243+00:00
4cb61054-7cf1-4d70-aa8c-3fda0abac5ca,84708610-8b93-48b1-a6fc-dea2969abe2e,c9f1eccd-304c-4d12-b4b3-357d526a2bb2,2026-05-28 14:19:23.836219+00:00,2026-05-28 14:19:23.836219+00:00
f8fee7a1-1c76-4037-adb0-dcf8d1656a3f,68865fb0-565c-4125-899f-cc90e9ee7cfd,fb93d55b-cbe6-4ea6-9eaa-b13ba42db782,2026-03-27 02:00:46.415521+00:00,2026-03-27 02:00:46.415521+00:00
75631e16-3199-45ae-8b5f-c89640648381,c88fd11a-23cd-4140-902a-26c2e3b7c1ac,189cef70-8f8b-4d92-a325-714d6e12ae7b,2026-04-17 12:52:43.304753+00:00,2026-04-17 12:52:43.304753+00:00
edb6e581-f717-4711-9049-70f3f309742f,9c903385-80ec-438f-9798-e683432373b3,5e915b5c-1c09-4ce0-9399-742bf09bee39,2026-05-18 15:56:48.560626+00:00,2026-05-18 15:56:48.560626+00:00
6b26bcf9-b840-43a5-b669-88e2544cd8fe,c0908678-62bb-4257-9a4a-58c03186a1f7,8ad1efa3-1427-4cfa-b771-14e270cf18e6,2026-04-27 06:56:13.927847+00:00,2026-04-27 06:56:13.927847+00:00
56d49f0f-24c7-4bc6-80b0-84fcb7f566af,3cb6479b-4ffa-4fa1-9b97-0de16a8e369e,9313edaf-18e4-42b1-b69a-ea0e37206a8b,2026-05-29 19:05:26.708957+00:00,2026-05-29 19:05:26.708957+00:00
6fc0bdf9-7953-4851-85ab-d812f5e9d8c0,430d55ab-049f-49d4-8413-006457cd6e20,e6f51145-53ca-435a-8b70-a224c0697dfb,2026-04-06 17:05:52.161829+00:00,2026-04-06 17:05:52.161829+00:00
a6d24ccc-e971-46cd-9332-d29cd40ca205,588e360a-0486-45cd-a991-60e326fb543b,01f9c0f8-2c8e-476b-8c66-df10d584cfa3,2026-04-05 19:25:44.130472+00:00,2026-04-05 19:25:44.130472+00:00
73cb7117-7d18-4a8d-9c89-b2b87aa18b0d,2293b77a-4682-4a70-bc3c-68321a95a2cf,e90c5a47-3e0e-4761-89a6-33cc6de0ba0d,2026-04-04 05:15:17.561801+00:00,2026-04-04 05:15:17.561801+00:00
3812221d-7062-429b-9d78-df05a628f50b,209bb50b-a6fa-4ce7-8d92-82ba2e5d7685,7ee272d5-189a-4125-91b4-2a149f959a55,2026-05-24 09:32:34.761229+00:00,2026-05-24 09:32:34.761229+00:00
9950d793-164d-44c3-a078-bff84f32a154,bf30b216-3d20-45cb-84e5-de4d8d0c8e38,e1a629b7-514d-4d86-b7e6-fcb0c7dc3625,2026-03-09 18:20:48.397986+00:00,2026-03-09 18:20:48.397986+00:00
d13c051b-85f3-4398-8be6-f931f7987f98,776b0d77-1cf8-4727-b9b0-45d8beb0518c,5bbe97a1-85de-4b18-ab4c-acf5b67e179c,2026-04-27 05:01:35.165294+00:00,2026-04-27 05:01:35.165294+00:00
51fcd8c4-afe2-43fc-8159-d79b3f1512b2,91f9e72a-3551-4009-99f0-ac9a04133707,f808b12c-113b-4fbd-9d75-8d2cad472316,2026-05-16 17:33:23.923898+00:00,2026-05-16 17:33:23.923898+00:00
51306846-7636-479a-9e39-9291296b4ba4,cb279fbe-4538-4a5f-89ea-0ae44d73ba84,27f18ef4-1519-4fd4-9ded-0228ea108069,2026-03-16 06:55:13.401675+00:00,2026-03-16 06:55:13.401675+00:00
61cafd06-b831-4e1d-b049-0c2119e0ad38,40c08da4-95e4-476b-ad5f-a8d24af38b28,ceef3214-36ac-43c4-a985-15e04a2b490e,2026-05-06 17:38:25.039516+00:00,2026-05-06 17:38:25.039516+00:00
ed11cc95-32a3-4c1c-9269-a4441b553992,b380a5ff-ed65-48d8-9d1d-19839ecc9c88,211b74f2-ad4d-44bd-aa6c-89c4d5d50374,2026-04-02 21:43:03.853772+00:00,2026-04-02 21:43:03.853772+00:00
ed4abb30-2f28-4c73-8197-a1b2b2c74ab8,97e20383-09cc-4903-a888-c98695a63dcf,78480141-86c9-482c-a1d3-cbc81b51602b,2026-03-17 18:53:32.434758+00:00,2026-03-17 18:53:32.434758+00:00
7968ae6b-2fc5-4af7-86b5-e7d0f64f0412,9fea1023-7d8a-43ea-844e-dfa2002d36f4,b2774aaa-f38f-4e4b-ac73-af1d8a6c0635,2026-04-01 20:47:28.592772+00:00,2026-04-01 20:47:28.592772+00:00
9b0ff42e-3701-491f-9be5-e3674fa453e2,770315b0-f1ad-47dc-8e8c-54c561c5213d,32beaf27-5459-48cb-9b54-66522c7b97fd,2026-03-30 23:20:39.319406+00:00,2026-03-30 23:20:39.319406+00:00
625917f7-97c1-45ac-a715-64e7c38fa4b7,bde12fa9-141f-40f9-9b9f-63f3b6854724,d380a1da-4efd-4ae0-a56c-c72e948029c5,2026-05-12 07:51:16.246279+00:00,2026-05-12 07:51:16.246279+00:00
fd545b25-217d-40b9-bb8f-f0a9bfb14034,dcd18238-8b50-42a6-b26a-1adcb42a4254,040224ed-007e-49f4-925d-f87ffcdc346c,2026-03-24 20:39:47.697197+00:00,2026-03-24 20:39:47.697197+00:00
9120e804-d14d-413d-8f7b-52f401099653,445bd66e-b03a-4f0c-a752-40e5aedefed5,2c080f77-0e25-41c6-94bb-436128c1146a,2026-05-28 11:33:42.042752+00:00,2026-05-28 11:33:42.042752+00:00
10a5c239-66a2-49a1-ac60-9f06614eabc9,85f40fdc-3617-4a8a-94bd-ff488083cb3a,56ca8944-360c-4aa6-b7e8-e048158777c8,2026-05-16 12:32:34.981838+00:00,2026-05-16 12:32:34.981838+00:00
19cca5f8-8aa6-4591-8967-1d0a0b42d4f5,c78d49d3-a3a3-495f-9ebd-4e1ccf32a0f8,0e0d4f8d-a8dc-4a8e-ae41-daadd88712bf,2026-04-07 18:14:25.574050+00:00,2026-04-07 18:14:25.574050+00:00
f3a3909b-a811-4dc9-a824-ebdbcbfefaa1,468e0baa-dd9e-4ec9-b0e4-0370fb504c26,94f32384-1e22-49e2-90b3-1b77fc1245c5,2026-03-09 06:52:18.118212+00:00,2026-03-09 06:52:18.118212+00:00
befe4ad8-10a4-43d7-820c-e86093819076,de191d63-d108-4231-aa91-c877bb34842e,5658eabd-ab70-480c-9bfc-31232013aa16,2026-05-03 06:53:03.820091+00:00,2026-05-03 06:53:03.820091+00:00
7e175fe2-f23a-4c05-9cd0-3fb8608535fa,abb77e06-32bb-46b4-b55f-840de1a03b72,4ebf2a6f-b0ad-48b6-9ab3-accd5bde631f,2026-05-25 14:53:12.142293+00:00,2026-05-25 14:53:12.142293+00:00
80d0d24a-1a7f-4cae-97d8-7d82c766edab,7382efd7-e112-435e-9fc2-78c4ddd32b8f,d9120357-c91f-4e25-8dd9-3c22389f0ab9,2026-04-07 19:18:16.331126+00:00,2026-04-07 19:18:16.331126+00:00
a27b9acc-a433-4f62-92c0-109275cb99c5,79fcddbf-c2bf-470b-9630-cd78b2b4d3ad,d7884b50-8d71-4080-98a8-9a72161f99f9,2026-05-22 14:49:31.833546+00:00,2026-05-22 14:49:31.833546+00:00
3a683e12-868a-4793-8940-cf9faa020bbd,22a2cb2b-7134-4888-81a1-3d46157bbea7,28990c91-af30-4b74-902e-396ab85f3e4d,2026-04-29 16:37:15.562263+00:00,2026-04-29 16:37:15.562263+00:00
f41fa8d6-c6f0-471a-b912-1dff8c7add7f,b84ac3a2-5b30-42e1-baa5-8272d59a628d,21758fa2-8a82-4edf-bf8c-5f27ca5c36d0,2026-03-28 07:07:13.598840+00:00,2026-03-28 07:07:13.598840+00:00
a13072f8-fcc9-4827-a079-83568eabb58e,e86cf18e-8252-4c5d-8ec5-6a82ce7abe2a,b9bedad4-9a15-4628-92f8-8697ec61a845,2026-05-04 00:55:06.569857+00:00,2026-05-04 00:55:06.569857+00:00
7d58053f-8b9e-4347-bf9a-90b8abe265d3,59ff9d26-24b1-43a3-be17-d50ad5d1fe9b,671c90c5-93ff-4e4a-a0af-689207c00b52,2026-04-26 04:15:13.030882+00:00,2026-04-26 04:15:13.030882+00:00
962bb3db-47c2-482e-83fb-718674d90b53,2dd127aa-14e5-4c1d-8465-5366274a0158,e1593d6c-d505-4f0d-a9e7-b8cd8e9a3a2c,2026-04-23 07:47:57.559409+00:00,2026-04-23 07:47:57.559409+00:00
da2c44c5-91ff-492e-8387-2fb557cf3ec0,36d92921-3a02-4270-aa09-885d03ea3d07,67b25e71-7af3-4800-963e-e1c4d910b069,2026-05-27 09:31:38.854383+00:00,2026-05-27 09:31:38.854383+00:00
00e0572f-1356-45c4-a902-df71f07da9ef,350e2885-862d-4f99-82c1-15ce8a4e110c,532cb026-cfc7-4b28-b6b8-3863eddc26fd,2026-03-10 11:42:54.391030+00:00,2026-03-10 11:42:54.391030+00:00
02f4b0c3-221a-473c-99b8-134868da917a,7b077a3d-4f69-422c-8ea2-9bdc4e3fa63a,0dd0ce2e-ceac-48fe-80f5-67a2a8771957,2026-05-04 08:30:45.946218+00:00,2026-05-04 08:30:45.946218+00:00
a9532839-3ef5-4f12-ac03-55f7356b0669,0cbcb625-a831-491b-a0e7-b65eef60ae31,ab0a2c23-2594-48bd-9d7e-e21d34225741,2026-05-25 10:43:47.668043+00:00,2026-05-25 10:43:47.668043+00:00
9cdaf309-c363-4b02-84d9-a09345cd3b40,3f070cfc-4eea-4619-93b1-bf04e1e0e7f2,838eb863-09a1-4f2f-a8ce-c38b8aca6e10,2026-03-24 18:54:32.573701+00:00,2026-03-24 18:54:32.573701+00:00
4b4ecf1d-f7fa-4ae6-b653-edf345653941,0c85a4fa-ed25-4b67-8069-41d5dff0a500,d1c629a0-05c6-4c3e-b844-2a1200bb87b5,2026-04-21 16:31:29.836743+00:00,2026-04-21 16:31:29.836743+00:00
19d0c930-8044-4099-b79b-786386f92c38,9c29ca84-05e5-49d4-a5a7-dde2629991de,26b8c3e1-3da5-4ba4-9172-143b5215a5a7,2026-03-05 04:10:02.624427+00:00,2026-03-05 04:10:02.624427+00:00
d8aee1ac-c9b7-4f8a-a51c-f737319fcee7,dcd46274-d6d3-45d1-a218-34901d0824a1,c4e97971-1295-4da1-b3b8-e2104d12d615,2026-03-15 00:23:09.901348+00:00,2026-03-15 00:23:09.901348+00:00
1e9aaff3-498d-49af-be30-97b7bb7fdffa,1c305e05-60bb-4516-9222-d5545ae50b5b,e9800afc-faf7-4c79-9bc6-c3aab1e12a91,2026-04-13 11:21:45.150558+00:00,2026-04-13 11:21:45.150558+00:00
6d2ce7e9-8796-4b91-9bf6-c0225f3e4382,7b452846-6146-427a-9459-f5791df8c1c4,047f59db-71ae-4f49-9d62-1024eecb08ab,2026-03-03 04:45:17.575942+00:00,2026-03-03 04:45:17.575942+00:00
50d2b5d8-dae1-4b4f-93a0-5a18e35c3bde,1c933b9a-37f1-424a-9c06-359067c2cacd,aaea4edc-9b70-4958-8170-d888191d2cd5,2026-04-12 14:19:16.475373+00:00,2026-04-12 14:19:16.475373+00:00
c69cda5f-ce68-4c19-a016-1ee0e2661ee4,34cff165-6e5f-4007-98c3-fa9ff8d81284,0ad19845-3ab1-4a23-a6e2-74475318e55c,2026-03-25 09:39:37.112625+00:00,2026-03-25 09:39:37.112625+00:00
5637826b-1b7e-41e5-b257-852502067e4e,3e572e31-0ea7-4605-937f-5bf5a9087b3f,8ebe5586-196d-4c56-b8bc-b323d8192b15,2026-03-21 16:08:34.837126+00:00,2026-03-21 16:08:34.837126+00:00
a3b3f28a-c297-4c46-a6aa-ee0d7cc5c758,58bf72d4-e8bc-44e2-b344-db44763805aa,8718ac45-5751-43ff-abd4-dcbcff9a64b6,2026-04-11 11:14:31.475243+00:00,2026-04-11 11:14:31.475243+00:00
b1e63da4-6f08-4b8a-8661-9e4b07d14b03,6403bb15-a896-4654-b2cd-0d56ec61cb97,f77c5580-3bb5-445c-9fd9-b9247f124b94,2026-05-31 15:29:42.068241+00:00,2026-05-31 15:29:42.068241+00:00
8b15d9b3-b18e-402e-806e-5bdd798a4f44,0393ddaa-2c56-4afe-9f90-cf11bd7a7a4a,0f35c727-2042-4c09-9b93-5ddbad7799e7,2026-04-03 11:42:27.793716+00:00,2026-04-03 11:42:27.793716+00:00
87ab2fd4-722d-4a9a-bb2a-91152f72df59,45a5803d-73d9-460b-9e5a-49fd33426a53,a8ae821c-eacf-425b-8ab4-069c4f94321e,2026-03-28 05:06:47.704511+00:00,2026-03-28 05:06:47.704511+00:00
0a22c224-ef05-4d0d-8630-3d7809fddc78,95451800-16fb-412c-a488-80c33d399d61,ecb98f1f-c45d-40e0-bd34-b955cc8658b6,2026-05-18 05:56:47.850346+00:00,2026-05-18 05:56:47.850346+00:00
dc8d2af0-abb6-457e-967f-2bbb213bbb1f,fca1f06f-f23d-4415-9b4d-80830d254ac5,e0544cca-f99a-4b99-a291-384a298c9046,2026-05-11 16:27:56.509309+00:00,2026-05-11 16:27:56.509309+00:00
57b1bfdf-104c-4efc-93b4-463b82a37bb5,3852fd53-ebac-45d0-ba27-e18b73f9cfda,50ce1b33-b57a-4967-b654-d2b3f82af62a,2026-03-25 07:39:46.775896+00:00,2026-03-25 07:39:46.775896+00:00
32d6a785-bd56-4e62-8e1e-2a1be20721ea,60e08b67-9a8e-4c19-9e1d-c1a82cb337f9,2a116ac5-085b-4059-bcb3-886fc4504579,2026-05-20 18:00:33.043135+00:00,2026-05-20 18:00:33.043135+00:00
7bccc576-da30-4c27-a222-738e5b25d94c,f64af49f-6ee3-4493-8f1b-6f5c9096a734,7d381fb1-9305-4c2c-9e70-3bf704901da0,2026-04-26 19:14:24.933258+00:00,2026-04-26 19:14:24.933258+00:00
e424acec-e278-4309-9a81-07cc4011391f,9f6c9071-71ac-48d1-9532-240c44722a96,a2b2b809-c47c-42ea-859e-016d25f6bb57,2026-05-05 22:37:38.742165+00:00,2026-05-05 22:37:38.742165+00:00
c7736fce-c4dd-430c-9985-a002a7fee15e,5a602f01-7d3a-4e75-8b51-4447f19fbed4,78a7ff0d-0c71-47c5-8cbe-b1a383b95a0d,2026-05-04 00:05:51.832742+00:00,2026-05-04 00:05:51.832742+00:00
08d10e1d-37a2-4cda-9cbc-52477c44b1d3,7f1d5a6b-f4f8-4069-8676-4b3af4a55349,5ce6a4b3-d843-4f51-a789-3d6c3a9b3266,2026-04-17 06:18:33.858037+00:00,2026-04-17 06:18:33.858037+00:00
c011be1b-0b19-4a72-8184-54718a1190a1,94812ebb-56c5-49ee-b9f8-29e337e9f423,e659caa6-9d8d-4f39-8ece-a46808364a2e,2026-05-06 20:53:46.734025+00:00,2026-05-06 20:53:46.734025+00:00
65e82e3d-47dd-4740-9f45-db32f9addb4f,07f105c3-2e98-43b6-a6f0-03c3f94d903a,25e6d20d-b879-4d2f-870a-3132376082a2,2026-03-03 15:16:24.894695+00:00,2026-03-03 15:16:24.894695+00:00
6d6ed4de-014e-4f28-bec2-0449996d8365,0c88f755-92c8-413a-886a-afcb58c012e9,698f687a-8303-437c-a9b1-59fe8a60d92c,2026-05-06 19:41:34.808098+00:00,2026-05-06 19:41:34.808098+00:00
0e8d8a86-153f-4264-beed-e6ee61185468,6cec6cbb-692a-4197-92b4-2cf07bd9a6ab,9865bfd5-7859-4b01-8680-d1f7af960608,2026-04-21 11:08:02.434716+00:00,2026-04-21 11:08:02.434716+00:00
f7b79951-b041-47b3-a2bb-2fcffd5388f1,96d043b2-0915-4272-8c09-a20df127de00,4db8fc41-8147-49be-b1ef-dc216a3cc469,2026-05-25 12:26:39.248497+00:00,2026-05-25 12:26:39.248497+00:00
18510b4c-f2c3-4120-8eeb-3b3d44493690,8bb14a99-8386-4aca-aae6-d7675b60337e,34983147-db70-4caa-a096-8b7d034cc81e,2026-05-09 15:06:00.263347+00:00,2026-05-09 15:06:00.263347+00:00
308b8cf9-30eb-4bb6-9a0c-c0cbc5a5f5b0,a7045fdf-6c33-48b7-9b45-06e34b90aeed,7f51228a-6e61-48e2-a390-01879e57edf6,2026-04-23 17:11:56.959547+00:00,2026-04-23 17:11:56.959547+00:00
a6c8eb1c-f31c-437e-a1c7-ae793137cb3f,b5158c40-1ee1-4f93-a0cc-b91a9309dec3,29c27f54-fda5-479b-bd7f-3f0ccdddbe58,2026-04-25 23:35:16.869881+00:00,2026-04-25 23:35:16.869881+00:00
19d710f8-ae92-4868-8463-e6d49a26d469,d5000a26-9934-4b06-85c0-537ae9239f80,f74f4d09-a252-4c28-8b3b-8d09649031b4,2026-03-07 03:55:04.312219+00:00,2026-03-07 03:55:04.312219+00:00
105e5a5d-2e5b-4f84-bee9-2a1bb36d0e95,8e3dfb16-61f2-43b5-b98c-2fba172b3630,cd1b0b93-c2a2-4e57-8001-143f6c2cf784,2026-05-26 23:53:44.702905+00:00,2026-05-26 23:53:44.702905+00:00
baa2140f-e5e1-40b6-aaec-d2246671e8ec,29bc0fbe-df86-48ff-8beb-c2c06431439f,3c9544db-b9ec-48ec-b344-bbdfc9f4a94f,2026-05-20 06:22:54.496713+00:00,2026-05-20 06:22:54.496713+00:00
842afff5-cb42-4ca9-9c4f-2e4b2c569900,989e85fd-78af-4d8f-983c-a26d23795dc4,45ad8ca8-fd83-4327-9725-d929cc8ccfa5,2026-04-26 23:11:42.139868+00:00,2026-04-26 23:11:42.139868+00:00
f329076e-789d-4f05-9968-e51ff02bf59f,334ebb94-04b7-48f8-b118-e04f7d21d4b8,381a85bd-7e05-45e2-80a8-2ac0dc217cef,2026-03-30 21:34:12.492336+00:00,2026-03-30 21:34:12.492336+00:00
a2c15783-5540-410c-852b-a401c6deae8b,7eb8e6d3-eced-4197-80a2-4e8449471999,49e6ef10-e83c-4b49-9628-4a2403aa73a0,2026-04-14 06:15:10.858625+00:00,2026-04-14 06:15:10.858625+00:00
adad2f5d-3707-4395-9e80-ba9613507327,fad0b781-6188-43ac-ae6c-da24f906d234,bb04b09c-0f06-4a0c-a35b-47b4705e7803,2026-03-24 10:57:41.585517+00:00,2026-03-24 10:57:41.585517+00:00
6c24f62e-5461-4052-b5df-b0a5d6e698fb,b62234e5-4052-44cf-b201-c810e9496797,a7bf0406-df0c-41d4-87e8-37b3566348c0,2026-05-02 07:38:46.653896+00:00,2026-05-02 07:38:46.653896+00:00
c8f84181-7d3c-45b3-813b-6235ba541529,7af47087-14b2-4b20-8194-ed3b807bbec8,1b3ff06d-c989-45d2-808d-5c9260d2253e,2026-03-12 19:29:43.110357+00:00,2026-03-12 19:29:43.110357+00:00
f7e74f06-835d-4fdd-b876-78beb20399e0,aa333e55-cc35-45ad-aa73-8458fedc277e,dea77eed-5640-4906-b4b3-5585e054f7ae,2026-05-22 12:46:36.131839+00:00,2026-05-22 12:46:36.131839+00:00
b36c6735-1d17-4872-8267-1dca605055a8,3afacaff-8e24-4c4a-bde0-92fae5a8af25,751d23ab-c569-4a09-bba6-cccc27161554,2026-03-03 15:43:26.482996+00:00,2026-03-03 15:43:26.482996+00:00
fd691ab8-5a9b-4f3b-a0c2-cd7f3d5c13d4,216444ea-0a71-48ab-b2fa-cd8add100f3a,1b34e5ff-e9c7-44bc-a203-a1b68a0af446,2026-05-17 13:27:50.113050+00:00,2026-05-17 13:27:50.113050+00:00
31934f76-b7ed-4695-b647-3012c3b59f87,aab189a6-a5a7-404b-9062-4788995db11b,53968c96-5ae0-4202-b898-e078498d1c84,2026-05-09 00:24:19.665888+00:00,2026-05-09 00:24:19.665888+00:00
5a561844-9359-42bd-8864-bf49790d7d42,46c45290-710d-4188-af66-ad4654f0980d,db302b9a-fafd-4064-8453-b6b4009d7b58,2026-05-29 11:49:22.275517+00:00,2026-05-29 11:49:22.275517+00:00
bc342e03-65e9-45ec-8176-1d78c2897cc1,324f6cfa-f309-4308-84e8-9a1b92bc4e1b,e9acba8c-7ab0-4ac8-b5da-7950264fbc92,2026-05-15 08:35:40.511367+00:00,2026-05-15 08:35:40.511367+00:00
f0cbb60f-296b-437e-881a-b91fbb4998da,d56f75ba-9a39-4431-848c-71f226492f6e,8f44d912-85c0-45e3-be0d-be5e74249636,2026-03-11 07:06:15.889267+00:00,2026-03-11 07:06:15.889267+00:00
e3feba6e-2825-4e4e-9c3e-33c451fd5f36,8636b3bd-3cf5-4e66-84c8-ee6fd422a552,f8cd682f-e1ff-4c85-af3d-933f2ace9aef,2026-03-22 17:09:25.065822+00:00,2026-03-22 17:09:25.065822+00:00
098c704d-001f-459e-ba33-d13b23a87001,38138e4a-8176-41c1-acc8-5f89c0a9d013,d81d5527-5b81-4778-b7be-ffc2a916f618,2026-05-02 11:18:38.909278+00:00,2026-05-02 11:18:38.909278+00:00
52952ca5-2bf9-4435-8635-f6509dab7586,c29a567a-1fd5-4206-aa61-2e49db37cd29,078db88f-2b70-4dd2-af14-45ed0f940db5,2026-04-28 23:46:00.980461+00:00,2026-04-28 23:46:00.980461+00:00
fe1cce60-9a0e-41fb-8260-97cdaa26c13a,dafc657c-865e-4f9a-a2a2-4cd90131816a,f070b8ca-a51f-4559-a1f4-9bd15d0701d5,2026-03-17 08:13:45.805131+00:00,2026-03-17 08:13:45.805131+00:00
073dc475-ebdd-4893-8fa6-40de3c34bf7e,cb14cd59-8250-4234-bc04-1751e1c54c5b,d557adc5-1cf5-4033-97f5-44b15e1b525e,2026-04-13 02:52:12.050560+00:00,2026-04-13 02:52:12.050560+00:00
94d28cfb-f1a3-4bd9-a664-e4427d49aae9,3f8f32fb-2451-4b5e-a2af-c938c878438b,94daef40-7699-4d9b-8df6-611b0c2cd0cd,2026-05-04 09:35:20.714844+00:00,2026-05-04 09:35:20.714844+00:00
d9d260ff-124e-40a4-84cb-00411132dc1c,e6102ed6-10f6-4d7b-a1d2-ceb0464923eb,9aec7f9e-3913-40e1-9301-1e8fe223a843,2026-05-29 13:33:12.788709+00:00,2026-05-29 13:33:12.788709+00:00
6f56e286-0ccf-4615-affc-1d07def6a90c,2da299f7-0bb4-42d8-99b7-d101b49f6cbb,42b574c4-c33e-4883-bd6b-36634120ba1b,2026-03-21 01:14:36.764858+00:00,2026-03-21 01:14:36.764858+00:00
5919a531-596f-44e3-93a0-1e18cb97529d,cd947584-27b3-4e06-9e7e-1ec99956ee5d,511092fb-332c-4626-8cdd-b09b12df8525,2026-05-30 01:26:59.021888+00:00,2026-05-30 01:26:59.021888+00:00
754cdfb6-717e-4b7a-aa98-99f9753bb75b,befa3c7b-d94a-4e66-a806-ca5080f8fbaf,15d02ae0-c7db-4b1d-a5f4-a61d42b4a666,2026-04-09 17:43:05.939568+00:00,2026-04-09 17:43:05.939568+00:00
b80a94ef-08a0-4d1c-b879-7309af92259c,b5b54e01-f103-4ed1-9cf3-b9e77dda02d7,8c0e7d05-9adb-4c56-8917-14ef39efad30,2026-04-17 12:01:11.427641+00:00,2026-04-17 12:01:11.427641+00:00
f3a74821-3a4a-4d4c-988a-79a7ce459e2b,461a6e1e-d1a8-474e-92f5-3e0957b7f43e,b0642924-9173-4f79-8c40-9113137fe255,2026-04-30 01:07:49.872706+00:00,2026-04-30 01:07:49.872706+00:00
eee3475f-0b30-4fb4-9432-03d131278f32,c7ff18c8-f226-4262-bb26-d37158910974,99ffee17-076e-42b5-8d04-a132218f7765,2026-05-24 09:23:24.545835+00:00,2026-05-24 09:23:24.545835+00:00
f90dd17e-f6f5-40b6-a07e-ffdb21784a20,a95c45fa-fe99-4a45-83ec-b6b366f2174d,7594e36e-4057-4e60-a5bc-4794b58a743c,2026-04-20 02:35:46.981452+00:00,2026-04-20 02:35:46.981452+00:00
c3ea4c3c-48a5-488a-830d-af5608d3e98d,1e129820-369d-43d5-8e58-9b8c54e6f01f,862a3207-f445-43ea-8fee-8bbd0876e2b8,2026-03-07 01:58:17.395451+00:00,2026-03-07 01:58:17.395451+00:00
cf03ce2f-0e80-46c3-8711-9c7b9005ca62,a52f5df0-425f-473b-a6c6-bf1f48165fdb,cc197af2-3a56-4038-a650-a8e1bea3d5ee,2026-03-20 10:18:18.508536+00:00,2026-03-20 10:18:18.508536+00:00
e88ddfea-9791-4a4b-8bd9-dd4bb39535ce,f229d242-3152-4172-af3f-a260dc022f3b,0bc006a5-fe86-44fa-b9dc-d3972a6ec653,2026-04-11 19:10:36.924355+00:00,2026-04-11 19:10:36.924355+00:00
c442ca10-6776-483e-9904-8c4ce94ae670,3cbfdacc-d224-42f1-a45a-3ad18229509f,3959ef65-d29a-45eb-90d1-b1eef12ccfb7,2026-05-17 23:37:04.970329+00:00,2026-05-17 23:37:04.970329+00:00
2d2afce4-d7b5-4857-b985-b61e4b3a3d2c,d8a1a688-5de5-48e7-a799-49e2977f25a6,6d8f05b2-5bbb-478d-b75b-2b34fcf71ab8,2026-05-17 09:11:14.549287+00:00,2026-05-17 09:11:14.549287+00:00
be002165-1a58-4403-9158-10fba79e8c34,2953214c-71da-4df5-b962-5da43fbf25ba,7ebd8ca0-d6d3-427e-9b7b-e564b8d29bb7,2026-05-21 10:10:25.462182+00:00,2026-05-21 10:10:25.462182+00:00
d3ac71f9-7720-4406-8a80-dd5f77996a44,23c12294-38b4-48a6-a8e3-590999e3f17e,44292cfa-73c9-4fee-ad01-30838543e788,2026-03-27 09:54:59.866677+00:00,2026-03-27 09:54:59.866677+00:00
67ba4ce1-0ab6-4b11-81db-2ec9cd415a96,8c6cd0d0-f193-417d-8fe5-6e6122e34d47,96f72748-7433-4c0e-ae5c-f34bedb4e831,2026-04-27 03:58:17.450535+00:00,2026-04-27 03:58:17.450535+00:00
96ea582b-6855-4449-a40f-3f04aaf2cf51,2ce36ce0-d618-4c1f-9cf7-8215db832f87,0ceb3769-1e3f-4339-b4e2-c63bd4ef7dc9,2026-05-28 01:19:03.445006+00:00,2026-05-28 01:19:03.445006+00:00
119b5785-4753-4f0d-8cd2-7806919200c0,354b2181-0e43-44d2-abf5-ab26b6c5ddbd,77bbfffe-a896-4647-904a-6b2048be27e6,2026-04-29 15:55:55.672010+00:00,2026-04-29 15:55:55.672010+00:00
50a9fef6-d88e-4aeb-97f1-9d08e5d4caa5,2d4a82ca-f187-40d9-ad13-e1de5bd9db86,237d0730-a334-4fd6-ba1c-1d3e5cfd73f6,2026-05-17 14:24:30.723002+00:00,2026-05-17 14:24:30.723002+00:00
f01236e2-6842-4f22-8644-df3606f48232,5db763a5-503c-419a-91c1-a4c7299d14ea,38459ff3-33a4-47da-b61c-fff12fb3ded5,2026-05-17 23:46:21.513078+00:00,2026-05-17 23:46:21.513078+00:00
91bbaec9-b276-4aab-acba-02cac45ffee3,9612f6f1-8807-4aad-8f9d-867efb433e80,55cece61-a2f8-4aff-89a5-40b5c0ada6cc,2026-05-04 23:04:48.755032+00:00,2026-05-04 23:04:48.755032+00:00
72695bfa-7ba5-4f05-a120-5bfef3b45dc2,f272cae2-fdb1-4f0c-8044-d7229347813d,346fafc2-e479-4929-a00e-2c5026682f06,2026-04-04 19:43:20.289754+00:00,2026-04-04 19:43:20.289754+00:00
08876475-93f6-4984-8393-eb9f2a275712,a9cf2024-6465-4386-9d1f-886e587d4b8b,40a764d0-90e0-40ae-91ac-19a3ec5d63b9,2026-03-23 06:31:04.419733+00:00,2026-03-23 06:31:04.419733+00:00
5e08357f-caa1-46e3-8dc6-4f8f02d5f7de,e5f25821-a623-4c07-9f34-d325a5a18cba,dea2440d-88dd-413d-b63c-fd6ff7bf81a5,2026-03-04 13:24:12.785928+00:00,2026-03-04 13:24:12.785928+00:00
4689108e-b654-43ff-b38f-a27a356f17c3,72e13ae6-dfe3-4eef-bebf-277245a51d0c,1d3f3d11-e996-4c59-be1d-282654025004,2026-05-31 18:12:19.800476+00:00,2026-05-31 18:12:19.800476+00:00
090d2faf-b346-4a54-b380-3c3efcecb9c6,2c6bce86-0285-4c5c-8999-bbd2e75514c1,21d53516-7ed3-4a86-b653-edb677298251,2026-04-07 11:58:06.061721+00:00,2026-04-07 11:58:06.061721+00:00
ff797b47-450b-4d96-a9c4-fc6c8cb153d8,94aaa6bf-1410-4580-992b-d5138a77f956,c30f8c25-7257-4cdf-9388-e7bf8280b5b7,2026-05-17 08:52:10.168493+00:00,2026-05-17 08:52:10.168493+00:00
853d0059-b617-4a02-a5fd-224c5fea5090,af92270f-9681-44f6-869b-3a5c96376000,b625ef8b-786a-4ee9-a77e-6d62ba94d3c5,2026-04-26 16:19:05.237173+00:00,2026-04-26 16:19:05.237173+00:00
f80404b9-0969-47e1-9e8c-1410d0028d9c,5613a1c5-1a86-4a90-b502-37e5b3fd3ef2,07fbb5d1-8b7c-4e01-9155-f9d55d3ce1b5,2026-05-26 01:17:47.929923+00:00,2026-05-26 01:17:47.929923+00:00
a63b5c83-c904-4b1b-8df5-3c1500ddef75,296914be-b763-4819-8b3c-cea1aa97b21c,2d9e02b6-5da2-405f-ac88-0dd702502a25,2026-05-10 00:37:24.522523+00:00,2026-05-10 00:37:24.522523+00:00
1565bbaf-a304-42dd-9710-5f8088a3d430,4b34901f-3236-4819-8091-2ecb301dc87e,37d38fd0-7537-4f9c-bd30-cf3ff9148fb4,2026-05-27 13:52:41.953989+00:00,2026-05-27 13:52:41.953989+00:00
f1845fed-4db4-42e9-9b24-83ced799d717,36a1cf71-ec21-4323-84ac-9f0daef024c5,96cf87d6-afe0-4ca8-9354-f35871e82097,2026-04-07 23:14:45.241502+00:00,2026-04-07 23:14:45.241502+00:00
3ee2d118-ae6d-42d2-a763-4218613e01e5,79aedd6e-8490-4b63-8611-c82bfa129637,63808f74-760c-4f1f-a77e-6396053ccaa4,2026-05-29 11:54:11.204826+00:00,2026-05-29 11:54:11.204826+00:00
1d96554c-7d4c-4f94-9ca4-7e670acce155,2d019331-8cb7-481b-8237-c08e7d995b39,49f30e89-8f4e-44c4-b0f6-cf4f793a349b,2026-03-24 03:58:30.189360+00:00,2026-03-24 03:58:30.189360+00:00
143d98db-73d6-4217-bc4b-175f67c9fd9b,6db05683-146c-47fc-b086-036e6d5d8997,03762431-ea25-4272-a33a-cd8ced955593,2026-04-13 02:08:39.790195+00:00,2026-04-13 02:08:39.790195+00:00
3d366ff5-b8d2-4405-953e-71ad68fbe9d1,648ff8b4-cc0a-40b5-901b-0ef7735bb87d,ef82554d-2548-4eb5-8b02-de24842a9582,2026-04-03 01:50:03.537607+00:00,2026-04-03 01:50:03.537607+00:00
2007e3c0-e3c5-4336-975c-69a8885d1646,53a6c723-2054-476a-96fc-284400ce50f6,d18f5147-2d0b-47fd-b74f-bc56c6e0b1d7,2026-05-02 02:42:33.156596+00:00,2026-05-02 02:42:33.156596+00:00
78e04f34-13b4-4418-956d-6736b15f9c79,2169cd80-2649-4113-af11-532023c960c2,76dc75e4-aaa2-4a1a-9dd1-caa12543f259,2026-05-31 00:17:28.005730+00:00,2026-05-31 00:17:28.005730+00:00
8fe4bced-9b9a-49f9-bf76-174af66a02af,5559af6d-dc82-4ef1-a06f-85a7855fde38,bbf74ec2-629d-4612-a9e6-81a348b38ff5,2026-03-22 08:20:58.628726+00:00,2026-03-22 08:20:58.628726+00:00
480924c7-214b-45a6-9379-5e8e2d1613d2,562dca15-837c-45cf-849f-73e7f9a4dae6,2471d84b-9e78-4ef0-9dd4-f51a7f32defe,2026-04-02 19:00:35.863751+00:00,2026-04-02 19:00:35.863751+00:00
1133269f-4456-4813-9008-acd52d60a069,50b8b851-1de9-4e93-9526-f1ed9c15a1b3,5efecb16-5ceb-46e6-a380-0a5c3897b2d6,2026-04-21 20:54:13.263416+00:00,2026-04-21 20:54:13.263416+00:00
f239837e-7e64-4812-a440-2b8e62d40494,711116b1-4db9-4e0a-8317-877bbc30ab8e,86dc33f4-eb5d-4a55-897d-7cc2e03ad0e2,2026-05-30 12:41:35.389624+00:00,2026-05-30 12:41:35.389624+00:00
aa599733-6604-4194-8081-7bf65e681a02,84ba0173-f1a8-4e2a-98f4-4b25c59149eb,3d0ddf9f-fafa-49e0-8cc4-ee8a371f562c,2026-05-30 06:17:42.287370+00:00,2026-05-30 06:17:42.287370+00:00
f0fd0f86-7702-495b-b205-44831ec4c208,86a30a34-c8cf-425b-9174-f83538b8f397,658e6c8b-220a-4485-b8b0-ba7c21c29515,2026-03-19 07:18:49.494176+00:00,2026-03-19 07:18:49.494176+00:00
05df7fbb-5c2e-4700-bdd2-c75dd0493648,1ad8bb4a-57c7-44ff-b31d-3a4893e722d5,44313d09-2ada-4eb5-a35b-40d761088f49,2026-05-02 15:48:46.304030+00:00,2026-05-02 15:48:46.304030+00:00
a6545b87-1f2f-4587-8840-e12a70db2182,f9af1a5c-361f-4139-a95d-c6b273678572,95d103c8-4151-40d3-9106-37c3f25986ed,2026-03-06 12:18:54.306299+00:00,2026-03-06 12:18:54.306299+00:00
1bf3cfa6-5c69-4732-9c23-87a791a178c7,1b9af37d-859e-4f1a-9209-cc45421002fa,dd3fc5ac-0e1c-48dd-9865-c2b7e2838417,2026-05-19 00:03:46.454303+00:00,2026-05-19 00:03:46.454303+00:00
52e26afe-dd14-41b3-882f-ad4eb6e4cb55,23bf20a8-be62-4774-82e2-6dea534d2637,e13e2be2-e2e9-464f-b3ef-9119a92bacf9,2026-05-09 01:59:55.402321+00:00,2026-05-09 01:59:55.402321+00:00
cd5bb8ec-d3a3-4ef1-b5a9-fbdb93507e80,b0e0d56c-b1e7-435c-98c3-58d4300e36d0,df5216d0-9087-4e3a-a54e-e9117743e371,2026-04-05 19:49:35.362157+00:00,2026-04-05 19:49:35.362157+00:00
b22ed13a-ffe3-44d5-a4f3-be4f09206e7b,5f4f68b7-60a7-4051-b68b-61c0835d4f7f,dfc70987-7e2e-4f63-b817-a402e9785600,2026-03-24 01:41:37.134239+00:00,2026-03-24 01:41:37.134239+00:00
08dec719-1628-4b98-b973-98d140bb694d,584d1f9c-c89e-4e9b-8028-e01ec8f261b7,5b2ead86-b11f-4afb-9cf5-d2b5e4fda91b,2026-03-19 19:41:55.954318+00:00,2026-03-19 19:41:55.954318+00:00
6ce09edf-e27e-4a8e-8c4d-03c47246b1e7,8a0af5ba-ed6c-4455-9d1e-fc0d974ba6a2,612237a6-c365-47b4-bd0b-a63406540bf7,2026-03-10 01:10:11.339173+00:00,2026-03-10 01:10:11.339173+00:00
bd3be2b1-a9ad-48bc-8247-e180d6ecea2b,4742d123-699a-4486-ad89-74f2b6c1e416,b926044b-8300-402f-abf1-b09930212021,2026-03-22 05:06:45.375811+00:00,2026-03-22 05:06:45.375811+00:00
158be6fe-d77d-4473-9125-a34680ca86a6,8d65cf90-ed32-421f-ae23-a424d28e0d07,f2e6ccc1-92ca-492e-be3c-7b5425727be7,2026-05-07 18:50:20.154233+00:00,2026-05-07 18:50:20.154233+00:00
1c301be1-da1b-4a58-9468-aa85b9063751,439c53ee-2350-47e8-af34-0c9ee408142f,0e68b6e2-b39e-414c-a465-3d575fd6f7ff,2026-03-12 16:43:14.095394+00:00,2026-03-12 16:43:14.095394+00:00
96446e4e-14f7-4c42-9488-bdc642b61586,560eaddf-b215-4680-9d7e-85c3b8718bad,1d4a8b76-b9ea-4dc8-91b0-17f5eb7e74f7,2026-04-11 20:47:52.989423+00:00,2026-04-11 20:47:52.989423+00:00
49382514-896f-4263-bcd7-c2a6567fc5c3,36b309c4-a464-4ff6-908d-ee3b88b079d2,ba28faf3-afcd-4937-9d82-38504a2a5f6c,2026-05-08 17:57:05.933111+00:00,2026-05-08 17:57:05.933111+00:00
48aa22a1-a440-4cfb-a96f-1bcfb549ba14,05a52d34-5ed8-4741-aa04-a274925f71e2,ea82c7f7-b266-4ea9-b226-37a1d14c70f2,2026-05-25 02:14:38.895329+00:00,2026-05-25 02:14:38.895329+00:00
9f49a91c-061a-4c69-a3ed-ff9eb16225e1,e06a56be-822d-46a8-bfc8-9d5c02e438dd,2113e087-b3f4-44bf-b9ec-1c4e13b9dd86,2026-05-30 23:15:44.037719+00:00,2026-05-30 23:15:44.037719+00:00
242b2167-b784-4bcd-88e5-a63f6df0f722,b20ef481-70ce-4aa8-8606-03d6776574fd,05443833-be0f-4e78-91a6-bc71d46bdf6c,2026-05-21 19:47:06.312538+00:00,2026-05-21 19:47:06.312538+00:00
ab68f288-996d-4655-afb9-91f47db8163f,3f570b47-ffcb-4ec5-b573-0f3452af20e3,7270d12a-b27e-4650-8cdd-ceb0ad4a5bbd,2026-05-12 06:08:47.466387+00:00,2026-05-12 06:08:47.466387+00:00
5ba5354e-5620-4b56-8bc5-890d7a6074f6,b5f941f1-290d-4580-8d61-bc2746380677,2d29225a-d917-4a64-94e5-2162f583f947,2026-03-04 08:42:53.248183+00:00,2026-03-04 08:42:53.248183+00:00
8dd21d40-c520-4786-bd7c-8a5bc0cd576c,0f1ec42e-853a-4639-960f-97c2a7f11eb7,c23e1a38-4969-4e02-86dd-770767562412,2026-05-27 15:43:56.401757+00:00,2026-05-27 15:43:56.401757+00:00
202efad4-f5e3-4f09-9b27-f9ab1727db7c,0909b42e-a798-421f-afdc-f270bf2eb9ba,89b2b2ae-e3c6-4bdc-a62c-7f6a1b942bff,2026-04-28 14:33:52.220593+00:00,2026-04-28 14:33:52.220593+00:00
fb11e65f-2de1-4f8e-a471-2e9d1473dc43,b4874f58-a69e-4aa5-a4a6-7d7d8d6c5bda,8ade787a-48dc-4d4a-af2c-06ee710fb5f0,2026-05-19 21:17:57.914660+00:00,2026-05-19 21:17:57.914660+00:00
484939d7-1ff8-4201-b6bc-c8964de39f17,13d6b15c-d322-4ad3-b3e7-0e28b4bc6b8f,c212c07f-c64e-481e-aa91-28f2a4d75fcc,2026-03-04 03:04:13.312569+00:00,2026-03-04 03:04:13.312569+00:00
b82e7b2f-e95b-4131-8539-12c6230cd68d,d3b380d7-5a89-446c-b282-2a9dbb420bc3,b0faffae-a257-4202-a402-f7371ef9c28f,2026-05-10 19:29:20.728957+00:00,2026-05-10 19:29:20.728957+00:00
4a7943c7-eea1-4c5c-81a9-efc44b46e2c0,f4e31c2e-4de3-496c-b582-f57ea9c65469,5fb54817-41e1-4227-aa37-4a00e10b232b,2026-05-23 20:27:44.623081+00:00,2026-05-23 20:27:44.623081+00:00
15702955-923b-4ebd-abec-1adcc6b733d5,77c65410-f6d6-44c9-ab0e-2e505c1d01ca,2290bf3c-b3cd-4998-994b-6af6b4d5e7dc,2026-03-29 23:42:57.864258+00:00,2026-03-29 23:42:57.864258+00:00
76e0f666-55da-419f-9db6-98458520007c,fac2df45-48a3-478f-8c03-9e61c805a7c5,31e513bb-0281-4883-bcc0-0549003b3565,2026-05-14 21:28:16.966194+00:00,2026-05-14 21:28:16.966194+00:00
e467220c-8e4a-4cc4-b40a-67494c938814,7114a2e9-84e4-4851-8a59-24e8757185fc,61d2411c-a851-40e6-aef7-23f5564eb1af,2026-04-18 20:07:15.220944+00:00,2026-04-18 20:07:15.220944+00:00
a4791fd0-0aa9-4092-abf1-083f3759218a,dd466266-3da5-473f-8d76-51cb8b0f4b32,7cac8729-d2ab-4bda-a7c2-aef3b61a33c6,2026-04-28 21:05:26.432554+00:00,2026-04-28 21:05:26.432554+00:00
a7acd0e2-acaf-4db6-b8eb-ce656ffe482b,00289675-755c-4b36-aa4a-18a3e88872c8,52df1b5f-f79e-415e-8c69-2ef2f1b96d70,2026-05-30 08:52:58.929501+00:00,2026-05-30 08:52:58.929501+00:00
f2fb7c62-670f-4b8f-b45c-3f9d7285976b,86c336c7-3567-4cd1-8098-11e0fd0dcbdb,98a9e1dc-1674-455d-83f1-4bdb6d9d1f32,2026-05-26 00:21:12.529524+00:00,2026-05-26 00:21:12.529524+00:00
b23e6341-e3e1-47e7-9e4b-a6578fc66cc1,a8d52dc0-77e3-431e-83a1-93d2fb02c143,8ba72438-0104-47e1-b89d-238073d3c0f0,2026-03-08 07:19:05.139569+00:00,2026-03-08 07:19:05.139569+00:00
a32534aa-e561-46ba-a3e8-39ca98bf8110,70913108-6473-4caa-8c12-664f3d2de2c9,7d6755a7-123f-41fc-9a5c-f7d9adb30b58,2026-04-24 08:02:23.515286+00:00,2026-04-24 08:02:23.515286+00:00
b23af8f0-f412-4053-aa66-b9e9f2c54dc3,9842b377-c4a7-4db1-bdd9-2a3bc8614d5c,78293570-7d36-45bf-b0f9-324f1aceef54,2026-04-28 05:40:37.074732+00:00,2026-04-28 05:40:37.074732+00:00
7cf566f6-9af5-4dc6-b285-c3b54cc8d2a3,9d25f485-2ba8-4d0d-9f7f-97678c2e0638,c6aecb60-829f-4a2d-8833-223d28eaa207,2026-03-31 07:47:57.676800+00:00,2026-03-31 07:47:57.676800+00:00
59919a00-bcf3-4e38-b78c-b2a70e787a03,30606b61-7f03-4309-bf23-2ccad9d61222,a3eaccdc-55a9-4b2b-88e4-849c14e0f25b,2026-04-09 13:39:15.662403+00:00,2026-04-09 13:39:15.662403+00:00
7a6c869b-fe39-4dc4-95c9-eb31f774b826,83980afa-db57-4737-a4a1-b61c079fe9b3,97cab243-316b-40b4-9725-10802c4b75c3,2026-03-15 22:20:23.390463+00:00,2026-03-15 22:20:23.390463+00:00
38f7ee49-5064-4f00-9336-15f9a7a9d624,c2195f92-ca03-42c0-9de0-e1e71a4e587d,67dc192d-7142-47f3-9ff4-b29af07b3e8c,2026-04-12 23:45:53.690679+00:00,2026-04-12 23:45:53.690679+00:00
31b58eb4-4bb1-41da-b548-3efadff65647,eb68387d-489e-446f-a0bb-c6f78cb70179,d0b829a9-e3d9-45c1-8ba6-b424c228db8e,2026-05-27 07:54:51.425219+00:00,2026-05-27 07:54:51.425219+00:00
24d01525-4dea-4d95-b378-91e11adc1b9b,41986603-2185-4e06-8e8d-1ba7153eb3d2,f12fadb7-390c-4c8d-b5de-bef55865d8b1,2026-05-19 18:40:15.422384+00:00,2026-05-19 18:40:15.422384+00:00
d796d47a-9c7a-47c9-aacc-3dc8ced4cf65,e6005b1d-f008-4682-91bb-4fd7ba500698,ac4b3a25-0683-4f5d-b365-7b8c0c05866d,2026-04-01 03:14:28.594351+00:00,2026-04-01 03:14:28.594351+00:00
21e42e79-2fc0-4b4b-b244-70f605870cf9,170423c8-676a-4dbd-abd5-0093c439b777,c32af5c2-a802-47f9-9491-0fdf0e2bd531,2026-03-17 10:35:22.863528+00:00,2026-03-17 10:35:22.863528+00:00
940b0b7b-a089-4d92-8ffd-6ca534a3edff,920a8a58-afaa-4ef3-8bf2-9649130f6955,be719ce4-8a29-4e4c-ae6d-e62d8f857fb3,2026-05-10 06:03:16.213322+00:00,2026-05-10 06:03:16.213322+00:00
d8357f3c-834f-47be-a922-9b0c981e1c87,3965005d-1aad-49f1-9faf-e755280b5784,2b952ce0-e30d-4af7-8ebb-53dafd6740eb,2026-04-21 20:10:46.204645+00:00,2026-04-21 20:10:46.204645+00:00
410fa5ef-2a13-4283-a21f-db6433dbb465,8974a804-d221-4262-ac05-a79c65856ea8,cdd90806-b8cf-43a9-a2cd-389090308798,2026-03-10 07:03:15.093660+00:00,2026-03-10 07:03:15.093660+00:00
ad2eacca-bad3-4c96-bb99-ecf4a8a6d101,754b3984-9767-4381-a658-d7f4508ee749,595598a9-5036-4f9a-b583-36e985c073db,2026-04-04 23:54:21.338575+00:00,2026-04-04 23:54:21.338575+00:00
e5840a76-e518-4321-bb9d-cd0c3b28bfcc,ffd1a7f0-547e-4665-9a2f-64713f430b1b,cf20a3a0-3b8a-4636-a52b-e797eb7572db,2026-05-20 07:50:08.069533+00:00,2026-05-20 07:50:08.069533+00:00
f3723035-fdc7-4b3d-a938-cdf39a274cd2,d0256bd9-b3df-43fa-9587-64c978b15054,f3ea4f0e-eb51-4842-a903-68c6882b1bb8,2026-04-23 16:05:31.416474+00:00,2026-04-23 16:05:31.416474+00:00
4743390a-8ca3-49a4-a695-a719e05226c2,b8338d0d-8642-4f79-8a60-4d3d718a7ac9,34a99c6f-7261-4182-9bde-45a816122ff4,2026-05-02 21:40:42.876643+00:00,2026-05-02 21:40:42.876643+00:00
280be689-8dd6-4958-aed8-86503149e3fa,9a0d71df-d1f8-4ed5-84de-f49cafa85b55,1a16f5e4-e6cd-4164-b9ef-5216ad7e1758,2026-05-26 21:13:53.364582+00:00,2026-05-26 21:13:53.364582+00:00
687a2e1c-c727-4532-bab0-18a15767434b,ed95bc19-37ac-4dbb-b1af-e3079b3b4fbd,693af1b7-837c-437d-aa53-0fd456a5b8ce,2026-05-15 12:11:22.986771+00:00,2026-05-15 12:11:22.986771+00:00
201e34b7-f136-478a-b178-d2c100c6928a,6c87180d-ee83-4451-b1fc-c5842bbc3f7a,86c676be-9239-4449-b693-c12eca1aa36a,2026-05-09 23:24:00.998695+00:00,2026-05-09 23:24:00.998695+00:00
c2dba927-37d8-476a-9170-546d149e611e,a535f4e5-e6c8-4259-ba69-58231d97e02d,52ea9e6b-58ae-4d56-9e4a-2efa493f2938,2026-03-30 02:51:45.942713+00:00,2026-03-30 02:51:45.942713+00:00
4e96d874-c512-4cdb-9d65-73f46fff7ec6,0914b0fe-124a-4653-8c7f-6e679cb58a5b,6116ad9e-2c61-46c0-a85c-23e1e0f90615,2026-05-16 03:24:18.248243+00:00,2026-05-16 03:24:18.248243+00:00
ac050d12-769f-4e0b-9de6-567cecb4341f,8a2d14d2-70f8-497e-996f-033e8dbd97d3,6c6ebed0-4242-4c56-ab26-9272ecaac0a0,2026-04-14 18:22:27.782701+00:00,2026-04-14 18:22:27.782701+00:00
98812921-ae09-4e22-8f2a-f6a2dba0161a,8bc8712c-0939-4b4f-a9e7-4eb70f4984d2,328d1042-3b84-46ca-82cd-d22bb647d8b6,2026-03-13 04:32:50.058853+00:00,2026-03-13 04:32:50.058853+00:00
e64fdaeb-de15-4f98-8047-9b49528eeed9,3a940719-50a2-403d-af7d-4dd110b49be6,aeb3c56e-af6c-4257-ad00-50063bcd6672,2026-05-29 19:05:46.253613+00:00,2026-05-29 19:05:46.253613+00:00
cd7af503-a430-4910-96ac-4ddd52b950b7,31104fc4-cba1-4de1-bcf2-e2abb0d1db7d,abfbff8e-4f06-4a53-be15-752696784b77,2026-05-24 20:51:52.318168+00:00,2026-05-24 20:51:52.318168+00:00
2d29fca6-7cfd-43e7-9051-d75dde1ed183,2ac70355-b821-4323-bd12-481a4854e826,86d76aa6-607b-47fc-b171-f29d5599b929,2026-03-25 18:12:45.822082+00:00,2026-03-25 18:12:45.822082+00:00
52fcf2cc-c4b6-4b3a-8480-16a8e45b3baf,71fd7423-b60b-42d3-a22d-5ceda5f9b2eb,376ddffa-72cf-4551-92e4-d46ae5aa1737,2026-05-05 08:19:12.067422+00:00,2026-05-05 08:19:12.067422+00:00
fccc5d1b-54cd-482a-b391-56bdaa8771ae,23a4836b-a076-4fb2-b95c-fa6b09b4d3a7,a0954133-516c-425a-b11c-05b2e568e3e4,2026-05-13 16:47:03.108368+00:00,2026-05-13 16:47:03.108368+00:00
96146235-714d-4149-9fe6-f5bcd0f8c07d,f6d6f06b-4f2a-4b16-8750-01e2d3814b37,7e4131dd-9fef-4699-9d72-45632c9a0c6e,2026-05-27 19:19:44.838597+00:00,2026-05-27 19:19:44.838597+00:00
78871a43-c462-4203-bdda-294c41a839a2,3c20e187-53c7-4295-af97-468b1b707309,e1f3d381-10b7-410c-ae44-a60182fc7519,2026-03-24 16:04:55.900762+00:00,2026-03-24 16:04:55.900762+00:00
273087e3-3ee9-43d0-9145-9253dbd9619a,82f04b18-c751-4fe3-876e-87b869cf99b9,61697711-ad9f-4bf1-a2c3-5c551134e2bb,2026-03-08 11:47:05.836071+00:00,2026-03-08 11:47:05.836071+00:00
2a75a85a-ea0f-4d5f-a5f9-d662d30c5304,7b53dc14-0d40-4946-9ec6-207f982153b7,28408364-f6dd-4a7c-9af5-b10d128ffab4,2026-03-25 12:47:03.955976+00:00,2026-03-25 12:47:03.955976+00:00
4c215ae4-9ec4-4f8b-9c1e-5e2851097d04,7ed85aeb-b3d2-48c5-89df-e4576620cab2,33747c77-267b-4d1d-963a-6127bada45d3,2026-03-15 22:44:35.333807+00:00,2026-03-15 22:44:35.333807+00:00
3d2868a2-9a25-4150-88af-1f10b9bc418e,ae3068cc-833c-4683-a220-53788e5ee7bc,06d82bd0-9082-4919-a657-ef8699eb7f02,2026-04-30 00:57:02.884780+00:00,2026-04-30 00:57:02.884780+00:00
d9e7bccc-ac38-409f-b85b-aac56011301f,ce7a54f9-1a43-4f5e-8d73-b1f7d654f980,5bd2dc90-3da6-4ae3-9020-96eddd00bddd,2026-04-20 01:36:15.651913+00:00,2026-04-20 01:36:15.651913+00:00
eaf5bb3f-44d7-4ed4-989d-14afdce10f17,93c28292-acca-400b-baa0-6bc9041ae9b2,0e56ca58-3b40-4843-8d60-6543c06c01fa,2026-05-11 22:09:16.564367+00:00,2026-05-11 22:09:16.564367+00:00
71ee5dfb-5f8a-45c8-a1c8-a7f53044da2a,626c935f-89f3-499a-bbbb-11eda1f15256,f8935b2c-b0e0-46cb-893c-33744289df01,2026-04-11 04:18:58.176579+00:00,2026-04-11 04:18:58.176579+00:00
4e725fe6-0afc-4c78-bd0a-11f672af06cf,0c90b6ac-bb37-4d44-87a6-a7fc1c12c804,9ded0a0b-94e5-4aef-bfa9-3608655d0465,2026-05-08 18:41:12.039946+00:00,2026-05-08 18:41:12.039946+00:00
9135a384-0a99-4cd4-832e-3f53b6bbf361,1e838f58-1a41-4c41-b0ac-63680308a7db,c499dd87-0e78-4379-a070-70c6c5a36ff4,2026-05-09 06:03:50.982044+00:00,2026-05-09 06:03:50.982044+00:00
c3722c9d-c6cf-441a-acb6-0740a3419c88,a9592131-c17b-4193-b53b-bb05f77e5c8d,37621561-e432-42ee-a878-675229b22250,2026-03-08 10:38:22.239447+00:00,2026-03-08 10:38:22.239447+00:00
4b46e118-4095-4dae-a00d-3b2c72bde2ff,b8cb47d9-13f1-45a3-924f-0fa084db307f,77ff5503-b4e4-46b6-8c3f-f2bf411d6f5a,2026-03-30 17:34:56.280446+00:00,2026-03-30 17:34:56.280446+00:00
77ce589a-a01e-4d15-a797-e4cf0cd2926f,eaee4334-4ff2-4eda-86fb-bc1f1baf4471,d56c4e48-0fe0-4afd-a6de-b0c28c8e7972,2026-03-22 20:20:53.450921+00:00,2026-03-22 20:20:53.450921+00:00
ea8c03d8-2102-4b3d-b95f-8f3a92301a76,236152ec-b6fd-4e56-b4dc-ad99f1a0198a,73e059ab-74cc-4be9-964e-70384df1f676,2026-04-30 01:52:02.801845+00:00,2026-04-30 01:52:02.801845+00:00
aebaa32d-4dd2-4985-ae64-d390c57d6663,879d7fbb-2385-4477-a58b-4e9e1af5f135,5dcf5ff4-5e57-46a4-bba0-8c2e440d6a15,2026-04-10 20:24:50.077185+00:00,2026-04-10 20:24:50.077185+00:00
f48f03ac-9529-49f0-8b4a-04c1b9faf9a8,53dc786c-fa47-413e-897a-1fbaf0b60f59,0193374c-e483-4b05-a300-a9be3a80849e,2026-05-28 20:56:43.906474+00:00,2026-05-28 20:56:43.906474+00:00
2873dcd7-3989-4bf7-bf13-7a44d21b0cb3,c37c64cb-4343-427a-882d-07677298fb43,ae74caaa-6b1f-45f3-a2e3-bb5ad303bc5c,2026-04-03 22:23:57.954808+00:00,2026-04-03 22:23:57.954808+00:00
9a95fd78-822a-4624-b822-5a3fe3f4a9a5,d74ed1d9-cfd5-4a01-b254-1d569f7cb83a,314b1166-1c65-47e1-91fe-2c475a38083f,2026-04-02 09:23:25.834114+00:00,2026-04-02 09:23:25.834114+00:00
8619dd70-0a69-441c-99a1-4ced6d190ace,ac37340e-1e89-4712-b4a5-8dd07d45e173,a7411d30-3438-4d0a-a9aa-84799cdefa39,2026-05-30 14:23:55.750464+00:00,2026-05-30 14:23:55.750464+00:00
881ba3be-67c8-4510-af73-cba3a5641059,4060bbc9-796b-419c-a15f-a0c2f032bdb3,3fa37547-b2d1-4aa9-a0da-62b74b9b033e,2026-04-09 03:02:01.003248+00:00,2026-04-09 03:02:01.003248+00:00
f5753720-9728-4b26-b2d4-bf6f56bfc8f2,cdd89b9d-a11d-4c61-933b-3ea236ffaf1a,55dd9b61-3693-4a85-9338-7e3ea4898b92,2026-05-12 07:15:05.656325+00:00,2026-05-12 07:15:05.656325+00:00
3bf322c6-89a8-4487-8b7c-d2052ea9bd64,1bbe2b6f-2bdb-4364-97c5-b46ee01f9313,90cdd937-95af-4ee6-bfb0-26cd893b3156,2026-04-20 20:10:25.726290+00:00,2026-04-20 20:10:25.726290+00:00
e239515e-fac1-4707-9756-6648bf6baa42,0ede2c63-046f-413f-a513-855092664124,e32bbd8b-d115-4c13-956e-ed1c27635b73,2026-03-08 18:25:37.666588+00:00,2026-03-08 18:25:37.666588+00:00
26226ca9-55aa-4e1d-a1e3-43dd027191ba,a601db54-bdd9-4739-8690-25fc2540ebcc,546662de-14f0-4a4d-8f5e-471427a26d93,2026-05-20 03:57:46.754354+00:00,2026-05-20 03:57:46.754354+00:00
463eae80-e05c-4177-9308-787f12131687,cb76cc10-f695-413c-9cc2-139b9d6b0283,c24855c6-aca7-4937-86f8-ae5c6bac3d0e,2026-03-14 15:10:07.344038+00:00,2026-03-14 15:10:07.344038+00:00
4ebad249-2d77-4f7b-b9de-2238b3d29a76,9d6d6e2d-3cc4-4fec-b62a-76c01b535489,c076cbec-25a2-4cd4-a791-ce817ebbb32e,2026-05-08 06:01:12.420633+00:00,2026-05-08 06:01:12.420633+00:00
767c9851-c6d2-4834-9c37-32f9e3762e89,4bbaa438-e2bf-4e89-bf59-92c6826a9dbb,2ed96d58-7ac4-4743-9191-eda4c82f210a,2026-05-17 22:13:45.354565+00:00,2026-05-17 22:13:45.354565+00:00
e6611ce6-ad7e-4d07-9ced-bd903113b474,e7f482b0-4dd4-4a81-a2a2-bc73b7c41377,a96c2a7c-aedf-42ab-b72d-4c8d3a31ed9f,2026-04-19 16:57:53.163234+00:00,2026-04-19 16:57:53.163234+00:00
0e35bf79-8969-4888-b7cc-db83e9c6b896,79bb45d8-9271-4331-8939-67352c1e6923,4fe4552d-fa15-44d3-833d-7d7da456d3f6,2026-03-25 15:00:38.454928+00:00,2026-03-25 15:00:38.454928+00:00
514477db-9342-421b-9296-ed6fc5f4b1fd,e4250c14-4c66-439f-8858-7fb70722e088,4206bb55-e162-4492-9cab-f0f5465353bc,2026-05-29 15:04:51.113433+00:00,2026-05-29 15:04:51.113433+00:00
55c2ff8a-16af-4938-80e6-0762756b5a8e,73d2d8ce-2f5f-45e9-b3d5-732039d0126a,1d306a8c-ec44-4e13-8006-dd85c9837561,2026-04-20 14:41:42.034381+00:00,2026-04-20 14:41:42.034381+00:00
763c6764-9caf-4fb0-b0ea-a9f9acb15e41,9a7bc7ab-f60a-4d62-94ee-cbe2f3bfbf5b,941e85cc-0fc5-4873-b65c-4f90b275668f,2026-04-01 06:20:51.412736+00:00,2026-04-01 06:20:51.412736+00:00
8de6f6cc-cb40-4579-90ab-8fc393f038d1,e4472005-5f86-4281-85ae-306552dc113c,ed3cbc4d-7174-40e9-914a-3a0ce0e1b2a5,2026-04-02 19:17:34.569581+00:00,2026-04-02 19:17:34.569581+00:00
595b07c8-3ecf-4a4e-87f1-2bb3918488ce,d0d2eac5-515f-44ff-80b3-22e7405d1f3b,3d36940d-9525-430e-afdb-2fbd195e05b3,2026-03-18 14:51:23.623000+00:00,2026-03-18 14:51:23.623000+00:00
61cc67b9-5bc1-425a-bc11-1df1cff9b56f,5f26167b-2d3d-4a00-b3a3-48320c5f15f3,aea2fd8e-aaee-41eb-a2b4-0f9fb75cb803,2026-03-14 23:27:21.803442+00:00,2026-03-14 23:27:21.803442+00:00
70f6e33a-54f7-4041-b59d-ef4ae6f1b42a,214397a7-2c76-46eb-bdaf-ed6f56c2d2a4,2b3f1c98-bb47-4eae-b69f-43a419929a88,2026-03-25 15:44:41.275803+00:00,2026-03-25 15:44:41.275803+00:00
381193dc-5940-4ec4-b16b-fbdb3799f87b,35ae43b7-ae34-4730-b193-a96ffea98676,8be5ffbb-a318-459c-9b96-74ee449ac22c,2026-04-10 09:22:32.869911+00:00,2026-04-10 09:22:32.869911+00:00
2fe04381-a9b3-4b84-b54c-27b14839ce70,ae98d432-04c9-437f-b30b-d6228fe6714d,456cbc36-7d53-40dd-b316-09cd955692fe,2026-05-30 01:19:19.588746+00:00,2026-05-30 01:19:19.588746+00:00
568ae9ed-bb7a-453c-8392-dd6fed2475a4,5460ee5d-ad88-4d67-b5e1-6b2d4b064e65,5e00130d-72e0-4951-a338-d6eeab979729,2026-05-11 23:02:03.743080+00:00,2026-05-11 23:02:03.743080+00:00
23a076a5-5ec2-4eea-abe6-d521da538669,31993798-2140-4acf-aa3d-73dd6f34bdb5,2b518c6f-4ae0-4dff-ba22-0f26b0250321,2026-04-09 00:52:24.085392+00:00,2026-04-09 00:52:24.085392+00:00
690726d6-5bb6-4cdc-8bda-2544c6276bc5,fed69630-dbc7-4bc6-9aa0-6c0ff5f34a2d,200476f4-bc53-4d46-8782-a13ca6eb3cdd,2026-03-23 19:37:33.368843+00:00,2026-03-23 19:37:33.368843+00:00
47b7c90b-8a4d-423a-932a-385803fa8dab,a9bf58ea-9abb-4607-b63b-0bbbb6d3a2db,7ead0173-0569-48fb-a7c0-27b084e5cb52,2026-05-06 20:24:24.454186+00:00,2026-05-06 20:24:24.454186+00:00
9a0a706b-1186-4b8d-a2da-30d3e5cd9b67,971d6530-b92d-4581-8310-3b2509d776d1,2e3c32d4-97b8-4298-a1eb-7e80d0b16639,2026-04-15 19:46:32.965004+00:00,2026-04-15 19:46:32.965004+00:00
305d40c6-668c-475d-880b-297d2003caa9,25d6ab8a-3b2c-49bc-a774-826c29ad0d2f,fd37dc61-38c0-48a4-8e2b-e7ff40d2a345,2026-03-26 11:15:18.567387+00:00,2026-03-26 11:15:18.567387+00:00
88eabdf6-3b90-43bb-8289-be2789a7f623,ffa7f1ac-ca26-4a87-b5a0-c2c31926ceae,1072ef0f-924a-4dfe-9c81-fcefc1bea005,2026-05-07 13:01:24.182745+00:00,2026-05-07 13:01:24.182745+00:00
c4141a23-821c-49c8-b488-e545e0d9a8c0,07f2ae84-ade9-4251-8afd-89685b5cc7a7,90c097ac-034d-43b0-8213-7e879aa9fa16,2026-03-24 20:30:12.670832+00:00,2026-03-24 20:30:12.670832+00:00
11b6dd18-47bb-456e-a12d-161d93f27e7d,a9ccb9c4-9562-47bb-bf16-a09c9e52ff95,97bbcbc2-dcbb-4136-9922-a9e60c7e762f,2026-03-08 00:48:34.259454+00:00,2026-03-08 00:48:34.259454+00:00
71b6ac8b-fb32-4de1-84c3-86de683b4087,f85d28eb-4cb5-4e12-a70e-f1fa09f5213d,5e4baabd-494e-405e-ae37-af4ccf9b7549,2026-04-10 10:30:02.533512+00:00,2026-04-10 10:30:02.533512+00:00
27a4f495-a3d7-4a71-83ae-acae0fe81cf1,982e9fb2-dd72-497d-bb7e-988c675b151b,a04695c7-5d4a-4fe1-9595-b94402f9ff56,2026-03-12 23:40:45.734703+00:00,2026-03-12 23:40:45.734703+00:00
78842600-ae84-44d7-b698-f6e7e2dce488,7fb1ede9-c533-4c5a-9807-c4f4af9a9c6c,ab2511a7-2e0f-4e47-9f03-a68e3a23af0b,2026-05-25 15:36:08.965354+00:00,2026-05-25 15:36:08.965354+00:00
37a721a0-62da-42e9-8ea8-7372da44508a,6fa74856-14ec-48e7-8d8e-3cd36fbbff51,0ffec22c-5c39-4bd5-a4c1-b980bff4e718,2026-04-30 00:30:32.236934+00:00,2026-04-30 00:30:32.236934+00:00
40ca3575-0add-405e-8a49-754ddbae6282,7d8db0db-2337-4331-bc7d-73f81ee273f4,3d0e7783-46c9-409e-85d9-e5df693599c9,2026-03-10 13:17:06.864849+00:00,2026-03-10 13:17:06.864849+00:00
4f944f6c-0191-4fd5-9a3c-64f162ee5311,6329de45-8c6b-4e80-bad8-746fb8a58246,9b4e0234-e6df-4815-95ec-ec466acece4f,2026-04-16 01:24:24.617762+00:00,2026-04-16 01:24:24.617762+00:00
aac5247a-1203-41e8-b957-c40eda5c9124,7d351210-0751-4845-8960-72b904a5b79f,6ddcb4a5-ffc2-4475-b6b7-fc200bb62d87,2026-04-14 13:02:30.900892+00:00,2026-04-14 13:02:30.900892+00:00
711b751e-3289-47e7-81ed-551aaeddb8fb,acdc3399-8417-4908-8b33-666fe646d84f,e256efa8-390a-4b04-a7a2-334c3ef5366b,2026-03-20 09:55:34.908430+00:00,2026-03-20 09:55:34.908430+00:00
aaa26bcb-e860-4dbe-8928-7bcfcd58cc02,fb7c5a65-6bed-450e-a271-095096ce2a86,d3c85379-ce82-4fd7-8b09-ce25f24bb437,2026-05-18 22:14:31.883395+00:00,2026-05-18 22:14:31.883395+00:00
42347ae9-f80e-4ca8-b098-8a13ae4ffc36,7e4fca90-60b5-42d7-934a-23aae7153c41,86924fd8-cc34-494f-8b23-a8db7a4ec72e,2026-03-03 19:28:34.531400+00:00,2026-03-03 19:28:34.531400+00:00
36e82e1a-495b-451d-bac4-b0c50848942d,470f847a-b205-4c1a-ba17-936825dea4ea,98e7d5af-4254-42c9-8069-8a5889051c58,2026-03-17 00:51:03.532755+00:00,2026-03-17 00:51:03.532755+00:00
06f0ecbd-9a54-449a-991e-5c4ecf7381e7,b93c0ab6-57a2-43f1-9f23-83481d4ce67d,543371cc-ed48-4c61-95a1-c2164be58c9b,2026-05-30 09:27:44.771950+00:00,2026-05-30 09:27:44.771950+00:00
1447952f-4b2e-456c-ba24-b0367bc3d4a0,53b73154-117c-4fb7-a311-50df6ff32300,2dcf2232-5df6-402a-9667-609d6a1baa68,2026-04-21 13:11:15.242065+00:00,2026-04-21 13:11:15.242065+00:00
20cfd8e3-6e0f-4c1b-bd1f-3a632f4e0b10,753cd699-9367-41fd-b4e1-10cd193bccc8,41be28d1-52ff-4f28-8fa1-2458b327875e,2026-03-21 08:08:49.061911+00:00,2026-03-21 08:08:49.061911+00:00
8f23b611-5c4c-47ba-8a84-cb5c6047a3aa,ee2d8e8d-b109-4254-8ed0-4928ab5ac031,207de754-75bc-400d-82fc-6d090cd80a0d,2026-04-23 08:33:41.278913+00:00,2026-04-23 08:33:41.278913+00:00
2f9a7c91-47ae-4228-9e91-50aa1af1f780,ae0a9d9e-0c46-408d-8c49-7bebc87e2934,930b842a-609d-4c6e-ba7c-ee3a4f39d11f,2026-04-21 08:27:06.844017+00:00,2026-04-21 08:27:06.844017+00:00
afff0fcd-f06c-4a29-9c9c-9d9d0957c146,0f0f8370-2ea5-45a3-aedf-f2064502b975,d6f06e00-d564-4f5b-ab93-672870e30399,2026-05-16 05:49:04.743915+00:00,2026-05-16 05:49:04.743915+00:00
e13da9cc-b0d6-42f6-8aef-bd4a8c452ae4,10fbbb04-e796-48fa-8ff1-102141504223,75c1c77b-df3e-4609-a706-d282bb42760a,2026-04-04 23:27:35.779210+00:00,2026-04-04 23:27:35.779210+00:00
081545fd-2e05-40ed-95b1-16a6fa58a5d6,05ddbd4b-be6b-40b6-b8da-195bdc9353bf,64f55ff5-a170-47f3-b07b-35b9941703ae,2026-03-03 12:12:09.532139+00:00,2026-03-03 12:12:09.532139+00:00
d6383c9f-d993-4656-bf32-60c4c10066f7,abaf30bc-debf-446d-9fa6-be025bf05887,a3fb4e00-3b45-4618-a5e7-211bec097043,2026-03-09 04:02:58.406311+00:00,2026-03-09 04:02:58.406311+00:00
e6f301b5-1255-4baf-82b4-cf2cac1f5b87,174b30d1-802b-4108-8aee-d68d9795ef5d,0fd26d8c-14e2-4fb5-bdb1-176e0c13095b,2026-03-22 12:55:33.423283+00:00,2026-03-22 12:55:33.423283+00:00
3e8bd9b8-8f69-45f0-98ef-23ff87cfde69,ec613913-3367-4661-946d-9f5a77660f76,f2c5517e-0984-4f39-9219-64e234b6d2e5,2026-03-08 18:26:05.289754+00:00,2026-03-08 18:26:05.289754+00:00
c896ae50-abc5-4370-8b09-2dc3948afbcd,de027ef0-d3e6-41bb-8153-b30182738d20,39efbb6e-c7e0-4a43-b45c-515ba5c383e0,2026-04-07 11:44:58.644668+00:00,2026-04-07 11:44:58.644668+00:00
c8753b6d-5995-4a46-9468-e0ad09b99586,9992cbda-c01f-4757-b9b0-7a2479780c33,23ae7c57-b519-4bf9-a56a-da2ca16fd01b,2026-03-07 21:35:48.729724+00:00,2026-03-07 21:35:48.729724+00:00
095ea32d-303d-4903-91d0-ee8f15f6b70a,9ade4ed1-fe6c-4c09-93b0-ccd4fce3c2a5,c5309fbd-3d61-4093-84e4-ee245dcc0483,2026-05-31 20:28:20.234651+00:00,2026-05-31 20:28:20.234651+00:00
b76a36cb-1627-4c4f-95ef-c1cd0ad14282,43dcc5b2-2422-4092-9653-76bf62e66b72,57b846c1-be96-4dba-af61-5d59bc7b2ef9,2026-03-30 15:02:20.890487+00:00,2026-03-30 15:02:20.890487+00:00
eb7bdc15-c5fb-401d-8be4-7618e8f9e107,0e00fed9-63bf-4434-8659-605f7ba0e8d7,1f9ca4cb-ecc1-4ca5-a029-606003c2b472,2026-04-01 00:06:49.343084+00:00,2026-04-01 00:06:49.343084+00:00
c1f165e0-8654-42fd-905a-ed8092e9007b,ba968c5d-ec32-4040-bc3f-58c0692282d1,d2cb9a5f-6e2f-486d-800d-4083ef0ddf8f,2026-03-11 09:20:11.109849+00:00,2026-03-11 09:20:11.109849+00:00
7975668d-5f43-45e0-b8a5-723d9d3c0d51,f8d25b0a-55c5-4f99-8504-60f1b7162329,72ac3993-7bb3-43b5-85fc-6840e7bddd26,2026-04-11 15:42:38.663454+00:00,2026-04-11 15:42:38.663454+00:00
3f59550b-38e8-48f7-9563-852f83ea54ac,d73d5ae7-e7a9-4fd0-8ee9-9bde844941bd,7bee110c-229b-4783-812f-969187a41502,2026-05-06 09:51:03.979345+00:00,2026-05-06 09:51:03.979345+00:00
dc169c66-39d5-497c-9dff-5be6a8be5314,14c4a57d-4ece-4f54-bc29-b7b609eb1c28,68609572-996a-4cf3-a5c9-99a69c9e0fab,2026-05-27 00:58:52.115585+00:00,2026-05-27 00:58:52.115585+00:00
05621a5d-6459-42d4-a84b-6e7a90e44081,857d78b4-5b86-488b-ba37-cbd2778a6956,ac20900b-4531-4bcb-b559-13405eaf29ef,2026-04-12 13:30:57.568608+00:00,2026-04-12 13:30:57.568608+00:00
c29806ae-f0a4-4c56-b660-ace5b738bc92,664ce625-2ce9-442f-89d9-edd1cfc3dd9b,2fb78671-3458-4901-92a7-fcb5b83ca3c6,2026-04-12 18:51:55.386884+00:00,2026-04-12 18:51:55.386884+00:00
e5cab433-969c-4385-93c4-489f1980057c,aa44eebc-6e96-4542-a27d-fd9fe260e594,4e48a4fa-671b-49b9-9351-018f3c5356dd,2026-05-20 20:10:49.472819+00:00,2026-05-20 20:10:49.472819+00:00
bb0ae9cd-c06b-4091-9a5d-7bfb509ca512,87df0a55-7f6d-428f-9eea-37100ffc34eb,4c488456-9d98-4503-9dce-ba6324bd9522,2026-03-08 02:26:15.617359+00:00,2026-03-08 02:26:15.617359+00:00
66cbc96c-ea8d-4c30-9abb-05f86fc6ba24,0e749fe2-b044-449a-9918-2652d407100a,2defc69f-8388-4c5f-ab64-c756aa39f03f,2026-03-13 14:23:06.217960+00:00,2026-03-13 14:23:06.217960+00:00
05f89b5d-c29f-4248-a969-5475bcaf8d7d,ffc27718-4789-4856-b0a8-730223463040,c459e885-f63a-49cc-8eb9-8e852581b467,2026-03-16 06:23:30.176198+00:00,2026-03-16 06:23:30.176198+00:00
4f03a99d-620b-4270-913e-f27655e18193,2f3fd65e-2217-4e0c-9a03-9de598cb6213,ed58b739-55b6-4254-ab28-a84f737cff29,2026-05-08 09:35:40.718583+00:00,2026-05-08 09:35:40.718583+00:00
8624c8df-5422-4f9a-9e61-3c7c7276c198,1842ea23-7b54-434a-8784-807248f5ca26,04fef5e4-162e-46ed-b58c-640e3a60da43,2026-05-30 13:59:38.907006+00:00,2026-05-30 13:59:38.907006+00:00
4aeeeaeb-d88b-4dae-8a19-aa46370189d3,2cbf64d0-156f-4555-aeb2-d3699bd0ace8,474d639a-d060-4957-91cd-bc35c401cabf,2026-05-09 22:47:06.417262+00:00,2026-05-09 22:47:06.417262+00:00
d5ce2b41-b88e-4a27-8cf3-b19b0cb8e3ce,eb028845-e6fe-4221-b963-d07999bf06ab,1d3f506f-659e-497a-a904-b9e560b695de,2026-05-02 18:58:30.880568+00:00,2026-05-02 18:58:30.880568+00:00
cd878213-6afc-4a3a-8bd9-0302cc097067,ee624434-122f-4205-be22-aaa6964e55e5,4b4feb15-ad1e-4c29-906a-fc35138f2ca2,2026-05-24 03:50:51.548852+00:00,2026-05-24 03:50:51.548852+00:00
0c99dc2f-4fe2-4aa6-a427-c9b46f11dbc3,6a0caca1-df37-4467-b715-b73c5da4fc5a,e70f6d9c-9408-4d5f-a5ba-3632d7dd18a0,2026-05-05 14:55:35.416266+00:00,2026-05-05 14:55:35.416266+00:00
af644ae4-dec1-476e-99d4-f58059dbf22f,91fc0ede-9150-4c79-b26d-1331ce4cc5fb,1672d2a1-46c8-41fd-a7b0-14512b487ea9,2026-04-04 09:31:24.891862+00:00,2026-04-04 09:31:24.891862+00:00
f978b938-e329-4b68-bcf5-c3dd897670c7,db9fa3c0-ba0d-4209-a34b-4a962f77d712,3641645c-3f98-4f73-95be-9c6c525f8fd6,2026-04-29 15:27:33.190051+00:00,2026-04-29 15:27:33.190051+00:00
2f404769-36aa-480a-b7d0-6e1970564b4f,87c4fc8f-68c9-4288-b126-f585f21dbbec,07c26b10-ed83-4eb0-9b44-31a66b90e250,2026-05-04 09:55:07.591002+00:00,2026-05-04 09:55:07.591002+00:00
34dc6838-321e-4aef-9c0b-0e7c7070a9a8,ef0dca2d-5e71-4b37-8cc6-0e2944795ff2,2812ca73-a4af-4374-a5ff-8c8e7e75bf03,2026-03-30 17:44:26.201410+00:00,2026-03-30 17:44:26.201410+00:00
6ea83eee-766f-48bd-ab9c-48ac3046c280,dd431781-84f8-4248-94d9-e49d3f93ff23,8a1ddfb3-7702-48db-8ac0-0be1cf3b416c,2026-05-08 17:09:05.118857+00:00,2026-05-08 17:09:05.118857+00:00
854ea91a-7a7b-4554-aa41-592c2643c054,13d14569-f0e2-4329-8e55-020f20554f80,20223ad7-e4b3-4ce0-9beb-81b744630971,2026-05-19 11:29:02.348439+00:00,2026-05-19 11:29:02.348439+00:00
265f507b-a3e3-4f43-bfc9-a116c71c2d84,a8b3e934-f961-4aac-816d-63a3c49e1827,8ed3ae4c-007a-4523-95ae-a87632ee65df,2026-03-12 01:39:02.865709+00:00,2026-03-12 01:39:02.865709+00:00
2d90d8a1-1d67-4d2b-81f5-73965991cdff,6d561ab9-e36b-4e37-a1f0-d4c5c95049d3,94212d7b-664f-4da5-9346-6e4e6ee1f496,2026-04-15 06:42:26.371898+00:00,2026-04-15 06:42:26.371898+00:00
edd34ed6-de39-4af9-9075-1e9648a19212,d34631c8-514a-48ac-9e2f-971dd30dcdf7,cdf88efc-1eaf-4f44-a1c5-bbeff9c1d56c,2026-03-06 08:26:25.489115+00:00,2026-03-06 08:26:25.489115+00:00
45e5fc97-4d6f-4c62-ac22-f600d5864622,48de2470-a0d9-4768-8c74-524657b2044d,16ded544-36c3-44ff-93eb-0b0ea077d69c,2026-03-17 19:01:04.604907+00:00,2026-03-17 19:01:04.604907+00:00
ed3aca80-fb2b-4e43-8be9-a0440eaf0557,b02f4742-beef-4f1b-a621-65a833eb3a8e,79001426-84ae-462b-9945-de491cbe1bd5,2026-05-24 18:13:10.659446+00:00,2026-05-24 18:13:10.659446+00:00
459c6a75-ee50-4658-951e-d71a6982a6ac,c4c6f05e-80aa-49eb-a62d-94b177b61af4,69f0c2bb-c4dc-49a2-87b5-5994cd108628,2026-05-05 14:44:01.281174+00:00,2026-05-05 14:44:01.281174+00:00
ba8ba31d-367d-4e66-8253-493a883561e6,a9c24af5-b505-44f5-8951-b5d4cb12c14f,1ebbc4f5-8ed6-4949-bea0-f843efe9d2f7,2026-04-24 20:03:39.223874+00:00,2026-04-24 20:03:39.223874+00:00
a971d0e5-3b32-41bd-a5f1-dccf71a97c47,ac8520c2-01fd-4a26-9dc6-4452ac432d4e,21c3b074-2ab5-4166-bb4b-545bc93c9c7a,2026-03-31 11:21:03.998298+00:00,2026-03-31 11:21:03.998298+00:00
6296aca5-c97f-46bb-bfa6-2118a2aa16b6,78a9d80a-266b-4c0e-b311-560aaf084785,26c31709-45f5-4594-9db5-2dd78c225d11,2026-04-29 00:06:01.264953+00:00,2026-04-29 00:06:01.264953+00:00
0a8dd946-c082-4b30-bdc7-1921d0c18b33,749741b0-f27d-475c-a142-535ba7b3c9d1,52ba9c0e-7fc9-4b05-bc60-1a0a2bf73607,2026-05-21 06:29:46.598742+00:00,2026-05-21 06:29:46.598742+00:00
dad4776e-150f-4dfc-97dd-f1dfb8630ff9,4252d94f-5e3d-4ddb-aee4-7b3415047cd9,fe600264-96db-4e13-bed8-4b40ae43dd57,2026-04-14 03:08:27.337787+00:00,2026-04-14 03:08:27.337787+00:00
50709e15-3900-4df2-8a0b-c0f272d3d955,39e5be6c-8a49-434b-b3f9-b01427dcea93,76b89c2a-9667-4f1b-998c-1a18b5ae625a,2026-05-17 23:03:28.062901+00:00,2026-05-17 23:03:28.062901+00:00
c458d848-59e0-46b3-a454-17730c441fbe,1621493c-2944-41d7-af2f-8ae5db2a5be1,a0cd967e-cfd6-433d-a5ab-e86937d17ac6,2026-04-16 01:12:53.473910+00:00,2026-04-16 01:12:53.473910+00:00
88a31bca-1b38-416d-8270-fb36269fe255,5ad74f59-2616-4666-a2a4-b5435311f7ad,1cfedc8d-6bd1-4ba7-9ed9-95156fd31479,2026-05-03 06:40:06.704196+00:00,2026-05-03 06:40:06.704196+00:00
4effd5da-a7c7-4f14-a10d-0a95db7e010a,f6e233cc-994a-4a4d-b28f-9ee4959b3977,2fb2a330-e356-4bf6-b85a-a4a07903980d,2026-03-09 23:46:08.448784+00:00,2026-03-09 23:46:08.448784+00:00
a55b221c-74e5-4a91-bbdb-c28cf09fe608,b94bd2d1-94fb-4742-b02b-17b6ed57c495,5ac6a248-ccaa-4b5b-80b6-61efa68ea480,2026-05-21 04:13:55.319141+00:00,2026-05-21 04:13:55.319141+00:00
71ac6ab7-a336-4cd9-b28f-56a149b8f263,46be1255-a3b9-4908-97c4-2fd4d19585a0,fb732006-3496-4270-a9eb-675d7ab9a585,2026-04-26 11:49:20.109155+00:00,2026-04-26 11:49:20.109155+00:00
e3dc8566-5cc5-455c-9aa7-8cfef5106b3b,59f8c464-e7b9-4ae3-b256-13d083ad8a8e,a955af76-acc0-42fc-b755-c4438643b7ec,2026-05-14 11:24:44.426789+00:00,2026-05-14 11:24:44.426789+00:00
0663861b-f8e5-4e35-874e-1eab2c5b0667,a99cd749-bdcb-4f51-9040-f9b36b0e22e2,e0057833-83f8-46e3-8de2-009cb5858028,2026-05-16 06:54:53.876536+00:00,2026-05-16 06:54:53.876536+00:00
6b6588be-b112-4d11-98a8-44832a6dadac,d992b7d2-12ca-4194-95ca-18554a9c69de,037ac5e7-0597-48e4-8d2c-b9e28ea55713,2026-05-25 00:38:54.633748+00:00,2026-05-25 00:38:54.633748+00:00
516711ee-961a-4f6a-9cd8-5dd32cde3058,194537c2-17ba-4124-83d4-7a8edb3a40fb,5f3c49cc-2861-4c89-99a5-745df366de0e,2026-03-26 19:08:35.031368+00:00,2026-03-26 19:08:35.031368+00:00
a34f482c-20f1-4671-bf9e-1ed4fe295e3d,6726fe6a-d3a7-4008-a30a-feb0b2cadbcf,5c098028-4b09-4c16-88bd-658ef3801a41,2026-05-15 02:49:34.503898+00:00,2026-05-15 02:49:34.503898+00:00
c7c8ba77-70ef-431a-9aba-7156472a5e40,1a140f4c-57e9-4cc8-af16-841fc59e8185,27cd8a3b-33c7-466f-a901-53efecd034ff,2026-03-18 09:20:06.687601+00:00,2026-03-18 09:20:06.687601+00:00
e173e2ef-555a-4034-8d52-62864da98c2e,d40dc2c5-a88d-4065-bbc3-165a67b704f9,7f818b26-3c82-4191-a4fc-829e282d2a0e,2026-03-14 14:55:33.904325+00:00,2026-03-14 14:55:33.904325+00:00
ca30797b-c28d-4b0b-b634-566e1d4f3d1d,cf799ae0-7518-4c81-8777-dd5fc9cbb037,463313e7-6c7e-48f3-b3da-a25455b76088,2026-04-05 06:45:45.401896+00:00,2026-04-05 06:45:45.401896+00:00
c53da1a0-aa7d-492d-b105-322db489a45e,d60114e1-68ad-45a7-bda3-6af21e34bb7c,127256b6-7894-475d-a865-d9bd90fddbdb,2026-04-16 20:55:42.039138+00:00,2026-04-16 20:55:42.039138+00:00
98ce89c4-6764-4282-97f4-cad5260088ef,1155d0a9-d613-43bd-bdde-f043cbbb30a7,d52e9aa3-cc6a-482a-a16d-4ceceb933764,2026-03-28 12:33:58.205302+00:00,2026-03-28 12:33:58.205302+00:00
018154a8-41b2-4055-b73d-a00ed1352959,8820ac51-c02e-4392-b2dd-8580db7bda4b,a7d3a06a-6643-4f2d-aa1b-12ab2a9570fc,2026-04-18 03:09:33.324293+00:00,2026-04-18 03:09:33.324293+00:00
ccf60e10-e62e-4f7c-89de-1f7a0c149008,7e952b71-9c8e-4eee-b9e3-6821290c7048,074f8bab-21bf-48fc-b063-a6dc5bf0ce51,2026-04-14 09:15:03.405335+00:00,2026-04-14 09:15:03.405335+00:00
405a4722-72e6-414c-905f-9d4ef8ad55ed,a72333a7-7304-4372-9d55-5b4014468e62,7aa6dde9-6c2a-4495-9081-72d7f5341487,2026-03-07 23:09:17.422096+00:00,2026-03-07 23:09:17.422096+00:00
7e4a1ebe-25ea-49da-93cf-d9ae699e282a,93118b2d-6966-413b-927d-3a027eda8149,09df1bef-c90f-4d8a-a386-a16d04136885,2026-04-03 17:49:00.833756+00:00,2026-04-03 17:49:00.833756+00:00
42601e89-1199-4cb5-b8be-09b0a4a830bf,b1077eab-f068-47aa-8240-e29239d77bcb,c54c380e-ec54-4d06-a708-bc792f849612,2026-05-29 20:01:56.870267+00:00,2026-05-29 20:01:56.870267+00:00
55606962-8091-499c-8cc8-5890a8aeebd4,f7ee5c1d-d96f-4739-907b-b010b530df52,10b44527-3939-4102-9b5d-c1a3714ec4b9,2026-05-08 03:27:36.436134+00:00,2026-05-08 03:27:36.436134+00:00
edcbb282-4744-4082-ac36-b7e51df28e9b,978131fd-0943-4eb7-9c1c-51436b30653a,c14eb737-4810-4290-972d-cbae89298aab,2026-04-16 17:19:30.124330+00:00,2026-04-16 17:19:30.124330+00:00
2962e4ec-0909-40e4-b4ae-4858e0b67ae1,299d7e0a-46a0-4395-90a1-3532d43fec31,3cd1559a-a308-4370-a6db-146dd1ccf87a,2026-03-03 23:56:21.599262+00:00,2026-03-03 23:56:21.599262+00:00
172ad4f9-b892-41b5-9b99-560dbf2c4e0c,a4c551d6-e38d-4938-9e97-ea6fe5c11255,022cca8d-def2-4d0a-bef4-b5a0051345d7,2026-03-25 08:46:02.024050+00:00,2026-03-25 08:46:02.024050+00:00
f1abc866-651c-453a-805e-0f10ae4c2b94,b96beceb-bde1-4bda-86e3-0d942df1056f,9cda5fd1-4718-4778-82e6-8f1a329b3ed9,2026-04-01 00:00:25.821347+00:00,2026-04-01 00:00:25.821347+00:00
2e513392-86a1-4674-bc82-3c5b6f7798c1,c27e2c7d-2a44-4280-9df0-e2a019f665d7,9a2d7280-af9e-49f2-a41f-f0efa277a537,2026-05-20 06:18:34.892887+00:00,2026-05-20 06:18:34.892887+00:00
a3d71dca-e12c-449c-ba7c-3544b3e09d63,d915821a-d46a-41c3-ab97-b58530519449,71ed7815-f208-40ff-9687-c8a25c540eaa,2026-03-06 14:34:14.576622+00:00,2026-03-06 14:34:14.576622+00:00
2d8ba8ed-3980-4074-8a25-d35170eafa99,44278489-fb42-418b-a246-bf2a32caf546,7b9020e5-5eb3-47fd-b9d8-c4d8311536a6,2026-05-30 03:29:21.875457+00:00,2026-05-30 03:29:21.875457+00:00
92572b6e-b71f-43fa-a9c8-4597d74e455d,7daefad5-5130-4cbb-ad78-f68e4912516f,ad0afc1a-68ee-4c9a-9837-260fc535f329,2026-03-11 17:23:01.444193+00:00,2026-03-11 17:23:01.444193+00:00
4591f771-21fa-4b3d-98df-415bbec49fdc,b400d365-5263-4b7a-ba5f-048d1cbf0c91,ad3612bf-214d-4883-851e-4f2154e0fc2c,2026-05-31 18:15:00.239349+00:00,2026-05-31 18:15:00.239349+00:00
7b7031a5-8c6e-4444-9bf8-05711fdb7483,74de1999-34fb-42de-9b9b-8c6b393884cf,56814276-158b-44d8-89b8-7c8bbb6c9466,2026-04-25 02:07:13.073032+00:00,2026-04-25 02:07:13.073032+00:00
3269cf2b-1451-47e0-812f-23c3ea013066,02e82678-0f08-4575-891e-2d4d9392a317,d5aa5a04-accb-4dcf-86cd-234d090ce17a,2026-04-20 18:42:30.552325+00:00,2026-04-20 18:42:30.552325+00:00
e34ad28f-9430-4683-b2e9-5abc75c523aa,5b70c3e3-b5d4-44dd-bf1f-dcd9bf73c6e0,4c4fae02-9ff8-44d8-b822-eecac5ed65b9,2026-05-28 12:17:11.517370+00:00,2026-05-28 12:17:11.517370+00:00
fa771290-b7a2-4557-9467-bccd312a9891,99e014d0-013c-4c3b-aa7a-f1b2df4b57fb,0544e9fd-3987-4f8c-b3d1-9c4b420675d4,2026-03-13 09:27:00.948182+00:00,2026-03-13 09:27:00.948182+00:00
32a1d550-51f8-41e7-888b-e8128c3ae0b8,086b15cc-d551-4743-8dc8-aefeb5ee0776,09a056d6-6486-4f41-8df9-f725ca3946d2,2026-05-19 18:44:23.833674+00:00,2026-05-19 18:44:23.833674+00:00
0292904c-9d04-4b25-a5d7-e7b63cf4f5d3,b815b06c-92b7-4630-9663-e1d7f5ae6277,f5fc84ed-6d29-4c84-9889-d5499fcbcd77,2026-05-30 02:51:09.497553+00:00,2026-05-30 02:51:09.497553+00:00
022a645f-5593-4bdd-ad78-9cd1dcfbd508,9dd53ad1-8ffa-450d-8357-0cd26e960415,2dad9ae1-8b58-44c5-a836-27b8baaad3ab,2026-03-05 18:53:55.117617+00:00,2026-03-05 18:53:55.117617+00:00
4450bdd5-4d45-404a-ad79-88b303fe55f8,18dfa15a-f8b5-418b-80ad-dde4bdec317c,6c2ad2b1-d9e0-4809-b2e3-54127ab708fe,2026-03-03 17:32:00.447264+00:00,2026-03-03 17:32:00.447264+00:00
95ed0992-4e4c-460a-b78c-19fa7f0ef3c2,8f96bb91-1177-4251-b742-d6acdf794e18,fa6e4cd5-c959-412c-8434-45d0c53d2239,2026-05-17 15:17:01.005502+00:00,2026-05-17 15:17:01.005502+00:00
ae3a09a4-1573-4f0a-b987-be55a0a9557c,d66c1d8d-d8cf-4897-8457-934fd9583915,2d77fd6b-1f15-4fb9-8898-de0e8d983f3f,2026-03-06 17:31:13.121638+00:00,2026-03-06 17:31:13.121638+00:00
d188596a-93ab-4e16-b1c6-304775856200,a73c53ba-d1cc-4c02-8ee4-2c3a5eaf9863,c0f90a11-a6a7-4f75-be8f-d29c661d8927,2026-05-19 16:49:32.748808+00:00,2026-05-19 16:49:32.748808+00:00
695a3303-757f-4feb-bc28-1b48b955e409,6a6119d1-e7fc-4f4c-a3cd-cab40b49d4f6,06cc36cc-ffb2-4fff-9d1a-a3abff8aa9fc,2026-04-24 20:09:16.672330+00:00,2026-04-24 20:09:16.672330+00:00
4018a54d-7093-4563-9b1c-65f08376fba3,3da34725-f0e1-476f-a086-ff4926f93a69,56ecfff7-d64a-4e51-a912-7b09e442e1bf,2026-03-03 17:43:02.046484+00:00,2026-03-03 17:43:02.046484+00:00
225c3476-3243-4ad8-ba65-861c7eaff353,2fce39c1-9fc1-468a-b1b0-d8be9339fc18,d60fa0f5-6a0f-46bf-9f0b-257d4b53b53b,2026-03-03 21:59:33.339534+00:00,2026-03-03 21:59:33.339534+00:00
f1cb077c-4ab6-493c-8870-c2fb824b5eed,b8d971a1-7453-4ed4-b0d7-625d324840ea,16a65e39-f1c4-4bce-81e2-f6b63b4eeb78,2026-05-16 07:11:52.044983+00:00,2026-05-16 07:11:52.044983+00:00
3276005d-dc20-4a62-a5e1-72caa6252530,81cf78b5-8763-400c-a161-000eeddd2e95,ab8a5e57-3efe-4fc5-93af-8aa1aca873eb,2026-04-26 15:37:08.153287+00:00,2026-04-26 15:37:08.153287+00:00
ceb9e729-1ae1-442f-aa60-fa7e7f962089,a08e8cdd-810a-4686-b739-8267cede39a3,e6a4ee9b-0f83-496e-b69a-76b429f91f17,2026-03-25 18:54:07.943735+00:00,2026-03-25 18:54:07.943735+00:00
b5597e91-f284-40fe-a5f1-aac9f0125a74,e745bfcc-f1cd-4793-9cb5-176783a3708f,0d6874a9-9b9c-400e-8144-a095e7480b76,2026-05-27 10:48:19.016688+00:00,2026-05-27 10:48:19.016688+00:00
7b6cdb91-5db4-451e-bc2b-b8d2aa84c42b,7a09065f-a59e-4fcc-91a6-006105ebedaa,524f19cc-706f-415b-a254-c235cc0fc616,2026-03-16 16:01:33.583391+00:00,2026-03-16 16:01:33.583391+00:00
d56d635c-7c83-4a9a-9259-0489b8bb1dd4,28a45e1b-21e7-47ec-968b-9e5bf6c81749,d230ba83-1152-4147-b0f8-df988fee7670,2026-04-22 23:01:04.867269+00:00,2026-04-22 23:01:04.867269+00:00
30eda97b-2886-4632-9b94-06994effea6c,7a625c24-2f0a-423b-a7e2-ed7f842ed69c,2e296c20-b8dd-4a3c-89a8-0a047355cc34,2026-03-08 13:23:29.205821+00:00,2026-03-08 13:23:29.205821+00:00
7cd3174b-83fb-474f-8e84-5244983d4662,d21aa378-d048-4226-ac01-c9953ba79dbf,2b0bc225-30cd-48eb-a7ab-524c58436132,2026-03-14 07:46:16.726031+00:00,2026-03-14 07:46:16.726031+00:00
782562aa-a490-48e0-bea8-10b0cf598d69,9991c1b8-13f6-44e2-82d5-185fa729686e,baf1ccce-2bae-4cba-aeee-af861b89b682,2026-05-05 13:10:12.284033+00:00,2026-05-05 13:10:12.284033+00:00
35cdb2fc-faf2-471d-877c-975c855ca472,29c08387-1905-4a61-ab81-a9128c0465a0,f868227a-864a-4527-9758-516c5f7c3642,2026-05-12 00:32:01.436851+00:00,2026-05-12 00:32:01.436851+00:00
eedfe99e-ac40-40b5-94d5-8936bb1adcaa,f00b6cde-b488-4350-b21f-3daaafd406fd,f1570666-be4c-404a-939a-898a057d9ed1,2026-05-16 04:48:39.614555+00:00,2026-05-16 04:48:39.614555+00:00
c3d6151e-f4fa-4036-be20-c2e0d60cf073,9861197a-bdfd-4eea-b267-e66b0e1b89b8,9c4f9311-3479-4892-80ec-e255f1047d4f,2026-03-10 09:34:13.275868+00:00,2026-03-10 09:34:13.275868+00:00
a6257662-8634-46f6-b1d4-01c7fe859494,39633e72-d054-466d-9933-e2cc2a0201a6,ee7c5dc7-f224-4575-8e80-8db45886c08b,2026-05-15 02:51:13.568606+00:00,2026-05-15 02:51:13.568606+00:00
41e51bbc-b15d-4c47-9d95-0fe011b2654f,2d169432-71e2-4142-8597-03022d4283e4,14e4059f-27d5-49a6-9272-f8d851aea4a1,2026-05-19 14:44:21.987866+00:00,2026-05-19 14:44:21.987866+00:00
1ff80762-2bf1-4814-b819-7b7e938721cd,f49d162c-61c9-4d0f-aa24-1f71f6f8553c,20c9f91b-11ca-44ca-888d-8fbb77de1196,2026-03-30 03:02:20.416606+00:00,2026-03-30 03:02:20.416606+00:00
aca1e49f-ee42-4a1a-b20d-6ebfca89cb4d,81ae9129-d772-4e19-81d6-b41635759bba,f47caa44-da7e-4d9c-a39a-a1f32dde23c4,2026-04-12 11:08:44.200257+00:00,2026-04-12 11:08:44.200257+00:00
84ceb735-6c72-48cb-b0fe-7543aebc199a,a95fef1e-b7e7-4525-8b43-5c7e104527f7,0857e008-6b30-4921-8da0-3699872c0951,2026-05-24 03:25:11.145005+00:00,2026-05-24 03:25:11.145005+00:00
addb64fc-d600-47bb-b83c-ca6a74e4afa4,797998ff-1f28-400d-bd56-e98311dbb0b8,c5c2cfc5-8ad4-41ad-b695-5bc99e5ccd94,2026-04-04 01:14:04.505555+00:00,2026-04-04 01:14:04.505555+00:00
28e388c3-705d-4526-8985-3d701b743cf0,ba847950-e553-43b8-94c0-33b59fdec52d,1bea3a9d-ecc9-46ba-8c16-8f14cbbecb9c,2026-04-10 09:55:51.878872+00:00,2026-04-10 09:55:51.878872+00:00
2c474eac-e390-41f3-9e25-dece9a1c4478,1d946950-e878-476d-a572-981231dad286,0ff9fa6d-6c59-46d1-a896-3819b9be690c,2026-04-24 00:02:56.197405+00:00,2026-04-24 00:02:56.197405+00:00
49e73ee8-f527-4469-9a6f-e78850da5889,37f6081a-1846-4958-ba66-58b9625593c9,73ae3627-70e4-40b1-83bb-a3877b870849,2026-05-05 07:21:11.642924+00:00,2026-05-05 07:21:11.642924+00:00
2fdf7b03-faa0-4dca-b6cf-737489e33a88,559e6c09-3e94-42f4-840f-b912284547d2,1e3b4f07-83b4-408e-afc2-e0d394ec99d9,2026-05-27 04:07:57.150918+00:00,2026-05-27 04:07:57.150918+00:00
00196df8-d6f2-4272-b563-0e2889106398,9468b9cf-6f4d-4796-b88c-7c2ef25b6677,e1eea9b5-875d-4fbf-8f62-6234fb8141ae,2026-05-06 03:16:32.334694+00:00,2026-05-06 03:16:32.334694+00:00
567f92a1-a121-43c6-b179-e2330ff18d4a,efa23bcf-54bb-405a-81a9-ccee7767ad6d,56ecc3b5-d484-4945-baf5-a6eabd5be329,2026-05-09 09:57:28.288220+00:00,2026-05-09 09:57:28.288220+00:00
226a9f96-2031-4eed-b06d-40e80b73b504,6506e7c1-bc31-458c-b384-4f46576148bf,ec34ef4c-723b-4dbd-adba-0b513325ce05,2026-05-13 04:11:24.224841+00:00,2026-05-13 04:11:24.224841+00:00
7b8f7b7e-bdf3-4abf-902b-55faf12ec5b7,5cb5ff1b-a204-4ad5-b71c-e01da7ea63bd,71ba2724-01d9-46d6-bc0d-50893ef1aa3b,2026-05-01 07:45:28.459440+00:00,2026-05-01 07:45:28.459440+00:00
2763c1b7-57cc-4faf-9d97-74f523bb19ae,2066ea95-be7d-41ea-a370-3a9ae333f87d,9521d990-871d-473c-851e-ce53e67f0d6a,2026-05-01 19:48:05.756859+00:00,2026-05-01 19:48:05.756859+00:00
8cac8ea4-b1a3-4bad-829d-3566fea06c0f,1711e295-35e5-47e3-b641-4b982ba02b35,71e0e864-1d24-44cf-be35-521fb8a9e1e8,2026-04-20 10:51:34.934983+00:00,2026-04-20 10:51:34.934983+00:00
c6ccfd3c-3d3a-459d-82ba-0ba8a9f80127,1311766a-4276-4916-9369-e6dfb2f8eb30,b2a5c66f-4c1b-4a48-aeaf-7e3a5c8019cc,2026-03-09 16:49:56.918620+00:00,2026-03-09 16:49:56.918620+00:00
a37cbd3c-742b-4353-a7fa-b3bacc774846,a22bde92-3fae-4eae-aa53-cd43a3de9a08,2c53b7a9-53d5-4ede-b5b6-bbf2c11f7b2e,2026-04-16 01:06:01.824996+00:00,2026-04-16 01:06:01.824996+00:00
ca2ac61c-ba8a-480e-8dbd-c3ddefd8fd64,6224559e-8855-4e4c-bfaf-f46962a5a937,c081e060-e282-47df-86df-24bebdbf8ea7,2026-05-21 15:55:12.210765+00:00,2026-05-21 15:55:12.210765+00:00
265817a4-d16c-453c-8c14-5f39da2ada49,7361be02-8903-4403-972b-16fb672f41b9,e593e656-ba1f-49f9-812e-e9a38b9a3787,2026-05-06 18:53:51.841615+00:00,2026-05-06 18:53:51.841615+00:00
32cad95a-7f1b-4f7c-901a-a13f3395524c,196c8ec4-bef7-496a-af49-40bd0de55ab6,1a680d62-2774-4ba0-a419-3be88f59f5b5,2026-03-27 03:24:19.081398+00:00,2026-03-27 03:24:19.081398+00:00
f4b663f4-5130-4ae9-bff2-480a41c3fae9,febe8e51-7e6f-4cc6-9af1-283624e299dd,ad0a433b-7386-4139-8da7-fe18e62a6581,2026-03-15 21:24:52.435290+00:00,2026-03-15 21:24:52.435290+00:00
cad1af87-9430-476b-8c54-bcf51a4178df,88268b80-5b70-449f-a2d6-4711dcd86dd6,872d910c-cd37-4f62-a8e3-48f51d85ed5a,2026-04-10 01:42:05.006977+00:00,2026-04-10 01:42:05.006977+00:00
f7fa181f-e49e-4fde-9d5f-cb18e9de8219,fa0ea850-46a7-449b-8c8b-29b41e4a3970,8066d3d3-d115-4e15-9141-076ed98fc99e,2026-05-21 16:07:20.602789+00:00,2026-05-21 16:07:20.602789+00:00
9ea47d27-22ab-45cd-8571-c42d6487ca99,fdd66a96-9aed-426c-9c82-2025d2a76c7e,63b63a59-beba-4b00-97fc-d1820baec058,2026-04-03 17:29:08.930110+00:00,2026-04-03 17:29:08.930110+00:00
a8fc69f2-f933-4798-85e3-9a39528a0153,1e5c037a-e3e6-4533-98b2-4677b7f2bed3,a2a19b17-7fed-412c-82e2-4fd1da7102bf,2026-03-08 07:31:58.100843+00:00,2026-03-08 07:31:58.100843+00:00
5950049a-8c6d-40f1-b765-b89e8a12883b,e30e7c80-4faf-4000-89f3-4db0074d4d71,0fa18e02-419f-481d-91df-285eef760cba,2026-04-18 09:41:34.708968+00:00,2026-04-18 09:41:34.708968+00:00
7c80a6c7-d005-4026-8a5d-0c0b7e0c5410,5b1547ed-fb20-4e83-a770-c5de38baa991,f0ffa7dd-3949-493f-bd39-d46abd2aadd9,2026-05-15 17:47:13.833978+00:00,2026-05-15 17:47:13.833978+00:00
3f921c7e-24f4-4bbd-8aa4-ae5bf4d4d380,43223d7f-5858-4263-925a-1d568e10c5c5,9d74d8e7-70f9-4525-b795-2da1d9f7f6c6,2026-03-30 13:56:14.496437+00:00,2026-03-30 13:56:14.496437+00:00
9fd88545-5bce-4f57-89a9-471ced3f7f4c,342ab4ca-d089-4f74-b788-8b7e6b919d80,fb590055-cb7f-4d59-ac57-b31c541a8f04,2026-04-30 04:57:51.321715+00:00,2026-04-30 04:57:51.321715+00:00
c8fb3337-6656-410f-901b-5d3fe40d4d89,4ba28930-b3f6-4be6-b050-0e1b4d18d22c,86d59854-4407-46dc-9673-ace801f3a1ab,2026-05-01 03:19:13.521948+00:00,2026-05-01 03:19:13.521948+00:00
3f87705e-310c-407b-8997-024ad61525a6,fb98426e-25b1-4120-995b-e137f39aa200,db83d7d0-c080-44a3-ae37-937743a9ec6f,2026-05-01 03:13:27.471194+00:00,2026-05-01 03:13:27.471194+00:00
6836c95c-3a10-42f6-a8bf-5f7612d8d096,05be0ccf-350b-4597-ba28-801d852db82c,34e0bed9-561f-4958-9475-e25db3eebc79,2026-05-30 19:24:12.950359+00:00,2026-05-30 19:24:12.950359+00:00
a36e4c80-aaf9-4c36-ac04-2f812e8e6ac5,7413b18f-6e00-4ca8-8a0d-799bbcf9f4e5,f8c70f62-a224-475e-9287-08bf78e2d9b8,2026-04-14 13:08:37.475141+00:00,2026-04-14 13:08:37.475141+00:00
a7d8f290-4312-431d-ada7-36b34cab55b7,ace5378e-3510-4aef-96c2-5f9a919b6736,4d76a726-aebc-402c-b44f-d3361ce6e44f,2026-05-13 04:27:33.939851+00:00,2026-05-13 04:27:33.939851+00:00
3d65cdfe-ab8f-4779-bab9-9107e5f3abf6,6f7ce1a6-13c0-4d46-9e02-06bfa6e870a5,1d5b252a-47ef-47be-afe0-1858a7d4f613,2026-04-25 18:18:49.769427+00:00,2026-04-25 18:18:49.769427+00:00
3b27f5d3-2599-441a-9251-54d3cb558749,7dbb15d4-acd9-4eb9-a84b-cae5727db2b9,3eefa974-ddac-4864-8e19-8c9c9cbb83b6,2026-05-19 19:02:36.726292+00:00,2026-05-19 19:02:36.726292+00:00
d54c4834-8b9f-44e9-a5d2-68a6f8e91142,8a2a00f8-b27a-429d-8276-869e161da938,06a672f1-ca06-4302-bd49-c2d95ec82e5e,2026-04-04 15:11:46.683218+00:00,2026-04-04 15:11:46.683218+00:00
30ead26e-53b8-4f12-87bb-1122d1365aa3,33552134-8751-4264-9f4b-4308a1d6361e,66f0afb6-620b-425d-bf10-85bd0de6b6c2,2026-05-29 03:23:31.396206+00:00,2026-05-29 03:23:31.396206+00:00
bf4e9365-96ee-4a71-b962-4f20abcaddbc,f3908108-1ff4-4d7b-8e1f-785ca0bdb0fd,004f5f49-3a79-4e5a-b381-fe42c67c8b50,2026-05-26 02:18:19.669909+00:00,2026-05-26 02:18:19.669909+00:00
93eb94ef-8cf7-45f6-a027-cde5e41e9bd8,9d02f8d5-cdc6-469e-8ee9-92864959e3c3,53c2555c-9c77-45ef-a20e-2a5ff6ef7b8c,2026-04-14 16:09:53.862992+00:00,2026-04-14 16:09:53.862992+00:00
39b3a0e6-93cc-42c6-af0b-ba0f074bc381,76ce30d8-580b-468c-b438-7c25c8a91ef9,0e22e425-96f8-405a-8e09-7272b441733f,2026-03-25 01:45:31.933483+00:00,2026-03-25 01:45:31.933483+00:00
cf227007-e5cb-4d16-9a99-f4dac42bb6ef,01d7ede1-4676-4ccb-a878-a8d348e4b2da,304c1533-43f1-4fa8-8436-d203b3fbcd0f,2026-04-18 06:07:41.980717+00:00,2026-04-18 06:07:41.980717+00:00
592340e6-a498-4b0a-b3e6-851c203a950c,e3c23613-7ea9-4982-b4c5-34e63b1d10a1,2443aa12-d603-4b23-9bdf-348fa9425f0b,2026-03-11 00:16:11.628512+00:00,2026-03-11 00:16:11.628512+00:00
02dfdd3f-98c6-4ec5-a533-b5bb3e51f04e,1c5f2f47-a4da-4825-b009-4f9b586c06d0,586b7b94-37f7-4f72-aa4e-aa16f51f4f84,2026-04-08 08:48:22.240028+00:00,2026-04-08 08:48:22.240028+00:00
35a8e6bc-1036-4baa-b2ee-be54ba7b3b61,dcbd057d-4363-42ba-bc88-6abababb964a,35df0a62-43f6-4b3b-92aa-887a59c80fe7,2026-04-11 23:19:53.949654+00:00,2026-04-11 23:19:53.949654+00:00
97d0d582-1075-4321-b20b-a00f99e62d58,17667843-33f4-4f3a-87d2-768aac93af73,806100f8-504f-432e-b865-dd43dde25eea,2026-03-23 05:26:23.887368+00:00,2026-03-23 05:26:23.887368+00:00
5f949ab3-6d1f-451c-a722-e5077238ffe3,82bf37ec-d57b-4336-bf50-9d765750a3de,97f09355-8bad-4301-bd6e-c1141a96d799,2026-05-03 01:52:24.275220+00:00,2026-05-03 01:52:24.275220+00:00
ae8358a6-d193-4f8e-9e91-6c11274b5928,64ce2cdb-87d2-4beb-9976-16247ecaf657,0db3d7a7-e06c-4dcb-94fe-c978d43148e8,2026-05-29 11:14:00.442321+00:00,2026-05-29 11:14:00.442321+00:00
80f5f9fb-5221-42df-a8e1-b65db5f6aed2,705ec3d1-7ebd-49d6-88f2-de754eb3bffb,816f7677-4181-4fa7-bcd0-3e4de5e23ad1,2026-05-17 23:04:41.821871+00:00,2026-05-17 23:04:41.821871+00:00
f3a323bd-f033-48cc-8f7e-4456f4d29cd9,66529342-f7fc-4a3b-8a7a-4532a61f029c,9f063244-689a-4a98-9d13-adaf59396969,2026-03-27 19:58:59.759494+00:00,2026-03-27 19:58:59.759494+00:00
34ce5e4e-da51-4e25-9565-e5579f52d853,5fd3b246-05c5-45da-bc4e-c97511e5251b,b16817eb-473d-4607-b7ae-33e3e4c1ae17,2026-03-19 04:14:10.905452+00:00,2026-03-19 04:14:10.905452+00:00
3a958f07-0810-40e2-b05c-eef478f3b81e,6566752f-8376-41fa-b679-d58427427a04,f749a0b3-479f-484d-88f9-2f6dd23d06de,2026-04-09 20:34:43.474691+00:00,2026-04-09 20:34:43.474691+00:00
9e861102-2bb8-4581-b59e-d51fc5f130b2,9fabe223-b8d7-4bcd-b382-d25c3b0d907f,404a1a39-e50f-4dc0-9cd0-2edc5cc3a79f,2026-03-15 14:58:29.703895+00:00,2026-03-15 14:58:29.703895+00:00
9374cfc0-1e94-4203-8aa5-19bfa9366d8c,554d23b9-1281-4d00-82ed-09c6bb86fdb6,ebb50626-23d5-418e-a436-2c9057b9c85f,2026-05-27 09:13:07.573807+00:00,2026-05-27 09:13:07.573807+00:00
510e8cf2-f235-4f70-8b59-28f60ec25ff0,d5a50c17-c50b-4454-b94d-6d379dcc9316,8b8cc912-4ee6-41d4-9c73-f01d42de2e06,2026-05-18 02:24:23.932625+00:00,2026-05-18 02:24:23.932625+00:00
18792413-d721-4ea6-b9a6-63978d932daa,d2757cc9-7d05-4dc5-8225-f560c5e8b60b,2eb52f82-55c2-47b1-95b9-6879d78b4d69,2026-04-19 23:08:11.645841+00:00,2026-04-19 23:08:11.645841+00:00
ffb2920b-bcf7-44b1-bdec-6e773db43f31,7a620ab5-62f3-4c69-a575-9cfb7885ad12,88bbed8a-aa77-4570-9198-41bbc3a5ffdf,2026-04-07 04:14:20.631215+00:00,2026-04-07 04:14:20.631215+00:00
ddfde0c0-a345-4437-b3bc-0d6aba7b3308,ff3fcbde-b250-4147-9085-b9f7cd21136c,ad88f073-f448-4f4b-8cf4-764d409f77bf,2026-05-09 08:39:29.358689+00:00,2026-05-09 08:39:29.358689+00:00
cb8d4868-8e3e-477d-9cc1-4e1f4a623cde,2be22d0c-f74d-4074-879a-2fcfa70a2d77,f4a8a6b2-0d55-496c-8086-3051c80cfa09,2026-04-29 01:50:25.943758+00:00,2026-04-29 01:50:25.943758+00:00
b6e26da9-aeea-4a06-9778-ca1327dce620,8e7e602c-3526-421d-a3d3-f2a1251e2b95,e7ac47b5-1bd5-4d51-b0f8-6bd8d2cfb1b1,2026-03-21 16:44:59.515579+00:00,2026-03-21 16:44:59.515579+00:00
4f9f4e86-61f8-408a-8e1f-26e19df8bb32,df3e0a2e-d033-4eee-b8a0-b50bc80ee959,d23ad58b-1d56-4a30-a3b3-8e59d312f4aa,2026-03-20 14:38:30.801539+00:00,2026-03-20 14:38:30.801539+00:00
36848d88-148e-4650-b156-eeabb78ac433,f2f31903-cf92-4aa4-89fe-7589773b6b9f,cb6a86de-3c30-4c78-aca4-5d039a7da783,2026-05-28 00:37:52.531435+00:00,2026-05-28 00:37:52.531435+00:00
a5dc0752-f835-4b43-8dae-f6f51af75c2d,e6399729-e8d8-42f9-b78e-7d1ad33a9c86,43f47827-978c-4278-968f-0475c7ee8db9,2026-03-22 13:52:46.299119+00:00,2026-03-22 13:52:46.299119+00:00
a48f31d3-aee1-4809-be1e-95d5a3ff12a2,54c2c051-0f16-4e75-9004-15b0f816db77,580b3373-226f-4a16-89fa-b09985a84870,2026-05-09 10:58:23.368754+00:00,2026-05-09 10:58:23.368754+00:00
fe31644e-c4cb-4449-b0da-d4644f4752fe,14f35297-71df-4262-bacc-3adeed006018,fa1d5c26-07fa-43b5-b55e-812f85e7a641,2026-04-25 16:03:23.406578+00:00,2026-04-25 16:03:23.406578+00:00
aadd120a-e72e-43ec-98be-b13cfbe68e21,4c57d343-1aa4-454f-8ee8-45428dc95a36,a22c5d95-8da8-43f5-a1a6-d866d863d68d,2026-04-13 22:01:31.657859+00:00,2026-04-13 22:01:31.657859+00:00
d846554c-6872-483b-bd89-632142e530e4,9a0f150d-a0be-4890-bf84-a3d41bc68236,c5f9b326-061e-4513-b09d-d0374ac9beb1,2026-05-21 08:23:59.922568+00:00,2026-05-21 08:23:59.922568+00:00
acb0ec1b-a4d1-46a0-aee7-772c01ef90b8,681b68fe-9211-4424-8bff-9e1313483d90,f4c6a7ad-ea0f-4710-bb2f-9850d07fd99c,2026-03-31 20:19:47.439494+00:00,2026-03-31 20:19:47.439494+00:00
cfe6e89f-1d96-483c-9304-dc042d2e81e2,2281e66d-d8e0-4d05-8ebd-f8301466e9dc,a0be1287-8391-412d-81a5-fd291dc657f7,2026-05-19 00:16:08.193990+00:00,2026-05-19 00:16:08.193990+00:00
d2d9cd2f-1fac-453a-89d4-d9e1be06b639,fe37be33-3a72-4702-9ab8-386ccd852ea2,b34fdb0d-1faa-4a70-90f9-ac456dcb00c7,2026-03-26 07:49:08.363274+00:00,2026-03-26 07:49:08.363274+00:00
d9328722-5695-4107-b8d7-5034c1c09f99,8dfe4a3c-e7bb-4f57-9edc-93ed3e19b824,34d30c3a-02f9-44b2-be0e-fd41c21a30b5,2026-03-30 18:59:07.433552+00:00,2026-03-30 18:59:07.433552+00:00
44316c23-3c3c-4833-bbc8-d3d20b927485,d64d2c6a-374d-4490-bef5-a29af100df2c,af9cff5d-7360-40ee-a504-e1756f75d495,2026-04-05 08:36:25.433895+00:00,2026-04-05 08:36:25.433895+00:00
2dbaf8ae-fc37-4c10-9de4-03d865e0028b,ef12ee73-c4a8-4888-8c6d-7ee6597270bd,80e49237-df04-4e27-81f3-343e61174668,2026-05-13 00:20:44.736275+00:00,2026-05-13 00:20:44.736275+00:00
f5ff27e4-c983-48f6-8de5-ef04369926f5,2a7cd908-68b8-4bae-b840-0a747a4ae8c9,fde23462-3328-4650-aa8e-6a36d9527e52,2026-05-20 08:27:50.705596+00:00,2026-05-20 08:27:50.705596+00:00
610e58b2-404c-49e8-83bd-48bafb163e14,bb55ea13-3df9-43cc-92e4-90553f4535a6,6f8322ea-a147-451d-9191-760750d866c1,2026-03-08 18:45:25.264039+00:00,2026-03-08 18:45:25.264039+00:00
f6c9f89d-4b91-4dd5-9025-c3f93d96364c,75dae60f-bde5-4fe7-bdf0-186cba4609da,05345fac-c180-4cc4-903b-55da941104c4,2026-04-08 10:50:35.193302+00:00,2026-04-08 10:50:35.193302+00:00
a389089d-75c9-4e05-967a-390d74da2c25,7e25cf10-65f5-42c0-b6ee-67daf2ea2e00,f451e44c-1f50-4cc3-8b07-0734a0d5bcf2,2026-04-05 07:53:00.625050+00:00,2026-04-05 07:53:00.625050+00:00
4b96570c-6568-46f4-bce8-573f304629f5,1caae758-93d4-400f-a28c-d318b4fa3100,8662d3e3-f4eb-49e9-902e-bab3bafe8298,2026-05-30 19:28:07.822884+00:00,2026-05-30 19:28:07.822884+00:00
d79de38a-b85c-4bef-aaff-00ddfe709f76,ade9136b-c6bc-4771-8a00-7c7245a3a86e,1e9a3c75-13c2-4c5c-a18f-f4a7cffca4fe,2026-04-29 18:39:48.835103+00:00,2026-04-29 18:39:48.835103+00:00
8968dde3-8693-4755-9108-2fe78c9e35a8,64d005fe-4ea1-4843-8637-f953dc2e3161,02ba8656-3c1b-487c-8b87-43c7922c1c80,2026-03-09 20:03:28.591323+00:00,2026-03-09 20:03:28.591323+00:00
c4b654d8-6bc7-4e61-9241-412a064ec60d,0b81731f-0838-4019-aa7e-e0c86869362a,759660b0-89d9-4a17-b7da-8cd9d1345815,2026-04-18 13:38:56.202778+00:00,2026-04-18 13:38:56.202778+00:00
13ae750e-107a-4691-99d8-c9b8b3ac9e15,af9f8769-f6b7-4149-b123-b09709810e22,667afc29-bf98-40c9-8dc9-65a044e3061b,2026-03-17 17:00:55.810466+00:00,2026-03-17 17:00:55.810466+00:00
ae287a1d-3e60-4884-a906-befd3a127b87,9ed74aa3-1ca3-4105-b4ba-cc371a152290,1f7b7d10-0aa4-4cc1-bbaa-787455d5bc67,2026-04-21 17:36:53.541756+00:00,2026-04-21 17:36:53.541756+00:00
9351b110-9a75-4bda-9dfe-bc0e900d2f01,56aa2b20-4a20-4dd6-a557-aad2db15f51a,d34f1285-67fe-4a28-b434-cca5f2e9ad77,2026-04-07 07:00:25.322106+00:00,2026-04-07 07:00:25.322106+00:00
0c5c11f4-1de1-4750-9282-e256a4500951,e0f1c52f-0c6a-4c3c-8b16-feaab7e63cb5,b8b50295-24a2-4625-9dda-2a7096728c02,2026-04-09 05:21:15.006322+00:00,2026-04-09 05:21:15.006322+00:00
bb360068-7098-40a8-a799-2af71973c509,8cafc716-0d5e-4d23-94e4-6feb1237d33c,b734e725-68de-4f4d-92b8-4573588a5427,2026-04-11 13:27:02.391305+00:00,2026-04-11 13:27:02.391305+00:00
785f66a0-498a-4c9b-93a2-c087bc883f30,4a368af7-bdf2-40cb-a364-bf3b693afb05,f24ee506-281b-4b27-a2f2-d958ad5324b5,2026-03-03 17:43:27.054539+00:00,2026-03-03 17:43:27.054539+00:00
f1ad5970-e680-41f6-a666-d9acef57fb7e,aa54a29c-f03b-4e5d-befa-4cd91ab3583d,48e614ba-5cfb-4079-a45e-49fbd7bfeef0,2026-05-02 08:56:45.687251+00:00,2026-05-02 08:56:45.687251+00:00
f2edc11c-1081-4588-bb46-3c31460f4c01,283875fb-5084-4fd2-a3db-5490cbc6dc29,128e727a-3e78-4153-8ad5-eebd142fc251,2026-04-25 03:44:04.462428+00:00,2026-04-25 03:44:04.462428+00:00
9f5952ef-a00c-4375-a00b-1beb496ea4c8,7d75d011-e203-40e1-9919-d0b648bc4585,75df00ab-ccf5-44a8-b871-921326ab49fb,2026-04-16 07:30:19.572750+00:00,2026-04-16 07:30:19.572750+00:00
12299990-27b7-48d1-ada9-d4591fc975fc,1bb445be-905b-43a3-b63b-a14dca0b54ca,8f7cd385-e659-40e1-a19a-aa94f00d4fb3,2026-05-27 18:47:23.515025+00:00,2026-05-27 18:47:23.515025+00:00
eaa45a73-7a82-48da-80bc-9c51b95b3c39,ddd3750e-80d4-4c51-88bd-8b9cb2a38163,147a5b5f-a7ac-435d-84f1-00b0d8b4ef09,2026-05-23 03:01:49.272906+00:00,2026-05-23 03:01:49.272906+00:00
d1252970-dff2-4526-b2be-c2b83fa65adf,4ee0b183-70bc-48f5-ad8a-2d7e3e8d8a48,ebe887ea-3251-4be5-a50b-2c144e659c9b,2026-04-30 19:38:09.276916+00:00,2026-04-30 19:38:09.276916+00:00
dc13d66f-2250-4c18-a8dc-4e846a5a37b9,c631c88a-4aff-40d0-839a-9c0b1c39b522,d63bbe76-9833-4451-82e6-c9a1f28bd628,2026-05-12 10:30:34.541907+00:00,2026-05-12 10:30:34.541907+00:00
b5ffe531-7c61-4086-ab03-8e63eb71ea69,638bee30-95c0-40d3-9efd-e36609f011aa,16eaf1e7-8dac-46df-a9d0-753d92ac9675,2026-04-04 10:04:09.496979+00:00,2026-04-04 10:04:09.496979+00:00
2cb4addf-b3dc-42e9-bf32-326fb3995ca1,61241a1b-c496-465c-a321-39112afa09b0,5b6a4695-2c74-4609-a617-7460b6b96f92,2026-05-23 10:56:50.548341+00:00,2026-05-23 10:56:50.548341+00:00
1cda808a-587d-4b39-aae6-1ab6701eafb6,0a0cd835-6400-4afe-bb80-ea54d3b4bc27,1f9cd1d9-a89f-4d5e-8a08-d51c1ff5fd76,2026-04-27 00:44:32.090909+00:00,2026-04-27 00:44:32.090909+00:00
dc58a03a-0b1a-4e29-9d45-308506758f30,e0c46f66-0ec9-4f4f-bbca-b601278ba647,88c044f1-9dd1-40c3-a2f4-c88a6c63af10,2026-03-20 16:26:41.333424+00:00,2026-03-20 16:26:41.333424+00:00
91339fe2-7460-4c7c-8857-a76e118e0c69,7bca41e7-374c-4606-ba12-d55518b840b8,bf31cdf3-4713-4de7-a3f7-f61221f36709,2026-05-04 04:08:01.131791+00:00,2026-05-04 04:08:01.131791+00:00
fd1f0e69-7b42-4439-86b6-dff594398dd8,4afa3dd3-5a0a-4e27-9f0d-56ca37878233,92e6f244-cca7-4fa5-a538-9fad36aa5430,2026-05-29 18:50:54.841027+00:00,2026-05-29 18:50:54.841027+00:00
0dd93d2e-070a-428b-bf06-d0719e761675,ca6bca13-cb7d-4e71-9c97-37e2d8d19941,71c01f94-c9e5-4e63-abee-993fcc97e1e5,2026-03-17 05:47:49.697703+00:00,2026-03-17 05:47:49.697703+00:00
33546e43-1004-4f50-813c-5ffcccf73c69,5c83af94-392d-4c89-94dd-d8af93b63cd1,1ace5f77-f400-4338-8845-88fa817dea4b,2026-04-26 14:45:33.145943+00:00,2026-04-26 14:45:33.145943+00:00
890f1753-c810-4249-a6de-3a08fc94c31d,c7125187-88e0-4208-9178-61ecf6600a3e,caff7e9a-f84d-4e20-b54e-4b82dc6f77b6,2026-03-07 17:11:12.985837+00:00,2026-03-07 17:11:12.985837+00:00
d89b4767-e46b-4099-beda-0f34f50d7bd6,4a66ac02-98d7-4ab2-8f2c-5acf24b6f0b7,eb0a9a6f-333e-4c43-9fa3-599f1c9e1efd,2026-05-11 01:50:15.775066+00:00,2026-05-11 01:50:15.775066+00:00
91a30fb7-2cc7-4b95-9f6c-c18cbc95316a,fecaa1d3-c274-49f3-a65d-796903373a32,4bffae0e-2a50-43af-9712-e679c2548a78,2026-03-22 09:42:34.923052+00:00,2026-03-22 09:42:34.923052+00:00
b7b72a5b-182a-4993-8e27-ea8f23de8a8a,ed19d52a-6179-44b0-b83b-14d71dc5c810,7530c0cc-4a36-4100-81ce-e774ff003624,2026-04-09 07:30:55.356267+00:00,2026-04-09 07:30:55.356267+00:00
c5e03a38-9582-45f8-82f7-81b9d0925352,6152b499-ed4e-493a-ba51-58098c113f39,5be2d699-b6d6-468f-9973-1efac4a5f89f,2026-03-22 13:51:25.190751+00:00,2026-03-22 13:51:25.190751+00:00
fdfce903-384d-4729-ba71-59d9bfa9b746,3b7bcd94-53ad-4df1-a0dd-fc1522267ffb,35aad72d-2fda-45a3-a4f6-3cdd41288c46,2026-05-06 11:18:19.038334+00:00,2026-05-06 11:18:19.038334+00:00
4b91ec77-c345-4cfe-becc-fb8b644c8040,42328a64-e7a6-4de2-b4ad-a19e983f2630,f0d33590-89f8-4886-b814-fab5cf848f97,2026-04-23 21:38:11.415994+00:00,2026-04-23 21:38:11.415994+00:00
8da66c1b-8d15-4548-b05e-cc28817f2842,7db0b490-8c9d-49d1-8f39-0795771273a9,b5e8d7e0-ba6b-4667-86c3-28cd0932f304,2026-03-04 23:12:06.290435+00:00,2026-03-04 23:12:06.290435+00:00
6fe4b541-c2d3-4a30-a204-16428aa15bac,8e4a2d5a-a4c3-4de6-9804-b424a057cefd,d0151669-c53e-444f-8068-8f5d9b9ae7d4,2026-04-11 19:52:32.082784+00:00,2026-04-11 19:52:32.082784+00:00
56e5f343-0b65-4d34-b98f-539bfda6c5f7,58b5ed5b-90f1-413f-8199-c056ec97f1d3,0feb9130-afa3-453e-8cef-777a11a7d0c2,2026-05-31 00:39:41.304706+00:00,2026-05-31 00:39:41.304706+00:00
76c1e7e8-53d1-49c7-b137-ca4e398af64b,01bd88ae-26ce-48d0-92f1-47e3f37fc403,aebf1b13-7596-4df1-b70c-744f7be29ce5,2026-03-08 15:55:25.540883+00:00,2026-03-08 15:55:25.540883+00:00
dbcadb48-cf99-47e4-87b9-014f3dea9ecd,207424da-7669-4374-9efd-0635eb530911,704e813b-e802-439b-876c-b24bc859eac0,2026-03-29 02:13:58.838333+00:00,2026-03-29 02:13:58.838333+00:00
73e135ab-0ce1-479f-8d25-56fd2f834778,9d33bc0e-e593-4e89-8c7a-a652daaecb75,acfd612d-efca-4f1d-a520-aebb2ad73afe,2026-03-22 05:37:32.396653+00:00,2026-03-22 05:37:32.396653+00:00
eefe4611-4341-45ec-ae97-fce8017edd40,140e571e-e66c-4228-9fc5-8a440d9d1f66,f223160c-3e23-4d77-a0f8-7ce5d700bd83,2026-03-21 21:01:49.435131+00:00,2026-03-21 21:01:49.435131+00:00
15853899-d07e-47aa-ad1d-425f734f6e82,eac697f7-be6c-4328-9fb3-51bf555784e8,53d0c138-a3e0-43ff-ad42-6d141e469c63,2026-03-15 11:46:06.486660+00:00,2026-03-15 11:46:06.486660+00:00
1ae53c8f-823a-4542-9926-0e8fc383c210,325415bf-c56a-4257-b789-8160e10a7ab4,fa59cf9b-3968-4dea-a3d3-28c58e25c177,2026-03-13 00:06:39.012321+00:00,2026-03-13 00:06:39.012321+00:00
22af44c6-515d-4672-ba80-279cd9359259,c4a32b50-380e-4f15-a11c-f5717d27cc24,c98a4722-b62c-4b9d-ad6c-73d8db3c069e,2026-05-24 14:31:42.098630+00:00,2026-05-24 14:31:42.098630+00:00
976bb582-456b-4750-abd9-d3e22236bc85,2cc186e7-cffb-475f-9406-b8bf7a80c109,bbd4f42c-85d6-43e7-b6ec-c5389d161550,2026-05-11 07:43:15.322048+00:00,2026-05-11 07:43:15.322048+00:00
bd364dc9-935a-45eb-848b-0e3b1d35d891,84320e3d-f698-4602-bed1-1ccf2a0fcb05,e7b314a7-cf5f-46fc-b872-265588821aee,2026-03-08 04:32:47.610717+00:00,2026-03-08 04:32:47.610717+00:00
0f3fd3cb-1756-46ad-b1bd-8e9b1ed6e0f0,28b52c84-21fc-40ec-ac07-90cce8a71973,ae2d9028-56e2-4e96-af40-3c232a211f10,2026-04-28 08:33:03.669928+00:00,2026-04-28 08:33:03.669928+00:00
a079b93a-22ac-487c-8fa2-f3a2367136df,8fc58679-7cad-433c-83f4-f6d996066b05,8780f672-f17d-4353-9f2d-f3cd55a07f44,2026-05-23 15:22:51.351346+00:00,2026-05-23 15:22:51.351346+00:00
21b04694-7f81-4f0f-a36c-488ff096abf6,5a7ca10a-ac01-4eff-849f-7e1e9260fcd9,0e0b43be-e080-43de-aaa2-6234d9780672,2026-03-20 05:00:45.887239+00:00,2026-03-20 05:00:45.887239+00:00
f0883791-eb45-4fd5-b975-3b9bb1d047cd,e5c2487d-3118-4b29-8409-eb3d8ee21de5,fe9f07b9-c950-4e12-89de-06a132b9b5a4,2026-03-18 19:52:42.985480+00:00,2026-03-18 19:52:42.985480+00:00
ceed799b-4d72-4b1d-bea2-59518e5a495d,8aeaf352-26c3-46d0-8344-001cb1ef3dcd,6dab87e9-4663-4525-b187-505202166dda,2026-05-25 10:22:44.319188+00:00,2026-05-25 10:22:44.319188+00:00
e81d2017-244e-4f6f-9498-7c15b99e53c8,557d65a1-2723-483f-a656-2ccd07eadeb1,dd54fa09-7fd3-439e-b61c-0dab646320b3,2026-03-12 11:31:38.082835+00:00,2026-03-12 11:31:38.082835+00:00
8fa4ca10-24b9-47e8-8bfd-fa7f9e79d014,2de19541-7908-486e-b09e-c917033371b1,4e879172-2000-4a82-af88-eeb1adf00e92,2026-04-28 14:03:52.940863+00:00,2026-04-28 14:03:52.940863+00:00
52a481bc-4619-450e-bfcb-b13299f03b36,9a431d37-15fa-4d44-bf25-3a5d55af2b1d,ca82bd20-91cc-471c-abf8-6eb7ac866b27,2026-05-18 20:46:47.253464+00:00,2026-05-18 20:46:47.253464+00:00
3b6e4929-b6c6-4dd0-9b11-5175f7124fe0,d5b9eaf4-cee6-47db-b976-9948cf76297c,7be7254a-b329-4c99-b798-a78a9ac56af2,2026-04-08 04:22:26.452987+00:00,2026-04-08 04:22:26.452987+00:00
714ccb0a-0dde-452c-a0dd-c4d3b8420f0a,e9b7c8b7-c02d-4707-bcba-50872a7ad2b2,c31e834f-7eef-4c32-aaeb-322a176d2e12,2026-03-19 12:46:28.404211+00:00,2026-03-19 12:46:28.404211+00:00
a377141a-8d06-4847-9f9e-ce826bf278dc,7dcc5483-23a1-4f92-bb66-95a563014e9e,77214251-26c3-4e80-a6bb-ba6b3b9b8143,2026-04-23 22:57:04.086387+00:00,2026-04-23 22:57:04.086387+00:00
00ea2932-f3a1-466d-aa58-1452844c9104,4148ebd4-3f01-480e-adb6-3e47a87fa7a2,f1c696cc-d27f-41cf-8ec2-2a57bc1a1582,2026-05-13 08:59:52.953870+00:00,2026-05-13 08:59:52.953870+00:00
70fcbb54-99ee-4444-947b-ddbe45e13ebc,d37cb954-df20-49d8-9869-be07b2bc00f4,f2843921-6eb4-4964-88c7-ae536c9bcd70,2026-05-02 13:43:21.102694+00:00,2026-05-02 13:43:21.102694+00:00
05e393ba-388b-4ea3-bafe-b96e4c2d4684,81078071-3354-49a8-ba5e-cb1f52e47ca7,ac3ee32c-323c-4373-b699-3fa7cc978bd6,2026-04-08 19:43:47.731057+00:00,2026-04-08 19:43:47.731057+00:00
8e9389ea-ede0-4460-bcad-4f18bdb8215b,7a2be8ae-9689-4775-a829-a92c365242c5,8e98f181-7940-40a0-aa26-544546c6be03,2026-05-13 12:44:21.489725+00:00,2026-05-13 12:44:21.489725+00:00
831c3813-1206-42de-9dd3-14595e4ccf3e,a00c660e-4904-4d89-bdca-4dff6b4557fc,59fc1b8a-84ad-4493-8a96-236013600636,2026-05-23 10:55:29.111423+00:00,2026-05-23 10:55:29.111423+00:00
328043af-5b6e-407f-99ed-1ebe567ca65c,9c90c3b8-2850-4b68-a56b-c84f0edf3db9,66f9589e-4ef7-4dd0-9d02-521901347979,2026-04-21 17:10:42.699122+00:00,2026-04-21 17:10:42.699122+00:00
6052c94f-2b99-43c8-ab07-98741356930c,154eebfe-53f4-4dd8-8fe2-ee6cf691936c,2ab3c3d9-100a-413a-b1bf-4384922b3825,2026-05-12 15:06:23.171830+00:00,2026-05-12 15:06:23.171830+00:00
61b17554-88c6-442d-9297-3c3d7c02b2f5,f46b685f-7d23-465a-be44-84d6267f4e25,66485d6b-06fd-4e10-9f28-9d8f22c41b37,2026-03-22 09:29:12.992982+00:00,2026-03-22 09:29:12.992982+00:00
becc5f64-bc81-410d-b6ce-817e3b7850fb,0bf1358c-9204-43e1-b56b-2a4b91fc5e37,5bfd2415-15d8-4e67-a3d1-e66c5f9f1bf5,2026-04-01 23:36:38.791359+00:00,2026-04-01 23:36:38.791359+00:00
6d5c5943-2e54-43dd-b5b1-64c4eb507a2a,7011ef27-5a6f-475b-9735-57201ebf9c3a,333ae0a2-3d4b-4c73-989d-5e851839c173,2026-03-23 08:02:06.231252+00:00,2026-03-23 08:02:06.231252+00:00
94f8d05c-81ff-4c57-9f9d-8a92b1adf69e,e00dbf80-e50f-407b-965f-742c540afe91,ff34bbe6-b5c3-49fe-a586-fd29f812bc1f,2026-05-25 06:35:21.569742+00:00,2026-05-25 06:35:21.569742+00:00
27de9079-504b-4953-917c-1bc4bdbca8ae,109f0e0d-de9f-4c5a-9d23-0b6c71574ac0,4e08f1a0-e946-4263-96bd-18a06390796e,2026-05-22 15:02:24.609026+00:00,2026-05-22 15:02:24.609026+00:00
45251ff5-a8c5-4844-9fff-1f023b148190,f268b655-679c-4784-b0f1-76ce2cf24670,9b892ef7-e81b-47f7-8d3a-9abd761780bc,2026-05-12 00:51:47.624098+00:00,2026-05-12 00:51:47.624098+00:00
b8744917-0faa-48fa-8a3e-26b521dca11a,5343e6a6-dfbe-4e86-96cc-faf48bb2cc2b,e5d6d6ae-c328-41b0-9c11-e3f653281bf9,2026-04-04 23:41:05.240058+00:00,2026-04-04 23:41:05.240058+00:00
5d79d050-a953-4a5f-b2d3-54a40369e891,58cf8c5f-5af9-48da-849d-69ac755c77c5,1b3ab464-c4f1-4f15-a311-c423f178062a,2026-04-12 16:20:09.736707+00:00,2026-04-12 16:20:09.736707+00:00
1341818b-797e-4a2d-8ddb-2469c4df49af,386f0fbb-30c5-4b1a-9dc1-052c4ce6ae89,4859ee10-80a8-4c98-9e18-983ef3d5c57e,2026-03-17 01:49:07.347669+00:00,2026-03-17 01:49:07.347669+00:00
7cc252cf-3a2f-4b50-a8a5-2e0fafb7c195,2e677786-67b3-48e6-b1e1-9d791bffb20d,b218e9ae-d7e9-4394-b27d-a9cbd6ebe3a4,2026-05-29 21:18:42.701476+00:00,2026-05-29 21:18:42.701476+00:00
5988bc70-de0d-47ba-ab8b-f01822dbe1cd,6eef4bc9-ea8d-429d-b530-cba425276dc2,c02a13cf-0ffe-41d5-a085-7a234ec844a3,2026-03-25 18:49:37.307916+00:00,2026-03-25 18:49:37.307916+00:00
a74b6016-1995-45e2-b594-a0dc9611264f,93fdb45f-b500-4f9e-8168-195514af8375,bb4e1ef5-9a68-46ab-934b-44e11ff78d99,2026-05-11 04:18:15.009882+00:00,2026-05-11 04:18:15.009882+00:00
7b29e601-d84a-49bc-9b71-e93d64a6e37f,e3fe1e5c-a01e-432f-b56e-728cc8d5e035,77e2a752-49a4-42c5-86fe-951b510ed36a,2026-03-09 12:13:34.825663+00:00,2026-03-09 12:13:34.825663+00:00
fdb02a61-7959-4e0d-aee6-c38fdfc45577,3b2afdde-d6d6-4c43-99ed-9ad66cf29e9f,fd280481-ed96-4992-b7dd-10ce76c3e1ac,2026-05-30 11:17:26.131373+00:00,2026-05-30 11:17:26.131373+00:00
b0f155f2-66ab-4e69-b51e-870037755567,b2c66bf5-4eac-4d15-8ece-c5ea770763bd,f1ea19ac-997f-451d-82f6-f8c78cad94e2,2026-05-04 01:47:25.179263+00:00,2026-05-04 01:47:25.179263+00:00
b7a6419d-612f-4e2d-82ce-873c6cb176ae,05de1e70-231e-4516-ba78-571526e10104,57bc12b7-9f3a-4024-92f0-66f50ea42819,2026-03-28 17:44:02.250411+00:00,2026-03-28 17:44:02.250411+00:00
3aba55c1-8a5f-4158-99f1-28c38403235e,449dcba5-4e63-44f0-9999-739fb3849c86,c35e18de-dbc8-483a-bf39-6fc9285e023a,2026-03-19 03:53:26.115665+00:00,2026-03-19 03:53:26.115665+00:00
efab7baf-0ac0-4819-8b94-6cbcb5b0adfe,66564365-df2c-4388-8ddd-6ff8b1c87251,3293ea2d-2241-49ce-99c7-ec5e55f19b86,2026-04-04 03:13:53.081620+00:00,2026-04-04 03:13:53.081620+00:00
96f10b7d-ad11-4080-a57f-dfc63bae038b,9fd9e810-1d40-439a-abe5-c352f433374e,fd44df52-1ab3-43c8-8bf6-76ea6c562a0f,2026-04-04 21:30:26.633461+00:00,2026-04-04 21:30:26.633461+00:00
9c095c90-10d5-40e8-849a-b0e24f3fbba2,257a0bfc-d39b-49da-8732-ffba2ca31812,fd2db24b-3eb8-4d76-87ab-b0e6aeb79959,2026-03-16 05:48:50.796247+00:00,2026-03-16 05:48:50.796247+00:00
2cf671fd-b8f0-4d4a-a8c5-755ab7e850be,2975fbfa-a4ce-4c62-a5cd-e6b0d53d0a78,fd2db24b-3eb8-4d76-87ab-b0e6aeb79959,2026-03-20 18:57:01.967979+00:00,2026-03-20 18:57:01.967979+00:00
efb5642b-9089-4579-8b14-cd2572ca89dc,4bb5ebe2-365b-452c-8931-46689238cc98,fd2db24b-3eb8-4d76-87ab-b0e6aeb79959,2026-03-22 09:27:32.913895+00:00,2026-03-22 09:27:32.913895+00:00
9a103088-f2a0-46bd-a2c7-8a3dc34c7c7c,a1633b60-d447-43b9-b272-04c1b1b3d0f5,fd2db24b-3eb8-4d76-87ab-b0e6aeb79959,2026-04-24 17:36:33.523876+00:00,2026-04-24 17:36:33.523876+00:00
2ad2d570-0dc2-478e-a449-9d5057dae5e5,90292daa-2d63-4107-a26d-8f00000da87b,fd2db24b-3eb8-4d76-87ab-b0e6aeb79959,2026-05-26 14:31:54.543669+00:00,2026-05-26 14:31:54.543669+00:00
f635e150-61d3-48de-88f7-714355517ca7,17748e86-2c02-44ff-83ed-ba2c47155dde,2bc5ff86-7167-4fbe-9027-67a81f8f4f5b,2026-03-17 09:31:12.888638+00:00,2026-03-17 09:31:12.888638+00:00
35eef069-4e46-4326-87a1-b0c15028fe66,66eaa18f-5d9f-41da-912a-e09ab0f3b46b,2bc5ff86-7167-4fbe-9027-67a81f8f4f5b,2026-03-17 23:39:00.120636+00:00,2026-03-17 23:39:00.120636+00:00
044ba830-0449-4240-8593-4636bd3bbf09,1398061f-4ba9-4c1f-909b-e3759adf823e,2bc5ff86-7167-4fbe-9027-67a81f8f4f5b,2026-03-21 22:33:31.417768+00:00,2026-03-21 22:33:31.417768+00:00
5471dfb1-53ad-43ae-9498-34032b51860c,e5b61f5f-09ee-4f57-8481-bd62a608c520,2bc5ff86-7167-4fbe-9027-67a81f8f4f5b,2026-04-09 14:09:59.621940+00:00,2026-04-09 14:09:59.621940+00:00
336bfee3-632e-4a27-b1dd-279a136f9f05,8322f856-e5c0-4cd9-a5c8-c38446b9995a,2bc5ff86-7167-4fbe-9027-67a81f8f4f5b,2026-04-16 09:06:48.610238+00:00,2026-04-16 09:06:48.610238+00:00
d7bf82f5-3da4-466c-b76c-246315aa134b,4e1d76fd-5d3d-41e1-9fa6-eacbb2a1ad22,7c3850a9-55b0-4978-a2b7-25750a33c6f5,2026-05-04 17:13:16.324040+00:00,2026-05-04 17:13:16.324040+00:00
0e65e90e-ba81-42ac-ad94-cd5ea222860f,eb3b3726-dc57-4aaf-9834-283954328fc1,7c3850a9-55b0-4978-a2b7-25750a33c6f5,2026-05-23 07:06:54.242442+00:00,2026-05-23 07:06:54.242442+00:00
6e84540b-5440-4cd5-bfbd-c5f3026f5bde,f1792624-769e-4d02-858f-bf945b41fd6d,35e5c555-e6a5-410e-bff2-0a061b16280a,2026-03-30 11:48:46.910767+00:00,2026-03-30 11:48:46.910767+00:00
06dadf92-f07a-4aaa-ae69-4b638114f750,d0666682-8738-4a25-a431-419574f4d206,35e5c555-e6a5-410e-bff2-0a061b16280a,2026-04-13 15:25:15.856906+00:00,2026-04-13 15:25:15.856906+00:00
a16015dd-cad7-43b1-a328-f7ded9b830d9,a336ebae-7da3-44ac-a411-89ec8276c4f7,35e5c555-e6a5-410e-bff2-0a061b16280a,2026-04-30 03:46:27.173896+00:00,2026-04-30 03:46:27.173896+00:00
28c88ab9-69bf-4a1f-9116-2951b1741179,10d90c42-9ae1-48e4-a8fb-1850181448f3,35e5c555-e6a5-410e-bff2-0a061b16280a,2026-05-27 21:09:45.193115+00:00,2026-05-27 21:09:45.193115+00:00
60501a2a-879b-4dfc-b7af-46e2f576ffa6,b553c3f2-1db7-4477-8633-6a6d45695c60,3d81feda-a60a-44aa-ab43-aa61d364d2f3,2026-03-15 04:09:31.352370+00:00,2026-03-15 04:09:31.352370+00:00
53aa9404-132b-44fb-b7d1-a12b9400f364,4099795b-1121-4913-be43-fcb8d3343d7e,3d81feda-a60a-44aa-ab43-aa61d364d2f3,2026-04-03 06:16:50.225678+00:00,2026-04-03 06:16:50.225678+00:00
cc9d9382-0bbc-4769-8820-748a0cfe5902,6346a632-6d6a-43a5-8503-d67ae12d44fb,3d81feda-a60a-44aa-ab43-aa61d364d2f3,2026-04-05 03:44:51.087419+00:00,2026-04-05 03:44:51.087419+00:00
77df321e-09d7-4b11-8919-b0d228163fd5,6836fe23-f425-4e0f-8db8-ff3682b88d9c,660fc9fe-2ba8-4c7e-b6e7-82feccf41cbb,2026-03-07 11:28:13.514151+00:00,2026-03-07 11:28:13.514151+00:00
c857b759-677c-438c-a79c-d20bf07cea0f,fcfe419e-19c7-49e8-9907-9534da64af59,660fc9fe-2ba8-4c7e-b6e7-82feccf41cbb,2026-03-08 20:38:26.022162+00:00,2026-03-08 20:38:26.022162+00:00
a619e0cc-cd4d-4c45-8316-192d0a02886c,1483b1a6-7036-41d1-90cb-17a91e417008,660fc9fe-2ba8-4c7e-b6e7-82feccf41cbb,2026-03-20 13:21:21.729351+00:00,2026-03-20 13:21:21.729351+00:00
e55e823f-ba06-4fd0-859f-a46787d6ac27,5fff61e8-6594-4079-b495-80b89e9a7216,660fc9fe-2ba8-4c7e-b6e7-82feccf41cbb,2026-04-12 18:35:04.650232+00:00,2026-04-12 18:35:04.650232+00:00
e974a535-bd23-438a-8e2f-57a9cc5ade3c,34776b96-8dfa-47ae-b2ca-c06992c881e9,660fc9fe-2ba8-4c7e-b6e7-82feccf41cbb,2026-05-30 02:05:00.831315+00:00,2026-05-30 02:05:00.831315+00:00
ef324da6-f3f8-4a99-a111-6b3158d0fa52,5019a799-ed35-43a6-9054-a2a495150762,8b2651db-8782-432c-87ab-16460c2e309a,2026-03-05 22:34:37.821491+00:00,2026-03-05 22:34:37.821491+00:00
4528e0ec-5651-435d-80f5-d9a3f7c72e51,2bd0995c-4b70-4b08-8518-9c218edf66b4,75c0fa4a-f720-4a0b-b5d9-ae79d01e7d69,2026-04-13 05:45:47.465210+00:00,2026-04-13 05:45:47.465210+00:00
7dbaa7a2-5778-4e2a-9c40-163b1ed48524,c2359ae3-a351-40a6-bdae-a897e50eb26e,c5f0c817-49d5-40fb-9d69-f9e80ab39439,2026-05-04 22:42:02.547036+00:00,2026-05-04 22:42:02.547036+00:00
36475262-b105-4a47-986e-2ffe815f2495,a20e4db9-1870-476d-ab2c-79af41967455,23df4e97-6d61-4c80-8a2e-03e6b6655c9f,2026-05-17 17:56:43.643503+00:00,2026-05-17 17:56:43.643503+00:00
158f5ad3-f5e6-4583-ad4f-94158304f876,0efa4cd7-f3aa-4ce5-adc0-eb92dc715906,cbb03e0b-98b1-484d-8e5c-37be28dba099,2026-05-21 20:59:37.406465+00:00,2026-05-21 20:59:37.406465+00:00
a0de8db1-0216-44a6-9247-613488b8f42b,3cee1d53-6cd2-46a1-91b3-b8273d6f8097,bf654bd2-259a-4ea8-9fab-0b4bd012f922,2026-03-06 00:27:33.777850+00:00,2026-03-06 00:27:33.777850+00:00
c9c35f19-24c6-4e5d-a861-059a3c4bc227,8e99abbe-705c-471b-86b9-a4bb590a71e6,bf654bd2-259a-4ea8-9fab-0b4bd012f922,2026-04-07 21:45:39.822692+00:00,2026-04-07 21:45:39.822692+00:00
58fc174d-48ae-473c-bd7f-cc24fa210003,1e57ecb0-25e5-47fa-8282-53f9ca948c7a,bf654bd2-259a-4ea8-9fab-0b4bd012f922,2026-04-10 08:43:57.908177+00:00,2026-04-10 08:43:57.908177+00:00
605c9b03-7e0e-4d98-aa79-1fd362e55790,84d9e029-efca-48d3-b33a-b3806f7cf2f4,bf654bd2-259a-4ea8-9fab-0b4bd012f922,2026-05-19 07:52:01.594773+00:00,2026-05-19 07:52:01.594773+00:00
4e7c2c31-452b-40e7-a2f1-124069ff4f67,b7b30f47-7500-4839-acb8-dfb49fd1d06c,4112bd7a-c28f-4848-ad58-bd463a3cb64d,2026-04-02 09:50:47.535983+00:00,2026-04-02 09:50:47.535983+00:00
34a40d8c-23fd-4106-ac7b-a3a831cc77c9,26e2eedb-7828-4e55-9920-fbfcc474f025,4112bd7a-c28f-4848-ad58-bd463a3cb64d,2026-04-18 11:01:32.283877+00:00,2026-04-18 11:01:32.283877+00:00
eff6adcd-8e9a-4b2e-9d69-3b8eb17c7633,9106183d-61dc-45b2-b41d-f04c7eb4377c,4112bd7a-c28f-4848-ad58-bd463a3cb64d,2026-05-23 12:03:10.996057+00:00,2026-05-23 12:03:10.996057+00:00
aadd881c-0807-4020-8449-1f906c12dedd,b7d3a459-9065-4655-908d-a2b7ae94eb2b,69f34c26-c965-41bc-912c-927be2337a0b,2026-03-16 19:48:56.806360+00:00,2026-03-16 19:48:56.806360+00:00
1995c832-8721-45d0-bce9-1840dcc80d6f,f284f280-b4a1-46bb-9c26-f6dbd6ef2c6a,69f34c26-c965-41bc-912c-927be2337a0b,2026-05-24 20:29:48.378787+00:00,2026-05-24 20:29:48.378787+00:00
eb648fe1-8547-40de-88f2-3fda8920d970,5ca96681-40bc-4ee6-bc63-be6d67696ff3,32efa89f-3961-42d8-8673-280d75d51202,2026-04-05 12:00:55.765815+00:00,2026-04-05 12:00:55.765815+00:00
835a2e8f-b692-4fb6-806c-b67b4d0efb97,050a495e-00d4-40e4-924e-17678827c03e,32efa89f-3961-42d8-8673-280d75d51202,2026-05-04 01:27:16.750772+00:00,2026-05-04 01:27:16.750772+00:00
8886aa99-441e-466b-88bd-eb521d6b628e,22ac637f-ec62-4e98-80b4-82ab63369347,32efa89f-3961-42d8-8673-280d75d51202,2026-05-17 15:09:27.158843+00:00,2026-05-17 15:09:27.158843+00:00
51dd022f-cf43-461d-b9b8-9a634c406452,b8261e03-3b9a-4b22-86b2-e0c67be4edc0,32efa89f-3961-42d8-8673-280d75d51202,2026-05-29 06:55:44.325506+00:00,2026-05-29 06:55:44.325506+00:00
23f5a93a-5deb-4b60-8e1f-943eb3a24a86,7c996f88-c909-447c-be3c-b165698025b8,32efa89f-3961-42d8-8673-280d75d51202,2026-05-30 18:18:24.125699+00:00,2026-05-30 18:18:24.125699+00:00
38ab8b00-99e8-4586-9a5b-3ffe11c92fd7,5b6b5fc2-1d39-477a-b0e1-86da08cda6e5,95c05ac9-a3d7-4082-b1f0-d79346fece8b,2026-03-09 09:17:10.881548+00:00,2026-03-09 09:17:10.881548+00:00
e8cf2d17-65f6-4955-9847-105115bc8b19,2391a8fc-35ee-4a31-8575-4859a693daed,95c05ac9-a3d7-4082-b1f0-d79346fece8b,2026-04-30 23:19:13.087489+00:00,2026-04-30 23:19:13.087489+00:00
f5885ca3-e175-4f46-b4db-fed782c6e2de,d452c8e7-974b-42e3-bd87-1234a8740f3d,95c05ac9-a3d7-4082-b1f0-d79346fece8b,2026-05-20 20:08:14.781583+00:00,2026-05-20 20:08:14.781583+00:00
bd875e81-718f-4547-8e3a-752b150fcf4c,d7057bb4-673d-4f7d-bf52-81dbf71b4923,0f5b7d64-a86f-4c2f-ba3e-1d27013c6907,2026-04-12 15:08:13.919211+00:00,2026-04-12 15:08:13.919211+00:00
a0893251-5daa-4248-ba3b-359253354462,7d341a46-fa95-4d7b-8eff-ab4ad60a30c7,30c5720e-5182-4d4c-8367-d7b9a0b4934f,2026-04-29 05:44:12.867003+00:00,2026-04-29 05:44:12.867003+00:00
9cd5f3b6-6681-4b42-ac70-9adf6d6e257b,86b967ec-12ac-4ede-9d68-5108c6bd08e4,78f811b1-b7e8-46b5-9f21-46f29f1ad68e,2026-04-11 09:29:07.749249+00:00,2026-04-11 09:29:07.749249+00:00
b16c943c-7803-482e-bb75-26ab62f143df,5676782a-3e2e-4e0f-bbef-15fc7e6378a1,78f811b1-b7e8-46b5-9f21-46f29f1ad68e,2026-05-11 21:14:49.262393+00:00,2026-05-11 21:14:49.262393+00:00
b73c62e6-9dbd-4622-a64b-a43b3e4dedc0,6e4b09e4-e402-44bc-a6b5-76d0a5658534,f8dbe723-211f-4bac-8a9a-44cffb02293a,2026-03-06 15:27:23.959264+00:00,2026-03-06 15:27:23.959264+00:00
b69608bc-481b-483e-aee0-76062382c9ee,851a0c42-1f32-402f-b7bc-678bac9cdb5d,f8dbe723-211f-4bac-8a9a-44cffb02293a,2026-04-04 10:46:43.146111+00:00,2026-04-04 10:46:43.146111+00:00
f6a64ee6-3166-480f-96a1-5f174894dd50,8cb6b646-b2d4-43c1-83f5-e0355c2fe9fa,f8dbe723-211f-4bac-8a9a-44cffb02293a,2026-05-12 05:36:58.271681+00:00,2026-05-12 05:36:58.271681+00:00
7f32867d-a9b0-4984-a50a-630966738f36,03dcfa84-88bf-4b8d-ac13-ff9a13f9fd28,9bbbf918-cec2-4901-9e1e-34587ab6c7c3,2026-03-07 15:39:30.947118+00:00,2026-03-07 15:39:30.947118+00:00
0b18c3df-6c18-4c7c-bf4b-3cc361cfed0d,6bb6f142-680f-431a-b425-72a26952c34b,9bbbf918-cec2-4901-9e1e-34587ab6c7c3,2026-05-21 06:51:36.705865+00:00,2026-05-21 06:51:36.705865+00:00
62951f31-2029-44f0-9797-c232f99288b0,e33cc166-6e75-4c09-846c-6327c236e945,c65d5b2c-6c32-459d-8295-b5ec28afc4f7,2026-03-04 01:14:54.674021+00:00,2026-03-04 01:14:54.674021+00:00
7cc321fc-c430-4f48-b8f4-971a460d6977,11782a5a-cb79-4431-b263-53bb90ffcfff,c65d5b2c-6c32-459d-8295-b5ec28afc4f7,2026-03-14 19:25:09.000912+00:00,2026-03-14 19:25:09.000912+00:00
96a02b43-7475-4e33-a5c1-f4e63065515a,74d76082-1856-4a56-8b35-b347e69cccd4,c65d5b2c-6c32-459d-8295-b5ec28afc4f7,2026-05-21 23:18:51.666180+00:00,2026-05-21 23:18:51.666180+00:00
f68cda5e-9ef8-45a7-937b-aeaeee1e81fd,d4ebce8d-eab8-4597-966c-24286cdf862c,c65d5b2c-6c32-459d-8295-b5ec28afc4f7,2026-05-27 06:43:11.803487+00:00,2026-05-27 06:43:11.803487+00:00
d1961122-ffd1-494b-a41b-4bbb40ec6453,d84859db-72b1-4113-a196-de6b250c06c3,c65d5b2c-6c32-459d-8295-b5ec28afc4f7,2026-05-29 00:27:07.555107+00:00,2026-05-29 00:27:07.555107+00:00
1eb6c616-1e64-40b4-9471-7657ddad4db2,70c0cbd8-836b-4c56-9bb5-46191b28f7a0,ff322a9d-1994-43f1-ae70-a293596a7508,2026-03-08 08:47:14.330464+00:00,2026-03-08 08:47:14.330464+00:00
471a9d4a-4e2f-47b0-98e7-35fa08670c2b,e24a2aa0-efb6-48c2-8dec-8d6cdb7cefa2,ff322a9d-1994-43f1-ae70-a293596a7508,2026-04-03 15:15:22.300159+00:00,2026-04-03 15:15:22.300159+00:00
22defb1c-59fa-4b5f-92bb-6b0d60824675,6a6e2de6-bd2d-41d0-b470-28be7769ccc1,ff322a9d-1994-43f1-ae70-a293596a7508,2026-04-18 12:40:57.574904+00:00,2026-04-18 12:40:57.574904+00:00
7cd69316-8fb6-4d39-b40c-4dffb11808ab,af3ec286-9063-4880-b151-9001c6270012,ff322a9d-1994-43f1-ae70-a293596a7508,2026-04-18 23:28:56.819191+00:00,2026-04-18 23:28:56.819191+00:00
2eb297c7-d998-4435-a393-1ebe192ac440,d90f1aa4-af9f-405b-8721-120c4cdd9183,3ae48cb8-b998-439c-9dea-21caa748349a,2026-04-01 03:50:48.739687+00:00,2026-04-01 03:50:48.739687+00:00
a4e19e7d-1979-47cf-b53a-a9c073c8f036,46a4335d-f847-4084-8e95-a6a9d4c0bc7a,3ae48cb8-b998-439c-9dea-21caa748349a,2026-04-22 12:11:38.668441+00:00,2026-04-22 12:11:38.668441+00:00
a07ac2e2-73f8-4bc7-a4ac-14c54b632929,a290c6e8-a50e-47b1-8f5f-1c725badb3ea,3ae48cb8-b998-439c-9dea-21caa748349a,2026-05-24 00:55:52.552697+00:00,2026-05-24 00:55:52.552697+00:00
28f71190-efdc-495f-9cfa-45e94d45d477,5754a20a-f92a-48b6-8a0d-8b74055460d7,4ea7b44c-2520-449e-8c78-f90ce794548f,2026-03-20 15:05:24.234894+00:00,2026-03-20 15:05:24.234894+00:00
55a1d962-0840-4bad-8342-4f2bdc047faa,781228a0-f667-4893-b3ee-1b14a88b05b9,4ea7b44c-2520-449e-8c78-f90ce794548f,2026-04-10 23:05:14.982289+00:00,2026-04-10 23:05:14.982289+00:00
79cc4287-04ad-4611-9f0a-49d9c6a5849f,1e265d58-341d-42a9-a7c9-9b29bcdfdb24,4ea7b44c-2520-449e-8c78-f90ce794548f,2026-04-22 02:07:22.232588+00:00,2026-04-22 02:07:22.232588+00:00
1b1816b8-3e5b-45f7-be62-e60302fd8413,fd1a9538-37c1-46ec-8060-3c8313910c83,4ea7b44c-2520-449e-8c78-f90ce794548f,2026-05-20 07:34:21.558255+00:00,2026-05-20 07:34:21.558255+00:00
6070aeb4-cb70-4db0-aca7-75dbfa7fc5da,be991378-fb98-4298-9529-157240b9552c,4ea7b44c-2520-449e-8c78-f90ce794548f,2026-05-31 12:37:18.440413+00:00,2026-05-31 12:37:18.440413+00:00
7f161f49-229b-4ffb-b72d-a9015af2f270,eac34217-e4d7-4ff1-8b6e-4a8160e4e405,ab3db508-c87c-4611-8621-a5bba72529e6,2026-04-10 21:57:28.548723+00:00,2026-04-10 21:57:28.548723+00:00
2f9b1d62-da19-401d-8454-0c76ecd534de,b4c32e6d-f3d0-4820-9eb4-458585395bf0,ab3db508-c87c-4611-8621-a5bba72529e6,2026-04-27 16:19:15.323806+00:00,2026-04-27 16:19:15.323806+00:00
547d600b-c124-4a1a-8c6e-7eb6ab26c217,687d5324-ef77-4934-a4e2-727e6438a4ac,74a9f777-813e-46ac-a620-53d1256e5b4f,2026-03-18 16:49:05.944478+00:00,2026-03-18 16:49:05.944478+00:00
9ea21646-4dc8-4b35-b315-26c6c3c7a06c,6658a6c4-835e-4ba9-950f-a1e2d1957d00,74a9f777-813e-46ac-a620-53d1256e5b4f,2026-04-14 11:23:31.123222+00:00,2026-04-14 11:23:31.123222+00:00
847ab6e8-b626-4b33-991d-008d86883f40,9431763f-9741-4a2c-831c-5fa69a76c9a9,74a9f777-813e-46ac-a620-53d1256e5b4f,2026-05-09 22:45:06.190495+00:00,2026-05-09 22:45:06.190495+00:00
d9dfc50b-7528-4ece-9304-303a4284d5bd,ab7e0c37-d8fa-4685-bd1b-7ef4194be55b,b24d87f7-ba22-44e0-80b3-e01814ff1e3a,2026-03-12 16:14:26.244283+00:00,2026-03-12 16:14:26.244283+00:00
dfeda154-8961-4001-987f-e5d4a8505d89,646f541e-8c90-467b-beb9-10a50d14a52d,b24d87f7-ba22-44e0-80b3-e01814ff1e3a,2026-03-16 19:10:49.444812+00:00,2026-03-16 19:10:49.444812+00:00
50dff010-3d70-4b4d-a019-e8261f517428,24aa7c87-0ad6-4e7c-9bc5-81239dd9c882,b24d87f7-ba22-44e0-80b3-e01814ff1e3a,2026-03-24 18:58:24.214007+00:00,2026-03-24 18:58:24.214007+00:00
cc78e18e-e9eb-417d-a4d0-1453c9610577,d66bebd2-0d33-47d8-8a32-9684e39ba6c9,b24d87f7-ba22-44e0-80b3-e01814ff1e3a,2026-05-25 14:00:11.282587+00:00,2026-05-25 14:00:11.282587+00:00
9e023632-0366-4877-bede-11309dcf5c1e,fa681ac6-75bd-48f6-955b-c41669366dea,b24d87f7-ba22-44e0-80b3-e01814ff1e3a,2026-05-29 04:55:53.021561+00:00,2026-05-29 04:55:53.021561+00:00
ab81d58a-3e08-4e24-a2b5-2efc89683c20,a7d7810c-71e5-4382-b73f-6271c73eed69,7c9986c7-85a6-4c4c-a27e-2ca93632716d,2026-03-13 00:01:10.596833+00:00,2026-03-13 00:01:10.596833+00:00
e45c1462-9260-4e8e-acdc-c4c31df69cb6,707a5028-10aa-49e4-943c-eab43ed08404,7c9986c7-85a6-4c4c-a27e-2ca93632716d,2026-05-02 02:10:45.072693+00:00,2026-05-02 02:10:45.072693+00:00
99af6f59-c9e3-45a0-9075-1afecaae6b4a,cbf065f3-cdb2-427b-bab0-b7c4edc8848d,7c9986c7-85a6-4c4c-a27e-2ca93632716d,2026-05-14 23:48:04.707545+00:00,2026-05-14 23:48:04.707545+00:00
1c76ac02-b293-4aac-8f52-4ab692d07255,8e8ad928-55dc-4469-8011-82e492a8b576,a48445c8-3e0d-426f-a193-5dc91484dd55,2026-04-03 04:21:01.371730+00:00,2026-04-03 04:21:01.371730+00:00
b0b7c9cc-0558-41cf-ab91-2f098b2b71e5,9f4ac190-e1ed-4a01-9af9-09c8d9f90e32,a48445c8-3e0d-426f-a193-5dc91484dd55,2026-04-26 01:28:36.143260+00:00,2026-04-26 01:28:36.143260+00:00
b9b69dc4-778b-4fe2-9ce9-cd087c16a374,b13bdac9-aaab-41d6-a13b-1fef47a17e6c,c830326a-d4bd-46cb-8662-1c5a744e16dc,2026-03-09 01:10:37.492818+00:00,2026-03-09 01:10:37.492818+00:00
61356360-ada6-483c-baa8-01fc8335a81d,cb65e010-60a9-4d58-b19d-c62e4eb61ff1,c830326a-d4bd-46cb-8662-1c5a744e16dc,2026-05-05 14:13:18.539531+00:00,2026-05-05 14:13:18.539531+00:00
2c3ba7d0-cea8-4378-b940-d2d1d7c133ab,a944d4d7-124f-43bf-a5eb-cae210a8e16f,be1ab651-35f7-4523-9456-c56f9eb8fb31,2026-03-13 18:13:33.244161+00:00,2026-03-13 18:13:33.244161+00:00
6c636833-0d79-436f-afde-044d15dbb96a,c9caeccb-641e-417d-97e9-736b0022430c,be1ab651-35f7-4523-9456-c56f9eb8fb31,2026-03-20 14:03:46.743850+00:00,2026-03-20 14:03:46.743850+00:00
73def76d-8201-4a78-8915-15cee27cf12b,081347c7-9eef-446c-bd49-7f4dadcb37b9,be1ab651-35f7-4523-9456-c56f9eb8fb31,2026-04-27 03:22:50.214732+00:00,2026-04-27 03:22:50.214732+00:00
9ccc7ee6-5ddd-45f1-9c7c-8d9c1d1aca43,457c4909-099c-4985-accc-a643abedada1,be1ab651-35f7-4523-9456-c56f9eb8fb31,2026-05-18 08:26:58.232636+00:00,2026-05-18 08:26:58.232636+00:00
12407121-359b-4b20-985a-e14eeedf67fc,aa44488b-372a-45cf-a437-9f85b0a454af,93ee08be-5497-4c56-8591-0bcd8bde7ff0,2026-03-21 20:04:05.671758+00:00,2026-03-21 20:04:05.671758+00:00
6040613e-37af-46dc-bcc8-06147755c6cc,5b7d0591-e2d2-4db9-9d90-ee9e883fc039,93ee08be-5497-4c56-8591-0bcd8bde7ff0,2026-04-17 11:53:25.810069+00:00,2026-04-17 11:53:25.810069+00:00
ebac1de8-7fa5-4f49-bd09-cd273543d0dc,12236c6b-475e-4fb4-ab98-b7881d872477,93ee08be-5497-4c56-8591-0bcd8bde7ff0,2026-04-21 09:56:00.040682+00:00,2026-04-21 09:56:00.040682+00:00
cae2a66a-7202-4db0-8e73-13f50e216c44,eb2ca4be-724c-4f53-aec7-2b26e299845d,93ee08be-5497-4c56-8591-0bcd8bde7ff0,2026-04-22 20:33:11.378264+00:00,2026-04-22 20:33:11.378264+00:00
dc838686-f12e-4844-8c0d-59752cdd6c94,150ca26a-5ca4-4e93-a8f9-d15258c86ade,ab930694-1148-4e8b-9ca7-aa4277dbd583,2026-04-10 20:49:18.143110+00:00,2026-04-10 20:49:18.143110+00:00
32a52dbc-b2e9-48e1-9fc3-60833fdf6e7e,0f0af032-248f-4c20-9a85-1f11e7e2f9d2,ab930694-1148-4e8b-9ca7-aa4277dbd583,2026-04-16 19:02:23.935471+00:00,2026-04-16 19:02:23.935471+00:00
e3347d55-27aa-4a2a-a9df-d22090f13463,02973209-4503-4393-a1ec-99ab1512020a,ab930694-1148-4e8b-9ca7-aa4277dbd583,2026-05-10 05:52:04.656123+00:00,2026-05-10 05:52:04.656123+00:00
d8436948-f3fc-4d82-8751-068cf60f4f70,c82ccd09-709b-4c9f-b932-b26a79c63294,ab930694-1148-4e8b-9ca7-aa4277dbd583,2026-05-10 19:11:09.395618+00:00,2026-05-10 19:11:09.395618+00:00
e4de7688-2ebb-428e-acc5-bb651f26a7e2,b3687fcb-0962-4487-94f1-ec2bebef7094,ab930694-1148-4e8b-9ca7-aa4277dbd583,2026-05-15 02:34:58.519550+00:00,2026-05-15 02:34:58.519550+00:00
04b87f93-526f-4618-bba5-deaa7f54143a,bd26bbc1-2811-4822-adfa-7e6b4db8ea55,c8dd54e0-b7d1-4030-88c2-a9b03608ce69,2026-04-12 00:52:59.210789+00:00,2026-04-12 00:52:59.210789+00:00
8a426c38-f89e-49fd-b60d-85e06e5ce4fa,6dd51b68-8669-4aa4-98d2-19f26a304d53,c8dd54e0-b7d1-4030-88c2-a9b03608ce69,2026-04-16 07:55:48.031820+00:00,2026-04-16 07:55:48.031820+00:00
cc924071-0b9e-49ca-b8e8-b4c7abceacb4,dced316b-457b-4e32-aac1-bc26e4f0c7e8,c8dd54e0-b7d1-4030-88c2-a9b03608ce69,2026-05-02 12:19:03.896594+00:00,2026-05-02 12:19:03.896594+00:00
ee4c6912-1817-40bb-aa52-57eb759bae79,43e598e5-f505-4f95-a323-0c3ab4b893bd,c8dd54e0-b7d1-4030-88c2-a9b03608ce69,2026-05-20 15:06:22.571642+00:00,2026-05-20 15:06:22.571642+00:00
e9ff4717-e29d-45a3-a9ef-a019c58f813f,11bf892b-5c2d-47c7-a77b-eafb56161abc,c3d1c070-46af-4102-9c01-03571b6079a3,2026-04-11 19:23:16.886936+00:00,2026-04-11 19:23:16.886936+00:00
9b4a7e7c-6b0d-4682-8d2a-ab1d550d0470,f83887d2-0d0e-4be0-84c7-559ef24fdb01,c3d1c070-46af-4102-9c01-03571b6079a3,2026-04-24 12:18:21.953360+00:00,2026-04-24 12:18:21.953360+00:00
e796c6e1-6d03-4472-b1ef-5249fa09c017,eec7cec7-fbfc-418b-89e7-bbdb76e6e133,c3d1c070-46af-4102-9c01-03571b6079a3,2026-04-27 19:04:06.930601+00:00,2026-04-27 19:04:06.930601+00:00
a35d03ec-7856-433c-8c66-0b11fa2e7469,f8d7abcc-9ddd-45bc-81c7-ce24fb17ba8d,c3d1c070-46af-4102-9c01-03571b6079a3,2026-04-30 06:46:46.963172+00:00,2026-04-30 06:46:46.963172+00:00
864e12d0-51d6-4a93-86cc-65900b657fb7,3b22c30c-ffc2-4b09-89c4-d27da94fc16c,c488ebd5-b4d1-465d-aa30-e0f1c2ac7398,2026-03-19 11:35:44.393059+00:00,2026-03-19 11:35:44.393059+00:00
5dcb96e0-dcd3-496e-aed7-a80890944021,fa8210f6-3647-4c3e-ab99-bcf097f7c03f,c488ebd5-b4d1-465d-aa30-e0f1c2ac7398,2026-03-20 08:30:32.443824+00:00,2026-03-20 08:30:32.443824+00:00
f9738909-65ce-4456-9596-9004b7b3f2a8,bb7bfe3e-49bc-41a0-b71a-a10fe8bf8960,c488ebd5-b4d1-465d-aa30-e0f1c2ac7398,2026-03-29 08:17:17.990527+00:00,2026-03-29 08:17:17.990527+00:00
9b1f8694-dee4-43eb-8767-73f5da789950,75a99ad9-c56e-4c46-bbb5-17d090170d95,c488ebd5-b4d1-465d-aa30-e0f1c2ac7398,2026-04-09 17:33:52.966824+00:00,2026-04-09 17:33:52.966824+00:00
31100662-1a33-4195-bfe5-e95402abcf4a,3c414371-9f3e-40cc-86dc-c9edf87f8789,c488ebd5-b4d1-465d-aa30-e0f1c2ac7398,2026-04-22 02:23:22.911329+00:00,2026-04-22 02:23:22.911329+00:00
59179f80-4abb-4917-b7c7-d93a6b8de2dc,e3b42259-1d80-40f2-949b-1ab402324a0d,389109a4-b020-4e2c-9a3d-35c8a80e043a,2026-03-14 20:14:19.074105+00:00,2026-03-14 20:14:19.074105+00:00
7a8b52e7-e4ad-433a-8d80-037f50cb4fa7,60ba9a8d-1650-49f2-b9dc-b0479c748618,cb2d34a0-b260-49ab-b063-71a0d75308da,2026-03-28 16:16:41.860080+00:00,2026-03-28 16:16:41.860080+00:00
12751caa-7059-4f03-9666-b14244f7f943,35e556dd-48a9-4045-a211-6e6d33e9eb43,b325df15-fecf-49c9-adf2-08cd277730ee,2026-04-10 19:27:31.804491+00:00,2026-04-10 19:27:31.804491+00:00
60033071-bb83-4a51-86fe-4c99107d1820,eddfd57d-fd7c-4678-a8e2-283e806dd3a3,9ca97dfe-8c10-44e7-a316-9c30f470357d,2026-04-24 17:59:03.200444+00:00,2026-04-24 17:59:03.200444+00:00
501fa4d9-c46b-42f8-95d9-6e26de3151e8,f804c30c-968e-49fb-9f04-7735c8046763,f5398e06-b177-4162-889a-df87ae8b11e6,2026-05-15 12:13:14.017285+00:00,2026-05-15 12:13:14.017285+00:00
c0f24f7e-ce39-4a43-bd18-1ddb2e968aea,535d471a-089a-40ed-ab1f-0273286fcec3,4ccd69cf-fe54-453d-9972-e0d2fde9b1ca,2026-05-10 07:14:35.867353+00:00,2026-05-10 07:14:35.867353+00:00
7a6521af-4eff-4a5d-9f9b-c6007b65eccb,54095893-a64b-4249-b8c2-23ec7edb4f9e,4ccd69cf-fe54-453d-9972-e0d2fde9b1ca,2026-05-11 01:38:57.979520+00:00,2026-05-11 01:38:57.979520+00:00
cd285ada-cc1e-4265-98ea-0364ce0ca660,7550beea-47df-40f9-a6ee-8d19ce4d72ff,5404b98e-e9c8-42c0-bf2e-334ba58421c0,2026-03-04 23:45:15.478498+00:00,2026-03-04 23:45:15.478498+00:00
b19472e5-4697-487d-a85b-90be98c457c5,41fa2e75-e52f-494b-a355-2860a2264b26,5404b98e-e9c8-42c0-bf2e-334ba58421c0,2026-05-22 14:08:35.789228+00:00,2026-05-22 14:08:35.789228+00:00
0d8aca24-34bc-44c8-a3af-0367553e1098,f7b964de-0dd8-41ba-b1b3-7ff8b279e3da,71812cc9-6254-463e-a9f1-5978e8ac7300,2026-03-13 20:29:48.801609+00:00,2026-03-13 20:29:48.801609+00:00
bf960e92-4062-4f37-82e1-f7b413a3356a,414d59ce-2d10-4a35-822a-b86c267a91bb,71812cc9-6254-463e-a9f1-5978e8ac7300,2026-05-03 19:31:17.591213+00:00,2026-05-03 19:31:17.591213+00:00
e3f7908b-35d0-42f9-87d6-b80351f0e4f1,86156702-115f-45e0-90a4-4166f75ab89e,45a0b933-0470-430d-b802-e24959429bcc,2026-03-20 09:33:49.013871+00:00,2026-03-20 09:33:49.013871+00:00
c3aea860-d091-4a05-8720-fff6128a32cb,ec55dc87-7bc9-438e-97cc-908b3726508d,45a0b933-0470-430d-b802-e24959429bcc,2026-05-03 11:59:05.599083+00:00,2026-05-03 11:59:05.599083+00:00
1b356e32-ba94-4932-a809-7956f16ce6a5,6352f83a-e33d-40d9-9abb-d6c18eb2ce96,45a0b933-0470-430d-b802-e24959429bcc,2026-05-25 04:42:19.009407+00:00,2026-05-25 04:42:19.009407+00:00
5bf67af6-550e-4f10-b8e4-3a5315285189,7f958d15-d629-460b-8358-a4ee523f9fd5,541efbbf-4dd5-4e7c-ab5d-4d7068da03a5,2026-03-18 14:36:58.868969+00:00,2026-03-18 14:36:58.868969+00:00
e0afc1ef-5eb4-439e-b4ac-56066d09c88a,eb284870-1e30-48ff-9669-0e169a125542,473f79c6-5bfc-460a-9f12-401c2d76f5dc,2026-04-09 10:03:02.051485+00:00,2026-04-09 10:03:02.051485+00:00
f5ac3743-b4d2-4d5f-bee0-585b65206371,801918d2-39c9-4b8c-be07-0ab4a66ec3dc,03242ebe-f8f4-46ba-bbdb-7bd4239ca617,2026-04-10 03:11:05.090620+00:00,2026-04-10 03:11:05.090620+00:00
1769ea7d-73f6-46c2-bf4c-5980e5451e97,f1bf3870-20ea-4aca-a19e-6882f30cf339,9eb03db9-1421-4f54-acac-f4bd2e6fd556,2026-05-23 12:40:46.129016+00:00,2026-05-23 12:40:46.129016+00:00
0e38ed49-9b43-431e-a7b9-826aa0865c1d,e6aa47d6-97ec-4313-874b-9fac1b302066,b807b124-acb6-4dbe-b82f-b90fba911a78,2026-03-31 18:15:55.412420+00:00,2026-03-31 18:15:55.412420+00:00
40a0094b-2a28-4bb3-a9bd-c1a9a078a803,d27f6f66-bee2-41d8-9263-222bc9822a0e,fe3ff92f-873d-46ce-b016-0373e434e94e,2026-04-10 14:09:46.545790+00:00,2026-04-10 14:09:46.545790+00:00
271634e8-6d04-4c30-8239-0432d13be844,9d0f128e-db3f-4029-a8a5-734a79ab672b,1cc5ec8e-f823-4199-9bb9-dd3d52852324,2026-04-29 01:46:00.618360+00:00,2026-04-29 01:46:00.618360+00:00
a15e5afe-65ef-4d2f-84cc-91d7fa0c1ebd,090735d7-b3e5-4251-9570-98eefe9eaf34,95dd3417-834c-4b99-bced-9bba92247832,2026-05-17 20:38:53.635219+00:00,2026-05-17 20:38:53.635219+00:00
3312b7be-5261-4d1e-9da0-3bedde840bde,bd313256-f547-49c5-8738-fd00f5db195a,1c8fe25b-38aa-404a-b374-4a0580ca713b,2026-05-30 03:36:40.821058+00:00,2026-05-30 03:36:40.821058+00:00
9794c9a5-f6a6-44ef-a186-b2046b4c3c05,5af1a710-012b-4f43-bfca-f7ffaf9a43d5,6ee5e318-7190-4af9-a0ec-ea80c50b01e1,2026-03-19 14:54:49.036537+00:00,2026-03-19 14:54:49.036537+00:00
40bd8a9d-2a33-468d-80c4-ce5ea999ab2c,8e50d0dc-a3e3-432a-a71c-1e4d78f416ef,6ee5e318-7190-4af9-a0ec-ea80c50b01e1,2026-05-01 02:25:12.500873+00:00,2026-05-01 02:25:12.500873+00:00
0613ba9e-c6d9-4ccb-9e7a-d09d4f09d60e,b8e11c6c-7b4c-485e-9daf-ec2af5c32440,5da19148-9f9f-4a6d-bfcf-57640e9f724f,2026-03-18 13:09:31.055251+00:00,2026-03-18 13:09:31.055251+00:00
4d895563-f905-4d01-8f02-6cec47fde551,9535735c-be2a-4d43-ae85-60d0911e3d90,5c66154c-695d-4b97-9d11-a2d2640bfa9e,2026-03-18 20:59:35.584633+00:00,2026-03-18 20:59:35.584633+00:00
ad70b09e-3298-4cb7-89ad-d208d89e32b1,808a16ff-ad41-4939-b5bc-586bda55d279,6754a0cd-5807-498f-bc16-1c9b192b9c8c,2026-03-27 03:10:36.368887+00:00,2026-03-27 03:10:36.368887+00:00
e49046a3-b314-4806-9886-76005c0e973b,80365879-4ce4-41ff-a1d9-9eb5c4d4704a,6a4deabc-2af5-4ffb-8171-e5d2985f5d63,2026-05-26 14:02:45.418544+00:00,2026-05-26 14:02:45.418544+00:00
9e530eb3-5828-4004-90f6-12a4efaf564e,6e2c6f1e-69ae-4fa3-be66-69ccde40c1fb,e66ee7ed-ff19-4166-89bc-96b31938133b,2026-03-05 08:19:33.963495+00:00,2026-03-05 08:19:33.963495+00:00
96c7ba7a-d6e0-40a7-9303-36e82124e1f4,4fbf2094-a186-4ef9-8d42-fff3399694a1,63d4835a-3909-45ee-89ee-76c5381e7b2e,2026-03-12 19:09:11.667530+00:00,2026-03-12 19:09:11.667530+00:00
6bc640a1-99b4-4870-a2f8-ec9eff6a2877,7eedfb7d-1bcf-44d4-b265-49ab8f19aecc,edcbb7f8-4b27-4de2-a636-2a51933b340a,2026-03-18 00:56:01.277536+00:00,2026-03-18 00:56:01.277536+00:00
aea74b7f-45ea-4e24-bf81-a97c0947fe75,731bdee7-1e43-4ebe-bd95-b5c451f5d188,89892e4b-9170-436a-8975-95a75adc92b4,2026-04-01 05:44:15.944963+00:00,2026-04-01 05:44:15.944963+00:00
e35fd00b-5a73-4d05-8439-c194b0611184,a0d73c44-cdfb-4249-9612-dcda9927c5b0,2608a51b-9aa4-4500-90db-7f6d8d6d068c,2026-05-07 05:55:53.480805+00:00,2026-05-07 05:55:53.480805+00:00
11e29ae6-f3e3-463d-8f14-81c0bcc08573,f44d6e93-0614-4a56-b859-331fc81028bc,83671ce7-774f-42f4-8482-bce180d39e74,2026-03-15 04:06:48.478033+00:00,2026-03-15 04:06:48.478033+00:00
3e4e4930-b204-4fd3-80ff-cd88d3c63add,49f31c8e-205c-4f3c-994e-83d8cd822fbd,5401603a-b0dc-4efe-a116-4d80d15cc0c5,2026-03-25 10:39:44.927968+00:00,2026-03-25 10:39:44.927968+00:00
50e318a3-056c-44ef-842e-f8aaac5b6180,0c112ebd-bcee-4e12-96f1-904c99ea9338,23d6c431-0b30-4683-8d0e-4dc0a2836f30,2026-04-03 18:51:18.280514+00:00,2026-04-03 18:51:18.280514+00:00
a44f56e5-50f2-4cf0-a68a-979ab9214cca,71c5c37f-1512-47b5-aa13-eebe71afa180,9260adc8-0a6e-4f6e-9d82-066888195eb8,2026-04-05 07:10:44.785548+00:00,2026-04-05 07:10:44.785548+00:00
9bce2b97-6fa8-413e-b5c8-99b12f8f510a,3be2db8f-2253-4410-a35d-734d63974192,0a28cff7-d4d6-4c64-8e39-1262063234ff,2026-05-20 07:42:23.738391+00:00,2026-05-20 07:42:23.738391+00:00
939cd1ac-d3b9-483a-ac6a-74b9d1ff39aa,4fb7d541-b6a2-45f9-b746-e2b42c5f90a8,9b7d8226-1b96-4341-997d-761bebcb8c57,2026-03-15 06:17:08.680479+00:00,2026-03-15 06:17:08.680479+00:00
358c940b-04a5-4f28-a841-f452fb9e2725,2b4e6256-f1c2-4a7a-b231-c5d76f72b125,9b7d8226-1b96-4341-997d-761bebcb8c57,2026-03-16 03:57:35.085092+00:00,2026-03-16 03:57:35.085092+00:00
37e6b0fc-8d01-4130-9adc-c6d732e27498,089d0a8a-9fbe-4cbc-9563-fa18f6f5de49,9b7d8226-1b96-4341-997d-761bebcb8c57,2026-04-08 14:31:38.610445+00:00,2026-04-08 14:31:38.610445+00:00
76a0a5c6-b3ef-46ee-88fe-d5fe7d732fe8,d63aebd7-677f-4691-863c-91f2b14c5e89,9b7d8226-1b96-4341-997d-761bebcb8c57,2026-04-10 13:05:12.526744+00:00,2026-04-10 13:05:12.526744+00:00
b4548aa3-e4c8-4700-9b8a-8fc873b936af,02fdb7db-9500-42b3-b491-3016dc44e7bf,e57e4e3c-06be-440b-9598-1b24c58f6a3b,2026-03-20 07:08:37.154838+00:00,2026-03-20 07:08:37.154838+00:00
ba63d574-96f9-4690-8b44-de40e0285222,1fb4e6b2-307f-415b-b383-ba22e104f79a,e57e4e3c-06be-440b-9598-1b24c58f6a3b,2026-03-27 23:04:11.228089+00:00,2026-03-27 23:04:11.228089+00:00
1eb546f5-d22f-4176-a1f9-f86bf6f974c1,3dc1d65c-7ad6-45dc-814b-c6d75741b297,e57e4e3c-06be-440b-9598-1b24c58f6a3b,2026-04-23 06:29:22.211339+00:00,2026-04-23 06:29:22.211339+00:00
de4f2c00-a1da-4433-a37c-9754675b4d58,1b0d74a2-a4df-4318-b0fd-138a1506c676,e57e4e3c-06be-440b-9598-1b24c58f6a3b,2026-05-10 07:03:59.511466+00:00,2026-05-10 07:03:59.511466+00:00
aa8a3af7-b6bf-4edc-a570-4b318a8e87ea,96397909-4e7d-449f-a2e4-94199cd6b3b8,e57e4e3c-06be-440b-9598-1b24c58f6a3b,2026-05-29 02:40:15.451537+00:00,2026-05-29 02:40:15.451537+00:00
4f36af87-5cca-4811-ab24-6f0686bc1aec,778b6147-c4e4-4c6a-9c5c-db54ca8eb7d2,e6d39706-e7b4-4634-97c2-d0979a537853,2026-03-29 02:01:48.429046+00:00,2026-03-29 02:01:48.429046+00:00
7ab1ead8-f9f0-4328-acee-d7c6792d04ed,5a27be4f-fea1-43d1-bd9a-71ea2739eda5,e6d39706-e7b4-4634-97c2-d0979a537853,2026-05-06 22:13:44.866142+00:00,2026-05-06 22:13:44.866142+00:00
b2566692-f936-45f4-8fd8-0fede8db5a62,b1684f98-eeb2-47b1-9b98-0298fa410eca,e6d39706-e7b4-4634-97c2-d0979a537853,2026-05-12 08:35:52.301411+00:00,2026-05-12 08:35:52.301411+00:00
9a5401f8-13fd-4578-8885-7a0639e3c4f6,6ba280ba-10f9-46ff-9e80-fbd5163aaa31,e6d39706-e7b4-4634-97c2-d0979a537853,2026-05-26 02:13:07.740119+00:00,2026-05-26 02:13:07.740119+00:00
353e02c2-8e53-4518-afd5-31902c2a87d8,f9ea45f0-23e0-4ecf-b975-76db84dc4c4c,be9bc62b-698a-451e-b939-445d585a6e5b,2026-03-12 12:55:53.221324+00:00,2026-03-12 12:55:53.221324+00:00
37172c0e-671b-4209-a03f-47c3b078001c,929cb861-8493-4f59-bbc3-2e9a660c6d11,be9bc62b-698a-451e-b939-445d585a6e5b,2026-04-03 03:57:54.661864+00:00,2026-04-03 03:57:54.661864+00:00
cf80cada-8951-46bc-a920-8933de534fa0,bd71ef68-4130-41c5-a1ff-141b3c96d46e,be9bc62b-698a-451e-b939-445d585a6e5b,2026-04-18 03:02:50.842399+00:00,2026-04-18 03:02:50.842399+00:00
dce1196c-4369-4f0f-af60-d23a73b2ba78,d6da5cea-eccc-4eeb-9e8c-a797bae8d3d1,be9bc62b-698a-451e-b939-445d585a6e5b,2026-04-19 12:34:21.847453+00:00,2026-04-19 12:34:21.847453+00:00
20c73b1f-9ead-436d-968d-15f39acd36f8,e17cde7b-da75-49d4-9f9a-f452f722b842,be9bc62b-698a-451e-b939-445d585a6e5b,2026-05-23 04:30:30.289370+00:00,2026-05-23 04:30:30.289370+00:00
9b29679d-6f60-429b-a670-5880d6710e39,7dd2758f-0ece-4e22-91b4-10291565fe85,1fb5c769-a4ef-4cdb-a593-be0658e73f26,2026-03-18 01:54:57.441153+00:00,2026-03-18 01:54:57.441153+00:00
169898d9-d2ea-4a76-83c0-55ab0bc8979f,c910b745-9012-4de9-ba8b-0f60563c6942,1fb5c769-a4ef-4cdb-a593-be0658e73f26,2026-03-25 18:14:54.478128+00:00,2026-03-25 18:14:54.478128+00:00
16d195b5-dfc3-48a4-b94b-d00593f92081,48a47171-157d-4b29-957d-edac8c8105e7,1fb5c769-a4ef-4cdb-a593-be0658e73f26,2026-04-02 05:41:14.688390+00:00,2026-04-02 05:41:14.688390+00:00
ec31435b-af7b-4f79-8755-564fea7f6174,3d220aa8-68e7-48ac-8e9f-ca358911d7ff,1fb5c769-a4ef-4cdb-a593-be0658e73f26,2026-05-11 20:07:41.626356+00:00,2026-05-11 20:07:41.626356+00:00
0deea2c8-616a-4430-a83f-03d09c14447d,f724328d-fe12-4502-8a52-4272044bd9d2,1fb5c769-a4ef-4cdb-a593-be0658e73f26,2026-05-22 01:15:53.827084+00:00,2026-05-22 01:15:53.827084+00:00
8607289e-97e9-4ac8-a767-5daee3f83f64,03c7733a-eb77-4ded-bcfe-d68f13578b2b,e23bd21f-5fcb-4d59-a6e7-3383327d93a4,2026-03-13 09:17:31.534181+00:00,2026-03-13 09:17:31.534181+00:00
6492c627-9db9-4f00-8e39-72a80a15920a,e5c7f4ab-a2a6-4a8e-935a-34ed83866dae,e23bd21f-5fcb-4d59-a6e7-3383327d93a4,2026-04-07 07:16:49.562926+00:00,2026-04-07 07:16:49.562926+00:00
43f40d47-e4f2-4d19-a6b2-5cd310c0c91f,192c6dba-48a4-4e06-9a6a-5d061afae433,e23bd21f-5fcb-4d59-a6e7-3383327d93a4,2026-04-27 13:21:58.883993+00:00,2026-04-27 13:21:58.883993+00:00
860a9191-43f0-4dce-8a0d-09d8d904edc9,87d1e8b3-f619-4e34-867e-38fc6e8b8f1f,5eb6a136-1df4-434a-ac25-6edb0b3fc11d,2026-04-23 11:21:35.418273+00:00,2026-04-23 11:21:35.418273+00:00
9bcc55d4-5e15-4067-9513-bc5f1fbc325b,cd625ea3-5a6e-453f-bfb4-93ea05ca47b3,36d84d99-8261-41f5-9f0f-cfa62d1112cf,2026-05-15 02:36:52.821466+00:00,2026-05-15 02:36:52.821466+00:00
7f35d02a-cad6-4097-95bb-078f2d0db235,c6867e54-507a-4f4b-8a6c-b93894022668,03240b13-4ea9-4dab-84eb-235533c20840,2026-03-17 17:56:38.514478+00:00,2026-03-17 17:56:38.514478+00:00
7a090055-d170-44ce-994c-5a57f303fda2,97bd4065-c2a8-4e83-8b1f-5a0c8fccb3b8,03240b13-4ea9-4dab-84eb-235533c20840,2026-03-18 12:34:37.395120+00:00,2026-03-18 12:34:37.395120+00:00
93cea263-354e-4ee5-a886-aac34c025df3,b1220ee4-e1be-4d17-b1a1-1626b5093c7b,03240b13-4ea9-4dab-84eb-235533c20840,2026-04-06 19:36:56.370176+00:00,2026-04-06 19:36:56.370176+00:00
de9fa71b-b578-4699-af97-3cfd550f98bf,78df16de-d76b-42ae-a2c5-07233aae2660,03240b13-4ea9-4dab-84eb-235533c20840,2026-04-18 02:29:37.211023+00:00,2026-04-18 02:29:37.211023+00:00
70dae1dc-8bb8-482d-b51d-8db5d9dcd2d4,5bb10eff-0d28-43b1-b7cc-8fabd3ee573d,56093b69-638a-4861-b27a-2055f6b10463,2026-03-24 00:54:24.429863+00:00,2026-03-24 00:54:24.429863+00:00
ddaae74e-5ff7-4956-b61e-99b170595571,5a36aba1-c491-418f-b916-506bf14973c6,56093b69-638a-4861-b27a-2055f6b10463,2026-03-28 21:30:21.696281+00:00,2026-03-28 21:30:21.696281+00:00
fa6a7f3c-477e-4385-8dfe-d356563d0abe,f3555453-3634-43a9-a1aa-7fd5ae988415,56093b69-638a-4861-b27a-2055f6b10463,2026-04-17 00:02:09.490585+00:00,2026-04-17 00:02:09.490585+00:00
09018bab-a708-41da-ad0b-fc31a01d56fb,57d67517-f2af-4a41-bb26-23c3bdf1d536,56093b69-638a-4861-b27a-2055f6b10463,2026-05-01 17:37:32.683357+00:00,2026-05-01 17:37:32.683357+00:00
7335592a-4a39-402a-b8c1-e845e536335b,10b4d87b-b678-4a13-ad7c-417e45d103f0,56093b69-638a-4861-b27a-2055f6b10463,2026-05-12 14:29:29.372089+00:00,2026-05-12 14:29:29.372089+00:00
b1b82b10-fc44-43d6-879e-137f262d93bd,c93acf7c-4612-4e2c-8e0c-91e334aa2823,4548aee8-ea9b-4fa0-baff-e14044ce52a2,2026-03-09 00:56:15.004596+00:00,2026-03-09 00:56:15.004596+00:00
e1b7e1cf-4410-4268-b18e-f0a1cf91734a,9fe62ac8-a0cf-4a62-aab5-90541351c334,4548aee8-ea9b-4fa0-baff-e14044ce52a2,2026-03-12 07:54:37.407602+00:00,2026-03-12 07:54:37.407602+00:00
e8fcca7a-432c-4042-9504-b76ab50d4593,5beffcf0-87ef-4311-8ff9-707f992e701d,4548aee8-ea9b-4fa0-baff-e14044ce52a2,2026-05-07 17:27:28.363110+00:00,2026-05-07 17:27:28.363110+00:00
23b79c11-026e-4967-b077-6d822b163685,95819980-14e5-4125-9b9e-8dab5d59a166,4548aee8-ea9b-4fa0-baff-e14044ce52a2,2026-05-10 07:54:00.134289+00:00,2026-05-10 07:54:00.134289+00:00
3a38c27a-1dc3-4122-b13f-5b69441b776c,a25206f2-6119-4117-9929-f1af55c2e16e,4548aee8-ea9b-4fa0-baff-e14044ce52a2,2026-05-31 04:33:56.237446+00:00,2026-05-31 04:33:56.237446+00:00
971d4ae5-eebc-4b2a-91d6-ef70c92e0c4b,1444615b-f110-4321-a6cd-3ef65c9f1a49,08b16812-6e57-4238-b43d-907d4a472bc4,2026-04-01 09:59:07.060990+00:00,2026-04-01 09:59:07.060990+00:00
093dad25-506d-4a55-bfdd-babbe41772ea,554069e8-f7e0-4736-a5c9-e6e8f4ab8e2c,08b16812-6e57-4238-b43d-907d4a472bc4,2026-05-11 14:25:33.228452+00:00,2026-05-11 14:25:33.228452+00:00
ea38e895-acdb-4d08-bcf3-19438124fc9f,a7ab88dc-18c8-4d10-8bcf-5026e7d05704,1e23c294-fc86-45ef-bdc2-4449dfeac7b1,2026-03-03 18:09:33.460538+00:00,2026-03-03 18:09:33.460538+00:00
e05788f7-5e8d-451a-a62a-a86028112995,ce59f6f2-a2b0-4db1-a79e-7d634b07c39f,1e23c294-fc86-45ef-bdc2-4449dfeac7b1,2026-03-04 19:01:44.050904+00:00,2026-03-04 19:01:44.050904+00:00
b95878cb-6859-415f-8f8b-ce6b4fd427af,f1df5c64-2b03-447b-9b48-98d17eb7c08c,1e23c294-fc86-45ef-bdc2-4449dfeac7b1,2026-03-17 09:26:23.231845+00:00,2026-03-17 09:26:23.231845+00:00
a7ebabdd-b164-4c8d-b559-1d726bef94d6,7c36420e-ab01-4063-924f-0b31e9b2b0da,1e23c294-fc86-45ef-bdc2-4449dfeac7b1,2026-03-29 09:40:36.130513+00:00,2026-03-29 09:40:36.130513+00:00
acc4a854-f82b-49a7-82b0-f2f84bb38790,f0fdc74e-d2b9-4b48-b342-4827289c6eef,1e23c294-fc86-45ef-bdc2-4449dfeac7b1,2026-04-28 08:07:03.434512+00:00,2026-04-28 08:07:03.434512+00:00
43aca03f-a4fc-4aa7-b953-e5d19c4c9f69,e1824402-0f8c-4aae-86ec-dd8a29064ec8,189ab859-2482-4eec-9bec-8a3cdc4ef0cf,2026-03-18 19:00:18.749279+00:00,2026-03-18 19:00:18.749279+00:00
9d8b18c1-76dd-48b3-9511-25d88ba09d9c,fe296b75-1c82-4429-841a-a89bdca25b9c,189ab859-2482-4eec-9bec-8a3cdc4ef0cf,2026-04-20 00:01:09.610284+00:00,2026-04-20 00:01:09.610284+00:00
98ee33b5-e93b-48a8-b94e-72f083811680,b1c0ab2b-92e3-41cb-8e19-63a8aa3a6815,189ab859-2482-4eec-9bec-8a3cdc4ef0cf,2026-05-18 22:23:11.033068+00:00,2026-05-18 22:23:11.033068+00:00
e454afca-15ce-42d7-8058-2b1bf529feb1,2ea7804a-8cda-4ccc-adf8-33539b18b433,189ab859-2482-4eec-9bec-8a3cdc4ef0cf,2026-05-29 21:20:57.250537+00:00,2026-05-29 21:20:57.250537+00:00
33991cb2-3cba-4dc9-90f2-d26d360194f4,f2d80f50-ae02-41cc-b46a-acd84637e856,8dda3f5d-9141-4466-bce5-513938e3c008,2026-03-18 13:27:14.097856+00:00,2026-03-18 13:27:14.097856+00:00
bd5c5162-de39-4bca-a5e9-cb5f0df68e9b,4060b2da-9059-40a7-b51d-0b4fb07b3a42,78867e12-7c38-4aa2-991c-fb324482794d,2026-03-20 03:06:51.298313+00:00,2026-03-20 03:06:51.298313+00:00
86a4b6a5-3d8c-411d-9828-4e894f65c13f,e6cd2d52-04c4-4a25-b884-32a5d4a38a6b,e0156648-7d1e-4483-a9af-004595ef6d8d,2026-03-30 19:06:55.701401+00:00,2026-03-30 19:06:55.701401+00:00
feca55af-4726-4a2d-a37a-cf5dd0114de4,0daaaf7b-9f08-42eb-b0d2-206c2c38d7e7,2f06e08a-59a4-4323-b080-34b13a63f925,2026-03-09 11:47:02.061930+00:00,2026-03-09 11:47:02.061930+00:00
2b5d7da8-a7e8-4fcc-adba-0dd0b8db01d5,8c0289bb-3f21-4ed8-b9aa-eb06e3a7b060,ab912523-5bb0-4595-833b-106b2d755393,2026-03-22 20:07:28.300068+00:00,2026-03-22 20:07:28.300068+00:00
8561cbd0-dfca-4906-bdde-2b5d1aa9e611,d8394e8c-ccf8-4d93-8635-e1a8b39779c3,839842b6-10b3-41e4-95f0-677e5cecacc7,2026-04-15 10:32:27.914425+00:00,2026-04-15 10:32:27.914425+00:00
0cf44978-ec78-4b11-ba24-c932845aea00,82b4a9dd-9e6d-40b3-8cb5-ee47020d1b8c,0545c3e9-6562-43ae-9a71-af65b8af879f,2026-05-11 16:11:42.913687+00:00,2026-05-11 16:11:42.913687+00:00
3293a379-e19c-4088-b8c1-017d467b044f,d24f6ace-a8b2-4b54-b7f7-20234dfa6758,30fd162e-0883-466b-acb2-979558320d56,2026-05-23 16:31:52.938023+00:00,2026-05-23 16:31:52.938023+00:00
52d8926e-45ed-4d73-8b39-08f1f9153b69,9b53c495-fb4c-4d39-bafe-a5223cc2e52e,d65a5407-763e-4f6f-b859-34a1a0f8f0aa,2026-03-15 08:54:43.145885+00:00,2026-03-15 08:54:43.145885+00:00
6ca7d9be-10c3-469f-9ba0-c7b1ff011cde,9ac40569-ad8f-45cc-b0dd-cbe2cda4490e,d65a5407-763e-4f6f-b859-34a1a0f8f0aa,2026-03-16 08:13:41.839364+00:00,2026-03-16 08:13:41.839364+00:00
9d9a3851-2b38-4fae-8df0-86f365685893,f19edcd8-fe74-445a-99f5-62958db60b11,d65a5407-763e-4f6f-b859-34a1a0f8f0aa,2026-04-26 20:23:53.563026+00:00,2026-04-26 20:23:53.563026+00:00
cdf0d750-fb51-4d7d-b957-c9a8e8806afd,96157689-268e-4a29-879a-f1b3fc82273f,66915429-7a57-4f92-9cf4-9986a8df05d6,2026-03-06 07:27:31.472500+00:00,2026-03-06 07:27:31.472500+00:00
f29cdc26-36d9-47d4-8927-ee5d0945b7d5,a2e3e767-b29a-488e-8519-6c3b6eae4906,a292ee66-0943-4184-a52e-c68b8e76cbba,2026-04-21 05:00:41.478952+00:00,2026-04-21 05:00:41.478952+00:00
5016050b-6e7a-4c01-8c2a-b6a822585862,79f41595-3dd6-4701-b2ea-e584a7384df0,310e8b75-e651-4c87-93eb-737348e991d6,2026-04-24 15:18:44.552368+00:00,2026-04-24 15:18:44.552368+00:00
64d87a71-cddd-404a-98f4-a4508c352283,55c77243-55f8-43db-bd5d-6d85ebb13324,5c368c10-4d3c-4b89-9920-1ee54d8586b0,2026-04-13 07:07:32.843969+00:00,2026-04-13 07:07:32.843969+00:00
d05705bf-1eaa-4ee4-a947-d12c3e258e1f,6852d8fb-80e3-4c60-a3f3-28298ca2c1f2,5c368c10-4d3c-4b89-9920-1ee54d8586b0,2026-04-22 11:14:02.571581+00:00,2026-04-22 11:14:02.571581+00:00
dfc250ae-d739-4f50-b9cb-1d30478e6909,f99e7bd6-31c8-445d-ae89-a8a349554f24,5c368c10-4d3c-4b89-9920-1ee54d8586b0,2026-04-25 10:06:52.931546+00:00,2026-04-25 10:06:52.931546+00:00
3663580f-b944-4179-b003-359a6e6f20a1,41209c91-0846-4793-937c-6ecc864326c9,d22ee76d-82ea-4694-a569-e3ebe0948b34,2026-04-03 13:52:23.811600+00:00,2026-04-03 13:52:23.811600+00:00
69b066aa-add0-4520-af0a-b3d6c25d9c77,d6f6fc5a-cbc3-46a3-9b76-ce993dbb8b3c,e7a61b17-ef06-4ab9-ac90-e0a630a1f846,2026-04-09 12:11:33.230977+00:00,2026-04-09 12:11:33.230977+00:00
94735f81-82e1-49f6-b92a-a735c1165af5,e9e7b8b1-69b2-46a5-bd59-2129461a9b09,40b2d8c4-f4ae-49e6-a1b1-f590c0090e82,2026-04-16 13:57:06.443384+00:00,2026-04-16 13:57:06.443384+00:00
b72d7ea2-0380-43c5-84c6-72926c343df5,0cb7c9ef-aeb6-4bcc-a1dd-3df34c25288d,6543f64b-4f31-4dca-aee7-fe8c471c33ad,2026-05-22 09:08:42.264119+00:00,2026-05-22 09:08:42.264119+00:00
6756fb0d-aadd-499b-961c-aac54cbb030a,efc9a8cd-4a21-444d-acad-ba5dea340362,8d116b44-229c-49ad-8695-c85142f11778,2026-03-21 16:25:51.344429+00:00,2026-03-21 16:25:51.344429+00:00
ba448cc4-185f-4bbd-9b5e-5077598abda1,e90368f9-0be1-4738-b9bb-904958b35b9d,8d116b44-229c-49ad-8695-c85142f11778,2026-04-30 14:09:12.965674+00:00,2026-04-30 14:09:12.965674+00:00
05a85282-09f7-468e-984f-adf25e86078f,b0de5a08-81fd-4801-b8fb-12cc16de0702,8d116b44-229c-49ad-8695-c85142f11778,2026-05-02 18:26:14.090888+00:00,2026-05-02 18:26:14.090888+00:00
d1f10797-1063-4f68-b290-bc6b12c039df,f282693c-c8fd-42a3-a372-900c5c8c0b57,8d116b44-229c-49ad-8695-c85142f11778,2026-05-03 11:35:08.601729+00:00,2026-05-03 11:35:08.601729+00:00
64084fb5-5a11-423c-b8b0-1fbfbfdd77ed,540c5b96-2888-4796-819d-6d62ed2d557e,607ca34f-6675-4f9a-8ed0-e4aba86cd95b,2026-03-03 11:10:05.829152+00:00,2026-03-03 11:10:05.829152+00:00
a878936c-454a-42eb-8d12-ec595909e968,284330ae-4ece-4221-866c-bf483e78fe31,607ca34f-6675-4f9a-8ed0-e4aba86cd95b,2026-04-22 22:42:25.066106+00:00,2026-04-22 22:42:25.066106+00:00
7d5a9d10-01b7-42f2-a1a6-a63400ee956d,d2e58aa2-683c-49df-a397-94ba4b140d70,a9ba331b-a894-44c1-9fc3-2317ea47f845,2026-03-07 05:19:22.123119+00:00,2026-03-07 05:19:22.123119+00:00
8b9ea388-ab24-4ea1-a185-234ff57e635f,365419bb-94ac-48a3-862b-2be11a267b71,c1da3eee-84df-4071-a501-20c9db6c3fa1,2026-03-23 21:43:18.994596+00:00,2026-03-23 21:43:18.994596+00:00
2d720e14-0842-4008-8dae-f4d7797d0642,b4fb9f3c-51ce-4873-9789-80ca1e0294d6,b9bff6a0-5e04-4d62-89e3-d827ffc911ab,2026-04-01 12:54:04.785492+00:00,2026-04-01 12:54:04.785492+00:00
9516a24c-4393-4f17-90b0-caea6852b9a8,c4aa7c85-63e0-4bf5-8720-3472fabb2fcb,ef45968c-44b9-4dab-aae0-a96f9a59af5d,2026-04-11 03:58:39.106106+00:00,2026-04-11 03:58:39.106106+00:00
1161ad90-cb01-445e-b44a-717d680afae0,5a49a030-7970-42fe-91f9-b3d827a2f5bf,9a04d27a-b114-4c99-a1c6-e86e79e40fe1,2026-03-05 20:15:41.717234+00:00,2026-03-05 20:15:41.717234+00:00
86560763-fc55-4b24-bc02-cf9f544fec8c,be6ba6b4-5db2-44ee-a63c-33fb43cd795c,25de62b2-d6eb-49c3-9c79-817cecf7670f,2026-03-23 05:47:57.749130+00:00,2026-03-23 05:47:57.749130+00:00
4c9aba60-8f50-46de-bcf6-8e6b039f762b,78dfae9c-e1f6-4acc-9a4d-bbe71ae8dac2,da08158f-2efd-4ba1-8c91-db347002227f,2026-04-03 04:13:28.479503+00:00,2026-04-03 04:13:28.479503+00:00
867f5457-ace3-43fe-80d2-9f19e6e4d0d7,bc49ba46-93c3-4f73-97e2-3dcc4f8043be,b0e01d70-7834-4837-af2c-4743e4ea047d,2026-05-01 00:06:07.625811+00:00,2026-05-01 00:06:07.625811+00:00
6881f0e5-43c7-45a7-aa7b-3c6511901a52,8548affc-0eac-47ab-b732-53eeb72be441,37a5a616-a5d8-4f0e-950b-5a261b153046,2026-05-21 02:36:06.802861+00:00,2026-05-21 02:36:06.802861+00:00
e4c3ab23-8a58-4e8f-9fd0-beab9f194398,cf7c0b56-67aa-4834-a314-af0ff7ebfac5,344e247d-ee2e-4599-b8a5-b4b1dc91b6d1,2026-03-18 13:18:50.353539+00:00,2026-03-18 13:18:50.353539+00:00
5e23f687-fbb8-421d-b0c5-00461d07fb5f,db6342ae-5562-4040-9c2b-55c41bf61b72,344e247d-ee2e-4599-b8a5-b4b1dc91b6d1,2026-04-30 20:58:43.976811+00:00,2026-04-30 20:58:43.976811+00:00
a738b6ce-3ffc-4f87-af95-865b7661a5e6,9c190975-0f77-4d7f-9962-1afc9fa96ca8,344e247d-ee2e-4599-b8a5-b4b1dc91b6d1,2026-05-16 11:56:02.337009+00:00,2026-05-16 11:56:02.337009+00:00
6822b4d4-cb65-4eb5-a717-b670b789145a,ed29cbe4-72e8-4ddf-83a7-43f58fb5d963,a3d04873-cf9e-420a-a24a-51d8358626f2,2026-03-25 07:17:46.734792+00:00,2026-03-25 07:17:46.734792+00:00
9e439cbc-3fff-47c4-a70c-7e8df7a1afae,ec413366-9f18-4467-aade-98dae75eef6c,48c498a2-c0aa-4712-8a14-c81b07965d48,2026-05-02 13:36:09.636929+00:00,2026-05-02 13:36:09.636929+00:00
2793d91d-7ec8-4b2d-9b2d-7557d557affb,1ed4be00-acec-482f-b549-a1ff8f38ec6c,48c498a2-c0aa-4712-8a14-c81b07965d48,2026-05-02 15:40:06.296471+00:00,2026-05-02 15:40:06.296471+00:00
8f7553eb-e1fb-49d4-9610-eef0b49fe7f9,fa8448a0-26b5-4d0f-83e1-6f3b6bd9fec6,59671ca5-a54c-4235-afe8-78ea17217757,2026-05-02 18:21:07.654978+00:00,2026-05-02 18:21:07.654978+00:00
f407b4e7-f075-4123-ad45-3f0037ae9d2f,8bfc5788-4dcb-4a86-a849-d1826b2a98da,48c498a2-c0aa-4712-8a14-c81b07965d48,2026-05-03 03:07:58.444734+00:00,2026-05-03 03:07:58.444734+00:00
bb52345b-973e-45d7-9ec1-628bedbf4de0,48812140-5c77-4eed-91df-e0fe7d2bef40,1ff9d034-a263-4d6a-95e8-02e03e36c197,2026-03-05 21:34:04.342017+00:00,2026-03-05 21:34:04.342017+00:00
a05f8159-f8d2-4cb8-815a-02fd0d15fdb6,0402fd8e-2920-43a5-9ec3-0fbd003f1aac,e1ba3043-aebf-49e0-bc9b-9b15837efeb5,2026-03-18 10:46:28.411895+00:00,2026-03-18 10:46:28.411895+00:00
b3c053fa-67ec-4140-b140-c18f8ef1044c,67e25cbb-b8f2-444e-8df6-9600759613f7,b70fdbc8-3238-4961-b2be-d1f98371663f,2026-03-27 21:44:21.000916+00:00,2026-03-27 21:44:21.000916+00:00
4651f235-42da-483e-a77a-77e868254b2d,86cfe092-ea03-4769-85a2-201505d1290e,b70fdbc8-3238-4961-b2be-d1f98371663f,2026-04-23 11:21:34.078703+00:00,2026-04-23 11:21:34.078703+00:00
29d1e880-79b7-4fde-81b2-cbc2e0f1dd37,91d0e3b9-8853-41b3-a0de-c3cff2582dc2,b70fdbc8-3238-4961-b2be-d1f98371663f,2026-05-11 21:03:08.383455+00:00,2026-05-11 21:03:08.383455+00:00
3b361f1b-f307-4dce-b66e-c54ec72418f4,336d5546-daa6-4a31-91c3-89fb591acf74,b70fdbc8-3238-4961-b2be-d1f98371663f,2026-05-24 03:53:32.443360+00:00,2026-05-24 03:53:32.443360+00:00
687293b6-176a-48ec-8abe-fd9696fffa64,9b0ad745-d946-4bdb-a512-d7575146ea39,b70fdbc8-3238-4961-b2be-d1f98371663f,2026-05-30 02:11:05.542971+00:00,2026-05-30 02:11:05.542971+00:00
367ad672-1a2e-4b0e-96d9-67993bdb37a6,f24440d7-6384-4eb0-8348-458863893e85,e06b29ee-246e-44eb-92e7-9a3b473bb18f,2026-03-23 11:43:52.828728+00:00,2026-03-23 11:43:52.828728+00:00
dbfbd785-aff9-4a6d-a308-1a496b368b2f,c0e0644b-ff76-439b-ab3f-40f4bc5db11e,ae14a33f-b303-4b32-b67f-7f040ed529fa,2026-04-05 15:12:19.354478+00:00,2026-04-05 15:12:19.354478+00:00
88c1f8f1-c3bd-4d34-b4ea-48198e952fc3,e5cc15cd-0cdb-48f9-92b7-3adfb73b5cf6,224dd3e6-3881-43f9-ae42-048be6ddf62c,2026-04-07 21:48:44.148630+00:00,2026-04-07 21:48:44.148630+00:00
8db4e3cd-b021-49bf-b9e2-6169e4d53ff6,f604b236-868c-4e5c-9bd7-005b3cc3d3ca,f58d2c96-0b72-49e5-93b0-459ae6bbe962,2026-04-15 16:16:38.091103+00:00,2026-04-15 16:16:38.091103+00:00
8df19bd2-08d1-44fd-9f54-372be058e0c5,1ef43fff-dfa5-4883-8505-f59ea13634a0,1895b352-4c7c-4417-b001-dea06b35a1b6,2026-05-17 16:30:29.107046+00:00,2026-05-17 16:30:29.107046+00:00
cd559aed-7614-4bc7-b757-68d20fca297c,62a57b01-a3bd-4507-8eaf-37a8dcbf6085,b64f2ed7-0039-40d3-87b4-b8269d627fb0,2026-05-17 20:36:44.282486+00:00,2026-05-17 20:36:44.282486+00:00
50539106-1c02-41dc-8432-76ad10c29c6c,ffaba137-9bd8-4567-8a0e-d2861e0bae39,63627ab4-8763-412a-a132-2cb12ca855f4,2026-03-08 23:28:39.075344+00:00,2026-03-08 23:28:39.075344+00:00
4c4c545b-83cf-45f6-9925-59725b18b9d9,452fba1a-2e01-4175-9bdb-d87a4fa2a796,1fe5ebc4-9d4b-47d7-89cc-2be2613bc50a,2026-03-10 17:46:11.989208+00:00,2026-03-10 17:46:11.989208+00:00
ef7c58e6-8006-47f7-a769-7576c4dc923e,92e31645-6b71-4e3f-82c5-ab1cbe440855,d14ff227-f7c5-45a5-b0ff-93b4870b12e9,2026-04-07 02:47:28.253028+00:00,2026-04-07 02:47:28.253028+00:00
76c856cf-3d40-4660-a2f2-0abc8509cf08,38dcaa47-89be-4965-9684-fead63640aa6,e6955e16-33af-4cb5-b2e9-5c42b0e3e8ea,2026-04-15 01:35:00.960632+00:00,2026-04-15 01:35:00.960632+00:00
a0d4cc7b-666b-42af-a8de-87507384d26b,5eeb144e-1482-450e-9922-711c6a149b27,050cc74b-6918-4d6a-8290-2105a052c080,2026-04-15 11:16:37.272605+00:00,2026-04-15 11:16:37.272605+00:00
c1b81d6c-5bf7-45ab-9ea5-4f16b6ae33d7,960dbcfe-d870-41e2-833d-4a44e896b279,bd45a44f-537a-48aa-ae42-9cd19fb685f1,2026-04-29 10:59:48.641163+00:00,2026-04-29 10:59:48.641163+00:00
6e600bcd-2dd5-4a4b-80e6-e209115eb266,0a38a06c-f637-439e-ad6b-424fddc1aa49,156d60da-9a0f-440a-b083-32339fef17e7,2026-05-20 01:01:11.824129+00:00,2026-05-20 01:01:11.824129+00:00
0ea24bb8-9c9b-47bf-b0bf-1e9530a8a30b,f316603c-2f46-45c3-b61f-49374c024c47,bc8582e5-750f-40a2-b89f-d056af0a43bb,2026-05-27 07:46:20.143005+00:00,2026-05-27 07:46:20.143005+00:00
e63b3f12-9610-42d7-bb74-9710f023f5be,e66bc1a2-08eb-46ab-921b-36187ad2e9f4,85f537b9-b90c-4952-84de-0a44f9d04307,2026-03-19 17:34:52.615983+00:00,2026-03-19 17:34:52.615983+00:00
2e22af6e-5029-4e95-93cf-7bc00287a113,150b10f2-f364-46e7-8795-144215c134a7,85f537b9-b90c-4952-84de-0a44f9d04307,2026-04-01 17:24:21.381037+00:00,2026-04-01 17:24:21.381037+00:00
0068c273-1f44-47f8-bf63-1dc565b368d9,8910e039-1c22-4ab1-87ef-b3783c3dfd71,85f537b9-b90c-4952-84de-0a44f9d04307,2026-05-23 04:16:58.803136+00:00,2026-05-23 04:16:58.803136+00:00
747441f8-a93e-4441-bfa6-78f2eb594f28,b9f988a3-5df0-41e2-81c4-20225e86d14e,85f537b9-b90c-4952-84de-0a44f9d04307,2026-05-29 20:30:24.673201+00:00,2026-05-29 20:30:24.673201+00:00
a8489622-f075-459f-b760-49fd9937800e,29bf8dd2-d256-45f7-8032-317b852d8ccb,68380245-1a21-4856-8047-3e643e41a9f2,2026-04-23 14:19:17.557235+00:00,2026-04-23 14:19:17.557235+00:00
b94bf8be-e6cd-4b8b-a7b5-c75f44b09de6,6f2527d0-c8a7-4021-8cdd-ff4ac0821409,68380245-1a21-4856-8047-3e643e41a9f2,2026-05-06 17:57:19.748604+00:00,2026-05-06 17:57:19.748604+00:00
30c9878f-f7b2-4ce9-a575-159dfa3a850c,62806afd-bd2f-4bd8-8368-0941f6069f17,14a557d9-27eb-4ed4-8bfa-8321153177d7,2026-05-08 12:38:09.456402+00:00,2026-05-08 12:38:09.456402+00:00
ccc2ea9b-a42f-42d0-87ad-1c4cf4046303,6e076651-d7a1-4801-8548-24f1aa3b5150,68380245-1a21-4856-8047-3e643e41a9f2,2026-05-11 10:00:00.832066+00:00,2026-05-11 10:00:00.832066+00:00
c505c34f-fa6d-47e7-ac92-02008263c36e,cdfb4ae9-35ec-4d95-b4a2-93b6759baaba,68380245-1a21-4856-8047-3e643e41a9f2,2026-05-27 06:28:39.982361+00:00,2026-05-27 06:28:39.982361+00:00
0dee532d-4be5-4078-b01b-d19cf75ceb96,6651e6e4-c460-492e-8c56-0712f18e7c5b,b09c8667-053d-4943-95b5-45e2dcc9812c,2026-05-30 08:39:56.873973+00:00,2026-05-30 08:39:56.873973+00:00
dec781cf-2ae2-4f62-993a-38c2f9491c9d,ac6dd7a6-48df-4bee-b3e8-84a74d629626,9d32416b-04c3-4cbd-9818-c8cbc58f4c50,2026-03-17 02:09:14.888991+00:00,2026-03-17 02:09:14.888991+00:00
38ccb97d-35fa-4b80-9c94-52f8640d67dd,7882a28c-47cf-4116-8249-fdc2b4361f58,9d32416b-04c3-4cbd-9818-c8cbc58f4c50,2026-03-17 03:04:30.602414+00:00,2026-03-17 03:04:30.602414+00:00
cb09b1a9-87fd-4f1d-ac59-77901018df90,c3392261-0bf8-49d5-81b4-70440bd1dd1e,9d32416b-04c3-4cbd-9818-c8cbc58f4c50,2026-03-17 08:52:12.133253+00:00,2026-03-17 08:52:12.133253+00:00
651ee1ca-6d7f-474e-8593-dd308e1066b1,f399d879-f6a3-49ce-88b7-88333e96fa11,9d32416b-04c3-4cbd-9818-c8cbc58f4c50,2026-03-17 18:33:02.720337+00:00,2026-03-17 18:33:02.720337+00:00
639ddf36-90fb-4c2f-a3b0-b0f162b26640,3863e964-9193-4cc1-aaf3-dbc1f7add03a,7256382f-c172-4d4b-8a3d-ed56141cf5bf,2026-03-03 09:54:52.186528+00:00,2026-03-03 09:54:52.186528+00:00
0cfdda53-cd4b-4525-9a46-2661b469a0f0,ff0e642e-0742-46ae-9d35-27081e59ea7a,b30b7bfc-e26f-4645-b7db-9b116a95e387,2026-03-16 13:05:10.300599+00:00,2026-03-16 13:05:10.300599+00:00
9e690b8e-c5b2-4f02-8d8a-65da98b3dbc7,59b7b610-8c1f-47e7-b98f-d1d0e99a0c39,baad1fdd-e0dd-4cdb-bff3-af0e9f950d8d,2026-03-16 21:20:00.074115+00:00,2026-03-16 21:20:00.074115+00:00
3f240707-c569-4873-8843-f2a16e8bad4e,584c0b0a-07a6-4f2e-8e77-3fa05925954e,fd55e9f8-f23d-4aa4-a00c-cf289da2e369,2026-03-16 22:43:36.074523+00:00,2026-03-16 22:43:36.074523+00:00
70e852af-870b-4aba-a86f-5202a2dde302,66558de1-7fb1-4450-bab9-5523edae5f17,eec04961-6e0d-48f0-9aaa-65431f227180,2026-03-17 00:21:00.759039+00:00,2026-03-17 00:21:00.759039+00:00
d14a6741-beb7-48d2-8e46-242c7c8a37b5,fc591002-5a15-4306-8944-25f230eecb1c,ff805347-1f9f-4873-9fa3-8aa7710d811b,2026-04-02 18:16:42.113214+00:00,2026-04-02 18:16:42.113214+00:00
9f014568-d741-4fee-831b-bf7e0f79e532,f11145d0-79bd-4940-8cbb-6e1117fd3f86,87bb55ff-7d1a-4e71-b8b3-a90633c0829d,2026-04-25 10:30:54.976708+00:00,2026-04-25 10:30:54.976708+00:00
c1a4c182-71ae-4489-8a57-fc4bdc827328,0b2ebcff-5f5e-4b86-b0cc-3c7e6d9fce37,d90c9df0-7f08-4fb5-86a4-67ecc5ee60d5,2026-05-21 20:44:58.252069+00:00,2026-05-21 20:44:58.252069+00:00
40a613fe-bd21-4d01-b0b7-c1d3dc2bfe00,7bcc4854-3135-45bb-9371-d38c05599489,96baf8b1-d6aa-4ca2-9488-674a1c699ef4,2026-04-07 23:50:44.526432+00:00,2026-04-07 23:50:44.526432+00:00
0415ba42-55dc-4c21-afd1-70e352029222,9f2611ec-4f75-4ec5-9e9e-72e0c823b39e,bd00c5bf-3042-4f34-950a-5bdf6622f9d2,2026-04-08 00:35:22.492989+00:00,2026-04-08 00:35:22.492989+00:00
ff8242e6-c479-460f-ae13-e1cf07832f2a,b7d32d38-b875-47e1-8165-466474431f39,854d0180-a405-4837-a6d8-20a54081ee02,2026-04-08 06:54:07.982404+00:00,2026-04-08 06:54:07.982404+00:00
3d0aa65b-4da7-42ab-bffd-0c2fe053da36,f887c3d8-862d-438e-9d4d-3646fedb402e,7879423d-df9a-4f08-8d76-35cdbf797243,2026-04-08 08:07:49.574834+00:00,2026-04-08 08:07:49.574834+00:00
a1a1724f-e681-4823-8966-2487d66cb125,546e4ee3-a858-4a62-8976-e803ced775ac,7838021f-cca3-46ba-87bd-695493f219d3,2026-04-08 09:46:51.961417+00:00,2026-04-08 09:46:51.961417+00:00
3859f47b-278d-4857-baf5-23e777218360,dc775336-fd15-425e-80f4-ad2e5401f198,7a6bb932-21d1-4356-9980-184e500efcb8,2026-04-08 10:40:52.369200+00:00,2026-04-08 10:40:52.369200+00:00
0b1c8f94-d9bd-4cfd-a482-4326040f4b9a,b1406376-c6bd-49d7-acc0-bfc41f312c8e,93f68427-3818-4c71-adaf-fc8bba8810bf,2026-04-08 12:48:50.998117+00:00,2026-04-08 12:48:50.998117+00:00
5589a866-454f-4467-a704-60f5c2e57b20,e1e8a249-a770-42c8-a82d-5065eded9bac,8a38147a-c855-4d5b-ac92-02003e581058,2026-04-08 13:25:19.003375+00:00,2026-04-08 13:25:19.003375+00:00
68d833be-7165-4ab3-8a07-76bcea5f46d2,4cc95971-880b-4339-bee0-c4b67fda4b86,1565f96b-4969-4cd8-a6f4-7c4a1a8ff6c1,2026-05-01 20:01:59.724275+00:00,2026-05-01 20:01:59.724275+00:00
fe521ffe-ef18-4c4c-92a3-453e5269198c,e748bd50-1816-499c-a3d1-d01443deda60,3dd920ca-907d-45e9-9c5c-9e6796c2fe81,2026-05-02 05:23:43.410186+00:00,2026-05-02 05:23:43.410186+00:00
b08117a7-e0b4-48eb-b564-0ce6788537ad,a20d8255-7d63-4e50-800a-5a94f8a29b33,8ac7134b-0181-4ee7-b453-64aa7ebbc422,2026-05-02 06:31:21.218461+00:00,2026-05-02 06:31:21.218461+00:00
f32817f2-35e8-41d5-ac13-51567120fdda,24f25fa8-9944-426b-a663-8c73d108408c,1565f96b-4969-4cd8-a6f4-7c4a1a8ff6c1,2026-05-02 06:55:52.906904+00:00,2026-05-02 06:55:52.906904+00:00
9c9004c5-8676-4fa7-91eb-78a36dc13c83,601063a7-dce4-44a6-8172-74bd45b1e4e0,1565f96b-4969-4cd8-a6f4-7c4a1a8ff6c1,2026-05-02 09:44:30.225552+00:00,2026-05-02 09:44:30.225552+00:00
1b5ac74f-eb18-4fe0-b02f-53ba642d9f23,2c87b145-6f8f-4673-9384-4346f805ee0c,1565f96b-4969-4cd8-a6f4-7c4a1a8ff6c1,2026-05-02 16:12:54.765677+00:00,2026-05-02 16:12:54.765677+00:00
fbe901d4-bd41-4466-af5c-8c5ee2a5d677,c497111e-cec9-458e-acbd-d0ef6976f119,1565f96b-4969-4cd8-a6f4-7c4a1a8ff6c1,2026-05-02 18:03:44.925979+00:00,2026-05-02 18:03:44.925979+00:00
31240f69-b54b-459c-9872-d78e438e379d,e843ee7c-c89e-401e-bd17-8c93e74538ad,78cfa1c8-9588-474c-949d-f3d66d219b27,2026-03-17 00:05:15.426249+00:00,2026-03-17 00:05:15.426249+00:00
d8034532-c5d3-44f5-9832-69fb520f2db1,4e581c19-8241-4b61-9656-c45adbd07fe2,74e536fc-b029-4e93-9342-f221d6cb041e,2026-03-17 00:47:28.668271+00:00,2026-03-17 00:47:28.668271+00:00
13e3b9be-3806-4a5f-95d6-39ef06bbbd55,83477da8-eb30-48db-a87f-18f324e6e3eb,9cbfca04-7118-49be-af3e-d90db80ec1cd,2026-03-17 04:01:37.251163+00:00,2026-03-17 04:01:37.251163+00:00
044cccd9-f284-45bb-b51a-b64004875b0a,cf1fa328-8809-4b4a-8114-2cb8bc096618,4eb5404d-cb81-4a77-9e85-00c86ee609f1,2026-03-17 06:33:40.379433+00:00,2026-03-17 06:33:40.379433+00:00
2653c2c6-a6d4-47ca-ac02-7026d9054a41,b582e134-8e2a-46db-a60d-1635a14c0e3b,d12392f7-3793-4421-9f68-ac0bf7a2f003,2026-03-17 07:52:51.379827+00:00,2026-03-17 07:52:51.379827+00:00
775e87cd-874f-4682-a18b-2054319ba7ff,50f9a4b7-d996-46ec-bf4b-a1bc36514553,e1e1f08d-c940-411e-8454-913edaad79a2,2026-03-12 06:32:02.567967+00:00,2026-03-12 06:32:02.567967+00:00
5a1737fd-3a94-4553-85ed-7b72d37e862d,5767b41a-4548-4589-8783-4c3a7b72b74b,ad0afc1a-68ee-4c9a-9837-260fc535f329,2026-03-12 06:38:28.622258+00:00,2026-03-12 06:38:28.622258+00:00
c6ffc43e-9218-493b-bdc5-92ab83a84ecb,91d5b10b-5942-43bc-8f8d-715ca9f880b4,5c37d07c-25bf-4c0e-a8ca-b3b910e374a6,2026-03-12 06:43:01.797553+00:00,2026-03-12 06:43:01.797553+00:00
300236c5-e7cb-4b99-8cd4-4cdcead43523,085907e1-8e1a-411d-98e4-87abb5ebbe67,b91e70c8-f865-47a3-9ca0-c27bb58786f6,2026-03-12 06:45:50.091815+00:00,2026-03-12 06:45:50.091815+00:00
71ce4edc-db3b-4b49-91c0-27a7fcffdfd5,98312a2b-d569-447d-a814-adbcdd2ad8c7,d8bb4d9a-bd14-471c-9e7c-407a71ea3c99,2026-03-12 06:49:33.585766+00:00,2026-03-12 06:49:33.585766+00:00
a4e37f35-f8d1-4a58-902b-966dd86ff958,d8deb7be-7c60-49cf-92a5-f259842bf4fd,a6b7065e-785c-4ccb-9354-f597a7dacceb,2026-03-12 06:52:49.802922+00:00,2026-03-12 06:52:49.802922+00:00
6a242ba9-55ef-42db-8e3e-d35f934b5020,e81362c9-3cf1-4e39-959a-427f985c001b,eccd261d-e79e-430d-8a6c-36c4958fd064,2026-03-12 06:57:25.340041+00:00,2026-03-12 06:57:25.340041+00:00
81e77fa9-e72f-4209-a330-99f79cd11509,26f8f599-4064-42fd-bed8-5361ab130f95,cdfa5f0f-cf01-4572-b405-796b23607663,2026-03-12 06:59:27.418298+00:00,2026-03-12 06:59:27.418298+00:00
f505817c-94d9-438f-a7d5-0e53606836b3,833f240e-6dae-452b-8087-2fdb687ca35f,391ac4bf-f6bb-4ada-ad89-60c3e982c2bd,2026-03-04 00:27:58.621546+00:00,2026-03-04 00:27:58.621546+00:00
b45bf974-b0ee-4324-b1be-8c1034022c23,f0c1f514-f3c3-42d4-83c8-919d53968eef,082994c3-1790-4f85-9ef1-81ad425d74f8,2026-03-10 13:05:39.102174+00:00,2026-03-10 13:05:39.102174+00:00
7ebae313-25ed-4d85-bac8-9f2b396e7bb5,31f9681e-6987-4bbf-b26a-a94bae54cf0f,c9957cb0-9dba-4bcd-9ceb-c1e267a61962,2026-04-15 20:42:06.485224+00:00,2026-04-15 20:42:06.485224+00:00
67143c8b-27b7-49b4-b37d-09f0abf46a27,46fe8820-354c-4146-beb0-be2216e619ba,04322ec6-2a26-462c-b034-a15d6af7ae72,2026-05-04 10:26:42.811604+00:00,2026-05-04 10:26:42.811604+00:00
37b98ee8-8a45-4637-a2bf-b5c289f0c979,1b6b3939-a393-4bdd-9cf9-1941e328d12d,8214c00d-dfad-4479-ab3e-e7265037650e,2026-05-31 22:09:16.131771+00:00,2026-05-31 22:09:16.131771+00:00
cc639f09-4b52-4f38-bd55-743818aa08b2,72a0db92-44f1-44c4-9766-ab2f842a839b,2c57c81d-1a10-4270-828c-0d932c875471,2026-03-23 20:13:07.899865+00:00,2026-03-23 20:13:07.899865+00:00
29cc8db2-9e1c-4980-84bf-2f6ec27420ad,6e09c7d7-8482-4e91-8af5-45fbbb4a03cf,93b4ef34-8446-43b1-95c1-27898e77dcf3,2026-03-24 05:12:11.460521+00:00,2026-03-24 05:12:11.460521+00:00
ca5b26e3-2668-4a7a-b11b-14dc9dc507fd,ad0cca2e-ca38-4161-b498-d271f3eb4cd2,dfcf48b7-bf90-4b19-8556-18b8048b52ac,2026-03-24 07:45:39.990312+00:00,2026-03-24 07:45:39.990312+00:00
a176a746-f00b-42fd-bd90-88b62fbc482f,7c6206d9-6f3a-47a6-9272-6a30e7f10445,ee277eb5-7e5f-4b1e-90c5-c386ee8b4d55,2026-03-21 23:39:41.808038+00:00,2026-03-21 23:39:41.808038+00:00
a504ee68-2058-4c4c-bb12-f6caeef4cad8,ee05e01f-b633-4bd2-8381-194e9eea9eff,5d5bbff5-7902-4ecc-a934-0d67de17c390,2026-05-25 16:16:58.154235+00:00,2026-05-25 16:16:58.154235+00:00
789a78da-ac9f-42eb-8d6d-b55e3aa936b4,ba6eefb2-e07e-4f1e-b238-357a3b0af074,a21183b8-8fb2-43f9-bace-a0b093d25240,2026-05-26 07:25:50.530830+00:00,2026-05-26 07:25:50.530830+00:00
e5694005-58aa-4ab6-bfb2-9b5414353f8f,e71102a1-b661-49c2-89b2-f9c02e12d4f3,ee9da6c0-7e5b-4ea4-acc0-794b167521e4,2026-04-14 22:08:19.788008+00:00,2026-04-14 22:08:19.788008+00:00
9d2dd314-bf18-4921-8eda-56348a83f962,c4945875-afe4-44e0-ab71-21643b1973ca,16cda557-0708-47e2-a452-47b81ec3a785,2026-04-14 22:52:07.691982+00:00,2026-04-14 22:52:07.691982+00:00
9009d72a-e91e-472b-a40e-fc2dd8d57223,5bd41a4b-b552-41cf-beb3-9543bae1b8e9,14086809-35e6-436f-9d66-7f5f7252fd4b,2026-04-14 23:18:56.277533+00:00,2026-04-14 23:18:56.277533+00:00
a60e4b7a-c5e8-41ec-9ba2-0572e0975cca,8622794a-377a-42cb-bf59-38fe2f2075a5,5ede1e34-0a31-43aa-94ea-929f9739d9c4,2026-04-14 23:37:52.031667+00:00,2026-04-14 23:37:52.031667+00:00
f3f71eeb-7f59-4b25-8be1-aaba9747304c,f61f37b2-c67d-4925-a515-ee95b9402fa5,79ba3e4e-09bb-472f-9813-e2b4aff1bcb8,2026-04-14 23:47:13.020516+00:00,2026-04-14 23:47:13.020516+00:00
9a36ed69-3858-4358-adf0-764607f61280,32ed2494-ba14-4e90-b82c-37ed63917bca,e86874fc-2c88-4623-bcd9-278fd0daed39,2026-04-15 00:30:25.442947+00:00,2026-04-15 00:30:25.442947+00:00
405f464a-6f52-4dda-b47d-6b97276e8a2b,85115c4d-6b15-46d4-8d4a-0069fe1b05e3,30008a29-727c-49d7-9be3-c3045b2781e2,2026-04-15 00:38:34.174653+00:00,2026-04-15 00:38:34.174653+00:00
e6c0bcd9-6e9f-41b5-b034-d1a9b5824ac9,cf6a0fe8-e2f5-4285-8661-3cc12471d360,26dd1748-0cfa-437f-8273-94ce961f2d1e,2026-04-15 02:56:02.216854+00:00,2026-04-15 02:56:02.216854+00:00
60ff24ef-9fac-4e91-8b0f-9492f60fcb18,1b01349d-e89b-4ac4-9d01-9d5c86b92a48,8a8d7c24-e015-4dd2-9865-6287a59b0e77,2026-04-13 02:58:34.299179+00:00,2026-04-13 02:58:34.299179+00:00
589f89a6-14a4-480c-80c7-8387a25a996c,357ce439-3bf3-4bcf-b8d1-fe831c8f6106,8a8d7c24-e015-4dd2-9865-6287a59b0e77,2026-04-13 03:14:52.217488+00:00,2026-04-13 03:14:52.217488+00:00
e65818a6-8bd8-489e-870c-5441e7416a11,8a4f7dff-b08b-44e3-ad2d-ab3399d2619f,8a8d7c24-e015-4dd2-9865-6287a59b0e77,2026-04-13 04:02:50.360016+00:00,2026-04-13 04:02:50.360016+00:00
589b5aa0-99d8-40c8-9ebd-4b989f8a5667,30e03429-5e47-4065-88fa-af554c9ab574,8a8d7c24-e015-4dd2-9865-6287a59b0e77,2026-04-13 05:12:44.600860+00:00,2026-04-13 05:12:44.600860+00:00
e8d6759a-e0b6-4c25-b17f-dc94d2e349cb,243cf708-6937-485f-8c17-e64fca945c42,aa838f12-0cff-4b66-bd35-a4cab8a6b8a5,2026-03-11 12:12:30.596115+00:00,2026-03-11 12:12:30.596115+00:00
bd69baa2-10e2-4125-bcd6-7ab989261ea4,38f4eec8-04b1-4bec-b384-6dccd54d267a,aa838f12-0cff-4b66-bd35-a4cab8a6b8a5,2026-04-12 08:46:36.922065+00:00,2026-04-12 08:46:36.922065+00:00
474748d4-9935-446c-8564-d63b9666e800,d2760b1c-23a4-4390-aa36-f561109a2432,aa838f12-0cff-4b66-bd35-a4cab8a6b8a5,2026-04-17 09:25:50.773348+00:00,2026-04-17 09:25:50.773348+00:00
8eef2e95-27fc-42d7-8257-299220d38177,55ce339b-d2e6-4c9a-9fc7-3d077a234f2b,aa838f12-0cff-4b66-bd35-a4cab8a6b8a5,2026-04-25 11:38:31.815500+00:00,2026-04-25 11:38:31.815500+00:00
6a47fd2a-8db9-444d-931c-a6160a0479ef,cec20bb9-93dc-4985-bd87-d0407dec8d23,a29f913c-f390-4252-b8b0-da95ae9148c7,2026-05-12 22:56:15.953443+00:00,2026-05-12 22:56:15.953443+00:00
33c4b547-7807-45d5-a595-cac92f1d62cc,46258482-3174-470f-b930-60dda144dd6b,0cbd3a4f-2059-495d-8eab-bb3dce2d2e8a,2026-05-12 23:14:21.169680+00:00,2026-05-12 23:14:21.169680+00:00
07284b84-489a-4b96-adcf-4f1c8c3c34e9,8cb15868-3eed-4f4d-b148-84f584363b38,47138c6a-848d-4ab8-bc62-b182366317f2,2026-05-12 23:26:08.623743+00:00,2026-05-12 23:26:08.623743+00:00
91c1ef48-7180-4689-9c97-3e10b90479a7,1b5c8ed9-6240-4e67-9099-c14c550e3432,1c63563f-c3ab-46ba-bb95-aa90986dd18f,2026-05-13 02:32:20.247656+00:00,2026-05-13 02:32:20.247656+00:00
c6823904-2661-4f24-9755-dbe2b75e4898,c937146a-4418-47b9-ba12-883b85b9f477,914f60a3-e1b7-4774-a8a8-c8b9da6b9ba1,2026-05-13 02:43:02.871670+00:00,2026-05-13 02:43:02.871670+00:00
8ba53df7-ca0d-4185-a769-c87173ff1373,eb9f19a8-6130-4235-8d58-da16fdbecece,40921fb7-153e-4770-8a2e-cd273995b53b,2026-05-13 03:42:27.712123+00:00,2026-05-13 03:42:27.712123+00:00
4dfd9e4f-f36d-418f-be18-a1e7e2d91c15,29376cd4-0942-4996-ae81-81e551236c26,a0cc9351-03fe-4101-a7c7-741f0ac35fa6,2026-05-13 06:39:47.308301+00:00,2026-05-13 06:39:47.308301+00:00
273b02f6-1a11-418a-8a86-8c6013560bbe,ec8468ef-a7ff-483b-94e8-0e3cd63c2a82,96489d1a-94e8-42f6-8ff7-5691fc281b6f,2026-03-07 06:28:30.360562+00:00,2026-03-07 06:28:30.360562+00:00
9de48cdf-3c2e-4bab-b196-09f32867baf3,9c67a9a9-b65e-426d-8f6d-20cb8e6e0a5b,fbbaf52c-c782-4ce7-92e9-2414f93704a5,2026-03-07 08:58:40.743849+00:00,2026-03-07 08:58:40.743849+00:00
3f63e34c-848f-4602-8f11-9c046f75439d,027b0c1d-8a60-447b-90fb-4c5ca7267dee,5af97013-2214-45d6-8591-527c321e0619,2026-03-07 11:26:38.175178+00:00,2026-03-07 11:26:38.175178+00:00
44ec609b-8a67-4e72-811f-8aeab0f3c178,2aa863c6-b789-4ad7-96fd-69e8c66c91f7,30a45e42-99f3-48f3-95e6-64b65a53d601,2026-03-07 12:14:25.186855+00:00,2026-03-07 12:14:25.186855+00:00
e8cbc080-c2d5-4102-b8e0-4330e9328f31,3dd9d078-9ca0-4a30-92f5-f0a9a872066d,f77ab328-01b7-4e16-a1cc-97dba9dabd11,2026-03-07 14:40:09.108170+00:00,2026-03-07 14:40:09.108170+00:00
10c8c74a-9fe4-406e-973d-2bece6a7297d,d8488d9c-cf4e-42dd-baec-e5caa7f6d194,68636116-7d12-477b-a30e-8d38b64d8902,2026-03-07 15:23:18.812948+00:00,2026-03-07 15:23:18.812948+00:00
f0ef32f0-7ba1-4d07-bc79-8fb02c44e288,21e6e19f-24b0-49d8-b500-97bc111c0496,846621ea-ef8d-410d-b2a8-d699e4b1067e,2026-03-11 04:42:19.910157+00:00,2026-03-11 04:42:19.910157+00:00
75ace12e-8d7a-43b1-8699-a9085f175e14,46d1b16a-7567-4369-b83c-42d5d7a4c57f,846621ea-ef8d-410d-b2a8-d699e4b1067e,2026-03-27 01:23:46.605534+00:00,2026-03-27 01:23:46.605534+00:00
e118e4b5-b2f7-42e6-b4d4-463da54c846b,6d05cb7d-68a1-4634-8fb3-227578d1d8b2,846621ea-ef8d-410d-b2a8-d699e4b1067e,2026-04-04 00:45:16.264606+00:00,2026-04-04 00:45:16.264606+00:00
5eed04c5-b4b1-4a29-ae74-9083cf0906b1,8f64e9b0-7210-4c5c-bb7c-ef74bc7cd95e,846621ea-ef8d-410d-b2a8-d699e4b1067e,2026-05-20 04:56:50.060020+00:00,2026-05-20 04:56:50.060020+00:00
f71bbbaa-8fc0-41ed-ba9a-f4aa0a3e6b3b,5cbdd06b-6abe-47e9-8f24-b8e5d0bc9141,443dfafe-5f96-460b-bbb2-d7280078fc60,2026-04-20 08:57:06.590517+00:00,2026-04-20 08:57:06.590517+00:00
671e5c10-dae3-4c84-8979-efa99ca3701e,da9bfe75-d670-4f62-8e8b-e6beeaa02625,443dfafe-5f96-460b-bbb2-d7280078fc60,2026-04-20 09:32:28.175784+00:00,2026-04-20 09:32:28.175784+00:00
d6122f0d-e02e-4541-a5bf-0fa870f97343,84f409dc-e194-4a8a-a58c-d680228a0c5d,443dfafe-5f96-460b-bbb2-d7280078fc60,2026-04-20 12:26:51.110991+00:00,2026-04-20 12:26:51.110991+00:00
2e522d5a-7c8f-45ad-8a20-b0051142bd40,c52d402b-4f85-46d8-8c3c-b8d5a6057d27,67f03595-1273-4c16-89bb-80e8828fa8b2,2026-04-20 14:05:29.397230+00:00,2026-04-20 14:05:29.397230+00:00
18f6b3c1-2c1d-4fc2-8c97-a62887303d10,b2d294fd-41b3-400a-8e1e-cf992c4d888f,e8b7cade-2569-406a-b582-23b32ed27537,2026-04-20 14:38:44.952058+00:00,2026-04-20 14:38:44.952058+00:00
dc98abaa-9dbf-4117-a4c7-5af23f5cf8de,d8c6c1be-b171-4e41-914b-d7cc610a208a,a860cc60-593c-4384-bfcc-a5ddcbce5d3c,2026-04-23 21:57:10.641700+00:00,2026-04-23 21:57:10.641700+00:00
44568095-36b9-443a-84f8-e9b482b7796d,6df23498-9c02-4992-9ad4-4462248e1d08,d166eb76-5ecb-4954-b19f-5429e34700ed,2026-04-24 09:06:15.527258+00:00,2026-04-24 09:06:15.527258+00:00
ee3f8526-2fab-48a6-bdae-b618d22256d1,02cf1f5e-07a1-4f80-8a86-0a534e9a7b2c,f11cb64a-d915-40f9-b125-f1e39c8fcfe8,2026-04-24 10:16:32.225384+00:00,2026-04-24 10:16:32.225384+00:00
c851cd1e-e040-4abb-a4b4-bebbd8eb6bc9,c6ce4a20-d7bd-4e40-8c20-bf1a793fba56,29104187-a863-416c-bbdd-936874c826c6,2026-04-24 15:03:38.145084+00:00,2026-04-24 15:03:38.145084+00:00
eec3fcbc-6ea3-4edf-b21c-97c344591289,86b35cfd-a752-4fe9-912b-f33063732627,2e10dffb-3ae9-463a-8293-a1058a6a6799,2026-03-31 08:53:29.707825+00:00,2026-03-31 08:53:29.707825+00:00
b8c011b3-4cfd-4764-ae64-0bc5fcba8792,35b69e26-105b-4919-aa0b-c71a9534996a,2e10dffb-3ae9-463a-8293-a1058a6a6799,2026-03-31 10:15:34.317775+00:00,2026-03-31 10:15:34.317775+00:00
bc2cf372-f552-4266-aa98-561a501775cb,a41280bb-f04f-475c-9540-748e9709be67,2e10dffb-3ae9-463a-8293-a1058a6a6799,2026-03-31 19:58:23.969976+00:00,2026-03-31 19:58:23.969976+00:00
c7a038b8-a963-42f0-b21a-04d3b308c643,d622bcbf-245c-49c8-bd95-126a3535cc18,2e10dffb-3ae9-463a-8293-a1058a6a6799,2026-03-31 21:12:13.745537+00:00,2026-03-31 21:12:13.745537+00:00
52b4786d-da8e-4f5b-a81a-531328324cc5,070ffdbb-94e0-44ff-b31b-07e6872b0ef8,4eb84736-d6c0-4a06-adc7-258593a3c8e7,2026-03-31 23:28:24.283137+00:00,2026-03-31 23:28:24.283137+00:00
a98cc88b-969a-40e8-9ab3-b90a9a4f90eb,14f9f321-4772-4d17-957c-8a5c159ee2d8,b20a5a04-1a44-439b-b4ed-431b5737719f,2026-03-05 02:42:15.915111+00:00,2026-03-05 02:42:15.915111+00:00
bba05c52-54d8-4c73-a75c-5797fc589512,3f61f440-f1a9-4442-a28b-843b59a3c41a,b20a5a04-1a44-439b-b4ed-431b5737719f,2026-03-13 22:04:22.913742+00:00,2026-03-13 22:04:22.913742+00:00
76061018-f633-45ce-b0e1-b538abf43dab,664f81bb-6703-4d0b-9315-2119c73046ba,b20a5a04-1a44-439b-b4ed-431b5737719f,2026-03-14 22:35:53.027126+00:00,2026-03-14 22:35:53.027126+00:00
9f42aa98-7fd9-4bc0-a008-ee2b6bbce40b,fd09ebc9-9bef-430e-b886-0908db9c388d,b20a5a04-1a44-439b-b4ed-431b5737719f,2026-03-29 02:11:38.857561+00:00,2026-03-29 02:11:38.857561+00:00
921086d2-1753-4f84-8023-2b638629f115,cdb1b1f8-aa62-40e4-9bf8-b389347036bb,b20a5a04-1a44-439b-b4ed-431b5737719f,2026-04-05 21:21:52.423487+00:00,2026-04-05 21:21:52.423487+00:00
a8a59fad-51a2-4b3c-b59f-d59d7b2226ea,a928a0e1-9c3c-4d4b-85d1-851cad5a2bf7,b20a5a04-1a44-439b-b4ed-431b5737719f,2026-04-09 23:58:02.144529+00:00,2026-04-09 23:58:02.144529+00:00
4bd9f1e7-9214-4cf9-b7d7-73daa4c4c217,ccd4d3bf-6f04-4d66-974c-da4c351cf09a,b20a5a04-1a44-439b-b4ed-431b5737719f,2026-05-18 07:47:27.355523+00:00,2026-05-18 07:47:27.355523+00:00
26aa970d-e064-4f8a-94d2-fbdc4f410a28,627f4fe6-962f-419a-8aa0-48eb75714bf1,b20a5a04-1a44-439b-b4ed-431b5737719f,2026-05-23 06:32:28.679821+00:00,2026-05-23 06:32:28.679821+00:00
f19210d0-eec9-4143-a234-70e549e5530d,0fe2c296-5878-4c1f-8334-d29bd27f705e,7848ef9e-52e4-417a-8890-eaef0768b7bc,2026-03-18 07:06:40.459712+00:00,2026-03-18 07:06:40.459712+00:00
bc2299a3-f7d7-4176-a263-72dd8a782d11,ff1a5dc1-694d-41fa-80fb-8936d0ed6839,40ce7a60-ed2d-4fc8-9d78-809a7f74c2d7,2026-03-18 16:59:19.856787+00:00,2026-03-18 16:59:19.856787+00:00
bb3394d6-4c17-485e-a1e0-4b82a3368d58,7affac07-20eb-49b1-89c0-ccfbce4d7d4f,db7957ed-fa1d-4256-b5f5-4a10a0f24271,2026-03-18 18:34:40.679431+00:00,2026-03-18 18:34:40.679431+00:00
c24b433d-0e32-41dd-a947-1c4fe189b159,28b139f6-756b-4d4d-8f05-6219aa22e95f,01bb1263-e7a3-4d9d-a4b4-8989ab47c1f5,2026-03-18 22:37:05.760711+00:00,2026-03-18 22:37:05.760711+00:00
f437192e-dcfa-4549-9ce1-83b9b0a490bd,b472451f-95a0-40fd-932e-0ae84c51452d,ccea094a-7430-476c-afba-5a6b2862474a,2026-03-19 11:57:09.671652+00:00,2026-03-19 11:57:09.671652+00:00
d7f1c8ca-e05f-46a4-986d-dba65fb9c042,b1c1b708-921d-4111-bc30-0c2a4643dd4d,c80a99f5-16ea-4466-b371-e0096c88ac8c,2026-05-16 06:46:12.485249+00:00,2026-05-16 06:46:12.485249+00:00
af987832-570f-404c-b224-82667be434d9,67199f84-0ec6-498d-b688-1f47d7ba2a51,c80a99f5-16ea-4466-b371-e0096c88ac8c,2026-05-16 06:51:35.066147+00:00,2026-05-16 06:51:35.066147+00:00
c7f86ad7-dec9-4a89-b44f-163b4dc76c85,2c4d2456-bd55-4b6d-bab7-e2504407721f,c80a99f5-16ea-4466-b371-e0096c88ac8c,2026-05-16 07:00:56.143446+00:00,2026-05-16 07:00:56.143446+00:00
64f53a68-f19b-4940-a0db-ce02109a84f2,8c550b3c-9574-40ff-8df9-1c64fb35519e,c80a99f5-16ea-4466-b371-e0096c88ac8c,2026-05-16 07:06:37.788181+00:00,2026-05-16 07:06:37.788181+00:00
