id,customer_id,device_id,network_id,amount,currency,status,created_at
91ffa8a2-e6e7-4842-a4ef-1fb31ef14a2c,0613c87f-6ebc-4983-95e6-7ecb4d307fc6,17f4dcc5-9e21-45c9-b52c-041156df5dee,638c7a53-069b-47df-bf6f-6e408a7da852,1798.64,INR,success,2026-05-27 22:24:40.681572+00:00
12505b31-6a26-4930-a5cf-c621622a8374,0613c87f-6ebc-4983-95e6-7ecb4d307fc6,17f4dcc5-9e21-45c9-b52c-041156df5dee,638c7a53-069b-47df-bf6f-6e408a7da852,3657.25,INR,success,2026-05-30 22:11:11.877389+00:00
6da08781-ecc0-4b7b-8649-33e2858c573f,0613c87f-6ebc-4983-95e6-7ecb4d307fc6,17f4dcc5-9e21-45c9-b52c-041156df5dee,638c7a53-069b-47df-bf6f-6e408a7da852,2395.44,INR,success,2026-05-31 21:49:52.885008+00:00
4af09344-d53e-4555-9302-4be7a0de40ff,4701127c-dcf8-4cad-9625-207e89c6a89d,5ca5f8ed-cae7-4766-8385-203a7674bbf1,1cb73baa-10e0-4026-a548-32fdfd2929f8,2507.84,INR,success,2026-03-30 17:32:28.594460+00:00
9e875ab3-6c12-4855-9902-569755a1249a,4701127c-dcf8-4cad-9625-207e89c6a89d,5ca5f8ed-cae7-4766-8385-203a7674bbf1,1cb73baa-10e0-4026-a548-32fdfd2929f8,3449.56,INR,success,2026-04-09 16:20:16.494393+00:00
b9e6c2ec-24e2-4859-92ea-8c554d63741f,4701127c-dcf8-4cad-9625-207e89c6a89d,5ca5f8ed-cae7-4766-8385-203a7674bbf1,1cb73baa-10e0-4026-a548-32fdfd2929f8,10.0,INR,success,2026-04-17 00:08:11.762706+00:00
b7e6be48-9fa4-4b5a-ba4b-37728719b7bd,4701127c-dcf8-4cad-9625-207e89c6a89d,5ca5f8ed-cae7-4766-8385-203a7674bbf1,1cb73baa-10e0-4026-a548-32fdfd2929f8,666.51,INR,success,2026-05-06 17:29:21.739494+00:00
118073b1-5978-4b13-98ea-f66755594b4c,104c1798-ecb8-4895-8aaf-d2ff7ddd423d,860cb6fd-42d1-41e0-af3f-6db463739f0e,f6211c2a-d0e6-428a-ae6d-ceb723eec278,1517.27,INR,success,2026-05-13 16:01:49.085746+00:00
498cd2bf-9153-4192-bd36-7770668ea628,104c1798-ecb8-4895-8aaf-d2ff7ddd423d,860cb6fd-42d1-41e0-af3f-6db463739f0e,f6211c2a-d0e6-428a-ae6d-ceb723eec278,1168.13,INR,success,2026-05-19 06:42:13.806644+00:00
5cb69f1f-6250-4abc-b764-9436e481879a,6caf708b-766d-453c-9e34-3d495d053204,612b13c4-a660-49f6-8394-8a68b57bf2b7,3dd8a28b-246f-4ec2-9087-2166f479274a,1828.82,INR,success,2026-05-23 01:18:54.013159+00:00
c098eeaa-42dc-47a6-9f9d-ef1bf92afd02,89cf622b-d36d-4a5c-a3a0-6d4a6e26d59a,86a69490-8cee-4d29-90a2-849bfcaa0080,7ab7cd0c-fae1-436c-b9cb-1f7df0a90c8c,1219.04,INR,success,2026-04-05 02:59:38.508129+00:00
b1aae450-9435-4e04-9d1d-5b390fd99edf,89cf622b-d36d-4a5c-a3a0-6d4a6e26d59a,86a69490-8cee-4d29-90a2-849bfcaa0080,7ab7cd0c-fae1-436c-b9cb-1f7df0a90c8c,1672.86,INR,success,2026-04-11 04:44:13.760264+00:00
b283ea30-65a3-4b0a-912e-cc358f999855,89cf622b-d36d-4a5c-a3a0-6d4a6e26d59a,86a69490-8cee-4d29-90a2-849bfcaa0080,7ab7cd0c-fae1-436c-b9cb-1f7df0a90c8c,1377.2,INR,success,2026-05-07 16:16:59.573314+00:00
f11f6de0-788e-4467-981b-501305603c08,89cf622b-d36d-4a5c-a3a0-6d4a6e26d59a,86a69490-8cee-4d29-90a2-849bfcaa0080,7ab7cd0c-fae1-436c-b9cb-1f7df0a90c8c,909.75,INR,success,2026-05-24 09:24:37.358957+00:00
c77f78c8-097b-4096-8e93-d6a69862c700,89cf622b-d36d-4a5c-a3a0-6d4a6e26d59a,86a69490-8cee-4d29-90a2-849bfcaa0080,7ab7cd0c-fae1-436c-b9cb-1f7df0a90c8c,1421.49,INR,success,2026-05-29 04:32:34.157566+00:00
6f59af99-ea67-4645-bfd0-93f2192b7f23,c8a8f3a1-40c5-423c-9c6b-b8d540a772b2,a2436505-01c9-4926-b9b3-51538929f538,6eb639c2-d080-4db7-b488-021f6bd0145a,1329.14,INR,success,2026-05-15 18:52:15.357777+00:00
e98c2dd7-9167-46ee-8254-c06284359792,c8a8f3a1-40c5-423c-9c6b-b8d540a772b2,a2436505-01c9-4926-b9b3-51538929f538,6eb639c2-d080-4db7-b488-021f6bd0145a,1143.31,INR,success,2026-05-16 23:13:31.762766+00:00
ef1c7aaf-b7e8-4692-8095-47b03328ee4e,c8a8f3a1-40c5-423c-9c6b-b8d540a772b2,a2436505-01c9-4926-b9b3-51538929f538,6eb639c2-d080-4db7-b488-021f6bd0145a,1155.1,INR,success,2026-05-17 07:27:08.039626+00:00
51e59c66-a8e5-4e64-85c9-b52ab0df7e31,c8a8f3a1-40c5-423c-9c6b-b8d540a772b2,a2436505-01c9-4926-b9b3-51538929f538,6eb639c2-d080-4db7-b488-021f6bd0145a,689.39,INR,success,2026-05-26 17:24:32.555452+00:00
0caec4e1-195d-400b-a469-cd5126400436,c8a8f3a1-40c5-423c-9c6b-b8d540a772b2,a2436505-01c9-4926-b9b3-51538929f538,6eb639c2-d080-4db7-b488-021f6bd0145a,1083.28,INR,success,2026-05-27 11:42:14.195535+00:00
0c769cbc-6ee1-4e99-a40e-52fbad1bc127,b233fc1b-6ad0-40a3-97ef-8f45017f29a3,958064f3-890b-4950-8bd9-628138947665,3185fe5e-a958-42a6-92da-51d265cc585e,895.48,INR,success,2026-05-01 14:07:27.107799+00:00
736c12c0-a4c9-4a8a-879d-704727510ac2,b233fc1b-6ad0-40a3-97ef-8f45017f29a3,958064f3-890b-4950-8bd9-628138947665,3185fe5e-a958-42a6-92da-51d265cc585e,4502.01,INR,success,2026-05-08 19:04:10.189293+00:00
be88c401-3ef3-431b-9b5a-62e84989c9e3,b233fc1b-6ad0-40a3-97ef-8f45017f29a3,958064f3-890b-4950-8bd9-628138947665,3185fe5e-a958-42a6-92da-51d265cc585e,3621.13,INR,success,2026-05-20 09:10:20.518513+00:00
d2393f0a-d1df-405f-b048-c7df759288c6,03cef383-f4ef-4d66-bad8-0ce65702edd2,120d3069-2e43-42e9-a6c7-61fcb22dce11,14eef311-2fea-4e83-a55d-dc671856485b,324.04,INR,success,2026-04-17 19:44:35.255518+00:00
6c33009d-3048-4e1d-a6ce-b73e2a0bfa01,03cef383-f4ef-4d66-bad8-0ce65702edd2,120d3069-2e43-42e9-a6c7-61fcb22dce11,14eef311-2fea-4e83-a55d-dc671856485b,398.87,INR,success,2026-05-02 02:04:59.837261+00:00
ee501cb8-e265-4e02-be15-48005fd5ea23,03cef383-f4ef-4d66-bad8-0ce65702edd2,120d3069-2e43-42e9-a6c7-61fcb22dce11,14eef311-2fea-4e83-a55d-dc671856485b,186.54,INR,success,2026-05-22 08:54:52.791380+00:00
be07b128-4abf-4f24-810f-0f163cfff55f,03cef383-f4ef-4d66-bad8-0ce65702edd2,120d3069-2e43-42e9-a6c7-61fcb22dce11,14eef311-2fea-4e83-a55d-dc671856485b,270.92,INR,success,2026-05-26 19:36:40.157688+00:00
e1d2bb91-2c69-48e7-8c79-b15fdd64080d,77bc989c-f5d9-498b-9b51-fc39a2cfbba0,fea9a2f5-3f45-410c-b620-273c86d13329,aed42bb2-61a8-4741-ba17-1e525d18ecca,4221.67,INR,success,2026-05-24 10:40:12.254485+00:00
6c7d69c7-d945-4f33-9d35-9a2f3de592eb,77bc989c-f5d9-498b-9b51-fc39a2cfbba0,fea9a2f5-3f45-410c-b620-273c86d13329,aed42bb2-61a8-4741-ba17-1e525d18ecca,3678.8,INR,success,2026-05-24 15:10:54.481223+00:00
6707ccde-6a8e-48c8-b0a1-f9551b44af91,77bc989c-f5d9-498b-9b51-fc39a2cfbba0,fea9a2f5-3f45-410c-b620-273c86d13329,aed42bb2-61a8-4741-ba17-1e525d18ecca,2047.47,INR,success,2026-05-26 13:53:09.432500+00:00
6dee4838-1608-4359-afce-dd1d81e8c61a,77bc989c-f5d9-498b-9b51-fc39a2cfbba0,fea9a2f5-3f45-410c-b620-273c86d13329,aed42bb2-61a8-4741-ba17-1e525d18ecca,3953.12,INR,success,2026-05-29 09:56:12.531064+00:00
e66d3747-70d6-40f8-8eda-b392363db717,77bc989c-f5d9-498b-9b51-fc39a2cfbba0,fea9a2f5-3f45-410c-b620-273c86d13329,aed42bb2-61a8-4741-ba17-1e525d18ecca,3819.96,INR,success,2026-05-31 23:16:49.118554+00:00
f79aa1bc-fddd-449c-998b-c01f8eaed043,5d4f79b9-7f1a-4701-b396-d2c0e5c833ea,e42208f4-5c6b-49b2-a73a-f8e8042f12e4,6524ca5e-41e1-483c-b344-b09f56b75303,1005.1,INR,success,2026-05-27 03:16:47.382940+00:00
dae9695e-dd0a-4e8c-bade-285e3916572f,5d4f79b9-7f1a-4701-b396-d2c0e5c833ea,e42208f4-5c6b-49b2-a73a-f8e8042f12e4,6524ca5e-41e1-483c-b344-b09f56b75303,2466.62,INR,success,2026-05-28 04:23:09.259963+00:00
1127a598-6dd6-421a-b851-c6cd90ee6d29,5d4f79b9-7f1a-4701-b396-d2c0e5c833ea,e42208f4-5c6b-49b2-a73a-f8e8042f12e4,6524ca5e-41e1-483c-b344-b09f56b75303,1905.72,INR,success,2026-05-28 19:23:02.224686+00:00
4b2047c1-1ae7-4d65-b02d-b40bda75c76c,5d4f79b9-7f1a-4701-b396-d2c0e5c833ea,e42208f4-5c6b-49b2-a73a-f8e8042f12e4,6524ca5e-41e1-483c-b344-b09f56b75303,2246.86,INR,success,2026-05-31 19:11:50.958862+00:00
318d2ac5-5aa7-4df3-a34a-3d58a3b084a0,61bca8bf-a41c-4ca2-9645-212f70c05396,1021c6ae-1b97-42ef-81da-c65f002ba507,92afc1a9-d01f-4946-9228-6945f60ddf24,808.45,INR,success,2026-04-30 11:10:49.691552+00:00
b856998c-094b-4047-b506-692386d68a53,e59defcf-0182-4aef-9155-802bc58f52cb,795ad9d9-32e5-4f69-a2e3-f2e338aa2694,a3021a31-1072-40e8-9616-7de0ef396433,2204.86,INR,success,2026-05-08 07:38:18.099153+00:00
566db995-7d71-4feb-8a8f-324ff7924dea,e59defcf-0182-4aef-9155-802bc58f52cb,795ad9d9-32e5-4f69-a2e3-f2e338aa2694,a3021a31-1072-40e8-9616-7de0ef396433,2650.42,INR,success,2026-05-13 07:04:42.112543+00:00
0f7dea16-9e15-4e0a-943d-56f6c2322988,e59defcf-0182-4aef-9155-802bc58f52cb,795ad9d9-32e5-4f69-a2e3-f2e338aa2694,a3021a31-1072-40e8-9616-7de0ef396433,2409.63,INR,success,2026-05-17 19:52:43.938342+00:00
d1d3781c-eb5d-4531-9158-8d0c4a234bbd,e59defcf-0182-4aef-9155-802bc58f52cb,795ad9d9-32e5-4f69-a2e3-f2e338aa2694,a3021a31-1072-40e8-9616-7de0ef396433,1650.47,INR,success,2026-05-26 23:05:59.812260+00:00
da98fa2b-aec8-4298-8ca0-661d94458dca,570ed0d5-ec99-4f5e-b781-25abfab4e1a4,4b8c8f0f-f2a4-4a93-8773-587b8ce0daea,b9d5736e-8cc7-477a-8a37-c2de37e46e7f,934.8,INR,success,2026-05-28 18:21:25.908177+00:00
361d6aef-a3f1-42bb-9ea1-27df3d5c6219,570ed0d5-ec99-4f5e-b781-25abfab4e1a4,4b8c8f0f-f2a4-4a93-8773-587b8ce0daea,b9d5736e-8cc7-477a-8a37-c2de37e46e7f,969.7,INR,success,2026-05-31 16:53:29.033248+00:00
c9744494-002d-4b32-95d7-dbd9d3f55816,a693d7f8-7b86-4c4d-b115-ecf095e58f85,ac9c9ec4-c066-4503-851d-51f84561ae20,c510844c-a72d-441d-bb13-22cc84442258,1732.62,INR,success,2026-04-06 00:38:47.861758+00:00
ed6d707d-c258-4210-ba70-6154ac5cd54d,a693d7f8-7b86-4c4d-b115-ecf095e58f85,ac9c9ec4-c066-4503-851d-51f84561ae20,c510844c-a72d-441d-bb13-22cc84442258,218.65,INR,success,2026-04-22 21:00:56.227253+00:00
76653c7b-8db8-460e-afc0-d2c12a71c9e5,a693d7f8-7b86-4c4d-b115-ecf095e58f85,ac9c9ec4-c066-4503-851d-51f84561ae20,c510844c-a72d-441d-bb13-22cc84442258,4128.21,INR,success,2026-05-10 16:58:01.724082+00:00
da6d4a9b-a5eb-4a36-901c-5a1e8f1928b9,a693d7f8-7b86-4c4d-b115-ecf095e58f85,ac9c9ec4-c066-4503-851d-51f84561ae20,c510844c-a72d-441d-bb13-22cc84442258,710.27,INR,success,2026-05-15 02:46:31.300645+00:00
24199ce1-3b43-4803-80c8-b7040a848f74,a780e12f-729f-4b2c-b0a2-415568c3fe0e,227a5928-0058-43c3-9989-059abe5a8f68,16da6f04-8eb1-4015-88f3-cbc784bdaf77,1774.72,INR,success,2026-05-10 07:24:00.056257+00:00
3f9e6549-5d41-4874-8e44-64ea87268884,a780e12f-729f-4b2c-b0a2-415568c3fe0e,227a5928-0058-43c3-9989-059abe5a8f68,16da6f04-8eb1-4015-88f3-cbc784bdaf77,4538.28,INR,success,2026-05-26 03:01:43.053398+00:00
bfafa215-1eda-49da-af33-cf28ee0eb93b,7b985c6b-5eae-42d2-9a03-6924620c5330,d128016a-6bb8-4282-b4f4-7894a8b8cd35,4b72ec6f-2cdf-469e-aa46-cdd19259f2bc,1066.2,INR,success,2026-04-29 13:29:21.344614+00:00
3e97dd2e-8e75-442d-b148-d0cb421647fe,7b985c6b-5eae-42d2-9a03-6924620c5330,d128016a-6bb8-4282-b4f4-7894a8b8cd35,4b72ec6f-2cdf-469e-aa46-cdd19259f2bc,1980.37,INR,success,2026-05-07 02:42:42.100462+00:00
586cb86f-7620-41a9-9549-59ac2e4b2182,7b985c6b-5eae-42d2-9a03-6924620c5330,d128016a-6bb8-4282-b4f4-7894a8b8cd35,4b72ec6f-2cdf-469e-aa46-cdd19259f2bc,1652.25,INR,success,2026-05-24 09:34:19.350381+00:00
e9a37002-3691-49fd-8173-0aac9fbdef1a,7e6a7728-366f-4e85-8387-61fdf49b7b02,20e4ba1a-f9cc-4d95-9690-e3203537e300,7867d56e-4535-4482-9386-0cef178aa80b,5505.85,INR,success,2026-05-25 11:38:06.875675+00:00
5cf091b7-1c3e-4519-b0bb-dada7057142f,7e6a7728-366f-4e85-8387-61fdf49b7b02,20e4ba1a-f9cc-4d95-9690-e3203537e300,7867d56e-4535-4482-9386-0cef178aa80b,6485.32,INR,success,2026-05-28 08:53:24.347915+00:00
7bb09c27-1fc6-4bf1-ac46-e29526e615e3,7e6a7728-366f-4e85-8387-61fdf49b7b02,20e4ba1a-f9cc-4d95-9690-e3203537e300,7867d56e-4535-4482-9386-0cef178aa80b,2710.83,INR,success,2026-05-28 14:54:14.022268+00:00
c2f0e6ea-b75d-40eb-81b1-44611608e9df,7e6a7728-366f-4e85-8387-61fdf49b7b02,20e4ba1a-f9cc-4d95-9690-e3203537e300,7867d56e-4535-4482-9386-0cef178aa80b,2009.6,INR,success,2026-05-30 15:07:21.068413+00:00
bf045bf6-5c9d-449b-bbd5-e505e9946c2b,b296826a-1a5b-4457-986b-a1eee589e04c,48d47068-69a5-4f3e-8fdf-d00b913a3a0c,05842538-73b1-4be1-bfd8-08a8f6030e1a,2578.09,INR,success,2026-04-07 00:54:26.071622+00:00
82b8a08f-cdb7-475e-bd17-85f32ca2238f,b296826a-1a5b-4457-986b-a1eee589e04c,48d47068-69a5-4f3e-8fdf-d00b913a3a0c,05842538-73b1-4be1-bfd8-08a8f6030e1a,699.63,INR,success,2026-04-10 09:51:05.722350+00:00
d0956547-9fb2-4294-ad8a-3e629bae3012,b296826a-1a5b-4457-986b-a1eee589e04c,48d47068-69a5-4f3e-8fdf-d00b913a3a0c,05842538-73b1-4be1-bfd8-08a8f6030e1a,6007.97,INR,success,2026-05-10 02:00:21.401373+00:00
317ecc64-81ff-4f8e-b9df-52efa41a2a38,d0578d07-3a13-4766-b68c-ba416f677a3f,2b3f8b8a-ed44-41fa-8ad1-6ef8a97624b1,4d7a659a-0a64-4238-aad9-1c8303cd63b9,5401.09,INR,success,2026-04-17 11:43:40.519689+00:00
2846f35f-60aa-480c-9529-9795bbe3904c,d0578d07-3a13-4766-b68c-ba416f677a3f,2b3f8b8a-ed44-41fa-8ad1-6ef8a97624b1,4d7a659a-0a64-4238-aad9-1c8303cd63b9,1721.95,INR,success,2026-04-20 17:22:31.456016+00:00
f26a86c9-b305-4c2d-8419-1fda37eebdd2,d0578d07-3a13-4766-b68c-ba416f677a3f,2b3f8b8a-ed44-41fa-8ad1-6ef8a97624b1,4d7a659a-0a64-4238-aad9-1c8303cd63b9,3838.09,INR,success,2026-05-15 05:14:14.843654+00:00
ff5d5b7c-0dda-4a18-a20a-7a419c9c3e3e,d0578d07-3a13-4766-b68c-ba416f677a3f,2b3f8b8a-ed44-41fa-8ad1-6ef8a97624b1,4d7a659a-0a64-4238-aad9-1c8303cd63b9,1028.61,INR,success,2026-05-20 02:25:42.356025+00:00
86ca5449-a46b-4526-b3fd-4e7b361a2bcf,743998e6-7a65-409e-81bb-cdc3fb54403f,2fb04ea5-1f4c-479d-9444-e78b99cc481c,33348089-0e09-4ecd-863f-e00c58b69832,911.17,INR,success,2026-05-24 02:18:19.745335+00:00
ef902215-e6b9-46b1-a391-c6042b9389e9,743998e6-7a65-409e-81bb-cdc3fb54403f,2fb04ea5-1f4c-479d-9444-e78b99cc481c,33348089-0e09-4ecd-863f-e00c58b69832,1748.66,INR,success,2026-05-24 15:14:38.868912+00:00
33b5acaa-d95b-4472-ab6a-01f80d671c20,743998e6-7a65-409e-81bb-cdc3fb54403f,2fb04ea5-1f4c-479d-9444-e78b99cc481c,33348089-0e09-4ecd-863f-e00c58b69832,1721.22,INR,success,2026-05-26 04:09:29.251643+00:00
52020673-db5a-4a6f-bd45-f1159e7db514,743998e6-7a65-409e-81bb-cdc3fb54403f,2fb04ea5-1f4c-479d-9444-e78b99cc481c,33348089-0e09-4ecd-863f-e00c58b69832,3876.01,INR,success,2026-05-30 05:33:52.539140+00:00
0ad2e10f-0a98-4feb-b1ca-3caff2216e5f,743998e6-7a65-409e-81bb-cdc3fb54403f,2fb04ea5-1f4c-479d-9444-e78b99cc481c,33348089-0e09-4ecd-863f-e00c58b69832,3621.6,INR,success,2026-05-30 18:00:01.424343+00:00
bbe5f190-0460-4f1b-86f6-6682c19b220b,aa6f5451-ab97-4433-9044-28a89f5cf718,dee56bf8-9c2b-43ab-9cc1-ad9374544fa8,be680959-9609-4c70-bf3f-31dad24fdc67,2827.56,INR,success,2026-03-10 10:00:03.145148+00:00
697e178a-b805-4e96-a872-4db31a942ab0,aa6f5451-ab97-4433-9044-28a89f5cf718,dee56bf8-9c2b-43ab-9cc1-ad9374544fa8,be680959-9609-4c70-bf3f-31dad24fdc67,2789.2,INR,success,2026-03-20 08:05:10.476067+00:00
42942d5c-5e0f-4ba7-a49a-67326c97042f,aa6f5451-ab97-4433-9044-28a89f5cf718,dee56bf8-9c2b-43ab-9cc1-ad9374544fa8,be680959-9609-4c70-bf3f-31dad24fdc67,2270.33,INR,success,2026-03-21 08:17:30.630027+00:00
cf2e8794-9ac7-4156-a6b9-f16a34f9bfb1,aa6f5451-ab97-4433-9044-28a89f5cf718,dee56bf8-9c2b-43ab-9cc1-ad9374544fa8,be680959-9609-4c70-bf3f-31dad24fdc67,8390.96,INR,success,2026-04-01 06:34:15.044726+00:00
5e9b1133-ba98-42fe-a208-b8fac0ec7cb2,aa6f5451-ab97-4433-9044-28a89f5cf718,dee56bf8-9c2b-43ab-9cc1-ad9374544fa8,be680959-9609-4c70-bf3f-31dad24fdc67,3236.72,INR,success,2026-04-17 15:16:59.678867+00:00
cd7a7bce-c0ea-4d01-ac07-c97fd5d2f976,ef13cf73-5395-447c-a2f0-615b89dc6b5a,4d96d078-7058-424f-ae5d-317c49b05861,b01c5609-8b55-450e-99bc-0d43cf510248,4633.35,INR,success,2026-03-11 10:00:30.275416+00:00
6cf07f69-f5e0-436b-9498-61bd3223b5ca,ef13cf73-5395-447c-a2f0-615b89dc6b5a,4d96d078-7058-424f-ae5d-317c49b05861,b01c5609-8b55-450e-99bc-0d43cf510248,4543.44,INR,success,2026-03-28 11:01:07.705079+00:00
e1e8b3e7-3703-402a-ab06-2ba54ece4d60,ef13cf73-5395-447c-a2f0-615b89dc6b5a,4d96d078-7058-424f-ae5d-317c49b05861,b01c5609-8b55-450e-99bc-0d43cf510248,2673.25,INR,success,2026-04-05 04:57:42.636120+00:00
4bd09efc-36d4-46eb-8024-e48ac26608e6,ef13cf73-5395-447c-a2f0-615b89dc6b5a,4d96d078-7058-424f-ae5d-317c49b05861,b01c5609-8b55-450e-99bc-0d43cf510248,5076.04,INR,success,2026-04-21 15:13:40.857398+00:00
448fe24e-6acb-4e38-9d07-726313c8323d,ef13cf73-5395-447c-a2f0-615b89dc6b5a,4d96d078-7058-424f-ae5d-317c49b05861,b01c5609-8b55-450e-99bc-0d43cf510248,2783.72,INR,success,2026-05-09 06:47:07.052700+00:00
f36e37aa-22c7-4735-be2c-9c5ac1663c13,f2b89856-4d72-4f44-a8d5-baf44ea8ff64,f8ba6f75-952b-481e-afc8-f3ee6fe1c00b,6176ebdc-c399-48c7-8829-8359dc7c806e,587.4,INR,success,2026-05-23 18:43:40.889809+00:00
f210917c-9885-45a5-83c2-cc514e16f9f5,f2b89856-4d72-4f44-a8d5-baf44ea8ff64,f8ba6f75-952b-481e-afc8-f3ee6fe1c00b,6176ebdc-c399-48c7-8829-8359dc7c806e,1301.64,INR,success,2026-05-25 16:11:46.535789+00:00
059d11ef-8675-4bc1-9e80-cfb6f0750c8d,f2b89856-4d72-4f44-a8d5-baf44ea8ff64,f8ba6f75-952b-481e-afc8-f3ee6fe1c00b,6176ebdc-c399-48c7-8829-8359dc7c806e,1910.96,INR,success,2026-05-25 19:38:36.973831+00:00
48cf3169-9db8-43b9-a990-04dbf45b2586,b4f4e36f-eb84-4916-9187-d4afbfd88ff3,264203ff-38fa-408f-a25d-ce406adfff79,81f0732a-e5c0-4866-a554-10ebf9de8b32,222.81,INR,success,2026-04-03 23:03:44.179908+00:00
0dcdd659-e8ce-4d28-aee9-be80bda1e8c0,b4f4e36f-eb84-4916-9187-d4afbfd88ff3,264203ff-38fa-408f-a25d-ce406adfff79,81f0732a-e5c0-4866-a554-10ebf9de8b32,582.91,INR,success,2026-04-12 14:37:54.796967+00:00
2d4cd8ac-274e-4014-b28a-b7f8c4b595eb,b4f4e36f-eb84-4916-9187-d4afbfd88ff3,264203ff-38fa-408f-a25d-ce406adfff79,81f0732a-e5c0-4866-a554-10ebf9de8b32,234.0,INR,success,2026-05-03 19:36:19.993288+00:00
9f66b956-c5f6-4731-9451-7592651790f0,b4f4e36f-eb84-4916-9187-d4afbfd88ff3,264203ff-38fa-408f-a25d-ce406adfff79,81f0732a-e5c0-4866-a554-10ebf9de8b32,260.67,INR,success,2026-05-10 03:43:29.239322+00:00
5423ea88-9e95-48ea-a812-37da14e62b68,b4f4e36f-eb84-4916-9187-d4afbfd88ff3,264203ff-38fa-408f-a25d-ce406adfff79,81f0732a-e5c0-4866-a554-10ebf9de8b32,218.77,INR,success,2026-05-13 06:53:13.137048+00:00
88addd96-331c-4d76-baa1-2ab293a1ca30,490847ac-353d-4984-a73c-ce7bbae6b389,d3d23571-1c15-45b0-89ca-240b16171f4d,601bc4d9-d8ba-427e-8b74-3b5843f4e9b3,2541.16,INR,success,2026-05-18 23:44:34.387285+00:00
24ccabc6-ba64-420c-94b9-a5a066a6e116,93f4b60e-8727-41a0-8bcc-a658f9e5b2e2,f9a8ce3b-d592-4b62-84a6-2809387edfc6,95b83cf0-5fb7-4e30-af9a-30d36c9e5b6a,1728.64,INR,success,2026-05-03 03:51:05.608595+00:00
b0929ed5-0250-4a94-9a50-29d0c0a67d42,93f4b60e-8727-41a0-8bcc-a658f9e5b2e2,f9a8ce3b-d592-4b62-84a6-2809387edfc6,95b83cf0-5fb7-4e30-af9a-30d36c9e5b6a,3324.94,INR,success,2026-05-26 19:15:22.699924+00:00
f4648ca2-ae8f-4ab6-b1ff-c52bd929a7a7,ff2a7fc6-183b-4769-baf3-6ce2b534d37c,fb00503e-5665-45e6-a985-236e17bdddec,383be7b5-b57a-4a36-970e-fbd542922929,230.4,INR,success,2026-05-21 20:28:23.302613+00:00
030d3084-5db5-4666-8ad5-ae19087672ff,ff2a7fc6-183b-4769-baf3-6ce2b534d37c,fb00503e-5665-45e6-a985-236e17bdddec,383be7b5-b57a-4a36-970e-fbd542922929,431.4,INR,success,2026-05-23 21:05:01.765644+00:00
951d4563-bb30-40b5-9c1d-4c0727152eaf,ff2a7fc6-183b-4769-baf3-6ce2b534d37c,fb00503e-5665-45e6-a985-236e17bdddec,383be7b5-b57a-4a36-970e-fbd542922929,313.83,INR,success,2026-05-26 22:46:43.473063+00:00
eb19ebfb-c599-4368-a59c-f04f915bc712,894a90d7-d09d-42ab-91ce-8fac22c5dfd5,20953aa7-08dd-47b0-bf02-bbe7d14a3d09,1cf7738b-1ef5-404f-94cb-d085e69db694,132.52,INR,success,2026-04-13 02:03:31.536465+00:00
41b04a1e-7920-46ca-9788-a8c94e0fc62c,894a90d7-d09d-42ab-91ce-8fac22c5dfd5,20953aa7-08dd-47b0-bf02-bbe7d14a3d09,1cf7738b-1ef5-404f-94cb-d085e69db694,206.22,INR,success,2026-04-13 02:12:56.202043+00:00
28258a83-f0e4-49eb-a85b-1ab9c63b4a64,894a90d7-d09d-42ab-91ce-8fac22c5dfd5,20953aa7-08dd-47b0-bf02-bbe7d14a3d09,1cf7738b-1ef5-404f-94cb-d085e69db694,317.68,INR,success,2026-04-13 08:50:12.679697+00:00
a9de30ee-35aa-446e-90c4-ed681d11a9d4,894a90d7-d09d-42ab-91ce-8fac22c5dfd5,20953aa7-08dd-47b0-bf02-bbe7d14a3d09,1cf7738b-1ef5-404f-94cb-d085e69db694,502.98,INR,success,2026-04-14 12:05:50.178715+00:00
45792d43-1fde-4984-a8cc-12d98ee64f71,894a90d7-d09d-42ab-91ce-8fac22c5dfd5,20953aa7-08dd-47b0-bf02-bbe7d14a3d09,1cf7738b-1ef5-404f-94cb-d085e69db694,182.5,INR,success,2026-04-14 14:47:01.528468+00:00
caef7943-1068-44a5-86b7-f9fd8eae4862,315a230b-6feb-47c2-b5c8-ee425900994a,9f7fb26c-f34d-4a21-974b-d0974e67eea2,5e56dfed-18e5-4913-b44f-4caf993718a1,3408.05,INR,success,2026-04-14 09:06:24.185893+00:00
c72d32f5-22ec-4205-aa0c-692e18060045,315a230b-6feb-47c2-b5c8-ee425900994a,9f7fb26c-f34d-4a21-974b-d0974e67eea2,5e56dfed-18e5-4913-b44f-4caf993718a1,3448.58,INR,success,2026-04-21 04:18:39.629315+00:00
2f0b6157-a086-4028-bdc2-2f7822394975,315a230b-6feb-47c2-b5c8-ee425900994a,9f7fb26c-f34d-4a21-974b-d0974e67eea2,5e56dfed-18e5-4913-b44f-4caf993718a1,2313.53,INR,success,2026-05-10 14:07:41.598032+00:00
7df5d28d-bf8f-4f9a-a993-c2738b2aac3f,315a230b-6feb-47c2-b5c8-ee425900994a,9f7fb26c-f34d-4a21-974b-d0974e67eea2,5e56dfed-18e5-4913-b44f-4caf993718a1,1294.34,INR,success,2026-05-12 02:43:15.427919+00:00
1991bc6a-5467-4b09-b1f2-6c84af27d4d6,542ae064-bf06-4846-8e43-4924d2166137,461f22ad-32dc-47a2-9517-047e5b251832,2ade3ca8-b47c-459a-9dc6-44d6f574f76c,10.0,INR,success,2026-04-24 23:24:17.357431+00:00
a7f05edb-1c89-432b-bb5f-42c45bbab482,542ae064-bf06-4846-8e43-4924d2166137,461f22ad-32dc-47a2-9517-047e5b251832,2ade3ca8-b47c-459a-9dc6-44d6f574f76c,859.07,INR,success,2026-05-29 15:10:55.205502+00:00
a046264b-3430-405d-a327-635ba0848470,4538802c-7054-48d3-90f9-a604e69f2627,96f95542-9646-470c-b404-873547839a21,568078f1-c5a3-4095-b3e7-a5fab6beac2c,1128.42,INR,success,2026-03-28 17:03:28.118552+00:00
f8a1df5a-984d-4d37-bab2-c7011753cab8,4538802c-7054-48d3-90f9-a604e69f2627,96f95542-9646-470c-b404-873547839a21,568078f1-c5a3-4095-b3e7-a5fab6beac2c,1468.64,INR,success,2026-05-01 09:43:31.166169+00:00
cb5f6c04-d803-4363-bd06-e6cb799f04c2,4538802c-7054-48d3-90f9-a604e69f2627,96f95542-9646-470c-b404-873547839a21,568078f1-c5a3-4095-b3e7-a5fab6beac2c,3673.96,INR,success,2026-05-15 20:59:32.867899+00:00
645a4ceb-3782-4096-83f9-f62d36c56482,bf219d03-0687-4305-b9d3-f7d5ecf6b738,1cf27632-f54e-4806-a72b-2722958a0b02,90494d27-4759-433a-87f2-d11a10f3ad91,1233.99,INR,success,2026-05-26 18:12:13.093978+00:00
d32250b8-656b-48cb-930c-11651749edff,bf219d03-0687-4305-b9d3-f7d5ecf6b738,1cf27632-f54e-4806-a72b-2722958a0b02,90494d27-4759-433a-87f2-d11a10f3ad91,1443.8,INR,success,2026-05-27 04:49:43.067141+00:00
d256abbd-17f0-4822-8211-e6f56dbbc14b,bf219d03-0687-4305-b9d3-f7d5ecf6b738,1cf27632-f54e-4806-a72b-2722958a0b02,90494d27-4759-433a-87f2-d11a10f3ad91,1772.26,INR,success,2026-05-27 12:34:10.131010+00:00
9d639da1-6cf4-4747-9547-2d4097283169,bf219d03-0687-4305-b9d3-f7d5ecf6b738,1cf27632-f54e-4806-a72b-2722958a0b02,90494d27-4759-433a-87f2-d11a10f3ad91,1346.12,INR,success,2026-05-31 19:07:29.616736+00:00
0d34591a-2fca-48cf-9601-cce3b0605c22,bf219d03-0687-4305-b9d3-f7d5ecf6b738,1cf27632-f54e-4806-a72b-2722958a0b02,90494d27-4759-433a-87f2-d11a10f3ad91,659.51,INR,success,2026-05-31 22:27:34.985694+00:00
d54ef6af-a8c9-4f34-90ba-ca6ddaac85e7,ad6debf6-0350-4a35-9354-7842a51ed9fc,2e29d6be-95d3-42e6-a605-ec36384a5669,f37a0862-ec36-45e1-9969-6b5ac50c35a8,1019.14,INR,success,2026-04-01 20:42:57.070295+00:00
aab49de1-9af3-41f7-b557-dad499dc87fe,ad6debf6-0350-4a35-9354-7842a51ed9fc,2e29d6be-95d3-42e6-a605-ec36384a5669,f37a0862-ec36-45e1-9969-6b5ac50c35a8,566.83,INR,success,2026-05-15 14:16:44.458994+00:00
0be5db60-8ddb-47d1-8c92-d7e0a4b44c76,ad6debf6-0350-4a35-9354-7842a51ed9fc,2e29d6be-95d3-42e6-a605-ec36384a5669,f37a0862-ec36-45e1-9969-6b5ac50c35a8,912.57,INR,success,2026-05-16 14:52:06.426154+00:00
05483a33-56d4-45e1-a045-9844d5578bd1,37dbf339-1fa6-424d-ad4a-3b0aec2dc933,c88772a1-08cb-429d-abbd-322cbd4aa00b,bf980f40-6033-4539-8037-8a7f397e88a3,388.84,INR,success,2026-05-20 00:11:00.249771+00:00
f841b3dc-3499-408d-b593-0297bceb8a02,37dbf339-1fa6-424d-ad4a-3b0aec2dc933,c88772a1-08cb-429d-abbd-322cbd4aa00b,bf980f40-6033-4539-8037-8a7f397e88a3,6392.55,INR,success,2026-05-24 18:12:26.059829+00:00
a55a3c0b-a0c2-41ed-9275-df3ae0f4b570,37dbf339-1fa6-424d-ad4a-3b0aec2dc933,c88772a1-08cb-429d-abbd-322cbd4aa00b,bf980f40-6033-4539-8037-8a7f397e88a3,6153.93,INR,success,2026-05-25 16:36:06.413871+00:00
9abc62c4-c8ec-4679-adb8-4d838ba95e74,37dbf339-1fa6-424d-ad4a-3b0aec2dc933,c88772a1-08cb-429d-abbd-322cbd4aa00b,bf980f40-6033-4539-8037-8a7f397e88a3,4402.07,INR,success,2026-05-26 16:55:32.505149+00:00
bb7d5c09-5272-4cf2-adc1-6096ab63d6ef,dd3ab759-e5c2-4de3-a644-e1b525291ef0,b45818b1-9b05-4572-91e6-e67ba164643b,f4e75334-0282-4eaa-93d1-8305391e6bc4,452.69,INR,success,2026-05-06 07:20:16.013294+00:00
820c4d31-a91e-4878-a89b-fdeeb1ebaf93,dd3ab759-e5c2-4de3-a644-e1b525291ef0,b45818b1-9b05-4572-91e6-e67ba164643b,f4e75334-0282-4eaa-93d1-8305391e6bc4,247.24,INR,success,2026-05-16 09:53:26.434744+00:00
0858db30-618e-48c5-97cf-6a840db5c2a6,dd3ab759-e5c2-4de3-a644-e1b525291ef0,b45818b1-9b05-4572-91e6-e67ba164643b,f4e75334-0282-4eaa-93d1-8305391e6bc4,181.38,INR,success,2026-05-25 02:08:49.047472+00:00
e602a656-94b1-43a8-8438-4e0e542e2d76,f830fe5e-713d-40e6-adfb-844f91083df7,14bdddf4-fcd4-4b14-a27d-d53075a7e479,5f4863f7-67a0-443d-a7a5-422cdbb748a9,438.34,INR,success,2026-04-05 13:39:42.299624+00:00
7fce6ecd-8856-44a5-b7a2-b02ac726c3f4,9ed71a49-fb51-4245-9944-a96e3b67a869,1635d38b-bc58-418b-afdb-b35ce62dfb6d,4ac4eacc-2bb2-4a04-9e8d-662c8c27b21a,1149.39,INR,success,2026-03-09 09:45:57.677469+00:00
275ffddc-871f-493d-8363-b1ec986b8e7d,9ed71a49-fb51-4245-9944-a96e3b67a869,1635d38b-bc58-418b-afdb-b35ce62dfb6d,4ac4eacc-2bb2-4a04-9e8d-662c8c27b21a,3693.21,INR,success,2026-03-15 09:50:14.017010+00:00
20465a64-355c-4727-9ae5-2016c8c2d65c,9ed71a49-fb51-4245-9944-a96e3b67a869,1635d38b-bc58-418b-afdb-b35ce62dfb6d,4ac4eacc-2bb2-4a04-9e8d-662c8c27b21a,5261.74,INR,success,2026-05-22 14:36:20.007404+00:00
25dbe731-bf35-4aed-9e67-7e229af7493e,6b102690-7a3b-49de-a58a-641dd1f5c923,c90d70b6-65da-4300-8e96-ff6cb1b23499,dbd23bed-6bb7-4cc0-8f3b-8844cede69a0,3971.47,INR,success,2026-03-28 08:12:36.961641+00:00
2159dc29-83cd-4e14-8188-8257e4ed72d1,6b102690-7a3b-49de-a58a-641dd1f5c923,c90d70b6-65da-4300-8e96-ff6cb1b23499,dbd23bed-6bb7-4cc0-8f3b-8844cede69a0,3827.21,INR,success,2026-05-15 10:05:34.396393+00:00
55396f9e-35a6-4c4b-b04d-b88cf6c431ab,6b102690-7a3b-49de-a58a-641dd1f5c923,c90d70b6-65da-4300-8e96-ff6cb1b23499,dbd23bed-6bb7-4cc0-8f3b-8844cede69a0,2949.63,INR,success,2026-05-22 17:08:10.921567+00:00
708bedcb-8ab6-4bc1-bbfc-4d21583f678a,6b102690-7a3b-49de-a58a-641dd1f5c923,c90d70b6-65da-4300-8e96-ff6cb1b23499,dbd23bed-6bb7-4cc0-8f3b-8844cede69a0,5203.29,INR,success,2026-05-27 12:39:57.805086+00:00
07a245f0-6e8d-4997-98e3-5a686b5ea58f,b1b9de96-826c-43c8-a871-b0be7571ff39,c88f0298-daf6-4729-a4ed-3685bc591c13,aa847cd6-a8fd-4df9-95de-8cd65c650d2b,1231.17,INR,success,2026-05-14 10:22:32.119670+00:00
8168097f-f315-4baf-8220-a1061c0481a4,b1b9de96-826c-43c8-a871-b0be7571ff39,c88f0298-daf6-4729-a4ed-3685bc591c13,aa847cd6-a8fd-4df9-95de-8cd65c650d2b,925.82,INR,success,2026-05-16 19:58:26.339247+00:00
99b042ee-22e5-4a05-98a5-c45cf6384fb0,b1b9de96-826c-43c8-a871-b0be7571ff39,c88f0298-daf6-4729-a4ed-3685bc591c13,aa847cd6-a8fd-4df9-95de-8cd65c650d2b,1612.09,INR,success,2026-05-21 07:51:58.814125+00:00
c8726e3e-42be-44d8-b3d3-d3304edcab00,b1b9de96-826c-43c8-a871-b0be7571ff39,c88f0298-daf6-4729-a4ed-3685bc591c13,aa847cd6-a8fd-4df9-95de-8cd65c650d2b,925.28,INR,success,2026-05-25 08:04:44.735507+00:00
3d3b192b-2696-44f9-9543-92c58ed21059,b1b9de96-826c-43c8-a871-b0be7571ff39,c88f0298-daf6-4729-a4ed-3685bc591c13,aa847cd6-a8fd-4df9-95de-8cd65c650d2b,1071.7,INR,success,2026-05-28 14:13:45.553493+00:00
5722eb7f-e346-40b7-8926-7e6193404b3e,a1c2cbad-8b42-4851-b731-089585cbe09c,3a1b0391-d294-42f7-bfad-94345d647e08,e26425c6-df35-4fe7-a63c-979dcc3e2408,2126.25,INR,success,2026-05-21 04:13:52.640450+00:00
1edf2407-5f73-439f-982c-ad2073489621,a1c2cbad-8b42-4851-b731-089585cbe09c,3a1b0391-d294-42f7-bfad-94345d647e08,e26425c6-df35-4fe7-a63c-979dcc3e2408,2563.3,INR,success,2026-05-22 14:27:27.916683+00:00
198d925c-a5e3-4646-a0fc-aaf25370a8ca,a1c2cbad-8b42-4851-b731-089585cbe09c,3a1b0391-d294-42f7-bfad-94345d647e08,e26425c6-df35-4fe7-a63c-979dcc3e2408,1920.09,INR,success,2026-05-26 08:50:12.826761+00:00
270be5eb-b396-44c6-812f-09d2ce97b17b,a42b6741-8aa8-4d90-8680-985a9d0c75d8,a37e33d1-bd72-40ff-a1c9-29f1ede3f724,4384b5c4-d20f-4b2f-895b-a00a0bfd140e,1897.1,INR,success,2026-03-06 13:49:41.916263+00:00
cab7a2f0-6fb4-4d78-bb3c-8807f081528e,a42b6741-8aa8-4d90-8680-985a9d0c75d8,a37e33d1-bd72-40ff-a1c9-29f1ede3f724,4384b5c4-d20f-4b2f-895b-a00a0bfd140e,2444.5,INR,success,2026-03-11 14:56:11.380010+00:00
f68aef63-d0fa-4091-a94b-160c79af2332,a42b6741-8aa8-4d90-8680-985a9d0c75d8,a37e33d1-bd72-40ff-a1c9-29f1ede3f724,4384b5c4-d20f-4b2f-895b-a00a0bfd140e,4251.09,INR,success,2026-04-06 09:56:33.071099+00:00
25aa0c19-781b-42f8-9e8d-6386a8d69378,a42b6741-8aa8-4d90-8680-985a9d0c75d8,a37e33d1-bd72-40ff-a1c9-29f1ede3f724,4384b5c4-d20f-4b2f-895b-a00a0bfd140e,1651.89,INR,success,2026-04-06 21:22:50.724029+00:00
e3ce1be7-147f-44c6-9a60-f86c8fd9c625,893043a0-8a45-41b7-ad3e-6537857fcc89,7d7d1b46-b915-48c9-bdc4-256408cc488f,13263d5a-58ee-4838-8603-27bb4d6fd979,689.06,INR,success,2026-05-09 03:51:25.082463+00:00
1ab7cb07-19e4-4bac-a69f-e5679d0c82e1,893043a0-8a45-41b7-ad3e-6537857fcc89,7d7d1b46-b915-48c9-bdc4-256408cc488f,13263d5a-58ee-4838-8603-27bb4d6fd979,784.26,INR,success,2026-05-13 11:53:27.280836+00:00
2adc5f44-ec08-44a5-9e58-a0a2fbde06e6,3629d2ba-8583-494a-9ed7-d8bc89e30ccb,c5b6a1ed-88c0-4543-90e7-02ae07d67153,50ca63c3-7a7d-4072-8764-a94633d7c716,2991.42,INR,success,2026-05-02 01:57:14.959302+00:00
7813f369-5345-4d50-ab9c-5e1c8bae02e7,3629d2ba-8583-494a-9ed7-d8bc89e30ccb,c5b6a1ed-88c0-4543-90e7-02ae07d67153,50ca63c3-7a7d-4072-8764-a94633d7c716,3546.66,INR,success,2026-05-02 03:05:02.948792+00:00
e4a262a3-334a-4acd-bd22-e8f11f809c04,3629d2ba-8583-494a-9ed7-d8bc89e30ccb,c5b6a1ed-88c0-4543-90e7-02ae07d67153,50ca63c3-7a7d-4072-8764-a94633d7c716,3976.37,INR,success,2026-05-20 07:15:32.790959+00:00
75572a9b-8820-433c-929a-3f5f5105f006,da1121f1-58d6-4448-b60e-f8f019158cc6,f1e8c686-5730-4d80-994f-b40a3d77b93c,e7e50e57-1f75-4f09-b1ee-b55b1d2fcf8f,446.36,INR,success,2026-04-01 12:13:40.756069+00:00
ae02176d-1cc8-4bff-acc9-cce97d5ce08e,da1121f1-58d6-4448-b60e-f8f019158cc6,f1e8c686-5730-4d80-994f-b40a3d77b93c,e7e50e57-1f75-4f09-b1ee-b55b1d2fcf8f,10.0,INR,success,2026-04-28 18:31:46.932149+00:00
107a44c1-e98b-4dfd-9808-4fef48018329,da1121f1-58d6-4448-b60e-f8f019158cc6,f1e8c686-5730-4d80-994f-b40a3d77b93c,e7e50e57-1f75-4f09-b1ee-b55b1d2fcf8f,3374.63,INR,success,2026-04-29 09:20:23.407124+00:00
0a8c461a-2a16-4cbe-8116-03779e3b963b,da1121f1-58d6-4448-b60e-f8f019158cc6,f1e8c686-5730-4d80-994f-b40a3d77b93c,e7e50e57-1f75-4f09-b1ee-b55b1d2fcf8f,5463.93,INR,success,2026-05-27 14:42:15.853312+00:00
038cd657-b298-473d-81c8-0fb87db968d9,b5b8ab13-3cc2-4b91-98d6-8daac096069a,b1beb5cf-ce52-430c-908a-36c47349078a,3215c7f6-c22e-4738-9e8c-4bb7dc815cc9,2299.73,INR,success,2026-04-13 20:34:52.058491+00:00
b4fb52ef-f590-41d0-b728-69a1d822cb68,b5b8ab13-3cc2-4b91-98d6-8daac096069a,b1beb5cf-ce52-430c-908a-36c47349078a,3215c7f6-c22e-4738-9e8c-4bb7dc815cc9,7377.03,INR,success,2026-05-05 14:47:11.486959+00:00
7294c994-cc06-4c8f-bdc4-fd5bb1484f14,b5b8ab13-3cc2-4b91-98d6-8daac096069a,b1beb5cf-ce52-430c-908a-36c47349078a,3215c7f6-c22e-4738-9e8c-4bb7dc815cc9,2600.17,INR,success,2026-05-29 03:20:34.068063+00:00
77e370cd-0956-47f7-98e0-97aa2f938e83,c6923889-ef8e-49b6-8550-8a60062475aa,36f0d866-cac3-4e0e-9f78-687c5aafcbd7,39873e66-ccd9-4c19-9855-86076c77e926,3717.59,INR,success,2026-05-22 23:14:01.030968+00:00
e6a8cb55-e655-4d38-b768-d6c81c65f729,cd9434f5-cff8-4b82-afd4-2707c481bbee,92bdc509-31b4-43b6-b3e1-29a65a6b0418,48d8f906-5e40-4c71-86a2-bf1fe2a30a41,2166.0,INR,success,2026-04-05 08:12:55.847062+00:00
8b12a57c-e033-4390-811d-5d67dd42cbe4,cd9434f5-cff8-4b82-afd4-2707c481bbee,92bdc509-31b4-43b6-b3e1-29a65a6b0418,48d8f906-5e40-4c71-86a2-bf1fe2a30a41,10.0,INR,success,2026-04-17 10:29:06.804782+00:00
6cacb22c-f60f-409b-9976-74979c39c271,cd9434f5-cff8-4b82-afd4-2707c481bbee,92bdc509-31b4-43b6-b3e1-29a65a6b0418,48d8f906-5e40-4c71-86a2-bf1fe2a30a41,338.29,INR,success,2026-04-19 00:43:12.658956+00:00
a2c0444e-0374-4390-8fb9-ad21cdfe60fb,cd9434f5-cff8-4b82-afd4-2707c481bbee,92bdc509-31b4-43b6-b3e1-29a65a6b0418,48d8f906-5e40-4c71-86a2-bf1fe2a30a41,2142.25,INR,success,2026-05-19 08:30:04.502269+00:00
b4ff2e57-e7e3-49c5-8fa8-37e711e522af,cd9434f5-cff8-4b82-afd4-2707c481bbee,92bdc509-31b4-43b6-b3e1-29a65a6b0418,48d8f906-5e40-4c71-86a2-bf1fe2a30a41,2436.74,INR,success,2026-05-21 23:10:34.393873+00:00
71dace14-8454-40d4-970e-160345c0ce87,afc6ce54-8a4f-4a0e-b747-65b678170ac2,b7b98911-9580-4edb-8ddf-6d8da1776b17,07c2072d-fb82-4d12-a8dd-bd0f818928e9,2045.25,INR,success,2026-05-19 16:50:15.252376+00:00
6e72d9cf-f4cb-4204-8489-fa33e55ceae4,afc6ce54-8a4f-4a0e-b747-65b678170ac2,b7b98911-9580-4edb-8ddf-6d8da1776b17,07c2072d-fb82-4d12-a8dd-bd0f818928e9,691.3,INR,success,2026-05-21 02:16:32.499622+00:00
3269dd10-b0c5-483e-8c09-7678c8bb5180,ea6d5b05-e0cd-4d66-973e-1042224f83e9,dd61d752-b867-4dde-999e-687902bca892,a33f0e66-b1b7-428a-a88f-5cd9e9e36550,2332.02,INR,success,2026-05-24 17:26:32.511963+00:00
0d0396a7-303f-4b10-b3e4-86f49ba133ba,ea6d5b05-e0cd-4d66-973e-1042224f83e9,dd61d752-b867-4dde-999e-687902bca892,a33f0e66-b1b7-428a-a88f-5cd9e9e36550,10.0,INR,success,2026-05-25 02:51:58.087038+00:00
df7fe676-48f8-4cb5-b66c-d0b3d1333922,e4bfc9a1-9ae3-42e3-b3c4-98452d0215c8,9f1f159e-2218-41d5-9d24-7e6bec15f3b5,9789c845-946f-48c4-8709-b1a0daa1a06f,2316.2,INR,success,2026-04-16 01:31:34.061478+00:00
10a60e7e-7ded-4961-94ca-6893ff8dea90,e4bfc9a1-9ae3-42e3-b3c4-98452d0215c8,9f1f159e-2218-41d5-9d24-7e6bec15f3b5,9789c845-946f-48c4-8709-b1a0daa1a06f,1536.69,INR,success,2026-05-01 04:04:37.902468+00:00
edca7aa0-53ae-409c-839b-0e442c698f91,e4bfc9a1-9ae3-42e3-b3c4-98452d0215c8,9f1f159e-2218-41d5-9d24-7e6bec15f3b5,9789c845-946f-48c4-8709-b1a0daa1a06f,4355.83,INR,success,2026-05-07 13:31:13.457209+00:00
c1e23e36-bd77-4dcc-b39c-5db2589b85fa,e4bfc9a1-9ae3-42e3-b3c4-98452d0215c8,9f1f159e-2218-41d5-9d24-7e6bec15f3b5,9789c845-946f-48c4-8709-b1a0daa1a06f,1872.94,INR,success,2026-05-12 06:14:28.396166+00:00
c8b1c20a-afbd-498e-88cb-0f362d09f335,a694a4a6-3969-400b-8ab0-dd3714da3910,fed52357-cbfe-4da5-95d3-19c4bca19553,9bcc3e01-a531-4dd6-abdf-5951c1716aa7,1833.73,INR,success,2026-05-30 20:31:28.831419+00:00
70722821-3791-47b0-b032-a8901dda4933,a694a4a6-3969-400b-8ab0-dd3714da3910,fed52357-cbfe-4da5-95d3-19c4bca19553,9bcc3e01-a531-4dd6-abdf-5951c1716aa7,3113.83,INR,success,2026-05-31 18:28:50.849965+00:00
da859954-953b-41b2-aaee-4d1bfc85c337,1135afa2-dd7d-4b88-add6-2935bebfcdf2,5e13eaae-ae3b-4bb1-a6dd-cbba1d15784b,f126f76c-ce96-4c9a-9393-4ac8c5b124ce,3871.21,INR,success,2026-04-07 09:25:16.073083+00:00
516ee443-4dbf-4c20-9f90-bea408a9e3e6,1135afa2-dd7d-4b88-add6-2935bebfcdf2,5e13eaae-ae3b-4bb1-a6dd-cbba1d15784b,f126f76c-ce96-4c9a-9393-4ac8c5b124ce,3549.36,INR,success,2026-04-08 13:37:01.398174+00:00
cb9b4c56-6e75-477e-a2b2-0123b849717b,1135afa2-dd7d-4b88-add6-2935bebfcdf2,5e13eaae-ae3b-4bb1-a6dd-cbba1d15784b,f126f76c-ce96-4c9a-9393-4ac8c5b124ce,138.24,INR,success,2026-05-21 06:29:05.689559+00:00
c09b48f5-cf22-4dfc-b0ee-8606b079bf2b,4f67827c-1042-480f-ad1c-68bba4008159,6b6dca31-dd59-41fa-92fa-5629047c7194,9dce22fd-e42d-4eeb-a967-85aea98151ec,2837.52,INR,success,2026-05-25 18:53:04.121316+00:00
4d02fae5-3e86-490e-81f7-60df238f2dd0,4f67827c-1042-480f-ad1c-68bba4008159,6b6dca31-dd59-41fa-92fa-5629047c7194,9dce22fd-e42d-4eeb-a967-85aea98151ec,4085.13,INR,success,2026-05-30 20:22:26.895045+00:00
49d81f2e-e244-4ebc-8a2b-ca08ed5d8391,70863ee7-9167-4476-b787-fc1b81dffef0,f212e514-b081-4a5e-b6f3-4b4b66497a90,57ee9d3b-a674-4f0b-820b-837c3e26985b,1624.75,INR,success,2026-05-28 07:53:41.629723+00:00
01a54493-3f06-4681-937a-e852b9d92db0,3f21b97a-4cd7-40b5-a27e-12f674e5c2d8,341425a1-ed57-48e3-a8e1-8d780c9579c2,e9d285b7-ce0e-440b-8bc1-467ac5a2d9cf,768.39,INR,success,2026-03-27 04:52:57.063602+00:00
10f1de16-10c4-47e5-b3e3-f2553cf00183,3f21b97a-4cd7-40b5-a27e-12f674e5c2d8,341425a1-ed57-48e3-a8e1-8d780c9579c2,e9d285b7-ce0e-440b-8bc1-467ac5a2d9cf,1197.05,INR,success,2026-04-23 01:08:04.631411+00:00
9cf35334-73a1-414f-8ee4-32ebd2c4627c,3f21b97a-4cd7-40b5-a27e-12f674e5c2d8,341425a1-ed57-48e3-a8e1-8d780c9579c2,e9d285b7-ce0e-440b-8bc1-467ac5a2d9cf,513.63,INR,success,2026-05-11 20:33:54.136974+00:00
0fca4f8f-69ad-4128-ae33-29c271ece7e1,3f21b97a-4cd7-40b5-a27e-12f674e5c2d8,341425a1-ed57-48e3-a8e1-8d780c9579c2,e9d285b7-ce0e-440b-8bc1-467ac5a2d9cf,399.24,INR,success,2026-05-16 13:51:23.448673+00:00
321b8b41-b368-40a5-ab3c-ceae2b5d2a25,3f21b97a-4cd7-40b5-a27e-12f674e5c2d8,341425a1-ed57-48e3-a8e1-8d780c9579c2,e9d285b7-ce0e-440b-8bc1-467ac5a2d9cf,402.71,INR,success,2026-05-28 02:27:56.631151+00:00
a3af1ad5-38ab-4394-9600-c4873792fa37,a57fa80b-7d24-49d3-9587-77787b8387d4,4d78ae32-7cde-46f9-8b91-d1577dc5d2e4,4d7d56e2-660d-4c73-9017-c99a0ddd930f,3453.2,INR,success,2026-05-30 18:35:30.540614+00:00
28b67eb0-ab22-430b-a733-758cdb86bdf4,bc0290dd-ff21-40f5-8d6a-c3f5840598fe,a9eb9458-5f47-413e-9997-8bc77f4fc8df,542d5497-f779-401d-abfa-c4e44830e35b,10.0,INR,success,2026-04-23 16:30:01.832730+00:00
2607874b-1ead-4ec0-b242-4cfd3e31e2d0,b632dcb5-a66a-44a1-8677-1c54126ec978,68267cc1-6aab-41fe-82ac-e2fca483ca36,c1024f1e-4a89-4980-a86a-679801b439f1,3116.78,INR,success,2026-05-28 23:35:17.751232+00:00
1a075c09-7b72-4f5d-b34c-5b655264d88b,b632dcb5-a66a-44a1-8677-1c54126ec978,68267cc1-6aab-41fe-82ac-e2fca483ca36,c1024f1e-4a89-4980-a86a-679801b439f1,1796.25,INR,success,2026-05-29 04:37:37.102943+00:00
678b6f39-edd3-4f80-89c7-b6386d1546c4,b632dcb5-a66a-44a1-8677-1c54126ec978,68267cc1-6aab-41fe-82ac-e2fca483ca36,c1024f1e-4a89-4980-a86a-679801b439f1,2541.54,INR,success,2026-05-29 18:26:54.650267+00:00
7eea8440-39f0-410b-999b-5a463c7a8c7b,b632dcb5-a66a-44a1-8677-1c54126ec978,68267cc1-6aab-41fe-82ac-e2fca483ca36,c1024f1e-4a89-4980-a86a-679801b439f1,2674.4,INR,success,2026-05-31 01:37:02.369400+00:00
74c04887-0597-482c-8f29-c7289a225703,b632dcb5-a66a-44a1-8677-1c54126ec978,68267cc1-6aab-41fe-82ac-e2fca483ca36,c1024f1e-4a89-4980-a86a-679801b439f1,2533.41,INR,success,2026-05-31 20:32:03.041104+00:00
5ed4212f-924d-4b53-a385-b90bbf2fef76,0491ac29-3e53-415d-adb9-82e19db4f17d,d72e13f4-8944-415c-80de-167cb503ddb0,ac9cf478-e6f9-4c15-84df-180212af8206,3171.16,INR,success,2026-05-21 01:54:21.802355+00:00
e9af8645-c95b-4a24-b199-9d9afd31e693,0491ac29-3e53-415d-adb9-82e19db4f17d,d72e13f4-8944-415c-80de-167cb503ddb0,ac9cf478-e6f9-4c15-84df-180212af8206,2411.35,INR,success,2026-05-25 03:58:52.832074+00:00
d491a720-5481-4c6d-99bb-84927a27e790,ffa6edb5-bb66-4603-a314-2dc8fac6b43f,a261dfad-606c-4364-a118-5a1d5cbd4051,33913cbf-272d-4681-a1a6-30b30307ae02,287.31,INR,success,2026-03-29 12:51:57.948734+00:00
0df91572-eda6-4ab4-953a-f6b31f68bb73,ffa6edb5-bb66-4603-a314-2dc8fac6b43f,a261dfad-606c-4364-a118-5a1d5cbd4051,33913cbf-272d-4681-a1a6-30b30307ae02,502.55,INR,success,2026-03-31 14:08:12.197614+00:00
150a62b2-fce7-4d93-ad7e-68cc8953a34c,ffa6edb5-bb66-4603-a314-2dc8fac6b43f,a261dfad-606c-4364-a118-5a1d5cbd4051,33913cbf-272d-4681-a1a6-30b30307ae02,10.0,INR,success,2026-04-19 00:44:53.648002+00:00
43f203b3-9bf6-44e1-b12b-3933f4c101f8,ffa6edb5-bb66-4603-a314-2dc8fac6b43f,a261dfad-606c-4364-a118-5a1d5cbd4051,33913cbf-272d-4681-a1a6-30b30307ae02,267.84,INR,success,2026-05-07 00:06:27.417918+00:00
d2c6ffe2-0d22-42e4-af88-93a22c0d4361,ffa6edb5-bb66-4603-a314-2dc8fac6b43f,a261dfad-606c-4364-a118-5a1d5cbd4051,33913cbf-272d-4681-a1a6-30b30307ae02,449.3,INR,success,2026-05-31 06:43:32.752240+00:00
e1446481-0e60-4354-9130-e2249aa35900,4624b42e-efdb-4d0f-ac15-70fead6de08a,622b439e-5a77-49be-b188-79f500ceeffe,3d39fb02-4ce1-4b95-a1b5-ece3bfaae3c9,4608.22,INR,success,2026-05-16 12:50:52.657352+00:00
94a01314-6fcc-4619-bac2-40c9e1462242,ed8967b2-f50f-4638-b48f-272a2ba5ad87,96a7b9bf-c0d9-4eeb-b794-0aaedc1e861f,12b57aac-813d-4b9d-9377-5523087d11eb,3563.19,INR,success,2026-05-19 03:54:46.058818+00:00
ad7221e6-16f3-4b04-9759-1a64035ee213,42669e17-1dcd-44d3-ba24-750fc27ce4ff,8ba40c90-db51-4143-9110-09fc8b202513,c9e4ebff-86b8-4ec5-ae80-a8c934f743b3,1432.4,INR,success,2026-04-23 09:04:15.791951+00:00
2b6df2aa-d9b7-497c-adb9-8f6cb8d0c509,42669e17-1dcd-44d3-ba24-750fc27ce4ff,8ba40c90-db51-4143-9110-09fc8b202513,c9e4ebff-86b8-4ec5-ae80-a8c934f743b3,994.69,INR,success,2026-05-01 00:56:17.915275+00:00
c2d128fe-5500-425f-89bf-b001c532b74d,42669e17-1dcd-44d3-ba24-750fc27ce4ff,8ba40c90-db51-4143-9110-09fc8b202513,c9e4ebff-86b8-4ec5-ae80-a8c934f743b3,1208.5,INR,success,2026-05-04 06:48:51.288613+00:00
8b331715-727b-48c2-a4d3-de77c468d93b,42669e17-1dcd-44d3-ba24-750fc27ce4ff,8ba40c90-db51-4143-9110-09fc8b202513,c9e4ebff-86b8-4ec5-ae80-a8c934f743b3,2216.91,INR,success,2026-05-29 04:13:18.932879+00:00
fa48273d-9445-46b6-b6b2-aaab7f1a297d,a4de06a7-bf8f-408b-b704-699c12c16ad2,5311173e-c474-4da7-9c91-9a0f2fc53d95,6d70f894-4c45-448a-ac7f-f453ec7eb746,5740.8,INR,success,2026-05-13 23:34:58.997438+00:00
9a9b5f25-46bd-44bf-b5fa-c0a1c6c1f0b3,a4de06a7-bf8f-408b-b704-699c12c16ad2,5311173e-c474-4da7-9c91-9a0f2fc53d95,6d70f894-4c45-448a-ac7f-f453ec7eb746,3605.72,INR,success,2026-05-14 01:51:18.747215+00:00
204c9e14-6f54-4bd6-a7f2-f08f3034ebfc,a4de06a7-bf8f-408b-b704-699c12c16ad2,5311173e-c474-4da7-9c91-9a0f2fc53d95,6d70f894-4c45-448a-ac7f-f453ec7eb746,5241.47,INR,success,2026-05-22 05:16:15.103644+00:00
cad9dbe7-2b9d-4eb7-aad6-b733e8602719,a4de06a7-bf8f-408b-b704-699c12c16ad2,5311173e-c474-4da7-9c91-9a0f2fc53d95,6d70f894-4c45-448a-ac7f-f453ec7eb746,2264.53,INR,success,2026-05-22 23:08:23.819224+00:00
4ba82533-e791-40fc-9f2f-d46563904ffa,9c46bc12-611a-4e8c-a67b-067509313258,3dc681c0-4da9-4b55-9b62-8bc05290c49d,19d30e84-5737-4051-ab38-3087061dfa58,857.25,INR,success,2026-04-13 17:52:21.416598+00:00
053643d6-961b-479c-9c1b-dd18f60c46e1,9c46bc12-611a-4e8c-a67b-067509313258,3dc681c0-4da9-4b55-9b62-8bc05290c49d,19d30e84-5737-4051-ab38-3087061dfa58,1238.15,INR,success,2026-04-21 09:31:44.237298+00:00
d394aa28-0682-4525-90be-363b93a5cd47,9c46bc12-611a-4e8c-a67b-067509313258,3dc681c0-4da9-4b55-9b62-8bc05290c49d,19d30e84-5737-4051-ab38-3087061dfa58,1619.05,INR,success,2026-05-01 08:08:31.225518+00:00
287bebe1-bace-48fb-b660-edee34667d4e,9c46bc12-611a-4e8c-a67b-067509313258,3dc681c0-4da9-4b55-9b62-8bc05290c49d,19d30e84-5737-4051-ab38-3087061dfa58,882.95,INR,success,2026-05-30 17:30:38.999441+00:00
6e789173-7b1e-4b20-a00c-c407f0ecad8b,4bc79427-e070-4cdc-91b2-2510a418bcac,a0c25230-503e-4943-921c-ef4c8d15b705,53477e2b-560b-41b0-a735-bc2521240db2,2720.63,INR,success,2026-03-15 14:51:45.913757+00:00
ee69b455-b534-4068-99dc-ed9fda206390,4bc79427-e070-4cdc-91b2-2510a418bcac,a0c25230-503e-4943-921c-ef4c8d15b705,53477e2b-560b-41b0-a735-bc2521240db2,2519.06,INR,success,2026-04-15 07:57:34.571148+00:00
2286c09d-1890-4075-ac4b-979c2fec35ad,4bc79427-e070-4cdc-91b2-2510a418bcac,a0c25230-503e-4943-921c-ef4c8d15b705,53477e2b-560b-41b0-a735-bc2521240db2,2944.27,INR,success,2026-04-17 12:02:43.337127+00:00
78fd9c04-2af1-4e80-8f6c-0945e522d0c8,0aba7f54-6256-48dc-b56d-5af8a4949251,57e7fd0b-c7db-4f19-bedd-2a3d5bc35e72,7d06f2f0-2587-4467-b2bd-66d826d67a07,488.71,INR,success,2026-04-18 12:27:31.334753+00:00
31378696-92a5-49e4-a749-6527758cbce0,0aba7f54-6256-48dc-b56d-5af8a4949251,57e7fd0b-c7db-4f19-bedd-2a3d5bc35e72,7d06f2f0-2587-4467-b2bd-66d826d67a07,804.65,INR,success,2026-04-20 09:49:00.770363+00:00
28b18622-7086-4889-b6e0-1c3bf7936dab,0aba7f54-6256-48dc-b56d-5af8a4949251,57e7fd0b-c7db-4f19-bedd-2a3d5bc35e72,7d06f2f0-2587-4467-b2bd-66d826d67a07,766.74,INR,success,2026-05-06 12:50:55.148845+00:00
b6aeff60-0147-437f-963c-0ddc5262e693,0aba7f54-6256-48dc-b56d-5af8a4949251,57e7fd0b-c7db-4f19-bedd-2a3d5bc35e72,7d06f2f0-2587-4467-b2bd-66d826d67a07,341.19,INR,success,2026-05-25 08:37:56.546289+00:00
f53bbca3-4b61-4e95-b63c-04973ef71d21,a9fbc1b3-a0d6-4c28-bc21-8c1cce183a06,9e0d20f1-a621-4e83-a0a8-4ad260ef1b3f,ff77cb06-7473-418c-8993-a38fa3d84f72,140.05,INR,success,2026-05-26 07:29:11.540859+00:00
1a85314b-99ad-4c95-9ac3-af83e0007b2a,a9fbc1b3-a0d6-4c28-bc21-8c1cce183a06,9e0d20f1-a621-4e83-a0a8-4ad260ef1b3f,ff77cb06-7473-418c-8993-a38fa3d84f72,2157.21,INR,success,2026-05-28 01:18:40.614257+00:00
31b86116-488d-43d5-b2be-78356978fa2b,a9fbc1b3-a0d6-4c28-bc21-8c1cce183a06,9e0d20f1-a621-4e83-a0a8-4ad260ef1b3f,ff77cb06-7473-418c-8993-a38fa3d84f72,1817.17,INR,success,2026-05-28 04:24:48.991786+00:00
1e26812e-e1da-4583-ae6a-cfde85dc4436,a9fbc1b3-a0d6-4c28-bc21-8c1cce183a06,9e0d20f1-a621-4e83-a0a8-4ad260ef1b3f,ff77cb06-7473-418c-8993-a38fa3d84f72,2023.0,INR,success,2026-05-31 19:16:23.065151+00:00
672e0e64-92fd-44ee-ac96-56f13e9e5fc0,f41a4e27-c309-49ee-ad8f-7402cdc922a6,e8969ab2-ca06-48e5-b1f5-08586d3691f0,169adb68-5fbe-40c6-bb41-3dc6776dc9dc,2067.35,INR,success,2026-04-02 01:04:03.136350+00:00
ef400d42-8124-4d91-8cbe-51e0a3b58770,f41a4e27-c309-49ee-ad8f-7402cdc922a6,e8969ab2-ca06-48e5-b1f5-08586d3691f0,169adb68-5fbe-40c6-bb41-3dc6776dc9dc,3559.85,INR,success,2026-05-14 21:48:02.328783+00:00
de373c0b-59b7-4d42-93b3-325b38c7afe4,aae1d3de-5d0e-4d95-a3b8-0e2b1a35bf4b,09e5826f-5dfe-46e3-959a-5775109f050a,cdc499d7-d4de-48da-b2da-2012a49d53d0,825.83,INR,success,2026-05-30 09:00:33.757593+00:00
d8151e66-5485-4e19-9309-8c2041be798d,aae1d3de-5d0e-4d95-a3b8-0e2b1a35bf4b,09e5826f-5dfe-46e3-959a-5775109f050a,cdc499d7-d4de-48da-b2da-2012a49d53d0,651.63,INR,success,2026-05-30 23:57:33.085521+00:00
0f9f4a5c-c93c-4b63-bebd-934272bfcff2,aae1d3de-5d0e-4d95-a3b8-0e2b1a35bf4b,09e5826f-5dfe-46e3-959a-5775109f050a,cdc499d7-d4de-48da-b2da-2012a49d53d0,1198.66,INR,success,2026-05-31 10:52:36.407474+00:00
661a8b5e-c4ce-47db-a7ed-60178cace39f,aae1d3de-5d0e-4d95-a3b8-0e2b1a35bf4b,09e5826f-5dfe-46e3-959a-5775109f050a,cdc499d7-d4de-48da-b2da-2012a49d53d0,1000.86,INR,success,2026-05-31 11:10:24.116027+00:00
593f5993-ba18-48b2-a806-b9f1525ccf42,f26b3a97-f7d1-4b2d-965f-022f1e873b52,7b2a8aa2-e678-48b9-9b50-5409e205df2f,79f4a1be-962b-4075-af6a-0cf323680051,2483.45,INR,success,2026-05-22 22:11:53.288765+00:00
4610aa2f-862d-4dd6-9fe9-6700753eb624,f26b3a97-f7d1-4b2d-965f-022f1e873b52,7b2a8aa2-e678-48b9-9b50-5409e205df2f,79f4a1be-962b-4075-af6a-0cf323680051,3530.96,INR,success,2026-05-23 14:22:17.778302+00:00
3ad8ee80-7424-490d-9b82-de48b68826e3,f26b3a97-f7d1-4b2d-965f-022f1e873b52,7b2a8aa2-e678-48b9-9b50-5409e205df2f,79f4a1be-962b-4075-af6a-0cf323680051,3672.12,INR,success,2026-05-23 17:33:49.263513+00:00
ed24afe7-dbaa-4051-872c-3a5c1f797929,f26b3a97-f7d1-4b2d-965f-022f1e873b52,7b2a8aa2-e678-48b9-9b50-5409e205df2f,79f4a1be-962b-4075-af6a-0cf323680051,4217.62,INR,success,2026-05-24 12:09:46.946672+00:00
d79a2926-fab6-42e0-a810-8d3421d25093,2cefd57b-2d2d-4426-b695-004350f13356,44031105-3891-4bfe-9fe0-6d478b2c7184,eb17b7ba-9dd1-4812-8a5a-f34ee3969f63,10.0,INR,success,2026-05-24 16:47:25.564189+00:00
4157a61d-4431-478b-ad76-d018d6371929,2cefd57b-2d2d-4426-b695-004350f13356,44031105-3891-4bfe-9fe0-6d478b2c7184,eb17b7ba-9dd1-4812-8a5a-f34ee3969f63,369.06,INR,success,2026-05-24 16:51:28.634146+00:00
f8f270fc-60a6-45a7-a610-d8de07adb938,2cefd57b-2d2d-4426-b695-004350f13356,44031105-3891-4bfe-9fe0-6d478b2c7184,eb17b7ba-9dd1-4812-8a5a-f34ee3969f63,1947.56,INR,success,2026-05-24 19:47:43.177653+00:00
ab77ca09-5219-4ca3-953d-65b708459c59,63f8d3f1-d00b-4406-a8af-dd46c794644f,df2fe3a0-e678-45a4-8d2c-068fc6a762d4,e2814bcc-f9a9-48e4-a70d-35e2ccc38dda,1504.8,INR,success,2026-03-13 14:44:20.066174+00:00
aefc9e83-492f-46b2-ac8a-b69a45d108c0,63f8d3f1-d00b-4406-a8af-dd46c794644f,df2fe3a0-e678-45a4-8d2c-068fc6a762d4,e2814bcc-f9a9-48e4-a70d-35e2ccc38dda,344.71,INR,success,2026-04-12 09:30:15.729420+00:00
ea8617af-c207-42bd-9ba8-b0db22efcac4,63f8d3f1-d00b-4406-a8af-dd46c794644f,df2fe3a0-e678-45a4-8d2c-068fc6a762d4,e2814bcc-f9a9-48e4-a70d-35e2ccc38dda,1579.84,INR,success,2026-04-30 09:45:24.714714+00:00
aa32ec48-50fc-4999-aba1-c6eac5d205d5,b42cff33-0c81-4969-8250-8e7b158c1806,c55989b0-acd1-4d1d-b5ff-7b22e66c6469,dffe8b7f-d07e-45aa-9eed-5004e99d291f,1854.57,INR,success,2026-03-21 11:19:33.692360+00:00
b96cf5d8-d1da-439d-8f34-0208119e062b,b42cff33-0c81-4969-8250-8e7b158c1806,c55989b0-acd1-4d1d-b5ff-7b22e66c6469,dffe8b7f-d07e-45aa-9eed-5004e99d291f,4141.14,INR,success,2026-04-07 19:08:02.630339+00:00
7f516989-656c-45ee-8238-ee2827b8fdaf,43af0681-f6a4-413e-9a78-7de1ac56c309,76752975-be23-4448-8eea-760ca22c1e9c,aabd9888-c0aa-4277-a657-ad8ced48a8f6,594.52,INR,success,2026-04-13 22:21:30.138413+00:00
95f5eb7d-2533-4e75-bbb7-f5dd99d45fad,43af0681-f6a4-413e-9a78-7de1ac56c309,76752975-be23-4448-8eea-760ca22c1e9c,aabd9888-c0aa-4277-a657-ad8ced48a8f6,2253.73,INR,success,2026-04-21 20:57:08.127019+00:00
9a596793-c9e0-4ba3-a4b8-946042acafa3,43af0681-f6a4-413e-9a78-7de1ac56c309,76752975-be23-4448-8eea-760ca22c1e9c,aabd9888-c0aa-4277-a657-ad8ced48a8f6,1842.32,INR,success,2026-05-13 13:45:05.068134+00:00
e9648326-8713-42e1-b295-d9d26a69e9b0,43af0681-f6a4-413e-9a78-7de1ac56c309,76752975-be23-4448-8eea-760ca22c1e9c,aabd9888-c0aa-4277-a657-ad8ced48a8f6,1205.83,INR,success,2026-05-17 14:44:13.781114+00:00
ce280698-8734-44a6-8ff4-2c32945936cb,e4d339fd-baf9-4918-bbad-8e828fd104f1,e0716665-7840-4ba5-899a-5d60868eb08d,5b48372c-34dd-4cad-9a01-4c1128c1eee7,2781.08,INR,success,2026-05-20 05:11:20.181627+00:00
db2ca91c-75cd-4697-a93b-c2459c630260,e4d339fd-baf9-4918-bbad-8e828fd104f1,e0716665-7840-4ba5-899a-5d60868eb08d,5b48372c-34dd-4cad-9a01-4c1128c1eee7,1337.54,INR,success,2026-05-23 07:25:17.716871+00:00
76db74ca-e9f1-4c1c-9fae-0fed059552c9,e4d339fd-baf9-4918-bbad-8e828fd104f1,e0716665-7840-4ba5-899a-5d60868eb08d,5b48372c-34dd-4cad-9a01-4c1128c1eee7,4276.93,INR,success,2026-05-26 01:49:23.574678+00:00
eb735dad-ae2f-4d49-a18c-90954d00242f,e4d339fd-baf9-4918-bbad-8e828fd104f1,e0716665-7840-4ba5-899a-5d60868eb08d,5b48372c-34dd-4cad-9a01-4c1128c1eee7,2321.46,INR,success,2026-05-27 10:22:28.188331+00:00
114c1a2c-0eed-470b-9a00-95cd2742a5d9,5990f872-46af-4bd6-b454-d9a961a1aa30,056f0b40-710f-4ced-ba2e-ae9d3fae54dd,09949deb-7d10-4c8c-b8f7-a97f4fa8a892,779.25,INR,success,2026-05-12 08:33:43.128178+00:00
ee72cd9e-63a9-4f48-88db-601b549407cf,5990f872-46af-4bd6-b454-d9a961a1aa30,056f0b40-710f-4ced-ba2e-ae9d3fae54dd,09949deb-7d10-4c8c-b8f7-a97f4fa8a892,2850.59,INR,success,2026-05-24 12:42:15.964238+00:00
f1cdd322-f303-44c3-9aa5-b74c69857c64,5990f872-46af-4bd6-b454-d9a961a1aa30,056f0b40-710f-4ced-ba2e-ae9d3fae54dd,09949deb-7d10-4c8c-b8f7-a97f4fa8a892,1526.45,INR,success,2026-05-24 15:39:45.612733+00:00
d3db56de-a9c6-46fb-9f9e-8fc5b96c1bf4,5990f872-46af-4bd6-b454-d9a961a1aa30,056f0b40-710f-4ced-ba2e-ae9d3fae54dd,09949deb-7d10-4c8c-b8f7-a97f4fa8a892,1954.48,INR,success,2026-05-25 15:33:27.479395+00:00
e9a40c37-d765-4424-a3b2-0ce022c9d519,efd6282e-e051-40d8-b4bf-e7d2c4390461,1a41e14a-6ebc-48d0-95f0-241ced286388,f27acd61-08dd-4869-8211-d3e6b9ba6a53,5786.38,INR,success,2026-05-10 01:30:16.643146+00:00
b11c5d4e-844b-4c0e-a89e-991e00349658,efd6282e-e051-40d8-b4bf-e7d2c4390461,1a41e14a-6ebc-48d0-95f0-241ced286388,f27acd61-08dd-4869-8211-d3e6b9ba6a53,2046.51,INR,success,2026-05-19 09:23:03.581086+00:00
0e892890-0560-496c-bdf5-3891c6dbdd8b,efd6282e-e051-40d8-b4bf-e7d2c4390461,1a41e14a-6ebc-48d0-95f0-241ced286388,f27acd61-08dd-4869-8211-d3e6b9ba6a53,4592.19,INR,success,2026-05-26 04:28:18.411948+00:00
deae784a-d3f8-4a94-9175-8067d46f12cc,efd6282e-e051-40d8-b4bf-e7d2c4390461,1a41e14a-6ebc-48d0-95f0-241ced286388,f27acd61-08dd-4869-8211-d3e6b9ba6a53,6515.6,INR,success,2026-05-27 01:17:45.049946+00:00
ad507539-dbab-42d0-b44f-9b9328c6febf,a59cb1f5-2ea6-4994-8e97-0b1a69a1ebbf,ce9c14a2-5dc5-44f5-9d48-5db48dc349b5,32e7cbb2-dce8-4be9-ba61-4c630b4205b0,1508.25,INR,success,2026-05-14 10:33:33.229747+00:00
7635ce5e-dd19-4cc1-878d-64ad2e849874,a59cb1f5-2ea6-4994-8e97-0b1a69a1ebbf,ce9c14a2-5dc5-44f5-9d48-5db48dc349b5,32e7cbb2-dce8-4be9-ba61-4c630b4205b0,909.71,INR,success,2026-05-17 13:37:26.831862+00:00
e87f33b6-e1d1-4f2b-b5f6-b83b0aaeccb0,a59cb1f5-2ea6-4994-8e97-0b1a69a1ebbf,ce9c14a2-5dc5-44f5-9d48-5db48dc349b5,32e7cbb2-dce8-4be9-ba61-4c630b4205b0,510.74,INR,success,2026-05-18 03:56:40.701053+00:00
23bc33ee-40dc-458b-8195-6f2e011f7dc5,a59cb1f5-2ea6-4994-8e97-0b1a69a1ebbf,ce9c14a2-5dc5-44f5-9d48-5db48dc349b5,32e7cbb2-dce8-4be9-ba61-4c630b4205b0,1308.31,INR,success,2026-05-29 02:00:45.236396+00:00
c7f4e2fc-a9b7-42d1-a6ba-ca5349775ab2,6dfecbe3-3f2f-41c0-9187-acd089bf5820,4abffd56-1b22-4c3b-ab50-669babddea18,1d271ab9-60b0-413a-94f5-383a9d828d46,1289.42,INR,success,2026-05-03 09:50:57.737715+00:00
f81f2dc8-7bd0-4498-815a-6b30053618f5,6dfecbe3-3f2f-41c0-9187-acd089bf5820,4abffd56-1b22-4c3b-ab50-669babddea18,1d271ab9-60b0-413a-94f5-383a9d828d46,488.23,INR,success,2026-05-06 02:05:26.864960+00:00
e43b8c74-b520-4dec-8112-62648ae0ee89,6dfecbe3-3f2f-41c0-9187-acd089bf5820,4abffd56-1b22-4c3b-ab50-669babddea18,1d271ab9-60b0-413a-94f5-383a9d828d46,967.89,INR,success,2026-05-10 14:07:05.811559+00:00
8c2e5ee5-8d17-490c-b0b4-c95f79f260b9,6dfecbe3-3f2f-41c0-9187-acd089bf5820,4abffd56-1b22-4c3b-ab50-669babddea18,1d271ab9-60b0-413a-94f5-383a9d828d46,1059.17,INR,success,2026-05-20 18:47:02.568371+00:00
245f223b-0658-4db9-89a1-bb5d37832a28,aa5a2d38-7be8-4047-bd54-5c667e39839c,22248508-70fa-4cc4-880d-346c3f915592,e2e319a8-6ca7-4c9d-a61c-8fc4196b2126,1001.36,INR,success,2026-05-16 07:25:32.042816+00:00
93727abd-c73c-487a-b55b-dec989c00a94,aa5a2d38-7be8-4047-bd54-5c667e39839c,22248508-70fa-4cc4-880d-346c3f915592,e2e319a8-6ca7-4c9d-a61c-8fc4196b2126,1324.19,INR,success,2026-05-23 19:38:55.378918+00:00
955cd900-cf8b-4423-83f6-29d6666c34ea,aa5a2d38-7be8-4047-bd54-5c667e39839c,22248508-70fa-4cc4-880d-346c3f915592,e2e319a8-6ca7-4c9d-a61c-8fc4196b2126,1916.61,INR,success,2026-05-25 06:11:54.896430+00:00
cdb8b826-4364-4fb5-91ce-2a205cb70303,d0cd1285-f606-4ef0-8b03-aff7a878806f,58b49abd-c2f6-4437-bfd1-e64de5c87e46,6be6a188-cd99-473b-8b8a-122b3d008921,1198.78,INR,success,2026-05-31 07:19:20.940916+00:00
1a9d4524-f3b8-4efe-a475-96a3d6cf85d3,373134e9-a9fc-43df-bc02-412884f3ed5d,44182915-7a8a-4785-ae4e-241dd05c3f11,d8e2579b-682e-4404-98c5-3fb63bbce004,2789.05,INR,success,2026-03-19 21:36:19.344732+00:00
db2dda80-6ffd-4f20-96d3-9178a407398a,373134e9-a9fc-43df-bc02-412884f3ed5d,44182915-7a8a-4785-ae4e-241dd05c3f11,d8e2579b-682e-4404-98c5-3fb63bbce004,10.0,INR,success,2026-04-06 05:33:29.888534+00:00
9b8cd3c3-5883-45ec-9db7-3912e50f7a0f,ed397385-8fd3-4190-9287-33dba20ad340,f229c2d8-9281-4c19-bdf6-77652317a92e,79d6bb65-44ce-4c81-99e1-b93df2b87f60,3202.63,INR,success,2026-03-26 05:53:44.131723+00:00
37523354-2e5c-4e15-8d8c-cebd2bcbc4e3,ed397385-8fd3-4190-9287-33dba20ad340,f229c2d8-9281-4c19-bdf6-77652317a92e,79d6bb65-44ce-4c81-99e1-b93df2b87f60,2771.56,INR,success,2026-04-14 21:47:04.374178+00:00
f0b60666-d2d9-4743-b229-1099ebd9e42b,6ea84499-dc44-4441-9e65-af8a388e594b,1aa445a7-50b3-4335-9456-bfba170fc7f3,07c96e77-4f8b-4d8b-b952-1c247d6aef76,3384.77,INR,success,2026-05-30 16:25:49.391769+00:00
4c8e7bfa-84aa-44f6-b1c2-28ce62b4f99b,672be994-5eef-46af-90a4-46ff160db9c2,eba7eda9-7ad9-4c9d-b09e-73a89818ba18,e5a8953e-d793-48a1-8874-394be405cb3d,2021.48,INR,success,2026-04-16 15:03:38.792757+00:00
47e1c41b-6505-4e76-bbc7-4bfafe53a6c8,672be994-5eef-46af-90a4-46ff160db9c2,eba7eda9-7ad9-4c9d-b09e-73a89818ba18,e5a8953e-d793-48a1-8874-394be405cb3d,7713.85,INR,success,2026-04-30 17:01:28.152200+00:00
f3b04bb0-ba7c-4579-8cb1-e98ed25222a0,672be994-5eef-46af-90a4-46ff160db9c2,eba7eda9-7ad9-4c9d-b09e-73a89818ba18,e5a8953e-d793-48a1-8874-394be405cb3d,5276.48,INR,success,2026-05-07 09:40:03.071168+00:00
c306b37c-db12-45f5-8a06-98ed4c0df7e1,0e3ecd37-64a5-462f-a715-fe1ecb4c50e6,944a3268-c565-4fff-96f4-1c3bf0bee662,1d7e5c24-8e5a-48d6-b9b0-3a29fa8c701b,3924.12,INR,success,2026-05-17 15:05:06.233933+00:00
9b3334b6-25d9-43ee-ac2a-e6ac7ed89613,e3aebbed-c390-4d9b-951c-4dc86eb131d1,58d445cb-ed4c-4ba5-be24-be3918f41c4c,06698256-a97e-4cac-b475-8132b90c81d6,1029.67,INR,success,2026-04-09 11:36:20.412999+00:00
1156fb7c-6be0-433c-b376-b057c729b54d,e3aebbed-c390-4d9b-951c-4dc86eb131d1,58d445cb-ed4c-4ba5-be24-be3918f41c4c,06698256-a97e-4cac-b475-8132b90c81d6,1661.12,INR,success,2026-04-24 22:58:55.233970+00:00
d64927c3-d30b-4378-b7db-e081eab6a248,e3aebbed-c390-4d9b-951c-4dc86eb131d1,58d445cb-ed4c-4ba5-be24-be3918f41c4c,06698256-a97e-4cac-b475-8132b90c81d6,1317.37,INR,success,2026-05-24 03:27:45.877421+00:00
b750283c-3c6c-4818-99aa-36faa8f482dd,2c7373d6-b8d6-4215-a5ce-af2f3ffddb38,27602406-addb-4aef-ae99-0fcdef0bd12e,e9949d5e-b191-4486-985e-04ba6335ccb6,2403.81,INR,success,2026-05-17 23:59:17.298667+00:00
2db9d728-2816-447b-8ce8-96ffa62289da,46f1bf2f-43f9-4626-997a-6ca2c0d44f33,41d4f992-f1d6-47ad-a36f-3b4c9f786aa8,9f63e6aa-52b2-4761-a24c-43fe3f0f26b1,10.0,INR,success,2026-04-29 13:12:49.014142+00:00
e94bd1fd-83a8-4733-ba6f-202971024b47,46f1bf2f-43f9-4626-997a-6ca2c0d44f33,41d4f992-f1d6-47ad-a36f-3b4c9f786aa8,9f63e6aa-52b2-4761-a24c-43fe3f0f26b1,2926.35,INR,success,2026-05-02 15:06:51.425603+00:00
20677c76-cd40-43aa-b8c1-a535b9b3eab1,46f1bf2f-43f9-4626-997a-6ca2c0d44f33,41d4f992-f1d6-47ad-a36f-3b4c9f786aa8,9f63e6aa-52b2-4761-a24c-43fe3f0f26b1,937.66,INR,success,2026-05-04 09:33:00.131927+00:00
f1a6ba83-472e-45f6-b06a-ac814ed5af1d,46f1bf2f-43f9-4626-997a-6ca2c0d44f33,41d4f992-f1d6-47ad-a36f-3b4c9f786aa8,9f63e6aa-52b2-4761-a24c-43fe3f0f26b1,4036.77,INR,success,2026-05-07 02:45:30.640346+00:00
eccc6103-68f0-480c-8065-b8713c317179,0a589fd3-9146-4749-b062-65fe3adf6cb8,2b452c95-a03c-4c1b-bd4c-e7615d55536f,2168bf21-87af-4d92-b70a-156c544c71ec,4073.42,INR,success,2026-05-28 06:56:20.657121+00:00
f326ab9e-b273-4cab-90d5-0a9cf7389c3c,0a589fd3-9146-4749-b062-65fe3adf6cb8,2b452c95-a03c-4c1b-bd4c-e7615d55536f,2168bf21-87af-4d92-b70a-156c544c71ec,3180.22,INR,success,2026-05-28 20:35:34.681625+00:00
3edc0524-95eb-4030-8c03-931cc031b482,0a589fd3-9146-4749-b062-65fe3adf6cb8,2b452c95-a03c-4c1b-bd4c-e7615d55536f,2168bf21-87af-4d92-b70a-156c544c71ec,2282.22,INR,success,2026-05-29 19:40:48.260877+00:00
1e040e99-8e1d-4437-b2a4-c02deb16facc,93c7d9f5-f34f-4d0b-8973-d50f811479a8,10d64269-4c20-410e-a7ca-0f822766686e,4291cfde-5491-47ce-b797-563e758e7a6b,577.22,INR,success,2026-05-08 00:24:58.170657+00:00
4cda9642-64a6-4e1f-8063-698f8dab9631,93c7d9f5-f34f-4d0b-8973-d50f811479a8,10d64269-4c20-410e-a7ca-0f822766686e,4291cfde-5491-47ce-b797-563e758e7a6b,684.15,INR,success,2026-05-10 02:17:30.084573+00:00
7a6ce81b-9894-4497-ab1f-bccb6ce661c4,93c7d9f5-f34f-4d0b-8973-d50f811479a8,10d64269-4c20-410e-a7ca-0f822766686e,4291cfde-5491-47ce-b797-563e758e7a6b,126.52,INR,success,2026-05-16 14:14:10.054213+00:00
9d4dd8f6-5b7e-40cd-aec6-1272d5efbc49,5609ffa2-75f5-4179-a85a-b3791e51f77a,b6fefc60-34e0-4e04-a965-fb9008267c78,8080f029-f5f8-40f5-bdd9-3158ce10a71a,2625.79,INR,success,2026-03-25 03:45:54.662958+00:00
9e0b033f-6f6f-490d-8da0-b37172a0c0c4,5609ffa2-75f5-4179-a85a-b3791e51f77a,b6fefc60-34e0-4e04-a965-fb9008267c78,8080f029-f5f8-40f5-bdd9-3158ce10a71a,1421.11,INR,success,2026-03-27 16:03:53.671101+00:00
aedd91ed-5156-42dd-9c83-f58d379260b8,5609ffa2-75f5-4179-a85a-b3791e51f77a,b6fefc60-34e0-4e04-a965-fb9008267c78,8080f029-f5f8-40f5-bdd9-3158ce10a71a,3421.32,INR,success,2026-04-18 20:03:35.318643+00:00
3d325635-27a9-4e50-be6a-2783e0a11aff,5609ffa2-75f5-4179-a85a-b3791e51f77a,b6fefc60-34e0-4e04-a965-fb9008267c78,8080f029-f5f8-40f5-bdd9-3158ce10a71a,2411.09,INR,success,2026-05-10 08:55:10.901541+00:00
816aa55b-2373-42ff-9697-56763cc6740e,5609ffa2-75f5-4179-a85a-b3791e51f77a,b6fefc60-34e0-4e04-a965-fb9008267c78,8080f029-f5f8-40f5-bdd9-3158ce10a71a,2382.78,INR,success,2026-05-24 08:23:10.668323+00:00
e0b745be-1b84-42d9-bf9c-48cd9d4f6802,2f433f28-c68e-4461-ab5f-e510e72d8d7c,0d653644-50c1-4a88-b20a-3a427a7e2b4c,5e6d762c-4a50-40f9-be86-ad985260bcf2,795.04,INR,success,2026-04-22 05:08:47.194791+00:00
e5f12d49-cbba-46da-a40a-0a9bd5988117,2f433f28-c68e-4461-ab5f-e510e72d8d7c,0d653644-50c1-4a88-b20a-3a427a7e2b4c,5e6d762c-4a50-40f9-be86-ad985260bcf2,1943.65,INR,success,2026-04-28 22:10:22.429898+00:00
16ca5e02-a14c-4bd6-86b8-2077017861d2,2f433f28-c68e-4461-ab5f-e510e72d8d7c,0d653644-50c1-4a88-b20a-3a427a7e2b4c,5e6d762c-4a50-40f9-be86-ad985260bcf2,1963.62,INR,success,2026-05-03 08:26:04.946516+00:00
bd5575fc-5f75-4c2a-9ce8-22d63ed0287b,2f433f28-c68e-4461-ab5f-e510e72d8d7c,0d653644-50c1-4a88-b20a-3a427a7e2b4c,5e6d762c-4a50-40f9-be86-ad985260bcf2,1404.35,INR,success,2026-05-19 12:26:50.175803+00:00
43e8ce9a-d528-47d6-9ead-913666307473,e74a12ba-8934-4b05-a642-3114c1f19a51,bbc0f426-e01d-4bdd-b1a1-159ad4f2a595,0da08c1b-c450-45c9-aa58-374e494280b9,784.68,INR,success,2026-04-23 10:57:15.301293+00:00
73571134-4f45-4a15-8c72-95dbde594962,e74a12ba-8934-4b05-a642-3114c1f19a51,bbc0f426-e01d-4bdd-b1a1-159ad4f2a595,0da08c1b-c450-45c9-aa58-374e494280b9,10.0,INR,success,2026-04-29 21:16:35.976047+00:00
d29d2cca-a9f5-4a6a-bd50-76f72356470b,e74a12ba-8934-4b05-a642-3114c1f19a51,bbc0f426-e01d-4bdd-b1a1-159ad4f2a595,0da08c1b-c450-45c9-aa58-374e494280b9,6020.69,INR,success,2026-05-03 17:16:17.567389+00:00
c54fff16-863c-47b6-9ee9-5fb25b25fc2e,29904f11-6466-449e-a56a-af2f5f2b0360,1471675f-acdc-4130-8a44-2849f5dd4906,da706c14-6008-427e-80ae-3b2ffb244824,272.18,INR,success,2026-04-10 05:51:26.257199+00:00
24ecd9cf-385b-4f5e-b739-4131d544d470,dfaf9c6b-260b-4fb5-b395-bce19784e0d3,7a38bc6f-45ec-44f5-aec4-47bdf0461fb7,c1024f1e-4a89-4980-a86a-679801b439f1,3449.21,INR,success,2026-05-25 08:44:50.356551+00:00
35a66b9f-5cea-4a05-a310-461c88671c71,ba110e3a-cafd-4877-9fca-3cabf51c4a5b,ee33f42a-d3ea-40f6-9788-497324d32899,86c20a91-9742-479d-9c83-cab0b6d090e2,1704.97,INR,success,2026-04-28 13:35:31.843177+00:00
b3a87b61-61d5-4749-9266-a7b810b72606,ba110e3a-cafd-4877-9fca-3cabf51c4a5b,ee33f42a-d3ea-40f6-9788-497324d32899,86c20a91-9742-479d-9c83-cab0b6d090e2,3725.82,INR,success,2026-04-30 21:38:40.783517+00:00
f6fe3939-04c1-4975-85ec-90c8187e0d4c,9249fb49-65db-4cbc-8b0d-510ef18372d3,07b119e5-d378-494c-a0b2-79af42e08fe4,ce9675c0-af78-4d4c-9d6a-4405ca16ac4c,1972.07,INR,success,2026-05-06 13:52:55.361320+00:00
59f5778c-766c-4c22-99f5-45d1870a652b,9249fb49-65db-4cbc-8b0d-510ef18372d3,07b119e5-d378-494c-a0b2-79af42e08fe4,ce9675c0-af78-4d4c-9d6a-4405ca16ac4c,2178.06,INR,success,2026-05-18 11:05:32.501240+00:00
4ec48935-d0b7-4c6c-a4e2-d1f878d3d16b,9249fb49-65db-4cbc-8b0d-510ef18372d3,07b119e5-d378-494c-a0b2-79af42e08fe4,ce9675c0-af78-4d4c-9d6a-4405ca16ac4c,2036.63,INR,success,2026-05-28 14:34:06.884529+00:00
64e1d5eb-8203-448c-a53a-c4fe2e4a45f3,9249fb49-65db-4cbc-8b0d-510ef18372d3,07b119e5-d378-494c-a0b2-79af42e08fe4,ce9675c0-af78-4d4c-9d6a-4405ca16ac4c,3645.37,INR,success,2026-05-28 15:26:59.440859+00:00
41ab4bac-5590-4795-bbaf-695b284d12be,5e3c2106-358f-447a-b61f-a4929a29a5a0,55817701-fb35-4e29-9767-90be542d8bad,95ef9a42-80e0-4a86-8bf5-24e457941c64,565.18,INR,success,2026-04-20 19:03:18.834325+00:00
a1effc70-6754-44d1-858d-1e742542ccb4,5e3c2106-358f-447a-b61f-a4929a29a5a0,55817701-fb35-4e29-9767-90be542d8bad,95ef9a42-80e0-4a86-8bf5-24e457941c64,381.13,INR,success,2026-05-03 13:27:30.000816+00:00
0563a8c4-137f-4301-ade0-cbaa5c6f8a02,5e3c2106-358f-447a-b61f-a4929a29a5a0,55817701-fb35-4e29-9767-90be542d8bad,95ef9a42-80e0-4a86-8bf5-24e457941c64,875.07,INR,success,2026-05-08 23:20:23.094792+00:00
ce3b52da-16dd-46e2-8bf9-92ca29d5a69d,5e3c2106-358f-447a-b61f-a4929a29a5a0,55817701-fb35-4e29-9767-90be542d8bad,95ef9a42-80e0-4a86-8bf5-24e457941c64,607.46,INR,success,2026-05-13 03:59:15.436401+00:00
aeefe608-aa14-4d0f-94d1-1cad49a9e99f,5e3c2106-358f-447a-b61f-a4929a29a5a0,55817701-fb35-4e29-9767-90be542d8bad,95ef9a42-80e0-4a86-8bf5-24e457941c64,542.55,INR,success,2026-05-23 03:58:05.561044+00:00
dc8c0b31-b7b9-49a0-84a4-d15ac2c4ed3c,cd9e6902-31c0-41e9-8e1b-4dd133b21485,f805ffb8-6127-4a8a-a33c-608278c64cde,0c04d91c-55e9-4558-b3c9-beddcfe53561,656.2,INR,success,2026-05-09 20:19:42.400711+00:00
9ae93834-9463-40ad-860b-0d0b4ed98afc,cd9e6902-31c0-41e9-8e1b-4dd133b21485,f805ffb8-6127-4a8a-a33c-608278c64cde,0c04d91c-55e9-4558-b3c9-beddcfe53561,466.47,INR,success,2026-05-16 15:28:45.089427+00:00
5fb02398-7b7b-4dae-985d-bd806c716ab5,cd9e6902-31c0-41e9-8e1b-4dd133b21485,f805ffb8-6127-4a8a-a33c-608278c64cde,0c04d91c-55e9-4558-b3c9-beddcfe53561,566.18,INR,success,2026-05-24 17:27:53.809640+00:00
028ad38a-1619-431a-b8d7-d026470ce058,cd9e6902-31c0-41e9-8e1b-4dd133b21485,f805ffb8-6127-4a8a-a33c-608278c64cde,0c04d91c-55e9-4558-b3c9-beddcfe53561,656.79,INR,success,2026-05-31 22:12:51.075224+00:00
8e4b3212-9cfc-47ee-95bb-e59d2888854f,63af6214-a272-44a7-94d0-d96f486b0740,1416104a-6628-421d-8333-52aac6190eab,e2a3e6a9-a2c4-4bef-b45e-56462b69f0fa,391.45,INR,success,2026-05-01 04:03:03.054567+00:00
1942e217-828d-4efe-abd3-e7bd1cc2aa83,c6d1b5b5-359c-4a6a-9792-5f8a0c1a2c69,47863514-0861-4e27-be0a-1b2b3eb6f47b,a29c3e30-4ddc-48c4-8d23-6ea9d0d9825f,623.74,INR,success,2026-05-06 14:56:13.580005+00:00
7b5279ec-044f-4615-b350-ccc8c45f6c6a,c6d1b5b5-359c-4a6a-9792-5f8a0c1a2c69,47863514-0861-4e27-be0a-1b2b3eb6f47b,a29c3e30-4ddc-48c4-8d23-6ea9d0d9825f,1321.07,INR,success,2026-05-07 23:15:02.448158+00:00
c31d9679-bb6c-424f-8865-cd8ca4d1c7c3,c6d1b5b5-359c-4a6a-9792-5f8a0c1a2c69,47863514-0861-4e27-be0a-1b2b3eb6f47b,a29c3e30-4ddc-48c4-8d23-6ea9d0d9825f,936.42,INR,success,2026-05-15 02:47:49.576562+00:00
8a9f461b-a6c7-4fa2-8595-40bc7f25f507,c6d1b5b5-359c-4a6a-9792-5f8a0c1a2c69,47863514-0861-4e27-be0a-1b2b3eb6f47b,a29c3e30-4ddc-48c4-8d23-6ea9d0d9825f,1043.7,INR,success,2026-05-23 17:08:16.204085+00:00
eb4f6360-3e41-41dc-8f2f-15c323d44ccd,c6d1b5b5-359c-4a6a-9792-5f8a0c1a2c69,47863514-0861-4e27-be0a-1b2b3eb6f47b,a29c3e30-4ddc-48c4-8d23-6ea9d0d9825f,1438.6,INR,success,2026-05-28 17:19:36.716785+00:00
e05bc3ab-d6f6-4321-baab-85bc6fd58883,5b645b46-a888-411a-aa95-8849f24d1a02,a5101279-ce65-4784-a870-27d8d723aad5,975b2828-154b-4f2a-b390-7de15039717f,3516.79,INR,success,2026-05-29 17:30:05.815504+00:00
0a3336b8-cb14-4856-9cd1-30d05d34bfd5,5b645b46-a888-411a-aa95-8849f24d1a02,a5101279-ce65-4784-a870-27d8d723aad5,975b2828-154b-4f2a-b390-7de15039717f,4810.79,INR,success,2026-05-29 18:41:56.997175+00:00
929f3fd0-7b77-43d6-83e2-c870709c3517,5b645b46-a888-411a-aa95-8849f24d1a02,a5101279-ce65-4784-a870-27d8d723aad5,975b2828-154b-4f2a-b390-7de15039717f,2134.94,INR,success,2026-05-29 21:11:53.665059+00:00
4b2cfb67-f167-4aac-9d55-8c54a2009f81,5b645b46-a888-411a-aa95-8849f24d1a02,a5101279-ce65-4784-a870-27d8d723aad5,975b2828-154b-4f2a-b390-7de15039717f,2998.99,INR,success,2026-05-30 20:02:25.901909+00:00
6502458b-0ae4-45b3-9b1e-e5a43511ebca,5b645b46-a888-411a-aa95-8849f24d1a02,a5101279-ce65-4784-a870-27d8d723aad5,975b2828-154b-4f2a-b390-7de15039717f,4483.62,INR,success,2026-05-31 08:11:10.889772+00:00
70cb0664-8f24-405b-bffb-8b75e2b9bc67,eacbc25e-dfae-4828-b569-35ec80665e6a,84336740-091a-406f-b363-7f4f98683cb3,be990c29-f4db-4991-9b06-0df0d07167bf,10.0,INR,success,2026-04-12 02:05:52.040636+00:00
ea7c8faf-c2e8-42b9-8962-31c6c23591d0,eacbc25e-dfae-4828-b569-35ec80665e6a,84336740-091a-406f-b363-7f4f98683cb3,be990c29-f4db-4991-9b06-0df0d07167bf,1581.11,INR,success,2026-04-17 21:19:57.534823+00:00
cbc988d3-6a94-4f60-9c5d-e2ee60359feb,eacbc25e-dfae-4828-b569-35ec80665e6a,84336740-091a-406f-b363-7f4f98683cb3,be990c29-f4db-4991-9b06-0df0d07167bf,97.73,INR,success,2026-05-17 20:15:33.707447+00:00
5df97238-55b7-443d-b8bd-18443b594ac9,a9413260-0e5d-499f-a8e4-5c79f140a028,83e9d239-3fd3-4724-9296-ade01e011de2,6cac4f2b-e71b-4d61-a6d7-9f549cb65c85,3188.71,INR,success,2026-04-23 08:14:38.956903+00:00
195bd485-d08f-4a23-8ab2-9b30e8e72e75,a9413260-0e5d-499f-a8e4-5c79f140a028,83e9d239-3fd3-4724-9296-ade01e011de2,6cac4f2b-e71b-4d61-a6d7-9f549cb65c85,5630.63,INR,success,2026-04-27 03:56:19.694027+00:00
712babc3-1ec9-4626-8e3a-94b05745a9fe,a9413260-0e5d-499f-a8e4-5c79f140a028,83e9d239-3fd3-4724-9296-ade01e011de2,6cac4f2b-e71b-4d61-a6d7-9f549cb65c85,1264.69,INR,success,2026-04-28 19:42:17.407262+00:00
3c480ca9-4f46-4ca1-b399-63d0d84a8bf4,a9413260-0e5d-499f-a8e4-5c79f140a028,83e9d239-3fd3-4724-9296-ade01e011de2,6cac4f2b-e71b-4d61-a6d7-9f549cb65c85,3303.26,INR,success,2026-05-09 19:10:01.529288+00:00
4305eeb3-aec7-4872-aec3-0744ee298a00,a9413260-0e5d-499f-a8e4-5c79f140a028,83e9d239-3fd3-4724-9296-ade01e011de2,6cac4f2b-e71b-4d61-a6d7-9f549cb65c85,1276.29,INR,success,2026-05-19 05:59:54.730058+00:00
37e11363-5b7d-4ca8-b2ad-495d0cbbb03c,21e4bb4e-1900-45e3-a330-4bc5c74cfef5,d79acc07-420e-481c-98ff-4a10455ebd43,2fdb1ef3-19e6-45ba-8928-62129f8cc36d,2738.85,INR,success,2026-04-17 20:47:46.017993+00:00
cb5a0e18-d11f-4d86-9715-aa4404cb3d9c,21e4bb4e-1900-45e3-a330-4bc5c74cfef5,d79acc07-420e-481c-98ff-4a10455ebd43,2fdb1ef3-19e6-45ba-8928-62129f8cc36d,100.87,INR,success,2026-05-05 03:49:50.007879+00:00
0aff4289-3f8c-4638-ba82-67115591b228,21e4bb4e-1900-45e3-a330-4bc5c74cfef5,d79acc07-420e-481c-98ff-4a10455ebd43,2fdb1ef3-19e6-45ba-8928-62129f8cc36d,18.07,INR,success,2026-05-22 13:31:42.268145+00:00
3712f8e9-37a2-4d25-a832-e0661064df59,21e4bb4e-1900-45e3-a330-4bc5c74cfef5,d79acc07-420e-481c-98ff-4a10455ebd43,2fdb1ef3-19e6-45ba-8928-62129f8cc36d,1284.76,INR,success,2026-05-25 07:17:35.808174+00:00
b1ecb3e5-2bb5-4baa-bfb6-3c6f6baa1c19,21e4bb4e-1900-45e3-a330-4bc5c74cfef5,d79acc07-420e-481c-98ff-4a10455ebd43,2fdb1ef3-19e6-45ba-8928-62129f8cc36d,4853.35,INR,success,2026-05-30 09:59:53.114731+00:00
baf4135d-45e9-4423-90f3-ee6b220251dd,6a87ed4f-5378-4438-8467-b6863b123789,a91f36a3-cb6a-4ff8-8b85-89371ebe9c83,af504b2d-1aeb-427f-b44d-b697d7c4b8b3,1814.21,INR,success,2026-05-18 19:08:59.450808+00:00
798452a7-c8bd-4dfa-a481-63df6d56f99e,6a87ed4f-5378-4438-8467-b6863b123789,a91f36a3-cb6a-4ff8-8b85-89371ebe9c83,af504b2d-1aeb-427f-b44d-b697d7c4b8b3,10.0,INR,success,2026-05-22 06:19:49.649238+00:00
6fad8e22-9b22-41e5-bb05-107f466ee06c,6abe7f82-3f30-443c-a04e-fabf2da5bcf2,38d09298-a6a2-47a2-a84e-96df90e17768,312f0683-43cb-464a-8ed6-8f780f3da804,3092.97,INR,success,2026-04-18 22:00:14.985951+00:00
969be342-935d-4333-8753-ef2cb46197ba,43513b31-551c-416d-aa4b-8a72cd3e492e,0c4a6315-2053-44ed-b5d4-b801d77d752b,3c5622ac-f04e-486c-9d24-667aac64bd94,10.0,INR,success,2026-03-10 10:02:31.503265+00:00
b9d4901f-3c68-4312-b3ba-614b3edde4c7,43513b31-551c-416d-aa4b-8a72cd3e492e,0c4a6315-2053-44ed-b5d4-b801d77d752b,3c5622ac-f04e-486c-9d24-667aac64bd94,3997.14,INR,success,2026-04-22 11:00:23.486559+00:00
850043bb-457d-4912-ac2a-417ba3ab2e15,e90ecd9f-b077-4edb-b4e5-cb20d5b5cd4f,0c678736-22f8-4a79-bd1b-9f6b167ecfbe,067748d1-e509-4040-ab27-09ce0d73cbc8,216.36,INR,success,2026-03-28 15:42:49.719053+00:00
63e065c5-fc7f-4b53-93e1-a3cb70d4c7a9,e90ecd9f-b077-4edb-b4e5-cb20d5b5cd4f,0c678736-22f8-4a79-bd1b-9f6b167ecfbe,067748d1-e509-4040-ab27-09ce0d73cbc8,401.21,INR,success,2026-04-08 06:59:12.685468+00:00
8bdee6e6-ee87-4c8c-aeca-9b58a3ca1b00,e90ecd9f-b077-4edb-b4e5-cb20d5b5cd4f,0c678736-22f8-4a79-bd1b-9f6b167ecfbe,067748d1-e509-4040-ab27-09ce0d73cbc8,161.71,INR,success,2026-05-09 01:23:59.777769+00:00
5d747254-a825-40a5-bca6-c91c1b5bfc8a,e90ecd9f-b077-4edb-b4e5-cb20d5b5cd4f,0c678736-22f8-4a79-bd1b-9f6b167ecfbe,067748d1-e509-4040-ab27-09ce0d73cbc8,174.22,INR,success,2026-05-30 13:36:38.226867+00:00
5ec6c5e9-cf44-4176-afcc-2a9a84dc16a1,fc92940e-a133-4d71-91e6-309faf8688cb,16a34fe4-cdc3-454d-87cd-68bbb3cd8e18,d229c46d-1ff7-4e1d-9824-90f4ab9bd6dc,396.78,INR,success,2026-05-20 07:46:05.473453+00:00
aadc9f77-5c69-47b0-8d47-55dca890eaff,fc92940e-a133-4d71-91e6-309faf8688cb,16a34fe4-cdc3-454d-87cd-68bbb3cd8e18,d229c46d-1ff7-4e1d-9824-90f4ab9bd6dc,591.96,INR,success,2026-05-22 06:06:51.354331+00:00
7ee9c930-77c8-4665-965f-3a0c35bc5de9,fc92940e-a133-4d71-91e6-309faf8688cb,16a34fe4-cdc3-454d-87cd-68bbb3cd8e18,d229c46d-1ff7-4e1d-9824-90f4ab9bd6dc,548.97,INR,success,2026-05-25 12:27:49.817159+00:00
49bdc963-f9f5-4f84-b52e-73aec09bb078,fc92940e-a133-4d71-91e6-309faf8688cb,16a34fe4-cdc3-454d-87cd-68bbb3cd8e18,d229c46d-1ff7-4e1d-9824-90f4ab9bd6dc,786.7,INR,success,2026-05-29 09:12:47.090507+00:00
16b12354-4698-45f2-8a07-cf0c204af873,512caba8-5446-4ecb-9bc9-0ba9f5ddf910,d0c13e69-5a54-438f-9f7b-8c4072677caf,d8cdd23c-fd32-4dc7-905e-55d3af6a0831,2362.33,INR,success,2026-03-30 16:47:13.869629+00:00
7aa03d13-e3b7-4dcb-ae1d-056886f86193,512caba8-5446-4ecb-9bc9-0ba9f5ddf910,d0c13e69-5a54-438f-9f7b-8c4072677caf,d8cdd23c-fd32-4dc7-905e-55d3af6a0831,3740.33,INR,success,2026-04-27 11:42:25.197562+00:00
1af30e82-03a0-4106-8904-9e282403132c,512caba8-5446-4ecb-9bc9-0ba9f5ddf910,d0c13e69-5a54-438f-9f7b-8c4072677caf,d8cdd23c-fd32-4dc7-905e-55d3af6a0831,2189.54,INR,success,2026-05-10 04:38:04.838293+00:00
bf1f1d29-abbc-421f-8297-3de0025cf235,512caba8-5446-4ecb-9bc9-0ba9f5ddf910,d0c13e69-5a54-438f-9f7b-8c4072677caf,d8cdd23c-fd32-4dc7-905e-55d3af6a0831,2580.12,INR,success,2026-05-10 14:07:23.540873+00:00
e5595076-2121-4be8-8340-192914d5c69a,512caba8-5446-4ecb-9bc9-0ba9f5ddf910,d0c13e69-5a54-438f-9f7b-8c4072677caf,d8cdd23c-fd32-4dc7-905e-55d3af6a0831,3444.12,INR,success,2026-05-15 21:13:26.849113+00:00
0d837947-3d02-4771-b42a-f4c33fa345b3,5405eee1-6c21-4602-a8f6-fc10e8a12583,449d7e64-96f1-41cf-9460-2bb872193c81,b3624912-9c64-47c3-95bc-b4de083cd1bd,5010.91,INR,success,2026-05-29 15:05:35.030152+00:00
820dea80-f1e5-4d7f-a0a9-4bd6d88e4a73,fcd1e2a0-ce24-41f4-99db-4e77eeb781c8,62709fe7-8222-4032-a351-d5479528a73f,93eaf06f-2128-4b37-bc0e-0d7125603214,3531.44,INR,success,2026-05-25 12:50:45.096720+00:00
f785e58d-ac4a-40ad-9a19-4c2c83f77111,fcd1e2a0-ce24-41f4-99db-4e77eeb781c8,62709fe7-8222-4032-a351-d5479528a73f,93eaf06f-2128-4b37-bc0e-0d7125603214,2291.62,INR,success,2026-05-26 05:58:47.875150+00:00
b04f2b0e-fd75-45a3-97e1-e45938d4e702,fcd1e2a0-ce24-41f4-99db-4e77eeb781c8,62709fe7-8222-4032-a351-d5479528a73f,93eaf06f-2128-4b37-bc0e-0d7125603214,2669.75,INR,success,2026-05-29 10:58:36.943582+00:00
419f7255-6216-4130-ba16-9861c4e11d2e,fcd1e2a0-ce24-41f4-99db-4e77eeb781c8,62709fe7-8222-4032-a351-d5479528a73f,93eaf06f-2128-4b37-bc0e-0d7125603214,4802.09,INR,success,2026-05-30 21:05:37.920761+00:00
984cc0db-6ad2-4665-a89c-fcfc6f684568,fca70457-4805-43f4-bc68-b6e3f9e51e72,bc5a1d3d-1322-4f5c-bcbd-e1c4a2bdd865,94907f15-6515-41ff-87ca-f941050ece1d,714.24,INR,success,2026-04-18 15:32:10.682220+00:00
10388c8e-9b98-4653-ae9a-7909b84b717e,fca70457-4805-43f4-bc68-b6e3f9e51e72,bc5a1d3d-1322-4f5c-bcbd-e1c4a2bdd865,94907f15-6515-41ff-87ca-f941050ece1d,1713.22,INR,success,2026-05-03 13:41:00.751693+00:00
37b12832-bb96-4f03-b560-774c8de5f48b,fca70457-4805-43f4-bc68-b6e3f9e51e72,bc5a1d3d-1322-4f5c-bcbd-e1c4a2bdd865,94907f15-6515-41ff-87ca-f941050ece1d,983.94,INR,success,2026-05-07 08:37:24.515117+00:00
45a580b9-bf7d-4e86-9bc9-1344a8d408a1,5800b65b-a36e-441b-9812-791603fb9364,f92b7bf5-1127-48cf-8fd7-489277022c8e,c8c15c5f-6ddb-473a-97bc-c9ad7e4c61e1,4526.18,INR,success,2026-05-08 11:58:19.749232+00:00
a42165c5-3424-4d87-b7d0-2cbc70a5fde1,5800b65b-a36e-441b-9812-791603fb9364,f92b7bf5-1127-48cf-8fd7-489277022c8e,c8c15c5f-6ddb-473a-97bc-c9ad7e4c61e1,322.71,INR,success,2026-05-22 10:40:42.726344+00:00
83362a3b-989f-40b9-9ef8-a2bf0078b956,5800b65b-a36e-441b-9812-791603fb9364,f92b7bf5-1127-48cf-8fd7-489277022c8e,c8c15c5f-6ddb-473a-97bc-c9ad7e4c61e1,2751.62,INR,success,2026-05-24 02:49:06.291839+00:00
9444216a-7481-4eb2-9c17-c9a6e8d760f9,5800b65b-a36e-441b-9812-791603fb9364,f92b7bf5-1127-48cf-8fd7-489277022c8e,c8c15c5f-6ddb-473a-97bc-c9ad7e4c61e1,1244.76,INR,success,2026-05-25 18:59:18.463550+00:00
6cc57a3c-3b92-4773-8b28-2d3a6aa342f4,f4f4802d-49a3-4035-adf6-7257c8261a0a,031aa4c6-e5b3-451c-8fe4-bd9f6d180bda,226cf3ff-e59b-4da4-9e68-c785aa91f2ae,2095.49,INR,success,2026-04-25 09:03:49.545613+00:00
aaa13f7d-67b9-4837-83e2-82a15e3f4e1d,f4f4802d-49a3-4035-adf6-7257c8261a0a,031aa4c6-e5b3-451c-8fe4-bd9f6d180bda,226cf3ff-e59b-4da4-9e68-c785aa91f2ae,4876.92,INR,success,2026-04-25 19:46:29.219308+00:00
2a68304f-a728-4dac-97cb-67bf83efcc77,f4f4802d-49a3-4035-adf6-7257c8261a0a,031aa4c6-e5b3-451c-8fe4-bd9f6d180bda,226cf3ff-e59b-4da4-9e68-c785aa91f2ae,3676.51,INR,success,2026-05-23 23:27:33.344185+00:00
a826dd99-2aef-40d1-838e-3d80e4e34d75,f4f4802d-49a3-4035-adf6-7257c8261a0a,031aa4c6-e5b3-451c-8fe4-bd9f6d180bda,226cf3ff-e59b-4da4-9e68-c785aa91f2ae,3753.32,INR,success,2026-05-26 06:27:40.050046+00:00
fa29a2b0-eb75-4e94-ad63-9ae7e7185881,7e6ba120-e7a9-4d76-b9ba-f1690be697c2,5aee2d28-a87b-4456-b749-b0615fe45c8d,39c87dad-b876-4e38-8f19-4a4e683334ea,384.53,INR,success,2026-05-29 23:56:47.502219+00:00
866caec0-17aa-4937-8eab-1a969a2347a4,0a7a4b71-1c86-45fd-a207-0cbaaed5fbe4,39e7d6c7-31a1-4aa0-ac5e-b8a4f583471e,440ab32c-d0f1-4062-9288-0558e73040ca,1684.94,INR,success,2026-03-23 00:37:17.643600+00:00
36c35b38-ee12-429d-b1fc-aaa982139cd5,0a7a4b71-1c86-45fd-a207-0cbaaed5fbe4,39e7d6c7-31a1-4aa0-ac5e-b8a4f583471e,440ab32c-d0f1-4062-9288-0558e73040ca,4964.53,INR,success,2026-05-03 07:15:55.365903+00:00
a5a14012-7a2f-49ca-b582-45cc3b8c2a1c,0a7a4b71-1c86-45fd-a207-0cbaaed5fbe4,39e7d6c7-31a1-4aa0-ac5e-b8a4f583471e,440ab32c-d0f1-4062-9288-0558e73040ca,1808.82,INR,success,2026-05-05 01:07:10.906300+00:00
e1c1801f-3247-4f98-a1a1-67d02ecabd93,0a7a4b71-1c86-45fd-a207-0cbaaed5fbe4,39e7d6c7-31a1-4aa0-ac5e-b8a4f583471e,440ab32c-d0f1-4062-9288-0558e73040ca,2728.85,INR,success,2026-05-17 00:34:39.485227+00:00
78648e73-bd64-4d56-9147-d3768de82224,0a7a4b71-1c86-45fd-a207-0cbaaed5fbe4,39e7d6c7-31a1-4aa0-ac5e-b8a4f583471e,440ab32c-d0f1-4062-9288-0558e73040ca,2748.73,INR,success,2026-05-18 04:45:20.072995+00:00
fa84a013-9d87-4e24-9a2e-1bddb66acc09,f82df73c-bf91-4bae-b564-a04af3236b84,5d44ec09-3771-419b-aff1-60a43503cd16,713e32b3-9b89-4233-a316-51042cbf5bd4,2316.24,INR,success,2026-03-23 14:39:13.543682+00:00
33914e2f-ef1f-4d37-96c9-c82692a6d9fd,33532a87-3a19-41b0-bf3e-4c9b33dac0e4,4192a528-a300-4ba3-97f5-c3949bfd9f39,964ab3eb-ef02-4c06-8cbb-61d24f066a7d,4748.35,INR,success,2026-03-17 17:32:32.096223+00:00
a7e48924-52c6-4c10-b44b-698c32c821ab,33532a87-3a19-41b0-bf3e-4c9b33dac0e4,4192a528-a300-4ba3-97f5-c3949bfd9f39,964ab3eb-ef02-4c06-8cbb-61d24f066a7d,4229.55,INR,success,2026-05-04 09:55:55.550489+00:00
d32f8b88-4cce-460f-b0f5-2b4a66fe6f1e,33532a87-3a19-41b0-bf3e-4c9b33dac0e4,4192a528-a300-4ba3-97f5-c3949bfd9f39,964ab3eb-ef02-4c06-8cbb-61d24f066a7d,7089.62,INR,success,2026-05-22 10:12:45.436911+00:00
e0d5ad86-6061-4f40-8a20-1b2b3a5d20ab,47ab851f-c049-45fb-92cc-47d4fdedc2c1,5129b439-210e-4d88-9bfe-de6ad97d4f13,45d2720b-fd7b-474a-8978-3547435fcc4d,681.98,INR,success,2026-03-23 17:16:58.528059+00:00
6b189a04-7906-4298-9157-e8cf59ce534f,47ab851f-c049-45fb-92cc-47d4fdedc2c1,5129b439-210e-4d88-9bfe-de6ad97d4f13,45d2720b-fd7b-474a-8978-3547435fcc4d,173.8,INR,success,2026-03-27 13:18:19.297510+00:00
606ee354-a442-4056-a70f-20d35850d1aa,47ab851f-c049-45fb-92cc-47d4fdedc2c1,5129b439-210e-4d88-9bfe-de6ad97d4f13,45d2720b-fd7b-474a-8978-3547435fcc4d,5424.51,INR,success,2026-04-03 20:58:25.090751+00:00
6c144823-aa68-4f4c-bca4-4f4b54ebd75e,47ab851f-c049-45fb-92cc-47d4fdedc2c1,5129b439-210e-4d88-9bfe-de6ad97d4f13,45d2720b-fd7b-474a-8978-3547435fcc4d,3175.25,INR,success,2026-04-29 06:12:07.525988+00:00
6ec235ed-87e3-42ac-a510-01b2e4d933fe,52da3022-1a69-4e80-9aff-e91346fdbd85,c842055b-c86d-4fdd-bb6e-1ffaf258010e,375cde1c-0188-45a3-a544-b4264fc5ff57,3386.62,INR,success,2026-04-21 03:20:46.119257+00:00
ff9bc200-8304-472d-871d-f28b13b1de11,52da3022-1a69-4e80-9aff-e91346fdbd85,c842055b-c86d-4fdd-bb6e-1ffaf258010e,375cde1c-0188-45a3-a544-b4264fc5ff57,4214.83,INR,success,2026-05-04 02:30:00.621152+00:00
cc12e112-1767-4d42-b018-754decce4a9e,52da3022-1a69-4e80-9aff-e91346fdbd85,c842055b-c86d-4fdd-bb6e-1ffaf258010e,375cde1c-0188-45a3-a544-b4264fc5ff57,5127.53,INR,success,2026-05-14 23:30:15.199912+00:00
7a07d9fb-f44f-42b0-86df-7d7390eab666,59192a13-58d5-454e-bcea-6993acbf8c11,0e8a5f96-e90c-46da-a327-400a9d57f7c7,e8705910-b921-4ce3-8894-94509bc1052e,1115.42,INR,success,2026-05-27 06:25:35.336626+00:00
2610fb33-0e02-490b-b921-cf655cb44c79,2a036717-95db-42e7-9fb5-a8568f706ea2,4284f193-7116-41fd-9861-335c61ef1bfd,f0c2660a-d32d-484e-b7ba-37cc8811edc3,1243.17,INR,success,2026-05-29 23:07:59.746837+00:00
67b13bcf-7770-41d6-8498-4d06734a76d3,18c86fbb-cb6f-45b3-bdd7-323e1e0ec692,9e07f7bd-04c8-4c05-91cb-a15bbf1ebd44,0f322117-ae6f-4de1-985f-15eeaaa61240,803.88,INR,success,2026-05-28 16:22:43.141338+00:00
ba288594-2160-4109-84f0-956836bc2d60,d476fda7-2387-4441-8c52-864fe9ac26da,c1bc7871-3025-40a0-bdee-56b13a794b58,2b92abaa-089d-4897-b065-60f19af5cd5d,646.39,INR,success,2026-05-25 03:25:18.841124+00:00
51c37735-2c6b-4e18-b62c-89ef0edc9b34,d476fda7-2387-4441-8c52-864fe9ac26da,c1bc7871-3025-40a0-bdee-56b13a794b58,2b92abaa-089d-4897-b065-60f19af5cd5d,776.21,INR,success,2026-05-27 05:19:26.785596+00:00
167de6fb-4dec-45c0-9252-bda8bab3bfe0,12e244b9-acc8-412a-b1a1-e2ee5968e2dc,6d8394f0-d446-4b1c-9660-9829540d03ef,50dfa1e6-6a99-4a36-af10-eb711128ee23,2662.23,INR,success,2026-05-12 09:20:49.508012+00:00
fbad7170-f5c3-4dd8-9c64-432f64a75d76,12e244b9-acc8-412a-b1a1-e2ee5968e2dc,6d8394f0-d446-4b1c-9660-9829540d03ef,50dfa1e6-6a99-4a36-af10-eb711128ee23,2111.14,INR,success,2026-05-17 07:16:59.551130+00:00
a4112a2d-0a3a-4a99-a70a-255d18b5be93,12e244b9-acc8-412a-b1a1-e2ee5968e2dc,6d8394f0-d446-4b1c-9660-9829540d03ef,50dfa1e6-6a99-4a36-af10-eb711128ee23,2423.34,INR,success,2026-05-23 13:26:11.641009+00:00
88a4db22-5fb4-4fc4-b0f3-75507dc9f4b6,12e244b9-acc8-412a-b1a1-e2ee5968e2dc,6d8394f0-d446-4b1c-9660-9829540d03ef,50dfa1e6-6a99-4a36-af10-eb711128ee23,1328.85,INR,success,2026-05-26 10:07:33.498411+00:00
d0c0e470-c85b-495e-9e9e-5c5722f4e4a1,12e244b9-acc8-412a-b1a1-e2ee5968e2dc,6d8394f0-d446-4b1c-9660-9829540d03ef,50dfa1e6-6a99-4a36-af10-eb711128ee23,1282.46,INR,success,2026-05-27 12:18:15.329268+00:00
583514af-2525-41c8-b7e7-ec921d6550d5,9f73d6df-9569-421a-897c-6b9d9c7850ac,ebcd7f1b-def9-4c5d-8e2b-96eb1ae88176,a2561f75-05ff-4ada-aa70-0ed8cf827eb4,10.0,INR,success,2026-05-27 14:02:57.567115+00:00
ceace306-0d30-478d-a4f8-7ff98773b019,9f73d6df-9569-421a-897c-6b9d9c7850ac,ebcd7f1b-def9-4c5d-8e2b-96eb1ae88176,a2561f75-05ff-4ada-aa70-0ed8cf827eb4,3100.54,INR,success,2026-05-29 22:40:20.441354+00:00
0b0e5d97-3e18-4d51-8560-299fb2bf27e0,d082d158-1367-4e69-9b71-7ead12714ec3,7aa97b0a-8bd4-49a8-a84a-ab4ff281a423,32d67a98-66ae-4578-be4d-f0da04fec856,2997.85,INR,success,2026-05-02 20:29:19.998517+00:00
417b41e0-1795-4633-82b1-a78ac3e9170b,d082d158-1367-4e69-9b71-7ead12714ec3,7aa97b0a-8bd4-49a8-a84a-ab4ff281a423,32d67a98-66ae-4578-be4d-f0da04fec856,2354.51,INR,success,2026-05-12 16:22:55.233872+00:00
c78fff94-60ec-4f95-a088-844f5aa8e373,d082d158-1367-4e69-9b71-7ead12714ec3,7aa97b0a-8bd4-49a8-a84a-ab4ff281a423,32d67a98-66ae-4578-be4d-f0da04fec856,2038.9,INR,success,2026-05-21 14:06:54.175118+00:00
8a0c9788-ba58-4248-80aa-aa537aee618b,4f42695d-d941-4827-85d5-8de3f561824e,85504215-4cd6-45a4-b5c8-3b6a4c4568ab,f0a85f01-4c63-48d7-8a69-947279fe5788,4717.38,INR,success,2026-05-29 15:38:15.578220+00:00
39ba69c4-d543-4f6d-b950-3a0771611571,5e5b690d-b237-4912-a531-3d0b69f39483,f1b3e8de-2303-4f4b-9b22-2cf207a4e536,f4febdac-f36b-4f67-979e-da6952cc65b0,2127.44,INR,success,2026-05-03 10:03:51.028236+00:00
3807e1b3-b4cd-4261-85d5-3bd26ac2ce61,5e5b690d-b237-4912-a531-3d0b69f39483,f1b3e8de-2303-4f4b-9b22-2cf207a4e536,f4febdac-f36b-4f67-979e-da6952cc65b0,2714.87,INR,success,2026-05-06 04:37:16.069549+00:00
d2fe16cf-b342-4875-a7dd-b1e31d87c9f6,5e5b690d-b237-4912-a531-3d0b69f39483,f1b3e8de-2303-4f4b-9b22-2cf207a4e536,f4febdac-f36b-4f67-979e-da6952cc65b0,1980.65,INR,success,2026-05-06 06:53:45.768419+00:00
76bee7af-b061-4bf2-b687-a83169535483,5e5b690d-b237-4912-a531-3d0b69f39483,f1b3e8de-2303-4f4b-9b22-2cf207a4e536,f4febdac-f36b-4f67-979e-da6952cc65b0,3831.82,INR,success,2026-05-07 16:01:52.404503+00:00
44fbd232-b569-4536-a6bc-790fda88d742,5e5b690d-b237-4912-a531-3d0b69f39483,f1b3e8de-2303-4f4b-9b22-2cf207a4e536,f4febdac-f36b-4f67-979e-da6952cc65b0,1830.76,INR,success,2026-05-10 22:36:21.251590+00:00
7ae14451-00f0-497d-9b5e-7f5c21440a1a,a369393c-5494-4edd-86b4-ec224f090ab0,fe6cb211-7def-4833-8f2d-5d411ec5dcac,09d0d709-2958-4296-8ee6-9db66c848de3,2698.71,INR,success,2026-05-18 15:36:35.290254+00:00
15f6ab60-1e33-4940-bc6b-e0d9120a4ab7,a369393c-5494-4edd-86b4-ec224f090ab0,fe6cb211-7def-4833-8f2d-5d411ec5dcac,09d0d709-2958-4296-8ee6-9db66c848de3,2168.22,INR,success,2026-05-27 00:40:26.304979+00:00
3ed89b5c-2876-4349-8a44-199a5fd17ac2,006d6c30-ea38-4547-92f4-d141e00abbd7,08d05ea6-295b-495b-a429-04d40000571f,c044f054-80cd-4836-9542-cb59f736adf9,1100.18,INR,success,2026-04-20 20:37:06.478973+00:00
663b7ea2-5622-4954-b559-d6c9798ec9e2,006d6c30-ea38-4547-92f4-d141e00abbd7,08d05ea6-295b-495b-a429-04d40000571f,c044f054-80cd-4836-9542-cb59f736adf9,10.0,INR,success,2026-04-24 21:27:20.506052+00:00
302c18c4-8822-4a60-8e54-1ece45576e93,006d6c30-ea38-4547-92f4-d141e00abbd7,08d05ea6-295b-495b-a429-04d40000571f,c044f054-80cd-4836-9542-cb59f736adf9,568.4,INR,success,2026-05-10 21:12:05.661013+00:00
39b00dc1-e06d-4711-aec6-166fa0e1213d,006d6c30-ea38-4547-92f4-d141e00abbd7,08d05ea6-295b-495b-a429-04d40000571f,c044f054-80cd-4836-9542-cb59f736adf9,320.43,INR,success,2026-05-22 20:43:11.398474+00:00
96cb23ca-bc9e-46d0-b1e3-523fb346b143,76a096ee-b2cd-4a45-bc28-3ad41e4c4224,c8f220f6-a1f9-4de5-ae76-26fecb7b4804,c642b926-f304-47ff-93f0-080256bbfc3c,4392.5,INR,success,2026-05-01 01:20:42.722590+00:00
203bf0ee-24f2-4de6-a5b2-bf539a5b5c6a,76a096ee-b2cd-4a45-bc28-3ad41e4c4224,c8f220f6-a1f9-4de5-ae76-26fecb7b4804,c642b926-f304-47ff-93f0-080256bbfc3c,2780.24,INR,success,2026-05-03 23:07:38.959946+00:00
ef3cfd87-00c0-4867-9040-7869cbff6c2f,76a096ee-b2cd-4a45-bc28-3ad41e4c4224,c8f220f6-a1f9-4de5-ae76-26fecb7b4804,c642b926-f304-47ff-93f0-080256bbfc3c,3250.16,INR,success,2026-05-11 23:04:27.445301+00:00
721e90b4-3dad-4d45-9f8a-20a2672ea398,a7336503-068c-4159-bbd8-aca7ed151ccb,c8fa2c08-893d-4ac0-9cc7-dd7f722407c4,d3bcb830-2efc-47f2-9ab8-b33c0efb7e36,164.95,INR,success,2026-04-20 00:08:14.952754+00:00
42cf1451-e68b-4de6-bb3c-21033a29d631,a7336503-068c-4159-bbd8-aca7ed151ccb,c8fa2c08-893d-4ac0-9cc7-dd7f722407c4,d3bcb830-2efc-47f2-9ab8-b33c0efb7e36,171.82,INR,success,2026-05-11 09:00:46.784506+00:00
b5a60fbb-76f7-4a89-9bf7-226c36b45fc9,a7336503-068c-4159-bbd8-aca7ed151ccb,c8fa2c08-893d-4ac0-9cc7-dd7f722407c4,d3bcb830-2efc-47f2-9ab8-b33c0efb7e36,56.9,INR,success,2026-05-19 18:18:15.799302+00:00
a1876358-f529-420c-bc55-d4bdcb846edf,a7336503-068c-4159-bbd8-aca7ed151ccb,c8fa2c08-893d-4ac0-9cc7-dd7f722407c4,d3bcb830-2efc-47f2-9ab8-b33c0efb7e36,472.48,INR,success,2026-05-30 17:58:21.288730+00:00
8dcbf5b7-1db3-4f16-83f6-9b7e54dde793,978ef933-7c1e-436f-90e2-e9c78e3cd658,5e9ee6f9-5695-4455-9f5d-e849f8e86ad9,d07b73e4-1062-404a-aadd-6b48588342f8,378.76,INR,success,2026-05-24 07:51:01.946656+00:00
2f6a108a-d74e-4abe-b766-b11c2c74e2b3,978ef933-7c1e-436f-90e2-e9c78e3cd658,5e9ee6f9-5695-4455-9f5d-e849f8e86ad9,d07b73e4-1062-404a-aadd-6b48588342f8,370.09,INR,success,2026-05-25 15:20:38.224111+00:00
9a40e38a-bff5-4147-8718-f3a5685a3683,978ef933-7c1e-436f-90e2-e9c78e3cd658,5e9ee6f9-5695-4455-9f5d-e849f8e86ad9,d07b73e4-1062-404a-aadd-6b48588342f8,401.37,INR,success,2026-05-27 23:32:22.440497+00:00
654a4cce-fe2b-4a05-9faa-c24cd4027f15,978ef933-7c1e-436f-90e2-e9c78e3cd658,5e9ee6f9-5695-4455-9f5d-e849f8e86ad9,d07b73e4-1062-404a-aadd-6b48588342f8,552.7,INR,success,2026-05-29 11:30:41.896542+00:00
4aba5ccd-eb48-4de0-9f49-05badbecb0c7,f588c8f8-b916-4c2b-9c32-fb9e601ab99b,4b872206-d2bd-46c4-b5da-62264e800363,785574c9-bbc9-4496-9003-1d1b6450627c,534.88,INR,success,2026-04-16 15:09:54.604577+00:00
401da810-b54d-4034-bd64-ac9ba93824bd,f588c8f8-b916-4c2b-9c32-fb9e601ab99b,4b872206-d2bd-46c4-b5da-62264e800363,785574c9-bbc9-4496-9003-1d1b6450627c,750.83,INR,success,2026-05-07 16:43:21.735525+00:00
1497035b-e738-4f1b-95ef-7a1f03b2f90a,f588c8f8-b916-4c2b-9c32-fb9e601ab99b,4b872206-d2bd-46c4-b5da-62264e800363,785574c9-bbc9-4496-9003-1d1b6450627c,1009.14,INR,success,2026-05-12 13:49:32.781679+00:00
1226949f-fd4b-43f0-b961-4e4a6857525a,f588c8f8-b916-4c2b-9c32-fb9e601ab99b,4b872206-d2bd-46c4-b5da-62264e800363,785574c9-bbc9-4496-9003-1d1b6450627c,857.69,INR,success,2026-05-23 00:04:02.675646+00:00
de74c8e3-7539-4ca3-8283-9affdc156783,f588c8f8-b916-4c2b-9c32-fb9e601ab99b,4b872206-d2bd-46c4-b5da-62264e800363,785574c9-bbc9-4496-9003-1d1b6450627c,1149.91,INR,success,2026-05-23 17:33:21.027561+00:00
8008564e-7008-4f9e-9a86-21606eedac03,ed69a724-2062-48a0-bbe8-5a66d20fa1cd,6f257c7d-cb1c-4ee3-9732-b1a0d2b0ce88,4c198e3d-7b96-4dd0-92c0-fb8adb307239,5665.5,INR,success,2026-03-30 20:24:50.375299+00:00
89e579fe-d432-4647-bb6f-9c1b9c060b9f,ed69a724-2062-48a0-bbe8-5a66d20fa1cd,6f257c7d-cb1c-4ee3-9732-b1a0d2b0ce88,4c198e3d-7b96-4dd0-92c0-fb8adb307239,4399.93,INR,success,2026-05-05 06:17:32.300044+00:00
af9a6470-7968-4368-aed1-3eab3cabd645,ed69a724-2062-48a0-bbe8-5a66d20fa1cd,6f257c7d-cb1c-4ee3-9732-b1a0d2b0ce88,4c198e3d-7b96-4dd0-92c0-fb8adb307239,6409.54,INR,success,2026-05-07 04:26:09.820448+00:00
8d00d67e-3d02-485f-b6fc-0ec9b0178181,d84e575d-b875-46fc-897a-cba94a1e90f3,5e0998ed-60f9-4f18-ae8f-4e6c8a2cc227,4b33e5ef-fc51-4bff-9050-f61a00b1a966,1998.14,INR,success,2026-03-31 03:26:49.688457+00:00
b3b3c035-62d7-4b2d-b227-dfc94d5bcc58,d84e575d-b875-46fc-897a-cba94a1e90f3,5e0998ed-60f9-4f18-ae8f-4e6c8a2cc227,4b33e5ef-fc51-4bff-9050-f61a00b1a966,2444.55,INR,success,2026-04-10 07:37:00.898078+00:00
b0d71939-8d0e-486c-be11-030b4bcfa90b,d84e575d-b875-46fc-897a-cba94a1e90f3,5e0998ed-60f9-4f18-ae8f-4e6c8a2cc227,4b33e5ef-fc51-4bff-9050-f61a00b1a966,1585.46,INR,success,2026-04-11 16:29:51.427666+00:00
d3331438-e87b-40ac-a513-7b813a99b2a0,d84e575d-b875-46fc-897a-cba94a1e90f3,5e0998ed-60f9-4f18-ae8f-4e6c8a2cc227,4b33e5ef-fc51-4bff-9050-f61a00b1a966,2297.42,INR,success,2026-04-12 16:32:51.838404+00:00
88796040-0ee4-46e9-b257-5b478a1493ae,d84e575d-b875-46fc-897a-cba94a1e90f3,5e0998ed-60f9-4f18-ae8f-4e6c8a2cc227,4b33e5ef-fc51-4bff-9050-f61a00b1a966,1170.28,INR,success,2026-04-16 12:23:47.301229+00:00
a5ca6f7c-1b8f-405f-8e3a-21ff6a95b5bd,505db56f-bdab-4a23-8f3c-484cb3dd606b,2315f6e7-4dc3-411a-b938-3999ae1fc153,3b0d7872-b96d-42dc-a0fd-58ddd8c3570e,418.84,INR,success,2026-05-17 09:52:05.084190+00:00
8c2954b4-0609-44e0-8997-18bb13488958,505db56f-bdab-4a23-8f3c-484cb3dd606b,2315f6e7-4dc3-411a-b938-3999ae1fc153,3b0d7872-b96d-42dc-a0fd-58ddd8c3570e,84.55,INR,success,2026-05-23 07:03:34.151716+00:00
9bbe7fcc-39ad-4985-b58c-9aeb1c92d444,505db56f-bdab-4a23-8f3c-484cb3dd606b,2315f6e7-4dc3-411a-b938-3999ae1fc153,3b0d7872-b96d-42dc-a0fd-58ddd8c3570e,556.26,INR,success,2026-05-24 23:47:57.835130+00:00
339da7d0-477d-4220-b86e-b9702aa45018,e185b428-024e-420b-9e77-98949b3d8abd,2410e79b-56f0-4d40-84cc-0dba46fcc868,c788f23b-56bf-4cb5-94d8-c0a5d2b1445f,3228.2,INR,success,2026-05-28 20:21:10.385101+00:00
35c7b824-5e6d-4631-8e18-a137aedc0b97,e185b428-024e-420b-9e77-98949b3d8abd,2410e79b-56f0-4d40-84cc-0dba46fcc868,c788f23b-56bf-4cb5-94d8-c0a5d2b1445f,1951.96,INR,success,2026-05-29 13:14:53.252930+00:00
9a8a611b-986e-4793-8556-9bb0482badb8,e185b428-024e-420b-9e77-98949b3d8abd,2410e79b-56f0-4d40-84cc-0dba46fcc868,c788f23b-56bf-4cb5-94d8-c0a5d2b1445f,10.0,INR,success,2026-05-31 18:40:54.027808+00:00
51f2c682-5e4b-4124-bf3c-708135ada588,001ae985-3b72-40e0-b776-9d35613b3329,5ca0c37d-d8f0-4c07-8dd0-80d32d577fdb,88e6d8c7-96a9-43b8-b6de-4b9a9c34080d,2244.99,INR,success,2026-03-21 18:30:49.735687+00:00
98783fa0-bdb7-47fe-8cd1-01b78e75ccee,001ae985-3b72-40e0-b776-9d35613b3329,5ca0c37d-d8f0-4c07-8dd0-80d32d577fdb,88e6d8c7-96a9-43b8-b6de-4b9a9c34080d,4077.45,INR,success,2026-04-09 03:16:22.436245+00:00
50f34af0-3d43-40e9-bda6-aa86df639b97,001ae985-3b72-40e0-b776-9d35613b3329,5ca0c37d-d8f0-4c07-8dd0-80d32d577fdb,88e6d8c7-96a9-43b8-b6de-4b9a9c34080d,1401.91,INR,success,2026-04-17 23:11:27.989833+00:00
5d386236-2856-4255-8d4b-1c8e908ea506,fe6edcc0-587e-40c3-9ffe-110fcfb21c52,92b2af01-b882-4e7c-bbf9-1e0a633b5b21,a07eaab4-de61-4b15-bae9-11d041456d66,1534.71,INR,success,2026-05-29 13:20:23.368644+00:00
ca48bbd2-3e7b-486f-822c-a6be7e40df1f,6c04355b-d446-4a6f-a1d2-379f32fc9d42,cc1cba44-a6e3-43ee-8e89-83d76c35ad8c,20a0bb92-49ab-45e8-adef-d4495504d57d,4584.06,INR,success,2026-03-27 16:17:36.657382+00:00
c1d2204c-82c6-414d-8499-1385cf164e7f,d6c9adda-c58b-4793-8bb3-a88f448a253a,3e5a6df1-8180-474a-b6c1-c1a092f34399,9a8c7389-c25c-4c78-b794-8437f6b59c1f,1405.56,INR,success,2026-05-20 19:27:23.480761+00:00
7478870e-dc78-4a09-9aef-6b6c953bbd61,b4fb5074-7f68-4e77-953e-fcf13f3b0752,1ab15e13-ba52-423e-b632-1c6f5f76e2f6,b436d9d9-24e0-4153-b841-2bc2c80a8833,1877.71,INR,success,2026-05-17 05:48:55.744908+00:00
fa7e6ae6-ae8d-4eee-8e03-f45cd10fa5b8,b4fb5074-7f68-4e77-953e-fcf13f3b0752,1ab15e13-ba52-423e-b632-1c6f5f76e2f6,b436d9d9-24e0-4153-b841-2bc2c80a8833,1275.1,INR,success,2026-05-25 09:12:57.865552+00:00
44838c03-da5b-48bc-a71e-43dcbd9984d6,b4fb5074-7f68-4e77-953e-fcf13f3b0752,1ab15e13-ba52-423e-b632-1c6f5f76e2f6,b436d9d9-24e0-4153-b841-2bc2c80a8833,2320.96,INR,success,2026-05-25 21:44:11.286968+00:00
0e8d77c5-4395-407f-9cad-d0514655c99a,b4fb5074-7f68-4e77-953e-fcf13f3b0752,1ab15e13-ba52-423e-b632-1c6f5f76e2f6,b436d9d9-24e0-4153-b841-2bc2c80a8833,3558.76,INR,success,2026-05-30 06:16:14.424292+00:00
88006580-7eed-404f-9d5a-eecd8043d01c,b4fb5074-7f68-4e77-953e-fcf13f3b0752,1ab15e13-ba52-423e-b632-1c6f5f76e2f6,b436d9d9-24e0-4153-b841-2bc2c80a8833,3273.11,INR,success,2026-05-31 21:58:27.456373+00:00
0f2976f8-994f-4dbf-bbce-70139bba8913,da014c17-c75c-4259-ba55-d3ae0d06afd5,497792da-b4c4-4353-92eb-333b14fd28b8,30a2dd9b-7075-4c7e-ba9d-e2a486936431,959.56,INR,success,2026-03-28 22:25:36.098092+00:00
de86d37e-934d-4c6f-ade2-470c623a9fe4,da014c17-c75c-4259-ba55-d3ae0d06afd5,497792da-b4c4-4353-92eb-333b14fd28b8,30a2dd9b-7075-4c7e-ba9d-e2a486936431,604.36,INR,success,2026-04-22 08:45:27.294487+00:00
a0a47028-2e6e-4f50-8123-c0a30d21caef,da014c17-c75c-4259-ba55-d3ae0d06afd5,497792da-b4c4-4353-92eb-333b14fd28b8,30a2dd9b-7075-4c7e-ba9d-e2a486936431,1764.5,INR,success,2026-04-22 23:07:51.671132+00:00
0a8f9a11-713d-466d-94f0-abcd28079ffb,da014c17-c75c-4259-ba55-d3ae0d06afd5,497792da-b4c4-4353-92eb-333b14fd28b8,30a2dd9b-7075-4c7e-ba9d-e2a486936431,10.0,INR,success,2026-05-06 23:33:55.385166+00:00
36ec8657-fbc8-4f91-b77a-321d8e0d001f,da014c17-c75c-4259-ba55-d3ae0d06afd5,497792da-b4c4-4353-92eb-333b14fd28b8,30a2dd9b-7075-4c7e-ba9d-e2a486936431,1302.42,INR,success,2026-05-24 14:22:57.515901+00:00
078e55e4-e526-404b-bf89-e991df4fc0a0,7e2bc284-396a-459f-8f03-34714f09ddb2,cdf26d77-76b1-4b49-a89f-275bdb9b3a2f,32fb252c-658a-4c39-bca0-f8ab23d6e684,1932.39,INR,success,2026-05-13 01:29:20.983221+00:00
1c118a74-c1f0-4bfd-bb27-34266bda1a77,7e2bc284-396a-459f-8f03-34714f09ddb2,cdf26d77-76b1-4b49-a89f-275bdb9b3a2f,32fb252c-658a-4c39-bca0-f8ab23d6e684,526.47,INR,success,2026-05-23 15:08:39.506612+00:00
a0976c2c-83c8-4ecd-a347-848126cb322a,7e2bc284-396a-459f-8f03-34714f09ddb2,cdf26d77-76b1-4b49-a89f-275bdb9b3a2f,32fb252c-658a-4c39-bca0-f8ab23d6e684,1278.71,INR,success,2026-05-25 08:58:54.483077+00:00
d3977d00-e70e-44f5-aa28-7fde2c905468,7e2bc284-396a-459f-8f03-34714f09ddb2,cdf26d77-76b1-4b49-a89f-275bdb9b3a2f,32fb252c-658a-4c39-bca0-f8ab23d6e684,1511.68,INR,success,2026-05-31 02:03:14.930358+00:00
c55069c4-0576-4be0-a1ab-717cb5e189fa,fcf73390-8519-4de3-b200-668064900af8,07138f91-fb85-4f18-97ff-c509d245e68f,1f38cc1d-45b1-4723-bfbd-09d48e6d6cac,4471.76,INR,success,2026-04-11 18:07:51.551052+00:00
cf19f655-7021-4532-92df-8f0695b049ac,fcf73390-8519-4de3-b200-668064900af8,07138f91-fb85-4f18-97ff-c509d245e68f,1f38cc1d-45b1-4723-bfbd-09d48e6d6cac,10.0,INR,success,2026-04-29 06:58:17.548344+00:00
46be0d5d-41e7-4ebf-aab6-ade69a7ae000,fcf73390-8519-4de3-b200-668064900af8,07138f91-fb85-4f18-97ff-c509d245e68f,1f38cc1d-45b1-4723-bfbd-09d48e6d6cac,1445.74,INR,success,2026-04-30 13:00:33.442557+00:00
77e35c1a-a406-41e3-8e0b-99e8203284e9,4115fb19-7909-4338-8523-bd1ffbab0d65,c54d6078-8245-4d10-b7d7-40aea07512a0,1bed4cd2-8837-466c-a907-5a71e2935329,359.57,INR,success,2026-04-29 21:14:04.524804+00:00
247bf1e0-53c1-4340-b457-522ea729c723,4115fb19-7909-4338-8523-bd1ffbab0d65,c54d6078-8245-4d10-b7d7-40aea07512a0,1bed4cd2-8837-466c-a907-5a71e2935329,1155.91,INR,success,2026-04-30 17:34:33.076764+00:00
edab80af-3fa2-4803-8b17-80d5354912b3,4115fb19-7909-4338-8523-bd1ffbab0d65,c54d6078-8245-4d10-b7d7-40aea07512a0,1bed4cd2-8837-466c-a907-5a71e2935329,1086.88,INR,success,2026-05-12 11:51:47.476842+00:00
c75ac9ea-102d-40a2-b145-97a10282a53f,4115fb19-7909-4338-8523-bd1ffbab0d65,c54d6078-8245-4d10-b7d7-40aea07512a0,1bed4cd2-8837-466c-a907-5a71e2935329,1039.49,INR,success,2026-05-22 13:29:46.603646+00:00
fd20a46d-35b8-4583-9132-20206c6a4332,b82694cb-0668-4228-9cfe-15745c7cd99f,bc2d30c7-eb15-4e2a-87a3-50d541407a2a,78de1abe-96b9-4e8f-90be-de0b099d72df,2584.67,INR,success,2026-05-29 08:31:57.480707+00:00
42dc599b-44c1-46d9-a707-305c79e73c7a,b82694cb-0668-4228-9cfe-15745c7cd99f,bc2d30c7-eb15-4e2a-87a3-50d541407a2a,78de1abe-96b9-4e8f-90be-de0b099d72df,965.66,INR,success,2026-05-29 09:20:14.493208+00:00
d7fef70b-fce8-44a3-bd1d-8cbcfe1159ae,b82694cb-0668-4228-9cfe-15745c7cd99f,bc2d30c7-eb15-4e2a-87a3-50d541407a2a,78de1abe-96b9-4e8f-90be-de0b099d72df,2848.45,INR,success,2026-05-29 19:20:02.579203+00:00
a204fdb2-a1ec-416a-8a50-af6beda5c75b,e81b39c2-195b-488b-ac38-05193cf40070,9113b002-aaa3-490e-809f-41b48093cbe7,bf4b96fe-7b71-4d2b-a2e2-ef425b95e31e,520.28,INR,success,2026-05-08 00:53:14.312092+00:00
ff2444be-3c9b-4ac1-980e-8abc93d7af8d,e81b39c2-195b-488b-ac38-05193cf40070,9113b002-aaa3-490e-809f-41b48093cbe7,bf4b96fe-7b71-4d2b-a2e2-ef425b95e31e,74.82,INR,success,2026-05-10 02:03:29.761957+00:00
3018c779-2314-4e19-9d1f-cb36dc6242c1,e81b39c2-195b-488b-ac38-05193cf40070,9113b002-aaa3-490e-809f-41b48093cbe7,bf4b96fe-7b71-4d2b-a2e2-ef425b95e31e,1580.85,INR,success,2026-05-27 07:01:25.681199+00:00
c278ca20-50b4-413b-b04d-e3cfcf007a89,c587a0ae-1177-454a-94b2-7b8674f76453,9a3d17f3-7783-45b7-be3e-13bc5467b421,e51129ed-7593-493a-a4e4-951e32f36d5c,2136.02,INR,success,2026-05-05 03:30:33.322268+00:00
91d5b0ae-29d9-478e-a342-f114fd8de011,c587a0ae-1177-454a-94b2-7b8674f76453,9a3d17f3-7783-45b7-be3e-13bc5467b421,e51129ed-7593-493a-a4e4-951e32f36d5c,1586.04,INR,success,2026-05-21 21:30:17.899966+00:00
09bdfac0-c7df-4f82-bd08-41c241459322,c587a0ae-1177-454a-94b2-7b8674f76453,9a3d17f3-7783-45b7-be3e-13bc5467b421,e51129ed-7593-493a-a4e4-951e32f36d5c,1388.07,INR,success,2026-05-25 04:06:04.045904+00:00
2bee3b1a-e580-4b1a-9388-76438d6de1a7,c587a0ae-1177-454a-94b2-7b8674f76453,9a3d17f3-7783-45b7-be3e-13bc5467b421,e51129ed-7593-493a-a4e4-951e32f36d5c,874.7,INR,success,2026-05-29 08:32:56.177729+00:00
f03928b9-b9a2-4b54-a4c9-93de30c5480a,bc771b20-4207-44ea-8f0e-265f8172f5f5,e3ce3d3b-1a56-4516-b199-8d133fc56023,66362ba9-18ac-4236-a25a-8c08fea5a963,10.0,INR,success,2026-04-17 13:31:45.024433+00:00
0f02f330-8fd0-4849-81b5-d575c2505b1e,bc771b20-4207-44ea-8f0e-265f8172f5f5,e3ce3d3b-1a56-4516-b199-8d133fc56023,66362ba9-18ac-4236-a25a-8c08fea5a963,735.19,INR,success,2026-04-24 00:20:33.703689+00:00
ad9267a0-fbb0-4e85-b15b-d45278305e07,bc771b20-4207-44ea-8f0e-265f8172f5f5,e3ce3d3b-1a56-4516-b199-8d133fc56023,66362ba9-18ac-4236-a25a-8c08fea5a963,10.0,INR,success,2026-05-12 22:31:12.850020+00:00
d70f5a63-580b-45dd-bcdb-7e31b7ce0610,bec5ac6a-8f06-4971-85c2-f5885e40113b,deb1c41b-5e78-4b22-a6ef-e8dd3cbe1b79,3fef6e42-8bf9-43b8-816d-ffd97b958d9b,5448.34,INR,success,2026-04-30 07:54:37.008876+00:00
9d3df04c-aa84-473f-a55d-ae8b2f73d6d6,bec5ac6a-8f06-4971-85c2-f5885e40113b,deb1c41b-5e78-4b22-a6ef-e8dd3cbe1b79,3fef6e42-8bf9-43b8-816d-ffd97b958d9b,4031.87,INR,success,2026-05-17 12:55:42.337332+00:00
7e901b30-dda1-49fb-b104-57b94ee51699,bec5ac6a-8f06-4971-85c2-f5885e40113b,deb1c41b-5e78-4b22-a6ef-e8dd3cbe1b79,3fef6e42-8bf9-43b8-816d-ffd97b958d9b,6117.68,INR,success,2026-05-20 11:02:16.250610+00:00
ad1db916-3fd0-4691-8f3d-288a033c3fab,99e939a0-2118-4820-8425-3249fb6b1cb3,86620064-30f7-40d8-b474-0fd69da6f6f1,5da76988-dbdf-4f28-9397-79e853c0eb37,2179.51,INR,success,2026-05-30 06:47:47.905766+00:00
9618cc38-0564-4019-93cb-1ef2c65e02de,99e939a0-2118-4820-8425-3249fb6b1cb3,86620064-30f7-40d8-b474-0fd69da6f6f1,5da76988-dbdf-4f28-9397-79e853c0eb37,4778.87,INR,success,2026-05-31 23:42:05.806903+00:00
3a301e9d-d02d-4eaf-bcbe-ee6f8e2abc5d,8606d22b-43c0-480d-a5a9-26a4a2e03ef8,1bc06c71-bf39-43b7-9a20-d042a02f501a,a4eafa52-9a87-4eb9-a141-0750406cb876,2520.6,INR,success,2026-03-22 05:41:18.627712+00:00
0863eb55-5345-429b-bcce-3122f5accf41,8606d22b-43c0-480d-a5a9-26a4a2e03ef8,1bc06c71-bf39-43b7-9a20-d042a02f501a,a4eafa52-9a87-4eb9-a141-0750406cb876,2287.46,INR,success,2026-03-28 01:51:50.731385+00:00
c9112805-7558-4fd9-b723-e5d8022bfa7a,8606d22b-43c0-480d-a5a9-26a4a2e03ef8,1bc06c71-bf39-43b7-9a20-d042a02f501a,a4eafa52-9a87-4eb9-a141-0750406cb876,2172.4,INR,success,2026-04-19 19:19:54.717589+00:00
d59b08fe-fba7-4c47-b871-0f07afd15f07,8606d22b-43c0-480d-a5a9-26a4a2e03ef8,1bc06c71-bf39-43b7-9a20-d042a02f501a,a4eafa52-9a87-4eb9-a141-0750406cb876,10.0,INR,success,2026-05-05 10:13:07.129014+00:00
c8f4842a-bd22-440a-a0e1-cc06e805eda9,8606d22b-43c0-480d-a5a9-26a4a2e03ef8,1bc06c71-bf39-43b7-9a20-d042a02f501a,a4eafa52-9a87-4eb9-a141-0750406cb876,2096.7,INR,success,2026-05-11 22:25:50.481052+00:00
88ad2197-aa8d-42d1-8d48-9786a68cf66c,d3ac0b56-44fe-4c31-bc8c-c4040cb964c1,38a84c70-eb64-4a4f-9033-6e6b3c53f1ae,4bf02c1b-4b44-45ad-b0f5-939b5447d2dd,5678.62,INR,success,2026-05-27 11:51:05.468520+00:00
1a0ea703-e815-4199-bec0-49cee100138d,d3ac0b56-44fe-4c31-bc8c-c4040cb964c1,38a84c70-eb64-4a4f-9033-6e6b3c53f1ae,4bf02c1b-4b44-45ad-b0f5-939b5447d2dd,1691.91,INR,success,2026-05-27 15:19:15.097376+00:00
31ba3bb2-4467-4094-951b-5c8ab38e6eb7,d3ac0b56-44fe-4c31-bc8c-c4040cb964c1,38a84c70-eb64-4a4f-9033-6e6b3c53f1ae,4bf02c1b-4b44-45ad-b0f5-939b5447d2dd,2425.27,INR,success,2026-05-30 05:54:20.470596+00:00
faf9274c-3376-4765-a8ec-ec4bf0f54175,d3ac0b56-44fe-4c31-bc8c-c4040cb964c1,38a84c70-eb64-4a4f-9033-6e6b3c53f1ae,4bf02c1b-4b44-45ad-b0f5-939b5447d2dd,3373.98,INR,success,2026-05-30 10:24:33.744939+00:00
b67bd953-36c4-496b-8581-e846a5e0786f,d3ac0b56-44fe-4c31-bc8c-c4040cb964c1,38a84c70-eb64-4a4f-9033-6e6b3c53f1ae,4bf02c1b-4b44-45ad-b0f5-939b5447d2dd,1928.02,INR,success,2026-05-31 10:20:20.168190+00:00
fd8b3574-91e0-4db2-8bd3-a17e92d17773,a1f70f09-a686-4aea-9996-8cc80aa8aff0,4bbc6fe1-68cb-4a7d-a870-197f7b141b9d,6315b69a-c8a7-4bd7-b3ae-90649e8066d0,765.18,INR,success,2026-04-19 05:43:02.931292+00:00
98ae1a33-d6ed-4f37-b896-f679a6cfb162,a1f70f09-a686-4aea-9996-8cc80aa8aff0,4bbc6fe1-68cb-4a7d-a870-197f7b141b9d,6315b69a-c8a7-4bd7-b3ae-90649e8066d0,2870.88,INR,success,2026-04-30 13:21:16.243464+00:00
8db67a3e-6df1-43b3-9639-54b23d345c0a,f93ce6c6-2b92-4ee9-bed3-eda21873ecef,0624e69e-830d-4202-88e5-daab81cea589,87d005b6-c191-4a39-9664-c3338fa66f9b,3156.27,INR,success,2026-05-08 10:54:42.969231+00:00
5e457d99-9238-486a-881f-e0af49402d9a,f93ce6c6-2b92-4ee9-bed3-eda21873ecef,0624e69e-830d-4202-88e5-daab81cea589,87d005b6-c191-4a39-9664-c3338fa66f9b,1594.9,INR,success,2026-05-13 01:25:46.141996+00:00
fc862381-eaf6-433d-91fb-4f25da944c27,f93ce6c6-2b92-4ee9-bed3-eda21873ecef,0624e69e-830d-4202-88e5-daab81cea589,87d005b6-c191-4a39-9664-c3338fa66f9b,2216.83,INR,success,2026-05-16 05:23:43.399976+00:00
ce0d70ba-76b7-42c3-80b5-f6a95501a580,f93ce6c6-2b92-4ee9-bed3-eda21873ecef,0624e69e-830d-4202-88e5-daab81cea589,87d005b6-c191-4a39-9664-c3338fa66f9b,2832.8,INR,success,2026-05-29 15:21:52.743197+00:00
36e2da6e-6562-4936-a609-e2d0c326eb80,8da73bb9-525c-4edd-9ec6-9e7d808a6417,ef9c0992-7923-416b-be1d-274472147595,fff0ff33-981e-4344-9ba4-a968dfd123db,2012.94,INR,success,2026-04-06 09:01:21.596902+00:00
52ec4d30-856a-48e9-b241-a200914b965b,71a43a93-80a6-4a71-8c11-7076d0d1707f,8396f976-4e65-474b-8a4b-5b606ee4a1d0,9b239129-ef3e-44d6-8155-a9b9b4d5759d,1858.36,INR,success,2026-03-13 14:46:17.821613+00:00
4a19b953-c232-4884-8b44-817c23ad3e2e,71a43a93-80a6-4a71-8c11-7076d0d1707f,8396f976-4e65-474b-8a4b-5b606ee4a1d0,9b239129-ef3e-44d6-8155-a9b9b4d5759d,1081.08,INR,success,2026-03-25 11:25:12.648374+00:00
4999f62e-b56a-4558-a3e2-3b373e96a8c1,71a43a93-80a6-4a71-8c11-7076d0d1707f,8396f976-4e65-474b-8a4b-5b606ee4a1d0,9b239129-ef3e-44d6-8155-a9b9b4d5759d,978.06,INR,success,2026-04-19 20:26:09.309826+00:00
b3fc3312-d37a-4b66-aa58-286f6349445b,71a43a93-80a6-4a71-8c11-7076d0d1707f,8396f976-4e65-474b-8a4b-5b606ee4a1d0,9b239129-ef3e-44d6-8155-a9b9b4d5759d,852.76,INR,success,2026-04-26 03:51:41.564087+00:00
32baead8-be9f-4113-952e-7db5072fb1f3,9f0e7fbd-82c6-4fd5-b11a-4c87b0ba9e0f,b1716287-87f0-4486-99fc-0259cd6c99ef,9ec9e95f-db99-4447-afd3-6d96001c42a7,1096.6,INR,success,2026-04-30 04:58:59.618453+00:00
9a02a22b-aa13-4b5e-b0d8-d80d6a8bc884,9f0e7fbd-82c6-4fd5-b11a-4c87b0ba9e0f,b1716287-87f0-4486-99fc-0259cd6c99ef,9ec9e95f-db99-4447-afd3-6d96001c42a7,289.24,INR,success,2026-05-11 17:07:26.480906+00:00
32257799-5e56-494d-9c33-3132fa2027fc,9f0e7fbd-82c6-4fd5-b11a-4c87b0ba9e0f,b1716287-87f0-4486-99fc-0259cd6c99ef,9ec9e95f-db99-4447-afd3-6d96001c42a7,1159.82,INR,success,2026-05-28 00:36:03.695900+00:00
2ab6b0e1-ecf5-4b2d-a916-214e28a140da,cb1685f5-0596-46f8-8cc8-c76e0f67c676,8c14d003-719f-48e4-a4ac-24a626b4bbbc,24aa2353-d3e1-43f3-862a-7e0fbe5606b1,596.1,INR,success,2026-04-28 22:57:20.746645+00:00
23ca243b-b183-4579-9cd9-1701dc7a3f28,cb1685f5-0596-46f8-8cc8-c76e0f67c676,8c14d003-719f-48e4-a4ac-24a626b4bbbc,24aa2353-d3e1-43f3-862a-7e0fbe5606b1,215.02,INR,success,2026-05-09 07:24:21.608487+00:00
e549c736-9c2f-437b-9e3d-0fb022fa8b1a,cb1685f5-0596-46f8-8cc8-c76e0f67c676,8c14d003-719f-48e4-a4ac-24a626b4bbbc,24aa2353-d3e1-43f3-862a-7e0fbe5606b1,515.94,INR,success,2026-05-27 12:04:54.587695+00:00
af353a3e-604d-48ec-a343-852ab53006ad,cb1685f5-0596-46f8-8cc8-c76e0f67c676,8c14d003-719f-48e4-a4ac-24a626b4bbbc,24aa2353-d3e1-43f3-862a-7e0fbe5606b1,502.11,INR,success,2026-05-28 03:07:43.111331+00:00
17ca7117-d76c-49bf-954e-277567f3beb2,cb1685f5-0596-46f8-8cc8-c76e0f67c676,8c14d003-719f-48e4-a4ac-24a626b4bbbc,24aa2353-d3e1-43f3-862a-7e0fbe5606b1,430.63,INR,success,2026-05-28 21:45:45.051424+00:00
25efeb93-c1ab-4f18-bea8-d32e38c2801e,40001306-4301-4283-a780-fa5111947e5d,7f1bb6fe-cd08-473c-a705-c6370049fc9f,189ef318-1e24-4823-8573-0f6b91cdcbfc,4597.39,INR,success,2026-04-19 04:02:26.215635+00:00
3b8f7a48-23a8-4bea-81f9-094c8284e7d5,40001306-4301-4283-a780-fa5111947e5d,7f1bb6fe-cd08-473c-a705-c6370049fc9f,189ef318-1e24-4823-8573-0f6b91cdcbfc,3667.11,INR,success,2026-04-23 21:22:08.104080+00:00
b3cce379-479e-46f7-ae97-97271ba3e742,40001306-4301-4283-a780-fa5111947e5d,7f1bb6fe-cd08-473c-a705-c6370049fc9f,189ef318-1e24-4823-8573-0f6b91cdcbfc,2736.63,INR,success,2026-04-24 21:28:17.393847+00:00
61c7f085-c5e2-42d9-a47a-05caac008090,40001306-4301-4283-a780-fa5111947e5d,7f1bb6fe-cd08-473c-a705-c6370049fc9f,189ef318-1e24-4823-8573-0f6b91cdcbfc,10.0,INR,success,2026-04-30 18:42:50.857697+00:00
7ebfe251-e6ac-426e-9d43-8043f7a48118,40001306-4301-4283-a780-fa5111947e5d,7f1bb6fe-cd08-473c-a705-c6370049fc9f,189ef318-1e24-4823-8573-0f6b91cdcbfc,1994.29,INR,success,2026-05-12 17:19:49.898076+00:00
dfff88e8-4220-4e7d-8ab5-a9aa159b4a96,84120a68-5d7b-4b77-af4c-efaa62a54717,7b6dd47a-9f73-44b9-8b73-42f7a6338287,8f5d4d9b-4910-4a9e-b01a-8f665e09860b,4008.05,INR,success,2026-05-11 07:40:23.477257+00:00
258474a4-0155-46bd-b6b1-b3ff899d38df,3737c5aa-2f4a-4483-b725-f176771ab673,bba33145-6339-40ad-9931-5da4b836c104,777963d0-0b3f-47a3-94b3-b92ef91ed0cb,2521.9,INR,success,2026-05-05 10:47:19.328479+00:00
c2a2b312-e292-4391-b868-b1957701b252,04e9159a-a046-4651-ba1b-454e1686abca,b5e65124-2253-4d4d-b7bf-a023eec73fcd,234bedb0-19c3-41c2-9b60-17b19fb8c179,462.85,INR,success,2026-04-16 07:54:21.566431+00:00
21d5dd68-965c-41e4-94ff-4b22c1010d11,04e9159a-a046-4651-ba1b-454e1686abca,b5e65124-2253-4d4d-b7bf-a023eec73fcd,234bedb0-19c3-41c2-9b60-17b19fb8c179,520.38,INR,success,2026-05-10 00:34:53.746606+00:00
6d4c4852-c29c-4baf-9f1d-9c462d696c4d,04e9159a-a046-4651-ba1b-454e1686abca,b5e65124-2253-4d4d-b7bf-a023eec73fcd,234bedb0-19c3-41c2-9b60-17b19fb8c179,592.47,INR,success,2026-05-31 16:16:58.617073+00:00
c3d6de23-73dc-4e13-9d37-baf22c9f3d1a,743a0788-0ca6-48da-a166-23a873c8e36a,f81a600a-7385-4acd-8108-5ea4dd50c4f5,3fa4b1b2-6d20-40ff-8305-87e472d8c9b7,1595.25,INR,success,2026-04-18 13:34:11.837611+00:00
510d590e-60e2-4f8d-adf8-15c64b4f8ced,743a0788-0ca6-48da-a166-23a873c8e36a,f81a600a-7385-4acd-8108-5ea4dd50c4f5,3fa4b1b2-6d20-40ff-8305-87e472d8c9b7,10.0,INR,success,2026-05-01 09:00:41.398402+00:00
6a70e20a-37f2-42d9-a212-748a5f8a2b59,743a0788-0ca6-48da-a166-23a873c8e36a,f81a600a-7385-4acd-8108-5ea4dd50c4f5,3fa4b1b2-6d20-40ff-8305-87e472d8c9b7,1039.2,INR,success,2026-05-02 18:35:08.893619+00:00
3812e045-f22f-4bc4-a133-afad16776226,743a0788-0ca6-48da-a166-23a873c8e36a,f81a600a-7385-4acd-8108-5ea4dd50c4f5,3fa4b1b2-6d20-40ff-8305-87e472d8c9b7,1381.18,INR,success,2026-05-26 02:51:51.168675+00:00
985b1db0-4544-442d-afc2-d8561a4402ad,2808d813-a2bc-440d-80db-5dcbe4decb3b,1a1f314a-05dd-4add-8054-5f41a64432b4,9084d7f9-bab9-4e67-9670-961ba47501f9,604.6,INR,success,2026-05-24 10:28:36.000750+00:00
f74d46da-f317-4599-959b-9eaa713c02cf,4d885d93-083d-4626-ab1d-a91609b00803,fc7e4301-8da2-465d-b3a2-4858a2072353,58f5e3c7-cc70-404b-997b-ebc5d5751344,2458.96,INR,success,2026-04-07 15:19:37.181558+00:00
73093b94-3b8d-4032-a780-9129b556474a,4d44c38e-1b37-4c10-a375-bebf5902b99e,7cea3fd1-b00c-4e91-aee3-06a306a23727,40aa01c1-fd0c-4ee0-82c2-6dc418c98267,2352.48,INR,success,2026-05-30 08:11:01.319324+00:00
4c2b4954-f12a-43e4-9613-6356f2dbfd40,4d44c38e-1b37-4c10-a375-bebf5902b99e,7cea3fd1-b00c-4e91-aee3-06a306a23727,40aa01c1-fd0c-4ee0-82c2-6dc418c98267,10.0,INR,success,2026-05-31 05:35:51.249004+00:00
930191fb-6d6f-43e7-90c3-50bccc650301,51bf4f59-4494-4f85-88e3-8597f225489d,e987e432-4558-44cb-a440-b3d09faaec74,ee50a08e-9256-43a3-b7b9-2c5c30a25175,2634.2,INR,success,2026-05-01 01:02:02.463139+00:00
a247e742-9efe-4beb-becf-e48da72fe089,51bf4f59-4494-4f85-88e3-8597f225489d,e987e432-4558-44cb-a440-b3d09faaec74,ee50a08e-9256-43a3-b7b9-2c5c30a25175,883.1,INR,success,2026-05-01 20:41:33.430193+00:00
4f5a2e2e-0860-4655-a0bd-2ee1e3197365,51bf4f59-4494-4f85-88e3-8597f225489d,e987e432-4558-44cb-a440-b3d09faaec74,ee50a08e-9256-43a3-b7b9-2c5c30a25175,1462.86,INR,success,2026-05-03 10:44:30.697460+00:00
1b7b4bef-bd3f-4061-aa3e-28537cbbdf6a,9ddd5213-314b-41b7-b1f6-63c51ca1c83d,621b0f72-38e4-4bea-bd60-556bb4108c7f,2efbdf91-2c76-4e22-a9a4-67111650cd61,3318.02,INR,success,2026-04-18 02:13:17.944481+00:00
8394e2c9-f59c-40a6-9e93-c26b42fc62c5,ce9314ca-8380-49e8-96b5-2fd25c9f3b93,66172782-361f-4302-91ad-e7ca373404cf,d8521157-6994-4966-b708-a8a1c2f582c6,6725.22,INR,success,2026-05-14 23:09:05.074868+00:00
64e08bb1-9739-4eb2-a6f2-0c48148456a1,ce9314ca-8380-49e8-96b5-2fd25c9f3b93,66172782-361f-4302-91ad-e7ca373404cf,d8521157-6994-4966-b708-a8a1c2f582c6,7295.55,INR,success,2026-05-28 04:39:40.532151+00:00
dec29a9f-5430-4527-af2f-593f94463b9d,c3710d6e-a2f4-474d-b07e-b65e94b2701d,f5369b05-1663-4bd1-9975-25c514bf6b7a,854ee1e3-b4fc-4227-8c17-a3af0087c331,1962.54,INR,success,2026-05-26 22:01:31.867467+00:00
056983f2-4ade-4165-a6a0-581c4c9722d4,c3710d6e-a2f4-474d-b07e-b65e94b2701d,f5369b05-1663-4bd1-9975-25c514bf6b7a,854ee1e3-b4fc-4227-8c17-a3af0087c331,10.0,INR,success,2026-05-27 06:50:11.853733+00:00
2e4495f8-85ef-42eb-a283-d4f37269142a,c3710d6e-a2f4-474d-b07e-b65e94b2701d,f5369b05-1663-4bd1-9975-25c514bf6b7a,854ee1e3-b4fc-4227-8c17-a3af0087c331,10.0,INR,success,2026-05-30 09:48:34.876848+00:00
e2051ae6-caa1-4d6d-bf62-4630373284f6,c3710d6e-a2f4-474d-b07e-b65e94b2701d,f5369b05-1663-4bd1-9975-25c514bf6b7a,854ee1e3-b4fc-4227-8c17-a3af0087c331,1446.56,INR,success,2026-05-31 18:47:50.480420+00:00
0f25d52a-59d6-4fd8-97d1-98edccc20d6c,26820f8a-2bb8-49ad-8d67-d62c5e93d317,71181f37-0792-4f63-9c24-a9045892b18a,cafa377a-1311-4d20-bbac-63b5260728c2,987.84,INR,success,2026-05-08 13:09:34.575139+00:00
da8297ea-19ed-4b51-b148-022d9a549ec6,26820f8a-2bb8-49ad-8d67-d62c5e93d317,71181f37-0792-4f63-9c24-a9045892b18a,cafa377a-1311-4d20-bbac-63b5260728c2,762.54,INR,success,2026-05-17 00:53:02.805982+00:00
81f15d50-5438-423f-93ac-0c0e290763c7,26820f8a-2bb8-49ad-8d67-d62c5e93d317,71181f37-0792-4f63-9c24-a9045892b18a,cafa377a-1311-4d20-bbac-63b5260728c2,687.93,INR,success,2026-05-19 06:15:42.410722+00:00
8532d982-caeb-4bc9-8981-051690cdd78b,8b8e8545-b968-4f8c-a79a-56e77c833eb7,c482c6da-450c-4e40-9620-23f9d8bca2d5,5c338c2a-ab4b-4f0a-b320-b999e0a8cb63,524.11,INR,success,2026-04-06 13:48:30.090055+00:00
1e0af142-a2c8-4149-a804-e8f5305c17c7,8b8e8545-b968-4f8c-a79a-56e77c833eb7,c482c6da-450c-4e40-9620-23f9d8bca2d5,5c338c2a-ab4b-4f0a-b320-b999e0a8cb63,821.85,INR,success,2026-05-05 06:06:22.873591+00:00
6c01c1ae-df82-4353-b096-597ebbc2698b,8b8e8545-b968-4f8c-a79a-56e77c833eb7,c482c6da-450c-4e40-9620-23f9d8bca2d5,5c338c2a-ab4b-4f0a-b320-b999e0a8cb63,524.82,INR,success,2026-05-24 14:31:13.367111+00:00
b6db5ada-a422-4a7e-ae96-2ec2a0482c44,8b8e8545-b968-4f8c-a79a-56e77c833eb7,c482c6da-450c-4e40-9620-23f9d8bca2d5,5c338c2a-ab4b-4f0a-b320-b999e0a8cb63,668.37,INR,success,2026-05-28 02:23:19.491528+00:00
1bee77c3-df33-4def-bb3a-1d0c943fe834,c5eafb67-b133-4f3f-8692-80d1e1951400,6712c22d-012e-46e9-9898-3a2829f52f0d,7caaef1b-0e48-43cf-af26-65fe7d505ab8,4502.45,INR,success,2026-05-01 23:57:27.901272+00:00
10b8e6a1-e787-4555-850c-f6b7aa8bc151,c5eafb67-b133-4f3f-8692-80d1e1951400,6712c22d-012e-46e9-9898-3a2829f52f0d,7caaef1b-0e48-43cf-af26-65fe7d505ab8,2674.1,INR,success,2026-05-05 04:43:37.259972+00:00
19b85233-af48-4363-83a9-d2ec08deefcc,c5eafb67-b133-4f3f-8692-80d1e1951400,6712c22d-012e-46e9-9898-3a2829f52f0d,7caaef1b-0e48-43cf-af26-65fe7d505ab8,2538.74,INR,success,2026-05-05 09:26:12.688329+00:00
79a65559-24ee-4a48-bf14-46b7b393a528,c5eafb67-b133-4f3f-8692-80d1e1951400,6712c22d-012e-46e9-9898-3a2829f52f0d,7caaef1b-0e48-43cf-af26-65fe7d505ab8,2551.09,INR,success,2026-05-20 20:43:25.545455+00:00
6b7da488-b1c9-4ead-9b2a-d81579679f94,433428ad-16dc-47de-8208-9932fde632c8,77e9a227-0b8b-44cf-9a45-51f488a87854,aef0e4e2-fedf-4f52-bbc0-15e0274dfedc,1924.7,INR,success,2026-05-26 09:12:15.022811+00:00
8d809519-2a22-4a26-a6f2-62604dead21f,433428ad-16dc-47de-8208-9932fde632c8,77e9a227-0b8b-44cf-9a45-51f488a87854,aef0e4e2-fedf-4f52-bbc0-15e0274dfedc,2218.85,INR,success,2026-05-26 10:51:34.852497+00:00
e5ed68fa-a905-48a7-87ec-7f963d6d44e3,433428ad-16dc-47de-8208-9932fde632c8,77e9a227-0b8b-44cf-9a45-51f488a87854,aef0e4e2-fedf-4f52-bbc0-15e0274dfedc,1855.96,INR,success,2026-05-26 19:14:55.486150+00:00
e29db86b-f99c-4039-8113-f4d6a2375397,433428ad-16dc-47de-8208-9932fde632c8,77e9a227-0b8b-44cf-9a45-51f488a87854,aef0e4e2-fedf-4f52-bbc0-15e0274dfedc,4278.25,INR,success,2026-05-31 17:57:39.124457+00:00
47494b63-3521-4989-8286-64187740b6b9,718e8541-98d4-4752-b4a3-3bd44460c8b2,7d46f6da-b277-442a-ada9-384c5d5495f9,e4e776df-37aa-4b4a-b979-43ec69899d37,179.63,INR,success,2026-05-26 08:24:21.306283+00:00
c08b6fd7-dc12-44ff-b75f-b9c00d84b998,718e8541-98d4-4752-b4a3-3bd44460c8b2,7d46f6da-b277-442a-ada9-384c5d5495f9,e4e776df-37aa-4b4a-b979-43ec69899d37,486.75,INR,success,2026-05-29 05:18:11.518122+00:00
9e7e754e-3e0b-4773-b42d-5d2dd47560a7,2cd884d1-db3a-4776-84e3-de0eb5c76432,c739069d-3616-4d6c-b8cf-cd4e337aa2a0,7779c430-696c-4cd3-ab40-1952a9e91462,861.65,INR,success,2026-04-19 02:50:25.632681+00:00
1e601910-7bfd-400c-a579-e7390f5d5f3f,2cd884d1-db3a-4776-84e3-de0eb5c76432,c739069d-3616-4d6c-b8cf-cd4e337aa2a0,7779c430-696c-4cd3-ab40-1952a9e91462,1428.31,INR,success,2026-05-13 15:44:15.077510+00:00
136df7d8-e24e-4d37-9c5c-691fe02bde20,2cd884d1-db3a-4776-84e3-de0eb5c76432,c739069d-3616-4d6c-b8cf-cd4e337aa2a0,7779c430-696c-4cd3-ab40-1952a9e91462,2088.24,INR,success,2026-05-28 16:35:22.761743+00:00
beffccd3-dafc-4a55-994b-d99912fe6a36,5a9cc69a-f24b-4f79-800c-1d5fee0fb828,2b69671e-945e-472a-95c4-31dcc12ac562,dd0e5bb3-e02a-4fc5-a7d4-413bff17e302,4432.44,INR,success,2026-04-30 11:52:30.046606+00:00
b004d9f8-5306-4986-99f3-56eab15931c0,5a9cc69a-f24b-4f79-800c-1d5fee0fb828,2b69671e-945e-472a-95c4-31dcc12ac562,dd0e5bb3-e02a-4fc5-a7d4-413bff17e302,5710.71,INR,success,2026-05-02 09:37:53.450804+00:00
f1acfef1-d0a1-4660-8094-32ae3d7d0350,5a9cc69a-f24b-4f79-800c-1d5fee0fb828,2b69671e-945e-472a-95c4-31dcc12ac562,dd0e5bb3-e02a-4fc5-a7d4-413bff17e302,3286.5,INR,success,2026-05-08 05:07:16.223265+00:00
b0796073-483f-4e19-8408-da216d49c5ad,5a9cc69a-f24b-4f79-800c-1d5fee0fb828,2b69671e-945e-472a-95c4-31dcc12ac562,dd0e5bb3-e02a-4fc5-a7d4-413bff17e302,4830.77,INR,success,2026-05-12 20:55:20.913573+00:00
5be4b070-a9d0-4e4c-994e-5c67e02ebe38,5a9cc69a-f24b-4f79-800c-1d5fee0fb828,2b69671e-945e-472a-95c4-31dcc12ac562,dd0e5bb3-e02a-4fc5-a7d4-413bff17e302,1404.73,INR,success,2026-05-22 13:38:56.265852+00:00
0fcf481b-3cb6-43da-8490-df08d69eb496,5ded7873-b7ea-4957-9b87-df202f924e63,1acafb11-29b8-4cca-a51c-92839832f933,c268d1de-4b43-41f6-a425-f243b7048ebd,3909.26,INR,success,2026-05-17 06:51:23.792372+00:00
d63a307e-1153-41e0-bdaf-99f007d12da8,5ded7873-b7ea-4957-9b87-df202f924e63,1acafb11-29b8-4cca-a51c-92839832f933,c268d1de-4b43-41f6-a425-f243b7048ebd,1929.06,INR,success,2026-05-23 17:08:50.774656+00:00
82d68be7-0793-4e03-b2f0-90439ee3a169,b14bfbe0-8b3f-4c2e-b888-c21076b17cb0,c6e276bb-f09e-4ca2-b7c5-b9bd15381325,c26180a6-060f-4d3e-94f6-ee0ab8fd890f,2443.55,INR,success,2026-04-24 16:58:59.219359+00:00
5057940c-148c-44a0-985f-971def318bbb,b14bfbe0-8b3f-4c2e-b888-c21076b17cb0,c6e276bb-f09e-4ca2-b7c5-b9bd15381325,c26180a6-060f-4d3e-94f6-ee0ab8fd890f,1767.74,INR,success,2026-04-28 01:53:10.373199+00:00
034c8baf-3b68-4762-b578-db661de02f44,b14bfbe0-8b3f-4c2e-b888-c21076b17cb0,c6e276bb-f09e-4ca2-b7c5-b9bd15381325,c26180a6-060f-4d3e-94f6-ee0ab8fd890f,3039.17,INR,success,2026-04-29 07:18:53.161594+00:00
5f976d9b-8b4e-4cea-99f9-b0bcb84686c8,653eafb9-7a71-4962-ba45-e521d9683f02,5eb89cd2-37c6-498e-8ba2-79579c1de3d2,05c866c5-e229-41fc-8d73-c4e83672b39e,468.79,INR,success,2026-05-29 23:48:41.417599+00:00
f71d406f-c919-44b2-b150-048115438e9f,653eafb9-7a71-4962-ba45-e521d9683f02,5eb89cd2-37c6-498e-8ba2-79579c1de3d2,05c866c5-e229-41fc-8d73-c4e83672b39e,3164.92,INR,success,2026-05-30 18:07:12.737940+00:00
650e8139-6598-4d88-8329-8839005cc69d,653eafb9-7a71-4962-ba45-e521d9683f02,5eb89cd2-37c6-498e-8ba2-79579c1de3d2,05c866c5-e229-41fc-8d73-c4e83672b39e,2527.08,INR,success,2026-05-30 23:40:43.650529+00:00
b3c595dd-9230-4053-b64b-bfc17be9a858,a4fe156d-221e-4ee0-9963-7b4308297557,a3583cae-4c02-4866-b268-3e503e17d10e,1e29ca8f-0b9a-4b8e-a2bb-1ac7c4d6f4da,4277.55,INR,success,2026-05-22 13:08:33.486455+00:00
4585f273-1740-4f8c-bf29-4b9b80613ad6,a4fe156d-221e-4ee0-9963-7b4308297557,a3583cae-4c02-4866-b268-3e503e17d10e,1e29ca8f-0b9a-4b8e-a2bb-1ac7c4d6f4da,2583.2,INR,success,2026-05-23 18:57:47.323349+00:00
5a1100c7-702f-431d-be98-4a2a32ef4d0d,e77d71e5-812a-4ccb-a3c3-9151c55ee1d7,d07ae6bb-48d4-4089-9308-d43d66e3ef15,7c1ac77b-e5d3-470b-b924-f6b8a7d10dcf,775.43,INR,success,2026-05-05 23:44:30.376512+00:00
f442dd76-2403-4ac0-84d9-8aa40fa4a078,58d27cea-2386-4f01-b850-17eda5d8ac5d,501ed6bb-becd-4ba9-84f0-3cc5168acb24,87a91aac-d22b-4915-acbe-76cd7b42f016,427.6,INR,success,2026-05-31 08:20:13.319274+00:00
f00e2270-2f88-4e16-a466-9168917e76ed,d2193a87-abde-4e7a-a854-77063ad88890,9a51a75e-3bd5-4331-bc87-c20190d4e2ee,eacad386-253d-450f-b3b7-94c1dfd1a27c,376.92,INR,success,2026-05-10 21:08:13.202250+00:00
1d437ec1-407b-42be-8f3f-470d7ad664e4,b24fbd27-d2ea-4940-ab53-90870929eced,3127afe6-03b1-4800-a3ed-1a343204b066,362c5cb0-b935-40c7-bb5c-259cec40dccb,599.46,INR,success,2026-05-21 00:41:32.363120+00:00
f2aaaa00-a60e-4c89-bea8-455ee10bf889,b24fbd27-d2ea-4940-ab53-90870929eced,3127afe6-03b1-4800-a3ed-1a343204b066,362c5cb0-b935-40c7-bb5c-259cec40dccb,10.0,INR,success,2026-05-21 16:01:29.705478+00:00
901d0c87-6878-4440-a68d-08f86ac46ed0,b24fbd27-d2ea-4940-ab53-90870929eced,3127afe6-03b1-4800-a3ed-1a343204b066,362c5cb0-b935-40c7-bb5c-259cec40dccb,434.42,INR,success,2026-05-24 02:46:09.571333+00:00
a42b60c1-cdd1-4b55-a2e6-b7b3e674b8d4,b24fbd27-d2ea-4940-ab53-90870929eced,3127afe6-03b1-4800-a3ed-1a343204b066,362c5cb0-b935-40c7-bb5c-259cec40dccb,440.56,INR,success,2026-05-26 13:39:26.516762+00:00
285f3acd-ccc2-49de-b28a-38b264830d03,b24fbd27-d2ea-4940-ab53-90870929eced,3127afe6-03b1-4800-a3ed-1a343204b066,362c5cb0-b935-40c7-bb5c-259cec40dccb,661.95,INR,success,2026-05-29 13:54:10.623187+00:00
8c667b58-c05c-416d-bd99-3c4bfdcb4026,4ff59db2-ff42-4e9c-ba70-17a32e143c8a,33cbfa1e-ce55-42fd-bd50-d0d72674b853,4302f2ee-ccef-496a-a2a1-ce286e7811a2,920.33,INR,success,2026-05-29 20:08:04.911587+00:00
aba3879e-91f1-4aca-9681-df399802e700,fb3315a1-9afd-4de1-8f2d-109c2aa8e74a,7166019f-3074-418b-8aff-cf672af49e29,06872153-b845-4bcb-a866-330a44766db3,2391.37,INR,success,2026-04-24 06:29:25.571407+00:00
f3ddf860-2d7f-4c74-9ee6-323fc172cfbc,fb3315a1-9afd-4de1-8f2d-109c2aa8e74a,7166019f-3074-418b-8aff-cf672af49e29,06872153-b845-4bcb-a866-330a44766db3,1743.81,INR,success,2026-04-26 14:56:58.022544+00:00
ec989fd7-654a-40eb-9f84-0b5e7b94d40e,fb3315a1-9afd-4de1-8f2d-109c2aa8e74a,7166019f-3074-418b-8aff-cf672af49e29,06872153-b845-4bcb-a866-330a44766db3,1368.29,INR,success,2026-05-02 13:35:38.916063+00:00
b182c4d5-7a0e-4874-93e2-dc81602abc49,7294b8f5-9209-4461-93c5-97ba1d44ffff,b35d0cf6-41d1-4558-b753-2e955fe9828f,57cbe1bb-73a3-40d6-9685-8b3329b0559a,1366.16,INR,success,2026-03-23 03:25:57.147598+00:00
6a4c95f3-61fd-43ab-bfbe-b647724cc532,7294b8f5-9209-4461-93c5-97ba1d44ffff,b35d0cf6-41d1-4558-b753-2e955fe9828f,57cbe1bb-73a3-40d6-9685-8b3329b0559a,451.03,INR,success,2026-04-23 04:28:51.130747+00:00
107743b7-a7e0-4440-bde3-016a3d1337b8,7294b8f5-9209-4461-93c5-97ba1d44ffff,b35d0cf6-41d1-4558-b753-2e955fe9828f,57cbe1bb-73a3-40d6-9685-8b3329b0559a,388.7,INR,success,2026-05-02 18:50:13.082886+00:00
11d9638e-0a67-4c17-a0a3-b9b9c9719cd3,7294b8f5-9209-4461-93c5-97ba1d44ffff,b35d0cf6-41d1-4558-b753-2e955fe9828f,57cbe1bb-73a3-40d6-9685-8b3329b0559a,832.99,INR,success,2026-05-03 20:00:15.692668+00:00
cd2ab4c9-2a5b-4170-8e26-11c8e947837f,7294b8f5-9209-4461-93c5-97ba1d44ffff,b35d0cf6-41d1-4558-b753-2e955fe9828f,57cbe1bb-73a3-40d6-9685-8b3329b0559a,765.56,INR,success,2026-05-29 11:15:34.423211+00:00
c4dbab37-8f8a-43e4-a983-92a173fa4dff,64ab404f-ff10-4b79-bbbc-91156e0aef4c,a99aa9c8-fce7-43b0-909f-d519e72f6740,e9e2765f-6da4-4c6a-a5c6-bb23f1ddd4f7,1272.89,INR,success,2026-05-23 20:57:47.274001+00:00
f5170aef-b87f-477f-b499-1342563269b0,b247ccc6-029c-4b06-acee-bbd6cdff97f5,8624ec3d-855c-43a4-ad20-427eb0d6e238,7d231e43-1bdd-4659-8adb-e309b54dac51,855.4,INR,success,2026-03-11 02:01:55.277659+00:00
f77325e0-3da5-4772-a288-5b688e9b816c,b247ccc6-029c-4b06-acee-bbd6cdff97f5,8624ec3d-855c-43a4-ad20-427eb0d6e238,7d231e43-1bdd-4659-8adb-e309b54dac51,1124.24,INR,success,2026-03-24 08:29:54.227041+00:00
023d5986-d8ce-40ef-8a6b-4593f9c6440b,b247ccc6-029c-4b06-acee-bbd6cdff97f5,8624ec3d-855c-43a4-ad20-427eb0d6e238,7d231e43-1bdd-4659-8adb-e309b54dac51,1827.63,INR,success,2026-05-13 20:59:08.202190+00:00
b9629959-7e44-453a-805a-7f25c6404461,356e1e4f-6fdc-4dbc-8cf8-3d470d13e754,dbf80081-0aa6-4307-9757-9b0f6b5425f6,58ffd6e8-d12f-429e-a39e-1639ca13a2b0,853.95,INR,success,2026-05-29 02:08:18.784319+00:00
19bbcb15-0948-40fd-90e5-3a7a67934821,3883ca3e-b4ec-4752-a68e-b35d19de603f,a78c0832-724a-4ab2-84e6-16df33b66309,0d159818-2b33-446e-9baf-e5c9369191d9,442.63,INR,success,2026-05-06 22:18:50.336109+00:00
f98c4c14-f15a-466e-9edf-5a819541cb65,3883ca3e-b4ec-4752-a68e-b35d19de603f,a78c0832-724a-4ab2-84e6-16df33b66309,0d159818-2b33-446e-9baf-e5c9369191d9,147.7,INR,success,2026-05-08 10:42:09.843195+00:00
e1a51975-172f-488f-bc47-bc3bfbe9211f,3eb95377-5f81-408b-b87e-11a22d11053b,ea54cdf2-08fc-4271-8543-727fe503fb94,a5e2ed7d-fa50-44be-b4a5-6027e35f4647,1302.77,INR,success,2026-05-18 21:47:20.103177+00:00
3d721bed-c3dc-43e7-8eb5-df55bffb9e63,d9ae846a-3b64-471c-897f-d0d0e3dfe1ef,39462c44-9471-43b3-8c84-116541c089fb,137c82ce-bc48-48b5-b7a9-b570e7ed5afd,461.5,INR,success,2026-05-31 23:53:24.706065+00:00
78cea60c-c2b2-4967-b9ef-359dbd5a2598,d9ae846a-3b64-471c-897f-d0d0e3dfe1ef,39462c44-9471-43b3-8c84-116541c089fb,137c82ce-bc48-48b5-b7a9-b570e7ed5afd,531.53,INR,success,2026-05-31 23:59:19.599855+00:00
ba42715c-7d08-4dbc-b7f7-9eb70620f77f,d9ae846a-3b64-471c-897f-d0d0e3dfe1ef,39462c44-9471-43b3-8c84-116541c089fb,137c82ce-bc48-48b5-b7a9-b570e7ed5afd,610.31,INR,success,2026-05-31 23:59:44.298414+00:00
955f534b-1dd0-4c56-8c2a-de10a314a53f,90e04217-cc80-4084-b052-39d1e381c3fa,2b41555c-a848-41f0-94cd-ba6f65519d64,fc29970a-778e-4c4b-9a31-80b10a286d81,512.49,INR,success,2026-04-07 10:27:16.345433+00:00
736e91f4-710c-4208-90f8-ccc51269c1bd,90e04217-cc80-4084-b052-39d1e381c3fa,2b41555c-a848-41f0-94cd-ba6f65519d64,fc29970a-778e-4c4b-9a31-80b10a286d81,421.23,INR,success,2026-04-20 08:13:19.739271+00:00
c02e1498-02de-46cc-a26d-b38e9d700631,90e04217-cc80-4084-b052-39d1e381c3fa,2b41555c-a848-41f0-94cd-ba6f65519d64,fc29970a-778e-4c4b-9a31-80b10a286d81,208.04,INR,success,2026-05-06 05:32:20.238673+00:00
0aff122e-1b63-42d9-813f-4b63f170cb6f,90e04217-cc80-4084-b052-39d1e381c3fa,2b41555c-a848-41f0-94cd-ba6f65519d64,fc29970a-778e-4c4b-9a31-80b10a286d81,95.17,INR,success,2026-05-27 15:59:48.748612+00:00
4dff738d-213c-4cf5-b761-48c6fc9c500e,90e04217-cc80-4084-b052-39d1e381c3fa,2b41555c-a848-41f0-94cd-ba6f65519d64,fc29970a-778e-4c4b-9a31-80b10a286d81,487.93,INR,success,2026-05-29 23:36:20.756800+00:00
d48ccb83-46c3-4091-a25a-d566cad111ca,b37e8ec3-adfb-441c-98ba-6f57809476d9,90c9955b-8edc-4770-ad1b-dc8d6aeeafe5,c4d3e749-d248-49df-a681-9f6ba9fe080e,377.74,INR,success,2026-04-06 15:48:03.620559+00:00
c55750a5-81ce-4817-a6fe-5f2419d38630,b37e8ec3-adfb-441c-98ba-6f57809476d9,90c9955b-8edc-4770-ad1b-dc8d6aeeafe5,c4d3e749-d248-49df-a681-9f6ba9fe080e,423.5,INR,success,2026-04-17 12:43:22.594436+00:00
6594cec5-e0ed-4d3a-adfc-ad2e4457df96,b37e8ec3-adfb-441c-98ba-6f57809476d9,90c9955b-8edc-4770-ad1b-dc8d6aeeafe5,c4d3e749-d248-49df-a681-9f6ba9fe080e,221.56,INR,success,2026-04-20 11:35:40.633588+00:00
1325406d-c600-4d6f-b566-dfbe4d6c2a1d,b37e8ec3-adfb-441c-98ba-6f57809476d9,90c9955b-8edc-4770-ad1b-dc8d6aeeafe5,c4d3e749-d248-49df-a681-9f6ba9fe080e,326.28,INR,success,2026-04-22 22:16:58.070814+00:00
6067ec43-4faa-4332-be7b-bcb48c3f74ff,b37e8ec3-adfb-441c-98ba-6f57809476d9,90c9955b-8edc-4770-ad1b-dc8d6aeeafe5,c4d3e749-d248-49df-a681-9f6ba9fe080e,329.53,INR,success,2026-05-05 09:22:38.849612+00:00
7651bf3d-d6db-4e04-abef-4e6245e123ed,354a69e8-b423-4144-b1ad-5141d6fa88c8,b85a1145-5976-4673-8180-4da4d706b155,2b42c4e6-2792-4d0d-8ec0-8f6b104e5552,198.39,INR,success,2026-05-05 07:05:46.173003+00:00
381f891c-4321-4247-97c0-a6a5b9d9137d,354a69e8-b423-4144-b1ad-5141d6fa88c8,b85a1145-5976-4673-8180-4da4d706b155,2b42c4e6-2792-4d0d-8ec0-8f6b104e5552,619.75,INR,success,2026-05-12 22:11:12.992280+00:00
a9fe5103-ee94-4317-b233-461904d86b95,354a69e8-b423-4144-b1ad-5141d6fa88c8,b85a1145-5976-4673-8180-4da4d706b155,2b42c4e6-2792-4d0d-8ec0-8f6b104e5552,624.06,INR,success,2026-05-13 16:27:10.392847+00:00
e087ec03-1991-4126-867a-55068d6b5a2b,354a69e8-b423-4144-b1ad-5141d6fa88c8,b85a1145-5976-4673-8180-4da4d706b155,2b42c4e6-2792-4d0d-8ec0-8f6b104e5552,626.9,INR,success,2026-05-17 21:19:03.592205+00:00
02b535d1-a4ef-470e-bd4f-26113b8266e6,ae455ce2-f84d-4c80-a4bf-4be60d76db1f,a092c6a3-5d02-4543-bf2b-32d189ae777a,083f9efb-4283-4137-aa0e-5c11badfe99a,2863.48,INR,success,2026-05-23 06:12:05.778264+00:00
f1e3d12a-ace8-46de-b46d-9a6d5dc06a30,ae455ce2-f84d-4c80-a4bf-4be60d76db1f,a092c6a3-5d02-4543-bf2b-32d189ae777a,083f9efb-4283-4137-aa0e-5c11badfe99a,2370.51,INR,success,2026-05-30 02:05:28.568411+00:00
b75aabdf-2459-4d72-ae98-d72ce1997ee8,ae455ce2-f84d-4c80-a4bf-4be60d76db1f,a092c6a3-5d02-4543-bf2b-32d189ae777a,083f9efb-4283-4137-aa0e-5c11badfe99a,2444.23,INR,success,2026-05-31 07:40:23.563302+00:00
e7de6b52-6ed5-4b47-8fcf-5b527d8378c7,5e7fef86-c054-46cb-94e0-6f49238cefb9,2e38effd-463c-4da1-9ae4-11a7f0b100a7,6a70cdbb-760e-42fe-9bf3-b76a316ec5bc,697.17,INR,success,2026-03-15 17:04:57.910284+00:00
0bbce3e2-d632-42a3-b610-4e0cffb389b0,1fea0549-8b27-4e62-aa51-39c8007f7802,a6fac97d-65f9-467d-bc1c-9e6fb64dec81,6c050c70-5305-4a8f-aa06-6e1e6ee8790c,584.41,INR,success,2026-05-19 03:35:00.031393+00:00
2502b323-15c9-490c-aea4-312e22aeea53,731a3d01-4c1f-4904-90be-49c6aff18380,25bad980-a61d-41ad-a83b-999328fd43ba,432c1fb0-ff5d-4fc4-bbc1-a2ea68f6b323,1532.76,INR,success,2026-03-29 06:42:30.036326+00:00
c85876fc-e6ee-4238-a21e-d59a3e9d33fa,731a3d01-4c1f-4904-90be-49c6aff18380,25bad980-a61d-41ad-a83b-999328fd43ba,432c1fb0-ff5d-4fc4-bbc1-a2ea68f6b323,1438.41,INR,success,2026-04-07 17:05:06.625083+00:00
a0aa3efb-6029-4da8-b217-0740f38b1867,731a3d01-4c1f-4904-90be-49c6aff18380,25bad980-a61d-41ad-a83b-999328fd43ba,432c1fb0-ff5d-4fc4-bbc1-a2ea68f6b323,1404.18,INR,success,2026-05-10 00:59:19.015426+00:00
d2c168cf-127c-4b1c-907a-699801cbe624,731a3d01-4c1f-4904-90be-49c6aff18380,25bad980-a61d-41ad-a83b-999328fd43ba,432c1fb0-ff5d-4fc4-bbc1-a2ea68f6b323,1543.67,INR,success,2026-05-28 01:52:33.404379+00:00
7d67a2d0-b21d-497d-896f-327bf6811a3e,41469d74-55e9-447b-a270-998f7a1ebaa6,1ab9e867-1f1e-4d30-9899-95e91318d944,00bebae1-1786-4fc9-b349-d80f40cccc89,2386.86,INR,success,2026-04-16 01:10:10.270006+00:00
e3cd64da-ab08-4f5d-b51c-564e99c8fa79,41469d74-55e9-447b-a270-998f7a1ebaa6,1ab9e867-1f1e-4d30-9899-95e91318d944,00bebae1-1786-4fc9-b349-d80f40cccc89,1316.98,INR,success,2026-05-03 01:57:41.560426+00:00
d325e9f4-49f4-4853-ad4c-532ad39d2898,41469d74-55e9-447b-a270-998f7a1ebaa6,1ab9e867-1f1e-4d30-9899-95e91318d944,00bebae1-1786-4fc9-b349-d80f40cccc89,181.05,INR,success,2026-05-16 17:24:47.567392+00:00
c97c1399-9bba-4e3c-adfc-300dbce25a8d,88efd5e9-efa7-48ca-a744-3a68d2e81f51,7a165104-152e-44fb-bd3f-d465030a468f,967b6db2-8be7-4cae-9a19-e4348ec5429f,3185.89,INR,success,2026-04-28 08:48:50.408634+00:00
62aeb6f7-350f-4ab8-b834-bbefd0fb85a2,88efd5e9-efa7-48ca-a744-3a68d2e81f51,7a165104-152e-44fb-bd3f-d465030a468f,967b6db2-8be7-4cae-9a19-e4348ec5429f,1813.7,INR,success,2026-04-28 13:49:51.480252+00:00
6f5fd292-dabc-416a-9f72-4f3ffd083add,88efd5e9-efa7-48ca-a744-3a68d2e81f51,7a165104-152e-44fb-bd3f-d465030a468f,967b6db2-8be7-4cae-9a19-e4348ec5429f,1056.06,INR,success,2026-05-03 12:35:46.873690+00:00
6d648ba5-6d98-4856-b562-e46c77453fd2,88efd5e9-efa7-48ca-a744-3a68d2e81f51,7a165104-152e-44fb-bd3f-d465030a468f,967b6db2-8be7-4cae-9a19-e4348ec5429f,1284.56,INR,success,2026-05-21 09:03:02.794995+00:00
a538fe57-db8f-4876-86ed-5fa408151a87,88efd5e9-efa7-48ca-a744-3a68d2e81f51,7a165104-152e-44fb-bd3f-d465030a468f,967b6db2-8be7-4cae-9a19-e4348ec5429f,1697.07,INR,success,2026-05-31 03:50:33.205259+00:00
8e08a803-3fae-409a-b905-70272865b1c8,2fe06c11-0d04-458a-8e8e-4faee5b0c50e,1587b081-073d-4bb9-8ba8-a6c53dc82458,132bf837-5776-4540-8c09-eafe7508cc0f,2716.98,INR,success,2026-04-22 09:48:56.201392+00:00
4808cbc6-ac64-46cd-b79a-d67ad55cee78,2fe06c11-0d04-458a-8e8e-4faee5b0c50e,1587b081-073d-4bb9-8ba8-a6c53dc82458,132bf837-5776-4540-8c09-eafe7508cc0f,2515.5,INR,success,2026-05-17 13:47:35.416316+00:00
1c8c5307-c156-429b-beb4-fcb76afc01e5,2fe06c11-0d04-458a-8e8e-4faee5b0c50e,1587b081-073d-4bb9-8ba8-a6c53dc82458,132bf837-5776-4540-8c09-eafe7508cc0f,3333.27,INR,success,2026-05-22 21:55:32.327195+00:00
46ed7bd9-0cc6-4c30-9880-ac4feae4d3c2,2fe06c11-0d04-458a-8e8e-4faee5b0c50e,1587b081-073d-4bb9-8ba8-a6c53dc82458,132bf837-5776-4540-8c09-eafe7508cc0f,2302.66,INR,success,2026-05-23 01:08:48.980392+00:00
1e0b4bfa-27e7-4110-86df-84594cab42cc,2fe06c11-0d04-458a-8e8e-4faee5b0c50e,1587b081-073d-4bb9-8ba8-a6c53dc82458,132bf837-5776-4540-8c09-eafe7508cc0f,1779.4,INR,success,2026-05-29 01:55:23.760171+00:00
b4ec3901-eb5f-4274-8388-755c943e1bf3,7b01e695-73b6-4896-91e8-004ffd326bde,7fe1eedf-3c7b-40f3-ad2b-168d6675301a,f65f41aa-537c-4725-8bc7-ab465b9499f8,623.93,INR,success,2026-04-25 13:02:04.137250+00:00
9fd9010f-1269-480a-b792-2be01b25f5e3,7b01e695-73b6-4896-91e8-004ffd326bde,7fe1eedf-3c7b-40f3-ad2b-168d6675301a,f65f41aa-537c-4725-8bc7-ab465b9499f8,922.77,INR,success,2026-04-26 02:38:09.915887+00:00
c5ab5c9b-6bbe-4798-86cd-f9dda53e014c,7b01e695-73b6-4896-91e8-004ffd326bde,7fe1eedf-3c7b-40f3-ad2b-168d6675301a,f65f41aa-537c-4725-8bc7-ab465b9499f8,708.61,INR,success,2026-05-01 00:15:46.153209+00:00
99bce689-4e6f-4bbf-ae91-077f104b0fda,7b01e695-73b6-4896-91e8-004ffd326bde,7fe1eedf-3c7b-40f3-ad2b-168d6675301a,f65f41aa-537c-4725-8bc7-ab465b9499f8,339.91,INR,success,2026-05-10 12:07:17.435269+00:00
77393fe9-2e96-469f-a8c0-6ad300e48bed,7b01e695-73b6-4896-91e8-004ffd326bde,7fe1eedf-3c7b-40f3-ad2b-168d6675301a,f65f41aa-537c-4725-8bc7-ab465b9499f8,910.96,INR,success,2026-05-21 12:27:15.347231+00:00
230fd985-05fc-40ad-b682-b10590f78894,83c42a9d-b0db-4bc8-86b6-2666f42c1e4f,da77cb1b-e516-4445-8ccd-d054e6be834a,422423af-2797-4aaa-ac0a-deb0fc2c3c99,1419.47,INR,success,2026-05-10 19:35:25.658577+00:00
16cd4c8a-1f57-484f-b1ce-d741297b30f4,83c42a9d-b0db-4bc8-86b6-2666f42c1e4f,da77cb1b-e516-4445-8ccd-d054e6be834a,422423af-2797-4aaa-ac0a-deb0fc2c3c99,1634.95,INR,success,2026-05-25 21:28:04.500250+00:00
e980dde6-a065-43ba-8d05-0d9ca56fd6d9,83c42a9d-b0db-4bc8-86b6-2666f42c1e4f,da77cb1b-e516-4445-8ccd-d054e6be834a,422423af-2797-4aaa-ac0a-deb0fc2c3c99,1503.37,INR,success,2026-05-31 20:58:11.401161+00:00
66700d13-51d8-4e76-b07d-1cdcffe37a7b,27842595-6159-4b31-b906-8c3637b46c0d,f544901b-16b0-430a-bfe9-334460254e1e,0143085f-b03c-4813-a947-cd77031bf5d0,1840.74,INR,success,2026-05-25 08:35:41.826202+00:00
988cb026-5616-428d-adf4-ee0b218f1fa3,27842595-6159-4b31-b906-8c3637b46c0d,f544901b-16b0-430a-bfe9-334460254e1e,0143085f-b03c-4813-a947-cd77031bf5d0,3309.13,INR,success,2026-05-25 12:07:17.904716+00:00
afab8f33-4fcc-411a-a548-191fdab5e5ad,27842595-6159-4b31-b906-8c3637b46c0d,f544901b-16b0-430a-bfe9-334460254e1e,0143085f-b03c-4813-a947-cd77031bf5d0,6209.2,INR,success,2026-05-25 14:15:42.823232+00:00
5186ae58-ab5c-44c4-8010-8f752f637472,27842595-6159-4b31-b906-8c3637b46c0d,f544901b-16b0-430a-bfe9-334460254e1e,0143085f-b03c-4813-a947-cd77031bf5d0,10.0,INR,success,2026-05-25 15:45:27.335934+00:00
8f825257-f8d4-4b96-a3fc-04fbc62a1513,27842595-6159-4b31-b906-8c3637b46c0d,f544901b-16b0-430a-bfe9-334460254e1e,0143085f-b03c-4813-a947-cd77031bf5d0,3078.15,INR,success,2026-05-26 00:54:40.473431+00:00
8aa7d446-3751-4276-b4ac-11e3210b2703,f21d39c8-626a-44bb-92d0-693954851ab5,290ed83a-1fe2-4ddf-a8b4-38ddd3c59b16,3885356d-bd41-41f4-8a27-5f3d633fa965,10.0,INR,success,2026-04-18 13:42:23.419575+00:00
9ce6c153-f873-47f8-8048-8217abfb82c5,f21d39c8-626a-44bb-92d0-693954851ab5,290ed83a-1fe2-4ddf-a8b4-38ddd3c59b16,3885356d-bd41-41f4-8a27-5f3d633fa965,852.32,INR,success,2026-05-06 10:03:46.514720+00:00
398b3201-74c5-4853-b617-b42708c469d8,f21d39c8-626a-44bb-92d0-693954851ab5,290ed83a-1fe2-4ddf-a8b4-38ddd3c59b16,3885356d-bd41-41f4-8a27-5f3d633fa965,3664.74,INR,success,2026-05-15 18:02:55.084168+00:00
a2e75695-67d5-4a10-8b40-ac991329331f,8730c5fc-1868-499a-8efb-8ad6603daede,9760e529-be20-4530-adba-8e7696b2e356,a20b8ba9-f605-4f05-8740-603d12cf2f16,469.88,INR,success,2026-04-01 08:25:53.178046+00:00
aef666c3-e89b-4e8d-a118-82edf4ddfc24,8730c5fc-1868-499a-8efb-8ad6603daede,9760e529-be20-4530-adba-8e7696b2e356,a20b8ba9-f605-4f05-8740-603d12cf2f16,537.37,INR,success,2026-05-22 19:18:00.355322+00:00
80b224c7-fbae-41b7-9e80-cfc49799a9ef,8730c5fc-1868-499a-8efb-8ad6603daede,9760e529-be20-4530-adba-8e7696b2e356,a20b8ba9-f605-4f05-8740-603d12cf2f16,26.86,INR,success,2026-05-30 00:13:01.172725+00:00
41b46938-0ce1-45c1-b7dd-6cdc147f186f,f94e4938-2fea-47ed-b78d-bd80b5b6524a,35883731-4ac3-4b3d-8d73-4931bb7340a4,b4ce0ff6-8a7a-40cb-bd0d-a727bf2b6e79,1590.26,INR,success,2026-05-30 07:29:43.183591+00:00
58c5c1e3-8ff5-4a25-99cc-b1de8bd7e434,f94e4938-2fea-47ed-b78d-bd80b5b6524a,35883731-4ac3-4b3d-8d73-4931bb7340a4,b4ce0ff6-8a7a-40cb-bd0d-a727bf2b6e79,3440.32,INR,success,2026-05-30 21:51:36.303376+00:00
a9223a17-1f47-480d-a83e-ac56db6f4288,f94e4938-2fea-47ed-b78d-bd80b5b6524a,35883731-4ac3-4b3d-8d73-4931bb7340a4,b4ce0ff6-8a7a-40cb-bd0d-a727bf2b6e79,2054.94,INR,success,2026-05-31 19:34:25.544083+00:00
bccceb32-0f5a-4da0-8d67-4bd9e71b526e,de517bdb-9676-4c93-8d2b-b754241060c6,5da05bf3-84e2-4523-ac6f-98ca1209d744,9790104c-59d8-46f8-92ac-4be3cb67e69b,2455.14,INR,success,2026-04-05 23:58:17.265665+00:00
5a5d3d2f-7b02-4361-b7e7-00d16a2922ce,de517bdb-9676-4c93-8d2b-b754241060c6,5da05bf3-84e2-4523-ac6f-98ca1209d744,9790104c-59d8-46f8-92ac-4be3cb67e69b,1792.55,INR,success,2026-04-10 20:57:26.511426+00:00
f81c9796-24c5-4e97-94a4-38beb9b8bdc4,de517bdb-9676-4c93-8d2b-b754241060c6,5da05bf3-84e2-4523-ac6f-98ca1209d744,9790104c-59d8-46f8-92ac-4be3cb67e69b,1823.23,INR,success,2026-04-12 23:20:53.219329+00:00
2021a367-0285-430a-b833-459cae1373ec,de517bdb-9676-4c93-8d2b-b754241060c6,5da05bf3-84e2-4523-ac6f-98ca1209d744,9790104c-59d8-46f8-92ac-4be3cb67e69b,1870.71,INR,success,2026-05-08 10:48:20.959786+00:00
d361bd1d-92f7-443a-91c6-cffabecfc236,d25a9ce8-4a42-4240-a3ef-a91940d5193e,88b8ccf8-7a88-44e7-87ba-bda38dd3e742,b2af35b3-f530-424e-95c2-65b5a782a935,2279.71,INR,success,2026-05-02 12:10:00.615240+00:00
b1c07c0d-f005-49d1-b838-0727480994cb,da271711-bb2a-483b-bc29-0576e3f6d369,10e0929d-bc82-4f65-ac98-adc6e36b12e4,6fbb99e5-b591-4a16-84d1-afab94329c3c,3297.13,INR,success,2026-05-20 18:22:56.774148+00:00
1018b5fd-1eda-46e3-8135-dcfc5d690bbc,da271711-bb2a-483b-bc29-0576e3f6d369,10e0929d-bc82-4f65-ac98-adc6e36b12e4,6fbb99e5-b591-4a16-84d1-afab94329c3c,1872.13,INR,success,2026-05-21 09:09:21.264029+00:00
ba54bfe9-c260-4969-a470-ed6a9519ad57,50b02413-1e90-4dc3-a370-c94233839d2e,ae0f702a-d618-4314-b500-a5d5d32c1ed9,0e7ae554-ba92-47ac-8687-588c75d67cb9,2376.77,INR,success,2026-04-29 14:39:50.350599+00:00
911cdb88-365e-4e88-86f0-df6e214f74b9,50b02413-1e90-4dc3-a370-c94233839d2e,ae0f702a-d618-4314-b500-a5d5d32c1ed9,0e7ae554-ba92-47ac-8687-588c75d67cb9,1582.95,INR,success,2026-04-29 16:39:50.452377+00:00
46eafb2f-eb0f-44d2-a546-3173e00f8a94,50b02413-1e90-4dc3-a370-c94233839d2e,ae0f702a-d618-4314-b500-a5d5d32c1ed9,0e7ae554-ba92-47ac-8687-588c75d67cb9,3689.57,INR,success,2026-04-30 01:32:07.606195+00:00
9a0a0222-a90f-4b65-8e31-e728e985d4ea,50b02413-1e90-4dc3-a370-c94233839d2e,ae0f702a-d618-4314-b500-a5d5d32c1ed9,0e7ae554-ba92-47ac-8687-588c75d67cb9,2986.56,INR,success,2026-04-30 14:34:23.602388+00:00
99aa5e3b-19ee-4038-8586-2bdd6b47fb15,50b02413-1e90-4dc3-a370-c94233839d2e,ae0f702a-d618-4314-b500-a5d5d32c1ed9,0e7ae554-ba92-47ac-8687-588c75d67cb9,4080.19,INR,success,2026-05-01 01:01:40.367329+00:00
2fe0dd9e-64f4-4797-867f-030dbd6bbb60,e90a0fc4-1dbb-4a50-ac2b-15f88cbbef28,0115a71b-18fb-4dd4-8df5-05b919d05fb3,7c0c61ab-24f5-497b-86b9-cac5108572c2,739.16,INR,success,2026-04-26 18:28:47.519973+00:00
d7d970ee-a276-431d-bdf0-8659728d01eb,e90a0fc4-1dbb-4a50-ac2b-15f88cbbef28,0115a71b-18fb-4dd4-8df5-05b919d05fb3,7c0c61ab-24f5-497b-86b9-cac5108572c2,521.37,INR,success,2026-04-30 10:21:48.537656+00:00
cb9cfa34-9ce5-4773-9989-e307e12ab23e,e90a0fc4-1dbb-4a50-ac2b-15f88cbbef28,0115a71b-18fb-4dd4-8df5-05b919d05fb3,7c0c61ab-24f5-497b-86b9-cac5108572c2,309.63,INR,success,2026-05-08 18:50:37.780333+00:00
653f7110-c666-43be-8f3f-3536d2d9892e,e90a0fc4-1dbb-4a50-ac2b-15f88cbbef28,0115a71b-18fb-4dd4-8df5-05b919d05fb3,7c0c61ab-24f5-497b-86b9-cac5108572c2,275.46,INR,success,2026-05-29 18:21:25.195472+00:00
9447b5af-2dba-4ad7-b6ea-763d2b55e095,b1d8d6a0-dfd2-47d0-8319-7f06a9641eaa,30220c2a-4055-499d-b207-091c362e5020,0d5f2830-2929-4753-ad24-02c775b876dc,699.33,INR,success,2026-05-19 15:04:21.559546+00:00
c5abd5e3-349c-41c3-9d75-b3cd3428ba0c,b1d8d6a0-dfd2-47d0-8319-7f06a9641eaa,30220c2a-4055-499d-b207-091c362e5020,0d5f2830-2929-4753-ad24-02c775b876dc,964.34,INR,success,2026-05-21 06:01:02.780696+00:00
ca9a807e-9bb4-4d9a-b7e1-2d3845274302,b1d8d6a0-dfd2-47d0-8319-7f06a9641eaa,30220c2a-4055-499d-b207-091c362e5020,0d5f2830-2929-4753-ad24-02c775b876dc,1264.87,INR,success,2026-05-21 07:58:21.256655+00:00
55a817af-9a00-47c4-a932-55b248c8e52c,14be2155-9a86-4b59-845e-5e331126f91b,b796cee1-80ab-478a-9c9c-70c73911ef43,ab34a04a-d6dd-4419-9dfb-19bb6c021208,2666.86,INR,success,2026-05-24 20:04:05.588411+00:00
606cacd6-b1f1-4b74-883d-ca2e6a24603c,14be2155-9a86-4b59-845e-5e331126f91b,b796cee1-80ab-478a-9c9c-70c73911ef43,ab34a04a-d6dd-4419-9dfb-19bb6c021208,3601.43,INR,success,2026-05-25 02:49:58.824730+00:00
09eb2729-73c7-496a-997a-53b73b61eeec,14be2155-9a86-4b59-845e-5e331126f91b,b796cee1-80ab-478a-9c9c-70c73911ef43,ab34a04a-d6dd-4419-9dfb-19bb6c021208,4003.83,INR,success,2026-05-25 09:39:30.259914+00:00
987948df-276c-48e7-92c3-af8434051bf1,14be2155-9a86-4b59-845e-5e331126f91b,b796cee1-80ab-478a-9c9c-70c73911ef43,ab34a04a-d6dd-4419-9dfb-19bb6c021208,4158.01,INR,success,2026-05-25 22:57:16.469144+00:00
357db20f-1b41-4fa4-b679-72ea7cfb7d17,bd7972b6-b14a-44bd-852e-ccf2c9067c7a,17cb7e39-4be2-42c3-b276-e96d5ef1b998,0d8ba36e-a036-470e-935f-b8990b084201,1936.82,INR,success,2026-04-12 18:29:57.512571+00:00
817fbcb7-6abd-44ed-ab3e-4a161e81f431,c67d1989-7847-4d8f-b625-ccd812b4c8f0,e771cc97-2772-461e-b123-94ab0b389544,4452a217-898e-479e-a2a2-40124218d1d6,10.0,INR,success,2026-04-28 04:05:39.509965+00:00
fac7c88d-0ad8-4d47-83ca-e2b8f683498a,c67d1989-7847-4d8f-b625-ccd812b4c8f0,e771cc97-2772-461e-b123-94ab0b389544,4452a217-898e-479e-a2a2-40124218d1d6,10.0,INR,success,2026-05-06 12:27:07.354680+00:00
1ce28990-fe10-42a4-b547-3f75b8ad19a0,c67d1989-7847-4d8f-b625-ccd812b4c8f0,e771cc97-2772-461e-b123-94ab0b389544,4452a217-898e-479e-a2a2-40124218d1d6,2139.41,INR,success,2026-05-16 08:21:24.206147+00:00
34fc703f-d6a5-4bc7-af72-223906d32e85,4d637bea-65f2-4ea5-ab39-9b87064a1203,afdac08a-2697-4a0b-af00-958c386e4b29,f0c6c9b7-65ed-44d8-a029-d07ea61dc6ed,977.77,INR,success,2026-05-29 18:10:32.649283+00:00
a8126ea2-8815-4660-a1ab-6cc463e5c700,4d637bea-65f2-4ea5-ab39-9b87064a1203,afdac08a-2697-4a0b-af00-958c386e4b29,f0c6c9b7-65ed-44d8-a029-d07ea61dc6ed,971.57,INR,success,2026-05-31 04:53:55.163298+00:00
b9962db6-36cb-4cde-8e2a-915917e88516,4d637bea-65f2-4ea5-ab39-9b87064a1203,afdac08a-2697-4a0b-af00-958c386e4b29,f0c6c9b7-65ed-44d8-a029-d07ea61dc6ed,2171.13,INR,success,2026-05-31 11:28:24.234389+00:00
069d5ee3-3d34-4de7-a237-3ccdf9dccece,9a9f0c0e-283b-4752-9398-f494cac4d5f0,bf92b3bd-915d-4bf5-b737-3fc025d12be2,951a0e9c-1f91-4088-9e87-2db8375e1abb,10.0,INR,success,2026-05-17 07:02:35.082616+00:00
c806698b-24ef-456a-866c-d1550d899162,9a9f0c0e-283b-4752-9398-f494cac4d5f0,bf92b3bd-915d-4bf5-b737-3fc025d12be2,951a0e9c-1f91-4088-9e87-2db8375e1abb,1203.18,INR,success,2026-05-31 07:30:29.143154+00:00
22787139-9afb-4f4a-9c21-c33eac71988e,fcef6116-7040-49fe-b740-ed7dfa04295e,013d65c8-19d2-485a-ba8a-ce23b0a96e79,695b4a74-9fcd-499a-8d52-2f65b9294636,3555.08,INR,success,2026-05-01 13:25:36.756481+00:00
aa6e7d59-1058-4925-a849-4c385024b9a1,fcef6116-7040-49fe-b740-ed7dfa04295e,013d65c8-19d2-485a-ba8a-ce23b0a96e79,695b4a74-9fcd-499a-8d52-2f65b9294636,3822.74,INR,success,2026-05-26 20:41:18.092232+00:00
4e227403-5c36-462e-88f1-7c2cc57c4117,fcef6116-7040-49fe-b740-ed7dfa04295e,013d65c8-19d2-485a-ba8a-ce23b0a96e79,695b4a74-9fcd-499a-8d52-2f65b9294636,5779.11,INR,success,2026-05-28 15:28:42.264039+00:00
ffb7c1b6-ab4a-414b-bd3c-fc1f4ab5c52f,fcef6116-7040-49fe-b740-ed7dfa04295e,013d65c8-19d2-485a-ba8a-ce23b0a96e79,695b4a74-9fcd-499a-8d52-2f65b9294636,7870.44,INR,success,2026-05-31 17:37:28.355943+00:00
2603c2a6-6447-445f-90e1-d31604a8fba9,d13b32d2-2e00-496d-b757-cf087dfb5e73,0a01ea44-306c-4875-8979-93ec2c5fdb1f,542b93c2-31bc-4728-8e16-c855696077bd,3789.9,INR,success,2026-05-01 22:05:49.325909+00:00
43d2a185-396c-4ade-a4b9-2363486828a7,d13b32d2-2e00-496d-b757-cf087dfb5e73,0a01ea44-306c-4875-8979-93ec2c5fdb1f,542b93c2-31bc-4728-8e16-c855696077bd,1675.11,INR,success,2026-05-04 14:48:53.338152+00:00
45352008-b2b6-4fec-ae48-e030b2d24ab6,0bc352f0-846e-4272-b8f4-e81f7f5a747b,b4464fe3-3ece-48cf-a2e4-90438d68fe7f,18fc55d9-5211-4bd1-97f5-f657a3878e0c,1610.61,INR,success,2026-05-01 02:30:05.946893+00:00
286534e7-903b-4997-9af0-84cd3dff4712,0bc352f0-846e-4272-b8f4-e81f7f5a747b,b4464fe3-3ece-48cf-a2e4-90438d68fe7f,18fc55d9-5211-4bd1-97f5-f657a3878e0c,2285.56,INR,success,2026-05-04 15:41:04.607104+00:00
2f55fc60-02bd-4906-b6c4-1b567464f56f,0bc352f0-846e-4272-b8f4-e81f7f5a747b,b4464fe3-3ece-48cf-a2e4-90438d68fe7f,18fc55d9-5211-4bd1-97f5-f657a3878e0c,2453.39,INR,success,2026-05-28 17:23:31.784428+00:00
88e15610-6b70-45a9-aa3f-b64de3c7d00f,2d2c06ba-b20e-4be7-9683-74ddcfc21f12,061d6500-e850-434a-90a7-50a3e6a4473a,ca402ee9-94e4-499d-96d3-5d54c6f32028,363.92,INR,success,2026-05-05 11:33:31.866211+00:00
bc152ad8-d449-4f81-8b2f-09b22e16480f,2d2c06ba-b20e-4be7-9683-74ddcfc21f12,061d6500-e850-434a-90a7-50a3e6a4473a,ca402ee9-94e4-499d-96d3-5d54c6f32028,180.41,INR,success,2026-05-12 19:02:49.012098+00:00
bbf69df6-fa40-4fb4-89f6-c292966cb233,2d2c06ba-b20e-4be7-9683-74ddcfc21f12,061d6500-e850-434a-90a7-50a3e6a4473a,ca402ee9-94e4-499d-96d3-5d54c6f32028,788.95,INR,success,2026-05-29 10:31:49.252056+00:00
871b384e-1886-4d01-a030-b53b382d4bbf,ab37e745-1c77-492d-bebc-e56dff625cab,43fa8532-eb05-4553-a068-6c19df619f0d,9ade5b89-b9f1-4a5d-922a-898c16ea00e8,305.72,INR,success,2026-05-10 12:42:18.244512+00:00
1f8720f6-5348-45e9-a5a4-5ac896066f4a,ab37e745-1c77-492d-bebc-e56dff625cab,43fa8532-eb05-4553-a068-6c19df619f0d,9ade5b89-b9f1-4a5d-922a-898c16ea00e8,449.6,INR,success,2026-05-18 07:27:12.997736+00:00
49cdaac2-31cf-4675-9e0a-a300b87a32bb,ab37e745-1c77-492d-bebc-e56dff625cab,43fa8532-eb05-4553-a068-6c19df619f0d,9ade5b89-b9f1-4a5d-922a-898c16ea00e8,149.09,INR,success,2026-05-27 04:10:47.103604+00:00
1ae3f35e-5fd7-4faa-bcdb-e9d5ade0e98a,ab37e745-1c77-492d-bebc-e56dff625cab,43fa8532-eb05-4553-a068-6c19df619f0d,9ade5b89-b9f1-4a5d-922a-898c16ea00e8,422.68,INR,success,2026-05-31 03:50:19.243302+00:00
af6fcaa4-62fa-413e-9e9b-6864dca6ef60,59b2e2fe-b2ef-44f1-9388-bc6249d6f132,93637154-62af-458e-b2a5-8c4edf94234a,f7785763-6c9b-4334-81a2-93ab2d61a312,1489.5,INR,success,2026-05-29 16:04:46.058218+00:00
3fca18e7-4483-4f31-bc9f-5a36838b5600,59b2e2fe-b2ef-44f1-9388-bc6249d6f132,93637154-62af-458e-b2a5-8c4edf94234a,f7785763-6c9b-4334-81a2-93ab2d61a312,833.3,INR,success,2026-05-30 13:44:36.496568+00:00
fc2089d0-4c3b-4449-9503-4a658dc431af,b03c20f3-d769-499f-a62d-8a97cf303212,821b1e10-a819-45d3-8577-b81ecd93d8d2,88a22ae3-c60e-492e-a46a-4dd473365fb8,1190.52,INR,success,2026-05-17 05:10:38.578566+00:00
e1a4902e-6ab7-4df6-a0fc-4e7ef34d10d4,5087320c-c101-4f34-8ba5-4382fdffc998,3c658be7-52f6-472f-b9d0-081337398984,5c8d80ba-b9aa-4297-80a6-6c7bef4b88b8,10.0,INR,success,2026-05-11 21:35:33.367856+00:00
2e1b3d62-f22d-4248-a5d4-bc741de95360,5087320c-c101-4f34-8ba5-4382fdffc998,3c658be7-52f6-472f-b9d0-081337398984,5c8d80ba-b9aa-4297-80a6-6c7bef4b88b8,7475.88,INR,success,2026-05-19 15:18:43.882353+00:00
1e9cf6de-9a91-44b7-bda2-23bf957d6c79,5087320c-c101-4f34-8ba5-4382fdffc998,3c658be7-52f6-472f-b9d0-081337398984,5c8d80ba-b9aa-4297-80a6-6c7bef4b88b8,1111.21,INR,success,2026-05-27 09:53:20.509892+00:00
24c1c816-371d-4bc1-86ed-d91a13f90f72,5087320c-c101-4f34-8ba5-4382fdffc998,3c658be7-52f6-472f-b9d0-081337398984,5c8d80ba-b9aa-4297-80a6-6c7bef4b88b8,8926.65,INR,success,2026-05-31 08:40:17.030873+00:00
1f961f6e-eb0d-4803-9227-5c168bc9d5af,5087320c-c101-4f34-8ba5-4382fdffc998,3c658be7-52f6-472f-b9d0-081337398984,5c8d80ba-b9aa-4297-80a6-6c7bef4b88b8,889.98,INR,success,2026-05-31 14:40:02.224519+00:00
0d58c602-8d9a-49d2-9dd4-5797150b745d,77e89ebb-0544-416d-99ac-68204dff4398,44b48f6a-e6fc-487a-8a8d-e73e6a8a3333,fb0435c4-4f79-424b-a487-b54ea4e9d413,1347.17,INR,success,2026-05-25 03:07:45.163252+00:00
0fbb9b77-1ca4-40d2-baf8-93983f0ae03c,8cf642ff-6391-4b21-85c6-e24ee6dd3aac,c9c47bb4-7919-4f12-b5f1-006a920abb01,df3494ca-10ce-4489-bebd-b74ad38682ac,423.69,INR,success,2026-04-04 00:32:04.363783+00:00
8365c802-9704-4a65-a70b-43d72c039164,ebb00757-a149-44c3-97e1-ab6676e90900,fe2ef473-287e-4fa0-aa36-6823799cea07,82028e4b-5765-44e8-9d23-f32d1a5749bf,1498.32,INR,success,2026-05-20 04:41:45.976900+00:00
bce597a7-5362-45a3-93de-846534e2d9e0,ebb00757-a149-44c3-97e1-ab6676e90900,fe2ef473-287e-4fa0-aa36-6823799cea07,82028e4b-5765-44e8-9d23-f32d1a5749bf,90.65,INR,success,2026-05-21 03:11:51.155540+00:00
6c9a4183-83fe-4cbc-9f48-3196e6aac232,ebb00757-a149-44c3-97e1-ab6676e90900,fe2ef473-287e-4fa0-aa36-6823799cea07,82028e4b-5765-44e8-9d23-f32d1a5749bf,1173.88,INR,success,2026-05-23 02:49:22.802095+00:00
af85ed38-805e-4dda-b32a-bc9e9edcf9e9,ebb00757-a149-44c3-97e1-ab6676e90900,fe2ef473-287e-4fa0-aa36-6823799cea07,82028e4b-5765-44e8-9d23-f32d1a5749bf,862.05,INR,success,2026-05-27 07:38:31.697435+00:00
7b51d8ea-dca2-4b37-b6bc-7e365825c053,ebb00757-a149-44c3-97e1-ab6676e90900,fe2ef473-287e-4fa0-aa36-6823799cea07,82028e4b-5765-44e8-9d23-f32d1a5749bf,745.72,INR,success,2026-05-30 20:50:09.052287+00:00
8a118d85-0b67-474d-b712-0bef6ae84636,df4b7940-3f0b-4d12-b44e-b78dc5754f8d,78b36b2c-7970-4201-b4b2-a8817824f2e2,7bc09b44-e938-4578-8d4f-c2f59542d79b,81.69,INR,success,2026-05-24 07:05:14.726392+00:00
943b8f7b-6d7f-416e-b19d-6ab5037fea01,20834922-2cb8-4396-8c39-90a2d69fd508,8d0f7ccf-b753-4ddb-b6dd-9b6bb3bcda40,b0323035-2601-44a1-ad30-4576a3d136ef,1234.69,INR,success,2026-05-11 10:45:31.871041+00:00
c662cf64-bb81-446a-abf8-e911155fa3e5,eeca24e8-0dd5-4534-9c9e-9c69fe8ede87,20b0e177-804f-4757-93c4-f83be1b0b1b8,1bb3e3aa-62e4-41c1-be33-cc44dad028ea,901.87,INR,success,2026-04-22 13:38:10.614306+00:00
503b9535-701d-4f10-bfc7-e887e4821d5f,eeca24e8-0dd5-4534-9c9e-9c69fe8ede87,20b0e177-804f-4757-93c4-f83be1b0b1b8,1bb3e3aa-62e4-41c1-be33-cc44dad028ea,1071.94,INR,success,2026-04-24 00:00:54.547849+00:00
318dde74-4b82-4d61-b0e0-b4768ae115dc,eeca24e8-0dd5-4534-9c9e-9c69fe8ede87,20b0e177-804f-4757-93c4-f83be1b0b1b8,1bb3e3aa-62e4-41c1-be33-cc44dad028ea,1849.31,INR,success,2026-05-01 16:49:14.508961+00:00
d6bbc858-013f-4cca-8b60-ef94216c6eb8,eeca24e8-0dd5-4534-9c9e-9c69fe8ede87,20b0e177-804f-4757-93c4-f83be1b0b1b8,1bb3e3aa-62e4-41c1-be33-cc44dad028ea,403.99,INR,success,2026-05-14 19:31:41.279076+00:00
08986c6d-34e5-4d0b-9490-511626e7b555,eeca24e8-0dd5-4534-9c9e-9c69fe8ede87,20b0e177-804f-4757-93c4-f83be1b0b1b8,1bb3e3aa-62e4-41c1-be33-cc44dad028ea,1049.63,INR,success,2026-05-18 13:22:12.161944+00:00
73d35fb6-8469-426d-a5ff-d47b4adf58e1,91fbd105-2564-4e25-9914-297c514a6059,49a8367d-ce06-4d3b-ac74-9a23345878fa,b2246860-5293-4e61-b105-c2c403c19a58,501.73,INR,success,2026-04-12 13:14:35.915571+00:00
8889b372-1e61-4bac-bf32-db03fcfa4de5,91fbd105-2564-4e25-9914-297c514a6059,49a8367d-ce06-4d3b-ac74-9a23345878fa,b2246860-5293-4e61-b105-c2c403c19a58,712.58,INR,success,2026-05-22 14:15:40.782519+00:00
5faf4070-983d-4587-a470-206e79391267,91fbd105-2564-4e25-9914-297c514a6059,49a8367d-ce06-4d3b-ac74-9a23345878fa,b2246860-5293-4e61-b105-c2c403c19a58,210.79,INR,success,2026-05-29 01:49:30.078314+00:00
4326c8f6-c11b-4087-b34c-cd0c2a49d889,e3ee137c-bc22-4cfd-aa86-ca176ebdd22e,f17cedf8-c444-4a45-85da-d8bb4b59e2c8,5126711d-0cf6-4d68-96a1-7499967056f9,3705.94,INR,success,2026-05-26 02:46:04.978015+00:00
a05c62c5-1c36-4faf-af9d-fe848d0e3564,e3ee137c-bc22-4cfd-aa86-ca176ebdd22e,f17cedf8-c444-4a45-85da-d8bb4b59e2c8,5126711d-0cf6-4d68-96a1-7499967056f9,1887.23,INR,success,2026-05-30 09:13:23.107990+00:00
edde17cd-cd80-40e3-abec-389404d1c457,e3ee137c-bc22-4cfd-aa86-ca176ebdd22e,f17cedf8-c444-4a45-85da-d8bb4b59e2c8,5126711d-0cf6-4d68-96a1-7499967056f9,2395.68,INR,success,2026-05-30 09:45:42.039387+00:00
03998f4d-bdb6-4136-9aaa-fc8620fd9eda,a3a2868b-f37d-4514-9a8a-d08b5945b2ef,a61c169b-6174-4363-ad78-0fd403c3a25f,5c1ad13d-2bf9-49fa-aa81-d999677aa31b,2199.55,INR,success,2026-04-10 07:31:20.294979+00:00
c4c1b0a6-6e5f-4dec-954b-5c72f36a6f65,a3a2868b-f37d-4514-9a8a-d08b5945b2ef,a61c169b-6174-4363-ad78-0fd403c3a25f,5c1ad13d-2bf9-49fa-aa81-d999677aa31b,1615.3,INR,success,2026-05-07 07:06:29.567828+00:00
551eafaa-b522-4e51-91b8-6d68a7c2c426,bea1fda5-7f56-4433-8d7f-ab2f3db3799f,3e3459d3-f419-4761-938d-d77457717c61,ba0b0458-b226-4d92-85fe-4392ce01d72d,179.73,INR,success,2026-05-09 00:48:57.097999+00:00
d6c2d685-e8fe-46a7-a7f2-06b3f5f249c7,bea1fda5-7f56-4433-8d7f-ab2f3db3799f,3e3459d3-f419-4761-938d-d77457717c61,ba0b0458-b226-4d92-85fe-4392ce01d72d,268.23,INR,success,2026-05-31 06:57:52.440672+00:00
952f9d06-4425-427f-af88-70d3a42788c3,138b9961-d520-450b-891e-aeec8c3dda44,94b6e756-8ed0-461b-8dcf-dc9f6c46cbab,caf5ac33-034b-432c-9af3-1b19fc1448a6,3964.56,INR,success,2026-04-24 18:29:58.088443+00:00
6bc12db2-28af-4d3f-bb98-7e136e1c13bb,138b9961-d520-450b-891e-aeec8c3dda44,94b6e756-8ed0-461b-8dcf-dc9f6c46cbab,caf5ac33-034b-432c-9af3-1b19fc1448a6,1502.45,INR,success,2026-05-09 22:30:34.845445+00:00
20325e76-76e8-44e0-815f-e5925ee89f0e,138b9961-d520-450b-891e-aeec8c3dda44,94b6e756-8ed0-461b-8dcf-dc9f6c46cbab,caf5ac33-034b-432c-9af3-1b19fc1448a6,1940.54,INR,success,2026-05-16 10:54:19.488597+00:00
56d005fc-9828-43da-905f-b66dca350c1c,138b9961-d520-450b-891e-aeec8c3dda44,94b6e756-8ed0-461b-8dcf-dc9f6c46cbab,caf5ac33-034b-432c-9af3-1b19fc1448a6,2258.48,INR,success,2026-05-18 05:21:51.734384+00:00
55c22aaf-6cb6-49cb-b348-79636d5d7d65,138b9961-d520-450b-891e-aeec8c3dda44,94b6e756-8ed0-461b-8dcf-dc9f6c46cbab,caf5ac33-034b-432c-9af3-1b19fc1448a6,1978.79,INR,success,2026-05-21 02:13:34.425218+00:00
3de47503-6b42-4d79-aff7-edf53361dea4,5bb92bf6-dbe8-4eb4-818a-3511590b2817,2f9adb85-fee7-44ed-afe7-454b37e28fcb,79f5ef38-f86e-432b-ba90-b31fd28b638d,2703.76,INR,success,2026-04-09 19:10:49.128451+00:00
5bcdc939-8a36-4be8-b6da-68ba8edd7bfc,5bb92bf6-dbe8-4eb4-818a-3511590b2817,2f9adb85-fee7-44ed-afe7-454b37e28fcb,79f5ef38-f86e-432b-ba90-b31fd28b638d,2043.94,INR,success,2026-04-11 11:19:14.186203+00:00
1ba7bbba-6912-4e11-b011-9da16db6478b,5bb92bf6-dbe8-4eb4-818a-3511590b2817,2f9adb85-fee7-44ed-afe7-454b37e28fcb,79f5ef38-f86e-432b-ba90-b31fd28b638d,4287.21,INR,success,2026-05-03 21:13:34.496043+00:00
d3e5a9d3-ca9a-4a3f-a643-9e111ec348f8,5bb92bf6-dbe8-4eb4-818a-3511590b2817,2f9adb85-fee7-44ed-afe7-454b37e28fcb,79f5ef38-f86e-432b-ba90-b31fd28b638d,2172.97,INR,success,2026-05-15 11:53:24.343226+00:00
dc04636b-caf1-42de-b438-fb13ba93a8f5,5bb92bf6-dbe8-4eb4-818a-3511590b2817,2f9adb85-fee7-44ed-afe7-454b37e28fcb,79f5ef38-f86e-432b-ba90-b31fd28b638d,3373.69,INR,success,2026-05-18 12:07:39.246981+00:00
6c558713-479f-4fc8-8d9a-b86847536663,9e026873-0d99-4f6b-8269-f5168cf88acc,fa8f7458-dd7e-4af2-9f6a-462cbbfae9c8,b6d3d896-7214-4313-9565-c044a9a9db4f,1556.07,INR,success,2026-05-18 09:53:25.532462+00:00
3a973653-3470-406d-9f19-204de11b156a,9e026873-0d99-4f6b-8269-f5168cf88acc,fa8f7458-dd7e-4af2-9f6a-462cbbfae9c8,b6d3d896-7214-4313-9565-c044a9a9db4f,937.48,INR,success,2026-05-23 22:05:00.372745+00:00
cf1b9eca-fea0-4f11-9d31-1b2745bbb402,9e026873-0d99-4f6b-8269-f5168cf88acc,fa8f7458-dd7e-4af2-9f6a-462cbbfae9c8,b6d3d896-7214-4313-9565-c044a9a9db4f,1589.92,INR,success,2026-05-29 00:16:56.885306+00:00
802e102d-0d54-42bf-8599-2cc1aabed618,9e026873-0d99-4f6b-8269-f5168cf88acc,fa8f7458-dd7e-4af2-9f6a-462cbbfae9c8,b6d3d896-7214-4313-9565-c044a9a9db4f,1305.9,INR,success,2026-05-29 09:59:30.708045+00:00
da178549-c30e-45c0-af64-fbd3925fa587,51f1bbe9-86d6-4e94-86aa-d29fa539e9a3,4aedae89-cb96-42cb-8055-20ed93bb851c,da16ee1d-7d0d-4615-a407-698ce2261188,1450.2,INR,success,2026-04-25 06:31:07.061183+00:00
5d10af04-9b82-426a-a517-243512ce523a,51f1bbe9-86d6-4e94-86aa-d29fa539e9a3,4aedae89-cb96-42cb-8055-20ed93bb851c,da16ee1d-7d0d-4615-a407-698ce2261188,220.19,INR,success,2026-04-29 03:51:36.555751+00:00
e9c23fc3-e503-4f05-af31-bcfb6d2eae16,51f1bbe9-86d6-4e94-86aa-d29fa539e9a3,4aedae89-cb96-42cb-8055-20ed93bb851c,da16ee1d-7d0d-4615-a407-698ce2261188,1944.72,INR,success,2026-05-26 12:23:47.286814+00:00
a0514f72-7392-49cf-89a0-2e492ecf41b3,d89b40d4-95eb-453e-9b19-14014f690889,2a8a9ea9-019e-4d20-aff1-acb0c5aef539,1c50ec31-6664-4243-a1ee-34da1adf58d8,1004.55,INR,success,2026-03-27 06:56:02.225807+00:00
9a762d1d-e54a-4464-b864-26712aceb10d,d89b40d4-95eb-453e-9b19-14014f690889,2a8a9ea9-019e-4d20-aff1-acb0c5aef539,1c50ec31-6664-4243-a1ee-34da1adf58d8,587.44,INR,success,2026-05-04 04:32:49.605420+00:00
0a4932c0-ddb5-4a3a-8ec2-2873137823a7,d89b40d4-95eb-453e-9b19-14014f690889,2a8a9ea9-019e-4d20-aff1-acb0c5aef539,1c50ec31-6664-4243-a1ee-34da1adf58d8,950.54,INR,success,2026-05-04 06:08:21.157138+00:00
abc41cf8-9b11-4493-a003-580b96a0d01a,d89b40d4-95eb-453e-9b19-14014f690889,2a8a9ea9-019e-4d20-aff1-acb0c5aef539,1c50ec31-6664-4243-a1ee-34da1adf58d8,913.23,INR,success,2026-05-29 05:32:02.293384+00:00
667a7aa5-db31-46ed-b8bf-008dd09e7023,3757cacd-f1ef-4dd7-8311-5d1bfee4986b,5246b22d-c807-416c-876c-5f54883be392,6434bc93-f548-469f-87e8-21ee384bc4b4,205.9,INR,success,2026-04-10 18:59:23.494866+00:00
d9b67270-921a-46f9-8d14-1dff384b6cd9,3757cacd-f1ef-4dd7-8311-5d1bfee4986b,5246b22d-c807-416c-876c-5f54883be392,6434bc93-f548-469f-87e8-21ee384bc4b4,357.31,INR,success,2026-05-11 00:08:45.532986+00:00
e6af27be-3dcd-4c76-80e5-3e852ac98205,3757cacd-f1ef-4dd7-8311-5d1bfee4986b,5246b22d-c807-416c-876c-5f54883be392,6434bc93-f548-469f-87e8-21ee384bc4b4,399.11,INR,success,2026-05-23 09:48:09.679396+00:00
ee362dcc-7253-453e-b7bc-0267d662880a,a0dc097a-814b-4f83-aa6a-4890070d0a5f,351df7b0-e7c1-4aca-a592-a7552d52f6b6,2817657c-b1fb-43f3-a9ad-1a410c2ccd9e,205.4,INR,success,2026-05-14 12:15:47.966243+00:00
8aaedda7-eaa2-486a-81e7-a5b9cec31552,a0dc097a-814b-4f83-aa6a-4890070d0a5f,351df7b0-e7c1-4aca-a592-a7552d52f6b6,2817657c-b1fb-43f3-a9ad-1a410c2ccd9e,216.27,INR,success,2026-05-15 20:59:58.504439+00:00
72e474a1-d3c0-4d1c-addb-c5957d10ee20,a0dc097a-814b-4f83-aa6a-4890070d0a5f,351df7b0-e7c1-4aca-a592-a7552d52f6b6,2817657c-b1fb-43f3-a9ad-1a410c2ccd9e,525.26,INR,success,2026-05-25 07:37:11.645331+00:00
b06e885b-6c89-4ff2-99c6-64d781f88b24,93a14f1b-da85-42ed-92f3-168060d8ab74,6e1df8f9-2cd6-47b4-9472-668cc649620f,25b3d8f3-d42b-4ee4-a0ef-23658aa93772,4222.88,INR,success,2026-05-23 05:06:35.089059+00:00
dfc96619-6191-43b2-a698-09e5b275e829,93a14f1b-da85-42ed-92f3-168060d8ab74,6e1df8f9-2cd6-47b4-9472-668cc649620f,25b3d8f3-d42b-4ee4-a0ef-23658aa93772,1815.39,INR,success,2026-05-25 17:25:57.649316+00:00
b6caa835-1700-4801-abab-57b95ad6af45,93a14f1b-da85-42ed-92f3-168060d8ab74,6e1df8f9-2cd6-47b4-9472-668cc649620f,25b3d8f3-d42b-4ee4-a0ef-23658aa93772,2257.91,INR,success,2026-05-26 23:28:01.505592+00:00
a66da6ca-a058-4e43-98ac-fce7ba8fc72f,93a14f1b-da85-42ed-92f3-168060d8ab74,6e1df8f9-2cd6-47b4-9472-668cc649620f,25b3d8f3-d42b-4ee4-a0ef-23658aa93772,2187.65,INR,success,2026-05-27 02:14:44.950491+00:00
70ee5297-329e-464d-8c9a-40c45f122f77,93a14f1b-da85-42ed-92f3-168060d8ab74,6e1df8f9-2cd6-47b4-9472-668cc649620f,25b3d8f3-d42b-4ee4-a0ef-23658aa93772,3000.94,INR,success,2026-05-31 21:54:36.350204+00:00
b1a085b4-222a-44ed-914c-abd7f0f22a10,044e2131-356e-400a-8467-06195e5bc2e7,b5cedc4b-72c7-4096-b2f8-6f265fc2e044,942b1b62-5c6c-4ad3-8971-70bffb069a48,764.72,INR,success,2026-03-24 13:04:27.513312+00:00
81db6f8f-4362-443d-9439-c6fe5a2c61a3,044e2131-356e-400a-8467-06195e5bc2e7,b5cedc4b-72c7-4096-b2f8-6f265fc2e044,942b1b62-5c6c-4ad3-8971-70bffb069a48,465.35,INR,success,2026-03-27 06:34:08.357474+00:00
cc4c9934-f308-4529-90bc-03b21fe51d3a,044e2131-356e-400a-8467-06195e5bc2e7,b5cedc4b-72c7-4096-b2f8-6f265fc2e044,942b1b62-5c6c-4ad3-8971-70bffb069a48,142.16,INR,success,2026-03-29 20:29:53.692549+00:00
aef486b6-1952-4850-892c-a7647ff59508,044e2131-356e-400a-8467-06195e5bc2e7,b5cedc4b-72c7-4096-b2f8-6f265fc2e044,942b1b62-5c6c-4ad3-8971-70bffb069a48,817.83,INR,success,2026-04-06 23:44:41.565085+00:00
d49074ad-89b0-4aee-8edf-991485db7fa6,0dc16836-084c-4a9d-8440-482969691f9d,1de1dfea-a85f-4ed6-927c-8441249a3570,105a6435-d821-4d46-b8e3-207ddf407abf,2299.94,INR,success,2026-05-29 06:46:35.402689+00:00
3d58ba4c-2164-4a3d-82f7-be66da0a9970,0dc16836-084c-4a9d-8440-482969691f9d,1de1dfea-a85f-4ed6-927c-8441249a3570,105a6435-d821-4d46-b8e3-207ddf407abf,4198.35,INR,success,2026-05-29 14:48:37.019510+00:00
b9ccf9ce-7f6a-4f3e-a843-179e95f23f7f,0dc16836-084c-4a9d-8440-482969691f9d,1de1dfea-a85f-4ed6-927c-8441249a3570,105a6435-d821-4d46-b8e3-207ddf407abf,1565.01,INR,success,2026-05-29 19:51:14.958207+00:00
0d00477d-97e1-4ad6-b63b-54e1007d5742,0dc16836-084c-4a9d-8440-482969691f9d,1de1dfea-a85f-4ed6-927c-8441249a3570,105a6435-d821-4d46-b8e3-207ddf407abf,2654.94,INR,success,2026-05-29 19:55:41.996214+00:00
efd3f827-8569-4e17-b253-2e68eaf15e75,0dc16836-084c-4a9d-8440-482969691f9d,1de1dfea-a85f-4ed6-927c-8441249a3570,105a6435-d821-4d46-b8e3-207ddf407abf,4993.51,INR,success,2026-05-30 04:38:06.793831+00:00
6318b20d-976b-434c-a47a-e3fd895d04a1,8cc3bb14-d289-4ad9-b630-008306fc9d03,c52f3e1e-aebc-41bf-9c77-33727b23e027,fbab00e8-192b-47bb-82a4-5c4c85b6560c,784.47,INR,success,2026-05-17 07:56:27.488630+00:00
2858029a-0e88-4aee-af27-3a617948bda5,57f58e03-b7d7-4f8c-9947-03edf9ff6f6c,e90d2a14-3921-4dfb-90ad-9171c42e370f,0eb2ac3f-5a69-4eef-87d4-301610e4e10b,695.53,INR,success,2026-04-13 18:42:08.086434+00:00
7def0331-b395-445d-84e0-9ff5b1073fd4,57f58e03-b7d7-4f8c-9947-03edf9ff6f6c,e90d2a14-3921-4dfb-90ad-9171c42e370f,0eb2ac3f-5a69-4eef-87d4-301610e4e10b,413.24,INR,success,2026-04-18 14:35:00.044113+00:00
86cf85f5-e2af-4e2e-bd54-2453d337221a,57f58e03-b7d7-4f8c-9947-03edf9ff6f6c,e90d2a14-3921-4dfb-90ad-9171c42e370f,0eb2ac3f-5a69-4eef-87d4-301610e4e10b,337.96,INR,success,2026-04-25 05:10:42.144397+00:00
a33c7d9f-9e2f-4557-beff-ea569bdcbd49,ed93e46e-10cb-406b-897d-26209fed0d38,4f3e732d-e7aa-40cd-a977-62ef336f4470,ef5f8842-ee1a-47ed-a506-163a587756f8,4534.29,INR,success,2026-03-26 20:41:48.424223+00:00
221db11d-6a17-446e-b097-e50130925338,ed93e46e-10cb-406b-897d-26209fed0d38,4f3e732d-e7aa-40cd-a977-62ef336f4470,ef5f8842-ee1a-47ed-a506-163a587756f8,2987.33,INR,success,2026-03-28 05:27:18.957968+00:00
16725c43-efe1-45ae-9d65-61c28dae4581,ed93e46e-10cb-406b-897d-26209fed0d38,4f3e732d-e7aa-40cd-a977-62ef336f4470,ef5f8842-ee1a-47ed-a506-163a587756f8,3528.58,INR,success,2026-04-25 02:19:37.752861+00:00
5580479a-e133-4430-ad5d-6fe6092c2806,ed93e46e-10cb-406b-897d-26209fed0d38,4f3e732d-e7aa-40cd-a977-62ef336f4470,ef5f8842-ee1a-47ed-a506-163a587756f8,3844.62,INR,success,2026-04-28 05:50:01.905547+00:00
129d565f-05c0-4478-84cf-0580c2e3caa0,0b5653ff-473e-4cba-a4e3-0398e7e3fa85,9cd5272f-1d8e-4ed5-9db2-d667e122537f,a6af859c-7ee4-4866-ae26-c3045335a7ce,2687.84,INR,success,2026-05-09 21:47:36.160686+00:00
56fced66-780d-4701-b1df-d1f4c2b9af98,0b5653ff-473e-4cba-a4e3-0398e7e3fa85,9cd5272f-1d8e-4ed5-9db2-d667e122537f,a6af859c-7ee4-4866-ae26-c3045335a7ce,480.25,INR,success,2026-05-10 07:50:45.825687+00:00
5a545429-7f9f-42c9-a112-181e7657baff,f0c5b32a-431f-40ba-8c7b-34370f747df5,4cca698c-8513-48c0-b15e-20430a626f9a,3ea21d16-d0de-4098-9728-d0c8c1369a57,1105.47,INR,success,2026-05-21 04:21:41.068448+00:00
7a6c343d-e298-4adc-b714-e5d723ca0e4a,f0c5b32a-431f-40ba-8c7b-34370f747df5,4cca698c-8513-48c0-b15e-20430a626f9a,3ea21d16-d0de-4098-9728-d0c8c1369a57,950.27,INR,success,2026-05-21 22:07:38.858212+00:00
fdc2acce-9c67-4f8e-9aec-7d9fd5d35289,f0c5b32a-431f-40ba-8c7b-34370f747df5,4cca698c-8513-48c0-b15e-20430a626f9a,3ea21d16-d0de-4098-9728-d0c8c1369a57,2655.87,INR,success,2026-05-22 01:08:02.080125+00:00
aecebcb8-d430-4222-b231-0fb6dfb64200,f0c5b32a-431f-40ba-8c7b-34370f747df5,4cca698c-8513-48c0-b15e-20430a626f9a,3ea21d16-d0de-4098-9728-d0c8c1369a57,2221.76,INR,success,2026-05-22 18:21:06.469686+00:00
186bd61c-1856-44ee-b519-ba5fa6280fcd,1bbabc29-0a16-4031-bad6-5fd82ec072c2,8dd61f35-9f0c-4d49-ae46-6c7cddcd0617,e8adb7fc-9143-43d5-8cf5-a09337f3944d,1145.29,INR,success,2026-03-29 22:32:55.344613+00:00
54263bc9-b080-47c2-bca9-18ecf59b3d31,1bbabc29-0a16-4031-bad6-5fd82ec072c2,8dd61f35-9f0c-4d49-ae46-6c7cddcd0617,e8adb7fc-9143-43d5-8cf5-a09337f3944d,754.73,INR,success,2026-03-31 23:10:48.903343+00:00
86d82676-888e-4a95-98c6-e19901a39ec4,1bbabc29-0a16-4031-bad6-5fd82ec072c2,8dd61f35-9f0c-4d49-ae46-6c7cddcd0617,e8adb7fc-9143-43d5-8cf5-a09337f3944d,654.85,INR,success,2026-04-04 06:24:44.497890+00:00
43b2b3af-2b63-440a-93ab-01c39258b0a2,1bbabc29-0a16-4031-bad6-5fd82ec072c2,8dd61f35-9f0c-4d49-ae46-6c7cddcd0617,e8adb7fc-9143-43d5-8cf5-a09337f3944d,2204.58,INR,success,2026-05-06 05:21:47.075646+00:00
d2ceef0c-d6e9-4537-bbe1-aa5b4ac6aef2,bee42e5f-2e01-4550-b52a-d93ffe6acad4,0ffcc798-ca49-4b98-a6cf-39560f77d057,4b90d5cf-8819-4f8e-8caf-cc8f644d9509,263.34,INR,success,2026-03-08 04:10:48.854103+00:00
08392cca-6f41-4777-be89-b2649a060b10,bee42e5f-2e01-4550-b52a-d93ffe6acad4,0ffcc798-ca49-4b98-a6cf-39560f77d057,4b90d5cf-8819-4f8e-8caf-cc8f644d9509,118.52,INR,success,2026-03-31 10:35:36.579759+00:00
bbc3c7a1-b71d-4c69-8a1f-392344a083bd,bee42e5f-2e01-4550-b52a-d93ffe6acad4,0ffcc798-ca49-4b98-a6cf-39560f77d057,4b90d5cf-8819-4f8e-8caf-cc8f644d9509,228.0,INR,success,2026-04-07 19:18:40.048902+00:00
e16a54df-9de1-445d-897d-c6d4803f17c8,eccfabc8-d66d-469e-8578-f26b2c60e62d,435c675a-0ad7-49e8-8160-85eaecf60f48,cfa5945e-4b6e-41fc-96cd-dda0483ac8c7,3157.26,INR,success,2026-05-27 06:21:39.086005+00:00
3b4e8573-2455-466c-b3f3-993a3eff6c1b,eccfabc8-d66d-469e-8578-f26b2c60e62d,435c675a-0ad7-49e8-8160-85eaecf60f48,cfa5945e-4b6e-41fc-96cd-dda0483ac8c7,7507.09,INR,success,2026-05-29 05:08:29.620892+00:00
3b650fc4-b091-477c-8e03-d96cfc80e3aa,eccfabc8-d66d-469e-8578-f26b2c60e62d,435c675a-0ad7-49e8-8160-85eaecf60f48,cfa5945e-4b6e-41fc-96cd-dda0483ac8c7,5665.43,INR,success,2026-05-30 05:15:52.439123+00:00
525f8aeb-7d31-426b-a48f-61e09bc9b342,eccfabc8-d66d-469e-8578-f26b2c60e62d,435c675a-0ad7-49e8-8160-85eaecf60f48,cfa5945e-4b6e-41fc-96cd-dda0483ac8c7,5332.64,INR,success,2026-05-30 06:58:22.196045+00:00
55669d32-7cae-4a3e-a6b8-9098dce58728,eccfabc8-d66d-469e-8578-f26b2c60e62d,435c675a-0ad7-49e8-8160-85eaecf60f48,cfa5945e-4b6e-41fc-96cd-dda0483ac8c7,2554.56,INR,success,2026-05-30 19:02:56.051039+00:00
7c96e51a-8276-479f-b1fb-8842447706c8,9611d197-67cb-468c-9a3d-d8ca9053705e,b8ca8044-7cfc-481c-980d-7c8ee9221837,c719dff8-81fd-4e89-ba75-472f4a33c369,1509.57,INR,success,2026-04-19 00:53:03.207155+00:00
4e83bd96-4bf7-41fc-a8fd-c54f84bc6bcd,9611d197-67cb-468c-9a3d-d8ca9053705e,b8ca8044-7cfc-481c-980d-7c8ee9221837,c719dff8-81fd-4e89-ba75-472f4a33c369,1232.31,INR,success,2026-04-24 17:49:14.019039+00:00
aadc8d5c-9844-417e-96a1-e2c07d016649,9611d197-67cb-468c-9a3d-d8ca9053705e,b8ca8044-7cfc-481c-980d-7c8ee9221837,c719dff8-81fd-4e89-ba75-472f4a33c369,1391.58,INR,success,2026-05-01 00:08:18.996604+00:00
b429e4bc-53e1-4ddf-ae5e-8b3fe5af85ee,9611d197-67cb-468c-9a3d-d8ca9053705e,b8ca8044-7cfc-481c-980d-7c8ee9221837,c719dff8-81fd-4e89-ba75-472f4a33c369,763.54,INR,success,2026-05-10 00:37:58.429284+00:00
482bca37-6e34-4f8e-a2af-fbe7f6644f31,9611d197-67cb-468c-9a3d-d8ca9053705e,b8ca8044-7cfc-481c-980d-7c8ee9221837,c719dff8-81fd-4e89-ba75-472f4a33c369,1402.11,INR,success,2026-05-31 01:18:30.285711+00:00
186fe7a6-aa24-4d1e-b603-ec85ddfcf551,25290ea4-8bd3-4fc4-b2f5-0439ccdb4f08,3debad9e-1f91-43b2-91fa-f4929db013c6,9fe80532-cae9-4655-8097-bef6d99a8fbc,8165.36,INR,success,2026-04-25 14:16:58.802822+00:00
d3a4cf3a-48f6-426c-a14b-efc5cb2510d8,25290ea4-8bd3-4fc4-b2f5-0439ccdb4f08,3debad9e-1f91-43b2-91fa-f4929db013c6,9fe80532-cae9-4655-8097-bef6d99a8fbc,2420.65,INR,success,2026-05-04 19:22:12.951576+00:00
1b592eb6-0e29-4461-98e1-096d48c73dba,14784fdc-4d53-446b-9b98-608078731f75,cfc1c899-80b2-4eb3-83d8-bb29dc067186,cd187d06-5c39-4a07-93ba-5362906d4954,3708.91,INR,success,2026-04-24 02:59:03.883914+00:00
ed85b6c5-7ad2-4e66-8d80-3873ef7af001,14784fdc-4d53-446b-9b98-608078731f75,cfc1c899-80b2-4eb3-83d8-bb29dc067186,cd187d06-5c39-4a07-93ba-5362906d4954,3155.64,INR,success,2026-04-28 02:17:01.155072+00:00
dd4eba1c-7496-41ce-9a88-fef407c5174f,14784fdc-4d53-446b-9b98-608078731f75,cfc1c899-80b2-4eb3-83d8-bb29dc067186,cd187d06-5c39-4a07-93ba-5362906d4954,563.02,INR,success,2026-05-03 20:33:13.051941+00:00
b18714b1-93cd-42d8-9e05-ca4f28002d66,14784fdc-4d53-446b-9b98-608078731f75,cfc1c899-80b2-4eb3-83d8-bb29dc067186,cd187d06-5c39-4a07-93ba-5362906d4954,4892.84,INR,success,2026-05-05 01:45:36.398664+00:00
e462bbde-aeda-4dc5-ad76-2499aaaba2f9,14784fdc-4d53-446b-9b98-608078731f75,cfc1c899-80b2-4eb3-83d8-bb29dc067186,cd187d06-5c39-4a07-93ba-5362906d4954,1740.64,INR,success,2026-05-12 11:15:37.299678+00:00
d6f05445-1fee-445c-b8ef-de81cf77bda3,15cda996-2922-4e24-9d61-30c7c4f13c8c,a915de04-6768-422a-a62a-5ddb9b09d887,1ca0e16c-b06f-4bd7-812e-2b52e260b029,2100.72,INR,success,2026-04-09 02:16:17.830460+00:00
e8905b35-4895-4382-93ff-aed4623028ee,15cda996-2922-4e24-9d61-30c7c4f13c8c,a915de04-6768-422a-a62a-5ddb9b09d887,1ca0e16c-b06f-4bd7-812e-2b52e260b029,4473.53,INR,success,2026-04-14 10:25:19.042606+00:00
6d5772e7-f74a-41d9-8a08-6b68c72b6165,15cda996-2922-4e24-9d61-30c7c4f13c8c,a915de04-6768-422a-a62a-5ddb9b09d887,1ca0e16c-b06f-4bd7-812e-2b52e260b029,3132.95,INR,success,2026-05-10 20:29:35.691040+00:00
d949be0b-7f16-4d9f-add1-338482c59466,15cda996-2922-4e24-9d61-30c7c4f13c8c,a915de04-6768-422a-a62a-5ddb9b09d887,1ca0e16c-b06f-4bd7-812e-2b52e260b029,2456.99,INR,success,2026-05-20 19:59:45.605451+00:00
4c760fb8-709a-4430-9d5a-b8116304106d,686f79a2-4961-4f1d-8ec1-afcaa064b755,5812460d-afe6-438c-9e2c-a99e78c7288b,5f9e28a4-c296-4b41-b1bd-1ef81c0415b2,734.62,INR,success,2026-05-08 23:04:38.325836+00:00
2664abb2-f9f2-4e33-9ffd-9416f579da02,686f79a2-4961-4f1d-8ec1-afcaa064b755,5812460d-afe6-438c-9e2c-a99e78c7288b,5f9e28a4-c296-4b41-b1bd-1ef81c0415b2,428.85,INR,success,2026-05-18 08:19:33.140114+00:00
b14e687a-88b1-4147-8352-052691746ca4,686f79a2-4961-4f1d-8ec1-afcaa064b755,5812460d-afe6-438c-9e2c-a99e78c7288b,5f9e28a4-c296-4b41-b1bd-1ef81c0415b2,1141.58,INR,success,2026-05-31 03:44:05.135097+00:00
b7a3475a-22cb-47bc-9bcd-0fd9658a884c,49338989-9a4d-4907-b52a-c1db473c1f95,7f8324e8-1309-4bd7-96a3-4c69cd809916,d44124ea-10bd-4175-832b-658eab8ddd65,346.38,INR,success,2026-05-13 04:51:35.891427+00:00
e4254245-b15a-4094-afc2-61985e88f8df,49338989-9a4d-4907-b52a-c1db473c1f95,7f8324e8-1309-4bd7-96a3-4c69cd809916,d44124ea-10bd-4175-832b-658eab8ddd65,1575.03,INR,success,2026-05-15 23:48:05.387263+00:00
acff991f-a249-4a66-a350-dbf8e53e27f1,49338989-9a4d-4907-b52a-c1db473c1f95,7f8324e8-1309-4bd7-96a3-4c69cd809916,d44124ea-10bd-4175-832b-658eab8ddd65,2100.62,INR,success,2026-05-18 04:31:38.817099+00:00
2555b862-cf63-4f91-a54b-c58ac6c437ff,49338989-9a4d-4907-b52a-c1db473c1f95,7f8324e8-1309-4bd7-96a3-4c69cd809916,d44124ea-10bd-4175-832b-658eab8ddd65,3751.79,INR,success,2026-05-18 21:44:48.075978+00:00
a46c4263-de80-4a5f-a1a5-d7ac48d5af08,49338989-9a4d-4907-b52a-c1db473c1f95,7f8324e8-1309-4bd7-96a3-4c69cd809916,d44124ea-10bd-4175-832b-658eab8ddd65,10.0,INR,success,2026-05-24 07:56:45.288306+00:00
b8667172-5553-444a-8fb3-f7ba08093043,1ede6ebc-1a02-43f5-981d-14e03b69255e,752620c6-3dc2-416d-b88e-f55c1092bc50,3504fa48-8d6d-445c-a7c0-f89c96f03fab,668.42,INR,success,2026-04-24 15:08:20.344998+00:00
2c4933fa-611c-4fb8-a702-921f8107dbbf,1ede6ebc-1a02-43f5-981d-14e03b69255e,752620c6-3dc2-416d-b88e-f55c1092bc50,3504fa48-8d6d-445c-a7c0-f89c96f03fab,745.8,INR,success,2026-05-02 13:45:29.375965+00:00
8873439c-f3dc-454b-b9bb-43301491a15b,30874e08-fc80-46d2-bb15-c331a1f35315,90334753-fee6-4172-9438-fab4a5dd2e8e,05c0814d-7e48-4c06-a202-bea132134568,4275.34,INR,success,2026-05-31 22:29:13.098793+00:00
1917c31e-daf1-434b-bb05-a8faf3b46499,b58a7b41-0113-4bca-ab82-e8485a0347cf,c9d846ab-e5aa-415a-8049-f54a8575b183,473190a7-f71e-4a97-b2b6-894f2517bd2a,4374.31,INR,success,2026-05-29 23:28:15.346585+00:00
0a48c228-670e-4929-b8ce-fb9feb56a628,b58a7b41-0113-4bca-ab82-e8485a0347cf,c9d846ab-e5aa-415a-8049-f54a8575b183,473190a7-f71e-4a97-b2b6-894f2517bd2a,2967.42,INR,success,2026-05-30 01:45:49.281827+00:00
0b227ef8-dd49-40b2-b2bf-d6dd98131258,b58a7b41-0113-4bca-ab82-e8485a0347cf,c9d846ab-e5aa-415a-8049-f54a8575b183,473190a7-f71e-4a97-b2b6-894f2517bd2a,2904.74,INR,success,2026-05-30 12:33:35.571100+00:00
d057bcc5-24bb-4810-a358-880fbd32db61,b58a7b41-0113-4bca-ab82-e8485a0347cf,c9d846ab-e5aa-415a-8049-f54a8575b183,473190a7-f71e-4a97-b2b6-894f2517bd2a,2571.53,INR,success,2026-05-31 04:06:09.850598+00:00
e3aa018a-8750-46b7-9334-a1eddf646972,b58a7b41-0113-4bca-ab82-e8485a0347cf,c9d846ab-e5aa-415a-8049-f54a8575b183,473190a7-f71e-4a97-b2b6-894f2517bd2a,4041.36,INR,success,2026-05-31 05:30:50.137932+00:00
6fd730d1-c8b7-4d95-bbc2-6b29d2045bea,85cd5ffb-a1fb-4e06-88a2-47fa566b5e0a,2d58148d-9574-41de-9bc0-77e6abfd95a4,18398493-486c-4caf-b5f3-3d7cbd2f688d,1675.81,INR,success,2026-05-22 15:31:27.067480+00:00
32e41c74-ed33-493b-8d14-4939a2e291a0,85cd5ffb-a1fb-4e06-88a2-47fa566b5e0a,2d58148d-9574-41de-9bc0-77e6abfd95a4,18398493-486c-4caf-b5f3-3d7cbd2f688d,1201.19,INR,success,2026-05-23 13:02:49.244282+00:00
0983ac90-897f-4c47-9987-bb831f8f147c,85cd5ffb-a1fb-4e06-88a2-47fa566b5e0a,2d58148d-9574-41de-9bc0-77e6abfd95a4,18398493-486c-4caf-b5f3-3d7cbd2f688d,166.35,INR,success,2026-05-28 22:59:14.397483+00:00
a77ac665-229c-440d-94da-b138d3cdcaad,47e53c0a-b955-4a3b-a02c-267448561ccd,172e0b50-4f20-4b6f-9f45-dac1e47f9ebf,b37210ca-3e75-479d-bccb-a14b3b85f868,1253.82,INR,success,2026-05-27 07:35:34.531497+00:00
9d942cd7-a466-4eb6-873d-888229e9001c,47e53c0a-b955-4a3b-a02c-267448561ccd,172e0b50-4f20-4b6f-9f45-dac1e47f9ebf,b37210ca-3e75-479d-bccb-a14b3b85f868,1812.69,INR,success,2026-05-27 14:15:26.893764+00:00
adf47294-aacf-49c9-9320-9e623611c0e9,47e53c0a-b955-4a3b-a02c-267448561ccd,172e0b50-4f20-4b6f-9f45-dac1e47f9ebf,b37210ca-3e75-479d-bccb-a14b3b85f868,890.17,INR,success,2026-05-28 15:21:07.910990+00:00
67ca97fb-5e02-44b6-8df6-cf44992c241d,47e53c0a-b955-4a3b-a02c-267448561ccd,172e0b50-4f20-4b6f-9f45-dac1e47f9ebf,b37210ca-3e75-479d-bccb-a14b3b85f868,1496.5,INR,success,2026-05-30 09:29:51.746828+00:00
08a1345b-3a0a-46a3-a244-8a3df8f57db7,47e53c0a-b955-4a3b-a02c-267448561ccd,172e0b50-4f20-4b6f-9f45-dac1e47f9ebf,b37210ca-3e75-479d-bccb-a14b3b85f868,522.2,INR,success,2026-05-30 21:04:38.393644+00:00
bd9b2939-647b-4593-9c9f-58885ecda4bb,a66b82f2-a0f0-4e87-a28d-85d2caf291db,a9e2dcc4-ec6f-49cc-aff3-fc4afcd02329,b099b917-1120-4e56-b804-4b22f5782d6c,2041.04,INR,success,2026-05-19 11:17:17.887233+00:00
b0c547ef-6546-4e44-acab-6743e3858fa3,a66b82f2-a0f0-4e87-a28d-85d2caf291db,a9e2dcc4-ec6f-49cc-aff3-fc4afcd02329,b099b917-1120-4e56-b804-4b22f5782d6c,3096.46,INR,success,2026-05-31 01:16:59.592211+00:00
c2c29d02-9864-4916-a080-5ac1d84e264f,eb1967f4-0029-4db2-aec1-2efcf5ddad72,f1d3cb99-9c63-4b11-be81-750032a97eb9,409b82d9-524f-4ef5-8df7-377d1f511f06,674.79,INR,success,2026-04-16 07:50:27.864839+00:00
9078a0bb-c6b7-4212-ab4c-68b5acd3c17c,eb1967f4-0029-4db2-aec1-2efcf5ddad72,f1d3cb99-9c63-4b11-be81-750032a97eb9,409b82d9-524f-4ef5-8df7-377d1f511f06,780.59,INR,success,2026-04-17 01:26:47.366483+00:00
b07e8cdb-c02e-48be-9b7b-f73f1b5f1697,eb1967f4-0029-4db2-aec1-2efcf5ddad72,f1d3cb99-9c63-4b11-be81-750032a97eb9,409b82d9-524f-4ef5-8df7-377d1f511f06,257.06,INR,success,2026-04-17 16:02:04.062175+00:00
c7896cf8-82bc-4b6b-8041-ca6e7d1821e1,eb1967f4-0029-4db2-aec1-2efcf5ddad72,f1d3cb99-9c63-4b11-be81-750032a97eb9,409b82d9-524f-4ef5-8df7-377d1f511f06,1334.37,INR,success,2026-04-17 18:23:14.428344+00:00
1ca802b6-fef7-46fe-8e1a-484ef170094c,88887d33-8b30-48ff-a99c-6e77d2d18266,96232219-d1b9-4e09-ba48-27032d83a574,e4a0c70c-7193-47e7-bd7b-365b7a0edac1,4137.62,INR,success,2026-05-08 15:54:59.621142+00:00
6b4a6576-d998-4f24-abcc-f0b2fc1f5078,172860bb-258b-48bf-b6cf-f8fb78cbe7d3,9f88ee3c-86b2-4d53-b61d-8d117b380bdd,dec98b1a-5b2c-408d-a107-133e533710e5,3404.67,INR,success,2026-04-18 19:56:30.592238+00:00
fcc4a529-452c-4b5b-af38-b271048e1463,172860bb-258b-48bf-b6cf-f8fb78cbe7d3,9f88ee3c-86b2-4d53-b61d-8d117b380bdd,dec98b1a-5b2c-408d-a107-133e533710e5,2414.61,INR,success,2026-05-06 00:18:08.929783+00:00
a157c6b9-5c97-4a76-9faa-f36c6692a7e3,51ddecca-c43a-4fc7-bbe5-5ac791a34f72,61890d2e-7a26-45a8-bd32-55a08daa5d94,980cf3e5-f91b-4a08-9007-ebe5ea1f7486,2289.29,INR,success,2026-05-31 02:43:47.404804+00:00
0ecee14c-f0ad-47df-ac24-4620f75b0671,51ddecca-c43a-4fc7-bbe5-5ac791a34f72,61890d2e-7a26-45a8-bd32-55a08daa5d94,980cf3e5-f91b-4a08-9007-ebe5ea1f7486,3885.23,INR,success,2026-05-31 11:35:44.029805+00:00
7b382d0a-f9c9-420d-aebf-8ecb9d4e2e37,00de8d10-fc57-4cf6-b7a0-1b63ecec09a9,a9caee1c-0693-44dd-ac6e-bb779ba72636,8f807dd1-380f-4492-a952-996e31f13abe,277.22,INR,success,2026-05-04 06:28:57.357083+00:00
a608c903-c070-4990-bd2e-18e7288443ed,4fe71f2b-61cb-4853-a774-9c1155ede92c,5107ca2e-cbfd-4797-b1a2-b79b1553990c,4c8b68a7-3bca-436d-97f4-930d137253f0,659.44,INR,success,2026-04-17 23:41:10.880837+00:00
beaa3aa7-f17e-4f9c-b89b-2b27e550cb33,4fe71f2b-61cb-4853-a774-9c1155ede92c,5107ca2e-cbfd-4797-b1a2-b79b1553990c,4c8b68a7-3bca-436d-97f4-930d137253f0,1144.11,INR,success,2026-05-15 19:23:39.473810+00:00
cff24e06-0bda-426e-9ac1-771b82092b57,4fe71f2b-61cb-4853-a774-9c1155ede92c,5107ca2e-cbfd-4797-b1a2-b79b1553990c,4c8b68a7-3bca-436d-97f4-930d137253f0,2462.27,INR,success,2026-05-29 21:20:13.243524+00:00
18b7ca27-66b3-4442-b4b4-e16476ba0029,3e8d27f8-c43c-4252-b9c5-618c4590c512,ccda73df-c4e9-4b1b-bd42-0c6fe90c7fbc,808beff3-d5bd-4c2a-9e1d-1fd460a2b91d,2550.17,INR,success,2026-05-16 13:06:04.844545+00:00
eb85ca39-d016-4fe8-9b40-b0859e866ae0,3e8d27f8-c43c-4252-b9c5-618c4590c512,ccda73df-c4e9-4b1b-bd42-0c6fe90c7fbc,808beff3-d5bd-4c2a-9e1d-1fd460a2b91d,1161.68,INR,success,2026-05-18 16:23:56.829797+00:00
fd5f7b7b-e5ab-4d28-a4c2-1c84f48f92b9,3e8d27f8-c43c-4252-b9c5-618c4590c512,ccda73df-c4e9-4b1b-bd42-0c6fe90c7fbc,808beff3-d5bd-4c2a-9e1d-1fd460a2b91d,3680.51,INR,success,2026-05-22 09:57:52.886779+00:00
33ef6401-9504-45c5-ac22-a22f09b1c5f7,3e8d27f8-c43c-4252-b9c5-618c4590c512,ccda73df-c4e9-4b1b-bd42-0c6fe90c7fbc,808beff3-d5bd-4c2a-9e1d-1fd460a2b91d,658.26,INR,success,2026-05-30 05:47:39.111503+00:00
df92a3bb-b709-42ec-95d1-9af7d26a2a06,561e9677-632c-49fa-98ff-2ca38b3c4085,7fbb5cfc-5bab-48e8-a996-7acdc2050302,bb35abc6-ee54-4e2d-8271-107e404d3367,134.08,INR,success,2026-05-22 17:26:56.339262+00:00
44341630-ad9b-42a2-b278-f6957a0cbe50,561e9677-632c-49fa-98ff-2ca38b3c4085,7fbb5cfc-5bab-48e8-a996-7acdc2050302,bb35abc6-ee54-4e2d-8271-107e404d3367,584.1,INR,success,2026-05-23 01:40:52.442194+00:00
ce3275cf-12c7-4391-bbe3-bdb13740af2f,561e9677-632c-49fa-98ff-2ca38b3c4085,7fbb5cfc-5bab-48e8-a996-7acdc2050302,bb35abc6-ee54-4e2d-8271-107e404d3367,413.04,INR,success,2026-05-27 02:32:49.882025+00:00
509eb3c9-fc20-4641-bde1-6821cf411960,561e9677-632c-49fa-98ff-2ca38b3c4085,7fbb5cfc-5bab-48e8-a996-7acdc2050302,bb35abc6-ee54-4e2d-8271-107e404d3367,749.06,INR,success,2026-05-29 02:32:52.242589+00:00
ddd59cdc-bc6a-4a1e-a564-9f666c21e71d,561e9677-632c-49fa-98ff-2ca38b3c4085,7fbb5cfc-5bab-48e8-a996-7acdc2050302,bb35abc6-ee54-4e2d-8271-107e404d3367,829.84,INR,success,2026-05-31 02:59:26.537018+00:00
37828dbb-2309-4d43-ba82-27f7bf8524f1,04031c19-d8cb-42fa-bb23-8853e1ae37e6,83685dae-e285-49fa-b687-a817e14ed0da,319f5475-c11d-41ac-84bd-40a63651ebf0,326.3,INR,success,2026-05-01 15:49:35.182212+00:00
ef1c0495-5d76-4493-bd0b-28d04566caf0,04031c19-d8cb-42fa-bb23-8853e1ae37e6,83685dae-e285-49fa-b687-a817e14ed0da,319f5475-c11d-41ac-84bd-40a63651ebf0,1012.03,INR,success,2026-05-08 15:02:37.194798+00:00
817c7138-6ba3-43cc-9d30-215c043640f2,04031c19-d8cb-42fa-bb23-8853e1ae37e6,83685dae-e285-49fa-b687-a817e14ed0da,319f5475-c11d-41ac-84bd-40a63651ebf0,181.54,INR,success,2026-05-12 04:44:29.429830+00:00
e82634d0-257a-4f88-bf00-3673c4b3d981,04031c19-d8cb-42fa-bb23-8853e1ae37e6,83685dae-e285-49fa-b687-a817e14ed0da,319f5475-c11d-41ac-84bd-40a63651ebf0,548.73,INR,success,2026-05-17 07:49:47.534873+00:00
66e483d9-b260-4de8-b98e-c6c859ebefa2,04031c19-d8cb-42fa-bb23-8853e1ae37e6,83685dae-e285-49fa-b687-a817e14ed0da,319f5475-c11d-41ac-84bd-40a63651ebf0,786.55,INR,success,2026-05-20 15:44:24.444798+00:00
2b1ecede-bf99-4d06-84a0-45e9b60186e5,1f77fe1e-05ba-4586-9eb1-6ddd1888b035,ac36018f-9c9b-4892-a3f9-b1c41a487f44,9c215584-ee48-4459-a86a-677299fc0b5b,2018.3,INR,success,2026-04-15 06:36:09.456498+00:00
db2bc135-71f2-461c-911a-bcedd87ea4d0,1f77fe1e-05ba-4586-9eb1-6ddd1888b035,ac36018f-9c9b-4892-a3f9-b1c41a487f44,9c215584-ee48-4459-a86a-677299fc0b5b,10.0,INR,success,2026-05-02 17:40:25.672032+00:00
e411db5e-c041-4b6e-b638-0d569ccab361,1f77fe1e-05ba-4586-9eb1-6ddd1888b035,ac36018f-9c9b-4892-a3f9-b1c41a487f44,9c215584-ee48-4459-a86a-677299fc0b5b,1840.3,INR,success,2026-05-18 05:34:08.718668+00:00
1dcfd590-49b2-4e13-af7f-29170139e100,a8403daa-7a7d-4a19-a850-d1c78564cdec,4247839b-465e-4ba5-af5a-4885346e8705,4c4814b8-1e34-4f77-9ca9-f72e81b87683,1734.48,INR,success,2026-05-15 18:00:03.104463+00:00
53703cfd-dcaf-4e0a-bb81-bbffef0a9213,a8403daa-7a7d-4a19-a850-d1c78564cdec,4247839b-465e-4ba5-af5a-4885346e8705,4c4814b8-1e34-4f77-9ca9-f72e81b87683,1205.8,INR,success,2026-05-25 18:11:11.574908+00:00
9f2d34ee-eff5-4e9c-8249-3e320b18354b,198b28c3-e4be-4cf3-9cad-8204198e5179,d6f6a975-c38e-479d-b3a8-dc8344f58aaa,8b22ea81-0ca5-4907-bb75-6ba916ab5705,2652.02,INR,success,2026-05-06 18:43:51.454121+00:00
951e2066-9b7e-4cfe-8f59-a3f073ae6a8d,198b28c3-e4be-4cf3-9cad-8204198e5179,d6f6a975-c38e-479d-b3a8-dc8344f58aaa,8b22ea81-0ca5-4907-bb75-6ba916ab5705,3841.69,INR,success,2026-05-08 17:16:29.065700+00:00
a4b87360-c483-4543-b704-37f95de68ec9,198b28c3-e4be-4cf3-9cad-8204198e5179,d6f6a975-c38e-479d-b3a8-dc8344f58aaa,8b22ea81-0ca5-4907-bb75-6ba916ab5705,3695.09,INR,success,2026-05-11 14:16:04.341731+00:00
bef1884e-d0a6-4e01-92d8-4adbce0f867f,198b28c3-e4be-4cf3-9cad-8204198e5179,d6f6a975-c38e-479d-b3a8-dc8344f58aaa,8b22ea81-0ca5-4907-bb75-6ba916ab5705,281.49,INR,success,2026-05-23 13:36:27.573566+00:00
a8bc8e66-7ab4-4fb0-8286-b617bd3230b0,e355a87b-6d4a-471e-8bf9-bc72ed77cc7d,444131d0-9e16-4753-b329-fe83e4f83988,d9e164a1-507a-4c92-a30d-f6973fee8b9a,417.93,INR,success,2026-04-19 14:52:05.044975+00:00
32c3d10d-f1ea-4479-b026-a4a20066dc91,e355a87b-6d4a-471e-8bf9-bc72ed77cc7d,444131d0-9e16-4753-b329-fe83e4f83988,d9e164a1-507a-4c92-a30d-f6973fee8b9a,991.44,INR,success,2026-05-22 10:38:59.399784+00:00
66bb4108-c970-48b5-8979-177f40d60302,c07d6e9d-6b58-4133-b6a9-b3f89e9433fb,a68ff8e7-1bb5-4637-ab61-ce74ee59ec76,efdda5f8-d9d2-48db-beed-5e29e1c76f81,1987.38,INR,success,2026-05-10 02:21:39.905688+00:00
db7301b6-1ace-4f23-a34d-ab30e96a2f25,c07d6e9d-6b58-4133-b6a9-b3f89e9433fb,a68ff8e7-1bb5-4637-ab61-ce74ee59ec76,efdda5f8-d9d2-48db-beed-5e29e1c76f81,2079.71,INR,success,2026-05-17 01:01:47.592835+00:00
79cfaa6e-27d5-464e-87b1-d31e6a391586,c07d6e9d-6b58-4133-b6a9-b3f89e9433fb,a68ff8e7-1bb5-4637-ab61-ce74ee59ec76,efdda5f8-d9d2-48db-beed-5e29e1c76f81,1998.95,INR,success,2026-05-20 22:13:05.735001+00:00
f17e358c-61da-4272-92a9-30562122c640,c07d6e9d-6b58-4133-b6a9-b3f89e9433fb,a68ff8e7-1bb5-4637-ab61-ce74ee59ec76,efdda5f8-d9d2-48db-beed-5e29e1c76f81,3365.8,INR,success,2026-05-21 08:44:23.986337+00:00
c0a5bbbe-23f2-4c04-b85a-a599a60adaa0,6b891157-eb7d-402e-8045-81ddfe86187b,12cc8f34-400d-4d12-a6a0-7c3de2e553b6,4cbb5912-af24-4582-88b3-01cfb4734abf,519.87,INR,success,2026-05-15 18:34:07.901106+00:00
520959b8-1918-4a90-bbf4-0a8419c223ba,5c237621-d427-4e73-b4a8-5119514140f3,43fb5b6b-99ea-4273-be7d-1b2d0b43bd24,4ac4ea6c-d1b7-4400-89fb-2153c5371cf8,219.69,INR,success,2026-04-19 10:07:12.837993+00:00
ba0223f9-afa8-4f15-b5be-c8033868e0ca,f255c37e-c6db-4af4-bd34-969a08f05bd6,6dac44b4-c7eb-4c40-8d24-26dda57a4017,d3e117c5-8652-4ebf-81d0-756a7b87a14a,2482.45,INR,success,2026-04-19 08:54:00.567053+00:00
15ae485b-051f-4812-a147-7be410254a9b,f255c37e-c6db-4af4-bd34-969a08f05bd6,6dac44b4-c7eb-4c40-8d24-26dda57a4017,d3e117c5-8652-4ebf-81d0-756a7b87a14a,1088.63,INR,success,2026-05-08 06:33:31.655460+00:00
57dca59f-6b8c-4a59-9199-c5973a47b1d7,f255c37e-c6db-4af4-bd34-969a08f05bd6,6dac44b4-c7eb-4c40-8d24-26dda57a4017,d3e117c5-8652-4ebf-81d0-756a7b87a14a,571.1,INR,success,2026-05-12 09:00:27.080646+00:00
d2a86542-6048-494a-8989-6d1fd8b12bbc,f255c37e-c6db-4af4-bd34-969a08f05bd6,6dac44b4-c7eb-4c40-8d24-26dda57a4017,d3e117c5-8652-4ebf-81d0-756a7b87a14a,10.0,INR,success,2026-05-21 20:16:24.661582+00:00
7a353074-6a82-4b37-89c6-6eca63cdafa2,dd0b52a8-2863-4ef1-be72-363fac33b89a,d19270cf-90dd-4624-97a8-e9ac2d95ca9d,35193fda-3dc4-4137-98b7-b353f0167f4d,806.21,INR,success,2026-05-23 21:24:42.187060+00:00
ec5eee72-1a61-4136-b32b-eb4111fd0477,c6defb4f-0fb4-4634-a9c8-285257049321,76db4446-e9eb-451d-91f6-dff207641875,323827b8-1a03-4006-b8ea-03cd37893420,737.17,INR,success,2026-04-11 09:26:24.614808+00:00
f7cddf02-9424-4331-9a7b-e05349a8fe66,c6defb4f-0fb4-4634-a9c8-285257049321,76db4446-e9eb-451d-91f6-dff207641875,323827b8-1a03-4006-b8ea-03cd37893420,885.96,INR,success,2026-05-03 04:14:32.167939+00:00
b2405fc5-a541-4624-87b5-63305f7962c0,c6defb4f-0fb4-4634-a9c8-285257049321,76db4446-e9eb-451d-91f6-dff207641875,323827b8-1a03-4006-b8ea-03cd37893420,1119.05,INR,success,2026-05-10 10:24:49.581926+00:00
b0f903f9-dcca-462d-bba3-cfdb576f035b,c6defb4f-0fb4-4634-a9c8-285257049321,76db4446-e9eb-451d-91f6-dff207641875,323827b8-1a03-4006-b8ea-03cd37893420,819.63,INR,success,2026-05-23 07:45:20.319271+00:00
829816c7-5009-4ee9-a685-8a09bcf7c85e,2af7a459-34e3-4991-967f-dfc08ab23f3f,dfc17f00-a77c-4b6e-8f9e-93f43685e686,7744fa42-7f70-4e6d-b10b-f65ef62a5ae5,2028.27,INR,success,2026-05-26 16:42:10.052200+00:00
39888174-0d82-4609-b4ba-926becf1d888,a0853813-f2ee-4939-91fa-d833f6a4bcfc,47697492-c5e7-4863-b2ef-3647295941f4,5d8c5a3b-b99a-4045-9403-8638841ea830,5938.85,INR,success,2026-05-02 09:34:34.641604+00:00
dcf18f7e-0d77-4e37-80ef-3799c946446f,0c5cbe1d-5a1f-4751-a5e2-556d47381b3c,f71d322f-a340-45ec-96f9-c200216e78c6,140bcb0a-2e43-4b5d-89cc-b93e848f31b3,926.33,INR,success,2026-05-21 20:35:33.987166+00:00
78a2e506-e283-43fd-aaf9-3deb4f6c3664,0c5cbe1d-5a1f-4751-a5e2-556d47381b3c,f71d322f-a340-45ec-96f9-c200216e78c6,140bcb0a-2e43-4b5d-89cc-b93e848f31b3,700.12,INR,success,2026-05-28 05:50:32.718140+00:00
38ae445d-b1d6-4823-a363-5a4e3f2ed809,0c5cbe1d-5a1f-4751-a5e2-556d47381b3c,f71d322f-a340-45ec-96f9-c200216e78c6,140bcb0a-2e43-4b5d-89cc-b93e848f31b3,1076.16,INR,success,2026-05-28 14:33:49.454537+00:00
d4980154-2405-4ddc-880a-083ac74eda90,8f4a6d33-69e3-4f54-a2a5-1207bf1ada95,04b03a40-5a00-467e-ac88-1b4f1a4b4289,cb64e31d-e00b-4073-85c7-186945e131bd,2815.31,INR,success,2026-04-23 01:18:12.769067+00:00
1dc5a16c-bb54-4115-ad5e-d25f6085bf42,8f4a6d33-69e3-4f54-a2a5-1207bf1ada95,04b03a40-5a00-467e-ac88-1b4f1a4b4289,cb64e31d-e00b-4073-85c7-186945e131bd,1821.01,INR,success,2026-05-26 13:53:09.040250+00:00
24789959-0a3e-489e-9598-43bda81712b0,5ebf8cad-a397-429f-9197-3d70702fd5e2,f97f7f89-3526-44fd-b974-faac71d95543,3009e0b8-ef22-4c8b-a77b-c5a1101dd267,1581.79,INR,success,2026-05-30 12:30:31.904103+00:00
8f9b3387-53d5-4e5f-ad17-670f43a78e9b,5ebf8cad-a397-429f-9197-3d70702fd5e2,f97f7f89-3526-44fd-b974-faac71d95543,3009e0b8-ef22-4c8b-a77b-c5a1101dd267,2233.95,INR,success,2026-05-30 23:38:03.165171+00:00
e9399884-0dae-4cc6-ad33-0ee429cb06ca,5ebf8cad-a397-429f-9197-3d70702fd5e2,f97f7f89-3526-44fd-b974-faac71d95543,3009e0b8-ef22-4c8b-a77b-c5a1101dd267,550.83,INR,success,2026-05-31 05:26:00.418999+00:00
176f4fbb-3b42-4fc3-ab4f-4ba534a23ca1,5ebf8cad-a397-429f-9197-3d70702fd5e2,f97f7f89-3526-44fd-b974-faac71d95543,3009e0b8-ef22-4c8b-a77b-c5a1101dd267,1620.96,INR,success,2026-05-31 09:04:05.147177+00:00
5c32361f-7f8f-4d91-8a2d-39789c31fd09,5ebf8cad-a397-429f-9197-3d70702fd5e2,f97f7f89-3526-44fd-b974-faac71d95543,3009e0b8-ef22-4c8b-a77b-c5a1101dd267,2434.09,INR,success,2026-05-31 23:11:52.536574+00:00
daca242b-8b47-44f7-9507-9dde5697e18a,490deebf-037e-45d1-acee-d8add17eadb6,64e3ab70-9f32-4d7d-93b9-6a43fbf3ad60,84ff74e5-0681-4f2a-9dc4-0d7e48de73b5,451.53,INR,success,2026-04-01 14:40:24.528336+00:00
28654334-c286-485c-b8a2-d298fb70fd2f,490deebf-037e-45d1-acee-d8add17eadb6,64e3ab70-9f32-4d7d-93b9-6a43fbf3ad60,84ff74e5-0681-4f2a-9dc4-0d7e48de73b5,1089.45,INR,success,2026-04-24 18:05:02.475899+00:00
a75abce4-6f85-45c8-9047-6655b8175564,490deebf-037e-45d1-acee-d8add17eadb6,64e3ab70-9f32-4d7d-93b9-6a43fbf3ad60,84ff74e5-0681-4f2a-9dc4-0d7e48de73b5,554.42,INR,success,2026-05-12 17:20:39.263723+00:00
d634566d-ed7d-4f7d-b9f9-4fb4f52a8046,490deebf-037e-45d1-acee-d8add17eadb6,64e3ab70-9f32-4d7d-93b9-6a43fbf3ad60,84ff74e5-0681-4f2a-9dc4-0d7e48de73b5,977.69,INR,success,2026-05-18 02:59:09.292915+00:00
f7b73b1f-9e9e-4e77-b178-19351681cedc,201b39a1-c1a3-49e9-885a-c270609ee677,137f37e4-e8da-474a-b649-e7d193108bc3,f5ee7504-e70e-4ef6-a993-a2696ca9929a,726.07,INR,success,2026-04-22 10:15:10.169675+00:00
ff76d951-6859-4453-b292-7466eea40b92,201b39a1-c1a3-49e9-885a-c270609ee677,137f37e4-e8da-474a-b649-e7d193108bc3,f5ee7504-e70e-4ef6-a993-a2696ca9929a,1062.84,INR,success,2026-04-23 09:26:17.605418+00:00
e01ec827-c3c8-4fc5-ab26-4befc9d18c6b,201b39a1-c1a3-49e9-885a-c270609ee677,137f37e4-e8da-474a-b649-e7d193108bc3,f5ee7504-e70e-4ef6-a993-a2696ca9929a,1275.47,INR,success,2026-05-17 00:07:21.988159+00:00
643152c7-4830-4cad-9a12-057fbe0aad5e,201b39a1-c1a3-49e9-885a-c270609ee677,137f37e4-e8da-474a-b649-e7d193108bc3,f5ee7504-e70e-4ef6-a993-a2696ca9929a,879.48,INR,success,2026-05-24 00:34:57.636829+00:00
27098a9b-bedf-499c-b1de-54aa47215f4e,201b39a1-c1a3-49e9-885a-c270609ee677,137f37e4-e8da-474a-b649-e7d193108bc3,f5ee7504-e70e-4ef6-a993-a2696ca9929a,753.47,INR,success,2026-05-29 09:49:31.584278+00:00
e57b523c-96ee-46e6-b58e-fa9544f910db,15a96b22-011e-4eac-a492-d5c53e3f15bc,ee711fc3-75b3-4f4c-b487-fad10cea0fb8,7382afb7-6f7f-401f-a782-fb9ea9f9da68,406.96,INR,success,2026-05-11 01:12:36.305796+00:00
cc4d2140-f50e-4d58-a60d-821611d03c3c,bef0a6f8-f0bb-44fa-8564-f4fb5940c9d2,764edcea-4ef7-43b6-b2f7-502ce9866396,9708d3c2-dc71-4664-b95b-b67ecfff3ac6,738.19,INR,success,2026-05-29 22:51:24.559841+00:00
ae364069-fc3c-4dfc-81ee-109d1549821e,bef0a6f8-f0bb-44fa-8564-f4fb5940c9d2,764edcea-4ef7-43b6-b2f7-502ce9866396,9708d3c2-dc71-4664-b95b-b67ecfff3ac6,1252.5,INR,success,2026-05-30 11:19:02.250614+00:00
9fbf00f6-254b-4bb3-8c0d-967453f06868,e04529ba-4d90-4f7d-ab9a-f7cd2476fb56,035c1f80-1113-4aa1-b467-65b5fccf8a92,9f067452-ed5b-4f6f-9e9b-4be4bc8e1d7e,6170.34,INR,success,2026-05-18 08:54:56.944082+00:00
91ac7f84-fa66-47bf-b50b-3514453b4cbe,e11433fb-051b-4b00-ba73-7fe1c0197f6c,d0ea7b19-fa0e-4f55-82a1-33685087b036,e4d0ed3b-8917-4378-b292-cb9104ff2581,223.13,INR,success,2026-04-30 12:51:34.426874+00:00
1e72b00a-320f-4592-98be-f1273b1fce5e,e11433fb-051b-4b00-ba73-7fe1c0197f6c,d0ea7b19-fa0e-4f55-82a1-33685087b036,e4d0ed3b-8917-4378-b292-cb9104ff2581,242.2,INR,success,2026-05-08 22:52:19.794573+00:00
a6216706-7a38-4a88-a529-6092f48f259e,e11433fb-051b-4b00-ba73-7fe1c0197f6c,d0ea7b19-fa0e-4f55-82a1-33685087b036,e4d0ed3b-8917-4378-b292-cb9104ff2581,317.54,INR,success,2026-05-12 07:00:41.889714+00:00
f18578f6-f0bb-4c3d-aeec-c1e46af3095a,e11433fb-051b-4b00-ba73-7fe1c0197f6c,d0ea7b19-fa0e-4f55-82a1-33685087b036,e4d0ed3b-8917-4378-b292-cb9104ff2581,245.19,INR,success,2026-05-28 17:20:47.213152+00:00
ff31dbd4-adc1-4df9-b7b0-aa39d7a75a8e,15eedc60-ed4d-47cb-bc3d-cc2d3ccb42fb,28a0d2c0-24da-444d-9179-f88b5acb9d02,b041ec9c-5e03-41ff-8506-3ea634751568,4217.38,INR,success,2026-03-21 13:14:47.109644+00:00
a858c397-4c44-432c-9795-32605a92910e,4cb2f3ac-7a6e-4b59-ac7b-6c776437b41a,ef67f27e-2ffe-453c-8e42-9b701b4bbd9b,521913e0-175a-4740-b2ba-69c3f6fca5ce,1068.3,INR,success,2026-04-20 16:04:41.465370+00:00
3e34c47f-dcf3-40d0-849a-e2ea9227483d,4cb2f3ac-7a6e-4b59-ac7b-6c776437b41a,ef67f27e-2ffe-453c-8e42-9b701b4bbd9b,521913e0-175a-4740-b2ba-69c3f6fca5ce,4224.64,INR,success,2026-05-04 20:28:53.075362+00:00
0c5168a8-2a70-452e-b5b5-49b3593b53f6,4cb2f3ac-7a6e-4b59-ac7b-6c776437b41a,ef67f27e-2ffe-453c-8e42-9b701b4bbd9b,521913e0-175a-4740-b2ba-69c3f6fca5ce,2932.48,INR,success,2026-05-26 06:37:05.515461+00:00
934419fe-9838-4fa0-b5bb-197c622f0ec1,4cb2f3ac-7a6e-4b59-ac7b-6c776437b41a,ef67f27e-2ffe-453c-8e42-9b701b4bbd9b,521913e0-175a-4740-b2ba-69c3f6fca5ce,4204.21,INR,success,2026-05-28 03:55:26.939465+00:00
1e9a6d05-5fb0-4c8e-8cde-bd5f87e5f6d8,7c8bfd55-1532-4323-b83e-aa2f50c32933,11ab0272-20f5-47a1-8321-5b2998b9cbfd,a584826e-5062-4bc0-8187-35422d6afcd8,4025.92,INR,success,2026-04-09 18:16:39.992932+00:00
e69e9df9-0517-405f-8808-1384a05a2834,3282e500-3ea9-42e5-9b91-80ccbecd2206,47191259-9cb8-4a60-8d95-35fe071a091e,0ffc2fd6-30eb-459a-b7c4-e2277397383b,551.27,INR,success,2026-05-17 18:52:03.333191+00:00
714842d5-577e-4347-acda-c996efef207c,3282e500-3ea9-42e5-9b91-80ccbecd2206,47191259-9cb8-4a60-8d95-35fe071a091e,0ffc2fd6-30eb-459a-b7c4-e2277397383b,140.32,INR,success,2026-05-31 10:57:53.415396+00:00
cd57d60a-fa3a-41db-9e4c-84da32643ffb,4236c798-772a-4c28-87b8-ef6a610d9381,5d5e3ac5-5344-4a6a-b1dd-5cc54e7f0ad4,58f4b1ab-d5d4-4722-b52e-531558f911ac,333.74,INR,success,2026-05-11 22:40:08.871901+00:00
fbe544ce-2561-48f2-9d41-4a2c212c8af4,4236c798-772a-4c28-87b8-ef6a610d9381,5d5e3ac5-5344-4a6a-b1dd-5cc54e7f0ad4,58f4b1ab-d5d4-4722-b52e-531558f911ac,125.48,INR,success,2026-05-30 11:42:55.401897+00:00
299cc55e-5723-4037-96ab-7eba20f6361e,078563e9-43af-40a6-969d-89d5d5221ec3,9dc016bb-38c0-422a-8b5f-62ff647780b3,5b0223a0-815c-47ad-a8e0-f56e4b1bda3b,652.69,INR,success,2026-05-24 08:02:50.720471+00:00
7276de3d-39bd-406b-a513-39f4bde1b026,078563e9-43af-40a6-969d-89d5d5221ec3,9dc016bb-38c0-422a-8b5f-62ff647780b3,5b0223a0-815c-47ad-a8e0-f56e4b1bda3b,576.74,INR,success,2026-05-28 21:15:51.807136+00:00
a18d4973-4e9f-4b8e-aab1-70574afffc93,078563e9-43af-40a6-969d-89d5d5221ec3,9dc016bb-38c0-422a-8b5f-62ff647780b3,5b0223a0-815c-47ad-a8e0-f56e4b1bda3b,653.6,INR,success,2026-05-29 17:24:22.291486+00:00
d72c4cba-1fd9-4736-8aad-52534fe47686,078563e9-43af-40a6-969d-89d5d5221ec3,9dc016bb-38c0-422a-8b5f-62ff647780b3,5b0223a0-815c-47ad-a8e0-f56e4b1bda3b,311.03,INR,success,2026-05-29 18:03:25.363739+00:00
aff789de-bbf8-4087-b241-3db0ef4a4fde,078563e9-43af-40a6-969d-89d5d5221ec3,9dc016bb-38c0-422a-8b5f-62ff647780b3,5b0223a0-815c-47ad-a8e0-f56e4b1bda3b,1089.42,INR,success,2026-05-31 08:26:33.073808+00:00
cda55d01-b90c-48e7-b6d2-43536260eda4,641e68c7-0cbd-418c-9bb1-127f058da415,cb5a2182-7bf9-450e-8ee4-2e92bcb3f1bf,200d80b6-4330-49ba-ba0f-f00e8910bdbe,100.93,INR,success,2026-04-27 12:16:51.874351+00:00
23902a76-ecb6-42d7-bd67-13aa01c44e5f,641e68c7-0cbd-418c-9bb1-127f058da415,cb5a2182-7bf9-450e-8ee4-2e92bcb3f1bf,200d80b6-4330-49ba-ba0f-f00e8910bdbe,484.95,INR,success,2026-05-01 21:11:05.581116+00:00
1003da8a-6854-4bfc-8025-b57b158d17ce,641e68c7-0cbd-418c-9bb1-127f058da415,cb5a2182-7bf9-450e-8ee4-2e92bcb3f1bf,200d80b6-4330-49ba-ba0f-f00e8910bdbe,316.63,INR,success,2026-05-13 23:14:11.785567+00:00
0a51adae-eaf5-4466-8ce5-39a5a33b8356,742769d8-7b6b-4efa-8bdb-34ba00fbb821,b959f7d3-a61c-470c-a1a9-1122c1721d26,f2479b78-0b3c-4d2c-ab93-4da5afcea7c1,4394.39,INR,success,2026-05-18 11:57:07.047164+00:00
903c8bdb-e824-4bdc-8d31-6cad6d14408a,742769d8-7b6b-4efa-8bdb-34ba00fbb821,b959f7d3-a61c-470c-a1a9-1122c1721d26,f2479b78-0b3c-4d2c-ab93-4da5afcea7c1,3693.2,INR,success,2026-05-24 11:56:45.974551+00:00
7f96c09c-ce6e-4390-8827-fd6ee8f4ef08,742769d8-7b6b-4efa-8bdb-34ba00fbb821,b959f7d3-a61c-470c-a1a9-1122c1721d26,f2479b78-0b3c-4d2c-ab93-4da5afcea7c1,6942.31,INR,success,2026-05-28 11:11:07.846101+00:00
afb4a5f8-028d-4556-b33b-61c4684a5e0d,742769d8-7b6b-4efa-8bdb-34ba00fbb821,b959f7d3-a61c-470c-a1a9-1122c1721d26,f2479b78-0b3c-4d2c-ab93-4da5afcea7c1,6904.33,INR,success,2026-05-30 00:11:55.733378+00:00
4e7f8244-626e-4848-ad43-ef33039b83c7,e2e1aa11-ab15-4cca-88fb-9f6cedadf7e0,28338f93-a688-4523-b0a5-86ac0bc16b7b,704edd5f-0f0d-41ce-b1be-8c61da13bdb3,6363.11,INR,success,2026-05-12 00:04:02.330281+00:00
c0d659c3-b1e1-4766-85c6-2f9f37df893a,e2e1aa11-ab15-4cca-88fb-9f6cedadf7e0,28338f93-a688-4523-b0a5-86ac0bc16b7b,704edd5f-0f0d-41ce-b1be-8c61da13bdb3,1074.43,INR,success,2026-05-20 01:12:22.873014+00:00
5b78726c-f501-41be-a5aa-108b7bb039ac,e2e1aa11-ab15-4cca-88fb-9f6cedadf7e0,28338f93-a688-4523-b0a5-86ac0bc16b7b,704edd5f-0f0d-41ce-b1be-8c61da13bdb3,5604.42,INR,success,2026-05-22 23:16:41.931593+00:00
c5a02cf3-efa6-43b4-a7e8-24c17648c829,430a8781-ce36-4894-808a-ee7366c41bc7,15eeead1-7cdb-4b25-b843-0e10b4fe773c,08e7fdea-8f49-4cb4-afc5-cf8db628762c,10.0,INR,success,2026-05-09 09:15:57.905754+00:00
0b8a7948-9fa8-4960-973e-a19a6a7b65cc,dc248473-dca5-450f-8038-22776deb218b,6c5b0cb9-85ae-47d2-8ed3-8f30b3e5b937,decea081-0e90-4730-9875-69c57a7f2f81,1678.38,INR,success,2026-05-01 13:08:36.492128+00:00
b58af5e5-4857-45d7-9b07-6d477a748367,9cbb7b69-7e5d-49ed-a33b-1ee13f15668e,913a16ad-1003-4aaf-88e6-dc71b889ab55,b39e538c-c1f6-4dae-901f-18220b1d1d92,605.79,INR,success,2026-05-15 09:28:32.022428+00:00
e17bcb12-92e9-4765-8b78-527aec55f19c,9cbb7b69-7e5d-49ed-a33b-1ee13f15668e,913a16ad-1003-4aaf-88e6-dc71b889ab55,b39e538c-c1f6-4dae-901f-18220b1d1d92,2152.26,INR,success,2026-05-22 19:04:55.566053+00:00
73746eee-ed8a-4e7e-91f7-7871c2394b29,d28be0c2-0a3e-4f0e-a9e9-4e035123f502,59490383-05d7-4098-b624-f6442c14b64e,33586c68-79b7-46cf-8a82-18e24031352d,3252.69,INR,success,2026-03-28 05:50:00.015744+00:00
2ed8114b-c248-4a48-aad4-b58be91ceaf0,d28be0c2-0a3e-4f0e-a9e9-4e035123f502,59490383-05d7-4098-b624-f6442c14b64e,33586c68-79b7-46cf-8a82-18e24031352d,4890.5,INR,success,2026-03-29 04:38:35.201516+00:00
197e3d39-0eab-4616-a849-4a7dd511be90,d28be0c2-0a3e-4f0e-a9e9-4e035123f502,59490383-05d7-4098-b624-f6442c14b64e,33586c68-79b7-46cf-8a82-18e24031352d,1327.08,INR,success,2026-04-04 11:17:02.765767+00:00
344587f3-6452-48ef-b7dd-5be64e233ca4,d28be0c2-0a3e-4f0e-a9e9-4e035123f502,59490383-05d7-4098-b624-f6442c14b64e,33586c68-79b7-46cf-8a82-18e24031352d,3048.12,INR,success,2026-04-09 06:12:49.456526+00:00
06e82941-fa10-4e49-93f9-4525270b0e9f,d28be0c2-0a3e-4f0e-a9e9-4e035123f502,59490383-05d7-4098-b624-f6442c14b64e,33586c68-79b7-46cf-8a82-18e24031352d,3400.71,INR,success,2026-05-30 08:26:50.087043+00:00
b6175eee-beb5-4411-86d1-eec674ff1f91,8d7d46d5-3043-44ad-8d06-3c7096705d46,5283069e-9444-4dd6-a7b3-ee5eb360e7eb,822fb47e-cb00-4c89-afed-5e4fa99eaa99,471.67,INR,success,2026-05-01 08:21:37.343690+00:00
c6a27a6c-eeba-4d6c-a584-7d89089f2d1a,8d7d46d5-3043-44ad-8d06-3c7096705d46,5283069e-9444-4dd6-a7b3-ee5eb360e7eb,822fb47e-cb00-4c89-afed-5e4fa99eaa99,653.6,INR,success,2026-05-06 11:15:36.462839+00:00
3bc3aafc-325e-42a4-9781-b7f4bd9d9b74,8d7d46d5-3043-44ad-8d06-3c7096705d46,5283069e-9444-4dd6-a7b3-ee5eb360e7eb,822fb47e-cb00-4c89-afed-5e4fa99eaa99,992.96,INR,success,2026-05-17 10:10:47.881992+00:00
6bcb66d4-32aa-459f-aa61-ba7c3361b0cc,8d7d46d5-3043-44ad-8d06-3c7096705d46,5283069e-9444-4dd6-a7b3-ee5eb360e7eb,822fb47e-cb00-4c89-afed-5e4fa99eaa99,1156.6,INR,success,2026-05-30 22:47:01.502573+00:00
b241f6e7-78c1-4dbc-92e2-eb0c2766e9df,6c9da0d6-de12-413d-be8c-15f46399fd03,48e6920c-27b2-4c6d-8885-63ab3da40be3,ffed7e2d-a529-48db-bc80-2459a61c9d8c,1563.48,INR,success,2026-04-23 11:14:11.508021+00:00
c49421c3-1506-4075-bb82-624ef60de48d,6c9da0d6-de12-413d-be8c-15f46399fd03,48e6920c-27b2-4c6d-8885-63ab3da40be3,ffed7e2d-a529-48db-bc80-2459a61c9d8c,2368.47,INR,success,2026-04-30 07:28:12.183034+00:00
c4e42c72-fbc1-4561-8f04-a136c20318cc,6c9da0d6-de12-413d-be8c-15f46399fd03,48e6920c-27b2-4c6d-8885-63ab3da40be3,ffed7e2d-a529-48db-bc80-2459a61c9d8c,758.32,INR,success,2026-05-01 18:51:13.025090+00:00
de254c79-0d68-4346-a3a4-7b7742177bcc,6c9da0d6-de12-413d-be8c-15f46399fd03,48e6920c-27b2-4c6d-8885-63ab3da40be3,ffed7e2d-a529-48db-bc80-2459a61c9d8c,651.75,INR,success,2026-05-30 13:37:58.219113+00:00
fa2f0a28-1285-4fcd-be5d-14c3ed3d0ed4,6c9da0d6-de12-413d-be8c-15f46399fd03,48e6920c-27b2-4c6d-8885-63ab3da40be3,ffed7e2d-a529-48db-bc80-2459a61c9d8c,1137.04,INR,success,2026-05-31 06:18:42.727725+00:00
3c77d60a-be1b-4b41-9e22-e45aa0a3b755,0645c09d-67c4-4981-8878-76f55016e487,cfafd971-5870-453c-838a-98e6317203c6,a0d0436c-d884-46e2-a3ae-0eaadd9cdd6e,4650.54,INR,success,2026-04-29 14:37:30.619628+00:00
0bc7f91f-b5fc-475b-9b99-7e7c3ecf4ea3,0645c09d-67c4-4981-8878-76f55016e487,cfafd971-5870-453c-838a-98e6317203c6,a0d0436c-d884-46e2-a3ae-0eaadd9cdd6e,3296.2,INR,success,2026-05-10 08:52:32.937604+00:00
90381f82-b074-47cf-8da8-3ac9f0981a06,0645c09d-67c4-4981-8878-76f55016e487,cfafd971-5870-453c-838a-98e6317203c6,a0d0436c-d884-46e2-a3ae-0eaadd9cdd6e,2877.71,INR,success,2026-05-11 05:09:33.911537+00:00
a5720564-2689-4105-82dd-65422b484801,3dcb53a4-0ff9-489c-ac05-ebadd817864d,ad4bb2cf-5906-4c44-8e75-a57eee6c7cde,01a29c6b-dd3b-4831-b93b-377089145256,4081.58,INR,success,2026-05-25 14:10:47.672377+00:00
41fd5d1a-dfad-406f-9121-467a49f838fd,3dcb53a4-0ff9-489c-ac05-ebadd817864d,ad4bb2cf-5906-4c44-8e75-a57eee6c7cde,01a29c6b-dd3b-4831-b93b-377089145256,3437.92,INR,success,2026-05-25 16:18:45.415926+00:00
4dc75c85-67bf-4ef6-a28f-44ec39884656,3dcb53a4-0ff9-489c-ac05-ebadd817864d,ad4bb2cf-5906-4c44-8e75-a57eee6c7cde,01a29c6b-dd3b-4831-b93b-377089145256,3929.26,INR,success,2026-05-28 20:48:02.445230+00:00
9fdb49bf-fa48-4bb8-aee2-9227b35e10c8,3dcb53a4-0ff9-489c-ac05-ebadd817864d,ad4bb2cf-5906-4c44-8e75-a57eee6c7cde,01a29c6b-dd3b-4831-b93b-377089145256,2354.11,INR,success,2026-05-30 10:09:11.638443+00:00
37a27fb2-e04b-4320-bee6-75f59e0831b6,b410597d-7618-4286-9575-01be7c41fde8,da50578b-3e5b-4c00-be01-e2b0a7cb61e5,82537286-c1c8-46b3-9e3e-ad7a51348ef8,2918.18,INR,success,2026-05-30 18:20:55.113571+00:00
0f745d03-986e-4a1e-ad37-e2dd861ca0b0,9d684532-73f1-4908-97f7-bf8e00783ed4,217043d8-455d-476e-a354-5db972e5c8bd,a987c98b-ead2-41d6-9b41-40801e35861f,3514.65,INR,success,2026-04-17 08:31:38.362976+00:00
6a40ac2c-998c-4f2c-9b34-b4d7834c8209,9d684532-73f1-4908-97f7-bf8e00783ed4,217043d8-455d-476e-a354-5db972e5c8bd,a987c98b-ead2-41d6-9b41-40801e35861f,3572.94,INR,success,2026-05-28 00:05:12.862749+00:00
cbba788f-d957-42d7-b849-5cc64ef8eeed,9d684532-73f1-4908-97f7-bf8e00783ed4,217043d8-455d-476e-a354-5db972e5c8bd,a987c98b-ead2-41d6-9b41-40801e35861f,2721.67,INR,success,2026-05-30 22:34:13.031311+00:00
dd1a3871-e7ea-459e-882a-2d11db0bcd5a,5b5a3c92-b7c0-44b1-8d36-88c0e48e737d,76f54282-b4e6-4c94-acc8-083a768fb7ab,aafdc6aa-fcb5-486a-9ee0-7da75015adf1,1865.65,INR,success,2026-03-26 07:57:24.536758+00:00
3ccafe4c-ba9c-4ba2-b1cb-b20351b86ced,2b0a5daf-8d8c-449d-b50b-36a253445544,28491a56-519b-426f-80e5-30e07c51a853,dcd0bb27-feaf-4a57-910c-b177c672ffe6,2547.42,INR,success,2026-04-27 02:55:43.845764+00:00
49840887-78b5-4441-a37d-8f4c7d76a4a2,2b0a5daf-8d8c-449d-b50b-36a253445544,28491a56-519b-426f-80e5-30e07c51a853,dcd0bb27-feaf-4a57-910c-b177c672ffe6,9014.42,INR,success,2026-05-09 23:14:54.642919+00:00
6f7cddeb-5a05-4f04-b28f-acb487bfce29,2b0a5daf-8d8c-449d-b50b-36a253445544,28491a56-519b-426f-80e5-30e07c51a853,dcd0bb27-feaf-4a57-910c-b177c672ffe6,4089.08,INR,success,2026-05-14 05:09:02.312171+00:00
37e7e939-47c3-4264-a84a-5c3f9cd5e93a,2b0a5daf-8d8c-449d-b50b-36a253445544,28491a56-519b-426f-80e5-30e07c51a853,dcd0bb27-feaf-4a57-910c-b177c672ffe6,4043.31,INR,success,2026-05-19 06:34:49.096926+00:00
ef0bfa62-4066-4b37-824e-81c309a1c195,2b0a5daf-8d8c-449d-b50b-36a253445544,28491a56-519b-426f-80e5-30e07c51a853,dcd0bb27-feaf-4a57-910c-b177c672ffe6,8302.44,INR,success,2026-05-19 19:00:56.582130+00:00
de7ed2e0-03a7-4fe8-9bca-4b043806c4d3,9a4be273-dc29-48da-bbd4-e70c919d36de,eedf5a3a-1764-4a8a-81d2-b09ed17f0483,07a9b7d5-12b0-4d1c-9454-609f9fd77777,1588.46,INR,success,2026-04-07 18:42:12.624822+00:00
5d8bc6e2-6051-45b2-8627-a1620fcd0a92,9a4be273-dc29-48da-bbd4-e70c919d36de,eedf5a3a-1764-4a8a-81d2-b09ed17f0483,07a9b7d5-12b0-4d1c-9454-609f9fd77777,349.52,INR,success,2026-04-26 17:15:57.232533+00:00
69719dc5-b3e9-49d7-881f-1872a4aab9db,9a4be273-dc29-48da-bbd4-e70c919d36de,eedf5a3a-1764-4a8a-81d2-b09ed17f0483,07a9b7d5-12b0-4d1c-9454-609f9fd77777,2505.19,INR,success,2026-05-20 19:30:12.491486+00:00
42244728-338c-4efd-8b65-009d33516ddb,9a4be273-dc29-48da-bbd4-e70c919d36de,eedf5a3a-1764-4a8a-81d2-b09ed17f0483,07a9b7d5-12b0-4d1c-9454-609f9fd77777,3513.03,INR,success,2026-05-23 01:02:12.568278+00:00
cc99e862-6d3a-40e4-a14d-fbd6eb77b9ce,f85bbda4-9106-43a6-9c94-89e6aa3ff710,7e0dd3cd-4dd7-4d14-ad8d-d6431fb5959b,aacc6559-5eeb-4dd1-863c-62438aea1898,3155.41,INR,success,2026-05-19 12:36:01.020717+00:00
ea668aa9-de36-4a98-85e2-4ffdab8d4435,f85bbda4-9106-43a6-9c94-89e6aa3ff710,7e0dd3cd-4dd7-4d14-ad8d-d6431fb5959b,aacc6559-5eeb-4dd1-863c-62438aea1898,2130.31,INR,success,2026-05-24 23:10:34.937160+00:00
f23e6b66-99e9-40c3-a3de-7f6b245b176b,f2595d29-6671-44ff-bd3e-42cd04b70bd6,e83a338f-4d2c-4514-a198-8fb34cc930e6,68f03cff-485e-433b-855d-9b8be907e91a,5645.14,INR,success,2026-05-28 00:42:02.126068+00:00
0301a4ca-5269-408d-86b2-6223c4ca1e19,a7e01eb0-3f87-4b40-b84b-f9f178add171,83992b92-cf42-49d3-b474-92603b6a4b84,384fc2a9-bab1-439c-b0bb-a14421be595d,2892.59,INR,success,2026-05-31 08:38:37.496912+00:00
da9283d7-f9c7-46d6-8532-654bc63caeef,ec0cbbde-25e1-4f75-9c1c-2c92eb454985,80b63939-5d4d-41dc-b43b-8938f53a4eb9,e9bf2e40-0092-4186-86f7-b2d3a09b8ab7,1310.02,INR,success,2026-05-12 01:56:18.358383+00:00
3c4a44c2-b1ac-42e3-937f-06a17beb9546,ec0cbbde-25e1-4f75-9c1c-2c92eb454985,80b63939-5d4d-41dc-b43b-8938f53a4eb9,e9bf2e40-0092-4186-86f7-b2d3a09b8ab7,1249.03,INR,success,2026-05-26 11:41:15.471596+00:00
84ffacdd-809d-4570-a9cf-44a9e027c1d9,da1f9266-b90c-4187-a5a4-a7d58b602cc7,9dfe0617-7fa9-4d97-8e7a-954b692bc3b5,edc8dac7-c897-44ae-b27d-2dd6599ee03a,2458.27,INR,success,2026-05-07 07:40:13.271172+00:00
413bd7bb-c0d7-4f95-8b8d-fa6821182a19,da1f9266-b90c-4187-a5a4-a7d58b602cc7,9dfe0617-7fa9-4d97-8e7a-954b692bc3b5,edc8dac7-c897-44ae-b27d-2dd6599ee03a,1476.42,INR,success,2026-05-12 04:41:50.003904+00:00
3d71cce1-d2d5-428d-8791-0e738ee7659b,da1f9266-b90c-4187-a5a4-a7d58b602cc7,9dfe0617-7fa9-4d97-8e7a-954b692bc3b5,edc8dac7-c897-44ae-b27d-2dd6599ee03a,3956.45,INR,success,2026-05-22 00:31:54.177389+00:00
f4111d55-61cf-4352-a448-f016cda1c63d,ec1004ca-c839-44db-9f71-97c5e77e2028,82bd1023-9a6e-4a0e-b42d-d42a9bae90e6,508e7ebe-87dd-43d7-8065-ca438237243b,6156.38,INR,success,2026-04-05 00:08:06.198258+00:00
ca3d4083-a49f-4cbe-addd-074223c10204,ec1004ca-c839-44db-9f71-97c5e77e2028,82bd1023-9a6e-4a0e-b42d-d42a9bae90e6,508e7ebe-87dd-43d7-8065-ca438237243b,4160.98,INR,success,2026-05-03 04:07:32.794812+00:00
b44ac9a9-9d49-41db-8ff0-e36e1d27aede,ec1004ca-c839-44db-9f71-97c5e77e2028,82bd1023-9a6e-4a0e-b42d-d42a9bae90e6,508e7ebe-87dd-43d7-8065-ca438237243b,4570.46,INR,success,2026-05-04 14:46:40.371010+00:00
13b10c0f-93e2-4953-8797-2c9dc701b7fb,ec1004ca-c839-44db-9f71-97c5e77e2028,82bd1023-9a6e-4a0e-b42d-d42a9bae90e6,508e7ebe-87dd-43d7-8065-ca438237243b,8492.0,INR,success,2026-05-22 08:00:01.613033+00:00
9f3a8ce7-c4b2-4826-94ac-e80ca805b5b4,f3af2598-7385-443e-b9e2-ef5c16ca79ad,54dcd55d-2448-48b3-94ca-9df15a7849d2,608ce1cf-fbaa-4fcc-b540-2fe4b6dc1209,4041.44,INR,success,2026-05-29 16:08:57.952172+00:00
bbfd29ad-8d47-4704-9aac-19b411a88be7,f3af2598-7385-443e-b9e2-ef5c16ca79ad,54dcd55d-2448-48b3-94ca-9df15a7849d2,608ce1cf-fbaa-4fcc-b540-2fe4b6dc1209,4098.72,INR,success,2026-05-29 17:38:31.036980+00:00
f721d8dc-f52d-4a2b-af2d-3b850c04902a,f3af2598-7385-443e-b9e2-ef5c16ca79ad,54dcd55d-2448-48b3-94ca-9df15a7849d2,608ce1cf-fbaa-4fcc-b540-2fe4b6dc1209,10.0,INR,success,2026-05-30 23:51:40.304078+00:00
867748a0-37fa-4232-9525-1859a44637e6,f3af2598-7385-443e-b9e2-ef5c16ca79ad,54dcd55d-2448-48b3-94ca-9df15a7849d2,608ce1cf-fbaa-4fcc-b540-2fe4b6dc1209,2593.0,INR,success,2026-05-31 17:59:14.326981+00:00
c47ce66b-1510-4ee3-8303-b483dc99c6d0,ac5fc6bb-f7dc-47ee-8aa8-a4c9e052dd2a,3956e038-8eeb-4369-ae26-49e428cf8e81,2075c0e6-67fd-4b6f-b4f6-3f634877810a,1608.12,INR,success,2026-05-24 10:20:34.003886+00:00
aeaebee2-8bf0-4f9c-9db0-821cb9ab35a5,ac5fc6bb-f7dc-47ee-8aa8-a4c9e052dd2a,3956e038-8eeb-4369-ae26-49e428cf8e81,2075c0e6-67fd-4b6f-b4f6-3f634877810a,1725.3,INR,success,2026-05-28 00:15:06.441642+00:00
319616c4-d32d-4b14-8de2-83e3ae615813,8c51fc2c-b7e3-420e-8c41-7eac253f4db3,e4bbbb3e-15b9-47ca-97fb-5cf506ddefe7,0ca5c8f0-79a0-4a9c-b82f-f1fed1655b30,1940.45,INR,success,2026-04-08 08:17:03.414718+00:00
79f74f50-9f2a-427f-a19c-8c083290c7d0,8c51fc2c-b7e3-420e-8c41-7eac253f4db3,e4bbbb3e-15b9-47ca-97fb-5cf506ddefe7,0ca5c8f0-79a0-4a9c-b82f-f1fed1655b30,10.0,INR,success,2026-04-25 16:09:20.289523+00:00
5f2fd644-a66a-4c88-8514-ca65a74f2241,8c51fc2c-b7e3-420e-8c41-7eac253f4db3,e4bbbb3e-15b9-47ca-97fb-5cf506ddefe7,0ca5c8f0-79a0-4a9c-b82f-f1fed1655b30,10.0,INR,success,2026-05-03 19:06:09.265100+00:00
bde26cbd-ea0d-4158-9878-05895eca98f9,8c51fc2c-b7e3-420e-8c41-7eac253f4db3,e4bbbb3e-15b9-47ca-97fb-5cf506ddefe7,0ca5c8f0-79a0-4a9c-b82f-f1fed1655b30,3112.94,INR,success,2026-05-18 18:33:03.742872+00:00
4dd1ab4b-4212-4c4d-8700-ea90891ca7f1,8c51fc2c-b7e3-420e-8c41-7eac253f4db3,e4bbbb3e-15b9-47ca-97fb-5cf506ddefe7,0ca5c8f0-79a0-4a9c-b82f-f1fed1655b30,1777.01,INR,success,2026-05-27 05:19:55.392183+00:00
0fcf730c-0a87-415b-a7f8-18300674914b,ef4a3b47-d78d-45ce-872d-bbc641312056,07effa07-d51b-4d23-82ca-a5ee3fe9577d,d89459a3-8108-4526-9481-d3c238599cd4,3436.25,INR,success,2026-05-25 18:29:42.531692+00:00
9ce4dbc0-a41e-4ed0-b43b-18143f8e70c5,cee0f684-571e-41fe-9036-b1e460282169,92e44a51-1850-4372-8659-5ad121d2bd3d,33fd1553-ccba-4cdd-85c4-63c14fced6b4,868.18,INR,success,2026-04-27 09:46:19.942330+00:00
d1da975e-9091-4b44-8482-4f1b2e0aa54b,cee0f684-571e-41fe-9036-b1e460282169,92e44a51-1850-4372-8659-5ad121d2bd3d,33fd1553-ccba-4cdd-85c4-63c14fced6b4,983.44,INR,success,2026-05-31 01:24:51.725316+00:00
95849b98-441b-475c-b132-09f4901a8e88,fa9a2c1f-7c92-4a07-ab84-9829cb76c6bc,6690378b-b639-425f-8679-3fa8d6531f92,a2077844-45a1-406e-b3e3-b3c718017ce1,1826.76,INR,success,2026-05-10 06:44:31.360825+00:00
bb5acce7-4710-4363-a008-cde5bb72ff9b,fa9a2c1f-7c92-4a07-ab84-9829cb76c6bc,6690378b-b639-425f-8679-3fa8d6531f92,a2077844-45a1-406e-b3e3-b3c718017ce1,2739.89,INR,success,2026-05-16 16:21:28.154451+00:00
07bf8a79-ea3c-4c77-a21a-c113c00deb70,fa9a2c1f-7c92-4a07-ab84-9829cb76c6bc,6690378b-b639-425f-8679-3fa8d6531f92,a2077844-45a1-406e-b3e3-b3c718017ce1,1871.42,INR,success,2026-05-17 13:23:19.593117+00:00
ef029b15-4fc7-4af3-b819-36e8d22843fc,fa9a2c1f-7c92-4a07-ab84-9829cb76c6bc,6690378b-b639-425f-8679-3fa8d6531f92,a2077844-45a1-406e-b3e3-b3c718017ce1,2700.69,INR,success,2026-05-22 23:29:35.033270+00:00
302edf56-ec90-4a0a-8e04-fe4d039f7a0b,04a5d8b0-8571-4ddc-a802-b9edf1f9c9ec,fdd6a74c-14bd-4207-a150-e0714fc71280,483560e3-0e54-449c-87a2-b6dbdc60b4d3,2255.52,INR,success,2026-04-25 20:27:08.606271+00:00
a47bb38d-4053-410a-bf2d-e92d82e98409,e570445c-26c9-4290-9191-c7aaf698259e,aaefc630-8290-49a7-a59c-3f61a3bb1f46,32872e0d-3cd7-4da7-bde8-e9a2fa363611,1234.01,INR,success,2026-03-29 12:07:36.028010+00:00
cd28ac01-92dd-4d10-b04a-6799a7216e5b,e570445c-26c9-4290-9191-c7aaf698259e,aaefc630-8290-49a7-a59c-3f61a3bb1f46,32872e0d-3cd7-4da7-bde8-e9a2fa363611,3886.75,INR,success,2026-04-22 17:58:44.207998+00:00
cdd211b2-7f09-43e9-9bbe-bdc2b13472fc,e570445c-26c9-4290-9191-c7aaf698259e,aaefc630-8290-49a7-a59c-3f61a3bb1f46,32872e0d-3cd7-4da7-bde8-e9a2fa363611,2642.52,INR,success,2026-04-25 11:04:34.008387+00:00
13901cc7-8644-4bc6-b75f-5216e463effa,e570445c-26c9-4290-9191-c7aaf698259e,aaefc630-8290-49a7-a59c-3f61a3bb1f46,32872e0d-3cd7-4da7-bde8-e9a2fa363611,4211.0,INR,success,2026-05-15 03:12:23.760085+00:00
07b52672-3ae7-4c86-9d3b-6ba803c327f9,e570445c-26c9-4290-9191-c7aaf698259e,aaefc630-8290-49a7-a59c-3f61a3bb1f46,32872e0d-3cd7-4da7-bde8-e9a2fa363611,5279.33,INR,success,2026-05-15 05:44:37.941456+00:00
f4468aba-8120-4b61-9a6f-d3c2db2154d1,5e2ecf72-e9f3-44d5-b3b3-4de79370fd42,07720746-b635-44a2-b913-d6cb5a511d87,d512c259-fb0f-4795-9256-a19bf848d845,501.17,INR,success,2026-05-30 04:01:09.589505+00:00
4a64b4ea-cd33-437e-b25c-da1cdebf4603,d8780f8e-1a58-487d-ad2e-b9aeaae6cf7e,59c6b650-2ed0-4180-a267-defbd7cf20cd,2a569d91-3739-47d1-a2d6-0ef6a305624e,2824.29,INR,success,2026-05-22 18:42:51.247250+00:00
01b3848a-6217-428b-bcaa-1134ad596d5b,d8780f8e-1a58-487d-ad2e-b9aeaae6cf7e,59c6b650-2ed0-4180-a267-defbd7cf20cd,2a569d91-3739-47d1-a2d6-0ef6a305624e,323.0,INR,success,2026-05-29 11:43:48.851570+00:00
aaa4d9ab-5004-49a2-b5e7-38907ed605d8,952c5c5b-c15c-4e64-aa7e-d65d24a5d7e3,bf343aeb-e87d-4513-b5e9-0d7edc11cfb8,da655b88-1c1c-4e11-ab66-7ce79e171b22,272.18,INR,success,2026-04-08 02:38:28.540335+00:00
3d7fd1c1-f536-448c-9dcb-dc4e04b05d25,952c5c5b-c15c-4e64-aa7e-d65d24a5d7e3,bf343aeb-e87d-4513-b5e9-0d7edc11cfb8,da655b88-1c1c-4e11-ab66-7ce79e171b22,46.63,INR,success,2026-04-24 04:24:48.817865+00:00
e02c47b3-8744-4a4b-b506-4293705eaff9,952c5c5b-c15c-4e64-aa7e-d65d24a5d7e3,bf343aeb-e87d-4513-b5e9-0d7edc11cfb8,da655b88-1c1c-4e11-ab66-7ce79e171b22,511.36,INR,success,2026-05-09 22:16:45.104793+00:00
188177df-84b7-4a97-9ad0-ccef65554096,952c5c5b-c15c-4e64-aa7e-d65d24a5d7e3,bf343aeb-e87d-4513-b5e9-0d7edc11cfb8,da655b88-1c1c-4e11-ab66-7ce79e171b22,322.7,INR,success,2026-05-30 02:32:10.298049+00:00
44ea5545-60dd-4fc2-9e41-88c4b5bf32d2,03fde4b7-5857-4448-b738-53ade46a0372,69ea55d9-70ea-4dfb-a1ae-401db8c5e040,19b29055-91fc-4715-b108-c5237e376ccd,4226.08,INR,success,2026-05-27 02:37:50.489843+00:00
232e8304-869f-4dbc-bcd9-7c8f15f9c00a,03fde4b7-5857-4448-b738-53ade46a0372,69ea55d9-70ea-4dfb-a1ae-401db8c5e040,19b29055-91fc-4715-b108-c5237e376ccd,5087.44,INR,success,2026-05-28 11:34:49.487747+00:00
50be993c-f962-46aa-9def-0c67c381aa5f,03fde4b7-5857-4448-b738-53ade46a0372,69ea55d9-70ea-4dfb-a1ae-401db8c5e040,19b29055-91fc-4715-b108-c5237e376ccd,3312.18,INR,success,2026-05-28 12:50:35.091821+00:00
11ba5f83-3016-43bc-b4a1-ec7299c368e5,03fde4b7-5857-4448-b738-53ade46a0372,69ea55d9-70ea-4dfb-a1ae-401db8c5e040,19b29055-91fc-4715-b108-c5237e376ccd,3512.02,INR,success,2026-05-29 06:00:47.286902+00:00
ee3ff17d-ef47-4a6d-93ac-4535ea96dcdf,03fde4b7-5857-4448-b738-53ade46a0372,69ea55d9-70ea-4dfb-a1ae-401db8c5e040,19b29055-91fc-4715-b108-c5237e376ccd,3128.37,INR,success,2026-05-30 16:17:32.150179+00:00
994c1a33-31c6-4d78-85c7-699b7cd89b18,36fc375b-9709-4201-9caf-8008684ca807,679a1517-bfbe-4ac5-9457-de415ff67e4d,690fb318-e535-4c68-8544-010d4d600408,4330.41,INR,success,2026-05-17 13:37:32.555712+00:00
b7fdc369-d997-43c0-a314-d3dfc7b10523,36fc375b-9709-4201-9caf-8008684ca807,679a1517-bfbe-4ac5-9457-de415ff67e4d,690fb318-e535-4c68-8544-010d4d600408,5480.11,INR,success,2026-05-18 04:31:24.844826+00:00
aeaa05b0-de3f-40e3-8ad2-b5a3f58edde9,36fc375b-9709-4201-9caf-8008684ca807,679a1517-bfbe-4ac5-9457-de415ff67e4d,690fb318-e535-4c68-8544-010d4d600408,4045.37,INR,success,2026-05-18 11:05:32.822835+00:00
7eba2781-ba4e-46e6-8e0e-6d4602241c2a,36fc375b-9709-4201-9caf-8008684ca807,679a1517-bfbe-4ac5-9457-de415ff67e4d,690fb318-e535-4c68-8544-010d4d600408,5254.01,INR,success,2026-05-18 15:09:20.041834+00:00
2004beec-dd89-45c3-8845-607ee2770ee2,fdb23bf0-094d-41d1-bf41-e597a1918138,d6d9768a-681a-4551-9c6c-e833ea970692,83a3c261-b24b-4f77-bccd-2e0a2469901c,956.17,INR,success,2026-05-06 13:35:02.080060+00:00
56744797-638a-40ce-86db-5bb18689fcf0,fdb23bf0-094d-41d1-bf41-e597a1918138,d6d9768a-681a-4551-9c6c-e833ea970692,83a3c261-b24b-4f77-bccd-2e0a2469901c,913.1,INR,success,2026-05-18 16:11:32.649361+00:00
d3c1a0a0-4cba-4e58-b26e-6179f9d63414,83b0fa71-c679-4963-a33c-683f1233f315,8e672f92-e198-4b06-8293-9eecd2838679,781fa273-0c69-43d4-9e09-8d0b964d0a8f,1236.65,INR,success,2026-05-11 18:57:16.706520+00:00
04d080e2-9959-4e3e-95b8-54275de67b2c,83b0fa71-c679-4963-a33c-683f1233f315,8e672f92-e198-4b06-8293-9eecd2838679,781fa273-0c69-43d4-9e09-8d0b964d0a8f,1948.61,INR,success,2026-05-25 01:21:25.322572+00:00
b6c3f7e5-9ebd-43ff-adbc-dcb3b67a7b49,83b0fa71-c679-4963-a33c-683f1233f315,8e672f92-e198-4b06-8293-9eecd2838679,781fa273-0c69-43d4-9e09-8d0b964d0a8f,2358.8,INR,success,2026-05-25 16:27:43.838833+00:00
1bfce1d1-8a53-43cd-92c7-5b24747a36c2,83b0fa71-c679-4963-a33c-683f1233f315,8e672f92-e198-4b06-8293-9eecd2838679,781fa273-0c69-43d4-9e09-8d0b964d0a8f,2274.59,INR,success,2026-05-26 07:27:47.897955+00:00
f879bcfa-59a1-419b-84db-c56aeb428f39,83b0fa71-c679-4963-a33c-683f1233f315,8e672f92-e198-4b06-8293-9eecd2838679,781fa273-0c69-43d4-9e09-8d0b964d0a8f,1537.66,INR,success,2026-05-26 11:55:33.675628+00:00
1e98ca5b-0967-4e0d-9cec-9986122fa22b,8cbf1875-d618-4f05-b3ad-410964ae1eaa,09adb239-9c93-4940-9a40-af08f21dd2bc,121831ed-50db-46d4-93fa-a6b70cfb23ac,1331.3,INR,success,2026-04-05 02:04:08.571000+00:00
51106367-2537-4459-9c9e-18d1a7eb48ca,8cbf1875-d618-4f05-b3ad-410964ae1eaa,09adb239-9c93-4940-9a40-af08f21dd2bc,121831ed-50db-46d4-93fa-a6b70cfb23ac,1194.73,INR,success,2026-04-22 18:45:01.244619+00:00
12495ef1-fac4-4861-b0b1-8c9a41de9d2c,8cbf1875-d618-4f05-b3ad-410964ae1eaa,09adb239-9c93-4940-9a40-af08f21dd2bc,121831ed-50db-46d4-93fa-a6b70cfb23ac,1567.3,INR,success,2026-05-01 03:19:39.252308+00:00
15ede5b5-9e67-4e70-b046-cb33ea40dcbb,8cbf1875-d618-4f05-b3ad-410964ae1eaa,09adb239-9c93-4940-9a40-af08f21dd2bc,121831ed-50db-46d4-93fa-a6b70cfb23ac,1339.24,INR,success,2026-05-29 22:52:52.840385+00:00
12f21700-75b5-49c8-85df-90a7115d5f49,4ec5ac61-72c1-4e16-a269-42647cd8e55f,59cc6e90-b12e-41a0-b88d-d8376768e37b,1dbc1378-0e51-4b20-a371-b55f939dc598,821.68,INR,success,2026-05-10 12:18:17.247786+00:00
147d3cdb-4c6f-4f77-90c2-bbeeea34ec1b,4ec5ac61-72c1-4e16-a269-42647cd8e55f,59cc6e90-b12e-41a0-b88d-d8376768e37b,1dbc1378-0e51-4b20-a371-b55f939dc598,2864.6,INR,success,2026-05-14 06:26:44.392291+00:00
69dcd631-48dc-4e9e-80bb-a9e325a63035,4ec5ac61-72c1-4e16-a269-42647cd8e55f,59cc6e90-b12e-41a0-b88d-d8376768e37b,1dbc1378-0e51-4b20-a371-b55f939dc598,868.51,INR,success,2026-05-16 07:45:35.248075+00:00
34991ae6-3cb7-43b1-846b-bc3c4d1b2425,4ec5ac61-72c1-4e16-a269-42647cd8e55f,59cc6e90-b12e-41a0-b88d-d8376768e37b,1dbc1378-0e51-4b20-a371-b55f939dc598,10.0,INR,success,2026-05-22 22:22:20.301589+00:00
712d8469-8a2b-4a75-9d2e-66ec36706271,cb61fec3-0dcd-4885-9b4c-0233f42a8404,ea283f04-147d-4f78-afa7-3baf6de6b401,5ca56351-79e0-45a7-a30f-da535cad5752,444.47,INR,success,2026-03-16 11:25:04.954771+00:00
ccdea3c5-e347-48aa-ae83-95a176ddc100,cb61fec3-0dcd-4885-9b4c-0233f42a8404,ea283f04-147d-4f78-afa7-3baf6de6b401,5ca56351-79e0-45a7-a30f-da535cad5752,97.63,INR,success,2026-03-24 10:02:55.284479+00:00
135505e2-971d-45fb-9f46-cd36b5133cfc,f0cdc7b6-213c-423b-a084-cd88d1b1fcaf,5904b305-287c-4c6f-a6b3-289ad1f33573,bc5a73a9-379b-462b-9782-c7ad537c8ab1,1389.93,INR,success,2026-05-21 22:37:28.594252+00:00
4c3d6789-ef95-46e4-bc01-bcae2af43e19,f0cdc7b6-213c-423b-a084-cd88d1b1fcaf,5904b305-287c-4c6f-a6b3-289ad1f33573,bc5a73a9-379b-462b-9782-c7ad537c8ab1,4262.2,INR,success,2026-05-22 20:40:16.877292+00:00
d14a6b93-c2db-46bc-b9c5-3ca98854caf2,f0cdc7b6-213c-423b-a084-cd88d1b1fcaf,5904b305-287c-4c6f-a6b3-289ad1f33573,bc5a73a9-379b-462b-9782-c7ad537c8ab1,3911.3,INR,success,2026-05-23 16:29:32.116212+00:00
08e727dc-beac-4960-b222-e86a59c3b07b,f0cdc7b6-213c-423b-a084-cd88d1b1fcaf,5904b305-287c-4c6f-a6b3-289ad1f33573,bc5a73a9-379b-462b-9782-c7ad537c8ab1,3597.02,INR,success,2026-05-26 23:39:14.329633+00:00
b5f69791-dc75-4b0d-bd15-4a1accdbcf66,8e0edeae-72e0-4d18-b083-f895210c7473,aa3135ef-0c80-4f06-b3ca-d11f4401af15,4a16fd3f-7ee0-4f05-a4d5-cfc8927969a6,2444.41,INR,success,2026-05-24 01:02:51.416111+00:00
05773bc1-9cce-4a6d-8b7f-977d58b0351b,e7488c14-eccd-4b35-9b34-4b08dfd4cbd8,060c4350-626f-4e09-9ebe-589246943c43,d828aa07-d112-45b1-8d3f-c4cc5fa7bc02,15.21,INR,success,2026-04-16 02:59:52.750845+00:00
393f5cb8-68a1-49cd-8f2d-68c7bcdfb425,e7488c14-eccd-4b35-9b34-4b08dfd4cbd8,060c4350-626f-4e09-9ebe-589246943c43,d828aa07-d112-45b1-8d3f-c4cc5fa7bc02,10.0,INR,success,2026-04-28 22:28:54.810672+00:00
d7ebe73f-2663-4302-b489-c707f952fa53,e7488c14-eccd-4b35-9b34-4b08dfd4cbd8,060c4350-626f-4e09-9ebe-589246943c43,d828aa07-d112-45b1-8d3f-c4cc5fa7bc02,271.57,INR,success,2026-05-07 07:42:05.457500+00:00
ecff5fc8-8283-4d90-9f3a-66ecde1bd2b4,ec3677d0-4d6a-44ac-9ab4-88cab8d628d2,273c2129-9aee-45c8-bdcb-461f2e4b9218,2f3b0df5-0b05-484f-a7c0-39bb19893109,270.9,INR,success,2026-03-31 16:36:32.166955+00:00
f48a4c4d-91e9-4c48-a178-253beb882754,ec3677d0-4d6a-44ac-9ab4-88cab8d628d2,273c2129-9aee-45c8-bdcb-461f2e4b9218,2f3b0df5-0b05-484f-a7c0-39bb19893109,396.25,INR,success,2026-04-05 19:28:43.823299+00:00
a789bcdf-349c-449e-94c8-179e78c096f8,ec3677d0-4d6a-44ac-9ab4-88cab8d628d2,273c2129-9aee-45c8-bdcb-461f2e4b9218,2f3b0df5-0b05-484f-a7c0-39bb19893109,409.26,INR,success,2026-04-07 09:53:39.858834+00:00
b8bd84fc-3555-4526-b458-c755335d1fb5,ec3677d0-4d6a-44ac-9ab4-88cab8d628d2,273c2129-9aee-45c8-bdcb-461f2e4b9218,2f3b0df5-0b05-484f-a7c0-39bb19893109,289.3,INR,success,2026-04-07 22:09:17.184058+00:00
a75f756a-c994-4e07-96eb-9f613eba814c,bc379bca-0edc-4ad7-91cc-92f9c6374c53,002b9fb9-321d-465e-8686-be25385f2c51,ed4036ed-250f-41a7-9c82-0f7380a643a2,2346.22,INR,success,2026-05-31 07:05:10.594912+00:00
f82289a8-8ae6-462f-a0ab-98156196b165,45167d68-dd01-44b7-a21b-c60c45e439ab,9aa20bfd-75fc-4b72-86ae-30149bebd10c,95dcad1a-38e2-47a9-badc-167994a73b8c,1457.04,INR,success,2026-05-30 05:50:08.485216+00:00
ba0f2dab-8a8a-4775-8ac1-55ca2403ae92,45167d68-dd01-44b7-a21b-c60c45e439ab,9aa20bfd-75fc-4b72-86ae-30149bebd10c,95dcad1a-38e2-47a9-badc-167994a73b8c,1927.95,INR,success,2026-05-30 10:29:34.274533+00:00
b24546eb-d479-445f-9def-6a6ddcc4d35e,a1443550-5df0-46d5-968e-43e50fd98c71,5dcaeb99-e53c-4b76-8adc-88b5f2eb0187,b62c300e-f41f-4877-9c29-2caaea121d8d,5991.8,INR,success,2026-05-31 23:54:18.798576+00:00
3b323db4-363b-4adb-a2d5-a824aaf59636,384148c6-835c-4c5b-8d31-7d18714276f1,0b372e6d-be2d-4418-8176-d1b58653bb8b,3cfa8061-8784-4948-be1f-944b0d7d8c6b,2029.75,INR,success,2026-05-31 20:04:24.360711+00:00
8a545d17-c250-4ca8-869b-3e8dd9389979,3527e5e3-7e63-42e0-a3e6-80f0407358aa,4d827bf3-4dbc-470f-9024-f70c864388a3,93504f0b-9dc6-4975-a7e7-6f3f397cd557,3742.08,INR,success,2026-05-07 11:21:13.156450+00:00
284c6dd2-a86b-4f5c-b5c5-9e81776da0cc,3527e5e3-7e63-42e0-a3e6-80f0407358aa,4d827bf3-4dbc-470f-9024-f70c864388a3,93504f0b-9dc6-4975-a7e7-6f3f397cd557,1505.78,INR,success,2026-05-09 20:54:27.688557+00:00
e3af7915-b964-4a55-886b-06b96ddd0acd,3527e5e3-7e63-42e0-a3e6-80f0407358aa,4d827bf3-4dbc-470f-9024-f70c864388a3,93504f0b-9dc6-4975-a7e7-6f3f397cd557,406.33,INR,success,2026-05-15 05:05:28.983371+00:00
f6f4f561-09e8-4532-9aeb-95331ca83b6f,77f97d8e-ca69-44aa-92d2-d26cf6c0c4e3,24bbec2a-8cd5-43d5-9a12-fd9e214e74f2,e02208e4-da3b-4187-a305-3fcc44632abc,1598.14,INR,success,2026-05-30 18:05:44.102468+00:00
e263f24b-67a9-48bf-9b6f-a17d94a543c4,325f1cb1-0a16-4007-9870-d708be22825e,ca9db6de-0c72-4d57-9267-e68c21d912a3,7d811745-f8c7-42e5-9233-a88fd2991e06,3693.65,INR,success,2026-04-05 18:59:38.286564+00:00
fc623434-9d25-4020-aa54-9f5c8fe331ec,325f1cb1-0a16-4007-9870-d708be22825e,ca9db6de-0c72-4d57-9267-e68c21d912a3,7d811745-f8c7-42e5-9233-a88fd2991e06,10.0,INR,success,2026-04-12 07:16:27.360354+00:00
c2e6286d-efb4-4734-8e4c-74ff840ec8e5,325f1cb1-0a16-4007-9870-d708be22825e,ca9db6de-0c72-4d57-9267-e68c21d912a3,7d811745-f8c7-42e5-9233-a88fd2991e06,6587.73,INR,success,2026-04-25 01:37:58.413347+00:00
a7b9bfe8-2505-4a34-8a88-7dde51dcb411,325f1cb1-0a16-4007-9870-d708be22825e,ca9db6de-0c72-4d57-9267-e68c21d912a3,7d811745-f8c7-42e5-9233-a88fd2991e06,1666.35,INR,success,2026-05-24 08:36:50.550908+00:00
e1110587-c2a5-4de4-82d9-1447f56d3b31,325f1cb1-0a16-4007-9870-d708be22825e,ca9db6de-0c72-4d57-9267-e68c21d912a3,7d811745-f8c7-42e5-9233-a88fd2991e06,2190.89,INR,success,2026-05-30 04:43:54.395815+00:00
515cc48a-5420-40e2-8ea6-b5b1ef95ceca,6e483941-e5af-4061-9777-d212914adbf9,e897513c-c512-4976-8b43-b0b352540d27,b1669e36-7930-4d93-99f2-63cfd7eca8bd,2594.05,INR,success,2026-05-28 02:45:04.172751+00:00
f98ca028-a206-4d9c-a4b4-5def8aebb1f8,030beeb8-e6b8-4a7a-8c9c-e0ec47d4c10b,c92ded5f-f37b-4314-8561-c0a12f18b2fd,b09bc081-ca8a-4115-b00b-9fedf0ae54fa,2489.7,INR,success,2026-04-19 10:00:51.617915+00:00
a63f9e46-a5b3-4fc1-bc85-b63bc7344082,030beeb8-e6b8-4a7a-8c9c-e0ec47d4c10b,c92ded5f-f37b-4314-8561-c0a12f18b2fd,b09bc081-ca8a-4115-b00b-9fedf0ae54fa,2854.02,INR,success,2026-04-19 21:33:41.964686+00:00
555c39a3-a4b5-4396-afcb-db6e10f8357d,030beeb8-e6b8-4a7a-8c9c-e0ec47d4c10b,c92ded5f-f37b-4314-8561-c0a12f18b2fd,b09bc081-ca8a-4115-b00b-9fedf0ae54fa,2893.37,INR,success,2026-04-30 08:45:40.185057+00:00
0a605ffb-33d2-4a53-8987-666eab5ae18d,7c52bff1-1c9c-49a1-ad36-98257c4d420e,23087313-bc07-4120-bf1d-0c004cb7949b,23e904af-05c7-4254-ae43-3b139f129636,1072.28,INR,success,2026-05-12 23:03:42.859242+00:00
5240a3bf-5442-48db-b997-b47670c38af2,7c52bff1-1c9c-49a1-ad36-98257c4d420e,23087313-bc07-4120-bf1d-0c004cb7949b,23e904af-05c7-4254-ae43-3b139f129636,1540.85,INR,success,2026-05-22 05:50:27.950317+00:00
f6fde857-4563-4c1c-8e7e-4edc3a1db3b3,7c52bff1-1c9c-49a1-ad36-98257c4d420e,23087313-bc07-4120-bf1d-0c004cb7949b,23e904af-05c7-4254-ae43-3b139f129636,1299.95,INR,success,2026-05-24 16:07:38.389100+00:00
ed644ac9-2cca-42bd-9626-233c792e7140,7c52bff1-1c9c-49a1-ad36-98257c4d420e,23087313-bc07-4120-bf1d-0c004cb7949b,23e904af-05c7-4254-ae43-3b139f129636,1061.6,INR,success,2026-05-29 20:13:06.287801+00:00
ec7cd925-c5ff-4920-82ca-a3ea68257834,d6924b1f-bbcb-4897-9e22-fb55fd703799,7adad98b-6a56-4d1a-a298-b68ae79399c1,614dda44-bdbb-4737-9b50-2d4c69f538be,3765.26,INR,success,2026-04-24 14:32:18.551210+00:00
01bc8d65-fbcb-461c-9125-1e1246699c7f,d6924b1f-bbcb-4897-9e22-fb55fd703799,7adad98b-6a56-4d1a-a298-b68ae79399c1,614dda44-bdbb-4737-9b50-2d4c69f538be,3034.83,INR,success,2026-05-03 13:06:54.786245+00:00
091abaae-3f98-496a-bd4d-c675f0b78d33,d6924b1f-bbcb-4897-9e22-fb55fd703799,7adad98b-6a56-4d1a-a298-b68ae79399c1,614dda44-bdbb-4737-9b50-2d4c69f538be,1835.95,INR,success,2026-05-07 08:51:30.475413+00:00
7d056134-4fcf-45f0-b3ca-7aecd02cd608,d6924b1f-bbcb-4897-9e22-fb55fd703799,7adad98b-6a56-4d1a-a298-b68ae79399c1,614dda44-bdbb-4737-9b50-2d4c69f538be,2530.11,INR,success,2026-05-09 22:59:57.946131+00:00
7cd69d33-c924-4155-8a8f-ae58235cfe90,d6924b1f-bbcb-4897-9e22-fb55fd703799,7adad98b-6a56-4d1a-a298-b68ae79399c1,614dda44-bdbb-4737-9b50-2d4c69f538be,1658.69,INR,success,2026-05-30 13:43:29.278483+00:00
77c6e434-cdfc-461b-93a8-515ca9ce0562,1a4f2cd8-530e-4d51-80d8-012d00c58264,576d766d-7d5e-4783-9a91-3469fd68dacb,f6544be2-7e7f-44fd-9972-debeec650c90,1420.17,INR,success,2026-04-27 19:48:16.824128+00:00
e11cb145-f20f-401b-8985-2b36998e717c,1a4f2cd8-530e-4d51-80d8-012d00c58264,576d766d-7d5e-4783-9a91-3469fd68dacb,f6544be2-7e7f-44fd-9972-debeec650c90,938.3,INR,success,2026-05-18 10:34:27.492319+00:00
c2ac770b-eb5a-4858-b549-32ea0ce5dc32,1a4f2cd8-530e-4d51-80d8-012d00c58264,576d766d-7d5e-4783-9a91-3469fd68dacb,f6544be2-7e7f-44fd-9972-debeec650c90,459.91,INR,success,2026-05-19 16:41:16.899684+00:00
3e25abd4-1b57-4fd6-8ef0-bd668a9e6a46,07830be1-95f2-43bb-8e32-61b24b034fda,404312bb-2fcd-46f6-99ae-dd0715224820,22273e76-cc8c-4f07-8b3e-a490f48b8845,10.0,INR,success,2026-05-19 19:51:20.563818+00:00
8b0113a8-82d6-4c0b-9076-0d654b63b7d3,38ca7256-9ff4-472c-a630-09c8c721c22e,d4d15bda-6e1a-43c0-9b10-b532954066cb,91532c1e-8d5c-4968-99fb-552cb4c9cd1e,3206.9,INR,success,2026-04-03 22:26:18.733534+00:00
13796bff-276b-4de6-aade-e921484fc7bb,38ca7256-9ff4-472c-a630-09c8c721c22e,d4d15bda-6e1a-43c0-9b10-b532954066cb,91532c1e-8d5c-4968-99fb-552cb4c9cd1e,3935.63,INR,success,2026-04-09 23:49:37.659590+00:00
2ca82051-e176-4f1f-9ca3-2f066c6371a5,38ca7256-9ff4-472c-a630-09c8c721c22e,d4d15bda-6e1a-43c0-9b10-b532954066cb,91532c1e-8d5c-4968-99fb-552cb4c9cd1e,2704.39,INR,success,2026-04-21 06:55:16.269081+00:00
587eafc1-71d6-4b4e-a05b-4c7fc31faab2,38ca7256-9ff4-472c-a630-09c8c721c22e,d4d15bda-6e1a-43c0-9b10-b532954066cb,91532c1e-8d5c-4968-99fb-552cb4c9cd1e,2964.13,INR,success,2026-05-11 08:30:09.770305+00:00
7d35a9a6-f123-46b2-957b-0666e4c862a2,38ca7256-9ff4-472c-a630-09c8c721c22e,d4d15bda-6e1a-43c0-9b10-b532954066cb,91532c1e-8d5c-4968-99fb-552cb4c9cd1e,2175.48,INR,success,2026-05-23 13:12:59.029882+00:00
7e08ce27-4d5b-4504-bc7d-d49825b860f1,40e2cb06-4c26-4888-98ca-f569cf4214fc,7277f571-fe91-4d7c-9ac0-f3e640f708c3,26eec24f-63e9-454c-94f2-656638d824cf,602.42,INR,success,2026-04-17 05:10:27.249886+00:00
095ccda7-9588-45a5-a339-8a2a3a3710b4,40e2cb06-4c26-4888-98ca-f569cf4214fc,7277f571-fe91-4d7c-9ac0-f3e640f708c3,26eec24f-63e9-454c-94f2-656638d824cf,590.29,INR,success,2026-04-25 03:32:44.539518+00:00
9cfd5963-e039-4c24-b0da-8b17a822aa42,3432cea7-04c6-4c8c-a312-cd113c436a1e,5377edde-ef10-4e50-8862-54ec5003f210,64389dcf-6dcc-43c6-a9e6-72d0fa3dc118,1985.09,INR,success,2026-04-10 07:22:04.232215+00:00
b86ff963-9bb6-48b1-9195-eb0daaf5f0d4,3432cea7-04c6-4c8c-a312-cd113c436a1e,5377edde-ef10-4e50-8862-54ec5003f210,64389dcf-6dcc-43c6-a9e6-72d0fa3dc118,1532.52,INR,success,2026-05-10 07:36:43.858190+00:00
a5d6bafc-1375-487a-ab5d-7f67f6df7fb3,3432cea7-04c6-4c8c-a312-cd113c436a1e,5377edde-ef10-4e50-8862-54ec5003f210,64389dcf-6dcc-43c6-a9e6-72d0fa3dc118,2498.8,INR,success,2026-05-23 02:49:01.763005+00:00
d95ba447-e411-4ea3-80e2-b0513da29822,3432cea7-04c6-4c8c-a312-cd113c436a1e,5377edde-ef10-4e50-8862-54ec5003f210,64389dcf-6dcc-43c6-a9e6-72d0fa3dc118,1769.6,INR,success,2026-05-31 17:04:01.204905+00:00
d14a18c0-bf3d-45a9-b875-12a9cef258eb,b401bd9b-b6c8-4797-85d0-571165b3b898,e5687dab-bba9-4504-a622-35361b0eb986,e31a2dba-d826-4e47-a30e-9b2a53cd4dad,3825.71,INR,success,2026-03-24 02:32:32.388322+00:00
4256a61d-2fb9-4397-8554-788d90e6cccc,069f1104-2ca9-4bab-97c9-a235a9e0e098,4cb89a94-afe0-4349-8dcb-a66b9233eac3,16e2dfb9-ccb9-498f-a9bc-f4b63b93acd0,4629.1,INR,success,2026-05-26 10:11:34.698729+00:00
5b61bbf5-7474-4f8b-b830-bd0e94ea82e1,069f1104-2ca9-4bab-97c9-a235a9e0e098,4cb89a94-afe0-4349-8dcb-a66b9233eac3,16e2dfb9-ccb9-498f-a9bc-f4b63b93acd0,2113.06,INR,success,2026-05-26 11:00:35.540808+00:00
b25125ec-3d8c-48b9-83af-a4e4805501f5,069f1104-2ca9-4bab-97c9-a235a9e0e098,4cb89a94-afe0-4349-8dcb-a66b9233eac3,16e2dfb9-ccb9-498f-a9bc-f4b63b93acd0,4060.24,INR,success,2026-05-28 03:24:03.506627+00:00
b6beccff-7f1c-4b1c-91a6-c45b5707384c,069f1104-2ca9-4bab-97c9-a235a9e0e098,4cb89a94-afe0-4349-8dcb-a66b9233eac3,16e2dfb9-ccb9-498f-a9bc-f4b63b93acd0,2157.24,INR,success,2026-05-28 13:05:57.657184+00:00
1ae8246e-e3df-41d7-b5ae-db185e2b0566,53de7c0f-cdb9-49df-8ee1-21f9d1ee91bb,ff90c7eb-5543-493a-978a-3a213fb13dec,dd79e3c9-7763-4692-a4de-4d3f83e1d718,205.72,INR,success,2026-04-25 14:37:35.546856+00:00
efbf6644-ab58-474d-bd24-437d998f374e,53de7c0f-cdb9-49df-8ee1-21f9d1ee91bb,ff90c7eb-5543-493a-978a-3a213fb13dec,dd79e3c9-7763-4692-a4de-4d3f83e1d718,986.2,INR,success,2026-05-01 17:19:44.409377+00:00
bc932bf1-4b9e-4d13-a61a-19c3ee5bf184,53de7c0f-cdb9-49df-8ee1-21f9d1ee91bb,ff90c7eb-5543-493a-978a-3a213fb13dec,dd79e3c9-7763-4692-a4de-4d3f83e1d718,1752.77,INR,success,2026-05-07 06:39:22.526135+00:00
971993ba-75de-4213-a8fe-8ca4eba1954c,53de7c0f-cdb9-49df-8ee1-21f9d1ee91bb,ff90c7eb-5543-493a-978a-3a213fb13dec,dd79e3c9-7763-4692-a4de-4d3f83e1d718,1584.22,INR,success,2026-05-18 03:26:56.504262+00:00
5088c958-2066-477c-ae3b-01ea9a24ac0f,53de7c0f-cdb9-49df-8ee1-21f9d1ee91bb,ff90c7eb-5543-493a-978a-3a213fb13dec,dd79e3c9-7763-4692-a4de-4d3f83e1d718,772.44,INR,success,2026-05-24 01:16:55.955853+00:00
4c4be572-e24e-4b2f-bfe2-cc8c1be83592,ac5fa5b8-6116-4f2b-96d3-08da0969b3b1,cb451eb3-f146-4405-9673-596cd9b3b08e,c3d6acdd-b3bf-49df-be85-ce789d5f34eb,8083.32,INR,success,2026-03-20 17:24:22.617037+00:00
048dd0f7-d92f-46d9-907a-9adc4b58360d,ac5fa5b8-6116-4f2b-96d3-08da0969b3b1,cb451eb3-f146-4405-9673-596cd9b3b08e,c3d6acdd-b3bf-49df-be85-ce789d5f34eb,3738.19,INR,success,2026-03-24 02:03:36.512384+00:00
7d603761-4567-4f72-8253-36894e032609,ac5fa5b8-6116-4f2b-96d3-08da0969b3b1,cb451eb3-f146-4405-9673-596cd9b3b08e,c3d6acdd-b3bf-49df-be85-ce789d5f34eb,4363.18,INR,success,2026-04-04 15:59:30.837447+00:00
bfba2b79-74d3-4fdd-9617-8859438a0cbf,ac5fa5b8-6116-4f2b-96d3-08da0969b3b1,cb451eb3-f146-4405-9673-596cd9b3b08e,c3d6acdd-b3bf-49df-be85-ce789d5f34eb,7871.71,INR,success,2026-04-14 01:21:59.876136+00:00
e2f95794-70ab-42c0-8821-be3a553ffd7a,ac5fa5b8-6116-4f2b-96d3-08da0969b3b1,cb451eb3-f146-4405-9673-596cd9b3b08e,c3d6acdd-b3bf-49df-be85-ce789d5f34eb,598.3,INR,success,2026-05-04 06:54:14.674113+00:00
f75950ea-3a46-4fde-befc-03c65738bb49,281ca4d5-68ed-4cb8-8cea-1e26428f493c,01df9a97-59d4-4c8a-a51b-1575f5cdb3d9,74254931-73ee-4f4a-861a-eb8db9336ef4,1372.4,INR,success,2026-04-18 17:51:29.044195+00:00
d3f43645-ad54-43ea-aaac-c3ee8083012f,281ca4d5-68ed-4cb8-8cea-1e26428f493c,01df9a97-59d4-4c8a-a51b-1575f5cdb3d9,74254931-73ee-4f4a-861a-eb8db9336ef4,495.45,INR,success,2026-04-21 02:59:14.809527+00:00
57199da4-ce0c-4d16-ac4d-d90e4f0f9ae8,281ca4d5-68ed-4cb8-8cea-1e26428f493c,01df9a97-59d4-4c8a-a51b-1575f5cdb3d9,74254931-73ee-4f4a-861a-eb8db9336ef4,2393.11,INR,success,2026-05-04 04:21:15.301638+00:00
6adc47b0-abfd-4368-b258-0b57d658eeed,281ca4d5-68ed-4cb8-8cea-1e26428f493c,01df9a97-59d4-4c8a-a51b-1575f5cdb3d9,74254931-73ee-4f4a-861a-eb8db9336ef4,1369.3,INR,success,2026-05-04 20:45:06.753375+00:00
3dc81bf8-9172-4292-9710-f6ad0cf2abd4,d6ef9e90-8c84-46d6-a5c1-996b6995a683,3daca21c-5715-4f2d-a697-1e33930d9fbc,984a5c5e-d320-4377-aaee-7593b8b7b66c,1944.24,INR,success,2026-05-07 19:05:06.863176+00:00
327706f9-026e-4bef-b172-5b85a5250ae3,d6ef9e90-8c84-46d6-a5c1-996b6995a683,3daca21c-5715-4f2d-a697-1e33930d9fbc,984a5c5e-d320-4377-aaee-7593b8b7b66c,2850.35,INR,success,2026-05-14 05:11:20.806072+00:00
6c6d8227-3a85-454b-9e0b-a8d2473aa83f,d6ef9e90-8c84-46d6-a5c1-996b6995a683,3daca21c-5715-4f2d-a697-1e33930d9fbc,984a5c5e-d320-4377-aaee-7593b8b7b66c,2075.05,INR,success,2026-05-19 14:58:08.618297+00:00
9256792e-d3fc-4abf-ab3d-be9d1d2c5213,d6ef9e90-8c84-46d6-a5c1-996b6995a683,3daca21c-5715-4f2d-a697-1e33930d9fbc,984a5c5e-d320-4377-aaee-7593b8b7b66c,1728.29,INR,success,2026-05-30 12:27:01.449725+00:00
d592e8dc-0655-401f-a07f-e84689f2c286,531078e1-8fa1-4d9d-9837-03684123852b,5f2a14de-5443-4c97-9e0c-fde88a42f099,820567c7-d5d7-41bf-a8d7-e01f7ccb3dcf,317.39,INR,success,2026-04-07 07:51:19.794682+00:00
d57076c0-0bd2-45c0-a695-207700c288a0,531078e1-8fa1-4d9d-9837-03684123852b,5f2a14de-5443-4c97-9e0c-fde88a42f099,820567c7-d5d7-41bf-a8d7-e01f7ccb3dcf,148.38,INR,success,2026-04-07 14:53:52.852365+00:00
bcb70dd1-18db-40b4-9d82-36a33fe0a11c,531078e1-8fa1-4d9d-9837-03684123852b,5f2a14de-5443-4c97-9e0c-fde88a42f099,820567c7-d5d7-41bf-a8d7-e01f7ccb3dcf,225.65,INR,success,2026-04-28 09:05:38.101723+00:00
52f23de2-e2ce-4bd2-b03d-f4f6ebba85c0,531078e1-8fa1-4d9d-9837-03684123852b,5f2a14de-5443-4c97-9e0c-fde88a42f099,820567c7-d5d7-41bf-a8d7-e01f7ccb3dcf,311.78,INR,success,2026-05-04 04:01:28.790598+00:00
929580f5-20dc-4320-b544-e5ce5817124d,531078e1-8fa1-4d9d-9837-03684123852b,5f2a14de-5443-4c97-9e0c-fde88a42f099,820567c7-d5d7-41bf-a8d7-e01f7ccb3dcf,173.31,INR,success,2026-05-06 00:28:33.097804+00:00
065678b9-d966-4635-8b7f-f84f1afa43bc,e5037e80-5827-46de-8c28-492b6171239e,9223a638-af97-46fa-b511-b68c40f4eba8,d7df3669-52e7-43aa-8b90-00f3e443d3de,3678.91,INR,success,2026-05-10 10:09:16.146689+00:00
b2e79aeb-bfeb-47f5-91a6-5a55005a72ed,e5037e80-5827-46de-8c28-492b6171239e,9223a638-af97-46fa-b511-b68c40f4eba8,d7df3669-52e7-43aa-8b90-00f3e443d3de,2434.33,INR,success,2026-05-28 11:41:18.057557+00:00
dc7a09e9-5f9f-4170-8c9f-5f6d2720ba07,6c893606-8f7e-48b6-9274-a81e9cbe62ba,a0c1d9cb-7c4e-467e-852c-6047778b7f1a,e8a65d25-4f27-4512-a04e-a28c16368f52,3216.81,INR,success,2026-05-18 10:38:30.458899+00:00
bcdd6d06-7142-4283-a37c-81a49ea97cbc,6c893606-8f7e-48b6-9274-a81e9cbe62ba,a0c1d9cb-7c4e-467e-852c-6047778b7f1a,e8a65d25-4f27-4512-a04e-a28c16368f52,1880.98,INR,success,2026-05-28 06:38:58.409108+00:00
b7411833-c341-4fe1-9e1e-180a6c47034e,6c893606-8f7e-48b6-9274-a81e9cbe62ba,a0c1d9cb-7c4e-467e-852c-6047778b7f1a,e8a65d25-4f27-4512-a04e-a28c16368f52,2240.46,INR,success,2026-05-29 20:46:08.410800+00:00
56ba0171-a3d9-4283-9f9a-f83304e63743,ed65d0f1-b9b0-4ad3-b1bc-bb8767ec501b,bb87ae91-0910-4207-be17-e7427ec1e7e4,fb32bc60-d673-494d-ba11-fed21f8d9522,5780.27,INR,success,2026-04-22 23:20:36.839455+00:00
6bd18cc6-5162-44f9-ba18-b8eb03cd3810,ed65d0f1-b9b0-4ad3-b1bc-bb8767ec501b,bb87ae91-0910-4207-be17-e7427ec1e7e4,fb32bc60-d673-494d-ba11-fed21f8d9522,3033.3,INR,success,2026-04-27 15:55:41.832008+00:00
af06d3f3-b11e-49c8-80ea-5ccc0f56a15e,ed65d0f1-b9b0-4ad3-b1bc-bb8767ec501b,bb87ae91-0910-4207-be17-e7427ec1e7e4,fb32bc60-d673-494d-ba11-fed21f8d9522,3181.46,INR,success,2026-05-08 02:22:19.834099+00:00
5fbbf8fd-a509-40c9-9454-226613ead2fa,ed65d0f1-b9b0-4ad3-b1bc-bb8767ec501b,bb87ae91-0910-4207-be17-e7427ec1e7e4,fb32bc60-d673-494d-ba11-fed21f8d9522,4818.61,INR,success,2026-05-16 08:06:53.262064+00:00
7ed1514c-78a7-4447-af62-d69252855c53,69d54f01-d700-4d33-876b-16fc2028f3fb,4ea3a161-9e40-4153-81ce-fed6d0a0fffe,0073ef27-6154-492a-807c-8a8be55e969c,4132.43,INR,success,2026-03-27 01:46:08.003947+00:00
625b9e7e-4cd8-43fa-b679-c1085026d4b2,69d54f01-d700-4d33-876b-16fc2028f3fb,4ea3a161-9e40-4153-81ce-fed6d0a0fffe,0073ef27-6154-492a-807c-8a8be55e969c,882.61,INR,success,2026-05-03 08:32:51.415151+00:00
76abf8d1-87d9-41fb-9518-5016045caa72,69d54f01-d700-4d33-876b-16fc2028f3fb,4ea3a161-9e40-4153-81ce-fed6d0a0fffe,0073ef27-6154-492a-807c-8a8be55e969c,2254.3,INR,success,2026-05-11 12:55:22.140726+00:00
a83ddbb9-969b-47d4-85fe-9f69ecd70119,69d54f01-d700-4d33-876b-16fc2028f3fb,4ea3a161-9e40-4153-81ce-fed6d0a0fffe,0073ef27-6154-492a-807c-8a8be55e969c,3620.2,INR,success,2026-05-14 08:57:13.975356+00:00
5f05b8ce-5716-41cb-8973-97d64a298e75,69d54f01-d700-4d33-876b-16fc2028f3fb,4ea3a161-9e40-4153-81ce-fed6d0a0fffe,0073ef27-6154-492a-807c-8a8be55e969c,1956.69,INR,success,2026-05-23 07:02:36.269430+00:00
a365ec84-226d-4569-aded-6c601e44c7ac,147f2b69-1214-4c72-b83c-ce4f14482d49,bb851395-86d5-4d2f-8e1a-5ba09346b391,19d8714f-217a-48c6-9187-a73bcc879e97,2882.22,INR,success,2026-05-01 04:52:49.996977+00:00
282e2b4d-b626-4f2f-8132-794696eb4b9a,147f2b69-1214-4c72-b83c-ce4f14482d49,bb851395-86d5-4d2f-8e1a-5ba09346b391,19d8714f-217a-48c6-9187-a73bcc879e97,8666.5,INR,success,2026-05-05 15:21:00.933269+00:00
2bc334f2-f9df-4380-b884-577df3be5279,c851409d-ad11-4cf9-bd11-a0478250591f,5c1f4d79-4e35-4145-bbaf-c29735d766f5,9df19ce7-4a4a-4dec-bfea-439a83f99760,69.06,INR,success,2026-05-10 06:12:21.782629+00:00
4c50ffd9-6173-498b-be68-46d9e599f005,c851409d-ad11-4cf9-bd11-a0478250591f,5c1f4d79-4e35-4145-bbaf-c29735d766f5,9df19ce7-4a4a-4dec-bfea-439a83f99760,846.55,INR,success,2026-05-19 07:10:12.461686+00:00
6944b15d-05d7-4309-85c5-bf46281ef87b,c851409d-ad11-4cf9-bd11-a0478250591f,5c1f4d79-4e35-4145-bbaf-c29735d766f5,9df19ce7-4a4a-4dec-bfea-439a83f99760,134.0,INR,success,2026-05-29 23:05:22.524593+00:00
96367708-98cb-42aa-9aec-24b43d82bbd9,ef414c8b-c258-4ce5-8189-e366eb26a03d,9bf1d9f8-37c5-4cc1-a827-8c58b245dc6c,74511a8f-e6c1-4d53-a2e3-990f6aaf9cce,7362.95,INR,success,2026-05-18 12:01:04.968899+00:00
b5859368-968e-4862-a120-7f35b5972da1,ef414c8b-c258-4ce5-8189-e366eb26a03d,9bf1d9f8-37c5-4cc1-a827-8c58b245dc6c,74511a8f-e6c1-4d53-a2e3-990f6aaf9cce,11472.84,INR,success,2026-05-23 10:07:18.063176+00:00
a97dfc06-a46a-437e-a19c-5e4d9c1d2c8e,ef414c8b-c258-4ce5-8189-e366eb26a03d,9bf1d9f8-37c5-4cc1-a827-8c58b245dc6c,74511a8f-e6c1-4d53-a2e3-990f6aaf9cce,6926.69,INR,success,2026-05-26 13:08:41.745742+00:00
d620d76c-f248-48cf-909e-604f50914b42,dd890f21-5bec-4a5c-8de1-ad1b1b80db37,0abb8b1f-8bfa-44c4-b01a-b19cce75dada,b7f8ebb4-4ab2-45da-aa39-5bf0a6fff81e,4241.26,INR,success,2026-05-16 20:08:20.052711+00:00
030730da-b536-41a9-839e-b46282c59ac6,8c61d325-63a4-418c-93f2-4a2a5ec320fc,5442371b-c60b-4cf7-834f-c6a97bcccece,5b612785-42a8-44d8-904e-109c579b65c8,2530.65,INR,success,2026-04-21 01:04:23.074788+00:00
ab7e3088-bd51-46f4-b29f-3134ef1ddb86,8c61d325-63a4-418c-93f2-4a2a5ec320fc,5442371b-c60b-4cf7-834f-c6a97bcccece,5b612785-42a8-44d8-904e-109c579b65c8,1383.15,INR,success,2026-04-29 04:23:10.421508+00:00
5f6f7750-a852-4205-9ee0-78597458c02c,8c61d325-63a4-418c-93f2-4a2a5ec320fc,5442371b-c60b-4cf7-834f-c6a97bcccece,5b612785-42a8-44d8-904e-109c579b65c8,2512.79,INR,success,2026-04-30 09:32:56.585822+00:00
2840947a-3ade-47f8-8cbf-6dc6154ef859,8c61d325-63a4-418c-93f2-4a2a5ec320fc,5442371b-c60b-4cf7-834f-c6a97bcccece,5b612785-42a8-44d8-904e-109c579b65c8,1667.68,INR,success,2026-05-10 00:22:01.306242+00:00
d806fb0c-0957-49f4-b03d-ecff34ea8e3b,8c61d325-63a4-418c-93f2-4a2a5ec320fc,5442371b-c60b-4cf7-834f-c6a97bcccece,5b612785-42a8-44d8-904e-109c579b65c8,2320.86,INR,success,2026-05-23 02:39:24.200408+00:00
8b1e9df7-acc4-4166-9ef7-59d6b5c14848,049ebe83-d2fa-4b08-83a3-c4ed2a2938c8,ccc3495c-22f6-455c-b9db-10c1e63ccd14,a369958d-9e72-44bc-899e-feeb52212e86,4301.63,INR,success,2026-05-07 00:22:36.179999+00:00
28fa8877-ce76-4f55-a620-f3f24e724e0c,049ebe83-d2fa-4b08-83a3-c4ed2a2938c8,ccc3495c-22f6-455c-b9db-10c1e63ccd14,a369958d-9e72-44bc-899e-feeb52212e86,786.91,INR,success,2026-05-07 06:46:03.981122+00:00
7277c100-1a01-436e-926a-d9dadcab2315,049ebe83-d2fa-4b08-83a3-c4ed2a2938c8,ccc3495c-22f6-455c-b9db-10c1e63ccd14,a369958d-9e72-44bc-899e-feeb52212e86,2448.01,INR,success,2026-05-08 10:36:14.977038+00:00
5004c283-16a4-4214-bf1e-288650a3bb7c,049ebe83-d2fa-4b08-83a3-c4ed2a2938c8,ccc3495c-22f6-455c-b9db-10c1e63ccd14,a369958d-9e72-44bc-899e-feeb52212e86,4462.32,INR,success,2026-05-19 06:15:37.344512+00:00
2c9ae39b-6d4b-4adc-aafe-eb5d189e1627,deba9244-a6ff-453b-9891-f99f560ace25,331a3a20-94b5-47eb-bbd0-cfa24753f808,8038d791-80e9-4a38-87f3-4162080ff42d,2305.16,INR,success,2026-05-30 19:07:40.695380+00:00
a48e1cdd-7263-4f81-a460-110becce69d9,deba9244-a6ff-453b-9891-f99f560ace25,331a3a20-94b5-47eb-bbd0-cfa24753f808,8038d791-80e9-4a38-87f3-4162080ff42d,948.04,INR,success,2026-05-31 02:18:23.367916+00:00
7004a4f3-7725-473a-9cf0-a53051bca84d,c8d8dfdf-9ec0-4dc7-96ad-e311de4078e2,71162b13-d999-4585-ae7c-e13a4bd4e408,2e3b34af-732e-40e4-a4a3-6c1ac4cba615,1268.95,INR,success,2026-05-07 01:07:48.138774+00:00
2ce36661-3a90-4cab-8609-075d7d166a37,c8d8dfdf-9ec0-4dc7-96ad-e311de4078e2,71162b13-d999-4585-ae7c-e13a4bd4e408,2e3b34af-732e-40e4-a4a3-6c1ac4cba615,332.36,INR,success,2026-05-27 20:38:01.068956+00:00
7ef1cade-e34d-433e-a95c-ebd36257cf73,6a114bff-5109-4403-b63d-5470680235b2,2e33cb74-91cd-4209-82ec-ea5df3515a82,ad56a1e8-e847-45af-907f-73ba8f73cd26,1693.1,INR,success,2026-05-17 10:53:36.600728+00:00
612e3100-767f-4c1d-9b94-7984b584e265,6a114bff-5109-4403-b63d-5470680235b2,2e33cb74-91cd-4209-82ec-ea5df3515a82,ad56a1e8-e847-45af-907f-73ba8f73cd26,3775.96,INR,success,2026-05-22 09:58:53.180809+00:00
d9669818-5b50-4622-8e77-d1a91bdf9c8a,6a114bff-5109-4403-b63d-5470680235b2,2e33cb74-91cd-4209-82ec-ea5df3515a82,ad56a1e8-e847-45af-907f-73ba8f73cd26,4440.52,INR,success,2026-05-25 11:23:08.027304+00:00
8d8becd5-cbad-4132-bd40-96a766e51cce,d709d9fc-8bc1-41c3-bf80-381d115cd9f8,958b9667-ddb9-4821-bd55-8ef80958746a,fa1369d2-4f19-47b9-87ee-9aacbb378a19,2044.41,INR,success,2026-04-29 05:38:13.666089+00:00
1ea40779-fea1-4dac-87f4-c7e700c5603a,d709d9fc-8bc1-41c3-bf80-381d115cd9f8,958b9667-ddb9-4821-bd55-8ef80958746a,fa1369d2-4f19-47b9-87ee-9aacbb378a19,4003.7,INR,success,2026-04-30 21:29:39.421527+00:00
5d50de7e-86ef-45c0-815b-8ec4c11adebb,d709d9fc-8bc1-41c3-bf80-381d115cd9f8,958b9667-ddb9-4821-bd55-8ef80958746a,fa1369d2-4f19-47b9-87ee-9aacbb378a19,3095.9,INR,success,2026-05-12 00:09:35.336466+00:00
901aea1a-4e7a-43df-ac14-a9592b3ae2a4,76ce4aa5-675f-4548-ae91-8c86458f1278,f2a27bfe-8c7e-4263-95e9-f05611ed3ff8,7b606f13-0c8c-44b3-8e60-9f27ff4a00b7,3289.48,INR,success,2026-05-14 19:19:46.762749+00:00
46053088-3296-42e5-bacc-c3cca2daf803,b7504f9f-f7ca-4e80-909a-fc2377eec011,a7b34914-fbec-4df6-b01e-6232e728484d,833da611-ca99-434e-ac6a-5a878ee01df2,1798.09,INR,success,2026-05-25 22:31:53.154538+00:00
7e9f6138-576f-4388-8196-e4ec7a2d934b,985dfc7c-ad29-450d-a865-f595e8705eb6,0e176ad1-b38c-4366-a6db-aac741c08a49,4436a91b-fbe5-4fae-b3b1-aca85bb63a57,1654.62,INR,success,2026-04-19 20:39:20.573585+00:00
dd0ae2e8-b510-40e5-b2ea-04c6bd67d955,985dfc7c-ad29-450d-a865-f595e8705eb6,0e176ad1-b38c-4366-a6db-aac741c08a49,4436a91b-fbe5-4fae-b3b1-aca85bb63a57,955.46,INR,success,2026-04-27 16:34:52.850290+00:00
8dabe0ba-70e3-42e4-af10-dee854ce8b48,985dfc7c-ad29-450d-a865-f595e8705eb6,0e176ad1-b38c-4366-a6db-aac741c08a49,4436a91b-fbe5-4fae-b3b1-aca85bb63a57,1856.57,INR,success,2026-05-11 05:19:53.130321+00:00
5f5048c9-5b5a-45f4-bebe-7d33e88f5209,985dfc7c-ad29-450d-a865-f595e8705eb6,0e176ad1-b38c-4366-a6db-aac741c08a49,4436a91b-fbe5-4fae-b3b1-aca85bb63a57,2185.2,INR,success,2026-05-13 03:57:10.291778+00:00
ac791090-3b3c-4244-a336-34e72175ce7c,985dfc7c-ad29-450d-a865-f595e8705eb6,0e176ad1-b38c-4366-a6db-aac741c08a49,4436a91b-fbe5-4fae-b3b1-aca85bb63a57,1058.82,INR,success,2026-05-23 01:29:05.409266+00:00
24d75082-2774-4f66-878a-a51eebf7dc3c,9139fb70-6704-418c-961f-fbd435fcd54a,a3f40158-531c-438c-8a76-14106dac21df,c6202701-ff0b-4063-bfff-c7c2c8737bb0,3010.25,INR,success,2026-05-25 08:04:54.599265+00:00
dc9029d7-8cc6-4258-bbf3-d0910e8d0891,6bd59f9a-22bb-4831-a47b-0560ed6f4ba4,b77f54c9-9023-4bd4-8f00-bf38ad6c7593,dc70b5a0-a3f6-4755-adf8-932f453fb4ce,10.0,INR,success,2026-04-30 05:11:23.266222+00:00
94aa171c-7002-4da9-a0e6-154121c10533,6bd59f9a-22bb-4831-a47b-0560ed6f4ba4,b77f54c9-9023-4bd4-8f00-bf38ad6c7593,dc70b5a0-a3f6-4755-adf8-932f453fb4ce,5133.19,INR,success,2026-05-08 05:45:47.164430+00:00
7f3dc42d-6354-400a-a6b6-da32b5c4239b,6bd59f9a-22bb-4831-a47b-0560ed6f4ba4,b77f54c9-9023-4bd4-8f00-bf38ad6c7593,dc70b5a0-a3f6-4755-adf8-932f453fb4ce,5217.32,INR,success,2026-05-10 08:11:18.455977+00:00
ad9e464b-6354-4d4f-b39e-427ce9a9355d,6bd59f9a-22bb-4831-a47b-0560ed6f4ba4,b77f54c9-9023-4bd4-8f00-bf38ad6c7593,dc70b5a0-a3f6-4755-adf8-932f453fb4ce,1908.98,INR,success,2026-05-22 11:55:07.916111+00:00
caf6c061-8d7b-4ec6-8c8f-0d6550a77f29,4bd6a5c3-2dd4-4147-a6a0-c33eeaf94ea8,3821cc7d-66dd-4cf7-9d70-3e8f65a6e389,c007ab58-d079-4efb-8eaf-21f1a36be1b9,3078.97,INR,success,2026-03-29 06:42:38.494417+00:00
74c874a5-edac-483b-8f69-4dd73a5dea4e,4bd6a5c3-2dd4-4147-a6a0-c33eeaf94ea8,3821cc7d-66dd-4cf7-9d70-3e8f65a6e389,c007ab58-d079-4efb-8eaf-21f1a36be1b9,5632.89,INR,success,2026-04-06 01:13:17.509591+00:00
c8f64765-3533-400d-8b05-164139be7c75,4bd6a5c3-2dd4-4147-a6a0-c33eeaf94ea8,3821cc7d-66dd-4cf7-9d70-3e8f65a6e389,c007ab58-d079-4efb-8eaf-21f1a36be1b9,1249.51,INR,success,2026-04-10 13:08:29.943492+00:00
4c9f1644-8818-4ab0-a97f-13a24d21819a,4bd6a5c3-2dd4-4147-a6a0-c33eeaf94ea8,3821cc7d-66dd-4cf7-9d70-3e8f65a6e389,c007ab58-d079-4efb-8eaf-21f1a36be1b9,5247.21,INR,success,2026-05-18 19:19:38.822127+00:00
c442b5d5-64b8-4c99-92ef-7e09b14d6ea1,4bd6a5c3-2dd4-4147-a6a0-c33eeaf94ea8,3821cc7d-66dd-4cf7-9d70-3e8f65a6e389,c007ab58-d079-4efb-8eaf-21f1a36be1b9,2478.37,INR,success,2026-05-31 03:28:03.494853+00:00
78012889-b138-46df-b667-d3048e3429b2,97a8bf60-0042-4048-aa28-5ca562f7262f,2bb19820-ad46-4136-858d-781126fdeaae,e9ef1b27-da8a-404a-a820-8fc629763309,923.78,INR,success,2026-05-23 05:18:58.606850+00:00
4e51cd2a-7ce5-4f61-983d-d35b0c8f9e44,97a8bf60-0042-4048-aa28-5ca562f7262f,2bb19820-ad46-4136-858d-781126fdeaae,e9ef1b27-da8a-404a-a820-8fc629763309,1070.46,INR,success,2026-05-23 21:53:47.768923+00:00
f5c9a088-bfe1-4b51-99a5-8444713895cb,97a8bf60-0042-4048-aa28-5ca562f7262f,2bb19820-ad46-4136-858d-781126fdeaae,e9ef1b27-da8a-404a-a820-8fc629763309,425.07,INR,success,2026-05-27 10:24:40.613241+00:00
6f9ab663-b76a-435d-ba2d-d1d9e3824cd1,97a8bf60-0042-4048-aa28-5ca562f7262f,2bb19820-ad46-4136-858d-781126fdeaae,e9ef1b27-da8a-404a-a820-8fc629763309,520.36,INR,success,2026-05-27 18:20:35.375543+00:00
06c011da-3c67-4ceb-8ea3-65f6326d9ea7,97a8bf60-0042-4048-aa28-5ca562f7262f,2bb19820-ad46-4136-858d-781126fdeaae,e9ef1b27-da8a-404a-a820-8fc629763309,755.76,INR,success,2026-05-29 07:20:29.231762+00:00
163c49c0-2a22-43b0-8bda-481ab64d7b9e,7a6b9565-1cad-4ae2-9501-bdff17b17066,2e0f9d02-ba99-406d-aa6b-3f28f33b42ff,7a35bbe7-8081-4d2c-b5f6-14ad22d7bbb9,210.6,INR,success,2026-05-08 02:45:09.958451+00:00
6835699f-cfab-4c21-b47d-378265b818b4,7a6b9565-1cad-4ae2-9501-bdff17b17066,2e0f9d02-ba99-406d-aa6b-3f28f33b42ff,7a35bbe7-8081-4d2c-b5f6-14ad22d7bbb9,1354.25,INR,success,2026-05-10 16:59:01.172351+00:00
dec4598b-2543-464e-a3ff-ff6147a3f0e1,7a6b9565-1cad-4ae2-9501-bdff17b17066,2e0f9d02-ba99-406d-aa6b-3f28f33b42ff,7a35bbe7-8081-4d2c-b5f6-14ad22d7bbb9,1000.35,INR,success,2026-05-17 17:27:25.788386+00:00
a52c78a4-f66b-4a3e-b9e6-4d49308151b3,7a6b9565-1cad-4ae2-9501-bdff17b17066,2e0f9d02-ba99-406d-aa6b-3f28f33b42ff,7a35bbe7-8081-4d2c-b5f6-14ad22d7bbb9,649.33,INR,success,2026-05-28 15:53:09.969052+00:00
10a5db9c-a501-4e33-98db-206c950d1e7b,7a6b9565-1cad-4ae2-9501-bdff17b17066,2e0f9d02-ba99-406d-aa6b-3f28f33b42ff,7a35bbe7-8081-4d2c-b5f6-14ad22d7bbb9,1353.15,INR,success,2026-05-30 23:43:08.977164+00:00
e7adbd1f-b9fe-4faa-a4f3-84b6d3184755,ae22a4dc-832b-4eaa-8cc0-6ecd43fb2264,5b60bb3d-14ce-4f88-a018-207ac636e3a0,0154cd48-3887-4633-97df-813486c6528b,153.14,INR,success,2026-05-05 19:34:51.244139+00:00
7354c167-a034-417d-b834-045992e978ce,fc3c136c-e252-4296-bf86-7567a89a5495,b5813a4a-1cf9-45a8-8bcc-6538d7050be7,a8a17bd2-e52f-4256-9d6d-1090c3e01fc2,2730.94,INR,success,2026-05-05 15:35:24.398171+00:00
f87fdad6-147a-48e4-b09d-ae7eb8977f70,fc3c136c-e252-4296-bf86-7567a89a5495,b5813a4a-1cf9-45a8-8bcc-6538d7050be7,a8a17bd2-e52f-4256-9d6d-1090c3e01fc2,1509.49,INR,success,2026-05-17 18:19:55.760333+00:00
ebeebe1e-095f-409e-b0ca-a3280afde36d,fc3c136c-e252-4296-bf86-7567a89a5495,b5813a4a-1cf9-45a8-8bcc-6538d7050be7,a8a17bd2-e52f-4256-9d6d-1090c3e01fc2,4626.8,INR,success,2026-05-18 22:21:11.884387+00:00
e9ab098f-2607-4e10-8988-1ef06c23b0db,930fd5e4-071c-4963-aa75-90c4c41a3a17,15dfec6d-13a5-4640-a233-4d48a6237dc4,bd3185c8-2617-4f69-ae17-4457c6fcbb33,3615.28,INR,success,2026-03-16 07:50:33.086479+00:00
40129b88-9164-476c-a1c2-c428f2b9e3a1,930fd5e4-071c-4963-aa75-90c4c41a3a17,15dfec6d-13a5-4640-a233-4d48a6237dc4,bd3185c8-2617-4f69-ae17-4457c6fcbb33,3145.57,INR,success,2026-05-07 11:03:10.273937+00:00
c777af67-859b-44de-a29a-950fd9999e9c,b04654af-197e-42bd-8a05-9532c4f42cd3,eeb22990-23d3-4a98-9b5a-0b85ee9a52ba,1f67172b-2a9c-4105-8848-7c8d07278e8b,421.46,INR,success,2026-05-21 21:39:13.254781+00:00
5197e922-52b3-4e7b-bc28-b0134fc1c5e7,b04654af-197e-42bd-8a05-9532c4f42cd3,eeb22990-23d3-4a98-9b5a-0b85ee9a52ba,1f67172b-2a9c-4105-8848-7c8d07278e8b,704.73,INR,success,2026-05-22 06:25:53.892984+00:00
0b954c11-69bd-4538-aed1-1cf159c086d1,b04654af-197e-42bd-8a05-9532c4f42cd3,eeb22990-23d3-4a98-9b5a-0b85ee9a52ba,1f67172b-2a9c-4105-8848-7c8d07278e8b,242.3,INR,success,2026-05-22 11:16:15.062031+00:00
2160c4ed-94ec-4b92-9ce8-701dde009de8,7672db92-ba72-4eaf-a1f5-3a74bec29708,40798f58-5430-4d92-8642-34c477f00943,2d4fdad3-d9c4-4c3e-86fa-bac697f627ef,1410.45,INR,success,2026-04-08 02:51:55.977568+00:00
b939fe7f-8639-43ff-8762-1746c6039d4b,7672db92-ba72-4eaf-a1f5-3a74bec29708,40798f58-5430-4d92-8642-34c477f00943,2d4fdad3-d9c4-4c3e-86fa-bac697f627ef,1645.49,INR,success,2026-04-22 11:25:03.419325+00:00
76a2a86c-01c4-4cbd-945f-70ebea9d100d,7672db92-ba72-4eaf-a1f5-3a74bec29708,40798f58-5430-4d92-8642-34c477f00943,2d4fdad3-d9c4-4c3e-86fa-bac697f627ef,10.0,INR,success,2026-04-28 05:00:38.332566+00:00
767a5abe-572c-494f-948b-6cb8d2d3af17,7672db92-ba72-4eaf-a1f5-3a74bec29708,40798f58-5430-4d92-8642-34c477f00943,2d4fdad3-d9c4-4c3e-86fa-bac697f627ef,3174.53,INR,success,2026-05-11 22:25:03.377124+00:00
e852b67a-4877-4ed0-bc19-9e26289c36ba,81a7c114-3968-4f3d-92fa-25f0965dc59c,278fc7dc-5320-4bc3-8084-a39282cf3022,925fa354-1ab3-4996-8e94-e2efb42bcbe6,1871.92,INR,success,2026-05-19 22:54:33.660746+00:00
508dbf9d-6794-4982-af17-4f17cd3ef0b2,81a7c114-3968-4f3d-92fa-25f0965dc59c,278fc7dc-5320-4bc3-8084-a39282cf3022,925fa354-1ab3-4996-8e94-e2efb42bcbe6,298.95,INR,success,2026-05-26 05:42:29.355070+00:00
e9cdfe7c-4ffb-4e3e-9ee7-d70c5497238e,68f6f130-3c67-41e2-9afd-76a9fb5dc235,874a1570-5440-49ee-b956-f60defd6f89b,95f883f8-31ef-4f1d-960f-73e772b24e90,3332.28,INR,success,2026-05-04 04:21:32.688957+00:00
c4ca01af-0759-4f85-ba92-501bd9574777,68f6f130-3c67-41e2-9afd-76a9fb5dc235,874a1570-5440-49ee-b956-f60defd6f89b,95f883f8-31ef-4f1d-960f-73e772b24e90,2599.77,INR,success,2026-05-24 13:11:20.971834+00:00
723b4e2a-1f26-4afb-bc4c-c0e79f3588e1,68f6f130-3c67-41e2-9afd-76a9fb5dc235,874a1570-5440-49ee-b956-f60defd6f89b,95f883f8-31ef-4f1d-960f-73e772b24e90,886.44,INR,success,2026-05-27 21:57:19.383969+00:00
6518a99c-2089-4a6d-af23-0e3320d5e9b8,8089e17c-91c5-496b-b214-772a470cadcc,2f046c6d-b4c8-4856-bc34-18ff4b6f0ce6,b0b9ef21-a032-4b9a-a2e8-076d4ccc687b,10.0,INR,success,2026-04-24 01:33:32.620376+00:00
932c60c4-eb8e-4bc1-9b86-e7c60bd446d7,8089e17c-91c5-496b-b214-772a470cadcc,2f046c6d-b4c8-4856-bc34-18ff4b6f0ce6,b0b9ef21-a032-4b9a-a2e8-076d4ccc687b,1231.22,INR,success,2026-04-26 00:19:40.447343+00:00
49edc232-2dfc-4eb6-b008-fc121c9bd999,8089e17c-91c5-496b-b214-772a470cadcc,2f046c6d-b4c8-4856-bc34-18ff4b6f0ce6,b0b9ef21-a032-4b9a-a2e8-076d4ccc687b,1798.41,INR,success,2026-04-29 10:27:25.711853+00:00
666c8429-fd71-4fe8-b500-b03da22d1d35,8089e17c-91c5-496b-b214-772a470cadcc,2f046c6d-b4c8-4856-bc34-18ff4b6f0ce6,b0b9ef21-a032-4b9a-a2e8-076d4ccc687b,315.74,INR,success,2026-05-15 14:18:56.366353+00:00
337705df-c0ab-45b9-aef0-c75c0ad3364e,8089e17c-91c5-496b-b214-772a470cadcc,2f046c6d-b4c8-4856-bc34-18ff4b6f0ce6,b0b9ef21-a032-4b9a-a2e8-076d4ccc687b,1134.67,INR,success,2026-05-18 13:30:09.212659+00:00
999bd0af-64a9-44a3-926d-ae5bb3b9346d,13dd9476-6118-4979-bedf-cd5cb615ae71,c101b392-1222-473c-b4fe-9dcfb6fedee0,2b6d6fdd-efc2-49d9-9cbc-795e9d71303d,1747.07,INR,success,2026-05-24 18:54:16.382899+00:00
d86f5953-f614-49f2-839d-4c4073ab3db5,13dd9476-6118-4979-bedf-cd5cb615ae71,c101b392-1222-473c-b4fe-9dcfb6fedee0,2b6d6fdd-efc2-49d9-9cbc-795e9d71303d,70.55,INR,success,2026-05-25 03:40:53.712608+00:00
96f8d906-5e68-46cc-bfdf-78e0fca0b09f,13dd9476-6118-4979-bedf-cd5cb615ae71,c101b392-1222-473c-b4fe-9dcfb6fedee0,2b6d6fdd-efc2-49d9-9cbc-795e9d71303d,1370.26,INR,success,2026-05-25 10:26:03.273069+00:00
fbe9a6cd-1138-448b-828f-4d4a4bc7d551,89fa7629-3c33-4f95-867e-502f2c5d2d06,50230fa5-5e47-4840-81b3-c20c70f5439e,4779def7-c1a4-47a0-8a48-ea1a0f3bc792,1083.38,INR,success,2026-04-17 08:05:22.793693+00:00
01f62480-7a43-4124-9df0-0803b37587a4,eca93885-26bd-49d6-97ab-f033593e1820,f6566e5f-ec57-439f-a396-fc4bbaffa8ca,bd561dec-78fd-4c4f-a0e5-ddf5f17f796e,1629.88,INR,success,2026-04-28 04:58:52.984583+00:00
dd5c266a-079c-4b32-b728-7091caadbe8a,eca93885-26bd-49d6-97ab-f033593e1820,f6566e5f-ec57-439f-a396-fc4bbaffa8ca,bd561dec-78fd-4c4f-a0e5-ddf5f17f796e,2663.75,INR,success,2026-05-28 09:16:06.242838+00:00
c2a9be83-89da-4d92-a2d0-34cdf6268e52,34496197-80cc-43d6-8a57-1d24134efb3a,375ceb1b-a318-4994-a907-25571d7d113b,4a534b60-cef7-49bc-a981-0c9288b639ee,10.0,INR,success,2026-05-17 00:08:37.904551+00:00
8d2c7245-f114-4b5f-a2b1-f403e10f5fe1,34496197-80cc-43d6-8a57-1d24134efb3a,375ceb1b-a318-4994-a907-25571d7d113b,4a534b60-cef7-49bc-a981-0c9288b639ee,825.03,INR,success,2026-05-20 07:46:07.314958+00:00
ab4fe648-b0ce-4791-ae33-5175ca7cdfbe,34496197-80cc-43d6-8a57-1d24134efb3a,375ceb1b-a318-4994-a907-25571d7d113b,4a534b60-cef7-49bc-a981-0c9288b639ee,505.31,INR,success,2026-05-21 15:16:48.021654+00:00
69f6a830-61d6-48b9-9b04-bd5fd6e136c7,b460642e-dc12-4bb6-b357-0f8757f58f9b,b72a32c7-7506-4d7d-abfd-67d36d5d9d54,f24d647f-b95c-42e2-a3f5-d20327ec9d5f,4523.72,INR,success,2026-05-17 05:39:45.232241+00:00
8eb67f30-a8b5-4c92-b110-e0919ed8bd73,b460642e-dc12-4bb6-b357-0f8757f58f9b,b72a32c7-7506-4d7d-abfd-67d36d5d9d54,f24d647f-b95c-42e2-a3f5-d20327ec9d5f,3296.27,INR,success,2026-05-20 13:02:43.161479+00:00
7894cd9a-b8e5-429c-8257-c0cfdb4dc57e,b460642e-dc12-4bb6-b357-0f8757f58f9b,b72a32c7-7506-4d7d-abfd-67d36d5d9d54,f24d647f-b95c-42e2-a3f5-d20327ec9d5f,3908.49,INR,success,2026-05-25 22:53:45.273141+00:00
845c8b30-52ec-4574-b5cd-e62592725418,b460642e-dc12-4bb6-b357-0f8757f58f9b,b72a32c7-7506-4d7d-abfd-67d36d5d9d54,f24d647f-b95c-42e2-a3f5-d20327ec9d5f,3167.79,INR,success,2026-05-30 19:57:26.930497+00:00
9d254a97-c168-4b95-9ede-2d741461b1c0,b6581b6c-c6bc-4653-917c-d65ecebe84c4,2a2cc7ac-6002-4fbe-abbd-91550063ffb8,59146618-a0b0-4186-bf33-a11924069c40,1071.8,INR,success,2026-03-10 01:13:09.226953+00:00
ea9a9a1f-ea95-4d46-8c36-dbce397d356c,b6581b6c-c6bc-4653-917c-d65ecebe84c4,2a2cc7ac-6002-4fbe-abbd-91550063ffb8,59146618-a0b0-4186-bf33-a11924069c40,1655.17,INR,success,2026-03-20 00:30:40.102770+00:00
2787054b-1209-44d3-b0b2-9e3ced7a92d5,b6581b6c-c6bc-4653-917c-d65ecebe84c4,2a2cc7ac-6002-4fbe-abbd-91550063ffb8,59146618-a0b0-4186-bf33-a11924069c40,707.66,INR,success,2026-04-30 01:52:29.764878+00:00
feb8e7b8-549b-45a2-8294-fa41d6f53b25,b6581b6c-c6bc-4653-917c-d65ecebe84c4,2a2cc7ac-6002-4fbe-abbd-91550063ffb8,59146618-a0b0-4186-bf33-a11924069c40,1866.32,INR,success,2026-05-10 18:36:57.719762+00:00
182d19a5-25b2-4727-a770-4a02be83f1e6,b2dc6485-3d9e-42a3-93e0-ea55af64a3f2,3a59f791-b349-419a-8f32-e1ecdf9eff98,36b2231f-59b3-4a4e-ab61-076d02349d28,520.33,INR,success,2026-05-28 11:17:11.172953+00:00
5141ef90-be44-40c2-a400-8ee9385a50ac,b2dc6485-3d9e-42a3-93e0-ea55af64a3f2,3a59f791-b349-419a-8f32-e1ecdf9eff98,36b2231f-59b3-4a4e-ab61-076d02349d28,775.15,INR,success,2026-05-29 02:03:40.511705+00:00
a6077ff4-8d48-42d8-b922-2dbffd1cfeeb,b2dc6485-3d9e-42a3-93e0-ea55af64a3f2,3a59f791-b349-419a-8f32-e1ecdf9eff98,36b2231f-59b3-4a4e-ab61-076d02349d28,1636.86,INR,success,2026-05-29 04:22:59.624807+00:00
a375ae9d-246a-4ef0-9465-4be7a5526c46,b2dc6485-3d9e-42a3-93e0-ea55af64a3f2,3a59f791-b349-419a-8f32-e1ecdf9eff98,36b2231f-59b3-4a4e-ab61-076d02349d28,601.01,INR,success,2026-05-29 21:05:32.733193+00:00
9a6f40ab-6389-4638-bd9c-c5ddcccb9992,37458cea-2951-4537-9909-8e079dbfca62,11e4d77c-3777-40a8-a106-4b739342d40e,fd319beb-2069-480a-88b2-c3102097f165,510.27,INR,success,2026-05-13 11:33:39.999938+00:00
9e99baae-be1c-4421-bcc4-8f2350005fa2,37458cea-2951-4537-9909-8e079dbfca62,11e4d77c-3777-40a8-a106-4b739342d40e,fd319beb-2069-480a-88b2-c3102097f165,296.87,INR,success,2026-05-19 10:48:21.506849+00:00
d67323a1-26f6-4f43-a74a-a9bcbf552d0d,0ec62ec7-1824-4a7c-b572-2e6940d2afb7,b17fcc20-c993-4571-aa8f-33c385461264,09cc1bf9-cda4-4b21-828e-5faa461bbaff,138.38,INR,success,2026-05-11 12:43:10.963908+00:00
1c22eb83-44cd-47cb-b4e5-bd9e756707f3,0ec62ec7-1824-4a7c-b572-2e6940d2afb7,b17fcc20-c993-4571-aa8f-33c385461264,09cc1bf9-cda4-4b21-828e-5faa461bbaff,921.47,INR,success,2026-05-16 09:00:42.319931+00:00
db24cafa-7ae5-446c-9ac8-1ed09e566bcb,0ec62ec7-1824-4a7c-b572-2e6940d2afb7,b17fcc20-c993-4571-aa8f-33c385461264,09cc1bf9-cda4-4b21-828e-5faa461bbaff,3181.67,INR,success,2026-05-23 19:34:25.490459+00:00
ba453277-786b-4fe1-a27b-79aa9ebd84be,0ec62ec7-1824-4a7c-b572-2e6940d2afb7,b17fcc20-c993-4571-aa8f-33c385461264,09cc1bf9-cda4-4b21-828e-5faa461bbaff,6594.91,INR,success,2026-05-31 05:43:22.798541+00:00
a93990ab-e905-47ae-b7e9-87d7d6cbc3fe,bb19d02c-4fe5-4bb8-9067-a12f37a6727a,c94eede8-a510-4dac-bbc3-06d860cf375a,dedc3ad5-abcf-4b6e-8b35-ec33404a6b3b,4126.68,INR,success,2026-05-20 00:24:07.203898+00:00
20b5fcdb-9b15-48ab-bf85-c62f4eebfaaf,bb19d02c-4fe5-4bb8-9067-a12f37a6727a,c94eede8-a510-4dac-bbc3-06d860cf375a,dedc3ad5-abcf-4b6e-8b35-ec33404a6b3b,2691.69,INR,success,2026-05-27 23:49:45.094704+00:00
2ac58a05-d2ad-4475-869f-9d22aaa181c3,bb19d02c-4fe5-4bb8-9067-a12f37a6727a,c94eede8-a510-4dac-bbc3-06d860cf375a,dedc3ad5-abcf-4b6e-8b35-ec33404a6b3b,3479.74,INR,success,2026-05-29 12:11:38.665863+00:00
bd6b7789-1223-4de0-a117-023456800185,bb19d02c-4fe5-4bb8-9067-a12f37a6727a,c94eede8-a510-4dac-bbc3-06d860cf375a,dedc3ad5-abcf-4b6e-8b35-ec33404a6b3b,1215.84,INR,success,2026-05-30 17:58:03.872632+00:00
386344c5-87db-4be5-b355-329ecaec0d1a,bb19d02c-4fe5-4bb8-9067-a12f37a6727a,c94eede8-a510-4dac-bbc3-06d860cf375a,dedc3ad5-abcf-4b6e-8b35-ec33404a6b3b,2692.51,INR,success,2026-05-31 02:37:11.201564+00:00
7ab22b2e-a769-4102-9223-11d4a667818c,dd7046fb-3e08-4b42-a9c1-9bb65db76958,74156027-dc38-470a-85de-ce3f7b7042ef,c2eb5700-0d9f-4ba0-932b-baa520594dc0,392.76,INR,success,2026-04-24 21:39:37.233084+00:00
3db37c7e-1cb6-4c58-992f-5895c2dc6047,dd7046fb-3e08-4b42-a9c1-9bb65db76958,74156027-dc38-470a-85de-ce3f7b7042ef,c2eb5700-0d9f-4ba0-932b-baa520594dc0,350.3,INR,success,2026-05-21 05:49:55.262248+00:00
b5418574-26f4-4e23-b11e-21a8d1b0eba2,dd7046fb-3e08-4b42-a9c1-9bb65db76958,74156027-dc38-470a-85de-ce3f7b7042ef,c2eb5700-0d9f-4ba0-932b-baa520594dc0,549.3,INR,success,2026-05-30 19:24:24.151005+00:00
b528daf8-bb23-43ed-8e58-4ae439a4d724,6d6c2243-2c4c-4b56-ba03-6b2df7254aee,b34971aa-e57a-4401-aaca-45c8af2fe891,f65027bb-d71e-4bee-95a5-3572051207bd,758.87,INR,success,2026-03-10 06:26:29.899314+00:00
25c467e8-9b7a-4c36-9c32-1c240520bc20,6d6c2243-2c4c-4b56-ba03-6b2df7254aee,b34971aa-e57a-4401-aaca-45c8af2fe891,f65027bb-d71e-4bee-95a5-3572051207bd,3284.68,INR,success,2026-03-16 00:26:23.910194+00:00
17d1c864-e711-4517-a44d-37f89e943bc5,6d6c2243-2c4c-4b56-ba03-6b2df7254aee,b34971aa-e57a-4401-aaca-45c8af2fe891,f65027bb-d71e-4bee-95a5-3572051207bd,5416.19,INR,success,2026-04-10 12:31:00.981104+00:00
630c75c4-c28e-4d5d-a7db-b2fd4958263f,6d6c2243-2c4c-4b56-ba03-6b2df7254aee,b34971aa-e57a-4401-aaca-45c8af2fe891,f65027bb-d71e-4bee-95a5-3572051207bd,4992.75,INR,success,2026-04-13 04:56:21.014231+00:00
6342ca8f-49ca-4834-840b-edebfe1d0fb1,6d6c2243-2c4c-4b56-ba03-6b2df7254aee,b34971aa-e57a-4401-aaca-45c8af2fe891,f65027bb-d71e-4bee-95a5-3572051207bd,1322.31,INR,success,2026-04-14 23:38:37.286763+00:00
67ff2c4c-4192-4df6-9de9-3bc523af7c64,72cdcf97-dcce-4925-8a0b-3a0e4a8c6477,7a1e1955-0710-46a2-b7fc-0c0e9a9b8e47,067c984d-7d9b-46c8-97ea-c36fe3bd2c29,650.32,INR,success,2026-05-07 00:46:49.562091+00:00
627897ae-5115-4f7b-900a-974a10b4bd18,72cdcf97-dcce-4925-8a0b-3a0e4a8c6477,7a1e1955-0710-46a2-b7fc-0c0e9a9b8e47,067c984d-7d9b-46c8-97ea-c36fe3bd2c29,704.9,INR,success,2026-05-15 07:46:31.831070+00:00
fed0c9ca-8a70-44d2-aa91-f964e02bde6f,72cdcf97-dcce-4925-8a0b-3a0e4a8c6477,7a1e1955-0710-46a2-b7fc-0c0e9a9b8e47,067c984d-7d9b-46c8-97ea-c36fe3bd2c29,594.97,INR,success,2026-05-21 23:20:22.415781+00:00
a762bb91-a539-49d5-9941-0645c5ea9693,72cdcf97-dcce-4925-8a0b-3a0e4a8c6477,7a1e1955-0710-46a2-b7fc-0c0e9a9b8e47,067c984d-7d9b-46c8-97ea-c36fe3bd2c29,971.79,INR,success,2026-05-26 21:25:49.688412+00:00
d5d86b25-897e-48e2-acd7-753d3bf43a97,e93a8fd2-06b7-4aae-a9ae-0933c94bd997,5b793932-2310-471f-bf46-4c6e11dffa69,557a1d62-5c3b-4425-863e-11009820ceea,6880.51,INR,success,2026-05-18 18:47:26.078977+00:00
db3f2835-b56c-478d-bdfe-4e30f8a30ca2,e93a8fd2-06b7-4aae-a9ae-0933c94bd997,5b793932-2310-471f-bf46-4c6e11dffa69,557a1d62-5c3b-4425-863e-11009820ceea,3336.9,INR,success,2026-05-19 15:41:09.655104+00:00
7a337752-6f46-4fca-befb-97566b7fed99,e93a8fd2-06b7-4aae-a9ae-0933c94bd997,5b793932-2310-471f-bf46-4c6e11dffa69,557a1d62-5c3b-4425-863e-11009820ceea,4611.8,INR,success,2026-05-22 17:21:53.962852+00:00
f04928d4-8a0c-4391-98f3-9d0824ad47ed,e93a8fd2-06b7-4aae-a9ae-0933c94bd997,5b793932-2310-471f-bf46-4c6e11dffa69,557a1d62-5c3b-4425-863e-11009820ceea,4397.64,INR,success,2026-05-27 08:43:54.170557+00:00
1122001b-1a63-4900-9737-94d66d0f14d7,e93a8fd2-06b7-4aae-a9ae-0933c94bd997,5b793932-2310-471f-bf46-4c6e11dffa69,557a1d62-5c3b-4425-863e-11009820ceea,2188.79,INR,success,2026-05-29 14:32:36.352568+00:00
d8fab270-be57-425e-91ca-ff81da6fe63d,340f8bd6-be4b-4c29-9d19-2f188ba6c14a,34abcde1-d798-4a1d-b390-f68672a70f3f,c2265e03-76f8-4e50-af77-8683bca97f99,335.87,INR,success,2026-05-21 03:06:41.689546+00:00
a21a0c4a-8bd7-4182-898b-22308ca62038,340f8bd6-be4b-4c29-9d19-2f188ba6c14a,34abcde1-d798-4a1d-b390-f68672a70f3f,c2265e03-76f8-4e50-af77-8683bca97f99,35.08,INR,success,2026-05-26 11:54:17.822030+00:00
b32f107c-5a86-47a0-b173-5aab0626c28d,c7d589ca-d492-430e-8cf7-a13bad06300f,fa812fc8-b5e4-445d-913d-656eeaf8f5b7,5c71e805-7358-499b-b4ec-edbb1b672e63,10.0,INR,success,2026-05-15 06:07:30.411430+00:00
df5bf092-19e5-40fc-b12f-1d2175fb31c2,d1f50af2-6469-4cf3-aa4e-18ad0ec4a4bf,aa72ad88-3214-4ba8-b98b-2ae44b5d14b2,3aa894b5-ecd3-4a2a-a423-e5606c34e6ad,553.77,INR,success,2026-04-07 07:55:19.957015+00:00
073008b7-b4e7-4d41-af05-75086d7acf89,d1f50af2-6469-4cf3-aa4e-18ad0ec4a4bf,aa72ad88-3214-4ba8-b98b-2ae44b5d14b2,3aa894b5-ecd3-4a2a-a423-e5606c34e6ad,1778.25,INR,success,2026-04-28 17:33:08.711005+00:00
b37f5972-220e-4810-bd29-ff47defc2063,a7fabfc0-e773-4dab-b614-289d77b0234d,0bb6a235-af9b-4af4-8f7f-0ac85fba73a2,b5aeb35d-ac98-4515-a2f6-23fd2f3e7996,1207.87,INR,success,2026-04-12 11:25:33.628555+00:00
10aa6ee7-3e22-4361-8a82-370e80678499,a7fabfc0-e773-4dab-b614-289d77b0234d,0bb6a235-af9b-4af4-8f7f-0ac85fba73a2,b5aeb35d-ac98-4515-a2f6-23fd2f3e7996,1319.49,INR,success,2026-04-23 14:47:06.752808+00:00
34765973-7382-4ed3-a6c4-ca9308d17f8c,a7fabfc0-e773-4dab-b614-289d77b0234d,0bb6a235-af9b-4af4-8f7f-0ac85fba73a2,b5aeb35d-ac98-4515-a2f6-23fd2f3e7996,1513.49,INR,success,2026-04-28 15:19:40.125949+00:00
d3234ff3-07b1-49a4-9fc6-890b71f5b619,a7fabfc0-e773-4dab-b614-289d77b0234d,0bb6a235-af9b-4af4-8f7f-0ac85fba73a2,b5aeb35d-ac98-4515-a2f6-23fd2f3e7996,770.39,INR,success,2026-04-28 23:26:33.324207+00:00
02ea5ef0-1790-4b6d-a4d4-dfa64b6829f0,a7fabfc0-e773-4dab-b614-289d77b0234d,0bb6a235-af9b-4af4-8f7f-0ac85fba73a2,b5aeb35d-ac98-4515-a2f6-23fd2f3e7996,841.84,INR,success,2026-05-09 22:24:16.368765+00:00
daf9c39d-6b0d-414a-a809-0a37300ac2bd,e43b7853-827a-4993-9b35-729f270484c4,29f35110-ca67-423f-ad49-77d91e36e05d,0db4a2c1-1f63-4fab-9e4d-be515a585b36,2211.11,INR,success,2026-04-05 18:00:34.963832+00:00
c75909cd-3b78-4b5a-bb33-bd351148e792,e43b7853-827a-4993-9b35-729f270484c4,29f35110-ca67-423f-ad49-77d91e36e05d,0db4a2c1-1f63-4fab-9e4d-be515a585b36,3350.01,INR,success,2026-04-05 19:55:05.268537+00:00
d0f2abc2-a075-4ddd-9a76-1df164eb5bb2,e43b7853-827a-4993-9b35-729f270484c4,29f35110-ca67-423f-ad49-77d91e36e05d,0db4a2c1-1f63-4fab-9e4d-be515a585b36,1810.9,INR,success,2026-04-06 10:57:30.917740+00:00
66822a3c-f9fc-41b0-b43e-3ac15be0b48a,e43b7853-827a-4993-9b35-729f270484c4,29f35110-ca67-423f-ad49-77d91e36e05d,0db4a2c1-1f63-4fab-9e4d-be515a585b36,1023.09,INR,success,2026-04-07 05:08:40.519245+00:00
549df742-ad7f-42df-a09c-2756470dbef9,2bb532bb-665d-4a4b-ada1-5c6ba72aa70e,f140397d-f370-4e8c-a623-9be18892ab50,9a2db915-9063-48d7-aaa4-05baac4c59f4,3513.36,INR,success,2026-04-16 23:18:12.468220+00:00
b8e856a8-ce3e-4b68-9168-261afcf313c7,2bb532bb-665d-4a4b-ada1-5c6ba72aa70e,f140397d-f370-4e8c-a623-9be18892ab50,9a2db915-9063-48d7-aaa4-05baac4c59f4,3982.57,INR,success,2026-04-28 21:29:40.487426+00:00
435fe27d-e099-4e8c-8d2e-caafe92a5942,2bb532bb-665d-4a4b-ada1-5c6ba72aa70e,f140397d-f370-4e8c-a623-9be18892ab50,9a2db915-9063-48d7-aaa4-05baac4c59f4,2241.47,INR,success,2026-05-07 22:26:45.307450+00:00
4c3d2bb7-8df9-41a6-b4ac-9440653b8d7d,5e965abd-135e-4fa8-8a8e-c8a772e36922,9a15940b-8319-4198-bd15-67d0f6491db1,35552ebd-8eca-488a-84ca-5cd5beb18f6e,3711.28,INR,success,2026-04-22 14:03:57.660280+00:00
3cbe82a0-5351-484b-9f57-34a52067e799,5e965abd-135e-4fa8-8a8e-c8a772e36922,9a15940b-8319-4198-bd15-67d0f6491db1,35552ebd-8eca-488a-84ca-5cd5beb18f6e,2558.03,INR,success,2026-04-23 15:08:50.832514+00:00
7b7f0289-b478-4b9e-ae29-6351d0f37907,5e965abd-135e-4fa8-8a8e-c8a772e36922,9a15940b-8319-4198-bd15-67d0f6491db1,35552ebd-8eca-488a-84ca-5cd5beb18f6e,2598.31,INR,success,2026-05-10 17:07:00.969607+00:00
102d6461-cabd-4b18-9f20-ef7787c9b8d8,d4a7513e-fbb2-4d2b-bb8a-1c641b52ad44,99ec1f39-8064-4980-a749-b1356e473ae5,c37fdab3-9820-480b-a357-fa0826b39283,12.66,INR,success,2026-05-10 15:41:10.457546+00:00
cc6a50f6-3125-45fb-99f7-aa823d566846,8a511846-6142-4cd3-a806-a2fbddb533f4,a7a17c05-a33b-483f-9aae-0a544d4fa8f3,8f67b38e-d2eb-4bfd-a18b-27f54219234a,615.9,INR,success,2026-04-06 06:24:46.087837+00:00
aa9b58e2-a5ef-4369-af1c-ca3550d80a6b,8a511846-6142-4cd3-a806-a2fbddb533f4,a7a17c05-a33b-483f-9aae-0a544d4fa8f3,8f67b38e-d2eb-4bfd-a18b-27f54219234a,4210.32,INR,success,2026-04-20 17:50:56.710693+00:00
441e7214-f7bf-47b4-88b6-714722a7dd68,8a511846-6142-4cd3-a806-a2fbddb533f4,a7a17c05-a33b-483f-9aae-0a544d4fa8f3,8f67b38e-d2eb-4bfd-a18b-27f54219234a,3693.6,INR,success,2026-05-16 23:17:38.906245+00:00
7b746a7c-fead-4b3c-9bd7-d29f6adf2670,8a511846-6142-4cd3-a806-a2fbddb533f4,a7a17c05-a33b-483f-9aae-0a544d4fa8f3,8f67b38e-d2eb-4bfd-a18b-27f54219234a,1966.49,INR,success,2026-05-30 20:16:08.648492+00:00
739a56b3-a364-48d5-8320-09e656ba096f,8a511846-6142-4cd3-a806-a2fbddb533f4,a7a17c05-a33b-483f-9aae-0a544d4fa8f3,8f67b38e-d2eb-4bfd-a18b-27f54219234a,3184.68,INR,success,2026-05-30 21:00:07.534101+00:00
4ba811a7-a0ac-4e6f-88bc-b40e18e91ded,67acc7c4-ce6d-47e0-9a79-784cd894c2f1,0a448f21-74c6-46fb-a00f-2b4d67961568,b1826ee5-a3a1-4288-98e1-e1416593c804,6520.78,INR,success,2026-03-14 19:05:13.260537+00:00
c2eaa27a-6508-4a32-8642-1401d997b888,67acc7c4-ce6d-47e0-9a79-784cd894c2f1,0a448f21-74c6-46fb-a00f-2b4d67961568,b1826ee5-a3a1-4288-98e1-e1416593c804,3410.9,INR,success,2026-04-27 01:59:47.570608+00:00
175c364f-7de4-48fe-ad47-f0d8d0b21a1c,67acc7c4-ce6d-47e0-9a79-784cd894c2f1,0a448f21-74c6-46fb-a00f-2b4d67961568,b1826ee5-a3a1-4288-98e1-e1416593c804,415.72,INR,success,2026-05-07 15:38:06.083576+00:00
cc4776dc-645e-45f6-a527-2a8d1704ff33,87cfc5ea-2397-4706-90c6-a7d4a6e7dc15,39c4da35-1b84-40d1-9727-a90372a5386e,4acddaac-4065-4c5a-b382-566d4a1a507d,6271.06,INR,success,2026-04-19 05:48:41.982384+00:00
b533f286-4741-4dbe-8e5c-97cc00e6af65,87cfc5ea-2397-4706-90c6-a7d4a6e7dc15,39c4da35-1b84-40d1-9727-a90372a5386e,4acddaac-4065-4c5a-b382-566d4a1a507d,5353.47,INR,success,2026-04-19 20:14:21.940104+00:00
b16c90ae-9255-4e36-8946-0ed6283c4d80,87cfc5ea-2397-4706-90c6-a7d4a6e7dc15,39c4da35-1b84-40d1-9727-a90372a5386e,4acddaac-4065-4c5a-b382-566d4a1a507d,7238.2,INR,success,2026-04-20 20:45:16.547782+00:00
87865a11-84ee-40df-bba8-0cad5709f1d0,80e07151-35aa-4a45-b4cb-d0f4124f438d,8112de13-c8ea-4c1c-ac39-78c8137597ae,aaf072f7-3501-418f-a67d-22b9b2bb1cf5,651.06,INR,success,2026-04-26 01:52:10.304120+00:00
2ddec2f7-c329-4b84-b9c9-65f70f130979,80e07151-35aa-4a45-b4cb-d0f4124f438d,8112de13-c8ea-4c1c-ac39-78c8137597ae,aaf072f7-3501-418f-a67d-22b9b2bb1cf5,11.67,INR,success,2026-04-28 00:52:17.074959+00:00
e0001a5e-2723-49c7-ae65-3d9fa4cdf0b1,80e07151-35aa-4a45-b4cb-d0f4124f438d,8112de13-c8ea-4c1c-ac39-78c8137597ae,aaf072f7-3501-418f-a67d-22b9b2bb1cf5,190.87,INR,success,2026-05-11 21:19:52.295119+00:00
cf9e7b4d-d86f-40c5-94e5-a803f2b77e86,80e07151-35aa-4a45-b4cb-d0f4124f438d,8112de13-c8ea-4c1c-ac39-78c8137597ae,aaf072f7-3501-418f-a67d-22b9b2bb1cf5,718.38,INR,success,2026-05-25 18:17:09.112892+00:00
43ee880c-dc17-4e2f-a91e-4045efbebe80,80e07151-35aa-4a45-b4cb-d0f4124f438d,8112de13-c8ea-4c1c-ac39-78c8137597ae,aaf072f7-3501-418f-a67d-22b9b2bb1cf5,589.0,INR,success,2026-05-28 23:02:57.514606+00:00
14bc9f9d-ff21-4011-880a-1a567342e614,ef476784-d57a-4515-b385-cfdaedb398db,b18cf3fa-c2fe-416a-a90b-e85d5cfa416b,bf4df7b8-241a-4cf3-84f3-a6958eb99931,1521.92,INR,success,2026-04-29 04:25:24.059404+00:00
42e08ba1-73f1-40a2-80ab-9bceb21fba15,d153d27a-e802-4486-a6d0-05646f19a8f5,ba7428a6-c2d2-461a-b949-237844544bd8,75765a6f-b3f4-4d95-b40a-0a0f909e198c,425.37,INR,success,2026-05-19 21:51:37.728639+00:00
f90e4c05-7e87-4e04-b929-4b2b39c4e94c,d153d27a-e802-4486-a6d0-05646f19a8f5,ba7428a6-c2d2-461a-b949-237844544bd8,75765a6f-b3f4-4d95-b40a-0a0f909e198c,179.11,INR,success,2026-05-19 23:49:58.958946+00:00
70995ad5-76d3-48ce-b85c-cbd20ddbd349,d153d27a-e802-4486-a6d0-05646f19a8f5,ba7428a6-c2d2-461a-b949-237844544bd8,75765a6f-b3f4-4d95-b40a-0a0f909e198c,414.66,INR,success,2026-05-27 23:30:35.705380+00:00
0b7d5360-7a65-444b-a5b7-e2db4d8e9c91,d153d27a-e802-4486-a6d0-05646f19a8f5,ba7428a6-c2d2-461a-b949-237844544bd8,75765a6f-b3f4-4d95-b40a-0a0f909e198c,362.77,INR,success,2026-05-30 01:48:53.476208+00:00
c9177c65-c86e-47e2-a325-534404e286fc,d153d27a-e802-4486-a6d0-05646f19a8f5,ba7428a6-c2d2-461a-b949-237844544bd8,75765a6f-b3f4-4d95-b40a-0a0f909e198c,60.39,INR,success,2026-05-30 22:40:49.877784+00:00
338275bb-fd1e-4b5b-99fd-a986bd1750c1,1f754444-fd15-4585-a369-0c1eaf4f5143,8e2be1d7-b7b9-4df2-b5de-494463464d1b,a4f4829b-6cde-4acb-b986-9c1fb60b4570,6404.46,INR,success,2026-05-30 02:28:10.964819+00:00
73194ad3-ac78-4af8-a568-e4e7ecdcb857,1f754444-fd15-4585-a369-0c1eaf4f5143,8e2be1d7-b7b9-4df2-b5de-494463464d1b,a4f4829b-6cde-4acb-b986-9c1fb60b4570,4342.5,INR,success,2026-05-30 07:55:48.706812+00:00
5df5da27-5ac9-4d65-8b3f-dcbd0e8efefe,1f754444-fd15-4585-a369-0c1eaf4f5143,8e2be1d7-b7b9-4df2-b5de-494463464d1b,a4f4829b-6cde-4acb-b986-9c1fb60b4570,2988.9,INR,success,2026-05-31 10:46:31.810884+00:00
707f75c5-4fbf-46a7-a6e1-67d629f006be,d4d65965-76a1-4117-b959-186b0b42602b,619bc22d-406d-41cd-838b-9822ff128f53,913a7675-ed1f-43d0-b9db-cc3e6179fac5,2519.44,INR,success,2026-04-25 05:23:08.287010+00:00
420c7f28-fac0-4496-91e2-020b859aac0f,d4d65965-76a1-4117-b959-186b0b42602b,619bc22d-406d-41cd-838b-9822ff128f53,913a7675-ed1f-43d0-b9db-cc3e6179fac5,3156.91,INR,success,2026-05-16 12:12:58.786943+00:00
28c06980-2267-4e10-9c1a-bec0d7063db9,d4d65965-76a1-4117-b959-186b0b42602b,619bc22d-406d-41cd-838b-9822ff128f53,913a7675-ed1f-43d0-b9db-cc3e6179fac5,2935.8,INR,success,2026-05-22 01:48:47.067092+00:00
ce9cf40e-2262-4a8e-99c6-1cc632994a97,d4d65965-76a1-4117-b959-186b0b42602b,619bc22d-406d-41cd-838b-9822ff128f53,913a7675-ed1f-43d0-b9db-cc3e6179fac5,2909.1,INR,success,2026-05-27 20:00:35.578389+00:00
eb880a55-fa26-48a3-bed6-94ed35cbb405,22475a02-9d73-48d3-ae07-31cc818e0bf9,6d058581-dfae-4b54-85d6-13228ac1b78d,bcc7c2dc-2eae-4d32-9f90-6876c6f5f58c,5018.54,INR,success,2026-05-25 08:31:21.490964+00:00
7877b8a0-1483-4358-ac0d-24b6ff78aed9,22475a02-9d73-48d3-ae07-31cc818e0bf9,6d058581-dfae-4b54-85d6-13228ac1b78d,bcc7c2dc-2eae-4d32-9f90-6876c6f5f58c,249.88,INR,success,2026-05-30 11:00:02.106106+00:00
ab2a7ec9-d3b3-4c6a-b807-0a927bbe3f3d,cfff4474-63ab-4243-8026-c5f260efcc0c,3849a5d9-35d0-450d-8ac3-cb7d4d18a364,31713f70-531c-4f6e-b809-97246901a04f,736.27,INR,success,2026-05-31 03:03:47.695901+00:00
23710f8b-e429-46a9-99a8-24103f416e7b,cfff4474-63ab-4243-8026-c5f260efcc0c,3849a5d9-35d0-450d-8ac3-cb7d4d18a364,31713f70-531c-4f6e-b809-97246901a04f,364.12,INR,success,2026-05-31 13:07:35.731432+00:00
d01d2630-8242-4977-8779-462743dfae64,cfff4474-63ab-4243-8026-c5f260efcc0c,3849a5d9-35d0-450d-8ac3-cb7d4d18a364,31713f70-531c-4f6e-b809-97246901a04f,324.08,INR,success,2026-05-31 16:09:18.812157+00:00
78d95f12-c75a-4e85-a302-1bc671adba79,7cab8183-1953-4b16-acc0-3891fcf8a432,c67f6fbc-e76c-49ec-846f-e2a2079e1408,f11f160f-9871-4b37-8edd-3869a653fd08,1139.71,INR,success,2026-05-30 10:25:00.968547+00:00
449072ea-4242-42b7-b032-3a1d36f4175b,bd4c4b3a-c782-4630-97c2-91ab1d6b169f,182f855f-04ea-471a-8dbc-968830c1a56f,970b2d71-d3e2-4e31-865f-eb062952690f,18.49,INR,success,2026-04-13 02:00:52.079876+00:00
4dd30583-be25-48d0-809d-5171ecd47460,bd4c4b3a-c782-4630-97c2-91ab1d6b169f,182f855f-04ea-471a-8dbc-968830c1a56f,970b2d71-d3e2-4e31-865f-eb062952690f,622.2,INR,success,2026-05-05 04:16:09.131375+00:00
60ebc6f6-ab0d-49e0-b5cd-63d5d77b6fa6,bd4c4b3a-c782-4630-97c2-91ab1d6b169f,182f855f-04ea-471a-8dbc-968830c1a56f,970b2d71-d3e2-4e31-865f-eb062952690f,662.11,INR,success,2026-05-28 06:32:53.810204+00:00
3d19db2f-505d-4a62-a94d-921fcdcab6eb,224fcde0-5a05-40e7-857e-7299d184374a,5fe27c9e-b17a-480f-a1ed-8834a14a24e8,9430130d-a44d-4b65-852d-11e2e42f4d2d,1657.08,INR,success,2026-05-13 02:29:21.981455+00:00
c072d1ab-44cd-4c47-a803-b4535d2e57e7,82e5786a-175e-4112-87b5-de4b830db408,113baf7f-da81-40b5-9d4d-322e53cb0ce6,5b328ab2-3683-493a-99e5-b417b218394c,828.75,INR,success,2026-05-16 12:56:49.002774+00:00
2830724b-d689-4ed7-9ccf-18460c78fe91,82e5786a-175e-4112-87b5-de4b830db408,113baf7f-da81-40b5-9d4d-322e53cb0ce6,5b328ab2-3683-493a-99e5-b417b218394c,540.27,INR,success,2026-05-16 21:53:11.573435+00:00
6f9e241e-36b4-46b7-b2be-fa1e1bf9e6f9,82e5786a-175e-4112-87b5-de4b830db408,113baf7f-da81-40b5-9d4d-322e53cb0ce6,5b328ab2-3683-493a-99e5-b417b218394c,1186.68,INR,success,2026-05-17 09:42:34.448654+00:00
27c29ea8-ce62-4c46-9e24-0418035a5406,82e5786a-175e-4112-87b5-de4b830db408,113baf7f-da81-40b5-9d4d-322e53cb0ce6,5b328ab2-3683-493a-99e5-b417b218394c,370.13,INR,success,2026-05-17 17:26:33.502397+00:00
17a16b25-b3e5-4f91-94b8-9eec657d771e,82e5786a-175e-4112-87b5-de4b830db408,113baf7f-da81-40b5-9d4d-322e53cb0ce6,5b328ab2-3683-493a-99e5-b417b218394c,560.34,INR,success,2026-05-17 19:08:00.017149+00:00
c5ee07fc-d413-491e-869f-17b5264f8c18,56d73ba2-7cd0-4fe1-8181-f383615ed1ca,62175643-0e2f-4713-a108-c5a2cf521f31,a05d9991-bd21-4c07-b5c5-d9dd62fdaa6a,2477.26,INR,success,2026-05-28 16:04:27.957902+00:00
57187da4-5ae1-493b-976a-5514c59bb372,56d73ba2-7cd0-4fe1-8181-f383615ed1ca,62175643-0e2f-4713-a108-c5a2cf521f31,a05d9991-bd21-4c07-b5c5-d9dd62fdaa6a,3312.33,INR,success,2026-05-28 23:55:19.389420+00:00
018fa659-0f23-4505-a0c8-9afa8b87137a,56d73ba2-7cd0-4fe1-8181-f383615ed1ca,62175643-0e2f-4713-a108-c5a2cf521f31,a05d9991-bd21-4c07-b5c5-d9dd62fdaa6a,2412.11,INR,success,2026-05-29 16:14:53.100708+00:00
ffc2cf47-7c1d-4cda-a14d-7965663ee945,56d73ba2-7cd0-4fe1-8181-f383615ed1ca,62175643-0e2f-4713-a108-c5a2cf521f31,a05d9991-bd21-4c07-b5c5-d9dd62fdaa6a,1356.26,INR,success,2026-05-29 19:46:35.441616+00:00
041b3b07-9add-437d-aaa8-8049e90cc5de,56d73ba2-7cd0-4fe1-8181-f383615ed1ca,62175643-0e2f-4713-a108-c5a2cf521f31,a05d9991-bd21-4c07-b5c5-d9dd62fdaa6a,2864.77,INR,success,2026-05-31 15:41:05.305988+00:00
64076c67-1192-4a01-bda6-a8600da6de14,adffef2b-bf66-45d0-b6de-eaaf0660f58d,7c6cf771-8f10-4062-82f8-010782afb7d7,4fe84711-68fe-44af-ac7a-e5f2c9beed1c,2567.17,INR,success,2026-05-14 22:21:33.788155+00:00
928063b0-6dd3-4955-aa94-9cb42af9f82f,adffef2b-bf66-45d0-b6de-eaaf0660f58d,7c6cf771-8f10-4062-82f8-010782afb7d7,4fe84711-68fe-44af-ac7a-e5f2c9beed1c,2848.54,INR,success,2026-05-15 08:43:29.655252+00:00
3f7c496e-f0a6-4085-86ec-ce3bce917345,adffef2b-bf66-45d0-b6de-eaaf0660f58d,7c6cf771-8f10-4062-82f8-010782afb7d7,4fe84711-68fe-44af-ac7a-e5f2c9beed1c,4650.75,INR,success,2026-05-15 19:10:08.501922+00:00
a7ec782f-7a5c-491b-8711-6140e059f269,adffef2b-bf66-45d0-b6de-eaaf0660f58d,7c6cf771-8f10-4062-82f8-010782afb7d7,4fe84711-68fe-44af-ac7a-e5f2c9beed1c,2466.98,INR,success,2026-05-16 04:28:00.934405+00:00
8124cd2d-d271-4900-aeac-bf12a535adbe,adffef2b-bf66-45d0-b6de-eaaf0660f58d,7c6cf771-8f10-4062-82f8-010782afb7d7,4fe84711-68fe-44af-ac7a-e5f2c9beed1c,1538.23,INR,success,2026-05-16 15:07:40.308576+00:00
315d49f5-ec99-4dbc-9fd3-915a4ba32b49,b514c9d0-2e28-424a-970b-fdf6202983b6,01dbbfb6-0094-48ef-aa07-d120af5e1805,76e6f390-2ef6-4484-b980-648dfccfac03,3195.93,INR,success,2026-05-31 20:47:26.680623+00:00
5f05f399-1a7b-4556-b79a-c48611beef3b,d6eb14bc-eb7c-409d-8a1e-38bab091afa2,186825a3-3ff5-46f9-8bf1-7cb333fa70dd,b9f33dd0-0a3e-4e87-b96b-459e30f0108a,1281.05,INR,success,2026-05-28 08:21:16.088331+00:00
c5cb5572-9e5d-4065-a848-9b07349e72f7,d6eb14bc-eb7c-409d-8a1e-38bab091afa2,186825a3-3ff5-46f9-8bf1-7cb333fa70dd,b9f33dd0-0a3e-4e87-b96b-459e30f0108a,1853.31,INR,success,2026-05-30 14:06:44.980875+00:00
8e1d1e6c-2476-412d-96be-8130fa0e0a60,d6eb14bc-eb7c-409d-8a1e-38bab091afa2,186825a3-3ff5-46f9-8bf1-7cb333fa70dd,b9f33dd0-0a3e-4e87-b96b-459e30f0108a,2229.45,INR,success,2026-05-30 21:31:25.982864+00:00
60ad4a57-ff45-4795-a3bb-5a7b58affa0d,d6eb14bc-eb7c-409d-8a1e-38bab091afa2,186825a3-3ff5-46f9-8bf1-7cb333fa70dd,b9f33dd0-0a3e-4e87-b96b-459e30f0108a,1863.33,INR,success,2026-05-31 04:03:33.265374+00:00
5b2e8284-186d-4803-9d6b-ae140f08a11f,d6eb14bc-eb7c-409d-8a1e-38bab091afa2,186825a3-3ff5-46f9-8bf1-7cb333fa70dd,b9f33dd0-0a3e-4e87-b96b-459e30f0108a,2160.48,INR,success,2026-05-31 18:28:38.953552+00:00
3b60fe56-8b29-48b5-830a-7f2730bf0053,96eea69b-f52f-4172-9909-94268b7e8811,d3c3bccd-2210-49e9-857a-c30c656eb593,0a4d7fec-cf3b-4bd6-8f6c-c8d143c0ef95,3910.38,INR,success,2026-05-03 07:23:03.730051+00:00
575acfc2-cc30-4fa9-84b6-b7b1356c2c27,96eea69b-f52f-4172-9909-94268b7e8811,d3c3bccd-2210-49e9-857a-c30c656eb593,0a4d7fec-cf3b-4bd6-8f6c-c8d143c0ef95,4847.33,INR,success,2026-05-05 01:52:23.401826+00:00
11d28385-c82c-496f-976a-f064397d6957,96eea69b-f52f-4172-9909-94268b7e8811,d3c3bccd-2210-49e9-857a-c30c656eb593,0a4d7fec-cf3b-4bd6-8f6c-c8d143c0ef95,5499.56,INR,success,2026-05-08 23:15:51.264499+00:00
0570a7b4-5a2d-403c-b056-0db956a178f6,96eea69b-f52f-4172-9909-94268b7e8811,d3c3bccd-2210-49e9-857a-c30c656eb593,0a4d7fec-cf3b-4bd6-8f6c-c8d143c0ef95,4133.24,INR,success,2026-05-14 17:33:17.104991+00:00
8d47db3e-2eb6-41cd-9b16-89ea5aa16e4f,e65851c4-bfe2-4a16-bb8e-5a5573c70405,8441641e-f013-4435-ada8-621c40eea48b,34ca8289-a597-4f3e-a366-dddf579215cf,472.51,INR,success,2026-05-16 07:55:27.002215+00:00
05fea9ed-19c6-4849-9b1b-5232ba2d1a3d,e65851c4-bfe2-4a16-bb8e-5a5573c70405,8441641e-f013-4435-ada8-621c40eea48b,34ca8289-a597-4f3e-a366-dddf579215cf,1084.64,INR,success,2026-05-20 18:24:10.563823+00:00
5e306de5-eec3-474f-8087-cbc0a1fc1441,e65851c4-bfe2-4a16-bb8e-5a5573c70405,8441641e-f013-4435-ada8-621c40eea48b,34ca8289-a597-4f3e-a366-dddf579215cf,446.51,INR,success,2026-05-31 14:47:40.223392+00:00
793aa2f6-2fc2-46d5-ab57-8a1b516d5b72,74695c91-29fe-4951-99eb-4cc1821afa81,cc987e13-9c4c-4c3e-a10d-7a7715d8a40b,bccd1985-4c1f-4d6d-aa1e-db66c2c399d3,1542.47,INR,success,2026-05-19 16:56:04.442878+00:00
a972f703-311a-4efd-a25d-a01461bbd4fa,74695c91-29fe-4951-99eb-4cc1821afa81,cc987e13-9c4c-4c3e-a10d-7a7715d8a40b,bccd1985-4c1f-4d6d-aa1e-db66c2c399d3,4185.01,INR,success,2026-05-22 13:28:21.572219+00:00
b1ac1faa-b60a-42e2-947e-d7450991710f,74695c91-29fe-4951-99eb-4cc1821afa81,cc987e13-9c4c-4c3e-a10d-7a7715d8a40b,bccd1985-4c1f-4d6d-aa1e-db66c2c399d3,3233.63,INR,success,2026-05-27 09:30:59.925569+00:00
6981c0a6-978d-415a-ad68-f772b909e9d8,74695c91-29fe-4951-99eb-4cc1821afa81,cc987e13-9c4c-4c3e-a10d-7a7715d8a40b,bccd1985-4c1f-4d6d-aa1e-db66c2c399d3,1726.3,INR,success,2026-05-30 14:23:01.585765+00:00
cb252860-acae-4093-95f3-895476fa2bc1,9b8c1311-07a0-4ac4-94c6-2409ca3dfb4b,840a0003-4379-4db4-8957-fd8db9ee9d88,3f888773-3bbe-4ec9-8ac0-a370be36c00c,6021.85,INR,success,2026-05-31 09:26:19.789113+00:00
a87063ea-3453-4f21-8f44-4cd2551b97b8,65a41327-a6e2-4abd-8d1c-24acf979e5e8,d81ca906-672e-415f-b42d-9c1658ffb03b,effe729b-040b-474a-ab82-bf757847ae3f,1979.32,INR,success,2026-05-21 23:37:50.785414+00:00
cb06409b-a7cd-4f0e-ac56-8e38db4f287d,65a41327-a6e2-4abd-8d1c-24acf979e5e8,d81ca906-672e-415f-b42d-9c1658ffb03b,effe729b-040b-474a-ab82-bf757847ae3f,1211.07,INR,success,2026-05-23 22:54:45.201123+00:00
0c5a6ef7-76b3-4738-bdff-6ddc21cfc65b,65a41327-a6e2-4abd-8d1c-24acf979e5e8,d81ca906-672e-415f-b42d-9c1658ffb03b,effe729b-040b-474a-ab82-bf757847ae3f,2248.56,INR,success,2026-05-24 09:32:08.358573+00:00
88f5e94b-6d03-4585-ad35-e63c0e9e88e3,65a41327-a6e2-4abd-8d1c-24acf979e5e8,d81ca906-672e-415f-b42d-9c1658ffb03b,effe729b-040b-474a-ab82-bf757847ae3f,2974.05,INR,success,2026-05-25 23:31:41.320644+00:00
5a039722-cd4b-4042-bed5-474e677423b9,e3df3643-e92b-4f78-ba51-737f3c4f2c9d,0f804bb8-de1e-4f5e-83af-3e9e107483cc,4f56bae0-a6f4-4169-a4cf-4c37f2949fff,4902.34,INR,success,2026-05-27 06:51:07.620095+00:00
f44b4630-14e6-4b0e-b227-6c1fba23cb04,e3df3643-e92b-4f78-ba51-737f3c4f2c9d,0f804bb8-de1e-4f5e-83af-3e9e107483cc,4f56bae0-a6f4-4169-a4cf-4c37f2949fff,2685.56,INR,success,2026-05-28 03:45:50.638113+00:00
1cf3eb7d-dc9b-47a8-b27a-457e5bda9076,e3df3643-e92b-4f78-ba51-737f3c4f2c9d,0f804bb8-de1e-4f5e-83af-3e9e107483cc,4f56bae0-a6f4-4169-a4cf-4c37f2949fff,4681.87,INR,success,2026-05-29 03:58:00.657746+00:00
20793d33-9dcc-46bb-88d9-82bd0a47e4c8,e3df3643-e92b-4f78-ba51-737f3c4f2c9d,0f804bb8-de1e-4f5e-83af-3e9e107483cc,4f56bae0-a6f4-4169-a4cf-4c37f2949fff,2590.03,INR,success,2026-05-29 06:41:52.291272+00:00
999eda7d-6ddb-4e3b-9757-dc6495d6de0a,e3df3643-e92b-4f78-ba51-737f3c4f2c9d,0f804bb8-de1e-4f5e-83af-3e9e107483cc,4f56bae0-a6f4-4169-a4cf-4c37f2949fff,5733.04,INR,success,2026-05-31 23:47:33.593414+00:00
db002ed3-78c4-432a-8d4d-c3ea05f39212,3d123c51-2989-4451-a013-e50b3a3e0e49,f7387956-7906-4a8d-9863-72db11af9798,acbf056f-be6e-484a-bc71-73d4ccfc87d1,2498.62,INR,success,2026-05-20 20:53:01.674075+00:00
17a153f6-80ba-4095-9dfa-c62254b6adfd,d7146ecc-6abc-41e3-a899-c663c1e330d2,4e86ffba-8ae1-4172-a2c7-d6bd88cda67a,2fda8205-ea08-46c1-ae67-eea36d901549,1093.99,INR,success,2026-05-24 01:35:33.270855+00:00
41c8b09d-7292-4854-ac06-c61ee502b970,577db57d-d175-4176-9c14-aedbfc12a306,20724bf8-9bac-40ab-9335-a27c94c441ca,d72ce7e8-697a-4acc-8bce-d10f2467ecbe,1862.73,INR,success,2026-05-13 08:44:18.853838+00:00
65b6e670-e14e-400a-91f4-1a514f9ebbe3,b6f70712-b426-4cf1-a38c-911ce26d60e1,4566176a-7363-4dd6-b2d4-acef99abb710,c7b88f1b-a5c0-4fb1-9c5f-58b0d91d3976,1207.73,INR,success,2026-05-31 07:35:20.534179+00:00
4fe5c2b4-8086-4c99-8615-4921580c127c,b6f70712-b426-4cf1-a38c-911ce26d60e1,4566176a-7363-4dd6-b2d4-acef99abb710,c7b88f1b-a5c0-4fb1-9c5f-58b0d91d3976,36.91,INR,success,2026-05-31 09:07:37.814755+00:00
4918d49c-902d-4593-97da-c3e3a1ac3291,01545b2e-1d9d-4f92-a74e-4081aa28b686,f4da4baa-6880-4ebf-ae66-134f6f883338,02f1cc83-47b6-4fec-84bc-ba6685126477,1527.03,INR,success,2026-04-25 09:54:17.748721+00:00
dc347501-deb4-42b7-b1d6-deab76b4e170,cc0c89dd-486f-473d-9167-561f20862ebf,c7b9b181-2543-40b5-b7b7-7210d92668d8,7e497460-e5d4-4a42-9b48-9789091b0b1d,488.11,INR,success,2026-05-14 09:46:53.569493+00:00
ded0f5b0-c986-40ea-98c2-7c68f7a6d954,d041b9b9-752c-4053-abf1-bc1cf358c34a,7cf9fde7-a4dc-411a-830c-1d623ea8fcc7,1f3a03a1-36b3-4533-9b13-c2a8fcbdc677,1578.8,INR,success,2026-05-01 18:57:39.105300+00:00
acef2395-62c6-4469-8465-93b146fe96a2,d041b9b9-752c-4053-abf1-bc1cf358c34a,7cf9fde7-a4dc-411a-830c-1d623ea8fcc7,1f3a03a1-36b3-4533-9b13-c2a8fcbdc677,2553.57,INR,success,2026-05-18 08:22:33.616581+00:00
f4704f4c-e39f-496d-abbf-23ce7b5b7d94,d041b9b9-752c-4053-abf1-bc1cf358c34a,7cf9fde7-a4dc-411a-830c-1d623ea8fcc7,1f3a03a1-36b3-4533-9b13-c2a8fcbdc677,2217.99,INR,success,2026-05-27 12:37:34.045653+00:00
8266d6d2-9710-4928-bd56-971f2caf6366,b4e2c76f-b92b-46b1-b66b-50582473e990,39367f17-47a6-4bc5-a4da-bf9ed5a34126,e5608761-0151-432f-8fd1-8c540e38b690,1386.3,INR,success,2026-04-29 22:27:52.976439+00:00
b0d24ee9-f9a9-4371-a1ad-8921f2b9f9be,b4e2c76f-b92b-46b1-b66b-50582473e990,39367f17-47a6-4bc5-a4da-bf9ed5a34126,e5608761-0151-432f-8fd1-8c540e38b690,186.86,INR,success,2026-05-06 12:05:40.346607+00:00
d12ee2c9-f018-4b19-993f-57bf3f0b9a68,b4e2c76f-b92b-46b1-b66b-50582473e990,39367f17-47a6-4bc5-a4da-bf9ed5a34126,e5608761-0151-432f-8fd1-8c540e38b690,2604.71,INR,success,2026-05-18 22:41:03.116274+00:00
92e08b49-29d1-4d7d-b08c-a0b28a1f2319,b4e2c76f-b92b-46b1-b66b-50582473e990,39367f17-47a6-4bc5-a4da-bf9ed5a34126,e5608761-0151-432f-8fd1-8c540e38b690,2602.8,INR,success,2026-05-27 10:28:41.021462+00:00
1e2beb68-198e-4176-83f6-aa9c747e1539,c7ec5dae-b8af-427b-90b4-90a46b16e59a,f6f8e4db-8c07-42a5-acc7-45933f6ddf53,eb4210c9-b488-491a-a7c5-b16e81e8b0fe,1401.9,INR,success,2026-03-22 08:21:05.088250+00:00
ffa71ec3-176b-40f9-8fd8-2730041f9f14,c7ec5dae-b8af-427b-90b4-90a46b16e59a,f6f8e4db-8c07-42a5-acc7-45933f6ddf53,eb4210c9-b488-491a-a7c5-b16e81e8b0fe,1083.46,INR,success,2026-03-27 20:14:26.326146+00:00
cf695566-1c2b-427c-94c5-aa9ba5feb065,c7ec5dae-b8af-427b-90b4-90a46b16e59a,f6f8e4db-8c07-42a5-acc7-45933f6ddf53,eb4210c9-b488-491a-a7c5-b16e81e8b0fe,957.11,INR,success,2026-04-20 03:42:57.703363+00:00
edf180fc-dc6a-4eb1-8a69-78c3edcae057,c7ec5dae-b8af-427b-90b4-90a46b16e59a,f6f8e4db-8c07-42a5-acc7-45933f6ddf53,eb4210c9-b488-491a-a7c5-b16e81e8b0fe,1665.17,INR,success,2026-04-22 04:01:25.536520+00:00
25062dc1-f6a9-4160-a24f-fdbb67099747,c7ec5dae-b8af-427b-90b4-90a46b16e59a,f6f8e4db-8c07-42a5-acc7-45933f6ddf53,eb4210c9-b488-491a-a7c5-b16e81e8b0fe,1087.47,INR,success,2026-05-17 05:30:52.567678+00:00
1bf91ab0-fcb9-430e-9f81-495b774bf436,1eb6ea81-ad1b-4797-80c8-0533251a39c7,b49dfcfe-e067-4fb6-9861-475aad68707a,6fc5c6f5-507f-4049-9c08-1671c067d668,3040.73,INR,success,2026-04-08 13:42:00.676302+00:00
95221978-8100-4bb4-bfca-0f3bdb97428d,61024e32-48ec-4d0a-919c-68986617ad1d,a569264b-1f09-4980-b7f7-fc1173a0cdf2,e426e0d6-daf9-4d68-a12c-1a84cd029357,1760.18,INR,success,2026-05-29 03:52:38.801465+00:00
d74fcfe0-b7dc-4b86-bd83-1df825283880,0615a813-2b7a-4569-b29d-31de22ae07b0,f59da308-336f-402d-83c0-013a7fb8abad,3289bc63-e776-4b21-8cf6-412dbab3b0a3,4921.83,INR,success,2026-04-13 19:20:33.853740+00:00
761ff4d8-174c-4128-a6e6-cd936187f570,0615a813-2b7a-4569-b29d-31de22ae07b0,f59da308-336f-402d-83c0-013a7fb8abad,3289bc63-e776-4b21-8cf6-412dbab3b0a3,3905.1,INR,success,2026-04-19 19:23:00.780724+00:00
0c5f019b-c3df-4ada-908f-8805244b0f30,0615a813-2b7a-4569-b29d-31de22ae07b0,f59da308-336f-402d-83c0-013a7fb8abad,3289bc63-e776-4b21-8cf6-412dbab3b0a3,3869.77,INR,success,2026-04-24 01:36:26.538202+00:00
deba5b9d-d4ae-453f-aaa1-c8ff209483ac,0615a813-2b7a-4569-b29d-31de22ae07b0,f59da308-336f-402d-83c0-013a7fb8abad,3289bc63-e776-4b21-8cf6-412dbab3b0a3,6599.99,INR,success,2026-05-07 15:28:23.255975+00:00
867826ac-4dfc-47f0-894e-90f4deb8e69c,0615a813-2b7a-4569-b29d-31de22ae07b0,f59da308-336f-402d-83c0-013a7fb8abad,3289bc63-e776-4b21-8cf6-412dbab3b0a3,3947.6,INR,success,2026-05-20 19:50:04.064963+00:00
3c641e2f-fe79-4875-9ed8-51f13758693f,81f0c843-c050-4d6b-b92e-e0d44b1b04f9,43833008-b22a-438e-9b36-80ae8cd6045b,edefeb01-9d25-4e2e-b783-5620a2cc5db4,4933.77,INR,success,2026-04-11 09:19:41.869243+00:00
dbcbbd40-70da-403a-8fcc-1c36bbf33440,81f0c843-c050-4d6b-b92e-e0d44b1b04f9,43833008-b22a-438e-9b36-80ae8cd6045b,edefeb01-9d25-4e2e-b783-5620a2cc5db4,672.64,INR,success,2026-04-25 10:34:12.066519+00:00
edc3759c-aea6-4689-ab44-c250dd44b58a,81f0c843-c050-4d6b-b92e-e0d44b1b04f9,43833008-b22a-438e-9b36-80ae8cd6045b,edefeb01-9d25-4e2e-b783-5620a2cc5db4,2215.92,INR,success,2026-05-09 08:25:36.068952+00:00
b05138bc-1155-4e79-8a37-be1564b36157,81f0c843-c050-4d6b-b92e-e0d44b1b04f9,43833008-b22a-438e-9b36-80ae8cd6045b,edefeb01-9d25-4e2e-b783-5620a2cc5db4,3045.71,INR,success,2026-05-18 06:26:23.005068+00:00
1d56cba0-8d9b-4ba9-b569-74dd18f03290,37eaeb7a-69ec-48bd-b993-5365a1cd6869,d281cc0e-8a08-43bc-8f6b-4d004effdeec,67258522-edf5-43f4-898e-6bf2da9d04ca,978.75,INR,success,2026-04-26 11:13:58.892026+00:00
7a19425f-5fcf-40a1-9f51-dd5c5ee61d94,bf419b52-870f-4395-9ddb-cba3d19fa7c6,83515627-0440-4408-8390-c1e0d5afde46,f1fa74e8-9c7a-44dc-a2e6-74f799e22596,1461.67,INR,success,2026-04-25 06:19:48.980748+00:00
ea488b06-a006-4e51-a787-672166a3b4f9,bf419b52-870f-4395-9ddb-cba3d19fa7c6,83515627-0440-4408-8390-c1e0d5afde46,f1fa74e8-9c7a-44dc-a2e6-74f799e22596,1890.13,INR,success,2026-04-26 15:59:24.229605+00:00
03cac26d-bfdc-428a-80c7-2b82a93a5f00,bf419b52-870f-4395-9ddb-cba3d19fa7c6,83515627-0440-4408-8390-c1e0d5afde46,f1fa74e8-9c7a-44dc-a2e6-74f799e22596,927.25,INR,success,2026-05-05 21:34:50.256288+00:00
b7c40fcb-9e0d-42ec-bbca-b10f7e9c6d73,bf419b52-870f-4395-9ddb-cba3d19fa7c6,83515627-0440-4408-8390-c1e0d5afde46,f1fa74e8-9c7a-44dc-a2e6-74f799e22596,10.0,INR,success,2026-05-24 03:09:24.106410+00:00
6da12e12-e759-4fb6-b5d3-475fcf05d832,92184c0f-2c98-4894-abd6-fa54cbfb5474,1bd11a55-1185-4dee-9b38-2de101df6c96,109fdbae-e980-4b87-b0f2-808e4f6729d4,1427.51,INR,success,2026-04-29 10:00:27.709923+00:00
387c1e3d-913b-41d4-9fc6-73bdeed049e2,9ae48d48-4fb0-472b-af88-0afc9bfe4b90,7011daf9-ede2-4342-8957-369e91eaa728,456c2d21-31f8-4003-8340-3070282dcb4b,10.0,INR,success,2026-05-06 05:54:04.598703+00:00
3d184bbc-df73-4016-a765-7dfc57e45588,9ae48d48-4fb0-472b-af88-0afc9bfe4b90,7011daf9-ede2-4342-8957-369e91eaa728,456c2d21-31f8-4003-8340-3070282dcb4b,1021.95,INR,success,2026-05-25 16:23:17.714516+00:00
2d45d1ca-9f43-4f01-b478-a2ddec0628e3,9ae48d48-4fb0-472b-af88-0afc9bfe4b90,7011daf9-ede2-4342-8957-369e91eaa728,456c2d21-31f8-4003-8340-3070282dcb4b,1108.87,INR,success,2026-05-31 07:39:48.798934+00:00
f262aa36-4837-4443-99a0-ad82ccb968d6,d0ed27f7-1c44-41c4-b3ec-e130154cac4d,ff606e24-9d68-4dc3-b6db-fefbcb0b91ed,091180ec-0046-49c0-8e8c-6320a490bd59,268.3,INR,success,2026-05-16 19:04:43.453817+00:00
1a2f59a6-80ea-408d-b623-f177d6a848e5,d0ed27f7-1c44-41c4-b3ec-e130154cac4d,ff606e24-9d68-4dc3-b6db-fefbcb0b91ed,091180ec-0046-49c0-8e8c-6320a490bd59,278.36,INR,success,2026-05-18 11:22:03.168087+00:00
c8536059-ecc9-465f-a43e-018f61eb3b7e,d0ed27f7-1c44-41c4-b3ec-e130154cac4d,ff606e24-9d68-4dc3-b6db-fefbcb0b91ed,091180ec-0046-49c0-8e8c-6320a490bd59,125.75,INR,success,2026-05-21 15:00:21.228412+00:00
72840069-9f7c-4453-a085-355b49c2d9a7,d0ed27f7-1c44-41c4-b3ec-e130154cac4d,ff606e24-9d68-4dc3-b6db-fefbcb0b91ed,091180ec-0046-49c0-8e8c-6320a490bd59,336.81,INR,success,2026-05-25 07:18:33.504130+00:00
4b9e8f87-b6e5-4fee-acd5-3ed573f089e2,d0ed27f7-1c44-41c4-b3ec-e130154cac4d,ff606e24-9d68-4dc3-b6db-fefbcb0b91ed,091180ec-0046-49c0-8e8c-6320a490bd59,376.42,INR,success,2026-05-27 10:46:04.981172+00:00
cbf3f458-60d0-4618-924e-0dc6a622d11f,4404e672-d8fb-4a12-8a8b-35c72a4cf7a9,e704b9e9-415e-4c38-a8cb-fd3e612f2b51,8c0e44cd-6851-4969-8f96-094f05ca470e,3215.36,INR,success,2026-05-06 20:41:49.293555+00:00
ac87defa-a68f-41bc-97d2-6ab1eced14e9,4404e672-d8fb-4a12-8a8b-35c72a4cf7a9,e704b9e9-415e-4c38-a8cb-fd3e612f2b51,8c0e44cd-6851-4969-8f96-094f05ca470e,4773.55,INR,success,2026-05-07 05:21:53.695012+00:00
5d1b006b-4cdb-4ed1-ad84-132be4c6035e,4404e672-d8fb-4a12-8a8b-35c72a4cf7a9,e704b9e9-415e-4c38-a8cb-fd3e612f2b51,8c0e44cd-6851-4969-8f96-094f05ca470e,3437.8,INR,success,2026-05-07 11:39:16.526206+00:00
c1cf08a5-c12f-4044-ac5a-b8959eb73251,4404e672-d8fb-4a12-8a8b-35c72a4cf7a9,e704b9e9-415e-4c38-a8cb-fd3e612f2b51,8c0e44cd-6851-4969-8f96-094f05ca470e,1732.79,INR,success,2026-05-07 20:29:12.933722+00:00
4191b4ed-fa3b-4eb5-9556-b59d827370b7,4404e672-d8fb-4a12-8a8b-35c72a4cf7a9,e704b9e9-415e-4c38-a8cb-fd3e612f2b51,8c0e44cd-6851-4969-8f96-094f05ca470e,3812.16,INR,success,2026-05-08 00:14:04.035678+00:00
5aa91171-1fef-4e3b-809d-4e1cd2d476d6,6ba3ac40-c267-4770-9081-22f26317ec1c,e30dd9f5-e594-4985-8989-a07e06b462cc,4d02baff-2ad2-4b55-985c-d868025e7e03,10.0,INR,success,2026-05-27 03:01:39.956881+00:00
65769a42-c6b1-4bda-812a-8f105ff54278,6ba3ac40-c267-4770-9081-22f26317ec1c,e30dd9f5-e594-4985-8989-a07e06b462cc,4d02baff-2ad2-4b55-985c-d868025e7e03,1410.88,INR,success,2026-05-29 09:29:43.128631+00:00
aaad15b1-d04c-47cd-bdf4-70acd3941b5f,6ba3ac40-c267-4770-9081-22f26317ec1c,e30dd9f5-e594-4985-8989-a07e06b462cc,4d02baff-2ad2-4b55-985c-d868025e7e03,461.51,INR,success,2026-05-30 12:42:08.857834+00:00
9cf6fbba-726c-4e88-a83b-ca2ff592bffb,65fcb441-26a7-4ad2-810f-b51ada727569,c83d0efd-668f-4f37-bf2b-4ddb35a6eba6,27d945d7-8524-4eb0-9e34-ec977618c7ca,3843.14,INR,success,2026-05-16 14:22:13.161684+00:00
1154801d-da1c-4671-acaf-fcced2897359,65fcb441-26a7-4ad2-810f-b51ada727569,c83d0efd-668f-4f37-bf2b-4ddb35a6eba6,27d945d7-8524-4eb0-9e34-ec977618c7ca,4037.64,INR,success,2026-05-23 17:11:35.602289+00:00
4f1f60aa-9221-44d0-a73d-d7d944ac9f2b,65fcb441-26a7-4ad2-810f-b51ada727569,c83d0efd-668f-4f37-bf2b-4ddb35a6eba6,27d945d7-8524-4eb0-9e34-ec977618c7ca,5077.95,INR,success,2026-05-23 19:43:33.372312+00:00
9495867a-b225-40e6-8560-a947459c5d37,9f26cd46-f7b1-4eec-be32-e74df420aba3,4faf5b8c-30a0-41a6-8151-264c0825f5fd,a20a2a80-0e05-469c-bf65-202184615d02,4309.82,INR,success,2026-05-11 17:00:43.179636+00:00
08edff7d-40f8-4d90-8061-47d63bb45b2f,9f26cd46-f7b1-4eec-be32-e74df420aba3,4faf5b8c-30a0-41a6-8151-264c0825f5fd,a20a2a80-0e05-469c-bf65-202184615d02,2010.48,INR,success,2026-05-12 13:54:18.644427+00:00
3a35a07d-3727-4dd6-b123-c0dd4c77c9e8,326019e7-4a33-4d4a-a8a0-a5122143591c,f2e46838-a45f-45e9-be05-bb21f92e3580,9fd00cd5-16cd-4dfa-b5b4-432f9b65b31c,1815.34,INR,success,2026-03-31 02:51:56.069640+00:00
1b2b8ecc-7f60-42c0-94d3-251b918f0bb2,326019e7-4a33-4d4a-a8a0-a5122143591c,f2e46838-a45f-45e9-be05-bb21f92e3580,9fd00cd5-16cd-4dfa-b5b4-432f9b65b31c,1619.39,INR,success,2026-03-31 06:13:42.602147+00:00
e9129cf8-2448-4dab-8301-3704e2bb7c7e,326019e7-4a33-4d4a-a8a0-a5122143591c,f2e46838-a45f-45e9-be05-bb21f92e3580,9fd00cd5-16cd-4dfa-b5b4-432f9b65b31c,2654.94,INR,success,2026-04-16 20:53:52.021728+00:00
e0c6c87e-bac4-49e9-b02e-164118188967,326019e7-4a33-4d4a-a8a0-a5122143591c,f2e46838-a45f-45e9-be05-bb21f92e3580,9fd00cd5-16cd-4dfa-b5b4-432f9b65b31c,1905.69,INR,success,2026-05-14 03:59:38.187647+00:00
ac247981-012f-4eac-8baf-b862cb794b40,62e0cced-c0ef-4d06-9d71-2b6acb2da597,6100d256-6079-4642-a35e-33b8a4a72bfb,b1b58e81-e4a0-4f19-9743-93da38bc5cde,5624.48,INR,success,2026-04-25 10:54:45.236959+00:00
a811635d-8d4b-4ca3-bea4-660588ea2d87,62e0cced-c0ef-4d06-9d71-2b6acb2da597,6100d256-6079-4642-a35e-33b8a4a72bfb,b1b58e81-e4a0-4f19-9743-93da38bc5cde,3570.49,INR,success,2026-04-28 06:01:33.483480+00:00
da67fc1b-5c92-4f1b-9aa9-f67365dfe824,62e0cced-c0ef-4d06-9d71-2b6acb2da597,6100d256-6079-4642-a35e-33b8a4a72bfb,b1b58e81-e4a0-4f19-9743-93da38bc5cde,3052.51,INR,success,2026-05-16 10:29:35.236412+00:00
a6883bd9-0e05-4b19-aafd-cc995ad1182c,62e0cced-c0ef-4d06-9d71-2b6acb2da597,6100d256-6079-4642-a35e-33b8a4a72bfb,b1b58e81-e4a0-4f19-9743-93da38bc5cde,7655.23,INR,success,2026-05-17 14:14:26.069264+00:00
aa7538b9-db06-4f75-822d-e1f754579cd4,67f43d3d-5a9e-4654-8d6b-013358d3094e,36f93a4c-d5f0-4c06-99d8-eac03966cd1c,abf05744-e595-400f-9149-77d0d44aa09d,6126.48,INR,success,2026-05-31 23:01:07.012290+00:00
952daf57-4139-4e2b-a5b6-761bc73c497d,67f43d3d-5a9e-4654-8d6b-013358d3094e,36f93a4c-d5f0-4c06-99d8-eac03966cd1c,abf05744-e595-400f-9149-77d0d44aa09d,5727.03,INR,success,2026-05-31 23:03:46.027535+00:00
bdb73b34-1503-48ff-a516-258f730d5f88,67f43d3d-5a9e-4654-8d6b-013358d3094e,36f93a4c-d5f0-4c06-99d8-eac03966cd1c,abf05744-e595-400f-9149-77d0d44aa09d,3119.79,INR,success,2026-05-31 23:22:31.481027+00:00
eff0be39-bff6-4003-aedc-549284153ae9,936e52db-bf6a-42f1-8a29-514d2d834f8d,b8e2a9ea-c3c7-465f-b35b-106d6354a90f,82edbe57-cd10-4218-94ae-cccec8bc8508,3284.99,INR,success,2026-04-26 22:20:00.450454+00:00
bfd6ee3e-45bf-41af-bb45-3e3b0f40da20,936e52db-bf6a-42f1-8a29-514d2d834f8d,b8e2a9ea-c3c7-465f-b35b-106d6354a90f,82edbe57-cd10-4218-94ae-cccec8bc8508,2362.7,INR,success,2026-04-30 20:15:29.626567+00:00
cb48f596-f876-4518-be5a-65dd06557f62,936e52db-bf6a-42f1-8a29-514d2d834f8d,b8e2a9ea-c3c7-465f-b35b-106d6354a90f,82edbe57-cd10-4218-94ae-cccec8bc8508,2721.16,INR,success,2026-05-04 03:00:51.858268+00:00
dd393e17-a3b7-456a-8e15-34c4f8db0fb8,936e52db-bf6a-42f1-8a29-514d2d834f8d,b8e2a9ea-c3c7-465f-b35b-106d6354a90f,82edbe57-cd10-4218-94ae-cccec8bc8508,3137.28,INR,success,2026-05-17 09:25:03.708299+00:00
8be38063-592a-4415-8286-2a814dd99198,936e52db-bf6a-42f1-8a29-514d2d834f8d,b8e2a9ea-c3c7-465f-b35b-106d6354a90f,82edbe57-cd10-4218-94ae-cccec8bc8508,1924.78,INR,success,2026-05-20 23:56:38.872329+00:00
6497079c-90d7-463b-b5e0-729f9db60c7a,61a8a8e6-57dd-4fe2-8f7c-92586e6a8870,20947824-7a0d-4fb3-92e3-daf31d9d9d58,fe491d3d-d012-4cde-88e9-a605f97e0288,1296.67,INR,success,2026-04-07 16:35:42.340077+00:00
2dd7c12e-a9da-4491-86b5-57fefce9202e,61a8a8e6-57dd-4fe2-8f7c-92586e6a8870,20947824-7a0d-4fb3-92e3-daf31d9d9d58,fe491d3d-d012-4cde-88e9-a605f97e0288,903.73,INR,success,2026-04-17 20:56:11.146821+00:00
54090703-ffa1-4e26-ad02-7804dfa8aeab,73c55293-a4ae-4d9f-8c33-d996ae84769f,b3917dad-d4a4-4e7e-95f9-60e7741e3171,5a238de5-c6dd-4760-966d-81e88fb48c63,2450.15,INR,success,2026-05-27 13:48:33.166499+00:00
7e0ca213-e63d-4b89-b194-c404fb638c28,aa63aaa3-bad7-41f3-aa06-f8b6f0f98702,d7b54195-c000-47ea-aa05-8d9e76b69775,8bf14ce6-3d5f-4ac0-acb8-accacb8905db,1638.36,INR,success,2026-05-11 04:02:36.957665+00:00
a9b11da9-7240-4689-b3b4-52326178d540,aa63aaa3-bad7-41f3-aa06-f8b6f0f98702,d7b54195-c000-47ea-aa05-8d9e76b69775,8bf14ce6-3d5f-4ac0-acb8-accacb8905db,508.5,INR,success,2026-05-11 04:51:22.009030+00:00
a457d2a2-24c1-413e-a074-ff19cd8973b9,aa63aaa3-bad7-41f3-aa06-f8b6f0f98702,d7b54195-c000-47ea-aa05-8d9e76b69775,8bf14ce6-3d5f-4ac0-acb8-accacb8905db,2946.66,INR,success,2026-05-11 11:24:23.957483+00:00
b90355a4-9c2c-46cd-ad7c-1b52870370bd,aa63aaa3-bad7-41f3-aa06-f8b6f0f98702,d7b54195-c000-47ea-aa05-8d9e76b69775,8bf14ce6-3d5f-4ac0-acb8-accacb8905db,4701.58,INR,success,2026-05-11 22:09:57.596515+00:00
ed21d7dc-a35d-4962-ba6c-87d4a7119394,8c353795-3d37-4142-9e55-4e7cb80551f4,13824947-b837-44fd-b7ac-40d9f0885bb7,25a77449-16da-4408-8e6b-e4365f01ef1d,3110.6,INR,success,2026-03-31 14:23:29.062746+00:00
4c7483a6-7b3f-42d9-aad5-a41d97371ad5,8c353795-3d37-4142-9e55-4e7cb80551f4,13824947-b837-44fd-b7ac-40d9f0885bb7,25a77449-16da-4408-8e6b-e4365f01ef1d,4256.29,INR,success,2026-04-21 01:15:19.128525+00:00
0f61b7e8-25be-4a38-9642-2fb6fc92e949,a55fe7b2-143d-4c7c-b23e-87243c41f857,f37091b8-60e5-4c2b-b341-4abb728f2018,29d9cd59-2419-4eb8-865d-8c737f7518fc,4069.81,INR,success,2026-04-04 18:14:20.865962+00:00
fbf0917b-4fc4-47ac-b08c-0b3c0c59037f,a55fe7b2-143d-4c7c-b23e-87243c41f857,f37091b8-60e5-4c2b-b341-4abb728f2018,29d9cd59-2419-4eb8-865d-8c737f7518fc,3794.24,INR,success,2026-04-12 07:10:47.874527+00:00
1f1f11a5-f60b-4535-a858-8142db7826cd,a55fe7b2-143d-4c7c-b23e-87243c41f857,f37091b8-60e5-4c2b-b341-4abb728f2018,29d9cd59-2419-4eb8-865d-8c737f7518fc,3205.44,INR,success,2026-04-29 13:48:18.381447+00:00
4fd22b3d-7535-4ca8-8191-7c81b0423bfd,a55fe7b2-143d-4c7c-b23e-87243c41f857,f37091b8-60e5-4c2b-b341-4abb728f2018,29d9cd59-2419-4eb8-865d-8c737f7518fc,3335.84,INR,success,2026-05-11 00:14:19.178609+00:00
643972a2-db46-4f0e-ac45-efa2e5655024,a55fe7b2-143d-4c7c-b23e-87243c41f857,f37091b8-60e5-4c2b-b341-4abb728f2018,29d9cd59-2419-4eb8-865d-8c737f7518fc,3642.56,INR,success,2026-05-28 06:30:03.799120+00:00
43e10ce7-1a21-49d1-b0e4-18b63be9ebdf,060e94bc-c5c5-41a4-a234-83a0d4d40bb9,1e5a3e86-c067-4298-85b8-d667d5684f00,bd5796a2-0f57-4e83-94e2-865afb38191d,2289.03,INR,success,2026-05-09 20:58:46.672530+00:00
42acfb65-c0dd-48f9-8722-dd991b6702a8,060e94bc-c5c5-41a4-a234-83a0d4d40bb9,1e5a3e86-c067-4298-85b8-d667d5684f00,bd5796a2-0f57-4e83-94e2-865afb38191d,5483.94,INR,success,2026-05-24 18:22:35.034718+00:00
58cec23e-b51c-4e95-943d-a31e58ff7157,1dcb7d1b-f8f9-4ab7-92f8-67c6e6bfe41a,4af47df5-323b-44d8-a2d8-5f427f35b986,5ae49f68-903a-4b36-890f-959e64505e0c,1936.96,INR,success,2026-05-06 23:21:41.220307+00:00
9253f8ee-dd2c-4585-bcdc-7447d8f0a7e9,1dcb7d1b-f8f9-4ab7-92f8-67c6e6bfe41a,4af47df5-323b-44d8-a2d8-5f427f35b986,5ae49f68-903a-4b36-890f-959e64505e0c,3624.62,INR,success,2026-05-09 03:26:09.574320+00:00
912ecfc3-351b-4e4d-a6a6-e442030837da,1dcb7d1b-f8f9-4ab7-92f8-67c6e6bfe41a,4af47df5-323b-44d8-a2d8-5f427f35b986,5ae49f68-903a-4b36-890f-959e64505e0c,4244.17,INR,success,2026-05-16 03:53:54.032624+00:00
07277b35-0942-44a8-959d-f1a3f4de5951,1dcb7d1b-f8f9-4ab7-92f8-67c6e6bfe41a,4af47df5-323b-44d8-a2d8-5f427f35b986,5ae49f68-903a-4b36-890f-959e64505e0c,2695.07,INR,success,2026-05-19 11:08:04.950722+00:00
43c063e0-d6a1-425d-8d20-e479dfbcc727,1dcb7d1b-f8f9-4ab7-92f8-67c6e6bfe41a,4af47df5-323b-44d8-a2d8-5f427f35b986,5ae49f68-903a-4b36-890f-959e64505e0c,6196.82,INR,success,2026-05-27 13:28:27.354358+00:00
6086c337-cf41-446d-ae7c-e98c79e955dd,5fe65747-e2d2-4555-8db9-d93d82ae6767,1f091ffe-d337-4b01-ac4a-fc58715d2d2a,fd933e2f-629e-4c5a-ac61-9469f4ad11d9,459.45,INR,success,2026-04-29 12:47:53.602666+00:00
947ff1be-7cc6-43e2-8594-244f9d1e1011,5fe65747-e2d2-4555-8db9-d93d82ae6767,1f091ffe-d337-4b01-ac4a-fc58715d2d2a,fd933e2f-629e-4c5a-ac61-9469f4ad11d9,3028.44,INR,success,2026-04-30 01:18:09.227117+00:00
78048768-ca83-483b-87b7-c1556e258fd4,5fe65747-e2d2-4555-8db9-d93d82ae6767,1f091ffe-d337-4b01-ac4a-fc58715d2d2a,fd933e2f-629e-4c5a-ac61-9469f4ad11d9,1693.61,INR,success,2026-04-30 16:04:37.029662+00:00
94f14955-bad7-4499-a7ed-9ba3de1dad6a,2390ed8f-10b9-4a4c-9663-a7fb34661369,c63dfcd0-9087-4f3f-b492-53b276c5d82d,af58d8c8-bac4-42b6-911f-c115268e41a3,3593.37,INR,success,2026-05-19 20:30:19.741397+00:00
82ef3992-28c6-4096-95af-06506d9a4c87,2390ed8f-10b9-4a4c-9663-a7fb34661369,c63dfcd0-9087-4f3f-b492-53b276c5d82d,af58d8c8-bac4-42b6-911f-c115268e41a3,4792.52,INR,success,2026-05-22 17:45:48.309893+00:00
3d31675b-1f56-4632-99ed-47f071d34ba4,355623a2-14e0-4304-a9a2-26bd15551fe7,4f785833-95d1-40c8-9b71-edc59590d666,56336563-a719-4033-8523-5f6f2712d6a7,2130.1,INR,success,2026-05-28 03:43:39.372198+00:00
ed70a012-ed81-48b6-97db-eb7efb40f588,e6f4499b-9fd6-4d94-aff9-0a04d8878138,8fb215a1-455a-404d-b197-1d54aae820cf,82611912-8a90-4e62-a9cf-9e538813cc7c,1156.99,INR,success,2026-05-09 11:14:34.211182+00:00
3533b7c7-fef2-45aa-aee3-fa8ef8384244,e6f4499b-9fd6-4d94-aff9-0a04d8878138,8fb215a1-455a-404d-b197-1d54aae820cf,82611912-8a90-4e62-a9cf-9e538813cc7c,151.1,INR,success,2026-05-18 05:19:56.658696+00:00
a2d7d015-a831-4c4c-aaf4-3d0143f1e802,e6f4499b-9fd6-4d94-aff9-0a04d8878138,8fb215a1-455a-404d-b197-1d54aae820cf,82611912-8a90-4e62-a9cf-9e538813cc7c,1294.29,INR,success,2026-05-19 23:18:10.194933+00:00
183b3205-3397-4fc2-b1af-ecfd0dd1d089,e6f4499b-9fd6-4d94-aff9-0a04d8878138,8fb215a1-455a-404d-b197-1d54aae820cf,82611912-8a90-4e62-a9cf-9e538813cc7c,1312.27,INR,success,2026-05-22 02:08:18.455616+00:00
dcc5a9b5-8db2-4ddf-b975-fea0e3287ced,e6f4499b-9fd6-4d94-aff9-0a04d8878138,8fb215a1-455a-404d-b197-1d54aae820cf,82611912-8a90-4e62-a9cf-9e538813cc7c,890.97,INR,success,2026-05-27 15:59:11.788239+00:00
2133afce-7be7-44d0-b06c-f75a69f8e8ec,505f18cc-f409-4a52-9c1c-aac102f6f2c8,5c3f3d95-2e7d-4a6e-87a5-8a0f76d5a320,c69ba128-b404-4f02-802c-a94c38d36d4f,827.53,INR,success,2026-05-22 09:44:17.700287+00:00
faa11e61-0a3d-47ea-9d1b-a3582381d95d,505f18cc-f409-4a52-9c1c-aac102f6f2c8,5c3f3d95-2e7d-4a6e-87a5-8a0f76d5a320,c69ba128-b404-4f02-802c-a94c38d36d4f,402.78,INR,success,2026-05-23 10:08:55.540019+00:00
a96b6e01-b66d-4637-951b-bc812a1f4f5e,505f18cc-f409-4a52-9c1c-aac102f6f2c8,5c3f3d95-2e7d-4a6e-87a5-8a0f76d5a320,c69ba128-b404-4f02-802c-a94c38d36d4f,1061.59,INR,success,2026-05-26 13:48:51.040142+00:00
37f0def6-4514-4279-8aec-41a15176393f,505f18cc-f409-4a52-9c1c-aac102f6f2c8,5c3f3d95-2e7d-4a6e-87a5-8a0f76d5a320,c69ba128-b404-4f02-802c-a94c38d36d4f,464.93,INR,success,2026-05-26 16:40:51.863553+00:00
69a86aae-d64b-4d71-9649-0b78559e918f,a7db23f7-411c-4de2-9d2d-cf92fcfc7c0b,b27651d0-f22b-4c0d-ab49-8da9693e2001,467e441f-24be-4d83-89e7-50b64ea01be4,2150.2,INR,success,2026-03-25 20:13:12.975901+00:00
f6fade09-c7e0-4465-a613-2fb03bced977,a7db23f7-411c-4de2-9d2d-cf92fcfc7c0b,b27651d0-f22b-4c0d-ab49-8da9693e2001,467e441f-24be-4d83-89e7-50b64ea01be4,2990.02,INR,success,2026-03-26 00:56:01.166936+00:00
d5b25c7f-8709-464b-9916-e84970d4341d,a7db23f7-411c-4de2-9d2d-cf92fcfc7c0b,b27651d0-f22b-4c0d-ab49-8da9693e2001,467e441f-24be-4d83-89e7-50b64ea01be4,2884.86,INR,success,2026-05-31 21:36:34.401223+00:00
5e86535d-2032-4470-9f9a-ec5a29e98196,cbd043c9-d5b2-4d90-bd8e-79aafa0d9b0e,56ad64c3-49c5-41ec-80fd-be75cf7aafe8,e6f4aee6-a65b-4272-80ef-dc5e1ac7a322,2272.11,INR,success,2026-05-13 00:42:33.171406+00:00
cc55b3e8-4b1c-464d-b298-fc8e98626638,cbd043c9-d5b2-4d90-bd8e-79aafa0d9b0e,56ad64c3-49c5-41ec-80fd-be75cf7aafe8,e6f4aee6-a65b-4272-80ef-dc5e1ac7a322,1622.1,INR,success,2026-05-28 17:14:02.232739+00:00
914e75e9-660d-438b-904d-9a87b47cd07b,cbd043c9-d5b2-4d90-bd8e-79aafa0d9b0e,56ad64c3-49c5-41ec-80fd-be75cf7aafe8,e6f4aee6-a65b-4272-80ef-dc5e1ac7a322,2026.06,INR,success,2026-05-30 02:57:16.584535+00:00
70d65bc2-3e2c-4c04-8920-d3c319dcca97,cbd043c9-d5b2-4d90-bd8e-79aafa0d9b0e,56ad64c3-49c5-41ec-80fd-be75cf7aafe8,e6f4aee6-a65b-4272-80ef-dc5e1ac7a322,1261.97,INR,success,2026-05-31 10:38:21.444230+00:00
20cea10e-33d8-4e53-bfb7-b8c30a7f0247,24af1e8d-d1b2-4406-a498-af3ee38b40a2,cf9fe2a2-70ff-4838-a4b9-56b36c38d7da,b0f8204e-24ec-4ca3-8146-8c70c971a8ba,791.89,INR,success,2026-05-29 19:16:32.104938+00:00
2cf9e1d2-098e-45e0-9327-ba28600c89eb,685ea3d1-467a-4d46-9bbe-6080596fe5fb,bdc4de38-84f1-4822-88bb-20109b57a7ca,0e3ee191-fcfd-4253-8a2e-64a6a3d3d08f,4727.09,INR,success,2026-03-27 22:07:16.697988+00:00
d87ad67c-84c3-48c4-9e80-88440625d1d1,685ea3d1-467a-4d46-9bbe-6080596fe5fb,bdc4de38-84f1-4822-88bb-20109b57a7ca,0e3ee191-fcfd-4253-8a2e-64a6a3d3d08f,1018.78,INR,success,2026-03-29 00:53:25.012438+00:00
c333bde6-c952-4051-8039-cf6d3ed09002,685ea3d1-467a-4d46-9bbe-6080596fe5fb,bdc4de38-84f1-4822-88bb-20109b57a7ca,0e3ee191-fcfd-4253-8a2e-64a6a3d3d08f,2436.7,INR,success,2026-04-01 08:29:51.943052+00:00
6a284b7e-fe89-4a16-a0d5-e050e32a9b5a,685ea3d1-467a-4d46-9bbe-6080596fe5fb,bdc4de38-84f1-4822-88bb-20109b57a7ca,0e3ee191-fcfd-4253-8a2e-64a6a3d3d08f,4368.9,INR,success,2026-04-15 13:18:54.587518+00:00
e18d372a-8385-4114-908e-58a2706e707d,53a3b558-f7a3-40aa-a765-bdc360f5232f,b0d0f2b9-57ec-4827-abb4-3eaebf653610,859bcdb4-62ef-4211-ad80-d69516153510,1794.7,INR,success,2026-05-22 15:20:48.986060+00:00
0628c907-0b7c-48a9-8fb0-1a9ef7b69c23,208723c0-1521-430c-ad61-fee91506b935,04ef72b6-b5ed-4f73-bbea-25dbd22d638e,60681c00-819e-4375-b6e0-66b4bfe78b73,3223.53,INR,success,2026-05-10 20:47:27.993762+00:00
c0efbbb4-c21a-4bde-9bbf-93f7c272dc39,208723c0-1521-430c-ad61-fee91506b935,04ef72b6-b5ed-4f73-bbea-25dbd22d638e,60681c00-819e-4375-b6e0-66b4bfe78b73,4114.35,INR,success,2026-05-20 20:16:24.321368+00:00
c2b1d16d-8ee4-44d4-a3de-e42acecd1b31,208723c0-1521-430c-ad61-fee91506b935,04ef72b6-b5ed-4f73-bbea-25dbd22d638e,60681c00-819e-4375-b6e0-66b4bfe78b73,2376.92,INR,success,2026-05-21 17:20:22.576483+00:00
d473ccf4-a781-4bf4-ae2d-4993dc31ab4d,208723c0-1521-430c-ad61-fee91506b935,04ef72b6-b5ed-4f73-bbea-25dbd22d638e,60681c00-819e-4375-b6e0-66b4bfe78b73,2547.54,INR,success,2026-05-24 22:34:36.198161+00:00
54084d2a-ba06-4e83-a3dc-63cdb76af1c2,208723c0-1521-430c-ad61-fee91506b935,04ef72b6-b5ed-4f73-bbea-25dbd22d638e,60681c00-819e-4375-b6e0-66b4bfe78b73,1482.35,INR,success,2026-05-30 08:56:15.426990+00:00
a06d8c19-0963-40b7-a4a9-fbd134447893,9ec09f38-454d-4d0b-827b-0bc93a314855,3ec1fd73-6ef3-4610-a21c-8e2842203dbb,57f89327-e098-4205-bc4b-60ffe47a5907,3363.14,INR,success,2026-04-13 17:31:15.046457+00:00
a61c57fe-d284-4862-8a0a-2bc841946e32,9ec09f38-454d-4d0b-827b-0bc93a314855,3ec1fd73-6ef3-4610-a21c-8e2842203dbb,57f89327-e098-4205-bc4b-60ffe47a5907,3280.53,INR,success,2026-05-01 17:42:49.387491+00:00
b46c3590-f9ec-4757-8424-e54ebda1a9d6,9ec09f38-454d-4d0b-827b-0bc93a314855,3ec1fd73-6ef3-4610-a21c-8e2842203dbb,57f89327-e098-4205-bc4b-60ffe47a5907,3661.46,INR,success,2026-05-14 01:24:18.991558+00:00
bedf4d55-5ab0-464c-8033-cffb00232ab3,9ec09f38-454d-4d0b-827b-0bc93a314855,3ec1fd73-6ef3-4610-a21c-8e2842203dbb,57f89327-e098-4205-bc4b-60ffe47a5907,2311.44,INR,success,2026-05-30 08:57:13.552472+00:00
6f758128-f3f2-4a61-98e5-3ceb16af6da4,e714cf4d-243c-4187-b91b-84e0ba5cdc5d,5c0b59ec-fae8-45cd-9ac0-dd2bd7c41f59,3a4c83c4-3751-4d3d-9135-282710d3eebf,378.43,INR,success,2026-04-03 07:33:33.802832+00:00
64cb4a03-38ca-46d7-b8a9-4b411d81fc50,e714cf4d-243c-4187-b91b-84e0ba5cdc5d,5c0b59ec-fae8-45cd-9ac0-dd2bd7c41f59,3a4c83c4-3751-4d3d-9135-282710d3eebf,399.95,INR,success,2026-04-12 12:59:17.403852+00:00
c1fadf2b-b502-4f6a-a6c9-fce200eb972e,e714cf4d-243c-4187-b91b-84e0ba5cdc5d,5c0b59ec-fae8-45cd-9ac0-dd2bd7c41f59,3a4c83c4-3751-4d3d-9135-282710d3eebf,532.66,INR,success,2026-04-13 22:11:17.975397+00:00
e6a00c4d-cdc3-479b-8a4f-ffd8a86f28d5,e714cf4d-243c-4187-b91b-84e0ba5cdc5d,5c0b59ec-fae8-45cd-9ac0-dd2bd7c41f59,3a4c83c4-3751-4d3d-9135-282710d3eebf,545.92,INR,success,2026-04-19 07:59:33.188920+00:00
f14603b4-1256-4eac-ba7e-75390b1023d5,e714cf4d-243c-4187-b91b-84e0ba5cdc5d,5c0b59ec-fae8-45cd-9ac0-dd2bd7c41f59,3a4c83c4-3751-4d3d-9135-282710d3eebf,372.56,INR,success,2026-04-26 17:02:05.150143+00:00
81d2de23-9b11-4449-aa4d-cb0641e0ae59,c3a4878a-1ccc-43f6-91cb-22934aaebb16,fba8ee14-7e77-4a18-8540-e112f83ed254,a3c859f5-9a24-404d-9f70-bdd093dd7c68,3069.31,INR,success,2026-04-02 21:54:00.072116+00:00
48e3e63e-b3d0-4b8a-b51a-d285cb038f56,c3a4878a-1ccc-43f6-91cb-22934aaebb16,fba8ee14-7e77-4a18-8540-e112f83ed254,a3c859f5-9a24-404d-9f70-bdd093dd7c68,1262.56,INR,success,2026-04-13 00:11:05.372623+00:00
002cf512-4164-45da-8f88-812a548db3b1,c3a4878a-1ccc-43f6-91cb-22934aaebb16,fba8ee14-7e77-4a18-8540-e112f83ed254,a3c859f5-9a24-404d-9f70-bdd093dd7c68,1845.42,INR,success,2026-04-24 23:58:52.782211+00:00
8f65889b-86a7-44fd-92e9-4351e4443cba,d68a7df2-e719-496a-891b-5858eb691069,42976d4d-aa39-4fc4-8ced-89dbbe702c23,ea71af7e-6360-4b67-8106-6fdfb63c024a,1969.96,INR,success,2026-05-10 09:11:00.291468+00:00
ead34197-5617-4816-85b9-a2ae99f265a4,102997a0-a4f6-4855-91be-cb5a920c0a44,ae6c18a6-0559-4963-9ce8-ace0fdea21eb,bcc6400c-b0a6-4858-bcc4-2c78578f85ca,96.36,INR,success,2026-05-05 23:25:36.678552+00:00
955ac653-ebc9-4e84-96e4-3f2dc7117f47,102997a0-a4f6-4855-91be-cb5a920c0a44,ae6c18a6-0559-4963-9ce8-ace0fdea21eb,bcc6400c-b0a6-4858-bcc4-2c78578f85ca,621.73,INR,success,2026-05-07 01:56:02.842572+00:00
c63a362f-9bf6-470a-8760-32f29d6928fd,102997a0-a4f6-4855-91be-cb5a920c0a44,ae6c18a6-0559-4963-9ce8-ace0fdea21eb,bcc6400c-b0a6-4858-bcc4-2c78578f85ca,257.46,INR,success,2026-05-16 16:49:50.493445+00:00
1988ceb4-0f95-4dfe-8de8-7a016eb6dfca,102997a0-a4f6-4855-91be-cb5a920c0a44,ae6c18a6-0559-4963-9ce8-ace0fdea21eb,bcc6400c-b0a6-4858-bcc4-2c78578f85ca,572.16,INR,success,2026-05-22 10:13:10.262170+00:00
e391a5a2-e90f-453b-acb9-a51b505bbdba,102997a0-a4f6-4855-91be-cb5a920c0a44,ae6c18a6-0559-4963-9ce8-ace0fdea21eb,bcc6400c-b0a6-4858-bcc4-2c78578f85ca,505.67,INR,success,2026-05-28 18:31:06.367589+00:00
cafb70cd-7659-4f92-bbd5-6054ea705ce3,f11b35c1-7ef7-40ea-8b06-af40b8475e40,e2eb171f-1c57-4979-936b-4f1425b946cc,bc4dacac-3be4-400c-b311-69e502dae52f,3698.31,INR,success,2026-05-16 00:14:22.640015+00:00
7afb1d2c-d1e8-411d-9c90-80a0bbb972a4,f11b35c1-7ef7-40ea-8b06-af40b8475e40,e2eb171f-1c57-4979-936b-4f1425b946cc,bc4dacac-3be4-400c-b311-69e502dae52f,2658.42,INR,success,2026-05-19 02:39:09.955128+00:00
2729d835-85cb-4048-9ec1-7f00c042ae1f,7d1eec76-826c-455d-af0c-e22edf3d810b,637747ca-d400-486a-8d50-c2dfc71a7427,42845d07-527d-4b16-bb3d-85a33015f339,4764.1,INR,success,2026-04-09 08:12:40.020340+00:00
21ff40dc-bb8f-493f-85a2-a51b78bd7513,1f9f6a6c-db62-4c96-8cc7-dc4904579698,7c614d4e-0f34-484d-9b5e-10ec1bd7cc27,dbf1893e-43ee-4b22-9519-1769a2e4dad2,910.96,INR,success,2026-05-23 23:11:54.121569+00:00
8dc5d597-d6f0-4c29-b08b-87520d3231bc,1f9f6a6c-db62-4c96-8cc7-dc4904579698,7c614d4e-0f34-484d-9b5e-10ec1bd7cc27,dbf1893e-43ee-4b22-9519-1769a2e4dad2,785.45,INR,success,2026-05-26 10:19:37.300802+00:00
32720f8b-3c4d-4fd9-aca8-d47b8f9556ae,1f9f6a6c-db62-4c96-8cc7-dc4904579698,7c614d4e-0f34-484d-9b5e-10ec1bd7cc27,dbf1893e-43ee-4b22-9519-1769a2e4dad2,2807.5,INR,success,2026-05-29 19:41:55.675409+00:00
322c13f2-be22-4ab9-975a-5103a575b82d,ded87022-bffd-4d1d-983b-878bc09a7a07,f68292b6-b8d1-4ed6-9841-06d27f0c96d5,2a90d98f-d27d-44b8-8edd-1ef98f6d6c9a,2732.7,INR,success,2026-05-25 15:25:35.416028+00:00
6f43aa76-ad99-420d-90ad-3980ff7c2340,ded87022-bffd-4d1d-983b-878bc09a7a07,f68292b6-b8d1-4ed6-9841-06d27f0c96d5,2a90d98f-d27d-44b8-8edd-1ef98f6d6c9a,2034.55,INR,success,2026-05-25 16:02:49.626121+00:00
baa760c5-1b80-4c81-b19e-a2f575914b0d,420020d8-0840-45b3-a217-d43b928babfb,93e08b79-ff33-496d-be30-865f0f601aeb,2870356b-5e39-4938-a37e-90b924faedb8,2946.08,INR,success,2026-04-21 12:51:09.473973+00:00
de398a37-c0d6-455c-96f0-f9db48b495b6,51db2a98-e337-494e-88c0-d85fc2a4960f,731f8d4b-0a3e-4880-ad02-493290ac62c0,3b5d6ef5-b52e-46a9-a870-08c6b15897e8,75.82,INR,success,2026-05-14 04:07:26.459588+00:00
38dde45c-0e4f-493a-95eb-49d1575e0c45,51db2a98-e337-494e-88c0-d85fc2a4960f,731f8d4b-0a3e-4880-ad02-493290ac62c0,3b5d6ef5-b52e-46a9-a870-08c6b15897e8,3080.31,INR,success,2026-05-16 18:54:09.525032+00:00
7563b60b-1d7d-4a85-a754-e75606de391f,51db2a98-e337-494e-88c0-d85fc2a4960f,731f8d4b-0a3e-4880-ad02-493290ac62c0,3b5d6ef5-b52e-46a9-a870-08c6b15897e8,576.71,INR,success,2026-05-28 16:11:30.360561+00:00
912fef73-dd06-4aa9-943f-29cc98c61c0b,cd40be09-8944-4554-9365-555e9b70304d,d7dc7764-92a3-4309-8ebd-aa5cea3bae54,99a1df7e-ba7f-4de4-bbaa-1bb186f3090d,1118.95,INR,success,2026-04-15 15:50:41.010871+00:00
91faa5a2-44cd-4669-b633-47fc5c61f5f5,cd40be09-8944-4554-9365-555e9b70304d,d7dc7764-92a3-4309-8ebd-aa5cea3bae54,99a1df7e-ba7f-4de4-bbaa-1bb186f3090d,1463.83,INR,success,2026-04-25 15:26:27.595162+00:00
8d030bd2-e981-406a-a453-2c812a9723ae,cd40be09-8944-4554-9365-555e9b70304d,d7dc7764-92a3-4309-8ebd-aa5cea3bae54,99a1df7e-ba7f-4de4-bbaa-1bb186f3090d,5577.43,INR,success,2026-05-01 00:56:32.913743+00:00
91158081-4e96-4622-b3a9-1b5308e525de,cd40be09-8944-4554-9365-555e9b70304d,d7dc7764-92a3-4309-8ebd-aa5cea3bae54,99a1df7e-ba7f-4de4-bbaa-1bb186f3090d,812.96,INR,success,2026-05-11 06:34:28.653146+00:00
a848ba1a-7184-4fa2-8df5-f4dca026745b,cd40be09-8944-4554-9365-555e9b70304d,d7dc7764-92a3-4309-8ebd-aa5cea3bae54,99a1df7e-ba7f-4de4-bbaa-1bb186f3090d,1181.73,INR,success,2026-05-21 01:13:27.760331+00:00
136467ab-472d-465a-9251-825ddf67a12d,13743035-5fac-493f-a149-550dc17da8ae,ff7e07eb-3006-4df3-87f4-07b4ca018dac,ceb778f4-ad45-44f3-8227-1af67932dc2c,1019.03,INR,success,2026-04-14 19:27:24.768293+00:00
f831febe-b6aa-4ee7-a35e-fd33005f092c,13743035-5fac-493f-a149-550dc17da8ae,ff7e07eb-3006-4df3-87f4-07b4ca018dac,ceb778f4-ad45-44f3-8227-1af67932dc2c,1050.51,INR,success,2026-04-17 14:08:58.560184+00:00
e10a2a57-9ff6-4d18-80dc-66e0d35160e3,13743035-5fac-493f-a149-550dc17da8ae,ff7e07eb-3006-4df3-87f4-07b4ca018dac,ceb778f4-ad45-44f3-8227-1af67932dc2c,1536.04,INR,success,2026-05-21 22:38:40.482591+00:00
3944ccc4-de62-4bdc-a271-2cea3cf75426,f5e719c9-11c9-437e-a3d8-fe6cd0076a56,5b6f68f1-ce34-4d6a-8455-6c56ef99d192,c8d69b7d-864c-42cb-ae60-cf170a890a67,950.59,INR,success,2026-05-03 09:57:57.110376+00:00
4a6ea233-2303-41d3-8e3a-fabf5c7a0176,f5e719c9-11c9-437e-a3d8-fe6cd0076a56,5b6f68f1-ce34-4d6a-8455-6c56ef99d192,c8d69b7d-864c-42cb-ae60-cf170a890a67,2648.82,INR,success,2026-05-05 10:45:20.061143+00:00
79512dae-9c05-48b8-8f1e-307689356009,f5e719c9-11c9-437e-a3d8-fe6cd0076a56,5b6f68f1-ce34-4d6a-8455-6c56ef99d192,c8d69b7d-864c-42cb-ae60-cf170a890a67,2315.74,INR,success,2026-05-26 06:23:44.407054+00:00
8bd786f9-6cf8-454b-9d44-ade7d887825e,1cfa8005-982c-44e0-a6dd-d533639682c7,8535bfdd-1bb3-4af8-8c9b-bb572026aef1,e27e0498-819c-467b-9e4a-5cf4b8b7e02c,6681.54,INR,success,2026-04-09 15:41:24.718650+00:00
da2a18d6-0371-46fa-b251-65b1c2681465,607755a3-15f5-48e7-ae49-14c31f474cc8,3105a1dd-d8e0-4552-8c52-bd5785925088,1e1d0bc9-3698-4c4a-9ab5-5540305526e0,2715.34,INR,success,2026-04-05 03:01:19.368561+00:00
3d3179a2-a773-4719-886d-8798a22782e7,607755a3-15f5-48e7-ae49-14c31f474cc8,3105a1dd-d8e0-4552-8c52-bd5785925088,1e1d0bc9-3698-4c4a-9ab5-5540305526e0,3035.22,INR,success,2026-04-07 20:31:02.647274+00:00
37f96b36-98cd-49e4-815b-862fe8c69464,607755a3-15f5-48e7-ae49-14c31f474cc8,3105a1dd-d8e0-4552-8c52-bd5785925088,1e1d0bc9-3698-4c4a-9ab5-5540305526e0,1439.21,INR,success,2026-04-13 13:04:52.832008+00:00
62cea1ad-d9d8-4fea-8072-5ec3061bbf06,607755a3-15f5-48e7-ae49-14c31f474cc8,3105a1dd-d8e0-4552-8c52-bd5785925088,1e1d0bc9-3698-4c4a-9ab5-5540305526e0,2744.17,INR,success,2026-05-02 15:05:51.294065+00:00
568f8ae3-3fd1-4637-ac38-aa203a9c6c72,607755a3-15f5-48e7-ae49-14c31f474cc8,3105a1dd-d8e0-4552-8c52-bd5785925088,1e1d0bc9-3698-4c4a-9ab5-5540305526e0,2703.64,INR,success,2026-05-05 23:21:53.651687+00:00
d55fd3c7-a0ac-47a0-818c-a17a74dea585,bcdb8f29-db71-4e1b-9157-25a4bcfa5bda,3050497a-6185-464a-bb7e-2411f5fcb4c5,b29f9268-bad3-440f-822e-fcd5ff3e4918,68.3,INR,success,2026-04-21 01:38:15.359818+00:00
ee986942-c5bd-446b-9b2e-7aa43f55eb1a,bcdb8f29-db71-4e1b-9157-25a4bcfa5bda,3050497a-6185-464a-bb7e-2411f5fcb4c5,b29f9268-bad3-440f-822e-fcd5ff3e4918,4457.24,INR,success,2026-05-04 03:21:59.842284+00:00
d0e9dbe6-338b-4ad9-91cd-089c1e521ef4,bcdb8f29-db71-4e1b-9157-25a4bcfa5bda,3050497a-6185-464a-bb7e-2411f5fcb4c5,b29f9268-bad3-440f-822e-fcd5ff3e4918,4138.76,INR,success,2026-05-05 01:04:56.962870+00:00
f251ee98-327d-4bf2-89c3-b19387b5fb0c,bcdb8f29-db71-4e1b-9157-25a4bcfa5bda,3050497a-6185-464a-bb7e-2411f5fcb4c5,b29f9268-bad3-440f-822e-fcd5ff3e4918,3312.38,INR,success,2026-05-08 13:05:54.258707+00:00
2af9ae07-dd9a-4573-adc4-c13d75c27b24,bcdb8f29-db71-4e1b-9157-25a4bcfa5bda,3050497a-6185-464a-bb7e-2411f5fcb4c5,b29f9268-bad3-440f-822e-fcd5ff3e4918,2071.99,INR,success,2026-05-18 09:30:41.509134+00:00
183cfd67-ef9b-4662-9a05-808193aeb43f,a3266585-fc21-48cd-9781-37d8b8e470b6,db28d189-cc67-48c0-aaa4-3abc93263366,5a7eed0e-5272-44f5-b5b3-4e43a5d0be3d,3055.95,INR,success,2026-05-11 22:41:03.388115+00:00
62994c26-b09d-4c10-9529-b16b17d3ce75,a3266585-fc21-48cd-9781-37d8b8e470b6,db28d189-cc67-48c0-aaa4-3abc93263366,5a7eed0e-5272-44f5-b5b3-4e43a5d0be3d,6131.99,INR,success,2026-05-14 23:18:41.948152+00:00
24edbf17-c6a6-4a09-ac4e-d9b2cf3caac6,a3266585-fc21-48cd-9781-37d8b8e470b6,db28d189-cc67-48c0-aaa4-3abc93263366,5a7eed0e-5272-44f5-b5b3-4e43a5d0be3d,3019.9,INR,success,2026-05-26 10:09:29.260258+00:00
34631467-7fe3-4f1a-ab91-8bc842f17814,7f74fe90-1368-4a4e-be32-f66606bfd64d,776e20f5-8bd7-47af-8a3c-081583c7cdae,de28de46-0337-4b5e-be87-50b57506c58d,10.0,INR,success,2026-04-25 23:49:57.903779+00:00
3423ae40-5784-465c-8330-cfd9bceb4bf2,7f74fe90-1368-4a4e-be32-f66606bfd64d,776e20f5-8bd7-47af-8a3c-081583c7cdae,de28de46-0337-4b5e-be87-50b57506c58d,2138.28,INR,success,2026-04-27 02:27:07.646499+00:00
79f7b1ab-eda7-4ac6-a22f-e7c7f79a07dc,7f74fe90-1368-4a4e-be32-f66606bfd64d,776e20f5-8bd7-47af-8a3c-081583c7cdae,de28de46-0337-4b5e-be87-50b57506c58d,969.46,INR,success,2026-05-12 10:59:44.073605+00:00
69203f89-6235-4a1d-9a24-06557299c6bc,7f74fe90-1368-4a4e-be32-f66606bfd64d,776e20f5-8bd7-47af-8a3c-081583c7cdae,de28de46-0337-4b5e-be87-50b57506c58d,2058.38,INR,success,2026-05-21 04:14:01.742443+00:00
cc70c368-6f69-40bd-abb9-cc0bd82ab917,7f74fe90-1368-4a4e-be32-f66606bfd64d,776e20f5-8bd7-47af-8a3c-081583c7cdae,de28de46-0337-4b5e-be87-50b57506c58d,278.81,INR,success,2026-05-28 21:17:48.906632+00:00
3d5991ea-3591-4849-a7f4-f2328f6040a1,8e424863-54d9-40c0-ace4-6ce367b9f46e,af40a2cc-e6cf-4ff1-9423-8c72081afba3,708fd405-1231-407f-953f-61e78f5b3fbe,6470.79,INR,success,2026-05-30 21:58:01.743767+00:00
e3942ef6-73f1-4bd6-9c2c-5de164f82206,d05ca311-dcb7-493f-aab1-8cedf8f3f877,82df1b45-bde4-4946-a926-631024c75fb0,02c72350-0dec-4ea0-b725-9df4dc9909d0,3088.77,INR,success,2026-05-01 03:02:40.027805+00:00
92a805f1-2b0d-459d-93ad-b4aa8cdecafb,d05ca311-dcb7-493f-aab1-8cedf8f3f877,82df1b45-bde4-4946-a926-631024c75fb0,02c72350-0dec-4ea0-b725-9df4dc9909d0,3709.89,INR,success,2026-05-03 23:23:45.953125+00:00
e9ab2fe1-34e1-410c-91ba-bc7feae9b6ca,d05ca311-dcb7-493f-aab1-8cedf8f3f877,82df1b45-bde4-4946-a926-631024c75fb0,02c72350-0dec-4ea0-b725-9df4dc9909d0,2655.78,INR,success,2026-05-09 17:52:19.670227+00:00
ec8a958b-b31b-44d5-ac31-b8b30df17209,d05ca311-dcb7-493f-aab1-8cedf8f3f877,82df1b45-bde4-4946-a926-631024c75fb0,02c72350-0dec-4ea0-b725-9df4dc9909d0,3324.07,INR,success,2026-05-21 00:02:37.094165+00:00
571ea205-7392-4ae9-ad6d-7d6e1286db5a,d05ca311-dcb7-493f-aab1-8cedf8f3f877,82df1b45-bde4-4946-a926-631024c75fb0,02c72350-0dec-4ea0-b725-9df4dc9909d0,3125.59,INR,success,2026-05-30 16:36:55.894885+00:00
2b857a64-9349-4b36-94e3-f7a7ce4d9573,0a3b4f73-9a54-49cb-9300-6887d19cfaa2,55e1e17f-008b-474d-b6e4-79dfeb7b2c67,1179b15c-9269-4a9d-8a4f-852d1762f637,1779.22,INR,success,2026-04-30 00:13:49.066774+00:00
1ae54cea-36c4-4fce-a148-d2310b5d3d6a,0a3b4f73-9a54-49cb-9300-6887d19cfaa2,55e1e17f-008b-474d-b6e4-79dfeb7b2c67,1179b15c-9269-4a9d-8a4f-852d1762f637,3695.3,INR,success,2026-05-11 07:06:36.645673+00:00
e8181043-0bef-44f8-bf93-1dde29130e46,0a3b4f73-9a54-49cb-9300-6887d19cfaa2,55e1e17f-008b-474d-b6e4-79dfeb7b2c67,1179b15c-9269-4a9d-8a4f-852d1762f637,4278.87,INR,success,2026-05-17 20:16:51.181724+00:00
01bf2d92-d808-4cf2-8dd8-d4f5ca8ce2c9,0a3b4f73-9a54-49cb-9300-6887d19cfaa2,55e1e17f-008b-474d-b6e4-79dfeb7b2c67,1179b15c-9269-4a9d-8a4f-852d1762f637,2770.6,INR,success,2026-05-21 09:23:35.024000+00:00
01ac6cd6-853b-4df9-89ab-fc1213d9b3fe,0a3b4f73-9a54-49cb-9300-6887d19cfaa2,55e1e17f-008b-474d-b6e4-79dfeb7b2c67,1179b15c-9269-4a9d-8a4f-852d1762f637,10.0,INR,success,2026-05-31 00:03:24.928393+00:00
2ec1bb77-51b1-4f34-ab7c-87d312938cb3,f9c7c202-f001-41c2-8877-6335491ffdf3,dedee65a-1d69-4ade-9d85-e2c47ce6e658,ee6fe862-2fac-43dc-a070-3e40ee079de1,339.48,INR,success,2026-04-11 21:24:40.694341+00:00
43cbdd9c-9df9-40fc-adf4-1e44a8608e90,f9c7c202-f001-41c2-8877-6335491ffdf3,dedee65a-1d69-4ade-9d85-e2c47ce6e658,ee6fe862-2fac-43dc-a070-3e40ee079de1,180.06,INR,success,2026-04-12 23:36:35.578009+00:00
11b00ca0-f8e7-40ac-93ef-488b57b67602,f9c7c202-f001-41c2-8877-6335491ffdf3,dedee65a-1d69-4ade-9d85-e2c47ce6e658,ee6fe862-2fac-43dc-a070-3e40ee079de1,1377.79,INR,success,2026-05-10 12:34:35.622197+00:00
748b12a7-98da-4c5a-a8e3-b51c6bf9fc7c,f9c7c202-f001-41c2-8877-6335491ffdf3,dedee65a-1d69-4ade-9d85-e2c47ce6e658,ee6fe862-2fac-43dc-a070-3e40ee079de1,597.55,INR,success,2026-05-19 00:38:18.381973+00:00
103643d4-2320-4704-a8e2-3ebd931a0e16,a07b5b20-9074-4e40-ab67-2963cebc2010,760079c0-c18d-4e77-b1a9-dfbd948ff205,4bb18288-9fe0-4995-9224-d8c2939503f1,2314.76,INR,success,2026-03-05 20:12:55.958019+00:00
44de3ea6-cc19-4d5e-8d18-907c7c57f2f0,a07b5b20-9074-4e40-ab67-2963cebc2010,760079c0-c18d-4e77-b1a9-dfbd948ff205,4bb18288-9fe0-4995-9224-d8c2939503f1,3275.46,INR,success,2026-03-17 09:22:58.808729+00:00
8858d4fc-d4b6-44fa-bf3c-e2aed0c0de24,a07b5b20-9074-4e40-ab67-2963cebc2010,760079c0-c18d-4e77-b1a9-dfbd948ff205,4bb18288-9fe0-4995-9224-d8c2939503f1,2692.48,INR,success,2026-04-15 01:09:49.162657+00:00
4ff8e775-9310-4cbc-a0ea-ebb9d8c776ab,a07b5b20-9074-4e40-ab67-2963cebc2010,760079c0-c18d-4e77-b1a9-dfbd948ff205,4bb18288-9fe0-4995-9224-d8c2939503f1,2972.01,INR,success,2026-04-19 05:39:18.728530+00:00
b92cbcbc-06a2-4987-ab6b-0670388cbf54,617a5644-be57-4409-9999-33de946d4c3c,a7dfcc95-2473-4119-a262-09f55d88bf26,1af5f11f-4370-4fa7-b2fe-a06a6a79b8e2,10.0,INR,success,2026-04-04 09:30:20.410959+00:00
a3030628-28b2-46a6-897d-4ce895ba318c,617a5644-be57-4409-9999-33de946d4c3c,a7dfcc95-2473-4119-a262-09f55d88bf26,1af5f11f-4370-4fa7-b2fe-a06a6a79b8e2,9478.93,INR,success,2026-05-26 20:44:00.562785+00:00
420e6ed0-59bf-4a74-ab72-af5cb2403909,3c2382a5-2885-4f12-8fc6-c8fa65d96d95,569bc9a9-fb59-4561-aad5-4af3332b37a4,df1b1a6a-4e24-4c53-87e2-7d3062afb7db,3905.46,INR,success,2026-05-26 03:59:20.783300+00:00
83bf8693-710f-443b-ad13-228f339e8b5a,3c2382a5-2885-4f12-8fc6-c8fa65d96d95,569bc9a9-fb59-4561-aad5-4af3332b37a4,df1b1a6a-4e24-4c53-87e2-7d3062afb7db,10.0,INR,success,2026-05-26 22:55:09.540422+00:00
548a1b79-5d6d-4ef6-bc85-ada1844f435a,3c2382a5-2885-4f12-8fc6-c8fa65d96d95,569bc9a9-fb59-4561-aad5-4af3332b37a4,df1b1a6a-4e24-4c53-87e2-7d3062afb7db,1038.11,INR,success,2026-05-27 18:45:30.206423+00:00
c316ff85-7a22-4040-b99d-6e93ce21bc35,3c2382a5-2885-4f12-8fc6-c8fa65d96d95,569bc9a9-fb59-4561-aad5-4af3332b37a4,df1b1a6a-4e24-4c53-87e2-7d3062afb7db,2071.54,INR,success,2026-05-28 03:22:49.663846+00:00
265ee8d9-d81b-4666-b28d-e93e831a0013,3c2382a5-2885-4f12-8fc6-c8fa65d96d95,569bc9a9-fb59-4561-aad5-4af3332b37a4,df1b1a6a-4e24-4c53-87e2-7d3062afb7db,1864.78,INR,success,2026-05-30 06:01:43.305119+00:00
cf05b510-f584-48fd-9d24-7413390638f4,f75f59cd-5529-476a-8189-21726c8b1ada,e3b7e8ff-bc4d-4e0f-82e5-92119a8bfba4,84f411f8-aca0-475d-b40e-40e65c423b81,833.33,INR,success,2026-05-16 23:32:23.893684+00:00
d650c4bb-5e42-49bc-9315-318227b4c326,0aad0ab3-53c6-4dfe-ab36-152edcc6e822,ec2bf777-5f9a-4a3e-ad84-55072d92b2ce,9b9f5c34-fd07-4fab-9cab-558f92af4361,3519.74,INR,success,2026-05-27 03:08:41.286328+00:00
9063a74d-ee33-49b2-98b6-070189bce086,0aad0ab3-53c6-4dfe-ab36-152edcc6e822,ec2bf777-5f9a-4a3e-ad84-55072d92b2ce,9b9f5c34-fd07-4fab-9cab-558f92af4361,4987.92,INR,success,2026-05-28 06:18:05.894086+00:00
3a9920e4-77ab-4ce6-aeca-67a88d660844,0aad0ab3-53c6-4dfe-ab36-152edcc6e822,ec2bf777-5f9a-4a3e-ad84-55072d92b2ce,9b9f5c34-fd07-4fab-9cab-558f92af4361,2013.77,INR,success,2026-05-28 10:40:08.081098+00:00
a06bdcb7-20dc-40d6-9633-d281384499e4,0aad0ab3-53c6-4dfe-ab36-152edcc6e822,ec2bf777-5f9a-4a3e-ad84-55072d92b2ce,9b9f5c34-fd07-4fab-9cab-558f92af4361,4390.95,INR,success,2026-05-28 14:17:57.530363+00:00
593bd9e4-a2ad-47fe-a51d-6ee4e75a14fe,0ff121f2-f6cf-45f9-bfc7-872ee8c2b29f,0500782e-fc0d-4cf0-8f5a-31daaa07b405,90d159de-6d34-4787-ac0b-f717ff30e2fa,1669.73,INR,success,2026-04-24 19:11:32.363030+00:00
0f378042-ace7-41b9-a02f-2b28b0a114c5,0ff121f2-f6cf-45f9-bfc7-872ee8c2b29f,0500782e-fc0d-4cf0-8f5a-31daaa07b405,90d159de-6d34-4787-ac0b-f717ff30e2fa,4255.95,INR,success,2026-05-11 17:50:31.865907+00:00
e97e3918-4ab6-4f95-b2b5-cfa03538a4ba,0ff121f2-f6cf-45f9-bfc7-872ee8c2b29f,0500782e-fc0d-4cf0-8f5a-31daaa07b405,90d159de-6d34-4787-ac0b-f717ff30e2fa,3123.53,INR,success,2026-05-21 21:42:18.686359+00:00
aff8e215-06ba-4f2d-95fb-71767470eeee,0ff121f2-f6cf-45f9-bfc7-872ee8c2b29f,0500782e-fc0d-4cf0-8f5a-31daaa07b405,90d159de-6d34-4787-ac0b-f717ff30e2fa,2564.9,INR,success,2026-05-23 07:01:45.335931+00:00
2e09e95a-10f7-46cb-9a81-390e51e63753,d1516ac1-73fb-4e43-9431-7f515fb1c1ba,ef2fd97f-535d-4c49-809d-70febaeb82f5,cf94baee-fdcb-4cbb-bed6-fcf394aaa2e3,1640.74,INR,success,2026-04-03 18:59:48.952530+00:00
1c4db14c-064d-49fa-bc58-9191515dc879,d1516ac1-73fb-4e43-9431-7f515fb1c1ba,ef2fd97f-535d-4c49-809d-70febaeb82f5,cf94baee-fdcb-4cbb-bed6-fcf394aaa2e3,607.4,INR,success,2026-04-09 15:20:28.619304+00:00
7509717c-3210-409b-92dc-2cfd6d1a18af,d1516ac1-73fb-4e43-9431-7f515fb1c1ba,ef2fd97f-535d-4c49-809d-70febaeb82f5,cf94baee-fdcb-4cbb-bed6-fcf394aaa2e3,2488.16,INR,success,2026-04-30 22:42:31.021760+00:00
81461d47-b78c-438f-9993-51c26de14190,d1516ac1-73fb-4e43-9431-7f515fb1c1ba,ef2fd97f-535d-4c49-809d-70febaeb82f5,cf94baee-fdcb-4cbb-bed6-fcf394aaa2e3,489.51,INR,success,2026-05-08 22:58:44.526770+00:00
2483a818-cc0b-4bba-babc-8b8727f911b3,d1516ac1-73fb-4e43-9431-7f515fb1c1ba,ef2fd97f-535d-4c49-809d-70febaeb82f5,cf94baee-fdcb-4cbb-bed6-fcf394aaa2e3,1037.03,INR,success,2026-05-20 23:23:53.375492+00:00
2520a466-f095-419c-8ac0-7b6d4daabad5,8a950972-a3bc-4fb3-9176-602048188478,989bcca2-6de6-4e2f-a4ac-b38cf10b89c7,ba9385b2-941c-4ff1-8be3-f0ea5e3bca2e,2286.34,INR,success,2026-04-09 23:07:51.447948+00:00
ef570728-dcc9-427c-835f-06bbca5f1878,8a950972-a3bc-4fb3-9176-602048188478,989bcca2-6de6-4e2f-a4ac-b38cf10b89c7,ba9385b2-941c-4ff1-8be3-f0ea5e3bca2e,2740.52,INR,success,2026-04-20 18:16:17.392949+00:00
e4dec4ed-f1c7-43d6-b0c1-d2758764be36,033d2478-d100-4dd5-90ff-a2202d54f3e0,22b8b8b4-144b-4623-843f-8f4bc0a52b99,e83fe5e2-c277-44d0-bb46-10969d8541da,2093.35,INR,success,2026-04-10 07:42:11.031235+00:00
b2819464-39be-45a3-b0bb-638c9533b347,033d2478-d100-4dd5-90ff-a2202d54f3e0,22b8b8b4-144b-4623-843f-8f4bc0a52b99,e83fe5e2-c277-44d0-bb46-10969d8541da,2938.84,INR,success,2026-04-21 07:55:31.443309+00:00
4c0877b5-ee23-4fec-995a-b3933c1c4067,033d2478-d100-4dd5-90ff-a2202d54f3e0,22b8b8b4-144b-4623-843f-8f4bc0a52b99,e83fe5e2-c277-44d0-bb46-10969d8541da,3532.92,INR,success,2026-04-26 16:56:40.971927+00:00
173be3bc-b71a-4a43-984f-133cb29c2e30,033d2478-d100-4dd5-90ff-a2202d54f3e0,22b8b8b4-144b-4623-843f-8f4bc0a52b99,e83fe5e2-c277-44d0-bb46-10969d8541da,1272.75,INR,success,2026-05-15 06:47:51.418111+00:00
efee46a5-8b78-4926-9d0a-543b736d92bc,bcb285b5-51c9-4658-a163-b8c16b16f55d,149364d0-0cb0-40b0-95ef-ac853242645b,c4f4b7b1-d30e-46aa-989e-4c5913d6ba17,2924.77,INR,success,2026-03-25 18:06:05.333431+00:00
968af53b-8f0e-4601-9501-c766b9a4d626,bcb285b5-51c9-4658-a163-b8c16b16f55d,149364d0-0cb0-40b0-95ef-ac853242645b,c4f4b7b1-d30e-46aa-989e-4c5913d6ba17,3567.44,INR,success,2026-05-15 21:25:28.559212+00:00
80aabfb3-3450-4f59-b1a0-75c3d8b8cf83,bcb285b5-51c9-4658-a163-b8c16b16f55d,149364d0-0cb0-40b0-95ef-ac853242645b,c4f4b7b1-d30e-46aa-989e-4c5913d6ba17,5543.52,INR,success,2026-05-28 21:56:12.463144+00:00
df03a828-95be-46cd-afe9-4c1e6e6a19e0,779ecaab-a0e0-4728-b3a8-5845263281bb,d3cc4acf-9b7f-4726-b020-20e6ad94e75f,9b4b5abd-8a5e-4a77-a7c4-dc271ab9db32,603.43,INR,success,2026-05-19 21:14:06.770986+00:00
da3b840d-9e53-4500-ae39-0049168c16b8,779ecaab-a0e0-4728-b3a8-5845263281bb,d3cc4acf-9b7f-4726-b020-20e6ad94e75f,9b4b5abd-8a5e-4a77-a7c4-dc271ab9db32,856.39,INR,success,2026-05-20 23:40:35.940139+00:00
175dd0ed-3cec-4e96-9014-1694858f8fe7,779ecaab-a0e0-4728-b3a8-5845263281bb,d3cc4acf-9b7f-4726-b020-20e6ad94e75f,9b4b5abd-8a5e-4a77-a7c4-dc271ab9db32,844.49,INR,success,2026-05-21 02:03:34.753571+00:00
2b1b50cf-a800-43bb-9d13-134cff7cee57,779ecaab-a0e0-4728-b3a8-5845263281bb,d3cc4acf-9b7f-4726-b020-20e6ad94e75f,9b4b5abd-8a5e-4a77-a7c4-dc271ab9db32,805.1,INR,success,2026-05-27 15:31:47.401174+00:00
e7b3c4ee-0242-4b3d-a3c5-ea1eeceb4c0c,779ecaab-a0e0-4728-b3a8-5845263281bb,d3cc4acf-9b7f-4726-b020-20e6ad94e75f,9b4b5abd-8a5e-4a77-a7c4-dc271ab9db32,358.02,INR,success,2026-05-31 06:39:58.953476+00:00
d829f626-8e2d-4b94-9182-e5fc9f6a2cc2,56baaa22-a2e0-48b3-9b19-48d325954d86,15455436-5a83-45e5-a096-12759b3da06b,04e4091b-257e-44d6-98d0-e511b247e4d5,165.44,INR,success,2026-05-30 06:32:22.564709+00:00
ec094f93-2c93-4323-9431-8485a54c790a,56baaa22-a2e0-48b3-9b19-48d325954d86,15455436-5a83-45e5-a096-12759b3da06b,04e4091b-257e-44d6-98d0-e511b247e4d5,433.44,INR,success,2026-05-30 18:48:15.429419+00:00
8e5ff5c2-404d-45ba-a285-613c945cbac8,56baaa22-a2e0-48b3-9b19-48d325954d86,15455436-5a83-45e5-a096-12759b3da06b,04e4091b-257e-44d6-98d0-e511b247e4d5,320.25,INR,success,2026-05-31 21:58:22.233984+00:00
09e82dbf-710a-4009-a405-4f0aa24c0fb7,46f9f23b-f714-44f3-8984-76a5b1f8ec3e,e3dcbee4-644c-4ff6-bc7c-82fe06bf0e36,e4dbe3e1-6cc7-438d-8291-19c0c98f29e9,2035.42,INR,success,2026-05-09 11:29:04.488150+00:00
b1140ff2-2125-4335-a1ff-7ecd6be7a466,46f9f23b-f714-44f3-8984-76a5b1f8ec3e,e3dcbee4-644c-4ff6-bc7c-82fe06bf0e36,e4dbe3e1-6cc7-438d-8291-19c0c98f29e9,738.49,INR,success,2026-05-28 15:42:16.130383+00:00
88b84e59-e5c2-4b79-a782-b5ab9bbc853d,7b8e0ecf-b674-460c-bce7-3a3881d2af91,4b1a6f4e-4fc9-4e33-a29d-a77601aaf814,1f568124-99f0-49c0-b590-ffa042ce3896,4395.97,INR,success,2026-03-29 10:53:15.152683+00:00
5991241e-002f-43bf-ad25-4e58d832e831,7b8e0ecf-b674-460c-bce7-3a3881d2af91,4b1a6f4e-4fc9-4e33-a29d-a77601aaf814,1f568124-99f0-49c0-b590-ffa042ce3896,3581.52,INR,success,2026-05-26 13:06:59.617911+00:00
b9a31b64-fe3b-4c1e-9567-c4fb2d4548f6,c6a36abb-3c5f-4aa9-b1bd-eaa663c06bd2,fb193f47-7316-4d0d-8e5c-20e16682bd69,886409d4-14b5-4da1-b740-22c211700cff,765.68,INR,success,2026-04-06 21:40:27.507800+00:00
5da02956-d257-408a-a179-cf263bb5dd78,c6a36abb-3c5f-4aa9-b1bd-eaa663c06bd2,fb193f47-7316-4d0d-8e5c-20e16682bd69,886409d4-14b5-4da1-b740-22c211700cff,511.71,INR,success,2026-05-06 16:47:04.619927+00:00
c2b21fff-56ff-4ccc-b15b-b8b4377e88e4,9db47cd9-0690-4d88-ac0f-f76a1c8217f7,9cefb211-3896-4932-a7c8-f28a8f919f02,a205444e-6bcf-4704-a661-0866cdd4f8d5,3046.48,INR,success,2026-03-15 02:50:45.271832+00:00
7b0aff32-f599-43e3-9882-174c7a6b8494,9db47cd9-0690-4d88-ac0f-f76a1c8217f7,9cefb211-3896-4932-a7c8-f28a8f919f02,a205444e-6bcf-4704-a661-0866cdd4f8d5,3063.24,INR,success,2026-03-23 05:43:08.786861+00:00
9a346b79-e220-4478-bf19-e7117ff14fbc,9db47cd9-0690-4d88-ac0f-f76a1c8217f7,9cefb211-3896-4932-a7c8-f28a8f919f02,a205444e-6bcf-4704-a661-0866cdd4f8d5,4540.01,INR,success,2026-04-07 14:18:06.416675+00:00
daa98515-aa7a-4bae-a556-7179c26a424c,9db47cd9-0690-4d88-ac0f-f76a1c8217f7,9cefb211-3896-4932-a7c8-f28a8f919f02,a205444e-6bcf-4704-a661-0866cdd4f8d5,872.74,INR,success,2026-04-30 22:57:10.134549+00:00
9680ae1e-bcdf-4fc8-be21-8dcc25a3423c,9db47cd9-0690-4d88-ac0f-f76a1c8217f7,9cefb211-3896-4932-a7c8-f28a8f919f02,a205444e-6bcf-4704-a661-0866cdd4f8d5,1249.0,INR,success,2026-05-18 10:18:51.917983+00:00
a5af111b-3756-4a4d-a56a-d9fadec4fcd3,9425b9b5-4bb2-49cb-965a-ea76b7849e48,846ec010-c167-4982-8256-6e5473faddcb,cc263a3a-0595-45a0-a12a-b698999fb1de,5058.73,INR,success,2026-05-27 09:54:25.897240+00:00
c41926f7-0451-42fc-abd4-fb305c54f56c,9425b9b5-4bb2-49cb-965a-ea76b7849e48,846ec010-c167-4982-8256-6e5473faddcb,cc263a3a-0595-45a0-a12a-b698999fb1de,2579.51,INR,success,2026-05-27 15:06:21.454806+00:00
c46584a5-62f9-4b03-b7f3-4074f6dfaf2c,9425b9b5-4bb2-49cb-965a-ea76b7849e48,846ec010-c167-4982-8256-6e5473faddcb,cc263a3a-0595-45a0-a12a-b698999fb1de,6933.16,INR,success,2026-05-27 21:30:13.895798+00:00
76cda04e-bdca-4299-b979-77bc64b5d0a5,9425b9b5-4bb2-49cb-965a-ea76b7849e48,846ec010-c167-4982-8256-6e5473faddcb,cc263a3a-0595-45a0-a12a-b698999fb1de,5862.54,INR,success,2026-05-28 14:31:29.193781+00:00
0aafaf68-7e6a-4c5f-9a63-133b324ae47f,4a76e209-299a-4e9b-aff2-2c5081f93767,137d6f98-5569-4827-a412-4027f79fc2b0,357d481a-c845-4e09-8e95-ba8f51ba9145,3845.12,INR,success,2026-05-14 01:34:09.289235+00:00
7908d318-d1de-4ce6-9ba4-f2d55e9e77bd,4a76e209-299a-4e9b-aff2-2c5081f93767,137d6f98-5569-4827-a412-4027f79fc2b0,357d481a-c845-4e09-8e95-ba8f51ba9145,2236.05,INR,success,2026-05-17 05:45:03.040809+00:00
74cfabcb-ecc0-4596-92a2-81955ca6982c,4a76e209-299a-4e9b-aff2-2c5081f93767,137d6f98-5569-4827-a412-4027f79fc2b0,357d481a-c845-4e09-8e95-ba8f51ba9145,1004.96,INR,success,2026-05-30 02:57:49.378357+00:00
59399fe2-4239-4e92-a0be-52cbf9e37d6a,b47fe969-2ab7-45a4-bbfe-b5147b7d0c9d,dda3dcca-3786-4071-b70e-d8ed46bb8a9d,e421e864-8f0e-4566-8276-da23760490f5,4359.59,INR,success,2026-05-23 01:02:56.537745+00:00
6215c4b6-1ff3-4712-9ac5-b02b19372652,b47fe969-2ab7-45a4-bbfe-b5147b7d0c9d,dda3dcca-3786-4071-b70e-d8ed46bb8a9d,e421e864-8f0e-4566-8276-da23760490f5,3530.91,INR,success,2026-05-26 09:44:40.993327+00:00
c5ef7171-a50a-4dc9-a5e7-5b61a311a2b0,db49a246-ee3e-4269-93d3-ce8c4365ede9,6c0698e4-d785-4d8a-9452-32c1f83f0396,c129cb6b-fe85-4cff-bd9d-f06fdc1b1fe7,841.77,INR,success,2026-05-19 03:41:31.555498+00:00
bc8116e0-a2c8-4d81-a9a1-831a5aafc542,5d4a6001-9fe9-46ac-9ae9-43d9e8b272a3,a7b57cd0-cd1b-4dbb-bc58-c679da10c2e8,a0fd95d9-bd0d-476c-b411-45e5950b0ec2,2582.78,INR,success,2026-05-22 23:53:20.015866+00:00
98823e8c-322e-4dc6-a453-2b75ea83dfd8,5d4a6001-9fe9-46ac-9ae9-43d9e8b272a3,a7b57cd0-cd1b-4dbb-bc58-c679da10c2e8,a0fd95d9-bd0d-476c-b411-45e5950b0ec2,4839.44,INR,success,2026-05-28 15:50:13.687961+00:00
86e44f53-ec51-49fb-99e4-35e51ead4926,29d3d183-7773-4659-bf1d-244b3df64c53,e2cb2852-dd2e-4444-8b15-956ef358e26f,ea9d6368-c6f5-44d2-b2ec-e7cc5eee0435,1444.91,INR,success,2026-05-22 10:37:34.754485+00:00
699eea1c-9aa4-462a-80e8-c6fd5018ed2a,29d3d183-7773-4659-bf1d-244b3df64c53,e2cb2852-dd2e-4444-8b15-956ef358e26f,ea9d6368-c6f5-44d2-b2ec-e7cc5eee0435,2639.68,INR,success,2026-05-23 05:40:30.457457+00:00
e9b10e2b-02ca-4b76-a2a9-ee3634bec744,29d3d183-7773-4659-bf1d-244b3df64c53,e2cb2852-dd2e-4444-8b15-956ef358e26f,ea9d6368-c6f5-44d2-b2ec-e7cc5eee0435,2020.37,INR,success,2026-05-31 04:56:45.128929+00:00
6b029232-29ba-41e2-9324-eda2d284071c,b579cce1-11f4-4ec1-976c-8ee6b3bb71f6,a83e7142-1b7d-4b35-aca7-b072db273ebd,689df66d-ad62-4e1e-8170-9bce45ad194c,3337.36,INR,success,2026-05-22 22:13:52.260853+00:00
2b72da99-d97f-40d5-ae49-8c6d6b41ff3c,d8ff697f-3407-45e9-a55b-b59801933449,ec4b035b-120a-4c90-88c6-1734ce1feef6,65a097ca-1c48-444d-a9de-5e957b210b95,4670.09,INR,success,2026-05-21 03:36:38.414512+00:00
5785e5a5-4635-4115-ae91-0e8f1d399e8b,d8ff697f-3407-45e9-a55b-b59801933449,ec4b035b-120a-4c90-88c6-1734ce1feef6,65a097ca-1c48-444d-a9de-5e957b210b95,2051.54,INR,success,2026-05-28 06:31:41.620647+00:00
4eeff9e7-5dca-4abe-a5e7-3e1cfa3293fb,d8ff697f-3407-45e9-a55b-b59801933449,ec4b035b-120a-4c90-88c6-1734ce1feef6,65a097ca-1c48-444d-a9de-5e957b210b95,3346.83,INR,success,2026-05-30 17:18:49.196526+00:00
2ecd6ea9-c3dc-4a7a-a2b4-4ca8de2a467f,e599082e-d112-488c-a396-5d00fd7b3c47,4e526bf0-7114-4f21-9c0a-4a24be7a122a,9f360354-7ec0-40f3-8c49-67d735f05ce8,3080.9,INR,success,2026-05-07 12:21:19.647873+00:00
f1be2a48-e669-4c63-83be-d1a5c0799271,e599082e-d112-488c-a396-5d00fd7b3c47,4e526bf0-7114-4f21-9c0a-4a24be7a122a,9f360354-7ec0-40f3-8c49-67d735f05ce8,6126.18,INR,success,2026-05-07 21:23:57.809441+00:00
2e600aa4-c787-4fe8-abbc-3aafb91ca9a3,e599082e-d112-488c-a396-5d00fd7b3c47,4e526bf0-7114-4f21-9c0a-4a24be7a122a,9f360354-7ec0-40f3-8c49-67d735f05ce8,5467.92,INR,success,2026-05-08 20:53:20.838967+00:00
b21b6280-43e8-421b-92e2-964a9371ecce,e599082e-d112-488c-a396-5d00fd7b3c47,4e526bf0-7114-4f21-9c0a-4a24be7a122a,9f360354-7ec0-40f3-8c49-67d735f05ce8,3191.53,INR,success,2026-05-09 08:26:13.595838+00:00
4e890967-dbaf-4378-98ac-2608c3e0f25c,6ae68bf6-d142-4222-a7ff-e3099d3353bc,1f219cb6-70e0-4849-82fc-e771664481a1,91907409-56c6-440b-a342-dc50a96017df,3009.78,INR,success,2026-04-21 22:30:57.906541+00:00
4ea45434-49e4-441c-90dc-96f77223f0af,6ae68bf6-d142-4222-a7ff-e3099d3353bc,1f219cb6-70e0-4849-82fc-e771664481a1,91907409-56c6-440b-a342-dc50a96017df,4549.45,INR,success,2026-04-24 07:52:09.456914+00:00
6f5a12e3-754e-49a6-b9d8-91ab647b66bb,6ae68bf6-d142-4222-a7ff-e3099d3353bc,1f219cb6-70e0-4849-82fc-e771664481a1,91907409-56c6-440b-a342-dc50a96017df,3890.61,INR,success,2026-04-30 01:01:05.304391+00:00
d7436a19-a023-4844-9e1a-6ac5dedb94f5,6ae68bf6-d142-4222-a7ff-e3099d3353bc,1f219cb6-70e0-4849-82fc-e771664481a1,91907409-56c6-440b-a342-dc50a96017df,2170.29,INR,success,2026-05-19 08:12:07.474121+00:00
c901f603-69fb-4c03-b3d7-2ca5f2a127cf,6ae68bf6-d142-4222-a7ff-e3099d3353bc,1f219cb6-70e0-4849-82fc-e771664481a1,91907409-56c6-440b-a342-dc50a96017df,6404.82,INR,success,2026-05-19 20:58:32.793570+00:00
2a6b049e-7d39-4935-a55d-1147901bf7f0,b60bee19-d020-482c-98c6-0500960adc02,24f70673-5c05-4ce9-832a-7bd91ebeaf7e,09a35711-bbdf-47f9-9556-18b784d35bdb,21.13,INR,success,2026-05-09 19:16:14.049451+00:00
4f1b20cb-5cd2-4f9a-a559-eb2a48504aab,b60bee19-d020-482c-98c6-0500960adc02,24f70673-5c05-4ce9-832a-7bd91ebeaf7e,09a35711-bbdf-47f9-9556-18b784d35bdb,512.2,INR,success,2026-05-20 14:40:47.258620+00:00
7fcb4639-0373-4b5d-98fe-686ea2e43d18,b60bee19-d020-482c-98c6-0500960adc02,24f70673-5c05-4ce9-832a-7bd91ebeaf7e,09a35711-bbdf-47f9-9556-18b784d35bdb,527.62,INR,success,2026-05-23 04:42:43.481565+00:00
32a5385a-0477-44d7-aab1-6d19a45d275e,b60bee19-d020-482c-98c6-0500960adc02,24f70673-5c05-4ce9-832a-7bd91ebeaf7e,09a35711-bbdf-47f9-9556-18b784d35bdb,10.0,INR,success,2026-05-29 12:51:33.877492+00:00
baa9e319-9dd0-48a2-803f-6dc28d52dbf4,b60bee19-d020-482c-98c6-0500960adc02,24f70673-5c05-4ce9-832a-7bd91ebeaf7e,09a35711-bbdf-47f9-9556-18b784d35bdb,543.81,INR,success,2026-05-30 20:14:26.886149+00:00
f8f23ed4-21f6-4161-ae86-fd81dc230e01,fdc4d0ce-9c18-4227-b675-84688fe8bef2,dde2e836-451d-43f3-b5be-679a0b158f85,28b7b093-7009-4628-ba57-4a4fa3153848,1717.58,INR,success,2026-04-19 10:28:04.486679+00:00
c5f173d5-df72-4519-afbf-e734b9df3ec7,fdc4d0ce-9c18-4227-b675-84688fe8bef2,dde2e836-451d-43f3-b5be-679a0b158f85,28b7b093-7009-4628-ba57-4a4fa3153848,10.0,INR,success,2026-05-24 03:58:14.904788+00:00
fe2972c5-9c60-4910-85f1-a9d6a984f7e3,41ebafc7-a924-4542-8920-879cb1148dd2,f9b2da80-923e-41b3-a9dc-271892cf28e1,387ad87e-474f-490e-8b45-e23fba71996b,3556.91,INR,success,2026-04-30 03:48:39.567013+00:00
10f82297-c044-44d8-8916-d684ef830864,41ebafc7-a924-4542-8920-879cb1148dd2,f9b2da80-923e-41b3-a9dc-271892cf28e1,387ad87e-474f-490e-8b45-e23fba71996b,3620.35,INR,success,2026-05-22 09:10:30.974855+00:00
1a954649-5c3c-455c-950e-ecf9f15ab638,41ebafc7-a924-4542-8920-879cb1148dd2,f9b2da80-923e-41b3-a9dc-271892cf28e1,387ad87e-474f-490e-8b45-e23fba71996b,4131.37,INR,success,2026-05-24 00:27:45.048492+00:00
01f7ed80-ae3e-45a5-8269-cd0295f7ae8a,c52c675e-82a8-46df-880d-fd40652e7d5a,3e0c5b5e-cf2b-446c-a4b8-48331ef11834,94a15523-ec46-4b4a-afc6-1d0b2a22050d,3312.62,INR,success,2026-05-16 14:24:10.631603+00:00
bd2ab9b9-5708-4f73-80bf-adc5bd7d9589,c52c675e-82a8-46df-880d-fd40652e7d5a,3e0c5b5e-cf2b-446c-a4b8-48331ef11834,94a15523-ec46-4b4a-afc6-1d0b2a22050d,3439.52,INR,success,2026-05-16 20:29:36.201329+00:00
2619da55-76e9-47f8-9c1e-62102c785def,c52c675e-82a8-46df-880d-fd40652e7d5a,3e0c5b5e-cf2b-446c-a4b8-48331ef11834,94a15523-ec46-4b4a-afc6-1d0b2a22050d,5590.92,INR,success,2026-05-22 22:06:43.791117+00:00
0ae251cc-d19d-470b-a863-6f971858f930,c52c675e-82a8-46df-880d-fd40652e7d5a,3e0c5b5e-cf2b-446c-a4b8-48331ef11834,94a15523-ec46-4b4a-afc6-1d0b2a22050d,2508.13,INR,success,2026-05-31 03:31:45.407448+00:00
19df3530-d598-40f3-baec-26402a70eec4,c52c675e-82a8-46df-880d-fd40652e7d5a,3e0c5b5e-cf2b-446c-a4b8-48331ef11834,94a15523-ec46-4b4a-afc6-1d0b2a22050d,5509.5,INR,success,2026-05-31 17:02:07.202844+00:00
1d7cd8b0-6b9a-4537-9156-2cf3ed91d33e,a3dbeacb-0cea-45af-a50d-b795f840d02c,7ff77a59-05e2-4c28-89a9-6049f7d804ea,c9bbbea8-a6de-4efd-8094-d798c1112484,795.25,INR,success,2026-05-20 03:04:17.031208+00:00
66705077-f1f8-48ea-a684-3dba7b0a9359,0426c4fc-4602-4d1b-8c2a-8205562f37c0,c6e514ce-3241-4f3d-83da-9e00a6fad9e2,2a3d277b-08d3-4faf-8598-c31453e1ce27,2943.29,INR,success,2026-05-07 01:09:39.220882+00:00
6c65ddc6-d501-41ea-b9e3-6b313c0665cc,0426c4fc-4602-4d1b-8c2a-8205562f37c0,c6e514ce-3241-4f3d-83da-9e00a6fad9e2,2a3d277b-08d3-4faf-8598-c31453e1ce27,1428.79,INR,success,2026-05-12 04:33:30.066864+00:00
21de3f61-621c-463a-856b-a8d8b2f12fb9,0426c4fc-4602-4d1b-8c2a-8205562f37c0,c6e514ce-3241-4f3d-83da-9e00a6fad9e2,2a3d277b-08d3-4faf-8598-c31453e1ce27,1431.0,INR,success,2026-05-14 00:57:22.148752+00:00
2a092d7a-317b-4181-976d-74d2559a319a,0426c4fc-4602-4d1b-8c2a-8205562f37c0,c6e514ce-3241-4f3d-83da-9e00a6fad9e2,2a3d277b-08d3-4faf-8598-c31453e1ce27,2801.97,INR,success,2026-05-16 17:26:50.432711+00:00
6b3f1fc9-49ce-4950-a823-cbea6415f12a,0426c4fc-4602-4d1b-8c2a-8205562f37c0,c6e514ce-3241-4f3d-83da-9e00a6fad9e2,2a3d277b-08d3-4faf-8598-c31453e1ce27,1983.26,INR,success,2026-05-19 13:26:38.430265+00:00
34d4498d-b0d1-4d62-8da4-7fc5e89ecb92,474d00b1-d642-4e68-bf9e-eafb42d3cb6a,40e4b028-03fd-4e6f-9751-1771b06d3fc6,cbb3f9ff-4009-4bb7-bda7-128145ab8b7b,630.14,INR,success,2026-05-27 04:20:52.475882+00:00
a77c79e6-b346-4d07-9ce3-1dea4cad4dff,474d00b1-d642-4e68-bf9e-eafb42d3cb6a,40e4b028-03fd-4e6f-9751-1771b06d3fc6,cbb3f9ff-4009-4bb7-bda7-128145ab8b7b,755.39,INR,success,2026-05-29 03:32:17.761280+00:00
0f9c178f-66b4-468c-9571-3add32efbc39,474d00b1-d642-4e68-bf9e-eafb42d3cb6a,40e4b028-03fd-4e6f-9751-1771b06d3fc6,cbb3f9ff-4009-4bb7-bda7-128145ab8b7b,311.97,INR,success,2026-05-31 21:31:05.457243+00:00
f8e4ca03-5cfd-47d3-91ca-46ecc0e6cae2,b5895198-3aaa-4c74-84b4-1ad032ced773,cb2dd20f-3fa6-463e-b29e-9cdef3300083,aff49de0-8eaf-4988-9804-9fe471aad4a1,2642.51,INR,success,2026-04-01 21:10:54.298659+00:00
a20c3125-7e86-4793-8743-59b251e9827f,b5895198-3aaa-4c74-84b4-1ad032ced773,cb2dd20f-3fa6-463e-b29e-9cdef3300083,aff49de0-8eaf-4988-9804-9fe471aad4a1,2525.56,INR,success,2026-05-12 18:10:04.601190+00:00
cdb45fb4-9060-455b-9609-ec909c22ae15,b5895198-3aaa-4c74-84b4-1ad032ced773,cb2dd20f-3fa6-463e-b29e-9cdef3300083,aff49de0-8eaf-4988-9804-9fe471aad4a1,2087.97,INR,success,2026-05-17 15:30:41.099717+00:00
cdf2eead-0570-4c61-a446-8295e2a3ec95,b5895198-3aaa-4c74-84b4-1ad032ced773,cb2dd20f-3fa6-463e-b29e-9cdef3300083,aff49de0-8eaf-4988-9804-9fe471aad4a1,2229.67,INR,success,2026-05-18 17:14:44.264260+00:00
5e56c212-239b-422e-9f6f-3331b745152f,b5895198-3aaa-4c74-84b4-1ad032ced773,cb2dd20f-3fa6-463e-b29e-9cdef3300083,aff49de0-8eaf-4988-9804-9fe471aad4a1,2446.78,INR,success,2026-05-24 16:33:29.000585+00:00
dddabbee-434d-4f8f-845b-079d6ce2fc59,45fa22ee-9fbe-43b6-9339-36462d3c9707,6b3be6ba-e5e7-4027-815d-96d9a10d04d2,fb9ed25c-958b-437e-aa45-9571969ce02c,626.85,INR,success,2026-05-23 08:36:39.966214+00:00
824a8650-349e-479e-b8ce-4638ed26f7d4,45fa22ee-9fbe-43b6-9339-36462d3c9707,6b3be6ba-e5e7-4027-815d-96d9a10d04d2,fb9ed25c-958b-437e-aa45-9571969ce02c,268.92,INR,success,2026-05-26 14:57:09.985965+00:00
29b055dc-989a-40cf-9176-788c87ab0e6a,3465f547-fc5b-45a0-844c-d5bd1ee9b126,5267b03d-df7b-48f3-b155-7b3a9ff26e0b,bf34fb00-692c-4ea5-a44b-8023f4ee7d2f,2562.05,INR,success,2026-03-22 06:05:15.257852+00:00
c93d44b1-c61f-4fe5-9991-83fb26f73e2c,3465f547-fc5b-45a0-844c-d5bd1ee9b126,5267b03d-df7b-48f3-b155-7b3a9ff26e0b,bf34fb00-692c-4ea5-a44b-8023f4ee7d2f,1797.47,INR,success,2026-04-10 07:50:17.398690+00:00
8ee11c57-7105-400c-94e4-350f4f9ab9ef,3465f547-fc5b-45a0-844c-d5bd1ee9b126,5267b03d-df7b-48f3-b155-7b3a9ff26e0b,bf34fb00-692c-4ea5-a44b-8023f4ee7d2f,2456.46,INR,success,2026-04-11 14:45:17.423269+00:00
ee5a0484-61ee-4889-8f91-305d95394b41,3465f547-fc5b-45a0-844c-d5bd1ee9b126,5267b03d-df7b-48f3-b155-7b3a9ff26e0b,bf34fb00-692c-4ea5-a44b-8023f4ee7d2f,5391.95,INR,success,2026-04-15 00:21:06.466269+00:00
476300e0-0009-46a2-98b6-246a4aecfbbc,3465f547-fc5b-45a0-844c-d5bd1ee9b126,5267b03d-df7b-48f3-b155-7b3a9ff26e0b,bf34fb00-692c-4ea5-a44b-8023f4ee7d2f,5370.08,INR,success,2026-04-18 10:10:04.082804+00:00
3839984d-2bbc-4ad8-8424-cbb831572987,48791a78-17db-4548-b252-32527856f8be,b2d662ad-1ac4-4f64-9d79-7d3c2ed3ca12,5af827fc-3da7-44d3-a171-1873b4a23e38,1603.46,INR,success,2026-05-29 02:41:51.243411+00:00
eb51b50f-4ec1-4bde-a78b-a1bb481f9f11,a10b01d5-e4fd-4419-b4d6-15e451578244,7fc972ad-7567-4be5-9df3-284c2f1639e7,1c189995-1ce2-4319-8e45-1ca985dec36e,3422.36,INR,success,2026-03-20 09:01:56.300379+00:00
91100643-2ddb-448d-a9cf-ff259c7d9733,a10b01d5-e4fd-4419-b4d6-15e451578244,7fc972ad-7567-4be5-9df3-284c2f1639e7,1c189995-1ce2-4319-8e45-1ca985dec36e,2844.85,INR,success,2026-03-29 09:17:28.242039+00:00
2b47fd46-0130-4f62-b9d4-1fca7c78cbc6,a10b01d5-e4fd-4419-b4d6-15e451578244,7fc972ad-7567-4be5-9df3-284c2f1639e7,1c189995-1ce2-4319-8e45-1ca985dec36e,848.65,INR,success,2026-04-22 16:31:53.882901+00:00
c16c4a8d-4ef5-4859-87a8-89bf7b8f6c46,a10b01d5-e4fd-4419-b4d6-15e451578244,7fc972ad-7567-4be5-9df3-284c2f1639e7,1c189995-1ce2-4319-8e45-1ca985dec36e,1714.14,INR,success,2026-05-12 10:27:02.882857+00:00
8454739b-f5bf-416f-aa4c-c2bdf5886069,a10b01d5-e4fd-4419-b4d6-15e451578244,7fc972ad-7567-4be5-9df3-284c2f1639e7,1c189995-1ce2-4319-8e45-1ca985dec36e,2651.98,INR,success,2026-05-24 23:36:27.505925+00:00
6dba4094-d242-4529-8826-8507383f387b,14a84081-1cf8-4afa-94a4-1a91f3ed9e10,d8325e9d-6b37-48ca-9590-b2456707bdb7,64b58c97-1799-4aab-9c24-72a60af5953d,4793.16,INR,success,2026-03-30 00:02:30.334642+00:00
3d39f73d-8c36-4586-a620-df7d6b140e9a,14a84081-1cf8-4afa-94a4-1a91f3ed9e10,d8325e9d-6b37-48ca-9590-b2456707bdb7,64b58c97-1799-4aab-9c24-72a60af5953d,2769.89,INR,success,2026-05-07 20:25:47.926219+00:00
9726ec67-3a15-456e-8485-0c892d66d070,14a84081-1cf8-4afa-94a4-1a91f3ed9e10,d8325e9d-6b37-48ca-9590-b2456707bdb7,64b58c97-1799-4aab-9c24-72a60af5953d,1777.32,INR,success,2026-05-20 04:29:59.056278+00:00
daba6430-1072-4009-89c5-2253fe294669,14a84081-1cf8-4afa-94a4-1a91f3ed9e10,d8325e9d-6b37-48ca-9590-b2456707bdb7,64b58c97-1799-4aab-9c24-72a60af5953d,3285.61,INR,success,2026-05-28 02:43:34.159807+00:00
f7baffce-ac92-4c97-902f-5c2b886df0d8,e75c4e8b-e3ac-42af-a062-d61e08532139,24639b95-53e8-4bc9-988f-a6192c8673e5,db457a02-ca78-4989-ae62-30d1357814fd,1906.38,INR,success,2026-05-27 07:27:26.715325+00:00
09c943c9-3fe1-4feb-90fe-9d9a480032a5,e75c4e8b-e3ac-42af-a062-d61e08532139,24639b95-53e8-4bc9-988f-a6192c8673e5,db457a02-ca78-4989-ae62-30d1357814fd,3696.45,INR,success,2026-05-31 09:25:38.147675+00:00
ee18d868-9c8e-4a4e-9a54-a78b00088950,27957b39-961a-41bb-8c07-7b80c8cd8f57,1e56b785-a90b-46cb-abb5-c7e62aa203fb,15657ff0-fe2c-4842-9ecd-b50ab69aec86,2975.25,INR,success,2026-05-12 06:47:39.880409+00:00
2aa74d1a-2e21-4902-b807-e1f3a79f36aa,27957b39-961a-41bb-8c07-7b80c8cd8f57,1e56b785-a90b-46cb-abb5-c7e62aa203fb,15657ff0-fe2c-4842-9ecd-b50ab69aec86,1584.75,INR,success,2026-05-29 10:17:38.449297+00:00
1dd50783-d988-45d4-9a64-e2990e44f852,f66263df-83f0-41ac-8c93-2919be4ea308,3af6e417-572f-4ed7-af7c-526c838cd958,662c71ce-6000-4c11-a83d-1d6abaa74abf,1768.57,INR,success,2026-04-29 03:23:49.028588+00:00
3027d90f-952f-4a67-a480-45cd0e15c833,f66263df-83f0-41ac-8c93-2919be4ea308,3af6e417-572f-4ed7-af7c-526c838cd958,662c71ce-6000-4c11-a83d-1d6abaa74abf,825.49,INR,success,2026-05-06 21:44:14.206185+00:00
46f1b074-258c-47c8-a091-3c47d803c08f,f66263df-83f0-41ac-8c93-2919be4ea308,3af6e417-572f-4ed7-af7c-526c838cd958,662c71ce-6000-4c11-a83d-1d6abaa74abf,978.94,INR,success,2026-05-09 11:50:04.485463+00:00
002f332c-6f9b-44b9-8267-c0371e914d43,3b8cd060-e594-4878-a32f-f55d1225a3bf,786c9046-cf3f-4c03-942e-0a386a606466,ef75cfd6-1fa0-4036-99a6-9ead2f2cce6d,291.88,INR,success,2026-05-08 11:16:28.162061+00:00
a147e16a-610d-4a01-b09f-e7d0646b7c04,e3ca85dd-28b6-4a65-bc63-5df3feefd63f,b4a46dcb-033a-4ece-8ac2-fc6b4b868b7e,1a0413c5-a705-417d-bbdf-a70e9e1b4b53,637.61,INR,success,2026-05-18 02:17:50.040381+00:00
8445a7d2-7375-4ab6-9894-08c489ed8f95,e3ca85dd-28b6-4a65-bc63-5df3feefd63f,b4a46dcb-033a-4ece-8ac2-fc6b4b868b7e,1a0413c5-a705-417d-bbdf-a70e9e1b4b53,2158.5,INR,success,2026-05-18 03:04:42.719820+00:00
6cae4715-670a-48bb-b852-9995e1624035,e3ca85dd-28b6-4a65-bc63-5df3feefd63f,b4a46dcb-033a-4ece-8ac2-fc6b4b868b7e,1a0413c5-a705-417d-bbdf-a70e9e1b4b53,2229.98,INR,success,2026-05-18 05:05:53.364830+00:00
33997f1a-67a4-4a73-917b-79a8db0c3f93,991df521-3361-4755-a952-3e3c9ade7624,fd38a83f-7abb-4c00-91f2-8b5b3b8087cf,577b3b4b-086b-434b-b9c3-6ea283549feb,2321.28,INR,success,2026-05-08 07:41:20.166500+00:00
428ebc2c-d2d0-482f-af5f-e928d6f09756,7a45e35c-2d23-4561-a384-7266fc80efd5,5debe79b-9652-4b58-ae5a-43fe738d9a3b,be674310-d1fb-4411-8048-1eab583b742f,2843.53,INR,success,2026-04-04 00:39:50.385630+00:00
2a62fbb3-e2a7-41b9-9e6f-0c780a7d899d,7a45e35c-2d23-4561-a384-7266fc80efd5,5debe79b-9652-4b58-ae5a-43fe738d9a3b,be674310-d1fb-4411-8048-1eab583b742f,2597.43,INR,success,2026-04-04 06:55:03.243157+00:00
a21088af-da63-4e74-a238-552b2714cbc0,7a45e35c-2d23-4561-a384-7266fc80efd5,5debe79b-9652-4b58-ae5a-43fe738d9a3b,be674310-d1fb-4411-8048-1eab583b742f,4202.3,INR,success,2026-04-10 23:15:43.271255+00:00
541b7aa6-42cf-4cf6-997f-7b43773fbe37,7a45e35c-2d23-4561-a384-7266fc80efd5,5debe79b-9652-4b58-ae5a-43fe738d9a3b,be674310-d1fb-4411-8048-1eab583b742f,2578.64,INR,success,2026-04-18 08:47:59.598512+00:00
c3aa88a3-0bc5-41c5-90d4-4e414d499d1d,7a45e35c-2d23-4561-a384-7266fc80efd5,5debe79b-9652-4b58-ae5a-43fe738d9a3b,be674310-d1fb-4411-8048-1eab583b742f,5473.73,INR,success,2026-05-16 07:55:03.601313+00:00
09e54648-8fa4-4869-bbb5-873713718c4b,ea07666b-d3b2-477b-8506-a9ba09bf650d,f6c449d0-3dfb-4be8-b223-174126659d1e,ffa6b93b-7736-48d5-9d26-3b3fb5b4ef95,1756.57,INR,success,2026-04-06 23:57:36.345166+00:00
2080cf9d-73af-46d4-8870-2bc58c111ea9,ea07666b-d3b2-477b-8506-a9ba09bf650d,f6c449d0-3dfb-4be8-b223-174126659d1e,ffa6b93b-7736-48d5-9d26-3b3fb5b4ef95,2589.57,INR,success,2026-04-28 20:17:07.382173+00:00
c4fcc7e2-526e-4a47-aa74-d682486e169c,ea07666b-d3b2-477b-8506-a9ba09bf650d,f6c449d0-3dfb-4be8-b223-174126659d1e,ffa6b93b-7736-48d5-9d26-3b3fb5b4ef95,2330.83,INR,success,2026-05-17 20:16:20.710470+00:00
a036049a-32f8-48af-a85e-4d989caf6e7c,ea07666b-d3b2-477b-8506-a9ba09bf650d,f6c449d0-3dfb-4be8-b223-174126659d1e,ffa6b93b-7736-48d5-9d26-3b3fb5b4ef95,4240.17,INR,success,2026-05-22 18:41:45.495789+00:00
085f9e47-5ac9-4469-8b7c-2781777474f1,76fa0c6b-840f-4a6b-b585-757eb0deddd3,eb2673c6-93de-4384-be52-904eb39123b1,b40ee64d-7580-4cd4-95fe-4cf2a7ad3c70,381.26,INR,success,2026-05-30 01:03:47.683608+00:00
ca4e2101-eec7-4721-ba36-57f3a9e58b6b,76fa0c6b-840f-4a6b-b585-757eb0deddd3,eb2673c6-93de-4384-be52-904eb39123b1,b40ee64d-7580-4cd4-95fe-4cf2a7ad3c70,206.71,INR,success,2026-05-31 01:58:35.603044+00:00
ba54e650-7930-45b0-bc3a-1c6448ae02f5,76fa0c6b-840f-4a6b-b585-757eb0deddd3,eb2673c6-93de-4384-be52-904eb39123b1,b40ee64d-7580-4cd4-95fe-4cf2a7ad3c70,701.88,INR,success,2026-05-31 13:44:06.764006+00:00
04e8bec5-29af-4f34-b50a-47eb3a7b45c5,b80dafda-ded4-4280-a3da-80a25496faab,0c6a4fd2-2918-429a-a29d-ecacfb76f04c,c8341ef0-4c07-4160-8065-3e3e1c9d40da,3197.59,INR,success,2026-04-30 05:08:42.068631+00:00
649d3ea1-fc08-45e3-8a44-e9efe30aede6,0a3f4f7a-0685-4b52-a6f4-5abc77c867eb,f5f8e674-34e6-422d-98b0-0b332455c4f7,ec9d4507-2286-4d69-9d74-525b4452b3d0,1710.19,INR,success,2026-04-28 02:29:17.591088+00:00
95768f64-83a6-40ba-bab3-d533f231eb0a,0a3f4f7a-0685-4b52-a6f4-5abc77c867eb,f5f8e674-34e6-422d-98b0-0b332455c4f7,ec9d4507-2286-4d69-9d74-525b4452b3d0,2269.94,INR,success,2026-05-12 10:52:50.522562+00:00
f9b57144-4d40-4e6f-94f7-ba8e0be5dbb6,b3e70fe3-16ab-405d-b03f-5086107ac238,8299fc66-bd14-4b77-af7a-294803d833f1,ffe053b1-a03f-4bb5-ae02-8b8ef215ac11,10.0,INR,success,2026-05-22 20:04:33.962232+00:00
7ac3de50-57ae-4920-9d5c-cbe68de8fc73,b3e70fe3-16ab-405d-b03f-5086107ac238,8299fc66-bd14-4b77-af7a-294803d833f1,ffe053b1-a03f-4bb5-ae02-8b8ef215ac11,374.6,INR,success,2026-05-23 18:49:17.013549+00:00
f8786f0e-6b14-49c9-8a30-f0b638c35b6e,b3e70fe3-16ab-405d-b03f-5086107ac238,8299fc66-bd14-4b77-af7a-294803d833f1,ffe053b1-a03f-4bb5-ae02-8b8ef215ac11,616.97,INR,success,2026-05-23 20:33:45.483991+00:00
18f74c85-c73a-4c38-ad7a-05cc98a26192,b3e70fe3-16ab-405d-b03f-5086107ac238,8299fc66-bd14-4b77-af7a-294803d833f1,ffe053b1-a03f-4bb5-ae02-8b8ef215ac11,282.59,INR,success,2026-05-24 22:26:43.753220+00:00
59b415e1-7a05-497b-ad17-df9d69e0fb7b,b3e70fe3-16ab-405d-b03f-5086107ac238,8299fc66-bd14-4b77-af7a-294803d833f1,ffe053b1-a03f-4bb5-ae02-8b8ef215ac11,779.89,INR,success,2026-05-31 04:15:16.590021+00:00
80e18e68-cfda-4c48-8139-e302405602cb,ba3d96cb-3e7d-4092-a8b4-fbcf62c8ece8,42030274-15b6-4af3-94d5-2749d8fb4024,0d581348-9874-45fe-ae83-b9b2dba1c566,2145.34,INR,success,2026-03-25 21:28:47.244588+00:00
ea5fd800-b688-4ad3-991d-bc373a49a38c,ba3d96cb-3e7d-4092-a8b4-fbcf62c8ece8,42030274-15b6-4af3-94d5-2749d8fb4024,0d581348-9874-45fe-ae83-b9b2dba1c566,2676.63,INR,success,2026-04-02 22:11:08.121551+00:00
2161dfcd-6f8c-4214-9e01-6bfa54daadca,ba3d96cb-3e7d-4092-a8b4-fbcf62c8ece8,42030274-15b6-4af3-94d5-2749d8fb4024,0d581348-9874-45fe-ae83-b9b2dba1c566,1602.66,INR,success,2026-05-21 09:26:39.799421+00:00
919541de-2bc3-4d52-9538-beba1c6b4b80,796b04fd-caf7-43b7-a93f-d20154873f46,aeb4292d-cc6a-44e9-b367-65f71abc49d2,58a3e3d0-863e-4da5-ad5a-9557bb852a61,3645.24,INR,success,2026-04-30 03:56:27.983624+00:00
acb4bf65-c487-425c-9da6-27bb99004ad5,796b04fd-caf7-43b7-a93f-d20154873f46,aeb4292d-cc6a-44e9-b367-65f71abc49d2,58a3e3d0-863e-4da5-ad5a-9557bb852a61,371.83,INR,success,2026-05-03 18:44:49.176983+00:00
24294f7b-2acb-47b6-9851-738d4b0652a1,796b04fd-caf7-43b7-a93f-d20154873f46,aeb4292d-cc6a-44e9-b367-65f71abc49d2,58a3e3d0-863e-4da5-ad5a-9557bb852a61,1685.69,INR,success,2026-05-08 00:44:29.482058+00:00
7c1f2af1-47ab-4d8b-b2cd-1bea9fd2a081,796b04fd-caf7-43b7-a93f-d20154873f46,aeb4292d-cc6a-44e9-b367-65f71abc49d2,58a3e3d0-863e-4da5-ad5a-9557bb852a61,6749.83,INR,success,2026-05-23 02:13:52.924135+00:00
2871b696-66e3-41d8-a7fe-0b7b8bd67197,796b04fd-caf7-43b7-a93f-d20154873f46,aeb4292d-cc6a-44e9-b367-65f71abc49d2,58a3e3d0-863e-4da5-ad5a-9557bb852a61,5521.41,INR,success,2026-05-29 08:19:56.550414+00:00
1d4fdc47-45c4-4913-b5a3-c414e3f8ddb4,1019f8d0-4d69-434c-96f8-097f1a3cd134,93c19b4e-9d0f-41ca-bfad-b60ef3e3a222,1b830171-7794-4974-bda5-a4820c02b512,840.29,INR,success,2026-05-18 05:57:45.501202+00:00
73dfe2ff-93bb-4ba7-b85c-7fc6092c26e8,1019f8d0-4d69-434c-96f8-097f1a3cd134,93c19b4e-9d0f-41ca-bfad-b60ef3e3a222,1b830171-7794-4974-bda5-a4820c02b512,649.21,INR,success,2026-05-27 22:18:58.944955+00:00
2962628c-5f7f-405a-a1b9-79ff25b7967f,38caffa9-46c9-43d0-8ff7-dfd2675dbd49,201c5e22-25d7-4c3e-8312-b24044f063fe,1193cb61-abd6-4ff8-a2ae-2c34975959a8,4975.47,INR,success,2026-04-03 05:13:27.559288+00:00
84afbd18-c2a6-454a-9bdb-a5ad8ad36e2a,38caffa9-46c9-43d0-8ff7-dfd2675dbd49,201c5e22-25d7-4c3e-8312-b24044f063fe,1193cb61-abd6-4ff8-a2ae-2c34975959a8,2918.95,INR,success,2026-04-18 22:39:56.244537+00:00
e23985d5-50d2-46cb-bd5a-60d6b368fe05,38caffa9-46c9-43d0-8ff7-dfd2675dbd49,201c5e22-25d7-4c3e-8312-b24044f063fe,1193cb61-abd6-4ff8-a2ae-2c34975959a8,345.42,INR,success,2026-04-27 13:51:38.663595+00:00
179563a4-59d4-4579-b99a-5809da4e0f0d,38caffa9-46c9-43d0-8ff7-dfd2675dbd49,201c5e22-25d7-4c3e-8312-b24044f063fe,1193cb61-abd6-4ff8-a2ae-2c34975959a8,3457.73,INR,success,2026-05-26 07:30:49.497798+00:00
58f34e27-8acb-4a3f-9d9e-572d62d7a0a8,38caffa9-46c9-43d0-8ff7-dfd2675dbd49,201c5e22-25d7-4c3e-8312-b24044f063fe,1193cb61-abd6-4ff8-a2ae-2c34975959a8,6975.03,INR,success,2026-05-30 05:44:56.174764+00:00
02b7ef9f-e3c4-4edd-bf66-222ac4414da9,4748d42c-1dce-4482-b975-3663574224b7,ac8cff33-39f4-463e-bfaa-a523e5d9f092,29007f0f-5bae-4a18-a70b-a73b50d7e619,6209.51,INR,success,2026-05-25 13:17:08.035214+00:00
9685aa8b-a0ae-4632-b350-b6536ba18902,4748d42c-1dce-4482-b975-3663574224b7,ac8cff33-39f4-463e-bfaa-a523e5d9f092,29007f0f-5bae-4a18-a70b-a73b50d7e619,5159.68,INR,success,2026-05-29 07:13:15.660441+00:00
132479b0-96e0-4e39-bb4d-024bba7d319f,e1c784e1-496f-4947-9400-ba0d70e3e1d5,8d096e80-a30f-4229-854b-9f552c3462e3,d9860de1-6223-4b7b-8630-36c5a8f1fd8e,5169.01,INR,success,2026-03-28 23:05:13.222401+00:00
1d5bb729-ec28-47b1-8e36-87bfa3f520bb,e1c784e1-496f-4947-9400-ba0d70e3e1d5,8d096e80-a30f-4229-854b-9f552c3462e3,d9860de1-6223-4b7b-8630-36c5a8f1fd8e,4115.79,INR,success,2026-05-01 07:05:47.078998+00:00
fb58156b-3810-4d92-8094-a4a6d9cb11c3,e1c784e1-496f-4947-9400-ba0d70e3e1d5,8d096e80-a30f-4229-854b-9f552c3462e3,d9860de1-6223-4b7b-8630-36c5a8f1fd8e,522.98,INR,success,2026-05-11 16:17:25.134028+00:00
4f336bee-6a3d-4a93-9b53-eb19e50382e4,e1c784e1-496f-4947-9400-ba0d70e3e1d5,8d096e80-a30f-4229-854b-9f552c3462e3,d9860de1-6223-4b7b-8630-36c5a8f1fd8e,3031.26,INR,success,2026-05-13 22:45:38.300117+00:00
ed230ae7-9065-4d66-aa37-13e2f97f6b9b,e1c784e1-496f-4947-9400-ba0d70e3e1d5,8d096e80-a30f-4229-854b-9f552c3462e3,d9860de1-6223-4b7b-8630-36c5a8f1fd8e,1856.4,INR,success,2026-05-15 10:40:34.842134+00:00
4b7a3977-9701-4318-8993-354aa8d58f5d,e0aa9dfa-b283-470e-83b5-4a8285e6f425,1f805c33-552c-45ca-9663-91746c8b1d0a,bc729f23-22b3-42b3-b1d3-4136d63f4766,1365.48,INR,success,2026-05-23 21:12:07.212221+00:00
e9cf25a1-87fa-4f82-a3ce-3e13973e16b3,6c5a3ba9-18ab-42f8-a4ea-90a5a1ce061f,1802c38f-bec4-486f-8eab-d668ecefef2b,0bd67463-5d64-4465-b5d0-34ef8cf6a635,5818.43,INR,success,2026-04-14 10:12:59.002473+00:00
aee68b5f-4c43-4100-aea5-fa0d05309cd1,6c5a3ba9-18ab-42f8-a4ea-90a5a1ce061f,1802c38f-bec4-486f-8eab-d668ecefef2b,0bd67463-5d64-4465-b5d0-34ef8cf6a635,2406.07,INR,success,2026-04-30 19:28:17.211342+00:00
ca328228-f1a4-4e44-968b-6a653f0eb1e8,9547cd24-4f66-4f2c-b116-45c9a9317efa,dc013132-782a-41be-8bac-d63c4d6bfb86,e774416c-0035-4bda-a2c5-b7ee7c2da6a3,1236.59,INR,success,2026-04-23 02:43:30.764003+00:00
b4abfe2a-9f70-4f41-bce7-ddf25b451cc1,6ee5a95b-09c4-4669-bf81-b3004db16193,948179f6-6d0c-4994-9a4a-024d1ea687aa,e9be630e-de71-4624-83d1-7b8a15062f0a,2514.5,INR,success,2026-03-19 04:58:44.869616+00:00
1ca74cf9-8138-4ab1-8aba-8eb695e7ce28,6ee5a95b-09c4-4669-bf81-b3004db16193,948179f6-6d0c-4994-9a4a-024d1ea687aa,e9be630e-de71-4624-83d1-7b8a15062f0a,1669.97,INR,success,2026-03-30 22:27:23.091302+00:00
60543abf-aa58-4f71-80cc-f46c976661c0,6ee5a95b-09c4-4669-bf81-b3004db16193,948179f6-6d0c-4994-9a4a-024d1ea687aa,e9be630e-de71-4624-83d1-7b8a15062f0a,1226.61,INR,success,2026-04-23 08:03:34.867877+00:00
cb253910-a2e3-4e05-a8b5-3669b0a08e35,2085e4d3-7eaf-41fa-95e3-7c66dfbb7bbb,ff52fa7c-c81e-4a44-96fe-57cf693fc783,8d794773-2ca8-4983-84e0-c270b9cd1ca7,2658.17,INR,success,2026-03-28 05:01:04.503028+00:00
89ab33a6-df2b-499e-87e5-4414a945b5a8,19b2137d-2671-4d0c-a1b3-5c0a7a377b42,975b843e-6fe3-4457-955c-b4903eca2039,06e1e05b-4ef4-484f-8f62-c28e88f8cc18,4598.75,INR,success,2026-03-27 16:09:55.791405+00:00
8f7b439a-4cdd-4d0d-9bef-7ac10a0bf032,19b2137d-2671-4d0c-a1b3-5c0a7a377b42,975b843e-6fe3-4457-955c-b4903eca2039,06e1e05b-4ef4-484f-8f62-c28e88f8cc18,3695.89,INR,success,2026-04-02 00:51:30.268485+00:00
89351f4c-619a-4637-8e13-507fa13a2e8d,19b2137d-2671-4d0c-a1b3-5c0a7a377b42,975b843e-6fe3-4457-955c-b4903eca2039,06e1e05b-4ef4-484f-8f62-c28e88f8cc18,4010.92,INR,success,2026-05-20 10:09:20.830765+00:00
22f3209a-dc89-4b96-8d1c-778bfdafb9d2,36e9bd8b-1805-4805-8f0d-741dffde3305,3333ea94-3419-4d7c-9ac4-617fb08973eb,245a7c02-7470-422d-8dde-474a2af77eec,2948.72,INR,success,2026-05-14 10:48:13.290969+00:00
6609fac6-d75a-4f30-8128-d39d9f976e31,36e9bd8b-1805-4805-8f0d-741dffde3305,3333ea94-3419-4d7c-9ac4-617fb08973eb,245a7c02-7470-422d-8dde-474a2af77eec,2907.84,INR,success,2026-05-29 01:57:29.411132+00:00
3d3fcd4b-0f60-45a6-9b7b-5926140c4693,36e9bd8b-1805-4805-8f0d-741dffde3305,3333ea94-3419-4d7c-9ac4-617fb08973eb,245a7c02-7470-422d-8dde-474a2af77eec,1192.21,INR,success,2026-05-31 04:16:42.579779+00:00
c4f2e13b-76ba-4823-b326-c1cf4673f6af,e6dc0055-14fc-4329-8e6b-b963349452b4,2ce0b7d7-f160-4ce6-bd44-e1ae3801835d,1076b5bb-9d60-4434-8782-49198faf8cf3,2427.55,INR,success,2026-03-19 16:40:06.862575+00:00
ae0bf8ec-8491-450f-9ed7-7d4371b7a049,e6dc0055-14fc-4329-8e6b-b963349452b4,2ce0b7d7-f160-4ce6-bd44-e1ae3801835d,1076b5bb-9d60-4434-8782-49198faf8cf3,3279.88,INR,success,2026-05-06 14:15:45.374335+00:00
5604f787-c1c6-4b63-b48e-334f1cf28a33,67996305-c806-4610-97ce-60e9500f1e1e,f6a93f76-b101-4792-abd6-efdb1f5c1e87,a4714e07-160e-4744-a859-fb7da8e28176,241.01,INR,success,2026-03-25 23:57:07.931307+00:00
b77a5112-7cc5-4c5c-92d0-566d0e87d513,67996305-c806-4610-97ce-60e9500f1e1e,f6a93f76-b101-4792-abd6-efdb1f5c1e87,a4714e07-160e-4744-a859-fb7da8e28176,838.34,INR,success,2026-03-30 09:03:44.247764+00:00
420a15c4-63dd-4335-9b32-499384afc9e5,67996305-c806-4610-97ce-60e9500f1e1e,f6a93f76-b101-4792-abd6-efdb1f5c1e87,a4714e07-160e-4744-a859-fb7da8e28176,656.97,INR,success,2026-04-01 12:11:32.051091+00:00
41123b98-4c2a-4020-ba89-5cca5084d3a8,67996305-c806-4610-97ce-60e9500f1e1e,f6a93f76-b101-4792-abd6-efdb1f5c1e87,a4714e07-160e-4744-a859-fb7da8e28176,365.32,INR,success,2026-04-24 14:49:06.472407+00:00
493dc062-45fb-408e-b24d-c1d1001df1d8,cfaca3e6-62ca-432f-b6c4-145dbf5ed4f3,91d3ac9f-97b6-48d5-afa6-7ae929022b16,8b52249f-a42e-4c8a-9598-19595d776f9c,2177.85,INR,success,2026-04-25 22:16:05.579652+00:00
6bd5cf9e-850c-4227-aaa0-5a1f56330d11,cfaca3e6-62ca-432f-b6c4-145dbf5ed4f3,91d3ac9f-97b6-48d5-afa6-7ae929022b16,8b52249f-a42e-4c8a-9598-19595d776f9c,3455.03,INR,success,2026-05-02 07:40:14.371053+00:00
c1d8e574-74fe-43d0-8282-8e3a6ee3ac19,cfaca3e6-62ca-432f-b6c4-145dbf5ed4f3,91d3ac9f-97b6-48d5-afa6-7ae929022b16,8b52249f-a42e-4c8a-9598-19595d776f9c,2093.09,INR,success,2026-05-09 00:12:30.494945+00:00
88d49bc1-5a4e-4ce2-aa0e-ef782764fb33,cfaca3e6-62ca-432f-b6c4-145dbf5ed4f3,91d3ac9f-97b6-48d5-afa6-7ae929022b16,8b52249f-a42e-4c8a-9598-19595d776f9c,3325.06,INR,success,2026-05-13 07:52:00.116503+00:00
74d61b6e-4ea3-4256-9a0d-e35abc15efa8,cd5504f7-d89c-47f0-8ea0-84c203fd2661,fca4a810-a00b-41cf-9b08-08c804d7b584,655d6e5e-598d-46c5-91c9-c03131d6bbdf,3902.25,INR,success,2026-05-03 17:15:49.976217+00:00
baa3995d-35d8-4cc9-bcab-666fa1d40dda,cd5504f7-d89c-47f0-8ea0-84c203fd2661,fca4a810-a00b-41cf-9b08-08c804d7b584,655d6e5e-598d-46c5-91c9-c03131d6bbdf,4253.12,INR,success,2026-05-08 04:50:57.989680+00:00
5c9eb46b-55bd-42df-a92d-cf636f650d0f,cd5504f7-d89c-47f0-8ea0-84c203fd2661,fca4a810-a00b-41cf-9b08-08c804d7b584,655d6e5e-598d-46c5-91c9-c03131d6bbdf,4705.4,INR,success,2026-05-18 07:31:31.399537+00:00
e441c04f-f7e8-4481-b547-59001b02835e,cd5504f7-d89c-47f0-8ea0-84c203fd2661,fca4a810-a00b-41cf-9b08-08c804d7b584,655d6e5e-598d-46c5-91c9-c03131d6bbdf,3952.38,INR,success,2026-05-20 19:27:59.973263+00:00
77d08944-9c33-4179-bbed-f765cb8f71c5,cd5504f7-d89c-47f0-8ea0-84c203fd2661,fca4a810-a00b-41cf-9b08-08c804d7b584,655d6e5e-598d-46c5-91c9-c03131d6bbdf,779.08,INR,success,2026-05-26 16:13:23.495049+00:00
ca305f83-7a6a-497b-a523-b5ca4c617d05,96ccc1df-7007-4e09-a628-dc8ee4c3a604,cbb552ac-4ed2-4f27-88c8-4ec3c01418f7,1e6686ce-fd74-45b6-9b37-c669378ad973,2604.72,INR,success,2026-05-10 05:45:45.256421+00:00
33b08ff4-c055-40a1-8e71-ec90e490f3ae,faeba901-d5cf-450f-bbd5-e16e414ab2f9,732c3033-87a9-4205-969d-048682fcb648,8e716aad-4cc0-4eee-9e46-04faa1880225,943.62,INR,success,2026-05-22 01:57:21.506115+00:00
7dcfdb19-798b-461f-9fb9-12403fefe18f,faeba901-d5cf-450f-bbd5-e16e414ab2f9,732c3033-87a9-4205-969d-048682fcb648,8e716aad-4cc0-4eee-9e46-04faa1880225,1019.19,INR,success,2026-05-28 01:40:17.277553+00:00
8196a3ff-09dc-4b91-b9f3-bfe2b3565cb4,faeba901-d5cf-450f-bbd5-e16e414ab2f9,732c3033-87a9-4205-969d-048682fcb648,8e716aad-4cc0-4eee-9e46-04faa1880225,817.37,INR,success,2026-05-30 07:22:02.405487+00:00
b1bfd7b1-c76e-4ee0-94c8-c2dfe4eee359,d777d7c5-e756-44c2-8d0c-c4ec9a9f8fba,e7c2cfd5-b66b-46c7-aa2a-8e0e4dd5fd4b,fa986533-0831-4a42-a317-cb8fab1b1f18,1138.27,INR,success,2026-05-31 12:57:38.745993+00:00
3f56721b-cbfd-4f34-87d1-3545f75e3989,be2ee177-a034-46de-80f3-487dc5db9d5c,35e9a6e0-b93b-429e-a464-c52a129878ec,507db909-600f-437f-b989-1ca22251ee5e,4982.78,INR,success,2026-05-12 03:50:38.383945+00:00
1bda95df-d18e-4028-949e-30e4ebd28dda,be2ee177-a034-46de-80f3-487dc5db9d5c,35e9a6e0-b93b-429e-a464-c52a129878ec,507db909-600f-437f-b989-1ca22251ee5e,2191.58,INR,success,2026-05-18 19:27:13.365853+00:00
f132edd6-edf4-45db-bccc-9e37957ec852,be2ee177-a034-46de-80f3-487dc5db9d5c,35e9a6e0-b93b-429e-a464-c52a129878ec,507db909-600f-437f-b989-1ca22251ee5e,1829.5,INR,success,2026-05-24 02:15:24.176345+00:00
50b4d96f-2d6e-4323-8339-41c75ddc93d6,fc25785d-c41d-477a-a16a-ffa0cd71f3e9,3bee9b78-00a3-41e3-abbf-0eeae0f43619,61e6f6ea-4dc4-424b-becd-ae567cbdcaee,1941.81,INR,success,2026-05-13 23:43:08.067076+00:00
a7187870-dc56-47e6-a4fc-c681352b2c9a,fc25785d-c41d-477a-a16a-ffa0cd71f3e9,3bee9b78-00a3-41e3-abbf-0eeae0f43619,61e6f6ea-4dc4-424b-becd-ae567cbdcaee,1938.49,INR,success,2026-05-14 03:54:12.840685+00:00
b5f700e8-fac1-40ce-8d82-523875a96bae,fc25785d-c41d-477a-a16a-ffa0cd71f3e9,3bee9b78-00a3-41e3-abbf-0eeae0f43619,61e6f6ea-4dc4-424b-becd-ae567cbdcaee,3044.57,INR,success,2026-05-14 13:03:03.606545+00:00
c4f104d7-8e98-4050-8612-8e295913281f,fc25785d-c41d-477a-a16a-ffa0cd71f3e9,3bee9b78-00a3-41e3-abbf-0eeae0f43619,61e6f6ea-4dc4-424b-becd-ae567cbdcaee,2691.07,INR,success,2026-05-14 14:53:27.850374+00:00
2d5a1d01-554d-4c9c-8025-21d2f38cec6b,a314e9e8-82be-48a2-870f-726240616c19,3d3d3bd4-6f34-427f-b9b3-9e68465068fb,7273fac1-e58e-43bd-b1d3-ca5dc66b079f,1243.84,INR,success,2026-04-17 04:57:57.267575+00:00
83ccf2b7-6395-4675-b937-ca1188289c6e,a314e9e8-82be-48a2-870f-726240616c19,3d3d3bd4-6f34-427f-b9b3-9e68465068fb,7273fac1-e58e-43bd-b1d3-ca5dc66b079f,1333.13,INR,success,2026-04-26 11:47:06.976994+00:00
cb7832a4-4bfd-4b8c-819e-31d3d0323bec,a314e9e8-82be-48a2-870f-726240616c19,3d3d3bd4-6f34-427f-b9b3-9e68465068fb,7273fac1-e58e-43bd-b1d3-ca5dc66b079f,895.31,INR,success,2026-04-30 02:23:42.741230+00:00
93260e15-a2df-4a4a-8435-d541cc6a882e,cc5414fc-e509-40cc-a81d-a79097108367,905782a3-59e1-446f-b9af-60741f369abe,a450dc81-8d5a-49e2-86fe-67b47070d618,402.79,INR,success,2026-04-28 01:02:40.941114+00:00
865d2a3c-b9c7-4edf-835e-6fec204f81a0,cc5414fc-e509-40cc-a81d-a79097108367,905782a3-59e1-446f-b9af-60741f369abe,a450dc81-8d5a-49e2-86fe-67b47070d618,7569.75,INR,success,2026-05-29 17:51:17.897696+00:00
fe3e83fe-3129-4af7-a587-4622baf34366,4d3ca4fe-959c-475e-9ea9-e4304e73ceb2,43d1304f-e7c1-44a1-9761-4eadc4004b5d,b55a3f63-1f45-4836-9c92-b0e181f178a7,2159.71,INR,success,2026-03-13 13:23:36.965239+00:00
ae17b96d-f03c-4bac-b2b4-a92b6565f435,4d3ca4fe-959c-475e-9ea9-e4304e73ceb2,43d1304f-e7c1-44a1-9761-4eadc4004b5d,b55a3f63-1f45-4836-9c92-b0e181f178a7,6189.02,INR,success,2026-04-12 04:04:50.463663+00:00
5cb6030d-914d-4a2b-9281-f14ee198e181,4d3ca4fe-959c-475e-9ea9-e4304e73ceb2,43d1304f-e7c1-44a1-9761-4eadc4004b5d,b55a3f63-1f45-4836-9c92-b0e181f178a7,3033.01,INR,success,2026-04-26 00:28:00.338451+00:00
0c80c7b5-3d49-47b2-b3a5-a23a93e104d2,4d3ca4fe-959c-475e-9ea9-e4304e73ceb2,43d1304f-e7c1-44a1-9761-4eadc4004b5d,b55a3f63-1f45-4836-9c92-b0e181f178a7,2607.38,INR,success,2026-05-02 08:35:19.136583+00:00
8870b4d2-e922-48ea-8e71-4dfad30abda0,eba5ffa5-a01e-47ca-9fec-5873c23cac85,03de82f1-a15f-41d1-84e4-47b7c58e7ed6,991ec60b-fa80-42b1-b29d-5e7fd0038aab,4021.62,INR,success,2026-04-26 12:26:33.162624+00:00
1301cb94-a1a4-4c79-a37b-632748d2b7ef,eba5ffa5-a01e-47ca-9fec-5873c23cac85,03de82f1-a15f-41d1-84e4-47b7c58e7ed6,991ec60b-fa80-42b1-b29d-5e7fd0038aab,3211.57,INR,success,2026-05-12 14:05:27.458814+00:00
a6c46def-b969-4e94-8a09-81d879921b8b,6a18ed67-7aed-4c19-ad5f-d5a08a34d552,79bbfd74-60ff-495d-a7b9-7442dd2ec0b1,f7753798-f26d-40a4-836f-030ca3ecb874,6175.46,INR,success,2026-03-14 00:02:21.775774+00:00
bf19d500-715e-4f09-acd5-4022e0d47224,8b1b9215-8dc6-484b-a29a-7a3df928c0dc,79bbfd74-60ff-495d-a7b9-7442dd2ec0b1,f7753798-f26d-40a4-836f-030ca3ecb874,1426.53,INR,success,2026-04-08 03:40:39.509096+00:00
f258c8f2-cb87-4090-9c5b-bde9aa84f0c6,8b1b9215-8dc6-484b-a29a-7a3df928c0dc,79bbfd74-60ff-495d-a7b9-7442dd2ec0b1,f7753798-f26d-40a4-836f-030ca3ecb874,577.28,INR,success,2026-04-09 23:00:47.510274+00:00
3deeba42-d0b4-45f7-9093-95a1001b5c83,8b1b9215-8dc6-484b-a29a-7a3df928c0dc,79bbfd74-60ff-495d-a7b9-7442dd2ec0b1,f7753798-f26d-40a4-836f-030ca3ecb874,1142.43,INR,success,2026-04-21 22:58:00.605462+00:00
3d315d54-685c-4d40-82d6-704c0d639caa,8b1b9215-8dc6-484b-a29a-7a3df928c0dc,79bbfd74-60ff-495d-a7b9-7442dd2ec0b1,f7753798-f26d-40a4-836f-030ca3ecb874,883.9,INR,success,2026-04-24 02:26:17.809672+00:00
16895603-976a-4390-8e0a-2d90bd154b4c,8b1b9215-8dc6-484b-a29a-7a3df928c0dc,79bbfd74-60ff-495d-a7b9-7442dd2ec0b1,f7753798-f26d-40a4-836f-030ca3ecb874,1552.85,INR,success,2026-05-07 01:32:16.200479+00:00
46fe8fc2-b12d-417a-82a8-4ba8a96ecc8f,cdfab9ac-615c-4d0b-9ca1-39015466ebe5,79bbfd74-60ff-495d-a7b9-7442dd2ec0b1,f7753798-f26d-40a4-836f-030ca3ecb874,2510.13,INR,success,2026-04-07 20:36:55.492764+00:00
29faf5bc-67f2-40a6-8214-02b8275a1923,cdfab9ac-615c-4d0b-9ca1-39015466ebe5,79bbfd74-60ff-495d-a7b9-7442dd2ec0b1,f7753798-f26d-40a4-836f-030ca3ecb874,505.62,INR,success,2026-04-27 10:26:50.225271+00:00
1e170e0c-de1c-4859-86c2-d414b084214a,6848d892-a707-4561-8796-e55ba0362522,7bba7ea2-d175-4abc-9868-38b3ddd00b8e,f24d647f-b95c-42e2-a3f5-d20327ec9d5f,2619.05,INR,success,2026-04-29 04:37:45.064986+00:00
ac58ac1f-9964-499d-8e30-2885581f4f9f,15bc7cd3-3dc0-45d2-b0da-54dcca620d63,284a9538-df9a-450b-94e2-3ef14056aa77,f24d647f-b95c-42e2-a3f5-d20327ec9d5f,2770.54,INR,success,2026-05-04 22:15:48.055188+00:00
98656df6-e22f-461e-86e5-623e372eacc8,15bc7cd3-3dc0-45d2-b0da-54dcca620d63,284a9538-df9a-450b-94e2-3ef14056aa77,f24d647f-b95c-42e2-a3f5-d20327ec9d5f,4348.22,INR,success,2026-05-11 13:43:37.840672+00:00
6cf1ef44-4e0c-4f7f-9420-e14cf0168c8a,15bc7cd3-3dc0-45d2-b0da-54dcca620d63,284a9538-df9a-450b-94e2-3ef14056aa77,f24d647f-b95c-42e2-a3f5-d20327ec9d5f,4296.26,INR,success,2026-05-17 03:04:54.580610+00:00
d32b1ca6-426b-43b6-bb3e-2f407846d137,15bc7cd3-3dc0-45d2-b0da-54dcca620d63,284a9538-df9a-450b-94e2-3ef14056aa77,f24d647f-b95c-42e2-a3f5-d20327ec9d5f,2372.27,INR,success,2026-05-27 20:31:58.793539+00:00
4e4d018b-34a6-4601-9047-1b6148e56e9f,a4503890-53ad-4b85-87b5-a466ba0a1a3e,1b250e68-5f23-426e-b14c-7f0107cc3dd5,f24d647f-b95c-42e2-a3f5-d20327ec9d5f,3300.58,INR,success,2026-05-19 15:53:36.500113+00:00
120bf101-5ef8-48a4-b87d-2d83c5ac75cc,a4503890-53ad-4b85-87b5-a466ba0a1a3e,1b250e68-5f23-426e-b14c-7f0107cc3dd5,f24d647f-b95c-42e2-a3f5-d20327ec9d5f,2502.54,INR,success,2026-05-21 22:15:03.101142+00:00
219329b7-b383-4533-8468-0622e601d037,a4503890-53ad-4b85-87b5-a466ba0a1a3e,1b250e68-5f23-426e-b14c-7f0107cc3dd5,f24d647f-b95c-42e2-a3f5-d20327ec9d5f,575.35,INR,success,2026-05-22 01:01:14.261637+00:00
1617cc43-af88-4245-80da-6a8e0ca5a5fb,a4503890-53ad-4b85-87b5-a466ba0a1a3e,1b250e68-5f23-426e-b14c-7f0107cc3dd5,f24d647f-b95c-42e2-a3f5-d20327ec9d5f,1861.08,INR,success,2026-05-24 20:17:45.669527+00:00
a083bd8f-2a69-40b3-a404-3de11f51f54b,23c58c4e-1b2f-4f2d-8ca1-1bc7cf0f12c1,503d039e-72b1-40cb-b6d1-b5bc928eef8b,f24d647f-b95c-42e2-a3f5-d20327ec9d5f,2615.69,INR,success,2026-05-03 21:10:58.459569+00:00
85346b55-2ebd-4ac7-bd32-33c803ed3ddb,23c58c4e-1b2f-4f2d-8ca1-1bc7cf0f12c1,503d039e-72b1-40cb-b6d1-b5bc928eef8b,f24d647f-b95c-42e2-a3f5-d20327ec9d5f,3199.8,INR,success,2026-05-03 22:08:04.134230+00:00
97f69c57-f176-4969-970c-730af6e27159,23c58c4e-1b2f-4f2d-8ca1-1bc7cf0f12c1,503d039e-72b1-40cb-b6d1-b5bc928eef8b,f24d647f-b95c-42e2-a3f5-d20327ec9d5f,4764.68,INR,success,2026-05-15 17:08:39.936045+00:00
2d174181-0a5f-427b-adb3-b533633066a0,23c58c4e-1b2f-4f2d-8ca1-1bc7cf0f12c1,503d039e-72b1-40cb-b6d1-b5bc928eef8b,f24d647f-b95c-42e2-a3f5-d20327ec9d5f,3196.01,INR,success,2026-05-18 23:25:47.455527+00:00
fa4df825-37d5-4f06-b4b6-85039ee52f92,23c58c4e-1b2f-4f2d-8ca1-1bc7cf0f12c1,503d039e-72b1-40cb-b6d1-b5bc928eef8b,f24d647f-b95c-42e2-a3f5-d20327ec9d5f,2018.11,INR,success,2026-05-21 00:03:16.405389+00:00
e20c9113-8e2e-47d2-b052-610524392eaa,23c58c4e-1b2f-4f2d-8ca1-1bc7cf0f12c1,503d039e-72b1-40cb-b6d1-b5bc928eef8b,f24d647f-b95c-42e2-a3f5-d20327ec9d5f,5737.05,INR,success,2026-05-21 14:18:22.856073+00:00
6e0dd98d-49ff-4d4f-b1dd-553a93b39298,00ce3ad7-70c1-468f-bfea-12236be64bc4,53c335fb-78a0-4f0f-8918-04f6d5136b10,f24d647f-b95c-42e2-a3f5-d20327ec9d5f,2997.15,INR,success,2026-05-10 12:31:12.587848+00:00
6d9316fe-7708-474a-bfd3-9ed62c6d1805,00ce3ad7-70c1-468f-bfea-12236be64bc4,53c335fb-78a0-4f0f-8918-04f6d5136b10,f24d647f-b95c-42e2-a3f5-d20327ec9d5f,2032.52,INR,success,2026-05-11 08:37:57.117035+00:00
82c777a0-9b03-49d7-8e34-8c67f5d4d364,00ce3ad7-70c1-468f-bfea-12236be64bc4,53c335fb-78a0-4f0f-8918-04f6d5136b10,f24d647f-b95c-42e2-a3f5-d20327ec9d5f,2336.3,INR,success,2026-05-18 05:01:04.078260+00:00
4f1a72ff-dfd2-4c41-935b-9264f38eda89,871e773a-6302-4a33-b1b2-4a17422ced43,ada7d979-77fc-415e-adc8-e5f8a0ae6e92,6cb6570a-c79d-433e-8331-4c13ab12e50b,3944.05,INR,success,2026-03-31 23:26:13.169735+00:00
f49d99e1-a765-4d12-9803-0ebe454ff87a,871e773a-6302-4a33-b1b2-4a17422ced43,ada7d979-77fc-415e-adc8-e5f8a0ae6e92,6cb6570a-c79d-433e-8331-4c13ab12e50b,5429.72,INR,success,2026-05-03 18:54:07.107481+00:00
e1bd3935-2e44-4ca0-890f-5a3d47c518b5,871e773a-6302-4a33-b1b2-4a17422ced43,ada7d979-77fc-415e-adc8-e5f8a0ae6e92,6cb6570a-c79d-433e-8331-4c13ab12e50b,3963.5,INR,success,2026-05-16 13:57:22.892972+00:00
1c5a26d3-5eec-44ee-b1a4-30c86cb66745,c7c5fe5e-3943-4069-93c6-83cadd2e454f,63780439-8d86-47e8-8992-47e3bd1624bc,6cb6570a-c79d-433e-8331-4c13ab12e50b,446.44,INR,success,2026-04-03 10:40:28.427155+00:00
afd36716-2da8-4909-a0cd-df30c78be374,c7c5fe5e-3943-4069-93c6-83cadd2e454f,63780439-8d86-47e8-8992-47e3bd1624bc,6cb6570a-c79d-433e-8331-4c13ab12e50b,589.7,INR,success,2026-04-15 05:33:54.314587+00:00
461c5db8-4ef5-454e-b404-fb08800985c7,c7c5fe5e-3943-4069-93c6-83cadd2e454f,63780439-8d86-47e8-8992-47e3bd1624bc,6cb6570a-c79d-433e-8331-4c13ab12e50b,363.6,INR,success,2026-04-27 12:22:05.466610+00:00
d364cb69-4eb5-4feb-9d5b-5591351a766d,c7c5fe5e-3943-4069-93c6-83cadd2e454f,63780439-8d86-47e8-8992-47e3bd1624bc,6cb6570a-c79d-433e-8331-4c13ab12e50b,339.71,INR,success,2026-04-30 10:46:58.456294+00:00
bf4565d0-3924-475c-96ce-53e542d2ebf6,c7c5fe5e-3943-4069-93c6-83cadd2e454f,63780439-8d86-47e8-8992-47e3bd1624bc,6cb6570a-c79d-433e-8331-4c13ab12e50b,242.08,INR,success,2026-05-16 13:19:36.312452+00:00
c4d6c854-fa73-423c-9a17-3f44bb6d946d,c7c5fe5e-3943-4069-93c6-83cadd2e454f,63780439-8d86-47e8-8992-47e3bd1624bc,6cb6570a-c79d-433e-8331-4c13ab12e50b,296.78,INR,success,2026-05-19 10:25:39.554272+00:00
696e8df6-2c46-426d-b7de-e59f3ae91064,40fb7e39-cabb-47c2-b5b4-27b431605b70,ad92e07f-e3ac-47f5-9bbb-371cda34a510,7ccc7465-006a-4871-b1ac-38252825a882,1650.68,INR,success,2026-03-31 21:22:24.754076+00:00
c83a9b1c-f386-4399-9f42-f02fa2f6c58b,40fb7e39-cabb-47c2-b5b4-27b431605b70,ad92e07f-e3ac-47f5-9bbb-371cda34a510,7ccc7465-006a-4871-b1ac-38252825a882,2462.67,INR,success,2026-04-15 23:15:56.356259+00:00
5d4c52f3-a491-4288-a4bf-4a1cd647a62b,40fb7e39-cabb-47c2-b5b4-27b431605b70,ad92e07f-e3ac-47f5-9bbb-371cda34a510,7ccc7465-006a-4871-b1ac-38252825a882,1607.37,INR,success,2026-04-19 06:30:24.035092+00:00
69f87d74-4830-4049-94e3-08002fe0c36f,40fb7e39-cabb-47c2-b5b4-27b431605b70,ad92e07f-e3ac-47f5-9bbb-371cda34a510,7ccc7465-006a-4871-b1ac-38252825a882,3425.06,INR,success,2026-05-12 16:22:28.078611+00:00
892825df-a3df-4166-83b1-c15702bb6c8b,40fb7e39-cabb-47c2-b5b4-27b431605b70,ad92e07f-e3ac-47f5-9bbb-371cda34a510,7ccc7465-006a-4871-b1ac-38252825a882,974.06,INR,success,2026-05-15 23:56:54.327581+00:00
b6bcc6d5-bc6a-4680-a1b2-ee155275cc8a,40fb7e39-cabb-47c2-b5b4-27b431605b70,ad92e07f-e3ac-47f5-9bbb-371cda34a510,7ccc7465-006a-4871-b1ac-38252825a882,442.25,INR,success,2026-05-16 12:15:28.819359+00:00
f843f9c1-e0ab-4769-b71b-33148c54fbf5,933fff6f-717e-402f-8d61-bc3629a411ae,ad92e07f-e3ac-47f5-9bbb-371cda34a510,b81030fb-9c12-40f2-adc2-85fe22e93a60,1539.1,INR,success,2026-05-21 00:08:17.747199+00:00
b08fbda3-be41-49f0-9f00-97f987c197e5,933fff6f-717e-402f-8d61-bc3629a411ae,ad92e07f-e3ac-47f5-9bbb-371cda34a510,b81030fb-9c12-40f2-adc2-85fe22e93a60,3098.16,INR,success,2026-05-23 14:48:43.399392+00:00
230f7917-cd94-4a2a-801a-e6c5d74aab04,933fff6f-717e-402f-8d61-bc3629a411ae,ad92e07f-e3ac-47f5-9bbb-371cda34a510,b81030fb-9c12-40f2-adc2-85fe22e93a60,3702.9,INR,success,2026-05-26 06:09:30.292752+00:00
9ba8fa4f-b5df-4401-9ef1-2a573694fa6a,933fff6f-717e-402f-8d61-bc3629a411ae,ad92e07f-e3ac-47f5-9bbb-371cda34a510,b81030fb-9c12-40f2-adc2-85fe22e93a60,3798.14,INR,success,2026-05-31 08:28:18.773273+00:00
7ee4f0a3-2cda-46b3-8d9e-0823e758037e,c5e8fe4f-99a7-4463-ae67-6eead0df618d,ad92e07f-e3ac-47f5-9bbb-371cda34a510,89f1fc59-95ee-45f3-84c4-e79d6a2844da,1409.99,INR,success,2026-05-25 07:47:14.896270+00:00
384b3719-5ed5-4c0b-9a90-dee66cd73e44,c5e8fe4f-99a7-4463-ae67-6eead0df618d,ad92e07f-e3ac-47f5-9bbb-371cda34a510,89f1fc59-95ee-45f3-84c4-e79d6a2844da,3375.61,INR,success,2026-05-26 17:41:17.669348+00:00
88085cfd-9633-4de3-a118-2785ffef42a3,615890e8-a7b0-489f-963b-2b5daae5d45f,97d80609-dfd7-4ece-9414-5c2b9036b33c,180db74d-abdc-4d09-8ede-f451518e473f,10.0,INR,success,2026-04-05 02:05:19.454992+00:00
bf0a76d9-8425-44ba-9b7a-a0e596438130,dded982e-9022-42f1-bd4f-ecec7c980b18,3cde20cb-5830-4947-91be-b8940d913a01,7efa07a0-9b01-4772-aded-9e85a7dd76f5,3389.46,INR,success,2026-05-11 02:10:49.677711+00:00
4f6958ba-d11a-483b-af3f-d75c673533fa,dded982e-9022-42f1-bd4f-ecec7c980b18,3cde20cb-5830-4947-91be-b8940d913a01,7efa07a0-9b01-4772-aded-9e85a7dd76f5,3619.54,INR,success,2026-05-26 14:35:38.115287+00:00
6f7554ff-16c9-462b-98f8-db6d65e8e261,dded982e-9022-42f1-bd4f-ecec7c980b18,3cde20cb-5830-4947-91be-b8940d913a01,7efa07a0-9b01-4772-aded-9e85a7dd76f5,2438.62,INR,success,2026-05-27 09:33:34.079943+00:00
7f03b6ac-18bb-4801-93be-85a758127427,dded982e-9022-42f1-bd4f-ecec7c980b18,3cde20cb-5830-4947-91be-b8940d913a01,7efa07a0-9b01-4772-aded-9e85a7dd76f5,1740.38,INR,success,2026-05-30 21:19:30.082748+00:00
f40de741-5bd0-4a2a-941e-07f2cf7e35a1,85b3b0d0-4ece-4bf9-8fde-4064df3c90bc,a8737d86-1de6-4dc3-b05c-b43042728eb6,6b014c47-c576-48b0-b536-f4f1808c5ec5,979.97,INR,success,2026-05-04 00:39:55.006919+00:00
a434755c-cab5-439b-b800-253796bc9b0f,85b3b0d0-4ece-4bf9-8fde-4064df3c90bc,a8737d86-1de6-4dc3-b05c-b43042728eb6,6b014c47-c576-48b0-b536-f4f1808c5ec5,10.0,INR,success,2026-05-14 15:45:47.358994+00:00
af0dce7f-f88f-4259-9b39-49bf2f5028b1,85b3b0d0-4ece-4bf9-8fde-4064df3c90bc,a8737d86-1de6-4dc3-b05c-b43042728eb6,6b014c47-c576-48b0-b536-f4f1808c5ec5,1249.89,INR,success,2026-05-17 10:06:30.935957+00:00
3d5edfc0-3099-478b-a331-02292925ce9c,85b3b0d0-4ece-4bf9-8fde-4064df3c90bc,a8737d86-1de6-4dc3-b05c-b43042728eb6,6b014c47-c576-48b0-b536-f4f1808c5ec5,580.5,INR,success,2026-05-23 10:20:21.754691+00:00
06ec70ef-5e1f-4e52-afdf-b3a346ada4d0,85b3b0d0-4ece-4bf9-8fde-4064df3c90bc,a8737d86-1de6-4dc3-b05c-b43042728eb6,6b014c47-c576-48b0-b536-f4f1808c5ec5,297.03,INR,success,2026-05-26 23:56:48.784620+00:00
bd4078bb-af96-4959-adfa-6dc937b6e0a4,b39980c6-d333-4187-8738-b68fe26d273d,1e5c028e-ef31-436d-9c36-fc25848be479,b1527c64-a037-4be0-bfed-5cc91744825c,2747.38,INR,success,2026-05-12 00:11:08.808387+00:00
8254f116-f4f6-475d-92f6-eea71d6533ee,b39980c6-d333-4187-8738-b68fe26d273d,1e5c028e-ef31-436d-9c36-fc25848be479,b1527c64-a037-4be0-bfed-5cc91744825c,3845.95,INR,success,2026-05-12 00:43:51.845068+00:00
de724fd7-250f-40ea-8c42-5f78872c65cf,b39980c6-d333-4187-8738-b68fe26d273d,1e5c028e-ef31-436d-9c36-fc25848be479,b1527c64-a037-4be0-bfed-5cc91744825c,239.41,INR,success,2026-05-12 09:15:28.188797+00:00
30087fe4-4847-4f8a-879b-018a31675a91,b39980c6-d333-4187-8738-b68fe26d273d,1e5c028e-ef31-436d-9c36-fc25848be479,b1527c64-a037-4be0-bfed-5cc91744825c,1488.78,INR,success,2026-05-14 16:18:32.638279+00:00
11211b24-4c80-4b34-b98a-d0655b5a44f1,b39980c6-d333-4187-8738-b68fe26d273d,1e5c028e-ef31-436d-9c36-fc25848be479,b1527c64-a037-4be0-bfed-5cc91744825c,1792.3,INR,success,2026-05-20 03:27:27.538788+00:00
45de06ce-328f-43d4-a175-9521160a198e,65aff2cb-fd6e-420e-8654-1eafb9865c24,ef95565d-5e37-4592-bbac-e4a1ac29cc7d,803605d1-1056-46e0-a351-2234e47dd00b,2410.94,INR,success,2026-05-05 05:52:15.453364+00:00
8a0fe174-e43b-42ae-a519-7bb754776cc2,65aff2cb-fd6e-420e-8654-1eafb9865c24,ef95565d-5e37-4592-bbac-e4a1ac29cc7d,803605d1-1056-46e0-a351-2234e47dd00b,2121.75,INR,success,2026-05-16 06:23:32.540815+00:00
1de197d9-5b0f-403e-b782-70f81a656dd1,65aff2cb-fd6e-420e-8654-1eafb9865c24,ef95565d-5e37-4592-bbac-e4a1ac29cc7d,803605d1-1056-46e0-a351-2234e47dd00b,2574.49,INR,success,2026-05-27 04:45:27.355314+00:00
96cde7c9-1433-49f1-8abf-9f0fc03d7e22,95d295cc-8a10-4e4b-afdd-20ed871999da,b9460158-8a02-4501-a020-6cfae145131b,803605d1-1056-46e0-a351-2234e47dd00b,90.92,INR,success,2026-05-19 02:00:23.474090+00:00
f9140577-3d92-450b-a23d-aedadbb1f5a5,7f7663ca-0a3e-48fa-b094-fcb04ca8bab5,7686a0c3-f6d4-4deb-802b-78ea4c802f1f,803605d1-1056-46e0-a351-2234e47dd00b,1476.08,INR,success,2026-05-04 13:14:29.786421+00:00
27d33574-d3ba-4730-a96a-d449c690309b,7f7663ca-0a3e-48fa-b094-fcb04ca8bab5,7686a0c3-f6d4-4deb-802b-78ea4c802f1f,803605d1-1056-46e0-a351-2234e47dd00b,4082.73,INR,success,2026-05-08 22:57:05.350053+00:00
26467719-8ee5-4e66-b23a-ed9f10bef3bc,7f7663ca-0a3e-48fa-b094-fcb04ca8bab5,7686a0c3-f6d4-4deb-802b-78ea4c802f1f,803605d1-1056-46e0-a351-2234e47dd00b,10.0,INR,success,2026-05-10 00:45:20.981165+00:00
5f7c01cf-7890-4e67-b148-4a1e8d5e54df,7f7663ca-0a3e-48fa-b094-fcb04ca8bab5,7686a0c3-f6d4-4deb-802b-78ea4c802f1f,803605d1-1056-46e0-a351-2234e47dd00b,5779.78,INR,success,2026-05-12 10:59:43.709175+00:00
18b5267e-2ca6-4eec-9633-936ee19871c5,7f7663ca-0a3e-48fa-b094-fcb04ca8bab5,7686a0c3-f6d4-4deb-802b-78ea4c802f1f,803605d1-1056-46e0-a351-2234e47dd00b,1536.63,INR,success,2026-05-18 09:12:36.674102+00:00
1c9a3f2f-437d-4a3f-8576-853c9cd2214a,2b73f6c6-4e57-4a8c-b552-e402d40303c4,e4d50dea-622d-482c-b0f5-d0d87a0301b2,59c3fd03-df5a-4418-9e6d-6fa06289f743,4477.21,INR,success,2026-03-22 07:13:13.472044+00:00
d66177f7-14f7-46d3-bef0-ce881f4a59b4,2b73f6c6-4e57-4a8c-b552-e402d40303c4,e4d50dea-622d-482c-b0f5-d0d87a0301b2,59c3fd03-df5a-4418-9e6d-6fa06289f743,245.5,INR,success,2026-04-14 17:59:03.074241+00:00
95b745c0-b4f8-4f48-94a6-91e482ea256d,2b73f6c6-4e57-4a8c-b552-e402d40303c4,e4d50dea-622d-482c-b0f5-d0d87a0301b2,59c3fd03-df5a-4418-9e6d-6fa06289f743,2374.29,INR,success,2026-04-15 11:15:22.952277+00:00
adb9546d-f961-4fcd-be8f-2dfcf02f14c8,2b73f6c6-4e57-4a8c-b552-e402d40303c4,e4d50dea-622d-482c-b0f5-d0d87a0301b2,59c3fd03-df5a-4418-9e6d-6fa06289f743,131.59,INR,success,2026-05-01 20:05:32.074259+00:00
8688bb79-eadd-4a36-ab4e-1e81fdd26eac,2b73f6c6-4e57-4a8c-b552-e402d40303c4,e4d50dea-622d-482c-b0f5-d0d87a0301b2,59c3fd03-df5a-4418-9e6d-6fa06289f743,1393.47,INR,success,2026-05-25 21:03:10.522818+00:00
cded5f77-5de0-4c64-9b29-17e8697e0204,2b73f6c6-4e57-4a8c-b552-e402d40303c4,e4d50dea-622d-482c-b0f5-d0d87a0301b2,59c3fd03-df5a-4418-9e6d-6fa06289f743,2794.13,INR,success,2026-05-28 16:04:49.854101+00:00
e1acbaab-1f9b-435e-bb2b-1613ba5e144e,30d3665c-4c8e-4a80-b30c-ceb57e4d116b,e4d50dea-622d-482c-b0f5-d0d87a0301b2,59c3fd03-df5a-4418-9e6d-6fa06289f743,396.17,INR,success,2026-04-25 09:47:41.851030+00:00
9fc426b9-5f2d-4fe3-9c67-ffe486758dd7,ce9ba3c7-ea44-413b-b031-831ccd227a63,e4d50dea-622d-482c-b0f5-d0d87a0301b2,59c3fd03-df5a-4418-9e6d-6fa06289f743,1561.13,INR,success,2026-05-08 23:34:03.709707+00:00
83c3b5fe-ade8-4268-8da4-b65d7f1d6238,cee2cbb7-5751-44a3-a5b7-9d2ab16d82ca,e4d50dea-622d-482c-b0f5-d0d87a0301b2,59c3fd03-df5a-4418-9e6d-6fa06289f743,1545.37,INR,success,2026-04-16 10:37:06.842719+00:00
47b6b734-604e-4c91-9b31-993f23d1c87f,cee2cbb7-5751-44a3-a5b7-9d2ab16d82ca,e4d50dea-622d-482c-b0f5-d0d87a0301b2,59c3fd03-df5a-4418-9e6d-6fa06289f743,983.39,INR,success,2026-05-03 00:50:12.930976+00:00
d25de4f9-510b-42a7-8efb-a40513e13afd,cee2cbb7-5751-44a3-a5b7-9d2ab16d82ca,e4d50dea-622d-482c-b0f5-d0d87a0301b2,59c3fd03-df5a-4418-9e6d-6fa06289f743,1120.64,INR,success,2026-05-05 19:58:47.648617+00:00
2e899d88-6a00-4286-a6a3-a3420b7fc6e6,cee2cbb7-5751-44a3-a5b7-9d2ab16d82ca,e4d50dea-622d-482c-b0f5-d0d87a0301b2,59c3fd03-df5a-4418-9e6d-6fa06289f743,979.83,INR,success,2026-05-22 00:36:38.560522+00:00
6f9ee458-ae12-470f-8d3a-02295bf40d3e,cee2cbb7-5751-44a3-a5b7-9d2ab16d82ca,e4d50dea-622d-482c-b0f5-d0d87a0301b2,59c3fd03-df5a-4418-9e6d-6fa06289f743,1246.06,INR,success,2026-05-28 19:03:57.269528+00:00
fa156cbf-1fc9-40b1-86ae-7b7f5a88c3a2,cee2cbb7-5751-44a3-a5b7-9d2ab16d82ca,e4d50dea-622d-482c-b0f5-d0d87a0301b2,59c3fd03-df5a-4418-9e6d-6fa06289f743,1659.44,INR,success,2026-05-31 02:30:51.651359+00:00
d8b83d9f-4b3c-4cd6-a77f-7eea9beda6c6,cb1b66ce-896a-4152-8608-0be67bc59a51,e4d50dea-622d-482c-b0f5-d0d87a0301b2,59c3fd03-df5a-4418-9e6d-6fa06289f743,1229.24,INR,success,2026-05-08 18:31:16.221854+00:00
89d6f933-565e-4395-bea9-c989923c1c99,cb1b66ce-896a-4152-8608-0be67bc59a51,e4d50dea-622d-482c-b0f5-d0d87a0301b2,59c3fd03-df5a-4418-9e6d-6fa06289f743,1575.04,INR,success,2026-05-09 04:50:53.178049+00:00
f1c9eaf5-fca6-4847-813e-3bd0c8921206,cb1b66ce-896a-4152-8608-0be67bc59a51,e4d50dea-622d-482c-b0f5-d0d87a0301b2,59c3fd03-df5a-4418-9e6d-6fa06289f743,2759.41,INR,success,2026-05-09 05:52:59.126737+00:00
381462e2-12a4-4e25-ad91-551b1f527711,cb1b66ce-896a-4152-8608-0be67bc59a51,e4d50dea-622d-482c-b0f5-d0d87a0301b2,59c3fd03-df5a-4418-9e6d-6fa06289f743,1590.33,INR,success,2026-05-15 04:54:58.195096+00:00
f768281f-e529-4b54-8a0d-0b8fda69a9ac,cb1b66ce-896a-4152-8608-0be67bc59a51,e4d50dea-622d-482c-b0f5-d0d87a0301b2,59c3fd03-df5a-4418-9e6d-6fa06289f743,1133.3,INR,success,2026-05-18 20:54:00.846642+00:00
4337bcf2-0c2a-4e98-8e67-cba0bec40fc9,cb1b66ce-896a-4152-8608-0be67bc59a51,e4d50dea-622d-482c-b0f5-d0d87a0301b2,59c3fd03-df5a-4418-9e6d-6fa06289f743,1165.77,INR,success,2026-05-27 14:39:26.118245+00:00
93e6871d-04bc-45f8-a764-3eb9e83e5d38,a528e476-74b4-4e56-8bea-0af4983b0577,bc0defa7-da12-4b3c-b20d-29f87374cd1a,25594f3f-9ee7-43d3-9972-ccd001e017dc,2101.51,INR,success,2026-05-27 12:50:16.051983+00:00
59fb7ed0-a184-4412-8dad-dbb183fadde7,a528e476-74b4-4e56-8bea-0af4983b0577,bc0defa7-da12-4b3c-b20d-29f87374cd1a,25594f3f-9ee7-43d3-9972-ccd001e017dc,1631.4,INR,success,2026-05-29 09:18:34.583225+00:00
9d635a68-db1f-4b4a-9d63-a4609870f5b0,2265f7fd-4023-413b-99b6-fd3da944519a,7a5c55c4-ecf6-42d1-bf2e-e58eeac22dd3,25594f3f-9ee7-43d3-9972-ccd001e017dc,768.07,INR,success,2026-05-10 07:13:10.049558+00:00
1eb33b90-164c-4d81-b3c7-b5510d35d3f5,2265f7fd-4023-413b-99b6-fd3da944519a,7a5c55c4-ecf6-42d1-bf2e-e58eeac22dd3,25594f3f-9ee7-43d3-9972-ccd001e017dc,1974.13,INR,success,2026-05-11 20:30:37.488808+00:00
18458376-f895-4871-a6db-4a12ebce46ce,2265f7fd-4023-413b-99b6-fd3da944519a,7a5c55c4-ecf6-42d1-bf2e-e58eeac22dd3,25594f3f-9ee7-43d3-9972-ccd001e017dc,1935.92,INR,success,2026-05-13 16:23:28.373253+00:00
d7e19e49-1608-432c-919e-3b52c69831e4,2265f7fd-4023-413b-99b6-fd3da944519a,7a5c55c4-ecf6-42d1-bf2e-e58eeac22dd3,25594f3f-9ee7-43d3-9972-ccd001e017dc,1872.62,INR,success,2026-05-14 15:41:45.568356+00:00
96258657-b2be-4163-8fa9-1fa1d3450155,2265f7fd-4023-413b-99b6-fd3da944519a,7a5c55c4-ecf6-42d1-bf2e-e58eeac22dd3,25594f3f-9ee7-43d3-9972-ccd001e017dc,2863.84,INR,success,2026-05-19 03:46:55.683994+00:00
bf846179-eef6-4231-8de1-5ac7e13f2762,2265f7fd-4023-413b-99b6-fd3da944519a,7a5c55c4-ecf6-42d1-bf2e-e58eeac22dd3,25594f3f-9ee7-43d3-9972-ccd001e017dc,468.57,INR,success,2026-05-22 04:22:29.387923+00:00
c41be2e1-4ded-4980-81fc-7ae15085b440,d1865abf-1954-45f0-bdc5-e129ac98b06d,05ada5dc-f706-4d05-8aeb-7dffc5f0a562,25594f3f-9ee7-43d3-9972-ccd001e017dc,6195.96,INR,success,2026-05-19 02:23:55.522249+00:00
79c9af89-6e12-4de4-ad75-9bd8325b1b09,d1865abf-1954-45f0-bdc5-e129ac98b06d,05ada5dc-f706-4d05-8aeb-7dffc5f0a562,25594f3f-9ee7-43d3-9972-ccd001e017dc,4324.84,INR,success,2026-05-19 09:20:52.781474+00:00
dece2671-1c5b-435b-95bf-db5ebcd6ff32,d1865abf-1954-45f0-bdc5-e129ac98b06d,05ada5dc-f706-4d05-8aeb-7dffc5f0a562,25594f3f-9ee7-43d3-9972-ccd001e017dc,4723.99,INR,success,2026-05-24 16:47:44.455777+00:00
ce3707d1-b797-4ce0-a7a5-510575bf7daf,a37abed2-0329-4ed1-a646-409e5ffe48b0,bd323ea8-a1eb-4e83-84fd-126a07afc1d2,30fb8383-29a1-438c-9b40-8a001510d729,3299.15,INR,success,2026-04-28 09:19:30.189868+00:00
92e2bf11-c2c8-4a06-8d50-fce2120bfe59,a37abed2-0329-4ed1-a646-409e5ffe48b0,bd323ea8-a1eb-4e83-84fd-126a07afc1d2,30fb8383-29a1-438c-9b40-8a001510d729,2255.93,INR,success,2026-04-30 04:34:19.266456+00:00
8a5100b7-851a-44e8-bc7c-cd052a12b544,e7f7bc14-a718-4f90-87b2-f21eab5f43ce,bd323ea8-a1eb-4e83-84fd-126a07afc1d2,303c1327-bdb9-4eea-91b7-cb15d3f46556,2698.12,INR,success,2026-04-29 19:30:16.406507+00:00
3d5242f6-2100-4b49-8864-6f1710667a7d,cce1692f-aa3e-4e92-947e-17e4ef8fbf8e,5a9e2001-5840-499f-9622-e1050ee0bbbe,a8a1c445-3f2d-4b38-8b55-a878e3a7716c,3033.18,INR,success,2026-03-26 10:38:55.955196+00:00
0ee309f5-270a-4020-91d4-b320f08364a3,cce1692f-aa3e-4e92-947e-17e4ef8fbf8e,5a9e2001-5840-499f-9622-e1050ee0bbbe,a8a1c445-3f2d-4b38-8b55-a878e3a7716c,4241.69,INR,success,2026-03-26 18:26:38.823702+00:00
de07ab13-969c-438f-8e79-b04b077f60e1,cce1692f-aa3e-4e92-947e-17e4ef8fbf8e,5a9e2001-5840-499f-9622-e1050ee0bbbe,a8a1c445-3f2d-4b38-8b55-a878e3a7716c,1973.74,INR,success,2026-04-21 17:12:44.839956+00:00
7bba0da5-e35e-42a0-9aa4-d5a1302e3e03,cce1692f-aa3e-4e92-947e-17e4ef8fbf8e,5a9e2001-5840-499f-9622-e1050ee0bbbe,a8a1c445-3f2d-4b38-8b55-a878e3a7716c,1439.59,INR,success,2026-05-07 06:37:58.554375+00:00
cdd196f2-ea60-4624-a165-f6b57f8a4d5c,cce1692f-aa3e-4e92-947e-17e4ef8fbf8e,5a9e2001-5840-499f-9622-e1050ee0bbbe,a8a1c445-3f2d-4b38-8b55-a878e3a7716c,4244.97,INR,success,2026-05-08 12:01:35.314254+00:00
1a354fcb-b98c-4db3-b4f3-bb20456d196b,cce1692f-aa3e-4e92-947e-17e4ef8fbf8e,5a9e2001-5840-499f-9622-e1050ee0bbbe,a8a1c445-3f2d-4b38-8b55-a878e3a7716c,2588.17,INR,success,2026-05-24 13:39:13.201455+00:00
48bc8760-9ae1-4cae-bac3-7b8884f6e49a,7057d854-b6be-4cd0-9a1f-69f5f17e6f6d,5a9e2001-5840-499f-9622-e1050ee0bbbe,a8a1c445-3f2d-4b38-8b55-a878e3a7716c,368.7,INR,success,2026-03-29 08:08:11.471809+00:00
d5e57ab6-fe04-4f2c-93be-4f3b658c99ae,7057d854-b6be-4cd0-9a1f-69f5f17e6f6d,5a9e2001-5840-499f-9622-e1050ee0bbbe,a8a1c445-3f2d-4b38-8b55-a878e3a7716c,862.56,INR,success,2026-03-29 12:40:32.502857+00:00
59f74588-2397-4bfa-9619-b463e38c2641,7057d854-b6be-4cd0-9a1f-69f5f17e6f6d,5a9e2001-5840-499f-9622-e1050ee0bbbe,a8a1c445-3f2d-4b38-8b55-a878e3a7716c,3053.59,INR,success,2026-03-31 11:37:00.419625+00:00
9e6114c0-4f82-42ce-be9d-4eb1464f1121,7057d854-b6be-4cd0-9a1f-69f5f17e6f6d,5a9e2001-5840-499f-9622-e1050ee0bbbe,a8a1c445-3f2d-4b38-8b55-a878e3a7716c,2320.27,INR,success,2026-04-10 09:26:23.779121+00:00
4e75767f-2450-4b43-bdf0-ad2d231abe3f,7057d854-b6be-4cd0-9a1f-69f5f17e6f6d,5a9e2001-5840-499f-9622-e1050ee0bbbe,a8a1c445-3f2d-4b38-8b55-a878e3a7716c,5874.55,INR,success,2026-04-19 01:37:26.989078+00:00
0c691e74-9a35-4603-bfcd-518dc2240129,7057d854-b6be-4cd0-9a1f-69f5f17e6f6d,5a9e2001-5840-499f-9622-e1050ee0bbbe,a8a1c445-3f2d-4b38-8b55-a878e3a7716c,10.0,INR,success,2026-05-10 23:16:27.848903+00:00
5dcf3bd5-d436-47fd-addb-f4b24e427f09,2d7303e0-5f6e-49d3-ad00-281358cd66bd,5a9e2001-5840-499f-9622-e1050ee0bbbe,a8a1c445-3f2d-4b38-8b55-a878e3a7716c,337.19,INR,success,2026-04-26 06:28:55.674568+00:00
14e787a9-55b1-4bb8-9300-ef345fa20c48,2d7303e0-5f6e-49d3-ad00-281358cd66bd,5a9e2001-5840-499f-9622-e1050ee0bbbe,a8a1c445-3f2d-4b38-8b55-a878e3a7716c,1737.8,INR,success,2026-05-04 13:57:53.537966+00:00
bc5c90dc-5d4d-4afb-81e1-a5c6979ce777,2d7303e0-5f6e-49d3-ad00-281358cd66bd,5a9e2001-5840-499f-9622-e1050ee0bbbe,a8a1c445-3f2d-4b38-8b55-a878e3a7716c,1735.47,INR,success,2026-05-05 00:07:57.668433+00:00
5478aa35-b58a-46fc-8b6d-4390aad769ea,2d7303e0-5f6e-49d3-ad00-281358cd66bd,5a9e2001-5840-499f-9622-e1050ee0bbbe,a8a1c445-3f2d-4b38-8b55-a878e3a7716c,2545.05,INR,success,2026-05-06 17:21:16.482625+00:00
faadce0d-95ae-4b15-9606-6896d09b7eff,a0ec6172-d9d0-4c73-82c9-40adb460a181,5a9e2001-5840-499f-9622-e1050ee0bbbe,a8a1c445-3f2d-4b38-8b55-a878e3a7716c,3854.77,INR,success,2026-05-14 08:27:21.059814+00:00
017a652a-18b9-41cd-9a8a-da12f34c39c0,a0ec6172-d9d0-4c73-82c9-40adb460a181,5a9e2001-5840-499f-9622-e1050ee0bbbe,a8a1c445-3f2d-4b38-8b55-a878e3a7716c,3468.0,INR,success,2026-05-15 14:43:11.814906+00:00
dc4aa3e6-e041-4b47-8f65-8237c0a71365,a0ec6172-d9d0-4c73-82c9-40adb460a181,5a9e2001-5840-499f-9622-e1050ee0bbbe,a8a1c445-3f2d-4b38-8b55-a878e3a7716c,5660.41,INR,success,2026-05-20 09:36:21.185248+00:00
b8bfaaac-5f46-434a-b175-30379e6bc31f,a0ec6172-d9d0-4c73-82c9-40adb460a181,5a9e2001-5840-499f-9622-e1050ee0bbbe,a8a1c445-3f2d-4b38-8b55-a878e3a7716c,4792.15,INR,success,2026-05-22 14:48:20.810801+00:00
f72db178-3ace-4284-aba7-7db1f930257b,a0ec6172-d9d0-4c73-82c9-40adb460a181,5a9e2001-5840-499f-9622-e1050ee0bbbe,a8a1c445-3f2d-4b38-8b55-a878e3a7716c,4289.8,INR,success,2026-05-23 12:17:55.842166+00:00
06e1f7d9-1c7b-4d5a-ad97-6fd0478ce7b6,a0ec6172-d9d0-4c73-82c9-40adb460a181,5a9e2001-5840-499f-9622-e1050ee0bbbe,a8a1c445-3f2d-4b38-8b55-a878e3a7716c,4104.82,INR,success,2026-05-24 01:21:02.509290+00:00
23757008-07fd-4e87-babb-26e20541aaaf,b676c823-490b-4883-af4e-40cc6979666e,1f8cd42e-2e7a-4a31-ac6d-83a586ed7563,b5193323-7bff-4f6d-895d-c693d5c48f2e,884.64,INR,success,2026-03-22 04:18:16.108641+00:00
a5435976-eac8-4c67-b6b1-2b22aff0c68e,b676c823-490b-4883-af4e-40cc6979666e,1f8cd42e-2e7a-4a31-ac6d-83a586ed7563,b5193323-7bff-4f6d-895d-c693d5c48f2e,2308.81,INR,success,2026-03-31 14:32:47.454513+00:00
51e330f1-aa3e-4343-96a0-a1606574efdb,b676c823-490b-4883-af4e-40cc6979666e,1f8cd42e-2e7a-4a31-ac6d-83a586ed7563,b5193323-7bff-4f6d-895d-c693d5c48f2e,3957.95,INR,success,2026-04-13 10:51:17.493275+00:00
00994c5b-1fe2-4c0a-ae16-26b51e234131,b676c823-490b-4883-af4e-40cc6979666e,1f8cd42e-2e7a-4a31-ac6d-83a586ed7563,b5193323-7bff-4f6d-895d-c693d5c48f2e,1281.22,INR,success,2026-04-16 02:52:45.487420+00:00
50d6e4a2-4e61-4a56-b9c7-e706a55e581d,b676c823-490b-4883-af4e-40cc6979666e,1f8cd42e-2e7a-4a31-ac6d-83a586ed7563,b5193323-7bff-4f6d-895d-c693d5c48f2e,5712.55,INR,success,2026-04-29 02:37:00.904921+00:00
51c1f625-2458-436e-8f59-fd13f4cfa0b4,aa1367a4-64ab-4542-8073-3fc9f65a4432,1f8cd42e-2e7a-4a31-ac6d-83a586ed7563,b5193323-7bff-4f6d-895d-c693d5c48f2e,2174.94,INR,success,2026-04-14 03:32:49.563766+00:00
9ef0c048-9e8b-40c2-a1d9-84d8286f1063,aa1367a4-64ab-4542-8073-3fc9f65a4432,1f8cd42e-2e7a-4a31-ac6d-83a586ed7563,b5193323-7bff-4f6d-895d-c693d5c48f2e,2460.4,INR,success,2026-04-20 06:47:14.449043+00:00
19541f2e-cf20-4076-a5c6-7df5e190895b,aa1367a4-64ab-4542-8073-3fc9f65a4432,1f8cd42e-2e7a-4a31-ac6d-83a586ed7563,b5193323-7bff-4f6d-895d-c693d5c48f2e,2860.67,INR,success,2026-05-19 00:06:16.791784+00:00
973155eb-be9d-4f81-9a22-3a4402baab95,15c572d7-898b-4f40-9593-77d303849093,1f8cd42e-2e7a-4a31-ac6d-83a586ed7563,b5193323-7bff-4f6d-895d-c693d5c48f2e,344.58,INR,success,2026-04-05 16:52:34.663530+00:00
bc540c6b-bbd9-43b0-951b-724f931b2a35,15c572d7-898b-4f40-9593-77d303849093,1f8cd42e-2e7a-4a31-ac6d-83a586ed7563,b5193323-7bff-4f6d-895d-c693d5c48f2e,778.77,INR,success,2026-04-15 08:10:48.251238+00:00
24b5a171-f157-44c4-bb95-92342e8eeb9b,15c572d7-898b-4f40-9593-77d303849093,1f8cd42e-2e7a-4a31-ac6d-83a586ed7563,b5193323-7bff-4f6d-895d-c693d5c48f2e,403.99,INR,success,2026-05-06 12:04:25.633204+00:00
51d9493f-be60-4d6f-a5d3-391d1a82d140,15c572d7-898b-4f40-9593-77d303849093,1f8cd42e-2e7a-4a31-ac6d-83a586ed7563,b5193323-7bff-4f6d-895d-c693d5c48f2e,704.27,INR,success,2026-05-28 11:31:11.294580+00:00
abb19aab-dac0-4253-8ad2-088d00fecb0d,15c572d7-898b-4f40-9593-77d303849093,1f8cd42e-2e7a-4a31-ac6d-83a586ed7563,b5193323-7bff-4f6d-895d-c693d5c48f2e,490.21,INR,success,2026-05-31 16:46:24.093281+00:00
245a2118-6fb2-4e17-9967-b51af11c4f73,1a71af4f-685a-492d-bbbb-d8c4e0b02dba,1f8cd42e-2e7a-4a31-ac6d-83a586ed7563,b5193323-7bff-4f6d-895d-c693d5c48f2e,1021.12,INR,success,2026-05-09 09:00:50.655797+00:00
e85afa96-ffa8-4f58-b329-21fd947d16aa,1a71af4f-685a-492d-bbbb-d8c4e0b02dba,1f8cd42e-2e7a-4a31-ac6d-83a586ed7563,b5193323-7bff-4f6d-895d-c693d5c48f2e,831.77,INR,success,2026-05-09 15:15:13.989598+00:00
ccdc2d48-46f7-4b17-93cc-df09680c9a52,1a71af4f-685a-492d-bbbb-d8c4e0b02dba,1f8cd42e-2e7a-4a31-ac6d-83a586ed7563,b5193323-7bff-4f6d-895d-c693d5c48f2e,1358.95,INR,success,2026-05-10 08:12:53.711291+00:00
2cbff2e6-401a-4bcc-b7e1-508befb57a3a,1a71af4f-685a-492d-bbbb-d8c4e0b02dba,1f8cd42e-2e7a-4a31-ac6d-83a586ed7563,b5193323-7bff-4f6d-895d-c693d5c48f2e,1072.68,INR,success,2026-05-24 01:18:54.934037+00:00
b9c45a4f-4625-4097-81b1-b603938d2f7b,1a71af4f-685a-492d-bbbb-d8c4e0b02dba,1f8cd42e-2e7a-4a31-ac6d-83a586ed7563,b5193323-7bff-4f6d-895d-c693d5c48f2e,344.79,INR,success,2026-05-27 17:57:51.750906+00:00
eae22d01-dda6-4504-a5da-1c3453f02b9a,1a71af4f-685a-492d-bbbb-d8c4e0b02dba,1f8cd42e-2e7a-4a31-ac6d-83a586ed7563,b5193323-7bff-4f6d-895d-c693d5c48f2e,1579.29,INR,success,2026-05-28 02:32:25.784275+00:00
13b8c9b6-2f02-4fe3-b9df-d1d42071a7f5,5fbfb496-1b1b-4b34-a0ef-e695529d76b4,1f8cd42e-2e7a-4a31-ac6d-83a586ed7563,b5193323-7bff-4f6d-895d-c693d5c48f2e,2883.42,INR,success,2026-05-15 20:34:10.394012+00:00
7910f446-3638-47d4-8c8f-605610c55e31,5fbfb496-1b1b-4b34-a0ef-e695529d76b4,1f8cd42e-2e7a-4a31-ac6d-83a586ed7563,b5193323-7bff-4f6d-895d-c693d5c48f2e,4905.44,INR,success,2026-05-16 21:26:08.453655+00:00
d83f8580-8eac-42b8-9e3a-69860e65e270,5fbfb496-1b1b-4b34-a0ef-e695529d76b4,1f8cd42e-2e7a-4a31-ac6d-83a586ed7563,b5193323-7bff-4f6d-895d-c693d5c48f2e,4234.15,INR,success,2026-05-23 14:22:02.058991+00:00
53b9edd0-c411-41c4-98bc-0aea97db7c98,5fbfb496-1b1b-4b34-a0ef-e695529d76b4,1f8cd42e-2e7a-4a31-ac6d-83a586ed7563,b5193323-7bff-4f6d-895d-c693d5c48f2e,1385.85,INR,success,2026-05-24 17:29:23.979419+00:00
8cd83b64-b240-423e-91b2-844c5d5dd843,5fbfb496-1b1b-4b34-a0ef-e695529d76b4,1f8cd42e-2e7a-4a31-ac6d-83a586ed7563,b5193323-7bff-4f6d-895d-c693d5c48f2e,624.95,INR,success,2026-05-29 07:21:35.713301+00:00
f432b758-631f-437c-9b0f-3df31d6d8d93,73bb082b-6c6e-4bcb-a8bf-4fd0873de5ac,2f502d60-9e36-462f-b6f3-0a4cb71cb6a7,1d4e2fdd-8c11-4d9a-8557-48618e21d63b,1315.36,INR,success,2026-03-13 15:54:06.343081+00:00
b9757375-c33d-48d0-88dd-ed9f88d4cef7,73bb082b-6c6e-4bcb-a8bf-4fd0873de5ac,2f502d60-9e36-462f-b6f3-0a4cb71cb6a7,1d4e2fdd-8c11-4d9a-8557-48618e21d63b,1525.74,INR,success,2026-05-20 03:12:05.654560+00:00
fc1a292c-d66e-4474-96d0-faca24afb7e4,a41eb7cf-16cc-42a1-99c7-cc4058e17353,fe948494-bee7-4de8-90b3-3fb497ba4f3c,1d4e2fdd-8c11-4d9a-8557-48618e21d63b,111.48,INR,success,2026-03-14 16:39:17.179268+00:00
ddca8af2-09c8-4bfe-bb6e-f2500e0b87f1,a41eb7cf-16cc-42a1-99c7-cc4058e17353,fe948494-bee7-4de8-90b3-3fb497ba4f3c,1d4e2fdd-8c11-4d9a-8557-48618e21d63b,454.11,INR,success,2026-05-02 06:13:05.460416+00:00
8412ba73-25c3-4a60-823a-25c5c60918ae,a41eb7cf-16cc-42a1-99c7-cc4058e17353,fe948494-bee7-4de8-90b3-3fb497ba4f3c,1d4e2fdd-8c11-4d9a-8557-48618e21d63b,717.12,INR,success,2026-05-03 22:35:04.474710+00:00
78a9f561-0a0a-4600-8564-aa77f446b3dd,a41eb7cf-16cc-42a1-99c7-cc4058e17353,fe948494-bee7-4de8-90b3-3fb497ba4f3c,1d4e2fdd-8c11-4d9a-8557-48618e21d63b,738.0,INR,success,2026-05-24 05:42:32.525580+00:00
49f71d8e-614c-494e-a79b-59657f377a02,761a5941-2488-4302-96d1-a606dc419dcb,c8db11d6-a8a8-42af-b5ed-fbe2faec5a79,1d4e2fdd-8c11-4d9a-8557-48618e21d63b,1167.09,INR,success,2026-03-21 12:36:40.359549+00:00
52b94fe8-08b5-4c3a-ae2e-e1f2e018409c,761a5941-2488-4302-96d1-a606dc419dcb,c8db11d6-a8a8-42af-b5ed-fbe2faec5a79,1d4e2fdd-8c11-4d9a-8557-48618e21d63b,942.61,INR,success,2026-03-30 21:20:08.137085+00:00
4e70df88-d208-41a0-bd7f-891ab040524f,761a5941-2488-4302-96d1-a606dc419dcb,c8db11d6-a8a8-42af-b5ed-fbe2faec5a79,1d4e2fdd-8c11-4d9a-8557-48618e21d63b,1071.39,INR,success,2026-04-11 00:38:46.720823+00:00
dfe5621e-a421-4f1f-abf8-d6647dc8d9c5,761a5941-2488-4302-96d1-a606dc419dcb,c8db11d6-a8a8-42af-b5ed-fbe2faec5a79,1d4e2fdd-8c11-4d9a-8557-48618e21d63b,869.81,INR,success,2026-05-14 02:40:47.118328+00:00
872d141d-9687-4b82-b8b1-9698e001d33e,761a5941-2488-4302-96d1-a606dc419dcb,c8db11d6-a8a8-42af-b5ed-fbe2faec5a79,1d4e2fdd-8c11-4d9a-8557-48618e21d63b,713.99,INR,success,2026-05-19 08:15:46.628312+00:00
57ae4441-2fd8-4741-b174-04598f3bc97f,9d9622df-d7c3-4b0a-9600-9a8344788bcd,c4c5f09d-ed07-4a65-8d1e-5ef8fead7923,1d4e2fdd-8c11-4d9a-8557-48618e21d63b,3087.43,INR,success,2026-05-02 04:39:56.808569+00:00
953a55e9-cdb9-4ef2-9a58-6535369581ae,9d9622df-d7c3-4b0a-9600-9a8344788bcd,c4c5f09d-ed07-4a65-8d1e-5ef8fead7923,1d4e2fdd-8c11-4d9a-8557-48618e21d63b,1340.15,INR,success,2026-05-06 22:00:45.447863+00:00
351de221-a07f-417d-a981-1dc5b1bbb851,9d9622df-d7c3-4b0a-9600-9a8344788bcd,c4c5f09d-ed07-4a65-8d1e-5ef8fead7923,1d4e2fdd-8c11-4d9a-8557-48618e21d63b,446.56,INR,success,2026-05-10 20:52:42.803265+00:00
eb660d1e-2473-40b9-9690-7b4e24c20ef0,9d9622df-d7c3-4b0a-9600-9a8344788bcd,c4c5f09d-ed07-4a65-8d1e-5ef8fead7923,1d4e2fdd-8c11-4d9a-8557-48618e21d63b,1686.46,INR,success,2026-05-16 02:07:01.878474+00:00
6fd97dd1-4acb-42f0-bdbc-41ddeb6a8854,9d9622df-d7c3-4b0a-9600-9a8344788bcd,c4c5f09d-ed07-4a65-8d1e-5ef8fead7923,1d4e2fdd-8c11-4d9a-8557-48618e21d63b,1721.17,INR,success,2026-05-19 01:08:00.002875+00:00
e0050ccb-b399-4390-9d63-cbd7e5adc72a,9d9622df-d7c3-4b0a-9600-9a8344788bcd,c4c5f09d-ed07-4a65-8d1e-5ef8fead7923,1d4e2fdd-8c11-4d9a-8557-48618e21d63b,1913.08,INR,success,2026-05-27 19:36:55.051952+00:00
29f75222-613d-4a69-aaf3-6feec87cfdc5,f7278f4e-a347-40b3-9696-11f12cf9e871,1962e9b6-7b84-4b57-833b-b599e26e8b9b,54cc761d-7318-49be-b5a1-393c2e2a6c9f,2510.7,INR,success,2026-04-28 15:38:05.267752+00:00
3996d27c-5a3e-43f2-adec-195051c078b8,f7278f4e-a347-40b3-9696-11f12cf9e871,1962e9b6-7b84-4b57-833b-b599e26e8b9b,54cc761d-7318-49be-b5a1-393c2e2a6c9f,3784.84,INR,success,2026-05-13 09:30:16.317695+00:00
a6ad6931-6cf9-4996-92bb-1b67335da74b,f7278f4e-a347-40b3-9696-11f12cf9e871,1962e9b6-7b84-4b57-833b-b599e26e8b9b,54cc761d-7318-49be-b5a1-393c2e2a6c9f,961.86,INR,success,2026-05-23 17:52:38.836043+00:00
7d11d2ab-2d11-4f12-b04d-6801ebc59e78,f7278f4e-a347-40b3-9696-11f12cf9e871,1962e9b6-7b84-4b57-833b-b599e26e8b9b,54cc761d-7318-49be-b5a1-393c2e2a6c9f,1438.55,INR,success,2026-05-24 00:59:15.880036+00:00
66d596bd-840d-4a6c-b8f4-9227d5b3515f,09deacae-fec2-4f8c-9ccf-816a685001bf,180ec87f-a34c-4cc2-b36d-13d7ff23b105,54cc761d-7318-49be-b5a1-393c2e2a6c9f,238.58,INR,success,2026-05-04 21:05:43.299978+00:00
d9bb0813-1704-4617-9833-200ef9d4b92f,09deacae-fec2-4f8c-9ccf-816a685001bf,180ec87f-a34c-4cc2-b36d-13d7ff23b105,54cc761d-7318-49be-b5a1-393c2e2a6c9f,2625.86,INR,success,2026-05-08 10:44:53.047209+00:00
540d63d5-a897-46fe-865e-492e17630d60,09deacae-fec2-4f8c-9ccf-816a685001bf,180ec87f-a34c-4cc2-b36d-13d7ff23b105,54cc761d-7318-49be-b5a1-393c2e2a6c9f,1903.6,INR,success,2026-05-12 21:25:19.116624+00:00
78d24d6e-4695-43cb-908d-52af8a634786,09deacae-fec2-4f8c-9ccf-816a685001bf,180ec87f-a34c-4cc2-b36d-13d7ff23b105,54cc761d-7318-49be-b5a1-393c2e2a6c9f,1433.5,INR,success,2026-05-14 06:50:45.907893+00:00
37f92e2c-8fb2-42d9-a293-0a303d621b04,09deacae-fec2-4f8c-9ccf-816a685001bf,180ec87f-a34c-4cc2-b36d-13d7ff23b105,54cc761d-7318-49be-b5a1-393c2e2a6c9f,2691.67,INR,success,2026-05-26 23:23:40.286466+00:00
1a522de0-3fff-4a21-b432-e544fd25ce6c,2da401dd-7c30-4a1c-9a15-3a32264cf607,fbbe48f3-d46b-486a-a5e1-76ab01056700,54cc761d-7318-49be-b5a1-393c2e2a6c9f,2285.88,INR,success,2026-05-18 05:15:01.281874+00:00
12456e1e-c484-449d-9e29-94efa5a20bf3,2da401dd-7c30-4a1c-9a15-3a32264cf607,fbbe48f3-d46b-486a-a5e1-76ab01056700,54cc761d-7318-49be-b5a1-393c2e2a6c9f,724.94,INR,success,2026-05-23 23:59:25.047356+00:00
f31530b8-83fa-42bf-bd4d-9883bb99e7f5,2da401dd-7c30-4a1c-9a15-3a32264cf607,fbbe48f3-d46b-486a-a5e1-76ab01056700,54cc761d-7318-49be-b5a1-393c2e2a6c9f,1960.95,INR,success,2026-05-25 06:05:53.136717+00:00
8338570e-4a66-4bba-a299-e5688885b42b,2da401dd-7c30-4a1c-9a15-3a32264cf607,fbbe48f3-d46b-486a-a5e1-76ab01056700,54cc761d-7318-49be-b5a1-393c2e2a6c9f,624.23,INR,success,2026-05-27 07:20:33.258310+00:00
eb29cbde-b1fd-486c-89d6-949cd864a812,2da401dd-7c30-4a1c-9a15-3a32264cf607,fbbe48f3-d46b-486a-a5e1-76ab01056700,54cc761d-7318-49be-b5a1-393c2e2a6c9f,1033.61,INR,success,2026-05-29 15:13:23.571520+00:00
d6c204ad-3f5b-4723-8965-af8e72b60fc7,d1ea38c0-e583-44a0-b1a2-cf9c2cc41aac,3cf3b23f-e0b6-4bf1-8d42-0666795f0894,1697fda8-1178-48ff-93d6-f534cf34cbd9,1759.34,INR,success,2026-03-06 00:53:56.461855+00:00
6c1bcf11-7b81-4a02-b251-fdf17413df0e,d1ea38c0-e583-44a0-b1a2-cf9c2cc41aac,3cf3b23f-e0b6-4bf1-8d42-0666795f0894,1697fda8-1178-48ff-93d6-f534cf34cbd9,664.35,INR,success,2026-03-19 01:22:37.795050+00:00
1725cc0f-2493-43bd-a0c9-fffa7cd1a872,d1ea38c0-e583-44a0-b1a2-cf9c2cc41aac,3cf3b23f-e0b6-4bf1-8d42-0666795f0894,1697fda8-1178-48ff-93d6-f534cf34cbd9,1230.48,INR,success,2026-03-22 15:24:01.785524+00:00
4bcee426-c976-4cab-bf38-f446f3fe9714,d1ea38c0-e583-44a0-b1a2-cf9c2cc41aac,3cf3b23f-e0b6-4bf1-8d42-0666795f0894,1697fda8-1178-48ff-93d6-f534cf34cbd9,2628.37,INR,success,2026-03-25 18:08:05.655429+00:00
5df894ee-9b61-4e3a-a107-15bc237e2ad6,d1ea38c0-e583-44a0-b1a2-cf9c2cc41aac,3cf3b23f-e0b6-4bf1-8d42-0666795f0894,1697fda8-1178-48ff-93d6-f534cf34cbd9,2249.05,INR,success,2026-05-11 11:21:03.417894+00:00
7894d928-d850-4c81-9031-e6276aab2d2c,d1ea38c0-e583-44a0-b1a2-cf9c2cc41aac,3cf3b23f-e0b6-4bf1-8d42-0666795f0894,1697fda8-1178-48ff-93d6-f534cf34cbd9,1549.32,INR,success,2026-05-16 12:47:19.649420+00:00
331fa7a7-9052-4de3-b4f4-d713d68a9b96,00b9ac84-f3da-490d-a414-504fb27d7613,3cf3b23f-e0b6-4bf1-8d42-0666795f0894,1697fda8-1178-48ff-93d6-f534cf34cbd9,1122.92,INR,success,2026-03-11 01:12:03.206457+00:00
72d181a0-dafc-47cc-bcca-4608d8d60a94,00b9ac84-f3da-490d-a414-504fb27d7613,3cf3b23f-e0b6-4bf1-8d42-0666795f0894,1697fda8-1178-48ff-93d6-f534cf34cbd9,3683.7,INR,success,2026-04-20 03:40:42.494704+00:00
d81ebe71-8b18-4052-96ed-ea5295fb80e0,00b9ac84-f3da-490d-a414-504fb27d7613,3cf3b23f-e0b6-4bf1-8d42-0666795f0894,1697fda8-1178-48ff-93d6-f534cf34cbd9,2354.67,INR,success,2026-05-02 06:01:46.421054+00:00
42b80c57-25fd-41e6-98fd-fb355aefcf17,00b9ac84-f3da-490d-a414-504fb27d7613,3cf3b23f-e0b6-4bf1-8d42-0666795f0894,1697fda8-1178-48ff-93d6-f534cf34cbd9,5352.32,INR,success,2026-05-24 23:09:14.006810+00:00
f7e7a0c6-b350-4fa7-9802-43048031b499,6d038b6e-bdb0-4c58-9d60-5a148ed66588,3cf3b23f-e0b6-4bf1-8d42-0666795f0894,1697fda8-1178-48ff-93d6-f534cf34cbd9,1897.86,INR,success,2026-04-21 11:52:22.795741+00:00
591e6daf-b23e-4747-a115-b8f8c7f7042c,6b308825-3fd9-4f5c-bd16-82bf138ed10e,3cf3b23f-e0b6-4bf1-8d42-0666795f0894,1697fda8-1178-48ff-93d6-f534cf34cbd9,608.08,INR,success,2026-05-12 09:54:20.027630+00:00
95ee1f8d-eace-4564-b160-1a3bc47b164d,840adccd-66fc-4323-aabb-2de1612b390b,ea5d9eb7-02a4-41df-afb7-0154db22afc1,8b9f445b-5b15-4edf-9922-e5486d117557,2742.4,INR,success,2026-04-06 03:08:45.484958+00:00
31b6f980-be15-46fe-a59e-a7d7507d4051,840adccd-66fc-4323-aabb-2de1612b390b,ea5d9eb7-02a4-41df-afb7-0154db22afc1,8b9f445b-5b15-4edf-9922-e5486d117557,3683.58,INR,success,2026-04-06 16:38:18.636065+00:00
0cbad578-2651-4ccf-8da1-d4e6828ac5a8,840adccd-66fc-4323-aabb-2de1612b390b,ea5d9eb7-02a4-41df-afb7-0154db22afc1,8b9f445b-5b15-4edf-9922-e5486d117557,2885.73,INR,success,2026-04-21 20:20:38.769877+00:00
4ff77523-b8c6-48a1-9fa8-269eadb7d705,840adccd-66fc-4323-aabb-2de1612b390b,ea5d9eb7-02a4-41df-afb7-0154db22afc1,8b9f445b-5b15-4edf-9922-e5486d117557,4396.26,INR,success,2026-04-25 03:40:05.184662+00:00
ddbce10f-a5f1-4e64-acd3-cefdaa0489d3,840adccd-66fc-4323-aabb-2de1612b390b,ea5d9eb7-02a4-41df-afb7-0154db22afc1,8b9f445b-5b15-4edf-9922-e5486d117557,2798.37,INR,success,2026-05-07 13:21:52.708839+00:00
0b5c2309-763e-41fa-b633-1143b95c84e1,e12bc157-5726-417a-8ff4-df8e71229ce5,ea5d9eb7-02a4-41df-afb7-0154db22afc1,8b9f445b-5b15-4edf-9922-e5486d117557,2200.84,INR,success,2026-04-25 15:03:25.579109+00:00
7e82b3cc-b272-46c1-af88-d6c7dadc2a76,e12bc157-5726-417a-8ff4-df8e71229ce5,ea5d9eb7-02a4-41df-afb7-0154db22afc1,8b9f445b-5b15-4edf-9922-e5486d117557,2404.8,INR,success,2026-04-25 17:27:30.896614+00:00
5b684a6d-8a7a-4145-bbcc-2d3372eecaa9,e12bc157-5726-417a-8ff4-df8e71229ce5,ea5d9eb7-02a4-41df-afb7-0154db22afc1,8b9f445b-5b15-4edf-9922-e5486d117557,10.0,INR,success,2026-04-29 15:56:30.334422+00:00
2d11a078-f248-4e8e-8464-60e00fd9d61b,e12bc157-5726-417a-8ff4-df8e71229ce5,ea5d9eb7-02a4-41df-afb7-0154db22afc1,8b9f445b-5b15-4edf-9922-e5486d117557,3259.07,INR,success,2026-05-15 23:09:07.156137+00:00
2c9aef4b-c9ea-4c00-bd7d-549d99e2c369,e12bc157-5726-417a-8ff4-df8e71229ce5,ea5d9eb7-02a4-41df-afb7-0154db22afc1,8b9f445b-5b15-4edf-9922-e5486d117557,5807.13,INR,success,2026-05-26 15:47:38.626529+00:00
4c0d3d15-9b32-44c2-9d09-0bd567e11b40,e12bc157-5726-417a-8ff4-df8e71229ce5,ea5d9eb7-02a4-41df-afb7-0154db22afc1,8b9f445b-5b15-4edf-9922-e5486d117557,2351.39,INR,success,2026-05-30 11:13:46.721071+00:00
4e1607c2-f597-4205-b2e0-70d8d99a7081,588550df-6b80-4d8e-afa5-d1ccbc1cdbe7,49956f93-b6ef-4b05-a7e0-d22ff5c96f5d,2d5bcede-ea48-4507-8a88-a5b72788c463,1999.12,INR,success,2026-05-24 16:23:09.458202+00:00
bc35db07-cb51-46c4-aa1c-437879f14ff2,588550df-6b80-4d8e-afa5-d1ccbc1cdbe7,49956f93-b6ef-4b05-a7e0-d22ff5c96f5d,2d5bcede-ea48-4507-8a88-a5b72788c463,3463.58,INR,success,2026-05-31 01:22:19.201994+00:00
bb1a166d-c508-4dce-b504-64b068e5b663,83d4eac6-162d-4934-8296-051891d578c7,1629a580-dffe-4141-a84a-e07ba9a2072e,2d5bcede-ea48-4507-8a88-a5b72788c463,3686.48,INR,success,2026-05-30 07:22:42.646178+00:00
db3ce066-e717-4067-bfb5-48fa0f034bd9,83d4eac6-162d-4934-8296-051891d578c7,1629a580-dffe-4141-a84a-e07ba9a2072e,2d5bcede-ea48-4507-8a88-a5b72788c463,2715.34,INR,success,2026-05-31 00:20:02.025065+00:00
b7086faa-4e87-4178-8a3f-5e7ace4fc5fc,83d4eac6-162d-4934-8296-051891d578c7,1629a580-dffe-4141-a84a-e07ba9a2072e,2d5bcede-ea48-4507-8a88-a5b72788c463,4242.12,INR,success,2026-05-31 19:16:22.777437+00:00
e361d7b7-21fd-45ac-aec2-78725c150ec6,83d4eac6-162d-4934-8296-051891d578c7,1629a580-dffe-4141-a84a-e07ba9a2072e,2d5bcede-ea48-4507-8a88-a5b72788c463,2931.72,INR,success,2026-05-31 19:26:16.302670+00:00
a2ec9c7e-52b4-4146-8bc8-9fd10a8d2569,f02f2c17-5b7f-4a09-b177-6284319a703a,c683f04f-464f-49ac-953c-23f6c6fc8303,882938d9-b112-4854-b10c-4b59a100fc91,4690.86,INR,success,2026-03-21 06:26:43.186241+00:00
212131b2-0d7c-47e8-8e45-1f7fcb382032,f02f2c17-5b7f-4a09-b177-6284319a703a,c683f04f-464f-49ac-953c-23f6c6fc8303,882938d9-b112-4854-b10c-4b59a100fc91,1804.72,INR,success,2026-04-06 20:21:37.805713+00:00
9fcebb1e-3bad-433f-b65d-f2fd013c5274,f02f2c17-5b7f-4a09-b177-6284319a703a,c683f04f-464f-49ac-953c-23f6c6fc8303,882938d9-b112-4854-b10c-4b59a100fc91,990.62,INR,success,2026-05-06 12:14:31.311901+00:00
7a086f0a-04ca-42f1-9cf5-cccdc0763fd0,f02f2c17-5b7f-4a09-b177-6284319a703a,c683f04f-464f-49ac-953c-23f6c6fc8303,882938d9-b112-4854-b10c-4b59a100fc91,2870.29,INR,success,2026-05-17 09:37:30.238038+00:00
2c377c87-7abe-46c4-bf88-3214e2590ef3,12da90ac-6276-4493-aa55-a981c3ab1640,c683f04f-464f-49ac-953c-23f6c6fc8303,882938d9-b112-4854-b10c-4b59a100fc91,3148.34,INR,success,2026-05-31 12:28:38.501845+00:00
df8ef940-c487-4ee1-9c59-ab56f0d9d02a,4fba311f-ef57-40cb-a38b-908ab9624d60,c683f04f-464f-49ac-953c-23f6c6fc8303,882938d9-b112-4854-b10c-4b59a100fc91,2246.88,INR,success,2026-05-24 21:33:09.086890+00:00
6a1ecd4e-45d2-452b-8f90-37724060844a,4fba311f-ef57-40cb-a38b-908ab9624d60,c683f04f-464f-49ac-953c-23f6c6fc8303,882938d9-b112-4854-b10c-4b59a100fc91,3715.12,INR,success,2026-05-24 23:14:13.695329+00:00
f00865a2-d471-4a9e-aa01-728d9aebf0a0,4fba311f-ef57-40cb-a38b-908ab9624d60,c683f04f-464f-49ac-953c-23f6c6fc8303,882938d9-b112-4854-b10c-4b59a100fc91,3971.7,INR,success,2026-05-28 01:17:24.418029+00:00
9c696290-90b5-4886-babb-9ffd16227c0a,4fba311f-ef57-40cb-a38b-908ab9624d60,c683f04f-464f-49ac-953c-23f6c6fc8303,882938d9-b112-4854-b10c-4b59a100fc91,475.02,INR,success,2026-05-31 01:55:41.629740+00:00
c4a2687f-4b32-4f0a-8d91-9b23e0d3783c,84b3e8f9-eb73-44e1-820e-978078f972d7,2db539e0-96d4-4edf-a492-d1cf8c8b9e7e,a9ddf2b2-cb55-4dfb-82c5-cc1b2230a39c,5325.74,INR,success,2026-03-26 01:13:03.912983+00:00
612bba04-cc38-4d7a-9dc2-ce7ddf58979a,84b3e8f9-eb73-44e1-820e-978078f972d7,2db539e0-96d4-4edf-a492-d1cf8c8b9e7e,a9ddf2b2-cb55-4dfb-82c5-cc1b2230a39c,3320.92,INR,success,2026-05-21 01:00:56.806619+00:00
ef642944-8f74-42fb-9d4e-b28d43c7d611,270ea0bc-4f79-4998-86a4-68cfb78227c0,7fdc4b1c-78a0-4001-a9cd-1004fc83a9f7,dded02fa-f201-4220-b4e7-364559b0cf0c,1894.93,INR,success,2026-03-19 01:55:11.920952+00:00
f1d74172-7ee8-4746-9169-d62278c2cba1,270ea0bc-4f79-4998-86a4-68cfb78227c0,7fdc4b1c-78a0-4001-a9cd-1004fc83a9f7,dded02fa-f201-4220-b4e7-364559b0cf0c,538.8,INR,success,2026-04-23 13:56:02.422621+00:00
e8c80eca-de80-4ffc-b0ef-4561303e4849,35c8c305-5c84-4097-8cd0-a1c6de2bd7e1,1fe5dab5-57aa-4f66-8046-006423dfc862,d1db5ca1-063e-429f-ac6f-cbb1af6d382f,2947.89,INR,success,2026-04-08 11:58:55.833734+00:00
b009bd67-c86d-44c1-89b0-4d65a7f32415,35c8c305-5c84-4097-8cd0-a1c6de2bd7e1,1fe5dab5-57aa-4f66-8046-006423dfc862,d1db5ca1-063e-429f-ac6f-cbb1af6d382f,3351.2,INR,success,2026-04-10 21:59:45.234006+00:00
5154c3c3-0c9a-4ddb-bd0a-70e765e31b88,35c8c305-5c84-4097-8cd0-a1c6de2bd7e1,1fe5dab5-57aa-4f66-8046-006423dfc862,d1db5ca1-063e-429f-ac6f-cbb1af6d382f,2668.25,INR,success,2026-04-25 20:49:13.106214+00:00
240a3c70-dfc8-4c94-b36a-0de252768a84,35c8c305-5c84-4097-8cd0-a1c6de2bd7e1,1fe5dab5-57aa-4f66-8046-006423dfc862,d1db5ca1-063e-429f-ac6f-cbb1af6d382f,1518.16,INR,success,2026-04-30 02:21:41.383963+00:00
f9a2afe1-c1bc-4212-bdaf-cf34bd1b1025,35c8c305-5c84-4097-8cd0-a1c6de2bd7e1,1fe5dab5-57aa-4f66-8046-006423dfc862,d1db5ca1-063e-429f-ac6f-cbb1af6d382f,2610.75,INR,success,2026-05-04 08:52:14.122217+00:00
b2559d2b-423e-48be-82d4-3701b879522a,394bf92c-b597-4015-9180-e4705a9eb0d8,bb5fcb87-27ec-40e2-a61b-2253d1a55b22,83fe606d-c257-4a18-b4d2-6def6e605a57,2487.88,INR,success,2026-04-11 23:21:48.882724+00:00
04f62f5a-2353-4198-93de-2556b6c94f2b,394bf92c-b597-4015-9180-e4705a9eb0d8,bb5fcb87-27ec-40e2-a61b-2253d1a55b22,83fe606d-c257-4a18-b4d2-6def6e605a57,2013.22,INR,success,2026-04-12 16:37:15.296075+00:00
f35cf5c9-726a-44e4-99de-8b7ebe9aa9ef,394bf92c-b597-4015-9180-e4705a9eb0d8,bb5fcb87-27ec-40e2-a61b-2253d1a55b22,83fe606d-c257-4a18-b4d2-6def6e605a57,3383.57,INR,success,2026-04-14 02:30:38.588078+00:00
9b9e997b-8fa0-4144-9693-b9cc96dd3aab,394bf92c-b597-4015-9180-e4705a9eb0d8,bb5fcb87-27ec-40e2-a61b-2253d1a55b22,83fe606d-c257-4a18-b4d2-6def6e605a57,2592.22,INR,success,2026-05-11 04:23:33.920695+00:00
2a903952-634c-4226-b7ca-42b91e8783fc,394bf92c-b597-4015-9180-e4705a9eb0d8,bb5fcb87-27ec-40e2-a61b-2253d1a55b22,83fe606d-c257-4a18-b4d2-6def6e605a57,2069.82,INR,success,2026-05-19 04:08:14.696378+00:00
2716790c-046a-402e-a947-a061c8a0250d,394bf92c-b597-4015-9180-e4705a9eb0d8,bb5fcb87-27ec-40e2-a61b-2253d1a55b22,83fe606d-c257-4a18-b4d2-6def6e605a57,4032.97,INR,success,2026-05-31 19:08:35.584024+00:00
cfa6b60f-1b49-4a60-97f8-cc5aadf78fcb,54599aef-eb38-4e97-b862-af5a9898be87,a000c75c-1684-4c16-89dc-5b001284e6a9,13b6fb99-e020-4595-969a-fb93319b214b,4916.66,INR,success,2026-04-25 13:54:31.962540+00:00
96d2c0cd-22f6-4433-b514-c7ce0cb0d367,54599aef-eb38-4e97-b862-af5a9898be87,a000c75c-1684-4c16-89dc-5b001284e6a9,13b6fb99-e020-4595-969a-fb93319b214b,10.0,INR,success,2026-05-21 15:20:52.604856+00:00
97e438e8-d084-4efe-beb6-a7283a6251f4,54599aef-eb38-4e97-b862-af5a9898be87,a000c75c-1684-4c16-89dc-5b001284e6a9,13b6fb99-e020-4595-969a-fb93319b214b,7439.28,INR,success,2026-05-29 09:33:36.771271+00:00
0fa69cb4-6e51-46c2-a621-b68ae5f12de3,97f3881d-88b9-407e-8426-eb9788c336c1,d6b4d6f2-f748-461a-9116-701c8bb25312,ad458321-ca46-44e1-9f5d-a8c12520c5a7,742.43,INR,success,2026-05-07 10:09:15.013724+00:00
3b16d615-5dd2-4a87-9589-ea74fcab56a7,f104f154-2e2c-43f8-8832-a03ca667e910,30cfcf02-c040-4d96-b69d-8d6d75a8661d,3cd39c9b-dda7-4354-b2cd-fe0665138784,690.3,INR,success,2026-05-17 10:22:51.684207+00:00
8ec68080-f000-4996-bb90-10a8a1ce508b,f104f154-2e2c-43f8-8832-a03ca667e910,30cfcf02-c040-4d96-b69d-8d6d75a8661d,3cd39c9b-dda7-4354-b2cd-fe0665138784,947.76,INR,success,2026-05-18 12:56:41.650642+00:00
cd27eb86-5a74-4824-8846-fc6299e5672e,f104f154-2e2c-43f8-8832-a03ca667e910,30cfcf02-c040-4d96-b69d-8d6d75a8661d,3cd39c9b-dda7-4354-b2cd-fe0665138784,1038.04,INR,success,2026-05-30 04:24:35.123679+00:00
64fab601-f51b-4dd0-a1b6-90884b25a3b4,1682a7fd-4ed7-421c-95e4-35e890d5cecd,eb99399b-7b03-4e23-aa8d-78d4605fe23f,30507f27-fc81-4c58-99d1-c0075bfc6cdd,298.38,INR,success,2026-05-15 05:32:55.669311+00:00
e7038880-b35b-4795-b796-9890832d89bf,1682a7fd-4ed7-421c-95e4-35e890d5cecd,eb99399b-7b03-4e23-aa8d-78d4605fe23f,30507f27-fc81-4c58-99d1-c0075bfc6cdd,178.82,INR,success,2026-05-17 16:43:44.313082+00:00
95935ce2-c50b-4928-b2c0-6abbc2ed4284,1682a7fd-4ed7-421c-95e4-35e890d5cecd,eb99399b-7b03-4e23-aa8d-78d4605fe23f,30507f27-fc81-4c58-99d1-c0075bfc6cdd,816.31,INR,success,2026-05-27 10:48:41.807111+00:00
7ad61c8c-8f5f-424e-9422-00ee8a702f85,55793be6-ad08-4d6c-90fc-2809683ad5fb,93b19e4b-25c0-4c5b-9e72-dc4fe49b03d0,55b900bc-61e6-43b5-bdfa-5dcab8456f19,1774.17,INR,success,2026-04-25 19:03:08.579513+00:00
c9bea609-0a3b-45c7-b845-d4890b70c3a8,55793be6-ad08-4d6c-90fc-2809683ad5fb,93b19e4b-25c0-4c5b-9e72-dc4fe49b03d0,55b900bc-61e6-43b5-bdfa-5dcab8456f19,1645.93,INR,success,2026-05-20 01:49:10.594363+00:00
029744ea-78fe-455f-9acc-1372cdaa4f07,8f04e806-f0c8-4245-aa24-7943bbfd0359,93b19e4b-25c0-4c5b-9e72-dc4fe49b03d0,55b900bc-61e6-43b5-bdfa-5dcab8456f19,1340.1,INR,success,2026-04-11 04:30:52.803594+00:00
f7d26fa8-a84c-4873-9e65-ff3ddcd68a32,8f04e806-f0c8-4245-aa24-7943bbfd0359,93b19e4b-25c0-4c5b-9e72-dc4fe49b03d0,55b900bc-61e6-43b5-bdfa-5dcab8456f19,222.87,INR,success,2026-04-29 17:21:22.220279+00:00
1d5a4b4a-d622-4df9-b72b-8526e86ce9aa,8f04e806-f0c8-4245-aa24-7943bbfd0359,93b19e4b-25c0-4c5b-9e72-dc4fe49b03d0,55b900bc-61e6-43b5-bdfa-5dcab8456f19,396.37,INR,success,2026-05-18 12:21:40.726236+00:00
8791ad61-6252-460d-a0c9-61f18fe45dd9,8f04e806-f0c8-4245-aa24-7943bbfd0359,93b19e4b-25c0-4c5b-9e72-dc4fe49b03d0,55b900bc-61e6-43b5-bdfa-5dcab8456f19,1445.81,INR,success,2026-05-23 21:52:47.234111+00:00
94b2fba9-0b02-48bf-9a2a-354c48c4e94e,8f04e806-f0c8-4245-aa24-7943bbfd0359,93b19e4b-25c0-4c5b-9e72-dc4fe49b03d0,55b900bc-61e6-43b5-bdfa-5dcab8456f19,986.82,INR,success,2026-05-24 11:11:30.620857+00:00
b6a9c3ba-1144-4c92-9351-a2c40e217e9f,a3f0215a-8111-4818-ada5-cd50dddf463b,93b19e4b-25c0-4c5b-9e72-dc4fe49b03d0,55b900bc-61e6-43b5-bdfa-5dcab8456f19,4564.55,INR,success,2026-05-29 18:14:10.060802+00:00
65487803-bea2-415f-9d41-8d64889b7691,d8212586-0cc0-43cc-aa13-f66dcd047e6c,93b19e4b-25c0-4c5b-9e72-dc4fe49b03d0,55b900bc-61e6-43b5-bdfa-5dcab8456f19,853.2,INR,success,2026-05-21 04:34:54.932985+00:00
532a8201-81a5-457f-9fe4-340c955aee08,d8212586-0cc0-43cc-aa13-f66dcd047e6c,93b19e4b-25c0-4c5b-9e72-dc4fe49b03d0,55b900bc-61e6-43b5-bdfa-5dcab8456f19,581.02,INR,success,2026-05-25 03:51:53.548401+00:00
6544d9a6-29a7-45e8-a25e-ab3380fd26ae,d8212586-0cc0-43cc-aa13-f66dcd047e6c,93b19e4b-25c0-4c5b-9e72-dc4fe49b03d0,55b900bc-61e6-43b5-bdfa-5dcab8456f19,285.24,INR,success,2026-05-25 09:15:36.912593+00:00
bb20f59a-7941-4191-8ea7-ca68df94c424,d8212586-0cc0-43cc-aa13-f66dcd047e6c,93b19e4b-25c0-4c5b-9e72-dc4fe49b03d0,55b900bc-61e6-43b5-bdfa-5dcab8456f19,1925.14,INR,success,2026-05-29 22:59:26.160207+00:00
30b2e3d5-e25b-4555-a1b4-f575304ab853,d8212586-0cc0-43cc-aa13-f66dcd047e6c,93b19e4b-25c0-4c5b-9e72-dc4fe49b03d0,55b900bc-61e6-43b5-bdfa-5dcab8456f19,257.37,INR,success,2026-05-30 12:15:23.954527+00:00
aad3ce65-7f10-4b36-8a3c-394903fb421a,d8212586-0cc0-43cc-aa13-f66dcd047e6c,93b19e4b-25c0-4c5b-9e72-dc4fe49b03d0,55b900bc-61e6-43b5-bdfa-5dcab8456f19,918.58,INR,success,2026-05-31 06:54:35.333663+00:00
5099611c-f97f-4944-be82-a12992ab8acb,f80fe7d5-43c6-4e81-93e6-3e5e85d58517,2107944f-ae50-45eb-b5ce-8f6d568cca8b,f5c0e608-dd5e-4893-88f7-db7590f2ae1a,5127.84,INR,success,2026-03-26 15:23:18.970177+00:00
57393016-e443-490d-af71-309ac0f3e657,d344c57a-5be4-48a2-b761-d777ea488c78,dcc0dbeb-54ba-417a-a9af-2cc050d203e2,f5c0e608-dd5e-4893-88f7-db7590f2ae1a,366.54,INR,success,2026-04-01 10:06:16.363765+00:00
e43d1ce3-5cdd-417b-9f6a-9584f2c15786,d344c57a-5be4-48a2-b761-d777ea488c78,dcc0dbeb-54ba-417a-a9af-2cc050d203e2,f5c0e608-dd5e-4893-88f7-db7590f2ae1a,563.01,INR,success,2026-04-04 05:41:34.855498+00:00
427bef38-9dae-4f39-864c-ac57d6e91f4d,d344c57a-5be4-48a2-b761-d777ea488c78,dcc0dbeb-54ba-417a-a9af-2cc050d203e2,f5c0e608-dd5e-4893-88f7-db7590f2ae1a,1033.55,INR,success,2026-05-01 07:13:30.318451+00:00
d19eeec8-4ad9-475d-9eae-cbf085b638bf,d344c57a-5be4-48a2-b761-d777ea488c78,dcc0dbeb-54ba-417a-a9af-2cc050d203e2,f5c0e608-dd5e-4893-88f7-db7590f2ae1a,713.73,INR,success,2026-05-12 14:43:49.804492+00:00
402c5da9-6c9e-4611-889a-ec9421153e2b,d344c57a-5be4-48a2-b761-d777ea488c78,dcc0dbeb-54ba-417a-a9af-2cc050d203e2,f5c0e608-dd5e-4893-88f7-db7590f2ae1a,752.9,INR,success,2026-05-17 07:35:28.041793+00:00
72eb53f5-e6ff-4119-8ffa-ade2baab44bb,d344c57a-5be4-48a2-b761-d777ea488c78,dcc0dbeb-54ba-417a-a9af-2cc050d203e2,f5c0e608-dd5e-4893-88f7-db7590f2ae1a,788.64,INR,success,2026-05-23 20:41:19.182353+00:00
c4adba37-21d9-4fb0-9b10-ac28bf0e03b1,8cc14abb-cc39-41e9-bf16-9366c20b3cfc,12e571b2-4d0e-47dd-b2a1-832a5acac234,b4abd70e-0ce8-4732-a89f-c883b7289a91,3974.25,INR,success,2026-05-07 19:17:13.545984+00:00
94e9034e-5ffe-4edd-836c-c2700c6466b1,8cc14abb-cc39-41e9-bf16-9366c20b3cfc,12e571b2-4d0e-47dd-b2a1-832a5acac234,b4abd70e-0ce8-4732-a89f-c883b7289a91,3890.87,INR,success,2026-05-15 15:57:01.570882+00:00
faa3cc38-232e-46aa-85c2-efc8ba7a5fcc,8cc14abb-cc39-41e9-bf16-9366c20b3cfc,12e571b2-4d0e-47dd-b2a1-832a5acac234,b4abd70e-0ce8-4732-a89f-c883b7289a91,5976.02,INR,success,2026-05-18 04:29:52.452172+00:00
2d7cca61-4161-475e-ab49-068c1abd7ca2,8cc14abb-cc39-41e9-bf16-9366c20b3cfc,12e571b2-4d0e-47dd-b2a1-832a5acac234,b4abd70e-0ce8-4732-a89f-c883b7289a91,3868.29,INR,success,2026-05-22 03:13:46.700765+00:00
24a68374-1ef6-44cf-a518-86fdaadc2e3d,8cc14abb-cc39-41e9-bf16-9366c20b3cfc,12e571b2-4d0e-47dd-b2a1-832a5acac234,b4abd70e-0ce8-4732-a89f-c883b7289a91,3475.03,INR,success,2026-05-30 02:14:06.225368+00:00
58e1b13d-300c-407a-a902-e3fdee34067a,8cc14abb-cc39-41e9-bf16-9366c20b3cfc,12e571b2-4d0e-47dd-b2a1-832a5acac234,b4abd70e-0ce8-4732-a89f-c883b7289a91,6216.41,INR,success,2026-05-30 15:31:21.439656+00:00
a3647e8b-b704-4d76-8b30-2be75fb9fed5,32f53a32-62c9-4d32-8f03-52fdc2f51c79,12e571b2-4d0e-47dd-b2a1-832a5acac234,b4abd70e-0ce8-4732-a89f-c883b7289a91,1797.34,INR,success,2026-05-29 09:47:54.012384+00:00
2c11cbcb-da18-4292-90e8-76478cecaee3,5038014a-f9f0-4df6-9ab0-fb0f76de81d9,526f2627-9cca-479f-bf7b-8a8910533c0f,1996ef86-d754-4bbb-91ee-1d4be410f3f7,2757.38,INR,success,2026-03-18 05:02:16.227826+00:00
843201d2-c0da-4f47-883d-2be2f8b01c5f,5038014a-f9f0-4df6-9ab0-fb0f76de81d9,526f2627-9cca-479f-bf7b-8a8910533c0f,1996ef86-d754-4bbb-91ee-1d4be410f3f7,2959.68,INR,success,2026-04-17 15:20:50.035342+00:00
4dfe2b53-0987-479e-ba6f-6cc08169fac0,5038014a-f9f0-4df6-9ab0-fb0f76de81d9,526f2627-9cca-479f-bf7b-8a8910533c0f,1996ef86-d754-4bbb-91ee-1d4be410f3f7,2907.28,INR,success,2026-04-30 06:47:04.624729+00:00
5a44900d-fdae-46c6-beaf-8d612e9c6339,5038014a-f9f0-4df6-9ab0-fb0f76de81d9,526f2627-9cca-479f-bf7b-8a8910533c0f,1996ef86-d754-4bbb-91ee-1d4be410f3f7,648.7,INR,success,2026-05-04 11:52:09.049203+00:00
b0735620-4692-4324-a05d-a33cbb5a9613,ebfaefe1-2f6c-4f6e-9db1-59240956ea95,526f2627-9cca-479f-bf7b-8a8910533c0f,1996ef86-d754-4bbb-91ee-1d4be410f3f7,1648.7,INR,success,2026-05-02 04:26:23.930318+00:00
05b11152-6950-4108-be2c-d1b118abf390,ebfaefe1-2f6c-4f6e-9db1-59240956ea95,526f2627-9cca-479f-bf7b-8a8910533c0f,1996ef86-d754-4bbb-91ee-1d4be410f3f7,959.58,INR,success,2026-05-04 22:11:44.413517+00:00
c22a23b1-f8b7-42ae-8062-fa906a4a1b2c,ebfaefe1-2f6c-4f6e-9db1-59240956ea95,526f2627-9cca-479f-bf7b-8a8910533c0f,1996ef86-d754-4bbb-91ee-1d4be410f3f7,1834.95,INR,success,2026-05-09 23:08:03.492682+00:00
02d4ef12-6165-46c4-a988-619628b6fccf,ebfaefe1-2f6c-4f6e-9db1-59240956ea95,526f2627-9cca-479f-bf7b-8a8910533c0f,1996ef86-d754-4bbb-91ee-1d4be410f3f7,328.18,INR,success,2026-05-16 06:44:48.622722+00:00
b296b993-75e6-4c57-b495-f308ef2c7181,ebfaefe1-2f6c-4f6e-9db1-59240956ea95,526f2627-9cca-479f-bf7b-8a8910533c0f,1996ef86-d754-4bbb-91ee-1d4be410f3f7,1463.89,INR,success,2026-05-23 16:19:41.925403+00:00
c8d00175-14aa-4188-b69d-d312fcce0d8b,ebfaefe1-2f6c-4f6e-9db1-59240956ea95,526f2627-9cca-479f-bf7b-8a8910533c0f,1996ef86-d754-4bbb-91ee-1d4be410f3f7,812.39,INR,success,2026-05-29 23:40:59.268011+00:00
98300534-e05f-4c1e-b3af-b91717b8abf4,e57d983d-1103-4d62-8610-4a631eba205e,526f2627-9cca-479f-bf7b-8a8910533c0f,1996ef86-d754-4bbb-91ee-1d4be410f3f7,383.88,INR,success,2026-05-31 03:38:04.081527+00:00
40ab26ed-3c06-44c5-9bcb-9067fab583a9,0f8b6975-f17e-4376-be8e-a5a6f866a2b9,526f2627-9cca-479f-bf7b-8a8910533c0f,1996ef86-d754-4bbb-91ee-1d4be410f3f7,1056.57,INR,success,2026-05-10 12:37:16.876098+00:00
d182b488-ee59-4e18-a7fd-bd7ebe3ea755,0f8b6975-f17e-4376-be8e-a5a6f866a2b9,526f2627-9cca-479f-bf7b-8a8910533c0f,1996ef86-d754-4bbb-91ee-1d4be410f3f7,2176.84,INR,success,2026-05-25 18:27:27.017020+00:00
4cdf26c4-5d19-41b6-85ab-b5f8b56f1301,accf2623-4c5c-4fab-b628-d7b6ba6bb4cc,2fa81e21-edee-4670-bc4e-f9fb93d7ee12,ab91380c-5422-484c-a882-987e0af721f4,1850.39,INR,success,2026-03-26 01:14:01.693799+00:00
54f8c90d-7b9b-41e0-bc20-368952217562,accf2623-4c5c-4fab-b628-d7b6ba6bb4cc,2fa81e21-edee-4670-bc4e-f9fb93d7ee12,ab91380c-5422-484c-a882-987e0af721f4,2282.96,INR,success,2026-03-31 04:44:04.948351+00:00
e2c831ce-6210-4150-a5e0-14d199ccf793,accf2623-4c5c-4fab-b628-d7b6ba6bb4cc,2fa81e21-edee-4670-bc4e-f9fb93d7ee12,ab91380c-5422-484c-a882-987e0af721f4,1764.38,INR,success,2026-04-14 04:40:29.967728+00:00
9e5ae9ce-622d-4caf-a6ef-e89b076f9ca1,accf2623-4c5c-4fab-b628-d7b6ba6bb4cc,2fa81e21-edee-4670-bc4e-f9fb93d7ee12,ab91380c-5422-484c-a882-987e0af721f4,2602.56,INR,success,2026-04-27 03:06:35.024318+00:00
37585c72-3b2c-4568-a2d1-9abf86c78f3c,accf2623-4c5c-4fab-b628-d7b6ba6bb4cc,2fa81e21-edee-4670-bc4e-f9fb93d7ee12,ab91380c-5422-484c-a882-987e0af721f4,2446.96,INR,success,2026-05-19 23:39:08.491028+00:00
32abd9e1-d311-4dab-8827-a1413d9ee1cd,accf2623-4c5c-4fab-b628-d7b6ba6bb4cc,2fa81e21-edee-4670-bc4e-f9fb93d7ee12,ab91380c-5422-484c-a882-987e0af721f4,1915.41,INR,success,2026-05-23 21:55:24.723714+00:00
04772ac8-81af-49b7-ae47-dd19625cc2d3,be3967a8-1998-48ef-9df2-d32a3f65aabf,2fa81e21-edee-4670-bc4e-f9fb93d7ee12,ab91380c-5422-484c-a882-987e0af721f4,239.63,INR,success,2026-03-23 07:09:34.339393+00:00
5cb0aa4d-1dd5-439a-ad27-067b22963fee,be3967a8-1998-48ef-9df2-d32a3f65aabf,2fa81e21-edee-4670-bc4e-f9fb93d7ee12,ab91380c-5422-484c-a882-987e0af721f4,268.31,INR,success,2026-03-31 20:17:36.450753+00:00
854d3a84-ac7f-484d-9de2-b7c72fd44873,be3967a8-1998-48ef-9df2-d32a3f65aabf,2fa81e21-edee-4670-bc4e-f9fb93d7ee12,ab91380c-5422-484c-a882-987e0af721f4,5206.1,INR,success,2026-04-12 04:11:56.456118+00:00
bcb95f0c-9c55-4629-b418-a11651a510c3,be3967a8-1998-48ef-9df2-d32a3f65aabf,2fa81e21-edee-4670-bc4e-f9fb93d7ee12,ab91380c-5422-484c-a882-987e0af721f4,275.19,INR,success,2026-05-27 17:50:42.933306+00:00
661973f9-067c-4af5-acb7-377c3600d322,67d5b329-1a24-4443-8931-cd37f340175b,2fa81e21-edee-4670-bc4e-f9fb93d7ee12,ab91380c-5422-484c-a882-987e0af721f4,909.88,INR,success,2026-04-03 08:44:09.809254+00:00
ca3d3892-d091-42fb-bf7b-0980d1f9fa46,67d5b329-1a24-4443-8931-cd37f340175b,2fa81e21-edee-4670-bc4e-f9fb93d7ee12,ab91380c-5422-484c-a882-987e0af721f4,1199.64,INR,success,2026-05-07 02:11:26.528931+00:00
f32ce680-b00d-4791-91a9-8ce656fdca09,aadcb66a-71ae-46ef-9ba6-b5b3374ec0c9,2fa81e21-edee-4670-bc4e-f9fb93d7ee12,ab91380c-5422-484c-a882-987e0af721f4,894.38,INR,success,2026-05-14 06:05:13.370493+00:00
d05d23eb-7564-4618-9509-a94c5bd42e84,aadcb66a-71ae-46ef-9ba6-b5b3374ec0c9,2fa81e21-edee-4670-bc4e-f9fb93d7ee12,ab91380c-5422-484c-a882-987e0af721f4,963.23,INR,success,2026-05-17 13:01:48.944187+00:00
05815182-6040-4555-ab53-473899e35a76,aadcb66a-71ae-46ef-9ba6-b5b3374ec0c9,2fa81e21-edee-4670-bc4e-f9fb93d7ee12,ab91380c-5422-484c-a882-987e0af721f4,1175.25,INR,success,2026-05-25 06:43:52.103229+00:00
88677234-48d7-40dc-8bc2-017bc4aad998,aadcb66a-71ae-46ef-9ba6-b5b3374ec0c9,2fa81e21-edee-4670-bc4e-f9fb93d7ee12,ab91380c-5422-484c-a882-987e0af721f4,856.25,INR,success,2026-05-26 18:21:02.309156+00:00
612de3a9-6250-46c3-b836-8e22a3e3d697,aadcb66a-71ae-46ef-9ba6-b5b3374ec0c9,2fa81e21-edee-4670-bc4e-f9fb93d7ee12,ab91380c-5422-484c-a882-987e0af721f4,1011.26,INR,success,2026-05-30 19:16:33.728592+00:00
1710f18d-1242-4fe8-a868-0c889cc408c9,3e42ae6b-bea5-429d-b7bf-b10281dc4e26,2fa81e21-edee-4670-bc4e-f9fb93d7ee12,ab91380c-5422-484c-a882-987e0af721f4,2615.64,INR,success,2026-05-27 14:53:59.044612+00:00
8ff7c235-fae7-40bf-9b5c-e7c87001b1e6,3e42ae6b-bea5-429d-b7bf-b10281dc4e26,2fa81e21-edee-4670-bc4e-f9fb93d7ee12,ab91380c-5422-484c-a882-987e0af721f4,6006.75,INR,success,2026-05-28 08:06:30.528765+00:00
a9ab16e8-834b-4c3c-8849-0950e0877d5a,43d71404-e0b9-4d08-aee5-18cb7f4536ac,9d280088-109f-4b9b-97e6-88c569e47817,cf2570e7-f082-4b5c-9570-f0c18dd6921a,1469.4,INR,success,2026-04-27 04:34:38.961560+00:00
6ae319a9-bba5-474d-bfad-391e91e9efe9,fdbae580-9204-46c4-9909-e9feb18166d0,9d280088-109f-4b9b-97e6-88c569e47817,cf2570e7-f082-4b5c-9570-f0c18dd6921a,511.86,INR,success,2026-05-21 07:49:16.633203+00:00
d5f8146a-6c94-40fc-9894-9bb981a62a24,fdbae580-9204-46c4-9909-e9feb18166d0,9d280088-109f-4b9b-97e6-88c569e47817,cf2570e7-f082-4b5c-9570-f0c18dd6921a,556.44,INR,success,2026-05-22 14:29:52.978525+00:00
18e570c6-881d-4145-9ed7-d9f0343c55e7,fdbae580-9204-46c4-9909-e9feb18166d0,9d280088-109f-4b9b-97e6-88c569e47817,cf2570e7-f082-4b5c-9570-f0c18dd6921a,184.24,INR,success,2026-05-23 02:43:13.627697+00:00
c3350be6-237b-40f3-bedb-bd68c906d5ff,fdbae580-9204-46c4-9909-e9feb18166d0,9d280088-109f-4b9b-97e6-88c569e47817,cf2570e7-f082-4b5c-9570-f0c18dd6921a,420.7,INR,success,2026-05-26 23:59:18.202173+00:00
de9e670e-fc1e-4f9d-96df-378699e62d3b,fdbae580-9204-46c4-9909-e9feb18166d0,9d280088-109f-4b9b-97e6-88c569e47817,cf2570e7-f082-4b5c-9570-f0c18dd6921a,406.88,INR,success,2026-05-31 14:06:13.901848+00:00
3b663a6d-77fc-4c0f-b15d-0d8c93b494fc,9d49db0f-edcc-40bf-be67-06e47255d67a,8752cebf-f896-4f70-a2a1-93d78b5561f3,70ebab78-74a7-42f5-967f-0a98655a6a09,2299.81,INR,success,2026-05-04 16:24:30.600089+00:00
5d64d83e-c02f-4fb7-8ef0-7308d3db1e25,9d49db0f-edcc-40bf-be67-06e47255d67a,8752cebf-f896-4f70-a2a1-93d78b5561f3,70ebab78-74a7-42f5-967f-0a98655a6a09,3570.04,INR,success,2026-05-13 08:10:22.716226+00:00
7ab0cfa6-00c6-4ba1-9a35-7b492700e971,9d49db0f-edcc-40bf-be67-06e47255d67a,8752cebf-f896-4f70-a2a1-93d78b5561f3,70ebab78-74a7-42f5-967f-0a98655a6a09,3613.13,INR,success,2026-05-16 16:00:59.876911+00:00
fb21bbe7-3338-40e4-a357-d4df0d5ffb61,9d49db0f-edcc-40bf-be67-06e47255d67a,8752cebf-f896-4f70-a2a1-93d78b5561f3,70ebab78-74a7-42f5-967f-0a98655a6a09,3658.08,INR,success,2026-05-20 08:32:47.446719+00:00
e67b8246-2050-41ca-9d0c-13eee10ff72d,9d49db0f-edcc-40bf-be67-06e47255d67a,8752cebf-f896-4f70-a2a1-93d78b5561f3,70ebab78-74a7-42f5-967f-0a98655a6a09,2877.69,INR,success,2026-05-23 01:00:34.514090+00:00
56e1f252-dabf-44a6-97d3-04b419d21836,9d49db0f-edcc-40bf-be67-06e47255d67a,8752cebf-f896-4f70-a2a1-93d78b5561f3,70ebab78-74a7-42f5-967f-0a98655a6a09,2920.57,INR,success,2026-05-27 19:32:05.182975+00:00
a0a7722d-ba74-4f40-a787-3d5671b37ea0,b33c72ec-c00c-479a-9e03-58b053c74d2f,8752cebf-f896-4f70-a2a1-93d78b5561f3,e993be29-320e-4ed9-9ede-dab181780504,4643.18,INR,success,2026-05-22 01:23:46.913299+00:00
f008f78e-8679-413f-a9c1-acc6a709c12b,b33c72ec-c00c-479a-9e03-58b053c74d2f,8752cebf-f896-4f70-a2a1-93d78b5561f3,e993be29-320e-4ed9-9ede-dab181780504,6470.58,INR,success,2026-05-26 18:26:44.837510+00:00
231311c0-19a5-4301-b847-4292c253aee6,b33c72ec-c00c-479a-9e03-58b053c74d2f,8752cebf-f896-4f70-a2a1-93d78b5561f3,e993be29-320e-4ed9-9ede-dab181780504,4953.64,INR,success,2026-05-31 07:47:05.330892+00:00
1ddaa19b-5bb4-4153-8c25-24587ca45107,c4291665-6664-44cd-b05e-0980907bd177,8752cebf-f896-4f70-a2a1-93d78b5561f3,e0bf4d0f-d00b-4639-bd0a-580f76be523a,1526.05,INR,success,2026-05-27 09:51:06.521982+00:00
421443e7-408d-4aec-adaa-1710ad6fdc44,c4291665-6664-44cd-b05e-0980907bd177,8752cebf-f896-4f70-a2a1-93d78b5561f3,e0bf4d0f-d00b-4639-bd0a-580f76be523a,3165.65,INR,success,2026-05-27 16:40:16.070397+00:00
9c382a78-261f-4dd3-87e8-2915cd1e5587,c4291665-6664-44cd-b05e-0980907bd177,8752cebf-f896-4f70-a2a1-93d78b5561f3,e0bf4d0f-d00b-4639-bd0a-580f76be523a,1284.29,INR,success,2026-05-31 23:10:22.229874+00:00
577ffcb3-7a08-424d-b381-a80e85d0f238,218769ea-a674-4cc5-aee9-1d7c598ffefc,2ce5c296-ea74-4993-bdc1-f9411486b158,e0d4b185-0c48-49d7-a33f-317b007b49c2,230.03,INR,success,2026-03-29 12:54:49.187116+00:00
87abd680-cf8a-413d-80f8-fd23f7a5ffdd,218769ea-a674-4cc5-aee9-1d7c598ffefc,2ce5c296-ea74-4993-bdc1-f9411486b158,e0d4b185-0c48-49d7-a33f-317b007b49c2,164.74,INR,success,2026-04-08 14:02:59.892072+00:00
9ebd4908-69e1-4798-b712-bdc53a4cb395,218769ea-a674-4cc5-aee9-1d7c598ffefc,2ce5c296-ea74-4993-bdc1-f9411486b158,e0d4b185-0c48-49d7-a33f-317b007b49c2,3626.51,INR,success,2026-04-15 03:23:02.742408+00:00
53685f6b-7058-4700-98c6-b33cc188c35e,5fd7fcee-4181-424a-9588-3c066644a312,2ce5c296-ea74-4993-bdc1-f9411486b158,e0d4b185-0c48-49d7-a33f-317b007b49c2,2997.06,INR,success,2026-05-24 10:42:03.840753+00:00
a80071af-16be-44ab-a638-314ea2502801,ef37c7cf-d943-4887-83be-72188b931464,f3fe45d1-1701-4779-9acb-f94db2e021a7,0cb3c3cf-3452-48ed-b2f5-3ae668bbe5e2,1114.43,INR,success,2026-03-25 14:45:19.369732+00:00
97270fa5-393c-4c99-acb1-117fb63e8e19,ef37c7cf-d943-4887-83be-72188b931464,f3fe45d1-1701-4779-9acb-f94db2e021a7,0cb3c3cf-3452-48ed-b2f5-3ae668bbe5e2,1220.52,INR,success,2026-04-20 09:26:18.863118+00:00
f4bc72dd-b23d-476e-b221-8a691c15df88,ef37c7cf-d943-4887-83be-72188b931464,f3fe45d1-1701-4779-9acb-f94db2e021a7,0cb3c3cf-3452-48ed-b2f5-3ae668bbe5e2,1451.56,INR,success,2026-05-17 02:53:12.344150+00:00
8e77ea96-f020-4bfd-a725-83a240edb0b3,ef37c7cf-d943-4887-83be-72188b931464,f3fe45d1-1701-4779-9acb-f94db2e021a7,0cb3c3cf-3452-48ed-b2f5-3ae668bbe5e2,596.82,INR,success,2026-05-28 07:53:16.980126+00:00
3f241e39-dc49-41e3-966d-447a6bc6449e,cc9bd107-3494-4248-9d3d-802852bd37cf,f3fe45d1-1701-4779-9acb-f94db2e021a7,47e69c9a-4c15-42cc-85cf-d386a33305fa,2727.84,INR,success,2026-04-08 21:10:05.921546+00:00
3265cd50-052e-4ba6-bfce-69eae2382ef5,cc9bd107-3494-4248-9d3d-802852bd37cf,f3fe45d1-1701-4779-9acb-f94db2e021a7,47e69c9a-4c15-42cc-85cf-d386a33305fa,3519.79,INR,success,2026-04-19 23:04:28.093588+00:00
475e5db8-b632-4e68-93c0-1e145460a35c,cc9bd107-3494-4248-9d3d-802852bd37cf,f3fe45d1-1701-4779-9acb-f94db2e021a7,47e69c9a-4c15-42cc-85cf-d386a33305fa,3943.64,INR,success,2026-05-04 08:44:15.736285+00:00
5c6460f1-a944-4830-bc71-6b3aa31ca459,9407a140-124f-4c58-b981-7ae63dc2c555,f3fe45d1-1701-4779-9acb-f94db2e021a7,7d28f35a-0ab3-47c3-b024-379f3bbf7735,2032.26,INR,success,2026-04-29 14:19:43.178489+00:00
91f36ddb-96ab-461f-a4bd-1853a642a264,9407a140-124f-4c58-b981-7ae63dc2c555,f3fe45d1-1701-4779-9acb-f94db2e021a7,7d28f35a-0ab3-47c3-b024-379f3bbf7735,1385.94,INR,success,2026-05-09 05:22:01.857780+00:00
0b1f4063-aeb3-4ad2-a0c4-e3d7ab01b91c,2edd7d8b-2764-45a4-8b93-90b15057fee6,0a5ed5c2-3f27-4679-a4cf-f96af21c52f8,3eb63440-f896-459b-adb4-6660ddc8b861,827.92,INR,success,2026-04-18 18:36:32.660485+00:00
a988d42b-9eb7-44e3-96a5-84993e5d8aeb,2edd7d8b-2764-45a4-8b93-90b15057fee6,0a5ed5c2-3f27-4679-a4cf-f96af21c52f8,3eb63440-f896-459b-adb4-6660ddc8b861,317.6,INR,success,2026-05-14 09:22:12.399475+00:00
f902aead-6bbd-4db0-b9d6-b260e115f041,8abbc267-67e7-4a27-934a-0c9590823bf3,e6f92c87-ff35-4794-a372-8db6e2e3ae1d,3eb63440-f896-459b-adb4-6660ddc8b861,942.92,INR,success,2026-04-21 19:47:39.820188+00:00
4d4cf29c-808c-42ae-9eca-09a89d0e4120,8abbc267-67e7-4a27-934a-0c9590823bf3,e6f92c87-ff35-4794-a372-8db6e2e3ae1d,3eb63440-f896-459b-adb4-6660ddc8b861,656.73,INR,success,2026-05-17 22:31:23.352351+00:00
240733f3-8d0a-49b8-bced-c1dc2c824c2b,8abbc267-67e7-4a27-934a-0c9590823bf3,e6f92c87-ff35-4794-a372-8db6e2e3ae1d,3eb63440-f896-459b-adb4-6660ddc8b861,1386.63,INR,success,2026-05-31 05:46:54.175410+00:00
68fc8378-907a-4f45-832b-ea7472624b4e,f00224c1-899a-4459-b3f1-5699ffe8f162,4185e39c-a9fe-4bd6-bf5d-16e8ea2dc796,3eb63440-f896-459b-adb4-6660ddc8b861,1586.64,INR,success,2026-05-13 06:28:08.661200+00:00
0714dabd-6b7a-4521-bdf7-a222298596ea,f00224c1-899a-4459-b3f1-5699ffe8f162,4185e39c-a9fe-4bd6-bf5d-16e8ea2dc796,3eb63440-f896-459b-adb4-6660ddc8b861,1923.11,INR,success,2026-05-21 21:51:15.849420+00:00
3d480bac-46c4-4ece-8609-b608a0114af1,f00224c1-899a-4459-b3f1-5699ffe8f162,4185e39c-a9fe-4bd6-bf5d-16e8ea2dc796,3eb63440-f896-459b-adb4-6660ddc8b861,1908.31,INR,success,2026-05-21 22:40:19.977443+00:00
65650b7d-082b-4354-96a6-5f1339e064aa,f00224c1-899a-4459-b3f1-5699ffe8f162,4185e39c-a9fe-4bd6-bf5d-16e8ea2dc796,3eb63440-f896-459b-adb4-6660ddc8b861,2618.57,INR,success,2026-05-25 09:21:53.004891+00:00
f3a7fe1e-3b52-46b6-b663-90843dada913,eebb9369-c465-4601-97ba-bb58dd3046ca,01867ef5-b8c3-40f4-ad41-3ab063dc9fdc,b611176a-dba9-45ca-8dcc-6e78708dba63,53.78,INR,success,2026-05-02 14:57:46.798341+00:00
c0156b7a-52a4-47fa-a4e2-b1d83edf6109,eebb9369-c465-4601-97ba-bb58dd3046ca,01867ef5-b8c3-40f4-ad41-3ab063dc9fdc,b611176a-dba9-45ca-8dcc-6e78708dba63,10.0,INR,success,2026-05-04 18:52:29.648972+00:00
1896058d-ec0d-4678-bc9e-bfb0df879810,eebb9369-c465-4601-97ba-bb58dd3046ca,01867ef5-b8c3-40f4-ad41-3ab063dc9fdc,b611176a-dba9-45ca-8dcc-6e78708dba63,930.59,INR,success,2026-05-13 23:32:11.573762+00:00
065f9301-1f68-44ac-b8fb-0dc6b78a0d81,eebb9369-c465-4601-97ba-bb58dd3046ca,01867ef5-b8c3-40f4-ad41-3ab063dc9fdc,b611176a-dba9-45ca-8dcc-6e78708dba63,119.0,INR,success,2026-05-19 09:57:52.784031+00:00
33499064-81a3-4014-a2a7-423ee3c9c0a0,8365f183-a123-4092-86ca-2f8c7cb561ed,e9be4cc7-1ad1-484b-a97c-61d10a6d57a1,f3737f5a-8892-4087-820e-c876c7a2addc,2119.72,INR,success,2026-05-05 11:26:37.550865+00:00
8e5adb87-67b4-4de6-a6a4-441ce795a623,8365f183-a123-4092-86ca-2f8c7cb561ed,e9be4cc7-1ad1-484b-a97c-61d10a6d57a1,f3737f5a-8892-4087-820e-c876c7a2addc,1337.79,INR,success,2026-05-22 05:18:28.543971+00:00
79ba333c-6283-488a-ba14-5df8703c426c,cf72adaa-810f-45cb-8957-134e5af7ebd5,8a4fb0cd-a71f-4482-85bf-649fb1de55a3,e0175a9e-86bd-4036-b0a6-86db6ad772ff,2446.08,INR,success,2026-05-07 06:45:25.848491+00:00
54cac22f-6602-4808-8c9f-d47cd71fa296,cf72adaa-810f-45cb-8957-134e5af7ebd5,8a4fb0cd-a71f-4482-85bf-649fb1de55a3,e0175a9e-86bd-4036-b0a6-86db6ad772ff,2136.89,INR,success,2026-05-08 06:24:06.362817+00:00
676c9ab4-b41d-4366-8592-87abd9ce1f60,cf72adaa-810f-45cb-8957-134e5af7ebd5,8a4fb0cd-a71f-4482-85bf-649fb1de55a3,e0175a9e-86bd-4036-b0a6-86db6ad772ff,2695.66,INR,success,2026-05-11 03:06:12.251215+00:00
dcb72d5f-d8f2-430d-8405-c3c02fc4517e,cf72adaa-810f-45cb-8957-134e5af7ebd5,8a4fb0cd-a71f-4482-85bf-649fb1de55a3,e0175a9e-86bd-4036-b0a6-86db6ad772ff,1153.73,INR,success,2026-05-22 05:07:06.044826+00:00
56da8e27-719f-4bf7-8eed-bd9a8f199209,cf72adaa-810f-45cb-8957-134e5af7ebd5,8a4fb0cd-a71f-4482-85bf-649fb1de55a3,e0175a9e-86bd-4036-b0a6-86db6ad772ff,784.02,INR,success,2026-05-22 14:45:44.926174+00:00
2da569d5-c7a6-4af1-b081-ac18ab8a64c0,cf72adaa-810f-45cb-8957-134e5af7ebd5,8a4fb0cd-a71f-4482-85bf-649fb1de55a3,e0175a9e-86bd-4036-b0a6-86db6ad772ff,1975.72,INR,success,2026-05-30 22:52:00.909263+00:00
59e59dfb-0ea9-4a0a-9339-a57ddfa03865,56a4a059-5e34-4d02-baf2-7c2214a49c46,97e76741-3703-46d0-acfe-627d56bd71a2,31a8d397-1146-4fca-869a-a707969bb7eb,1292.69,INR,success,2026-05-27 01:27:23.036264+00:00
5f508c6e-8fa6-4d45-b85a-6fb7b28fb544,153d55c0-8311-40da-821f-8d204ef4c8ba,97e76741-3703-46d0-acfe-627d56bd71a2,31a8d397-1146-4fca-869a-a707969bb7eb,4262.51,INR,success,2026-05-02 02:52:23.431172+00:00
9a560c0b-9961-4182-9b0b-5a93352ef13e,153d55c0-8311-40da-821f-8d204ef4c8ba,97e76741-3703-46d0-acfe-627d56bd71a2,31a8d397-1146-4fca-869a-a707969bb7eb,1061.38,INR,success,2026-05-10 03:47:28.193775+00:00
763162fe-45fd-404e-a569-d17d2a224e18,153d55c0-8311-40da-821f-8d204ef4c8ba,97e76741-3703-46d0-acfe-627d56bd71a2,31a8d397-1146-4fca-869a-a707969bb7eb,1592.39,INR,success,2026-05-13 19:18:46.461782+00:00
16e125bd-d831-449a-86ca-542dc8ecd080,153d55c0-8311-40da-821f-8d204ef4c8ba,97e76741-3703-46d0-acfe-627d56bd71a2,31a8d397-1146-4fca-869a-a707969bb7eb,2001.15,INR,success,2026-05-19 09:01:22.211901+00:00
1d3510a8-7b81-415c-bdaf-0aa8ea957ad6,7d288563-a4a4-4851-bc19-c1ddeb608c81,97e76741-3703-46d0-acfe-627d56bd71a2,31a8d397-1146-4fca-869a-a707969bb7eb,2592.39,INR,success,2026-05-03 09:13:24.578543+00:00
694c5445-2406-4d8e-a603-4bc0bfcceb9b,7d288563-a4a4-4851-bc19-c1ddeb608c81,97e76741-3703-46d0-acfe-627d56bd71a2,31a8d397-1146-4fca-869a-a707969bb7eb,1606.69,INR,success,2026-05-03 23:59:48.151033+00:00
7e154a13-e10d-4fc6-aaba-b14b1a6b4aac,7d288563-a4a4-4851-bc19-c1ddeb608c81,97e76741-3703-46d0-acfe-627d56bd71a2,31a8d397-1146-4fca-869a-a707969bb7eb,2602.95,INR,success,2026-05-06 18:43:15.619536+00:00
51713765-b1d4-4413-93e5-5d8ec9132ebe,7d288563-a4a4-4851-bc19-c1ddeb608c81,97e76741-3703-46d0-acfe-627d56bd71a2,31a8d397-1146-4fca-869a-a707969bb7eb,2534.05,INR,success,2026-05-14 15:59:44.077495+00:00
ad10c4fe-cf31-4c19-b57b-f30facc5c970,7d288563-a4a4-4851-bc19-c1ddeb608c81,97e76741-3703-46d0-acfe-627d56bd71a2,31a8d397-1146-4fca-869a-a707969bb7eb,2716.56,INR,success,2026-05-21 03:46:21.212721+00:00
2290f31d-b847-4c44-8941-9dd26548ab0b,49c399db-4766-4945-b5ed-a9494a302f47,4f0435bd-38f7-480f-8827-03dc4ca8c79e,f7fb77c8-0cd1-4d69-b926-a1bcbc3f8bed,2543.02,INR,success,2026-03-22 04:37:36.847774+00:00
0a67ab59-0691-4a7c-9836-6d4977b0f4cd,49c399db-4766-4945-b5ed-a9494a302f47,4f0435bd-38f7-480f-8827-03dc4ca8c79e,f7fb77c8-0cd1-4d69-b926-a1bcbc3f8bed,2543.28,INR,success,2026-03-25 08:40:31.900648+00:00
489a1bb0-57d7-472d-819a-2b40a1c008f5,49c399db-4766-4945-b5ed-a9494a302f47,4f0435bd-38f7-480f-8827-03dc4ca8c79e,f7fb77c8-0cd1-4d69-b926-a1bcbc3f8bed,228.41,INR,success,2026-04-08 22:40:24.951760+00:00
cdb89023-e309-48a2-a4cf-980fb771f56b,49c399db-4766-4945-b5ed-a9494a302f47,4f0435bd-38f7-480f-8827-03dc4ca8c79e,f7fb77c8-0cd1-4d69-b926-a1bcbc3f8bed,2315.47,INR,success,2026-04-09 03:29:18.215160+00:00
8efaa94d-d99b-4e83-ba22-c14ddfca4746,49c399db-4766-4945-b5ed-a9494a302f47,4f0435bd-38f7-480f-8827-03dc4ca8c79e,f7fb77c8-0cd1-4d69-b926-a1bcbc3f8bed,551.07,INR,success,2026-05-06 20:14:30.806969+00:00
ce41760a-1ed1-4c49-aff0-913b39578f93,af25101a-d9cb-48c0-ba53-3b0c67271f29,1ee633a9-a67e-45ba-a797-e90da8b4cf7b,f7fb77c8-0cd1-4d69-b926-a1bcbc3f8bed,1937.01,INR,success,2026-05-22 03:09:56.893927+00:00
40ad4a44-8d05-4b9b-838e-a0bdbfa4509c,323233c7-887f-4e09-aeee-515c74021694,06d78a35-d7c0-4cb8-989d-2c5e5de606fc,f7fb77c8-0cd1-4d69-b926-a1bcbc3f8bed,741.06,INR,success,2026-04-18 18:55:02.458390+00:00
0accb8a0-8e61-4ba7-b69e-0ba4b1783d4d,323233c7-887f-4e09-aeee-515c74021694,06d78a35-d7c0-4cb8-989d-2c5e5de606fc,f7fb77c8-0cd1-4d69-b926-a1bcbc3f8bed,722.51,INR,success,2026-04-27 17:49:38.529204+00:00
33cd2067-3f79-496f-8479-8d03e239e4af,323233c7-887f-4e09-aeee-515c74021694,06d78a35-d7c0-4cb8-989d-2c5e5de606fc,f7fb77c8-0cd1-4d69-b926-a1bcbc3f8bed,898.45,INR,success,2026-05-13 02:29:31.753505+00:00
f0bc1174-12e8-40ed-944e-3ca40188d232,323233c7-887f-4e09-aeee-515c74021694,06d78a35-d7c0-4cb8-989d-2c5e5de606fc,f7fb77c8-0cd1-4d69-b926-a1bcbc3f8bed,526.81,INR,success,2026-05-19 09:17:22.831816+00:00
ee36c2f7-0b8e-4ac5-b3b5-53cb1d124e69,323233c7-887f-4e09-aeee-515c74021694,06d78a35-d7c0-4cb8-989d-2c5e5de606fc,f7fb77c8-0cd1-4d69-b926-a1bcbc3f8bed,645.71,INR,success,2026-05-23 21:07:24.057682+00:00
87dc29e0-fc6e-4b2c-8ebf-4f73b04eb3fe,d6bd9633-3c54-4258-b325-c9bd4409bdd8,8a721612-fbe2-4274-9b5c-bdc5076f9838,f7fb77c8-0cd1-4d69-b926-a1bcbc3f8bed,3925.0,INR,success,2026-05-11 18:22:47.209314+00:00
a2496d50-00d4-4d09-8d0a-b93de1b82572,d6bd9633-3c54-4258-b325-c9bd4409bdd8,8a721612-fbe2-4274-9b5c-bdc5076f9838,f7fb77c8-0cd1-4d69-b926-a1bcbc3f8bed,3969.04,INR,success,2026-05-13 11:16:37.416240+00:00
7aa3962c-dbcc-49f9-8387-3faa4f0cb725,7219e244-7b3c-4492-9e5d-a199a667b7bc,e1b41e4a-12df-4e57-add9-06f39ce09cc4,f7fb77c8-0cd1-4d69-b926-a1bcbc3f8bed,1827.88,INR,success,2026-05-16 00:54:40.370312+00:00
0b8df587-9ae9-4c17-a1b3-e2cd17c96a08,7219e244-7b3c-4492-9e5d-a199a667b7bc,e1b41e4a-12df-4e57-add9-06f39ce09cc4,f7fb77c8-0cd1-4d69-b926-a1bcbc3f8bed,3539.58,INR,success,2026-05-25 19:58:53.640136+00:00
3a55e7d7-ae7c-4166-9fbc-76f5e7adac80,7219e244-7b3c-4492-9e5d-a199a667b7bc,e1b41e4a-12df-4e57-add9-06f39ce09cc4,f7fb77c8-0cd1-4d69-b926-a1bcbc3f8bed,3971.78,INR,success,2026-05-26 15:06:16.209622+00:00
18b5f6d0-7085-4357-a0e3-442540196533,7219e244-7b3c-4492-9e5d-a199a667b7bc,e1b41e4a-12df-4e57-add9-06f39ce09cc4,f7fb77c8-0cd1-4d69-b926-a1bcbc3f8bed,3784.38,INR,success,2026-05-27 10:59:50.271836+00:00
5f50cd17-1280-491a-b126-7d3dae44c06d,7219e244-7b3c-4492-9e5d-a199a667b7bc,e1b41e4a-12df-4e57-add9-06f39ce09cc4,f7fb77c8-0cd1-4d69-b926-a1bcbc3f8bed,5139.04,INR,success,2026-05-28 16:47:43.425946+00:00
29090f0e-432b-4ebd-a602-c853ed92819e,7219e244-7b3c-4492-9e5d-a199a667b7bc,e1b41e4a-12df-4e57-add9-06f39ce09cc4,f7fb77c8-0cd1-4d69-b926-a1bcbc3f8bed,4556.71,INR,success,2026-05-31 06:24:54.974781+00:00
27af5276-7199-4345-a797-8dda022023b7,d8ac9035-e787-42d4-ba5a-b2ade68207c6,bae8b82e-dde0-45cc-bf63-711a9b9bfd73,90abe871-c36c-439f-a3ad-4b1e9b20b59e,6817.31,INR,success,2026-04-10 20:15:35.785229+00:00
8be62331-056f-4334-8c65-e930b526de26,d8ac9035-e787-42d4-ba5a-b2ade68207c6,bae8b82e-dde0-45cc-bf63-711a9b9bfd73,90abe871-c36c-439f-a3ad-4b1e9b20b59e,687.62,INR,success,2026-04-14 03:37:50.357484+00:00
53f7c920-96cd-4bae-baa9-5e2c9f507713,6d7afd0f-9925-41e1-9f34-554b895d0bb4,bae8b82e-dde0-45cc-bf63-711a9b9bfd73,d6e4f97e-274b-4937-9e8d-78c43577a319,2312.58,INR,success,2026-05-02 22:25:43.615272+00:00
908daa7b-f943-44ae-8a38-0156a7dacf4d,6d7afd0f-9925-41e1-9f34-554b895d0bb4,bae8b82e-dde0-45cc-bf63-711a9b9bfd73,d6e4f97e-274b-4937-9e8d-78c43577a319,3079.34,INR,success,2026-05-23 01:28:07.404528+00:00
690d6d37-61db-4195-b309-9b60ca9426c3,6d7afd0f-9925-41e1-9f34-554b895d0bb4,bae8b82e-dde0-45cc-bf63-711a9b9bfd73,d6e4f97e-274b-4937-9e8d-78c43577a319,1852.91,INR,success,2026-05-30 07:53:38.985695+00:00
cbd2bd6e-a363-4211-8aca-83f80d2cca68,907cfa40-ba38-4b1e-955c-2858001f2c2e,bae8b82e-dde0-45cc-bf63-711a9b9bfd73,c32999e6-a485-4b08-9ceb-913ee2d64290,1018.19,INR,success,2026-05-19 07:08:12.717282+00:00
d430edbe-f6c8-4106-bbf2-21ebec6fbae4,907cfa40-ba38-4b1e-955c-2858001f2c2e,bae8b82e-dde0-45cc-bf63-711a9b9bfd73,c32999e6-a485-4b08-9ceb-913ee2d64290,1135.91,INR,success,2026-05-19 20:30:06.356648+00:00
b1e62406-3030-49e1-bcc7-3f29e3ed8418,907cfa40-ba38-4b1e-955c-2858001f2c2e,bae8b82e-dde0-45cc-bf63-711a9b9bfd73,c32999e6-a485-4b08-9ceb-913ee2d64290,965.12,INR,success,2026-05-22 13:08:29.694728+00:00
380ed9b4-f90c-4468-b1a4-6dc259131dae,907cfa40-ba38-4b1e-955c-2858001f2c2e,bae8b82e-dde0-45cc-bf63-711a9b9bfd73,c32999e6-a485-4b08-9ceb-913ee2d64290,760.13,INR,success,2026-05-25 00:52:24.067181+00:00
17609029-e578-482f-a672-0ea97019551c,907cfa40-ba38-4b1e-955c-2858001f2c2e,bae8b82e-dde0-45cc-bf63-711a9b9bfd73,c32999e6-a485-4b08-9ceb-913ee2d64290,565.63,INR,success,2026-05-25 17:38:10.456175+00:00
b44d83e6-1985-4e5c-9a62-9a5f1a0d5b9e,907cfa40-ba38-4b1e-955c-2858001f2c2e,bae8b82e-dde0-45cc-bf63-711a9b9bfd73,c32999e6-a485-4b08-9ceb-913ee2d64290,1177.54,INR,success,2026-05-29 04:01:57.373642+00:00
f4c6d0ec-871d-42b8-acbb-8e83203967da,5a7dec95-a764-4ca9-9c22-f98da21675e1,bae8b82e-dde0-45cc-bf63-711a9b9bfd73,0c060e5f-b8fb-4eb9-8fd1-312936367cc9,10.0,INR,success,2026-05-23 04:28:19.326222+00:00
72ebde7f-2ef9-46d8-9dd3-d57f9b0ed629,5a7dec95-a764-4ca9-9c22-f98da21675e1,bae8b82e-dde0-45cc-bf63-711a9b9bfd73,0c060e5f-b8fb-4eb9-8fd1-312936367cc9,1134.84,INR,success,2026-05-26 21:00:58.890879+00:00
95795da4-acfb-43b0-901a-3dc2fb07e758,5a7dec95-a764-4ca9-9c22-f98da21675e1,bae8b82e-dde0-45cc-bf63-711a9b9bfd73,0c060e5f-b8fb-4eb9-8fd1-312936367cc9,323.69,INR,success,2026-05-28 01:03:12.259805+00:00
15086112-3daa-48cd-b227-d1698836ab6b,03b5a2ca-a085-4f42-b5f8-9cc53aac2a09,c3006b2a-54ca-4081-946a-e7ea9e15fb67,315be880-d7d6-450c-bebb-9a8d7f0c61d9,3544.79,INR,success,2026-03-20 07:28:01.881419+00:00
2c5a2493-9437-4c9a-821f-db14e1fe7cb3,03b5a2ca-a085-4f42-b5f8-9cc53aac2a09,c3006b2a-54ca-4081-946a-e7ea9e15fb67,315be880-d7d6-450c-bebb-9a8d7f0c61d9,3936.28,INR,success,2026-03-21 19:32:29.129308+00:00
3834dcb3-692c-4b8f-8425-7216f63b34a5,03b5a2ca-a085-4f42-b5f8-9cc53aac2a09,c3006b2a-54ca-4081-946a-e7ea9e15fb67,315be880-d7d6-450c-bebb-9a8d7f0c61d9,5570.39,INR,success,2026-03-26 06:38:54.666895+00:00
06985ba4-fcf7-41fd-8452-dc14a1bc9968,03b5a2ca-a085-4f42-b5f8-9cc53aac2a09,c3006b2a-54ca-4081-946a-e7ea9e15fb67,315be880-d7d6-450c-bebb-9a8d7f0c61d9,3099.6,INR,success,2026-04-06 11:07:53.336408+00:00
b2e60ddb-d21d-4cb1-821f-cc81007e7cdc,03b5a2ca-a085-4f42-b5f8-9cc53aac2a09,c3006b2a-54ca-4081-946a-e7ea9e15fb67,315be880-d7d6-450c-bebb-9a8d7f0c61d9,2949.37,INR,success,2026-05-12 13:46:26.381572+00:00
6c3b6ade-48f9-4de9-875a-e61cc7438ff2,3757c2a2-c9f8-417e-9d5c-684dcacca91f,9f0601a4-5069-4664-a5c3-071e1d1ccd09,315be880-d7d6-450c-bebb-9a8d7f0c61d9,458.92,INR,success,2026-03-29 15:24:16.501766+00:00
0a36a2f3-baac-4987-beee-c56b7af9c6f9,3757c2a2-c9f8-417e-9d5c-684dcacca91f,9f0601a4-5069-4664-a5c3-071e1d1ccd09,315be880-d7d6-450c-bebb-9a8d7f0c61d9,1318.83,INR,success,2026-04-13 19:44:32.783665+00:00
b44c17cd-f689-4e01-bd0c-deff5855aa6e,3757c2a2-c9f8-417e-9d5c-684dcacca91f,9f0601a4-5069-4664-a5c3-071e1d1ccd09,315be880-d7d6-450c-bebb-9a8d7f0c61d9,1335.77,INR,success,2026-04-23 22:58:47.139838+00:00
202abce9-3082-4fc0-b061-68c497b3029d,3757c2a2-c9f8-417e-9d5c-684dcacca91f,9f0601a4-5069-4664-a5c3-071e1d1ccd09,315be880-d7d6-450c-bebb-9a8d7f0c61d9,920.85,INR,success,2026-04-30 11:14:25.506787+00:00
1936723b-4307-43c4-8f61-c655700d07bd,3757c2a2-c9f8-417e-9d5c-684dcacca91f,9f0601a4-5069-4664-a5c3-071e1d1ccd09,315be880-d7d6-450c-bebb-9a8d7f0c61d9,1738.99,INR,success,2026-05-06 19:01:31.052661+00:00
87475202-6edb-4b7b-b1d6-94e42e21746d,748f189a-8c33-4f09-b094-443533a039a0,1c094387-b278-4409-aa36-6e84716f5ad3,315be880-d7d6-450c-bebb-9a8d7f0c61d9,1742.58,INR,success,2026-05-12 16:29:31.719215+00:00
8f71245b-03e0-4735-a87c-79ddb4432ddd,748f189a-8c33-4f09-b094-443533a039a0,1c094387-b278-4409-aa36-6e84716f5ad3,315be880-d7d6-450c-bebb-9a8d7f0c61d9,1409.16,INR,success,2026-05-17 19:32:17.637403+00:00
cbbae333-5c2d-4910-a74c-5e030f673c33,748f189a-8c33-4f09-b094-443533a039a0,1c094387-b278-4409-aa36-6e84716f5ad3,315be880-d7d6-450c-bebb-9a8d7f0c61d9,1146.14,INR,success,2026-05-21 07:13:01.185532+00:00
45305905-bdd4-499b-be13-f292c059b4c8,748f189a-8c33-4f09-b094-443533a039a0,1c094387-b278-4409-aa36-6e84716f5ad3,315be880-d7d6-450c-bebb-9a8d7f0c61d9,1905.68,INR,success,2026-05-23 23:56:17.255416+00:00
0941d142-c52f-4fe8-af70-a6fe218aaac0,748f189a-8c33-4f09-b094-443533a039a0,1c094387-b278-4409-aa36-6e84716f5ad3,315be880-d7d6-450c-bebb-9a8d7f0c61d9,1250.35,INR,success,2026-05-29 00:34:15.977423+00:00
fd50d60d-8bf7-4ea3-883c-32ba62e8a76b,748f189a-8c33-4f09-b094-443533a039a0,1c094387-b278-4409-aa36-6e84716f5ad3,315be880-d7d6-450c-bebb-9a8d7f0c61d9,1822.83,INR,success,2026-05-29 06:10:22.732310+00:00
54568a7a-4f10-4ce9-a538-50aed36eaf7c,a7ba16b3-455b-42ef-bd00-88295f76f804,b9f6652c-9949-4e2c-a758-95ed3ab3e86e,315be880-d7d6-450c-bebb-9a8d7f0c61d9,1540.98,INR,success,2026-05-30 13:21:25.723550+00:00
38d05400-1847-46ff-b691-b54c11437e21,a7ba16b3-455b-42ef-bd00-88295f76f804,b9f6652c-9949-4e2c-a758-95ed3ab3e86e,315be880-d7d6-450c-bebb-9a8d7f0c61d9,1916.74,INR,success,2026-05-30 18:46:45.624132+00:00
b9406b11-110f-419c-976f-e2065f1ad0ca,632c6feb-42c2-4a1a-88df-635cb59e7b9f,d12b2a9e-5e85-44f5-b81d-fff66c878741,315be880-d7d6-450c-bebb-9a8d7f0c61d9,287.31,INR,success,2026-05-26 18:27:17.059882+00:00
9ead921e-9090-457d-bad7-b8fea7922324,632c6feb-42c2-4a1a-88df-635cb59e7b9f,d12b2a9e-5e85-44f5-b81d-fff66c878741,315be880-d7d6-450c-bebb-9a8d7f0c61d9,499.44,INR,success,2026-05-31 05:08:44.533155+00:00
9f1063c5-242d-40ad-8ded-c8c211b59aab,0cb9866b-59b8-485c-8337-bd4426348aad,12c4489b-d384-4c56-8ae8-7119ac2a9924,2197697d-156b-4370-b4ee-853527209ff3,2764.35,INR,success,2026-03-30 16:54:56.099702+00:00
880e33f6-9203-40a7-bf8e-63bb6794ba74,0cb9866b-59b8-485c-8337-bd4426348aad,12c4489b-d384-4c56-8ae8-7119ac2a9924,2197697d-156b-4370-b4ee-853527209ff3,1914.3,INR,success,2026-04-15 12:07:43.650712+00:00
1b65ce62-dc0a-4c9f-bb89-1b1c7df42e97,0cb9866b-59b8-485c-8337-bd4426348aad,12c4489b-d384-4c56-8ae8-7119ac2a9924,2197697d-156b-4370-b4ee-853527209ff3,1600.0,INR,success,2026-05-30 14:35:50.445336+00:00
73d27443-8827-4456-8461-a012196af15d,66179a95-cdef-4783-920c-32cf8213efc5,b58780a2-a617-419d-bcc7-ec5737639334,2197697d-156b-4370-b4ee-853527209ff3,5451.54,INR,success,2026-03-14 07:54:44.949453+00:00
b59b96ed-9844-4155-9e21-815ca4ae8af2,66179a95-cdef-4783-920c-32cf8213efc5,b58780a2-a617-419d-bcc7-ec5737639334,2197697d-156b-4370-b4ee-853527209ff3,3719.87,INR,success,2026-03-28 19:38:57.659287+00:00
a4be359c-525b-4dd1-8d84-cab637dfa72e,66179a95-cdef-4783-920c-32cf8213efc5,b58780a2-a617-419d-bcc7-ec5737639334,2197697d-156b-4370-b4ee-853527209ff3,5259.77,INR,success,2026-03-31 20:05:48.314552+00:00
91f6f54a-fa19-42a2-9272-f5342a5d3b52,66179a95-cdef-4783-920c-32cf8213efc5,b58780a2-a617-419d-bcc7-ec5737639334,2197697d-156b-4370-b4ee-853527209ff3,5358.98,INR,success,2026-05-04 05:10:31.177551+00:00
cbacd6f3-57c5-4e84-9626-83e81b49a2e3,a4af5db3-3128-44ef-b2d9-7255fd05778a,f1c84f22-c165-44d7-b4d9-d8579e79e001,15c6ea94-c7a1-42e6-b00b-eea14ac5b051,1433.53,INR,success,2026-04-21 14:00:53.653992+00:00
d6ceb060-cc1c-408b-b280-64cfd86dedcf,a4af5db3-3128-44ef-b2d9-7255fd05778a,f1c84f22-c165-44d7-b4d9-d8579e79e001,15c6ea94-c7a1-42e6-b00b-eea14ac5b051,5416.49,INR,success,2026-05-05 00:27:57.917985+00:00
591a196d-51ad-479f-b38c-0370e5405141,a4af5db3-3128-44ef-b2d9-7255fd05778a,f1c84f22-c165-44d7-b4d9-d8579e79e001,15c6ea94-c7a1-42e6-b00b-eea14ac5b051,122.38,INR,success,2026-05-20 17:21:08.708116+00:00
d5291020-c1fe-457a-a833-50d5f5e01eac,83b6a5cb-2767-4ab3-887a-b3681651c20d,f1c84f22-c165-44d7-b4d9-d8579e79e001,18bd65be-5f9e-4afb-b414-949341436141,1780.31,INR,success,2026-04-20 10:19:03.518775+00:00
9c5eb511-2325-4fc5-986d-e40b880f9197,83b6a5cb-2767-4ab3-887a-b3681651c20d,f1c84f22-c165-44d7-b4d9-d8579e79e001,18bd65be-5f9e-4afb-b414-949341436141,5267.8,INR,success,2026-04-25 13:22:51.390084+00:00
d2f1b1bd-8217-41c3-8f3e-f77fd4e43c00,83b6a5cb-2767-4ab3-887a-b3681651c20d,f1c84f22-c165-44d7-b4d9-d8579e79e001,18bd65be-5f9e-4afb-b414-949341436141,2872.2,INR,success,2026-04-30 12:52:58.317831+00:00
9025f396-643f-4a0d-8275-dc7bd43cc93e,83b6a5cb-2767-4ab3-887a-b3681651c20d,f1c84f22-c165-44d7-b4d9-d8579e79e001,18bd65be-5f9e-4afb-b414-949341436141,6091.03,INR,success,2026-05-07 09:16:26.165797+00:00
c0a6db60-a218-4f59-904e-2cf54fbf44c2,83b6a5cb-2767-4ab3-887a-b3681651c20d,f1c84f22-c165-44d7-b4d9-d8579e79e001,18bd65be-5f9e-4afb-b414-949341436141,2907.97,INR,success,2026-05-27 13:47:24.879938+00:00
29a61a88-9b1d-4b97-8d0a-f06949834f80,83b6a5cb-2767-4ab3-887a-b3681651c20d,f1c84f22-c165-44d7-b4d9-d8579e79e001,18bd65be-5f9e-4afb-b414-949341436141,7137.35,INR,success,2026-05-31 01:04:09.140267+00:00
bc1353bd-2bd8-4a51-8fc5-d21097dc5498,fd4e9f1b-f1d6-4ff9-aa99-878420a7b31d,f1c84f22-c165-44d7-b4d9-d8579e79e001,b66f5ea8-0090-42d4-b871-8e9c8efb25da,202.31,INR,success,2026-05-28 16:14:11.484311+00:00
26006128-f237-4786-875d-bcd7e5c364d1,2197338e-b3b1-430a-a5f2-2f14e977e703,f1c84f22-c165-44d7-b4d9-d8579e79e001,767269ab-cf83-4836-b799-e7d57c0686ae,1159.48,INR,success,2026-05-14 19:39:42.497366+00:00
1d313d58-5728-47e8-81dd-f74278ea0e23,2197338e-b3b1-430a-a5f2-2f14e977e703,f1c84f22-c165-44d7-b4d9-d8579e79e001,767269ab-cf83-4836-b799-e7d57c0686ae,3596.73,INR,success,2026-05-16 02:30:39.440401+00:00
9018b7ef-5ce0-4ea6-a617-5db7a3fb7ded,2197338e-b3b1-430a-a5f2-2f14e977e703,f1c84f22-c165-44d7-b4d9-d8579e79e001,767269ab-cf83-4836-b799-e7d57c0686ae,977.92,INR,success,2026-05-28 05:17:53.991493+00:00
f04ecfaf-df2e-4ad9-bd6f-fcf0faaf8d6f,3016da9c-b9c1-4ac9-9056-ec6668e419c6,f1c84f22-c165-44d7-b4d9-d8579e79e001,4574e7c5-9adc-4196-bf8e-2d4616c2d12a,572.13,INR,success,2026-05-21 03:41:59.240015+00:00
3c527b62-ac11-4c8d-9e7a-781b06a2f00f,3016da9c-b9c1-4ac9-9056-ec6668e419c6,f1c84f22-c165-44d7-b4d9-d8579e79e001,4574e7c5-9adc-4196-bf8e-2d4616c2d12a,5255.04,INR,success,2026-05-23 16:44:44.265844+00:00
762cbe42-9530-4acc-ae6c-56cc50e462d0,3016da9c-b9c1-4ac9-9056-ec6668e419c6,f1c84f22-c165-44d7-b4d9-d8579e79e001,4574e7c5-9adc-4196-bf8e-2d4616c2d12a,1480.43,INR,success,2026-05-25 07:44:02.238026+00:00
1e600981-82fb-4326-bcef-fb6665b2347a,3016da9c-b9c1-4ac9-9056-ec6668e419c6,f1c84f22-c165-44d7-b4d9-d8579e79e001,4574e7c5-9adc-4196-bf8e-2d4616c2d12a,1125.26,INR,success,2026-05-27 08:15:58.565877+00:00
7e02cea4-0a92-495a-817e-400f6b44ee5d,3016da9c-b9c1-4ac9-9056-ec6668e419c6,f1c84f22-c165-44d7-b4d9-d8579e79e001,4574e7c5-9adc-4196-bf8e-2d4616c2d12a,2572.2,INR,success,2026-05-27 17:25:11.390469+00:00
af5fa48b-6946-4b4e-bd7c-2026de4cdcdc,3016da9c-b9c1-4ac9-9056-ec6668e419c6,f1c84f22-c165-44d7-b4d9-d8579e79e001,4574e7c5-9adc-4196-bf8e-2d4616c2d12a,1704.52,INR,success,2026-05-29 19:09:44.248775+00:00
e6fa66a8-afd5-4127-8d14-28b07e1c35f5,59c6ac86-baaf-48c1-b99a-240ef6313629,a7d5bfa7-1a02-497c-9002-96180ca335e4,a9733d1b-5d48-4382-a8cd-ddf97d2f68ef,1532.3,INR,success,2026-03-27 00:17:17.006192+00:00
0bfdcb88-8bf5-42f0-9646-18208db2d69a,59c6ac86-baaf-48c1-b99a-240ef6313629,a7d5bfa7-1a02-497c-9002-96180ca335e4,a9733d1b-5d48-4382-a8cd-ddf97d2f68ef,956.9,INR,success,2026-04-22 06:55:27.831640+00:00
fb371729-b75f-4ff6-a3bf-9f72e7e58932,11ae85c0-fb47-461d-8063-3b0de321af6f,402696b1-88b6-4c91-a55c-f11b9e647d0d,a9733d1b-5d48-4382-a8cd-ddf97d2f68ef,1338.86,INR,success,2026-04-02 08:27:52.827747+00:00
bfee318f-d5f1-4257-ba87-86bea8ab59d8,11ae85c0-fb47-461d-8063-3b0de321af6f,402696b1-88b6-4c91-a55c-f11b9e647d0d,a9733d1b-5d48-4382-a8cd-ddf97d2f68ef,1035.23,INR,success,2026-04-06 11:44:22.211847+00:00
79349315-4575-4163-9570-be8d228a1d42,11ae85c0-fb47-461d-8063-3b0de321af6f,402696b1-88b6-4c91-a55c-f11b9e647d0d,a9733d1b-5d48-4382-a8cd-ddf97d2f68ef,1295.67,INR,success,2026-05-01 20:07:27.277582+00:00
882aca49-6a08-44d9-8b59-c12694cd1652,11ae85c0-fb47-461d-8063-3b0de321af6f,402696b1-88b6-4c91-a55c-f11b9e647d0d,a9733d1b-5d48-4382-a8cd-ddf97d2f68ef,2239.65,INR,success,2026-05-13 13:12:11.115051+00:00
ac403a4f-eb1f-4afa-9722-8085838adbf0,4837ab35-0b23-4edb-918e-1b78b4d097fe,d60fb85b-f4dd-4ae7-8253-386301557b39,a9733d1b-5d48-4382-a8cd-ddf97d2f68ef,5942.34,INR,success,2026-04-07 07:09:51.319791+00:00
f239fe4d-efdd-4822-842c-f5e84b6f1fd2,4837ab35-0b23-4edb-918e-1b78b4d097fe,d60fb85b-f4dd-4ae7-8253-386301557b39,a9733d1b-5d48-4382-a8cd-ddf97d2f68ef,3507.95,INR,success,2026-04-17 00:48:02.836555+00:00
e73dfa17-4bc8-4d5d-afc3-66bf8818f07f,4837ab35-0b23-4edb-918e-1b78b4d097fe,d60fb85b-f4dd-4ae7-8253-386301557b39,a9733d1b-5d48-4382-a8cd-ddf97d2f68ef,2096.87,INR,success,2026-04-17 14:13:03.134083+00:00
a7c7fdb5-8327-448f-8403-ff26ee04695b,4837ab35-0b23-4edb-918e-1b78b4d097fe,d60fb85b-f4dd-4ae7-8253-386301557b39,a9733d1b-5d48-4382-a8cd-ddf97d2f68ef,3588.49,INR,success,2026-05-12 09:19:55.873066+00:00
9731548f-4d11-4896-9f30-ad932d953b8a,4837ab35-0b23-4edb-918e-1b78b4d097fe,d60fb85b-f4dd-4ae7-8253-386301557b39,a9733d1b-5d48-4382-a8cd-ddf97d2f68ef,146.68,INR,success,2026-05-30 12:16:08.641193+00:00
0910b578-cb24-449b-ab17-98899eb3ac40,e4098e04-8208-4f11-9f97-add4b9583fd3,774a36fa-6fa1-46d4-8456-ef8b62114f50,a9733d1b-5d48-4382-a8cd-ddf97d2f68ef,2069.93,INR,success,2026-05-24 01:05:28.056611+00:00
7f8343b8-4dad-4d71-8f67-755328ff0d46,e4098e04-8208-4f11-9f97-add4b9583fd3,774a36fa-6fa1-46d4-8456-ef8b62114f50,a9733d1b-5d48-4382-a8cd-ddf97d2f68ef,10.0,INR,success,2026-05-26 22:06:13.592284+00:00
d1338b01-8103-470b-8f1e-972e18f29858,e4098e04-8208-4f11-9f97-add4b9583fd3,774a36fa-6fa1-46d4-8456-ef8b62114f50,a9733d1b-5d48-4382-a8cd-ddf97d2f68ef,3363.94,INR,success,2026-05-28 06:24:45.780136+00:00
721b5802-03a2-4c05-8964-c42e2cdd9e0e,e4098e04-8208-4f11-9f97-add4b9583fd3,774a36fa-6fa1-46d4-8456-ef8b62114f50,a9733d1b-5d48-4382-a8cd-ddf97d2f68ef,4679.34,INR,success,2026-05-28 06:38:02.222382+00:00
d0e0b0fd-792d-4112-962f-d54e6016eca3,e508d52e-bc50-4ffd-8c52-118c08930db2,2a275420-5ada-4c14-a566-c4335bf7ab34,a9733d1b-5d48-4382-a8cd-ddf97d2f68ef,2232.19,INR,success,2026-05-29 01:08:39.333024+00:00
0af093d4-5dba-4aaa-89cf-79e1615eab79,e508d52e-bc50-4ffd-8c52-118c08930db2,2a275420-5ada-4c14-a566-c4335bf7ab34,a9733d1b-5d48-4382-a8cd-ddf97d2f68ef,2074.23,INR,success,2026-05-29 01:39:07.447034+00:00
a9a73855-fe65-493c-8b58-a369edb8ebd7,e508d52e-bc50-4ffd-8c52-118c08930db2,2a275420-5ada-4c14-a566-c4335bf7ab34,a9733d1b-5d48-4382-a8cd-ddf97d2f68ef,1552.74,INR,success,2026-05-30 04:42:05.352106+00:00
bf323f7a-5021-4428-891e-20847b53eedb,0a648fd2-b76c-4c74-950f-c2a751048caf,b158d419-152c-4789-8b7b-0e80c3a74990,184be84a-8326-484c-8244-bfbb44d68038,3847.89,INR,success,2026-04-09 13:36:03.255718+00:00
7f26dedd-8e42-4702-9f10-4b4274af0a38,0a648fd2-b76c-4c74-950f-c2a751048caf,b158d419-152c-4789-8b7b-0e80c3a74990,184be84a-8326-484c-8244-bfbb44d68038,3342.88,INR,success,2026-05-11 13:06:28.417788+00:00
4b17149a-ed72-4156-82eb-a81b7363a3fe,0a648fd2-b76c-4c74-950f-c2a751048caf,b158d419-152c-4789-8b7b-0e80c3a74990,184be84a-8326-484c-8244-bfbb44d68038,5272.05,INR,success,2026-05-28 13:28:39.314348+00:00
8084cca7-a235-459d-8b44-97d9235191a2,aa2bc109-04be-4d3d-bf52-e21eab9805b3,922f0d67-162f-489a-92d8-8cfb1b6d7522,184be84a-8326-484c-8244-bfbb44d68038,3622.33,INR,success,2026-04-17 01:08:29.905469+00:00
60428c4c-59d9-45e5-a6e2-96e2dcdfa6b0,aa2bc109-04be-4d3d-bf52-e21eab9805b3,922f0d67-162f-489a-92d8-8cfb1b6d7522,184be84a-8326-484c-8244-bfbb44d68038,1666.1,INR,success,2026-04-20 08:40:21.549364+00:00
995b2e27-5226-4deb-a663-e8fbef53b179,aa2bc109-04be-4d3d-bf52-e21eab9805b3,922f0d67-162f-489a-92d8-8cfb1b6d7522,184be84a-8326-484c-8244-bfbb44d68038,3413.65,INR,success,2026-04-23 08:41:28.231508+00:00
0d20d9b5-13f6-4f3f-a651-79c245a74302,aa2bc109-04be-4d3d-bf52-e21eab9805b3,922f0d67-162f-489a-92d8-8cfb1b6d7522,184be84a-8326-484c-8244-bfbb44d68038,2128.25,INR,success,2026-04-28 13:45:07.471975+00:00
99690f58-211f-4b99-869c-e8a5dfe57443,aa2bc109-04be-4d3d-bf52-e21eab9805b3,922f0d67-162f-489a-92d8-8cfb1b6d7522,184be84a-8326-484c-8244-bfbb44d68038,2619.35,INR,success,2026-05-20 22:36:54.790687+00:00
b266b596-521e-4823-b10c-6fc472e73c64,d6c4e069-7346-4288-84d7-8d406651df94,8c0b8d9c-a5d2-4cee-adc4-f51fb1e10c1a,184be84a-8326-484c-8244-bfbb44d68038,2681.57,INR,success,2026-05-14 09:03:11.969508+00:00
0ca56e59-791d-4eee-af91-9ef1f05ea0a5,789792b0-499d-49da-8879-5534475bc687,1de8011f-d24c-4e7f-8caf-0b4b99eb7d34,184be84a-8326-484c-8244-bfbb44d68038,428.36,INR,success,2026-05-27 21:13:02.576733+00:00
85aa92f5-e294-48cb-a38f-590c6bdb63d7,789792b0-499d-49da-8879-5534475bc687,1de8011f-d24c-4e7f-8caf-0b4b99eb7d34,184be84a-8326-484c-8244-bfbb44d68038,416.41,INR,success,2026-05-28 10:12:00.803466+00:00
f1b2739c-dec3-4339-9a88-76b0d178e6d0,789792b0-499d-49da-8879-5534475bc687,1de8011f-d24c-4e7f-8caf-0b4b99eb7d34,184be84a-8326-484c-8244-bfbb44d68038,1178.63,INR,success,2026-05-28 12:09:09.942383+00:00
2867de04-ca56-4edc-a7a3-b42c8cc0b2b8,789792b0-499d-49da-8879-5534475bc687,1de8011f-d24c-4e7f-8caf-0b4b99eb7d34,184be84a-8326-484c-8244-bfbb44d68038,1190.89,INR,success,2026-05-29 02:12:35.882170+00:00
a383b95f-19d2-4a76-9263-08e16d99c5a9,789792b0-499d-49da-8879-5534475bc687,1de8011f-d24c-4e7f-8caf-0b4b99eb7d34,184be84a-8326-484c-8244-bfbb44d68038,685.4,INR,success,2026-05-30 05:45:34.742461+00:00
a01b4913-4c4b-4703-b80f-81fee45ae4db,789792b0-499d-49da-8879-5534475bc687,1de8011f-d24c-4e7f-8caf-0b4b99eb7d34,184be84a-8326-484c-8244-bfbb44d68038,10.0,INR,success,2026-05-31 04:15:14.035655+00:00
755e011c-4b77-4345-9495-a68949f92e25,aa04494a-2b10-4119-b78b-e0c775ca7b02,e4a59c97-552a-429d-b3b0-ddc495809b7b,d0353e0a-ffcf-46c9-9fe3-0eb49374994e,239.04,INR,success,2026-04-30 15:21:55.241071+00:00
b2e24009-d81f-4d33-8405-1676ecc07960,aa04494a-2b10-4119-b78b-e0c775ca7b02,e4a59c97-552a-429d-b3b0-ddc495809b7b,d0353e0a-ffcf-46c9-9fe3-0eb49374994e,290.16,INR,success,2026-05-02 20:09:00.451781+00:00
ab71b569-84da-4489-8a30-b8a7fffcf8ee,aa04494a-2b10-4119-b78b-e0c775ca7b02,e4a59c97-552a-429d-b3b0-ddc495809b7b,d0353e0a-ffcf-46c9-9fe3-0eb49374994e,406.05,INR,success,2026-05-12 22:43:53.567687+00:00
51fbadd5-d0be-4c84-bf94-5c050d70475a,aa04494a-2b10-4119-b78b-e0c775ca7b02,e4a59c97-552a-429d-b3b0-ddc495809b7b,d0353e0a-ffcf-46c9-9fe3-0eb49374994e,138.64,INR,success,2026-05-21 19:53:24.545507+00:00
61bb3210-06fe-430f-b3ed-72af3c1fa1df,9bba15c8-17f0-4407-9892-4571a9b9fbc8,e4a59c97-552a-429d-b3b0-ddc495809b7b,0cc741a9-afb0-4610-8122-2a9c68c14dcd,7499.45,INR,success,2026-05-17 23:06:20.344245+00:00
cd48319e-1b8a-43b9-a2b1-7a79fe007e5f,9bba15c8-17f0-4407-9892-4571a9b9fbc8,e4a59c97-552a-429d-b3b0-ddc495809b7b,0cc741a9-afb0-4610-8122-2a9c68c14dcd,991.65,INR,success,2026-05-20 10:29:35.683643+00:00
818a8e4f-b729-4704-a113-fb32801a5de3,9bba15c8-17f0-4407-9892-4571a9b9fbc8,e4a59c97-552a-429d-b3b0-ddc495809b7b,0cc741a9-afb0-4610-8122-2a9c68c14dcd,3290.83,INR,success,2026-05-21 09:54:15.822098+00:00
98fd4f3d-260e-41f4-a009-50477082d15f,9bba15c8-17f0-4407-9892-4571a9b9fbc8,e4a59c97-552a-429d-b3b0-ddc495809b7b,0cc741a9-afb0-4610-8122-2a9c68c14dcd,4847.9,INR,success,2026-05-21 22:28:15.222437+00:00
c0ea99af-adda-4e99-8ca3-6a2c63c7e0dd,9bba15c8-17f0-4407-9892-4571a9b9fbc8,e4a59c97-552a-429d-b3b0-ddc495809b7b,0cc741a9-afb0-4610-8122-2a9c68c14dcd,10.0,INR,success,2026-05-26 17:02:03.708536+00:00
8cffef24-dd5a-4130-bbb5-c7424e52527a,9bba15c8-17f0-4407-9892-4571a9b9fbc8,e4a59c97-552a-429d-b3b0-ddc495809b7b,0cc741a9-afb0-4610-8122-2a9c68c14dcd,328.67,INR,success,2026-05-27 10:17:08.881188+00:00
a1704c16-7660-4c0d-b402-f94847d66b55,5d2c8974-1bc3-4af7-8c4a-9f1b939b04cb,198ceae9-3fa3-4a91-997e-0f7500e6d76a,d8468af3-a3e7-4add-8ba6-145e62f51cff,4563.14,INR,success,2026-05-08 07:02:46.856831+00:00
2774176c-6fde-429f-9346-4b16a94f2a90,5d2c8974-1bc3-4af7-8c4a-9f1b939b04cb,198ceae9-3fa3-4a91-997e-0f7500e6d76a,d8468af3-a3e7-4add-8ba6-145e62f51cff,7357.08,INR,success,2026-05-22 21:01:30.623291+00:00
a5008c34-f026-4739-b9ee-a9563f5fb9c7,5d2c8974-1bc3-4af7-8c4a-9f1b939b04cb,198ceae9-3fa3-4a91-997e-0f7500e6d76a,d8468af3-a3e7-4add-8ba6-145e62f51cff,4155.22,INR,success,2026-05-29 21:18:11.170780+00:00
bd5a9f6a-2a73-4441-a044-79488bfda207,78281f19-7d41-4103-b171-7acec4797a25,198ceae9-3fa3-4a91-997e-0f7500e6d76a,1f39bb77-a543-4501-a222-a83d7e5d05d1,303.74,INR,success,2026-05-19 17:37:01.922779+00:00
10a486b9-c870-4604-8d13-0658a4313c90,08295b05-47e6-4111-bb7d-5cf2237165b4,198ceae9-3fa3-4a91-997e-0f7500e6d76a,80f8af3c-1c1a-4e51-a432-36587befb0bd,2511.82,INR,success,2026-05-26 04:29:52.802965+00:00
553a6f22-68b5-4d95-901f-4ef008992b33,08295b05-47e6-4111-bb7d-5cf2237165b4,198ceae9-3fa3-4a91-997e-0f7500e6d76a,80f8af3c-1c1a-4e51-a432-36587befb0bd,2966.49,INR,success,2026-05-28 14:20:31.659653+00:00
9e0a5d91-1825-4dfb-9170-e3a2585a0060,08295b05-47e6-4111-bb7d-5cf2237165b4,198ceae9-3fa3-4a91-997e-0f7500e6d76a,80f8af3c-1c1a-4e51-a432-36587befb0bd,2572.97,INR,success,2026-05-29 09:58:17.369438+00:00
cfe347b5-57db-472d-b370-a337b3f59ddb,08295b05-47e6-4111-bb7d-5cf2237165b4,198ceae9-3fa3-4a91-997e-0f7500e6d76a,80f8af3c-1c1a-4e51-a432-36587befb0bd,1134.03,INR,success,2026-05-30 23:13:12.868428+00:00
589601cb-afbf-4f1b-a402-bc641c646448,78b00a68-71c3-432e-86b9-26e019b367a2,198ceae9-3fa3-4a91-997e-0f7500e6d76a,3226a841-a8f0-4e2c-bc94-79a831ea181d,2175.83,INR,success,2026-05-13 03:55:17.114152+00:00
adf0d871-41f1-4683-8cfe-ed3cb035244f,78b00a68-71c3-432e-86b9-26e019b367a2,198ceae9-3fa3-4a91-997e-0f7500e6d76a,3226a841-a8f0-4e2c-bc94-79a831ea181d,1629.21,INR,success,2026-05-16 05:16:06.034437+00:00
49fcc32c-d72d-4f6a-8170-45414e6dfdef,78b00a68-71c3-432e-86b9-26e019b367a2,198ceae9-3fa3-4a91-997e-0f7500e6d76a,3226a841-a8f0-4e2c-bc94-79a831ea181d,1241.21,INR,success,2026-05-18 16:18:04.424387+00:00
91dddb9c-5e80-4ce6-a48f-8e30896c1a8a,78b00a68-71c3-432e-86b9-26e019b367a2,198ceae9-3fa3-4a91-997e-0f7500e6d76a,3226a841-a8f0-4e2c-bc94-79a831ea181d,1819.29,INR,success,2026-05-19 16:44:09.613245+00:00
19cb9b1e-6d51-494b-9a79-f1c521910d32,78b00a68-71c3-432e-86b9-26e019b367a2,198ceae9-3fa3-4a91-997e-0f7500e6d76a,3226a841-a8f0-4e2c-bc94-79a831ea181d,1634.5,INR,success,2026-05-20 01:55:36.918949+00:00
403e629d-a36d-4742-84b6-a3f708fdd045,78b00a68-71c3-432e-86b9-26e019b367a2,198ceae9-3fa3-4a91-997e-0f7500e6d76a,3226a841-a8f0-4e2c-bc94-79a831ea181d,2773.04,INR,success,2026-05-29 08:27:27.304840+00:00
05179d67-c752-4952-a657-b3a4982b496f,7ae29cee-6081-4e31-bf6d-67d708d45ffe,852fa6bb-f15d-4152-85bf-516688139be5,672de381-f307-4c1c-941c-1fef2afadab2,828.05,INR,success,2026-03-24 04:18:18.552194+00:00
a579d1c8-1e97-4df5-9add-598b890e3d92,7ae29cee-6081-4e31-bf6d-67d708d45ffe,852fa6bb-f15d-4152-85bf-516688139be5,672de381-f307-4c1c-941c-1fef2afadab2,1670.07,INR,success,2026-03-25 13:33:38.803168+00:00
80b1b74c-fe4f-431b-a54a-8c1d36375640,7ae29cee-6081-4e31-bf6d-67d708d45ffe,852fa6bb-f15d-4152-85bf-516688139be5,672de381-f307-4c1c-941c-1fef2afadab2,1283.8,INR,success,2026-04-20 06:13:47.203176+00:00
785bd77a-6816-493c-9b37-8bbacdef3083,7ae29cee-6081-4e31-bf6d-67d708d45ffe,852fa6bb-f15d-4152-85bf-516688139be5,672de381-f307-4c1c-941c-1fef2afadab2,493.27,INR,success,2026-05-27 18:16:20.593153+00:00
9bd164e2-41f5-454b-a9a1-692b9b28c688,7ae29cee-6081-4e31-bf6d-67d708d45ffe,852fa6bb-f15d-4152-85bf-516688139be5,672de381-f307-4c1c-941c-1fef2afadab2,959.28,INR,success,2026-05-31 09:00:06.101361+00:00
8ca6f96c-90e4-4d55-9712-d560d8af176c,a0968555-983b-4200-b86d-7857513eef23,852fa6bb-f15d-4152-85bf-516688139be5,672de381-f307-4c1c-941c-1fef2afadab2,1196.5,INR,success,2026-04-08 03:09:32.889031+00:00
22f2b705-926e-48a5-9920-27a3438e5620,a0968555-983b-4200-b86d-7857513eef23,852fa6bb-f15d-4152-85bf-516688139be5,672de381-f307-4c1c-941c-1fef2afadab2,2367.47,INR,success,2026-04-10 18:12:14.281258+00:00
ca0bcde4-7669-4c69-89aa-7ea800839398,a2670383-5ec0-4629-9001-574968b3ec73,852fa6bb-f15d-4152-85bf-516688139be5,672de381-f307-4c1c-941c-1fef2afadab2,1172.96,INR,success,2026-04-03 14:48:50.398237+00:00
6dd0645a-bfb8-44bd-b2fd-4512c05c7c8f,a2670383-5ec0-4629-9001-574968b3ec73,852fa6bb-f15d-4152-85bf-516688139be5,672de381-f307-4c1c-941c-1fef2afadab2,656.93,INR,success,2026-04-05 10:28:10.420204+00:00
e5280401-fce2-4c8f-9afa-01b3d274b3dc,a2670383-5ec0-4629-9001-574968b3ec73,852fa6bb-f15d-4152-85bf-516688139be5,672de381-f307-4c1c-941c-1fef2afadab2,758.79,INR,success,2026-04-10 23:16:27.654958+00:00
8f14f729-c1de-4e42-a623-3b0df3ff63d7,a2670383-5ec0-4629-9001-574968b3ec73,852fa6bb-f15d-4152-85bf-516688139be5,672de381-f307-4c1c-941c-1fef2afadab2,663.9,INR,success,2026-05-21 07:42:15.928314+00:00
e7e249ad-59dd-4e22-ad9a-122d3bdfdbeb,13cb81a3-feba-4095-8a23-48dee617207b,852fa6bb-f15d-4152-85bf-516688139be5,672de381-f307-4c1c-941c-1fef2afadab2,942.45,INR,success,2026-04-30 02:39:59.443478+00:00
8d6c58b4-e682-4e97-9191-08460f8bb7a3,13cb81a3-feba-4095-8a23-48dee617207b,852fa6bb-f15d-4152-85bf-516688139be5,672de381-f307-4c1c-941c-1fef2afadab2,825.96,INR,success,2026-05-06 11:24:12.120675+00:00
27116fde-e14d-4cb0-8fcf-51377467b8ae,13cb81a3-feba-4095-8a23-48dee617207b,852fa6bb-f15d-4152-85bf-516688139be5,672de381-f307-4c1c-941c-1fef2afadab2,975.27,INR,success,2026-05-29 23:42:30.367260+00:00
b2fdb103-6ddc-4a66-b8a6-5413853f609b,92a0ddb6-b6b1-43f5-8dcb-7680ff84a938,852fa6bb-f15d-4152-85bf-516688139be5,672de381-f307-4c1c-941c-1fef2afadab2,1186.67,INR,success,2026-05-18 20:01:41.282660+00:00
123c1811-4a45-4713-9bb9-e3d99f97ac24,92a0ddb6-b6b1-43f5-8dcb-7680ff84a938,852fa6bb-f15d-4152-85bf-516688139be5,672de381-f307-4c1c-941c-1fef2afadab2,1923.18,INR,success,2026-05-26 18:53:32.915082+00:00
923afa2b-21c9-48bf-980d-3fff43dabd8f,5048d002-66a4-4e53-857a-910e3ba460fd,c66ebbc6-90e1-4b07-b66f-81f2017a9f0a,025c5716-0ee7-49bf-9042-c37229652721,6381.94,INR,success,2026-04-04 18:48:00.909746+00:00
cf892b39-8e1d-42bb-9241-64703acaf9fc,5048d002-66a4-4e53-857a-910e3ba460fd,c66ebbc6-90e1-4b07-b66f-81f2017a9f0a,025c5716-0ee7-49bf-9042-c37229652721,2232.14,INR,success,2026-05-02 18:31:06.495933+00:00
874bd382-58e4-4f48-a9e4-dfd4ed780555,5048d002-66a4-4e53-857a-910e3ba460fd,c66ebbc6-90e1-4b07-b66f-81f2017a9f0a,025c5716-0ee7-49bf-9042-c37229652721,4211.05,INR,success,2026-05-05 18:34:23.168148+00:00
a0e61434-ddc0-461c-9024-2f56ed3b04e9,5048d002-66a4-4e53-857a-910e3ba460fd,c66ebbc6-90e1-4b07-b66f-81f2017a9f0a,025c5716-0ee7-49bf-9042-c37229652721,2477.82,INR,success,2026-05-14 09:04:41.712122+00:00
ed8c39fb-2155-490e-83c0-b11e42f04440,5048d002-66a4-4e53-857a-910e3ba460fd,c66ebbc6-90e1-4b07-b66f-81f2017a9f0a,025c5716-0ee7-49bf-9042-c37229652721,5773.67,INR,success,2026-05-15 22:36:55.140405+00:00
ab03a2f2-ab7a-40fe-ba9e-8fdf91d43cec,5048d002-66a4-4e53-857a-910e3ba460fd,c66ebbc6-90e1-4b07-b66f-81f2017a9f0a,025c5716-0ee7-49bf-9042-c37229652721,2706.24,INR,success,2026-05-17 08:12:52.035848+00:00
e67a57d8-3779-418d-8e50-307c1e89ae22,6bc3e988-7845-4755-bae2-b1342ffc8b26,c66ebbc6-90e1-4b07-b66f-81f2017a9f0a,5b0ac126-0b5f-45d5-b017-dbede71791c3,7281.57,INR,success,2026-05-03 20:39:25.212908+00:00
25afc96a-1e24-4412-9ade-8e852a1455ff,6bc3e988-7845-4755-bae2-b1342ffc8b26,c66ebbc6-90e1-4b07-b66f-81f2017a9f0a,5b0ac126-0b5f-45d5-b017-dbede71791c3,3623.32,INR,success,2026-05-19 20:41:57.515245+00:00
55d168f2-3cf9-41d7-b098-bf90ef4006ed,6bc3e988-7845-4755-bae2-b1342ffc8b26,c66ebbc6-90e1-4b07-b66f-81f2017a9f0a,5b0ac126-0b5f-45d5-b017-dbede71791c3,5308.48,INR,success,2026-05-20 05:59:03.402167+00:00
8805d31e-c065-43d9-995d-7ef268103180,6bc3e988-7845-4755-bae2-b1342ffc8b26,c66ebbc6-90e1-4b07-b66f-81f2017a9f0a,5b0ac126-0b5f-45d5-b017-dbede71791c3,5938.31,INR,success,2026-05-29 00:15:55.721796+00:00
8cc74b5a-6488-442c-8851-b9e0fdfe5fff,4d099751-9b2e-421e-849d-a41e4ed09734,c66ebbc6-90e1-4b07-b66f-81f2017a9f0a,1cd08e4d-5fdf-4847-9ad4-21444c7a0f91,2563.07,INR,success,2026-05-26 02:02:11.227561+00:00
6a236c6c-4831-4ce4-ad30-0f28a24786ed,4d099751-9b2e-421e-849d-a41e4ed09734,c66ebbc6-90e1-4b07-b66f-81f2017a9f0a,1cd08e4d-5fdf-4847-9ad4-21444c7a0f91,2648.18,INR,success,2026-05-27 21:14:18.115811+00:00
8998c0f8-5483-43af-8a7c-5fc554fec333,4d099751-9b2e-421e-849d-a41e4ed09734,c66ebbc6-90e1-4b07-b66f-81f2017a9f0a,1cd08e4d-5fdf-4847-9ad4-21444c7a0f91,2960.05,INR,success,2026-05-29 14:15:02.193091+00:00
710fdf70-4175-415e-b2f0-11a6a08386f2,1d7807de-94bc-4f6d-b621-86183b00618e,b20e34be-1ec3-4aac-bb9d-e1528a8b991b,ba30f727-e3d7-47d3-8f4b-7848d2eabed3,2161.06,INR,success,2026-04-26 21:38:48.344811+00:00
e5de848a-5fe0-477b-99b8-a8b78444d917,1d7807de-94bc-4f6d-b621-86183b00618e,b20e34be-1ec3-4aac-bb9d-e1528a8b991b,ba30f727-e3d7-47d3-8f4b-7848d2eabed3,2724.39,INR,success,2026-05-31 14:33:10.026395+00:00
5558aae8-b135-4bb2-a177-caad285494f4,98bd8163-f900-46b8-b458-46802737bd15,b20e34be-1ec3-4aac-bb9d-e1528a8b991b,ba30f727-e3d7-47d3-8f4b-7848d2eabed3,2417.29,INR,success,2026-05-02 07:01:08.356020+00:00
028da9e0-9f90-407f-9947-28e04d8daed0,98bd8163-f900-46b8-b458-46802737bd15,b20e34be-1ec3-4aac-bb9d-e1528a8b991b,ba30f727-e3d7-47d3-8f4b-7848d2eabed3,10.0,INR,success,2026-05-04 07:38:45.223263+00:00
7a1a8349-63c6-4d94-94b4-88c0fddd2b3d,98bd8163-f900-46b8-b458-46802737bd15,b20e34be-1ec3-4aac-bb9d-e1528a8b991b,ba30f727-e3d7-47d3-8f4b-7848d2eabed3,4119.35,INR,success,2026-05-19 12:59:33.397200+00:00
1cb894c3-5203-4cd6-b759-2cf00411ebaa,98bd8163-f900-46b8-b458-46802737bd15,b20e34be-1ec3-4aac-bb9d-e1528a8b991b,ba30f727-e3d7-47d3-8f4b-7848d2eabed3,1843.67,INR,success,2026-05-25 06:29:49.390560+00:00
d9e65a9a-77ca-4087-8c3b-3cae4d7c2769,55ba8781-50c6-4669-84cb-012e85101cde,6ee5b1ba-3515-4a3b-af36-37d05e130063,3a75aaae-254b-49eb-b9bd-aab16f859813,438.1,INR,success,2026-03-17 15:49:51.952977+00:00
5fd2de5b-6a99-4473-ab25-c2de8b12ee61,981d3ae8-3560-4832-81bc-b9282a5edef8,2a9c8d07-3e16-46c5-888d-11dcc29f5a6b,3a75aaae-254b-49eb-b9bd-aab16f859813,517.53,INR,success,2026-04-30 21:39:48.462004+00:00
0b652ea9-3141-46b8-8913-9229b2cc93c1,981d3ae8-3560-4832-81bc-b9282a5edef8,2a9c8d07-3e16-46c5-888d-11dcc29f5a6b,3a75aaae-254b-49eb-b9bd-aab16f859813,1394.18,INR,success,2026-05-13 23:30:52.465547+00:00
b71f46c6-b82b-4ce3-b6f0-aa812c76cb39,981d3ae8-3560-4832-81bc-b9282a5edef8,2a9c8d07-3e16-46c5-888d-11dcc29f5a6b,3a75aaae-254b-49eb-b9bd-aab16f859813,858.35,INR,success,2026-05-21 03:27:38.264892+00:00
fa19bb7d-0b5c-48a6-b027-50d8d450902a,981d3ae8-3560-4832-81bc-b9282a5edef8,2a9c8d07-3e16-46c5-888d-11dcc29f5a6b,3a75aaae-254b-49eb-b9bd-aab16f859813,782.23,INR,success,2026-05-27 01:20:31.788491+00:00
fa5369b8-ea8f-4321-b6a2-34b97d840ca9,1ec7d8bb-d4a9-43a3-ac53-8004336607c8,0045aea5-6f1c-4c73-b365-ee41e21c701c,3a75aaae-254b-49eb-b9bd-aab16f859813,2259.59,INR,success,2026-05-26 07:49:31.117188+00:00
68f913bb-bb13-4b15-8032-1219988d9aba,c164d228-0d24-447f-b01f-fe85cdd64199,e41f2b6d-6ed8-4fc7-b5df-54198667230a,eefaf108-2300-4894-af0d-8e1087e26e15,859.87,INR,success,2026-03-20 00:26:07.132834+00:00
8eb95a76-df3c-45bd-8a3d-fdc7f31a583c,c164d228-0d24-447f-b01f-fe85cdd64199,e41f2b6d-6ed8-4fc7-b5df-54198667230a,eefaf108-2300-4894-af0d-8e1087e26e15,1620.2,INR,success,2026-03-29 06:20:06.135889+00:00
0f073a8a-8924-44fa-bc89-a26127fcc4c4,c164d228-0d24-447f-b01f-fe85cdd64199,e41f2b6d-6ed8-4fc7-b5df-54198667230a,eefaf108-2300-4894-af0d-8e1087e26e15,5915.89,INR,success,2026-04-19 12:17:39.513254+00:00
c2716777-e51a-4ea7-abbd-05dafa949356,c164d228-0d24-447f-b01f-fe85cdd64199,e41f2b6d-6ed8-4fc7-b5df-54198667230a,eefaf108-2300-4894-af0d-8e1087e26e15,2458.14,INR,success,2026-04-21 23:37:54.069696+00:00
20afb299-30ea-4851-b547-997dd063b7aa,c164d228-0d24-447f-b01f-fe85cdd64199,e41f2b6d-6ed8-4fc7-b5df-54198667230a,eefaf108-2300-4894-af0d-8e1087e26e15,3202.57,INR,success,2026-04-22 15:26:37.026954+00:00
ecfcbf1c-6e24-4e5e-b161-720dc72a0fca,d552d3cd-3f9f-4a26-acf2-ff832f66eb04,e41f2b6d-6ed8-4fc7-b5df-54198667230a,ac15e114-e490-4cc5-a998-f17ccce6e7ea,7680.62,INR,success,2026-05-19 10:06:39.058329+00:00
0a1b17c9-a6bc-4ea1-bc05-393bffa5c583,b395cc58-9d79-4ab9-800c-d14101fff5d8,e41f2b6d-6ed8-4fc7-b5df-54198667230a,b19ad680-a213-4ea0-b47d-f1a553be9643,4212.69,INR,success,2026-04-16 23:47:22.576317+00:00
c729bff7-5e33-43f5-9c08-4970388a4b1b,b395cc58-9d79-4ab9-800c-d14101fff5d8,e41f2b6d-6ed8-4fc7-b5df-54198667230a,b19ad680-a213-4ea0-b47d-f1a553be9643,2292.6,INR,success,2026-05-10 01:55:04.008333+00:00
11f0901c-acd3-43fd-9a18-4d23931a4c8f,b395cc58-9d79-4ab9-800c-d14101fff5d8,e41f2b6d-6ed8-4fc7-b5df-54198667230a,b19ad680-a213-4ea0-b47d-f1a553be9643,3068.35,INR,success,2026-05-17 10:37:50.687793+00:00
c477c9fc-c4fa-48df-93fa-569b3ae1a459,b395cc58-9d79-4ab9-800c-d14101fff5d8,e41f2b6d-6ed8-4fc7-b5df-54198667230a,b19ad680-a213-4ea0-b47d-f1a553be9643,1519.0,INR,success,2026-05-17 14:17:43.547385+00:00
729eaf67-e77f-4506-b163-3f43eeaca1f0,b395cc58-9d79-4ab9-800c-d14101fff5d8,e41f2b6d-6ed8-4fc7-b5df-54198667230a,b19ad680-a213-4ea0-b47d-f1a553be9643,1620.28,INR,success,2026-05-18 12:52:15.253817+00:00
6860191b-1dc6-4240-9762-5722aa77e7fb,3583770d-e6de-4931-871c-2bdcdf8f5992,e41f2b6d-6ed8-4fc7-b5df-54198667230a,2b12270b-69c5-4d46-9aa7-ec8606eb3589,1314.81,INR,success,2026-05-31 16:22:38.341019+00:00
6f4d29ce-c582-4f6f-8fdb-3d986f97fe33,3583770d-e6de-4931-871c-2bdcdf8f5992,e41f2b6d-6ed8-4fc7-b5df-54198667230a,2b12270b-69c5-4d46-9aa7-ec8606eb3589,1801.89,INR,success,2026-05-31 16:55:34.361038+00:00
a9c22de8-95d3-499d-8bb6-06bc410381b1,3583770d-e6de-4931-871c-2bdcdf8f5992,e41f2b6d-6ed8-4fc7-b5df-54198667230a,2b12270b-69c5-4d46-9aa7-ec8606eb3589,1500.06,INR,success,2026-05-31 17:15:36.158594+00:00
82b73e4f-15ca-45dc-9331-2772c56c2a35,3583770d-e6de-4931-871c-2bdcdf8f5992,e41f2b6d-6ed8-4fc7-b5df-54198667230a,2b12270b-69c5-4d46-9aa7-ec8606eb3589,1248.21,INR,success,2026-05-31 22:30:19.096854+00:00
05dc7d3d-7587-469c-ba1c-605a834a1370,3583770d-e6de-4931-871c-2bdcdf8f5992,e41f2b6d-6ed8-4fc7-b5df-54198667230a,2b12270b-69c5-4d46-9aa7-ec8606eb3589,1602.85,INR,success,2026-05-31 23:58:38.423230+00:00
23fba234-850f-4f2b-a89e-f764ada668f2,c82e80bf-d074-41a5-9588-bc50ebaa6db8,002b934a-1a37-4e0b-a720-37c78323f988,8f23cf07-8053-4fc4-aab3-95964603f579,1507.53,INR,success,2026-04-08 03:49:15.181181+00:00
bb9a329a-c4d6-49ef-9d38-908993aaaa66,c0e60996-d4aa-4ffe-8ed1-c576dc551394,002b934a-1a37-4e0b-a720-37c78323f988,8f23cf07-8053-4fc4-aab3-95964603f579,808.33,INR,success,2026-04-23 08:15:19.937306+00:00
7ab30eab-3189-43e8-92c6-9da9d30cf483,c0e60996-d4aa-4ffe-8ed1-c576dc551394,002b934a-1a37-4e0b-a720-37c78323f988,8f23cf07-8053-4fc4-aab3-95964603f579,1576.24,INR,success,2026-05-01 13:57:16.046883+00:00
93593c7a-797c-40e8-abb5-c4c9932bbc5e,c0e60996-d4aa-4ffe-8ed1-c576dc551394,002b934a-1a37-4e0b-a720-37c78323f988,8f23cf07-8053-4fc4-aab3-95964603f579,838.88,INR,success,2026-05-16 14:51:35.626523+00:00
def53867-2bf1-4253-9282-1ee4374769cb,85ffc105-9d1b-4c32-81b1-25cc0a8ecb4b,002b934a-1a37-4e0b-a720-37c78323f988,8f23cf07-8053-4fc4-aab3-95964603f579,4084.03,INR,success,2026-05-28 22:33:42.185812+00:00
0092b842-5c02-4139-bec6-2ae4332a7492,1b26591c-bb5f-43a4-a22d-0e6da1166dc1,002b934a-1a37-4e0b-a720-37c78323f988,8f23cf07-8053-4fc4-aab3-95964603f579,2455.61,INR,success,2026-05-22 06:09:05.808844+00:00
6a0d50c9-f376-4315-9b9f-bc742790ff4c,1b26591c-bb5f-43a4-a22d-0e6da1166dc1,002b934a-1a37-4e0b-a720-37c78323f988,8f23cf07-8053-4fc4-aab3-95964603f579,3608.32,INR,success,2026-05-27 08:24:39.751362+00:00
9583111b-3ef9-41b6-bedb-19732bab0be5,b9544924-1ab8-42c1-8c3b-6b57ef4e1071,9079a94b-fbf7-4f96-a35b-92aed11e16ba,f990f039-937e-4a75-bbc8-2f789cb43038,2999.21,INR,success,2026-03-14 19:10:49.563707+00:00
0d3b3342-73fd-4992-828d-fa22482bb8c4,b9544924-1ab8-42c1-8c3b-6b57ef4e1071,9079a94b-fbf7-4f96-a35b-92aed11e16ba,f990f039-937e-4a75-bbc8-2f789cb43038,3545.99,INR,success,2026-05-03 04:17:51.703423+00:00
67a48122-ea26-4d5e-90d6-63547aca7a48,589b88f9-50d4-4888-82ef-3ce7d0ef24e8,9079a94b-fbf7-4f96-a35b-92aed11e16ba,94c5e7b1-75ab-4898-b667-433e63653967,6411.24,INR,success,2026-05-09 12:53:18.888333+00:00
61c8e1e9-de27-45f2-8027-b04d9266f18d,fecd7625-cc9c-4bce-bed6-82112be94e4d,9079a94b-fbf7-4f96-a35b-92aed11e16ba,5c1db128-d5e2-485b-b4cb-23d128ddf693,2462.07,INR,success,2026-05-29 20:52:03.397269+00:00
014f1da5-3570-4762-aea6-7252eb85420f,fecd7625-cc9c-4bce-bed6-82112be94e4d,9079a94b-fbf7-4f96-a35b-92aed11e16ba,5c1db128-d5e2-485b-b4cb-23d128ddf693,1602.15,INR,success,2026-05-30 07:26:58.299462+00:00
27799654-69a4-421a-94d9-43a011960745,fecd7625-cc9c-4bce-bed6-82112be94e4d,9079a94b-fbf7-4f96-a35b-92aed11e16ba,5c1db128-d5e2-485b-b4cb-23d128ddf693,1760.95,INR,success,2026-05-31 08:21:12.432414+00:00
594acfee-390e-4cf4-9349-1ee26b66d757,fecd7625-cc9c-4bce-bed6-82112be94e4d,9079a94b-fbf7-4f96-a35b-92aed11e16ba,5c1db128-d5e2-485b-b4cb-23d128ddf693,3344.65,INR,success,2026-05-31 13:11:11.118832+00:00
f4ed5a01-248e-4ded-ba09-b9dd493dcb53,c85a088f-ff27-4b35-9905-daac16473804,3139b4f5-7036-4df6-b22e-204a34d9f6cf,3b78229f-8aca-4731-9c1a-30f67cb763ce,2859.14,INR,success,2026-04-17 06:07:34.723431+00:00
cfd57db6-a0fe-477e-9418-fd80dd51cc38,c85a088f-ff27-4b35-9905-daac16473804,3139b4f5-7036-4df6-b22e-204a34d9f6cf,3b78229f-8aca-4731-9c1a-30f67cb763ce,6557.65,INR,success,2026-05-31 00:59:11.098545+00:00
f07bea45-6306-4066-b5f9-c007c56c83d3,86ba6f97-0bc1-4df1-9f05-1841e12b7e9d,3139b4f5-7036-4df6-b22e-204a34d9f6cf,8d74672d-e7c1-47ad-a62f-0d9b9d58175f,1154.23,INR,success,2026-03-15 03:41:04.882883+00:00
10694426-1204-4441-a711-0e4df9c18b44,86ba6f97-0bc1-4df1-9f05-1841e12b7e9d,3139b4f5-7036-4df6-b22e-204a34d9f6cf,8d74672d-e7c1-47ad-a62f-0d9b9d58175f,1246.56,INR,success,2026-03-15 06:43:33.102097+00:00
cfcd4d6b-a9ca-4638-b6ba-894d912b8fca,86ba6f97-0bc1-4df1-9f05-1841e12b7e9d,3139b4f5-7036-4df6-b22e-204a34d9f6cf,8d74672d-e7c1-47ad-a62f-0d9b9d58175f,2462.87,INR,success,2026-03-18 05:43:41.343155+00:00
7aa664cc-e2e2-4047-a0b5-c57746141654,86ba6f97-0bc1-4df1-9f05-1841e12b7e9d,3139b4f5-7036-4df6-b22e-204a34d9f6cf,8d74672d-e7c1-47ad-a62f-0d9b9d58175f,469.75,INR,success,2026-03-28 13:30:22.082676+00:00
4cf6eb35-82cd-4352-bdbd-d29ee1054959,86ba6f97-0bc1-4df1-9f05-1841e12b7e9d,3139b4f5-7036-4df6-b22e-204a34d9f6cf,8d74672d-e7c1-47ad-a62f-0d9b9d58175f,545.71,INR,success,2026-05-22 21:03:44.975344+00:00
8e6995ea-7d77-426a-9dd8-344746120ae7,86ba6f97-0bc1-4df1-9f05-1841e12b7e9d,3139b4f5-7036-4df6-b22e-204a34d9f6cf,8d74672d-e7c1-47ad-a62f-0d9b9d58175f,2502.58,INR,success,2026-05-29 12:23:24.502946+00:00
7d189409-2ec1-4d9c-a14b-7f28e373a815,834173e3-6c3f-46b0-9fb2-98f5cf186331,3139b4f5-7036-4df6-b22e-204a34d9f6cf,b3ff3f3c-3952-4497-9e3d-21514f02d2de,1860.48,INR,success,2026-04-10 23:33:23.851486+00:00
291c2f5a-3573-4f8c-8029-9c16911d84fb,834173e3-6c3f-46b0-9fb2-98f5cf186331,3139b4f5-7036-4df6-b22e-204a34d9f6cf,b3ff3f3c-3952-4497-9e3d-21514f02d2de,2717.07,INR,success,2026-05-14 13:33:39.847398+00:00
4fa1f1ea-486c-4b5e-82aa-7808454fa661,834173e3-6c3f-46b0-9fb2-98f5cf186331,3139b4f5-7036-4df6-b22e-204a34d9f6cf,b3ff3f3c-3952-4497-9e3d-21514f02d2de,1139.6,INR,success,2026-05-16 06:17:26.503173+00:00
688d8ff3-f637-4dc7-bfa3-71dd7cbfde0a,834173e3-6c3f-46b0-9fb2-98f5cf186331,3139b4f5-7036-4df6-b22e-204a34d9f6cf,b3ff3f3c-3952-4497-9e3d-21514f02d2de,2251.62,INR,success,2026-05-23 11:11:42.404501+00:00
164aa252-621c-4299-a4d9-e2bd20ae6747,834173e3-6c3f-46b0-9fb2-98f5cf186331,3139b4f5-7036-4df6-b22e-204a34d9f6cf,b3ff3f3c-3952-4497-9e3d-21514f02d2de,2304.0,INR,success,2026-05-31 04:56:37.348620+00:00
5d475420-f55d-4b15-ba95-2a66140bd82b,54687511-b4d2-4c94-84c9-14969ea78fc4,3139b4f5-7036-4df6-b22e-204a34d9f6cf,e55ce05b-1b41-4774-8536-fda2967a2ccd,1106.07,INR,success,2026-05-07 22:34:21.760707+00:00
8b26c3ce-2338-45ab-8c61-27efd4740f14,99877703-bc4b-465e-88cb-77701cdf451c,3139b4f5-7036-4df6-b22e-204a34d9f6cf,0504ef59-2cc5-4383-992f-f6874b079811,5256.91,INR,success,2026-05-10 05:19:22.156454+00:00
78595f24-4d16-4aae-a577-3847b1c62ff5,99877703-bc4b-465e-88cb-77701cdf451c,3139b4f5-7036-4df6-b22e-204a34d9f6cf,0504ef59-2cc5-4383-992f-f6874b079811,7890.68,INR,success,2026-05-24 10:18:07.805721+00:00
cc881831-21ac-43eb-b1d4-b3a7a1242216,99877703-bc4b-465e-88cb-77701cdf451c,3139b4f5-7036-4df6-b22e-204a34d9f6cf,0504ef59-2cc5-4383-992f-f6874b079811,4968.13,INR,success,2026-05-31 23:09:25.585186+00:00
bbd1f3ac-ea88-4244-99c8-7eefe79310bd,90af0eb3-c68b-4f2c-82c8-5114c092856d,436e2f03-8fdf-4d13-ab1b-9bc9bf5b9dd4,976c0e5a-9a01-4a64-bf06-5c0217c5eb37,3010.99,INR,success,2026-04-02 06:46:52.546638+00:00
a3186950-4e93-4512-91cc-97886382a87b,90af0eb3-c68b-4f2c-82c8-5114c092856d,436e2f03-8fdf-4d13-ab1b-9bc9bf5b9dd4,976c0e5a-9a01-4a64-bf06-5c0217c5eb37,2997.09,INR,success,2026-04-02 20:55:15.791736+00:00
46892a40-d415-47e9-a018-597582a5c5b5,90af0eb3-c68b-4f2c-82c8-5114c092856d,436e2f03-8fdf-4d13-ab1b-9bc9bf5b9dd4,976c0e5a-9a01-4a64-bf06-5c0217c5eb37,993.94,INR,success,2026-04-25 00:36:12.642699+00:00
1d011832-1fc5-43cf-8c6a-40f84c72999e,90af0eb3-c68b-4f2c-82c8-5114c092856d,436e2f03-8fdf-4d13-ab1b-9bc9bf5b9dd4,976c0e5a-9a01-4a64-bf06-5c0217c5eb37,2967.42,INR,success,2026-05-12 08:11:31.820605+00:00
a387ca71-7e31-4f29-82ac-f77e621dcd65,90af0eb3-c68b-4f2c-82c8-5114c092856d,436e2f03-8fdf-4d13-ab1b-9bc9bf5b9dd4,976c0e5a-9a01-4a64-bf06-5c0217c5eb37,1309.24,INR,success,2026-05-20 00:16:26.342968+00:00
392dd01f-9536-4fb8-a206-b584c8cb4b1e,90af0eb3-c68b-4f2c-82c8-5114c092856d,436e2f03-8fdf-4d13-ab1b-9bc9bf5b9dd4,976c0e5a-9a01-4a64-bf06-5c0217c5eb37,3002.34,INR,success,2026-05-23 10:17:24.812320+00:00
c6668315-2e29-45aa-ae14-f0f7b2e71d15,ac7e6147-16fa-4243-b58b-91a35c6fc311,f39b252c-ee92-4db5-9f49-03057ba5c56a,976c0e5a-9a01-4a64-bf06-5c0217c5eb37,2751.44,INR,success,2026-05-02 19:59:17.983777+00:00
f12b67fa-3c5e-46c3-88f8-02f0cb33ad06,ac7e6147-16fa-4243-b58b-91a35c6fc311,f39b252c-ee92-4db5-9f49-03057ba5c56a,976c0e5a-9a01-4a64-bf06-5c0217c5eb37,1404.81,INR,success,2026-05-09 13:19:01.376729+00:00
653fe86a-0ec0-4fec-95f7-4ffd4dda9b96,ac7e6147-16fa-4243-b58b-91a35c6fc311,f39b252c-ee92-4db5-9f49-03057ba5c56a,976c0e5a-9a01-4a64-bf06-5c0217c5eb37,1636.28,INR,success,2026-05-14 15:04:12.715320+00:00
4e482f82-6be8-4c2e-b0cd-9aea5f6495b4,ac7e6147-16fa-4243-b58b-91a35c6fc311,f39b252c-ee92-4db5-9f49-03057ba5c56a,976c0e5a-9a01-4a64-bf06-5c0217c5eb37,2106.75,INR,success,2026-05-21 01:49:34.670531+00:00
d930edfa-73ad-43da-a6bb-29ba7c963cae,ac7e6147-16fa-4243-b58b-91a35c6fc311,f39b252c-ee92-4db5-9f49-03057ba5c56a,976c0e5a-9a01-4a64-bf06-5c0217c5eb37,4257.08,INR,success,2026-05-21 20:14:35.793027+00:00
f956a4b7-e630-4124-8027-a1715524c545,4c23f081-83e1-4731-a1c7-e301c437576b,67be1f9c-a16a-48c3-93f3-399b05bd1627,976c0e5a-9a01-4a64-bf06-5c0217c5eb37,1151.12,INR,success,2026-05-09 05:16:42.135682+00:00
856a8be8-6db2-4f88-a6dc-3083d94fa1ea,4c23f081-83e1-4731-a1c7-e301c437576b,67be1f9c-a16a-48c3-93f3-399b05bd1627,976c0e5a-9a01-4a64-bf06-5c0217c5eb37,495.52,INR,success,2026-05-09 05:39:52.539131+00:00
96547ea9-88b0-4d29-bef4-0d44eaedff77,4c23f081-83e1-4731-a1c7-e301c437576b,67be1f9c-a16a-48c3-93f3-399b05bd1627,976c0e5a-9a01-4a64-bf06-5c0217c5eb37,444.34,INR,success,2026-05-11 22:37:56.228900+00:00
e0060c0c-1337-4c29-b491-8ce2505b0aca,4c23f081-83e1-4731-a1c7-e301c437576b,67be1f9c-a16a-48c3-93f3-399b05bd1627,976c0e5a-9a01-4a64-bf06-5c0217c5eb37,613.71,INR,success,2026-05-14 01:06:49.135938+00:00
1cb4136f-4cd9-4821-90e5-11efb3542e4d,4c23f081-83e1-4731-a1c7-e301c437576b,67be1f9c-a16a-48c3-93f3-399b05bd1627,976c0e5a-9a01-4a64-bf06-5c0217c5eb37,651.78,INR,success,2026-05-15 06:37:52.110021+00:00
933ac938-ae0a-4438-8d5e-9ee3af040538,4c23f081-83e1-4731-a1c7-e301c437576b,67be1f9c-a16a-48c3-93f3-399b05bd1627,976c0e5a-9a01-4a64-bf06-5c0217c5eb37,1148.44,INR,success,2026-05-27 19:22:00.783431+00:00
a3c0b8ab-65d1-4624-b82f-e4ccae551970,ada057af-51df-4857-b34b-4d05172b1346,73c52d82-922c-43a4-96f9-f4394eb1f6ec,976c0e5a-9a01-4a64-bf06-5c0217c5eb37,1607.13,INR,success,2026-05-31 13:09:04.274863+00:00
0bf06572-f7d1-4696-9750-4131a98b3924,5b256de2-cc31-4c21-ad41-35b7e5a168bb,1f192da0-6acb-4a6c-bc74-909150d284d8,8230aedd-295d-47d3-bafb-b46060c9d10b,2904.07,INR,success,2026-03-23 15:13:29.905813+00:00
4f913537-3ad6-4358-a3c4-e8de33f30958,5b256de2-cc31-4c21-ad41-35b7e5a168bb,1f192da0-6acb-4a6c-bc74-909150d284d8,8230aedd-295d-47d3-bafb-b46060c9d10b,3722.21,INR,success,2026-04-21 04:17:19.630861+00:00
7424d952-087f-41b4-a8ab-c47cbe263635,5b256de2-cc31-4c21-ad41-35b7e5a168bb,1f192da0-6acb-4a6c-bc74-909150d284d8,8230aedd-295d-47d3-bafb-b46060c9d10b,3530.37,INR,success,2026-05-03 08:00:15.109040+00:00
fdbabf96-a136-4535-9109-94c115480ba0,5b256de2-cc31-4c21-ad41-35b7e5a168bb,1f192da0-6acb-4a6c-bc74-909150d284d8,8230aedd-295d-47d3-bafb-b46060c9d10b,4446.88,INR,success,2026-05-14 15:53:31.973435+00:00
931c93b6-ad70-47b9-ba7c-d08d0674a60f,518ad089-420a-4048-a748-fd0c6c8e6d55,1f192da0-6acb-4a6c-bc74-909150d284d8,8230aedd-295d-47d3-bafb-b46060c9d10b,4481.46,INR,success,2026-04-28 15:28:22.142391+00:00
279a26dc-58ef-44ac-8c81-2a042fff356d,518ad089-420a-4048-a748-fd0c6c8e6d55,1f192da0-6acb-4a6c-bc74-909150d284d8,8230aedd-295d-47d3-bafb-b46060c9d10b,5610.63,INR,success,2026-05-09 11:39:59.578227+00:00
642e91ad-a017-4d23-996f-8b563b7e4c03,ae2163a8-4626-4e60-8ce0-93154dcfe2a6,1f192da0-6acb-4a6c-bc74-909150d284d8,8230aedd-295d-47d3-bafb-b46060c9d10b,534.73,INR,success,2026-05-07 08:05:50.097885+00:00
0db93829-4283-4f3a-8118-2cc3f8109a27,ae2163a8-4626-4e60-8ce0-93154dcfe2a6,1f192da0-6acb-4a6c-bc74-909150d284d8,8230aedd-295d-47d3-bafb-b46060c9d10b,1182.57,INR,success,2026-05-20 02:50:02.788396+00:00
0f2e9ec8-0cc7-45f6-956c-b16970ed62d4,b68bdadc-767c-4085-967f-4a3a3218613a,1f192da0-6acb-4a6c-bc74-909150d284d8,8230aedd-295d-47d3-bafb-b46060c9d10b,3739.95,INR,success,2026-05-02 01:40:13.615884+00:00
7bf906d7-610c-4487-8ef6-af2dc46bd0f5,b68bdadc-767c-4085-967f-4a3a3218613a,1f192da0-6acb-4a6c-bc74-909150d284d8,8230aedd-295d-47d3-bafb-b46060c9d10b,2899.24,INR,success,2026-05-05 15:39:14.760881+00:00
0cb212b4-220c-4853-b662-137bdeca2632,b68bdadc-767c-4085-967f-4a3a3218613a,1f192da0-6acb-4a6c-bc74-909150d284d8,8230aedd-295d-47d3-bafb-b46060c9d10b,2879.08,INR,success,2026-05-11 11:55:57.132575+00:00
94cfe415-4515-4f99-9988-8237fa789065,b68bdadc-767c-4085-967f-4a3a3218613a,1f192da0-6acb-4a6c-bc74-909150d284d8,8230aedd-295d-47d3-bafb-b46060c9d10b,3181.51,INR,success,2026-05-15 11:50:23.412988+00:00
cb9df702-99f8-4d5e-97f2-96db7d73fa43,b68bdadc-767c-4085-967f-4a3a3218613a,1f192da0-6acb-4a6c-bc74-909150d284d8,8230aedd-295d-47d3-bafb-b46060c9d10b,4052.21,INR,success,2026-05-27 04:19:25.392660+00:00
339fee7d-7e98-49f9-909b-1d4cd3e07d52,d7e46e2d-e904-42e6-9879-e94c3c548613,1f192da0-6acb-4a6c-bc74-909150d284d8,8230aedd-295d-47d3-bafb-b46060c9d10b,3185.98,INR,success,2026-05-08 02:49:46.348829+00:00
403e54a7-2e28-4716-a78b-3c30eace87f8,d7e46e2d-e904-42e6-9879-e94c3c548613,1f192da0-6acb-4a6c-bc74-909150d284d8,8230aedd-295d-47d3-bafb-b46060c9d10b,1004.16,INR,success,2026-05-14 06:25:15.913817+00:00
92a9689d-68c0-4c9f-8248-7de025058b5c,d7e46e2d-e904-42e6-9879-e94c3c548613,1f192da0-6acb-4a6c-bc74-909150d284d8,8230aedd-295d-47d3-bafb-b46060c9d10b,3123.9,INR,success,2026-05-16 22:10:01.608446+00:00
eec3e8f4-c101-4eb0-bf84-b1d2cd1ea65c,d7e46e2d-e904-42e6-9879-e94c3c548613,1f192da0-6acb-4a6c-bc74-909150d284d8,8230aedd-295d-47d3-bafb-b46060c9d10b,1873.04,INR,success,2026-05-19 22:12:36.555797+00:00
5662dbc2-d7c8-4da6-a81e-e6b2a1586bce,d7e46e2d-e904-42e6-9879-e94c3c548613,1f192da0-6acb-4a6c-bc74-909150d284d8,8230aedd-295d-47d3-bafb-b46060c9d10b,2158.42,INR,success,2026-05-23 21:39:19.829591+00:00
51f0194e-defe-48ab-8d1b-cff673e48e75,1389d69d-f4f5-4869-b1d7-e78034c5cb17,3cd3b57b-2279-4c28-8f6e-8aa035d7fa87,cfa87e1c-43e2-4ca7-a5f6-46c8c172c21f,2204.69,INR,success,2026-04-21 02:01:34.930612+00:00
8cd10eb8-e6a9-4102-84ba-148c64b71f0d,1389d69d-f4f5-4869-b1d7-e78034c5cb17,3cd3b57b-2279-4c28-8f6e-8aa035d7fa87,cfa87e1c-43e2-4ca7-a5f6-46c8c172c21f,3194.56,INR,success,2026-04-25 11:34:43.419908+00:00
0ab28bcc-1d77-4d40-952b-d53a76ece03a,1389d69d-f4f5-4869-b1d7-e78034c5cb17,3cd3b57b-2279-4c28-8f6e-8aa035d7fa87,cfa87e1c-43e2-4ca7-a5f6-46c8c172c21f,2587.61,INR,success,2026-05-24 06:01:01.705418+00:00
f73f3b4e-2a00-40be-ab0f-b27c7ed5cd7a,e0ed829d-650d-4550-9e6d-21e647902ca5,0305b292-0e67-455e-a879-ae85ede4c10c,cfa87e1c-43e2-4ca7-a5f6-46c8c172c21f,1113.44,INR,success,2026-05-06 22:34:24.709753+00:00
86e213d2-37d3-4834-ac4f-8d3fc97334af,e0ed829d-650d-4550-9e6d-21e647902ca5,0305b292-0e67-455e-a879-ae85ede4c10c,cfa87e1c-43e2-4ca7-a5f6-46c8c172c21f,2064.91,INR,success,2026-05-13 03:57:06.379869+00:00
5f1008ec-ad84-4c9f-bef5-04fa81aff0ae,e0ed829d-650d-4550-9e6d-21e647902ca5,0305b292-0e67-455e-a879-ae85ede4c10c,cfa87e1c-43e2-4ca7-a5f6-46c8c172c21f,66.59,INR,success,2026-05-15 09:41:26.398123+00:00
fa917701-af1a-4bec-a437-c719f477825e,ccf2a50d-463f-464a-8f5f-e393995c87ac,63135142-d737-42a7-9da4-5c471ef8b469,cfa87e1c-43e2-4ca7-a5f6-46c8c172c21f,2527.78,INR,success,2026-05-15 00:53:45.339131+00:00
68bddc29-9df4-422a-9321-1602b2709e57,ccf2a50d-463f-464a-8f5f-e393995c87ac,63135142-d737-42a7-9da4-5c471ef8b469,cfa87e1c-43e2-4ca7-a5f6-46c8c172c21f,3589.73,INR,success,2026-05-28 14:15:33.525335+00:00
863ed052-c61f-40c8-a933-f81b0a0c9734,f610aa02-c439-4398-a21a-fb35d5e862f9,d7282851-7c31-4871-a994-39f8755d15c6,5637ad9a-1b61-4abe-9fe3-8f0c4607db92,5549.33,INR,success,2026-04-14 19:20:15.247887+00:00
ca3a5722-7ebc-4b21-9b48-5088f68e13c9,e1a52855-3e04-4fb5-8e6e-4192fc0d8e05,d7282851-7c31-4871-a994-39f8755d15c6,5637ad9a-1b61-4abe-9fe3-8f0c4607db92,3232.09,INR,success,2026-05-31 01:12:24.097644+00:00
806e755a-36e7-4f9d-a03c-18817cbbbd77,e1a52855-3e04-4fb5-8e6e-4192fc0d8e05,d7282851-7c31-4871-a994-39f8755d15c6,5637ad9a-1b61-4abe-9fe3-8f0c4607db92,1206.34,INR,success,2026-05-31 05:03:11.053683+00:00
5855cc79-2dda-4247-8e3f-21ec7aa5446b,e1a52855-3e04-4fb5-8e6e-4192fc0d8e05,d7282851-7c31-4871-a994-39f8755d15c6,5637ad9a-1b61-4abe-9fe3-8f0c4607db92,7568.87,INR,success,2026-05-31 10:38:43.374305+00:00
d64a2c0a-4f5d-47b8-ace9-e8ab13936407,e1a52855-3e04-4fb5-8e6e-4192fc0d8e05,d7282851-7c31-4871-a994-39f8755d15c6,5637ad9a-1b61-4abe-9fe3-8f0c4607db92,1874.19,INR,success,2026-05-31 21:07:14.675027+00:00
931adf64-6673-4ed1-8961-5bba759508ee,1fdd2c9f-c18a-4b6d-8048-cb271822b3e9,d4cd5d79-8ed5-47bd-8a10-ea93603c0200,92906f16-fb6c-42ed-b6ab-aa603d6fc067,276.31,INR,success,2026-04-03 15:13:35.752104+00:00
582158bb-c405-4538-9cda-2d2fb30fddc2,1fdd2c9f-c18a-4b6d-8048-cb271822b3e9,d4cd5d79-8ed5-47bd-8a10-ea93603c0200,92906f16-fb6c-42ed-b6ab-aa603d6fc067,675.69,INR,success,2026-04-28 06:38:29.271258+00:00
eeedfdac-2dee-4eb0-820d-b9705948e915,1fdd2c9f-c18a-4b6d-8048-cb271822b3e9,d4cd5d79-8ed5-47bd-8a10-ea93603c0200,92906f16-fb6c-42ed-b6ab-aa603d6fc067,524.21,INR,success,2026-05-12 14:16:47.123882+00:00
bb17efde-5aa5-4904-9fec-c41cbb2532b8,1fdd2c9f-c18a-4b6d-8048-cb271822b3e9,d4cd5d79-8ed5-47bd-8a10-ea93603c0200,92906f16-fb6c-42ed-b6ab-aa603d6fc067,744.86,INR,success,2026-05-20 19:40:27.581507+00:00
ad4ba4b8-df1c-4c1d-ab17-1047b6a7bec0,1fdd2c9f-c18a-4b6d-8048-cb271822b3e9,d4cd5d79-8ed5-47bd-8a10-ea93603c0200,92906f16-fb6c-42ed-b6ab-aa603d6fc067,610.37,INR,success,2026-05-23 18:09:53.780698+00:00
5dad4fd0-b6ee-4db7-935c-93b01de87d13,1fdd2c9f-c18a-4b6d-8048-cb271822b3e9,d4cd5d79-8ed5-47bd-8a10-ea93603c0200,92906f16-fb6c-42ed-b6ab-aa603d6fc067,167.97,INR,success,2026-05-25 13:24:45.538870+00:00
9ca2eead-8a94-491f-820d-571c14136549,6b0474f1-a4f6-4f51-aa0f-b7aee05c357d,cfa9f522-5111-4ed7-b60b-f0fbadf89bbc,92906f16-fb6c-42ed-b6ab-aa603d6fc067,4784.53,INR,success,2026-05-07 17:29:59.860453+00:00
105d03d1-fb08-4857-95ed-db2d7849ef09,6b0474f1-a4f6-4f51-aa0f-b7aee05c357d,cfa9f522-5111-4ed7-b60b-f0fbadf89bbc,92906f16-fb6c-42ed-b6ab-aa603d6fc067,3366.91,INR,success,2026-05-10 07:46:38.777867+00:00
f207fe25-7077-4ecc-8c25-06d63d491abc,0f086979-b49a-42f7-8680-9bfab6c85b86,7023c75c-a0be-4760-84c5-b0575e529610,92906f16-fb6c-42ed-b6ab-aa603d6fc067,2085.91,INR,success,2026-05-16 14:28:04.958364+00:00
8866cbf8-d3f6-4339-9a4d-be57485a36f1,f9c3e274-d024-4445-9d3d-0a4b76d87106,fda35aa3-6d10-4934-b58c-5066f96a5fd6,92906f16-fb6c-42ed-b6ab-aa603d6fc067,331.12,INR,success,2026-05-16 19:49:28.502502+00:00
064486ef-9c04-40d4-b057-d1ab33b96600,f9c3e274-d024-4445-9d3d-0a4b76d87106,fda35aa3-6d10-4934-b58c-5066f96a5fd6,92906f16-fb6c-42ed-b6ab-aa603d6fc067,105.74,INR,success,2026-05-22 02:43:15.823742+00:00
c80575d6-2f9d-4b62-9ea0-3b7793776e40,f9c3e274-d024-4445-9d3d-0a4b76d87106,fda35aa3-6d10-4934-b58c-5066f96a5fd6,92906f16-fb6c-42ed-b6ab-aa603d6fc067,128.66,INR,success,2026-05-24 11:51:46.397765+00:00
66502913-b8df-476d-aad3-4ffbd6683b51,82880ab2-37ba-41c9-bfbb-577292fb82bc,8e6af385-f301-4da6-99e8-e1764aed1dca,92906f16-fb6c-42ed-b6ab-aa603d6fc067,528.09,INR,success,2026-05-31 11:32:58.071084+00:00
1a964e5a-3dec-405e-8bb5-18ef50e9cd4f,82880ab2-37ba-41c9-bfbb-577292fb82bc,8e6af385-f301-4da6-99e8-e1764aed1dca,92906f16-fb6c-42ed-b6ab-aa603d6fc067,596.56,INR,success,2026-05-31 18:51:12.078131+00:00
1061d06f-d0b2-477c-ab0e-b8aae7ecbed2,82880ab2-37ba-41c9-bfbb-577292fb82bc,8e6af385-f301-4da6-99e8-e1764aed1dca,92906f16-fb6c-42ed-b6ab-aa603d6fc067,772.74,INR,success,2026-05-31 20:35:47.301408+00:00
a2ccc455-b87b-456c-b244-8e8f2cf289b8,60bf19c0-a32f-43b8-b85e-0a9b9cfe90db,03ffa796-1a71-49ef-90a9-a8afef682b2d,65887f7c-b5b5-4c94-852d-119f4406fb16,6811.16,INR,success,2026-04-30 20:40:47.772448+00:00
e041def6-b7a5-4194-8c8a-010e7156bcc6,1dbdd862-2123-4fd4-9e56-1fe7bca4822b,03ffa796-1a71-49ef-90a9-a8afef682b2d,65887f7c-b5b5-4c94-852d-119f4406fb16,2472.73,INR,success,2026-05-20 13:22:58.981029+00:00
f74c934a-26c3-424b-b48d-74083c64d237,1dbdd862-2123-4fd4-9e56-1fe7bca4822b,03ffa796-1a71-49ef-90a9-a8afef682b2d,65887f7c-b5b5-4c94-852d-119f4406fb16,2940.3,INR,success,2026-05-21 13:10:31.069208+00:00
012c1749-ccdc-4cd1-9179-d554ecd71b9d,1dbdd862-2123-4fd4-9e56-1fe7bca4822b,03ffa796-1a71-49ef-90a9-a8afef682b2d,65887f7c-b5b5-4c94-852d-119f4406fb16,3102.41,INR,success,2026-05-27 08:51:24.541310+00:00
f8a17f5d-b383-4b3f-8ab9-788dbd5d45c7,1dbdd862-2123-4fd4-9e56-1fe7bca4822b,03ffa796-1a71-49ef-90a9-a8afef682b2d,65887f7c-b5b5-4c94-852d-119f4406fb16,1524.8,INR,success,2026-05-28 02:27:29.283152+00:00
613db317-382a-4d00-ba19-8b0cd8af898c,1dbdd862-2123-4fd4-9e56-1fe7bca4822b,03ffa796-1a71-49ef-90a9-a8afef682b2d,65887f7c-b5b5-4c94-852d-119f4406fb16,2440.5,INR,success,2026-05-28 09:18:12.731339+00:00
95007b50-fd75-4173-ab5f-03871cf88722,1dbdd862-2123-4fd4-9e56-1fe7bca4822b,03ffa796-1a71-49ef-90a9-a8afef682b2d,65887f7c-b5b5-4c94-852d-119f4406fb16,564.28,INR,success,2026-05-30 08:53:46.517370+00:00
7abc3e14-85dc-4064-80a9-b4e4dde28cc0,5b2d7cab-6304-4475-8d51-8b11a9ef6aa2,03ffa796-1a71-49ef-90a9-a8afef682b2d,65887f7c-b5b5-4c94-852d-119f4406fb16,2108.33,INR,success,2026-05-17 06:19:56.346848+00:00
45424422-0c34-476e-b596-0da7af434010,fe5dc495-ee60-4ea3-b252-b9c71afa27fc,03ffa796-1a71-49ef-90a9-a8afef682b2d,65887f7c-b5b5-4c94-852d-119f4406fb16,2775.53,INR,success,2026-05-19 13:13:52.808043+00:00
1bbdbacf-e523-40c6-9874-dfdf1e6edb3e,fe5dc495-ee60-4ea3-b252-b9c71afa27fc,03ffa796-1a71-49ef-90a9-a8afef682b2d,65887f7c-b5b5-4c94-852d-119f4406fb16,2301.55,INR,success,2026-05-22 17:15:21.553242+00:00
cd5b1250-8e5a-4109-9643-e02e82fd3a3b,2840c2b4-3911-4f98-aea7-986e741b65ec,5eeda7cf-38c4-437b-b518-098b9d1cfd61,abf9f316-9df3-4e35-a651-227f50ce0737,1169.88,INR,success,2026-03-16 19:40:42.613195+00:00
6aa044b7-4732-424b-ad65-d1fe3442e701,2840c2b4-3911-4f98-aea7-986e741b65ec,5eeda7cf-38c4-437b-b518-098b9d1cfd61,abf9f316-9df3-4e35-a651-227f50ce0737,2922.68,INR,success,2026-03-17 21:53:40.016812+00:00
8e84659e-6f98-41af-bbf1-cda51013f01a,2840c2b4-3911-4f98-aea7-986e741b65ec,5eeda7cf-38c4-437b-b518-098b9d1cfd61,abf9f316-9df3-4e35-a651-227f50ce0737,1451.53,INR,success,2026-04-02 22:08:35.590070+00:00
4547451e-e904-47cc-a6e1-8e97cb5fc317,2840c2b4-3911-4f98-aea7-986e741b65ec,5eeda7cf-38c4-437b-b518-098b9d1cfd61,abf9f316-9df3-4e35-a651-227f50ce0737,792.56,INR,success,2026-04-05 05:12:19.360633+00:00
c007068a-d86b-460e-a52a-1e7d5f6ff456,2840c2b4-3911-4f98-aea7-986e741b65ec,5eeda7cf-38c4-437b-b518-098b9d1cfd61,abf9f316-9df3-4e35-a651-227f50ce0737,552.37,INR,success,2026-04-13 14:38:35.963891+00:00
4326a2f7-2535-4c84-a8ad-f9cfe4f72efd,2840c2b4-3911-4f98-aea7-986e741b65ec,5eeda7cf-38c4-437b-b518-098b9d1cfd61,abf9f316-9df3-4e35-a651-227f50ce0737,519.55,INR,success,2026-05-28 06:59:17.381108+00:00
d7741cb6-60ad-4bbc-aa9c-36ed033c48e0,c5b47311-b0bc-405f-9956-95d4ab03e903,5eeda7cf-38c4-437b-b518-098b9d1cfd61,37cbf512-05e7-44dc-9049-6113db0a0acc,3107.48,INR,success,2026-04-05 19:19:12.392563+00:00
a17a350a-9036-446a-ae12-c6f8bc35599d,c5b47311-b0bc-405f-9956-95d4ab03e903,5eeda7cf-38c4-437b-b518-098b9d1cfd61,37cbf512-05e7-44dc-9049-6113db0a0acc,965.82,INR,success,2026-05-05 10:36:27.139595+00:00
78697c2a-ed8c-4107-b288-575c534c2674,c5b47311-b0bc-405f-9956-95d4ab03e903,5eeda7cf-38c4-437b-b518-098b9d1cfd61,37cbf512-05e7-44dc-9049-6113db0a0acc,2880.48,INR,success,2026-05-11 00:27:10.850206+00:00
8a933f21-0d8a-4c8a-af40-bfa8f7521d4f,7f5405b4-67c4-4c01-8153-03c54c830cae,0fd25400-5ca1-4087-b67d-85bf3cc79d29,a625ec15-5cac-478b-a239-d0124393ba7a,2290.11,INR,success,2026-05-24 18:55:09.307267+00:00
611c9c83-ec78-433e-9d67-e5cb0d6840c6,7f5405b4-67c4-4c01-8153-03c54c830cae,0fd25400-5ca1-4087-b67d-85bf3cc79d29,a625ec15-5cac-478b-a239-d0124393ba7a,2342.97,INR,success,2026-05-26 19:34:06.332535+00:00
c17ce084-b18b-4301-bd7c-31811cc6224b,4389289e-5e17-4817-a1b4-2530b4a8582e,0fd25400-5ca1-4087-b67d-85bf3cc79d29,a625ec15-5cac-478b-a239-d0124393ba7a,1586.36,INR,success,2026-05-07 15:56:04.183347+00:00
4ca79241-ca23-4db8-9fed-eec8ea02056b,4389289e-5e17-4817-a1b4-2530b4a8582e,0fd25400-5ca1-4087-b67d-85bf3cc79d29,a625ec15-5cac-478b-a239-d0124393ba7a,2074.67,INR,success,2026-05-17 14:36:09.176871+00:00
a3b05002-0df5-44d2-aedc-f8c861554e26,4389289e-5e17-4817-a1b4-2530b4a8582e,0fd25400-5ca1-4087-b67d-85bf3cc79d29,a625ec15-5cac-478b-a239-d0124393ba7a,1597.8,INR,success,2026-05-24 14:00:36.016898+00:00
814942da-bcd8-486f-8f6e-3cf3449ac4ba,4389289e-5e17-4817-a1b4-2530b4a8582e,0fd25400-5ca1-4087-b67d-85bf3cc79d29,a625ec15-5cac-478b-a239-d0124393ba7a,1734.24,INR,success,2026-05-26 06:40:05.237878+00:00
237f177a-c883-4234-a3e3-55ddff7250ab,4389289e-5e17-4817-a1b4-2530b4a8582e,0fd25400-5ca1-4087-b67d-85bf3cc79d29,a625ec15-5cac-478b-a239-d0124393ba7a,1055.6,INR,success,2026-05-31 01:30:50.190604+00:00
11c40ff4-49a7-465c-8491-704aba6b35fb,1b331388-b97e-46e6-ac1f-a4df4394af7b,92638d57-301e-4c73-9446-61579e2d5bc8,674ba3cb-f13b-4219-97e3-62ace852f964,1486.01,INR,success,2026-05-09 01:08:44.035416+00:00
7b7ffd69-6554-42e3-99f7-1e30f1abccdc,1b331388-b97e-46e6-ac1f-a4df4394af7b,92638d57-301e-4c73-9446-61579e2d5bc8,674ba3cb-f13b-4219-97e3-62ace852f964,1340.11,INR,success,2026-05-10 18:46:36.517638+00:00
7b0dc5bd-286c-4578-b4b5-21f9c97070b0,1b331388-b97e-46e6-ac1f-a4df4394af7b,92638d57-301e-4c73-9446-61579e2d5bc8,674ba3cb-f13b-4219-97e3-62ace852f964,1242.52,INR,success,2026-05-19 15:14:36.618521+00:00
9decacc5-42ea-452a-8729-9bbd3debb289,163c6254-fc85-4c92-b514-d948592fe9a1,92638d57-301e-4c73-9446-61579e2d5bc8,19e6817e-df1e-4e1e-8988-2cb9f25b96fb,4916.99,INR,success,2026-05-18 02:20:28.286495+00:00
f28c83cf-505a-4821-9170-ffe885743edc,a52a1b31-0570-4672-863f-a9adb0ccd065,92638d57-301e-4c73-9446-61579e2d5bc8,009c73e0-67ec-40bc-80b7-7fed8c47275e,5101.31,INR,success,2026-05-17 20:07:19.375077+00:00
00a64aea-47a9-4b63-9385-5873854209b0,a52a1b31-0570-4672-863f-a9adb0ccd065,92638d57-301e-4c73-9446-61579e2d5bc8,009c73e0-67ec-40bc-80b7-7fed8c47275e,2603.25,INR,success,2026-05-21 19:47:15.159277+00:00
a40941cf-b1ae-436a-8039-a49fbfec0a54,a52a1b31-0570-4672-863f-a9adb0ccd065,92638d57-301e-4c73-9446-61579e2d5bc8,009c73e0-67ec-40bc-80b7-7fed8c47275e,756.76,INR,success,2026-05-24 19:11:35.152940+00:00
e3145e7f-d56d-4d38-80b7-22ec40ec2d85,a52a1b31-0570-4672-863f-a9adb0ccd065,92638d57-301e-4c73-9446-61579e2d5bc8,009c73e0-67ec-40bc-80b7-7fed8c47275e,8060.52,INR,success,2026-05-28 01:17:59.061202+00:00
ba77b5cc-21df-4be8-8d01-f85a974d1e3c,a52a1b31-0570-4672-863f-a9adb0ccd065,92638d57-301e-4c73-9446-61579e2d5bc8,009c73e0-67ec-40bc-80b7-7fed8c47275e,4147.19,INR,success,2026-05-29 09:45:19.211330+00:00
6a08bd9e-fce9-43ee-bdce-21f9b5011c58,c808e4b7-cd4a-40f4-a6bd-53cefc893664,ea1172d0-143a-4202-9faa-def2039e3dff,d767a181-6051-4ee9-870b-af11450c3ea1,715.31,INR,success,2026-04-06 19:52:53.658114+00:00
6b27af20-c63b-473a-a381-b73146319d55,c808e4b7-cd4a-40f4-a6bd-53cefc893664,ea1172d0-143a-4202-9faa-def2039e3dff,d767a181-6051-4ee9-870b-af11450c3ea1,713.34,INR,success,2026-05-09 22:33:02.090099+00:00
750d1928-6305-4caa-8c30-1c080939b6bf,c808e4b7-cd4a-40f4-a6bd-53cefc893664,ea1172d0-143a-4202-9faa-def2039e3dff,d767a181-6051-4ee9-870b-af11450c3ea1,1352.41,INR,success,2026-05-14 10:47:37.920606+00:00
ec9f988c-7c0a-45ed-b96b-cd9a4b074a07,c808e4b7-cd4a-40f4-a6bd-53cefc893664,ea1172d0-143a-4202-9faa-def2039e3dff,d767a181-6051-4ee9-870b-af11450c3ea1,1056.77,INR,success,2026-05-14 23:14:32.526191+00:00
3e825ea9-e1e6-44c4-aa8f-4bfd99ec4bb6,c808e4b7-cd4a-40f4-a6bd-53cefc893664,ea1172d0-143a-4202-9faa-def2039e3dff,d767a181-6051-4ee9-870b-af11450c3ea1,338.11,INR,success,2026-05-24 22:09:35.513574+00:00
881d7f74-215d-446b-b393-c283c61b4d36,c808e4b7-cd4a-40f4-a6bd-53cefc893664,ea1172d0-143a-4202-9faa-def2039e3dff,d767a181-6051-4ee9-870b-af11450c3ea1,771.12,INR,success,2026-05-27 15:48:37.025411+00:00
0f717b18-5169-496a-aa5d-4acfaa4cc907,afe1b73d-c8b6-4566-8fa7-b06ae2e6ba55,ea1172d0-143a-4202-9faa-def2039e3dff,d767a181-6051-4ee9-870b-af11450c3ea1,5640.14,INR,success,2026-03-24 02:19:21.813175+00:00
89a62196-e78a-4ece-b6ee-812d904ca006,afe1b73d-c8b6-4566-8fa7-b06ae2e6ba55,ea1172d0-143a-4202-9faa-def2039e3dff,d767a181-6051-4ee9-870b-af11450c3ea1,6004.94,INR,success,2026-04-07 04:29:12.216345+00:00
0596804e-0d07-4a9e-9c7a-7f01c1a56ef5,afe1b73d-c8b6-4566-8fa7-b06ae2e6ba55,ea1172d0-143a-4202-9faa-def2039e3dff,d767a181-6051-4ee9-870b-af11450c3ea1,10.0,INR,success,2026-05-15 11:24:48.408579+00:00
45f0f826-dbc2-480e-af56-f029e143e20c,c1a531ac-8cea-4c21-bd73-5007143086b0,ea1172d0-143a-4202-9faa-def2039e3dff,d767a181-6051-4ee9-870b-af11450c3ea1,1086.8,INR,success,2026-04-25 06:57:07.782259+00:00
d9fcdd30-52d5-4b67-b41c-6496a44cc2ec,c1a531ac-8cea-4c21-bd73-5007143086b0,ea1172d0-143a-4202-9faa-def2039e3dff,d767a181-6051-4ee9-870b-af11450c3ea1,2102.85,INR,success,2026-05-10 01:28:38.320854+00:00
9b995ffd-3e7e-4b20-8d2d-352034a83214,c1a531ac-8cea-4c21-bd73-5007143086b0,ea1172d0-143a-4202-9faa-def2039e3dff,d767a181-6051-4ee9-870b-af11450c3ea1,1145.01,INR,success,2026-05-26 10:31:13.482166+00:00
6ce15573-1e6c-41a3-9eca-83802200a868,ec54dd8f-94f3-4b41-b53b-0ded0e7c6853,ea1172d0-143a-4202-9faa-def2039e3dff,d767a181-6051-4ee9-870b-af11450c3ea1,4112.07,INR,success,2026-04-27 19:11:39.438740+00:00
6fca2e14-b1f9-4abe-93c4-0cf59b9c90b4,ec54dd8f-94f3-4b41-b53b-0ded0e7c6853,ea1172d0-143a-4202-9faa-def2039e3dff,d767a181-6051-4ee9-870b-af11450c3ea1,2922.93,INR,success,2026-05-01 14:55:27.385125+00:00
4cc49a2e-4d47-4691-b3f6-8224778aeaa9,ec54dd8f-94f3-4b41-b53b-0ded0e7c6853,ea1172d0-143a-4202-9faa-def2039e3dff,d767a181-6051-4ee9-870b-af11450c3ea1,398.63,INR,success,2026-05-04 00:48:41.145064+00:00
b16156da-9e90-4103-b892-75af448cba47,ec54dd8f-94f3-4b41-b53b-0ded0e7c6853,ea1172d0-143a-4202-9faa-def2039e3dff,d767a181-6051-4ee9-870b-af11450c3ea1,1831.09,INR,success,2026-05-07 17:46:57.303976+00:00
aa278511-01fa-4508-927f-6806865785d9,ec54dd8f-94f3-4b41-b53b-0ded0e7c6853,ea1172d0-143a-4202-9faa-def2039e3dff,d767a181-6051-4ee9-870b-af11450c3ea1,170.3,INR,success,2026-05-19 20:46:51.163307+00:00
ee33174c-01a3-4559-9757-a735e699d354,ec54dd8f-94f3-4b41-b53b-0ded0e7c6853,ea1172d0-143a-4202-9faa-def2039e3dff,d767a181-6051-4ee9-870b-af11450c3ea1,2327.4,INR,success,2026-05-26 04:39:53.122061+00:00
1e9722c8-1906-4739-9e39-68e697e568b4,e3eda3eb-0031-4d4b-b484-d2350ad85940,ea1172d0-143a-4202-9faa-def2039e3dff,d767a181-6051-4ee9-870b-af11450c3ea1,3576.68,INR,success,2026-05-28 23:10:59.198686+00:00
8679f2a1-54be-44ec-9818-69caf1c9e69e,e3eda3eb-0031-4d4b-b484-d2350ad85940,ea1172d0-143a-4202-9faa-def2039e3dff,d767a181-6051-4ee9-870b-af11450c3ea1,386.05,INR,success,2026-05-29 19:37:26.903889+00:00
033f2f47-9fb0-451c-abe7-29762eca48ba,e3eda3eb-0031-4d4b-b484-d2350ad85940,ea1172d0-143a-4202-9faa-def2039e3dff,d767a181-6051-4ee9-870b-af11450c3ea1,6590.65,INR,success,2026-05-30 23:21:17.770414+00:00
83252292-47b4-492f-805f-01db2bbab79c,e3eda3eb-0031-4d4b-b484-d2350ad85940,ea1172d0-143a-4202-9faa-def2039e3dff,d767a181-6051-4ee9-870b-af11450c3ea1,5937.03,INR,success,2026-05-31 18:28:55.727184+00:00
29c6dc9e-a3eb-467c-b914-4489c687224f,cce3f8ab-6735-4071-a7c4-d1987a142d30,820695ce-030d-4207-836f-01a69a069786,1d482027-212a-4718-8093-77899925dd7c,2555.5,INR,success,2026-05-02 05:37:15.735694+00:00
c46e789a-ef33-4ff0-8b62-3b977538d702,cce3f8ab-6735-4071-a7c4-d1987a142d30,820695ce-030d-4207-836f-01a69a069786,1d482027-212a-4718-8093-77899925dd7c,3535.63,INR,success,2026-05-15 06:31:12.292944+00:00
29face4c-6ff1-43da-9dfd-d4a5663c900d,cce3f8ab-6735-4071-a7c4-d1987a142d30,820695ce-030d-4207-836f-01a69a069786,1d482027-212a-4718-8093-77899925dd7c,2532.35,INR,success,2026-05-19 22:32:50.631238+00:00
53f011ac-f91c-4fcb-b171-70f2c7b22812,cce3f8ab-6735-4071-a7c4-d1987a142d30,820695ce-030d-4207-836f-01a69a069786,1d482027-212a-4718-8093-77899925dd7c,3567.63,INR,success,2026-05-24 14:21:15.726603+00:00
267d3a34-d11f-4931-8c57-393559462214,cce3f8ab-6735-4071-a7c4-d1987a142d30,820695ce-030d-4207-836f-01a69a069786,1d482027-212a-4718-8093-77899925dd7c,1323.66,INR,success,2026-05-28 17:34:01.636486+00:00
7dac1f52-d517-4021-8597-beca2c3efe7e,cce3f8ab-6735-4071-a7c4-d1987a142d30,820695ce-030d-4207-836f-01a69a069786,1d482027-212a-4718-8093-77899925dd7c,5155.42,INR,success,2026-05-31 01:48:55.225806+00:00
1bd7bcd0-5514-4948-9f37-5573b95e4679,2268b932-aece-4817-b16f-82fad0e435af,97b24a3c-edfe-4caa-a19f-1210a582ce4c,1d482027-212a-4718-8093-77899925dd7c,1619.45,INR,success,2026-05-08 13:25:24.403927+00:00
4ae5972b-7e14-4b4f-baa3-2e65ac178614,2268b932-aece-4817-b16f-82fad0e435af,97b24a3c-edfe-4caa-a19f-1210a582ce4c,1d482027-212a-4718-8093-77899925dd7c,2263.25,INR,success,2026-05-13 20:21:23.298580+00:00
284983e7-4af6-44a3-8264-7425b73138a4,2268b932-aece-4817-b16f-82fad0e435af,97b24a3c-edfe-4caa-a19f-1210a582ce4c,1d482027-212a-4718-8093-77899925dd7c,2164.7,INR,success,2026-05-29 00:56:31.547790+00:00
d7b3842a-c2e2-4479-86a1-b56473084de9,2268b932-aece-4817-b16f-82fad0e435af,97b24a3c-edfe-4caa-a19f-1210a582ce4c,1d482027-212a-4718-8093-77899925dd7c,1771.22,INR,success,2026-05-30 05:02:44.677851+00:00
783b9c21-5554-47d3-87c5-7c235368ca77,f8235f8e-e451-4a4e-936e-bf51c677b646,d100d431-39ba-4c87-b5f1-a660f5fb764d,1d482027-212a-4718-8093-77899925dd7c,683.14,INR,success,2026-04-27 04:02:53.390738+00:00
19ddd7e8-96e9-42af-9991-4d9e288c64a7,f8235f8e-e451-4a4e-936e-bf51c677b646,d100d431-39ba-4c87-b5f1-a660f5fb764d,1d482027-212a-4718-8093-77899925dd7c,1029.69,INR,success,2026-04-30 14:52:00.132799+00:00
69dfd27c-d19b-4d3a-8178-eceadd63c752,f8235f8e-e451-4a4e-936e-bf51c677b646,d100d431-39ba-4c87-b5f1-a660f5fb764d,1d482027-212a-4718-8093-77899925dd7c,1705.86,INR,success,2026-05-04 23:12:08.968859+00:00
fcc6e87f-964e-4421-8ed4-f0ed32841f7c,f8235f8e-e451-4a4e-936e-bf51c677b646,d100d431-39ba-4c87-b5f1-a660f5fb764d,1d482027-212a-4718-8093-77899925dd7c,2414.6,INR,success,2026-05-08 15:19:59.272551+00:00
116ce82c-aa20-4d84-8d57-1b762ad52c86,f8235f8e-e451-4a4e-936e-bf51c677b646,d100d431-39ba-4c87-b5f1-a660f5fb764d,1d482027-212a-4718-8093-77899925dd7c,1700.25,INR,success,2026-05-17 06:22:03.806430+00:00
d8263e0f-f05a-49e0-826b-54b2e79e68b9,f8235f8e-e451-4a4e-936e-bf51c677b646,d100d431-39ba-4c87-b5f1-a660f5fb764d,1d482027-212a-4718-8093-77899925dd7c,1020.98,INR,success,2026-05-19 07:26:27.700348+00:00
c64581a6-bfb8-469d-845c-2fc1e5263fd4,d0474fed-c6c7-4e05-94eb-e3fc9942058e,20370cdb-51b4-4b08-8998-8a43806a4e3a,1d482027-212a-4718-8093-77899925dd7c,566.67,INR,success,2026-04-26 00:16:12.932444+00:00
a28f0bf8-b51b-419c-b80b-d23f8bbb24b8,d0474fed-c6c7-4e05-94eb-e3fc9942058e,20370cdb-51b4-4b08-8998-8a43806a4e3a,1d482027-212a-4718-8093-77899925dd7c,870.23,INR,success,2026-04-28 17:34:33.704339+00:00
2564e9d7-1e13-462b-952b-72c3ecd649de,d0474fed-c6c7-4e05-94eb-e3fc9942058e,20370cdb-51b4-4b08-8998-8a43806a4e3a,1d482027-212a-4718-8093-77899925dd7c,568.21,INR,success,2026-05-12 22:33:43.226215+00:00
a4d394e5-4489-485e-8a3f-48118c1172c8,d0474fed-c6c7-4e05-94eb-e3fc9942058e,20370cdb-51b4-4b08-8998-8a43806a4e3a,1d482027-212a-4718-8093-77899925dd7c,896.76,INR,success,2026-05-15 15:09:48.633604+00:00
74ba70fe-0e25-4717-93e0-5156c9c5a46a,d0474fed-c6c7-4e05-94eb-e3fc9942058e,20370cdb-51b4-4b08-8998-8a43806a4e3a,1d482027-212a-4718-8093-77899925dd7c,366.78,INR,success,2026-05-25 05:19:17.828730+00:00
54fd1f45-1086-4ddc-92f1-b61ed40abfb5,d0474fed-c6c7-4e05-94eb-e3fc9942058e,20370cdb-51b4-4b08-8998-8a43806a4e3a,1d482027-212a-4718-8093-77899925dd7c,941.12,INR,success,2026-05-27 18:48:16.248833+00:00
8d466fbd-5054-4c7c-8f1c-5a8f1a591ddc,379e4d91-6764-4ccb-af0f-ebfcc4757445,95343b84-aa88-416a-aff7-b32877132853,1d482027-212a-4718-8093-77899925dd7c,2062.61,INR,success,2026-05-17 03:04:52.454037+00:00
7a6c9fd7-7fbd-41aa-a9ab-b272100b0595,97ad73b9-f8f1-46d2-b3c2-b34a07f80ca0,16f182d3-3b51-4ca9-8bb4-fe444a34ad04,3e70d94e-8059-43c3-b729-d240b688bb02,1623.77,INR,success,2026-05-05 03:42:43.409418+00:00
be446b7e-ad0a-4887-8412-c0793bdca752,97ad73b9-f8f1-46d2-b3c2-b34a07f80ca0,16f182d3-3b51-4ca9-8bb4-fe444a34ad04,3e70d94e-8059-43c3-b729-d240b688bb02,524.86,INR,success,2026-05-24 08:25:56.796172+00:00
4bd7de6e-4c49-4442-8ed9-b2951be1c201,97ad73b9-f8f1-46d2-b3c2-b34a07f80ca0,16f182d3-3b51-4ca9-8bb4-fe444a34ad04,3e70d94e-8059-43c3-b729-d240b688bb02,878.28,INR,success,2026-05-26 01:09:43.702097+00:00
6d26e4fa-206d-4cc4-8999-b9abd366e3cf,cf1fcf89-1c89-4715-b129-feb9ff7a711a,3be0cd1e-863f-44d3-a88d-55124da97357,72191caf-e679-45a0-a394-36b1be24fb2e,1315.77,INR,success,2026-05-25 23:08:24.106296+00:00
aab93a5a-f8e0-4277-9c2e-b8dd98d53f89,cf1fcf89-1c89-4715-b129-feb9ff7a711a,3be0cd1e-863f-44d3-a88d-55124da97357,72191caf-e679-45a0-a394-36b1be24fb2e,210.91,INR,success,2026-05-30 22:56:09.385842+00:00
1477df2e-5cf9-4994-ab83-5af4925f1c3a,cf1fcf89-1c89-4715-b129-feb9ff7a711a,3be0cd1e-863f-44d3-a88d-55124da97357,72191caf-e679-45a0-a394-36b1be24fb2e,4015.42,INR,success,2026-05-31 18:59:47.874388+00:00
179291a6-c9b9-4a6e-81dc-0d9d1191b408,2b347ec3-6e3a-446e-bcac-b7247e8459d0,a5d6b00d-e5a0-470d-9bbe-5976f8f8815d,c5cb31d1-9123-46b1-96f8-b332fa19db7a,4498.36,INR,success,2026-05-27 02:44:37.445994+00:00
6ea51581-b6e4-42a9-8969-213ba8aea47d,2b347ec3-6e3a-446e-bcac-b7247e8459d0,a5d6b00d-e5a0-470d-9bbe-5976f8f8815d,c5cb31d1-9123-46b1-96f8-b332fa19db7a,2928.61,INR,success,2026-05-29 09:43:59.068710+00:00
966c2531-8014-4a98-aee0-65023c9af93a,2b347ec3-6e3a-446e-bcac-b7247e8459d0,a5d6b00d-e5a0-470d-9bbe-5976f8f8815d,c5cb31d1-9123-46b1-96f8-b332fa19db7a,4721.11,INR,success,2026-05-31 02:44:40.224433+00:00
38d1e6da-78d7-4877-a6cf-76f9e7bbe1a2,2b347ec3-6e3a-446e-bcac-b7247e8459d0,a5d6b00d-e5a0-470d-9bbe-5976f8f8815d,c5cb31d1-9123-46b1-96f8-b332fa19db7a,2086.66,INR,success,2026-05-31 05:57:20.408636+00:00
243d297f-e95c-400f-b1de-63c2248e7c14,459d304e-0c47-44da-9779-5e4d6e00d6f7,84c0680b-f7b4-460a-b4bb-dc26fdb83593,7f58683c-a9aa-4071-87ea-d67629d9f6ee,789.85,INR,success,2026-05-25 05:06:20.492072+00:00
8fcc378e-77c9-4827-aca1-d729c4429cb9,459d304e-0c47-44da-9779-5e4d6e00d6f7,84c0680b-f7b4-460a-b4bb-dc26fdb83593,7f58683c-a9aa-4071-87ea-d67629d9f6ee,462.07,INR,success,2026-05-25 11:10:40.156083+00:00
f95b504d-3457-4802-ae9d-c7fcfc969729,459d304e-0c47-44da-9779-5e4d6e00d6f7,84c0680b-f7b4-460a-b4bb-dc26fdb83593,7f58683c-a9aa-4071-87ea-d67629d9f6ee,625.61,INR,success,2026-05-26 10:59:17.453717+00:00
6c3a08c7-a3f6-41aa-8c3d-c95e0bc9452f,459d304e-0c47-44da-9779-5e4d6e00d6f7,84c0680b-f7b4-460a-b4bb-dc26fdb83593,7f58683c-a9aa-4071-87ea-d67629d9f6ee,442.66,INR,success,2026-05-27 14:12:41.981393+00:00
627d2297-5419-4e9d-931a-0aceabc26a90,c18bc2b7-f300-4f94-8349-185ef4276043,e99fc15e-76fb-4428-9bff-4b0a1bfc532c,5477b576-f032-4011-92cc-425e83e0d53d,10.0,INR,success,2026-04-22 02:26:48.256616+00:00
0ae938ff-890a-4af6-a3a6-d9ddb2ffaed1,c18bc2b7-f300-4f94-8349-185ef4276043,e99fc15e-76fb-4428-9bff-4b0a1bfc532c,5477b576-f032-4011-92cc-425e83e0d53d,3219.13,INR,success,2026-05-02 19:06:14.568630+00:00
ad068b09-5423-408f-8fc1-fc456ac0c173,c18bc2b7-f300-4f94-8349-185ef4276043,e99fc15e-76fb-4428-9bff-4b0a1bfc532c,5477b576-f032-4011-92cc-425e83e0d53d,3042.68,INR,success,2026-05-15 20:00:47.981678+00:00
d5eb11a2-d48b-4af2-b45e-736ed592bd25,c18bc2b7-f300-4f94-8349-185ef4276043,e99fc15e-76fb-4428-9bff-4b0a1bfc532c,5477b576-f032-4011-92cc-425e83e0d53d,3279.03,INR,success,2026-05-16 00:23:20.295517+00:00
c7120ce0-690b-4505-bb24-f2ba578aac34,c18bc2b7-f300-4f94-8349-185ef4276043,e99fc15e-76fb-4428-9bff-4b0a1bfc532c,5477b576-f032-4011-92cc-425e83e0d53d,1558.03,INR,success,2026-05-29 11:51:00.531545+00:00
3b4368ed-c5f8-4515-9312-b408b04b8a41,c6ecb8da-761d-4c17-a955-ddb5ef89c45d,a17bdd8c-b117-4ce1-9b0a-c67fb1ec5fe1,9d581bfa-2774-4034-b11a-1b07b5e6fdeb,1933.64,INR,success,2026-04-30 11:24:23.479573+00:00
cbc97108-9cd6-4860-b595-4c7afd6b11dd,c6ecb8da-761d-4c17-a955-ddb5ef89c45d,a17bdd8c-b117-4ce1-9b0a-c67fb1ec5fe1,9d581bfa-2774-4034-b11a-1b07b5e6fdeb,1299.5,INR,success,2026-05-04 21:06:49.303508+00:00
c3ed8c1e-6972-4293-a7c4-a3a61fb00b53,c6ecb8da-761d-4c17-a955-ddb5ef89c45d,a17bdd8c-b117-4ce1-9b0a-c67fb1ec5fe1,9d581bfa-2774-4034-b11a-1b07b5e6fdeb,3672.88,INR,success,2026-05-08 21:38:25.196714+00:00
86440d3b-f28d-4896-9adf-7bf5bfb6b2b2,c6ecb8da-761d-4c17-a955-ddb5ef89c45d,a17bdd8c-b117-4ce1-9b0a-c67fb1ec5fe1,9d581bfa-2774-4034-b11a-1b07b5e6fdeb,1616.11,INR,success,2026-05-24 17:48:11.461487+00:00
c86a967e-d152-4743-bad8-e773298dc951,65f3411c-a490-4ac6-82af-4c80d0f78885,e0a66697-92ec-4f06-8c66-8f98a929b35b,fdc3dbcd-fac0-4709-818e-d12dca4181fc,3554.88,INR,success,2026-05-18 01:30:19.256029+00:00
d57c9227-aea9-49c3-8c9d-9b7694369a26,f494b869-30b2-4b82-8d58-a476fb9b1a5c,e0a66697-92ec-4f06-8c66-8f98a929b35b,ded31015-4909-4c33-a876-f9c4845e929d,4987.32,INR,success,2026-05-03 15:50:50.281609+00:00
c2a68834-fa7f-4064-9cd6-38d312e5e3a3,f494b869-30b2-4b82-8d58-a476fb9b1a5c,e0a66697-92ec-4f06-8c66-8f98a929b35b,ded31015-4909-4c33-a876-f9c4845e929d,5600.19,INR,success,2026-05-06 15:30:51.123559+00:00
85d62761-15fb-4a4f-bdac-0865ec380fd2,f494b869-30b2-4b82-8d58-a476fb9b1a5c,e0a66697-92ec-4f06-8c66-8f98a929b35b,ded31015-4909-4c33-a876-f9c4845e929d,796.55,INR,success,2026-05-19 14:20:28.726467+00:00
133b84d3-32a3-4ef1-83a3-356b99f6613a,f494b869-30b2-4b82-8d58-a476fb9b1a5c,e0a66697-92ec-4f06-8c66-8f98a929b35b,ded31015-4909-4c33-a876-f9c4845e929d,2169.08,INR,success,2026-05-31 14:15:36.846313+00:00
2801a041-4b63-4017-81bb-7f76bac8239f,605e469d-bec7-4d60-99a5-272521f1a7da,ceb3f819-e26e-4dca-a583-1d9b338e29a9,e972c850-c682-4641-9c49-4cd31b84dc4c,682.1,INR,success,2026-05-07 04:30:22.088296+00:00
3f9c9337-955d-4c21-9119-cbf9a4b3c923,605e469d-bec7-4d60-99a5-272521f1a7da,ceb3f819-e26e-4dca-a583-1d9b338e29a9,e972c850-c682-4641-9c49-4cd31b84dc4c,560.99,INR,success,2026-05-18 12:17:16.164457+00:00
c5c87603-a1b7-4a9f-acab-53eeb6e16c35,605e469d-bec7-4d60-99a5-272521f1a7da,ceb3f819-e26e-4dca-a583-1d9b338e29a9,e972c850-c682-4641-9c49-4cd31b84dc4c,326.36,INR,success,2026-05-21 09:06:36.092478+00:00
07bc3a21-fa80-42d7-b7b9-cff4aea7f3e4,dd28df04-3498-41c4-984c-6f654c99d3b8,ceb3f819-e26e-4dca-a583-1d9b338e29a9,e972c850-c682-4641-9c49-4cd31b84dc4c,1317.3,INR,success,2026-05-20 01:06:06.122778+00:00
125568f3-4dff-46d3-88cf-95d25bab1d38,dd28df04-3498-41c4-984c-6f654c99d3b8,ceb3f819-e26e-4dca-a583-1d9b338e29a9,e972c850-c682-4641-9c49-4cd31b84dc4c,2038.78,INR,success,2026-05-22 10:02:59.412310+00:00
4c672263-dc0d-4045-9a37-4c7af9e3b424,dd28df04-3498-41c4-984c-6f654c99d3b8,ceb3f819-e26e-4dca-a583-1d9b338e29a9,e972c850-c682-4641-9c49-4cd31b84dc4c,2144.65,INR,success,2026-05-26 20:20:44.244159+00:00
ab2acb4c-549a-4cd6-be9a-9bab54759a86,81b655e6-6d85-44a4-a42a-44d2f953a7ba,ddbce1ea-2bdd-4aad-8410-c329a9d1ce24,c787906a-34fa-480a-a32b-24832fa80fa6,4117.81,INR,success,2026-03-29 00:54:51.143732+00:00
dbb4ed18-d1b0-4b2c-98a2-d3c040ecf802,81b655e6-6d85-44a4-a42a-44d2f953a7ba,ddbce1ea-2bdd-4aad-8410-c329a9d1ce24,c787906a-34fa-480a-a32b-24832fa80fa6,10.0,INR,success,2026-04-02 22:31:15.780303+00:00
b876a4fa-f600-4973-81aa-ae231cd9f1a1,81b655e6-6d85-44a4-a42a-44d2f953a7ba,ddbce1ea-2bdd-4aad-8410-c329a9d1ce24,c787906a-34fa-480a-a32b-24832fa80fa6,10.0,INR,success,2026-04-27 10:31:31.011535+00:00
71f7556c-5ac2-4ce1-9c8b-3c3875d95d3e,81b655e6-6d85-44a4-a42a-44d2f953a7ba,ddbce1ea-2bdd-4aad-8410-c329a9d1ce24,c787906a-34fa-480a-a32b-24832fa80fa6,6646.69,INR,success,2026-05-10 19:59:02.327142+00:00
fcde8426-a25f-4802-a737-d43708083bea,feec235b-34b5-4b79-bdae-ea3fc528019a,f0d07d70-aa0c-4d33-9c5c-f51ace14a1b4,c787906a-34fa-480a-a32b-24832fa80fa6,338.53,INR,success,2026-04-17 01:37:33.908442+00:00
55c5f4ea-37d2-4d64-b0ba-b6feabe31553,feec235b-34b5-4b79-bdae-ea3fc528019a,f0d07d70-aa0c-4d33-9c5c-f51ace14a1b4,c787906a-34fa-480a-a32b-24832fa80fa6,413.45,INR,success,2026-05-01 07:46:14.623861+00:00
c4b91a1d-fc49-4547-9979-4a2cfde33cac,c4d3a0e6-73a8-4717-a023-8bad710f7b42,c0ad7857-3fca-4e59-a135-1ec0099f2c18,15fde8f8-080c-43d8-9729-56b69b37b120,10.0,INR,success,2026-05-18 07:01:07.783141+00:00
84f3083e-67d2-4efc-ac87-c27a19a49aac,c4d3a0e6-73a8-4717-a023-8bad710f7b42,c0ad7857-3fca-4e59-a135-1ec0099f2c18,15fde8f8-080c-43d8-9729-56b69b37b120,601.71,INR,success,2026-05-21 09:27:10.383784+00:00
f87dd103-6b3b-4a55-83b0-f5fa703a3232,c4d3a0e6-73a8-4717-a023-8bad710f7b42,c0ad7857-3fca-4e59-a135-1ec0099f2c18,15fde8f8-080c-43d8-9729-56b69b37b120,503.82,INR,success,2026-05-23 10:02:42.549486+00:00
4cd70a63-0c4e-4774-867c-6919ced7aadc,c4d3a0e6-73a8-4717-a023-8bad710f7b42,c0ad7857-3fca-4e59-a135-1ec0099f2c18,15fde8f8-080c-43d8-9729-56b69b37b120,461.41,INR,success,2026-05-25 04:25:48.320624+00:00
790c1907-7e21-4315-8728-a680fc5167f1,c4d3a0e6-73a8-4717-a023-8bad710f7b42,c0ad7857-3fca-4e59-a135-1ec0099f2c18,15fde8f8-080c-43d8-9729-56b69b37b120,584.47,INR,success,2026-05-27 19:37:08.863333+00:00
e6f7ada3-70ee-49ea-a579-6c7ac742c503,c4d3a0e6-73a8-4717-a023-8bad710f7b42,c0ad7857-3fca-4e59-a135-1ec0099f2c18,15fde8f8-080c-43d8-9729-56b69b37b120,553.15,INR,success,2026-05-28 21:13:56.143060+00:00
66c55c10-5320-49db-87f6-08fddfc12fe5,4fe525e0-34ec-4b6a-a50f-b0f9510ed882,ced67b15-9b09-45ce-928d-93ca9b699f2d,230fd7c8-3f64-4efb-8b6b-df32913d22be,3738.84,INR,success,2026-05-26 09:17:14.194993+00:00
cff3c13f-310f-466a-bf41-dde47d57be4b,ef28a338-8838-4251-8a88-017da1ebafee,d27c5e36-9c11-4b30-93d1-07ebc555b8b5,6aaf2cbf-e3c1-4ec7-b05d-967f80e47a3b,4391.46,INR,success,2026-04-19 16:03:04.046198+00:00
efd93384-e490-44b0-986d-662920490b80,29744082-15f5-4afd-9f32-40a274722dae,ca904186-6aac-482f-9e74-54ee2ee0aa0d,6aaf2cbf-e3c1-4ec7-b05d-967f80e47a3b,1146.42,INR,success,2026-04-03 21:24:07.530601+00:00
eafa1109-4484-4a95-af73-bb76831eaed5,f0f4e4ec-02ea-4dae-996e-afe2a30f9098,996219b0-df4d-4b48-8d03-57a61855a293,6aaf2cbf-e3c1-4ec7-b05d-967f80e47a3b,3637.34,INR,success,2026-05-02 07:42:52.165774+00:00
1d16b3dd-5e2b-4b57-baef-e347132e1a70,f0f4e4ec-02ea-4dae-996e-afe2a30f9098,996219b0-df4d-4b48-8d03-57a61855a293,6aaf2cbf-e3c1-4ec7-b05d-967f80e47a3b,4676.08,INR,success,2026-05-20 00:41:28.697446+00:00
124e337a-39c7-4ec1-a1a7-57f793372e64,f710f289-5ef1-432a-a784-869610b3d712,ca8a10dc-b9a0-4bf2-8001-641b901b6069,6aaf2cbf-e3c1-4ec7-b05d-967f80e47a3b,3134.67,INR,success,2026-04-22 23:06:03.854326+00:00
8858009f-3f40-4474-942a-d77d5c6e69ce,f710f289-5ef1-432a-a784-869610b3d712,ca8a10dc-b9a0-4bf2-8001-641b901b6069,6aaf2cbf-e3c1-4ec7-b05d-967f80e47a3b,1295.16,INR,success,2026-05-01 09:41:31.306316+00:00
275bbab6-6a14-41e0-8c30-f3c4fff7dea4,f710f289-5ef1-432a-a784-869610b3d712,ca8a10dc-b9a0-4bf2-8001-641b901b6069,6aaf2cbf-e3c1-4ec7-b05d-967f80e47a3b,3246.88,INR,success,2026-05-12 08:20:03.292417+00:00
6c3f7ed3-65bd-4fa7-aba0-df64874936fd,f710f289-5ef1-432a-a784-869610b3d712,ca8a10dc-b9a0-4bf2-8001-641b901b6069,6aaf2cbf-e3c1-4ec7-b05d-967f80e47a3b,2561.42,INR,success,2026-05-24 10:43:34.068274+00:00
052a5a09-ecae-4244-814e-e08a879bb19b,f710f289-5ef1-432a-a784-869610b3d712,ca8a10dc-b9a0-4bf2-8001-641b901b6069,6aaf2cbf-e3c1-4ec7-b05d-967f80e47a3b,1762.32,INR,success,2026-05-24 14:39:57.740766+00:00
f02f54c6-4334-41b7-b9b6-76ac82fc0d5b,e558ca84-f3bc-4bf0-a873-a3318f394d8e,ba3a3d4e-6867-4666-b06b-b64c5fdb9324,6aaf2cbf-e3c1-4ec7-b05d-967f80e47a3b,10.0,INR,success,2026-05-27 01:16:10.438106+00:00
e97b16c1-04da-4ba7-b685-7ec18c21f434,e558ca84-f3bc-4bf0-a873-a3318f394d8e,ba3a3d4e-6867-4666-b06b-b64c5fdb9324,6aaf2cbf-e3c1-4ec7-b05d-967f80e47a3b,10.0,INR,success,2026-05-27 06:25:20.736553+00:00
a7605ed0-1990-4741-9d2a-883fb76e9d6d,e558ca84-f3bc-4bf0-a873-a3318f394d8e,ba3a3d4e-6867-4666-b06b-b64c5fdb9324,6aaf2cbf-e3c1-4ec7-b05d-967f80e47a3b,1276.88,INR,success,2026-05-28 20:42:05.786584+00:00
c087eea4-1179-42fa-bdd2-85ed65f9bf59,e558ca84-f3bc-4bf0-a873-a3318f394d8e,ba3a3d4e-6867-4666-b06b-b64c5fdb9324,6aaf2cbf-e3c1-4ec7-b05d-967f80e47a3b,1419.64,INR,success,2026-05-29 12:11:43.192402+00:00
2cf5ac4c-4061-45e9-9583-8d765a41b272,e558ca84-f3bc-4bf0-a873-a3318f394d8e,ba3a3d4e-6867-4666-b06b-b64c5fdb9324,6aaf2cbf-e3c1-4ec7-b05d-967f80e47a3b,768.43,INR,success,2026-05-30 12:29:10.567011+00:00
ca3242d3-7950-4725-ac07-ff966b7f0ba4,e558ca84-f3bc-4bf0-a873-a3318f394d8e,ba3a3d4e-6867-4666-b06b-b64c5fdb9324,6aaf2cbf-e3c1-4ec7-b05d-967f80e47a3b,1788.64,INR,success,2026-05-31 23:16:59.775337+00:00
184494b4-8559-4be0-9ddb-f0c67db2bf44,9276a6e8-091b-4e09-bd06-a1e30da09c38,af8b1ae8-67ac-47f6-bed3-5610e841f601,f85a18a5-e915-444b-b318-37008786ab3e,3736.96,INR,success,2026-03-31 06:56:14.685316+00:00
9509c940-cdaa-4c24-a989-506b19080ae9,9276a6e8-091b-4e09-bd06-a1e30da09c38,af8b1ae8-67ac-47f6-bed3-5610e841f601,f85a18a5-e915-444b-b318-37008786ab3e,558.74,INR,success,2026-04-09 11:53:07.101172+00:00
6c68c495-6e51-45ee-a69e-a5ee81442d82,9276a6e8-091b-4e09-bd06-a1e30da09c38,af8b1ae8-67ac-47f6-bed3-5610e841f601,f85a18a5-e915-444b-b318-37008786ab3e,2790.47,INR,success,2026-04-10 14:38:34.829935+00:00
a47a6222-36e3-45f8-93d3-09e7758b6cfa,9276a6e8-091b-4e09-bd06-a1e30da09c38,af8b1ae8-67ac-47f6-bed3-5610e841f601,f85a18a5-e915-444b-b318-37008786ab3e,2662.17,INR,success,2026-04-24 08:08:26.638165+00:00
4aebef35-2d25-463f-a630-7bd1131e2aa6,9276a6e8-091b-4e09-bd06-a1e30da09c38,af8b1ae8-67ac-47f6-bed3-5610e841f601,f85a18a5-e915-444b-b318-37008786ab3e,905.49,INR,success,2026-05-13 15:50:44.927432+00:00
65524167-bfd9-4360-a228-05b8b4718818,9276a6e8-091b-4e09-bd06-a1e30da09c38,af8b1ae8-67ac-47f6-bed3-5610e841f601,f85a18a5-e915-444b-b318-37008786ab3e,10.0,INR,success,2026-05-20 04:29:33.224516+00:00
d4d307d1-2a8e-434f-a7d2-2448b399f363,79ba33c4-aeb5-4dc8-b53b-f540bcad8803,368b3cb6-ea70-46e0-861b-c0e134540206,4591b27b-a618-4daf-bd8d-09da2b86a3f2,6005.97,INR,success,2026-03-29 13:38:17.253424+00:00
34744deb-e35e-4771-aad1-7f82431ebaf4,79ba33c4-aeb5-4dc8-b53b-f540bcad8803,368b3cb6-ea70-46e0-861b-c0e134540206,4591b27b-a618-4daf-bd8d-09da2b86a3f2,3616.93,INR,success,2026-04-18 07:41:59.932776+00:00
647bf261-2820-47dc-b168-4c39dd23ea75,79ba33c4-aeb5-4dc8-b53b-f540bcad8803,368b3cb6-ea70-46e0-861b-c0e134540206,4591b27b-a618-4daf-bd8d-09da2b86a3f2,1724.81,INR,success,2026-05-20 23:15:59.268512+00:00
860de04b-8707-4fbd-8ed4-36fae063b3ff,79ba33c4-aeb5-4dc8-b53b-f540bcad8803,368b3cb6-ea70-46e0-861b-c0e134540206,4591b27b-a618-4daf-bd8d-09da2b86a3f2,5734.91,INR,success,2026-05-30 19:12:39.876676+00:00
97b0d067-7e64-47b3-a66a-fc8509d14ace,6301bff6-9471-451a-a70a-b49f427a66f5,1a69d953-4aa2-467f-b3cc-7f534611885f,9fb87473-46d3-4805-aebf-074de0c1944a,3346.11,INR,success,2026-05-12 06:30:45.388980+00:00
688fd72a-94fb-4a39-a850-a405551b9aad,6301bff6-9471-451a-a70a-b49f427a66f5,1a69d953-4aa2-467f-b3cc-7f534611885f,9fb87473-46d3-4805-aebf-074de0c1944a,4017.19,INR,success,2026-05-19 00:47:51.919647+00:00
caff63fd-10d7-45f8-a1f9-79cf77054161,6301bff6-9471-451a-a70a-b49f427a66f5,1a69d953-4aa2-467f-b3cc-7f534611885f,9fb87473-46d3-4805-aebf-074de0c1944a,3712.55,INR,success,2026-05-19 22:04:56.614804+00:00
d2570248-4659-4d4d-af7e-50276be7cd48,e30bb84b-3c20-49f3-ab73-41f32f043762,5ddd0537-3ca0-4584-a503-506d41d9c460,ebcb9e48-9318-4557-b546-05269d51c289,3611.04,INR,success,2026-04-25 02:35:23.258323+00:00
3ea281b7-c951-4efa-b328-91cc168e530c,e30bb84b-3c20-49f3-ab73-41f32f043762,5ddd0537-3ca0-4584-a503-506d41d9c460,ebcb9e48-9318-4557-b546-05269d51c289,5764.99,INR,success,2026-04-25 17:03:11.468970+00:00
985c9936-4be1-48be-b297-ca37c856a843,e30bb84b-3c20-49f3-ab73-41f32f043762,5ddd0537-3ca0-4584-a503-506d41d9c460,ebcb9e48-9318-4557-b546-05269d51c289,5432.56,INR,success,2026-04-30 17:04:08.183070+00:00
cf1242c5-e6b5-4904-97e9-b2fe9c396d69,548ade49-cd8f-4763-96fc-030b61330ef5,94257c41-22e9-4915-89f6-e5e6f3086df3,2152d457-8e71-467c-b188-a8e298affb5c,2109.1,INR,success,2026-05-27 13:52:38.760805+00:00
a666c1a3-d5d6-49e3-a9d5-59297e68277f,32dd72fe-619b-46e2-9116-ccd1e2757d81,1f880136-eec9-45ad-960f-dd0a2dbef98e,0ef2d87d-ed7d-483c-8597-abf1e702ac67,698.59,INR,success,2026-03-13 06:52:50.040950+00:00
fdb4f4f4-7055-4131-9f9a-5eb429198b0e,32dd72fe-619b-46e2-9116-ccd1e2757d81,1f880136-eec9-45ad-960f-dd0a2dbef98e,0ef2d87d-ed7d-483c-8597-abf1e702ac67,980.42,INR,success,2026-05-17 22:24:40.690732+00:00
6e933371-572d-49d7-b451-ee07411a4fdf,32dd72fe-619b-46e2-9116-ccd1e2757d81,1f880136-eec9-45ad-960f-dd0a2dbef98e,0ef2d87d-ed7d-483c-8597-abf1e702ac67,1850.83,INR,success,2026-05-23 17:04:41.781802+00:00
b6b76bd4-435c-482b-b747-99118bb460dd,cec14453-f660-4a8b-8809-f11be86538f2,1f880136-eec9-45ad-960f-dd0a2dbef98e,0ef2d87d-ed7d-483c-8597-abf1e702ac67,1618.98,INR,success,2026-05-16 16:19:27.176292+00:00
a650ad54-b087-4692-89ec-ab2cae2aa175,cec14453-f660-4a8b-8809-f11be86538f2,1f880136-eec9-45ad-960f-dd0a2dbef98e,0ef2d87d-ed7d-483c-8597-abf1e702ac67,1401.31,INR,success,2026-05-31 05:49:45.159557+00:00
03706c91-2704-4f3c-8e21-a42d4bf99d2a,af866164-ad3c-4cda-8a90-a04d8381db52,1f880136-eec9-45ad-960f-dd0a2dbef98e,0ef2d87d-ed7d-483c-8597-abf1e702ac67,2331.25,INR,success,2026-05-13 05:32:18.225640+00:00
6eabee14-a2f2-4cd0-8155-c274eb8818d1,af866164-ad3c-4cda-8a90-a04d8381db52,1f880136-eec9-45ad-960f-dd0a2dbef98e,0ef2d87d-ed7d-483c-8597-abf1e702ac67,2699.62,INR,success,2026-05-20 02:47:51.808570+00:00
307dbb67-d27d-4a07-bd25-0ad445a5392f,fac6571b-6329-4c3f-bff9-9254c00cae43,1f880136-eec9-45ad-960f-dd0a2dbef98e,0ef2d87d-ed7d-483c-8597-abf1e702ac67,766.91,INR,success,2026-05-16 07:32:51.195932+00:00
450dcb85-8cf8-4724-b7bf-9912baca9ab3,fac6571b-6329-4c3f-bff9-9254c00cae43,1f880136-eec9-45ad-960f-dd0a2dbef98e,0ef2d87d-ed7d-483c-8597-abf1e702ac67,1143.65,INR,success,2026-05-29 13:05:57.129816+00:00
adc6dcd8-ab5f-4d44-8379-275b098b58ed,fac6571b-6329-4c3f-bff9-9254c00cae43,1f880136-eec9-45ad-960f-dd0a2dbef98e,0ef2d87d-ed7d-483c-8597-abf1e702ac67,1213.2,INR,success,2026-05-31 23:20:19.172807+00:00
3f674710-8a6c-44e6-9708-cdb7392914c6,c3409f1e-adb1-441e-a4ab-39d2bc790a0c,1f880136-eec9-45ad-960f-dd0a2dbef98e,0ef2d87d-ed7d-483c-8597-abf1e702ac67,3342.5,INR,success,2026-05-23 10:40:22.390818+00:00
f9a36ebb-d343-4053-9d05-332242e41d9c,c3409f1e-adb1-441e-a4ab-39d2bc790a0c,1f880136-eec9-45ad-960f-dd0a2dbef98e,0ef2d87d-ed7d-483c-8597-abf1e702ac67,2380.52,INR,success,2026-05-26 02:41:40.683421+00:00
b602d3b7-06e8-4490-934f-dfa5dcf89af2,9a529fd4-f8d1-4961-aa49-800a630a5148,84b3f555-278e-4462-bead-d4992bed9803,32e967c6-041a-406d-ae76-309769d2a2f9,80.52,INR,success,2026-03-23 03:08:39.740980+00:00
fb8ce66b-1ee1-4239-81fc-06ddc045c24d,9a529fd4-f8d1-4961-aa49-800a630a5148,84b3f555-278e-4462-bead-d4992bed9803,32e967c6-041a-406d-ae76-309769d2a2f9,509.33,INR,success,2026-05-22 15:58:30.755977+00:00
3d7aee34-7d79-48df-9028-a49023aac11e,1dad017b-c3ac-43e6-b850-0e81974cb17e,84b3f555-278e-4462-bead-d4992bed9803,32e967c6-041a-406d-ae76-309769d2a2f9,4288.7,INR,success,2026-04-07 02:31:32.373603+00:00
a8860c29-d8fc-4ed6-86cc-fb2e388619a1,1dad017b-c3ac-43e6-b850-0e81974cb17e,84b3f555-278e-4462-bead-d4992bed9803,32e967c6-041a-406d-ae76-309769d2a2f9,250.39,INR,success,2026-04-14 21:07:24.278384+00:00
9cb73c56-807f-4470-889a-1dddd83cd3f5,1dad017b-c3ac-43e6-b850-0e81974cb17e,84b3f555-278e-4462-bead-d4992bed9803,32e967c6-041a-406d-ae76-309769d2a2f9,1465.15,INR,success,2026-05-07 14:38:47.173169+00:00
ba03271e-ad2d-4406-b357-7c335a283d8e,1dad017b-c3ac-43e6-b850-0e81974cb17e,84b3f555-278e-4462-bead-d4992bed9803,32e967c6-041a-406d-ae76-309769d2a2f9,3665.89,INR,success,2026-05-19 18:49:35.890669+00:00
be4dd496-d78d-4e20-9cfb-cacf6571e235,1dad017b-c3ac-43e6-b850-0e81974cb17e,84b3f555-278e-4462-bead-d4992bed9803,32e967c6-041a-406d-ae76-309769d2a2f9,4295.8,INR,success,2026-05-30 11:22:50.836781+00:00
8ace33b8-cfb6-43a1-95e3-b524c5f74997,3cf0821d-931d-4494-9acf-9d53c8d4f62d,84b3f555-278e-4462-bead-d4992bed9803,32e967c6-041a-406d-ae76-309769d2a2f9,1899.49,INR,success,2026-05-12 20:27:33.220367+00:00
6fc24cab-ba3d-4383-9c6d-904dd1e690f4,3cf0821d-931d-4494-9acf-9d53c8d4f62d,84b3f555-278e-4462-bead-d4992bed9803,32e967c6-041a-406d-ae76-309769d2a2f9,3131.91,INR,success,2026-05-13 10:38:42.189051+00:00
138a242a-7833-41bf-882d-87f01f00a634,3cf0821d-931d-4494-9acf-9d53c8d4f62d,84b3f555-278e-4462-bead-d4992bed9803,32e967c6-041a-406d-ae76-309769d2a2f9,648.41,INR,success,2026-05-23 17:48:27.398332+00:00
3c0c54af-f844-4f83-84c9-8b5c3dcaa945,3cf0821d-931d-4494-9acf-9d53c8d4f62d,84b3f555-278e-4462-bead-d4992bed9803,32e967c6-041a-406d-ae76-309769d2a2f9,10.0,INR,success,2026-05-28 18:16:38.662310+00:00
b4125997-84e6-4a4e-b34b-5c05c0555199,3cf0821d-931d-4494-9acf-9d53c8d4f62d,84b3f555-278e-4462-bead-d4992bed9803,32e967c6-041a-406d-ae76-309769d2a2f9,3975.9,INR,success,2026-05-30 04:31:08.483215+00:00
d843b07c-81cc-4dad-b64d-6846660003c7,4a0f86bd-a16d-4775-9092-fa2db1e8f8e2,84b3f555-278e-4462-bead-d4992bed9803,32e967c6-041a-406d-ae76-309769d2a2f9,2901.72,INR,success,2026-05-23 03:40:56.499138+00:00
a21c816a-d512-4dd3-adab-a9f00db565c9,4a0f86bd-a16d-4775-9092-fa2db1e8f8e2,84b3f555-278e-4462-bead-d4992bed9803,32e967c6-041a-406d-ae76-309769d2a2f9,3963.78,INR,success,2026-05-26 10:51:37.621528+00:00
cce23b94-ad52-4216-8489-22410318a24c,4a0f86bd-a16d-4775-9092-fa2db1e8f8e2,84b3f555-278e-4462-bead-d4992bed9803,32e967c6-041a-406d-ae76-309769d2a2f9,2265.96,INR,success,2026-05-28 20:20:36.673075+00:00
f18d0ced-fd89-46e6-ada8-f5c2da763a4b,70a98927-c433-4d87-a9b8-2fb5675be201,babc98df-bbcd-4d2a-a95e-9edfd12bb2c1,9328a2fb-d3dd-4ddc-80c4-3279be794d0a,3338.48,INR,success,2026-04-12 09:30:27.867976+00:00
f7bbb217-1255-4254-8484-7b38860cca57,70a98927-c433-4d87-a9b8-2fb5675be201,babc98df-bbcd-4d2a-a95e-9edfd12bb2c1,9328a2fb-d3dd-4ddc-80c4-3279be794d0a,2936.91,INR,success,2026-04-16 07:59:30.227518+00:00
26dbe5e7-2181-403b-8ea0-5fece7a822d5,70a98927-c433-4d87-a9b8-2fb5675be201,babc98df-bbcd-4d2a-a95e-9edfd12bb2c1,9328a2fb-d3dd-4ddc-80c4-3279be794d0a,4056.98,INR,success,2026-05-13 13:50:11.611898+00:00
1b2429ba-ad16-4a1b-9707-b3ad750eafe5,70a98927-c433-4d87-a9b8-2fb5675be201,babc98df-bbcd-4d2a-a95e-9edfd12bb2c1,9328a2fb-d3dd-4ddc-80c4-3279be794d0a,3017.98,INR,success,2026-05-17 16:26:48.321045+00:00
b596789a-0132-4dd5-bed5-6b763fb88e7e,5948d26d-d415-4aba-a363-b753a48b3fb8,babc98df-bbcd-4d2a-a95e-9edfd12bb2c1,9328a2fb-d3dd-4ddc-80c4-3279be794d0a,1480.27,INR,success,2026-04-25 17:58:05.147365+00:00
bafc3037-a192-42f1-bdc0-0031f6ae7f11,5948d26d-d415-4aba-a363-b753a48b3fb8,babc98df-bbcd-4d2a-a95e-9edfd12bb2c1,9328a2fb-d3dd-4ddc-80c4-3279be794d0a,2057.78,INR,success,2026-05-31 21:09:13.805917+00:00
878faaaf-8ec4-4cf1-acdb-0f78b5da18b3,8ce80f3b-a1ab-4d0d-b0f7-3b2628316288,babc98df-bbcd-4d2a-a95e-9edfd12bb2c1,9328a2fb-d3dd-4ddc-80c4-3279be794d0a,1324.16,INR,success,2026-05-15 07:32:00.336879+00:00
67aaf51d-133f-4633-8301-b7d32aa783ad,8ce80f3b-a1ab-4d0d-b0f7-3b2628316288,babc98df-bbcd-4d2a-a95e-9edfd12bb2c1,9328a2fb-d3dd-4ddc-80c4-3279be794d0a,843.76,INR,success,2026-05-16 15:02:29.514956+00:00
99ac77b2-8e38-4034-9d01-6ef32a57c53f,8c0a4f64-d63b-4ee4-bf8e-89a71c02e211,babc98df-bbcd-4d2a-a95e-9edfd12bb2c1,9328a2fb-d3dd-4ddc-80c4-3279be794d0a,1269.34,INR,success,2026-05-22 15:17:43.501098+00:00
b04aacf0-a064-4d6d-a733-884b4d4da4e7,8c0a4f64-d63b-4ee4-bf8e-89a71c02e211,babc98df-bbcd-4d2a-a95e-9edfd12bb2c1,9328a2fb-d3dd-4ddc-80c4-3279be794d0a,851.48,INR,success,2026-05-27 00:28:08.613561+00:00
53deb86c-23ea-4136-b533-77ef753a2505,8c0a4f64-d63b-4ee4-bf8e-89a71c02e211,babc98df-bbcd-4d2a-a95e-9edfd12bb2c1,9328a2fb-d3dd-4ddc-80c4-3279be794d0a,1388.56,INR,success,2026-05-30 20:27:13.920069+00:00
0a74aa9c-c264-400e-879a-326a7ebd31f7,ed15439b-58d3-4803-ba36-c50b87e5870f,8231effe-51ce-49e2-8f9a-a17752b3f9a7,1108f583-5cd5-4802-9319-bc5f698c198a,349.09,INR,success,2026-04-02 19:17:23.694427+00:00
b4f7cdc8-44f8-4749-b4f4-0aef2b178a42,ed15439b-58d3-4803-ba36-c50b87e5870f,8231effe-51ce-49e2-8f9a-a17752b3f9a7,1108f583-5cd5-4802-9319-bc5f698c198a,3207.77,INR,success,2026-04-03 09:10:33.301932+00:00
fa3d4660-8c5c-4658-9d5e-da4a60f6f69e,ed15439b-58d3-4803-ba36-c50b87e5870f,8231effe-51ce-49e2-8f9a-a17752b3f9a7,1108f583-5cd5-4802-9319-bc5f698c198a,1307.14,INR,success,2026-04-06 22:07:31.963301+00:00
34b7543f-b400-41c3-9f7b-c08004ef2d79,ed15439b-58d3-4803-ba36-c50b87e5870f,8231effe-51ce-49e2-8f9a-a17752b3f9a7,1108f583-5cd5-4802-9319-bc5f698c198a,1079.24,INR,success,2026-04-13 07:32:17.237953+00:00
131ffbe7-b1a4-4b3b-ae56-9255daebf501,ed15439b-58d3-4803-ba36-c50b87e5870f,8231effe-51ce-49e2-8f9a-a17752b3f9a7,1108f583-5cd5-4802-9319-bc5f698c198a,3253.82,INR,success,2026-04-24 00:52:42.239601+00:00
f8431b27-a011-464b-a543-dd4700fa7b64,72757710-7428-47d7-9747-4785f6398b6a,8231effe-51ce-49e2-8f9a-a17752b3f9a7,1501de74-5bcf-4ba4-aaa0-8e72f344000f,1095.42,INR,success,2026-05-08 22:58:02.795224+00:00
a60310ce-5698-4a3b-ac32-c1027e27c215,72757710-7428-47d7-9747-4785f6398b6a,8231effe-51ce-49e2-8f9a-a17752b3f9a7,1501de74-5bcf-4ba4-aaa0-8e72f344000f,584.51,INR,success,2026-05-13 17:41:04.563837+00:00
c2caeaa4-73f4-4a58-827a-2a077c115a0b,72757710-7428-47d7-9747-4785f6398b6a,8231effe-51ce-49e2-8f9a-a17752b3f9a7,1501de74-5bcf-4ba4-aaa0-8e72f344000f,62.74,INR,success,2026-05-16 07:27:21.813517+00:00
05a58bd9-2fb3-4aed-9bd7-9d23ed043602,72757710-7428-47d7-9747-4785f6398b6a,8231effe-51ce-49e2-8f9a-a17752b3f9a7,1501de74-5bcf-4ba4-aaa0-8e72f344000f,1012.26,INR,success,2026-05-19 14:05:57.706013+00:00
19b74f97-036a-48cc-99b4-712961e8fb76,72757710-7428-47d7-9747-4785f6398b6a,8231effe-51ce-49e2-8f9a-a17752b3f9a7,1501de74-5bcf-4ba4-aaa0-8e72f344000f,1260.86,INR,success,2026-05-25 11:23:55.062617+00:00
a60dfe61-1b86-420f-b1ba-3b099c47b226,2b8a100e-a22a-42ce-90e1-f420e9651f52,8231effe-51ce-49e2-8f9a-a17752b3f9a7,a351c6fc-6ee8-4404-bf58-0dfe264cac34,1305.32,INR,success,2026-05-17 06:53:49.118103+00:00
6d003fa2-decc-4818-affd-2793393f914f,2b8a100e-a22a-42ce-90e1-f420e9651f52,8231effe-51ce-49e2-8f9a-a17752b3f9a7,a351c6fc-6ee8-4404-bf58-0dfe264cac34,1461.41,INR,success,2026-05-24 11:03:20.750481+00:00
38acea95-79f9-4d0d-9272-511752ea7d89,a852ff5e-fb26-499f-a4c1-0b09c856eacc,a01690f2-2b3d-4e49-9e6b-a474fe56fcf4,43c32780-47dd-4636-ac53-9b7ce2115150,1672.43,INR,success,2026-03-29 21:25:49.609174+00:00
f5e35c11-0d9c-40a5-b8d8-68d3786e714c,7922bc77-158a-445b-9539-7f9621677e40,0278d1cf-5213-4192-a46c-454c837523fa,43c32780-47dd-4636-ac53-9b7ce2115150,185.53,INR,success,2026-04-16 22:22:51.151137+00:00
bcf0ba89-62d7-4208-9424-360d8e5eaf38,c546cf5b-1d2f-4e8a-a740-e48ed26addc2,b66c4e12-1964-4307-b6a8-7bdcb55d8ba1,43c32780-47dd-4636-ac53-9b7ce2115150,3107.42,INR,success,2026-04-21 23:28:47.760907+00:00
916f9745-1e75-43fe-b541-e9d4eaccdf10,05b7b613-2426-444e-aef0-0ede4e85d08b,b946d61f-f090-4d73-a644-280efb592497,43c32780-47dd-4636-ac53-9b7ce2115150,322.42,INR,success,2026-05-13 06:27:07.528521+00:00
eadf96e4-ac6b-4c3d-9041-13bd836afad6,05b7b613-2426-444e-aef0-0ede4e85d08b,b946d61f-f090-4d73-a644-280efb592497,43c32780-47dd-4636-ac53-9b7ce2115150,242.16,INR,success,2026-05-17 07:30:29.330115+00:00
d8396b65-2b31-4c84-9102-1c50c5f9e4a9,b9bb79c7-4cf3-4341-901a-3ec43cd9d1d6,99bcbc4b-e2ef-47f4-993f-cfce2eefed91,b32dbff6-1a30-45a1-8dcc-6b4d2caed060,10.0,INR,success,2026-05-28 06:31:18.486666+00:00
f624225a-04a8-47d2-871d-369e59b3598a,7897f3e6-9f58-4155-925b-69ea7b0faaa0,c70dacf2-5a28-4d20-b1e7-307c60c8f2d1,2337de05-5238-4129-a56b-66b4ea752188,3607.86,INR,success,2026-03-20 11:42:38.906195+00:00
2654ca27-bf9a-404d-afed-ddf3464c148a,7897f3e6-9f58-4155-925b-69ea7b0faaa0,c70dacf2-5a28-4d20-b1e7-307c60c8f2d1,2337de05-5238-4129-a56b-66b4ea752188,3892.37,INR,success,2026-03-20 14:39:28.994871+00:00
f65345c4-1e13-49a8-8df0-14b8a550e9b8,7897f3e6-9f58-4155-925b-69ea7b0faaa0,c70dacf2-5a28-4d20-b1e7-307c60c8f2d1,2337de05-5238-4129-a56b-66b4ea752188,4574.75,INR,success,2026-03-20 17:44:17.069692+00:00
cbf28a77-56a4-42cb-a377-000ab99f4412,7897f3e6-9f58-4155-925b-69ea7b0faaa0,c70dacf2-5a28-4d20-b1e7-307c60c8f2d1,2337de05-5238-4129-a56b-66b4ea752188,3711.99,INR,success,2026-03-20 19:41:22.322633+00:00
2c338d44-6be4-4436-ba0b-0d24e4e09efe,7897f3e6-9f58-4155-925b-69ea7b0faaa0,c70dacf2-5a28-4d20-b1e7-307c60c8f2d1,2337de05-5238-4129-a56b-66b4ea752188,3500.5,INR,success,2026-03-20 20:04:43.752782+00:00
5f3fcd98-8ac1-451d-bda6-7fe142d13cc0,7897f3e6-9f58-4155-925b-69ea7b0faaa0,c70dacf2-5a28-4d20-b1e7-307c60c8f2d1,2337de05-5238-4129-a56b-66b4ea752188,3724.21,INR,success,2026-03-20 22:56:40.603915+00:00
ffa8b292-7ac0-432b-894e-52ce099ef19f,98f7a8c0-fa52-4aa0-87fe-45a9e8175359,d0a218d3-2309-4db5-8c00-edc9e51f4e38,2337de05-5238-4129-a56b-66b4ea752188,3757.28,INR,success,2026-04-26 18:10:11.895325+00:00
6de748ce-ee9e-419b-8052-2f0871da5a71,98f7a8c0-fa52-4aa0-87fe-45a9e8175359,d0a218d3-2309-4db5-8c00-edc9e51f4e38,2337de05-5238-4129-a56b-66b4ea752188,3773.78,INR,success,2026-04-26 22:24:47.175911+00:00
7486767d-ad56-4012-8621-311b23a3052e,98f7a8c0-fa52-4aa0-87fe-45a9e8175359,d0a218d3-2309-4db5-8c00-edc9e51f4e38,2337de05-5238-4129-a56b-66b4ea752188,3814.44,INR,success,2026-04-26 23:41:48.583547+00:00
10ea28bb-c362-4bd3-a005-5ad81b24ad18,98f7a8c0-fa52-4aa0-87fe-45a9e8175359,d0a218d3-2309-4db5-8c00-edc9e51f4e38,2337de05-5238-4129-a56b-66b4ea752188,3864.32,INR,success,2026-04-26 23:50:38.605871+00:00
014d3397-8ade-4f73-93d2-04459fc322c4,7580a226-aed0-4ea0-bc26-de6581929d83,a8220b54-319e-4361-9ceb-5dd681be41ca,2337de05-5238-4129-a56b-66b4ea752188,3724.43,INR,success,2026-05-30 10:14:43.065794+00:00
6fad7234-4b11-4945-8889-cd6a9bbefdc3,7580a226-aed0-4ea0-bc26-de6581929d83,a8220b54-319e-4361-9ceb-5dd681be41ca,2337de05-5238-4129-a56b-66b4ea752188,3677.47,INR,success,2026-05-30 11:04:14.420528+00:00
8ae11b0b-996d-47c3-ba6f-d9ddbd60660e,7580a226-aed0-4ea0-bc26-de6581929d83,a8220b54-319e-4361-9ceb-5dd681be41ca,2337de05-5238-4129-a56b-66b4ea752188,3979.44,INR,success,2026-05-30 13:31:52.270123+00:00
e1a94c86-86ce-46e8-ad9a-d7901d02a99c,7580a226-aed0-4ea0-bc26-de6581929d83,a8220b54-319e-4361-9ceb-5dd681be41ca,2337de05-5238-4129-a56b-66b4ea752188,4041.17,INR,success,2026-05-30 19:32:56.453448+00:00
5cf733e0-cdf2-4039-9411-6c53d78f63fb,7580a226-aed0-4ea0-bc26-de6581929d83,a8220b54-319e-4361-9ceb-5dd681be41ca,2337de05-5238-4129-a56b-66b4ea752188,3846.36,INR,success,2026-05-31 05:40:11.442863+00:00
51d811d7-138d-47a0-b4aa-e439e02db7f9,7580a226-aed0-4ea0-bc26-de6581929d83,a8220b54-319e-4361-9ceb-5dd681be41ca,2337de05-5238-4129-a56b-66b4ea752188,4026.21,INR,success,2026-05-31 07:24:37.919322+00:00
ab972a26-ff54-40d0-bb0a-58f95c4478c8,7580a226-aed0-4ea0-bc26-de6581929d83,a8220b54-319e-4361-9ceb-5dd681be41ca,2337de05-5238-4129-a56b-66b4ea752188,4036.29,INR,success,2026-05-31 17:40:09.838709+00:00
2413dff7-7713-4126-a16e-d96aaaccd590,dba39e93-0514-47d3-ba8f-635696a40fda,81db8a1d-0e89-4a06-bb34-a4d42188987e,91a0b828-611b-4d2a-9c2c-98fe2c21f511,975.68,INR,success,2026-04-29 13:39:56.212469+00:00
85abaa98-9eed-4fe0-be6c-b7c95e4856d0,dba39e93-0514-47d3-ba8f-635696a40fda,81db8a1d-0e89-4a06-bb34-a4d42188987e,91a0b828-611b-4d2a-9c2c-98fe2c21f511,1142.08,INR,success,2026-05-01 13:42:51.549225+00:00
23d41b2b-f299-44f3-8b29-581028a7ea9e,dba39e93-0514-47d3-ba8f-635696a40fda,81db8a1d-0e89-4a06-bb34-a4d42188987e,91a0b828-611b-4d2a-9c2c-98fe2c21f511,1623.94,INR,success,2026-05-02 02:20:12.668845+00:00
aa8af1d1-3885-4c0f-9b69-043553e45488,dba39e93-0514-47d3-ba8f-635696a40fda,81db8a1d-0e89-4a06-bb34-a4d42188987e,91a0b828-611b-4d2a-9c2c-98fe2c21f511,1985.89,INR,success,2026-05-02 04:32:11.087891+00:00
0381efde-d84c-4377-86b1-e5e72e01e53c,dba39e93-0514-47d3-ba8f-635696a40fda,81db8a1d-0e89-4a06-bb34-a4d42188987e,91a0b828-611b-4d2a-9c2c-98fe2c21f511,1382.2,INR,success,2026-05-12 19:21:05.401545+00:00
15109e78-a1bc-41b8-9e3e-9d06d53ba41c,dba39e93-0514-47d3-ba8f-635696a40fda,81db8a1d-0e89-4a06-bb34-a4d42188987e,91a0b828-611b-4d2a-9c2c-98fe2c21f511,1384.46,INR,success,2026-05-21 11:32:29.670768+00:00
503b102f-ffb3-4973-928b-faa1831f8d08,dba39e93-0514-47d3-ba8f-635696a40fda,81db8a1d-0e89-4a06-bb34-a4d42188987e,91a0b828-611b-4d2a-9c2c-98fe2c21f511,728.83,INR,success,2026-05-29 04:13:57.657950+00:00
2abd6e52-e18b-46c5-93d9-37756ae67b34,dba39e93-0514-47d3-ba8f-635696a40fda,81db8a1d-0e89-4a06-bb34-a4d42188987e,91a0b828-611b-4d2a-9c2c-98fe2c21f511,752.3,INR,success,2026-05-29 15:09:05.451893+00:00
6ca65e07-7ad5-4cf9-b04d-deb49b7ed7b3,db561a11-4736-4fb9-aa7c-21a1333bc555,6ce1d154-b195-4ca0-80b9-1e8942de8f9d,4b6fb197-429d-417d-b16b-b8809cc61f5f,4007.1,INR,success,2026-05-04 01:11:57.788016+00:00
da6e3137-282d-463d-9adb-e5354c229b7c,db561a11-4736-4fb9-aa7c-21a1333bc555,6ce1d154-b195-4ca0-80b9-1e8942de8f9d,4b6fb197-429d-417d-b16b-b8809cc61f5f,4375.66,INR,success,2026-05-15 11:59:48.139187+00:00
bf20031e-0080-4887-a0f1-436f659007b9,db561a11-4736-4fb9-aa7c-21a1333bc555,6ce1d154-b195-4ca0-80b9-1e8942de8f9d,4b6fb197-429d-417d-b16b-b8809cc61f5f,4242.67,INR,success,2026-05-21 01:18:06.997332+00:00
64e0bfde-94b2-444f-9bdb-40e9778abff0,db561a11-4736-4fb9-aa7c-21a1333bc555,6ce1d154-b195-4ca0-80b9-1e8942de8f9d,4b6fb197-429d-417d-b16b-b8809cc61f5f,2134.01,INR,success,2026-05-24 14:43:16.220586+00:00
00f76a59-3bb5-4338-8abd-e46292c11f2b,51ce2fc5-6520-48cd-ac7a-5581ff4b3e44,9a68b3ec-a65d-4dac-8d08-ade6a0f7cffb,3131ed0f-7814-4ce0-bc9a-2196fa4c4858,1786.36,INR,success,2026-05-06 11:58:34.939950+00:00
1f701b9d-08b3-4cbb-9187-e5360d86771e,51ce2fc5-6520-48cd-ac7a-5581ff4b3e44,9a68b3ec-a65d-4dac-8d08-ade6a0f7cffb,3131ed0f-7814-4ce0-bc9a-2196fa4c4858,3517.7,INR,success,2026-05-11 02:45:50.411677+00:00
4f4acad9-809f-4691-b926-db7cf755eb63,51ce2fc5-6520-48cd-ac7a-5581ff4b3e44,9a68b3ec-a65d-4dac-8d08-ade6a0f7cffb,3131ed0f-7814-4ce0-bc9a-2196fa4c4858,3480.91,INR,success,2026-05-11 12:59:55.345363+00:00
9d97a496-45be-4dc1-9950-0ad565cc03f6,51ce2fc5-6520-48cd-ac7a-5581ff4b3e44,9a68b3ec-a65d-4dac-8d08-ade6a0f7cffb,3131ed0f-7814-4ce0-bc9a-2196fa4c4858,3711.9,INR,success,2026-05-17 13:53:53.965266+00:00
aebd2e23-6fe6-46b3-b185-9dbd68fbc41a,51ce2fc5-6520-48cd-ac7a-5581ff4b3e44,9a68b3ec-a65d-4dac-8d08-ade6a0f7cffb,3131ed0f-7814-4ce0-bc9a-2196fa4c4858,3940.8,INR,success,2026-05-19 10:27:18.522829+00:00
8c5805b2-f8f3-48a1-87ba-8d408a0e5564,51ce2fc5-6520-48cd-ac7a-5581ff4b3e44,9a68b3ec-a65d-4dac-8d08-ade6a0f7cffb,3131ed0f-7814-4ce0-bc9a-2196fa4c4858,2460.02,INR,success,2026-05-28 18:00:50.180908+00:00
4dd8ed8f-4740-44e9-ac15-bb09abcbab66,51ce2fc5-6520-48cd-ac7a-5581ff4b3e44,9a68b3ec-a65d-4dac-8d08-ade6a0f7cffb,3131ed0f-7814-4ce0-bc9a-2196fa4c4858,2132.55,INR,success,2026-05-31 12:45:21.795563+00:00
122cb1a1-0611-42cb-b5b2-19b38ec76756,e7ae8191-0cb0-46bf-9f91-347710a72e0f,537eec76-8485-47d1-805c-aa805d35154b,7912be6d-8436-4fc3-b5a7-c9e696ac7ca8,1951.1,INR,success,2026-04-30 20:45:38.742482+00:00
9a6ed3f4-0c86-47f6-a316-191c2275933b,e7ae8191-0cb0-46bf-9f91-347710a72e0f,537eec76-8485-47d1-805c-aa805d35154b,7912be6d-8436-4fc3-b5a7-c9e696ac7ca8,5351.43,INR,success,2026-05-04 09:46:09.096245+00:00
c2496e3e-baab-48c6-9136-8a29f82e2d02,e7ae8191-0cb0-46bf-9f91-347710a72e0f,537eec76-8485-47d1-805c-aa805d35154b,7912be6d-8436-4fc3-b5a7-c9e696ac7ca8,2356.33,INR,success,2026-05-08 05:32:09.579839+00:00
4e915f25-f21d-419b-b819-b9b2eb5af420,e7ae8191-0cb0-46bf-9f91-347710a72e0f,537eec76-8485-47d1-805c-aa805d35154b,7912be6d-8436-4fc3-b5a7-c9e696ac7ca8,5595.75,INR,success,2026-05-28 23:03:29.188093+00:00
77f96b71-e8b7-4eb3-b130-51d4daded2bc,71445e0e-f935-4354-9ddd-cac5d95b4952,e81f7c37-8dfc-4ccf-9956-9026760b3ece,abc52cd5-7587-4a0c-b302-06ee27112e8a,1846.02,INR,success,2026-04-29 02:18:03.956656+00:00
a2a44865-6caa-4eb5-888a-d86c55bcb3b5,71445e0e-f935-4354-9ddd-cac5d95b4952,e81f7c37-8dfc-4ccf-9956-9026760b3ece,abc52cd5-7587-4a0c-b302-06ee27112e8a,1437.85,INR,success,2026-05-01 15:23:19.999788+00:00
7f9ee665-74b3-4b19-a1a9-812a4441a34a,71445e0e-f935-4354-9ddd-cac5d95b4952,e81f7c37-8dfc-4ccf-9956-9026760b3ece,abc52cd5-7587-4a0c-b302-06ee27112e8a,2552.0,INR,success,2026-05-05 14:58:28.026587+00:00
bd2fc9f0-7988-41cb-9132-26a9d2c335ad,71445e0e-f935-4354-9ddd-cac5d95b4952,e81f7c37-8dfc-4ccf-9956-9026760b3ece,abc52cd5-7587-4a0c-b302-06ee27112e8a,10.0,INR,success,2026-05-06 06:44:32.717676+00:00
9b0cd930-3448-44e9-a2a4-2f8197a5c147,71445e0e-f935-4354-9ddd-cac5d95b4952,e81f7c37-8dfc-4ccf-9956-9026760b3ece,abc52cd5-7587-4a0c-b302-06ee27112e8a,1886.09,INR,success,2026-05-07 01:58:47.470686+00:00
349840f8-7ad2-4b14-90ac-9c682c305794,71445e0e-f935-4354-9ddd-cac5d95b4952,e81f7c37-8dfc-4ccf-9956-9026760b3ece,abc52cd5-7587-4a0c-b302-06ee27112e8a,2148.49,INR,success,2026-05-11 10:59:39.441953+00:00
77845658-dee0-4240-a77a-a51a7d4e2945,71445e0e-f935-4354-9ddd-cac5d95b4952,e81f7c37-8dfc-4ccf-9956-9026760b3ece,abc52cd5-7587-4a0c-b302-06ee27112e8a,1425.38,INR,success,2026-05-27 11:07:18.103065+00:00
0bed9826-20f4-4f02-ac85-8217c28da0a4,61b0cd64-8d82-41fb-bde9-645e41abea33,4089b497-58c6-4848-b81b-4c741c5f02c4,42b71df7-688e-448f-9595-b8db92b01105,2721.91,INR,success,2026-04-05 15:36:19.503531+00:00
7f78323c-e2e4-48ce-8d49-9ef98e43ace3,61b0cd64-8d82-41fb-bde9-645e41abea33,4089b497-58c6-4848-b81b-4c741c5f02c4,42b71df7-688e-448f-9595-b8db92b01105,3176.51,INR,success,2026-04-05 22:19:31.682165+00:00
2806bdaf-bf56-49c7-b4c3-8c3e2e56539f,61b0cd64-8d82-41fb-bde9-645e41abea33,4089b497-58c6-4848-b81b-4c741c5f02c4,42b71df7-688e-448f-9595-b8db92b01105,4102.08,INR,success,2026-04-06 01:31:28.157309+00:00
a4629575-963c-4095-810d-4d2e52ecc163,1f7d6235-573a-4311-9ea7-a0caf2e971a1,eb1f900e-c034-4385-a952-c954a1bbbe38,bd3b75ac-351d-4a2d-b3c0-127f40f23acf,1923.49,INR,success,2026-04-17 03:09:27.169704+00:00
840bf657-0c9f-4443-a2ed-f0d9d83c3ee6,1f7d6235-573a-4311-9ea7-a0caf2e971a1,eb1f900e-c034-4385-a952-c954a1bbbe38,bd3b75ac-351d-4a2d-b3c0-127f40f23acf,2465.16,INR,success,2026-05-27 20:13:10.361262+00:00
68b5da91-ee7e-406b-9856-73d14a05f9bf,1f7d6235-573a-4311-9ea7-a0caf2e971a1,eb1f900e-c034-4385-a952-c954a1bbbe38,bd3b75ac-351d-4a2d-b3c0-127f40f23acf,2295.48,INR,success,2026-05-29 13:25:53.236838+00:00
576eb687-1568-403b-8474-c6706b1ce92a,43f19712-5293-4eeb-b279-dfd95a6bd822,4089b497-58c6-4848-b81b-4c741c5f02c4,11389785-85de-48d1-8872-f03389ab9253,3122.03,INR,success,2026-05-05 16:26:00.339782+00:00
49246bf3-70a3-4658-8467-b995498c8acd,43f19712-5293-4eeb-b279-dfd95a6bd822,4089b497-58c6-4848-b81b-4c741c5f02c4,11389785-85de-48d1-8872-f03389ab9253,2264.65,INR,success,2026-05-05 21:31:21.900155+00:00
885c82ff-2033-488c-9007-4f26012c48ef,43f19712-5293-4eeb-b279-dfd95a6bd822,4089b497-58c6-4848-b81b-4c741c5f02c4,11389785-85de-48d1-8872-f03389ab9253,3306.2,INR,success,2026-05-05 22:27:52.732523+00:00
1b22eb8a-7b39-4e91-9d4d-7bab434ddd71,0ebb94e4-a06c-401a-925e-1e4fbecf3096,59a467ff-c100-4fae-9ab2-211493d59b1f,5753fcf4-ab59-4339-98e4-bdb3a2322f3a,10.0,INR,success,2026-05-19 22:12:54.170356+00:00
cebda883-3c60-4663-987b-4ea2763af609,0ebb94e4-a06c-401a-925e-1e4fbecf3096,59a467ff-c100-4fae-9ab2-211493d59b1f,5753fcf4-ab59-4339-98e4-bdb3a2322f3a,704.35,INR,success,2026-05-26 02:58:58.057335+00:00
2c3595a5-bacd-4295-8939-13a6ceb45a3d,bbe7a932-1db3-4bba-b299-d2a362da8a05,2d85bf7e-d748-4da3-8056-5a76cafa9a3c,5422e939-2298-4d37-b0bb-9542308f4d2c,4128.57,INR,success,2026-05-27 20:52:04.764629+00:00
66c19bcc-1f94-41e5-b928-dd471a7e7cf5,99e536d7-d311-4bb6-9575-980fc5203635,2d85bf7e-d748-4da3-8056-5a76cafa9a3c,514e0648-5d97-4100-b07a-64403c2d264a,4121.71,INR,success,2026-05-31 02:09:32.828383+00:00
2aacac2b-49fd-46c2-8e6b-e9549b246147,18f52637-a6d4-4b7b-8c5f-3156d33634ef,2d85bf7e-d748-4da3-8056-5a76cafa9a3c,0dca7221-6a00-48e7-a1cb-c33f46f0e1e0,4053.43,INR,success,2026-05-28 17:16:30.642817+00:00
9c9c9b27-922d-4254-bedf-9aeae68e5194,18f52637-a6d4-4b7b-8c5f-3156d33634ef,2d85bf7e-d748-4da3-8056-5a76cafa9a3c,0dca7221-6a00-48e7-a1cb-c33f46f0e1e0,3966.13,INR,success,2026-05-29 01:26:04.056869+00:00
fa519a40-12db-4a6b-b20e-69d2fcffb4c9,90ce3f39-7fc2-40b7-bf03-31fed174f61a,47107304-5b9c-4894-adfa-79cca97dc8b8,76eda65a-8c63-41e4-a377-2002f8e0d777,1777.72,INR,success,2026-05-20 05:57:36.526678+00:00
5e9dd06a-5da5-4428-a073-2a65f09b71ca,90ce3f39-7fc2-40b7-bf03-31fed174f61a,47107304-5b9c-4894-adfa-79cca97dc8b8,76eda65a-8c63-41e4-a377-2002f8e0d777,3521.49,INR,success,2026-05-26 07:50:36.103134+00:00
ee07930d-43d1-4067-a3fc-3190724947f9,30a95152-83b2-4038-9c3e-aa228779acf6,c88dad85-9724-49f7-861d-b4fe50cedb55,1c6fccce-aa0f-4810-9905-fa40711bb084,5078.2,INR,success,2026-04-16 05:17:09.681136+00:00
04a77ce8-1142-4a67-8634-7b4cdee8bc39,30a95152-83b2-4038-9c3e-aa228779acf6,c88dad85-9724-49f7-861d-b4fe50cedb55,1c6fccce-aa0f-4810-9905-fa40711bb084,503.91,INR,success,2026-04-16 09:28:37.789531+00:00
e9fa4d7a-474a-4f85-b1a5-18bb4c43950b,30a95152-83b2-4038-9c3e-aa228779acf6,c88dad85-9724-49f7-861d-b4fe50cedb55,1c6fccce-aa0f-4810-9905-fa40711bb084,10.0,INR,success,2026-04-17 04:17:05.861331+00:00
9bc78f6e-bbd0-460a-a610-7939d86cb529,30a95152-83b2-4038-9c3e-aa228779acf6,c88dad85-9724-49f7-861d-b4fe50cedb55,1c6fccce-aa0f-4810-9905-fa40711bb084,2166.96,INR,success,2026-04-17 09:07:59.447619+00:00
2c810a81-a043-4210-b709-fbf3f0bab9da,fd46d723-d7ba-466a-a312-d6d4938a3410,304334c2-20a4-44bd-a264-82341a6671f7,1c133b8e-3a9a-41fe-9903-b0b68a1d343e,6267.09,INR,success,2026-04-28 19:54:10.129466+00:00
76454fb0-529a-4dca-ac8f-3d7a83b88879,fd46d723-d7ba-466a-a312-d6d4938a3410,304334c2-20a4-44bd-a264-82341a6671f7,1c133b8e-3a9a-41fe-9903-b0b68a1d343e,4441.36,INR,success,2026-04-28 20:42:59.215945+00:00
c5d5bab4-37b1-4185-a2a6-d33c32fa6339,fd46d723-d7ba-466a-a312-d6d4938a3410,304334c2-20a4-44bd-a264-82341a6671f7,1c133b8e-3a9a-41fe-9903-b0b68a1d343e,1157.11,INR,success,2026-04-29 00:36:58.401010+00:00
3f76d61d-f7f9-4d38-beac-453d13e79c44,fd46d723-d7ba-466a-a312-d6d4938a3410,304334c2-20a4-44bd-a264-82341a6671f7,1c133b8e-3a9a-41fe-9903-b0b68a1d343e,3547.48,INR,success,2026-04-29 02:51:32.751404+00:00
39f06a1f-cef0-4a42-bbf5-4fbe9f436af2,fd46d723-d7ba-466a-a312-d6d4938a3410,304334c2-20a4-44bd-a264-82341a6671f7,1c133b8e-3a9a-41fe-9903-b0b68a1d343e,3044.15,INR,success,2026-04-29 07:16:10.263275+00:00
e71cf531-a725-49c0-a4bf-725c9be554f2,fd46d723-d7ba-466a-a312-d6d4938a3410,304334c2-20a4-44bd-a264-82341a6671f7,1c133b8e-3a9a-41fe-9903-b0b68a1d343e,6787.88,INR,success,2026-04-29 10:28:49.868920+00:00
0e488da0-c844-437c-84f4-017db619a5dd,fd46d723-d7ba-466a-a312-d6d4938a3410,304334c2-20a4-44bd-a264-82341a6671f7,1c133b8e-3a9a-41fe-9903-b0b68a1d343e,2170.85,INR,success,2026-04-29 10:34:14.376876+00:00
f6fa9766-a422-424a-945d-8ff0d1368a4f,fd46d723-d7ba-466a-a312-d6d4938a3410,304334c2-20a4-44bd-a264-82341a6671f7,1c133b8e-3a9a-41fe-9903-b0b68a1d343e,3137.76,INR,success,2026-04-29 12:38:15.519425+00:00
b64ea77c-1a98-4afb-9b53-55dd39fedb47,0dc32a8d-6b9c-47db-af4c-124e18eafde7,70ff93e7-ccdd-4cfc-91c2-9bb5f2301e55,c6ca4e5c-3833-49e9-930e-7a4510294803,3034.41,INR,success,2026-04-21 22:57:11.571042+00:00
66d4b4e6-f1bd-402c-85f7-26b87c916613,d2382c66-b1b1-422b-a388-eed5c65237f7,7142d61d-0426-4e2d-aa62-a614ccb97eb9,d68fe907-4f51-41cf-bab8-c01d0df70064,6766.89,INR,success,2026-05-19 08:53:00.414410+00:00
e82425e8-8c84-4d86-a195-f87f3001808c,d2382c66-b1b1-422b-a388-eed5c65237f7,7142d61d-0426-4e2d-aa62-a614ccb97eb9,d68fe907-4f51-41cf-bab8-c01d0df70064,7160.74,INR,success,2026-05-19 09:03:53.293720+00:00
516fabb0-21a2-4751-bc93-d3ee8e5169c2,d2382c66-b1b1-422b-a388-eed5c65237f7,7142d61d-0426-4e2d-aa62-a614ccb97eb9,d68fe907-4f51-41cf-bab8-c01d0df70064,772.56,INR,success,2026-05-19 11:41:44.428093+00:00
ba92e0d7-6d6a-432b-ad38-da8511083154,d2382c66-b1b1-422b-a388-eed5c65237f7,7142d61d-0426-4e2d-aa62-a614ccb97eb9,d68fe907-4f51-41cf-bab8-c01d0df70064,2268.7,INR,success,2026-05-19 13:29:33.554366+00:00
8e9f412b-cf17-4877-9cee-09e77068b39e,d2382c66-b1b1-422b-a388-eed5c65237f7,7142d61d-0426-4e2d-aa62-a614ccb97eb9,d68fe907-4f51-41cf-bab8-c01d0df70064,10077.48,INR,success,2026-05-19 21:27:08.718715+00:00
f917336c-f6f2-4720-bffd-175d111114be,d2382c66-b1b1-422b-a388-eed5c65237f7,7142d61d-0426-4e2d-aa62-a614ccb97eb9,d68fe907-4f51-41cf-bab8-c01d0df70064,6699.33,INR,success,2026-05-19 21:46:59.657864+00:00
293f345e-82f1-4954-92aa-9fd1827b02cb,d2382c66-b1b1-422b-a388-eed5c65237f7,7142d61d-0426-4e2d-aa62-a614ccb97eb9,d68fe907-4f51-41cf-bab8-c01d0df70064,6078.04,INR,success,2026-05-19 22:23:08.028949+00:00
c7a62387-370e-4007-a88d-960dc9cdd5b2,c98bee4e-01c1-4d81-b39d-eaf7145be963,a1556cd5-757c-4823-be8f-80dd050228e2,94328e88-2d1d-4403-88ac-42f4e63e0a0d,365.94,INR,success,2026-05-02 16:44:14.897111+00:00
db21e9d4-da97-4446-9764-e53859a1c6e4,c98bee4e-01c1-4d81-b39d-eaf7145be963,a1556cd5-757c-4823-be8f-80dd050228e2,94328e88-2d1d-4403-88ac-42f4e63e0a0d,360.0,INR,success,2026-05-02 17:32:24.367216+00:00
8b1d2e9e-5928-47c8-9edb-16fe9f2dce6a,c98bee4e-01c1-4d81-b39d-eaf7145be963,a1556cd5-757c-4823-be8f-80dd050228e2,94328e88-2d1d-4403-88ac-42f4e63e0a0d,74.26,INR,success,2026-05-02 17:38:12.779857+00:00
320edf14-bbaf-4ff8-a7e7-dc17434ecd69,c98bee4e-01c1-4d81-b39d-eaf7145be963,a1556cd5-757c-4823-be8f-80dd050228e2,94328e88-2d1d-4403-88ac-42f4e63e0a0d,298.49,INR,success,2026-05-02 21:34:56.765119+00:00
3de65a8c-188b-4582-a4f4-6c83b0936720,c98bee4e-01c1-4d81-b39d-eaf7145be963,a1556cd5-757c-4823-be8f-80dd050228e2,94328e88-2d1d-4403-88ac-42f4e63e0a0d,465.62,INR,success,2026-05-04 01:08:54.247913+00:00
4e02a139-6126-4d8c-a669-507e9e4e98f2,c98bee4e-01c1-4d81-b39d-eaf7145be963,a1556cd5-757c-4823-be8f-80dd050228e2,94328e88-2d1d-4403-88ac-42f4e63e0a0d,519.26,INR,success,2026-05-04 06:39:21.969222+00:00
0a42bdff-48fe-43dd-8b5d-16294a11eedc,68d82f65-d0df-4899-a67b-3ca4c4c6f67a,fa427137-1877-425b-9e03-eab5ddee76e1,ffb40ade-59c3-4f54-a94c-db7b2629eafa,1383.69,INR,success,2026-05-15 14:36:25.894429+00:00
d7a33317-162d-4bfc-86b2-04c5909e183f,68d82f65-d0df-4899-a67b-3ca4c4c6f67a,fa427137-1877-425b-9e03-eab5ddee76e1,ffb40ade-59c3-4f54-a94c-db7b2629eafa,1366.23,INR,success,2026-05-15 18:55:27.192793+00:00
65231741-4999-40e4-b814-493c58f5d4e5,68d82f65-d0df-4899-a67b-3ca4c4c6f67a,fa427137-1877-425b-9e03-eab5ddee76e1,ffb40ade-59c3-4f54-a94c-db7b2629eafa,1599.57,INR,success,2026-05-15 22:44:25.203032+00:00
96826e96-a5d2-4223-a1b6-d915783be0f6,68d82f65-d0df-4899-a67b-3ca4c4c6f67a,fa427137-1877-425b-9e03-eab5ddee76e1,ffb40ade-59c3-4f54-a94c-db7b2629eafa,702.4,INR,success,2026-05-15 23:06:56.340950+00:00
07f088de-28a6-455b-a610-78c0ea19f5cb,68d82f65-d0df-4899-a67b-3ca4c4c6f67a,fa427137-1877-425b-9e03-eab5ddee76e1,ffb40ade-59c3-4f54-a94c-db7b2629eafa,2267.57,INR,success,2026-05-15 23:25:14.759493+00:00
d99b1c25-8c56-40a9-a0fd-7979374462d7,68d82f65-d0df-4899-a67b-3ca4c4c6f67a,fa427137-1877-425b-9e03-eab5ddee76e1,ffb40ade-59c3-4f54-a94c-db7b2629eafa,1561.25,INR,success,2026-05-15 23:59:34.999821+00:00
44e1461d-2489-4a38-98d7-0d3f9ced8659,68d82f65-d0df-4899-a67b-3ca4c4c6f67a,fa427137-1877-425b-9e03-eab5ddee76e1,ffb40ade-59c3-4f54-a94c-db7b2629eafa,1362.97,INR,success,2026-05-16 00:17:13.719937+00:00
25e74a12-c0b7-4913-a9a4-5fdff224c452,15fc3925-743f-4e7f-8840-8ce2c3b581de,a034acaf-33f5-4481-beca-cbddd39dce54,a0778456-6fda-46fb-821c-43c195e1f628,616.52,INR,success,2026-05-25 09:10:17.720234+00:00
76a2a9cb-c132-4dbb-a6a4-959469636b36,15fc3925-743f-4e7f-8840-8ce2c3b581de,a034acaf-33f5-4481-beca-cbddd39dce54,a0778456-6fda-46fb-821c-43c195e1f628,481.29,INR,success,2026-05-25 19:26:37.979450+00:00
8c08a194-d196-43b4-97cc-e05e33e7152d,15fc3925-743f-4e7f-8840-8ce2c3b581de,a034acaf-33f5-4481-beca-cbddd39dce54,a0778456-6fda-46fb-821c-43c195e1f628,658.72,INR,success,2026-05-26 05:06:04.817057+00:00
7213db21-9599-4298-a1e8-d568babb65de,15fc3925-743f-4e7f-8840-8ce2c3b581de,a034acaf-33f5-4481-beca-cbddd39dce54,a0778456-6fda-46fb-821c-43c195e1f628,571.46,INR,success,2026-05-26 07:15:49.481882+00:00
3f8a0bf1-20d2-4f90-ac9f-57234938243f,15fc3925-743f-4e7f-8840-8ce2c3b581de,a034acaf-33f5-4481-beca-cbddd39dce54,a0778456-6fda-46fb-821c-43c195e1f628,72.86,INR,success,2026-05-26 19:09:23.327364+00:00
74685393-db38-4e5b-8e90-0d2043190ae1,5bf27a11-da5f-409a-a3f5-e5bbfde80883,96531014-856f-41f8-817d-e75171ee3cff,2cb2faac-8440-4e73-9985-bda696a72492,2143.46,INR,success,2026-05-06 15:59:08.900965+00:00
444aaefe-4677-4b2a-b45d-6a7962a0a39e,5bf27a11-da5f-409a-a3f5-e5bbfde80883,96531014-856f-41f8-817d-e75171ee3cff,2cb2faac-8440-4e73-9985-bda696a72492,2011.82,INR,success,2026-05-07 15:48:52.221403+00:00
1d959fe9-687a-4f3d-84c8-be0879d087c2,5bf27a11-da5f-409a-a3f5-e5bbfde80883,96531014-856f-41f8-817d-e75171ee3cff,2cb2faac-8440-4e73-9985-bda696a72492,2159.46,INR,success,2026-05-13 02:49:16.703812+00:00
d54eb6c9-e664-46ab-8970-a251c81fbb27,5bf27a11-da5f-409a-a3f5-e5bbfde80883,96531014-856f-41f8-817d-e75171ee3cff,2cb2faac-8440-4e73-9985-bda696a72492,1961.5,INR,success,2026-05-16 16:36:22.922356+00:00
e5bfbe54-b2ff-4e16-b97d-b58b9bcc34ca,7cd2ae8a-96b0-4019-b7c2-8e0612030443,96531014-856f-41f8-817d-e75171ee3cff,2cb2faac-8440-4e73-9985-bda696a72492,2123.65,INR,success,2026-05-11 06:23:49.727371+00:00
293b2c7f-4555-413f-9298-905471afda3c,7cd2ae8a-96b0-4019-b7c2-8e0612030443,96531014-856f-41f8-817d-e75171ee3cff,2cb2faac-8440-4e73-9985-bda696a72492,2180.19,INR,success,2026-05-14 16:23:59.808840+00:00
48601f28-5e08-414a-8760-fe1810f4c8bd,7cd2ae8a-96b0-4019-b7c2-8e0612030443,96531014-856f-41f8-817d-e75171ee3cff,2cb2faac-8440-4e73-9985-bda696a72492,2259.46,INR,success,2026-05-17 01:35:14.017760+00:00
29963511-d48a-442e-93aa-8aba6c319737,7cd2ae8a-96b0-4019-b7c2-8e0612030443,96531014-856f-41f8-817d-e75171ee3cff,2cb2faac-8440-4e73-9985-bda696a72492,2072.5,INR,success,2026-05-19 09:39:24.531335+00:00
1ad95c55-38ec-4ab1-8e66-a17d80b468e6,7cd2ae8a-96b0-4019-b7c2-8e0612030443,96531014-856f-41f8-817d-e75171ee3cff,2cb2faac-8440-4e73-9985-bda696a72492,2022.96,INR,success,2026-05-22 23:33:42.449767+00:00
5f206ef4-d4ec-4a02-9ca0-dd577b091d8e,7cd2ae8a-96b0-4019-b7c2-8e0612030443,96531014-856f-41f8-817d-e75171ee3cff,2cb2faac-8440-4e73-9985-bda696a72492,2106.23,INR,success,2026-05-23 13:16:51.602545+00:00
6fbd3c92-31d6-416c-b45b-2c9642d22ab9,7cd2ae8a-96b0-4019-b7c2-8e0612030443,96531014-856f-41f8-817d-e75171ee3cff,2cb2faac-8440-4e73-9985-bda696a72492,2087.05,INR,success,2026-05-26 10:04:21.656225+00:00
56b2414e-787a-4a9c-82e3-61d9193d4f95,7cd2ae8a-96b0-4019-b7c2-8e0612030443,96531014-856f-41f8-817d-e75171ee3cff,2cb2faac-8440-4e73-9985-bda696a72492,2195.56,INR,success,2026-05-26 10:28:33.775108+00:00
80810846-5812-4130-a38b-92245b0b9d18,7cd2ae8a-96b0-4019-b7c2-8e0612030443,96531014-856f-41f8-817d-e75171ee3cff,2cb2faac-8440-4e73-9985-bda696a72492,2031.44,INR,success,2026-05-26 11:53:57.770329+00:00
ac86cc49-f68d-4150-a031-5410376e6e60,1eb5908b-73e1-478b-a507-6f1250b3a6f8,96531014-856f-41f8-817d-e75171ee3cff,2cb2faac-8440-4e73-9985-bda696a72492,2051.48,INR,success,2026-05-09 16:00:44.315886+00:00
3f6378ec-d335-4640-9804-b4a2af277f9c,1eb5908b-73e1-478b-a507-6f1250b3a6f8,96531014-856f-41f8-817d-e75171ee3cff,2cb2faac-8440-4e73-9985-bda696a72492,2115.18,INR,success,2026-05-23 04:20:43.064703+00:00
cb339788-5737-4f3b-9a01-558c7723d0be,1eb5908b-73e1-478b-a507-6f1250b3a6f8,96531014-856f-41f8-817d-e75171ee3cff,2cb2faac-8440-4e73-9985-bda696a72492,2154.27,INR,success,2026-05-24 01:23:50.451922+00:00
03b95ece-fb05-4bfc-8c82-f13c24affbb3,1eb5908b-73e1-478b-a507-6f1250b3a6f8,96531014-856f-41f8-817d-e75171ee3cff,2cb2faac-8440-4e73-9985-bda696a72492,2238.48,INR,success,2026-05-27 18:41:05.535964+00:00
a7af6f16-f2b0-439c-bccc-67d9f05ff1ce,3e4561db-211d-476e-a933-f60764881d53,96531014-856f-41f8-817d-e75171ee3cff,2cb2faac-8440-4e73-9985-bda696a72492,2250.49,INR,success,2026-05-07 12:46:34.001042+00:00
8e5e129e-dc39-4cfa-be4f-d06a92ddf016,3e4561db-211d-476e-a933-f60764881d53,96531014-856f-41f8-817d-e75171ee3cff,2cb2faac-8440-4e73-9985-bda696a72492,1903.38,INR,success,2026-05-17 00:32:22.021128+00:00
c9c316f1-9c1e-4f3c-a7ea-0a626b3e2084,3e4561db-211d-476e-a933-f60764881d53,96531014-856f-41f8-817d-e75171ee3cff,2cb2faac-8440-4e73-9985-bda696a72492,2074.46,INR,success,2026-05-20 11:35:06.413802+00:00
31ea3db8-e490-4185-ba47-2a7f806461f8,3e4561db-211d-476e-a933-f60764881d53,96531014-856f-41f8-817d-e75171ee3cff,2cb2faac-8440-4e73-9985-bda696a72492,2140.45,INR,success,2026-05-20 16:31:46.756172+00:00
b1a0d529-ed63-4921-8928-d16b598c3a57,3e4561db-211d-476e-a933-f60764881d53,96531014-856f-41f8-817d-e75171ee3cff,2cb2faac-8440-4e73-9985-bda696a72492,2057.82,INR,success,2026-05-22 18:11:39.898147+00:00
fdaa8207-5cca-4cc3-8bc0-f36be79f90ba,16758034-c5f0-4d5f-a84b-08ccf45195ef,07aff154-8292-4150-9880-24f457aa14fc,1cd1753f-bfa6-4bd4-9bea-4274d03afa66,1172.29,INR,success,2026-04-07 12:38:11.649387+00:00
b8dc43ff-1267-4562-9a97-e28bc7ee07ec,16758034-c5f0-4d5f-a84b-08ccf45195ef,07aff154-8292-4150-9880-24f457aa14fc,1cd1753f-bfa6-4bd4-9bea-4274d03afa66,2302.78,INR,success,2026-04-19 15:47:36.546185+00:00
2d9ecdda-57a2-44c5-8edc-16070920f93e,16758034-c5f0-4d5f-a84b-08ccf45195ef,07aff154-8292-4150-9880-24f457aa14fc,1cd1753f-bfa6-4bd4-9bea-4274d03afa66,1134.85,INR,success,2026-05-31 21:02:45.774334+00:00
4caafa27-87c2-48f4-9e00-2c6ce18e7912,8d3b689e-11d0-4385-bed7-a9788641f172,a3ad34a2-fc82-41f9-a15d-eae13ca1e0d5,0c352f64-bd18-4603-bdf0-c8ebf942687f,1509.89,INR,success,2026-05-16 23:29:03.617119+00:00
00a845e8-510a-40b3-b460-65e1284d7ed2,8d3b689e-11d0-4385-bed7-a9788641f172,a3ad34a2-fc82-41f9-a15d-eae13ca1e0d5,0c352f64-bd18-4603-bdf0-c8ebf942687f,874.08,INR,success,2026-05-17 02:38:46.620488+00:00
10f13ac9-2c63-44b0-894c-daf4f91fdf4f,8d3b689e-11d0-4385-bed7-a9788641f172,a3ad34a2-fc82-41f9-a15d-eae13ca1e0d5,0c352f64-bd18-4603-bdf0-c8ebf942687f,1586.92,INR,success,2026-05-17 07:41:38.278044+00:00
85da55e3-8fd1-437a-bb55-6eaff08d5d83,8d3b689e-11d0-4385-bed7-a9788641f172,a3ad34a2-fc82-41f9-a15d-eae13ca1e0d5,0c352f64-bd18-4603-bdf0-c8ebf942687f,1630.79,INR,success,2026-05-17 16:47:15.631659+00:00
b0cbbaac-f1dc-4f61-9e84-79987e3468f6,8d3b689e-11d0-4385-bed7-a9788641f172,a3ad34a2-fc82-41f9-a15d-eae13ca1e0d5,0c352f64-bd18-4603-bdf0-c8ebf942687f,294.08,INR,success,2026-05-17 19:09:03.702563+00:00
5db58842-ac3e-4bf1-a0db-0c4ea4a752f4,8d3b689e-11d0-4385-bed7-a9788641f172,a3ad34a2-fc82-41f9-a15d-eae13ca1e0d5,0c352f64-bd18-4603-bdf0-c8ebf942687f,1745.8,INR,success,2026-05-18 09:58:40.562694+00:00
a94a74cf-0b53-4f3b-9da3-87bafc9c216f,8d3b689e-11d0-4385-bed7-a9788641f172,a3ad34a2-fc82-41f9-a15d-eae13ca1e0d5,0c352f64-bd18-4603-bdf0-c8ebf942687f,1215.34,INR,success,2026-05-18 13:19:34.235334+00:00
0dcbe59e-0707-473f-8894-45fe78621bbf,8d3b689e-11d0-4385-bed7-a9788641f172,a3ad34a2-fc82-41f9-a15d-eae13ca1e0d5,0c352f64-bd18-4603-bdf0-c8ebf942687f,588.11,INR,success,2026-05-18 19:05:46.254734+00:00
0105478b-6dd1-4c66-9ce1-8acfea39ab17,8d3b689e-11d0-4385-bed7-a9788641f172,a3ad34a2-fc82-41f9-a15d-eae13ca1e0d5,0c352f64-bd18-4603-bdf0-c8ebf942687f,122.79,INR,success,2026-05-18 19:11:54.300386+00:00
da6881de-ae33-4589-9c62-b4586cf1e0bf,2d8c2c18-802f-4c57-b1a2-e599ac5dd4f8,fb8df9ba-9e19-490b-9308-10f3cf69bd63,0c352f64-bd18-4603-bdf0-c8ebf942687f,860.34,INR,success,2026-04-20 10:40:12.694293+00:00
2c96d27f-9618-4690-bd6c-c466a39b7e15,2d8c2c18-802f-4c57-b1a2-e599ac5dd4f8,fb8df9ba-9e19-490b-9308-10f3cf69bd63,0c352f64-bd18-4603-bdf0-c8ebf942687f,940.91,INR,success,2026-04-20 11:35:01.788437+00:00
e6dc274f-d518-4603-8130-b2a9ed9cb872,2d8c2c18-802f-4c57-b1a2-e599ac5dd4f8,fb8df9ba-9e19-490b-9308-10f3cf69bd63,0c352f64-bd18-4603-bdf0-c8ebf942687f,2046.33,INR,success,2026-04-21 02:19:00.331839+00:00
09b13a16-e486-4e46-92bd-b95db53735f3,2d8c2c18-802f-4c57-b1a2-e599ac5dd4f8,fb8df9ba-9e19-490b-9308-10f3cf69bd63,0c352f64-bd18-4603-bdf0-c8ebf942687f,1077.82,INR,success,2026-04-21 04:23:03.186527+00:00
d79cf263-7629-463f-a209-18f09e797528,2d8c2c18-802f-4c57-b1a2-e599ac5dd4f8,fb8df9ba-9e19-490b-9308-10f3cf69bd63,0c352f64-bd18-4603-bdf0-c8ebf942687f,2432.66,INR,success,2026-04-21 06:12:21.096448+00:00
fa854637-ea80-4022-ad87-bf2c79a6cbac,2d8c2c18-802f-4c57-b1a2-e599ac5dd4f8,fb8df9ba-9e19-490b-9308-10f3cf69bd63,0c352f64-bd18-4603-bdf0-c8ebf942687f,1567.69,INR,success,2026-04-21 16:56:39.929434+00:00
c7b89dc8-245f-44da-8431-38aa34d56a85,2d8c2c18-802f-4c57-b1a2-e599ac5dd4f8,fb8df9ba-9e19-490b-9308-10f3cf69bd63,0c352f64-bd18-4603-bdf0-c8ebf942687f,405.07,INR,success,2026-04-21 23:53:11.452220+00:00
698b6e05-e62e-4372-9c5a-90f5ea555ef6,2d8c2c18-802f-4c57-b1a2-e599ac5dd4f8,fb8df9ba-9e19-490b-9308-10f3cf69bd63,0c352f64-bd18-4603-bdf0-c8ebf942687f,1154.34,INR,success,2026-04-22 00:38:04.872389+00:00
b6c6cd9d-fc0e-446f-bb21-ac61133f7bb7,2d8c2c18-802f-4c57-b1a2-e599ac5dd4f8,fb8df9ba-9e19-490b-9308-10f3cf69bd63,0c352f64-bd18-4603-bdf0-c8ebf942687f,802.93,INR,success,2026-04-22 01:36:40.921774+00:00
92237877-cad8-4926-bac5-7c01ec8d356b,acc28d74-2914-4f72-b0fb-a122fb77b5f5,de266e9a-1464-4def-9934-ef58ddaa6ef0,0c352f64-bd18-4603-bdf0-c8ebf942687f,320.48,INR,success,2026-05-18 09:04:11.540416+00:00
bb18b01b-8553-45d1-ba48-5faffa1e31bc,acc28d74-2914-4f72-b0fb-a122fb77b5f5,de266e9a-1464-4def-9934-ef58ddaa6ef0,0c352f64-bd18-4603-bdf0-c8ebf942687f,1571.16,INR,success,2026-05-19 04:17:52.998163+00:00
c0a71790-8cf2-4d7b-93c5-40c20b51f53e,acc28d74-2914-4f72-b0fb-a122fb77b5f5,de266e9a-1464-4def-9934-ef58ddaa6ef0,0c352f64-bd18-4603-bdf0-c8ebf942687f,275.21,INR,success,2026-05-19 09:31:33.140928+00:00
09921b17-6855-4865-a166-f9a1ec14b837,acc28d74-2914-4f72-b0fb-a122fb77b5f5,de266e9a-1464-4def-9934-ef58ddaa6ef0,0c352f64-bd18-4603-bdf0-c8ebf942687f,531.67,INR,success,2026-05-19 17:32:50.571030+00:00
8333f066-f0aa-4ace-a18c-d9aac1fb4170,530a6967-2086-4d1b-9378-71af7f7e8e28,c8486349-46d7-4921-bd61-688f3a4d3ead,0c352f64-bd18-4603-bdf0-c8ebf942687f,1330.74,INR,success,2026-05-22 06:09:56.970376+00:00
1c1cbd46-56e8-44f8-b46b-2f9a786424ad,530a6967-2086-4d1b-9378-71af7f7e8e28,c8486349-46d7-4921-bd61-688f3a4d3ead,0c352f64-bd18-4603-bdf0-c8ebf942687f,2597.12,INR,success,2026-05-22 12:11:37.145513+00:00
d80ba44f-2127-40bb-b8aa-74eab219ec07,530a6967-2086-4d1b-9378-71af7f7e8e28,c8486349-46d7-4921-bd61-688f3a4d3ead,0c352f64-bd18-4603-bdf0-c8ebf942687f,1367.28,INR,success,2026-05-22 12:59:55.822056+00:00
c56e9fc2-44f7-4a75-97cb-4769aeff2cdd,530a6967-2086-4d1b-9378-71af7f7e8e28,c8486349-46d7-4921-bd61-688f3a4d3ead,0c352f64-bd18-4603-bdf0-c8ebf942687f,1629.51,INR,success,2026-05-22 15:40:14.609760+00:00
d41dcdc6-01d2-490a-a6df-92d54415ac79,530a6967-2086-4d1b-9378-71af7f7e8e28,c8486349-46d7-4921-bd61-688f3a4d3ead,0c352f64-bd18-4603-bdf0-c8ebf942687f,10.0,INR,success,2026-05-22 15:59:53.161670+00:00
29d60405-6b0b-4688-9d14-5da9048b6171,dfe904ef-5485-47fb-88c8-2f5a0a1275b2,465cf550-e6ad-4ffc-8712-81bdf667039f,0c352f64-bd18-4603-bdf0-c8ebf942687f,1837.81,INR,success,2026-05-28 08:26:27.480316+00:00
12b0285b-66bf-44b3-9865-9b76cb9eeaf8,dfe904ef-5485-47fb-88c8-2f5a0a1275b2,465cf550-e6ad-4ffc-8712-81bdf667039f,0c352f64-bd18-4603-bdf0-c8ebf942687f,2545.26,INR,success,2026-05-28 10:07:14.136606+00:00
358666a2-a44a-4707-9d73-3c674e55516d,dfe904ef-5485-47fb-88c8-2f5a0a1275b2,465cf550-e6ad-4ffc-8712-81bdf667039f,0c352f64-bd18-4603-bdf0-c8ebf942687f,959.44,INR,success,2026-05-28 20:58:10.433248+00:00
d5b16f80-282d-489b-bf4b-a7409ef645ee,dfe904ef-5485-47fb-88c8-2f5a0a1275b2,465cf550-e6ad-4ffc-8712-81bdf667039f,0c352f64-bd18-4603-bdf0-c8ebf942687f,10.0,INR,success,2026-05-29 07:12:51.898091+00:00
2abf4c51-e384-4aed-8ec2-bf6a5b84d8e5,47f3e9ad-3f2d-4d1e-8162-00e6321fe5bd,9382c440-fb8c-4e41-896d-95433f62c362,3a4a6947-aa24-48f0-9187-892be862607a,2039.69,INR,success,2026-05-25 16:01:22.129438+00:00
0f2e484e-5e79-4eae-a47c-405042273e05,47f3e9ad-3f2d-4d1e-8162-00e6321fe5bd,9382c440-fb8c-4e41-896d-95433f62c362,3a4a6947-aa24-48f0-9187-892be862607a,2443.04,INR,success,2026-05-31 12:20:00.408186+00:00
4ccb8ee9-f747-42ba-a18a-20dabb9df189,f195e9b0-6c70-4c86-aae9-afc86bb6ae1c,c1d5efe2-cd1b-4eaf-8591-3680157cfb2f,8c3c58c9-dedc-42cd-9944-a43bcfa661b7,4021.43,INR,success,2026-05-16 11:04:33.012650+00:00
5d0a331a-f31f-4afe-a2f1-2d9cfd180c01,f195e9b0-6c70-4c86-aae9-afc86bb6ae1c,c1d5efe2-cd1b-4eaf-8591-3680157cfb2f,8c3c58c9-dedc-42cd-9944-a43bcfa661b7,4706.32,INR,success,2026-05-16 12:50:30.982746+00:00
c319ee03-9134-4904-a330-761730b948d3,f195e9b0-6c70-4c86-aae9-afc86bb6ae1c,c1d5efe2-cd1b-4eaf-8591-3680157cfb2f,8c3c58c9-dedc-42cd-9944-a43bcfa661b7,4332.26,INR,success,2026-05-16 17:36:08.416612+00:00
362f857b-a036-42a5-8d0d-f3750b44814c,2a89e53d-5973-42b7-bb44-a41374861223,71d8cf51-074c-4e49-88f2-1494e10cbc68,5ffe08db-7d3a-44b3-982f-65310264df04,4471.09,INR,success,2026-05-22 20:01:11.136493+00:00
512146fd-c1fb-4f60-a8cb-39da3c535113,2a89e53d-5973-42b7-bb44-a41374861223,71d8cf51-074c-4e49-88f2-1494e10cbc68,5ffe08db-7d3a-44b3-982f-65310264df04,4255.1,INR,success,2026-05-22 22:00:55.483279+00:00
8920c0df-3337-4084-af4a-6ae85027e7c6,76c59932-5389-46fc-a61e-278b1644f2c4,14f0d367-0000-457c-847c-40b3e896a4dd,0c6e5564-45b6-43dd-890a-76fd50b4115b,2608.3,INR,success,2026-05-21 06:29:29.631275+00:00
0de0f290-db17-415c-8ce5-3f5378700970,0cd66870-9af4-4175-aa33-0740b42eab28,77c96aa0-3be4-4549-8ace-39c6e4626c49,3e037da8-3cc6-4e82-ae53-1ce37097d2d3,4777.89,INR,success,2026-03-30 19:19:24.567631+00:00
054c292e-e6b2-4cbe-95ca-ed0c08b70030,0cd66870-9af4-4175-aa33-0740b42eab28,77c96aa0-3be4-4549-8ace-39c6e4626c49,3e037da8-3cc6-4e82-ae53-1ce37097d2d3,4645.56,INR,success,2026-03-31 06:36:49.828463+00:00
ae75e4ea-0875-4ab3-be0f-b1ef88c2a085,0cd66870-9af4-4175-aa33-0740b42eab28,77c96aa0-3be4-4549-8ace-39c6e4626c49,3e037da8-3cc6-4e82-ae53-1ce37097d2d3,4598.89,INR,success,2026-03-31 15:01:39.748992+00:00
7170559d-9364-47fd-9f99-3cda602177e7,99d5c808-beca-44c2-be85-f6130a0c03f9,d07feee1-a2e7-4479-b0d0-015eb25076e5,3e037da8-3cc6-4e82-ae53-1ce37097d2d3,4648.51,INR,success,2026-05-10 16:33:27.279411+00:00
7d6626e3-87fc-46a9-a5aa-b3e951d97ba3,99d5c808-beca-44c2-be85-f6130a0c03f9,d07feee1-a2e7-4479-b0d0-015eb25076e5,3e037da8-3cc6-4e82-ae53-1ce37097d2d3,4736.52,INR,success,2026-05-11 20:34:53.766716+00:00
0ac09b35-988d-4fe9-b059-1221de3a8960,dd365fd0-918b-45f5-ad07-88804c0bfafb,d108578a-de56-49bd-987c-af40196650e8,3e037da8-3cc6-4e82-ae53-1ce37097d2d3,4445.08,INR,success,2026-04-16 08:28:22.893323+00:00
7f6e44d6-a054-4be1-a1cb-ee33085a8bac,dd365fd0-918b-45f5-ad07-88804c0bfafb,d108578a-de56-49bd-987c-af40196650e8,3e037da8-3cc6-4e82-ae53-1ce37097d2d3,5015.56,INR,success,2026-04-16 11:02:57.801087+00:00
cd0d96ec-cf3f-4e69-9025-fe6fa36aa094,dd365fd0-918b-45f5-ad07-88804c0bfafb,d108578a-de56-49bd-987c-af40196650e8,3e037da8-3cc6-4e82-ae53-1ce37097d2d3,4695.51,INR,success,2026-04-17 02:41:05.637238+00:00
2e3e9c53-4ce8-48bb-bee6-e3ec2db56593,43cbcdc4-9a6f-4aaa-8722-aa7fac1c07d9,35f5f088-f513-4731-ab9d-00a02b16c4d3,7896225b-2c1d-4cc1-b3cb-5642d89f67a2,3111.35,INR,success,2026-05-11 04:36:45.525037+00:00
61d7f941-0538-45d2-8039-cf9f24d7140a,43cbcdc4-9a6f-4aaa-8722-aa7fac1c07d9,35f5f088-f513-4731-ab9d-00a02b16c4d3,7896225b-2c1d-4cc1-b3cb-5642d89f67a2,844.03,INR,success,2026-05-12 11:13:59.729336+00:00
9ea8a0a5-11d1-423d-b61a-a93eea92d2a4,43cbcdc4-9a6f-4aaa-8722-aa7fac1c07d9,35f5f088-f513-4731-ab9d-00a02b16c4d3,7896225b-2c1d-4cc1-b3cb-5642d89f67a2,4431.75,INR,success,2026-05-21 17:49:41.059970+00:00
204a1e58-ccc6-4519-af77-676e88a4b1a8,6cf5e8cb-3bea-45e5-a68a-4c43d2a0c65e,e3916890-eff9-447b-bf3b-4601d148f00a,3e037da8-3cc6-4e82-ae53-1ce37097d2d3,4799.58,INR,success,2026-05-29 02:14:50.298577+00:00
9161ccd2-8ec6-4ceb-b6dc-07423f71612d,6cf5e8cb-3bea-45e5-a68a-4c43d2a0c65e,e3916890-eff9-447b-bf3b-4601d148f00a,3e037da8-3cc6-4e82-ae53-1ce37097d2d3,4903.25,INR,success,2026-05-29 06:09:49.730779+00:00
de5e04b2-4659-40bb-9102-99d7b32a77ee,6cf5e8cb-3bea-45e5-a68a-4c43d2a0c65e,e3916890-eff9-447b-bf3b-4601d148f00a,3e037da8-3cc6-4e82-ae53-1ce37097d2d3,4453.74,INR,success,2026-05-29 12:34:30.033111+00:00
c0b20c65-6dcd-4c10-b6fe-56d36332eded,082d1945-c5c6-4a99-9a05-12240e61ebe7,f735ec46-4194-4e0a-b3f5-0830115e9052,3e037da8-3cc6-4e82-ae53-1ce37097d2d3,5215.14,INR,success,2026-05-22 11:45:25.965538+00:00
7486f5e9-5f2c-446b-8bba-de4559800b65,082d1945-c5c6-4a99-9a05-12240e61ebe7,f735ec46-4194-4e0a-b3f5-0830115e9052,3e037da8-3cc6-4e82-ae53-1ce37097d2d3,4302.77,INR,success,2026-05-22 17:36:52.769084+00:00
e31def9c-2133-4c01-8f8a-999c6809e16a,082d1945-c5c6-4a99-9a05-12240e61ebe7,f735ec46-4194-4e0a-b3f5-0830115e9052,3e037da8-3cc6-4e82-ae53-1ce37097d2d3,4698.93,INR,success,2026-05-23 00:29:20.801365+00:00
b71c5441-3bd3-4c10-ac61-942bacc21e53,7e70f663-21be-48bd-8003-ef660d497c6a,c468f273-f621-4bf2-833c-c84658c4c5da,692e52ce-cd5e-4ca8-a7bc-07f8c3668e40,4950.16,INR,success,2026-05-29 12:02:00.772424+00:00
f6360082-d3fc-44fc-a8cf-10e09b51b973,7e70f663-21be-48bd-8003-ef660d497c6a,c468f273-f621-4bf2-833c-c84658c4c5da,692e52ce-cd5e-4ca8-a7bc-07f8c3668e40,3895.24,INR,success,2026-05-29 22:46:09.034021+00:00
c8c367d3-833a-4570-a12d-f154df4857ec,7e70f663-21be-48bd-8003-ef660d497c6a,c468f273-f621-4bf2-833c-c84658c4c5da,692e52ce-cd5e-4ca8-a7bc-07f8c3668e40,4147.64,INR,success,2026-05-30 02:13:20.126954+00:00
5c4df02e-6e09-4d6d-b521-563a67a48000,7e70f663-21be-48bd-8003-ef660d497c6a,c468f273-f621-4bf2-833c-c84658c4c5da,692e52ce-cd5e-4ca8-a7bc-07f8c3668e40,4079.61,INR,success,2026-05-30 05:52:26.251336+00:00
c97015f3-8dce-4c54-90a4-5c06bc43e9f6,7e70f663-21be-48bd-8003-ef660d497c6a,c468f273-f621-4bf2-833c-c84658c4c5da,692e52ce-cd5e-4ca8-a7bc-07f8c3668e40,4551.34,INR,success,2026-05-30 15:37:06.207978+00:00
1946d66c-b13b-4447-8642-74b688a20d3a,3ee3336c-159e-4917-ab93-095b29deb9a4,8da678bd-40d9-449c-acfc-94eba6586a07,fb4c0825-f398-49ca-bd3c-228f67094a89,4170.04,INR,success,2026-05-29 19:13:20.622810+00:00
ad711123-1213-409c-a963-fb5f6eaad4f3,3ee3336c-159e-4917-ab93-095b29deb9a4,8da678bd-40d9-449c-acfc-94eba6586a07,fb4c0825-f398-49ca-bd3c-228f67094a89,4174.81,INR,success,2026-05-29 19:32:39.723416+00:00
ee4df809-0d1a-4e0f-ac89-d7d72b8868ab,3ee3336c-159e-4917-ab93-095b29deb9a4,8da678bd-40d9-449c-acfc-94eba6586a07,fb4c0825-f398-49ca-bd3c-228f67094a89,4057.37,INR,success,2026-05-29 21:14:53.365929+00:00
c1b3c95d-a8d1-4655-a14c-9247fc009adf,3ee3336c-159e-4917-ab93-095b29deb9a4,8da678bd-40d9-449c-acfc-94eba6586a07,fb4c0825-f398-49ca-bd3c-228f67094a89,4110.72,INR,success,2026-05-30 01:03:24.263140+00:00
2eefebed-0470-447c-9060-3f27d13359fb,3ee3336c-159e-4917-ab93-095b29deb9a4,8da678bd-40d9-449c-acfc-94eba6586a07,fb4c0825-f398-49ca-bd3c-228f67094a89,4270.52,INR,success,2026-05-30 09:11:57.170559+00:00
e6b838f4-2c54-48f8-9537-6e8e2148a9fb,3ee3336c-159e-4917-ab93-095b29deb9a4,8da678bd-40d9-449c-acfc-94eba6586a07,fb4c0825-f398-49ca-bd3c-228f67094a89,4177.5,INR,success,2026-05-30 11:29:15.824690+00:00
b6269fe4-345d-432d-b94c-dcbfe72d7e42,3ee3336c-159e-4917-ab93-095b29deb9a4,8da678bd-40d9-449c-acfc-94eba6586a07,fb4c0825-f398-49ca-bd3c-228f67094a89,4004.62,INR,success,2026-05-30 13:00:10.838836+00:00
962abd70-aa77-4ccd-84a0-c3513c5862e6,3ee3336c-159e-4917-ab93-095b29deb9a4,8da678bd-40d9-449c-acfc-94eba6586a07,fb4c0825-f398-49ca-bd3c-228f67094a89,4214.66,INR,success,2026-05-30 15:55:33.312242+00:00
7743672e-74e8-484e-ab5a-0db6006c297c,4e74505a-68aa-4d36-96b1-fb113ffe8d5b,1bbef527-d155-40af-8ae2-edde8c891bc3,fe9299e7-1d7c-433f-af60-98470344a0bb,3863.1,INR,success,2026-05-29 11:15:14.850229+00:00
d22dc04b-a6f4-49f5-8b3a-ecb7459bb349,4e74505a-68aa-4d36-96b1-fb113ffe8d5b,1bbef527-d155-40af-8ae2-edde8c891bc3,fe9299e7-1d7c-433f-af60-98470344a0bb,4334.24,INR,success,2026-05-29 20:05:46.039312+00:00
20524b7f-2775-47a7-829c-ee1db394fe2c,4e74505a-68aa-4d36-96b1-fb113ffe8d5b,1bbef527-d155-40af-8ae2-edde8c891bc3,fe9299e7-1d7c-433f-af60-98470344a0bb,4244.45,INR,success,2026-05-30 00:26:42.081116+00:00
faa057a7-cff3-48b8-ba7b-b24ff4df7ae0,4e74505a-68aa-4d36-96b1-fb113ffe8d5b,1bbef527-d155-40af-8ae2-edde8c891bc3,fe9299e7-1d7c-433f-af60-98470344a0bb,4202.19,INR,success,2026-05-30 03:27:01.210062+00:00
00c634e0-3829-4730-b0eb-a251e47bfa65,4e74505a-68aa-4d36-96b1-fb113ffe8d5b,1bbef527-d155-40af-8ae2-edde8c891bc3,fe9299e7-1d7c-433f-af60-98470344a0bb,4180.69,INR,success,2026-05-30 19:01:45.327046+00:00
197fa9d4-dac0-4f76-8ac9-b3fa7aa6cc34,4e74505a-68aa-4d36-96b1-fb113ffe8d5b,1bbef527-d155-40af-8ae2-edde8c891bc3,fe9299e7-1d7c-433f-af60-98470344a0bb,4255.13,INR,success,2026-05-31 00:11:21.896305+00:00
95adafda-46f8-479f-9608-1f4b503ab29b,4e74505a-68aa-4d36-96b1-fb113ffe8d5b,1bbef527-d155-40af-8ae2-edde8c891bc3,fe9299e7-1d7c-433f-af60-98470344a0bb,3948.76,INR,success,2026-05-31 01:09:07.102773+00:00
11d8f790-baf3-42c7-8a0d-3f92b84152f2,e406bb95-8980-419e-b084-d0984b716e6c,651b7578-7876-48ec-be0b-3742c2b3b56c,72004d84-e7ae-4d4f-8f96-4a14d85465d2,4308.53,INR,success,2026-05-29 03:29:11.819180+00:00
258f5f95-c67e-482a-b58e-d3b6452ee2d5,e406bb95-8980-419e-b084-d0984b716e6c,651b7578-7876-48ec-be0b-3742c2b3b56c,72004d84-e7ae-4d4f-8f96-4a14d85465d2,4261.25,INR,success,2026-05-29 13:23:29.291877+00:00
d762e6e6-5d83-4486-8102-9c575b26f6cb,e406bb95-8980-419e-b084-d0984b716e6c,651b7578-7876-48ec-be0b-3742c2b3b56c,72004d84-e7ae-4d4f-8f96-4a14d85465d2,4403.18,INR,success,2026-05-29 21:47:15.683754+00:00
4e3a02a8-2511-4cd6-8ff4-5c47ebecb754,e406bb95-8980-419e-b084-d0984b716e6c,651b7578-7876-48ec-be0b-3742c2b3b56c,72004d84-e7ae-4d4f-8f96-4a14d85465d2,4279.14,INR,success,2026-05-30 03:38:05.259300+00:00
fa1edc25-b20b-4c2a-8a75-b38a920cfb84,e406bb95-8980-419e-b084-d0984b716e6c,651b7578-7876-48ec-be0b-3742c2b3b56c,72004d84-e7ae-4d4f-8f96-4a14d85465d2,4227.19,INR,success,2026-05-30 04:29:06.489929+00:00
f571d319-3239-4505-84e1-eeabd502711f,bc665634-34b7-45f1-8243-c272c134a5a0,138ca9b4-8278-4a82-94c1-521c78ebed65,7f67bec5-dcb6-4487-80a0-afa1422117bc,4443.99,INR,success,2026-05-30 17:19:04.302328+00:00
27f97b16-686c-4757-be63-c725e51d5895,bc665634-34b7-45f1-8243-c272c134a5a0,138ca9b4-8278-4a82-94c1-521c78ebed65,7f67bec5-dcb6-4487-80a0-afa1422117bc,4359.47,INR,success,2026-05-30 20:07:47.310406+00:00
22d0a003-ddc5-49e7-b84d-b64166a1e23a,bc665634-34b7-45f1-8243-c272c134a5a0,138ca9b4-8278-4a82-94c1-521c78ebed65,7f67bec5-dcb6-4487-80a0-afa1422117bc,3676.47,INR,success,2026-05-30 21:22:20.546320+00:00
320602db-0427-4f0b-b20d-2ac79728715d,bc665634-34b7-45f1-8243-c272c134a5a0,138ca9b4-8278-4a82-94c1-521c78ebed65,7f67bec5-dcb6-4487-80a0-afa1422117bc,4309.31,INR,success,2026-05-30 21:47:58.222619+00:00
39f8bf1a-f02e-41d2-aa5e-7a3ddbbc07b2,bc665634-34b7-45f1-8243-c272c134a5a0,138ca9b4-8278-4a82-94c1-521c78ebed65,7f67bec5-dcb6-4487-80a0-afa1422117bc,4321.69,INR,success,2026-05-31 01:16:24.717733+00:00
eb17e142-1b50-4f1b-a56b-8439230e672b,bc665634-34b7-45f1-8243-c272c134a5a0,138ca9b4-8278-4a82-94c1-521c78ebed65,7f67bec5-dcb6-4487-80a0-afa1422117bc,4688.31,INR,success,2026-05-31 04:50:21.068861+00:00
49b203a3-d4d2-4e46-8e17-03f3e3e95422,bc665634-34b7-45f1-8243-c272c134a5a0,138ca9b4-8278-4a82-94c1-521c78ebed65,7f67bec5-dcb6-4487-80a0-afa1422117bc,4170.71,INR,success,2026-05-31 05:15:33.059672+00:00
8c785731-ee15-40a2-8739-9a51e7130f51,14fc7984-8e90-46ff-b24a-0c69d5f5534f,4ecd794f-8576-4726-8557-ee40d633f6af,d86dbef9-d2fa-40df-8c0b-2842120329a3,5027.83,INR,success,2026-05-29 04:14:31.334635+00:00
62f1346e-3181-4375-9b9b-2d06a90f1a3e,14fc7984-8e90-46ff-b24a-0c69d5f5534f,4ecd794f-8576-4726-8557-ee40d633f6af,d86dbef9-d2fa-40df-8c0b-2842120329a3,4678.52,INR,success,2026-05-29 04:31:49.454892+00:00
4f4e590d-58b6-4d64-91dd-7c6afb07a639,14fc7984-8e90-46ff-b24a-0c69d5f5534f,4ecd794f-8576-4726-8557-ee40d633f6af,d86dbef9-d2fa-40df-8c0b-2842120329a3,4933.08,INR,success,2026-05-29 08:09:43.655148+00:00
5d4f9896-546e-471d-88d5-4b3d4eac09b2,14fc7984-8e90-46ff-b24a-0c69d5f5534f,4ecd794f-8576-4726-8557-ee40d633f6af,d86dbef9-d2fa-40df-8c0b-2842120329a3,4972.37,INR,success,2026-05-29 13:52:53.543831+00:00
b97395fe-aa80-411d-a597-fdc57be1fefe,14fc7984-8e90-46ff-b24a-0c69d5f5534f,4ecd794f-8576-4726-8557-ee40d633f6af,d86dbef9-d2fa-40df-8c0b-2842120329a3,4672.57,INR,success,2026-05-29 17:03:30.663516+00:00
b51a9eaf-0364-47c7-b9cb-68fe1bdc06e8,14fc7984-8e90-46ff-b24a-0c69d5f5534f,4ecd794f-8576-4726-8557-ee40d633f6af,d86dbef9-d2fa-40df-8c0b-2842120329a3,4835.15,INR,success,2026-05-29 21:15:08.346790+00:00
59da0b1e-173b-4201-97ba-fa6171a16b4c,14fc7984-8e90-46ff-b24a-0c69d5f5534f,4ecd794f-8576-4726-8557-ee40d633f6af,d86dbef9-d2fa-40df-8c0b-2842120329a3,5065.4,INR,success,2026-05-30 08:15:04.204089+00:00
4efe9ade-16ba-40aa-b522-97e84c9185c1,28eca8b7-f099-4bcc-b25e-2548bf7e247c,82362ef6-81ca-4113-8f6a-17494f02c2ff,a7cfebd1-11a4-4592-80ce-25d2c3d0c1ab,4818.7,INR,success,2026-05-24 20:22:07.154596+00:00
c8a8dc52-cd02-43dd-99fc-4a759f5a7973,28eca8b7-f099-4bcc-b25e-2548bf7e247c,82362ef6-81ca-4113-8f6a-17494f02c2ff,a7cfebd1-11a4-4592-80ce-25d2c3d0c1ab,4285.88,INR,success,2026-05-25 00:09:44.911956+00:00
cb20dd88-4bc9-4e56-8bcf-0776d778016a,28eca8b7-f099-4bcc-b25e-2548bf7e247c,82362ef6-81ca-4113-8f6a-17494f02c2ff,a7cfebd1-11a4-4592-80ce-25d2c3d0c1ab,4652.9,INR,success,2026-05-25 00:55:17.718249+00:00
f872ba2a-5bcc-4725-be69-1b2938fcedb0,28eca8b7-f099-4bcc-b25e-2548bf7e247c,82362ef6-81ca-4113-8f6a-17494f02c2ff,a7cfebd1-11a4-4592-80ce-25d2c3d0c1ab,5415.3,INR,success,2026-05-25 05:05:13.041340+00:00
1d654352-893b-4de2-b15b-aa447ddc4ea7,dc5b6134-7190-4fd8-a7a2-6a8f9835a6b0,a5c21467-9c43-42cc-b323-2784ab8f7e3d,7717cf3e-4afb-46b2-b336-343141bc34cd,5089.54,INR,success,2026-05-25 20:35:12.557507+00:00
7008077d-9beb-4bb3-99ea-52a6603b3396,dc5b6134-7190-4fd8-a7a2-6a8f9835a6b0,a5c21467-9c43-42cc-b323-2784ab8f7e3d,7717cf3e-4afb-46b2-b336-343141bc34cd,4799.85,INR,success,2026-05-25 21:29:39.302546+00:00
8f96154f-7def-422e-a3ba-d9f1481ab66f,dc5b6134-7190-4fd8-a7a2-6a8f9835a6b0,a5c21467-9c43-42cc-b323-2784ab8f7e3d,7717cf3e-4afb-46b2-b336-343141bc34cd,4333.41,INR,success,2026-05-26 08:34:09.040019+00:00
6e66fd63-e4a5-478c-bd76-6862782c7358,dc5b6134-7190-4fd8-a7a2-6a8f9835a6b0,a5c21467-9c43-42cc-b323-2784ab8f7e3d,7717cf3e-4afb-46b2-b336-343141bc34cd,4681.74,INR,success,2026-05-26 09:38:49.682277+00:00
ebf5667f-ab41-4c5b-a504-891bb975f341,f65b7bf8-f515-465d-9c10-127ea0d506b5,872db65c-c101-4470-b45b-1231b76019d4,f5e35ca7-4c1e-4d0f-9d41-5febd74f0e64,5005.85,INR,success,2026-05-19 03:21:44.259735+00:00
aab7ccf4-a2fd-423f-83f9-a699f0890393,f65b7bf8-f515-465d-9c10-127ea0d506b5,872db65c-c101-4470-b45b-1231b76019d4,f5e35ca7-4c1e-4d0f-9d41-5febd74f0e64,4692.93,INR,success,2026-05-19 03:45:53.980775+00:00
0c9b3249-aaa5-4b8b-aa82-f69e254cb4d5,f65b7bf8-f515-465d-9c10-127ea0d506b5,872db65c-c101-4470-b45b-1231b76019d4,f5e35ca7-4c1e-4d0f-9d41-5febd74f0e64,4732.29,INR,success,2026-05-19 04:32:46.225787+00:00
7b41d5c8-e2af-4c0f-bd9d-1d3b9bd87f4d,f65b7bf8-f515-465d-9c10-127ea0d506b5,872db65c-c101-4470-b45b-1231b76019d4,f5e35ca7-4c1e-4d0f-9d41-5febd74f0e64,5053.84,INR,success,2026-05-19 06:11:19.859219+00:00
687ab7f1-dedb-4703-acb4-38ee11620b40,f65b7bf8-f515-465d-9c10-127ea0d506b5,872db65c-c101-4470-b45b-1231b76019d4,f5e35ca7-4c1e-4d0f-9d41-5febd74f0e64,4765.97,INR,success,2026-05-19 06:19:52.333630+00:00
4d4060f2-1e01-41c5-8fb4-b1722bd297cf,f65b7bf8-f515-465d-9c10-127ea0d506b5,872db65c-c101-4470-b45b-1231b76019d4,f5e35ca7-4c1e-4d0f-9d41-5febd74f0e64,5274.47,INR,success,2026-05-19 09:35:22.759192+00:00
3a448f12-c270-4a29-84cc-5b438642f77d,f65b7bf8-f515-465d-9c10-127ea0d506b5,872db65c-c101-4470-b45b-1231b76019d4,f5e35ca7-4c1e-4d0f-9d41-5febd74f0e64,4670.34,INR,success,2026-05-19 09:40:40.807065+00:00
82fddff2-d47f-413f-b3c4-df4ee4ba4400,16c79eed-a45e-4fca-8656-19c1d7ca9101,580031ac-2c34-4571-94b5-cee663989dd6,f5452426-53a2-4b4b-a8da-ac84063bc9ca,4957.85,INR,success,2026-05-23 05:39:43.123863+00:00
d70e1880-d749-47b6-bf8d-68a2efa2802c,16c79eed-a45e-4fca-8656-19c1d7ca9101,580031ac-2c34-4571-94b5-cee663989dd6,f5452426-53a2-4b4b-a8da-ac84063bc9ca,4663.81,INR,success,2026-05-23 08:36:50.765672+00:00
8b775b7d-19a9-4fb5-8c8d-b03523240016,16c79eed-a45e-4fca-8656-19c1d7ca9101,580031ac-2c34-4571-94b5-cee663989dd6,f5452426-53a2-4b4b-a8da-ac84063bc9ca,4852.54,INR,success,2026-05-23 08:45:35.915222+00:00
c0e8ff8e-01bf-47f2-977f-32e67c6317a1,16c79eed-a45e-4fca-8656-19c1d7ca9101,580031ac-2c34-4571-94b5-cee663989dd6,f5452426-53a2-4b4b-a8da-ac84063bc9ca,5011.5,INR,success,2026-05-23 09:06:15.684932+00:00
f2bf971c-9d2d-4354-a099-b7721a81ea2e,f91a22dd-f67e-471b-85a3-0c9d4c90f03e,64894a64-4209-4acc-8739-a17878d41943,fd006097-e99e-4084-9e72-cf5d3b844f22,4881.92,INR,success,2026-05-21 22:37:20.817288+00:00
a78b0fc2-27b5-43c1-b7b3-a3e986b2dfa9,f91a22dd-f67e-471b-85a3-0c9d4c90f03e,64894a64-4209-4acc-8739-a17878d41943,fd006097-e99e-4084-9e72-cf5d3b844f22,4578.24,INR,success,2026-05-22 00:25:41.061009+00:00
d16bf705-35f7-46be-8b10-0e117434f2e7,f91a22dd-f67e-471b-85a3-0c9d4c90f03e,64894a64-4209-4acc-8739-a17878d41943,fd006097-e99e-4084-9e72-cf5d3b844f22,4900.51,INR,success,2026-05-22 04:59:17.443513+00:00
680886b8-a4b1-4138-a49b-2102682d1a29,f91a22dd-f67e-471b-85a3-0c9d4c90f03e,64894a64-4209-4acc-8739-a17878d41943,fd006097-e99e-4084-9e72-cf5d3b844f22,4914.84,INR,success,2026-05-22 12:29:20.396379+00:00
b658038f-5ed1-4e74-a80b-a2b8940b4e33,f91a22dd-f67e-471b-85a3-0c9d4c90f03e,64894a64-4209-4acc-8739-a17878d41943,fd006097-e99e-4084-9e72-cf5d3b844f22,4919.37,INR,success,2026-05-22 14:29:09.354631+00:00
ce74f320-47f8-4080-894d-726a9e7f1ea2,f91a22dd-f67e-471b-85a3-0c9d4c90f03e,64894a64-4209-4acc-8739-a17878d41943,fd006097-e99e-4084-9e72-cf5d3b844f22,4654.47,INR,success,2026-05-22 17:32:19.506478+00:00
fe18950e-2af8-4d59-aae3-47039ef0697f,f91a22dd-f67e-471b-85a3-0c9d4c90f03e,64894a64-4209-4acc-8739-a17878d41943,fd006097-e99e-4084-9e72-cf5d3b844f22,4639.7,INR,success,2026-05-22 17:47:21.556658+00:00
19ffd202-f295-4066-bafe-39b928ac3299,f91a22dd-f67e-471b-85a3-0c9d4c90f03e,64894a64-4209-4acc-8739-a17878d41943,fd006097-e99e-4084-9e72-cf5d3b844f22,4912.48,INR,success,2026-05-22 23:19:57.842824+00:00
a49445b1-eea8-44e1-9953-ff1487263817,f91a22dd-f67e-471b-85a3-0c9d4c90f03e,64894a64-4209-4acc-8739-a17878d41943,fd006097-e99e-4084-9e72-cf5d3b844f22,4761.55,INR,success,2026-05-23 00:16:04.639373+00:00
5f9dffeb-b6f3-4aad-b2ed-765bdf85e121,a4ed580e-a38b-4b07-b677-489ec3a2e17f,ed41c1b7-25b6-45d6-acb5-d1c12aca7c13,b2b4cd49-b776-4f36-abba-f972315a97c2,4745.36,INR,success,2026-05-18 22:18:02.998315+00:00
3ed33019-6508-473c-b635-36dac498cd7a,a4ed580e-a38b-4b07-b677-489ec3a2e17f,ed41c1b7-25b6-45d6-acb5-d1c12aca7c13,b2b4cd49-b776-4f36-abba-f972315a97c2,4760.63,INR,success,2026-05-19 01:19:38.470728+00:00
716d4206-2f65-4a43-a488-a33ca71ed31e,a4ed580e-a38b-4b07-b677-489ec3a2e17f,ed41c1b7-25b6-45d6-acb5-d1c12aca7c13,b2b4cd49-b776-4f36-abba-f972315a97c2,4614.95,INR,success,2026-05-19 08:29:30.296988+00:00
fd9cfe6e-68b5-457b-8d1e-717c2de622a5,a4ed580e-a38b-4b07-b677-489ec3a2e17f,ed41c1b7-25b6-45d6-acb5-d1c12aca7c13,b2b4cd49-b776-4f36-abba-f972315a97c2,4835.69,INR,success,2026-05-19 12:38:38.341749+00:00
7ae90794-2b65-4a30-8cc4-4fcb65c3e505,a4ed580e-a38b-4b07-b677-489ec3a2e17f,ed41c1b7-25b6-45d6-acb5-d1c12aca7c13,b2b4cd49-b776-4f36-abba-f972315a97c2,4866.66,INR,success,2026-05-19 23:07:49.048259+00:00
9e1b9560-a04b-4a51-9ed0-a9e200d48394,a4ed580e-a38b-4b07-b677-489ec3a2e17f,ed41c1b7-25b6-45d6-acb5-d1c12aca7c13,b2b4cd49-b776-4f36-abba-f972315a97c2,4459.48,INR,success,2026-05-20 06:18:27.836154+00:00
1ed02ae2-521d-4f03-991d-a242deec8700,a4ed580e-a38b-4b07-b677-489ec3a2e17f,ed41c1b7-25b6-45d6-acb5-d1c12aca7c13,b2b4cd49-b776-4f36-abba-f972315a97c2,4554.67,INR,success,2026-05-20 09:59:07.481263+00:00
41791385-53b1-4642-830e-1bc84a1addd7,f6211ae7-420d-418a-8af4-adf5f043d806,91390c39-728f-4ac7-a2c3-ba2610784920,a7a331f8-b337-4469-860c-9f74eba10809,1105.74,INR,success,2026-04-14 03:49:11.961946+00:00
8c87b5fa-3db9-44fa-92bb-693c196439ef,6a699777-e8f3-4d9e-b6b2-6e9abd02b4ba,5a0436a6-cc6f-472d-bf5e-cbebe90039ed,d1f71c6c-e130-4f5f-ae65-70ddd8689f4a,741.61,INR,success,2026-04-15 17:33:14.771047+00:00
405ed5cb-7bc4-4cc8-877c-bb5e8fe97dff,6a699777-e8f3-4d9e-b6b2-6e9abd02b4ba,5a0436a6-cc6f-472d-bf5e-cbebe90039ed,d1f71c6c-e130-4f5f-ae65-70ddd8689f4a,1121.86,INR,success,2026-04-16 04:59:59.944443+00:00
4e3459b3-d853-4efc-ba7c-6ad692946241,6a699777-e8f3-4d9e-b6b2-6e9abd02b4ba,5a0436a6-cc6f-472d-bf5e-cbebe90039ed,d1f71c6c-e130-4f5f-ae65-70ddd8689f4a,879.68,INR,success,2026-04-16 17:16:27.896506+00:00
71279a71-b177-45a7-82cd-5a33e8da631f,6a699777-e8f3-4d9e-b6b2-6e9abd02b4ba,5a0436a6-cc6f-472d-bf5e-cbebe90039ed,d1f71c6c-e130-4f5f-ae65-70ddd8689f4a,1072.66,INR,success,2026-04-22 01:57:31.565539+00:00
a9a99253-b95e-4d77-8dee-8d57f46a11ad,6a699777-e8f3-4d9e-b6b2-6e9abd02b4ba,5a0436a6-cc6f-472d-bf5e-cbebe90039ed,d1f71c6c-e130-4f5f-ae65-70ddd8689f4a,554.26,INR,success,2026-05-03 16:57:16.471166+00:00
c6f442bd-0efe-4d7a-a488-88bb3f9fe65e,6a699777-e8f3-4d9e-b6b2-6e9abd02b4ba,5a0436a6-cc6f-472d-bf5e-cbebe90039ed,d1f71c6c-e130-4f5f-ae65-70ddd8689f4a,823.89,INR,success,2026-05-12 00:21:59.688445+00:00
ed83cbb0-eae7-429d-87ec-f461e558a7e4,6a699777-e8f3-4d9e-b6b2-6e9abd02b4ba,5a0436a6-cc6f-472d-bf5e-cbebe90039ed,d1f71c6c-e130-4f5f-ae65-70ddd8689f4a,271.92,INR,success,2026-05-12 05:55:03.678866+00:00
cdd4d999-321b-4438-8180-4294f3d78660,6a699777-e8f3-4d9e-b6b2-6e9abd02b4ba,5a0436a6-cc6f-472d-bf5e-cbebe90039ed,d1f71c6c-e130-4f5f-ae65-70ddd8689f4a,933.43,INR,success,2026-05-20 22:59:07.700862+00:00
62d4b197-450e-4293-8f66-bc2795f01f3c,6a699777-e8f3-4d9e-b6b2-6e9abd02b4ba,5a0436a6-cc6f-472d-bf5e-cbebe90039ed,d1f71c6c-e130-4f5f-ae65-70ddd8689f4a,1260.84,INR,success,2026-05-21 15:22:52.826183+00:00
0fa8c3a3-343d-42d1-94dc-a7f4c552ea87,9241ddcc-b547-4622-ac60-73bdc98dbe53,5a0436a6-cc6f-472d-bf5e-cbebe90039ed,d1f71c6c-e130-4f5f-ae65-70ddd8689f4a,2265.65,INR,success,2026-04-20 22:11:25.848748+00:00
b4dad443-4d5f-4723-8c98-ff416b6e23ec,9241ddcc-b547-4622-ac60-73bdc98dbe53,5a0436a6-cc6f-472d-bf5e-cbebe90039ed,d1f71c6c-e130-4f5f-ae65-70ddd8689f4a,2444.93,INR,success,2026-05-02 10:02:28.682994+00:00
7fe9aee9-cddb-42fa-a0db-88e9e868e356,9241ddcc-b547-4622-ac60-73bdc98dbe53,5a0436a6-cc6f-472d-bf5e-cbebe90039ed,d1f71c6c-e130-4f5f-ae65-70ddd8689f4a,1690.57,INR,success,2026-05-05 22:55:29.339133+00:00
00d31dc7-0550-4297-9d5e-d7978070fa4e,9241ddcc-b547-4622-ac60-73bdc98dbe53,5a0436a6-cc6f-472d-bf5e-cbebe90039ed,d1f71c6c-e130-4f5f-ae65-70ddd8689f4a,2302.0,INR,success,2026-05-11 17:15:54.999506+00:00
92ab5f97-e154-481b-ae08-ee4bd71c2ffd,9241ddcc-b547-4622-ac60-73bdc98dbe53,5a0436a6-cc6f-472d-bf5e-cbebe90039ed,d1f71c6c-e130-4f5f-ae65-70ddd8689f4a,5394.01,INR,success,2026-05-18 19:33:42.466721+00:00
8885dea5-aead-4b21-80c9-9fc81e6c5b00,9241ddcc-b547-4622-ac60-73bdc98dbe53,5a0436a6-cc6f-472d-bf5e-cbebe90039ed,d1f71c6c-e130-4f5f-ae65-70ddd8689f4a,744.99,INR,success,2026-05-20 19:33:29.254218+00:00
9f596cb0-60bc-456f-8f74-2f93f15f65fe,9241ddcc-b547-4622-ac60-73bdc98dbe53,5a0436a6-cc6f-472d-bf5e-cbebe90039ed,d1f71c6c-e130-4f5f-ae65-70ddd8689f4a,2251.73,INR,success,2026-05-28 05:21:50.040143+00:00
8047ee0a-a755-46fc-8d0c-a3a9b83045bd,9241ddcc-b547-4622-ac60-73bdc98dbe53,5a0436a6-cc6f-472d-bf5e-cbebe90039ed,d1f71c6c-e130-4f5f-ae65-70ddd8689f4a,497.22,INR,success,2026-05-31 19:59:00.705947+00:00
f6645137-6302-4cfe-bbc3-de3a2ffb85a9,5d4e731f-fc2d-43fc-9225-9fd4e6cab696,5a0436a6-cc6f-472d-bf5e-cbebe90039ed,d1f71c6c-e130-4f5f-ae65-70ddd8689f4a,2134.51,INR,success,2026-04-22 21:42:54.890873+00:00
324e3d24-7113-49f4-8a16-126003fd2d6f,5d4e731f-fc2d-43fc-9225-9fd4e6cab696,5a0436a6-cc6f-472d-bf5e-cbebe90039ed,d1f71c6c-e130-4f5f-ae65-70ddd8689f4a,2073.1,INR,success,2026-04-25 21:10:21.184265+00:00
761b370f-3b4a-4299-88f0-777ecfb49e78,5d4e731f-fc2d-43fc-9225-9fd4e6cab696,5a0436a6-cc6f-472d-bf5e-cbebe90039ed,d1f71c6c-e130-4f5f-ae65-70ddd8689f4a,1800.88,INR,success,2026-05-06 17:55:30.718297+00:00
7bf39a6d-076d-4fb8-9a08-09e39158b2c0,5d4e731f-fc2d-43fc-9225-9fd4e6cab696,5a0436a6-cc6f-472d-bf5e-cbebe90039ed,d1f71c6c-e130-4f5f-ae65-70ddd8689f4a,1307.33,INR,success,2026-05-08 02:51:42.705242+00:00
36f93969-5761-47bc-9491-e34764495344,5d4e731f-fc2d-43fc-9225-9fd4e6cab696,5a0436a6-cc6f-472d-bf5e-cbebe90039ed,d1f71c6c-e130-4f5f-ae65-70ddd8689f4a,1540.25,INR,success,2026-05-08 03:54:55.330455+00:00
bc6305d1-3feb-4964-8ddd-bfb09b7ba4c3,5d4e731f-fc2d-43fc-9225-9fd4e6cab696,5a0436a6-cc6f-472d-bf5e-cbebe90039ed,d1f71c6c-e130-4f5f-ae65-70ddd8689f4a,1852.07,INR,success,2026-05-09 14:55:02.164436+00:00
54c367a4-02a1-492a-8959-1ecd962ec87e,5d4e731f-fc2d-43fc-9225-9fd4e6cab696,5a0436a6-cc6f-472d-bf5e-cbebe90039ed,d1f71c6c-e130-4f5f-ae65-70ddd8689f4a,2023.53,INR,success,2026-05-13 19:53:55.475128+00:00
1ed1b437-0ad8-4ee3-ac78-5db60f3d00b8,5d4e731f-fc2d-43fc-9225-9fd4e6cab696,5a0436a6-cc6f-472d-bf5e-cbebe90039ed,d1f71c6c-e130-4f5f-ae65-70ddd8689f4a,1965.58,INR,success,2026-05-17 03:45:32.819073+00:00
4a85ae50-dca1-4236-8864-9a14f7719039,f66c5224-f1b0-418d-ad7a-8aac64df7c75,5a0436a6-cc6f-472d-bf5e-cbebe90039ed,d1f71c6c-e130-4f5f-ae65-70ddd8689f4a,858.24,INR,success,2026-05-21 06:17:59.504663+00:00
d653d216-fef3-4b63-8a2f-46228b926221,f66c5224-f1b0-418d-ad7a-8aac64df7c75,5a0436a6-cc6f-472d-bf5e-cbebe90039ed,d1f71c6c-e130-4f5f-ae65-70ddd8689f4a,2724.32,INR,success,2026-05-24 03:10:30.424398+00:00
bbe5f564-bef8-4365-93a4-a37aee8e968a,f66c5224-f1b0-418d-ad7a-8aac64df7c75,5a0436a6-cc6f-472d-bf5e-cbebe90039ed,d1f71c6c-e130-4f5f-ae65-70ddd8689f4a,1954.78,INR,success,2026-05-24 05:45:32.750312+00:00
912d758c-9d04-4fe7-b797-911261b824ea,f66c5224-f1b0-418d-ad7a-8aac64df7c75,5a0436a6-cc6f-472d-bf5e-cbebe90039ed,d1f71c6c-e130-4f5f-ae65-70ddd8689f4a,600.69,INR,success,2026-05-24 19:20:57.441684+00:00
4938d540-6ea0-4604-9dc3-44cabaccac89,f66c5224-f1b0-418d-ad7a-8aac64df7c75,5a0436a6-cc6f-472d-bf5e-cbebe90039ed,d1f71c6c-e130-4f5f-ae65-70ddd8689f4a,2722.23,INR,success,2026-05-25 07:40:06.066083+00:00
55b300df-bc7f-4e01-8b15-38ae624144e7,f66c5224-f1b0-418d-ad7a-8aac64df7c75,5a0436a6-cc6f-472d-bf5e-cbebe90039ed,d1f71c6c-e130-4f5f-ae65-70ddd8689f4a,2043.23,INR,success,2026-05-26 01:43:09.759091+00:00
d1f04064-4d0c-4dc7-a625-b15140fbc28d,f66c5224-f1b0-418d-ad7a-8aac64df7c75,5a0436a6-cc6f-472d-bf5e-cbebe90039ed,d1f71c6c-e130-4f5f-ae65-70ddd8689f4a,2345.46,INR,success,2026-05-27 11:00:54.361841+00:00
a2df6324-8096-42f8-8386-bd407703992b,f66c5224-f1b0-418d-ad7a-8aac64df7c75,5a0436a6-cc6f-472d-bf5e-cbebe90039ed,d1f71c6c-e130-4f5f-ae65-70ddd8689f4a,1259.65,INR,success,2026-05-29 13:04:54.873182+00:00
93b8ba79-73a7-4347-a5f4-cd9f9b3375a5,f66c5224-f1b0-418d-ad7a-8aac64df7c75,5a0436a6-cc6f-472d-bf5e-cbebe90039ed,d1f71c6c-e130-4f5f-ae65-70ddd8689f4a,2590.1,INR,success,2026-05-29 18:32:39.743816+00:00
1390a0cb-96f1-4389-a902-717b2bd15a5d,1066b979-7984-4e1e-879d-eb8e23bbd884,5a0436a6-cc6f-472d-bf5e-cbebe90039ed,d1f71c6c-e130-4f5f-ae65-70ddd8689f4a,5278.42,INR,success,2026-05-29 23:21:00.332726+00:00
e1e5a8a1-d10d-469b-9253-f417398e87e5,1066b979-7984-4e1e-879d-eb8e23bbd884,5a0436a6-cc6f-472d-bf5e-cbebe90039ed,d1f71c6c-e130-4f5f-ae65-70ddd8689f4a,10.0,INR,success,2026-05-30 13:53:14.737066+00:00
bf0c43a9-4d79-428d-99c6-70e865b3e934,1066b979-7984-4e1e-879d-eb8e23bbd884,5a0436a6-cc6f-472d-bf5e-cbebe90039ed,d1f71c6c-e130-4f5f-ae65-70ddd8689f4a,10.0,INR,success,2026-05-31 00:10:23.560122+00:00
45b22d02-0b99-4a83-8107-2d14bce24b8b,1066b979-7984-4e1e-879d-eb8e23bbd884,5a0436a6-cc6f-472d-bf5e-cbebe90039ed,d1f71c6c-e130-4f5f-ae65-70ddd8689f4a,1962.77,INR,success,2026-05-31 06:37:05.598990+00:00
beef853e-1c25-463f-a919-d530a72a4b9c,1066b979-7984-4e1e-879d-eb8e23bbd884,5a0436a6-cc6f-472d-bf5e-cbebe90039ed,d1f71c6c-e130-4f5f-ae65-70ddd8689f4a,5104.7,INR,success,2026-05-31 12:03:32.426650+00:00
b6b53408-e447-4bbe-8a1e-3a29c1eeef97,1066b979-7984-4e1e-879d-eb8e23bbd884,5a0436a6-cc6f-472d-bf5e-cbebe90039ed,d1f71c6c-e130-4f5f-ae65-70ddd8689f4a,5880.79,INR,success,2026-05-31 16:24:28.311186+00:00
05faedc2-f20a-4b51-b171-fc6597da15db,1066b979-7984-4e1e-879d-eb8e23bbd884,5a0436a6-cc6f-472d-bf5e-cbebe90039ed,d1f71c6c-e130-4f5f-ae65-70ddd8689f4a,10.0,INR,success,2026-05-31 18:33:50.142603+00:00
f1ecec68-fe89-455e-9938-3db6dbe349a7,3667fc3c-eb92-4887-9e8a-79db0431ff80,6242c8d5-5cf9-4cc4-9947-c405b920987d,32d9409b-15e6-42b3-b64b-57bacbdea4ea,2241.5,INR,success,2026-05-21 10:14:13.839402+00:00
981ec4ff-4f6f-4d2f-ba64-06405811467e,3667fc3c-eb92-4887-9e8a-79db0431ff80,6242c8d5-5cf9-4cc4-9947-c405b920987d,32d9409b-15e6-42b3-b64b-57bacbdea4ea,2307.44,INR,success,2026-05-21 21:50:47.675647+00:00
ea092e99-4734-454a-b02a-fd35de7fdac2,0170aa77-959b-4d56-9fc0-b5580d7ebc90,9b5352e5-73e3-42c0-b018-e5bae1e362b8,32d9409b-15e6-42b3-b64b-57bacbdea4ea,2032.4,INR,success,2026-05-18 05:51:40.940104+00:00
d766a23f-5e64-4243-b003-7c9bb54f1823,0170aa77-959b-4d56-9fc0-b5580d7ebc90,9b5352e5-73e3-42c0-b018-e5bae1e362b8,32d9409b-15e6-42b3-b64b-57bacbdea4ea,2499.0,INR,success,2026-05-18 21:34:44.833438+00:00
16c5b6ca-6b9d-4450-aee3-b039cbeb25b8,2d66840f-9bf2-4bab-8ff4-eab9019c41bf,3b054f55-80fe-4d74-908f-cbc3f47ef7f0,32d9409b-15e6-42b3-b64b-57bacbdea4ea,2235.02,INR,success,2026-05-14 01:24:05.028247+00:00
839d3a39-be68-4394-a705-80f6c009de6d,2d66840f-9bf2-4bab-8ff4-eab9019c41bf,3b054f55-80fe-4d74-908f-cbc3f47ef7f0,32d9409b-15e6-42b3-b64b-57bacbdea4ea,2278.32,INR,success,2026-05-14 18:19:48.452892+00:00
117e9cf7-570f-4722-a036-17c0f5e060bd,265a9dc2-2364-47ba-9101-c253b8f891c2,247627b3-7e00-414d-8e91-35846f9efda8,32d9409b-15e6-42b3-b64b-57bacbdea4ea,2152.26,INR,success,2026-05-17 16:20:35.021637+00:00
486ab334-955c-43cd-bc97-e6794e6d271a,265a9dc2-2364-47ba-9101-c253b8f891c2,247627b3-7e00-414d-8e91-35846f9efda8,32d9409b-15e6-42b3-b64b-57bacbdea4ea,2282.64,INR,success,2026-05-17 18:37:48.449319+00:00
9bb30063-4e3e-4bfa-9dcc-72e25e0606cc,f0b04c47-0749-4e9e-814b-977cb1a9076f,22a0c627-cecd-43be-8a8e-b4738b69b097,32d9409b-15e6-42b3-b64b-57bacbdea4ea,2169.83,INR,success,2026-05-14 09:18:10.991973+00:00
aec71f54-e4c5-4081-bacb-47ceaafa2b75,f0b04c47-0749-4e9e-814b-977cb1a9076f,22a0c627-cecd-43be-8a8e-b4738b69b097,32d9409b-15e6-42b3-b64b-57bacbdea4ea,2243.17,INR,success,2026-05-14 14:09:47.693854+00:00
288426ef-a7dc-4d64-bf4c-1817a4905cbd,dbd6e583-52e3-4132-9cbe-f53c5d7f0b3b,f2d16a04-1cf3-4f4e-a9d7-165c4c292d69,ae137916-965a-4d88-8cb7-9efa3b769d46,3976.38,INR,success,2026-05-16 07:53:03.472586+00:00
13ee97ae-db16-474c-b83b-c71a70bbf1aa,69f9a32d-00ec-405c-ae43-c3810c91942b,f2d16a04-1cf3-4f4e-a9d7-165c4c292d69,ae137916-965a-4d88-8cb7-9efa3b769d46,3457.61,INR,success,2026-05-23 09:42:32.757637+00:00
3971c503-73f3-4893-93bb-ab77819a18d6,69f9a32d-00ec-405c-ae43-c3810c91942b,f2d16a04-1cf3-4f4e-a9d7-165c4c292d69,ae137916-965a-4d88-8cb7-9efa3b769d46,3534.46,INR,success,2026-05-24 05:35:50.930882+00:00
2f8ad8b6-749a-486c-9ca0-215d4f2ac598,74dd4aa3-04d4-40a0-aadd-58276cfcf652,f2d16a04-1cf3-4f4e-a9d7-165c4c292d69,ae137916-965a-4d88-8cb7-9efa3b769d46,3249.79,INR,success,2026-05-08 05:16:06.253002+00:00
9d3cac65-f344-46b4-a681-71410f9b97d7,74dd4aa3-04d4-40a0-aadd-58276cfcf652,f2d16a04-1cf3-4f4e-a9d7-165c4c292d69,ae137916-965a-4d88-8cb7-9efa3b769d46,3667.66,INR,success,2026-05-31 05:44:23.146422+00:00
1903f7bf-45ff-4cd5-abd1-1fc8103b879e,ff1ba4d3-5099-4c70-90ca-0c404bf8feed,f2d16a04-1cf3-4f4e-a9d7-165c4c292d69,ae137916-965a-4d88-8cb7-9efa3b769d46,3862.11,INR,success,2026-05-09 11:34:53.794825+00:00
0a7236f2-0ee6-43b8-8429-5fd8f4ed60c5,ff1ba4d3-5099-4c70-90ca-0c404bf8feed,f2d16a04-1cf3-4f4e-a9d7-165c4c292d69,ae137916-965a-4d88-8cb7-9efa3b769d46,3541.24,INR,success,2026-05-24 04:16:23.477819+00:00
27259bbb-fb8d-4e0d-9f7c-9f1ec4f53e7f,50cadf2c-481d-48e2-ae72-b1cc9803539f,f2d16a04-1cf3-4f4e-a9d7-165c4c292d69,ae137916-965a-4d88-8cb7-9efa3b769d46,3762.45,INR,success,2026-05-11 13:04:35.369354+00:00
00c8d987-1063-422a-baec-77fee48557d1,83668e9a-39e1-4e70-a129-23e5dee4ee15,f2d16a04-1cf3-4f4e-a9d7-165c4c292d69,ae137916-965a-4d88-8cb7-9efa3b769d46,3676.31,INR,success,2026-05-21 06:22:49.666997+00:00
1eea35bc-7a50-46c8-a0a5-8d131d6211c0,70b2d816-d0ae-421b-9a6a-779443c88da7,f2d16a04-1cf3-4f4e-a9d7-165c4c292d69,ae137916-965a-4d88-8cb7-9efa3b769d46,3910.15,INR,success,2026-05-07 11:48:10.088930+00:00
09c3e55f-115a-4922-88b8-3fb7efc3d449,70b2d816-d0ae-421b-9a6a-779443c88da7,f2d16a04-1cf3-4f4e-a9d7-165c4c292d69,ae137916-965a-4d88-8cb7-9efa3b769d46,3949.78,INR,success,2026-05-10 20:23:40.199836+00:00
ba930d83-f136-4055-9f0c-78a83b564499,81386cfb-43aa-429a-b1da-1ee14f74266b,f2d16a04-1cf3-4f4e-a9d7-165c4c292d69,ae137916-965a-4d88-8cb7-9efa3b769d46,3747.24,INR,success,2026-05-18 11:10:04.573382+00:00
9136ecd8-cbb7-4680-a0c2-dbf11e598ba3,81386cfb-43aa-429a-b1da-1ee14f74266b,f2d16a04-1cf3-4f4e-a9d7-165c4c292d69,ae137916-965a-4d88-8cb7-9efa3b769d46,3505.46,INR,success,2026-05-26 08:06:07.355839+00:00
1ce1580f-c2dc-4048-a847-c66587bf545c,50462561-9c1a-4a12-9acb-a80d5b2d59b0,b657d5b1-38cd-4d06-8e2f-98a0ebfbc53a,89b3ab17-27f5-48c6-89dc-61e1f691f6e3,690.12,INR,success,2026-04-17 21:17:27.318319+00:00
954c9be1-50d2-41e8-bfec-2818cc9318d6,50462561-9c1a-4a12-9acb-a80d5b2d59b0,b657d5b1-38cd-4d06-8e2f-98a0ebfbc53a,89b3ab17-27f5-48c6-89dc-61e1f691f6e3,654.73,INR,success,2026-04-18 02:10:49.637142+00:00
3e27ac10-9eca-4e5e-b983-07d988bcea9c,50462561-9c1a-4a12-9acb-a80d5b2d59b0,b657d5b1-38cd-4d06-8e2f-98a0ebfbc53a,89b3ab17-27f5-48c6-89dc-61e1f691f6e3,667.73,INR,success,2026-04-18 03:05:25.021873+00:00
27d676b3-131c-4e4f-a808-1703504ecaac,50462561-9c1a-4a12-9acb-a80d5b2d59b0,b657d5b1-38cd-4d06-8e2f-98a0ebfbc53a,89b3ab17-27f5-48c6-89dc-61e1f691f6e3,675.42,INR,success,2026-04-18 04:21:33.165073+00:00
c1044032-92ef-412f-94c4-d8748c8230c6,50462561-9c1a-4a12-9acb-a80d5b2d59b0,b657d5b1-38cd-4d06-8e2f-98a0ebfbc53a,89b3ab17-27f5-48c6-89dc-61e1f691f6e3,682.02,INR,success,2026-04-18 04:55:32.711696+00:00
53ad0262-60ce-491a-af11-a8354e8b58ae,50462561-9c1a-4a12-9acb-a80d5b2d59b0,b657d5b1-38cd-4d06-8e2f-98a0ebfbc53a,89b3ab17-27f5-48c6-89dc-61e1f691f6e3,643.3,INR,success,2026-04-18 06:56:04.623946+00:00
ef4c8525-008f-4b07-83a1-03419352574e,50462561-9c1a-4a12-9acb-a80d5b2d59b0,b657d5b1-38cd-4d06-8e2f-98a0ebfbc53a,89b3ab17-27f5-48c6-89dc-61e1f691f6e3,720.3,INR,success,2026-04-18 08:31:44.456170+00:00
7b7d47bf-2ac5-41c7-840f-9b3d6c499ee6,50462561-9c1a-4a12-9acb-a80d5b2d59b0,b657d5b1-38cd-4d06-8e2f-98a0ebfbc53a,89b3ab17-27f5-48c6-89dc-61e1f691f6e3,619.62,INR,success,2026-04-18 09:55:32.877158+00:00
22bcb082-9fc7-4642-9bf8-10e1896c5879,50462561-9c1a-4a12-9acb-a80d5b2d59b0,b657d5b1-38cd-4d06-8e2f-98a0ebfbc53a,89b3ab17-27f5-48c6-89dc-61e1f691f6e3,672.11,INR,success,2026-04-18 11:54:26.218925+00:00
67a2e22d-caa5-4614-a4cb-91a1fc0efb38,cda91ef0-5aa1-402f-9ba4-b730cf2d000c,2113ac03-f581-442a-8f31-8a9f0c157c60,b2313284-10e9-41d8-b7f2-32781731cb68,623.72,INR,success,2026-04-29 20:25:51.730901+00:00
f6098010-ecac-473a-9259-dd4eea28c755,cda91ef0-5aa1-402f-9ba4-b730cf2d000c,2113ac03-f581-442a-8f31-8a9f0c157c60,b2313284-10e9-41d8-b7f2-32781731cb68,649.98,INR,success,2026-04-30 01:38:15.489335+00:00
4282265b-a528-4be7-8668-03a48141710a,cda91ef0-5aa1-402f-9ba4-b730cf2d000c,2113ac03-f581-442a-8f31-8a9f0c157c60,b2313284-10e9-41d8-b7f2-32781731cb68,634.73,INR,success,2026-04-30 10:31:47.705003+00:00
9d0b2fff-fc43-429e-8d9e-ff6c6bbf73e4,cda91ef0-5aa1-402f-9ba4-b730cf2d000c,2113ac03-f581-442a-8f31-8a9f0c157c60,b2313284-10e9-41d8-b7f2-32781731cb68,649.66,INR,success,2026-04-30 16:33:45.986576+00:00
64fa62f4-3937-41c6-a419-ff877689a372,cda91ef0-5aa1-402f-9ba4-b730cf2d000c,2113ac03-f581-442a-8f31-8a9f0c157c60,b2313284-10e9-41d8-b7f2-32781731cb68,650.59,INR,success,2026-05-01 04:21:06.369328+00:00
77313ec2-1fc5-4673-abf5-81851147f095,f8c5b268-f730-4673-9dcc-e25c7e3e491f,1ed53e52-c373-43be-b31d-9da163441131,c499b5b2-8cca-4935-a4a1-678b4d25d095,671.62,INR,success,2026-04-25 12:15:38.207569+00:00
598e3526-796e-4844-a886-1f9a0f3bdfa8,f8c5b268-f730-4673-9dcc-e25c7e3e491f,1ed53e52-c373-43be-b31d-9da163441131,c499b5b2-8cca-4935-a4a1-678b4d25d095,569.54,INR,success,2026-04-25 19:26:51.321196+00:00
8cb26f46-776e-4634-8ec8-b54e782d796c,f8c5b268-f730-4673-9dcc-e25c7e3e491f,1ed53e52-c373-43be-b31d-9da163441131,c499b5b2-8cca-4935-a4a1-678b4d25d095,645.73,INR,success,2026-04-26 01:45:43.505056+00:00
cc688e1c-ea66-4190-aab9-d025c00beda4,f8c5b268-f730-4673-9dcc-e25c7e3e491f,1ed53e52-c373-43be-b31d-9da163441131,c499b5b2-8cca-4935-a4a1-678b4d25d095,672.23,INR,success,2026-04-26 03:14:02.216341+00:00
a481046f-fc84-4913-b6fc-772d23c0be52,f8c5b268-f730-4673-9dcc-e25c7e3e491f,1ed53e52-c373-43be-b31d-9da163441131,c499b5b2-8cca-4935-a4a1-678b4d25d095,627.8,INR,success,2026-04-26 06:41:56.696049+00:00
65466a48-c4f8-42df-8b55-59191ef9ab54,f8c5b268-f730-4673-9dcc-e25c7e3e491f,1ed53e52-c373-43be-b31d-9da163441131,c499b5b2-8cca-4935-a4a1-678b4d25d095,672.4,INR,success,2026-04-26 09:50:08.469407+00:00
41bf570a-4db4-4224-825f-d3df68c0aede,f8c5b268-f730-4673-9dcc-e25c7e3e491f,1ed53e52-c373-43be-b31d-9da163441131,c499b5b2-8cca-4935-a4a1-678b4d25d095,702.43,INR,success,2026-04-26 19:06:20.897473+00:00
9fa604d6-fa0b-43f7-8a02-b250cd6f2b64,f8c5b268-f730-4673-9dcc-e25c7e3e491f,1ed53e52-c373-43be-b31d-9da163441131,c499b5b2-8cca-4935-a4a1-678b4d25d095,668.58,INR,success,2026-04-26 21:33:09.146374+00:00
dfae8da7-40dd-4c9a-8c9e-22a6da4bd700,f8c5b268-f730-4673-9dcc-e25c7e3e491f,1ed53e52-c373-43be-b31d-9da163441131,c499b5b2-8cca-4935-a4a1-678b4d25d095,707.77,INR,success,2026-04-27 03:29:59.033020+00:00
2d4c9afb-260d-463e-85bd-b3ab2d289dbe,bab08031-ede5-4fbd-af15-d102e2fc4969,0898d11d-256b-40df-a4db-08eee0134448,203ad9ca-b250-4c3b-8652-b4345362e0eb,645.95,INR,success,2026-04-21 16:55:42.034925+00:00
44bf7fe8-d27c-4598-995f-92a21c5f3389,bab08031-ede5-4fbd-af15-d102e2fc4969,0898d11d-256b-40df-a4db-08eee0134448,203ad9ca-b250-4c3b-8652-b4345362e0eb,626.09,INR,success,2026-04-21 18:49:47.944949+00:00
da7d54d9-3d1e-4e4e-af9e-030c8fdbaebe,bab08031-ede5-4fbd-af15-d102e2fc4969,0898d11d-256b-40df-a4db-08eee0134448,203ad9ca-b250-4c3b-8652-b4345362e0eb,643.65,INR,success,2026-04-22 02:57:00.846491+00:00
1bf5918c-7061-4696-a862-17af4ca0987a,bab08031-ede5-4fbd-af15-d102e2fc4969,0898d11d-256b-40df-a4db-08eee0134448,203ad9ca-b250-4c3b-8652-b4345362e0eb,692.63,INR,success,2026-04-22 03:15:20.199866+00:00
1a7b8c0d-5929-4221-af3b-3899364f94b7,bab08031-ede5-4fbd-af15-d102e2fc4969,0898d11d-256b-40df-a4db-08eee0134448,203ad9ca-b250-4c3b-8652-b4345362e0eb,671.89,INR,success,2026-04-22 05:28:59.139538+00:00
daffab67-d6e9-4343-b73b-1963432b465f,f9e1d5f8-4259-4545-90c0-dea6c9a6eea3,be18a388-63fb-466b-8df7-95d7c51ab790,bc427da3-5b8f-40c8-82fd-239a7cd80a20,563.12,INR,success,2026-05-20 06:59:12.650491+00:00
5439580e-d507-4358-956b-04a739e3f804,f9e1d5f8-4259-4545-90c0-dea6c9a6eea3,be18a388-63fb-466b-8df7-95d7c51ab790,bc427da3-5b8f-40c8-82fd-239a7cd80a20,717.74,INR,success,2026-05-20 11:47:01.325415+00:00
b1a0959c-8723-4689-9859-d97582bf0b38,f9e1d5f8-4259-4545-90c0-dea6c9a6eea3,be18a388-63fb-466b-8df7-95d7c51ab790,bc427da3-5b8f-40c8-82fd-239a7cd80a20,642.78,INR,success,2026-05-20 17:34:25.346223+00:00
728ddb30-9a77-4052-8df9-297f0052fe02,f9e1d5f8-4259-4545-90c0-dea6c9a6eea3,be18a388-63fb-466b-8df7-95d7c51ab790,bc427da3-5b8f-40c8-82fd-239a7cd80a20,637.97,INR,success,2026-05-21 07:50:12.590102+00:00
bd7b87c2-bf5b-479f-8d2e-846c4c46158e,6116e774-4aaa-41db-b764-f959bf5c82b7,5c6a6e76-98f8-4a64-94e2-5033f88343b1,65271501-a1b6-4f14-a620-ba948bd95a51,2490.8,INR,success,2026-05-31 00:21:03.655932+00:00
7067e219-9005-4a06-9d75-dea52d7f701f,6116e774-4aaa-41db-b764-f959bf5c82b7,5c6a6e76-98f8-4a64-94e2-5033f88343b1,65271501-a1b6-4f14-a620-ba948bd95a51,2226.65,INR,success,2026-05-31 01:45:15.210661+00:00
8b5ea893-5326-4584-9d99-2be8fe8b0279,6116e774-4aaa-41db-b764-f959bf5c82b7,5c6a6e76-98f8-4a64-94e2-5033f88343b1,65271501-a1b6-4f14-a620-ba948bd95a51,2297.54,INR,success,2026-05-31 03:44:28.934714+00:00
b3bbbeae-2a52-4bc6-8dd1-3c4fecd44178,6116e774-4aaa-41db-b764-f959bf5c82b7,5c6a6e76-98f8-4a64-94e2-5033f88343b1,65271501-a1b6-4f14-a620-ba948bd95a51,2424.87,INR,success,2026-05-31 06:13:25.158962+00:00
1dcf925d-4736-41ef-9e4e-72195cd5d607,6116e774-4aaa-41db-b764-f959bf5c82b7,5c6a6e76-98f8-4a64-94e2-5033f88343b1,65271501-a1b6-4f14-a620-ba948bd95a51,2370.71,INR,success,2026-05-31 06:49:12.648587+00:00
2fa975ef-eb0a-4bfb-ba56-b255b2b1cf39,6116e774-4aaa-41db-b764-f959bf5c82b7,5c6a6e76-98f8-4a64-94e2-5033f88343b1,65271501-a1b6-4f14-a620-ba948bd95a51,2425.87,INR,success,2026-05-31 07:43:22.926146+00:00
888f9d61-4f66-4b49-a7be-4de88c99cc4e,6116e774-4aaa-41db-b764-f959bf5c82b7,5c6a6e76-98f8-4a64-94e2-5033f88343b1,65271501-a1b6-4f14-a620-ba948bd95a51,2561.21,INR,success,2026-05-31 10:03:34.699476+00:00
0a2378b8-53ce-474d-8d2b-f539b71b3e3a,6116e774-4aaa-41db-b764-f959bf5c82b7,5c6a6e76-98f8-4a64-94e2-5033f88343b1,65271501-a1b6-4f14-a620-ba948bd95a51,2597.91,INR,success,2026-05-31 16:47:46.841807+00:00
b50466ea-20c6-4a41-bda1-1f21c7d2cd92,6116e774-4aaa-41db-b764-f959bf5c82b7,5c6a6e76-98f8-4a64-94e2-5033f88343b1,65271501-a1b6-4f14-a620-ba948bd95a51,2283.23,INR,success,2026-05-31 17:00:56.453066+00:00
32499a3f-f41c-4222-9fc3-0bd7d397db09,56c24d71-121c-4c2c-b332-80144a39d9a3,5c6a6e76-98f8-4a64-94e2-5033f88343b1,65271501-a1b6-4f14-a620-ba948bd95a51,2279.96,INR,success,2026-05-31 00:09:14.592119+00:00
8f58f6d5-b25c-41cc-b475-ae1bc64a5ba4,56c24d71-121c-4c2c-b332-80144a39d9a3,5c6a6e76-98f8-4a64-94e2-5033f88343b1,65271501-a1b6-4f14-a620-ba948bd95a51,2514.23,INR,success,2026-05-31 02:13:24.078660+00:00
18740580-4d04-4310-b07c-5b11088be26d,56c24d71-121c-4c2c-b332-80144a39d9a3,5c6a6e76-98f8-4a64-94e2-5033f88343b1,65271501-a1b6-4f14-a620-ba948bd95a51,2205.16,INR,success,2026-05-31 03:31:25.601905+00:00
4e66e15c-c438-4ea8-8d47-9ca4bf09041d,56c24d71-121c-4c2c-b332-80144a39d9a3,5c6a6e76-98f8-4a64-94e2-5033f88343b1,65271501-a1b6-4f14-a620-ba948bd95a51,2364.13,INR,success,2026-05-31 03:34:39.010075+00:00
d563051a-92d2-4392-b8e1-e8b8b562275e,56c24d71-121c-4c2c-b332-80144a39d9a3,5c6a6e76-98f8-4a64-94e2-5033f88343b1,65271501-a1b6-4f14-a620-ba948bd95a51,2389.53,INR,success,2026-05-31 06:52:49.408188+00:00
6d570633-af32-4d66-a9f3-1f6c730002ef,56c24d71-121c-4c2c-b332-80144a39d9a3,5c6a6e76-98f8-4a64-94e2-5033f88343b1,65271501-a1b6-4f14-a620-ba948bd95a51,2293.45,INR,success,2026-05-31 09:45:38.911859+00:00
ffacd4b2-b396-4e16-9dce-0f8ad2e7a55f,56c24d71-121c-4c2c-b332-80144a39d9a3,5c6a6e76-98f8-4a64-94e2-5033f88343b1,65271501-a1b6-4f14-a620-ba948bd95a51,2256.31,INR,success,2026-05-31 13:05:25.993814+00:00
0b5ea2fe-605f-4f52-80ba-8438810a6428,56c24d71-121c-4c2c-b332-80144a39d9a3,5c6a6e76-98f8-4a64-94e2-5033f88343b1,65271501-a1b6-4f14-a620-ba948bd95a51,2516.39,INR,success,2026-05-31 16:28:34.067040+00:00
31035189-3e23-42c2-828c-3fa90eb4f111,15950158-521c-4a90-adfd-9984d2ff383c,60ace79d-dc42-4ac1-bc3b-349267cf5869,6fc60a92-7dd4-4aa5-a00d-fef0b238979d,4619.59,INR,success,2026-05-31 20:21:19.090152+00:00
bcf4ffcb-761a-4d7c-bec9-7de81ae4bd41,3f7638a4-6611-4e49-9574-afabb10b7510,b56bd2cd-6245-41bc-9065-e7c7fb584869,0091baf0-6433-4620-927c-9ff6f8f9e0f2,5152.06,INR,success,2026-05-31 02:30:20.519291+00:00
58246897-4cca-4324-8703-d126bd25bc63,3f7638a4-6611-4e49-9574-afabb10b7510,b56bd2cd-6245-41bc-9065-e7c7fb584869,0091baf0-6433-4620-927c-9ff6f8f9e0f2,4882.94,INR,success,2026-05-31 12:39:46.466428+00:00
848b907b-a2aa-42a6-8ffb-d0fac4d8a106,3f7638a4-6611-4e49-9574-afabb10b7510,b56bd2cd-6245-41bc-9065-e7c7fb584869,0091baf0-6433-4620-927c-9ff6f8f9e0f2,4559.26,INR,success,2026-05-31 23:34:16.295837+00:00
e2c99f71-fe66-4ad9-9148-de563f357d72,f0eb535b-c6f2-41b4-82f6-09c0552eafdd,5c6a6e76-98f8-4a64-94e2-5033f88343b1,65271501-a1b6-4f14-a620-ba948bd95a51,2434.24,INR,success,2026-05-30 23:31:42.025476+00:00
6308ebfc-5c72-4e80-b13a-9a8676b0ade3,f0eb535b-c6f2-41b4-82f6-09c0552eafdd,5c6a6e76-98f8-4a64-94e2-5033f88343b1,65271501-a1b6-4f14-a620-ba948bd95a51,2333.5,INR,success,2026-05-30 23:56:13.677722+00:00
2156437b-fba9-4761-bb10-80546a34b5e0,f0eb535b-c6f2-41b4-82f6-09c0552eafdd,5c6a6e76-98f8-4a64-94e2-5033f88343b1,65271501-a1b6-4f14-a620-ba948bd95a51,2538.43,INR,success,2026-05-31 00:53:53.142865+00:00
0eafbdce-a353-453b-8be1-b7c74161848a,f0eb535b-c6f2-41b4-82f6-09c0552eafdd,5c6a6e76-98f8-4a64-94e2-5033f88343b1,65271501-a1b6-4f14-a620-ba948bd95a51,2354.13,INR,success,2026-05-31 08:01:02.256930+00:00
852ee225-2dfe-430d-9596-db10e5015d08,f0eb535b-c6f2-41b4-82f6-09c0552eafdd,5c6a6e76-98f8-4a64-94e2-5033f88343b1,65271501-a1b6-4f14-a620-ba948bd95a51,2451.84,INR,success,2026-05-31 08:18:50.467094+00:00
f8c63194-345c-43e4-8767-61a95e78519f,f0eb535b-c6f2-41b4-82f6-09c0552eafdd,5c6a6e76-98f8-4a64-94e2-5033f88343b1,65271501-a1b6-4f14-a620-ba948bd95a51,2639.11,INR,success,2026-05-31 13:12:46.960839+00:00
c80add48-4df1-4c14-910c-3b97b6fb4451,f0eb535b-c6f2-41b4-82f6-09c0552eafdd,5c6a6e76-98f8-4a64-94e2-5033f88343b1,65271501-a1b6-4f14-a620-ba948bd95a51,2364.18,INR,success,2026-05-31 14:27:20.329943+00:00
220b1a2e-fc9b-4223-a259-56ce0d484071,245cf0d0-332a-41a5-b6da-ca7b9ba7826e,5c6a6e76-98f8-4a64-94e2-5033f88343b1,65271501-a1b6-4f14-a620-ba948bd95a51,2583.59,INR,success,2026-05-31 03:14:29.475094+00:00
5fcf74b6-cb1d-49db-b47e-c9350e4c5eec,245cf0d0-332a-41a5-b6da-ca7b9ba7826e,5c6a6e76-98f8-4a64-94e2-5033f88343b1,65271501-a1b6-4f14-a620-ba948bd95a51,2414.16,INR,success,2026-05-31 10:18:03.180761+00:00
b3c835b2-b3ee-4465-972e-7d470bdee279,245cf0d0-332a-41a5-b6da-ca7b9ba7826e,5c6a6e76-98f8-4a64-94e2-5033f88343b1,65271501-a1b6-4f14-a620-ba948bd95a51,2749.27,INR,success,2026-05-31 10:27:54.467530+00:00
d367cd41-83fd-4692-af18-0ecda46a32ee,245cf0d0-332a-41a5-b6da-ca7b9ba7826e,5c6a6e76-98f8-4a64-94e2-5033f88343b1,65271501-a1b6-4f14-a620-ba948bd95a51,2439.45,INR,success,2026-05-31 11:30:35.324830+00:00
42649490-9eab-45f4-bafa-3cc253f224c9,e7f4ef40-4a99-4d6f-ae4a-37cee09c477e,74e4d17a-59e6-484e-b3e9-c1d6fa06c281,e8a00241-7bbd-4106-a553-328125067f73,1683.68,INR,success,2026-05-06 21:55:07.791105+00:00
26100d16-e43b-4055-bca9-4a9846372927,e7f4ef40-4a99-4d6f-ae4a-37cee09c477e,74e4d17a-59e6-484e-b3e9-c1d6fa06c281,e8a00241-7bbd-4106-a553-328125067f73,1758.83,INR,success,2026-05-07 19:19:57.803854+00:00
42b03566-9611-4196-961b-ff12b0b7ae11,e7f4ef40-4a99-4d6f-ae4a-37cee09c477e,74e4d17a-59e6-484e-b3e9-c1d6fa06c281,e8a00241-7bbd-4106-a553-328125067f73,2413.91,INR,success,2026-05-07 20:52:17.790817+00:00
a7c6ac74-4377-42ba-b86c-1f289ade44f9,21b9460f-6a2b-425e-ad53-da35b8215349,01d512cf-5571-44c9-8fda-d2f23ceb46a2,e6dcc8ad-02cc-40b2-a44e-839af0376a1c,3707.04,INR,success,2026-04-26 11:16:07.532998+00:00
1ac09e53-632c-4173-bbe7-de0933604eef,21b9460f-6a2b-425e-ad53-da35b8215349,01d512cf-5571-44c9-8fda-d2f23ceb46a2,e6dcc8ad-02cc-40b2-a44e-839af0376a1c,2585.4,INR,success,2026-04-26 13:50:42.888920+00:00
c11831f5-7988-486f-8270-a6b3af73902e,21b9460f-6a2b-425e-ad53-da35b8215349,01d512cf-5571-44c9-8fda-d2f23ceb46a2,e6dcc8ad-02cc-40b2-a44e-839af0376a1c,2429.16,INR,success,2026-04-26 18:44:57.389019+00:00
5701b05d-10e4-40be-b0bf-ca4ad61b49c8,2ca4dbe3-2697-4459-9730-f37d35e17f43,94ae6726-1296-4bb8-a34f-ab452549fd7d,876829bb-f119-47a3-930e-697678d22054,2358.3,INR,success,2026-05-07 02:54:39.592148+00:00
ba3174ba-0e38-4683-9492-04e0af5034e5,2ede5769-27f0-4d38-8dfe-bb86fd628dab,69a830e2-a141-4ced-b65c-c18970ae7e97,1d2f26fb-446f-4455-84a5-d9a62e18da9d,463.3,INR,success,2026-05-25 12:24:51.433260+00:00
73d506a1-76d4-408a-ad0f-4a8c0ab18e9f,a7ce7377-aab7-430e-912a-e5b3e3575e7f,36c8e649-28ba-4e54-bd2a-9cc4176febc0,9c7a6c75-5c3c-425c-8e76-5e65896ae980,7024.12,INR,success,2026-04-19 19:14:27.230625+00:00
fc5314eb-5dcc-47eb-9eda-f9c0d9bf57c8,4a85fc8f-d7f3-4980-a907-7517ccc51c9d,4fa408af-9cf6-49ff-9461-269fa7709d0f,e7d023f7-c988-4538-8614-cb04ce7ec7d7,2902.42,INR,success,2026-04-19 17:38:03.179935+00:00
24a38ff6-a7c0-4f53-8279-e94ca6c60b11,27156878-5433-403a-8dc6-3440e28c0d21,2b7b00cd-9c6e-4e75-9cb6-f9219a85e6d5,8037bb91-a0d3-47ab-b1d4-3dbbd504701c,5357.23,INR,success,2026-05-07 01:10:42.268905+00:00
f960a501-7e35-490c-9f4f-ec8719cc491f,966cd21b-b214-4d11-befd-62829a6e3eda,a65e6b17-922d-438c-abc5-f8304c81c298,4d42e818-b4f5-442a-ba15-648d3639214c,734.57,INR,success,2026-04-06 14:25:48.165778+00:00
74ee765f-152b-4762-ae22-ea1dfd86ad3b,966cd21b-b214-4d11-befd-62829a6e3eda,a65e6b17-922d-438c-abc5-f8304c81c298,4d42e818-b4f5-442a-ba15-648d3639214c,5349.12,INR,success,2026-04-06 19:25:30.510467+00:00
987bb4ab-134a-417c-ab68-f7d76542a27d,966cd21b-b214-4d11-befd-62829a6e3eda,a65e6b17-922d-438c-abc5-f8304c81c298,4d42e818-b4f5-442a-ba15-648d3639214c,4676.75,INR,success,2026-04-06 22:13:01.154370+00:00
3ad7e4a1-8c63-480f-8370-a5a3b497e785,966cd21b-b214-4d11-befd-62829a6e3eda,a65e6b17-922d-438c-abc5-f8304c81c298,4d42e818-b4f5-442a-ba15-648d3639214c,3212.97,INR,success,2026-04-06 23:15:53.089721+00:00
e204b30e-9194-437b-9627-4775c3c8a9ae,1143c78a-80fa-48d1-bccd-1401301be918,578de0c8-ad09-439a-be4e-b6c558b20cfb,4d42e818-b4f5-442a-ba15-648d3639214c,640.67,INR,success,2026-05-12 06:53:41.185819+00:00
fc4d3bef-6e82-4f66-ad12-5475962988a1,1143c78a-80fa-48d1-bccd-1401301be918,578de0c8-ad09-439a-be4e-b6c558b20cfb,4d42e818-b4f5-442a-ba15-648d3639214c,3595.6,INR,success,2026-05-12 07:01:12.816279+00:00
41360fc9-fa1b-4cd1-8d9c-215bb945cc84,1143c78a-80fa-48d1-bccd-1401301be918,578de0c8-ad09-439a-be4e-b6c558b20cfb,4d42e818-b4f5-442a-ba15-648d3639214c,5312.49,INR,success,2026-05-12 09:29:25.513398+00:00
e97fe797-3a71-4957-8127-bb20add94ef8,1143c78a-80fa-48d1-bccd-1401301be918,578de0c8-ad09-439a-be4e-b6c558b20cfb,4d42e818-b4f5-442a-ba15-648d3639214c,3413.99,INR,success,2026-05-12 11:11:56.569205+00:00
8bebc2d9-3326-4e1a-a4c3-73f362151720,1143c78a-80fa-48d1-bccd-1401301be918,578de0c8-ad09-439a-be4e-b6c558b20cfb,4d42e818-b4f5-442a-ba15-648d3639214c,3802.93,INR,success,2026-05-12 19:41:47.109239+00:00
f7bf2a50-30bc-46e8-9db9-f25a591d1605,1143c78a-80fa-48d1-bccd-1401301be918,578de0c8-ad09-439a-be4e-b6c558b20cfb,4d42e818-b4f5-442a-ba15-648d3639214c,4226.7,INR,success,2026-05-12 20:04:20.755300+00:00
86c791f4-61cb-4320-b9a1-4313332a1276,1143c78a-80fa-48d1-bccd-1401301be918,578de0c8-ad09-439a-be4e-b6c558b20cfb,4d42e818-b4f5-442a-ba15-648d3639214c,2620.8,INR,success,2026-05-12 20:23:51.169110+00:00
3599b6f5-b3e3-4e0f-8057-fa554ecc451d,a4eef01b-3814-462a-b210-6a19df91c206,9e1d9c43-7325-4539-ac08-a08a8e0a0f3b,4d42e818-b4f5-442a-ba15-648d3639214c,10.0,INR,success,2026-04-22 04:19:11.607121+00:00
a3413881-97ad-4c18-b2fc-0b514b8cd124,a4eef01b-3814-462a-b210-6a19df91c206,9e1d9c43-7325-4539-ac08-a08a8e0a0f3b,4d42e818-b4f5-442a-ba15-648d3639214c,4527.22,INR,success,2026-04-22 05:40:53.451867+00:00
50dd990a-b975-458c-8d87-22975fe0bf06,a4eef01b-3814-462a-b210-6a19df91c206,9e1d9c43-7325-4539-ac08-a08a8e0a0f3b,4d42e818-b4f5-442a-ba15-648d3639214c,1638.09,INR,success,2026-04-22 07:01:26.479096+00:00
6befe497-f9a5-46a7-aa2b-0ce57036bf77,a4eef01b-3814-462a-b210-6a19df91c206,9e1d9c43-7325-4539-ac08-a08a8e0a0f3b,4d42e818-b4f5-442a-ba15-648d3639214c,112.6,INR,success,2026-04-22 07:46:05.413174+00:00
950c91e4-ef5a-4a87-9438-366d5d5acc34,a4eef01b-3814-462a-b210-6a19df91c206,9e1d9c43-7325-4539-ac08-a08a8e0a0f3b,4d42e818-b4f5-442a-ba15-648d3639214c,3306.75,INR,success,2026-04-22 16:52:25.161994+00:00
8c2a5b15-fe5f-4eaf-860d-351977e57832,a4eef01b-3814-462a-b210-6a19df91c206,9e1d9c43-7325-4539-ac08-a08a8e0a0f3b,4d42e818-b4f5-442a-ba15-648d3639214c,1441.6,INR,success,2026-04-22 20:33:37.933816+00:00
ebf262dc-deef-47b8-b3cd-48039b134548,619618a0-6abf-4935-9fa0-cde4fc0512ad,9f534713-8199-419f-9552-aa0fdac202b0,4d42e818-b4f5-442a-ba15-648d3639214c,3942.81,INR,success,2026-05-30 09:12:03.970820+00:00
3aad386c-06b6-44a0-8c1a-4400a4a5662b,619618a0-6abf-4935-9fa0-cde4fc0512ad,9f534713-8199-419f-9552-aa0fdac202b0,4d42e818-b4f5-442a-ba15-648d3639214c,5298.12,INR,success,2026-05-30 15:15:32.779076+00:00
2cb90003-343d-40c3-8cf6-ba78b29ac734,619618a0-6abf-4935-9fa0-cde4fc0512ad,9f534713-8199-419f-9552-aa0fdac202b0,4d42e818-b4f5-442a-ba15-648d3639214c,4669.14,INR,success,2026-05-30 15:31:58.488088+00:00
1f354a47-6473-4de1-8c9e-96e95d027d34,619618a0-6abf-4935-9fa0-cde4fc0512ad,9f534713-8199-419f-9552-aa0fdac202b0,4d42e818-b4f5-442a-ba15-648d3639214c,2510.78,INR,success,2026-05-30 23:03:30.245756+00:00
47acb3ee-a13f-4aa6-945c-f9a67d9e2ee3,619618a0-6abf-4935-9fa0-cde4fc0512ad,9f534713-8199-419f-9552-aa0fdac202b0,4d42e818-b4f5-442a-ba15-648d3639214c,3906.46,INR,success,2026-05-30 23:28:00.480226+00:00
2c3bdbb9-5070-474c-8045-2bf2ca2b28a7,619618a0-6abf-4935-9fa0-cde4fc0512ad,9f534713-8199-419f-9552-aa0fdac202b0,4d42e818-b4f5-442a-ba15-648d3639214c,5639.19,INR,success,2026-05-31 03:06:46.540801+00:00
97562e9c-1997-46c3-82d3-92df849e7062,619618a0-6abf-4935-9fa0-cde4fc0512ad,9f534713-8199-419f-9552-aa0fdac202b0,4d42e818-b4f5-442a-ba15-648d3639214c,6514.12,INR,success,2026-05-31 05:56:53.866501+00:00
2eddd157-ecaa-43ad-b3b8-8404cb5a4c4b,619618a0-6abf-4935-9fa0-cde4fc0512ad,9f534713-8199-419f-9552-aa0fdac202b0,4d42e818-b4f5-442a-ba15-648d3639214c,11579.31,INR,success,2026-05-31 12:53:38.876922+00:00
67b414c3-c1a7-44f0-bfcc-8717eb6b2a7e,56e2994b-7d54-48e8-b33b-b89a7baa13cd,24ba5ce2-bc71-49e7-a113-df4d84db8213,012e5d5f-9747-4fcc-9945-c13cb2f2b7b3,10.0,INR,success,2026-03-27 00:46:30.367346+00:00
9759044c-1a1f-4f63-82db-898d79205ae7,56e2994b-7d54-48e8-b33b-b89a7baa13cd,24ba5ce2-bc71-49e7-a113-df4d84db8213,012e5d5f-9747-4fcc-9945-c13cb2f2b7b3,585.16,INR,success,2026-03-27 01:23:52.818313+00:00
a084128b-848f-4c6a-93ca-fbcb79b5f92e,56e2994b-7d54-48e8-b33b-b89a7baa13cd,24ba5ce2-bc71-49e7-a113-df4d84db8213,012e5d5f-9747-4fcc-9945-c13cb2f2b7b3,1207.42,INR,success,2026-03-27 02:24:38.765288+00:00
4d3d31a1-179c-4ea8-a222-a869ca5a4d2c,56e2994b-7d54-48e8-b33b-b89a7baa13cd,24ba5ce2-bc71-49e7-a113-df4d84db8213,012e5d5f-9747-4fcc-9945-c13cb2f2b7b3,1221.07,INR,success,2026-03-27 03:51:28.522908+00:00
b64da62b-4a01-40fc-9636-5e718be2a2cf,56e2994b-7d54-48e8-b33b-b89a7baa13cd,24ba5ce2-bc71-49e7-a113-df4d84db8213,012e5d5f-9747-4fcc-9945-c13cb2f2b7b3,2945.9,INR,success,2026-03-27 07:37:52.748293+00:00
7a74a559-f86f-4283-bec6-735afabf1fbf,56e2994b-7d54-48e8-b33b-b89a7baa13cd,24ba5ce2-bc71-49e7-a113-df4d84db8213,012e5d5f-9747-4fcc-9945-c13cb2f2b7b3,3383.52,INR,success,2026-03-27 08:06:23.021331+00:00
4fa0fda9-85af-44d8-a3a6-e051bb6ed155,b2dd2d12-2c75-4243-931b-c406f2125112,97ca364f-7e9f-4183-9e73-d7790b46601e,8ed4dcc1-69e7-43b3-a392-637d18c3df74,735.21,INR,success,2026-05-06 22:53:24.292246+00:00
0a233929-9ca6-46cb-83bc-daa98fbdf44b,b2dd2d12-2c75-4243-931b-c406f2125112,97ca364f-7e9f-4183-9e73-d7790b46601e,8ed4dcc1-69e7-43b3-a392-637d18c3df74,1818.88,INR,success,2026-05-17 02:05:46.549789+00:00
27606c38-d067-4698-aab3-5c9ff505a670,f40e566d-04fa-4129-b108-cf3fa1bec7bc,24ba5ce2-bc71-49e7-a113-df4d84db8213,556f9982-c638-4b99-9eb4-1c64e7f54f2b,551.84,INR,success,2026-05-04 22:26:03.952141+00:00
8b329a6a-b314-4f41-8bc3-6da98bdd9cc1,f40e566d-04fa-4129-b108-cf3fa1bec7bc,24ba5ce2-bc71-49e7-a113-df4d84db8213,556f9982-c638-4b99-9eb4-1c64e7f54f2b,482.78,INR,success,2026-05-05 00:10:18.843360+00:00
a6a94eaa-321d-49e3-9d0d-bacc10768f5e,f40e566d-04fa-4129-b108-cf3fa1bec7bc,24ba5ce2-bc71-49e7-a113-df4d84db8213,556f9982-c638-4b99-9eb4-1c64e7f54f2b,608.41,INR,success,2026-05-05 11:15:21.748207+00:00
79309347-8172-4a00-8e1f-b561b9f626ea,f40e566d-04fa-4129-b108-cf3fa1bec7bc,24ba5ce2-bc71-49e7-a113-df4d84db8213,556f9982-c638-4b99-9eb4-1c64e7f54f2b,490.54,INR,success,2026-05-05 17:46:34.535437+00:00
9e071450-356a-48f4-871a-d3e1130d261c,83176612-fd01-4093-a49f-e9732348a8b1,24ba5ce2-bc71-49e7-a113-df4d84db8213,97338cc5-e12d-419d-973d-6b82af7d9500,939.24,INR,success,2026-04-08 14:37:22.560700+00:00
2b681274-b3d2-4f99-8a5e-a403727b784f,83176612-fd01-4093-a49f-e9732348a8b1,24ba5ce2-bc71-49e7-a113-df4d84db8213,97338cc5-e12d-419d-973d-6b82af7d9500,972.59,INR,success,2026-04-08 14:53:08.994760+00:00
5ebb6137-f9a2-49f9-9cd3-d42d179442e5,83176612-fd01-4093-a49f-e9732348a8b1,24ba5ce2-bc71-49e7-a113-df4d84db8213,97338cc5-e12d-419d-973d-6b82af7d9500,672.7,INR,success,2026-04-08 18:14:21.575444+00:00
6be2b73b-d08a-4685-8bf8-f45e53a8080d,83176612-fd01-4093-a49f-e9732348a8b1,24ba5ce2-bc71-49e7-a113-df4d84db8213,97338cc5-e12d-419d-973d-6b82af7d9500,322.04,INR,success,2026-04-08 18:43:57.271465+00:00
f6a3a757-8d86-4d69-8485-8bfa51b7be71,83176612-fd01-4093-a49f-e9732348a8b1,24ba5ce2-bc71-49e7-a113-df4d84db8213,97338cc5-e12d-419d-973d-6b82af7d9500,505.68,INR,success,2026-04-08 21:34:32.481078+00:00
02198a98-5190-4a86-8f0c-1b6a1e8e2d1b,83176612-fd01-4093-a49f-e9732348a8b1,24ba5ce2-bc71-49e7-a113-df4d84db8213,97338cc5-e12d-419d-973d-6b82af7d9500,574.97,INR,success,2026-04-08 22:23:57.440502+00:00
c5dc5ccc-d1df-4a6a-a752-ea5c33884111,83176612-fd01-4093-a49f-e9732348a8b1,24ba5ce2-bc71-49e7-a113-df4d84db8213,97338cc5-e12d-419d-973d-6b82af7d9500,609.13,INR,success,2026-04-09 02:25:12.423225+00:00
652d8070-81a8-47c3-8418-2d2da8c2c7ef,83176612-fd01-4093-a49f-e9732348a8b1,24ba5ce2-bc71-49e7-a113-df4d84db8213,97338cc5-e12d-419d-973d-6b82af7d9500,309.69,INR,success,2026-04-09 02:33:36.656175+00:00
088ad278-b502-46ab-9be5-74bda135e962,087df1bf-f732-451a-8d71-c546beb3dc44,24ba5ce2-bc71-49e7-a113-df4d84db8213,dba11703-b5f4-4fcf-a92f-d71a9445d4e5,3089.94,INR,success,2026-05-11 19:41:59.699906+00:00
44744f8b-3d53-45ec-93a8-937975347f09,087df1bf-f732-451a-8d71-c546beb3dc44,24ba5ce2-bc71-49e7-a113-df4d84db8213,dba11703-b5f4-4fcf-a92f-d71a9445d4e5,939.72,INR,success,2026-05-12 03:40:03.599147+00:00
08eb6853-d8a0-4baa-bd33-8f82567c160c,087df1bf-f732-451a-8d71-c546beb3dc44,24ba5ce2-bc71-49e7-a113-df4d84db8213,dba11703-b5f4-4fcf-a92f-d71a9445d4e5,2264.91,INR,success,2026-05-12 05:42:41.830753+00:00
2c628c6c-a501-4908-9202-47930ba4c5b8,087df1bf-f732-451a-8d71-c546beb3dc44,24ba5ce2-bc71-49e7-a113-df4d84db8213,dba11703-b5f4-4fcf-a92f-d71a9445d4e5,3275.87,INR,success,2026-05-12 08:22:19.051989+00:00
61cb4c87-d5c4-4a6f-94b1-c6ba7fb23387,087df1bf-f732-451a-8d71-c546beb3dc44,24ba5ce2-bc71-49e7-a113-df4d84db8213,dba11703-b5f4-4fcf-a92f-d71a9445d4e5,3345.96,INR,success,2026-05-12 22:10:11.348690+00:00
4ad2fefd-9fc2-489c-87a2-f2db8572509e,087df1bf-f732-451a-8d71-c546beb3dc44,24ba5ce2-bc71-49e7-a113-df4d84db8213,dba11703-b5f4-4fcf-a92f-d71a9445d4e5,2938.74,INR,success,2026-05-13 11:23:45.060118+00:00
1de35203-0cd5-4487-aeaa-fc11030bba82,087df1bf-f732-451a-8d71-c546beb3dc44,24ba5ce2-bc71-49e7-a113-df4d84db8213,dba11703-b5f4-4fcf-a92f-d71a9445d4e5,1336.3,INR,success,2026-05-13 15:34:25.060625+00:00
f5240021-eeb9-407e-b56a-ae9e40eea6f3,92525cce-3634-4a69-960c-de5b4b6b67ca,3ef6ed44-9bd5-4800-8c9f-71bfda14f4f1,e9d3b49f-0c23-431f-b496-8c43f551b266,5350.82,INR,success,2026-03-10 14:11:38.463699+00:00
f7c3b5e5-acaa-4a76-b840-3a434f603dc6,92525cce-3634-4a69-960c-de5b4b6b67ca,3ef6ed44-9bd5-4800-8c9f-71bfda14f4f1,e9d3b49f-0c23-431f-b496-8c43f551b266,5852.36,INR,success,2026-03-10 14:27:00.633431+00:00
17fb916f-a141-41af-a87b-a2bb36663b75,92525cce-3634-4a69-960c-de5b4b6b67ca,3ef6ed44-9bd5-4800-8c9f-71bfda14f4f1,e9d3b49f-0c23-431f-b496-8c43f551b266,1655.46,INR,success,2026-03-10 14:30:51.118178+00:00
0e1ad0b4-e349-41fd-89b1-3571f5a6390e,92525cce-3634-4a69-960c-de5b4b6b67ca,3ef6ed44-9bd5-4800-8c9f-71bfda14f4f1,e9d3b49f-0c23-431f-b496-8c43f551b266,3401.31,INR,success,2026-03-10 19:21:45.773219+00:00
e4134727-8a44-4bd2-8495-26ab55f7fadc,92525cce-3634-4a69-960c-de5b4b6b67ca,3ef6ed44-9bd5-4800-8c9f-71bfda14f4f1,e9d3b49f-0c23-431f-b496-8c43f551b266,7382.43,INR,success,2026-03-11 02:54:33.396575+00:00
c84a25f7-fd37-4b8a-8b9e-651e5de78a94,4ac16f4d-6d2a-4148-9f26-03fa3e3f6d85,f6b784d5-3b69-4fed-9356-9d37ad1b983e,e9d3b49f-0c23-431f-b496-8c43f551b266,3796.74,INR,success,2026-04-02 12:19:54.360675+00:00
7b17300e-7e6d-4a7f-ad41-4e66f99e947d,4ac16f4d-6d2a-4148-9f26-03fa3e3f6d85,f6b784d5-3b69-4fed-9356-9d37ad1b983e,e9d3b49f-0c23-431f-b496-8c43f551b266,1604.48,INR,success,2026-04-02 13:02:09.714983+00:00
9e8eebe2-535f-4a7f-b039-1e7bcd10bb82,4ac16f4d-6d2a-4148-9f26-03fa3e3f6d85,f6b784d5-3b69-4fed-9356-9d37ad1b983e,e9d3b49f-0c23-431f-b496-8c43f551b266,3741.55,INR,success,2026-04-02 13:51:15.068315+00:00
a3f72b58-e224-40a5-ab4c-15851b36a67a,4ac16f4d-6d2a-4148-9f26-03fa3e3f6d85,f6b784d5-3b69-4fed-9356-9d37ad1b983e,e9d3b49f-0c23-431f-b496-8c43f551b266,1020.17,INR,success,2026-04-02 15:38:18.417920+00:00
401e01af-14ef-45a2-aeba-5e8f40b748fa,4ac16f4d-6d2a-4148-9f26-03fa3e3f6d85,f6b784d5-3b69-4fed-9356-9d37ad1b983e,e9d3b49f-0c23-431f-b496-8c43f551b266,498.73,INR,success,2026-04-02 22:19:53.215097+00:00
896c5a2c-01f8-4244-a976-5528cdba7b23,4ac16f4d-6d2a-4148-9f26-03fa3e3f6d85,f6b784d5-3b69-4fed-9356-9d37ad1b983e,e9d3b49f-0c23-431f-b496-8c43f551b266,2451.51,INR,success,2026-04-02 23:24:25.114849+00:00
07916c5d-3e8d-4050-8431-54128c9ced69,d7ed5905-434c-42b0-a978-bef5c182d959,f2f5c6f9-2957-4abc-a669-190f1a031fe8,e9d3b49f-0c23-431f-b496-8c43f551b266,2284.08,INR,success,2026-05-12 14:36:23.886566+00:00
12cd50e7-9ece-4dff-869a-8602c7a7415c,d7ed5905-434c-42b0-a978-bef5c182d959,f2f5c6f9-2957-4abc-a669-190f1a031fe8,e9d3b49f-0c23-431f-b496-8c43f551b266,2452.33,INR,success,2026-05-12 15:24:25.436002+00:00
c6bbf022-de1a-46aa-8fb0-81379e8eea07,d7ed5905-434c-42b0-a978-bef5c182d959,f2f5c6f9-2957-4abc-a669-190f1a031fe8,e9d3b49f-0c23-431f-b496-8c43f551b266,2462.55,INR,success,2026-05-12 15:30:37.439217+00:00
11030627-a723-42d0-bc41-8a297e05f470,d7ed5905-434c-42b0-a978-bef5c182d959,f2f5c6f9-2957-4abc-a669-190f1a031fe8,e9d3b49f-0c23-431f-b496-8c43f551b266,1646.06,INR,success,2026-05-12 19:52:12.180126+00:00
f4115c95-fde0-419d-af30-0af8c3c026be,d7ed5905-434c-42b0-a978-bef5c182d959,f2f5c6f9-2957-4abc-a669-190f1a031fe8,e9d3b49f-0c23-431f-b496-8c43f551b266,2319.58,INR,success,2026-05-12 22:57:32.616201+00:00
aa27dd25-6dcf-4d22-b122-2501fab55814,d7ed5905-434c-42b0-a978-bef5c182d959,f2f5c6f9-2957-4abc-a669-190f1a031fe8,e9d3b49f-0c23-431f-b496-8c43f551b266,458.43,INR,success,2026-05-13 01:01:35.051123+00:00
abc8f369-5949-4bf9-864a-86b953faed71,d7ed5905-434c-42b0-a978-bef5c182d959,f2f5c6f9-2957-4abc-a669-190f1a031fe8,e9d3b49f-0c23-431f-b496-8c43f551b266,3286.47,INR,success,2026-05-13 02:36:01.232562+00:00
d5af09ff-99cf-4503-b34a-a682254683e3,d7ed5905-434c-42b0-a978-bef5c182d959,f2f5c6f9-2957-4abc-a669-190f1a031fe8,e9d3b49f-0c23-431f-b496-8c43f551b266,1863.02,INR,success,2026-05-13 08:29:52.050803+00:00
778e27ba-cb60-498c-917b-251e52e94094,d7ed5905-434c-42b0-a978-bef5c182d959,f2f5c6f9-2957-4abc-a669-190f1a031fe8,e9d3b49f-0c23-431f-b496-8c43f551b266,669.66,INR,success,2026-05-13 22:18:11.434690+00:00
bdf572e5-c8d9-48da-9ada-bb96c00208a0,a0bd8783-d8c0-46ac-9fd1-0067afa2f430,c6bc5ec9-54d5-43fc-8dcc-3a214fb5f439,e9d3b49f-0c23-431f-b496-8c43f551b266,1895.19,INR,success,2026-04-21 06:43:02.657449+00:00
818515bc-c2bb-4aa2-8f93-48a89da8c9dd,a0bd8783-d8c0-46ac-9fd1-0067afa2f430,c6bc5ec9-54d5-43fc-8dcc-3a214fb5f439,e9d3b49f-0c23-431f-b496-8c43f551b266,2691.95,INR,success,2026-04-21 08:16:48.976034+00:00
7e083322-036b-4870-9bec-07d3932aaddf,a0bd8783-d8c0-46ac-9fd1-0067afa2f430,c6bc5ec9-54d5-43fc-8dcc-3a214fb5f439,e9d3b49f-0c23-431f-b496-8c43f551b266,10.0,INR,success,2026-04-21 10:24:29.581233+00:00
54323420-2b9b-48b4-9a45-fa563ac13beb,a0bd8783-d8c0-46ac-9fd1-0067afa2f430,c6bc5ec9-54d5-43fc-8dcc-3a214fb5f439,e9d3b49f-0c23-431f-b496-8c43f551b266,6016.04,INR,success,2026-04-21 12:06:37.115960+00:00
d762d035-2e06-4d96-91bb-ceb018b40b74,a0bd8783-d8c0-46ac-9fd1-0067afa2f430,c6bc5ec9-54d5-43fc-8dcc-3a214fb5f439,e9d3b49f-0c23-431f-b496-8c43f551b266,4010.52,INR,success,2026-04-21 23:25:15.931134+00:00
11d06709-7ea8-49e4-a344-7440d0054d0b,a0bd8783-d8c0-46ac-9fd1-0067afa2f430,c6bc5ec9-54d5-43fc-8dcc-3a214fb5f439,e9d3b49f-0c23-431f-b496-8c43f551b266,4527.81,INR,success,2026-04-22 09:08:43.619405+00:00
1d1f880b-1ee2-4136-a3b7-e77f107184bc,a0bd8783-d8c0-46ac-9fd1-0067afa2f430,c6bc5ec9-54d5-43fc-8dcc-3a214fb5f439,e9d3b49f-0c23-431f-b496-8c43f551b266,6567.18,INR,success,2026-04-22 09:49:03.824723+00:00
5c83381b-ce02-4f19-99a2-e2b369794c5a,a0bd8783-d8c0-46ac-9fd1-0067afa2f430,c6bc5ec9-54d5-43fc-8dcc-3a214fb5f439,e9d3b49f-0c23-431f-b496-8c43f551b266,4227.47,INR,success,2026-04-22 13:31:04.869899+00:00
ffcd3ba8-4b8f-4ece-9653-c490260e269d,a0bd8783-d8c0-46ac-9fd1-0067afa2f430,c6bc5ec9-54d5-43fc-8dcc-3a214fb5f439,e9d3b49f-0c23-431f-b496-8c43f551b266,7491.16,INR,success,2026-04-22 21:58:25.130263+00:00
ebceae7c-b8b6-4883-88a6-44cc7bac7760,57886628-cbeb-4f83-a60d-c7161123ebff,992b789a-0c42-47b2-a06f-3a9aa7cda2c7,e9d3b49f-0c23-431f-b496-8c43f551b266,940.9,INR,success,2026-05-06 20:22:07.286141+00:00
05210998-fbd7-4297-87e4-409495052c20,57886628-cbeb-4f83-a60d-c7161123ebff,992b789a-0c42-47b2-a06f-3a9aa7cda2c7,e9d3b49f-0c23-431f-b496-8c43f551b266,3076.78,INR,success,2026-05-07 01:15:00.844266+00:00
958a5439-86dc-42dd-a188-bda556913e36,57886628-cbeb-4f83-a60d-c7161123ebff,992b789a-0c42-47b2-a06f-3a9aa7cda2c7,e9d3b49f-0c23-431f-b496-8c43f551b266,2072.68,INR,success,2026-05-07 03:36:18.927335+00:00
8bda39be-ea0b-422b-b3fc-c379e30da83d,57886628-cbeb-4f83-a60d-c7161123ebff,992b789a-0c42-47b2-a06f-3a9aa7cda2c7,e9d3b49f-0c23-431f-b496-8c43f551b266,3458.78,INR,success,2026-05-07 05:14:25.979917+00:00
6671f08e-dfa8-4671-a08a-1ea683b19b38,d30082bf-152c-49a3-82c8-6fb1f1f1fd0e,2ab9a31b-8160-4528-9954-6bdae7e43d29,fb40f399-0f7d-4424-8416-9a77138900fc,1696.31,INR,success,2026-04-04 05:03:21.126780+00:00
d6405c57-78a6-40cc-b53e-87e0363309c8,d30082bf-152c-49a3-82c8-6fb1f1f1fd0e,2ab9a31b-8160-4528-9954-6bdae7e43d29,fb40f399-0f7d-4424-8416-9a77138900fc,2819.51,INR,success,2026-05-04 14:18:40.334963+00:00
26bb6cbd-b665-4406-b2b4-12dcc94c6f2f,0d3e9d21-40f1-4e0f-841a-17a755b6a429,6d91f520-4fb7-4ce5-8f2a-a5baaadba373,e9d3b49f-0c23-431f-b496-8c43f551b266,2615.78,INR,success,2026-05-10 16:44:19.234827+00:00
9f16d673-fab9-4174-8470-d1ac15d7f612,0d3e9d21-40f1-4e0f-841a-17a755b6a429,6d91f520-4fb7-4ce5-8f2a-a5baaadba373,e9d3b49f-0c23-431f-b496-8c43f551b266,1201.22,INR,success,2026-05-10 22:13:04.173234+00:00
05a0696e-d350-4da7-aa4e-95da2bd7fbf9,0d3e9d21-40f1-4e0f-841a-17a755b6a429,6d91f520-4fb7-4ce5-8f2a-a5baaadba373,e9d3b49f-0c23-431f-b496-8c43f551b266,6234.65,INR,success,2026-05-10 22:30:07.750349+00:00
cdb00834-820c-4a9c-b58b-c6b17d5d3ff5,0d3e9d21-40f1-4e0f-841a-17a755b6a429,6d91f520-4fb7-4ce5-8f2a-a5baaadba373,e9d3b49f-0c23-431f-b496-8c43f551b266,4115.21,INR,success,2026-05-10 22:43:21.124417+00:00
0f998c2d-8953-48db-a51a-bfbb446131e8,0d3e9d21-40f1-4e0f-841a-17a755b6a429,6d91f520-4fb7-4ce5-8f2a-a5baaadba373,e9d3b49f-0c23-431f-b496-8c43f551b266,4493.02,INR,success,2026-05-11 00:21:16.024825+00:00
35182703-dfed-44e2-b657-d3c6cd93d4b3,2ae06e3f-54ae-47da-bce3-3ef1508087e8,96f00305-06e1-4e6b-865e-059e7936324c,e9d3b49f-0c23-431f-b496-8c43f551b266,1648.73,INR,success,2026-05-30 07:25:24.818891+00:00
20ffd306-0e03-46e9-94c2-30a0175ea33a,2ae06e3f-54ae-47da-bce3-3ef1508087e8,96f00305-06e1-4e6b-865e-059e7936324c,e9d3b49f-0c23-431f-b496-8c43f551b266,3434.71,INR,success,2026-05-30 11:45:27.610917+00:00
16d87085-45f2-4f5c-9d94-cc419f73ca2c,2ae06e3f-54ae-47da-bce3-3ef1508087e8,96f00305-06e1-4e6b-865e-059e7936324c,e9d3b49f-0c23-431f-b496-8c43f551b266,2442.4,INR,success,2026-05-30 12:26:43.188772+00:00
e9f074f2-8dfa-4a41-959f-318f13495d2a,2ae06e3f-54ae-47da-bce3-3ef1508087e8,96f00305-06e1-4e6b-865e-059e7936324c,e9d3b49f-0c23-431f-b496-8c43f551b266,1974.07,INR,success,2026-05-30 16:46:06.612310+00:00
a86737c0-d1c9-4688-8f07-bcc31abbe6b2,2ae06e3f-54ae-47da-bce3-3ef1508087e8,96f00305-06e1-4e6b-865e-059e7936324c,e9d3b49f-0c23-431f-b496-8c43f551b266,255.64,INR,success,2026-05-31 02:51:33.252409+00:00
22dc8f6a-51df-4369-b68a-c28e7e87a8fa,2ae06e3f-54ae-47da-bce3-3ef1508087e8,96f00305-06e1-4e6b-865e-059e7936324c,e9d3b49f-0c23-431f-b496-8c43f551b266,2473.73,INR,success,2026-05-31 05:40:35.455145+00:00
ff7a2f23-70a1-4fc3-b2fc-eb1c231080c1,2ae06e3f-54ae-47da-bce3-3ef1508087e8,96f00305-06e1-4e6b-865e-059e7936324c,e9d3b49f-0c23-431f-b496-8c43f551b266,1097.86,INR,success,2026-05-31 14:42:17.477565+00:00
2e554950-fe7d-4bdc-b0de-a9189aa90fa1,360bd3ab-6480-4adf-b34a-f34a78f73b8f,2f38593f-036e-40df-b022-5b372603593c,2b4b16e7-a4ca-48c6-96cf-9f9229378e3e,1976.87,INR,success,2026-05-13 19:06:45.246538+00:00
75143b3d-baa3-4167-9f3e-3ff3ec82923a,360bd3ab-6480-4adf-b34a-f34a78f73b8f,2f38593f-036e-40df-b022-5b372603593c,2b4b16e7-a4ca-48c6-96cf-9f9229378e3e,1785.62,INR,success,2026-05-14 08:15:17.955144+00:00
3f87fb35-2bb2-44f9-b224-891e4b749917,360bd3ab-6480-4adf-b34a-f34a78f73b8f,2f38593f-036e-40df-b022-5b372603593c,2b4b16e7-a4ca-48c6-96cf-9f9229378e3e,1843.71,INR,success,2026-05-14 23:14:54.601273+00:00
2344dfcb-df4e-4b47-808b-3803f5a36b0e,cfda703a-76f6-4d43-8df6-88bcea8fbf09,2a410ec7-14d2-4e1f-8cb4-7de73b144069,2b4b16e7-a4ca-48c6-96cf-9f9229378e3e,1787.84,INR,success,2026-05-30 10:52:06.585829+00:00
613faf02-a3ae-4e30-ac67-67808c015a82,cfda703a-76f6-4d43-8df6-88bcea8fbf09,2a410ec7-14d2-4e1f-8cb4-7de73b144069,2b4b16e7-a4ca-48c6-96cf-9f9229378e3e,1859.98,INR,success,2026-05-30 12:44:22.446430+00:00
69a3074e-13c1-450d-97b5-7901ee9a9000,cfda703a-76f6-4d43-8df6-88bcea8fbf09,2a410ec7-14d2-4e1f-8cb4-7de73b144069,2b4b16e7-a4ca-48c6-96cf-9f9229378e3e,1921.84,INR,success,2026-05-31 12:20:11.500671+00:00
307d6f71-5490-4de5-a257-032c8a409c24,b13a8117-c339-471a-80d6-469f7b696252,903e1291-5fb6-419e-ad13-60ae47790f25,2b4b16e7-a4ca-48c6-96cf-9f9229378e3e,1530.4,INR,success,2026-05-24 05:37:47.756559+00:00
5f8ee4ff-d40d-4928-8d18-f42eea2ae472,6c0bc3df-93d3-4c90-b750-f77eeb8bf30d,3f9aee4b-a481-45e3-b770-1a3c82b77287,2b4b16e7-a4ca-48c6-96cf-9f9229378e3e,1880.32,INR,success,2026-05-15 05:43:46.135279+00:00
a569d74a-654d-4d39-9216-8955db0d6e55,6c0bc3df-93d3-4c90-b750-f77eeb8bf30d,3f9aee4b-a481-45e3-b770-1a3c82b77287,2b4b16e7-a4ca-48c6-96cf-9f9229378e3e,1937.41,INR,success,2026-05-15 06:01:09.688823+00:00
7f7e6bc4-fa4b-45d5-8c22-dc473f197f83,6c0bc3df-93d3-4c90-b750-f77eeb8bf30d,3f9aee4b-a481-45e3-b770-1a3c82b77287,2b4b16e7-a4ca-48c6-96cf-9f9229378e3e,1850.08,INR,success,2026-05-15 08:02:58.343721+00:00
0a69bad1-796e-49e4-8f2b-3b2912c96b1a,f68c5a23-418f-4230-8652-8e2c063a7df1,093af714-a2e9-4ffa-87e2-8fefde529f46,2b4b16e7-a4ca-48c6-96cf-9f9229378e3e,1946.51,INR,success,2026-04-24 23:41:21.799697+00:00
a890ca54-94a1-4d2b-8a51-735a131c47ea,f68c5a23-418f-4230-8652-8e2c063a7df1,093af714-a2e9-4ffa-87e2-8fefde529f46,2b4b16e7-a4ca-48c6-96cf-9f9229378e3e,1977.97,INR,success,2026-04-25 00:29:59.683613+00:00
75b54825-4fc8-4dc2-8b3b-3d1aa486f4aa,f68c5a23-418f-4230-8652-8e2c063a7df1,093af714-a2e9-4ffa-87e2-8fefde529f46,2b4b16e7-a4ca-48c6-96cf-9f9229378e3e,2018.5,INR,success,2026-04-25 06:43:02.535435+00:00
522d51e6-dd02-4c46-b203-f59bf28f72f6,f1072328-8415-49bb-9f7e-aaacf513e3f3,8b9f4153-5bdc-43fa-8a96-bbb130c51894,2b4b16e7-a4ca-48c6-96cf-9f9229378e3e,1781.47,INR,success,2026-05-07 22:29:30.064996+00:00
50767c43-59c8-4f83-bf64-83796412d161,f1072328-8415-49bb-9f7e-aaacf513e3f3,8b9f4153-5bdc-43fa-8a96-bbb130c51894,2b4b16e7-a4ca-48c6-96cf-9f9229378e3e,1873.4,INR,success,2026-05-08 15:29:25.573276+00:00
ec56626d-de62-44f4-b862-cbb8462f8396,5ae04f30-6811-421f-8fd1-cbf6fc723b51,07e91450-dcc1-453e-8ebd-a714a29482b9,2b4b16e7-a4ca-48c6-96cf-9f9229378e3e,1930.63,INR,success,2026-05-03 19:56:28.629125+00:00
e92ed04e-4bc5-45e7-b3b3-9b36577b3078,5ae04f30-6811-421f-8fd1-cbf6fc723b51,07e91450-dcc1-453e-8ebd-a714a29482b9,2b4b16e7-a4ca-48c6-96cf-9f9229378e3e,1806.99,INR,success,2026-05-04 01:11:29.214764+00:00
d87a5487-29af-4bf5-8246-b59cc6f84cea,67b8639d-685e-49e2-975c-a670b5e596bd,a28ed452-76b4-4a6b-868d-47d7f523fc78,2b4b16e7-a4ca-48c6-96cf-9f9229378e3e,1808.48,INR,success,2026-04-28 23:33:21.189453+00:00
85b31de3-3338-4f7e-9e49-2fe4769a995d,6cb84e7b-f820-4bbe-95db-b5175c5b7239,da777260-6142-4bf3-b47f-307dde58b67b,25d436e9-079b-4eaa-90fa-12a4d5f74435,2277.72,INR,success,2026-04-11 20:03:09.734824+00:00
33ec2491-99fc-438d-b0a7-d36a2fb91d6f,6cb84e7b-f820-4bbe-95db-b5175c5b7239,da777260-6142-4bf3-b47f-307dde58b67b,25d436e9-079b-4eaa-90fa-12a4d5f74435,2277.7,INR,success,2026-04-11 20:52:08.978951+00:00
9efa4809-5f84-4404-a460-9a61caafa733,6cb84e7b-f820-4bbe-95db-b5175c5b7239,da777260-6142-4bf3-b47f-307dde58b67b,25d436e9-079b-4eaa-90fa-12a4d5f74435,2315.18,INR,success,2026-04-12 12:09:03.108992+00:00
47342909-ce99-4233-98c7-d4fe85672594,6cb84e7b-f820-4bbe-95db-b5175c5b7239,da777260-6142-4bf3-b47f-307dde58b67b,25d436e9-079b-4eaa-90fa-12a4d5f74435,2466.56,INR,success,2026-04-12 12:10:07.425437+00:00
45f9063e-6166-49cf-9dfe-f0a919ee7ac8,6cb84e7b-f820-4bbe-95db-b5175c5b7239,da777260-6142-4bf3-b47f-307dde58b67b,25d436e9-079b-4eaa-90fa-12a4d5f74435,2288.18,INR,success,2026-04-12 13:00:55.361424+00:00
2e18a114-4c0f-4853-aeb3-f66305583738,6dc3d54b-c62b-4962-b82f-a04c2a0149f3,468caf42-9e7a-44db-9117-6e2bfb060a66,25d436e9-079b-4eaa-90fa-12a4d5f74435,2301.44,INR,success,2026-04-25 10:12:40.844745+00:00
3325fe2d-8060-4f35-97b8-d8cbeacff3d5,6dc3d54b-c62b-4962-b82f-a04c2a0149f3,468caf42-9e7a-44db-9117-6e2bfb060a66,25d436e9-079b-4eaa-90fa-12a4d5f74435,2355.71,INR,success,2026-04-25 12:05:27.492675+00:00
69b5d834-484c-4c9b-ae31-80be8198cff6,6dc3d54b-c62b-4962-b82f-a04c2a0149f3,468caf42-9e7a-44db-9117-6e2bfb060a66,25d436e9-079b-4eaa-90fa-12a4d5f74435,2513.24,INR,success,2026-04-25 16:57:49.498108+00:00
e3a6ebe1-f6ff-43e5-9d83-4e8cf7473840,6dc3d54b-c62b-4962-b82f-a04c2a0149f3,468caf42-9e7a-44db-9117-6e2bfb060a66,25d436e9-079b-4eaa-90fa-12a4d5f74435,2273.28,INR,success,2026-04-25 20:02:50.243326+00:00
40a6b462-178d-4570-b0ae-cc77b324903e,6dc3d54b-c62b-4962-b82f-a04c2a0149f3,468caf42-9e7a-44db-9117-6e2bfb060a66,25d436e9-079b-4eaa-90fa-12a4d5f74435,2407.99,INR,success,2026-04-26 00:42:27.982145+00:00
99284d7b-a472-42ea-b6d1-4180a6d6d105,6dc3d54b-c62b-4962-b82f-a04c2a0149f3,468caf42-9e7a-44db-9117-6e2bfb060a66,25d436e9-079b-4eaa-90fa-12a4d5f74435,2399.19,INR,success,2026-04-26 04:05:20.283379+00:00
cf6e5c6f-1e85-4c91-9207-5757c3b15d5d,6dc3d54b-c62b-4962-b82f-a04c2a0149f3,468caf42-9e7a-44db-9117-6e2bfb060a66,25d436e9-079b-4eaa-90fa-12a4d5f74435,2304.72,INR,success,2026-04-26 05:09:53.368815+00:00
f290d6a2-a41d-4be5-9138-fa2627d83d78,6dc3d54b-c62b-4962-b82f-a04c2a0149f3,468caf42-9e7a-44db-9117-6e2bfb060a66,25d436e9-079b-4eaa-90fa-12a4d5f74435,2345.51,INR,success,2026-04-26 11:20:55.478631+00:00
a543c1d3-d7bb-4e40-a9ce-e43d38aaed68,5b8999d6-87b7-45d3-8335-556c32e8001e,836e600d-2af7-4b14-b567-35a23c888e1b,25d436e9-079b-4eaa-90fa-12a4d5f74435,2527.25,INR,success,2026-04-17 00:02:17.961354+00:00
5f9fb706-8318-4cdb-bfb6-8ad825200390,5b8999d6-87b7-45d3-8335-556c32e8001e,836e600d-2af7-4b14-b567-35a23c888e1b,25d436e9-079b-4eaa-90fa-12a4d5f74435,2481.98,INR,success,2026-04-17 00:04:09.576186+00:00
f60e4458-6d10-4ff3-a876-8fdfe1b578a5,5b8999d6-87b7-45d3-8335-556c32e8001e,836e600d-2af7-4b14-b567-35a23c888e1b,25d436e9-079b-4eaa-90fa-12a4d5f74435,2424.51,INR,success,2026-04-17 03:48:36.365826+00:00
a95ce634-ad6f-4510-b7aa-9ad550014547,5b8999d6-87b7-45d3-8335-556c32e8001e,836e600d-2af7-4b14-b567-35a23c888e1b,25d436e9-079b-4eaa-90fa-12a4d5f74435,2503.98,INR,success,2026-04-17 07:41:55.449703+00:00
de492117-7127-4d0d-9d83-41b275f5ad60,5b8999d6-87b7-45d3-8335-556c32e8001e,836e600d-2af7-4b14-b567-35a23c888e1b,25d436e9-079b-4eaa-90fa-12a4d5f74435,2390.32,INR,success,2026-04-17 07:42:21.368965+00:00
92fd3621-20b0-427a-ac67-b72921e69d8b,5b8999d6-87b7-45d3-8335-556c32e8001e,836e600d-2af7-4b14-b567-35a23c888e1b,25d436e9-079b-4eaa-90fa-12a4d5f74435,2422.02,INR,success,2026-04-17 08:14:14.748627+00:00
e161a3b9-9b8a-44a5-bb66-3a5a9e142bcb,5b8999d6-87b7-45d3-8335-556c32e8001e,836e600d-2af7-4b14-b567-35a23c888e1b,25d436e9-079b-4eaa-90fa-12a4d5f74435,2619.97,INR,success,2026-04-17 08:59:31.868596+00:00
c6514422-0774-4e5b-9c02-aee1afc3a6b9,1bcad42d-aed3-4b47-afc8-a9185cef864b,db46f74c-4d75-4671-8cdd-6b45b3bd0514,6b1240e8-64bb-4a7c-8df3-ef1732f74160,492.64,INR,success,2026-04-25 18:56:19.722915+00:00
fb64bdbf-47f6-4258-b1cb-93eaf2d6eeda,f47749d7-b0c7-4fc2-9fee-cead51e3f5e2,323e9c27-8188-46f8-a89b-a26b7aa332c8,25d436e9-079b-4eaa-90fa-12a4d5f74435,2437.29,INR,success,2026-05-21 15:56:41.936533+00:00
4d5d210c-8c11-4d0d-87de-ddde69ea5d7d,f47749d7-b0c7-4fc2-9fee-cead51e3f5e2,323e9c27-8188-46f8-a89b-a26b7aa332c8,25d436e9-079b-4eaa-90fa-12a4d5f74435,2367.61,INR,success,2026-05-22 03:12:37.646410+00:00
f151c390-e4c3-41d5-b435-ce6cd53e6c0c,f47749d7-b0c7-4fc2-9fee-cead51e3f5e2,323e9c27-8188-46f8-a89b-a26b7aa332c8,25d436e9-079b-4eaa-90fa-12a4d5f74435,2333.45,INR,success,2026-05-22 04:37:20.401422+00:00
a9b3b109-0ff3-43a7-9064-9e09e4191999,f47749d7-b0c7-4fc2-9fee-cead51e3f5e2,323e9c27-8188-46f8-a89b-a26b7aa332c8,25d436e9-079b-4eaa-90fa-12a4d5f74435,2317.82,INR,success,2026-05-22 06:14:37.771087+00:00
7c0c2a61-2a88-414c-9b4e-dd20e52aacad,f47749d7-b0c7-4fc2-9fee-cead51e3f5e2,323e9c27-8188-46f8-a89b-a26b7aa332c8,25d436e9-079b-4eaa-90fa-12a4d5f74435,2370.9,INR,success,2026-05-22 07:41:34.795132+00:00
522c365e-eb57-4902-84d1-e69b7b0212b0,f47749d7-b0c7-4fc2-9fee-cead51e3f5e2,323e9c27-8188-46f8-a89b-a26b7aa332c8,25d436e9-079b-4eaa-90fa-12a4d5f74435,2360.96,INR,success,2026-05-22 08:52:59.913980+00:00
c36df77a-cadb-43b6-a354-4eb7bfe4c52f,f47749d7-b0c7-4fc2-9fee-cead51e3f5e2,323e9c27-8188-46f8-a89b-a26b7aa332c8,25d436e9-079b-4eaa-90fa-12a4d5f74435,2376.18,INR,success,2026-05-22 14:25:32.124275+00:00
68a49da1-97d0-4154-9f9a-ebd8efe4a009,f47749d7-b0c7-4fc2-9fee-cead51e3f5e2,323e9c27-8188-46f8-a89b-a26b7aa332c8,25d436e9-079b-4eaa-90fa-12a4d5f74435,2345.74,INR,success,2026-05-22 15:10:31.400454+00:00
30d330f3-c0f2-488d-9125-42fda0d1c6be,6806b08c-c796-4f73-98d7-0c52ff96e613,f8558ee5-3e0f-48f9-ba03-2fbb2bf99e86,eeeb4fca-df1a-4407-b0ab-a8fb251feee3,2332.68,INR,success,2026-04-27 10:13:54.610598+00:00
2bcfa393-c873-413c-9a69-fcf08169a3ff,6806b08c-c796-4f73-98d7-0c52ff96e613,f8558ee5-3e0f-48f9-ba03-2fbb2bf99e86,eeeb4fca-df1a-4407-b0ab-a8fb251feee3,2138.59,INR,success,2026-04-27 13:01:36.318168+00:00
8cd97c86-bea7-46cb-be0d-8659a4dbf1af,6806b08c-c796-4f73-98d7-0c52ff96e613,f8558ee5-3e0f-48f9-ba03-2fbb2bf99e86,eeeb4fca-df1a-4407-b0ab-a8fb251feee3,2180.46,INR,success,2026-04-27 18:17:02.808914+00:00
619087de-b4b3-4ea7-9c21-73c214c27b05,6806b08c-c796-4f73-98d7-0c52ff96e613,f8558ee5-3e0f-48f9-ba03-2fbb2bf99e86,eeeb4fca-df1a-4407-b0ab-a8fb251feee3,1967.74,INR,success,2026-04-27 19:50:33.078134+00:00
313c3672-5894-4c37-bf8e-6fc1d3579ce2,6806b08c-c796-4f73-98d7-0c52ff96e613,f8558ee5-3e0f-48f9-ba03-2fbb2bf99e86,eeeb4fca-df1a-4407-b0ab-a8fb251feee3,2084.11,INR,success,2026-04-27 22:53:25.743768+00:00
e23376df-b084-4d1b-8c68-2e526e176c42,6806b08c-c796-4f73-98d7-0c52ff96e613,f8558ee5-3e0f-48f9-ba03-2fbb2bf99e86,eeeb4fca-df1a-4407-b0ab-a8fb251feee3,2098.08,INR,success,2026-04-28 00:02:41.454895+00:00
651ff82d-9e1a-487c-a42b-4b907bd87a33,6806b08c-c796-4f73-98d7-0c52ff96e613,f8558ee5-3e0f-48f9-ba03-2fbb2bf99e86,eeeb4fca-df1a-4407-b0ab-a8fb251feee3,2048.97,INR,success,2026-04-28 04:16:19.013918+00:00
6d927844-8a81-4db4-bba8-04efe92416e9,247dc4d4-736f-4de8-8a68-3411f09659e3,f8558ee5-3e0f-48f9-ba03-2fbb2bf99e86,eeeb4fca-df1a-4407-b0ab-a8fb251feee3,2114.46,INR,success,2026-04-19 07:18:21.691401+00:00
5473e095-7433-4f96-8611-9889f82686ac,247dc4d4-736f-4de8-8a68-3411f09659e3,f8558ee5-3e0f-48f9-ba03-2fbb2bf99e86,eeeb4fca-df1a-4407-b0ab-a8fb251feee3,2135.89,INR,success,2026-04-19 10:55:13.718114+00:00
c1c79a92-1854-44f3-becb-1e91ad650b93,247dc4d4-736f-4de8-8a68-3411f09659e3,f8558ee5-3e0f-48f9-ba03-2fbb2bf99e86,eeeb4fca-df1a-4407-b0ab-a8fb251feee3,2046.09,INR,success,2026-04-19 19:09:11.960936+00:00
c0634bb0-81d2-4e37-a8d1-6c844dfcdccd,247dc4d4-736f-4de8-8a68-3411f09659e3,f8558ee5-3e0f-48f9-ba03-2fbb2bf99e86,eeeb4fca-df1a-4407-b0ab-a8fb251feee3,2121.78,INR,success,2026-04-19 22:37:39.189537+00:00
07cb9a7e-0cc2-4565-a113-212325a024e9,247dc4d4-736f-4de8-8a68-3411f09659e3,f8558ee5-3e0f-48f9-ba03-2fbb2bf99e86,eeeb4fca-df1a-4407-b0ab-a8fb251feee3,2025.51,INR,success,2026-04-20 03:17:08.325699+00:00
49b41a50-5b9c-444e-8f24-182c8002feef,247dc4d4-736f-4de8-8a68-3411f09659e3,f8558ee5-3e0f-48f9-ba03-2fbb2bf99e86,eeeb4fca-df1a-4407-b0ab-a8fb251feee3,2171.07,INR,success,2026-04-20 09:54:38.770286+00:00
116834af-8c2a-40ff-aea4-d4b91dda84cf,247dc4d4-736f-4de8-8a68-3411f09659e3,f8558ee5-3e0f-48f9-ba03-2fbb2bf99e86,eeeb4fca-df1a-4407-b0ab-a8fb251feee3,2105.78,INR,success,2026-04-20 10:40:22.737511+00:00
a028c351-7b6d-4587-8059-9a73289b5b77,247dc4d4-736f-4de8-8a68-3411f09659e3,f8558ee5-3e0f-48f9-ba03-2fbb2bf99e86,eeeb4fca-df1a-4407-b0ab-a8fb251feee3,2077.06,INR,success,2026-04-20 23:27:07.621825+00:00
eb3c015c-b0cf-4a59-99ba-b2a859fe6725,247dc4d4-736f-4de8-8a68-3411f09659e3,f8558ee5-3e0f-48f9-ba03-2fbb2bf99e86,eeeb4fca-df1a-4407-b0ab-a8fb251feee3,2131.67,INR,success,2026-04-21 00:57:10.332491+00:00
2646dd35-c62a-4b63-a893-06405474fe6c,be93be22-9a33-459f-a6fc-3ce30606f4e0,1eb41762-65d8-496c-92c8-66db9d7d7020,515b7e22-94ff-4aa2-a8c3-b27d0be196a2,6365.89,INR,success,2026-05-16 06:34:20.028454+00:00
7d7722b4-ea4c-4db9-baf8-fe6115aa398e,d417fa07-989c-463e-9e6a-6f9b5cceeb90,f8558ee5-3e0f-48f9-ba03-2fbb2bf99e86,eeeb4fca-df1a-4407-b0ab-a8fb251feee3,2097.68,INR,success,2026-05-06 12:06:22.644062+00:00
b50f444b-b3a2-484c-8325-ad4c6e2a6124,d417fa07-989c-463e-9e6a-6f9b5cceeb90,f8558ee5-3e0f-48f9-ba03-2fbb2bf99e86,eeeb4fca-df1a-4407-b0ab-a8fb251feee3,2210.15,INR,success,2026-05-06 16:43:47.270709+00:00
e9f79ebe-8a10-4092-aefd-28dfc143bb8a,d417fa07-989c-463e-9e6a-6f9b5cceeb90,f8558ee5-3e0f-48f9-ba03-2fbb2bf99e86,eeeb4fca-df1a-4407-b0ab-a8fb251feee3,2082.1,INR,success,2026-05-06 18:43:58.033137+00:00
1b342127-1a0f-42e0-97d8-562091bc34ab,d417fa07-989c-463e-9e6a-6f9b5cceeb90,f8558ee5-3e0f-48f9-ba03-2fbb2bf99e86,eeeb4fca-df1a-4407-b0ab-a8fb251feee3,2121.9,INR,success,2026-05-06 20:32:11.131987+00:00
9c6672e0-8279-40d5-984e-ea849e490750,d417fa07-989c-463e-9e6a-6f9b5cceeb90,f8558ee5-3e0f-48f9-ba03-2fbb2bf99e86,eeeb4fca-df1a-4407-b0ab-a8fb251feee3,2102.84,INR,success,2026-05-06 21:32:44.395765+00:00
7dda52fc-3645-40bd-ae93-af3064974349,d417fa07-989c-463e-9e6a-6f9b5cceeb90,f8558ee5-3e0f-48f9-ba03-2fbb2bf99e86,eeeb4fca-df1a-4407-b0ab-a8fb251feee3,2217.71,INR,success,2026-05-06 23:51:54.070567+00:00
86177da8-f31e-4581-a834-dedc2b6bf67a,240eb0ea-5b46-4806-a106-2d01edf22a5c,317265fd-bc76-426c-9e12-02191d742498,88f2f71a-4d5d-4f3d-b2e6-bcd01616e919,1566.52,INR,success,2026-04-14 19:19:13.338052+00:00
cc379397-062c-4a7b-bf7a-045371aea700,240eb0ea-5b46-4806-a106-2d01edf22a5c,317265fd-bc76-426c-9e12-02191d742498,88f2f71a-4d5d-4f3d-b2e6-bcd01616e919,3071.09,INR,success,2026-04-15 02:19:49.997458+00:00
94313993-45ee-4fa1-87ad-f500e551720f,240eb0ea-5b46-4806-a106-2d01edf22a5c,317265fd-bc76-426c-9e12-02191d742498,88f2f71a-4d5d-4f3d-b2e6-bcd01616e919,1631.19,INR,success,2026-04-15 02:53:41.362533+00:00
c50d263f-7fe1-46f3-8e79-d1d855e192b4,25a40bc0-80ee-4296-a11b-f6ce0a5e4239,8814a843-011b-4f0e-a65d-7732b9005a51,09b04f38-5f05-4e8c-b0c4-74a4853c418d,402.71,INR,success,2026-04-01 07:56:31.546672+00:00
3734c210-0b60-4fae-94de-11aef06fccd0,5613f0c7-5b7a-4e9e-8c0e-8cab8f19abf7,0d7830b7-266c-4e70-b43c-e84177d199d1,107cfd9d-2248-449a-ac6c-46eef9771c16,3400.89,INR,success,2026-04-30 02:21:09.204224+00:00
b47ed1a6-1e0c-4136-898c-567dc508323f,5613f0c7-5b7a-4e9e-8c0e-8cab8f19abf7,0d7830b7-266c-4e70-b43c-e84177d199d1,107cfd9d-2248-449a-ac6c-46eef9771c16,5068.45,INR,success,2026-05-11 12:34:28.526661+00:00
9b7cae56-e679-46f2-9616-c584aa29d6b9,5613f0c7-5b7a-4e9e-8c0e-8cab8f19abf7,0d7830b7-266c-4e70-b43c-e84177d199d1,107cfd9d-2248-449a-ac6c-46eef9771c16,2376.01,INR,success,2026-05-30 16:31:12.529600+00:00
683bdf1f-d0ad-4897-a086-6af8945130fd,79477ea3-15e2-4c4f-b17a-4cc928553c01,317265fd-bc76-426c-9e12-02191d742498,88f2f71a-4d5d-4f3d-b2e6-bcd01616e919,3359.4,INR,success,2026-03-28 00:49:01.156470+00:00
67e2e762-e2ff-45ad-863b-43970814f6e7,b37b7c3c-818f-4e40-84dc-6bbef609763b,317265fd-bc76-426c-9e12-02191d742498,88f2f71a-4d5d-4f3d-b2e6-bcd01616e919,1994.03,INR,success,2026-04-21 11:48:53.429636+00:00
446e9c1c-d03b-4b95-b395-fd66acd1d6da,5284c310-f07a-4824-9a30-ff47a194acb9,317265fd-bc76-426c-9e12-02191d742498,88f2f71a-4d5d-4f3d-b2e6-bcd01616e919,4542.27,INR,success,2026-05-23 02:37:10.015593+00:00
9181c967-12ad-4203-ab2b-2ed66e02bc84,5284c310-f07a-4824-9a30-ff47a194acb9,317265fd-bc76-426c-9e12-02191d742498,88f2f71a-4d5d-4f3d-b2e6-bcd01616e919,10380.04,INR,success,2026-05-24 03:50:18.407447+00:00
2d73fba1-2ccf-4cdd-a0f8-f68651e70c7b,eb0b7888-8f1a-4d46-9be9-5aa8ee5eb550,a5b6b07c-0093-45b4-8ae9-ba677aa3af3a,b561ed4f-04ec-402a-bb86-af1ee0eec043,4481.51,INR,success,2026-05-09 15:55:25.931657+00:00
d1b81738-f9a6-4fe2-b3dd-5f3e0c588994,eb0b7888-8f1a-4d46-9be9-5aa8ee5eb550,a5b6b07c-0093-45b4-8ae9-ba677aa3af3a,b561ed4f-04ec-402a-bb86-af1ee0eec043,847.78,INR,success,2026-05-25 23:28:34.446191+00:00
dda4a9a1-d07b-4f5f-9a30-ba92982cfb7d,529de30b-a50e-4b25-ba8b-fa9d61183c64,6530edec-427f-47d9-8146-a9d3f276f13a,9d7ad58b-aa05-4823-8ec8-fbd2b29a4fd0,4839.65,INR,success,2026-05-13 05:01:42.397876+00:00
7aa8b05c-6be0-4300-b249-e8585d7b566c,529de30b-a50e-4b25-ba8b-fa9d61183c64,6530edec-427f-47d9-8146-a9d3f276f13a,9d7ad58b-aa05-4823-8ec8-fbd2b29a4fd0,5035.99,INR,success,2026-05-13 22:23:38.233962+00:00
926399fe-372e-45db-8541-127ce232fc51,529de30b-a50e-4b25-ba8b-fa9d61183c64,6530edec-427f-47d9-8146-a9d3f276f13a,9d7ad58b-aa05-4823-8ec8-fbd2b29a4fd0,4839.53,INR,success,2026-05-14 03:18:54.539953+00:00
494be28a-faa0-49c6-adb0-31a4b4e91e98,529de30b-a50e-4b25-ba8b-fa9d61183c64,6530edec-427f-47d9-8146-a9d3f276f13a,9d7ad58b-aa05-4823-8ec8-fbd2b29a4fd0,4993.71,INR,success,2026-05-14 12:54:20.067059+00:00
58939616-7e18-4363-a9de-e9386641baae,a3d9ae29-8127-45fc-b8bb-0eb30c2148ee,417672ee-bd20-4936-a262-fc5b1f547f7c,0f65a23b-2298-497b-8ad4-61935308a919,6879.5,INR,success,2026-05-26 03:22:00.115981+00:00
730bf04d-72e3-4021-895d-5e0c4280ba84,cb3cd748-21d3-456b-83d2-105758eade24,6530edec-427f-47d9-8146-a9d3f276f13a,9d7ad58b-aa05-4823-8ec8-fbd2b29a4fd0,4979.74,INR,success,2026-05-24 16:44:56.102332+00:00
cc89159b-edaf-46e7-bee3-854e4e1b5822,cb3cd748-21d3-456b-83d2-105758eade24,6530edec-427f-47d9-8146-a9d3f276f13a,9d7ad58b-aa05-4823-8ec8-fbd2b29a4fd0,4773.59,INR,success,2026-05-24 20:38:24.532145+00:00
0694172d-0ef6-4878-bf11-1d5f160fca8c,cb3cd748-21d3-456b-83d2-105758eade24,6530edec-427f-47d9-8146-a9d3f276f13a,9d7ad58b-aa05-4823-8ec8-fbd2b29a4fd0,4894.76,INR,success,2026-05-25 05:49:39.122901+00:00
4b3aaede-d355-4df1-bc34-aac4807b0bf9,cb3cd748-21d3-456b-83d2-105758eade24,6530edec-427f-47d9-8146-a9d3f276f13a,9d7ad58b-aa05-4823-8ec8-fbd2b29a4fd0,4851.9,INR,success,2026-05-25 21:34:05.576621+00:00
4200e35e-79ee-4684-bddc-2a91ba9ae18f,08b62424-4600-4479-a68f-f63e94eb9f17,6530edec-427f-47d9-8146-a9d3f276f13a,9d7ad58b-aa05-4823-8ec8-fbd2b29a4fd0,4704.41,INR,success,2026-05-13 19:47:32.943849+00:00
9eaa2544-92e8-414c-a3af-7f629a670d22,08b62424-4600-4479-a68f-f63e94eb9f17,6530edec-427f-47d9-8146-a9d3f276f13a,9d7ad58b-aa05-4823-8ec8-fbd2b29a4fd0,4584.66,INR,success,2026-05-14 04:39:58.460091+00:00
4fc51842-e4c0-4213-93d1-689004dd9c8d,08b62424-4600-4479-a68f-f63e94eb9f17,6530edec-427f-47d9-8146-a9d3f276f13a,9d7ad58b-aa05-4823-8ec8-fbd2b29a4fd0,4458.18,INR,success,2026-05-14 04:52:04.480099+00:00
1ebb3ec6-054c-4af0-9b1c-4e1710fecfb4,08b62424-4600-4479-a68f-f63e94eb9f17,6530edec-427f-47d9-8146-a9d3f276f13a,9d7ad58b-aa05-4823-8ec8-fbd2b29a4fd0,4711.5,INR,success,2026-05-14 10:59:12.914339+00:00
64d61a19-dd2e-480e-92ec-e92b5de673eb,3426dc42-e00d-434d-89a3-299939eaa4aa,6530edec-427f-47d9-8146-a9d3f276f13a,9d7ad58b-aa05-4823-8ec8-fbd2b29a4fd0,5061.47,INR,success,2026-05-17 06:12:26.437118+00:00
ef9c3637-55b9-4db1-8fd6-62f0df6e3019,3426dc42-e00d-434d-89a3-299939eaa4aa,6530edec-427f-47d9-8146-a9d3f276f13a,9d7ad58b-aa05-4823-8ec8-fbd2b29a4fd0,4728.32,INR,success,2026-05-17 20:01:13.312492+00:00
23b1f711-a370-4df5-84d7-6a6ea2cee734,3426dc42-e00d-434d-89a3-299939eaa4aa,6530edec-427f-47d9-8146-a9d3f276f13a,9d7ad58b-aa05-4823-8ec8-fbd2b29a4fd0,5053.67,INR,success,2026-05-17 22:52:43.480608+00:00
6c10e416-b971-4933-9b6f-fb1dedc55384,3426dc42-e00d-434d-89a3-299939eaa4aa,6530edec-427f-47d9-8146-a9d3f276f13a,9d7ad58b-aa05-4823-8ec8-fbd2b29a4fd0,4827.74,INR,success,2026-05-17 22:59:07.917085+00:00
1d951d91-c649-48aa-b85d-07a9a3a5b021,3426dc42-e00d-434d-89a3-299939eaa4aa,6530edec-427f-47d9-8146-a9d3f276f13a,9d7ad58b-aa05-4823-8ec8-fbd2b29a4fd0,4807.72,INR,success,2026-05-18 05:05:05.212109+00:00
71300dac-fb74-42c5-9a12-82178f317526,2b99069f-1d71-4383-9f08-53047aad196f,6530edec-427f-47d9-8146-a9d3f276f13a,9d7ad58b-aa05-4823-8ec8-fbd2b29a4fd0,4828.93,INR,success,2026-05-16 22:41:29.279661+00:00
7c4a7f9f-06b6-44d8-af7a-f0907459299d,2b99069f-1d71-4383-9f08-53047aad196f,6530edec-427f-47d9-8146-a9d3f276f13a,9d7ad58b-aa05-4823-8ec8-fbd2b29a4fd0,5181.93,INR,success,2026-05-17 04:24:39.000714+00:00
fe1ab282-dab1-4368-a265-bd4dcde35fb6,2b99069f-1d71-4383-9f08-53047aad196f,6530edec-427f-47d9-8146-a9d3f276f13a,9d7ad58b-aa05-4823-8ec8-fbd2b29a4fd0,4603.62,INR,success,2026-05-17 04:49:23.632009+00:00
3fc0a96a-b81b-4f29-8a0c-16ebeb70b63d,2b99069f-1d71-4383-9f08-53047aad196f,6530edec-427f-47d9-8146-a9d3f276f13a,9d7ad58b-aa05-4823-8ec8-fbd2b29a4fd0,4582.97,INR,success,2026-05-17 06:59:17.633279+00:00
efb8f5d8-96af-4032-99d8-2bdb87ba05c9,2b99069f-1d71-4383-9f08-53047aad196f,6530edec-427f-47d9-8146-a9d3f276f13a,9d7ad58b-aa05-4823-8ec8-fbd2b29a4fd0,4810.44,INR,success,2026-05-17 08:17:32.140022+00:00
9ea30b14-be6f-4a39-87fe-ebf6b37fe27c,fbe4076c-7f9a-4942-a47b-3d5e4d6973ed,44103e5c-48f6-4f4b-8f6a-fcbe7369d3a4,29541320-9231-48ed-bc06-786e137fb3a0,1165.13,INR,success,2026-05-15 14:30:35.985700+00:00
173d4ed6-e5b0-4b42-81d8-637024d9aaf9,fbe4076c-7f9a-4942-a47b-3d5e4d6973ed,44103e5c-48f6-4f4b-8f6a-fcbe7369d3a4,29541320-9231-48ed-bc06-786e137fb3a0,1138.36,INR,success,2026-05-15 15:13:53.875297+00:00
cc06df7f-331c-4e96-b34a-93374671e512,fbe4076c-7f9a-4942-a47b-3d5e4d6973ed,44103e5c-48f6-4f4b-8f6a-fcbe7369d3a4,29541320-9231-48ed-bc06-786e137fb3a0,1102.92,INR,success,2026-05-18 11:01:40.929951+00:00
ceea8cda-af9f-4896-a64f-ee97e3cbbce9,fbe4076c-7f9a-4942-a47b-3d5e4d6973ed,44103e5c-48f6-4f4b-8f6a-fcbe7369d3a4,29541320-9231-48ed-bc06-786e137fb3a0,1248.39,INR,success,2026-05-25 23:22:26.283354+00:00
88e7a48e-f53e-412e-b0dc-1b058bfefd4e,f4721a3a-da70-4d46-94ba-236ffa1ac322,ff302d09-2fc7-4fcc-a238-e44f39fb8ca9,29541320-9231-48ed-bc06-786e137fb3a0,952.33,INR,success,2026-05-17 16:51:56.540849+00:00
5a714477-f8ac-443b-b637-fd5c909b2dc7,f4721a3a-da70-4d46-94ba-236ffa1ac322,ff302d09-2fc7-4fcc-a238-e44f39fb8ca9,29541320-9231-48ed-bc06-786e137fb3a0,1262.17,INR,success,2026-05-20 09:43:14.242004+00:00
30121db2-2476-4e36-a6d0-c5e4897d5eaf,f4721a3a-da70-4d46-94ba-236ffa1ac322,ff302d09-2fc7-4fcc-a238-e44f39fb8ca9,29541320-9231-48ed-bc06-786e137fb3a0,1080.24,INR,success,2026-05-20 21:52:55.823257+00:00
f3ca6acb-5c48-4713-9503-e74a113f9b47,f4721a3a-da70-4d46-94ba-236ffa1ac322,ff302d09-2fc7-4fcc-a238-e44f39fb8ca9,29541320-9231-48ed-bc06-786e137fb3a0,1202.36,INR,success,2026-05-22 22:34:36.888289+00:00
961cb500-a94e-4e3b-bd0c-8b5604ef60ae,f4721a3a-da70-4d46-94ba-236ffa1ac322,ff302d09-2fc7-4fcc-a238-e44f39fb8ca9,29541320-9231-48ed-bc06-786e137fb3a0,1063.56,INR,success,2026-05-27 23:40:34.699171+00:00
1a988735-31f6-4bb2-a2bf-dbc2982e707c,1c8f9fd9-4020-40fa-ad3b-f7c274c55659,c1f897dd-f7f1-403a-b82c-acd27ad99220,29541320-9231-48ed-bc06-786e137fb3a0,1286.86,INR,success,2026-05-17 06:22:21.233638+00:00
dffbf956-e11f-450b-b7af-c94ee10a7a00,1c8f9fd9-4020-40fa-ad3b-f7c274c55659,c1f897dd-f7f1-403a-b82c-acd27ad99220,29541320-9231-48ed-bc06-786e137fb3a0,1241.72,INR,success,2026-05-17 10:27:57.706352+00:00
6eeed6fd-ee9f-46ae-ba2e-357919790903,1c8f9fd9-4020-40fa-ad3b-f7c274c55659,c1f897dd-f7f1-403a-b82c-acd27ad99220,29541320-9231-48ed-bc06-786e137fb3a0,1019.09,INR,success,2026-05-18 08:06:55.574302+00:00
80ccfe0e-a625-4474-944a-db6e4cfc0ac3,1c8f9fd9-4020-40fa-ad3b-f7c274c55659,c1f897dd-f7f1-403a-b82c-acd27ad99220,29541320-9231-48ed-bc06-786e137fb3a0,898.86,INR,success,2026-05-23 02:53:03.902740+00:00
c8f4a3b8-88a1-49ee-bf26-128627232f99,1c8f9fd9-4020-40fa-ad3b-f7c274c55659,c1f897dd-f7f1-403a-b82c-acd27ad99220,29541320-9231-48ed-bc06-786e137fb3a0,1012.63,INR,success,2026-05-29 16:26:08.914297+00:00
ac59f006-0ab5-40e9-8376-940adde19ee7,5f4a2f8d-ff50-4520-b086-22863e27a87f,3eb52a17-0850-4db3-8c32-6c7b98cd4324,54aac32c-5c5f-4839-bffe-a79f38bc55f7,7470.89,INR,success,2026-04-12 20:40:20.403543+00:00
fb0be35b-a64b-4ddb-b3f5-6a0bcfba486a,5f4a2f8d-ff50-4520-b086-22863e27a87f,3eb52a17-0850-4db3-8c32-6c7b98cd4324,54aac32c-5c5f-4839-bffe-a79f38bc55f7,2826.07,INR,success,2026-04-12 21:48:51.519001+00:00
11e6d28c-1be5-4c7c-a436-7511bd2381a1,5f4a2f8d-ff50-4520-b086-22863e27a87f,3eb52a17-0850-4db3-8c32-6c7b98cd4324,54aac32c-5c5f-4839-bffe-a79f38bc55f7,1398.17,INR,success,2026-04-12 23:36:07.958630+00:00
7cb1f5eb-5580-486a-93f0-c12bb75ab0a7,5f4a2f8d-ff50-4520-b086-22863e27a87f,3eb52a17-0850-4db3-8c32-6c7b98cd4324,54aac32c-5c5f-4839-bffe-a79f38bc55f7,5000.69,INR,success,2026-04-13 02:07:15.799737+00:00
348aa6fa-7ff3-433e-b994-233d696bedc9,5f4a2f8d-ff50-4520-b086-22863e27a87f,3eb52a17-0850-4db3-8c32-6c7b98cd4324,54aac32c-5c5f-4839-bffe-a79f38bc55f7,10.0,INR,success,2026-04-13 03:59:39.116984+00:00
178c6bf2-d45d-4a8c-b6a5-8459081bf544,e57eb65f-903a-4989-859a-288ba124e946,8c90c52e-7e28-4da5-b825-913f604f0112,54aac32c-5c5f-4839-bffe-a79f38bc55f7,656.09,INR,success,2026-04-20 05:37:24.903336+00:00
e322d586-4028-4caf-9131-8d57db70109c,e57eb65f-903a-4989-859a-288ba124e946,8c90c52e-7e28-4da5-b825-913f604f0112,54aac32c-5c5f-4839-bffe-a79f38bc55f7,397.22,INR,success,2026-04-20 10:43:38.347617+00:00
70cb168f-0f9b-4e5a-8e3f-ec64fd6cba5f,e57eb65f-903a-4989-859a-288ba124e946,8c90c52e-7e28-4da5-b825-913f604f0112,54aac32c-5c5f-4839-bffe-a79f38bc55f7,466.34,INR,success,2026-04-20 10:54:49.697831+00:00
2e70009a-6581-4470-ab31-1bfc92604987,e57eb65f-903a-4989-859a-288ba124e946,8c90c52e-7e28-4da5-b825-913f604f0112,54aac32c-5c5f-4839-bffe-a79f38bc55f7,255.33,INR,success,2026-04-20 13:04:04.446539+00:00
e2879cfb-ad1f-40ca-9262-5bd9eb6573e0,e57eb65f-903a-4989-859a-288ba124e946,8c90c52e-7e28-4da5-b825-913f604f0112,54aac32c-5c5f-4839-bffe-a79f38bc55f7,211.41,INR,success,2026-04-20 16:16:14.543564+00:00
b4264a59-33ce-4545-89cc-49b4a43fa2b8,957f1f39-e341-4bc4-b918-07c4487d5078,83b7cc12-751f-4ef7-86d5-6dc3f453737a,54aac32c-5c5f-4839-bffe-a79f38bc55f7,2241.89,INR,success,2026-05-29 11:24:30.653137+00:00
9ce7c8bd-7e1d-4be6-87b8-fc6b75717f30,957f1f39-e341-4bc4-b918-07c4487d5078,83b7cc12-751f-4ef7-86d5-6dc3f453737a,54aac32c-5c5f-4839-bffe-a79f38bc55f7,8072.61,INR,success,2026-05-29 21:59:37.293015+00:00
147410e9-a9a4-4bbd-9f2c-33217baec0da,957f1f39-e341-4bc4-b918-07c4487d5078,83b7cc12-751f-4ef7-86d5-6dc3f453737a,54aac32c-5c5f-4839-bffe-a79f38bc55f7,6794.45,INR,success,2026-05-29 23:18:51.289408+00:00
cab8f210-075b-4b29-a37f-96916289f462,957f1f39-e341-4bc4-b918-07c4487d5078,83b7cc12-751f-4ef7-86d5-6dc3f453737a,54aac32c-5c5f-4839-bffe-a79f38bc55f7,5724.85,INR,success,2026-05-30 17:33:28.498560+00:00
9f275e16-0eaf-41b6-8cf7-a97cf9bb3020,957f1f39-e341-4bc4-b918-07c4487d5078,83b7cc12-751f-4ef7-86d5-6dc3f453737a,54aac32c-5c5f-4839-bffe-a79f38bc55f7,445.05,INR,success,2026-05-30 17:37:56.970911+00:00
7af5b26f-58cb-4aa4-ae87-12ccf7fcec61,c6f86c2c-e3ab-4517-9a63-0fa9b6d70d14,5606690a-38c7-4e00-b7a1-04dc14d6cc6f,54aac32c-5c5f-4839-bffe-a79f38bc55f7,774.2,INR,success,2026-05-23 12:53:19.035906+00:00
69d40308-cc56-4891-86cb-1eec492cd186,c6f86c2c-e3ab-4517-9a63-0fa9b6d70d14,5606690a-38c7-4e00-b7a1-04dc14d6cc6f,54aac32c-5c5f-4839-bffe-a79f38bc55f7,2044.07,INR,success,2026-05-23 15:11:52.826362+00:00
b333cb26-c9f9-49c7-b815-0c622f6012a3,c6f86c2c-e3ab-4517-9a63-0fa9b6d70d14,5606690a-38c7-4e00-b7a1-04dc14d6cc6f,54aac32c-5c5f-4839-bffe-a79f38bc55f7,3663.74,INR,success,2026-05-23 20:16:34.230507+00:00
858e1faf-9460-4a13-9d2e-b9d0ff16953a,c6f86c2c-e3ab-4517-9a63-0fa9b6d70d14,5606690a-38c7-4e00-b7a1-04dc14d6cc6f,54aac32c-5c5f-4839-bffe-a79f38bc55f7,2117.39,INR,success,2026-05-24 00:30:02.653408+00:00
b46fcf09-1d97-4b33-a1e3-22f281eec9fc,c6f86c2c-e3ab-4517-9a63-0fa9b6d70d14,5606690a-38c7-4e00-b7a1-04dc14d6cc6f,54aac32c-5c5f-4839-bffe-a79f38bc55f7,776.64,INR,success,2026-05-24 07:06:01.442396+00:00
37707068-f68b-45c1-b8b0-53f3cf271e92,408609de-3176-4ed0-aca0-b0fdb7c4e01d,0448cb9e-ebb1-4eea-8374-c57d4017425a,54aac32c-5c5f-4839-bffe-a79f38bc55f7,2388.13,INR,success,2026-05-19 17:26:40.676015+00:00
73b7456d-e1c6-4429-84e6-8df41ecbc5bb,408609de-3176-4ed0-aca0-b0fdb7c4e01d,0448cb9e-ebb1-4eea-8374-c57d4017425a,54aac32c-5c5f-4839-bffe-a79f38bc55f7,4075.05,INR,success,2026-05-19 20:56:57.408146+00:00
883a4e7e-2fe0-41f2-bf62-108c3597b2d9,408609de-3176-4ed0-aca0-b0fdb7c4e01d,0448cb9e-ebb1-4eea-8374-c57d4017425a,54aac32c-5c5f-4839-bffe-a79f38bc55f7,1617.4,INR,success,2026-05-19 23:15:35.539856+00:00
e26d7140-87aa-4576-a382-065ab0f48b12,408609de-3176-4ed0-aca0-b0fdb7c4e01d,0448cb9e-ebb1-4eea-8374-c57d4017425a,54aac32c-5c5f-4839-bffe-a79f38bc55f7,3955.86,INR,success,2026-05-20 00:09:34.034181+00:00
5a7e9cfe-2a30-4b65-bccf-ef22f233e9da,408609de-3176-4ed0-aca0-b0fdb7c4e01d,0448cb9e-ebb1-4eea-8374-c57d4017425a,54aac32c-5c5f-4839-bffe-a79f38bc55f7,871.73,INR,success,2026-05-20 05:15:03.045986+00:00
1f309fb6-fc2b-4030-9da9-d6bff91d63ca,408609de-3176-4ed0-aca0-b0fdb7c4e01d,0448cb9e-ebb1-4eea-8374-c57d4017425a,54aac32c-5c5f-4839-bffe-a79f38bc55f7,1920.83,INR,success,2026-05-20 08:24:17.781237+00:00
a16f7433-9c9d-4bb5-9f5b-b630f5928332,8c533bd6-6836-4184-b1ab-4a33f64a5184,cfc75153-f9bc-444f-baef-7bd65dbfd862,54aac32c-5c5f-4839-bffe-a79f38bc55f7,2669.19,INR,success,2026-05-30 10:41:08.487632+00:00
c3e2c09a-4775-484a-a437-ecd5e76dc32d,8c533bd6-6836-4184-b1ab-4a33f64a5184,cfc75153-f9bc-444f-baef-7bd65dbfd862,54aac32c-5c5f-4839-bffe-a79f38bc55f7,2133.29,INR,success,2026-05-30 13:23:58.669229+00:00
cffd88c2-a5d8-4eb9-9728-bf6e715873f9,8c533bd6-6836-4184-b1ab-4a33f64a5184,cfc75153-f9bc-444f-baef-7bd65dbfd862,54aac32c-5c5f-4839-bffe-a79f38bc55f7,4347.18,INR,success,2026-05-30 13:54:56.820643+00:00
64ba87ca-844a-4d16-8887-911301ecaf53,8c533bd6-6836-4184-b1ab-4a33f64a5184,cfc75153-f9bc-444f-baef-7bd65dbfd862,54aac32c-5c5f-4839-bffe-a79f38bc55f7,512.35,INR,success,2026-05-30 17:10:19.120884+00:00
76294fbb-9fd6-4b3f-a025-3f0815d70ea6,8c533bd6-6836-4184-b1ab-4a33f64a5184,cfc75153-f9bc-444f-baef-7bd65dbfd862,54aac32c-5c5f-4839-bffe-a79f38bc55f7,2162.1,INR,success,2026-05-30 19:06:38.609516+00:00
e696591f-b973-4ba9-bdac-23ad9dbc7b60,8c533bd6-6836-4184-b1ab-4a33f64a5184,cfc75153-f9bc-444f-baef-7bd65dbfd862,54aac32c-5c5f-4839-bffe-a79f38bc55f7,4337.32,INR,success,2026-05-30 19:47:25.824829+00:00
ee53e9a5-62c9-4500-b52e-3629b820fb39,8c533bd6-6836-4184-b1ab-4a33f64a5184,cfc75153-f9bc-444f-baef-7bd65dbfd862,54aac32c-5c5f-4839-bffe-a79f38bc55f7,2761.94,INR,success,2026-05-30 21:14:31.453581+00:00
bf766371-9f73-45d5-ba66-6071d026fab0,8c533bd6-6836-4184-b1ab-4a33f64a5184,cfc75153-f9bc-444f-baef-7bd65dbfd862,54aac32c-5c5f-4839-bffe-a79f38bc55f7,5979.04,INR,success,2026-05-30 23:53:22.601061+00:00
8a4af6a6-aeec-40f0-98e0-80e6e4877bbd,12ab5ff2-0cfd-497c-9ff5-583cb9ff9aba,dadb6ac9-a9e7-4ddf-83ad-35e85675ab8b,cbbe88c4-45a8-4264-a209-f5ba7c6ad2ba,4508.99,INR,success,2026-05-23 13:06:07.107967+00:00
c547c330-c51d-44b2-b1cf-f89a3dd9ca63,12ab5ff2-0cfd-497c-9ff5-583cb9ff9aba,dadb6ac9-a9e7-4ddf-83ad-35e85675ab8b,cbbe88c4-45a8-4264-a209-f5ba7c6ad2ba,4397.24,INR,success,2026-05-23 13:09:23.502143+00:00
5e97952c-b15a-4fef-baf6-f3ff10db5cbc,12ab5ff2-0cfd-497c-9ff5-583cb9ff9aba,dadb6ac9-a9e7-4ddf-83ad-35e85675ab8b,cbbe88c4-45a8-4264-a209-f5ba7c6ad2ba,4425.42,INR,success,2026-05-23 23:41:29.333685+00:00
