id,transaction_id,order_amount,created_at
f479c25b-310c-49db-9fc5-33b17118f2e2,ba258f5e-5b2a-4a53-9508-14fecc8dc0ec,476.74,2026-05-04 08:14:23.314665+00:00
874346d0-3af8-4b5f-bcf8-ebc29f66d1df,c6f42382-2f85-4251-9f32-f6f685ceb16f,696.35,2026-05-16 01:19:53.105599+00:00
9b30b69c-553d-4fac-9945-be8779f02cc9,7f86e450-4842-467c-b3cb-2fc04154a3e2,990.4,2026-05-22 00:23:31.159180+00:00
a0aaef77-f0b2-44cf-b004-bc764f5a44ad,50774e60-65d6-46e6-b552-8483b121c718,907.89,2026-05-22 07:07:34.399945+00:00
b16aa268-a2df-4305-8120-719fca3cf14f,0d51361d-4013-400b-94a3-4d80c328e825,1282.88,2026-05-30 16:43:55.765024+00:00
a2e96a27-30eb-4031-baf5-8e17e383eeeb,f9376417-5840-48eb-af3b-6501394a23d7,3369.38,2026-05-16 11:13:26.293919+00:00
a86d82d1-40ad-43a0-84f1-b124c90023a0,469f6b7e-5d8c-48a8-9a9d-c49b52d9f96d,2005.75,2026-03-31 00:37:33.736641+00:00
5dcaad3a-5c36-4ec9-8d4a-f07e9f6167b0,309bc7a3-9353-4ee2-b326-413184123e50,647.82,2026-03-31 04:33:53.526383+00:00
55189959-b74c-404b-b80f-1e5fefcee60c,62bccd64-c8d4-4408-a254-a078fac9ef7c,1255.97,2026-03-31 09:20:10.612401+00:00
83d9cc4e-1fcd-4fa2-aaec-909c7568666a,32f52cd9-e67b-406f-bf0b-f7416d56ec7f,1255.37,2026-04-07 03:09:23.644595+00:00
3b3e51e3-e31a-4ee0-9a96-e2507cc0b07b,af95dafe-22cf-4dae-a5f0-0618643dc476,1167.07,2026-05-31 16:52:56.960803+00:00
22fb19d9-c1a3-4c36-8531-ba60b29cc99e,3594151b-c971-4f78-9330-2c7ebb3bd72b,1309.65,2026-04-05 18:46:13.015264+00:00
c09bebbb-4511-49e7-b0f7-cc4cb70d0dab,fce81b0e-beb9-4ed4-a07f-d45d85b60e9b,3029.28,2026-05-19 04:17:53.729884+00:00
913aaa04-d983-4fce-9b8d-bd5fed07e921,87a3bec0-1488-4d05-ae15-fb2f5d23f810,1727.16,2026-05-21 13:16:20.000024+00:00
4eb171db-2cfc-431a-adcb-f37a042ac6af,fce41b09-2b1b-44d8-9553-cc7b56bd1ecb,3828.34,2026-05-24 14:20:24.534927+00:00
1c45d509-a00b-495e-bfe9-98d21de0d3a2,22ad883a-b315-4d68-bbab-1d53b712c53c,1765.53,2026-05-25 21:35:19.145006+00:00
69ed26fb-4a39-4a20-83d9-aed5576a035c,07c3ca98-a9ac-40fb-992d-a11ee8bd8b78,470.97,2026-05-27 18:35:26.881785+00:00
b72d5c1d-fa08-44a2-a2e3-7cc3f95b6884,05c5cb96-26a9-45a1-bf39-d31ba81e2b53,674.38,2026-04-23 11:25:29.030987+00:00
63c33982-7043-4a5f-9589-0a432a2ecd28,adcce766-4fe2-4501-9ef5-992479eac4ca,100.86,2026-04-26 01:22:10.127931+00:00
a8e77828-11cc-4de9-8423-d67a31cb1eb7,09927426-bf0a-4e47-99fa-02a655947ea0,827.22,2026-04-30 04:18:30.346172+00:00
cad8eaa6-d565-4746-8c65-331417a259fa,d3059f41-68bc-4157-98f0-693a9c9cf0ae,597.84,2026-05-02 06:44:38.686266+00:00
d4013229-c0c0-48c9-91ed-b66b8e7f7e53,a9096bc4-f15d-4c35-b598-31c326084735,946.45,2026-05-15 12:20:41.308514+00:00
294fb0de-68d4-4340-b653-a9aaf8367008,576477b4-d676-402f-ae73-32aa9d683746,1289.01,2026-03-26 06:38:31.511608+00:00
f658acbd-9758-4d2a-9fe1-5486b503d6fa,5130ab77-b3e5-426a-aad0-b9bcd5a6234e,2711.67,2026-06-01 00:19:45.137188+00:00
ff420138-3e5f-4cb8-b2e5-7e4b743c4d34,ccc51ea2-36e3-46c4-8d8c-0528a58e601d,3899.67,2026-05-10 19:01:56.057040+00:00
3213a31b-eb4d-4640-b0e9-b6a701d02c78,b181cce3-8216-4847-8006-ebd5d14704c0,4712.48,2026-05-24 15:09:34.235328+00:00
eca01284-6ce2-4dbc-8378-2dc1b8e772eb,c8e5c31f-c907-4db3-b44b-90bdff65c0d3,6364.66,2026-05-27 17:10:06.111936+00:00
0f47e5b4-ad0e-459d-b4f1-b0670050c272,f22a6a33-7a9e-42f7-bcda-fd9341996086,1523.51,2026-05-30 19:48:06.555250+00:00
06e28f01-c0fa-489a-8f58-a437fb8a4ba1,c22b5176-3742-4ab3-9db3-a17802ba466f,2730.78,2026-05-17 05:57:08.381519+00:00
72e598b7-af3a-4b35-9156-274590d83ac5,9bc8e913-18e7-47f6-be28-35b95a15d6da,2256.19,2026-05-22 16:16:15.833663+00:00
e0b24087-bdf9-477c-be4b-775c42b3db96,5c3137f2-c83c-4fce-a42d-f5cb32e5dfe1,1230.67,2026-05-30 03:48:02.323158+00:00
10ade609-b95a-4dcc-aa0d-df13b0e95503,628aeb66-7c66-438a-a429-48013ffbe8b8,2643.52,2026-04-28 17:08:14.513156+00:00
12e411ac-4084-4702-b057-027144dd9bc8,49d4dd16-beec-4c72-81ee-e5d156f6040f,1498.9,2026-03-13 04:52:21.327210+00:00
0ea7451a-5a17-4f42-8e68-2776fda5e21f,498f7261-8133-4e6a-a7e3-b900ba60940f,1457.73,2026-04-19 14:57:17.441773+00:00
b3a2cc75-8eac-40b6-8c7d-45d092f6b33e,8ef0cb6c-d459-48ba-878f-f1dcf5919301,3104.05,2026-04-20 22:28:54.595573+00:00
5240ed37-171c-467a-b710-d12de0e18a83,1b3a2946-a68b-434b-9e4c-8249c5566f41,1602.16,2026-04-27 13:24:50.621924+00:00
c33f343c-80ff-467c-9e7f-87275711ad8a,ce2a4da4-e318-461d-8505-b1e373ee0d5d,1287.04,2026-05-20 16:10:17.210062+00:00
27b2e7c0-3b10-4d7f-9323-edec84984859,cdce70ee-643c-4095-bdb4-4a197f22a124,2280.6,2026-03-29 05:07:40.046962+00:00
76b552c9-e6a5-45cd-ae15-b0dc29550993,fb45f696-db6a-45a4-9606-389d944b4856,3926.32,2026-05-09 21:41:30.476283+00:00
1198a729-0c9b-4408-8418-e8159838b0ab,6615107e-4356-404f-bc23-d6f464aca163,3860.76,2026-05-15 04:53:54.483446+00:00
1b8afbd5-a17a-49e4-a6cb-a0852d54f21d,a58eb2c6-2b75-408d-b153-ceaa5876b9ba,3271.41,2026-05-29 19:23:18.315931+00:00
30ee2df7-ae8e-4be2-a4c1-e1e38b9a4678,10cd2d68-10bd-4f8c-a70e-e2db64df1f0e,1237.0,2026-05-29 23:20:58.532442+00:00
d12173af-ce4e-4864-ae94-97f90f0c397a,1c496cfb-85cf-4492-b7c7-250f5ad306b0,2009.22,2026-05-30 06:17:07.932587+00:00
1810f5ac-fcdd-47d7-b02b-90a7068ed9be,27fb1c2f-eb8b-46c7-b848-d9a8e8651cf2,4630.27,2026-05-31 16:10:35.280448+00:00
cb1239ef-bfb4-47e7-8b65-5f5dbb40b747,17c17582-aa15-4640-b29f-7a67f3ec38ab,5532.93,2026-04-08 13:50:05.638481+00:00
d77d1de4-c497-4199-92ec-d2ac887d3b7b,8f7d251b-d36a-48c4-bbde-5467dc372f9a,10.0,2026-04-09 22:49:22.505887+00:00
76799793-9972-4fcc-a435-db39bbd8cf02,4f43cbea-90f6-44e1-bde4-3b38310b452e,5459.77,2026-05-18 01:28:46.833580+00:00
a16e9642-88b9-4aaf-92d1-161029f13e28,66f422f9-2ce9-477b-8106-5978725cea59,1190.4,2026-05-18 03:43:40.703573+00:00
a1d2285b-393f-44c3-aacc-e1c024690274,ad5e85ad-3f38-4d8c-a06c-cc3be3af67f2,3681.96,2026-05-01 16:49:04.711022+00:00
62721992-dcb0-46d4-aeac-e90dea27c55d,e2cc3e18-b852-4076-b5fa-25902b0ffcae,1501.37,2026-05-13 02:53:26.411853+00:00
4ac07e35-727a-468c-a5a8-cd7bafd2a5ac,93f1709f-cbe6-4f89-97bc-acdd40839226,643.27,2026-05-15 21:32:57.854111+00:00
32e4eebc-b1ee-4ebb-820e-945d856b2f23,82bb94ac-53d2-4174-b2a2-a20270ab6f60,2426.24,2026-05-28 23:02:24.573934+00:00
d6797162-985e-4fef-bc9a-b29b5364be3c,601dcabc-5c7b-4eb7-b594-c4afc58edd81,4294.0,2026-05-30 10:30:01.134268+00:00
6e8b78a3-9989-4a9b-adad-793758d2afd4,7a8638bd-3013-45c4-b1e8-c724b5982170,5536.97,2026-05-09 18:25:49.505764+00:00
e89e4744-10af-437e-a9a9-461a4eddedfe,dd2069d2-fd4e-4e22-985e-5af640b1125f,3165.38,2026-05-09 19:18:25.367915+00:00
3b5b57f2-311a-412b-b9d2-3d1bbf91444f,6dc84361-8a01-4c21-9289-4029ff2773ac,1442.61,2026-05-09 20:15:51.574103+00:00
1c1db797-c4b8-427e-89bc-b9fc07026ba7,e2f3b2eb-dd2c-4f69-b8c8-3c3a921785de,4487.64,2026-05-10 01:32:56.634875+00:00
6620cf15-4da3-416a-8dca-7860972a4858,122d5632-909d-40c4-9441-12f5d689018c,4137.89,2026-05-10 04:55:40.935720+00:00
c879904c-53e3-420f-8822-77a103c51ba6,ec9f9cfd-c09d-4618-9a13-9d9d24e6e881,364.78,2026-04-18 08:00:03.929997+00:00
551440bf-47ef-4a96-a5f2-bc968832d72f,4b3854b8-d715-4f4b-b5ed-ac8d7d19aced,5706.61,2026-05-15 06:07:56.348317+00:00
087f3a5d-eba3-4d58-a733-1669bc972ab3,d46800ee-2ff1-460b-92fa-758bb0e66b6f,716.24,2026-05-21 00:43:30.587596+00:00
7a71d88f-8def-4c14-bfdd-1a297ae4c1a7,4a6be61a-3ede-42ed-a1b7-a6060cd288e6,3638.76,2026-05-21 20:48:35.120369+00:00
c37912d7-925c-4ab5-995c-956ee9b761f8,89ce94da-0db8-4aab-9aeb-39ae65860150,4453.74,2026-05-31 02:34:52.851922+00:00
0e5f3ecf-691a-4966-a477-fecc877ce798,022bd087-3fe4-43cd-8072-87708ef1232c,393.8,2026-04-03 17:53:19.918037+00:00
fe03a978-728a-47b7-a5d4-7aec166f6eef,0f00213f-8ded-4352-b174-6b7e100ca86d,515.73,2026-04-07 01:16:41.781536+00:00
2777a333-9d2e-4cbf-bc55-509261cbdaf7,4065b715-8183-4cf8-acdf-0e2ab44b5e77,437.75,2026-04-09 10:21:53.030973+00:00
bfba06ce-91e3-4061-96f0-e01acb990206,bde82478-1f31-4667-be8c-4f79a727ec06,71.35,2026-04-17 06:31:48.819598+00:00
66d337f8-1a8b-468f-881a-2f88226ae20a,610bd8b7-4b77-4025-9513-531894490230,506.41,2026-04-20 14:38:35.319314+00:00
0aff1da5-5e17-435c-bfb3-c084203d5216,63736663-2b2d-431f-b0d1-1c7fe1c30982,2921.43,2026-04-28 06:57:30.647270+00:00
945c38d1-3cff-4c23-9e7e-d52c9fabbf15,4b44ac16-db09-4e42-87cc-0003de7aaf1f,3418.43,2026-05-16 14:16:56.229323+00:00
e981d1c6-2105-492d-924d-240fcfddfb88,eda541f5-a7fc-40c1-a570-6806344981f6,4844.57,2026-05-26 01:33:51.363561+00:00
3c2e0e45-ab92-4d16-9add-b1660b43a9ec,8c305e7f-3e3f-43fc-b92b-337f6f5603fe,4709.27,2026-05-28 15:13:27.683936+00:00
2048fc1b-8649-4bc9-a63f-06ee7aa8a072,b9f1b120-09df-46d5-94e0-59aad0db8b8c,3882.97,2026-05-24 08:39:23.511504+00:00
f2f20006-6e94-4abf-88c9-3eb5a6afbc47,a822996e-b445-4bb6-9f1c-70dd2237d8cc,232.19,2026-05-26 06:41:16.748442+00:00
981abe66-18cf-49eb-a9d5-4963e8ea8cc1,20f49d52-b7b6-400c-88c1-adab319b3c07,2513.29,2026-05-31 13:39:54.883407+00:00
3252f3de-26fb-4531-812d-6997323e4b8f,f3ee565d-a729-4b41-9e29-ee4bb6e26bcd,3943.13,2026-05-31 16:23:20.050309+00:00
67a77bd1-9424-42cc-a472-b714af156a06,0ef66bca-94c5-4d13-aac2-7aa6b2c2ed29,579.89,2026-03-11 08:33:17.950481+00:00
d9ce53fd-02dc-4798-aef1-7a5d19f5939b,bcdea924-8a4c-4ac3-9d38-5dccbe430535,452.7,2026-05-25 20:32:18.399550+00:00
908d9bba-b7ac-47fe-b594-e58146573f46,67873d1b-4d26-4a8f-84e9-541d6e45bdb8,603.14,2026-05-26 04:13:16.191480+00:00
586fe531-cdc4-45e4-997d-46d6100604cc,2f132cd1-10d1-4af2-812f-ba9a1740257c,363.95,2026-05-31 17:50:56.079878+00:00
ec5190a4-546f-4c79-904f-d2c0f401d6e2,7c90def0-5c9a-49b3-93c4-53791068aa1d,489.26,2026-05-24 12:20:28.961355+00:00
9b896d9b-bdfd-4dcb-97c6-ce75a746d1b8,0bc3190d-dfd3-48ca-8a20-0b580b80e309,505.02,2026-05-27 22:02:49.244697+00:00
03e1c702-aece-4d3b-aa46-0a669113c466,556c1bc4-3b05-493c-b3fa-19155c9f4177,297.82,2026-05-29 02:41:08.566043+00:00
8f3e7332-fe64-45ac-9374-3a6f16955d23,84bd5c59-b856-4cb1-81cd-9f32b648e109,431.55,2026-05-28 13:23:30.789941+00:00
5fe2109b-58af-4539-924f-d43233437c16,4fa3240c-46c2-424b-acc3-82ee1584da84,1875.03,2026-05-28 16:36:56.059212+00:00
73605b70-0f25-40f9-a758-dda8c27e65da,d5f78c65-0851-435d-911a-d033d4707475,1188.62,2026-05-24 15:42:02.253514+00:00
4492a3f2-029e-4ba8-bd8d-671078109341,de95cbd0-d6d3-4b2a-a8cd-531fb60e9115,1311.69,2026-05-26 05:28:45.887719+00:00
406b3999-fb9d-4050-9d85-5c69b11f1de7,0e60cdf1-0fc4-48e0-891f-150676945de8,1303.32,2026-05-29 16:04:39.093676+00:00
970df060-980d-44a4-90d6-4a6e58eb009c,50d5ae50-618a-4122-bc69-a88100132b30,1132.84,2026-05-31 01:18:34.699522+00:00
476ca1f9-77a2-4f42-b4a8-10034ad324c9,f1e90d7a-f3fa-4651-be4b-d43b9ba268ec,575.61,2026-05-05 19:14:53.101407+00:00
63d53ccd-15f4-4598-bd2f-8f4862a98e09,533464ce-b69e-4286-beb5-a1ce6ab33726,365.87,2026-05-13 22:57:32.788413+00:00
959cf8ac-fdc0-472a-be37-d4865d156cc4,e9d4202a-e2a4-46f6-92d1-11b722661d81,357.49,2026-05-15 10:00:49.919588+00:00
30b5b175-00ad-4da0-aa15-295f9894d901,03ba2955-a5fe-49ff-9edf-ec191bcff90d,434.22,2026-05-20 13:53:12.637093+00:00
05e5eca6-e4da-4dce-94f5-8da1310aba8a,24a79d77-ad6b-4aaf-a330-1e154d4d362d,426.34,2026-05-25 21:09:42.045158+00:00
1257f197-767d-4013-a0bb-9fea73be6b1e,5fd6c3d5-cc76-4a86-847f-94652061eb76,64.83,2026-05-20 01:51:25.116146+00:00
51ec14e4-9168-4a73-9032-1fadabd19997,08bb1a91-d179-442b-aab9-f0a5e4a3b851,756.47,2026-05-21 03:49:55.796135+00:00
0d799699-089e-43d1-a3bb-9f634e5a5cbc,9c8f32f9-24bc-4ec0-bc72-0e41263536a6,1695.84,2026-05-26 05:42:16.189241+00:00
745af854-2e14-4f8c-a174-1f9f3d86587b,4bb860c3-cb64-4e98-af65-318525ba941c,1562.3,2026-05-07 18:37:10.897939+00:00
2788e5c6-1cbe-4354-9455-8aa5822e1a3a,da5791f5-8819-4f97-a74e-79d8a9c6004c,2973.92,2026-05-23 22:05:12.209453+00:00
dccc5ed1-3131-4214-94f3-cb9adb3899cf,327664ea-63a4-4dbf-b952-87425fe55d30,2142.67,2026-05-30 00:25:30.204185+00:00
ff142344-1288-4140-abf5-cf57badc61b4,619ce6db-8ab6-4ee0-b5d7-fbeddcc6fba4,1055.33,2026-05-09 09:52:36.656931+00:00
e21443c5-040f-441c-a585-e5674fb190d8,4480b799-d390-4c38-8c78-a70e88074ad3,1514.87,2026-03-15 00:25:50.880796+00:00
14e8e1c7-c8d3-4f43-b103-1889213e66ec,303fc001-1a6b-4e9a-9293-c02f559088e3,102.32,2026-05-02 00:41:28.396416+00:00
13428494-18ed-4bc8-8060-7ac65860a035,7a987d45-5b0a-424a-bb70-b769445f3ea1,92.76,2026-05-21 23:16:46.692150+00:00
bf1c3bb4-40c4-461f-88fc-87e836da0c3a,4cfcba99-7f69-4c38-8398-0f46048f3277,2331.21,2026-03-21 20:29:58.351793+00:00
7f25edd3-a07a-455c-bded-669b534257ad,4529f3a4-a84a-49a2-95d3-f6bf1e2bc81a,4530.12,2026-03-31 16:22:45.273086+00:00
b5d3995c-f92d-4892-88f0-e35eddea41ad,95b9807b-d1b0-409c-9f54-1132673804e5,207.58,2026-05-19 01:08:43.690153+00:00
ee5e7915-f765-4fb9-bdde-149d5750e3fc,72dd5018-b25b-4a04-b3e8-8eb437229dd6,3960.15,2026-05-16 20:36:19.368794+00:00
762f812a-7eb4-4c72-829d-5a440c48aca6,6ce797bc-2491-4e7e-b349-ca17113c5b76,3152.82,2026-05-28 03:06:56.420023+00:00
1a23995b-8fc7-4223-87e5-c3f5e67d8fea,46b66f30-f3e0-4503-9931-a63e0c3b3268,2461.51,2026-05-29 11:54:28.457667+00:00
0db64c9a-725c-45d5-97b4-3559eb3dd437,34fce881-0fc0-4f03-87ba-b1736def57ec,2197.93,2026-03-21 19:38:40.121257+00:00
8fd9ecbb-ff89-4dcd-91b4-0054b1fefd10,32f3c5ad-a50f-4ad4-b6f1-f9c08b62af18,3590.81,2026-03-23 02:37:02.166105+00:00
1beecda5-cca5-4b7b-ab8b-03929090d472,a454c752-c634-4188-853d-ef351bc78ac2,10.0,2026-03-26 13:24:43.744090+00:00
51b97fe0-f115-451e-baac-9845f0ecd704,f27f1a64-44d2-4752-9b31-6c4e9d5ae27a,1550.43,2026-04-28 05:19:13.324027+00:00
f6f21e59-4226-4c13-90a3-cc65ce92758f,f32af740-1807-493d-9872-71ff1f50e3b6,1886.39,2026-05-14 13:25:33.454922+00:00
cdff86f4-e517-4686-82af-4f6049471373,a49bb91b-bd9b-43db-9d7d-79b63c4dd6b7,419.2,2026-04-15 21:50:58.234321+00:00
e53f1744-c958-4272-98ae-df4157fbed5b,cc392011-50b8-4afb-93bf-1b14c47d7dc6,242.97,2026-05-04 07:17:36.239578+00:00
5a813c8e-d96f-4df0-a337-690e0d89e01b,97eb8dce-85ed-4932-9259-3c8f4fca42ec,355.51,2026-05-08 13:07:52.890014+00:00
7c720381-9edf-44b6-8046-8f2fa7a5e2b5,d9d6c871-76ec-474f-9a4b-7c76577e2e01,576.68,2026-05-10 22:36:44.552103+00:00
f6f12f01-65d2-47c9-af66-88e60117b049,ea2c1097-9722-4475-887c-2790dcd836a4,1828.32,2026-03-23 12:47:50.939420+00:00
c4092301-8786-4777-817c-c4510884c187,660a1fb6-8272-4bef-97a5-4ea7498c3c14,1702.98,2026-04-14 21:28:59.618056+00:00
4e5229c5-6aea-47ac-8312-9f6d63dca087,b06a1baa-1988-4cda-bbc2-1f9d2960d111,1749.5,2026-05-29 20:06:33.125694+00:00
daa11179-00a9-4054-81b4-21dd4c11655d,49bcf61c-bb39-4ac5-b70f-16567a66ce16,1627.67,2026-03-13 08:40:47.134804+00:00
27bd0061-5ade-45e1-bb69-62221ce9526b,968bbe88-9c27-4136-9228-f1aba6e86e01,3199.44,2026-03-15 06:47:16.993523+00:00
8998d699-e6e2-40a9-b2ba-7aae84fbe79c,745b1ae6-8315-414d-ad28-327a899e0d4b,248.48,2026-04-13 12:21:31.299047+00:00
192e390c-2bbd-41b8-9b34-d275b6368bcd,273d96aa-4d70-4a5d-8a89-7ec60929b836,895.19,2026-04-20 06:24:33.878500+00:00
1bd2c925-6540-4003-aa88-5bb1e9ea50a9,b312b518-2653-4383-91a7-b78d5f2aa945,487.81,2026-04-26 19:03:19.650172+00:00
f97a016f-af73-4bb6-8480-8cd1613ffee1,ade71f2d-c9fd-432a-951f-0e5b5cd1e119,434.92,2026-04-29 20:03:46.499562+00:00
30d2aa0b-6a4c-48d7-9b70-6ddea112a12c,e94511cd-5f2e-4ab3-b231-c50e6189310d,481.74,2026-05-24 13:40:15.648387+00:00
5eddbca3-996f-44ef-8142-6c6a71ee2c9d,c9cba67b-000c-4430-8972-4e0642249f6c,4082.18,2026-05-23 16:19:47.046051+00:00
062c3500-8280-4eae-a6ed-1dfae003ed4f,820db572-4eae-4759-84b5-97f4f9f6eed8,4027.91,2026-05-24 22:57:44.912384+00:00
d0b8527b-3bd9-49b6-9bb3-4c38acb526bc,d843ff54-baaa-4ca8-a660-138003db5e5e,3129.65,2026-05-25 19:31:59.204954+00:00
e7569153-40d1-4896-ab54-0615e1b27a22,c220e646-f78f-4a4d-8a32-d76a24e54abb,4445.69,2026-05-29 15:23:42.690679+00:00
facdb5a1-ad3d-4540-bc80-d812e770ba0c,f85b0d14-1731-420e-b4cd-618bee48d408,3445.89,2026-04-20 20:12:16.225188+00:00
3470437f-2141-474a-aa39-fa4de83e7c66,c1fbc036-0268-4989-a802-8c8d73af4ac4,4722.83,2026-05-06 11:42:11.341981+00:00
8bc3df27-93a8-4b1c-9ff5-6f318ed39b43,017208d6-0783-4f7b-8c93-1b01dec0f2e7,1661.73,2026-05-22 05:20:18.770976+00:00
64f980b4-a108-489a-ad32-7bc3c8c039b9,7393c9f1-0a63-41e1-bfa2-d1a054a6ada5,1082.3,2026-05-30 08:28:29.465194+00:00
5d1828f8-bc47-4af6-b030-6c306d23113f,3125767b-e735-488b-8370-8d89be7a3c4e,1236.55,2026-05-30 23:35:19.034187+00:00
fa22f64c-96d7-40d8-b299-937d3220d0c2,97927a0a-7721-4b45-be8c-0cb0f7f55b08,549.63,2026-05-14 02:56:34.224803+00:00
9e63a9be-aba6-4a43-bd2d-93de25b8619a,75383732-a5d7-4004-a31f-731d299c70ee,843.95,2026-03-16 12:18:33.563814+00:00
aae39eda-bdd9-4428-acb8-382cbe0f3121,4e68c3eb-2460-46cd-ac22-a1643f1c62c5,10.0,2026-05-02 13:53:38.016729+00:00
6a1c51e8-b341-435a-9327-08bdf53a37a8,c93c0a1c-fea3-49ba-bccc-076c2599bf3f,382.47,2026-05-09 21:27:27.073544+00:00
27c96903-658b-4d73-a521-cd8f80fdccca,5cf72220-fcf4-408e-b2f9-f909e0651239,42.58,2026-05-11 14:24:27.003492+00:00
fe10508b-f9e0-4db1-8afc-7e8c08617bfc,3a67b0c0-b9d9-4a22-aaeb-e905ee2cc2c1,10.0,2026-05-19 20:47:56.884921+00:00
3c757b8f-49d6-45e3-b401-ee0322f96c25,b195b43b-a7b7-4c61-8e35-81b981fc5f56,1056.42,2026-05-20 14:28:12.956597+00:00
4e51c05c-7d04-4347-98db-a8488e95387f,2c4dd55f-5f0a-4b23-871e-d6d300c61475,2314.35,2026-05-29 10:03:13.523776+00:00
b419d7df-1c3a-4360-ace8-3a3e3932351d,b7692d02-88b2-4e91-a89c-8aaa0697534c,763.1,2026-05-09 17:04:49.332991+00:00
c60b42a0-128d-4581-9163-897b4e35304a,65f99308-dcb3-46f2-8596-0f5a413f1aff,493.8,2026-05-15 16:44:17.961318+00:00
180e2cac-87c1-4859-b219-4f1bbb14b48a,55d06ce8-bdb2-46cb-946f-245d12e88447,384.37,2026-05-29 05:25:16.079012+00:00
0514c96f-5ad5-4c01-a4af-ade15975f9da,9498992e-fa9d-4d11-aab9-ecdb94aeee43,2404.26,2026-05-13 15:45:30.461928+00:00
e4de8bd2-a89a-4334-b59d-4eaf9fa4b835,a2c52d06-1a44-48f3-9fbb-a9eeaded5a86,1662.68,2026-05-27 04:15:59.123172+00:00
160335b2-2d29-4d50-b318-a150dcd0204b,9c59318a-3f5b-4185-b569-f63e9aa9456c,3798.28,2026-05-04 18:28:55.749942+00:00
3640e921-0482-4e92-b680-2c95e382c2f2,d0e91a97-6f8d-40b4-bdc6-f55b4c9989f3,2896.91,2026-05-26 22:01:14.355295+00:00
1227863d-0bd3-41b8-ab51-bb09720a13f0,9088da68-c57c-4c84-86fc-2428ab66d449,3696.92,2026-05-28 09:02:13.996686+00:00
6acd05db-bf2f-4c12-9d50-14b48afe69d1,ba60a473-ee43-469b-9e30-ca072c18c1ca,3468.9,2026-05-28 14:45:17.380251+00:00
ba7a2b02-df93-4ffe-a574-e9568d325153,1b4e7899-1b20-4c0f-a95d-c39dd0464500,757.96,2026-05-29 13:25:37.445344+00:00
ac50e1ed-0234-4097-9520-5c43176e0d83,f068b947-41a4-4530-bbcb-3e650316325f,402.06,2026-03-20 03:09:15.809676+00:00
08368f6b-e969-47f9-9547-3a35604e65dc,08171e79-af2f-4e9a-b687-82e3f58edd1c,300.8,2026-03-30 08:57:26.243541+00:00
ff9c880f-89c2-47ce-9597-c30a914c3e97,f8698cb7-39a3-4dc3-a3bf-79cf8edce6bc,265.18,2026-04-06 12:48:55.672864+00:00
d7aaed88-9e4a-4d44-a01a-75da1aed23bc,66a43849-18d6-47a4-b0e7-ccc73ae5d179,466.32,2026-04-17 19:46:26.002568+00:00
c555a999-08b9-44bb-9b7e-fd2adbfe0db0,c257e957-65dc-429b-abe2-aa5bf8d2d2fe,497.58,2026-05-30 20:50:27.732925+00:00
6a538bbc-4fb8-4518-905c-2ab119ab81e6,1d789c59-a5eb-42c6-8522-6854e6812139,6160.64,2026-03-24 10:53:19.013517+00:00
227c5be0-76a4-443f-8242-8b63ed3b0e37,bf54fa22-cc59-4e27-a4e6-6115b926531a,3051.12,2026-03-27 14:54:14.665233+00:00
f712fe24-a287-4c22-bbf8-96c134eb00e5,4a0ac4f9-6343-41b3-a977-357a625073f6,891.21,2026-04-21 11:35:52.492465+00:00
8d96b7dc-ac7d-477e-9556-28573bacf82d,72130d27-6df5-4841-a547-0cd282b2b4a0,2533.05,2026-05-12 09:04:19.713226+00:00
9e127169-fbed-4654-b95f-56db6a2c309c,50601ae6-af05-43d4-833e-ed808981334c,4312.68,2026-03-11 21:22:16.842972+00:00
5907808e-6f23-44d8-b7ff-91e0d160e614,264b87ff-78a0-43b0-a11f-bc066a39add9,2579.55,2026-03-12 20:38:13.350153+00:00
57233861-39e6-487c-8fe0-7dc70f9af6a3,2ad53145-1431-4409-9d8d-3e31423bbd26,2420.56,2026-03-26 13:57:08.363743+00:00
08486b01-ad51-499d-9810-c9be8a765f72,6773d919-e35f-4a90-b88d-23dc6bd650c8,3473.66,2026-03-27 14:34:37.820975+00:00
499ba6f1-5745-403c-99c2-f020aa440a70,d008e01e-e295-4dae-aea8-f692033475c2,1076.57,2026-04-01 03:27:45.074782+00:00
c99a0cd0-0224-42ad-9afa-c7859106fba8,d0fd9661-c91b-4f0c-875c-47475d7fc39e,307.48,2026-04-11 00:15:07.850248+00:00
add513e9-b263-4840-a4bc-864570056584,61ebafbf-b0e7-418f-8ce4-0300a328d725,859.11,2026-04-27 03:52:10.662847+00:00
eba789c6-7d70-4e1d-9ebe-dae2bdc6c4a1,209baae3-6fde-44cb-a89a-82528179bc3c,812.71,2026-05-11 20:32:51.184399+00:00
76c0fdb5-5b51-4b4a-9457-3131ecd43ec6,841682de-762d-4f6b-99a1-a5d624a5b3f1,709.86,2026-05-13 14:30:18.774123+00:00
4a2d0692-0983-4c32-8f91-b5a6db4ea4a9,8519c7ce-e4cb-4044-8244-7628a70d316d,772.15,2026-05-29 06:39:08.117306+00:00
771b0d52-9563-4121-ae7b-6febefe041ac,91ee3c24-095d-46ef-ae0b-d8dee88b410f,1440.35,2026-05-17 08:03:13.418097+00:00
55727d5c-6bcd-4810-8e70-76f5921d169d,193bd0ef-8db6-4ab5-b696-7d04df683a23,1212.74,2026-05-20 09:31:53.781241+00:00
53c815c0-bcd0-4b9e-ba9e-120cd8cbff3d,f5bf0ea2-0530-4273-aa5e-999890452367,1210.5,2026-05-22 12:10:15.403886+00:00
add81ef4-942e-4ae7-bdea-c3ccec9f4fc7,7524a2e7-5432-436a-8fa6-46ebc759bf53,629.83,2026-05-30 04:17:08.800136+00:00
216b692e-6b34-4ae0-9698-79fc2f585e1e,603c784f-a595-4f0f-801b-2e404dc7de53,1079.5,2026-04-02 05:03:31.387395+00:00
eea031cd-7ac6-4848-ade8-a5d6410ebd86,3cbe82c0-5f87-49b3-a607-e0017c1951e1,1447.99,2026-05-03 18:58:04.992884+00:00
68038863-08fe-4885-a1c1-6bbd0e970c4b,80edd349-2ac0-4a1f-9bc7-d745f1810a5a,970.87,2026-05-31 20:56:43.430378+00:00
844cc4f3-5b98-42ef-a0c1-dca66ce6ffef,5728147e-48f8-4c4c-bbc3-7ca6dcf9e9ac,4126.04,2026-04-03 20:00:00.625310+00:00
0a874e53-fffb-433a-a167-2a3bc0c46d0c,d22dcc94-ac52-433c-9d20-223f809b06a7,2467.66,2026-05-06 16:36:45.415232+00:00
8b03b714-3af1-4e4a-819c-08429508c093,598c6803-f518-4c1c-b552-87e68947b3a8,1802.81,2026-04-02 02:27:26.075883+00:00
5c57cc01-13c0-48e0-bb95-3f036aaf3526,dfa93c36-9ffe-4425-9f86-d0e89c6084b0,1675.78,2026-04-04 00:46:35.839314+00:00
b9200735-b88d-4fe6-a4d5-d15570eb7568,0d724699-3638-42ba-be6e-cd9a38311ee6,2539.11,2026-04-15 19:08:17.751328+00:00
c833adf5-5653-4c54-ac27-421d7297852e,b780348d-7b6a-4f4d-993f-303915739dfb,3659.26,2026-05-18 11:13:37.390457+00:00
d5b58522-3f9a-4e45-8300-8f57951b0dd6,9613cc64-46d5-4d76-8c2a-8744dc8f4860,2341.04,2026-05-21 05:58:07.298406+00:00
bea33a58-0ff7-4a0b-95c2-8e17c77f9475,7bd47fed-8f56-4c5c-ba4d-b7cc09aa7aff,5159.39,2026-03-08 16:27:29.914904+00:00
ba741f22-bc21-4531-bdd4-ddce4301be81,cdc2b2dd-c43f-4d47-bae6-1a18c0ee78cc,2097.2,2026-03-19 21:54:24.000580+00:00
75108ea5-ae5f-45f9-af18-ad3840a54733,4d2b0871-0b98-42bf-9246-5c7c282f21b7,3134.26,2026-04-15 21:57:03.513549+00:00
1e46972a-d1a5-4d4a-8b78-36f989dd5239,f357e489-d199-4eb5-9297-3238c7721658,3074.61,2026-05-06 07:36:13.853789+00:00
63c61242-0b23-4925-9d58-04b60903a0b7,bd03628d-2537-4b1e-ab55-ee3ab3b13365,2926.41,2026-05-11 05:44:39.033961+00:00
85506894-5581-43bc-a231-7727d9f2c66a,12b50def-f676-466b-ad99-b0e91623ebbb,1633.22,2026-05-29 06:24:34.267591+00:00
c271169b-cac3-4c0f-a677-3af4b4bfc664,340e4e44-c944-4633-9ebf-c8ea663c1322,3299.43,2026-05-30 16:54:31.474726+00:00
3fb991ec-3a87-4f42-8320-59cb0c74f788,db409ffe-9afa-430a-be4d-403d3edcf7df,1226.61,2026-04-20 16:03:46.752736+00:00
2307ce0a-6aad-45d2-a9d9-1972588ce953,ac63dcc6-3ee3-4cf4-bb8a-673c646d2cd6,1050.05,2026-05-25 05:03:24.459346+00:00
9589665c-dce6-4a3a-87ce-0ceda815df5e,4561329b-0454-4c48-8b40-98c71083c005,1738.75,2026-04-10 10:14:04.936245+00:00
a6a5748b-8237-4c0e-a74f-dcbe3c8c15c6,586f6234-e5fc-4e75-ad06-d6e3aabbed0c,1838.52,2026-04-18 02:18:14.598606+00:00
1a776dde-0d72-4628-b863-b96ac86ecbbf,293bf34a-cb52-434e-98db-2fab02849e61,1563.47,2026-05-30 19:43:12.191965+00:00
647af2f2-9e38-465a-855a-6c7ccab52f94,0233910e-384a-4200-827e-75effb59dfbc,2723.16,2026-04-01 11:42:40.884009+00:00
c451bab1-d6f9-45b8-a5f6-0c3457ababc9,b6b0c4b4-8c25-4da1-b286-c44abf9afdfc,1531.96,2026-04-21 20:21:32.289222+00:00
0631cd66-656e-440d-8282-4781779f3254,f5317ef2-8f8a-4d17-ba66-f39d414d8299,1785.86,2026-04-25 08:24:07.217874+00:00
995e1a7d-dfba-4a48-9092-a6947da6a20d,0dac5965-9f66-427b-87cf-fc37e0a7ef2c,2589.92,2026-05-27 04:29:50.521142+00:00
bfdd65e2-5012-4ebc-9ef9-1e711dd285c8,95fa3ade-517c-4522-9201-8e41ba294268,1910.6,2026-05-31 04:14:50.114150+00:00
a6758e32-976c-41c1-ae63-8519bc23cdcf,f5ff1bd9-19c0-4c93-9b5e-966d82e24d46,7273.58,2026-05-03 03:01:37.937482+00:00
71406135-53a6-4917-9ead-799bc631cc16,fa9816b8-ee18-4ab5-af6f-0527cda18b2b,4116.43,2026-05-05 14:16:40.527388+00:00
919122ec-7ff3-4a14-a7cc-a0e0a202f012,25676672-307b-4d25-96f7-ad873af4553d,997.67,2026-05-05 18:33:20.060018+00:00
228078d1-6a4e-4cc9-baa2-07fc967cece8,5e30f81e-7d5f-4e29-9730-6e51d7621563,4662.54,2026-05-17 03:42:40.753125+00:00
6d90b73e-2224-4dd7-b0cf-b608f02e10a0,0893b9d3-87f9-43c8-bee9-44db1875fbc8,10.0,2026-05-28 18:59:15.112573+00:00
ff302280-292f-4f6e-9f04-a36bc5f3806a,353f573a-e031-4317-98d0-0f308e8016c1,413.25,2026-03-27 12:50:00.981848+00:00
3bf628bf-5fd3-4273-a898-62e3c6ca8c71,b6e13d59-0e22-4191-8fbe-908b59f961d3,832.96,2026-04-17 21:59:52.935884+00:00
48eb3eaf-b9d7-4825-ba59-fdfafa176f63,b1ce2559-0370-43c9-802b-9317ac9d0919,374.31,2026-05-11 04:08:42.717979+00:00
ff2794bf-7ac1-4d08-9040-fc4a78625a46,9ce62a71-7943-4e30-9b9c-5d31648c3ec2,1985.42,2026-05-26 02:26:16.884346+00:00
c830cc65-d1b2-407e-9814-2262ea811b7a,0d17ae6b-067a-4300-8c09-bab1b1c7aadf,10.0,2026-05-20 05:04:27.603800+00:00
4fd85e03-e09e-4389-862b-5863807ad9b9,e5f99eef-cd83-4f29-934f-748b4407ecbe,627.67,2026-05-22 21:13:36.147929+00:00
693575a3-e6c0-40c9-952b-2a053d4663f1,f3f24936-b139-409e-b326-7e7cfd3da69b,953.6,2026-05-23 02:00:45.779576+00:00
745f09b2-6df3-4891-a8ee-837034f98c77,38f9425c-bf7e-4340-817e-51862913449d,546.78,2026-05-23 23:59:44.020562+00:00
bca9edb0-a58f-4b4f-aceb-4abaa60e7543,ba903136-4dab-4b9b-aa23-d89d98cf2b90,992.1,2026-05-25 21:40:23.320866+00:00
f3862070-b5de-46ff-93ba-83e33f0cc2bd,35cc3d3e-8242-49f3-b0d1-d2210ef60d5c,1496.33,2026-05-04 17:30:38.104528+00:00
7988f56e-0f10-4df3-8d82-c6496e3e5571,467a9fce-0c35-4dd5-be92-a13f8b7c68f8,3425.02,2026-05-21 20:34:53.369972+00:00
a6dada5d-00ec-4126-a04f-e0da32d23234,cd16e1c9-3631-4115-ade4-70468d96a6e3,3758.99,2026-05-22 04:10:59.260310+00:00
69845b26-2eee-4d68-949c-775c1e8ae0ae,aa42adf1-83aa-4749-9191-1aa424f55d79,1263.7,2026-04-10 07:51:39.214703+00:00
ab2bcbb6-7d98-4d38-b7ad-64a139a7be35,7e6f52fe-9407-4393-9546-aba4c9d2e096,1514.82,2026-04-23 16:51:29.188516+00:00
67099327-2c11-45b9-89a5-e0e966786f8a,c7687031-d49f-4ee1-b991-cf08bfc4a741,2449.64,2026-04-26 15:30:53.441759+00:00
54d9ba1d-2a83-49c1-9572-7eeeba6acb61,dac22e61-34ec-41af-987f-67e3cb03d98c,3643.77,2026-05-25 14:29:05.311930+00:00
961430ea-2325-48d8-9006-ec2aa5c0b192,3391a586-1d4a-4a0c-80c7-d3258a6acad3,2181.2,2026-03-12 13:38:49.317148+00:00
9c89183d-13da-45ac-bbe5-d2973ae878cb,1d36e215-011c-4107-8d2d-27c69c830307,1536.84,2026-03-29 19:30:34.085432+00:00
53304304-d02e-4610-b6eb-fd016fef8b73,4e2a5205-dfce-462f-a398-f5b4662e2ff4,2765.86,2026-04-05 03:09:01.338502+00:00
f7de00d2-4601-46af-965a-912b60c9f057,8dff1243-a1b5-44c3-9d72-a3ba1e31c539,1323.86,2026-05-25 14:59:17.005245+00:00
981d6398-c106-4a08-a80f-f0f4d5d59573,12e0c8aa-431c-4a84-8512-be5089f3e44f,3346.74,2026-05-26 18:16:58.749591+00:00
b13fdd1c-d09a-4602-9eea-fbc015913a55,5ff030f8-d205-4aea-809f-7fef04665860,3804.65,2026-05-28 01:11:00.302081+00:00
337ba73a-68dd-4466-bb4d-b4d86f550e97,56398ed0-b6d3-45cb-bea0-8660957509b0,546.07,2026-05-25 22:07:06.650423+00:00
d28e7c90-59f6-481e-92fe-8e21cae06d3e,c5797b51-0d24-4555-9889-281c386c32d4,470.19,2026-05-26 03:44:30.824656+00:00
877dd4e8-02e5-4787-a5b6-1883498c3f96,542870a8-a0e0-4b96-b2c7-1545d52087d4,512.98,2026-05-29 00:50:09.228288+00:00
0f5d9d1c-f322-4a2a-bd07-e7702dab5426,39086d3e-3380-4f48-ad56-050a35f0db29,684.76,2026-05-29 23:07:21.700459+00:00
72092baf-9ed9-4ef5-9fd5-79acafdc4746,f934c9d0-4166-4bc8-bfdf-ba2943a3c671,683.18,2026-05-30 17:48:31.386749+00:00
cce6d088-5f5e-4e15-81a7-d6978229b265,a6b772b7-d829-4af1-af14-68b916e8d466,500.16,2026-05-22 04:18:18.448303+00:00
a15accad-18b4-4e61-8b18-a0e7ccf09bb3,d18a0ed5-5746-45e0-b351-250ed89deb18,6885.47,2026-05-29 06:27:56.378743+00:00
872634c3-ed00-4109-bb1a-962fa1b3c92b,64ea857c-7a41-4694-b59d-8759a7eafd97,6354.22,2026-04-21 18:38:33.199765+00:00
cd0de1e4-5e8e-4f36-871e-f4dae8e5d0ca,0e7e7415-9b89-4121-a425-cbe4dbff60c3,3080.94,2026-04-27 01:53:10.296657+00:00
4f764185-7f6a-4b7f-b20a-f9ce95131e3f,ff46e8b2-77e4-419e-aa27-580be38f5a66,1699.73,2026-04-29 12:39:27.483756+00:00
8b839066-743a-4139-8694-bed37cc98100,8ed36ded-608d-4ff0-bb2f-750b4fc032ae,2602.65,2026-05-06 20:35:31.834700+00:00
55a1a8da-a1dd-4887-9911-09464efe62c0,6ad2965c-0543-4c2b-8c0d-f8b99eb61c19,2733.31,2026-05-26 09:17:03.939729+00:00
42c77806-6a07-4e10-8ca3-e611898f5ec8,c8e3aac0-3018-4eee-aec5-8699f6613f10,1573.81,2026-05-13 11:54:59.371816+00:00
265c71d4-0d12-4dbd-8acf-91cf8a139080,7c521454-6b07-439f-82d8-396397f63667,2844.28,2026-05-22 01:39:49.267294+00:00
b76b3ff5-d03f-4146-a901-39b31ca8a3c6,dfdf0528-aa5d-4ebe-b4fe-22044db725ca,1371.71,2026-05-28 03:41:12.233251+00:00
75e88f13-b0f2-4fe5-8f7e-60e96979234c,36956c89-5657-4de8-ac59-35c54fe16b11,2748.34,2026-05-30 11:55:16.563756+00:00
b9012280-3233-4ee3-8256-d940b8e367a5,2f161f96-ec65-4c59-a199-28773fba8347,1634.01,2026-04-21 13:37:32.502613+00:00
e9e7f0ad-59b2-4827-a4b6-ca68c7d2110e,b425703e-df8d-4992-be4e-85f620261ea3,240.01,2026-04-21 19:14:44.568608+00:00
0f3bc888-ba2f-4474-af1d-ce93786e8019,25d624ac-91af-49ec-bf5a-684d12ef6c2b,1402.86,2026-04-22 03:00:36.787579+00:00
50aa4ee6-a559-4031-9ff0-4dd25e1ca5f2,5ac6bbe2-0d52-421d-82de-b461c6051cb3,3019.6,2026-04-22 06:10:10.675363+00:00
9c4316fb-687e-4b1e-a103-17f909f271b0,2f66cc8b-b9eb-4860-95fd-336451e434f0,3069.89,2026-04-22 22:48:57.794363+00:00
f0e0f3dd-b013-4638-a079-371bd43e728c,42575842-679f-40d1-a26e-b30527b28844,874.26,2026-05-29 12:11:27.007460+00:00
2b26ce1b-29fe-4fde-a27a-c027c3f7c59d,1eb3f245-b2e5-4050-9057-7eb952db2a7a,739.58,2026-05-31 11:02:40.074294+00:00
aba9c447-a5f3-4623-b353-ab533c5f5b99,c439ec57-812f-416c-9bc8-97abf1d946ec,661.07,2026-05-31 11:54:34.768411+00:00
9075291b-137c-4f8e-b06b-632e5e3b1692,548f0fdd-1bba-4573-9fe8-42b376762517,10.0,2026-05-03 12:46:33.826446+00:00
598502be-24b4-41c1-9231-ba68104ce432,7ff8a0a9-c392-4ed9-b237-39d0e62fd54b,899.81,2026-05-04 17:37:45.188218+00:00
163e536a-4c53-4485-b41c-cb7b67ed623e,db68527b-5435-49e0-aaf1-0aa93016a9f3,1493.1,2026-05-05 17:19:24.721753+00:00
97fd0069-7f24-4b72-889a-06799ed43053,60906fbd-8a19-49d5-abd7-9bf8f097168d,504.4,2026-05-31 23:11:47.446131+00:00
448ea9ad-a4a9-4c69-a515-8a0ef831781a,454f429b-b92d-45b0-b8c3-b5902ad7a85e,2000.37,2026-05-29 06:40:54.518843+00:00
d26a9dd9-6413-498a-98a4-cce9e343eddb,58080845-7846-4718-96b5-4af795106a23,1373.99,2026-05-30 03:23:08.509734+00:00
c6ebd58d-4e8c-43a8-91ae-e85deff40420,d17f33d1-59c7-4b8b-8d9b-ac7b56ead5d9,1549.19,2026-05-31 00:56:45.885432+00:00
de9511fc-7a9e-4b63-91eb-ef1e02207b62,b5dea808-b323-4500-80e9-5f838fefb4e7,840.86,2026-03-17 04:29:46.126348+00:00
d7f8bcbb-22bd-4c7e-a3c4-971e7a21a64e,aa02f678-c34e-4b37-9dc1-bb3d0e243c69,3280.68,2026-03-18 21:56:34.139143+00:00
4b917eea-374b-4d50-9c49-086b52f1a7c4,5cb14328-6b38-4e21-813a-9f4f38dd3c34,2395.5,2026-04-14 09:18:48.574413+00:00
f68dd1e8-cf15-44a0-bc8a-1bc41b9e7033,b2e9a647-33ab-4826-a3cd-1d1be5c6e212,1657.54,2026-04-25 14:58:40.490934+00:00
6a277b97-5dee-4fb6-8bd5-4768788e77c0,5184043b-265e-4bdb-9063-8c8c47ed5b5e,3859.38,2026-05-20 15:13:09.036965+00:00
6979d814-f947-45b1-86ed-e0e451a5d759,04354773-9bb2-4640-a990-cfddd0d6b319,407.01,2026-05-02 08:40:46.186998+00:00
72aa1fd5-c741-42dd-8869-da1a390aafe0,7d617cd3-daea-42c4-9ca1-e41c7e9d108f,1069.57,2026-05-04 18:02:08.057911+00:00
810669e5-8a3e-4fdf-a0f2-e3ce950c2b69,20c4861c-3940-4189-844f-ac7443b9c23b,227.48,2026-05-22 22:08:51.758920+00:00
21a15589-0696-4e58-b279-633082315457,6432c733-8a99-4960-96df-6f3eb6dea28f,1776.84,2026-05-23 00:36:43.393153+00:00
6955d98e-9461-415a-959c-7bcf9554f641,25a46f41-c082-47d9-9593-efba6d643d2c,2062.33,2026-05-31 00:18:00.933180+00:00
c6bbf4ca-3863-4018-9072-fdae51e4e339,b8429e72-b9f9-460b-af4d-e106358416b5,1814.44,2026-05-20 08:07:34.376884+00:00
86984328-cc14-4d37-b549-23105d3b5b4c,2da19fc3-9dad-4d27-acdb-b2a34598945a,1925.26,2026-05-01 05:15:19.145566+00:00
cb72d52c-3b3f-430a-995e-769218073636,c279fff0-93b2-48d3-a7ec-2baa459eee0b,4637.62,2026-05-20 14:37:12.529884+00:00
617b1404-9f6a-4337-9301-dfc0962bdb1d,5d97d24d-357b-4dfd-8d19-b6651117e3b5,6056.16,2026-05-22 03:05:47.950465+00:00
4fa4f03b-d529-47f1-a2be-19ca6a400cf4,9bae3afd-7f0b-40a9-9b10-18ebe5ed2c65,4691.24,2026-05-26 12:19:03.038865+00:00
2c5be2be-e31c-48ec-a4b9-d6337fcf6e9b,eea30892-44a8-440f-b57d-c59b6cfe5bf6,4215.4,2026-03-15 00:32:47.980996+00:00
eb439bc2-e80f-402c-bc2c-2358b1e6f5fa,6b8277fc-720a-4294-98ec-f136b3d76cb2,2696.46,2026-03-24 23:59:27.380450+00:00
11ea4f14-027c-45d9-9568-577a6afffd47,4a1bbd3f-a49a-434e-833f-c7fd9c42ff58,4346.87,2026-04-26 16:57:49.915409+00:00
66828fb1-280b-4ea5-960e-60a4e9c7b030,bfedc5d2-fed8-42f6-802e-872c88bc4ea5,6502.46,2026-04-30 06:47:47.590724+00:00
5b7690b9-6755-49ac-8d0f-35ed7895abcc,934b58fd-1a5b-4d5f-94e0-82b697197858,4468.41,2026-05-04 14:02:26.320915+00:00
148b94b5-98cd-4e37-b411-8ef38183921d,25701485-92bd-47b7-9c0a-9c35e48f68a4,1988.26,2026-05-23 13:04:58.264057+00:00
c1dda538-565a-4306-8103-75068179f3b0,dcb609d1-5074-428a-9d91-afe7fe51d5ea,6901.9,2026-05-26 04:54:39.999152+00:00
e52560a5-959d-46a4-8a65-4885591b60bc,8b473019-d7b0-4776-8567-023feafe18e2,10.0,2026-05-07 06:51:38.658322+00:00
068c9b01-dee8-4dd8-8a82-7c0833e78432,7fc97372-343e-487c-bc18-48a5946784e7,927.28,2026-05-09 15:38:34.813735+00:00
8a97c4c5-0e2c-468e-971f-e7a903e5147c,08fe4a0b-85ad-4640-8ea1-c4daa46dae1e,1795.68,2026-05-12 05:06:42.876628+00:00
e6586528-cb0a-4c2e-8efe-2a8dc53019ad,3e0b0f4f-3976-4116-a102-c8a2ab66fbde,493.85,2026-05-19 17:02:39.360653+00:00
45eb3750-f88c-43d4-aeb7-320f9f402e23,e7aabdb8-0e37-494b-85ee-7ff8a7e31653,1630.56,2026-05-18 19:54:04.975139+00:00
c1facfd7-86f1-4e58-9bd0-04e1deec2114,ba38584b-e3ad-4e9d-b890-d57cbdc26286,592.4,2026-05-28 10:58:50.433000+00:00
79dc5167-f6b1-4c99-9ff1-05892b990422,fbe8bdd7-2d40-4d11-b7a4-ac542dd20424,1373.58,2026-05-29 04:58:11.782175+00:00
c11f1685-3406-4aa3-b10f-31ca40dda2ff,5804e21e-92ab-4e45-9b9f-4f93db136485,1345.31,2026-05-29 22:47:09.564691+00:00
69eeb139-af38-4e3c-a406-046503f1236b,afd65123-160a-47e7-9cad-55d1fc566d8d,946.36,2026-05-31 10:28:21.605507+00:00
1c8b9853-9ad6-4b7e-ab69-1fcc1a92aa5f,b858ac55-84d8-4f9f-acba-ece3c21373b9,2868.29,2026-05-02 17:30:38.339394+00:00
227a7183-97e4-4464-990b-be834dbebefb,188daaa0-3b00-4ac1-a589-92f908f8d38e,10.0,2026-05-03 17:16:48.681343+00:00
846d87f9-95d9-4afc-b6a9-96ae14312fcf,848178d4-67f6-4e7e-bf78-98e9dae2c5a7,1188.03,2026-05-05 22:54:55.417142+00:00
3a314776-05ce-4114-813c-179de2af1243,5f7c0a20-b23e-439b-b668-5e6b6f760aed,2274.3,2026-05-22 12:32:12.502674+00:00
4851664a-bdba-4dde-b76c-7b8877a8826b,4b8365d3-c8ea-492a-8ec3-89bb71bdfc81,2267.49,2026-05-25 13:18:02.927048+00:00
2d90839c-5036-4e84-95b9-fb9767a52cf5,d9f322b7-787a-42ab-85fd-b3f4f5cad164,10.0,2026-05-07 06:34:05.993242+00:00
a0c1185d-3310-4a62-a17d-8aed86292bc1,169c74e4-1a73-4925-9bb4-58601eb9cba4,986.58,2026-05-07 18:47:07.869237+00:00
3860e549-fe56-4efd-a997-50336d4ddb1f,d6a3b2a6-7193-4ea2-be78-01cc12417807,344.7,2026-04-17 11:04:24.778882+00:00
ed81d083-026a-4229-ba1d-1dde2b34a3d2,9bea33c4-0665-4bac-8785-c9bf1cb254a5,557.8,2026-04-18 01:59:09.080316+00:00
5c7591bf-c587-4e6c-b521-e4c7491ae24b,4be6adc6-a85c-4ec6-89ab-443c2f8c2003,5068.71,2026-05-01 05:51:06.178867+00:00
13e4e30d-b4fd-4fd1-b5b1-8a60a910d37e,7e852c55-b0eb-4fa9-85dc-c61ab73d0219,1646.03,2026-05-01 17:07:09.551234+00:00
75fa906d-6053-43d2-9cde-4d294464ce81,7afd6df8-51d3-4611-b1f8-010a31db5436,10.0,2026-05-25 21:44:20.852578+00:00
92798e2f-01a3-4b37-9991-c7b2ac0dc74c,5becf52c-8b54-4666-80db-cecff2dc1ccb,6054.74,2026-05-31 09:58:45.973722+00:00
b3737ec2-d81a-4902-8c62-fe6870c1f02b,c0622b9b-9ee3-4fd0-b2ca-f8fdb8061026,792.32,2026-03-30 19:11:26.669068+00:00
1e2efd7b-bff1-4a6a-a367-cc2222f18770,be310d3a-04bd-467f-baab-197260b2488c,1332.92,2026-04-09 21:23:08.086803+00:00
ddafc3d2-7dd7-4b0b-8936-0f39431fc045,7aa7e835-5e7c-47b5-ac42-f686166bc93f,1394.57,2026-04-10 15:55:37.959723+00:00
03330f58-3088-46cd-826b-5cd05f27f61a,00855348-72a6-4690-9f5a-1a1980cab4b3,1293.29,2026-04-16 05:32:13.374130+00:00
c1c6f4c9-5e8b-4a40-90eb-5e3ba567166a,93e94b32-04e5-4895-b09b-bbdfa3631211,1353.82,2026-05-06 01:11:38.113266+00:00
6e64f9fa-e5fa-4eea-9fb7-eaa0b7f233c8,79a752e5-7eea-485f-959d-c77a7370b017,3312.63,2026-03-28 22:18:40.445727+00:00
5417825f-9b04-4da9-bb5b-10246f400262,843440e3-ecf7-4a40-b079-c83d8245d3e1,1800.16,2026-03-30 08:02:57.578751+00:00
35850c16-bf81-47b5-9471-8a59a5bb4fad,b5a1ba13-7c9d-4d76-9aa6-9bc8a8dfb306,1657.12,2026-04-01 05:51:22.590114+00:00
198d2d82-f7f7-4ee6-8bad-4fe545f04a6b,cbe37619-32ad-414a-84b0-53192d7fe16f,1642.03,2026-04-16 03:40:02.259711+00:00
72aaa244-49c4-4547-bdf7-ea8a2b7166c0,5e336d58-8958-47a6-9068-db22b608866b,1323.67,2026-05-24 07:22:11.671230+00:00
a1562b39-abbe-4a47-b30e-47a5ff8a39b9,7e792392-9716-42e5-885b-0b081278074e,275.05,2026-05-28 18:29:25.026749+00:00
c24d79d9-f5a2-4768-b003-8056f7e01ba7,ccfa79a5-42dc-4830-b74e-73f298843736,1141.66,2026-05-28 20:40:26.380602+00:00
26242917-ceae-493d-b0bf-0f34c45206b8,2b527e60-7130-4405-95ab-e28284426cab,1484.14,2026-05-30 06:01:56.474308+00:00
7a74c6eb-2cb6-40a7-983c-9b2082088b9f,c3384cf9-b108-40d0-8414-d1778e5d1914,1516.31,2026-05-30 22:45:19.724203+00:00
dfc96afa-977a-4bbb-af69-b0cd0ad21c57,07733f2a-322c-4db1-aae6-5cbaa3048924,8419.21,2026-04-16 08:21:53.182475+00:00
fd21ca26-f77d-4973-87c5-976018fe621a,fd8130bc-6f99-4c90-b068-178685fa4742,4810.0,2026-05-15 12:46:23.787687+00:00
41dcaa1b-8083-4e10-a5ea-09e4fa07098c,2f35fe93-5004-48d8-b7bd-087b5758ecd9,1185.28,2026-05-15 22:17:57.172637+00:00
be33c41b-fbf3-4eeb-b835-636481e4f9c6,f3460695-710b-4e15-87e6-0560359a27e8,3395.67,2026-03-14 01:45:22.084512+00:00
b06948f7-788c-478f-9b1b-dd18eee3c37c,ecaeeb11-cb26-4004-907a-5fac57ab2023,6011.24,2026-04-17 04:11:11.313668+00:00
54a07396-4d04-4d35-b1f0-712bec95ec87,c23c53a4-f5cc-4635-a6eb-a7f7463fba0a,1921.83,2026-05-23 11:46:46.280573+00:00
0bd06c41-8812-410d-acce-24cf3a4e1456,a581fa1d-2e9b-42db-849d-a0d1e1ff677b,2857.74,2026-05-26 11:30:32.205951+00:00
2cf94e3f-7b73-4ffd-bc04-a09bf17b293d,2642d52e-01d9-4d59-8b60-467cd3b5097d,410.86,2026-03-24 15:32:57.100814+00:00
a721582f-2d3b-4b64-bc3a-c090bccdd84b,091c3450-0e62-49eb-a139-02eb88326965,398.96,2026-05-22 22:42:14.213213+00:00
d9bbb62c-4a8d-48d9-b848-d06cc2ab7334,0dbdf708-ae76-4a1f-a2ef-1e9b27a8636d,29.48,2026-05-29 20:33:03.909551+00:00
4728e455-3305-4341-8063-48942b12bc4b,aceb93a2-ce5d-449d-80be-e9ce38318a6c,5315.46,2026-05-05 02:20:53.947177+00:00
aaa9a7a4-dfde-4d18-ba59-7b064e27d2f3,7c2eb72d-0bff-4956-ade4-422046e0b5c6,2727.27,2026-05-05 05:10:28.796967+00:00
7a497786-5652-4f37-b95a-bee39a69a719,ff618e94-7374-47f3-a1f5-affb119557c7,2753.17,2026-05-05 23:31:30.789322+00:00
ce46e9f9-67ad-4129-923e-4c3d501b018b,2da671b5-1ab6-459c-83b5-5a9e86e3c447,3986.39,2026-05-06 03:18:49.569713+00:00
4344a072-1ed2-4275-81e9-78d0e42b60bd,ff9f0c76-214c-431d-885c-5756ff9c54f6,1445.74,2026-03-12 03:46:07.752472+00:00
1f40d625-31a2-48c0-b84a-7972e2cb0caa,56271467-1129-4fda-b887-30f5d5d7550d,1234.46,2026-04-19 02:35:23.727639+00:00
a90c2c21-a2d5-43f9-9105-a35fc3ad8e1d,5d23248c-fafb-4ab8-a68f-d2f137c25bef,897.78,2026-05-09 11:23:46.276288+00:00
56a57733-aa9b-4aeb-a81b-f380049723bf,a27f8160-210a-4183-ad12-be35e4bf0e58,352.24,2026-05-17 01:09:10.130326+00:00
dd338694-9d2c-4c2d-b1e4-15d485be2fdc,cd6770e1-a1e8-4776-b294-723c866c6752,1242.49,2026-05-06 10:09:08.334724+00:00
996a4ac4-7fc0-4ddf-a318-162ed84523b7,e94d0efa-bd7b-455a-881e-1d4f635449a6,10.0,2026-05-07 14:50:19.073730+00:00
9d3dc888-941b-4821-ba21-e76271fbb5b1,1a925a2c-290b-4d1a-bdaa-8b1ad1b0eb5c,228.37,2026-05-14 05:17:16.491249+00:00
195fafe2-e26c-4f50-a0db-0b42bdd54e26,6d550733-e8b9-4680-bc87-1a605f35ef27,106.18,2026-05-24 16:35:58.432708+00:00
eca415a5-ee82-4caf-9e7f-c831421dd324,abead7db-4e39-4bbf-b8d7-ddcbb80113d0,823.5,2026-03-31 03:51:20.243652+00:00
c20f880a-a99a-4a09-a229-10e7233743db,1e2dcd2e-4976-4fd9-8d51-75cf0695b09e,1951.53,2026-04-14 04:34:59.668317+00:00
7d0a8194-d000-4092-8413-54e86970d69b,f3abc76e-08af-4ad6-b760-2a1af63ee5d7,653.09,2026-05-22 16:07:37.113051+00:00
6d3d1849-b823-473e-8f25-495a0800de8e,74f82253-2c2b-40e3-980f-d9a9e9f4412f,2475.51,2026-05-12 04:03:28.820040+00:00
9e4be547-1582-40c5-8fad-1335a2415fdd,9f3276b3-c166-4d5e-bb4e-0245444ebb5a,3957.7,2026-05-13 04:31:55.754731+00:00
3943c5d7-d250-41d5-bdd4-e3c2d3e9dfeb,90a659ec-5c15-459c-b643-4d18aa43b805,2784.43,2026-05-13 14:15:03.497209+00:00
dd4f982b-8968-4fb8-b463-bb69c4a61ac8,dc339bec-2307-4086-9190-62ceb8ca712a,1578.79,2026-05-15 03:02:33.788026+00:00
f0f159de-9682-4b9c-9596-2a23a5745a8a,ea6e8d31-bf8e-4f92-8c9f-7b03289dcce6,1433.29,2026-05-26 18:22:25.402852+00:00
8aafc7c1-a79e-4fb0-8c80-3e888619435d,aaccbd19-14e7-4d89-88a2-c331e7b5a0c8,1912.12,2026-05-27 01:42:43.058668+00:00
aa194bad-9d93-4e3c-b032-53289be2c160,73c01313-d4bf-484f-8bd5-4b0d11b257a8,4082.43,2026-04-27 18:44:50.803018+00:00
9322e859-9d35-4ddc-a096-3bfb4080bc70,d60fbaa4-7df3-43a0-9946-f45ebd64bf4b,776.26,2026-04-27 20:20:54.116396+00:00
524c78c8-dc0e-4c07-9790-5e6998fed154,40722e4d-500b-481d-bf9c-817c31269843,4075.37,2026-04-28 04:58:27.985888+00:00
f39a9933-3a72-4655-828a-e64e51082bee,076e358c-ff30-4f33-aab0-4106c699c7a0,247.0,2026-05-07 04:54:58.645374+00:00
4613fb4d-48af-43df-a0ef-42499508633e,a9db9419-dacb-4c0f-87bc-157ed942d957,498.35,2026-05-24 03:01:40.585930+00:00
d2f9ee20-d45f-447d-a92f-871a6c2baee0,ff93f9f8-849d-4d70-96b0-94f8cd8969bb,767.79,2026-04-05 14:30:07.905416+00:00
2b40fad2-b680-40a1-87b6-f98cdd629e0d,6abf49f1-4b91-4851-9c52-1c373e813ed1,456.46,2026-04-15 11:43:32.306063+00:00
397cde2c-dfe8-4a1b-b53f-9ac3ec95f24c,e792a7c1-1514-4ac7-9237-9972c40a49a9,500.8,2026-05-05 12:35:20.301727+00:00
99518c0f-1778-4399-ad2a-4eb676bea5db,7f26e6a3-bb85-4135-9302-c1f1352a5fb0,862.32,2026-05-25 22:42:40.418148+00:00
be8bb9db-125e-4187-8033-26145139260d,edf17963-b40e-4048-9879-388fc21c57eb,730.72,2026-05-17 04:27:50.207667+00:00
1fb9fa2b-4f97-435a-acbf-61a325e185be,692802c5-19ab-4fa5-8c5b-a676ef8e4fef,557.81,2026-05-27 08:07:15.988018+00:00
615a7ce3-d92f-4c7b-a418-ddd91616c11a,f9d75e70-e8c6-4af7-b05f-833003eebbb8,2699.51,2026-05-19 14:30:49.189516+00:00
73d0e9d9-f8bc-4842-b75a-85c85f352edd,30137e82-32e2-4dc0-8a77-5526386e20e6,3452.69,2026-05-30 05:14:39.382633+00:00
1d63e136-750f-4127-9d0e-968afe94f540,7116e250-8de5-4d47-a7ab-96d332f872eb,3936.69,2026-05-31 06:27:15.089293+00:00
8a128b94-ae1e-4038-bbdc-a1792fe86847,281b98b6-6e83-48c4-95cb-04c00f95d3d5,826.05,2026-05-24 15:31:04.194192+00:00
1e758a0b-26b0-433e-81cd-3d8769381d7d,a1681c9d-dbbe-41f7-b3c0-c41f69265d7d,4096.15,2026-05-25 12:21:32.878972+00:00
60194da3-9197-4181-ad67-841b445a7a9c,4e4b091f-4c9d-4b01-9ef1-506744ac63a8,1782.98,2026-05-02 20:29:43.492668+00:00
82739d31-5bb7-44a0-8eff-dbc2b1892ea2,b76f9657-a550-451d-bb18-0e44c0ada798,1423.83,2026-05-05 04:02:49.505892+00:00
129be685-9de6-4f83-8f10-8ffbaac54819,550a6aa6-d8d6-4ebe-a7bc-570f8519fd67,1407.9,2026-05-08 08:37:10.971754+00:00
36a6119a-ca0f-4708-bd3e-f413377a2153,5ef043a2-50c6-4ea3-b4aa-a90902de4412,1264.74,2026-05-24 07:21:02.250668+00:00
f2ccb7ba-e6c4-4a69-84ba-00400e2b4e57,9aff9b4b-3d18-494d-8a0f-ba06de26c3a8,1894.07,2026-05-27 00:21:03.429575+00:00
c53dd424-3195-4fcc-8931-9cc35d644819,65a4626f-33f0-485f-97d8-60a1ab2c89e5,605.0,2026-05-27 17:27:23.299029+00:00
90777e29-226d-449f-ade3-2bd0f4c1fbbf,ccee8d13-c846-4688-b4ec-7fc8ac3a2b7e,151.68,2026-05-27 18:24:59.371817+00:00
0e496150-c3a6-4b9a-b98e-842e0c921a56,51518e6a-ad2d-4eda-b670-1d389d1843e6,248.88,2026-05-27 17:29:09.359086+00:00
419f8f81-d6b0-42f8-a515-d9cf4368edc2,201b2ee9-11d3-43c0-a4aa-0f8f52d5353c,324.27,2026-05-18 13:28:30.283618+00:00
c5d0badf-dcea-410d-84d1-0852c458a664,e9eefa16-09d7-470e-9638-03ea3fa8c9f9,4003.87,2026-05-27 17:45:43.394374+00:00
c66a6d89-6f6e-4869-931f-3310352d5cac,2972e55e-4705-4de7-aeee-e4fcae08a924,367.11,2026-05-29 13:27:49.042443+00:00
f2456584-956c-46d2-b8ed-4a28456bde2b,79723ec9-5a9b-492d-8d7e-030feb9bba13,353.19,2026-05-31 08:26:39.578242+00:00
566f0f92-8a88-4ac7-97fa-7e4cace5c097,06017dfe-7178-46ef-829d-4a6fa5f3b056,505.38,2026-05-31 09:23:59.430270+00:00
cb8b81ed-3d04-460e-a760-1c255342c535,843b9f1a-8238-4fa1-ab48-d635fdbc1965,3341.27,2026-03-13 13:15:34.899290+00:00
0f256944-7ef8-4937-a0bb-87c9c1f8b406,d360d1f5-6f05-4aec-83a0-bf65b7f8d77b,1102.25,2026-03-25 17:27:06.253874+00:00
a2995307-f354-4897-b076-ed9a8f9277f6,d38537f2-e628-444a-bf6f-1d730042be09,2304.09,2026-04-06 18:14:27.090249+00:00
a799f0cd-50d0-4407-8c0f-0f322b0d7ec3,136e614a-caed-40eb-a2c1-3ba56c201298,1469.05,2026-04-22 22:27:05.160996+00:00
1a693b17-26c2-4245-94d7-3cdaa3bb77cb,4e937205-fa10-4a7e-9b73-1e135d33fb9c,3216.63,2026-05-06 11:10:04.554779+00:00
4109c9fa-e5cc-42bb-aed0-8f4f69a7de30,18fa9f7f-e692-4a11-a52e-07e4d1092bfe,226.82,2026-04-19 23:27:26.997149+00:00
d01f0012-7aa1-48eb-bcee-124cb03ad38d,02d3cc4f-29df-4f1d-aeb5-4154799115dc,6820.25,2026-04-21 21:00:04.059658+00:00
88e3d050-944d-4db0-85ff-e7031159aac7,c1130718-4fdf-47ef-a217-a31529882168,3872.38,2026-04-29 23:25:21.957156+00:00
99e5c5ca-fdde-4774-ada6-7d8af3c30a38,ad7f9d63-5a93-4c05-9d60-e73a898a38ed,1588.98,2026-05-09 05:21:56.906658+00:00
1a227557-1597-4c13-80cf-dc0446f6e5d5,fa58f9dc-e31e-49d1-8213-40e142679a2a,5568.07,2026-05-14 21:51:17.239055+00:00
5807771d-5d1f-4d1e-943f-f960f5cd60c7,cd9640ff-b4b2-409a-b871-1ae118122e24,2099.36,2026-05-20 21:27:24.320667+00:00
0f1b6693-c41b-4e29-bf00-b139ae6e3847,1e05a3f5-dd12-47b7-8b57-b4b677747f6c,1908.35,2026-04-19 05:59:09.358442+00:00
5191439c-e688-4cc7-97d9-174fdf952354,8534c8dc-00fb-473c-baa3-ed8295332821,1793.53,2026-05-04 17:02:11.615600+00:00
32e0624c-7278-454b-b735-6d37b11ebe50,152e1e7f-3e02-4b69-b640-720c74ee0b71,3252.07,2026-05-05 23:42:44.720475+00:00
fce094d3-5fa4-49ee-ad96-162996f1a64d,34a5854f-8636-47f7-bb47-87bd5cc3b2e8,3786.12,2026-04-15 04:34:47.730599+00:00
db1d685e-b0d1-4368-826d-183c756770ef,7f0d438d-be7c-4543-b01f-490c9184d1d7,2649.69,2026-04-20 15:18:53.431668+00:00
763c6c96-3c58-4d05-993d-a9cf00db3d42,a999b6a2-6558-43de-87bd-267d28a39c6f,4495.13,2026-04-28 07:06:29.934216+00:00
ed9dfd3c-ee33-45d9-bde7-3e89d5c06c60,396b98ab-53d2-47ad-9458-a7762cb226eb,4362.05,2026-05-14 00:29:20.994582+00:00
cc58f203-5d45-4d9c-89ef-70c7c125f890,0f76f7f8-8e79-4753-b856-79a459b17dfc,2365.53,2026-05-21 00:35:09.143336+00:00
f15cafb6-0830-4af2-9521-b9870bb09f4f,10d76dee-a29b-47cc-a336-4a754b7ef73c,1302.31,2026-05-13 05:18:17.441032+00:00
1fba0778-6420-4cea-8d82-2acb28318b18,d7c442f4-ed55-4f23-8797-66ad83baccb5,4246.65,2026-05-02 22:36:11.359507+00:00
f2054891-7bac-4646-b826-a923d5b098ae,fd14f5e7-8b6f-4a9d-8948-8078d4a35e24,4767.55,2026-05-09 01:56:07.507677+00:00
4d971e56-f4ab-4503-ac3a-86dcf80c938e,932ddc79-9729-4d30-9920-bf8db32f4bb1,1899.47,2026-05-23 07:47:24.374728+00:00
10db73c7-2cb6-418f-afbc-ac2f60792e59,0f18db13-710f-49a0-a610-5ab9a721e60d,2500.19,2026-05-26 03:56:24.352235+00:00
e49ec209-6dc4-4cce-b9eb-bffeb943f272,331acc82-0350-46e7-b63a-5ed91b66f2ce,4526.92,2026-05-27 07:36:34.155537+00:00
117584eb-ad4e-4918-98bb-262723d3637f,09f989f2-285b-4235-8743-6d3766c7941b,726.98,2026-05-16 11:01:56.528917+00:00
d822f7cb-0dc0-479f-bf2b-79cf05655faa,cb7cc48c-1ecd-474d-bedb-faf9c2aefe3b,1243.23,2026-05-19 09:41:24.469622+00:00
85c41d0a-26fb-4f6c-ac78-e39b950fc65a,597dc217-15c4-420c-883f-31cdc5dcf9dd,1345.09,2026-05-27 13:55:16.519497+00:00
1fea74da-96a1-4a9e-9374-33e94b9c863f,3d8c18b9-9189-4b95-9140-79121045e029,10.0,2026-05-29 11:44:33.774843+00:00
1c4e25d1-c010-4e74-9405-b5055e996486,17cb60cc-cfec-4c1d-85b0-6b405b9c3ee5,3574.0,2026-03-25 23:55:44.938769+00:00
990964fa-c8bb-4a56-9f55-1d4e61c91024,756998c4-10e1-4803-8227-61d1b4a25732,5271.23,2026-04-10 11:03:51.874929+00:00
f3fea467-7440-4844-b4f1-47828403bb52,06056808-062f-48db-a828-7ba1762a1e1f,7905.86,2026-05-14 02:33:28.928110+00:00
232ae534-41a7-4dfe-9a74-8ded9d7d453a,20671871-3e97-483f-8287-450d601c9d4f,1675.67,2026-03-26 02:52:44.232491+00:00
e1bd4f51-5f85-4eb0-b73d-c4ad548ab5a2,e2bcebc0-72e6-40f9-a7ca-9b6f9303aeee,2536.03,2026-04-02 16:22:57.441832+00:00
ae9c3dfd-0d80-45a5-8f48-e708b527dad0,1cc63935-d0a1-4b7e-87a9-03bc7505cbdb,3295.7,2026-05-13 22:36:50.926528+00:00
026cc84f-c2aa-4620-b494-b6d76a39b747,fa936b82-b28e-478c-bbbb-d036a821b9ac,2751.94,2026-05-20 12:17:56.131833+00:00
b40e6d80-c1b4-4324-894f-15fad7993e42,cb96c790-2edb-49fd-896b-56df23d3d79a,4909.61,2026-05-29 13:26:00.978858+00:00
8b7e2520-2e9e-4ebb-a303-d97e0048caa5,17f9d873-1d4a-40c7-9ca3-99e67e7c62c8,1673.4,2026-04-23 10:05:49.563303+00:00
a07a64c3-f59a-4313-8344-2d5b12cf60f1,3553005c-1082-4987-bbc8-c6b06ce3db82,2139.34,2026-04-26 16:06:01.979894+00:00
0bfa3b84-31c5-46d8-9152-6a413add1109,84ef2b32-8319-4d44-a5a1-6a0d25127ad4,3907.0,2026-05-08 00:32:14.735384+00:00
eb35768b-3fa1-4fd7-b3b8-6d96d53cfbdd,af02644d-15b2-44d1-a57c-9892b672f6af,3817.75,2026-05-13 02:07:03.171048+00:00
532ecf0d-99b0-4919-8898-44e426fd434f,20007860-f757-4b6a-bad1-400e5a407728,706.1,2026-04-16 14:14:39.657780+00:00
cd96394b-9f03-40ea-ab12-56930bd6c0ea,98050a0b-4377-4885-be30-936aebc64265,774.69,2026-05-03 22:03:51.956287+00:00
214d7178-da2c-49bb-86b0-a7461044f287,e4993ed1-d32e-46ad-9186-45c838dc90ab,338.27,2026-05-14 02:25:42.732992+00:00
5ab0028c-214e-4011-879e-57e76a01d693,d042187c-29e0-465c-b821-68dd8c40434d,673.87,2026-05-27 22:29:45.644411+00:00
c98fb1b9-cc29-49c5-adab-a3bf720b8d86,c66ae7f3-8f6e-42c2-acd7-5960c80e299a,1158.59,2026-05-30 13:22:18.590786+00:00
8533d34a-cc73-431e-9dd4-6774dd9907c2,59dc5a3b-e1e9-4090-a92e-d0e77b5c519c,989.12,2026-05-31 07:44:12.457901+00:00
981e5054-8158-4ede-be24-d5e7a1238977,91faf08e-f319-4b96-9e16-8ed040e367d1,594.55,2026-05-31 14:37:55.452583+00:00
47ca8c1b-81dd-4623-9f03-c496a9a628cf,89c214be-e884-4903-8018-dccc30ed31c9,1195.11,2026-05-31 17:30:42.683628+00:00
9e18d101-cba8-45e3-a9b5-036624b68432,84c485e7-7356-494e-8b85-23168d1c9cbb,1871.58,2026-06-01 00:24:03.876254+00:00
201156e0-eb5a-4fe1-831a-e89cae18fed7,80c43210-c06e-4f91-be9b-41a542717ea3,6476.71,2026-05-13 08:40:17.485071+00:00
9f774905-762d-46fc-80bf-661b0d9d7c7d,0b389e73-f335-4afe-bca2-ff6848278af3,2791.97,2026-05-24 02:21:35.517870+00:00
ab37547c-9d5e-4a8f-b472-72926a7a8699,3cb5bba7-7000-4154-99c9-7a65d1e33550,10.0,2026-05-24 02:33:10.334233+00:00
09b79082-3842-4078-8a54-49471a4153fc,dd614a5a-edc8-4ff0-9f3e-b60a8c8e79af,3503.37,2026-05-25 07:51:01.721156+00:00
99bde26f-6819-4300-a78b-ad303794db6a,64769693-d21f-4e3f-892f-7fd8df598b1d,6121.3,2026-04-03 15:43:06.778176+00:00
33068202-614c-4704-bcf9-1710bedbc3ce,c0263ea9-a7d5-4535-9fc6-b4afdb2db177,2813.59,2026-05-21 01:07:38.016723+00:00
6fa3f207-377c-46ca-b99e-175219d7d28f,dd49a9fb-2762-4c7c-bef5-0dc2ac650184,5065.49,2026-05-21 02:23:01.377448+00:00
26055824-3cba-43d6-8a32-08d93eb66827,a0bad958-6400-4756-a951-39abf6a51e47,4242.87,2026-05-21 20:30:30.239066+00:00
141484be-7cc2-4c6e-8316-ef7dd9b18b3d,49b7122a-4e51-44d1-919a-f975b169e752,2739.02,2026-04-05 20:32:02.475944+00:00
b0a9e4d6-a909-48b4-a55c-6255c8c29f28,c5077167-4d6f-4628-a520-a0778eb7c7f4,2690.77,2026-04-06 09:22:16.767860+00:00
ecf1ae85-dadf-4d74-bfed-42146f7d7a74,8b79398b-c685-4d28-8394-bfbb583be6f4,880.43,2026-04-22 23:00:55.142007+00:00
302414f3-5028-41c7-a08a-1bdca42b6148,193d7565-2a79-48d8-87d3-a3e7e0d8a083,4394.76,2026-05-02 00:32:21.838264+00:00
23ed4831-26b3-4d9f-a203-6827445fab59,7dd5ae78-48d2-44c5-a32b-34ce5fe7809d,4186.72,2026-05-20 06:08:56.972783+00:00
bfd1c3a5-4a58-40f4-a975-e360c3628bf2,476ac85b-ef68-474d-b1d6-c3e9b7a03b87,510.81,2026-05-12 00:31:01.372880+00:00
0aa98f2e-510b-4a8f-8a95-e75a966a4122,22d709c8-f40a-48e0-81ce-561c49a56f28,3609.4,2026-03-15 17:28:33.350923+00:00
b97c5d75-0c97-43b8-9822-7094a2e69cf8,5fdb6e6a-816a-4726-adc5-2c02b85be7e5,2013.41,2026-03-17 14:29:06.301298+00:00
268e68ff-6210-4979-9253-ec39fce5aa66,6cbf2ce0-fb21-4f79-bbb1-a7864f5f7a29,4107.15,2026-03-28 10:14:03.785609+00:00
fd43e0b6-56a2-462c-933d-f7aada07ba49,35188d43-ad30-4e63-8c7b-544b5fba9b3c,2317.0,2026-05-08 19:43:37.502021+00:00
a3bd4c06-260a-4921-a823-18fee7da0637,55e625e2-1b66-403f-9864-c47139337129,1210.37,2026-05-22 17:43:23.771318+00:00
31173a35-f31b-42c1-884c-b0d3c4421ac8,d30b09e7-9add-4ad6-8c84-c88c7cab02b6,691.84,2026-03-29 13:02:25.114636+00:00
652811e9-f2ce-497c-bb98-e9a3380632f1,0777116a-c344-4b58-ae97-0476dac8c3b9,550.2,2026-04-29 05:49:26.644031+00:00
07e150e7-7b1f-412a-970c-19b9f0236cd8,0a907a77-23ff-4ec3-98bc-6ea4160a987a,2006.55,2026-04-20 20:09:43.625737+00:00
3870529f-a0ba-436c-b024-10395552d331,d571f775-f1ce-4f58-8659-1de080b12f3f,1254.27,2026-05-05 06:18:32.643037+00:00
f067fe4c-3004-4124-be6f-d1410c185339,eebd8b5f-1b2e-464a-8814-a24c75329789,1254.73,2026-05-17 11:26:12.612036+00:00
6dac741c-7ba0-489b-8ad5-74aca00bb57f,2f2f5c5b-7ec9-4bf8-a48f-c1ead2d9a60d,852.13,2026-05-30 22:46:26.985437+00:00
b0ef806f-f91a-4a80-9867-a500882caa91,64123ec4-1984-4cd0-98fe-ce39d5712d3d,1068.44,2026-04-07 23:31:37.243715+00:00
b7afc84f-2004-463f-b102-848cb006b23a,c14135ef-aad4-44ec-bfe8-89ddd7dde306,501.53,2026-05-14 18:39:46.083845+00:00
92d667a2-3036-470b-b9a2-73d77e65cabd,ca800fb4-fca3-4d2a-a959-399562fbb33b,814.31,2026-05-25 00:18:44.645221+00:00
475edefc-43b9-48b8-bf85-7f6b50f3dfdc,2864f9e9-69a0-4773-adab-af42eefe648f,1276.56,2026-05-26 13:33:09.583346+00:00
30b279fc-7a2e-42fb-bc4e-96c1cafe0fa0,59382437-b0df-4e8b-b8d2-e516945bb9fa,1864.99,2026-05-07 07:01:58.504953+00:00
bbd7dc1e-c68c-4010-8a44-0ba3e2aae343,590427da-ea22-45c0-9679-38c1652662e0,1145.92,2026-05-26 10:24:16.187056+00:00
c1e84784-e5b1-4c7d-ac47-02e84599381d,f91f6621-2364-4eec-9617-9ebcbcdb9e9c,4089.38,2026-05-23 13:00:09.118443+00:00
1f4ab224-b8d7-491c-8177-2308beb4d688,678ff699-b379-467f-8234-f36516617407,60.08,2026-04-01 20:35:39.554465+00:00
2bf6a7c4-bdb9-4824-9bf5-db7341939d44,00ea1e42-7402-43b4-9665-be1ce44d8f60,4240.91,2026-04-20 04:30:04.112581+00:00
d7c125c3-de91-4439-94e5-4fa0be098efb,3ea1e470-bdbf-42bd-a74d-4b1e19dda755,3014.5,2026-05-13 15:13:09.950266+00:00
6d0edeef-bd3a-4bbf-b98e-d841661d192b,873bcb54-f23d-492e-89a6-760821189ce2,1697.81,2026-05-23 23:34:30.483758+00:00
fe276a59-555c-466a-aa91-4da466ef296f,8aa65fd4-3656-4e9e-bdbb-87f1dc1baccf,924.13,2026-05-24 19:17:00.798761+00:00
8682f885-78cf-45a9-b862-b6e51010857b,0390971b-7953-46c7-b4c1-3035a0f93f0f,1175.37,2026-04-17 13:58:52.040404+00:00
2f17b07c-f142-4067-a665-1ad5ac8ae393,39e2318a-fcc7-4aa8-ad80-bbd749b7726c,1774.29,2026-05-01 13:59:29.931116+00:00
7a826ca4-4658-4d21-abe7-bf0af9874f89,48b09182-5167-42c3-b9d1-be0ce97e3702,1374.83,2026-05-08 00:16:58.575814+00:00
a6debcb5-42b0-490c-b0e0-ca6259792cd2,f81d2018-adb1-4de5-b2fe-e8905b5e5618,1316.94,2026-05-21 13:32:47.756275+00:00
be69e959-83d9-4e78-bdd1-aa0d815e0eb8,af16ce2f-e535-46f8-ab53-575a4d1493a6,1419.8,2026-04-29 22:53:36.735066+00:00
b1ea3e1a-fd39-4e68-bbb8-8ba6563335ea,79370bab-09bd-480e-9238-df8aecc519f5,1290.53,2026-05-06 07:01:40.742384+00:00
1306469f-824c-4b0d-a30a-149dd5122698,65f7490a-0eeb-4dcf-8d36-d5dd96badfb0,3060.55,2026-05-22 18:14:56.411525+00:00
9cf3e859-77f4-47aa-825f-3623234eebde,7236b7fc-fcf1-462f-81eb-6efea5cf704d,10.0,2026-05-29 10:40:44.376031+00:00
7ad09e55-39db-4681-9e05-58e5855cfd2b,1b8d44e4-68c2-490a-ae81-615f5aa6fe06,1558.56,2026-05-29 18:12:07.441804+00:00
dea70e82-b3e4-4eee-a16b-b45c85d28a19,6f87ad8c-9ffb-425e-8cae-df283b8d3e4e,2442.51,2026-05-29 15:47:54.247752+00:00
6233e2ba-0db6-4b02-b1ed-f29954bd28df,079c73a1-f544-4c67-bd4d-3b95d9d9b73a,10.0,2026-05-29 22:50:10.791010+00:00
6624ca8c-d76b-4e4f-adf0-194f3f1eab97,744b4b6e-37f5-4037-9625-a21dbd1a96fe,1324.87,2026-05-30 14:24:07.215207+00:00
792df298-7cf7-4f5d-ace6-f8153bf40df5,45a28237-eb20-428c-a998-80d03e9a0b82,616.8,2026-04-21 05:25:41.201087+00:00
26603b91-0539-42a2-850e-c55e92b3525a,807d84fd-bfa7-4e7e-8a1d-52847b3a2529,3675.39,2026-05-26 18:36:14.477264+00:00
85ed4642-a89c-4a73-8545-3ab169b033e9,b0c4ba17-83c0-48d3-8c00-c7d3bd008a6f,4467.28,2026-04-30 17:42:22.830967+00:00
78a89013-1e4f-4f57-8fdc-5d6b2e88b6aa,101da8f8-9431-4d1e-871f-4c1d01a963ae,4822.23,2026-05-23 21:14:01.390528+00:00
57448f12-f60b-4469-8182-a6e2ef14e168,547c2b9f-bf4b-4a24-a868-eb46f583a05f,1470.08,2026-05-25 01:11:47.778913+00:00
c6d046a6-2592-44b9-ba28-a2a5c11a0d21,08718a37-5f9c-421d-a4f2-f9bb5cb73550,3643.28,2026-05-26 15:54:24.260326+00:00
08059c73-0a22-4f48-aeb2-9890b39f82f9,699d98ae-1eb4-4daf-9a4a-05212e28ca29,2185.0,2026-05-27 04:25:00.966660+00:00
8e76f44f-5e5a-42db-a402-7ce7d125b43d,f455952f-e895-4801-9463-adab9e48fb2f,1367.24,2026-05-29 12:18:20.895286+00:00
988c017c-50e4-4161-a61b-0e206a028ae8,2f425416-3775-4966-aed3-fed854419cbf,1879.49,2026-04-16 13:23:22.939915+00:00
06f02e30-852b-4cb3-b291-97f9772190e1,c62726ec-a562-4ec8-ba21-85665355203b,3200.45,2026-05-16 19:40:06.440744+00:00
ba781aab-0669-4765-976b-b533640e7cfe,4c8a7a38-c941-48e8-bcb6-8a470500b090,1883.78,2026-05-15 07:33:26.150955+00:00
25fd6f0f-71d9-4928-a6ef-e302a88c8232,d4aed66b-3858-47e6-a5d6-d7713c606c41,10.0,2026-05-25 14:05:13.373686+00:00
8956afd9-4995-4252-bef8-de3e848db579,f7459f23-5edd-4df9-97c5-c7ca678ac91c,4613.01,2026-05-30 15:45:25.407172+00:00
78d1f131-a545-4906-bc1f-72c22c974782,2d1e6238-8d56-4de9-bea9-2e9a47048a4f,2807.69,2026-05-31 22:00:54.773110+00:00
e5851cc4-888e-46e6-965a-6b5e66512a71,ce50c7b0-318b-455f-bc9c-4243fdd15450,3777.23,2026-04-25 04:46:54.250916+00:00
97f8621b-86e3-43be-8297-3f4420dd837a,4e4c8b68-3bf6-4640-b505-8fea599c7e57,6185.61,2026-05-14 10:59:10.218245+00:00
68fc1b13-a54d-44e3-86e1-d7defaf86dd6,090ae091-ad92-4547-9bad-2f471a50269b,4609.22,2026-05-27 04:39:47.688047+00:00
02203aa0-1a56-4b30-8a85-dff6fc1925a7,58a171c1-b678-4543-b8a8-c76eb42a58de,718.97,2026-04-23 07:47:00.000199+00:00
7254ebc7-24ec-4ee5-86f8-faf282b6b3f1,6c9245ba-29c3-4f0a-9f5d-28945b33687f,172.97,2026-05-01 01:32:06.928186+00:00
7125f1be-772a-49ef-9e6c-6d1ac4854848,10445395-fd16-42fb-8b1e-68fd607cb81b,10.0,2026-05-04 07:43:06.354714+00:00
90bb79b8-d5c8-4e5c-b583-529f0c79a607,f3adf707-060d-45dc-93c4-93d3dfb9480f,1178.51,2026-05-13 13:31:06.819668+00:00
882df3cd-a7b0-46a3-967f-9900d10a5fe4,bd33d7b4-e1bd-4d03-bff3-11c0b7072caa,426.43,2026-05-13 16:03:09.757236+00:00
dd4adee1-e849-448a-9014-53a029960b43,01153f87-ce14-4345-91cf-12a360a2bdd7,378.01,2026-04-28 13:27:23.307443+00:00
c2b74ef6-7be9-4803-9cf1-3321b9f78838,8b332de7-ad78-4118-b997-a54765f72e4a,585.45,2026-05-11 06:11:38.316792+00:00
3ea5e210-2d0a-4b33-a774-53c2fd870571,6accae2c-c970-4040-95e5-4b62e980050f,1104.59,2026-05-19 01:00:14.732383+00:00
7361100f-7aaa-4352-b4d9-db5ef21d2cf0,6dcadf2d-1311-4cb9-972f-92ef525f73a2,956.4,2026-05-26 14:34:45.417799+00:00
6aba6bf8-51bc-4af8-a4dd-cfee507aaeb1,9aa3d608-2025-4d69-ad34-0089b79f61e6,1995.37,2026-05-31 01:20:18.919353+00:00
47d258fe-453e-4940-99e3-381880e1b76e,3d278bff-537d-42d0-ba72-61d149a0aba8,3560.58,2026-05-19 00:20:28.409125+00:00
da5b510f-320a-4727-9625-d10fa015e5d3,1bfe0cd8-b18e-419b-8422-d7e850a8ead9,3082.88,2026-05-19 02:08:43.811094+00:00
90d11e52-69ee-4751-b258-465a143ebd88,de320199-86ed-49e7-b8ed-4a73530e40e4,2710.21,2026-05-28 15:51:05.484105+00:00
0071daa2-f4e3-4e37-97bc-842b047ab3d8,214ca5c3-b26f-4771-9290-629a03303673,3407.83,2026-05-31 11:42:29.969792+00:00
3bb88344-0d35-489b-a4f5-4d1f29625fde,fcf02509-2dcf-4d48-bf6e-5b52869a0fb6,1457.21,2026-05-31 18:31:19.337429+00:00
ccec8f3c-17f2-4ccb-8e0b-fb04f6b53721,51f7c8a6-1565-4db8-8425-a1f53f5997e0,6055.15,2026-04-26 07:22:15.592205+00:00
d45a4eab-14d3-4ca7-bb26-b1546cf28799,7fdc07d8-9b4c-4bda-bf29-98776f01be25,7611.58,2026-05-04 11:37:42.716220+00:00
eb09e4e5-4096-4d77-8efc-dee50f84c3f9,729a554d-7d9f-465e-a42c-233d237a572b,5142.84,2026-05-22 07:56:00.062978+00:00
ad0384c2-f6a5-4f0f-a9d5-393f0a5fc2e7,d663e212-cdbd-45df-b8d9-49e85f80bfef,8962.14,2026-05-28 04:13:04.976568+00:00
bcaa1c39-62ab-4771-811d-b2c2e3500e20,7e2c3420-2573-4777-ba87-09ecbd02dc54,3752.44,2026-03-30 02:07:18.682617+00:00
c24c9ff1-6658-438f-9f5c-8588d1cd662d,9216ad92-ec45-4273-9b54-169841cae7d5,4207.06,2026-03-30 19:53:58.736388+00:00
82ec75ba-09c9-4e5a-8f28-26733b5e3ce4,5dba1294-228c-4d18-9945-40f269ad534b,4116.01,2026-04-16 01:46:17.313385+00:00
1f0d013f-2cf8-41a4-ac4f-19c38ae4801d,a901ffa8-419f-40e1-8a62-fe08315dafec,4829.0,2026-04-18 08:09:08.752587+00:00
272311ac-625c-47e3-9619-c6c628125426,e087ade4-cddd-4c8c-b34c-356477630014,224.59,2026-05-05 10:08:47.627869+00:00
aa1c5304-a5f4-4db5-8e65-c90ac90528e2,b84b9f33-4df3-46e5-a63d-e65f9ff9c257,240.46,2026-05-10 05:35:08.045779+00:00
c398f9b5-eacb-45b9-904d-27fd6ea33d14,fd909905-3be3-4d8c-b8ab-0811c1d8bbc0,188.66,2026-05-26 05:53:20.707537+00:00
0333c12d-dcc0-4d8a-a42d-f7331980a5f4,90906607-7a8e-4303-9768-9c32bb83b349,348.84,2026-05-28 18:30:36.278485+00:00
be000a96-b8cd-4c02-b833-43900007f9ca,d7841c3b-ea02-4bda-ae22-effe92492f45,503.74,2026-05-24 20:16:33.395030+00:00
3e84da67-6bca-4100-b6bd-ef064abcc8a5,ef73ca3f-cc9f-4b90-9c64-eef4225cb742,1425.29,2026-05-26 10:32:16.895326+00:00
f681ceb4-31cc-4225-b459-e91289a830bf,c84e6cc5-70e7-4642-a02a-4f8f3688b7e2,1441.99,2026-05-28 03:39:26.812139+00:00
429a1cf8-5590-400c-a33e-deb187b3f495,fcc2061e-24d8-430b-a6eb-764eb18ff929,656.85,2026-05-28 07:41:31.628551+00:00
1c89bb1a-2193-4c33-a445-f106f076c58e,7aac4de6-8463-47ab-ae49-059849a2867f,1127.72,2026-05-06 07:12:59.924770+00:00
d740615b-3183-4001-9ac1-2d2bf79a83c9,6b8c73f0-b0cb-483c-b4df-1d8851c89509,1277.16,2026-05-30 12:36:29.637006+00:00
ca6a4839-87b6-4fb4-a3d9-fe5997931b51,bbee3da3-a5ba-4573-b005-095351fa2e78,937.64,2026-03-24 16:04:23.753982+00:00
8860b0a1-e37c-41c5-b784-67832a182915,baca6166-955c-447e-b928-0fdf5629a501,650.43,2026-05-26 13:16:22.211970+00:00
30b72d0d-7357-45a1-9c29-a8500fdd60a1,30dd1924-5c3c-4c41-8f95-654fba2bce3b,2004.94,2026-05-09 00:57:13.665169+00:00
b6462975-86b6-4316-b74e-66433bbae794,7ec5d766-5f3f-4355-ae27-5b1feca26afe,1605.92,2026-05-21 10:58:00.601444+00:00
523d2e39-ef04-443a-97bd-4a1eefef6297,6c941e07-e17b-4478-a0f2-ee09c081805d,1167.47,2026-05-25 18:25:38.841638+00:00
1477d404-3991-4382-8840-66bf549c1edf,09c277b5-93f1-4333-a694-424471cc546d,220.04,2026-05-14 13:16:42.060345+00:00
484c2fcb-69b9-4b8d-a78e-90d78c382430,1f64eeb2-bb15-4575-8324-a35b82d26543,167.78,2026-05-17 13:20:19.202908+00:00
959d5e1c-0e5f-4da2-a3b6-a0c14b1d7ee8,258ca042-894d-4821-981d-f252feee4c15,460.52,2026-05-28 01:43:14.882628+00:00
d22211b4-50ef-4796-a92f-69bfcee5a5fe,97b539eb-efba-4ab7-837a-8291c4913271,317.52,2026-05-29 21:16:28.116114+00:00
41276d6c-02f1-4fd3-a753-771e90f7caad,698edc27-be70-4c07-87c7-d55af50d730f,232.24,2026-04-07 15:23:38.871301+00:00
59ccc114-1672-4616-af40-c597114c14da,bb640050-3dd6-4b02-87d2-5bdf742b232b,221.83,2026-04-07 21:40:37.464386+00:00
555adccf-a7f2-49ab-9751-66e8e3ba5406,c0f83636-35f9-4016-9d44-db95e4d0f0de,143.15,2026-04-07 21:50:38.694777+00:00
813c256a-cd23-4816-94aa-cfc8a6cdc1a6,b83d9c81-1b67-47ef-8a1b-13c94c3cc62f,472.44,2026-04-20 00:22:56.092758+00:00
a8a54077-650d-4d39-a3d9-84c39db814ca,8e34f2b5-0401-4e89-954f-dfbbd69b2789,1747.86,2026-05-13 08:37:26.629965+00:00
fade1207-6198-429d-a5cb-c96335b58299,dbfb1099-fd1a-4e25-9661-59fae6ea1c2f,10.0,2026-05-28 13:31:29.822545+00:00
a5e685bb-0f82-4bb9-9232-e46fbfea7769,ee6cff44-b991-43a3-b491-c5e07dfb5401,1677.04,2026-05-30 19:21:49.288007+00:00
1ecdafcd-4e94-4766-9a9e-9a6b0921cb93,2b448bd8-fde9-4e65-baa5-7f65bb62a908,930.8,2026-05-31 21:53:28.146262+00:00
4345437b-b688-44cb-b71c-ccfb65845dd1,7c29d06a-5fd6-498b-9e9c-91218a4b8da6,529.5,2026-05-01 08:21:17.271982+00:00
030c41e2-0d96-4426-a6d4-2185d02b829f,8d692b26-905b-488d-9988-412f2b1de2a6,4957.08,2026-05-30 14:38:43.922145+00:00
017bae44-3573-46fb-952c-4b5daa39e058,889784c4-f1aa-4c76-b6e8-3a18fd7f57ee,679.33,2026-05-30 05:42:18.360793+00:00
50da4820-5f83-42ff-8367-f05b0d7bdc1b,7bfba862-e8a5-4bfd-8c85-d72b8f173ccc,2875.25,2026-05-12 10:20:15.937020+00:00
84515c24-e018-4397-82a7-d70477a8553c,5b56e48f-e9c6-4036-809c-f0a741bb3cf8,8470.86,2026-05-29 00:22:28.360839+00:00
2948a758-4a00-44e3-8709-295cb8868433,d9903b80-6615-49aa-9606-a827081bd6a0,3758.64,2026-05-26 06:38:21.024975+00:00
346dfbc9-de3e-41be-ab49-4624f18b728d,950e0dc8-1db4-4f24-87db-348b7c5f6ad9,476.2,2026-05-24 05:44:22.574639+00:00
1c6fc393-c974-4077-8c3b-55c1584083d6,1e7f347d-e662-458c-9894-c88d712c6e11,10.0,2026-05-16 21:42:51.938482+00:00
16062a82-f261-411d-bfcd-d2b003189ddc,fe2841e2-4890-4a03-aac7-70fa4b1b019d,3464.33,2026-05-17 10:12:51.131020+00:00
c8211f07-b71d-4e76-8745-eade4ac9dca2,ac4c7333-1f4c-4e16-a908-36d0ab853d3d,3536.55,2026-05-17 22:22:33.944928+00:00
4527de67-81cd-4b08-b645-b2bf38a99e8e,b1af4948-857e-4719-9f99-707092c96913,2831.82,2026-05-24 12:55:57.044514+00:00
df64ccf8-0af1-4bb6-a492-0d18e7b1ffc8,26978714-5087-46bf-9403-0f3c8c435371,2776.07,2026-05-27 17:32:26.142149+00:00
a36067f8-1c35-4244-853c-faeb6937bc42,9721241c-e7ac-4bca-8f78-4d9a18bbee8a,1356.84,2026-05-10 07:05:21.161237+00:00
6a17b2f6-988c-46f2-8a9d-bc7cc032f106,5d442ea4-890a-42a0-802d-be37620cef67,2958.69,2026-05-29 19:15:36.679939+00:00
91940df5-2ac7-4512-b387-037840c7a4f5,17eb7714-2829-45b3-833d-c33c953420fd,712.84,2026-03-27 22:41:23.259310+00:00
da2e6659-156e-4d8e-be53-28a0e6a4db2c,dc40b700-0608-4d5c-801f-a185d9ada888,2840.73,2026-04-04 14:52:17.843996+00:00
7a9bd7b3-a778-408c-a209-c60b639629ea,6048a62f-613b-4b9a-beba-12157cf602af,1047.2,2026-05-22 15:00:58.914725+00:00
2bc4b857-c224-4e4b-9705-ca377d657b72,aeff1c48-b0c4-4900-a483-b27cc2762feb,799.8,2026-04-27 03:32:49.051769+00:00
c21a8957-ec95-4999-91f4-043cf49630e9,68fced24-8975-4d97-bfef-98143fb2fb3d,325.93,2026-04-30 11:25:18.158466+00:00
fb85c599-5e8e-4a7c-9571-fbc2ed1d07b7,7cfebcf2-20a5-4f3c-ba1a-c5aa34821d88,1068.62,2026-05-09 04:30:51.742960+00:00
5fcfaa7f-0d8e-48ba-9091-689f63c67f46,05fd73b4-3afa-4518-8380-f6ca72e6f93f,3588.8,2026-04-20 08:39:34.031246+00:00
67cd85e0-0bc0-4d66-aeea-c759e5e709d8,791667a7-27a8-4fb8-9652-807cc7c64ca8,2510.18,2026-05-07 20:25:30.316722+00:00
77c0856c-108c-476a-b838-890424685558,cc41cc32-2373-4117-a4b9-82490e8c67a7,2965.46,2026-05-11 12:00:34.470051+00:00
c5409beb-add2-45f1-8777-0040df008cfd,e6bf733a-e686-4a92-8697-4298d55fb04d,1551.38,2026-05-23 19:07:06.082983+00:00
ef947390-8f74-473f-8343-96eedaaeba87,b9feea9b-4b2a-45bd-b425-a2bdb22675ad,1499.63,2026-05-24 10:43:35.455339+00:00
cb56dfdb-c09a-4507-aa1b-1c2b71543316,1548f678-369c-40ff-bc40-a6de223ba136,1936.23,2026-05-25 00:44:28.088152+00:00
8917a474-e599-4280-9db8-3b18eade632e,49ac7636-d6df-41c3-a483-aad2b1af2e82,3595.25,2026-05-31 05:59:12.053942+00:00
1705898b-94d8-4cf6-b001-d1a220b17799,f2917415-fe97-4677-a25c-46eedcb0c985,5902.11,2026-05-31 11:13:09.762702+00:00
13ce35fe-4c22-47d9-b025-73d5eae53109,a06c1c1b-4b7f-468b-8b41-5997b7f1f855,3571.27,2026-05-31 20:36:20.064782+00:00
0a01e5e2-9ba0-46bf-869c-937eec00ae26,969527ba-bbfc-4e90-9ff5-d24519b914c8,4768.09,2026-05-31 20:54:21.288956+00:00
6abd71d7-cbef-44e7-8f0f-169b63d9441c,64b3d7cb-90f4-4f50-ab30-9a59c7d0160b,793.48,2026-05-28 21:34:15.751780+00:00
c60b88ca-5b90-4357-93d5-7b6ec48af545,ba0b497e-1342-426c-bfca-6aee130fd5b1,769.38,2026-05-30 01:26:07.614383+00:00
599bb74c-fe86-4fab-bda1-3b6f170f1e82,89b0a9ad-23b7-428e-9e72-a728df9055a6,1308.94,2026-05-30 04:42:14.011424+00:00
870e2262-cdc4-40cc-a534-93396264b3e8,3ed3543e-f5d9-4f3d-bec3-b23ffffcd236,755.23,2026-05-30 08:24:29.908696+00:00
ffe70649-27ee-4262-af35-cf1d9663acb1,a7e135e0-6843-4a00-b8f5-d825640796a2,2180.7,2026-04-25 02:16:32.123784+00:00
f6495333-0a51-4c47-88e5-24da6089cd6b,1957ddca-6158-4109-a367-fc1c09425237,5068.0,2026-05-23 18:56:01.052991+00:00
f7365a71-ca7f-49be-a4fd-27e7c6d29006,22be74bc-7410-4333-877c-f52c8fd6fe90,5027.09,2026-05-24 11:52:11.458771+00:00
284f4057-337b-4a8c-a361-5f98bc064f89,430a5c5c-f218-4e15-a288-59b2ed4a2fba,83.1,2026-05-26 22:20:06.146067+00:00
77e89bd5-aa19-4298-aa1e-45bc7346cd17,d772ccb4-251f-4fa1-af09-1c65331220f2,197.32,2026-05-28 01:59:08.544347+00:00
4e713e0e-63c9-4002-a338-09a9779937b1,527870ec-d106-413e-a84c-50183cdb59ca,667.71,2026-05-30 21:59:04.130886+00:00
90efa780-6454-4447-9629-da2112b424c3,5e486d22-3f00-4932-8912-c227da5bf1eb,792.03,2026-05-31 22:49:31.722842+00:00
06a8b0bb-108e-411d-9268-f98ead92d679,b31d8243-ebff-4a3b-baed-012a6a93b697,257.22,2026-05-01 20:17:12.449141+00:00
892c04e3-cb1d-41e1-bbf8-117aade03657,d7a26e01-dbe5-4181-a690-529a08faed99,1119.19,2026-05-25 17:00:55.141878+00:00
6994abf8-2370-41f1-86a1-272ded2879f5,087e9ce8-8a50-4915-a18c-a9e4ec419a31,397.84,2026-05-22 17:27:06.321449+00:00
0cba7b57-5f53-4280-84c9-d2696e706abc,4ee7156e-c3d2-4a18-8f56-8408829942d3,1571.65,2026-05-24 07:03:05.004407+00:00
d045d433-b3b1-4fab-9fcf-ffe89dc1d152,78e94878-e05a-4f07-a86d-6ce280e3fa07,4203.44,2026-05-02 23:32:47.164152+00:00
696bd417-9d15-4aa2-9c4a-7d693596187d,5bf8b85f-55f4-4de0-bb72-67dc8516b1af,2172.35,2026-05-12 15:06:09.445521+00:00
73361e9a-baf1-4825-a69f-06fbce5f23f0,8efdf039-511c-465a-97f5-070753b0523a,3379.25,2026-05-21 00:12:58.347962+00:00
7b561c8a-a479-4b3b-a659-c42a61daf40d,cb4cf917-efb2-4770-9ca7-de4e0252d77f,2330.59,2026-05-26 19:17:51.417159+00:00
8c2f6793-0ee2-4db6-ba93-22d02ddc9e2e,999c0330-e89b-48a0-999b-ddd4fd71f6f7,1773.63,2026-03-07 16:53:33.306323+00:00
ef8fff52-c5c4-4c4e-b86d-d6c7ebb3a84a,c033ab43-4759-4288-af9b-b08097576eae,1067.79,2026-04-14 05:29:18.556088+00:00
6044be8a-d8ee-4af3-8f09-577e7319bdc2,9d0d79a2-ee0b-4901-b989-fcb84b58d4ae,1554.24,2026-04-20 04:13:15.602639+00:00
1044ccb4-c597-400a-a624-58e73834565d,d5062c8a-5429-425b-9b86-a4ac116cf55a,791.7,2026-05-11 12:10:52.569225+00:00
db945ea9-6578-4546-a24e-690c154c8e45,c27b9923-e57a-4f45-b178-96da09c28068,3511.76,2026-04-08 22:47:11.308681+00:00
e1759cf6-4192-4e0b-92cc-801aa5666dc4,3c4a41a5-da3c-4edd-a95f-b291c415b4d9,1827.04,2026-05-29 21:07:10.361091+00:00
e786376c-fc8b-48c7-887e-6917002307d8,7a8a4875-58ab-46ff-af04-b17599aa2a46,2112.4,2026-05-31 03:32:27.832424+00:00
df3d0de8-4cef-4158-bf46-651c4adb0309,0740fd30-0001-42cd-9f5c-4d0c8d50c1a3,1502.55,2026-05-14 01:13:44.515307+00:00
163f7c1d-50d9-4252-b822-4df5ea61996d,0b28d0d6-ba8c-4d63-831c-1b4bb60416af,3783.22,2026-05-26 07:29:04.591954+00:00
3bba67fe-f736-44e1-a5cb-20b4ff77f8f9,082c66c7-4b25-4fa5-a89d-3dd31842f6a0,3503.74,2026-05-27 04:38:09.647678+00:00
b144bfcc-5087-45a7-9a48-9558b326dbc6,dc7b42c6-a791-47b7-af2c-e5f9875bf511,2249.58,2026-05-28 22:47:58.042347+00:00
16e422fc-0e83-4bb4-ae7e-211968f29124,87dad9a4-9039-402e-856a-e623e782fa5f,2627.83,2026-05-30 12:17:50.851230+00:00
5aee1e4d-2fe2-4319-ab74-ace08496ebaa,8aad09f8-9120-4814-812c-f5312223199a,704.14,2026-05-22 21:46:36.879196+00:00
5f77bea6-3a74-4288-8b4e-0d79f0597ea1,24d524da-5014-49c1-bf34-6db54cf8ac4a,2236.35,2026-05-24 07:29:51.873108+00:00
35b0d7a8-043c-4542-b675-8d8967c355aa,eb4f87bd-2772-4c94-be19-70dc587798ed,1455.33,2026-05-27 08:04:30.174995+00:00
9f0e269a-a1cf-452a-a0e5-1ae6636ffe70,9056d549-a41c-44b2-af7c-7e637061ce95,2137.42,2026-05-27 14:25:58.703322+00:00
ea37fd44-6b84-43fe-830d-7088fbdfdcc3,96ff713d-b3d5-4dc0-ba14-516bc31d7793,1209.36,2026-05-29 16:12:55.734770+00:00
0412a328-010e-4548-939e-a8a0d7757639,c757d88f-e61c-4630-8c10-f822ed5a185d,2958.48,2026-03-05 10:42:41.665420+00:00
b835d2d1-1719-44fb-a7a6-8546ae3d1435,689c6e87-9dff-4a54-acc4-969d9dfa36a7,3305.81,2026-03-17 17:41:43.167016+00:00
eee22abf-4520-4c24-aae8-8517cf4fc1a0,09506f01-ef3b-430f-a753-e32d5bff2375,3675.22,2026-04-01 05:11:31.178505+00:00
7b4200cc-354b-4cc5-8b80-449e01d885bb,0ae38b89-875f-40b4-94f5-7dadcb348f7a,3959.82,2026-05-06 04:28:57.971751+00:00
08442660-e0c7-4302-89b0-80bd4998e612,3dce52ff-ea83-4379-a544-29b582ec33d7,2836.62,2026-05-08 18:06:23.022208+00:00
87d08b9e-3ad9-4ae5-9eb9-b45db3c15c81,106d09df-dcd2-43a4-b9eb-c10ce4d936cb,2358.78,2026-05-25 06:08:58.853705+00:00
d673d356-2292-40e5-ac0a-576cf51eabc4,a60965b0-7699-4f42-90cc-75f35a79d10a,464.0,2026-05-28 15:49:45.054393+00:00
daef827a-8627-4e73-8db8-718d637f1f25,1f732dfd-684a-440a-a455-d3ab1ed8121a,460.16,2026-05-29 00:15:45.877294+00:00
d0fde061-7b25-4f12-a9b9-f8d001ac4541,5afa6fb0-94e2-44c8-a920-4b521e506281,1253.45,2026-05-29 04:00:22.695214+00:00
25d4d54e-d1ce-40c8-9fa5-2cb0679180ae,fd16ba23-f984-47d9-a9c0-840772dc7d2c,754.17,2026-05-29 11:18:58.500511+00:00
a37f7c61-365c-4f4b-afba-bcd27d711877,0e8572fa-b5fd-4a21-b7f7-a0db8fbefe18,323.49,2026-05-29 11:03:32.496709+00:00
87c0f9a2-61ab-4c39-a887-ac12c4b44bb8,2e539b15-cd84-4fcb-9bcb-e733dae54dd0,1700.01,2026-04-27 01:49:34.767751+00:00
f1c183af-9e64-4a82-9ec4-6481aa8fb22f,725b463e-9ae6-4320-ad41-8e1447878dbd,1452.75,2026-05-10 20:16:22.820228+00:00
f2257554-69b6-4727-a099-fd9793b5eb88,bbb93c41-d551-42dd-9571-d6acaa59bf7a,330.91,2026-05-16 18:03:16.434961+00:00
af049f9b-31bc-4cb8-af09-2a2650c18ca4,54a1d094-2218-43f2-9a6c-00a80859ff5d,2661.65,2026-03-17 19:57:48.532830+00:00
9c009412-05d2-4e08-97b5-e470a353e725,6a8b40e8-f415-4015-a680-383e98a02dac,2863.68,2026-05-02 10:27:10.153544+00:00
0f24858b-e157-4ca7-9c2c-3b23cd41c417,de48dd00-784d-433a-a218-4e131e578caa,1101.6,2026-05-18 10:29:22.680435+00:00
c5b1a7a1-c191-418a-83ee-62fe6c1bec79,b8d61f4e-4686-4227-a7a6-ab5200a3889b,1428.41,2026-05-25 12:11:31.375155+00:00
ae370dfc-3ddf-463c-904f-b6d339b42c16,cf43f04c-7b15-486f-9634-13e98f42b905,3111.46,2026-05-06 18:10:46.248812+00:00
4b5cb577-5da8-4fb5-9db5-0a57a1d47473,09539c7f-3208-4027-945c-09e21c4b750e,1040.96,2026-05-07 16:13:54.932225+00:00
db42653e-cf1d-463b-959e-8621e89e29af,bd3e843f-f5bf-487b-9371-f92ed2fd864e,3728.33,2026-05-14 04:06:19.329465+00:00
4fc122b6-9bb3-4689-b67b-319d1d82d65f,9dc30301-2288-4465-ac9c-c07465779a70,3480.56,2026-05-16 12:05:29.692709+00:00
66448a4f-b4ed-454e-b0c4-990371e4cd48,48e32b22-d5ba-4570-a5d8-0c435cfaaa40,2220.55,2026-05-18 04:34:26.755460+00:00
814239e5-267c-4a60-af3b-7f2d5499a892,ccf45585-6298-4072-96cb-209399213e24,5066.39,2026-04-10 12:45:57.787495+00:00
d9e9389b-7983-46a0-9143-a4181679c354,da365ca5-8830-4ba4-9669-2f6d891d0988,4432.87,2026-05-16 23:43:41.895409+00:00
646b0fca-a41e-4f42-9e2d-c650c3c86ac3,3ea14b97-69c9-4447-97f8-a44063454c29,3367.01,2026-05-24 23:55:55.540405+00:00
6b19db8d-2146-4c71-a680-eeb793160d72,6d3e9e6c-8d2e-4378-b7c8-9cc84c86421f,2696.47,2026-05-26 04:18:59.527495+00:00
2991f026-26e8-4adb-8120-2fe9688bff34,0e071b21-1ce7-44af-bb2e-aeec152b002f,1668.52,2026-05-26 10:52:13.340195+00:00
3e9f4868-1db0-4eb6-9535-81db9145b8b0,2cd05a13-4fe2-4760-9e25-06555f2bf7a1,1466.73,2026-05-04 20:40:50.841894+00:00
522409fe-d9ea-4e05-8cfe-cc3f2ae02553,219c84b6-dab4-4307-9434-c66659ccf1b1,425.75,2026-05-04 17:30:26.986568+00:00
8dd6b043-3273-4ee9-80a9-144a90bb18a2,eba1be6f-211a-4a92-ad24-1fdfef2d7a37,140.28,2026-05-07 16:57:00.324592+00:00
3c9b0f35-6261-40e3-81f7-2eed2a7efa58,631bae2d-f0e4-4fe2-be51-c1768e895170,10.0,2026-05-17 02:48:03.441019+00:00
05f28a06-903c-49bd-b06e-2bb7c8ad12bf,d1a98aa0-bb6a-4b17-94a3-b013239dd2ab,148.86,2026-05-27 02:31:59.101818+00:00
b9330074-16eb-442c-aa15-6322335b5f6a,d7b8ec5e-fde8-4270-8625-060c2f3516e6,2034.99,2026-05-04 05:19:32.342929+00:00
36056c1e-20ef-4487-8805-e27b96b7b54c,bf4179f1-d310-45bc-8a7a-5891d283471f,1171.1,2026-04-15 08:43:30.244003+00:00
961204f9-4bd4-419f-a320-3cf748a40c7d,bb003bed-1604-4d74-a958-89c150c336f9,1375.68,2026-04-18 12:14:28.716509+00:00
c6a453b8-7595-45f5-b036-b3ff2e3cd15f,a193dd81-be95-466e-9d38-70dde002ef23,1506.56,2026-05-02 06:46:23.755515+00:00
9262739e-146f-4631-9104-f1e91b1592de,fc6e4106-e82e-45cd-8c2d-d631dca4e6b9,503.55,2026-05-08 20:18:07.492584+00:00
c8ad9ff8-5c87-4e3d-bbca-8244d58d0da5,2d1d1107-35a8-4511-86e7-f201ea598161,1398.23,2026-05-31 00:54:39.853719+00:00
74a7d734-f4fb-48cf-b0ee-813435c63734,b22de4e4-11e1-435d-b396-d984ed425fce,2242.31,2026-04-01 01:01:40.818419+00:00
2f9034d6-7a88-475b-91c2-e1edcd492f19,459a473b-0939-4d30-83ab-e06b6c3217da,3744.5,2026-05-28 04:14:56.537194+00:00
5985cf87-3c27-4a87-8c5b-5a7b9bed2d8d,2dbe3ff9-bedc-49e7-9ab8-e93c2a837910,4694.0,2026-04-28 09:39:03.570499+00:00
f695cf8c-4e40-46d1-9435-1f9cabaa5d0d,cdf7d0d9-4ede-4696-96f3-ba45e1d9e22a,2479.02,2026-05-11 22:53:29.297980+00:00
24056fd2-25c1-463f-91ea-76a8063ba699,4cdb5a7f-2dd5-4e59-af65-2e3015b745cd,3503.37,2026-05-12 13:49:13.106747+00:00
716636cd-6456-4649-b0cb-2d1d99c845fa,92954c23-184c-44ed-9d47-d4b6560f4620,10.0,2026-05-18 14:28:38.451443+00:00
47e41e23-7882-47dd-97e8-7f9c29af26bc,2123a5dc-9d74-4c3d-8030-42f051e995f2,4965.4,2026-04-14 11:05:36.589178+00:00
6821cf37-e9f9-4d6b-ac1d-a170e4049189,b82db356-8144-48d4-97d4-c13a04ae7289,2915.96,2026-05-03 12:52:56.368807+00:00
9cc67d85-9dc0-424a-b33c-c61d7132b892,fe8f1df2-1ba3-4765-96ca-dabdbbfefabc,1733.59,2026-05-14 14:26:34.623610+00:00
4a4ab1b0-f06b-4918-9342-fcb6ca2e6501,ac3d32a5-6257-44bc-8f7b-86278b46285b,1242.23,2026-05-19 09:09:33.778775+00:00
f33eadd3-71dd-4592-9092-42f82575ac02,94e7a3f3-0152-451a-b6de-96a2c13157a1,1889.36,2026-05-21 23:50:13.108514+00:00
45561605-6176-4428-9c48-688ede97d79b,5a44f29e-d751-49ee-8ee8-a8d87cb0bd75,1644.54,2026-05-23 15:32:18.484091+00:00
b1881213-ce82-441d-b163-a46abf84beff,a463ac40-da00-4d30-bb12-d65e3e406f53,359.36,2026-05-30 13:08:00.109404+00:00
bc130c8a-ce25-4230-addb-0ec085768eaa,9bd4fd0f-ef52-40bd-857c-9d77093c91e2,1693.16,2026-05-05 21:02:32.620804+00:00
030e8e97-3f49-4eea-bdc5-005cb0de711a,fdaa63ca-1bd9-49c4-a83d-7f1d69b5e936,1353.59,2026-05-16 04:29:02.499163+00:00
63909cca-1a5c-4405-9f02-be284b117ee0,226509d9-76a2-41d7-a161-83e4a3ebaff5,1658.42,2026-05-17 21:40:52.840954+00:00
a533e4ee-d075-4c8c-b214-8b70cd41cd1e,825705a3-ab3b-4ef0-a871-080073810b1e,569.69,2026-05-30 12:34:47.708830+00:00
e568064e-ae45-4e7a-95d2-44dfe0182378,a22423ee-4bcc-49b9-82f4-046c698ccc8d,323.83,2026-04-26 16:21:52.780927+00:00
7299696a-5ce3-4cf4-8617-9f6771362579,7d5d8810-1ff4-4231-b404-81d1cdae9826,68.03,2026-04-29 13:42:16.194682+00:00
ea720e4e-b39d-4957-9f31-802857c39982,6f4bdcca-0cbc-4d50-b25a-c139875094eb,276.0,2026-05-04 21:38:21.730553+00:00
5ca52952-f10e-4170-914b-112800013198,5879dabf-9cb8-4e9e-b929-dea0a544b1d4,377.82,2026-05-19 00:48:08.552508+00:00
c4781b8e-a924-4bff-b309-954b1623b0f3,ad63eb8a-fb0a-4d3e-9a56-e53f8b9ad013,225.99,2026-05-27 17:31:11.022964+00:00
65f88301-bdf1-4f2a-90a4-87bb4ee6a344,87342857-3888-4ee7-be47-f595d0eda5bc,1172.36,2026-04-06 18:12:04.724349+00:00
9397d987-35ac-45c4-984a-8564ca500134,6ff3025f-e085-45a8-a77f-4e93110329a8,2203.3,2026-04-22 21:58:58.980369+00:00
62c4741b-79ce-4150-bbd2-0d9bce415a30,4e842a55-3fbc-4ab5-bf87-8e75a94383c8,2013.46,2026-05-19 11:42:01.204298+00:00
9a7da9e4-a653-401b-a401-b93d550c4ee6,b53aeddb-a1d9-4445-9564-d3eff698fa81,4918.21,2026-05-21 09:28:30.960462+00:00
c65210f0-37fd-4ba3-a8c5-54afd9655acc,0d26fe75-3612-443c-a5f5-39c20e1103fc,2504.12,2026-05-26 10:42:33.136146+00:00
ecfcf0ab-c6e6-431e-b568-fb1edaad97b7,e46a3d2e-d41c-4bd6-9f22-cfc2d8dfb661,5009.12,2026-05-28 04:01:19.273896+00:00
97deceae-c7df-47b2-90d0-8eec4d732723,4be8250b-2066-44b4-8375-91fa987987bf,2468.4,2026-05-29 01:33:31.816848+00:00
42676a65-3ae0-4de8-b2ba-6c39803fc7fc,7c2b5888-bc3f-48f9-8c0d-b5eaa08be38c,253.58,2026-05-04 19:37:22.236696+00:00
a3d761af-3a68-4868-93d7-8acacf2bb008,498fb88c-4b74-44c2-bb91-8808815f2f4f,324.73,2026-05-07 14:45:05.431916+00:00
41908424-628c-49e0-8425-51a76cf0e445,bc906e9f-bbcd-4a23-b2c5-0785e0a171da,316.94,2026-05-25 12:49:55.901866+00:00
6d1cc07d-23cb-4be9-8d60-e1b6b8bdd6bc,e0010be1-fc71-46de-96a8-19ea39a9869a,10.0,2026-05-25 23:01:33.163629+00:00
bde25074-5845-40dd-a732-7a6480672b63,b81eee89-ff2d-4c91-81fe-338be2639bae,222.15,2026-05-31 14:27:11.128736+00:00
be35723a-3a1a-4ae9-a6c0-a407652cf613,8d5049ae-75dd-4b34-804d-fabe36ccfbbc,797.6,2026-04-20 02:36:38.910855+00:00
6439d03a-d0a8-4d79-bfa8-a1efe379b988,7157b067-99ac-400e-97b5-ad1f0e80f465,1205.65,2026-05-02 00:09:07.415229+00:00
537785d5-4bda-4b4e-9877-7cc4a689e895,07c9ee0e-73b7-4a52-b4a7-c79d32fda626,3242.09,2026-04-12 13:44:53.062640+00:00
1775c0d5-16dd-478e-afe9-825346455e5a,1d7c8a49-da08-4288-8d8e-dbf4071619c2,3415.24,2026-05-14 23:14:31.244518+00:00
9b210030-1db5-413e-a2d3-38dd7341a31f,3c600720-256b-4f64-bc8f-0f3eeac5789a,834.88,2026-05-07 02:30:55.004824+00:00
22a9bce4-796e-4009-8610-c7703097ec5c,fa785d61-dd8f-4b4a-96aa-e5ed0621194f,691.2,2026-05-20 16:14:05.074211+00:00
1e577123-5666-4f71-9f04-8ac6f57272aa,409c9202-03c6-467f-b174-6fdb6ba8ed6f,1960.56,2026-05-26 00:21:25.241329+00:00
3e177e61-2fdc-473e-996a-2c7ab5d1bc96,da4d104d-a4ae-4e7f-8e5d-cafa18e1f5df,1028.43,2026-05-23 13:27:15.510293+00:00
f60663e3-ffc7-4910-a8f8-262b40e5d703,c5835807-2091-4aef-bdc2-d1ae43580a41,1989.97,2026-05-26 10:07:43.700164+00:00
9505e796-cd7e-4c81-b5ba-e8849d581761,4908c35f-dab9-4e10-8ecb-b6e352d7c04e,580.51,2026-05-27 02:10:22.136689+00:00
30d72ddf-eaad-45a6-b18b-74602376ea1a,0401e470-dea8-42ae-a4bc-056fd3e9d045,1905.82,2026-05-30 13:58:57.906924+00:00
ec412f82-ae57-437e-9f77-bcbb58d673dc,8ae7b58c-921a-425f-ad9b-919dad969cd6,2081.0,2026-05-08 11:07:51.198905+00:00
6fe749c9-b312-443c-88bf-201be449aff3,f9ab2291-42fd-43a0-a857-1d6fa999eb5a,1037.11,2026-05-15 07:00:13.545069+00:00
6b2a5c13-ab91-4251-9d25-a463b3c2b5f9,aa03c71a-9416-4013-b6ce-cdd0b1a46141,2092.11,2026-05-22 14:06:53.335716+00:00
4b31aac2-49bd-4d84-b6f7-c4021e954cbd,1dc7fdd2-6216-4375-a102-247ac9945233,2815.25,2026-04-30 15:29:09.340962+00:00
1a87f325-b71b-4dcf-9ff8-07c9fc3ed5b9,6ec00eab-1465-44f5-9d10-b822b8fe1df3,3326.08,2026-05-02 00:03:39.520167+00:00
e9351883-b96c-477d-8b9a-6b0f82ba9936,48e9ab93-c214-4e7e-b8ef-5760fca5af01,39.29,2026-05-03 11:21:13.849456+00:00
485d89c3-ac9c-4fe1-b0e6-dcf3135ad78d,279803d4-d94c-4956-8cba-94eec2fc10a9,10.0,2026-05-20 23:55:27.357962+00:00
ed0a02ee-9a6b-4f33-973a-0ce864ce3b14,aeec0993-0ed5-4bd0-b0bb-1b9a8c7f0f84,956.97,2026-05-24 22:10:16.484958+00:00
6d09e221-4a6f-4329-86d9-4f3c4d90e122,219741ac-61aa-4a8e-870c-431ef48c6a89,306.82,2026-04-28 04:34:34.485655+00:00
43cb9296-d836-4260-94f3-ffd2faa05b36,95f1ad1e-08c2-423e-bd85-50fccdf569b1,222.57,2026-05-13 10:03:28.731413+00:00
a513ba1e-2079-4378-8d26-8841d3eaf369,dc3ab25a-f1b6-48ae-a7a1-168bbf43deeb,575.97,2026-05-24 17:01:47.432909+00:00
354e7f57-c8dc-4800-903f-12b5d8c44a5a,693ae73d-818b-4c1c-9da1-e1b25d4b5b59,1080.51,2026-05-11 16:36:12.842837+00:00
d982361c-f06a-4a1a-b0f2-a499b7d0e52b,5b97420c-afc4-47de-8c20-25bd77b94392,3429.28,2026-05-12 13:32:26.769032+00:00
926756e4-dc69-4c4b-83fb-7b41d3e6dc2e,25d144d5-123a-43ce-a058-159f1bc0a527,4508.51,2026-05-30 23:15:31.818205+00:00
b3929492-ec3b-4e1b-8a2d-ebe84d494bc6,40db9a59-21a9-43e0-b6ef-2883867a5122,277.48,2026-05-29 21:51:18.534712+00:00
8174defe-8d8f-4388-9fe8-a14301c1a84c,1618a1c6-6a58-4518-a609-c6b2c6b33fb0,605.97,2026-03-26 11:49:30.733611+00:00
165045f4-e49d-47ff-a85e-9ec83cfe85a9,82d0c5db-1cd5-4031-9c0b-15cccbf48816,332.38,2026-05-02 01:16:29.050262+00:00
4e079019-8e0b-46e2-a510-8e53995df50b,a8f5e27a-1bb0-47ac-aa61-1905141ad59f,1633.98,2026-05-26 03:45:57.467818+00:00
85982a12-829e-478a-8417-b3645bdd73d3,d99194fb-ed23-4444-98a1-cd11ccf10709,2347.09,2026-05-29 03:06:31.527512+00:00
d9d01130-4d75-4448-87e0-9e25d67fe47f,97fa6524-11de-4e9c-9d2a-2ff1ee512340,1853.94,2026-05-29 16:18:02.100668+00:00
854bfc83-d03c-4cfb-bc13-7df7c4b87eb1,87b8bbe5-3d93-49cc-b38c-0d6c6d27f081,1960.97,2026-05-16 16:33:29.788026+00:00
a8083119-6057-4308-a005-fae7014798c2,00049c13-e1fa-4571-b447-5aa17c4c64b1,945.54,2026-05-19 01:30:59.014955+00:00
0852cadc-b8b4-4cb7-8abc-84bfea10140e,b695a1b5-39ab-4b12-bc49-8accd6a18ee9,829.06,2026-05-19 19:12:56.577430+00:00
b1f955fc-e927-4a24-9317-323a06b61f24,a962e905-8536-4dbd-853d-b34aecea1c0f,2433.14,2026-05-24 06:08:17.367542+00:00
76ab7780-9ae1-464b-96cf-1afb70d695aa,5a70088c-b89d-40cc-90a3-94abfaaafce2,2183.99,2026-05-29 13:09:01.556458+00:00
e5153643-97da-434e-8f3a-30635e96802c,30088d4b-2ec3-47ba-b9d4-af7b2d5fd374,73.53,2026-04-23 06:04:30.604170+00:00
48fbbc9f-2a20-4bf5-bda6-4f1c186f22e1,11211120-a69b-40f5-bf64-d61b18e90d5b,3180.19,2026-05-04 13:15:46.950830+00:00
5387c4b8-d7ce-40c5-b2b7-de4b94b1581e,6ebe590e-12aa-4920-8ca3-a494b01a6c25,4509.21,2026-05-14 02:29:31.877206+00:00
9ee4e4d1-1135-42b9-84c9-01e05a2edb8e,dbae39ae-7f26-4fd2-8b1c-f1608bb99bfc,1116.8,2026-03-25 07:41:32.759438+00:00
dfe85673-bb46-4fa9-a698-bfc5ea3ce8e7,4a1ad2e7-6e7c-44c5-b9a4-f27f8ca7d62d,858.56,2026-04-18 22:41:41.693102+00:00
84260f02-c051-44d3-8622-d754e516dc6c,33683996-8eec-4caa-a058-f62412a5b3a4,771.8,2026-04-20 13:11:07.733406+00:00
2cc2a74b-52e1-4e8a-af6d-c40c35912aec,8cbc0a8c-c4a9-47b7-8928-cb215331ffbe,1118.26,2026-05-15 08:09:56.610232+00:00
1592664a-b63b-4280-831e-5969853fdef3,299832f1-b7db-4dc2-b4c6-f55b2f660861,676.35,2026-05-20 14:09:33.156528+00:00
81e4d7b9-c723-43eb-81ed-b30021cfda6f,f1cfa5ab-b128-4fad-a367-a12c9250a4e7,1405.96,2026-05-30 20:27:03.271921+00:00
3afc3950-33d8-43b2-bb92-58526bca2039,a150522c-23dc-42cc-b97c-7053f159ec4b,1648.24,2026-05-31 11:45:05.921686+00:00
1330cc25-b660-4b05-9306-0564d6b22c79,a34eb4b6-2199-40f6-b33b-66d7e322f484,194.1,2026-05-31 14:22:49.232404+00:00
ed925f91-f090-402e-9649-1ce2aafbd314,bb3451b0-c360-4db2-9bdd-c873ff60043b,1540.7,2026-05-31 18:26:49.019796+00:00
dc4c7210-4b73-4ba7-bee8-65f097ac1418,9dbcd168-f1e0-45ff-9c44-5f530a48786a,6113.52,2026-04-17 04:10:37.980561+00:00
20d0453f-71b9-49b8-a900-701e5854b9c9,7dccb7e4-f0c9-49f6-8136-99e949176899,928.1,2026-04-25 02:26:49.817923+00:00
ce02352a-0eb5-4bdf-9d0e-864fcc199239,44241359-6e95-475b-b14b-7c06789b6cc1,3304.1,2026-04-28 13:53:51.913354+00:00
ff67d960-7813-49ec-9f63-8702e7bd646a,6f435655-a3e6-44a6-aa4e-7c2af6d55329,4290.06,2026-05-01 20:32:05.904155+00:00
29c80f5e-ccb3-4b2b-81a0-7d7d1678a75e,fe077dc1-6cba-4476-94cb-b4f335ce539e,2658.04,2026-05-18 06:30:40.703249+00:00
922c524d-f707-4ec7-b77a-e2eefd27719a,d26dc2d6-ac4e-41b9-9e44-f94147675b94,924.61,2026-05-09 04:51:03.584258+00:00
886ca80c-cbe7-4aa2-add4-a116fa6fe7cf,afe507d8-892b-4782-95b0-90cfeac9e7fd,769.18,2026-05-10 12:36:08.023797+00:00
ec512632-542f-4b13-b5c7-f39c36b8bc53,6226e4a3-24bc-4563-9357-a58d77223067,1286.39,2026-05-20 07:48:28.153513+00:00
218aa4bc-ea88-425d-b646-f0f4fd4fedfc,75364dd6-31d4-41a0-bbba-f89974b17eb3,163.78,2026-05-26 08:02:56.766399+00:00
9a65d464-ba43-46ef-86cc-06acc5695525,14cd7007-3e82-4c1e-82ee-1d8e34a66e0f,7857.01,2026-03-22 00:40:56.413272+00:00
401aa589-0126-4ee6-8840-12a4c8952d86,ffb63b22-237d-46f0-b624-60be9b73a52d,2058.66,2026-03-29 21:19:08.518030+00:00
16c865b5-7194-41b7-b34e-3835a587e0d1,ea19d82c-cff4-487d-868f-ae5b4ae974e0,3986.57,2026-04-02 16:09:16.037859+00:00
134a017d-8b86-4969-80e2-6c16c8cd155e,9d7eaa97-3058-4b28-ad0c-b7844de624ed,5207.22,2026-04-24 14:36:38.968174+00:00
3bc307d1-3735-4fda-9dcb-d40773470f67,15095a32-63f7-4b12-824a-27776a886259,992.3,2026-04-17 16:57:01.297442+00:00
a7a09733-801b-4af0-9fe5-617e2fefdc75,606a6ca6-dea9-4ddb-9d50-eb6da0291502,614.08,2026-05-19 06:04:36.733927+00:00
9a2f1793-b924-4e77-be41-bb0a9b83497b,420a1200-98a4-4d51-92fc-11e876d46aa6,651.11,2026-05-26 23:02:31.502460+00:00
4c2a6fdf-5a90-4715-97d3-eeff5115f857,3aebc340-e3ce-4200-b7a8-124729a4cca1,1244.12,2026-05-31 02:42:36.236007+00:00
10ed0ae5-dd2e-40e5-98d5-761aa98b11b4,ef46f0af-5382-42b3-95d8-6b67179cf64b,1792.25,2026-03-21 03:59:33.540793+00:00
cdab0f2a-50fa-45b0-9a00-434ce3a1a54d,728912a0-7725-4640-b601-8007eb6122be,156.03,2026-05-17 02:39:25.636605+00:00
e754b62f-3eaf-427b-98df-daf4eeae5b22,e339a780-9d3f-4e40-851d-672793d47570,159.02,2026-05-17 06:16:25.502883+00:00
c5fbbb37-c073-4bf2-b712-83145fd50dfc,a9cf5cdf-8289-49a5-89b0-5163cec51381,64.0,2026-05-19 16:28:25.243859+00:00
fb447f57-dd31-41f5-945b-762326d41761,bec03bfe-a889-4357-93de-9fc25ba4506d,234.88,2026-05-31 20:08:26.045211+00:00
150b71df-f495-4e09-a45c-967ed991b6e7,7a29cf3c-fed2-4325-8300-2497bdf30d9d,336.68,2026-05-21 12:14:13.861127+00:00
937195b8-4e74-4861-bd4f-50153572c73a,541fe3d8-10c5-411f-bd8f-d51e9bd385e1,292.8,2026-05-26 08:49:46.968264+00:00
ebc7d837-35b3-4e55-8db1-2f167c5db9d2,b12cc93d-88e6-44dd-abd7-b2cf666ec971,237.63,2026-05-26 12:08:40.757108+00:00
a71e4edc-2b09-4e6b-8bd2-818808650dc0,6f5f4a18-d357-47ea-bdba-6e47d38d7f44,970.3,2026-05-27 21:33:33.421249+00:00
f9e0f203-33e7-45ec-844a-3baf4edbfddf,a2667b67-5aa7-4916-aee1-267c3261cad2,1074.7,2026-05-28 22:48:41.204674+00:00
e6dbd31f-23fc-411e-b457-82eaac58e454,2a38b6ce-b9b1-4087-b91c-1df75435bece,2192.33,2026-03-11 08:31:25.443492+00:00
c3bf95b0-281a-4300-8b9b-d79358dbe192,836fcd05-07d0-4738-b1bc-aaa7fe2577ba,1482.28,2026-03-17 03:11:20.352142+00:00
fa2b6f73-3357-4ed5-9d30-5ea0d7dda429,01c19cd8-7630-431a-916e-79011eff8268,2049.92,2026-04-10 13:33:48.448108+00:00
152979b5-847d-4850-ac27-644d59aeddca,3289e964-d0fc-4e9a-9b29-4cec88ac0f08,2101.47,2026-05-02 03:19:02.010129+00:00
277ddd7b-b655-4c2a-ac00-97f71c2b3c2e,7e75885f-5974-4f20-a9d3-80b1cdec7e07,1217.7,2026-03-17 18:54:21.507523+00:00
b433be57-c589-47ae-8a83-0e7705ac87c4,5c144b75-acf2-4daa-92bd-d23201d7aab1,582.95,2026-03-28 05:53:39.377041+00:00
c78fc101-ffa5-4ce9-a379-3f180def28a9,01b4726b-28c5-4729-95b8-7c4cc02570da,972.37,2026-04-10 20:51:51.735895+00:00
5f24287f-409e-4d0b-bafd-c520021fb59e,c1faf5f3-9130-4c7a-9ecd-22f0d4fcd1a7,7636.18,2026-04-12 00:43:52.899229+00:00
e216932a-9289-43bb-8d95-42b827f27c76,d4160e6a-1bf4-46da-a1f9-a20740bbef8c,3949.14,2026-05-09 14:08:09.756654+00:00
27d1f4af-4bda-406b-99a5-5131c0e45349,a6a436c0-6d98-498d-8e26-e6b70313c467,10.0,2026-05-22 11:52:30.744946+00:00
34b880e3-622b-4259-b0ac-fcb445efff97,bb5c7e38-b795-4e17-b794-d7093a0bf767,1311.23,2026-05-04 16:20:49.169764+00:00
73c547c2-9276-4e43-a906-ba31992eade5,3071d0ba-b078-4d41-a7de-064fba3e9d4b,1971.18,2026-05-10 17:12:53.498092+00:00
eea43458-d9ba-41db-8a8a-c54cecf378c0,836b2b37-7c34-454d-8e87-f9e746542926,405.36,2026-05-17 00:15:33.093572+00:00
ef85034f-c558-40a3-bb4d-d7ade334cade,a59db6cb-bb7c-4dfa-b4a8-1e52c4dd86ee,2912.15,2026-05-21 17:43:31.295349+00:00
a3bffff4-f177-4e57-8d1b-aa81f377ae4b,171a3581-560c-4bac-b1d6-9142fe8b3550,2984.44,2026-05-30 20:45:11.006960+00:00
2954dc71-0392-4d40-a0d0-1b39c7a86465,d2b91762-ca8e-4ff3-ba58-179c3b1ccc81,3373.6,2026-04-28 18:54:36.756093+00:00
173f2297-6550-4105-a180-3039c354b00f,61e85de0-c8f0-42bc-ae36-adc002377f37,1932.24,2026-05-14 18:31:08.624896+00:00
9d44204a-d49d-4857-97f3-8b2d90e1c6a8,52cb28d2-8585-40d6-bf2c-7ca0045333d8,10.0,2026-05-15 09:36:15.001297+00:00
e4122bbd-7456-4ac6-8f50-9641d50bb86d,7b4183ff-de33-4661-8978-8706c7ea9d2e,10.0,2026-05-31 08:37:23.992731+00:00
417fa53b-a313-4641-be33-afc6da5212b0,1fdac95e-cd48-4e1c-ad90-fc177521fa87,656.15,2026-05-04 01:22:36.318993+00:00
71bd462c-15dc-4de3-9321-56cd83e230ec,84d0ea0a-23d7-4325-bdc1-c7b8b69760af,2697.9,2026-05-11 23:23:08.872408+00:00
88e42ceb-557d-40d4-9760-e096350d63d4,700ef4f3-60e4-4933-ac4f-d116e47d9a35,1268.91,2026-05-12 10:24:35.047155+00:00
d0ffc1db-3d44-4b61-9ef5-02398c90710d,ef284437-b66c-40fa-8331-9ec3f5bc5ca3,302.76,2026-05-21 21:02:39.170711+00:00
45147810-4359-4f33-a769-c95116c4c1b9,40a34ffe-48a2-4f57-8c0f-31669ff783e7,1805.63,2026-05-23 18:43:57.677783+00:00
a4ec93e7-2bd8-4328-8cd6-5a824b03cb3d,14380700-d691-4e98-97af-98a235374b8c,284.67,2026-05-31 12:24:29.715118+00:00
e26ba67f-8d6e-4d8c-a98d-99b95caa6594,d0c0ad21-6c96-4c64-8ae2-0be4c64feab3,1846.77,2026-05-20 04:48:43.594528+00:00
9befa59a-4079-4579-a2e7-ed68f1b17e64,67f54eb8-4965-4a13-ab52-a29198ab6072,2831.06,2026-05-20 08:39:05.795231+00:00
c08e6544-7473-4737-a56c-2044fa913e12,57a9489c-a92c-4318-8ed7-d1d30c6963bf,2543.85,2026-05-20 21:41:13.618330+00:00
9ab237b9-c990-49b5-b5cb-9c4c7acb330f,190d8c0a-e7bf-4f23-a473-5aa4d3148830,2272.73,2026-05-21 11:50:20.264334+00:00
2f52eac6-ee8f-43d5-9099-549254cf96df,a14c8a01-b8ce-4617-b86e-79bae816acad,716.7,2026-04-24 02:15:10.331733+00:00
9e81db11-b9cc-43b3-a52b-a377b07d5986,8fb6df29-2ef3-418c-8424-289f149dc27b,615.87,2026-04-27 04:54:17.411883+00:00
c16af2c2-a4fd-4895-9b60-852bb485fe3f,4e169fb3-6cd3-44d4-a30f-f4a1305549ee,548.73,2026-04-27 15:34:05.935378+00:00
c8db1744-484c-4472-b9d3-fb453bfb57ef,d5c36ac4-aa4a-4790-966c-5bbcfb622a52,377.38,2026-05-22 17:55:25.538862+00:00
38e90407-4132-47eb-8d18-496e62c23d9c,c9becb5f-299a-429f-8d1d-9311ea5fdb1a,539.69,2026-05-29 20:24:07.385017+00:00
dd056a17-e887-49df-8c95-b56980a5c743,015b893f-1220-4cbc-bc23-861174b595dc,2751.9,2026-03-17 10:58:44.916519+00:00
0596d0b4-db11-49a5-9e95-92a45dda39db,051025ad-d9c8-49da-b2c5-2b05dfb7bacb,1206.61,2026-04-06 14:09:40.722443+00:00
fc3aa4b6-c57b-4906-87ac-2079bddb9b12,5f355126-6a61-4a0e-beb7-83be48dcbdcf,1608.7,2026-04-18 03:00:19.711032+00:00
b0794671-da7a-435f-9ec0-9b04fbb9c0b4,a457bd43-ce49-42c1-a384-82f6fa634373,3031.84,2026-03-15 20:51:50.334480+00:00
8556a97f-61c5-4e96-aa9a-20aed81c3b86,f1254688-1966-48d2-9b2b-c9a7cb84c9c7,3641.71,2026-03-20 20:04:08.280752+00:00
ccf561d0-0ca1-4ac9-acaf-6d0ee22ba68f,0e2fcb89-452c-4cd0-aa91-0c25e8013eb1,3234.0,2026-04-19 13:27:56.248362+00:00
3cb5a707-48e9-427a-a626-72a57abd324c,9c3ed5df-e87f-4d91-b43d-fe9bee40b766,3137.89,2026-04-30 17:12:11.951007+00:00
7759f295-cc9f-4da5-874e-0573be530ca4,90fc116f-f0ea-4de9-8ceb-4d85f17f7fd4,2858.83,2026-05-08 11:05:52.883805+00:00
9f5c7fb6-b0ed-4f26-918e-8f282bf7744a,5748693e-aa00-41ef-8efc-8bcf1c071403,6167.0,2026-03-29 03:33:40.147224+00:00
11f1a842-7263-4c70-b64e-fcaaef362bdd,d4653a26-347d-4508-95e3-2407c391ebfc,142.62,2026-05-22 01:23:46.227984+00:00
25a0fb76-e2de-4a9a-9d1c-97cb34864c6a,d7f7dc74-8553-4ef2-bcd7-478d90c2e8ab,483.09,2026-05-27 01:29:37.813606+00:00
2d5cdfb8-1264-4e47-9ffe-5b72b6e6fb2f,fb11a033-6fba-4722-813d-234309c96963,1651.11,2026-05-04 03:52:36.966503+00:00
6aab808d-d2c6-4c5f-b0cf-b66506889619,e0fefacc-24ff-4281-b368-63706f434530,3633.23,2026-05-17 00:19:01.730851+00:00
93cd5cfa-c7fa-4e99-94d7-a6bfe9db6764,6bc90373-251f-4433-b855-5dcda1c90b10,1783.26,2026-05-18 06:37:07.669569+00:00
79218d75-7efd-49bb-ab40-8d7a00cf5894,7ffeb014-f14d-4765-8c5e-9f4b39a2f454,2700.72,2026-05-29 02:37:50.532778+00:00
d7864a27-81fa-4a75-81c6-641a1067f1f5,e72cc3dd-6bb3-431c-81a7-ac00794b8a15,3794.88,2026-04-15 04:41:06.998585+00:00
20b0b849-9810-42e3-9409-8b3d1890124d,b40caf08-cc6f-4696-892b-3b8d73399672,987.74,2026-05-04 01:47:36.568066+00:00
c9cd58b0-c0c6-4294-bff5-960357650079,2d92f4c4-26a8-46e1-be6a-77e61cef6655,3382.08,2026-05-10 02:47:12.492195+00:00
191eed75-704e-43df-b320-66e281d9f176,836efa08-711c-43f9-8620-f0998ec2f4d4,4282.84,2026-05-14 02:41:47.316694+00:00
5583472c-5b6f-445b-9130-6f7b2707feff,a293cc85-4c69-4186-9880-0ef15866b6c2,2282.72,2026-05-28 23:08:15.576012+00:00
ec2949d5-0d6e-4390-abc9-3de4a617a843,f0551f8f-cf11-49d8-8531-81be61faa3d6,3594.99,2026-05-31 23:52:46.820322+00:00
2145094a-56eb-4341-bc3d-14a0cdb0ff3b,fd1f3ec7-4a33-428f-a001-23625562eccc,2322.85,2026-05-06 11:28:08.578567+00:00
6fd56cd7-e9cb-475a-baca-3e065973c2ed,aa3e43c8-0769-4354-858d-c66886d0e698,1244.5,2026-05-22 03:50:33.919337+00:00
f686cadf-37e8-42b1-85da-1ca6deb72d90,0ff16b17-6b47-4ac0-ba06-b63168c9a356,888.55,2026-05-28 08:15:39.362597+00:00
0d669a34-ddf8-4a43-92b0-d840f8cb6d83,fc5ce7f5-517d-41c5-bf36-893137bf774e,787.74,2026-04-25 09:47:12.536958+00:00
7c858860-c055-4b17-a0c2-9e959e9e1c1f,4b9df93b-6338-44b6-b6f5-6495f2157a5a,1159.82,2026-05-01 05:22:30.888195+00:00
fb967523-8ace-42ae-8d3b-3bd8b5f1a23b,ed198c96-1249-4113-91c0-3dc81e4ae5de,1549.53,2026-05-09 02:43:22.866822+00:00
d6480869-96c2-4070-9d18-90724e1d6006,379be47b-bcd9-46ae-953f-2a6efc4e35d2,2045.46,2026-05-29 02:12:20.710458+00:00
53d4dc08-d7d6-48a2-9440-06eb6b840806,1fe7b9dd-f15c-4611-b308-1ff16b30f537,426.1,2026-05-29 05:21:02.803905+00:00
2f69d3d2-ef05-4a7d-85e7-f579293236cd,5221a7a3-915b-4977-8079-3704ba52bedb,876.91,2026-05-23 03:18:25.752050+00:00
d6a0d2c0-5afe-496c-a0c9-27aa0a174475,218993d5-247d-4ffc-beaf-1eb6fccbd717,934.15,2026-05-28 22:52:23.039602+00:00
59d4f07d-f034-41ad-8edd-19bad2ca620a,410a3620-2080-4f23-ac88-4adbf0974649,10.0,2026-05-20 13:45:34.086928+00:00
e0c657ff-2097-4136-a614-654603b6938f,51734506-de2b-4bab-b133-9a326f7387e7,10.0,2026-05-20 18:30:21.521631+00:00
75f61128-7a45-4575-8f6d-26a1b096d50e,87c31b4e-3a61-4b1d-94f3-d662ea4dbc90,2511.59,2026-05-22 21:59:28.790585+00:00
52484623-7e24-4075-b2b5-9a06d9a9a59f,168e46ab-45ba-4eb2-98db-43f05bd0eac4,339.3,2026-05-29 04:44:49.487078+00:00
4ba0a393-657d-46d0-9fd4-57ec106f8e83,b56db5ff-6a2e-4fdd-9a32-96ffb724ed2c,3561.21,2026-05-30 05:06:11.928580+00:00
42abbd0b-687c-479d-bce7-fb82705a3d92,08c59270-060b-440e-bdbb-f7b5a4545dd4,10.0,2026-05-15 07:38:44.237937+00:00
ea843554-42a2-4d3e-8866-faf96aa0da9f,ec4e16a4-75a1-4466-a881-1f001a48b526,403.08,2026-05-20 22:43:34.216544+00:00
a3235185-13fc-4c15-b656-eeca9f4a34b2,e4a17419-10e2-4789-b477-f97dce34d217,548.91,2026-05-21 04:40:53.242302+00:00
6c31c4c9-31e3-4523-b73f-0ebd6362bed5,f351c6b2-a3d7-46d4-91c6-736b0f6d9197,1011.88,2026-05-22 09:25:49.396307+00:00
dbdf0a40-b752-4f8b-b623-4afac57445ac,904bf76f-e187-49fa-9af3-325a839d18de,862.24,2026-05-28 19:31:49.179921+00:00
5df132c9-94fc-4f0e-afaa-1adbbb28298c,6b4e3e8a-6947-4f25-aac2-22ed6423ee8a,714.96,2026-04-03 03:42:06.351823+00:00
3e703648-8724-4ea6-a47f-7e82e259821f,8569c0fd-8bef-48c1-97e5-ee5f29570788,504.79,2026-04-23 08:32:03.008777+00:00
61b31497-5337-4ba9-8794-b46f144e2c1d,f6cdef1d-7d13-480e-8b7e-fb3b8d9c735f,3156.32,2026-05-26 20:24:11.656822+00:00
16027e9c-5adc-4b2a-91ce-d5bd224418c3,8cd38d99-3b72-4c15-8992-c5cdc4e38743,2253.41,2026-05-27 02:01:55.374931+00:00
b36ef112-efa8-4380-8f7a-104ae2df711a,53360d24-cd66-4442-a78b-033b9304ff7e,3609.6,2026-05-31 11:45:23.469762+00:00
793fca72-0198-487c-97bf-ce4a522e7725,e38ebccd-17d2-4b64-8629-98452659cfa0,1480.79,2026-04-09 12:06:17.436525+00:00
c90623fa-e458-4971-86a8-327546a43ad4,a9fd04b6-a99c-4d67-90d9-84c39ff210df,1999.26,2026-04-10 02:55:59.750928+00:00
afbe8f76-4590-4530-92d8-6f2194ce1d47,940a0c59-800d-4acb-85d5-a50c10ead4ce,3808.71,2026-04-19 20:09:08.614487+00:00
424e73d8-fc2c-44d4-bc6e-a366fd746b7c,e7f17c4a-6295-4bb4-8ce7-38781baeb4bf,2299.44,2026-05-01 01:04:21.174868+00:00
8978c582-6e44-440f-9dc0-3acd408f19e7,cf4be779-dc89-4437-b798-258966d1cd3e,2792.99,2026-05-06 16:33:32.966844+00:00
91194d73-3b27-4acb-a98a-5fd18c86c73e,88d70e50-b589-47e9-899b-d5a5aabe6275,2411.5,2026-05-25 15:37:42.825145+00:00
cb561ce8-dfcb-457a-b7a5-77ffcacb293c,f7742cd5-66ca-47d2-b449-0a7a779a88a2,2706.45,2026-05-27 04:13:38.543023+00:00
69ab1ce4-1226-454b-acd8-acd46301e272,482fd2ac-ec1d-4cd1-acc3-de386d1bae90,241.79,2026-04-12 20:46:17.733881+00:00
fb8c1129-adf2-4ef1-bb83-8cc1d023bb34,0be531e4-2035-43db-a0c0-1c681d403fb5,392.83,2026-04-21 09:54:21.722976+00:00
85361dcf-d49a-41f8-ac5c-d35ecc0e1065,dd03e3e0-e4f2-42be-804c-a18fca1e3ce3,275.05,2026-05-20 08:19:26.426041+00:00
1482e137-187a-48d3-acca-fe9491d62452,5a9cf300-18c1-479a-99d5-b9be36d661f1,2766.33,2026-05-11 17:57:02.376011+00:00
31a33c27-1022-44e9-99e2-2439df93814b,d695ff9a-900a-452b-ac0a-1a8ab4205fcf,5046.76,2026-05-13 01:55:52.379214+00:00
0190fa0b-617b-429c-9cfa-ea9caebbbda0,fe122093-48f2-47eb-9037-e35bfdaa1803,7018.99,2026-05-14 03:58:52.317054+00:00
4ffe4b50-9fa9-4a32-ac48-0839cedb1d4b,3f007361-f3b6-40e7-874b-2a50b27f4f98,7400.77,2026-05-22 04:50:33.305944+00:00
bd44ecff-49b2-4bc0-bd39-816d9a08de12,b598ec83-1c4e-44d0-987c-06e7b2cad9c1,1821.91,2026-04-22 11:36:06.419011+00:00
6de003f7-4c91-4a59-9b6c-96604ae07793,813d1930-77c3-4871-9b4d-2c8ef2f9feb2,1897.84,2026-05-09 17:10:09.229192+00:00
82b97afd-f121-473f-9c9c-db8f7a4fab8a,e8c1b44a-706f-41c4-8acd-473b01c9e229,494.11,2026-05-12 00:26:58.691128+00:00
487fcba7-2998-4183-bb0a-40ab22cf513f,1bafc84b-6a89-47f0-919f-c55d4f844d8f,231.82,2026-05-30 13:50:33.301645+00:00
8eeae462-dc0a-4779-b9e0-99d987c7d5d8,d07eadd7-9b84-4a77-b952-59b68780e730,679.43,2026-05-31 17:17:36.660740+00:00
fb093b21-c97d-4d14-9da5-1b81162b841c,b5c22d62-5214-4f77-a3db-e5eefb86ea35,214.88,2026-05-29 02:42:16.842501+00:00
f326b6b5-1e1f-4863-81ae-a55f02b03306,c3bca07e-08d7-4857-83df-326032aa2133,859.71,2026-05-29 10:05:38.176665+00:00
890d04c5-b2b5-47e8-90d3-0f25e009edf5,be610fe1-4f7a-4ad1-9708-b4446e3eab46,1119.6,2026-05-29 19:18:30.612914+00:00
fd050ac4-801d-45ff-bc2f-34c9d42b6c69,71d75036-ccec-44f1-8b1f-2432b6cd9fc4,2319.09,2026-04-19 16:14:21.718892+00:00
04d139f9-49f3-45e5-99f8-32e60867aa12,62db640e-e944-4896-bba9-a02b1da5b786,4111.07,2026-05-03 02:36:41.594760+00:00
6471ff72-09a3-479b-970f-d9c6aaaf81ca,004987b5-5313-4925-b6db-ca97dc02a8b0,1543.57,2026-04-30 00:38:25.210115+00:00
7a8f220f-46a6-465d-8775-aee9ec837226,e369494a-6735-454c-a04f-5f37e0d987da,2038.39,2026-05-03 05:19:09.630911+00:00
213ee633-6bc9-4a6f-9909-32776e86753e,a61afb1f-5617-49ca-852f-c4821d99bff6,1545.32,2026-05-29 03:19:37.660017+00:00
11335195-fc41-4252-bae3-747f73073204,01645de4-0504-467a-80a4-6fb21404f7bd,1589.59,2026-05-29 08:12:53.782080+00:00
57b9ad75-99f0-4b57-9be8-a3d9221d1fd9,141ba7bf-7cc6-41cf-ae9b-f8f205bd482c,1040.39,2026-05-29 22:54:44.216111+00:00
5fd1b497-c214-458b-8c28-bd9a37145a1b,2f83b568-95e1-4148-8c16-98d9853c3a30,1260.37,2026-05-04 01:06:50.437096+00:00
7040314d-4839-4640-9162-1283ec6cf5ea,608f9b74-93cd-4c45-82c0-039db3bab309,1652.91,2026-05-13 13:11:28.377484+00:00
676c688c-eabd-4de2-9c97-6aa24275fea4,07a2c011-07c0-44d1-9cc6-b965e1849382,2118.16,2026-05-16 06:10:25.516810+00:00
b1f0e743-c686-458e-95ee-546a816a14b8,46958abc-3f58-4e7f-966b-ca093e466505,2522.39,2026-05-25 22:20:05.896510+00:00
105cf214-5600-4311-a2fc-a58785ba8eea,af89355c-2197-4f53-a72a-8f78a8c37114,2221.76,2026-05-31 02:37:39.167991+00:00
d24d7464-4823-4dd1-936d-2fa3929e5ac1,99cf056d-2e35-4f0b-a277-f69afd999159,4071.98,2026-05-31 19:40:01.711324+00:00
413cafff-5bd5-427b-932f-fd6f4983d185,87ccf965-7187-4b50-bf64-1435a9aa873e,4119.88,2026-05-31 21:51:25.433011+00:00
8cf58a1f-2269-4818-9f8b-f2593a986757,dfe31e03-0f48-4485-8233-1d2456141f5d,5373.77,2026-05-31 22:17:14.881803+00:00
274f9667-1e3c-4b65-a602-0d206161dd71,e8c64259-849c-4bf2-9e9a-cf7927f3faa2,2479.42,2026-06-01 00:29:09.727757+00:00
771981db-01bc-485f-b5e3-cc8346b8ac52,716c5beb-8627-43eb-88b4-e5031e08fb69,3286.09,2026-04-30 18:27:59.377115+00:00
838ece28-e2fd-40d3-acfd-0ac5614097c0,6b56cbc7-88d2-4545-a205-68a6e4aec236,289.9,2026-05-28 03:26:18.323793+00:00
923f9d94-9a37-46e7-89d2-aef614658338,1ba344c1-15f0-487d-b098-c3b4ed359cb6,4060.06,2026-05-28 09:45:29.475731+00:00
2ba23fa7-2bd2-4ed8-b754-e49eba029f94,963ceaca-5e21-4d6e-93e0-1e3df159a5aa,756.98,2026-05-25 10:28:41.472201+00:00
a92c8330-680e-429a-a510-927362e524f9,7f90934d-617f-4784-9cd5-e547b42bfbb3,579.51,2026-05-27 21:36:05.538212+00:00
cce9fc56-f8ad-4395-8f26-ebfb074e9d93,9b585d93-5712-4429-a15a-f7ed037f6bad,10.0,2026-05-29 08:28:18.181568+00:00
87cdb3fe-53cd-4991-b80c-651b94e13c40,081b2828-bf1d-4192-912e-6f264683c5a9,3612.34,2026-05-23 10:39:49.562044+00:00
707a76c7-07c7-4115-a62a-5c9936b0be24,89ce34d6-b480-41c7-a86c-6a025baf5021,5490.95,2026-05-29 09:23:54.319569+00:00
43598d18-22b6-4e29-ac37-692794f40be7,85be249f-2a0a-497a-8ba9-4cf8264067fd,3086.01,2026-05-31 09:59:33.445677+00:00
81e1f909-d468-45ba-af5b-a44284dfc020,72d0fd9f-60ff-45af-815e-db71986312b4,295.99,2026-05-01 22:10:55.363425+00:00
5766dcf6-1d8f-4f36-8e41-4d7528a4200d,843618c8-670c-44ed-a332-58f48649707e,255.49,2026-05-05 19:10:34.811857+00:00
b7514cd2-1f5a-494f-bd87-ea2079bebb5c,6fea5aad-dc60-4da9-af29-7f932c62c591,213.24,2026-05-05 21:24:04.412041+00:00
1b8401f0-9cda-4c47-90a9-7e8e869fef2f,14fd3c90-7291-4cd4-a73b-eddd15da84c6,380.02,2026-05-22 06:25:15.352292+00:00
45431921-91f9-41ba-98bf-b2d3d5f3c14e,aca69463-3dd1-4ebd-80c9-29af93cdd899,775.21,2026-03-17 14:40:26.418695+00:00
c654a0a4-1235-424d-ab4e-6fe3b6172a04,2b95169e-5aed-4783-8d36-b94a146d7041,1831.15,2026-05-29 21:39:51.598255+00:00
a12cb580-5f1e-437b-8d78-f3d94c1c1872,105e9444-2e7b-4332-b5aa-166685ba1410,3796.16,2026-04-08 09:13:33.552600+00:00
7547605b-df04-49ab-9daa-7cccec16ceeb,154ba7f3-a153-4ed3-8409-3c2a4b9d0c91,2026.79,2026-05-12 12:24:55.278433+00:00
8ea18f8b-04cf-4e71-8ec0-7763255bf41c,539c2840-3d1a-49a6-9799-576884bd12b0,2039.8,2026-04-17 19:52:25.559308+00:00
4349502a-eed0-40c3-8150-b06856c7400e,58576d28-62aa-44eb-8850-56ec49b4f5c0,914.73,2026-05-04 09:43:45.192489+00:00
05b2f046-1268-4062-a04f-dc9ab4892c19,54b82b0d-81e7-48ba-947f-65925685e0d3,437.6,2026-05-22 11:40:22.572091+00:00
9beda862-01a3-4700-b061-f72c05dd7bb8,2aa1047d-d46b-477c-8dc6-093531da32ae,927.98,2026-05-06 17:22:54.310422+00:00
2489c80a-12b9-49d1-86a1-6e3d5488ffb6,802edff1-5dbc-4aa8-b5da-dd65c2934734,2275.3,2026-05-26 06:51:06.703932+00:00
280bae44-ced2-4299-8902-fbd801dcd292,8909f160-814a-4a20-8335-aecee1734d70,2522.19,2026-05-31 16:04:29.257336+00:00
4f20303b-dba2-45a9-8710-62a41e82c6f3,0e11b6d5-31de-46d1-bbf3-03cf75c97d3d,528.18,2026-05-15 04:23:11.593712+00:00
9a0ae9b3-e287-4335-92ad-70ea95fd9f33,3074620b-b272-425b-b198-769f8f47a2f6,1928.39,2026-05-19 00:56:34.976657+00:00
955cce6b-2e9f-44c5-afa7-b6f23a97dc18,70ad49a3-a397-47aa-9a65-1ebc439dce33,4887.83,2026-05-26 12:06:12.908056+00:00
09ade128-a35c-42a8-8036-a82b8ce5c60b,970b02c2-660d-4d03-8f01-5cd52a69a69c,3127.56,2026-05-02 17:02:17.872610+00:00
923ddaa0-c84e-4286-a78c-230fc779535b,45f53fc2-2f45-4beb-9062-7e18f3bc3eea,3507.56,2026-05-07 09:45:21.186801+00:00
c523fb89-a25f-42a5-86ff-c1c97fbf6cd9,19455371-627d-437b-97b0-2638c599ca3d,4017.9,2026-05-18 16:08:04.781802+00:00
34c885fe-336a-4060-b961-429dde6a0951,0e6b0316-7216-4ca7-b89a-6d19bdc579ee,4094.51,2026-05-24 15:56:07.683449+00:00
49fb9843-e8bf-4bfa-a0c6-363dc1c87e31,dba62da7-9b6b-48bd-a81b-82570930e94e,941.07,2026-03-15 20:31:43.364112+00:00
121eaf06-d667-460b-8fcc-1bcce07d4077,216c50ba-8f36-4aaa-a14b-72d88a7d35af,822.13,2026-04-09 01:09:18.927608+00:00
c57a9af4-ea9c-41e6-aead-eba61de1c736,10a46c76-3551-43f7-b48f-ac899f4adc2e,395.49,2026-04-26 15:04:55.493120+00:00
98b14fec-8f78-4ac1-beb4-5b107b1ede3d,60a3bca3-f268-4854-8f0c-388ed6ba35c0,342.24,2026-05-09 07:38:56.871998+00:00
a707d018-6a3c-4a1c-ac30-400d891fe3d5,c4bfb6ee-7e53-4f58-b3de-b3894c26fd4d,987.91,2026-05-28 01:14:30.496111+00:00
df39ec9d-2ff2-4e62-9148-d81ce4ecb51c,f8687f5e-1317-4190-9a6a-a2299ece71e0,4758.24,2026-05-18 14:41:56.017629+00:00
b5193b0b-8992-45cd-841b-a0a7dd28bbbe,7950fe6f-d68c-4ead-a2b6-dc891f01b056,3626.1,2026-05-24 10:52:22.269245+00:00
7710290e-3534-4d6b-9214-2080dab2411c,89e680c9-ea9b-45f4-bcf7-912b511f1a25,1989.19,2026-05-28 01:22:30.321331+00:00
30d79ea9-5e16-46c0-aff6-0d17de596958,d1ce9177-00c0-4421-93eb-6714d1e242d5,4183.33,2026-05-31 11:54:35.557337+00:00
2319bfea-54ef-418f-950b-91d59a66751e,bf3fdfe3-aafd-4d89-9ef0-862611fba10c,369.79,2026-04-07 16:36:23.231640+00:00
5a706002-4ced-46c6-a1f5-8644510925a2,92a37d84-c782-4e3c-9e2a-6c2a9da598a3,1332.52,2026-04-30 11:25:48.849319+00:00
8f9a8245-3d2f-47ec-884e-2d69a2083b93,299800ac-732e-4716-8127-6f6f25038572,351.96,2026-05-19 18:49:58.931326+00:00
d8a12d84-6903-40b0-ab1f-148bf248e287,e3b86cd4-e2e8-4c25-9dbb-f9b3acb0bfe1,1212.44,2026-05-27 07:01:03.231047+00:00
633e162e-9c72-4c87-a973-66e9dfa2ed9a,68161e3d-ebb4-4703-811a-ea59de0b99ac,546.12,2026-05-29 19:22:22.943217+00:00
394ba27c-3134-430c-a13b-ffa942a2c5fa,22212b86-2c26-4437-b19f-0668d9c77ebe,3044.31,2026-05-29 15:34:43.185224+00:00
f33700ba-ce09-49ea-9a91-716eb3edc9e5,a9731df2-e6f0-463f-a99c-a30a923d94a0,759.47,2026-05-30 01:53:24.123977+00:00
d81a1b81-db2a-4b87-93ce-e2d214ee6d4c,475cf6a9-4a46-4a49-acc5-00601544cad7,2310.27,2026-05-30 12:12:10.606057+00:00
1eee12f0-57b6-4931-b1d3-ae74d4a288d6,d4254365-a26d-4bb6-917e-e9b0f373d44d,3180.65,2026-03-28 19:44:06.478308+00:00
ba4caa8f-eba0-4283-8e13-1a0b3fff3773,2e9ddd55-7240-455c-a393-761cffd9fbf5,1629.95,2026-04-02 03:33:51.349071+00:00
5d48c269-4bd4-4187-8950-ca7c664b1f99,e3e25b18-e95a-4b89-85b5-2cb81e8b95b9,5591.43,2026-05-09 20:55:07.869687+00:00
eb670a69-424a-43a7-8bad-bacb27683cc9,0c82c6f8-ba4b-4b3f-9158-a26a79855a05,3802.23,2026-05-09 22:07:57.494385+00:00
7c1acd27-41b2-4cbf-a2ab-41f38d0453e5,f144d969-18e8-48c0-b605-fdaed24b69cd,992.98,2026-03-19 07:46:16.684841+00:00
034aea62-f3d0-4595-9a87-3b2ea455fdc6,a727b8a2-846c-4762-bbd1-d7385d90088e,648.67,2026-03-27 08:48:34.331955+00:00
2185e796-f542-4e54-89f5-ceb0da8b14bc,56c455f4-34e3-4643-8563-5e22750ace3f,807.01,2026-04-27 08:10:21.200163+00:00
b17e9bdf-a389-4865-a135-faeb93b88d86,afe4a303-1857-455e-beb4-70aa0fc5d4b6,720.23,2026-05-03 23:47:55.340570+00:00
fdce44d9-0825-45a1-ab4a-846905327093,d9eb138d-6130-4d52-bc78-5feb5a33a3b7,1333.74,2026-05-19 04:52:37.574249+00:00
0ec88436-8755-440c-872a-a9ff02621260,573adb48-6810-487f-a50b-cc72281240c8,4389.3,2026-05-16 20:55:47.922081+00:00
9d818dc1-244b-43d4-81b1-685ff24f7d3e,9b155512-5c77-4e13-bd16-45cc8029d069,387.14,2026-05-23 22:13:26.630780+00:00
3c1235f1-3e4c-4331-b2bb-91ebea10983c,87d5112b-c8a4-42de-bb84-0e875c255693,1138.16,2026-05-29 12:07:21.901112+00:00
bf8624de-2e6d-4c06-a28c-82e2c6dce25d,5b45460e-e245-4bf8-838d-05cdacc31af0,1161.73,2026-05-31 20:40:59.599897+00:00
bc42b4f9-a6ef-489f-aceb-04d70fd22f30,f160186c-5ba7-4058-99f7-206f0555bd2c,481.7,2026-05-29 09:40:24.659499+00:00
e2f0734c-0d2f-46c8-9beb-e0ac909df370,df548808-702c-4c22-bc40-bebb0a52fb20,777.65,2026-03-10 21:58:52.097062+00:00
faff3db4-3a8a-4f35-8be9-34e4a7c35409,ab04498d-160e-4277-894f-5ebd5db372fc,987.44,2026-04-18 10:50:42.209218+00:00
dcc44803-3b3d-45ea-8ac4-1fd06031db44,bad30eb2-49b2-40f3-a4a1-faa8931bf198,1504.75,2026-05-28 18:27:17.550638+00:00
f828b241-0ff8-4cc3-9475-6299ff8b2505,83cccab7-3fc8-47a1-ad32-045a0781c45d,2091.22,2026-05-29 19:17:53.410452+00:00
952733b2-8621-4f3c-9468-1ddf42057787,ae4df446-a428-4c30-83f7-411f72c02e4f,771.02,2026-05-30 02:44:22.644522+00:00
f9661bd6-a900-4344-b8b6-37e312442163,81a613c0-1c5e-4e3a-b11c-fdb67855e658,526.89,2026-05-24 04:17:31.983948+00:00
f2ef435a-9889-40d3-9bbe-90875c8e9f41,9744c1e1-b913-48c2-893f-7dd9bcc19c22,1615.21,2026-05-28 16:23:56.313937+00:00
007d5d44-4445-4867-9e8e-e84d04f3b9d7,e8bd09dc-bfd0-4752-8ca8-ba886651561e,1964.38,2026-03-30 05:43:40.233796+00:00
8247786b-3f3c-49ba-8e18-93513826e4c3,7c1c189a-3336-4778-96c2-e75deb163a51,4154.92,2026-04-10 01:26:16.228579+00:00
c24be24a-beee-4983-acdb-5cb829b286b5,facee0d5-8543-4204-831f-53dd8b8024a9,818.05,2026-04-10 02:04:19.520285+00:00
0035021c-a3b7-470c-a7ff-b4a9aaaae43f,a2ac69f3-8878-4ba5-a0e2-bb53d2630b37,2519.71,2026-05-15 08:45:30.723676+00:00
0fee264d-c607-4dea-938f-f0913a53c5e6,f9740281-51b6-431c-a440-c11ad98aff75,2564.91,2026-05-31 20:10:34.742024+00:00
e493c2db-ef88-4be2-a6e6-8ebe1c5bb2e4,b18cd58d-abcc-48da-970d-9d8529bf7503,620.27,2026-05-19 15:54:07.712977+00:00
45b1a19d-05dd-4608-8765-b4461091eca8,2b35d52a-2f83-4d6c-acaa-adccc2fc6e1f,87.25,2026-05-21 01:00:39.495028+00:00
20e3a1bf-8a44-402e-856f-2a61e1aeb226,5a4bbcef-c0d1-492b-876e-be58bd4c487f,341.08,2026-05-31 23:08:56.549248+00:00
913e3e8b-20a0-499a-a7a9-bdb6d30dba12,e651179e-1333-4ac4-8525-518dea725976,1855.24,2026-05-07 10:44:49.251322+00:00
2d61218c-f2d0-4335-9937-e901f615744d,dbd8d724-1f93-495b-9746-d9c08c4f546f,1516.6,2026-05-14 09:50:50.976908+00:00
48e356ef-04f2-49cd-b7d0-d4b2b649e7eb,c5150cef-e347-47b5-93a3-97e395f138f8,3183.9,2026-05-22 14:17:31.675153+00:00
78d3937f-08f5-437c-b7a1-60ea30bf0789,10e004de-233e-4e81-9f61-f65b7b263b03,3029.31,2026-05-27 19:38:03.786715+00:00
2100fd52-7512-4695-9a07-d1af59e82e70,e488bf5d-f710-42da-a7ec-66e404623148,5385.41,2026-04-14 11:20:45.862812+00:00
f8b4e641-e1b8-424f-ac2d-15f5efa7d111,d302950c-78c9-4ce6-b2ab-084ccbc54d65,3462.83,2026-04-25 01:53:41.189831+00:00
256901b8-1757-4170-9c59-f204f990c0e0,20c9666f-7301-43da-a92d-4eb31c957b2b,1471.27,2026-05-11 20:11:38.253186+00:00
d8872b9c-114f-4297-b571-efb4132a3fd9,d6d02543-ce05-498c-aa68-e230c6f244be,2954.01,2026-05-16 20:54:40.611954+00:00
e7540a56-bfec-4d4d-8e22-9925b51b82ad,3bfa0272-5032-42ac-9066-6ae6ba136376,3214.87,2026-05-25 11:38:32.047360+00:00
988d3a83-7dde-470c-9995-92d40f0f653c,cc2585ef-a405-4c17-859a-a32e7e4a405a,430.45,2026-05-30 09:23:40.107700+00:00
78617af0-8142-4031-bcef-e4e0345c62d6,2c81cf9a-8cc1-405f-b3fd-97de1fd1b73b,1800.68,2026-05-22 18:14:47.524728+00:00
cfd5b19e-2b2d-4d14-90c9-1eff8406f2f4,05fd5bfa-51eb-4abc-8711-ee776fa1e8e2,1590.18,2026-05-23 08:08:01.077443+00:00
596f6f79-c962-4d18-97b8-b53d713637bd,91c82d21-4157-42c7-905d-b329ca65d535,928.42,2026-05-25 08:30:07.395893+00:00
71cc28fa-f935-4949-bfb7-0cf8e2f1055c,3d1039b3-733f-4f84-9096-e959a21c7fad,2418.87,2026-05-30 20:17:26.725787+00:00
fc46913a-191e-437a-8f77-a2c585ee9c4d,801e411d-68e5-4978-8dcd-0d5fdfeea204,1618.87,2026-03-13 00:43:53.820852+00:00
d9f9f890-63be-4288-9dc7-53acd189ae55,cd1ff6f4-91bd-47c3-949c-7a9a36e47293,1090.25,2026-04-03 12:24:57.769907+00:00
3628e4b7-7b73-4cbf-a89d-28626e035753,9ceb157d-2dd1-4487-83b3-c0f2f8f81c31,1274.62,2026-04-16 23:36:52.974008+00:00
c7325fa6-6695-4679-a478-fc789e13a6c0,dc032c46-300e-4be3-8b85-a4b0c8761f0e,2111.26,2026-04-21 08:50:03.043832+00:00
599191b9-aa57-4715-9f29-78e527d39b1d,c98a5ee5-7bbf-4b0a-97e7-4652d5b8f379,1328.92,2026-05-17 10:25:08.788398+00:00
484dead1-a792-4795-91b2-a182885c895a,5690a834-04df-4c1e-81d8-c82b2b14a182,2908.98,2026-05-01 00:30:50.569516+00:00
3fc76fb6-0f36-47ea-a20c-18a5839da77f,5ed50303-3970-4a21-8ca0-c7962db31868,2135.88,2026-05-12 22:13:53.929154+00:00
670dd1b0-fe44-4ab8-81e6-d4e31a1a0a8f,28254e94-ad67-481c-97fd-9c80a2ec85ae,788.31,2026-05-21 16:17:43.658321+00:00
33a9021f-e9e6-42f7-a616-4cb5dc0e7d5c,1b7a82d5-9214-48a8-bcd8-792fe3438886,2372.84,2026-05-25 23:26:24.475946+00:00
afd9f3b1-7b84-408b-8510-37f3cc0929a8,00ad40f8-0ef9-4c4f-ba60-2480357dfc0c,3015.01,2026-03-31 13:38:55.159297+00:00
3fe0a50a-94f1-40de-90ad-f3d3dbf28b1f,969e8c7f-6f3f-4e64-9d66-9e2432e0227d,3273.89,2026-04-11 00:36:53.798125+00:00
3b075287-f7d6-4995-8b32-3e18cacd5fd4,00e2393c-5e4b-4b8d-b88c-3146b0c758f7,1251.57,2026-04-28 00:57:49.695473+00:00
d34cbd1d-be9c-4364-8a7c-2afbc53561f3,ae36494c-92e2-44ee-bd5e-8190fd30d746,2644.87,2026-05-10 17:00:05.304842+00:00
c5172ec8-7b24-4ec0-adf2-eb7694ddb01c,c01a9582-5cff-4d26-90ad-4a132e4eebfd,600.19,2026-05-16 16:42:49.252862+00:00
70f96e81-b46b-4a48-82ed-208fd002a822,d522c8ee-4932-4898-a9d5-f0265c775cd7,1192.95,2026-05-04 18:21:06.916079+00:00
5b043406-ece1-41fe-a7ab-e0a35a152ad4,757ee2b0-7c8c-4992-a71e-38e613c07f59,797.47,2026-05-08 03:07:37.505360+00:00
fdfe49de-8c52-45e5-a1f4-e832b62181bb,edadd66f-cdfd-45cb-968f-190e89211a1a,1887.08,2026-04-04 04:24:39.521967+00:00
49d047f1-79f3-4966-8ac3-2c74dd50799b,938e86b5-4c29-4a63-8fef-41e4c0b467b9,774.94,2026-05-13 13:57:03.934569+00:00
9315d466-1b6e-4652-9316-aca39ccb31ef,69bdebe6-4757-4788-8e72-e1befb2cb026,945.52,2026-03-29 20:41:22.769565+00:00
4d8e3bf7-bcdb-45de-8720-a325411247a4,fcec3bdc-ec06-4f17-8589-b49118d5de52,2760.96,2026-04-02 13:58:40.338675+00:00
5832b8ae-444d-4fa4-b1c0-2fed418c9cf8,13f4f97a-ed77-4846-bf0e-c8deb392fcae,868.68,2026-04-18 05:07:21.678724+00:00
78f6dfdc-0ff6-489c-a1d0-50db04f7883b,bc447393-3ea8-48a8-8c3c-1dd9e7bbad05,1069.22,2026-04-24 12:16:36.517198+00:00
fcad5919-cc33-4150-a91a-a7ac70e945e7,fbf3367a-1877-49c8-9de1-0b0cf9a61b0d,1847.65,2026-05-26 04:14:39.373968+00:00
97764a81-ffdc-4f10-945d-8dd812f13828,f47ce1ab-6fa5-4dbe-9aba-84904286ad27,1503.14,2026-04-09 22:21:38.947947+00:00
2a25628d-bbe0-4cba-b361-92d214078113,2c323495-ff55-432b-b85e-918505e38ca8,1347.51,2026-05-18 07:39:59.812234+00:00
68ec5b4a-6fd3-4764-865a-40604633ef52,c6e42800-05c1-47e2-887d-b1b2127d1504,7175.22,2026-04-05 15:03:31.763828+00:00
5dd663bd-f76e-426b-abb4-ffb3f892d068,255ab81d-d658-460c-a0da-792774f3ffc0,5328.39,2026-04-06 21:52:35.175648+00:00
a0e94165-9ffa-427d-8810-78394cc9cc0e,6b86d9e3-cb3b-40ed-bddf-1ea13f183cfa,3025.08,2026-04-06 22:52:48.152283+00:00
fb4e70e7-8a33-4552-8e21-74e3a924e33a,3603986d-d8eb-4f3c-9e3b-f0e04b6cb398,5753.34,2026-04-07 04:52:32.287156+00:00
0ad2c67d-51be-460a-96bb-9b210c009e4f,63a7533e-85df-45f2-8fe5-ca86e9d6be9c,5361.21,2026-04-07 06:47:43.088428+00:00
78c4fbed-343f-48fc-be80-b22d8bd407a5,a070a408-925d-4de5-9b41-9d7287f7b119,5674.78,2026-05-28 16:37:55.995823+00:00
27c1397e-a626-4425-99cb-65c7e3b0c600,5b5e871f-0f89-4df5-94d0-d37af89789b4,4273.19,2026-05-29 10:47:04.557617+00:00
437406e6-86ae-479e-993d-26f034231354,e7844f3b-9421-43ce-9bcd-2586133a03ae,5140.85,2026-05-29 14:22:57.492290+00:00
dfea9d9a-788b-4847-baed-c521c5e94092,0af26659-67c4-4532-a7a5-559cfec4dbfd,3993.06,2026-05-30 18:15:28.784099+00:00
8dc0a580-226a-44a3-9991-5e4ae5167179,b65398fb-e967-4bca-86d4-d532fb7993a0,7144.5,2026-05-31 02:52:43.396386+00:00
8a8fb360-50a4-4210-ba89-d45b27ddf358,cef59481-c774-4b47-9c18-68a0e4a52184,3013.23,2026-03-18 06:41:29.174334+00:00
26b68ced-7eb5-4fcb-8ade-26fd0e30c3d0,cde09a01-4ee8-4fcd-a361-f9789ff12e44,5942.67,2026-05-05 09:42:59.124425+00:00
09021ec3-300f-4b2e-a0e4-153b2dfcfeff,bbcfd3e9-d6da-4916-ad44-dbc0fcadf262,1060.14,2026-03-24 02:23:41.470250+00:00
cdce6042-8cca-4a30-9899-381d705e24a6,d4997706-79bc-46f1-8a35-583c4bf31496,4206.46,2026-04-07 05:30:15.265072+00:00
2fece4c6-26e6-4a40-b84f-beef36f48391,4174d1b9-5206-46e5-9db7-9bea0120b5e8,2307.61,2026-05-24 16:05:26.537365+00:00
51c6c0d8-8ca9-4c28-8f40-e94984814616,7a7c8948-f33f-4185-9d6c-a893cabccdfd,222.09,2026-05-25 15:02:32.675719+00:00
30329703-b9e1-4ebf-910f-aa7d239d6071,d6dac2f4-f46e-4207-8594-fccbab178e29,995.73,2026-05-27 08:32:03.123149+00:00
b93bdddb-3419-4852-bedf-78c1f68e2d3f,b995ae39-eca4-4a24-ba07-1bc595e1bf50,333.61,2026-03-18 04:30:16.150863+00:00
47c53ceb-2cc5-4de3-9dbf-b273cab24a83,5696a2c3-3c18-4c95-99fb-fe7ec128537c,300.17,2026-04-01 23:55:05.415177+00:00
6b57ba7e-705e-4cee-9bfa-29eeb0fcd454,b7191fc0-7ab8-4612-ae47-6e2f326a09ac,648.7,2026-04-04 18:39:21.297337+00:00
5ccff6b9-e135-4c37-be6f-9959bde614d1,26de0abd-3af3-4285-8fae-6b46ca79327e,208.58,2026-05-16 01:44:18.000425+00:00
5b218e60-42fc-46a4-8bf8-747451458b3d,d576fdf5-e9ef-4d52-9744-c61304ece425,285.67,2026-05-28 21:15:11.209175+00:00
fea09f7e-11f8-470b-b8c4-9ff68d7a6519,dd9bfc58-396a-4799-a00c-b65742cd2b5a,381.3,2026-04-08 00:45:30.415508+00:00
539701cb-d890-4a88-8fa0-fb8dfd939c13,ed02476e-f23d-4004-8e16-d118d140b85f,2293.0,2026-04-29 14:03:39.911588+00:00
d1473290-52a4-421d-bf2a-c3dc30fa4488,ff265a7c-6a3d-41d7-b1f8-c937639471bf,305.46,2026-04-01 20:14:28.763093+00:00
b1f8d3a6-bc41-4189-805a-a5c8663af4f6,828599a3-c735-4b22-88b7-17661d8524e4,152.19,2026-04-22 08:47:57.584099+00:00
b0e404d3-242f-4d8f-82b9-67f7529fc54b,8cb10682-5fcb-4023-a161-2d6f7d556fbf,499.05,2026-05-08 15:10:05.984330+00:00
8ffd70a2-78af-4a43-8271-f6d9f4a8705e,31e4d562-a402-4063-b4cd-f09acd21d5be,255.34,2026-05-13 19:11:34.194247+00:00
d0ff6133-d9f0-4a6c-979d-3810191e68b4,8c65f63e-649c-49fc-a35e-648a5580e378,827.78,2026-05-29 09:53:16.973926+00:00
45140633-d72e-4fb8-a912-05c052d35621,ef5f6dc5-73c0-4760-b16b-633acdfb00aa,699.27,2026-05-29 19:41:59.477250+00:00
b0d123dd-7630-4864-a3e0-b13699300cd0,9bbb1643-6d56-4323-8fc7-1f5b737d70f9,888.62,2026-05-31 07:09:07.541671+00:00
a705387e-0539-4221-ab27-f4351b629ada,f0461eb8-9031-4bac-b5d9-ed95d1543e3b,1386.24,2026-05-29 21:04:04.057424+00:00
699351d6-5657-4f0b-8ba3-b88337080126,a77a6aa6-beda-4333-9018-f5f072bbe3f0,10.0,2026-05-26 16:27:43.154115+00:00
f78d2293-11d6-40da-8a73-a037dd27fa7d,15de62f6-3abc-4672-8ae6-ef1571f4f49c,337.82,2026-05-27 06:48:52.010712+00:00
6a42c8b0-6e4b-4dbe-b0ab-f9057e7ed21b,23c1b702-426b-449d-9559-805d5bf393cf,3040.46,2026-05-31 08:19:54.049199+00:00
366724d7-6c85-4044-93ab-3f2deea3405b,e4dc7226-ec24-49b7-b999-a0e048d3e7c0,10.0,2026-05-22 03:28:56.556795+00:00
c89f5719-d6a4-4967-8d2f-c8d3e7ddc4ed,98ea6b47-b26c-47c3-93af-986d11f528d0,1113.27,2026-05-22 06:10:33.534858+00:00
e5541ea7-cf97-458d-b08c-4e2f68e935c8,605a367c-7c50-437e-80d6-cc1db01812d0,654.87,2026-05-22 06:30:53.884522+00:00
1cad597c-3852-49d1-95ad-369580e74281,cf51994a-9f1f-4700-84fd-beeda5ed3606,311.33,2026-05-23 16:08:08.054894+00:00
cd24860e-f5d4-43d4-8ba4-da66dd416447,cff14191-a1d3-4b3f-b5d6-9c4fd27f2929,1883.59,2026-03-15 03:26:40.249602+00:00
3f16e852-b496-4348-bbbe-53bad39669f4,f1bfd372-153c-4427-b853-1ea098c223ce,1678.46,2026-05-03 03:42:42.193145+00:00
91ac1be9-06a2-47fa-acdf-040609dbddeb,23b5dfb7-391e-4eb4-979a-34339cc67d39,4757.08,2026-05-07 22:33:37.181235+00:00
95d4c1ca-31f3-4848-bb1b-5f4066db72be,759ddd1f-3c8e-43ea-a870-902a9b499ede,1753.7,2026-05-20 06:27:03.417639+00:00
3e753fb2-755b-4bee-ae33-c453c50cb811,044f7ac0-2357-46d7-8447-8eef56a1c2a8,5459.06,2026-03-04 03:12:18.430051+00:00
42c459c3-54eb-4ae9-90b6-62f587f2acfe,51befbc0-7517-489a-a857-81c49609a4c1,2089.02,2026-03-26 03:10:37.170101+00:00
55b38849-dfeb-401e-8488-7549e6246222,56ad871d-0883-4065-b304-2d4b136a3e06,685.81,2026-04-07 07:59:46.145825+00:00
5f4fa4a8-83fb-4023-bd02-5c4b97f8a1bf,5f59cc8f-f103-4024-915f-6c24ef5b209c,1519.0,2026-04-20 11:32:19.004389+00:00
9e362693-383e-48db-a45b-a815ea893a37,ab70ef37-8f5c-45b3-a7c1-5f49d5676af6,1246.77,2026-05-11 13:27:21.364395+00:00
7716b175-eda4-4c6e-bb25-31a466ed016d,29976817-20e2-46b0-a5c0-219203b0a3cd,917.03,2026-05-18 00:11:26.503428+00:00
1dd2078b-077b-417e-93ef-5653636ef448,e2aa4a62-8073-4d38-a664-948b5c6425a0,1145.78,2026-05-30 12:00:24.381331+00:00
fe7ddfff-3aa2-4d97-92dd-59a2df9a4db3,6e97fb61-8a42-4514-a5d1-aba9bf409795,134.84,2026-03-21 06:29:17.190774+00:00
d27cddaf-4eb3-4186-bf30-5e681262dabb,62f9e43d-9d48-46f2-9a9c-315f771e060a,123.45,2026-04-08 12:05:42.101019+00:00
b23a9c8e-c1a8-4212-a5b3-c54e7e532e69,ff232ca2-c8f6-4ac7-a510-a6369639b277,729.89,2026-04-23 17:01:45.973938+00:00
3f611df7-3be4-4525-b2a8-979df4c0bd7c,c22cb3fe-2ec7-487c-ae23-9044884c7fe1,414.91,2026-05-23 15:04:06.270783+00:00
b6292320-ce39-45e6-9d8d-620253ea531d,98777bea-86a2-4a35-a8f8-240c9ec00deb,376.78,2026-05-29 10:18:54.453841+00:00
c919108a-bb73-4378-91a8-734fb08d1304,ac98fc3a-84cf-45f1-9400-9bce2c12d51b,773.61,2026-04-07 22:50:10.606542+00:00
19d22852-a8ed-46a4-a6ff-dcc2cd568870,df240aba-c1bf-426f-8f3c-0c00f041697a,265.83,2026-04-09 11:00:40.409798+00:00
d31a2e4a-d739-404e-9bb8-b140da8af5e7,468bbc5a-620c-4807-b707-edd2c2c066ea,437.81,2026-05-13 02:41:34.802631+00:00
f5a00d61-1bf0-4b9a-bc2c-d227386e79cf,4d215ba1-0c10-4cb0-bf79-da768bcb953e,484.52,2026-05-21 01:59:52.834383+00:00
a834522e-788d-4dcc-b9c1-a9dd82286dbf,43765968-1eee-4bd5-8cca-49bddc5623c1,235.23,2026-05-27 18:30:27.459979+00:00
a66b0730-361a-4000-992b-eafb25752329,7627ca38-621f-4b1b-9873-c13cbdb30c49,896.68,2026-05-24 14:14:59.701788+00:00
d4eb56c2-aa18-4357-87ca-2b3f599d6f97,8c5289c8-6e1a-498d-81fd-642686115ef2,2192.38,2026-05-18 03:48:26.101711+00:00
8391eba3-adc1-4adc-809a-db5b47fbbac3,987f5fa7-5bf7-4dc1-bc3b-725a239584d5,4397.33,2026-05-23 09:53:55.528847+00:00
8183dbcb-8879-4b9f-ab6a-ce5c0058b2bd,89a62059-4cd5-4b43-a817-af7a9016578b,2623.09,2026-05-26 19:30:08.972565+00:00
63d86fbd-3c8f-4dfa-8376-c02edcd09b54,23ac6b5e-4d37-4642-ad13-8b80bb2a124f,5324.77,2026-05-30 22:30:24.466932+00:00
8b06eb39-e8b1-49da-b89a-03daa39ba0ec,8149f539-d4c0-48fa-b657-254011f631ce,3582.75,2026-05-08 11:57:53.079917+00:00
f47b6ea3-5f64-4c37-8cbc-a55a6aa24a36,900d3fb5-dd8e-4563-9e50-302297bffff5,2036.42,2026-05-09 14:28:43.488569+00:00
18f684f5-d65d-4264-9fa8-7dcbdf4e32e4,e922d2e6-5980-4f20-8b5b-747cca299133,10.0,2026-05-11 09:48:34.406091+00:00
a02ae2fb-82e4-4a28-8e8f-2f6975c4aa4c,76932e88-09cf-4563-8132-2a85169f4ae9,3595.4,2026-05-21 20:18:31.626932+00:00
e04a2945-1ea2-453d-8d6d-fafff70502de,6a3f0024-e300-405c-ac5a-722616bdfca5,3103.82,2026-05-27 01:57:14.517365+00:00
4c927fd1-9087-41d4-a23d-2f0648dc0ab1,16fad8fb-a9c7-4a7b-8a64-10e5f16983d8,2336.41,2026-05-27 09:07:19.260182+00:00
3f9f9f89-9a5e-427f-b1e3-c820e26043df,3a247be4-9b09-49b7-a54a-a9223895acc1,2828.62,2026-05-28 22:02:00.410526+00:00
7e3c5878-0378-4d64-92b5-caaddf5e33c6,9c6bedd0-5b79-401c-b84c-8222fa0eedab,5582.62,2026-04-08 23:35:22.367273+00:00
26bfdee2-9f0a-49ef-9a4d-7b42dfbe4d4f,dc301a4b-87ec-42e0-bae8-d6ac82f9ae72,2219.95,2026-04-27 20:19:24.248997+00:00
345ff51e-8eb6-4988-b68a-ab5f1ba5633f,098cd715-101a-4241-93be-88a3fcf563bc,162.65,2026-05-06 13:36:45.799121+00:00
8f1d04f1-f409-4875-b529-94e02eb1ed2f,dfded00f-3e26-4f10-8609-241a62d5b4b8,2179.22,2026-05-30 09:31:03.577846+00:00
1b27263f-7d52-449d-a8d8-72bb8d4f1cd7,9c288385-a39f-4364-8080-ffffc865d94b,2344.99,2026-05-30 15:05:51.965980+00:00
191061de-6beb-4927-8bb1-e1cdc60eb0a8,879f524c-a42c-4087-abe8-5d46f86e599f,1272.68,2026-05-31 02:10:23.325168+00:00
6dc2dcc2-b30e-4c16-904a-b8354d059979,d133b70d-c4f4-4fc0-9ed2-b22d3266fec0,487.96,2026-05-11 19:07:24.351251+00:00
d1076d48-da6c-4bb8-9401-8395816cd8f7,7622f229-a2fd-4270-90ae-090171c91f47,446.54,2026-05-17 04:28:35.892363+00:00
e30ac058-ed70-44af-b15b-7e18f0891107,07c26433-0481-4459-8a8c-411b7a6f6e63,141.43,2026-05-22 14:13:06.567612+00:00
02ea7835-c66f-4f25-88e4-a29aebd9f5f2,cc142022-ea8a-4692-a826-7ddcae1d7a54,305.3,2026-05-24 23:29:33.836167+00:00
5039e04c-0923-4260-9032-68f491e2580b,680c0f95-2c7c-428e-a65f-7daca0b28747,280.21,2026-05-25 13:53:37.895864+00:00
891bdff2-a659-4bba-9f71-b3d883e24739,723dc146-d41b-4cc1-816e-2409dc35d0a8,2613.16,2026-05-29 00:03:10.468028+00:00
a78d8f31-dfd4-4ea3-a041-423d145ff4c3,ebae80c3-7f75-4b96-befa-76bfe21252b4,910.18,2026-05-30 14:24:12.411661+00:00
7154a9dd-2936-43a5-9570-acba991d7a4f,be072cfd-5010-423a-9e1f-211c302f7c3e,1699.2,2026-05-31 21:42:24.132766+00:00
dfc6a926-b8ff-497f-8dc5-b1b7e32e7f0f,7192a318-b815-44f8-a425-00bd07574f86,3248.12,2026-05-21 19:56:39.369785+00:00
aeca248b-6ada-4ae0-ad1e-00655b9bdb3e,296e6c6e-9d90-48c8-b586-4df606515bb6,2069.3,2026-05-29 23:27:49.656619+00:00
336f55ae-6012-4448-908d-70e350fc6a23,bf21bc92-e993-465a-9f2a-76b30296b633,3551.3,2026-05-31 09:57:11.169958+00:00
0433f1b1-58da-45c7-8b16-7918226049bf,231a4e04-4e5a-45f9-8d4a-3d3ae98570fe,5145.89,2026-05-24 00:20:32.540547+00:00
4c3e7a6d-7a73-4317-8b37-b1adb5912383,101c05f7-1479-4c05-9cec-7b3b380c5223,1233.3,2026-05-15 13:29:17.801438+00:00
32e39914-e6dc-4968-8500-089d18be25c6,18ec15f9-744b-400d-bfae-2f7475becf0c,933.16,2026-05-16 12:27:49.610853+00:00
5cc27029-d165-4299-a613-01fd37017753,098acf64-83f6-4c4f-addd-e1c49e7c400f,879.22,2026-05-20 22:13:04.977231+00:00
e855ce7d-3327-4e2a-b666-7807ff6e25eb,dabb8590-8c17-4621-8ef2-5a43564b553d,319.09,2026-05-30 04:09:20.206350+00:00
f7ecb17d-4207-48dc-9f32-15c63a42e16d,bdc9c8cc-cdb1-43cf-8af8-800b34d73d02,433.13,2026-05-22 04:49:53.621876+00:00
9bcbea4f-3ff1-449a-a0df-7296867f60ea,9e38edc9-84c3-4c20-b623-f5242f249d43,222.08,2026-05-25 01:18:29.925168+00:00
d841b1cc-1d54-4581-95c3-7570f798180e,bb25185b-d113-43fb-a4fc-b9ee23e3ec1c,375.63,2026-05-27 23:15:11.773332+00:00
e1b87b04-96cd-4de1-87a3-02d6e4ce1710,1bffd336-e4bf-431b-82e4-83bdf8e87475,839.68,2026-03-18 22:48:33.414863+00:00
8eabe4d7-82ab-442e-bbca-7ecfbcfe659b,5e3663c5-f4d6-40f8-a069-e101c11b1ffd,745.6,2026-04-08 22:05:17.627024+00:00
7935556a-04b4-4cfc-80e6-ff95862da50a,551de2de-caf6-476c-8d33-d033e44bfe47,671.5,2026-04-28 04:35:12.419549+00:00
06eef405-8f7a-4e86-8050-6b5a800c452e,0908f2cf-9f7e-481f-ac77-4274fd1a7940,496.92,2026-05-27 02:59:33.851356+00:00
a69135b9-4546-4814-98d4-88c8c7a99261,463a972f-35e5-4979-89aa-c386a0fe2015,2827.19,2026-05-27 14:07:48.677797+00:00
de37d9ad-c62b-4988-b8cf-b8fd5da8c4ee,5907bafb-656a-41a1-aa01-4ea8ebb0b711,2154.38,2026-04-17 06:10:09.949055+00:00
96caa335-5710-441b-8e4a-074f3cd177bf,9c08e4d8-2304-4273-b67e-02a14c10234c,1143.31,2026-04-30 05:49:02.270327+00:00
d1f2b387-661e-499d-a177-3a4575398ce1,b6c63672-c594-4734-9cb8-d8f72050c33b,3252.77,2026-05-06 20:29:41.313057+00:00
fd8f7098-5308-49ea-806e-a8189af3e5a6,35894bce-ce69-4472-ba1b-e02fdad780a2,2262.31,2026-05-21 15:04:20.102625+00:00
23118a49-4601-4ff2-86f3-aa4fee06106d,b5fb425f-ce44-4f32-956a-c33c793379fc,5663.79,2026-05-27 01:55:38.733936+00:00
24ae6e09-421f-4320-a75d-41305b1a3d29,4ce211fe-72b5-4635-8769-b7cc6c6a3272,925.2,2026-05-17 17:30:11.673922+00:00
4108248e-fc47-4876-a8f5-2ef7a788c038,c06994d8-5ace-4f42-8bbf-b8fb37d4ea0a,298.05,2026-05-26 23:21:02.335929+00:00
6428c14e-1080-4001-9d81-f631aa21cbf7,05c73f36-0ae5-4987-bd00-8898f24e43e6,991.86,2026-05-28 01:25:59.961300+00:00
6ea85ee4-b6f1-4588-b352-06aef32ef63d,d1d39954-a780-4fff-998e-342d74e34cc9,828.67,2026-05-30 06:00:23.822320+00:00
764bf067-a2d7-4a77-944f-ebb7aade7747,de3f5611-227c-47ae-824f-cd2b593e99ae,2571.19,2026-05-07 15:09:30.400241+00:00
4dfa6078-9a48-4952-b216-fa0c06bbe4ce,01662c71-ff1b-4d74-b4ef-5a7718941281,1336.5,2026-05-13 04:12:52.536531+00:00
52d43035-4f9b-4e8b-912d-ef7563f008e0,45ca4cb1-b90d-4b2f-a997-b72526a9ca7b,2142.32,2026-05-17 01:13:32.974869+00:00
fa0044aa-c168-4c1e-87d0-5ba1d7a85db0,9f963e3d-2bc9-4fab-b67a-fdd64b6d5733,10.0,2026-05-08 12:05:51.961457+00:00
688bcae2-be52-466c-a607-52bea59f7fec,2962496f-4368-4449-8f6b-b76d692f951a,737.5,2026-05-19 12:56:14.789497+00:00
b0938b39-9bb3-4bdc-96e9-43d5c9480b50,3bdc0b0d-9b8b-4c3c-859c-67aa25571539,3201.92,2026-04-19 16:12:56.247793+00:00
f72d7256-b296-4191-b9ce-4a5ae05b42b3,68d4226d-b056-426f-a471-7c1c0277936e,4007.23,2026-04-29 20:18:51.112503+00:00
96766c69-4fb1-4f9d-b0aa-753cb2712985,2cb532d5-9828-417d-9375-90ecd13f7386,5119.18,2026-05-12 07:00:05.348978+00:00
737a0d79-9901-488c-aad9-0400120722c6,5efbf379-04c6-4b94-9022-26b44092ca6f,4230.02,2026-05-29 19:03:01.351916+00:00
b18543d9-b175-417c-bd73-ff534601a47f,d6e0117b-2302-49bc-a31e-55a60cfdee2c,4224.08,2026-05-29 19:34:25.002551+00:00
f8c2e2de-b8a5-4a0c-9261-fd8521f889f0,88f570a6-e8f7-4a2a-9d3f-9fac28bdba38,2009.3,2026-03-22 00:34:36.935761+00:00
0a08626a-6682-40a4-bbce-a80073b98399,acad8b4d-445a-4f4f-accc-ab0cf18e79d6,2845.73,2026-04-02 08:28:16.200498+00:00
86124cb8-7a08-4143-9ea3-f3dab8f357d3,0956c4ff-0b9c-447b-afae-62f2ae5bdf08,1790.02,2026-04-18 06:37:43.231954+00:00
e4e5d1fb-607b-41b0-af6a-bd70eddefdc3,b40a583d-06e0-4b00-b80d-da81b7e994d1,1401.53,2026-05-25 10:39:03.063991+00:00
c0b11239-d8a6-4a3f-bff2-d20200e738ee,6e6758b1-6f99-456e-8ba9-cafcf16388f0,1062.67,2026-05-25 15:04:53.599928+00:00
07375240-bdfe-4cf8-a657-9f8f10401605,5e99a873-f07e-445b-b7eb-b9d47c5cff57,2120.53,2026-05-31 23:33:57.162454+00:00
eb1fe181-bc9b-46e2-99b3-bddbf80527ed,44257509-040d-4772-b98a-69138645a242,3949.15,2026-03-22 19:51:13.878499+00:00
e711816c-393a-4f67-a582-0081f5d33fda,b634df4e-0550-45ae-adec-74f6cd9c4786,4593.22,2026-03-28 18:47:13.662029+00:00
d0fd378f-9f55-4a79-a18b-37ba5a660b43,d0463461-3f0e-44ba-9e61-c6d076560ff1,5020.33,2026-03-30 07:47:22.497271+00:00
b241bd2c-54a6-47fc-b167-888f122a45f9,cc4ef415-d0ca-4da4-b8e0-6d5c71df9ccb,3253.9,2026-05-07 10:17:26.198684+00:00
f814e451-e609-4b97-8499-69aff980e7e8,f65ad69a-dda8-4f33-abf5-88520cb0d616,2739.84,2026-05-18 12:09:09.027347+00:00
b2625145-2ea4-40ff-8eda-206eced8e243,b95d276f-a27a-42d1-91cd-9215da752fa3,2389.2,2026-05-19 19:29:09.150161+00:00
2dd475b6-c751-4d1a-8a3e-9fbd14f35586,7a95f984-3500-4106-ae93-0c054892dea4,761.34,2026-05-23 02:03:58.955971+00:00
b260889e-eb8d-449b-8db1-a035cca44939,479fee22-f7fe-46e5-ba4c-9596a2b107f6,1945.57,2026-05-30 19:35:14.073288+00:00
bdffc348-2818-47a6-8d1f-18f38dd3c67a,70fb3557-af38-436a-9435-8e6a2e18d9b9,1636.25,2026-05-31 07:28:26.457675+00:00
73ec48dd-1875-47d4-814f-1ab42d6edaae,a53a0f17-7e5f-4363-9f0f-9aa60856b27a,1192.01,2026-05-14 20:12:14.005174+00:00
e6c38874-37a6-4dd4-a1bf-d929074e1f32,dd5df266-0ac3-48ba-91ea-b0dc801f8606,1674.85,2026-05-16 01:48:42.490960+00:00
e4a8c917-3a93-4b9b-bc7d-70cb77e79f01,bb9b0429-654a-4f69-9d3a-c0641f90186d,3855.74,2026-05-19 19:07:07.961100+00:00
1a4cab0c-5d97-40d3-9f15-ae00f4884da0,a0861790-b402-4c76-9afc-3aef6a9255db,2536.71,2026-05-20 07:46:54.343494+00:00
8292e20e-bbcb-42c9-b98d-e4679cd3a532,3d0a0bcb-ca11-4145-a133-0847f1902420,2626.45,2026-05-24 20:38:49.447483+00:00
b56d0032-967e-49cb-9404-aef07838989d,fefaee17-7f33-46da-81f2-6d152b2a5a3b,2979.39,2026-03-24 16:49:45.224767+00:00
d42077a8-ee8a-4757-b2b6-4a3e1b74da89,341d05b6-5018-4bdf-9124-705865ea851c,4719.51,2026-04-25 17:01:49.077514+00:00
825f805b-670c-4d4b-82ff-d6e72d01c6dc,9ba2cee7-1901-4913-908a-5392c837fef5,2342.38,2026-04-27 21:57:49.091897+00:00
7a98a161-8151-4bb8-ba99-2f4f1921f4c6,11c06938-42ed-43e3-aadc-cfc564b55f81,861.63,2026-05-06 01:06:50.298770+00:00
f746aeba-6840-438d-bbe8-22dfa4f59668,ea1d2ece-b046-41e4-9616-219b1883dce0,334.99,2026-04-17 11:37:32.209362+00:00
9637d8c4-4878-477e-aee6-50744b74ff80,c0ccf859-9f9f-4bb5-9acf-195fbca4e3ce,406.14,2026-04-23 17:54:44.895442+00:00
48ad323f-94ae-4ee8-9dba-43405f823d0b,9fd69985-53eb-46e1-aa80-d7a499e1bf06,643.91,2026-04-27 17:05:49.406169+00:00
e91c4fc0-a803-402e-bb61-2b738286a505,065948ba-e840-4786-8e22-d34270f8c6ae,373.92,2026-05-18 20:12:47.999373+00:00
bdcb423a-86c5-4a7b-b468-74fd7501f54d,67541ae5-cfdd-4a5e-a285-04d49360c6df,1148.28,2026-05-09 19:44:38.721957+00:00
afcc628b-ef9d-4988-81c7-38fac7b3ea7a,fd540b4c-c533-4327-8a8b-2475325847f0,602.41,2026-05-11 01:07:02.021843+00:00
a4d7a419-6fd0-4006-979b-85c2fa4ffdf6,f1c779af-3d2a-4e51-b12d-74faa9e8c2d6,376.99,2026-05-12 00:48:13.618260+00:00
6dfd1cd8-6c89-4746-82ed-f9c77194d29c,34fa5624-23b3-4420-865c-636e872066b2,4810.64,2026-04-27 12:07:30.768508+00:00
dfa7cb73-5734-42f7-8a89-ed9cf70af56f,b45cf930-935e-4ca4-b15b-feef6d1bfd57,8323.29,2026-04-30 01:21:57.708491+00:00
d3624004-b441-46e3-ba12-cd16fceb99c1,bf5a2e67-336a-420f-9564-37def253f117,415.53,2026-04-16 13:07:14.053330+00:00
bb11f8e4-8b55-4da8-9779-d3ef76c7f349,4e2a574b-8efa-47ad-a889-524d6c21d31d,442.7,2026-04-19 09:08:59.357982+00:00
dc05748e-be48-4767-849a-6906c737997b,9c7821ba-6295-46ff-b5ff-f7ef298941a1,76.87,2026-05-24 13:30:27.520773+00:00
3338ab96-dbfc-4f83-a269-5a98accd3525,650892ce-7f26-4c61-b344-6bcd642f44eb,2691.51,2026-05-28 19:12:49.682242+00:00
acbc3c1d-5cf9-457a-a824-a20cf2d91f66,201f5834-2a18-4234-8e24-252beee66558,3141.62,2026-05-27 04:40:12.204350+00:00
eaba4785-d623-4c58-b2b5-6964ab05affe,c3b99309-62e9-40e5-91dc-a453c4c339ba,5384.76,2026-05-28 10:00:17.929847+00:00
fcb87f6c-b162-4543-b6a9-d8b8930dc9d5,8932ae85-887e-4d9d-9171-7074feabaf08,190.86,2026-05-28 22:31:05.450432+00:00
85e086c5-7563-44ee-82d7-7e72a3b36923,f9fa8cc2-6947-479f-8878-5e836b56cdc2,1562.94,2026-04-10 10:21:46.489781+00:00
20105936-95e0-4971-b7df-caf53864cedc,148d75e6-0b2b-4af2-ab77-f2df45b9c6d1,1709.37,2026-04-11 22:01:54.775112+00:00
6852d317-d298-40e4-bf73-7d147a707727,b72db4b9-0b8d-432a-a8e5-1e466475be93,1324.28,2026-04-25 23:52:11.533519+00:00
5d6fbe75-2483-4c8d-b378-71805fb1a44c,491bab3c-fe2b-4060-a89c-cdc9851f968a,4561.73,2026-05-02 07:46:24.079187+00:00
b373fa3d-a11e-4a30-8a0f-fedc87857c80,20c82444-0679-41d3-9ca8-5cccba6e78c2,10.0,2026-05-18 07:05:57.941567+00:00
e9122041-6904-486c-a0b7-153d5cefa965,3ae08179-9c41-4bdf-8da1-52cb17dbd8d0,2177.29,2026-05-09 12:15:51.845300+00:00
208285c5-7f44-4caa-9658-27141a2caff7,a3214ecf-7c3f-4bc4-a0d5-ccf0cbbe36da,1151.74,2026-05-10 01:17:40.000764+00:00
fe84b00c-b111-4909-9607-f496ef1e9c76,cdf90d60-848f-457d-9349-4b7c2e01dfbe,3069.4,2026-05-23 09:20:06.642847+00:00
abb18772-743d-420c-853c-5a0130c4217e,37cb717f-8f6f-403c-afc3-ba5868c479a6,2338.94,2026-05-30 06:21:54.017186+00:00
b1de2cae-d396-4c61-a0ce-23ea83ba54ba,97fe05dc-3e02-46a7-9a9c-c96991702b6c,523.82,2026-05-10 18:26:09.318899+00:00
b70a5bc8-c363-48c7-9962-5fb4d8d89750,2ff0ef27-b39e-429d-af74-1069894b7501,2192.85,2026-05-15 06:39:38.310974+00:00
bc6e10cd-cd5a-4734-bf80-99228784f08d,ca51bb61-3833-4eda-801c-9ceca85c0583,3124.38,2026-05-26 09:28:33.128813+00:00
c04217a3-0d4d-4af4-b9cc-ff239f5d777b,b93e4470-9e15-420c-82ea-d09dd6713bde,3929.79,2026-05-27 06:59:07.715705+00:00
0cba7c56-0152-434b-8aa9-2e256356436c,75580b5b-76ce-4601-a9a3-64b6f6100f9f,2870.63,2026-05-15 20:45:58.893506+00:00
c6972c52-6848-4f5b-95c9-bf5b924cae2a,af612e8b-7b28-48b1-aa9d-26d306106838,2111.28,2026-05-17 07:26:51.206206+00:00
f50be7c3-2209-40ef-85e2-e220474e1964,adbfb211-425f-468c-9ff1-4232e32c81a3,2789.02,2026-05-17 16:10:26.533465+00:00
96f927e3-d0e2-40d8-96ec-d848ad91ed06,f4c66cd5-05b2-4a57-baa9-8efcccc59699,3870.28,2026-05-01 05:44:14.404900+00:00
3e0adedc-b37f-40a7-b7b4-f627854c46e7,bf904cad-1b5b-45d2-8463-38140285ec45,2058.38,2026-05-05 01:00:03.469894+00:00
9b6c71d5-16a0-497d-aba6-17924c84be55,581c62e9-a190-4af1-8237-b8d9d308ae52,1370.07,2026-05-17 16:42:49.653130+00:00
6c63940c-b546-48ff-96de-a1ca45b60cb1,14981352-3484-4e9e-b151-ef6ee89f1f58,1833.81,2026-05-18 10:12:05.443027+00:00
f39f9566-f27f-4726-beba-d3d40c2a3f41,8e54614a-e3e4-4b74-89d8-7fee6eb7ee4b,2563.03,2026-05-21 18:29:23.008462+00:00
c4016405-cbe6-449e-83fa-8b2918fcca08,a0084d00-c8cb-4439-8770-a35644482b5e,2601.19,2026-05-22 11:10:06.412329+00:00
29861e47-d34a-4ed7-90f5-4b657b369943,358ad613-b7fa-4ad2-8196-451fe2d29711,856.0,2026-05-12 06:10:23.585022+00:00
246eabb3-21ef-4fea-bdda-72623532ce15,441e7a32-b241-4447-be53-efb99d7bfe6c,742.85,2026-05-17 14:33:44.927300+00:00
51d0afb6-5f3a-4c35-8158-52b2a2ad5287,45fc2c8a-88dc-4885-9daa-082c0a7cd5bb,713.2,2026-05-20 05:02:25.847827+00:00
0cb44425-41f2-493d-a52e-00f78e805b8a,92cfea1c-f7a8-43eb-a5f2-809e58c1dfc0,923.01,2026-05-28 11:21:21.360162+00:00
87e3be8b-8cd1-4eac-a48a-2fc1d5ff5cef,b91fb2d4-6d67-44cb-9862-f72af226f991,1349.12,2026-05-30 00:11:51.669395+00:00
173f83b0-01a7-4602-aae2-a7ad4352165e,7e37f18f-bf1d-4092-9e52-b540a9da846c,541.45,2026-05-30 06:09:37.553007+00:00
a9a5f5cc-f2aa-4216-a509-7efc4d5c4322,14e548ad-0924-4a6e-869a-a1975141d523,4023.73,2026-03-25 20:49:40.296976+00:00
5882a68a-5734-40bf-9031-5efab5abd51f,5424b378-b18c-4494-9845-8f4f9bfa9191,3175.38,2026-03-28 18:12:48.139363+00:00
23f08994-7ec8-422f-bb33-ec88616a3adb,10417c77-02a9-40d4-a331-4448807f5a82,3833.74,2026-04-24 18:54:49.456698+00:00
e7046d85-58d5-4261-8159-f9c1574c39d2,41c3253a-f591-4696-974b-2de060f63e9f,407.39,2026-05-26 19:50:19.066330+00:00
0f2be81c-8c1e-4304-bfd7-643db2345c1c,5da69446-6c71-4515-96dc-4e597a1a9736,3308.01,2026-05-31 16:27:58.881781+00:00
e55c634c-8a5e-4fea-b9db-c5e75fe41dea,1f3c3274-1b7e-4015-a9ea-cbea6956bebf,104.49,2026-05-07 11:04:56.250653+00:00
e8613ffd-7b68-4847-ae64-0562635bef54,3d36a1eb-c280-4158-a51f-e6e3881ab759,161.48,2026-05-12 22:34:18.610266+00:00
c0a6ea86-e0f1-4abd-a193-68975cdb90ae,98a4eb20-f70b-4ca6-a3b3-034e521f95c5,178.26,2026-05-13 14:27:57.237620+00:00
be9c235a-0ba8-4157-992d-0b828345b219,c125d862-4102-4789-9738-e359686d7ba5,286.16,2026-05-14 13:28:18.851185+00:00
1cf2237d-a5db-4cc0-83f9-090b9ec65e3c,84a69d8d-dc00-4427-93dc-cb58549885fb,212.14,2026-05-25 15:07:21.310337+00:00
f38f4bf1-fcd1-451e-a17d-c0abdc014479,3d4392f4-2358-4e90-93c3-5cebe966d885,1299.21,2026-05-04 15:35:45.172236+00:00
d944984b-c922-4fe6-8f97-aec470c156ba,fc3405b8-ffb9-40e0-aa7f-35ddab5dd117,843.26,2026-05-22 07:04:45.638672+00:00
7f64defd-ec2a-45d1-884d-44e3b665ffad,4726712b-93b2-4240-9d8c-8620fc64db06,3348.96,2026-03-14 08:40:54.461884+00:00
5822dd42-8554-435e-a3d3-8494f6358549,6cdb7207-28eb-4e7f-8c39-84e6aecfb9d4,351.58,2026-04-07 07:40:28.997870+00:00
4372a871-1c25-413c-8098-5eddcb7017c9,6cfae8c2-b563-412d-a5af-2e370d61655a,3120.99,2026-04-11 00:09:49.812962+00:00
0caf88ef-fd3c-48b6-8b82-4f43fb3aaa29,9e6b674b-970b-4b2f-94d3-4301c0711f94,778.26,2026-05-01 00:40:33.414967+00:00
1d43d5b8-566f-41ca-bb92-e27582fec561,055f799c-bc01-447e-87ea-9bb88d0a8599,1745.58,2026-05-07 20:53:20.518210+00:00
900c2963-55d1-4f02-8939-3964de831f37,42285f60-27d0-4eae-989f-ca1764f5bd68,2698.44,2026-05-24 02:29:41.437204+00:00
e47aeee1-9cd0-4a59-ba98-037f6299d892,17fb2dd6-0de0-417d-be66-7ebd390bc140,2341.1,2026-05-26 14:39:08.377564+00:00
d0ee750f-de73-429f-9428-c083bfc10519,f0f9ac7c-c85e-478f-9733-543292ee0aa4,1238.59,2026-04-21 16:00:38.932798+00:00
cb393bad-3250-41ee-8ba0-484aa259c6f5,9acf1101-37b6-4023-8dc0-306f18d245dd,1442.79,2026-05-22 04:56:21.793592+00:00
eda9f117-6cc7-4f43-9dc9-35b24839a764,32d027db-389f-492a-8ac6-b04a1d64e9a2,555.84,2026-05-30 20:42:15.704410+00:00
13e2b9b0-7435-4573-b01b-690af09b5aa4,b1cfdae8-43d4-4c65-a70f-c8dbab325b68,922.94,2026-04-03 03:36:31.801545+00:00
2a381f44-8263-4f62-b83f-46b04fb9fdfb,b5480fef-ac9f-49fa-bfcd-4ef0d8b2b26a,1160.6,2026-04-04 22:42:39.289686+00:00
3dc92ca8-8c9b-42bf-97c7-b1a7ac68c7ea,9db774b5-f99e-4068-a456-219f0551bcb0,95.08,2026-04-06 17:15:35.084487+00:00
7bb5f62a-8ff0-416d-ac81-575102c50d57,74634bd4-7920-4146-ab97-16e5636c2a5a,909.59,2026-04-30 19:06:45.483936+00:00
79d0dbca-5a12-4f54-967c-f26f15e3aa30,5b520406-7cbd-415e-9a97-7cc4603eea7d,1010.1,2026-05-04 12:12:14.827872+00:00
8b8129ad-32ea-43b4-a4dd-d7ab804a4b4c,ef1f4528-17b4-4b9b-892e-f0d67950b20e,10.0,2026-03-08 21:18:08.477374+00:00
24748de2-510c-41a8-b357-ee61baf45bf6,78d51daa-f73a-474c-8106-05d7dd766337,2952.99,2026-03-10 00:29:38.399515+00:00
ff95876a-7a96-4912-9c21-3cba588bfc4e,46c1a953-5b64-4ead-9b55-e9b2dd3adcd8,1985.34,2026-04-01 09:09:56.869791+00:00
87840e70-5b61-4270-a1c7-2e7fd105bd94,a018647c-e340-4e8a-8b68-8d0b1ff47cbe,1182.84,2026-04-25 04:14:47.626243+00:00
1068a805-c095-478f-b5b7-6569a2ff6eba,a602e514-95ec-4c0e-b4c6-86c8f8563232,1418.36,2026-04-29 20:38:00.794127+00:00
880fe758-fe0c-4c40-b8fe-5c6d8884b44c,66d39b78-f1ae-4017-b546-9c26a8e59290,1639.68,2026-05-06 12:16:14.259566+00:00
9d5cd049-0e39-4859-9dbf-d8fed9a232db,d1dcdccd-7deb-40cd-bbf1-ef8e31ce7d06,2340.89,2026-05-16 15:31:28.290089+00:00
fd2a207d-c35c-457a-878f-f4f25a98e0a0,a0912ee5-c714-47f4-bd62-5794ec2886f5,2491.41,2026-05-21 06:31:23.211262+00:00
b78ecd89-a1a3-4547-bf4e-d5625f168f5a,9e6a8bc7-e27b-4950-b35e-b37c884c426a,1480.92,2026-05-25 07:32:32.166567+00:00
36620267-c797-4876-9f39-16e65c40bd7c,d34aae31-b3c5-4de0-ad75-3a902efa02eb,2980.08,2026-05-26 09:52:04.245901+00:00
192115cf-248d-4478-868c-6cb5f16f9258,76018dce-359a-480c-b57f-422bcd5e54f1,798.48,2026-05-26 21:39:54.724281+00:00
6de2a8f5-78ed-4bd0-ac35-4327b8aba81a,7745292c-9c34-4cd6-9a6e-29a606c823a4,1330.49,2026-05-20 05:47:45.791897+00:00
1e3ef3b2-408e-4b1b-8824-61cc1e155191,bd9444ff-44df-4049-9984-fa747b66d854,829.31,2026-05-21 15:47:41.017170+00:00
393ab5f0-301a-49a8-9cc8-5fc6ee14fce4,a8128a91-3207-49b8-aa51-64054fade64b,1657.1,2026-05-27 11:19:24.956448+00:00
5ffcf161-bed7-4429-a4ae-d3e1a952369f,c803bc35-9402-40b5-a9f4-2a018abc143d,264.12,2026-05-28 00:04:00.168067+00:00
c9f711b3-7c68-4ca5-a78e-9a3bc083585c,7e192b6a-d390-41cb-ae23-e75d8d5c94dc,2272.26,2026-05-31 20:32:23.937609+00:00
04a0cf63-e79c-4dbc-ae3f-2a7a896ad5d9,cfde42a3-3d2e-4421-bf81-219cb6d6ca6d,3046.38,2026-05-05 00:34:35.452262+00:00
fa46841a-dd7f-4b8f-af42-3e6635519091,4fb535d9-c541-46b0-80fb-a1c52ca6a722,3773.23,2026-05-29 07:46:45.185609+00:00
b1ab30a1-9366-4897-87fe-fea53d9677dc,f2cdaeb8-0eec-4268-accb-69844db5e01a,1879.27,2026-03-21 01:43:53.478047+00:00
94d3918a-1a8d-41da-b074-018c955aef64,3ef0d1a7-15b2-48dd-ba14-e20fe776cd01,2244.87,2026-05-23 06:52:15.137122+00:00
c8e56333-db2e-4184-a149-637756c96dca,09a9ad89-9ec0-4ecd-bd2e-4ca215bd10ee,6371.75,2026-05-13 18:33:06.314121+00:00
7ebf4938-495c-4df0-b0e3-681df47b27d8,118010f2-002c-4621-a1f8-f1d74c8f9d74,1402.17,2026-05-14 08:37:27.781005+00:00
8598cacc-76f3-4b80-b485-3d4fefce37ba,0af96d87-66b9-42ae-ba79-ad88156dca4f,2589.89,2026-05-16 18:48:41.591138+00:00
0e0673c0-3770-44e5-acd6-f56572b8035e,52171df5-aa03-4143-bc81-3de2f4e974d7,10.0,2026-05-19 10:04:54.102318+00:00
2171b47c-44c0-43d8-9a22-3b2991b927e0,b731a1ef-5035-4bed-9f64-e1ef09c368ed,868.8,2026-05-26 05:39:11.915594+00:00
b8a416e5-2b4d-4d79-b48e-4bfd06f718a1,06737d25-857f-411f-92af-98514128a50f,569.96,2026-05-29 11:48:25.320590+00:00
fb0afb98-6a96-49c0-a63c-9f0b39422a5d,0b4ae94b-ec77-476d-ac69-bf092682bc27,3536.1,2026-04-21 11:55:54.855082+00:00
7b113f20-2653-4209-a4eb-b8fbcf3c5e4d,4b0bfe53-491d-4d63-9256-746e31237208,882.32,2026-04-22 15:37:38.515125+00:00
a735601b-8f53-4a17-8137-ccf74b6657ba,eca86ed8-832d-409a-9f11-6c6a9c719513,2490.05,2026-05-22 05:23:32.710653+00:00
4cf52b69-4192-4071-bf92-a8f713cca7cc,f978195d-9e09-4b0a-a62b-ce97590ee975,1798.21,2026-05-26 13:34:01.964526+00:00
0f270b77-b310-4451-874f-ed33d622b5ab,a9b5b436-aedc-4187-a96b-03a4d2058dbf,70.34,2026-05-30 11:30:50.262874+00:00
0c0b87e2-0105-4c4e-8b58-3c9bbfa187a3,80bee709-bf2e-47c5-8560-3e142f76af8d,506.77,2026-05-31 03:24:34.906644+00:00
c357eb9f-b158-4ac1-b8e0-e99111abb983,a58906b0-f965-40e1-b5e4-9cb41771cf9f,784.75,2026-05-31 08:14:20.593525+00:00
76db7c8e-bf9f-47c6-87ab-eca7a3d47310,402c149f-e0dc-4a93-a6d8-5cfecee55a0e,1106.13,2026-05-31 12:29:20.694773+00:00
a7130a5d-4f42-4cad-8f6f-f21b556e177d,0d24f8b7-230b-492a-ab59-74d511568887,316.38,2026-05-31 19:10:06.675858+00:00
f51deece-d6b3-4601-8cab-4cc90d998ee1,077dbabb-19aa-4ecf-a331-24cbe7d36563,2043.84,2026-04-12 05:38:19.795313+00:00
964c717e-f715-4634-957f-1a737f197169,60777523-1091-4e4a-a688-e12db6a040f7,3642.81,2026-04-27 16:02:26.962399+00:00
82cc3c50-d972-4ebc-9913-00d651f4d8c6,af43257b-0ce1-4b0f-a6cb-a562dd3ce37c,3569.27,2026-05-02 10:23:11.223726+00:00
dba3ae16-5f1c-4437-95ec-3a2a8edab4ed,364e3421-5ba6-4de1-aba4-62ae1967c3ec,3627.2,2026-05-02 16:05:26.655373+00:00
fce30677-2163-4b89-b6d0-d56286c4c87c,04043fda-e420-4b9a-99b2-6855aec54f44,2970.3,2026-05-05 10:16:43.655954+00:00
c042c735-3b8f-41a2-b113-ee408c4128f8,e96d3121-f234-451f-ad41-f484cccc56e8,2637.08,2026-05-10 06:13:20.374725+00:00
fbd0cd12-730d-47d8-830d-01d478f34ff9,17924607-80b8-4ea5-9afb-83804c0bcad2,3870.57,2026-05-22 07:00:51.983457+00:00
098b6c92-2d98-42e1-948b-490c99439755,5cf12879-f9af-47f9-a658-21372a93dbe9,2046.66,2026-05-22 01:18:19.476649+00:00
21563dc8-aa07-46f2-872a-28db8f4e6c32,781a3f95-d3af-41a8-9df6-f6fe3c6165f3,1138.53,2026-05-23 13:01:05.472556+00:00
1b96d38f-7226-40bc-896b-7ecee1e09c02,41fcaa20-50c8-4a7a-9dab-f9a57e8f70cc,1040.22,2026-05-28 18:04:02.887453+00:00
6d8dbdf8-5357-483e-85a3-e6e9da5c6c2b,e01ecece-2034-4686-9bf6-ef36ff6be507,2763.79,2026-05-09 17:42:29.163852+00:00
129ffb84-5cc4-4fe7-9364-a62c01c4e901,ae8aad06-28a5-4eeb-b71e-c45aa263a319,2603.63,2026-05-13 01:13:51.920135+00:00
d20b6e35-7c6f-4677-bd68-aa626aa2949f,c6b0a89c-c110-4c90-9cc7-c10e230cc11e,3621.39,2026-05-19 20:56:56.165726+00:00
ae482a58-3c71-45b8-b84b-5f0ebc71b146,b69dee45-3828-4bb9-9897-48590153ad94,6458.0,2026-05-29 15:47:40.128025+00:00
d0d7b312-0c9f-40fb-9e1f-e391c5172ba1,562e938a-b5b1-41eb-afdc-37d78b728e34,1626.99,2026-04-15 06:23:13.684132+00:00
3d272c37-be7d-47a6-a3ca-5192a00973f7,b66a9e14-88c7-4ef0-abac-767aa1f872b8,1266.34,2026-04-26 07:37:45.950825+00:00
9bf3ef3a-6e44-44aa-9f4e-3bc79b399f43,8f348223-cc7b-4834-94eb-c0d3ae0ef5ad,1961.74,2026-04-29 16:07:12.975262+00:00
86e3a7b4-7635-4dce-9956-e9d7037ba725,bcbbb29d-00e4-4899-834f-73f2bc643236,1803.59,2026-05-26 16:40:27.431240+00:00
4837d8ce-847e-4ea1-86de-6bdc13dd5633,8925bc9e-61a6-424a-9431-588ee331604b,1877.05,2026-05-29 13:57:20.040816+00:00
fd7c3044-28e5-4a41-8b03-efa4aefe1225,e4318acd-1a40-49f4-8e6e-30fffba47efb,931.74,2026-05-29 20:37:03.164909+00:00
fead8cc7-2ac7-4205-9873-9d69e1654789,13c7e931-e38e-4497-8840-e80448a25016,2076.45,2026-05-30 20:04:17.428331+00:00
dd3bd122-3e0a-459d-be71-f5ae4edbb915,0436395e-8230-4cad-b712-54b3ce568c08,2145.38,2026-05-31 12:03:25.011213+00:00
a8e33ff9-015a-417d-aa27-9a6648ca35f9,b9c10674-4184-4e10-bbc5-132cf6f700f2,685.79,2026-05-08 19:30:36.576451+00:00
d525db06-44ac-4b0d-8485-b42e2f586230,60e2965c-2d05-4cda-b40e-b09d58fb3931,855.3,2026-05-18 08:51:31.711320+00:00
cdf6b38c-e1f5-43a2-90db-ca7ad605ae1f,ddd244aa-8fc5-47bf-9d34-2d51d02c9aa6,989.02,2026-05-24 21:03:20.811077+00:00
db875a8a-19a2-45f2-a9cd-6dd364f1ef8c,02b1c346-7d6c-4c9b-af7e-e5652a44aff8,1563.03,2026-05-16 17:06:41.813041+00:00
d0a4a3d2-836f-4fba-ba49-30c4ad801261,1e74a3de-91e1-414c-a940-a9dd195a6d17,535.95,2026-05-22 19:48:54.475578+00:00
6a13a569-4dbe-4770-bf44-5e10a7c358ec,be80b16e-e49f-42a9-ae41-4bbf9d46d3ba,1209.48,2026-05-30 06:07:18.514999+00:00
b75a7297-9e15-441a-abcb-6c0c9d140532,634e9355-876c-4e20-a196-5510b9591f50,1491.98,2026-05-05 11:32:34.511530+00:00
b0f13580-0281-4631-ba2e-bc63884ce142,17b57487-a832-425d-91d4-bec60d324385,1975.98,2026-04-15 03:37:58.739852+00:00
188f7740-46f5-44d3-9408-36d9297de3ac,97a64395-00b4-4965-a94c-ecbfc6f4af7d,145.82,2026-05-31 10:53:54.038363+00:00
2083c002-6eaf-4069-bf31-106ea2b8b8a3,ed07f43b-e9c1-49ee-9ae8-b087b16c2684,5649.79,2026-04-10 08:52:51.566518+00:00
b2497b1a-e2fa-4794-8f69-7c453b4df03d,ac2e5ccd-1eed-41cf-9308-470b15b0b2ac,2286.81,2026-04-16 16:49:10.820647+00:00
323b3dfa-0672-452e-9760-d8563ce731c7,66e583ae-9855-416c-b1b3-3778ed2a8d67,4715.72,2026-04-19 12:27:17.354668+00:00
1d0e5878-da51-4df2-9870-3d7b21411c1b,754ce1ea-dd33-402c-83e2-ac148ae37419,4875.2,2026-04-25 01:15:35.736893+00:00
fcb92703-98a3-46bb-8f09-47bb2d012bc2,20e19d57-cdbe-4eae-beea-25ec11cd35cc,1649.03,2026-05-01 11:07:41.323762+00:00
39074f0c-ad7b-464a-a11e-bc21833a8672,5aad0871-0b8e-4510-b424-d5a166688c7d,3230.89,2026-05-01 01:12:09.449859+00:00
787c388d-7608-4016-9ac8-b72b7ac8df5e,233199b5-64b2-41f9-9439-606386873dcb,4230.67,2026-05-03 17:43:44.734694+00:00
3d88b5b9-a11f-47de-91cb-1ed9ddfcc67c,dfec2f3a-4364-4ef4-a8b9-b7701e78feeb,4715.43,2026-05-06 03:35:48.026960+00:00
a8c84d58-1db2-471d-8557-9b5b15b85843,d1ec18b4-bb52-4994-81d5-06185fb1c5a2,3120.39,2026-05-18 16:03:10.088816+00:00
c734cbe1-3ca1-49e3-b029-6b26ae10daa4,67f28c32-863d-401f-9723-88abb2048f5d,4405.22,2026-05-09 05:44:38.646817+00:00
329dbae9-dbee-4103-a850-73aae321a1a1,26633f16-e515-4e8d-9174-f2d440177db5,10.0,2026-05-09 06:27:00.678754+00:00
4651bd5b-b18a-466b-b834-f7b5c67da7c9,64154482-577a-4509-ad0a-57c0cfd64710,6368.72,2026-05-10 02:22:38.750579+00:00
5f754e33-ce15-4d6c-aedb-fd494eca4f4f,3b10b976-5074-48f2-aeaa-8f80c832a710,4524.55,2026-05-29 09:58:58.898079+00:00
41a71283-1614-4b0b-b4ac-e249248c9cec,f3a3321b-ebb0-47a5-8304-e5d12bb538b4,855.16,2026-03-31 19:01:43.806609+00:00
7cdf8e0b-4fbc-4c80-8781-9f1a40e3aa03,b1f6a76b-2df4-4502-a511-23062340177b,1486.72,2026-05-10 17:30:02.212044+00:00
cf738352-e1bf-4785-8328-6628e9232a16,ae78f965-b9e8-41d3-8987-14eeb0c26a35,1611.4,2026-05-30 11:12:33.931243+00:00
2f195b54-a632-482d-9a47-d4035fce2b1a,513f0b6f-7954-4f0a-b847-9a034392ac80,3061.8,2026-05-23 18:29:10.449832+00:00
5ec8431e-c00f-4041-bb9f-74d23de5d940,d3cb7329-5208-4e7f-aa05-63b472505c78,2576.4,2026-05-12 22:06:15.183228+00:00
c0fa0560-db00-4990-a9ec-7daa132efa10,75c9660f-fcee-4fe5-a345-b4a837481c66,1143.64,2026-05-31 04:45:52.508064+00:00
fd0ffe56-28f6-4927-9c2d-7a2ad1997211,209b08d7-a40c-41f1-a49e-f16d9d1c4e58,2017.92,2026-05-04 21:11:19.037893+00:00
731ea187-e72f-4c8a-b63b-3601673012a0,57099139-452b-4d33-8d11-8e95dd6dde6d,1679.88,2026-05-04 22:40:18.455544+00:00
b02310c6-773e-4ae4-bb00-36d3fe26a70d,0de758f7-33ca-4f27-88c3-d036e4c81a27,1159.67,2026-05-19 09:04:08.721125+00:00
695dba3b-0689-463d-8856-e623ce8da0c2,66561756-192b-4b86-8ee3-5e6a5e057640,1994.58,2026-05-21 18:45:06.700404+00:00
07543912-f4fe-4409-8495-afc2c7e608f8,e69a439a-4527-4017-b87f-dbe74c471962,10.0,2026-05-21 23:34:02.583565+00:00
001e6db6-8814-47b7-8622-479f921c4f41,2540fd37-fff2-4f59-b0e7-702f981a0389,5177.02,2026-04-27 00:27:09.036698+00:00
78a9dbd6-5c67-41bb-a1d4-1f828bb06bdf,b0d87516-7db8-4dbc-90a4-5ddc669dd274,5877.29,2026-05-05 19:10:48.423215+00:00
358049b4-120a-4da4-9972-d33e930d3aec,6a617345-7e36-490a-8053-185de4794ea5,2928.56,2026-05-21 09:38:46.702659+00:00
95200fe7-8879-4c37-8e05-788ab02a244f,75119bd4-14ae-45d1-b6e8-157de95b33b8,1313.59,2026-05-23 04:55:21.145279+00:00
2b84635d-35bd-425f-bc9f-a92329d27bd1,4f27c66b-3061-419c-baa2-5f56a329989e,4032.07,2026-06-01 00:21:22.595789+00:00
e085c56e-68e3-4777-80fb-a6786a938e7f,094a6b31-b122-459a-a49d-fbef317253a4,2942.65,2026-05-31 23:29:44.004812+00:00
9d7cf3a7-02f6-4651-bbc0-548eb4093d47,52ed8fdc-78d1-4ea0-bd48-b9e66749c424,1930.9,2026-04-05 04:04:09.611745+00:00
e1b679cf-2403-4bb4-bdca-0bc32abc1f86,52a6b509-e3ea-439a-a972-1a083851a8af,1720.03,2026-04-19 17:51:56.643672+00:00
cbb178c9-fbdc-4c3b-9c7d-f8d1a26b035c,a753b6a4-1bf2-4b61-9390-df2780f6ac06,1593.2,2026-05-05 08:39:29.702988+00:00
5ef35b1d-a890-4c9a-af1e-d78db2a304a8,6387255a-c4be-464a-9746-96a69051fb91,2473.23,2026-05-16 03:09:23.272250+00:00
559a0b00-bc2e-4535-87c4-354348171a34,409270db-3f18-4159-be06-c882f8224806,1547.02,2026-05-26 17:05:29.243336+00:00
743e7760-1dcc-4ab6-99d9-dbf8c96a4f97,5bd7ae1f-7606-42c2-b052-a84e65086343,883.93,2026-05-04 12:29:59.612259+00:00
83fc1253-f94c-4ff3-946c-e003b2d02a9d,7b44d191-0762-4060-9fe8-35d4cfda7e49,4754.49,2026-05-04 22:09:15.537408+00:00
c7da3f2b-9326-43f6-b79f-fd71022a809e,06bd876c-9cd4-448b-8444-c0a3c9e7f618,2275.92,2026-05-19 06:35:06.760538+00:00
0d1eff2b-9cd6-4e5f-a706-502c23f314e1,93498dad-08d1-441e-9c8b-9f67964c52e4,2653.61,2026-05-06 12:33:03.223561+00:00
8af5f598-f779-44cb-a9ca-4c5bab011990,566a3da8-c3e4-44c8-b7ce-17ae4b50f165,1372.14,2026-05-09 00:32:54.136211+00:00
f54ceb39-8f29-4e3b-a628-b4b7bb8772e8,6f82ed68-3934-42b3-b56e-e02a587aff4d,1577.05,2026-05-16 07:24:28.017801+00:00
d6bd3c15-37f0-43e8-9a48-64778fbbba1e,27df6c91-a21c-4102-aec6-2b6dedde8eb5,4202.61,2026-05-16 11:18:40.680144+00:00
ce23400f-9c4d-4ac3-8785-3d51e2dda292,a6401971-ece4-4dd8-99b3-3fbb9edb8c9f,3264.76,2026-05-26 20:44:04.476085+00:00
0c2d9e65-7c80-4781-a4af-93334a6636a7,ef489886-5933-4ed2-bdd9-758e92017308,1571.67,2026-05-21 08:47:39.426962+00:00
be686294-e436-4a43-a9c9-6e9b21d206a2,bfb32ce8-94d2-48cf-8d88-cea492e327db,3687.24,2026-04-17 19:20:47.975455+00:00
353b6c39-ce2f-4e15-bf6c-40eb52724bc5,1ffb60dd-7aa4-4802-bc78-11a520e289fd,6615.55,2026-04-20 04:07:18.722598+00:00
b54cfb8d-3c0f-4d63-8f9c-a2fde0a7abe3,2ba71e76-118d-40f2-ad22-ed3da609ca42,5263.0,2026-04-30 00:58:41.525177+00:00
f6ec6acd-0a45-4317-82f6-f773fe09d93f,212c32b8-a123-4471-97cf-69079a34ca8a,7015.45,2026-05-06 09:30:09.185035+00:00
a9ba88bb-1ffc-4732-a553-bb7fbe889b1b,91c75859-5eed-4424-809c-db9fca7a7d32,4514.94,2026-05-22 18:14:52.585100+00:00
2d1ca7fa-bb90-478e-82a4-9bcf2829b464,cfd36392-4ee6-4ac7-bd21-798fdc422d7d,506.38,2026-04-11 21:46:42.313448+00:00
94877597-ce26-41f5-b35a-2d68f223652f,cbdb17dc-3db0-4ff4-9714-74ca2a14be5b,1051.53,2026-04-22 20:23:53.704520+00:00
2bb3e233-0764-40a8-b080-0d900dfc482d,82d9d341-926c-4e43-ad25-2f6da9441986,498.01,2026-04-26 15:50:29.552780+00:00
6c80b907-2de9-46a9-b47b-5b9d1883b8a1,fab2a192-b655-434b-8494-18ce299383a3,367.5,2026-03-26 16:26:12.329750+00:00
fa44f49a-0a91-4ebf-b032-14f5fb82608e,4e3ec4a6-f09e-46a5-8480-fed869def8d3,149.32,2026-04-23 00:21:52.417629+00:00
1b69aa9c-985e-4673-8ee3-b28883bdb2cb,31160ed1-9082-4b3f-b41e-43f6b2edefaa,408.64,2026-04-27 18:45:40.687666+00:00
f7085917-4029-4d4f-8bd4-fe7f6ea7ffc2,de0319cc-e316-4c19-8f58-31f383a0fdaa,241.37,2026-05-05 19:28:06.632081+00:00
a25fe8a4-8e1d-4a68-98b8-f8f062fa86f9,130895a5-ac29-489a-8a10-59c2c105ade8,312.3,2026-05-14 00:58:04.251282+00:00
120bcb86-5a7a-4b13-ab50-6ee91605997c,640c5fab-99cb-48ee-90bf-cbd5474b5a8d,378.79,2026-03-30 11:27:59.033609+00:00
9222d338-1a88-4a37-beef-556b47cd8720,b8ec2a13-de84-4f2e-aa5e-527e8248b1b4,411.0,2026-04-21 13:12:16.234937+00:00
9f139b0a-a1e9-4cbe-9ece-dada25738920,c5461e5f-4514-4788-a1f6-0613c9022262,2930.22,2026-05-27 18:28:00.583900+00:00
7edf446b-95aa-4a53-b591-4d6b0b79d917,b99de040-b589-4920-bef7-ed824d2c91e1,1194.5,2026-05-28 18:51:24.613068+00:00
f019894b-04cf-4706-86f2-3f4d7fe5c11b,ce032f60-0799-4998-a6bf-aee4b97eae78,7436.99,2026-05-30 01:57:42.050418+00:00
534f16be-05b2-4bb9-8453-9e8f18b76e80,5d27c07e-0258-4ce5-a464-eb46640a5ec6,1587.37,2026-04-15 02:03:12.907094+00:00
f8c667bb-b77b-4b35-aff1-f36f422d23ea,3a1ac9fc-3432-4247-901f-523a0d1a42a2,2168.57,2026-05-16 18:20:42.154066+00:00
96cf5be0-c052-4950-8d25-c75d3b9c95c7,3d753ff6-960e-4fb2-ab88-b8bc1ab631c2,3208.46,2026-05-17 11:03:18.284521+00:00
0cec1e0e-574f-4ecc-9047-8b1a7449d111,96ec0cee-f9fb-49cb-b5f0-bac968d27fad,2601.75,2026-05-08 18:47:34.826348+00:00
15c43331-d46d-45a6-abcc-4db91849aef6,80196aeb-6192-4e96-bc7d-f1e0a693f192,2294.41,2026-05-13 03:11:40.401214+00:00
483ac06c-d437-4b03-8f21-aa1c05a2745c,c01a06af-09d8-4fdf-9b32-cc584fbd2c5d,3297.27,2026-05-19 01:24:34.311267+00:00
a26fea15-d5cb-4761-b862-15fbd18088f2,7a4c3faf-b0fc-468b-8e7a-33cd9ed09e9a,2905.86,2026-05-30 19:10:02.466202+00:00
807c11b7-c7c5-4036-a313-cc861dfbb677,1ab741f3-5332-45ea-a441-8d37b488a132,501.21,2026-04-26 19:25:35.165625+00:00
ac7156d7-1570-4b64-8005-a14aec1a5351,ab0dd359-b0a7-4c98-ab2b-49e6a5687d67,203.89,2026-05-23 10:11:38.912931+00:00
10f5cd9a-49c5-4cd7-b53f-0d4141289bac,df09bf4c-03d7-406a-824b-914885180896,254.11,2026-05-23 14:50:28.410606+00:00
cd0067aa-0ac8-493e-9cd2-6d5900e87d30,ab220f96-0d46-4479-9d03-98c9bef6c78f,2917.24,2026-05-02 13:53:17.610596+00:00
40cdeb26-23bc-4c5b-8b96-6ff1a255e1b4,64ae3622-fc5e-4ce8-bb52-a81e9bd382ae,3044.54,2026-05-11 14:34:27.365245+00:00
08a91d78-ce5f-4756-97ac-b574f7ed7620,ef443166-a49f-4953-b9d7-7aa74c784836,1962.58,2026-05-27 23:20:07.970829+00:00
9b248ad4-5ca0-4268-84ce-84d24c1cc614,09d84012-d25f-40f4-8d9a-4c83fce9cb19,10.0,2026-05-26 10:26:11.075507+00:00
339cafdf-164d-494c-819b-00bddc2b4a28,8ee5a35f-404e-43d2-97f6-c1e7d3df07e1,2267.35,2026-05-27 01:22:27.162693+00:00
f719f391-d97e-4852-8b04-d881c8011700,65983d52-f95d-4395-b57d-0cd85ba9ce40,3217.98,2026-05-29 02:15:10.959696+00:00
f93e876c-c373-4bc8-a51e-952174eba151,e1fcffd5-debc-4aaa-86d1-7151d0ed8941,2548.54,2026-05-31 06:58:26.800356+00:00
55af6b7d-eea5-4464-84c1-f772db5c865b,58b42fd5-1933-404a-a5be-f3ae62f67373,4879.7,2026-05-26 00:28:52.843461+00:00
9c0dcb28-a212-4633-8274-47bfa1251fc4,b3301e6d-31e2-447b-acdf-2422ba507095,4579.33,2026-05-27 05:20:16.626219+00:00
1882d3b7-2f31-400c-a3e2-d1aad30205aa,2d317920-f88f-4d42-912e-9316e0177646,3760.3,2026-05-29 18:20:14.620434+00:00
7986701e-d8fa-490a-9e8d-51a6594bec28,3211b6ef-0044-4915-93a4-982a4113d344,4739.86,2026-05-30 13:03:10.356079+00:00
0be13638-120f-4161-af4e-46de0c4535ca,e24e6268-6684-4004-ad70-6b0190e5b0e0,5776.89,2026-05-31 22:22:51.244408+00:00
c871b3e6-772c-4f65-9805-eb3aef312bed,96c5bcc3-3276-4b03-ac00-e96c0c01ed38,4946.86,2026-06-01 00:35:31.064327+00:00
0f759589-7d87-4066-889d-8ad2254b4abe,ba1f7f03-cb7c-40a5-88e5-f536f2c675d4,2941.66,2026-06-01 00:49:53.747960+00:00
53bbbcb9-8a1e-4bf4-a736-c86ba9820711,1ce5597e-4c75-4b39-a650-bdfa05372808,258.48,2026-04-24 22:43:54.675713+00:00
71a602e2-8383-44c3-a09f-6f036f2444c6,b50f3ece-e258-4dd0-8e95-98a03afbe854,2447.59,2026-05-20 01:16:12.596603+00:00
483a071c-c037-4edf-b329-f21cac3d13cd,93272bcb-9189-4b10-9bf4-58273c19b6d3,3948.28,2026-05-15 13:08:45.307809+00:00
b3ac4524-3c9f-4b85-a7f7-69bfe48d13b4,faba4ece-1367-49d2-a76c-44c71eb05579,2565.05,2026-05-24 19:57:49.375234+00:00
96ea8979-8d0e-47e3-9d20-d570d1b3bc74,3210e157-89bf-4323-a4d1-438c587c7f0c,2657.96,2026-05-26 10:50:36.911530+00:00
6bf5d9d5-0f79-43f2-8849-c4a96ee4c68d,90426828-9710-4fe1-9461-17e63a1cf120,290.1,2026-05-23 02:06:10.454101+00:00
14a506a3-baf0-4aac-ab1e-13d12fcceb38,13dc850f-0411-43ca-a3ed-d302ec542ca6,2183.25,2026-05-31 00:14:09.440152+00:00
1f2b376d-3aa5-4517-adc4-0318107025e8,5fd976cb-fc67-4395-872a-fd1ab329b7d9,1813.0,2026-05-31 11:12:29.143046+00:00
958937b5-23a9-43ad-a924-03303abb87b0,a254ceed-08af-4b23-9276-fd36974e25bf,3664.85,2026-05-17 23:45:53.220368+00:00
231f4ba7-afb3-4f2d-9ed5-d3b31cff1345,654a51fd-a897-4724-bf80-3c2da3825621,1303.45,2026-05-05 12:04:51.107757+00:00
4fc23ba3-261a-4473-93bc-a1fd583f29b1,d819b0d7-61e3-4cc8-9d21-1e2d9374b134,470.04,2026-05-11 15:39:08.865885+00:00
a6f7e7c6-ad1c-4f36-8478-0374625edf30,f5cc53c2-b947-4e52-906f-783ac518dd30,375.71,2026-05-14 07:01:28.487790+00:00
0fbdea6c-4cfc-47ec-91b4-9da0b638a61e,760af11b-1654-4952-80af-4985d90cc1bf,347.68,2026-05-26 10:53:44.686343+00:00
78e10033-1de3-43c8-a649-5af90b7eca1e,9c3c890e-6fae-4043-80d3-6fda66c60fcd,205.4,2026-03-31 21:53:54.299813+00:00
9b0f86b0-52ec-4d06-90d6-e459a6d48dbf,272dad2a-ad81-4614-a592-6086ad01d4fc,6297.89,2026-05-18 14:41:36.832232+00:00
ae5bf2fb-bf1d-40f6-b8f4-6676c00af5d1,aab6b447-f377-4f2d-89fb-183193b02103,3994.23,2026-05-19 00:08:47.506647+00:00
79188916-d6b2-4218-9024-70dd023eae26,11d52a24-1274-4061-836c-e58fc4edd749,7112.63,2026-04-16 17:22:17.234934+00:00
ea96bd29-e94f-4173-98c0-9f62497dcd36,36f20178-87c1-4499-b32f-e755cfaed9c7,5617.36,2026-04-30 03:47:30.694740+00:00
c6258a88-a3f8-4c33-ab6e-a3d3a6738aa2,a48a8fe3-2cfc-4fbb-ad2b-26f76da5583e,1343.39,2026-05-01 07:27:14.440920+00:00
d2147e48-eb18-43a0-ba20-0280ea8a6d7f,7e9a7bff-3b23-4cb7-9f68-88c52cd12b17,5756.08,2026-05-18 13:09:37.102607+00:00
1bc18f77-d2af-44dc-8274-7f4b4a630625,72a30bf6-4c8c-45d3-b454-873cdfe88fd7,325.84,2026-05-30 09:33:11.155182+00:00
7abc80ff-25d1-412b-869e-9b765c5971f5,cc966251-b2cb-4b76-9731-6521acb6cc5d,107.78,2026-03-30 22:23:35.395528+00:00
d32b0b9c-ea53-4a67-b2f8-e023dc2205e2,7be3480f-5ec6-4e5b-a6ad-76b1c6ff2383,1899.42,2026-04-08 10:43:58.005277+00:00
85570b3d-66e3-4f6b-b6fd-a2a135633fa9,89c4877d-9d9f-4a02-b210-6dfaeae39431,4147.52,2026-04-12 02:57:10.647618+00:00
8b774a83-e320-4149-a7e0-aa1a5bb94392,f18d6aa5-5987-4d12-8591-3297342e7ef8,902.89,2026-04-16 20:17:07.908834+00:00
aa57a085-3bdb-4c83-a206-6f9305d2b4e4,f3f834a5-51b6-492b-9e1f-122fe22d1e71,1650.85,2026-04-27 12:41:14.885362+00:00
c474a770-aeed-42e1-97b7-3c6578bedd9b,0c61ffc8-6002-4449-9882-9e6617e2aae9,3573.79,2026-05-05 07:26:33.734447+00:00
92c56e1c-40c0-4ab0-8094-99ab1351880f,5f1795d6-5057-48e9-8072-6e72d3080dce,5570.78,2026-05-19 11:36:56.229405+00:00
a0a0a3b5-6bd4-40c4-bdf6-0f5999d7cf5c,e0f869cc-4f36-4b9d-9fb1-a552c8330157,3128.13,2026-05-25 20:50:52.612401+00:00
6b4de2ac-a5cb-4064-a871-4894d7072a75,dede0534-579a-4450-95ae-d9ae38bc821d,2344.88,2026-03-22 02:15:51.218124+00:00
5da89e12-fa03-4ad6-9c04-4c2c8ed0174e,68e2142a-b8cb-4d7a-a685-a2f4ce475a45,636.24,2026-04-10 19:50:41.103975+00:00
80e2d240-7974-40ec-ab13-efc4130da67d,cbac5ff3-4225-4c11-82b0-ccf0a3bbc99d,2208.97,2026-04-20 23:52:33.140124+00:00
9a091a67-f1e6-4347-84cd-7833c3d5c53e,0283048b-e5c6-426c-a294-45297167de0c,1652.89,2026-05-05 14:55:30.519920+00:00
eb3d2c4a-5943-4d88-902c-79f91398b1cc,0cd3bb31-ef6a-4e15-9f90-904a38b5ece5,776.56,2026-05-20 04:58:52.492136+00:00
d59ad580-be8c-4d9d-8d33-24bbaa591131,8c9777f3-40ac-4716-8293-6669cd451c12,1956.66,2026-05-30 14:48:28.981158+00:00
e63cbdf6-2338-4e03-8c4b-a91c5f7934c2,4bb1ec19-5a96-4545-9968-8ec4ffbb8f52,4617.7,2026-05-24 11:19:08.477503+00:00
364be718-93fc-441c-8050-8a0d596b670e,b593eef0-10ac-4f81-9a04-9b0e75c188e5,1769.54,2026-05-09 00:55:39.336622+00:00
cad769ee-2296-4d88-bcf2-439204ea2f12,ed4c243a-395e-4670-b002-5be3d0f038cd,2143.68,2026-05-09 10:26:36.144768+00:00
1b2fd4af-4c7a-4108-8931-3b01f9e142f7,c29ac322-2a16-4441-8de5-8feb29cb46b7,1622.65,2026-05-16 22:06:06.625937+00:00
1df73ec3-482b-493e-a104-5563a1b16ccb,c5ebbaf9-95a3-46d2-a637-333bcff6965c,1347.52,2026-05-23 14:45:09.783749+00:00
e894f476-72fa-4d78-a5b7-1fe330543209,9e1dd867-b157-4530-aeed-d8857f9a182d,2001.96,2026-05-31 19:55:53.295691+00:00
b6f91341-0374-4cd5-bfa3-3650ccf98e2c,552dbe97-1f7c-4ffd-8ed4-5c8c9c10d8f9,26.21,2026-05-27 03:44:08.081200+00:00
305bf091-7ac9-4250-9217-4c41fc21d325,ca321bc2-b456-46fa-aea7-b3e511a55da7,646.04,2026-05-28 01:06:08.011838+00:00
f2ed68e9-a0f3-4bf3-8829-ba898de1a1ed,54186db9-a825-4dab-973f-bf82d386941d,1027.69,2026-03-28 22:29:22.292165+00:00
2ed77d8d-d09c-44a5-a0fd-ea5bfea5f71a,3c21134d-55c5-4f66-a047-29c8a900d5c2,1075.07,2026-04-07 03:32:45.490812+00:00
3f1be55f-511d-429c-835b-cd6a3096cee1,3080de84-ca3f-4e31-b54d-f2ccab840129,886.35,2026-04-07 09:44:34.539654+00:00
99a3ade3-e9fe-4cda-b752-9e795ac0b6ec,8fc32bd2-dcd0-46ce-a1d3-2e27453fe6e0,1714.41,2026-05-06 15:08:30.111266+00:00
7a32ce63-bd05-4695-8c31-8e8d253637ca,78b30d49-3cbc-4470-ba9d-af01b2fab305,1433.56,2026-05-05 07:03:58.300707+00:00
a0ae8054-f775-4007-a780-cf251c98bf4c,e140449c-7a7c-4f51-9fc8-8081795a50fa,836.73,2026-05-15 07:45:29.945853+00:00
1583db00-e230-4617-bf15-8f13b07fb170,8ed2c6f8-0429-4cfa-8406-3b7fef027fdd,1917.72,2026-05-28 21:03:06.196377+00:00
1b3d980e-69e1-4f23-bfb5-4d9ebd5cf26b,f41455b2-620d-41e5-a569-996bbd0ba53c,202.19,2026-04-09 11:49:44.165070+00:00
fd8fbaeb-6925-4e26-adf3-311497c1760a,4c1512b3-4ec1-4024-908c-bcce9bab8e4b,10.0,2026-04-13 20:01:53.162739+00:00
f120175f-2120-4c0b-b2e4-e60bd2e3007e,8539f5f9-219f-45ec-b3cc-47fd4dca91ef,1320.45,2026-05-30 18:13:51.481404+00:00
c75e518b-7450-4a6a-b5eb-08e8f0358a77,eca9b0f6-7a37-4af8-a977-851e68d627c5,2330.56,2026-05-30 18:49:17.137175+00:00
a7edae73-c07a-42b3-a61d-ea7c2ed8e857,a4f12ba1-403e-4109-8ce6-fff5879300b4,1739.25,2026-05-30 21:18:30.636229+00:00
b86ec572-9397-4bf3-abb8-2b07bf25be5c,3f8780b9-219f-4612-8697-997ef9f42115,2455.49,2026-05-31 01:26:56.587421+00:00
f96f0592-e631-48a9-8eb2-8868e3f8b2ad,c527d0e5-4916-49b0-a418-629e67f576be,695.6,2026-04-04 21:49:23.888441+00:00
73b27917-93d4-4eca-9d51-a567877070e7,dd7b59b0-1589-4a23-b8ae-09bba09f1f75,1736.64,2026-05-07 21:57:59.302578+00:00
67d3520d-5424-4a4a-9dcd-8cb96fddf29c,f414cfd8-8e79-4e98-ac8c-271822f645a9,632.46,2026-05-25 00:26:16.436879+00:00
f5c9ef3b-d603-49ac-9e2a-ae4c4d492189,87812b8e-c99d-4f00-9c09-c5f44a6fa09e,595.92,2026-05-31 17:14:22.271232+00:00
bad502cb-9114-4edc-8652-74e918a950db,a2cb6977-fb24-4216-ad55-efbc18868ee9,3565.67,2026-05-31 18:00:23.257725+00:00
a3b7069e-2059-4477-800a-127b44218d89,2d532aee-1484-49ba-92a4-72943f60abdc,972.82,2026-06-01 00:53:36.931242+00:00
6c45a65d-6d03-449b-aac0-dadd022542af,e6046853-4bf6-4739-b9c0-c4997604ba11,4625.32,2026-06-01 01:44:40.941861+00:00
77d21140-1525-4752-bac6-63f5c0a7a69e,4ecb798f-19d5-41c1-8c48-7e7aa4798dc2,130.97,2026-05-31 22:26:51.257002+00:00
fea75b3f-e2e1-4685-88d9-2f12466ab273,9d83ef9f-2e28-4018-8e1e-572763cafc9a,3403.69,2026-04-29 03:38:44.901550+00:00
e54e3e53-d586-47c8-95a3-65f4a56fedd9,a0106a4a-a52c-43c9-b8ff-a4ac5249d65d,486.98,2026-04-20 05:30:08.903302+00:00
c50ce2cc-e81e-41bf-bc74-1a5068b5ff90,24d6e35f-26be-4fd8-b93c-07cdedac9e96,584.1,2026-05-04 16:55:19.845480+00:00
0d05ca2f-1ca3-48c1-96e5-91355ff56555,57d10837-43d8-424a-93f6-c97d4e1b731b,370.9,2026-05-07 01:10:03.614799+00:00
e99c8bb0-9ab0-4293-aa21-68cee8dbbd75,9f0fef57-cc2a-46fd-80e7-b44dfd43cf01,979.25,2026-05-17 12:28:39.278495+00:00
f289afba-2408-4c4b-90ac-6036c00b6f82,b00fe566-88e5-4d54-8ce7-c157c1b14728,200.72,2026-05-08 00:44:42.307344+00:00
a9cdbe54-7f01-456e-b704-d3a726eefd02,03f64c0d-ebf1-441e-9b3f-c1a44cf432f1,4387.3,2026-05-08 02:59:49.234813+00:00
e11b6612-1eec-49f9-8e19-4b7f5fc8649c,e5a601ee-6987-40ff-8450-0e986a3bf954,3619.32,2026-05-09 06:55:18.456513+00:00
2a9d585e-635d-4190-bec7-4883770e9a73,fb20544a-14e4-4b2b-8322-efbfcaec6721,3256.59,2026-05-24 02:31:33.330290+00:00
dc35cf1b-bfb7-4a42-b937-e68fa8cde62f,364c73c6-155f-4a9e-ba55-8fa4576e1638,3361.02,2026-05-25 17:26:02.394103+00:00
8a7d0131-600e-4886-9704-100abcc2e53f,6daea604-e11d-4778-970b-5814f4673cdf,2632.12,2026-05-20 22:00:42.116093+00:00
56222fdc-750e-40d5-a589-9654f31d14e6,6fc0c987-813c-4165-a0f4-b38ffdf4bef5,4587.79,2026-05-28 06:30:21.478200+00:00
794628f6-293a-4a53-a25d-7c4b7dee2b7a,e5c60ba2-d9a8-4ad2-9287-9693eaad7423,1745.8,2026-04-27 19:20:49.319714+00:00
b9ea305b-e065-4b83-81b4-bc9d7ea670df,f554cbc2-ba39-49bf-97e0-11391464fb92,1769.26,2026-05-09 08:36:24.835266+00:00
224584f1-dfb1-45b1-9ebb-2f41749d0eab,dd412ee8-4fe2-4bce-a40a-19093b32eabc,2795.62,2026-05-18 06:52:48.000855+00:00
d72c2c0a-f750-4e0d-8f08-93fc73926372,5e230921-8c11-4fac-a334-88e470978258,4291.34,2026-05-26 01:37:04.588619+00:00
540c9169-4fe2-4792-b699-68752ceb6e46,e4c21ce1-f208-4e60-a5b6-64a87faf3b2c,3329.89,2026-05-30 05:43:22.797538+00:00
5211d18e-5d09-4ace-9b4e-ec1389124103,0c394c0d-288f-44f6-af7e-ffd7643b5318,5951.55,2026-05-31 09:38:00.695237+00:00
66472889-3bd0-46de-852e-a20d6a09ec93,61737991-e93d-4153-932a-70a5ac6d5840,691.92,2026-03-11 22:34:19.573394+00:00
6b62f8c0-b6f0-4fca-a650-ba9c429a5ca9,d234fc26-630a-46a5-9aa9-cb91bec8f5c0,717.88,2026-04-26 04:54:42.361491+00:00
13fe65b8-7232-4f74-ac1d-14f6e9a25d0d,41936c01-0a2e-4167-9d27-3710a1a49cbc,1031.03,2026-05-23 12:37:26.261423+00:00
264a8922-7920-4e45-93c0-5abd683303fa,53da5c62-2ee8-4a06-83fc-aa9f982829e8,2448.51,2026-05-27 11:11:59.976174+00:00
a087fa0c-d18f-41d3-a20e-61089317f642,41c6a41f-fed0-45ad-8866-332637f8b3b6,5102.45,2026-05-28 23:39:03.429697+00:00
9fed320f-8e35-4dcb-b29c-7647fdee5680,0ffff03d-704c-47fe-8c58-03befd343292,4288.64,2026-05-29 23:11:10.511190+00:00
f2d2ed60-d58a-4904-9800-2e0747d9b34c,04099437-f963-44e9-9644-cb502972d511,2247.56,2026-05-30 11:58:04.443527+00:00
202f801d-b75a-41da-b1c1-551c4910e560,06d03200-ced7-4499-bdab-11e26cd657b8,2983.26,2026-05-24 11:01:08.556808+00:00
53f1b93c-853e-43a1-8b19-058f61f8d263,f48039f3-f522-4cf4-ad9f-dc8760bf21ba,3715.54,2026-05-29 04:36:10.942477+00:00
fb29aa9f-38d6-43fc-81de-37007271c2cd,9f1db82b-5725-4ad9-b0a5-b1310223bb55,3082.46,2026-05-30 04:21:31.536733+00:00
699ff636-81da-4741-aa62-5f7e5779bf2e,0baf442c-f51f-4abe-87da-ff05bc932bce,3619.99,2026-05-30 16:09:21.652378+00:00
47d51642-d7fe-468b-8097-e4e47059a06f,f1349dd2-a68b-4f3f-bfd3-b530f842cb68,5555.86,2026-05-31 00:20:51.838705+00:00
1349337d-c7ea-4556-ad7a-143cde34215d,7563f6c6-3e01-4451-a329-7856c02da943,748.64,2026-05-01 06:01:58.638977+00:00
fec76a04-9a98-415c-a9ce-630c28947924,b62639db-56c6-4975-9210-51453d8a8bc3,2462.94,2026-05-11 08:12:06.783440+00:00
5eec0878-02e2-4c6a-b771-865c67efdc0a,6b30af82-e9fb-48bc-b34b-90025c2887ff,776.61,2026-05-18 03:02:18.044186+00:00
d62f641e-a949-49aa-80a3-c564edca53d7,9a24e62a-4475-42de-983f-9df6a0bcb219,1406.03,2026-05-22 03:54:42.708456+00:00
a37fb3aa-4b1c-4d26-9376-8cc125901f30,4006c070-24cf-4db9-bb45-e4ad65560128,2069.54,2026-05-31 00:00:27.217301+00:00
04bc805d-9d7b-4c5b-b0f3-a3786492457f,c0f154b9-9e61-4e8d-aaec-1dfa8e04fc0c,849.65,2026-03-14 23:39:52.180811+00:00
7981d17a-b118-43c5-9118-56333aabf112,ad2f8112-000a-4c34-82d1-91c6a87e16d4,262.93,2026-03-18 23:53:33.708649+00:00
7ffa0d75-92e0-4887-bffc-3051f0a4d18d,f0ec8de4-6d0a-4199-9da5-e07ae630b5a5,616.69,2026-04-07 22:27:43.232370+00:00
81d79e29-f73a-4136-8ca6-0cd7c56676e8,51365f21-4319-4a7f-87cc-f24f75c50a83,674.49,2026-04-19 10:00:36.321651+00:00
9f23749e-0cb2-44fa-afec-17d3d8f21e85,2f15c383-ddbf-41c0-ae74-ecffd627b3c3,321.82,2026-04-29 23:19:30.249793+00:00
a58dd399-35c6-4bd1-9482-98cd173d01fd,4c1c081c-bdf1-42cd-89f2-01b65c65baab,1922.98,2026-04-07 06:28:49.782240+00:00
743725bf-d04f-403b-b3c9-8f6440bcf5fd,3768396c-2e54-4bb1-bdce-442bfc15e480,2444.38,2026-04-16 08:37:33.604859+00:00
8ab69d45-6298-4b7a-aa12-0de5644b21c3,97881731-62fa-4fb5-8dd1-fb9cf67096c1,2371.58,2026-04-26 22:48:10.112464+00:00
10f5441e-f0ce-447a-b4e2-4c843a7e99da,f1927697-08c2-4984-a8ef-efbec2d79eb2,2750.48,2026-05-09 17:51:20.610147+00:00
30970f1f-6c51-497e-b7c0-b9b0098f5b42,65a4a96e-0db9-4edb-bf7d-c52a768de49b,10.0,2026-05-23 00:39:46.375487+00:00
1c0ab16b-11e7-4d53-b03b-df9b3b9791d2,32353b59-e5ad-4411-b445-d7eaa85c08a9,4629.44,2026-05-24 09:39:26.341006+00:00
affaa827-7f68-4933-821d-0658f0327222,d4724ac8-2391-4522-bc4a-4ab489cf46bf,5294.94,2026-05-24 19:33:32.815311+00:00
dab6abfc-bd89-4276-b960-23a64ead39f0,00ee3980-bca0-4ad6-88c5-6175ce3eb985,1417.09,2026-05-25 20:34:58.336973+00:00
5e509a82-0d9a-4dcb-8965-8669cdc1c009,fa37d942-30a4-4252-9159-b92f0d4c36b7,3589.65,2026-05-27 13:58:26.481182+00:00
f38c197a-a5fd-455e-9e89-cafa31212446,b16175f8-7c39-4fd5-ad24-a377e4d9af10,10.0,2026-04-28 21:57:34.910361+00:00
4dc3def7-28c9-4501-a2f5-c8f9e2eb837f,c29f9416-735e-40d5-9e47-b8447aa0e924,1197.08,2026-05-04 00:46:31.856463+00:00
940b6628-9737-4f7f-9154-346171c8f4c0,b545768b-6580-445a-8365-ba4299589d49,1417.97,2026-03-27 23:49:42.581700+00:00
c0fdd5ab-bd08-4c4c-a13d-c27ddc3a40f2,22d8e4a1-6402-4942-a5e4-499ae8655736,3289.84,2026-04-15 04:05:12.324543+00:00
c4b44bab-5116-4409-8a8b-381773335b52,22d5b011-8cff-402e-be7b-8d6a4b073eb7,2641.43,2026-04-16 04:17:43.790872+00:00
218a3371-e263-4fcf-8d31-3cb7d424f971,7558df02-8f66-4b0d-a165-45e2301d2c6c,3765.57,2026-04-29 01:08:53.295452+00:00
b876899c-3b55-44df-a15b-ecf861840806,a9c81135-be3a-47cf-ad08-b513694d3c98,1205.26,2026-05-09 03:53:08.006220+00:00
ab8599b7-68e9-4bd2-9048-2db4014bc3c9,16f23b8a-3e06-4327-bafc-1503fee428f7,1501.78,2026-04-13 20:43:46.917668+00:00
7846cefc-8d23-43a5-bba8-6d0ed2a8d640,49230e6b-7c22-4603-a939-2ca8dbbc507f,928.75,2026-05-06 03:50:49.487099+00:00
300b3eab-3e1b-4fd6-a88d-6989d08961fa,3cda5597-3e26-44b9-9d51-844b70c98a72,10.0,2026-05-12 18:44:45.194790+00:00
3c03e097-bbde-4dc6-9760-538aafb16783,231d5d2e-dc4e-4e26-8d5d-f11e41ce7c87,2150.22,2026-04-26 06:01:53.778482+00:00
bcf56e19-51a3-4860-bdf6-95f39909c4a1,19a5e9b2-9910-498e-809e-4b4d9229a9e6,2104.84,2026-04-28 12:44:44.764775+00:00
a8be53b7-b6f0-4c3d-bfef-900d0e265b21,e0fba6f5-d70e-4d48-9544-970c375921b8,2243.16,2026-05-05 00:02:53.970628+00:00
ae343cfe-abd4-4e42-b8dc-b9432d83bc65,c39694da-dd62-45c8-8e05-429b58b6fd54,936.61,2026-05-08 15:34:53.865160+00:00
b74c1cc0-f5e6-45d6-90ff-f5684c101954,12f73c94-16b1-44d0-9d09-9ae4fb9d27b2,1465.87,2026-05-19 13:53:45.483970+00:00
ba42ebdf-6124-49c3-b151-5b018cfc7b2e,bc599aa9-3ba2-44ea-9abe-1b27bb6fe4c5,1341.0,2026-05-22 19:07:33.195976+00:00
fc5d0bf4-9e17-4bbd-b362-5e46167471b5,9df76711-17a3-4c56-bb62-4a1d82a74c2f,2172.19,2026-05-23 13:29:02.035064+00:00
fc4c1bb3-0897-4275-b180-fc91ea908c8a,5a6aef37-9d80-477b-937c-4f9e85113b03,1780.16,2026-05-23 19:02:51.150936+00:00
b8cc5868-4d3f-46a6-98eb-5de1aa4a1839,d0ccab40-8fa0-4199-b917-7921f0a68c10,1144.83,2026-05-24 11:08:42.105620+00:00
f81e259d-f24b-49ff-9803-f92626d4718e,6d9f7fd4-b3a6-420d-8f72-817108da48f8,4399.72,2026-04-24 15:40:49.251308+00:00
f5d53536-382b-479b-8d7c-c83dbd59971a,866def55-d368-4bd8-8cd8-bd22993701a8,3507.97,2026-05-31 04:37:26.077263+00:00
487035d5-93e0-4f83-9fdc-c5914fbf952c,c9402473-0c74-4ded-a69b-57b19e09820f,1156.98,2026-04-03 14:49:45.399019+00:00
acda8e16-8479-4db3-959f-1e67d6b41ecd,b6c63829-7b12-42ac-b742-e04b430a7e67,3408.41,2026-04-04 23:27:38.629581+00:00
7028b30f-e73f-495b-80bc-1797c524ad1b,ea17e280-7daa-4ade-a9cf-93e7b7fe1b3c,4534.07,2026-05-02 03:24:45.224068+00:00
0975f5cf-a776-46c1-b0a8-30d31801f92c,0652b512-fdba-424d-a6b2-de8e7c593102,4595.73,2026-05-16 21:55:32.348361+00:00
66565874-095d-4ce4-9d7d-42f48db8eaa7,0204b8b4-3fb3-4b54-bd35-b8bd156adb4f,2187.21,2026-05-28 14:24:39.546856+00:00
715da257-345d-48c5-8c8c-11ba573d3d4a,84ad6772-4a9d-4e91-a907-b00d19d42938,1703.29,2026-05-29 11:46:28.796246+00:00
58d402c5-1ebe-4378-b9e3-3bbf9ac866bf,bac736d4-fdb6-46a8-9de5-24addab386d3,1198.48,2026-04-25 17:43:41.724542+00:00
67e1ee48-2466-46f9-929a-228343276677,56b0267d-51cc-4849-b3a1-053e7b1b2d7c,1626.22,2026-05-25 19:27:02.341734+00:00
4518fed4-dbe5-45ea-97ab-92aaed1d5ac1,db16b434-9764-428b-92b2-f0abb6976fe1,190.03,2026-03-06 21:08:55.916049+00:00
56e4ae92-c561-4a44-9b5c-727a1801bc66,fdb5da31-bdac-43fa-9294-ea6e59f87612,354.17,2026-03-08 04:29:10.151344+00:00
6311ae6a-a10d-41ed-a116-3aa3f42e4d5d,e4473cfe-1d9f-465f-a0ea-85335015be29,330.86,2026-04-03 11:28:10.147692+00:00
24babdd9-b3f5-4700-8718-4e9aa369cbbc,c013f59a-8dc5-42d2-989e-3c9bfcf3c271,10.0,2026-04-14 23:43:47.767486+00:00
435ac20c-c231-43a1-98e4-be4bc55fe445,ff50708d-3310-410d-b986-6c2bdfbe434f,116.2,2026-05-22 04:09:09.014075+00:00
7446c1cb-43d7-4c27-aa45-791370572461,a4d520d8-e3fd-4087-be92-dd54dafab80c,6542.83,2026-05-09 12:00:15.287274+00:00
cffe8009-3e04-485f-9a39-888684241d93,cb89b743-4a85-42c7-bf3d-f6c8a3666754,2305.61,2026-05-13 04:42:09.566767+00:00
82283a5c-4fba-4b2a-8ca1-938983709469,6a149e28-254e-49fc-80d2-a40dfdecb06b,2705.94,2026-05-25 12:31:41.069392+00:00
c9164c95-a755-4df7-8e06-1a4709035c3c,c72e838b-b686-4f5b-8445-2292798df7b2,4651.95,2026-05-30 13:09:41.887738+00:00
47e4d6f0-903a-4022-819b-ae07533dafb7,b2153161-29a4-48d8-8a9a-29255d186879,1384.63,2026-05-13 01:52:53.265573+00:00
77313479-fcfd-40e8-bedb-13ceda12b4a0,e7ed7794-06a2-47f8-9e72-b8c1c4b1e70d,1380.49,2026-05-15 16:02:19.337046+00:00
c6ee7f73-3f23-4693-9d77-81746b34dfcc,ce48a94f-a521-4e3e-a7d7-33dd11c10536,1478.41,2026-04-23 04:39:14.401615+00:00
9d6d8a29-6694-4c53-9244-251c77115eb4,f57a7bf1-7423-4712-b48c-ec70e3b547bf,480.35,2026-04-30 10:29:01.850734+00:00
e34f4a5f-d2ae-4cce-88da-e2e7dd400ffd,5700a1c8-fabc-4548-9600-78673ebd08e0,2462.62,2026-05-10 12:02:30.610111+00:00
e99afc37-8330-4a46-ac17-545f6e1648ce,a3242676-0940-4522-8535-67d11c8a48aa,261.64,2026-05-25 06:30:45.322434+00:00
1829e9a7-82f4-47d7-b3fc-3c4ba602f1b8,864382c0-c69b-4397-9246-fa2c294dd63b,1310.42,2026-04-15 04:58:19.226850+00:00
635a5bda-6bd7-4bc4-ab92-11d874d4793e,ef4dc423-4378-400e-96f8-5609f69e98a4,147.41,2026-05-02 18:53:36.762942+00:00
cd508cbb-90c4-464a-abef-71337e3dd86a,be8bdb06-4a70-4848-8836-b827907b98d1,1367.65,2026-05-05 19:28:09.553697+00:00
8618a643-932f-45ca-acda-34ff58787a97,81eb42f5-7c4d-438d-9c47-a0df9520caae,1145.19,2026-05-21 01:01:25.906810+00:00
ecd72156-4d10-4f0d-9745-d43dfdd7ac25,adee746b-e64b-4f6a-a56d-9acfffbf4416,6765.49,2026-05-29 13:59:14.384556+00:00
c55d8597-15a8-426d-a997-6c46618cf386,9a8c0cf7-5dc8-421f-ab23-5276e0949a72,657.47,2026-05-20 19:16:22.772069+00:00
ecfbc9b1-3c0d-4960-8505-b0ba143955fb,9fbd2b07-45a0-49ef-a54d-21b7ee16141e,508.6,2026-05-31 17:20:07.562783+00:00
0aec5151-d80c-4d5a-835b-668c6cdfeed4,47917563-5028-432e-a874-35883d516eef,841.73,2026-05-31 22:22:12.224028+00:00
dd3c319a-7124-4298-aa8c-2212de73ab5c,8f32dce8-8c14-4b68-a7d0-1a5231df507c,6364.99,2026-05-12 14:44:07.377464+00:00
c2f7f122-b739-4d42-a20d-8af249df7302,60f135a3-a51b-4b6d-b8df-794710bef936,1441.13,2026-05-19 00:03:20.749694+00:00
e2c2ba00-1ac2-44a3-96ca-c07d05b8b792,86c784cd-a869-4fdf-95e3-982a384e7c13,4729.63,2026-05-22 18:20:54.900977+00:00
d03ba015-2949-4cc7-b348-d7a263798c38,53bf197d-1a44-49ee-8853-cbddda8fd229,1740.56,2026-05-25 22:15:29.594514+00:00
9136e35f-654c-40b5-8912-99edb825ee40,91c8a60a-3b62-41b3-9ed3-fd0ed6f262f4,1620.95,2026-04-09 01:41:54.911765+00:00
1dc3c687-ff19-4b78-8518-89f4199e2aeb,d6364313-64b7-4463-92b2-fa5e8cfa0c69,806.59,2026-04-14 09:51:00.756458+00:00
72324f7b-9ec2-495e-9bc0-82ff48c65e23,941cff59-39e5-4136-bac0-e9e750e03790,2939.11,2026-05-11 09:48:29.380423+00:00
c50cac3c-6ca1-4308-af23-0dc45772b067,a510b4a0-c115-4547-8487-672b5d7015ba,2015.18,2026-05-30 12:17:57.050256+00:00
ae2cbe69-8484-4fb6-9606-325466c947bb,909a035a-178d-4d4a-b816-2266bb1bd902,530.51,2026-05-25 19:29:01.153698+00:00
9fc61484-2ab1-42c3-a471-607cd2c61b44,b6c00a49-ecb3-417c-9bf2-3bc09356d552,1107.6,2026-05-27 11:05:00.804911+00:00
088ce3e6-fd5c-48ce-8f92-78a33fcc67bd,bfce5669-2ad3-4622-9cfe-43071f5e18ea,1192.93,2026-05-27 20:07:31.876620+00:00
3d6ff6c3-0b11-4d20-80d9-d39a794f3148,2c33cac8-3b6d-4054-b0f9-7c97a61cd4ce,10.0,2026-05-28 17:30:24.898804+00:00
6f09a544-67aa-4f85-8197-8e7a229f0c73,bc83c686-293e-4c7b-8839-636f9b450939,2801.13,2026-05-29 19:38:48.636699+00:00
d7f1158e-0dc7-4ce1-8493-78732ce26bf5,2bf1430b-f02b-418b-a451-7a2b11f2be08,4638.47,2026-03-18 19:32:18.533248+00:00
1eb952f1-c299-44b2-b017-9755fa3bbbc0,3eccda2c-4e34-43f9-abc1-038315ab8615,9192.25,2026-04-04 15:30:58.543186+00:00
c0bfde07-e459-4b92-b59f-a34f0e6b9cba,4151ea81-04b5-4b6f-a11b-97b6795cb0ec,2650.85,2026-04-17 23:35:00.892159+00:00
32f42b84-a1eb-4a8c-9dd0-80066f8c269c,0bb8d2df-6b7b-4262-b6b5-5556630bfd60,10.0,2026-04-24 11:09:57.160491+00:00
eeedc223-9465-4a69-8910-a57fa1f1c06a,a5ecd991-1ed2-45f8-b551-210686e67536,4531.34,2026-05-20 19:34:00.227399+00:00
30fd4c81-4c55-481b-8355-a51494c92065,b346e065-655f-400c-98e7-58731eed15fc,1766.21,2026-05-26 07:02:33.737159+00:00
e31b4e60-7829-4c41-aafe-2c9f4db41c3b,ce2bb60b-a70b-4786-ae42-21c7831104b6,3637.24,2026-05-28 13:31:37.173764+00:00
e1716483-f8a6-417d-a19a-256e8f12622c,0d673cc4-6ff0-4c45-ae3f-75c1867dead6,654.98,2026-05-23 14:15:01.781936+00:00
0d94a9ef-cb3f-40e5-b389-e8d0eb000d2e,7cd9c7d1-b6d8-47f0-b29f-ce59f3633b25,1629.54,2026-05-24 13:54:28.487217+00:00
bbb20f61-740f-4365-b01b-22572e650b18,133948f9-81e0-429a-a38b-4939aca56e23,6366.82,2026-05-24 18:24:15.195956+00:00
64b7bceb-025c-460b-8907-733b570962c3,f8bedc79-fbd2-4c01-8cd8-f2ac3a9ba5bd,3397.2,2026-05-25 11:15:14.227313+00:00
07e85e8e-d85e-42f6-9373-8391160e2859,5f1af89f-7343-4cba-85e5-a4a969ba66ab,1317.5,2026-05-29 03:11:47.888940+00:00
75e668bd-4d2b-456a-a31b-b85855c3d73e,a4d8d72f-c637-4b8b-aa43-792f1334e6d8,2192.25,2026-05-15 21:43:27.400030+00:00
77d6841a-34e1-424d-a5ed-2ff6dd5a8fde,6f48a1c8-4fc1-42b6-ae2c-dd9b7d29587d,3094.93,2026-05-18 21:39:52.608944+00:00
24ac105f-9651-484f-b666-d721ec4543af,11f91a1f-81af-4089-b417-b5f12f8eec44,5125.29,2026-05-25 17:52:24.137162+00:00
c2ee6635-2ca0-4aab-a9c2-6c356e423ec7,e3292ef2-6866-4194-b6ff-fdbb8b440b78,1911.71,2026-05-26 07:21:04.549036+00:00
e11e4f35-cfb3-4738-b253-c5621adce880,b453c7e4-da30-489d-87a2-56d1523e40e0,3653.96,2026-05-27 02:53:16.779897+00:00
cfe0a740-02d4-4527-a943-6b2c54bd3f2c,f045674e-8f50-4847-89b0-e79c8235c456,2102.04,2026-03-24 01:28:59.119426+00:00
8ce6f78f-0455-40af-bcd0-15d7f066cb92,bafec90f-4321-4e4e-8d1d-a558cbe77c0c,2812.95,2026-03-11 03:29:38.051685+00:00
e2d8935d-6f0e-4278-b299-d0dbd782358f,4774d0ca-e418-4898-8983-ce00a79907be,1696.51,2026-04-01 05:55:43.794734+00:00
2a89b520-2c42-4e94-9094-ab8dfaa82099,6bc26a9f-38c6-4631-a2ab-d7b57a452d1d,3281.31,2026-04-11 21:29:33.980291+00:00
ae92ddab-e331-4219-a26b-60299df5e744,1f1e8739-414a-4ff5-b1d2-3b478ff1cdad,2092.68,2026-04-22 21:48:23.119390+00:00
2d9445ba-2a1c-4159-abb2-9b5d0b79f678,6e73b111-9829-48c2-bb78-d7d7ab618ff0,2280.65,2026-05-15 00:12:03.985816+00:00
ba4095bb-40f7-42ad-ae80-d12316a5656d,54611ca9-3284-4229-a780-04086e7d0814,1294.06,2026-04-09 06:52:36.527041+00:00
c661f157-0e9b-4cab-af0d-7c4bff280520,e42fa11c-7c88-4bb7-b58f-2938efc0ea71,204.81,2026-04-09 07:19:09.225953+00:00
e768dc4f-0fdb-462c-a7f9-f555300bfdfd,f4e51f81-afad-41de-a66e-78667779bcc8,878.37,2026-05-29 12:33:54.934336+00:00
3cf678ba-1726-488c-a718-4bfe424f2480,2fde1744-f5c1-43a6-8168-d630ecd57428,666.7,2026-04-21 20:36:35.342332+00:00
82b30f5f-5859-4606-b9ce-ece192a3c879,9fb83564-fe6b-4282-9bb2-a8deecca5860,410.75,2026-04-21 22:13:52.601963+00:00
fd28e043-a869-4a9e-941f-fa64c4c5b545,8187880a-be16-4ddd-a4b4-9c5ba73afd4f,521.37,2026-05-05 18:01:36.608890+00:00
2261b056-d3f5-4448-9593-6081a5d6b7fe,17a85be8-96e8-4ab1-b093-c28f61ec39a8,260.64,2026-05-11 08:06:33.329592+00:00
c87d139d-b20f-47a7-811f-37ea26340248,7f496c62-c844-43ee-8e62-87e8045e0961,2415.15,2026-05-25 04:55:46.608051+00:00
9364fdd4-ef55-4629-a78e-9b25a95ab4f0,59805977-bf46-4a84-ba51-b008beb3987e,2257.62,2026-05-27 20:02:47.022156+00:00
4a6928dc-5036-43d7-ad12-ad8fb912d7d9,c918a68b-e051-42c6-b63b-d42655091486,1644.99,2026-03-21 17:35:13.167821+00:00
dfc49a92-5fd3-4ab5-8500-7259e4d39f32,96adae83-37f3-48e3-80c0-11261e455808,1095.33,2026-05-21 12:39:37.788808+00:00
fb79229f-7524-449f-ba0b-9c442f4ecc31,468e1ef5-4764-4504-b0df-affd19514538,8475.43,2026-05-21 14:09:03.380797+00:00
06a6998a-b924-440d-9d00-5c0b2eace840,06d3b608-2dab-4ec7-aaeb-090ac58f2cb8,2463.64,2026-05-30 06:23:55.575553+00:00
8cfb3e84-65fd-4064-a493-3c7e72dec979,b0cf67b0-fd8c-4fb7-9c35-155b4f8c9956,4658.69,2026-05-30 20:19:06.392921+00:00
2617fdfc-9aba-48eb-a60f-faa7ace0c776,e27d9919-bcd9-4896-891c-a3dacd4ef486,5566.34,2026-05-28 13:30:21.737553+00:00
11a48940-8a29-4791-9cac-637512279758,b391c590-e83f-493f-b07f-11a7e9653fcf,3794.99,2026-05-30 22:09:01.855633+00:00
e82fbb6f-2310-4418-9316-e898743766f2,65e3c43d-7b3f-4708-b0bc-18a871cf4d65,449.4,2026-05-17 05:11:39.188727+00:00
3100db7b-5f2e-4627-b9f0-1371a3d86953,4164499c-46c9-4579-aba3-ef2b13c06b73,630.36,2026-05-14 15:38:00.902669+00:00
d1155382-ff2a-46cc-8a70-1fc6d5a36abd,857b4e56-b1a8-419b-acc2-d8f859a26140,316.7,2026-05-19 06:56:48.477344+00:00
a1977ada-50c1-4774-9a9f-f9957513f38e,3a3f6edc-8a74-4725-886b-125e29a64034,1645.73,2026-05-07 06:31:13.769551+00:00
40090eb1-2c46-4299-ada4-a0f8068312ea,9f63e83d-fbdc-4499-be11-3605170a0ea4,1645.14,2026-05-16 02:41:24.313727+00:00
9bfec96c-b4f5-48e5-8b5b-15b0e60b7388,76d96de2-f055-4354-a3ae-adc8a5b50e92,3467.68,2026-05-17 17:15:56.248212+00:00
44cfb00e-4c03-46cb-bc58-27135be4e5ad,6b558b9b-cb12-4e6a-ab60-8e49bfb1fba0,1365.23,2026-05-20 16:02:22.940561+00:00
799c8fad-ee37-4bf6-995c-21224ec34430,1b0d3202-7bd2-4503-8621-1199252d33b4,2180.61,2026-05-12 23:07:08.572912+00:00
18746bef-bdd0-4f7a-8d5c-0c590f30d7fa,f3d3e34a-6831-40ba-931e-0ff583f255c4,4566.08,2026-05-24 08:05:09.210856+00:00
1d147e0a-a9e3-4710-82ff-1fdcb04a4b30,df4ff044-a9f7-4bd9-a4b3-110a3dd68747,1272.55,2026-05-27 10:02:48.513568+00:00
4d599840-8631-420b-b690-a9a6beffc291,f021f419-fb0c-48f2-a717-cb9967efbea3,1585.64,2026-05-29 23:49:42.647163+00:00
0ddaa736-862f-4c7b-b6b6-55765f1ecb30,1f633b6b-bc57-4719-b103-bb4b6e96c90b,4812.92,2026-05-22 20:36:19.191667+00:00
b330c727-39db-4b81-a52a-02051e927205,2cd0292e-d158-4889-be8f-c7860232d23d,500.27,2026-05-23 14:40:35.886031+00:00
79694041-33f2-45b3-a091-a400a081566e,885106b1-493e-48d3-b752-7ea421491780,144.5,2026-05-23 20:06:46.630294+00:00
6404592f-478c-4f09-b0fc-3c3f1cabad63,5fc224ed-4905-439a-b84d-930017707644,10.0,2026-05-23 20:01:41.479619+00:00
2867ebdb-dfbc-4fff-9090-65ebbe62837d,7cc75155-9111-4a9b-951c-b836989b1aba,3589.8,2026-05-26 03:45:02.269435+00:00
7999f6a2-2711-4b8e-9d6e-74d81113a9d3,63dd8fc4-efb1-4bba-b5a9-d7c142fdbfad,5452.28,2026-05-28 14:46:38.110249+00:00
6f2dc7bd-a941-4307-99cd-0d00a659b456,f528c8bc-1c49-448c-9bcc-d2b14fc62f2a,2203.93,2026-05-29 20:08:42.376395+00:00
71dcad41-5379-426e-84e7-931ff45b525b,269e9d93-3439-4419-b38e-4d38322fc0c5,6081.4,2026-04-03 21:07:45.882783+00:00
f1605412-4d13-4b9b-a5a5-92eba649e08c,8b3c73bf-eefe-4aea-b6e3-f1458ac4eb52,135.61,2026-05-13 12:49:42.158201+00:00
8546f037-e538-413a-81be-f7d944f63f18,d52a010a-dd94-4fb7-ab6c-21c239532550,557.71,2026-05-18 06:53:25.627097+00:00
e1ac32ab-bcfa-48b6-ae77-2dd619a38fc2,688898b2-1fe5-4a3b-bf9b-dc55a0165f38,549.95,2026-05-20 09:38:16.856830+00:00
6cdd935a-6419-4af6-b74e-9da6ea823ed3,83544e28-90f0-43a1-8ced-2a2409669017,905.96,2026-05-27 08:11:09.680266+00:00
f7206cfe-88dd-4ad5-980a-e3ae745cab52,03b03540-1c73-4808-a4f0-281e7757d72b,1280.13,2026-05-30 04:22:53.537062+00:00
943ddd45-9e2a-4114-9480-e48a0a505ee3,8b12d8fa-7eec-42d8-a350-270cfc9d77cd,1894.6,2026-05-27 08:11:05.213967+00:00
9795db59-ee51-4e38-a648-020f8f4a397c,3166ba3d-055d-491a-8583-8de40c535a96,2322.06,2026-04-16 21:47:51.402488+00:00
fa2330a8-9592-4d96-ab5c-b8d34638bd41,a780ebb8-f6b7-485f-aba5-c1d1525043af,170.3,2026-04-20 18:48:39.701911+00:00
c202c35c-4129-454b-be66-3c2b83cc01ec,0d02b3c8-8da1-4daa-ae74-853c904f4347,551.85,2026-04-26 14:06:33.811479+00:00
5fb89cba-1afc-443e-81d9-26c54816e0d0,38e15691-b81a-426b-bbcf-c0359d7a2e41,749.61,2026-04-27 03:50:12.448411+00:00
19eaa891-63eb-4d98-9e53-46c2bf9349cb,f4824e6b-dcdf-4a87-8868-5b79ac282437,645.96,2026-05-07 10:47:10.990013+00:00
0a50759d-4b57-48d6-9106-eabf5f5404fc,291bda0e-de89-456e-a78e-fc222653bb3e,354.36,2026-05-30 12:50:57.653038+00:00
9755e7f6-5dbf-4a16-8ec5-72b75f401b01,f73b2b5d-bec9-4906-9157-6b2872c6db7b,3765.64,2026-04-05 04:57:57.383864+00:00
097c88e9-c680-49b5-9aa1-4eb878ed66de,d56d1c8a-4938-40eb-bc83-21999f91d34f,2996.99,2026-04-19 17:27:39.616526+00:00
1675a1d5-3f3f-4c48-a8e6-fecf46f207b5,143f9ca0-aaba-426d-97f5-fbfe21b043e3,2425.7,2026-04-23 20:19:43.069164+00:00
47a9ec26-a270-40e6-821e-07ce010a196f,e77ff0cf-e834-4fc5-92cc-7e54711801ca,4608.03,2026-05-12 22:51:56.373105+00:00
92d798df-a10b-4d13-9ccf-fee0e843e3f6,46c2d1f9-85f3-4e1c-a7df-0c3331029e1f,3560.69,2026-05-30 19:30:59.180426+00:00
2c7d9b60-81c8-43df-a6b4-d55b0f853640,3f2635b4-1c3b-4a9f-9213-95a1d4e3994a,2404.87,2026-04-25 17:23:18.869694+00:00
42bfdf15-33ed-4643-8adb-d55dacf2a5f2,cf22c3ae-2527-46cd-855b-67989af08bb4,972.45,2026-05-17 12:08:59.980183+00:00
0d3dce85-96a1-4983-9388-b1b402d4e507,c07e5ac0-52ae-4632-8e4d-b438b738fa4e,612.4,2026-05-17 13:35:46.643012+00:00
d2c236f3-6d21-446f-8582-450acb09514a,f284b8a7-ddc5-4c3c-86a9-deca8ae1d15c,1085.86,2026-05-17 15:29:24.262052+00:00
bb38af0b-e9b8-4f53-a8e7-839ec1ae98be,012d15bd-9a9e-42d0-a4a3-7765d7edac18,694.26,2026-05-17 20:46:04.363326+00:00
fee6aa2b-d0a2-4805-8402-03cc80f44b3b,6b559671-d744-44d3-baa8-194df10c4dda,1251.91,2026-05-18 18:38:08.232093+00:00
346785fe-c9f1-4818-be9b-cd37bfcc5a4b,a6718a8b-b457-415c-80d7-c2d7f53dbfa3,2994.16,2026-05-29 06:02:32.523328+00:00
a306cc18-f91f-410d-add9-b013311400e3,a372a023-2c10-4fff-bebe-8edbb699d407,1845.67,2026-05-24 14:43:49.158576+00:00
25055c54-2819-4e21-a34b-2da1a3bc25f3,eb6454d0-25e8-4edb-93e1-6ce079e55b93,2548.12,2026-05-24 18:54:42.883177+00:00
6c85c0ad-ee23-473e-a3e8-ea5357ec616b,e57e93a1-0439-4e15-bd3a-d07e5628d6a8,2949.77,2026-05-29 19:01:19.796032+00:00
2b685415-b5ea-4728-98fb-fd745a54b514,3f442b91-f15b-46af-8dc8-3e9b9d38ce25,4421.15,2026-05-31 18:07:06.534468+00:00
1d4c33bd-f227-4cca-bec4-71aa80243ba4,7a79d7cc-c642-4190-99c1-2ca9b5ae20d9,1625.84,2026-04-10 09:31:08.163220+00:00
133e9513-c5a2-498f-9fcf-045dab04f787,3a24c3fc-d300-499b-97f2-ef5245be4c0d,612.54,2026-05-23 10:39:59.846185+00:00
b07898cc-53c8-4bbf-9e2a-7b410b77f8c7,8a28461e-c51c-4ff2-b34d-39fbff2fa9fc,764.47,2026-04-29 04:56:53.733887+00:00
018f9ac3-680b-41f5-bda0-eef68eb91b0b,da34112b-2f00-4a3b-a4c5-b2e9744830d1,3948.18,2026-05-08 10:17:43.809444+00:00
fd1a32c1-bfdb-4c4f-bab9-72a61c229136,24bda565-cae7-4acf-a06b-a939bb4aa515,2207.29,2026-05-12 02:56:30.302620+00:00
7d470af3-6c67-4ee4-ab03-196162a8079a,8b54e567-a2a8-41e5-a86d-d41147339ad7,4909.82,2026-05-12 11:27:17.253497+00:00
203f3a41-6923-4d86-9076-4fc11fa17c77,d5ac872a-ccf3-406a-8e8b-95f17b29dc31,2798.95,2026-05-13 15:26:26.051394+00:00
2f2ffaa4-73c1-4160-86b0-973030c4df2e,1a4c0f02-f846-403f-932e-8827fe835f8a,6347.23,2026-05-21 08:33:41.528135+00:00
f04fc9b4-8040-43c1-bd72-b1581af2c9aa,23c0410b-03db-4a5e-90b2-e18a530e8159,2298.4,2026-04-05 18:58:11.518338+00:00
156f68e1-9949-4cba-8fcc-f0dfafef0361,af49d70d-9cdf-440f-b4ae-0ef80a73000f,1394.74,2026-04-30 09:25:12.107858+00:00
dccd4ca6-23c2-4ebf-84d9-8aaf41245f1b,b4843413-0cef-4869-bafa-fc093d8d3750,4473.44,2026-05-19 18:56:29.347239+00:00
99436370-f64d-4a23-8611-51f6cadfe11d,94b2098b-24d6-488a-85ef-d4e99da2209e,2321.71,2026-05-29 16:04:27.230510+00:00
3b8193a1-6932-4a3c-b995-75a73be9fa2b,615fdb54-47e2-49db-ad66-da55b0bd4331,4924.02,2026-05-13 19:28:34.323134+00:00
434bd878-f5e8-4db8-83dd-e4ca4b55dce1,45959117-ac4d-463b-85a0-450b6dd0396d,1397.73,2026-05-20 18:22:02.086027+00:00
4ab9aeb0-181b-4eb5-8363-b62d83eedaad,0f817432-c279-4b54-962a-fc7f4ba1dac9,2968.08,2026-05-28 08:55:08.851165+00:00
c46a650c-c04d-4bc9-acfc-3b1a50f58a8e,099676c7-f3d6-4737-8149-f723d2220415,10.0,2026-04-16 06:15:57.434454+00:00
6a46154b-5733-439b-8bfd-1e60de8f4104,73433463-4086-4bb9-a41c-307c0f323883,415.9,2026-04-20 17:51:28.845366+00:00
d07d72c4-a3ee-4ab0-aaa6-93120b86cc07,bfaf46db-f01f-4fb3-9061-233b6137fbed,10.0,2026-04-26 13:59:31.628512+00:00
01f0b6af-04f8-4e93-a30d-1bee9987aec6,c9271722-fd11-436f-be9a-6bc866b7461d,666.19,2026-05-22 16:41:04.451105+00:00
1c676d03-fcd5-4ed0-8d2f-c0c2e16f8926,ec0c6115-00c4-4f13-bab0-c7da449bbf58,1578.22,2026-05-14 17:24:51.388962+00:00
2be412d9-c746-463e-be8e-9a4a4d08a35d,e2c29e59-6824-4989-9a39-d60c7ab49c60,1207.1,2026-05-27 11:49:55.381996+00:00
377ecda6-be5b-45d4-8d0a-214fd3d84715,6f9a4362-5dd1-4abf-949b-de7393e253bf,3223.65,2026-04-21 06:28:47.349463+00:00
d25c1442-0369-407d-b139-6a6d89d933a8,44b374cf-ee80-407d-9770-0a75dc8f32a2,4178.2,2026-05-22 10:05:50.474538+00:00
3ee37a46-8f5d-49fa-86cb-6d9e8d3f63eb,8c15040d-501b-4093-9dbd-1b4ccb1710e2,717.66,2026-05-10 10:51:33.743448+00:00
3a630c8b-75f8-427a-9042-44f366d9c073,80b57978-fbdc-4c28-8417-e81f06d129d7,1430.38,2026-05-11 00:07:07.987314+00:00
522a4a86-4ff8-4882-bad2-0c34deb5cb6c,fbe81c9d-52ac-4921-b9e4-00f390f27f65,954.09,2026-05-11 19:21:14.011860+00:00
52fb373c-72ef-4d30-a3d8-d7c329c41aa1,3926e156-0f1c-40a0-81ba-a9c701be87b5,156.5,2026-05-11 23:50:36.375042+00:00
9ca96888-638c-4434-8354-fa43f5025610,d3760ad7-97f6-4a71-90d4-805f1c3af872,224.83,2026-05-23 07:40:14.484844+00:00
170c84c3-6804-4e99-810d-8d234782b200,e5ac77ce-1d0e-4169-af1f-0eb54806ef75,262.42,2026-04-26 09:43:05.638745+00:00
85f055d1-0c64-4044-a73b-c289ec7de210,b1957cc8-3466-45cb-ac0a-c285a6e861c9,10.0,2026-05-26 18:10:50.443381+00:00
07810cf9-74fa-4de6-a55b-4326b4f6fd19,c34a5793-8ebc-41cb-b9e8-9a84be099882,2909.58,2026-03-16 13:44:34.083424+00:00
eeef0ba5-1def-4749-8f97-d242c1911e32,c6d706c8-0e41-4fe9-9f85-33ec4ac30888,5625.65,2026-03-27 11:01:44.300667+00:00
43d33dd1-435a-4c30-bf97-d1862e0cde62,3b56796d-8a71-45d8-90ca-2cc8d7db29eb,2937.56,2026-03-30 04:20:56.752581+00:00
8ac5b92a-70f1-498a-a13e-b14a8c578287,91c008c9-a580-42ef-83ef-4b6c9f3eb0a1,4522.53,2026-05-09 22:59:36.195950+00:00
e9f505c1-f718-4073-947c-0a63ebb893d3,d99a6d78-0a50-4a28-a271-977e25163502,4535.34,2026-04-06 14:53:33.160743+00:00
ac631c82-b5bf-4818-8c72-84031d7cfa7a,115cf79b-ab37-457d-b8ee-862325be7956,1086.81,2026-04-21 05:19:41.183512+00:00
5f79e020-aa16-4fc8-a95c-3539b3cfec6c,05fe63bd-1343-4104-a8ad-cd7309765866,2334.18,2026-05-23 02:54:57.649112+00:00
26b13c9c-85f2-44b9-92b1-88779841605b,f6a116e4-acde-4777-9098-c94a2bb40ae5,1727.21,2026-05-25 16:20:47.745754+00:00
e22508a2-e9da-422b-95dc-ec3394bff1b2,33569175-3d44-4841-a79b-6c6a07574715,4650.0,2026-05-26 18:07:05.047294+00:00
c2248787-0488-48f3-9658-d6da174d747c,0b66a026-ae04-449a-94fe-9bad0d8ee770,1575.77,2026-04-05 17:31:39.392395+00:00
be8547b3-6aa2-45ba-ad41-1953b0ec6aba,dd0d8b02-0b9d-46ae-a9dd-f00e63ab73dc,1097.22,2026-04-06 10:08:26.346488+00:00
3fa7718e-6d8c-4a2a-b4dd-f4098aefbb0b,c5c0c2bb-cf7e-4619-b486-f8cbc162bfe3,1101.1,2026-04-23 08:36:44.904398+00:00
d832d31b-fa20-454c-a125-efee7f4e4d89,76fa17f7-5baa-4a8b-9793-4b1f8a4d8954,576.24,2026-05-12 23:17:52.167296+00:00
e5699e37-c672-4ad8-a17b-77d079657f80,d9de903e-1ab1-4df1-87c7-eeb5c1e4cd34,1140.29,2026-05-30 22:12:02.006677+00:00
b096afd0-b5d9-404b-af62-c6a2f162e789,63a30aea-82c5-4b26-9bd7-750e5ae3f661,1275.91,2026-04-06 16:27:37.371977+00:00
61a4cb5f-bfda-4785-866a-f9f018ffe553,695d67e5-8425-4f01-94dd-7f4505e9073b,2773.13,2026-03-27 22:13:44.614505+00:00
997740c7-5ef5-4336-8ef8-c7b490bd0997,4f8864ec-3e87-4d3c-ba3c-879a9a6f9e01,1141.04,2026-04-14 13:55:55.756746+00:00
dca41a49-6cc0-448c-977f-81841b477b4b,95a4f1c3-a182-4d18-8fa8-fdb89f90edb9,10.0,2026-04-21 06:33:08.961163+00:00
91340eb9-e241-4e3d-8c22-d36ea817f3fa,6ca1a8db-99a8-445a-90fe-bb63407f60fb,1544.63,2026-05-06 23:34:19.416409+00:00
19e7e288-1157-4023-b178-92bb9b41166a,6c76cce9-1bf4-43ac-a791-4e2173ba25d8,10.0,2026-05-09 12:08:11.906504+00:00
9e0a1f8f-b0c8-47e0-ae85-7bc06a0b74ae,e49ea085-c1e6-4df6-82ae-b65002e1efc5,3632.24,2026-05-17 10:10:36.064063+00:00
6e49c824-0889-47bb-8291-672f1246949f,ec0a3797-e454-4d12-9e09-b44c1232c77a,1199.26,2026-05-31 08:37:35.345977+00:00
78062600-c538-40e0-a645-175c106a9d27,b2c6891f-63b1-4bf9-a04e-15a69926eb1c,2415.4,2026-05-03 20:30:46.912006+00:00
d58d08a5-18ad-44f8-b221-78d398df42d6,92dec829-4347-4bc7-bd16-7cdd50d1c730,1464.86,2026-05-13 15:40:20.097793+00:00
2dedc632-c3b8-4c66-bee7-3801038c8974,5858f384-5b83-4861-a6c8-3d3c3a925062,2748.06,2026-05-19 03:57:54.920130+00:00
aab57284-cfe9-45bb-abb5-eb8c2f552090,099b15a4-e819-46e3-8cdb-f03d62a5b1e5,3590.49,2026-05-22 01:35:39.210315+00:00
0ef4c970-060c-47ed-9099-b981b85f635e,cc7b783d-ada0-4072-8df3-b490bd87ad67,602.18,2026-05-29 18:20:52.583806+00:00
3b8e1ef3-46ed-4d68-9157-698be0819f70,16ccd87e-90cd-4dbf-9072-583027c48463,1040.8,2026-05-14 01:49:23.958996+00:00
2a3b40b0-8f07-4004-ba96-9e26e437d155,78dfd3c7-0f5e-47e7-a807-89dfe75591c9,10.0,2026-05-15 03:55:48.801556+00:00
e5f75e74-ddd3-4b2e-b2cc-4376aee6ccfd,243e8811-0d89-489b-ae92-41822cdbd097,660.32,2026-05-15 22:56:57.966985+00:00
ca1caa35-ab37-4eee-bc47-54300e3ce857,111e50c4-dd04-4535-93a4-53f9d110b24f,1129.07,2026-05-21 23:12:23.154641+00:00
b108db2f-752b-4bc2-b8e6-7a14a41c9177,d93f7980-37cb-403f-a852-dedb52489c16,1137.1,2026-05-30 05:30:03.205318+00:00
09e2dc25-23d4-4fd1-b356-290f6be69c77,3bea6c2d-c684-48e6-80f9-1ff76a207cda,1038.68,2026-05-02 08:02:01.560257+00:00
381462d2-819e-4f54-acd6-7733e2c911a0,8acedd13-5405-4815-9c75-49e49407eabe,1159.45,2026-05-09 02:40:03.436251+00:00
18ff7f5d-baef-4ec6-ae4a-fc7fd4a3c827,7a33321a-86c5-48c5-85dd-3287aefe52dd,1084.98,2026-05-09 22:50:22.666550+00:00
e9e5c965-83c0-48ab-a990-02a12fa0fcf6,8d1658d3-072a-401b-b27e-d615699b1f63,1776.15,2026-05-12 17:22:59.474584+00:00
8b7bd3c7-64cc-4e12-b9b3-4ac0d9d1e882,2ad2736f-a118-4d6c-9f37-09eabc45d48d,448.11,2026-05-19 12:19:21.564404+00:00
29dcf57c-4757-4e88-9888-3b254d8d6e45,2d574984-4ebc-4a75-8f27-35d222d0abde,767.93,2026-05-27 08:26:18.052825+00:00
f4648e6c-48c4-4cf9-a8b1-ab552f47410f,61ddccc3-1079-408b-9db0-0ab1bbe40bca,10.0,2026-05-12 12:17:04.711488+00:00
924c6a91-a392-4b6a-bf2f-24f585eb46e0,dc348a42-21b9-43dd-8b1e-6fed4079ac25,2797.17,2026-05-17 03:13:15.142486+00:00
908c244f-2c56-47fb-86e2-7ab7eb7df17e,e381feb7-f2cb-48a2-89f5-de6060928bba,2545.81,2026-05-20 19:20:20.416731+00:00
aca9d8fe-702b-4f94-9016-9f90491b90e3,0e13b867-2dbc-418e-bfa8-b2a186018a7e,3113.39,2026-05-24 16:09:07.795702+00:00
7b705618-5a1d-497d-8a60-234aecfcb03e,0a1d48f3-2e5f-4f77-801d-8185d741f190,3750.05,2026-05-29 21:41:32.089815+00:00
f43cd35c-fe51-4499-b323-0af2ec2bc412,9626f234-021e-4a4b-872b-a26e3a5af8dc,3058.58,2026-05-28 21:29:47.755516+00:00
cc5a08d6-219b-4216-9bca-0d354db1d8bf,4a9cc26d-72cb-430a-b3d5-88adcfc6f25a,1563.53,2026-05-31 11:20:29.145821+00:00
0a3e06a7-ebdb-49df-ba32-d77a9ac933bd,57e0feaf-0abf-48f4-83b6-e93caa8e9805,286.35,2026-04-16 05:58:40.106809+00:00
eec4943f-a607-4b78-a71c-ffdf85cfb2e8,609beb8e-c131-4220-a6f9-00768364673d,359.51,2026-04-26 03:28:27.471811+00:00
14868626-22bc-4356-95fb-76b1a5f343f3,c007b265-dcab-4518-b730-a1fa6656a8af,511.07,2026-04-27 15:03:52.641603+00:00
78bce527-511c-4c8a-8d37-86f1e9275264,f3ef5b89-9c3e-4872-94d9-ecadac835ab2,606.14,2026-05-13 05:44:18.495245+00:00
bc33df46-d949-4bce-989a-ebdbb7345296,7c622941-2bfd-4677-88ef-924d74680e01,456.99,2026-05-19 20:50:11.034446+00:00
a592c5d7-592f-491a-945c-29a4f6053ef9,f2610fbf-b6ae-41f6-a787-4531d89fcdc3,1810.21,2026-04-28 18:16:53.097385+00:00
450b6ad7-5be9-4f3f-9684-1118c15fb8b6,788940af-7eb1-4f5d-a021-aef0f15691d6,2135.8,2026-05-10 03:15:44.630686+00:00
5e9f7ba4-100a-4b9e-84d1-62519d17197d,0ad5e71a-7621-4bd3-968e-2e602fd3f87f,2043.8,2026-05-13 05:43:59.607748+00:00
679b04a7-0912-43f3-8913-12a0363dd1a6,22f95a51-b45d-463a-bc7a-6a32f27024e1,3959.43,2026-05-20 11:45:14.533170+00:00
57fbb1c6-245d-46ed-ae4a-9ff860389269,aa31b102-da3b-45c4-ab1d-d2b05e69d3e3,2938.29,2026-05-28 09:08:56.720427+00:00
ed0c9de4-0530-40b5-96a5-fd65f6bf9f5d,42433541-e5aa-4a3c-97fe-009c236bd1b9,51.67,2026-05-10 20:51:03.912191+00:00
e714aa8f-3798-4538-8097-45fe7119831f,8a4ef565-aebd-488b-bdde-8c146c300fcf,3255.02,2026-05-13 05:40:26.423304+00:00
c90ff1dc-c4f5-4ff3-9b60-ceb574c30cde,a7af72d3-ddbd-4467-a7e0-84af6c50c237,4818.28,2026-05-22 19:51:15.792986+00:00
a5ee74fe-d439-4b72-8830-8f8637515fc9,b7e277de-8592-4029-bffb-913a24195e6a,5566.43,2026-05-23 21:40:21.416652+00:00
ff5ff89e-bd9d-412c-a352-8e1d75c83c0f,68725cb5-cb4b-42c4-8c78-85de308fc380,426.49,2026-05-26 09:38:51.022936+00:00
4b3b9eb0-6c8a-4bd5-93ba-8efeafe0da07,f9a0e342-673b-4d46-aa68-a64e7bd7acc5,3858.53,2026-05-28 11:41:13.593702+00:00
ed53c8b5-89f8-4e4e-adc0-3540e96ac353,015ffa17-58de-4f51-9532-32c5ec3c1544,5130.92,2026-05-29 08:51:32.383231+00:00
b70f122f-9dfa-4b69-b9db-25cbb30710b7,b8898241-68d4-4ac9-998b-83db0ff0d2b9,2037.43,2026-05-29 16:48:09.048976+00:00
2aaa6996-1991-45b6-81cb-4861ca7456c8,67cf3858-570a-4f60-a7a3-fdb1b9d40c0e,10.0,2026-04-16 00:23:00.502860+00:00
d803cc5f-bbeb-4aa7-a0fb-8a4888a9d896,7365a29c-a921-4fcf-9e9a-d5b728927a01,10.0,2026-04-20 21:13:40.220964+00:00
3f1bc7b8-b60f-4819-b506-c21719b67639,b84d28cf-fd2c-4a71-893a-d2958451e523,1249.01,2026-05-24 09:54:16.135076+00:00
932be319-cab0-43d7-a7d8-0f9481da0df3,56a3f864-dd5b-499b-98cf-e05df964740e,1650.29,2026-05-21 19:08:38.947222+00:00
39362635-6505-4923-b1ab-0f9657e64b30,ff83a5d4-db4d-41c6-b368-de794ae9def1,1292.82,2026-05-21 19:36:58.167424+00:00
089189f7-65a6-434f-a9fd-432af19b9e34,93d1a37c-1217-4edf-baf7-ddd2c2011be7,412.0,2026-05-22 04:25:55.230214+00:00
ea203fde-6c94-414c-9166-10810afbfb0c,73c7edb3-1108-4130-8255-e382dd956af5,10.0,2026-05-22 13:41:50.799664+00:00
e3a3a95d-9d57-41bf-b318-688f71b84b57,9ebdc6d7-82f0-491c-9fbb-7b34135de949,713.73,2026-04-12 10:41:49.195417+00:00
6e196734-2a52-4298-be8d-f76f72c42da9,8766040e-067e-4f40-8b8c-54b42e84253c,346.29,2026-04-12 13:08:32.370360+00:00
664619ad-ca4c-4434-8d43-23e8dbef0b20,19b3eb0c-45f3-47f9-bd14-331f75262a4b,643.69,2026-04-13 01:52:05.955545+00:00
18eac728-5703-46dc-8df1-97c7361b586a,8d3fbc8a-c981-4f6d-94e0-760baa24af64,647.73,2026-04-10 09:23:06.602088+00:00
a6e2db9f-43e7-4d0d-aa71-a98bd318c541,bfe1776c-9685-458f-b56f-30ebaab8c701,2506.11,2026-05-12 10:50:29.762374+00:00
b1690592-14cd-4787-93b1-73af4a62d77a,dda06624-9b57-4a81-ba60-fd75b69dfc6d,2095.84,2026-05-19 09:16:39.833403+00:00
bb53774d-df20-4175-82d6-167f554571fd,0d5a5e28-485a-44d1-99a7-a7bcba1680c0,3014.11,2026-05-24 18:36:44.594782+00:00
d351750a-d0a8-4862-99f7-e4499c5c4d48,3c4ca5c9-0819-4506-b43e-d934d574a1ce,2503.62,2026-05-31 06:55:16.127856+00:00
d61db03e-f361-4fb1-ac52-b680c4051c50,c990f727-1c35-4499-870d-705313129753,5535.31,2026-04-25 03:23:29.487138+00:00
ace8feac-d41a-4115-bd95-673aa597d717,44c23796-5765-4380-83c7-e7971d4587bb,3665.02,2026-04-25 14:49:46.603477+00:00
06f8f6ef-bc4b-46f7-b77f-82001385c1f9,a94d8113-c728-4623-95e6-2d1514fdab45,1174.92,2026-04-26 09:31:43.238204+00:00
c45b4ed3-49eb-4efd-a36b-5532a0e88e5a,24482d17-626a-4419-857a-d894bdbcf7c5,3563.31,2026-04-26 13:00:29.652904+00:00
61053496-9ee8-4618-aee5-7d510545b01c,41ba9b02-4706-47c3-815c-9887811c42aa,6065.47,2026-04-26 18:40:34.651072+00:00
9385162c-d904-46a2-83f4-7b09ec1171fe,75c02cd8-8a2f-4303-9b86-3e9ba28ba41d,1799.07,2026-05-21 02:23:28.943198+00:00
25202b3e-1235-4672-94a9-7bd1103b5e78,a878305b-ddab-4c7d-84d7-d898edc1bb8d,1509.06,2026-05-28 01:41:20.509607+00:00
1d5828f3-0da7-4eb7-857f-d42a7d754561,cd4a381e-c7a3-41e9-a265-b6d16363602a,287.25,2026-05-06 03:46:23.874034+00:00
3bfc1f2e-4f02-4e1d-af6e-f7fa4d367f71,19fd87ad-9c88-41d5-9444-1da3db16624c,10.0,2026-05-04 15:54:18.201363+00:00
52dfa0e0-e188-43ec-a271-d511273a4de1,7bc874ec-a4a0-4c89-8100-984dc7690710,5402.04,2026-05-09 02:06:50.647761+00:00
ec219cea-705e-44f1-9930-407c17fbf879,7258cce3-d0a2-49b8-b98c-161484965053,5811.2,2026-05-25 16:54:56.541278+00:00
57dc6690-ba8d-4d50-bcc5-662cfc3e8343,f976b506-7cdf-4d6d-a16c-a0680e69a2f1,10.0,2026-05-31 15:07:01.495945+00:00
ffa86be3-cf66-45b9-9b88-2c2c284c3d74,6a7a8265-4b44-4884-8367-1241daedfad2,1199.16,2026-05-22 06:46:36.635527+00:00
a49f27ba-0b94-41c3-b55e-45d991c25d64,a8af854d-da55-4254-b890-9de62b8caa1d,1704.47,2026-05-26 23:00:49.215403+00:00
f74e0b36-8fd1-4391-a9fe-c86f9bf65bb2,fdaee302-b607-4414-aa15-ea67967afe43,2236.79,2026-05-04 03:55:39.279919+00:00
6207f512-75a3-4a1b-8e24-b1461543d555,66fd3534-7c9b-476c-94e3-7cfc91a7c1db,1989.99,2026-05-07 06:12:32.733055+00:00
5f86f3b8-36fa-4369-8a0f-8fc370621e11,d3677485-32be-4810-be6b-83515904a938,10.0,2026-05-09 18:48:14.599533+00:00
745fae1a-e7a7-4f78-8817-6889131eae30,58d2777b-4c82-4baa-ab97-4fbc109c12df,1887.2,2026-05-16 09:25:50.212898+00:00
0249ee12-220f-4304-a460-6c2d4a3f295f,e6fd0632-438f-4e3c-9d41-163807a0e717,2400.83,2026-05-28 23:49:58.435192+00:00
aebdd0ac-cd92-486c-8119-8c4438bef4ea,dabd25f5-27cc-401a-a87f-8843207894ce,5734.75,2026-04-23 15:07:46.245028+00:00
839895c9-b439-4866-b7a8-d05696be494f,ebcf508c-0dee-48fa-9c4f-612aecbce78c,3119.54,2026-05-11 19:34:34.199291+00:00
08ecca79-a9fa-4904-b1d8-e6a6c500aafa,61069935-c20d-49fb-90b3-577ff40cf5d5,2413.98,2026-05-12 23:30:18.963542+00:00
7be9a0da-dcae-4fd6-a927-dbe3d7f66fab,879840be-3f3e-4b38-aea0-dc768ef0c6f5,1917.8,2026-05-14 11:56:05.680796+00:00
4858f426-5d80-4230-a66c-135ce3f73b54,a5dc5ce8-1da9-4aba-a44a-204829fa2d81,3871.54,2026-05-19 18:39:35.559832+00:00
9a9b570b-907b-4e63-8f91-a2b6a4547639,93785b6d-a27a-4152-b324-4ed8bb0a1ccb,487.65,2026-05-03 10:05:33.465926+00:00
9c906b92-3cc9-4170-a91b-23ce1fe3c969,46c3586b-da28-4941-b10e-c79f4315e76c,3698.19,2026-05-06 09:37:25.764699+00:00
e2e8fe62-f837-4417-83de-73be58ceb382,ec43b743-3adb-48ff-8cc8-7028bf9c11d1,1279.85,2026-05-24 12:24:35.519828+00:00
dec486e3-fd90-420a-af5c-458282422269,6a78bab1-4bf4-44c5-adcd-d34aa0a18b40,6387.63,2026-05-26 22:43:35.292983+00:00
1186a986-f4c0-4e0e-a35a-6019494c93cc,5e6f2df2-3390-4d62-b443-d25773a9e145,6089.95,2026-05-30 04:53:21.740737+00:00
459ed260-bf5c-4840-9a5b-522e045899a5,133137c0-b1ba-401b-9539-ac6343ee186b,2175.02,2026-05-18 06:29:01.955302+00:00
21a66123-67ff-44fa-91c9-71f4eee12ce7,452d46d6-09ac-4f8a-a26d-fd97b77e01be,1745.35,2026-05-20 11:06:02.743930+00:00
8d0919db-c2e2-49a2-aa40-f3d99def6b19,768416c1-7d8b-48f6-8126-f7b7d69c1cdd,1632.19,2026-05-28 16:43:02.734172+00:00
9a0fc0a4-92a1-4592-97bb-6db401c96844,37d2abc9-b139-4f42-a2b4-578e8f6061b4,463.28,2026-05-14 15:03:56.316950+00:00
e31cafc4-77fe-4abc-b0b2-7be7beb72ee6,5bc0031e-4211-445a-a0b8-7d7d93d23b99,1678.31,2026-05-25 21:09:04.584695+00:00
ce36b3da-c2b5-4253-acaa-189b302af68f,522a78c5-72a8-4262-891f-8cf77ace0f16,583.32,2026-04-28 15:45:07.749018+00:00
884cbedf-85d3-4724-8360-fd921b9c13c4,f126e1f6-4aa7-4fe8-adc0-bf5a664d2d53,981.58,2026-05-08 07:59:14.513206+00:00
4b1109b0-8893-4b4f-bbc6-fb6c715110f8,89d24d83-5645-452a-988d-84452ee82aed,973.92,2026-04-25 23:58:13.706291+00:00
aa0fea26-2ab6-4e02-8f36-0506ddca97bf,60c83d51-857a-4ee8-b2c3-4a8f503134da,117.11,2026-04-29 00:23:38.831139+00:00
6295b0c5-d404-459f-a127-77dd3de54eb7,36c5e060-62b9-44f2-ace1-0a496632f2f8,393.83,2026-05-14 22:23:30.351587+00:00
20b3de85-f7ee-4432-820e-8f08b1533d6c,7bb0b378-1d0e-4f1c-9a24-40fd857f3520,2481.26,2026-05-21 16:36:08.313437+00:00
c494684d-0209-46ed-95fe-d06013b0b88b,cb1e8be9-abc5-46c4-83eb-b77e5b68df8e,562.64,2026-05-05 11:59:43.744099+00:00
524a7f22-6fcf-4e1b-9515-c6bb45762538,c03ed49c-8503-4f85-96cb-4aa804393d0b,1012.37,2026-05-10 05:02:46.982113+00:00
f7bad1a9-65b0-4a40-b790-082c988eb8a5,a959948c-212b-46ec-a764-d0313686f79b,1113.59,2026-05-16 14:51:01.586456+00:00
469507a9-87c3-4f05-8add-b00ff9c3c36f,1da54afb-e085-49cc-a926-02defe728958,1605.6,2026-05-18 04:15:38.994885+00:00
b96aac29-670b-4afb-a123-88fbf645f055,696ff89a-dfd0-403e-bd46-3d29173ad927,2083.92,2026-05-22 19:11:34.253482+00:00
da061373-16b4-4454-a585-431f89d77e45,1b5d1be1-17bc-4b4e-abeb-0e3ab306d084,4700.46,2026-05-11 00:05:28.607423+00:00
499e956d-cbb0-4f1a-837b-eafa34ba75ba,79ce9830-052c-46f1-b06d-a45234f2872f,4046.22,2026-05-18 10:57:18.225835+00:00
0725095f-8dc9-413e-9715-1f7adfc3e43a,959e471d-2026-4bc7-b987-942d1a6f6978,2953.64,2026-05-26 06:58:05.537326+00:00
20005746-707a-44b1-89e7-f5d37ff620a4,6d8b3c4d-6c16-4041-a6ec-f3476ec1eae0,3356.58,2026-05-29 19:24:51.666876+00:00
d838edd4-1efc-49dc-9801-25c044bdb440,75231f72-405e-450d-bf49-25f3f784573f,1512.62,2026-05-31 21:44:16.874496+00:00
d2a5645c-6b70-43fc-82cc-604ca43d3bec,07007d57-0289-4113-ba6d-bcd4e4f2c5af,1284.43,2026-05-31 19:12:23.539789+00:00
ed482221-2d0b-4963-8872-c73c6caac415,7885d8e3-bfea-4aa1-b2d5-336c1f64c8af,1707.53,2026-05-31 21:46:29.266703+00:00
5af751b5-3b67-4939-8d46-5bca1a03c955,7bb6bafe-38bc-4ff2-8482-f02cd4477bea,1040.67,2026-05-31 22:40:12.500833+00:00
5a67adad-8193-47fc-89fb-7e5c6d4ec339,46dbd69c-db50-4227-8358-426aa9fb63ba,592.11,2026-05-31 23:25:05.670096+00:00
03ca2577-4580-4c2e-8213-e553616b7b93,d8dcf85c-0dfb-4b3a-93aa-cbeabb86b28d,1875.69,2026-03-26 10:12:16.908221+00:00
e17c026a-8d4a-49c9-8b0b-0d81e673cd74,0ab88f64-7529-41ea-ae81-dc1d6dca581b,1405.06,2026-04-06 14:49:13.802424+00:00
bd38f546-7ec9-4558-96d7-1271eb5310b5,33a34d36-1a31-48e1-b203-0804b1011779,1114.2,2026-05-06 08:49:53.708300+00:00
6fb83e2e-2079-4686-a7ab-4fe5f4629f26,cd25d569-aecf-41c2-b907-dc2880524838,1097.38,2026-05-29 22:23:12.529253+00:00
46dca206-4805-4be2-8e84-45c3ffc483fa,c1e8a026-9cdb-4ca4-b1e0-5989e0c8a52c,3887.78,2026-04-16 06:10:20.835513+00:00
1fed6122-281d-45ee-866c-a1d1aa9f2000,93f1b581-db10-43a4-814b-90dc74e163b0,5528.54,2026-05-14 23:01:35.543020+00:00
f90cbf3a-c789-4c66-ba2c-17ae2a7518a6,e3044cc0-921e-45e8-9a3e-58190dad20fb,2312.58,2026-04-17 15:29:53.052156+00:00
893bde80-9378-4f5a-b831-306dae1d9609,d40c6818-ff50-4896-bc6e-bcd6c0961334,531.61,2026-04-26 16:30:52.170187+00:00
b37f886a-5e3b-47c3-8534-d86156a4970b,f9f6362d-a108-42ac-85c4-7f0a11b7fd1d,4156.39,2026-04-29 23:23:24.009513+00:00
438fde8d-280f-40c5-9725-5fc5d7f01b1b,7035d39e-f7ea-4444-92c2-974e7838a62b,1813.1,2026-05-08 20:11:56.733648+00:00
37476f55-c155-4cf2-aaa4-06689e7df13f,7d245bf4-11fa-407b-b1e2-2fb4762d41a7,2206.48,2026-05-16 03:30:30.228506+00:00
b8a3bbb0-e1fa-4db9-aae8-8c005d43c279,48b4b426-61e3-410b-be3c-b9d739517579,4588.72,2026-05-20 07:02:53.897597+00:00
25b93d7c-22b0-463d-b2ec-c1e520c8b75d,38cb665f-efd9-438e-9473-35e0725ae26b,738.83,2026-05-25 14:24:27.718574+00:00
f7c86e9e-03a2-4ef7-8976-c9d500f955cd,d43d128f-a4dd-4738-8f9d-5d8ab35e5acb,10.0,2026-05-16 03:53:46.390789+00:00
9fabd4b1-a960-40b4-bfed-7622cdbafd53,56f458fa-201e-4281-aacc-0b8d59c135a6,3062.04,2026-05-24 16:30:44.410528+00:00
10efc358-ee42-4e12-9dc3-992b1cf2bb09,e4ec3d63-aeeb-4f56-bf37-214f5b024e0b,2732.21,2026-05-26 16:12:31.409120+00:00
21c265dc-7d9c-426d-8f90-d9ea6e587524,ae4a7fa7-80e9-48e9-879b-93ead4aad0eb,3389.01,2026-03-15 00:08:47.484366+00:00
005ee704-9bca-4a51-9b0f-966500dbc606,735fc80f-2baa-4bf8-8e2c-5cb974fdb537,2018.06,2026-03-31 21:16:09.702983+00:00
9e1bb254-9cd3-4f33-9821-0852a7ea32ec,b06be028-7b97-4802-a1eb-942c9e45a9a9,3030.36,2026-04-08 23:39:26.021912+00:00
be999db1-e613-4a63-9f7a-f56d5292531e,d8a5d22b-780b-4e78-a9d8-77b66dc0f962,2210.28,2026-04-09 07:37:36.538048+00:00
e644e332-1ce9-43b5-9ecf-4fe47e2f12ba,075f3b31-3574-491c-9b17-cc66d1a1882b,2544.21,2026-03-31 21:55:51.432442+00:00
537eccad-b64a-4c76-838e-1659d500312b,488ed1e2-71fc-4ec6-be42-6d24d374336d,958.58,2026-04-09 23:45:18.311840+00:00
7f394ccf-c72b-4898-8318-6f48cec42f5f,1d11ec0b-642f-42cf-b804-8bac8e3f58d0,4022.62,2026-04-15 16:27:31.152864+00:00
f7bb6808-9732-4415-95b4-aa02ea0b3d4b,02d8d40f-74b7-4470-b802-af5b12c3567c,3591.11,2026-05-14 06:35:43.774195+00:00
bdb32521-c1e7-4d2a-9996-76b166752e07,14942576-c72d-441b-a827-203b3e0fac3f,2301.56,2026-05-26 07:05:29.466484+00:00
a96d44c8-cc8c-45e9-84f3-b0e88e252520,29f0fc56-4ea8-4e41-bc66-61af08c39d3f,1409.18,2026-04-13 11:23:12.252551+00:00
ed4ef03b-586f-42f5-a95c-b17232d1b6b0,10d61b1d-1164-449d-8f09-27177fc63609,352.32,2026-04-22 18:13:20.639041+00:00
07ea006c-bf6c-4166-be0e-0885a990a2b1,077ace04-e4cf-4ba3-a625-7117bf033cd7,345.44,2026-05-02 13:54:17.371241+00:00
5c163b93-a3a8-4202-b554-b7502e5dc4b9,ecb95659-a5a1-48b6-ac7e-208cd321719b,337.57,2026-05-09 07:10:36.397190+00:00
e0957226-21c5-4ce7-934b-d81a2adb8da1,4b2e1e3a-644c-42e3-9b15-f35132985437,403.93,2026-05-17 14:29:48.959734+00:00
e5075b1f-29c7-401d-aa73-a5ec1cea5044,750be574-405f-43db-9645-7b67030727d9,174.19,2026-05-31 23:48:57.465770+00:00
896d2823-1602-4890-8e8f-78e561ea33f2,b1e8ea39-19cd-4e12-88ac-9458f02052b2,2397.62,2026-05-05 18:58:02.335797+00:00
2cb2979f-a51a-4b57-a880-5f9f54c3fc7b,2d1e44d4-c1ed-44f3-9cfc-77ef0e3c4a77,1652.13,2026-05-12 02:52:25.564312+00:00
a05270d8-63f2-4cf3-8a4d-83bfd2648a38,43841c62-2498-4be3-8f32-734a43ad78c0,4029.09,2026-05-30 15:20:29.318993+00:00
14f9118e-b922-4f16-9f3d-453635235c66,57dbf9e8-de6a-487c-a52a-5ce6c73a612a,1846.54,2026-03-07 07:01:42.206467+00:00
ac971814-bb98-4db5-9794-91c45c48aa8e,f452fe4b-d50b-4cc2-8f85-0ff30ef5ca9b,2939.0,2026-04-25 16:49:27.691895+00:00
88368e2d-500e-42a1-bac0-93e281b0c08a,13f1c0ab-0217-4dc7-a711-d62f5664c1d1,735.16,2026-04-08 20:11:13.906003+00:00
d8f7b6a4-7826-4560-8403-cd1b02caa617,757e787f-a91d-49ad-b887-7587f808bdb0,380.28,2026-04-17 11:09:41.871924+00:00
0f4ae83b-26a0-4d18-8ca6-a50def08cfe0,32cc03b2-99e8-45a4-a302-be193032d942,390.8,2026-05-09 02:10:04.194911+00:00
10792579-2612-42a1-8ee8-53dc9d1e4227,35d6d95e-f49b-4b1a-ac87-0285210dc24b,666.14,2026-05-12 14:29:13.556949+00:00
6399d3a3-2f1c-402c-9dcf-40b29d7a28d6,fc33d3d1-2b9f-42e9-be92-b58674380a3f,1429.57,2026-04-26 05:10:01.406522+00:00
cc76800b-f1c9-4e88-8ea2-b7fb8737d58e,a4618490-4344-48ec-9e80-126306d4d86e,3974.02,2026-05-04 11:25:36.360965+00:00
5640550a-1d1f-482d-b27b-a1d0236579e4,1da50573-1aec-4abf-86ae-c2f372eba500,6067.32,2026-05-30 14:43:50.816167+00:00
81d0c383-258f-48db-8435-4a1825f925aa,7d3851dc-0c94-4266-a9be-fe0b23cd5e9b,2809.67,2026-05-01 03:23:57.537959+00:00
b36fd9f4-e80a-4289-8ae9-aac2a7aa6c9c,db8efdad-932b-4c15-9fc1-42adf4fc8d5d,3179.02,2026-05-04 00:00:05.951549+00:00
6f000710-231f-482a-8ded-054f6284099c,ad6f8172-73a8-4606-9fce-6aefe92daeb8,2152.53,2026-05-29 21:34:19.410791+00:00
deaea807-cbda-4395-9a74-426d43d62939,e8034874-f97c-4fe7-a703-e3cf75424164,2222.06,2026-05-26 13:38:15.148238+00:00
6442bd28-9ac6-4498-a41b-a7c39dd6cbb4,8c1a85e5-49f4-47cf-9e45-b376c67c5957,5613.23,2026-05-27 15:06:09.415610+00:00
22392cbd-8b7e-4037-97ac-ad38ce1a379f,f57bf5c5-188a-4858-8133-3aa1249d5774,897.0,2026-05-30 12:27:06.999456+00:00
d14dd3d7-a63c-4ef1-9fe3-4bf5858b1676,17736602-309b-4b80-8b39-5ec3a4d863c5,1532.55,2026-04-19 05:23:08.404013+00:00
3e0d8462-5fe8-4006-bd08-24a76e16ad5b,ae05bdff-4f4f-474e-b3d0-29f9f4e3633c,1880.8,2026-04-29 22:55:07.018812+00:00
7d6f5daf-9354-4716-8ae1-846683f0fd9c,33bf8479-0473-40a1-b2d6-ce789e454631,1233.12,2026-04-30 14:37:44.009524+00:00
5e50822b-498e-4d2c-bbd6-447d4f5cf85a,c0bf8d2d-d5ab-4c27-b77d-47b273d08fa8,1427.32,2026-05-08 08:57:16.774602+00:00
6184502b-1408-442f-8eb0-aa12d07fe03e,38e67d88-8a23-4c78-a4af-8fb553331caa,1146.13,2026-05-19 04:20:55.508324+00:00
705570e6-b012-4218-a5d4-4ba9b4c9cb68,399a7c23-a004-43a7-86cd-ea0b16732712,1426.2,2026-05-24 07:06:58.400109+00:00
7e5f33cf-9a91-4288-a9a8-00334213a52f,72c9f0b9-df07-4a73-aaf7-3b6f49d95c74,1159.53,2026-05-02 06:36:50.840188+00:00
f6adb533-23a6-4932-b020-e212c99272a7,867be08b-8092-4714-bb4e-865bd9fbd4b2,981.88,2026-04-19 21:28:29.888071+00:00
a975ce3c-ee61-44e9-b9eb-2f8a31cc4431,550307d1-2ebc-4474-9e4f-dce25ea8b36b,4032.39,2026-03-12 18:35:03.738647+00:00
6babf4e3-9c62-4f68-9d25-84bb125603cb,2c124bba-7b01-4b25-a8fd-1e993868c52a,2347.04,2026-04-01 01:29:54.830797+00:00
d3f0c9fe-70a1-4fcb-86e4-f39d479ad39d,1723434c-443e-4047-bd01-8f8acde811c1,10.0,2026-05-10 17:59:19.276333+00:00
00759661-dd91-439e-a02f-3cba496466a4,281ad45f-d0a8-4353-8dfb-b1aea396d9ad,2218.45,2026-05-31 12:10:24.516103+00:00
b2d63b21-53a6-4096-8327-5fa91ccda393,2e101cda-4fe5-4106-b1c3-a11e36586461,4462.86,2026-05-31 19:43:42.309417+00:00
3bb500e4-a0a8-4f13-b475-1f028193db96,318a640e-df7a-4c12-a0e6-51c324437225,1678.36,2026-03-30 22:23:37.492921+00:00
c3f4e546-897f-491b-9994-17cae86ba94f,87888692-1e22-4656-839e-fa3a0335d354,950.91,2026-04-17 06:05:16.388387+00:00
97a3ee7f-bfe1-4b60-a36d-903556c74237,072e3043-114a-4d7a-8e9d-0fc40609bc02,1450.57,2026-05-02 07:51:49.576857+00:00
0a170078-9cdc-435a-b9f9-3b0eae102351,069cdf48-a1e0-4482-bc65-8dec37ad7782,1120.98,2026-05-22 19:33:20.095717+00:00
3939ee66-7478-4057-90e3-dc0cbf7646fe,05bd6b9c-f49d-4945-9413-91ffe496f9c0,2298.34,2026-05-25 22:38:10.200217+00:00
5dc52df2-a015-4a92-b992-4985fca04857,8fa8714f-f227-499d-801b-5df3ca2ce96b,4728.0,2026-05-12 20:12:08.488691+00:00
9e8fd743-a212-4313-8113-2a30628780cf,14d4bbe1-4210-42fe-b720-efeafa538163,2942.68,2026-05-15 06:20:51.900596+00:00
6ca709d6-c8fe-4a29-bdc0-13e5bb1ef398,07ba12d2-55ab-44a9-96bc-b4e804043157,2159.12,2026-05-18 17:06:25.050838+00:00
4c9f03b8-ef99-4682-aede-db741b22cda0,087bf209-8d80-4c32-843c-570651d7f151,3230.67,2026-05-25 03:03:13.181728+00:00
73e4e2be-3478-4d83-abc6-0daf528ccc79,5cf0a083-183d-4907-8b68-3db912c56c92,3451.82,2026-05-21 15:10:26.844462+00:00
8ff18c78-68b4-4936-815d-e39db6a201fd,a69c1a96-4d20-4e2c-9878-8a5dea87b739,2778.21,2026-05-24 23:41:50.200960+00:00
24f43de4-ab7d-4cc4-bd3a-3fd6aa8937f5,283d0ec6-c643-47f6-a54a-aa5d014aa0e2,2794.64,2026-05-25 02:44:56.321118+00:00
d7e963cb-aaf9-4ca6-b658-5433cafe43e4,c8f11aa8-4d99-4d00-8ec4-3be8a53913dd,10.0,2026-05-25 02:40:36.625350+00:00
919d1def-1f11-4752-8a3b-07e41d9c21a2,724cbe51-e7cf-4723-b96d-25c714cb1da5,4465.01,2026-05-26 16:19:49.380339+00:00
936ddbdb-3c53-4d87-be1f-cda75b0ee5bf,a5273bd7-e7ef-4796-8a0b-cfdb83c677d6,10.0,2026-05-27 15:54:39.680488+00:00
e6ff85bb-465f-4dac-895e-3f9155f5057d,ff4acf65-f38e-40a2-b70e-a8db04a29d49,3543.76,2026-03-18 00:13:57.121536+00:00
76383715-066e-473e-a81b-78df020a21c7,30e16e7a-1f46-4e4c-9daa-b9f8797adabd,6375.99,2026-03-29 14:19:19.290511+00:00
f0d802bc-e23d-487d-bf9a-7a2a89bcb3da,dcf01fde-0c01-4d63-9d91-83e4724d3756,2691.93,2026-05-11 23:38:16.696234+00:00
a5e87bce-f5e6-408d-8b96-e94364483842,e048d902-1f27-418f-8736-f331d062e71e,1562.81,2026-05-17 23:18:27.300771+00:00
3d2d7327-22ff-43a9-a604-6f364f395e1f,c07980fc-b076-4024-b296-1589ac544d28,396.11,2026-05-23 03:40:54.814959+00:00
c1224635-8c8d-48df-bef9-a184a5a23a1a,7d325a9c-3449-4404-90ec-3dc8850e64a5,913.22,2026-05-28 00:45:55.212002+00:00
9b190f1a-8cf6-4d33-97d6-f0f2e42f69fe,98a10fc7-746f-49f7-bcbd-e78f7badf411,725.52,2026-05-30 02:29:15.597850+00:00
2828f551-3e4d-470b-960d-17f3c36811c9,9e0e583c-75a4-4a3d-a208-49c17c07451e,954.6,2026-05-31 00:01:31.762427+00:00
820c05e7-809b-4cd1-abe2-b45ef7c0d4fd,e71c330a-3cb2-455c-8693-c0f72a4853d1,3208.67,2026-05-28 08:17:44.261760+00:00
8aa5a9ac-44c0-43e0-8082-c28b60db110b,3b9a45db-beca-427a-80b0-3d4b59177607,2594.43,2026-03-25 05:23:13.639330+00:00
d82bdbe1-a941-4fec-b81b-5f73d6e63185,d85e9446-0b7a-478d-9ee4-fa66f66b0238,4180.23,2026-03-31 05:38:47.482734+00:00
5ddf9c10-6afe-4177-bc5a-76508daa96fd,88350269-1dfa-4cc7-908b-7e83c8af3a80,2318.91,2026-04-06 10:16:33.141633+00:00
4a97e62b-da5e-4416-969d-ab4abc455cec,74ff330f-7534-40e0-b350-a244a652c015,4000.59,2026-04-06 11:39:11.791841+00:00
4b28300e-f07c-471a-bb4e-0506a735ecce,5a745eb4-b971-4823-8bbf-0a23a5dcdaf7,3174.27,2026-05-19 05:22:55.601197+00:00
f58ee781-46d7-47d1-adb6-fe315e248de1,d1c1d59b-d4e6-4030-b32d-8c3166112c78,4253.78,2026-04-02 19:27:40.092858+00:00
656e1f78-0e6f-495a-8a5f-7a12c7253632,9ddc1d04-2ab9-4708-818a-6f9094d83fd3,1536.4,2026-04-28 23:53:25.047664+00:00
833818a6-1c6c-463c-acc4-3f52c3bb2231,2a2ac192-9bb9-495d-99da-0cb0527f0c10,1979.43,2026-05-10 03:48:28.867882+00:00
301ab1cf-6c6e-458f-b7b2-9e4bc22c3a12,73611aef-fed1-4eb3-9112-1e7ed1a9f97e,2517.41,2026-05-24 08:43:31.450275+00:00
6fe4d5cc-9d70-4410-bddf-41ee96ad3102,4f82d28c-dc2b-4ea8-9c2b-bd3126fcd419,1716.74,2026-05-16 00:07:57.572066+00:00
6591be21-e63b-4de6-b553-cddf4909c924,cfb79c51-3056-4f71-a8a8-a5feee75b2e8,2569.95,2026-05-04 06:41:10.097354+00:00
8cc9a7b1-b8c2-4b62-99d4-42963eefaf3b,612ac554-9b16-4761-91e0-c9f5cedce42e,2200.11,2026-05-22 10:43:36.425918+00:00
6b000bfb-1451-4397-97d7-b6d13ee10d4f,70108a2f-a8b4-4587-97a2-248f9991222d,1132.65,2026-05-26 04:46:24.567800+00:00
ce03ff7a-9b85-4065-8851-64a802302f39,194138bc-48cc-4c15-bd0e-3d43407f7d8a,2492.24,2026-05-14 21:58:46.068834+00:00
96e0e0de-0658-4ccb-bbd4-d43a92d39b64,0d107981-d22c-41d2-a3cb-d1276d43bf10,2329.38,2026-05-19 06:03:15.860173+00:00
afd27fe1-d8ae-484e-8573-0f4ffdce41ec,e3ade894-020d-44fe-bc3b-6477fd050e2e,2342.95,2026-05-19 10:54:08.055484+00:00
e20b47b9-a8fb-4193-afe8-2da1b456f2eb,7745aca7-fec0-4fc3-b7f1-436bab2472ec,2475.53,2026-05-29 09:22:18.240105+00:00
3c4e3f7a-2a01-49c3-9c0a-6f2ce2dd7280,d4532637-9c02-4a25-aca3-fa8a26d48c52,975.25,2026-05-19 05:38:09.820817+00:00
05bcab1f-b9d3-4c62-85ab-fdeeda54f33a,40cb18bb-e933-4ac4-9322-c3711ded1009,2112.45,2026-03-24 18:48:46.835210+00:00
d10edcef-18f3-474e-b928-21fcc4bab602,594e171c-fdf8-46f4-b8ce-6c361d23c847,3870.86,2026-04-20 05:11:39.021600+00:00
6c4567b0-de37-4805-98ed-3581be2cd731,fc500625-cc6f-4e58-a4b4-786d2dcb1501,2962.89,2026-05-04 08:48:26.527677+00:00
73a844fb-34a1-4ca7-8e58-d8b962ca256a,30816af3-f5cb-4610-976d-eb5595f28893,1450.14,2026-05-01 12:39:28.779018+00:00
1f5e22ab-d361-4220-981f-7a301126e012,6747e4b2-278a-470b-b19b-c26cbfdb34ea,3079.42,2026-05-05 10:28:39.003805+00:00
7f12048a-c10b-44aa-b318-0b96ccbeebe8,cac81675-6685-44ae-ab49-7931544aec90,1025.06,2026-05-15 08:41:04.116313+00:00
81071c31-b85f-4d6c-b018-04cf05c3cf94,f86cc878-b301-41df-80d8-7bc8592d98cb,702.7,2026-05-26 20:55:32.653046+00:00
19812813-3a88-4f60-83a2-44e65f367507,45939bba-ede9-4adc-b24e-431d85bb1f13,3899.73,2026-05-08 08:37:13.221642+00:00
9eb52a0d-d165-4edf-b0c1-4a70f920d946,c68c43e7-c5c5-4aec-b50d-e821c094e36f,1914.78,2026-05-24 01:44:40.280608+00:00
8f6dfd77-3de9-47f5-a0dc-8c8e745762ac,2ab3ba63-0b5f-4e7a-9d82-cd9824f388cd,1785.83,2026-05-15 07:31:26.891977+00:00
3b3b0ea7-81b6-41bc-a2c7-0eb2be011423,376c8109-85ca-436a-a02a-ce03587a5f99,2661.88,2026-05-16 11:37:33.264048+00:00
c6ed441e-ce50-4033-8110-d6fd8b61e22f,f7905197-eb73-4122-ab4b-7bdadad83819,5545.62,2026-05-20 01:36:58.425593+00:00
9f18dba6-ffbd-48d4-92f0-7e498644abcc,4552ab1a-743e-4381-90f9-c828ce20445f,483.78,2026-05-13 02:47:17.601775+00:00
b8ff9bd0-67df-4954-94a1-9d06c086dcb6,e41fe642-4cb8-4411-9bdc-8c4b53e9154f,466.28,2026-05-13 12:44:53.695813+00:00
6114ff6b-ff69-4152-b558-d7fd4992d479,2331956e-e199-425f-8ade-ec76b9450f46,479.43,2026-05-14 16:34:26.869003+00:00
347af2ce-0cb6-4ee1-83c8-2c5b3caac156,6811fa61-391f-4c3c-a1a4-ad61eabbc1db,279.77,2026-05-20 14:46:33.394938+00:00
76d8dc68-ab9d-4eac-bcb5-8a8843f04022,7db8f23d-e2cd-4bfa-b923-995ddef1fd15,853.96,2026-04-20 08:00:54.802162+00:00
7eccbd6b-d42d-41c4-843b-cc4d46f7dbaf,0daf84d4-c1cc-4a5e-b24a-b8dd9c05b8b0,264.04,2026-04-21 22:36:58.893613+00:00
a2577160-5639-4352-8d0a-cb867ddd2357,69f5f21d-d783-4dd1-a52e-67218e7490ca,1318.13,2026-04-29 19:42:50.839968+00:00
8afa860e-cf51-4fe0-8afb-f0362a93e9c0,0b38896e-2872-4073-b19e-59be921d65c4,1330.68,2026-05-04 07:11:49.235583+00:00
7f4aac71-8139-4050-a30d-aea8c3e6ca4d,08987ee9-d846-4754-be0d-d338f2355637,421.69,2026-05-31 20:27:36.197256+00:00
cb4c113f-b4db-468a-b7a5-f9d063e04569,c88e5b11-951d-4274-b90e-f9af2b2ae98c,2044.3,2026-04-25 11:19:59.006864+00:00
af3e26bd-b9e9-44dc-8b3d-4e2e20ccf08b,fc76ebfd-7dbd-4848-bed9-d06af369367a,2135.26,2026-04-27 11:28:34.233506+00:00
499c1325-e629-4d6c-8b45-3cd9e295e422,c230fb1c-f773-4406-823b-b7b4f2f65df9,2638.5,2026-05-24 05:42:20.712003+00:00
33a9f5b7-de46-4ba6-8062-ba857a4c32e3,f02838e7-b184-4a6d-8183-b7bc89f2ec2f,1980.42,2026-05-29 13:44:32.232798+00:00
bfd532bf-956b-4531-a0e8-bf19d3527aee,a9bd9d23-f3fd-4423-b498-7be3d4c1725f,3153.42,2026-05-31 08:21:50.257661+00:00
eb588518-cd46-446f-92e9-c0a000851480,75f9bb40-a4d1-4f1a-93e3-f853580d8d06,2612.21,2026-05-28 15:51:03.933565+00:00
b08f1012-34a1-41f5-9221-03c3d332d649,4ea5a192-6014-47cb-be9e-1b9d2e4fefbf,2504.11,2026-05-30 08:56:32.981994+00:00
70b8fb6a-1a4f-43c2-bf70-cc9e3af6327a,264ecbd5-a717-4944-bc6f-7dddccea348b,1403.17,2026-05-31 01:42:13.255354+00:00
768750ff-8a5c-4714-8dca-a60312a8cb1a,52b9e61b-63e5-46a5-b7b1-4c3a3646b6bf,2987.03,2026-05-31 15:32:18.555436+00:00
0336e835-5fb4-45cd-b194-9c7d3cc6c7f1,b780b857-7480-4e2c-a9be-033c924f24b7,548.0,2026-04-20 11:52:19.847464+00:00
2e64b8bc-65ff-4b53-8899-bb4923be6c61,c2298268-0a67-4966-8580-d3e0ebf099fe,2419.05,2026-05-02 01:11:14.239890+00:00
2c8665df-bbe3-490a-9a7d-943e34d78ab3,9a6e72df-cc56-413d-85c1-15f8d7272644,2210.86,2026-05-05 17:30:10.482902+00:00
5dab9fe4-0b7f-4ea6-a397-a781bbabf345,0df73d2d-ee4c-46d2-b5b9-d4481c706041,1601.68,2026-05-09 13:41:27.700242+00:00
ff487458-1f1f-41a8-b3a8-9a8b3d2e2ac2,1e1b100e-4598-4268-91d0-76a80c73652a,729.7,2026-04-25 13:16:45.696267+00:00
1cebef1b-b3a7-4e5e-81c0-31428e3217c9,a2356e85-3ec1-419f-b1de-ca01eba5accb,1026.08,2026-04-30 22:39:29.215111+00:00
e502bc33-9e49-45d4-80ca-5577114f00f8,8fcca7a6-db66-415e-9f40-6d3627e529a3,155.17,2026-05-02 14:03:02.646684+00:00
21c436c5-26a8-4808-bb58-ea80b0c3a3fb,b4564aa9-0610-4354-8f56-2e46d41b77c2,1749.84,2026-04-21 14:32:41.907349+00:00
fe2a2390-028a-44c6-addf-2d7c856e1626,2d259b2e-25df-409d-b715-2951fd3b65b7,948.63,2026-04-24 01:19:29.639411+00:00
fc4e4cb3-2f6b-47c8-a04a-888e1c1c8dd0,965d1699-5859-4151-a17b-f5edcdb16a7d,1151.88,2026-05-08 09:56:40.721928+00:00
503fd6c8-a220-45ae-94b2-5e9c50f47174,226c9798-4c12-4a06-9b14-2794ddb52c3e,766.92,2026-05-12 08:20:34.393633+00:00
ff9ae38e-8935-4917-a5a8-d2dd51dd16f4,5d069af6-d632-4198-9c1e-62690aab0f24,1495.9,2026-05-19 13:24:33.359193+00:00
eb863a76-a97b-409b-976e-2ce2a91e4913,ee57bdd7-baa5-422d-a058-312ad38c8e09,861.79,2026-06-01 00:20:41.964823+00:00
91e59ecf-8d27-406d-97ed-6d647ef32eff,e31f45a0-ed35-4d48-a506-300e22500ce3,493.77,2026-04-28 00:28:10.153441+00:00
5c1d3360-185d-4749-8501-8e4ebd6e5c62,2bd4b0a1-7aa1-40d5-8105-1208bb59edf3,14.1,2026-05-14 22:25:30.395914+00:00
c302eadf-d871-4b62-b894-403dafed5098,2a531eab-e31f-4687-bed5-181d22c5694f,519.44,2026-05-14 03:25:33.755868+00:00
521ae52c-0df2-447a-84d9-f51a532e6fd0,34da2762-c40f-4eab-bc1f-88958e700ec5,915.14,2026-05-15 19:41:16.096621+00:00
e74ff830-f68b-4fbc-b05a-29f09fcff51c,2571038e-4c81-4e90-b745-0b851dfce229,1539.49,2026-05-25 21:34:12.739301+00:00
579c6712-483b-4c32-b885-c100803bce4b,3bf6c990-777d-4bf5-b5fb-2d640696db5a,990.98,2026-05-26 10:35:34.648227+00:00
6cd7a22b-525f-4929-a055-aeed81756c20,81d0e06b-429c-4ddb-8ae9-87140b74416f,1020.82,2026-05-28 17:13:11.166188+00:00
647707c9-6b71-49c9-aab4-b0947c2ef738,162bc442-be04-4c83-96c4-8669a9831b66,2836.99,2026-05-15 20:27:43.190654+00:00
ee0c6933-67a5-491e-81c0-31a4c1ce7708,8fdf9cd2-86e4-43df-86c5-215aad760ff1,3031.96,2026-05-23 21:51:32.240571+00:00
9e9d3c70-017e-4255-b57a-157cc8bfa32f,f338961f-0a31-471b-8833-683bb41d7a57,2867.07,2026-05-26 13:08:56.491828+00:00
11aa3012-8931-402f-8f53-7435c9c65403,c9c4ff2c-fb76-4e3d-b930-68c7895dc876,3452.18,2026-05-30 09:18:20.650628+00:00
1709ce4e-2185-49b2-874d-73c507010e42,ee1c8925-2ae7-45d8-be92-eb2a57556fca,2744.81,2026-05-31 07:02:52.956204+00:00
4f905302-ac7d-4752-af25-040e8c674e17,332f1d75-e8fc-4b85-930f-93a3bdae6cd0,1194.33,2026-05-13 22:22:16.107579+00:00
508948b7-88e6-48a7-89df-0de3c85ee99b,73a43214-38de-4c17-82c8-e802e46c324c,1759.99,2026-05-19 02:30:03.612372+00:00
ddd388b0-1bb1-4675-be72-96f97f6c9ceb,b610e3dd-5094-404f-b4e6-c3ba6817f083,1662.46,2026-05-28 10:51:50.537435+00:00
d1397b69-db30-4049-babd-d429832d753f,df4a3dc1-82e7-4d76-b456-835bca47cfc3,661.01,2026-05-23 15:08:42.462878+00:00
ae8893df-21b2-4d70-ac76-dfb4afafee38,d73b59bd-5dbf-4849-8a1c-fecaa5b2ed9f,885.91,2026-05-23 23:26:22.050038+00:00
33a34ab3-2105-41ba-882a-d8dc8ccff253,9a7324c7-41ee-4f98-a0a0-242f977c4e63,1284.34,2026-05-24 12:12:59.250004+00:00
bfdbcf59-b93c-454b-8b5c-5f2d5a2d44fe,5263d2ed-cc11-4cd7-85d1-49e199d648ae,325.91,2026-05-24 17:22:17.870197+00:00
154c9227-f777-441f-b911-4fe45839b515,ebf7c688-698c-426f-a435-6cc80fbad980,502.84,2026-05-28 14:05:57.638487+00:00
6ea2e725-6f48-49ee-97a5-898938607434,585a75fe-bc24-400b-b45e-453dd39c6496,362.43,2026-05-31 02:34:50.047149+00:00
be30d3db-8969-4bae-823f-3e4d1a0098a4,6bfbde09-148e-4471-b058-9017e7cb0a8f,3753.47,2026-05-27 12:49:37.270716+00:00
b2b1ca8f-2822-45a6-a981-55cbbfe57685,ff11cd62-aded-408e-bc9e-cd146565a752,1238.95,2026-03-29 05:46:16.051415+00:00
fd4a1d3a-39a0-466a-8859-ca62d8b658a4,6e91fdf2-1148-4e0d-b5a0-053f74afb0b8,5532.34,2026-05-11 18:37:52.067875+00:00
42a22f46-ae65-405b-8060-e410ba64d731,e218d2b4-1ee6-44b4-8695-894ad0e341a5,2300.04,2026-05-24 00:27:15.316012+00:00
b9508992-471e-49ff-8524-e75d853b83bf,2f05dbbe-92ad-4446-aa76-d583b97ea5de,915.94,2026-04-19 09:30:06.500905+00:00
69b8de9b-bc81-47cb-be2c-9bde1bcf863d,7ab46bac-b0cd-4f28-b484-59cbb09f4835,854.98,2026-04-29 23:32:25.434830+00:00
3bfb6605-6ad5-4277-8660-7c6c81bd9929,bf5d298c-69e6-4dc3-925b-b5f4bbc4a541,1063.67,2026-05-04 20:11:27.119312+00:00
3c78109b-2f7f-4023-bda6-b2b9b268451e,92521c07-b4ab-4308-9853-68b13e13ce38,843.35,2026-05-07 21:26:47.057893+00:00
bec1bae9-d4b5-4812-9e81-83a076a775b8,bdf66aeb-ce46-4eca-8ca0-13efc8bba950,957.6,2026-05-28 01:11:15.914284+00:00
28991042-44be-4045-be3a-bcfea3457dba,13b9b551-9827-4cf5-a422-0aea7c014ff3,2723.98,2026-04-25 04:48:33.313155+00:00
e446ff92-f99f-4b00-abd4-18652adc7214,9517b6fd-4e9c-40d9-9bb6-0cb66f61d409,138.94,2026-05-10 16:14:48.915514+00:00
77d25e0f-f9ec-4115-a6b3-9a35d08a5da4,6d4ada4d-9d43-4afe-bf73-2d1071af77a7,1767.6,2026-05-12 03:20:21.708884+00:00
0bd5a367-2703-41e6-8442-d7cacc412e54,f8608cc4-0b93-45b2-9eba-fbf70a4689c7,1350.7,2026-05-14 13:59:50.205845+00:00
b74f0089-e532-48ce-b13f-99737fbc051a,86e3ebf0-ed72-4608-ba80-f750fc1b1b76,4960.7,2026-05-01 10:18:12.758768+00:00
386ca5f4-3de2-46d9-8734-892dd1d4913b,4ef5e5a6-c67d-4d0b-a7ae-094ce376deda,4468.76,2026-05-08 08:25:01.006068+00:00
c66ae133-01b4-49f5-ad67-64eb348045de,4218f42a-f0be-4dbb-b440-9ee500126e8e,1738.82,2026-05-15 14:38:55.629323+00:00
af481962-e640-4a49-8f9e-8b2bddb1a02f,d2ea1649-64db-4f3d-abf9-c688c864031e,1409.82,2026-05-16 01:18:37.196416+00:00
a5141105-adc8-4644-a60f-3c7db9b53482,f3c3353b-e66c-415f-8460-ee6dfd7181fd,3352.16,2026-05-18 01:34:21.545731+00:00
5c3312f0-9347-4cbe-a8d9-cc2ccab77130,933b7fef-c8bb-43f3-8285-8c3653fbb84b,4532.61,2026-05-08 15:39:38.020219+00:00
f7a63131-de6d-444a-9052-c76380108bd0,bfdfb6c3-28c8-49c6-81ab-cb241471d0d1,4623.69,2026-05-09 12:30:23.853466+00:00
ad15be8a-548f-49f2-a856-8c4c65f8701c,cef40c0b-0625-4161-b1b6-c80b029b28b6,1793.67,2026-05-14 01:47:53.400071+00:00
619cf960-1e3d-45a9-b21e-0893830c6911,6ea628fa-fe50-4ddb-af91-72e54e47f92b,4540.0,2026-05-14 04:51:09.523031+00:00
420d586f-af15-4d9c-b5f7-a8e619f2a6fc,0eebe5da-2530-4ddb-9096-6e772876819d,918.41,2026-05-12 13:05:33.348584+00:00
2ea0a0d5-0415-4df2-82a4-ff0bc85d6067,c088d2cf-0b0d-43d8-aa28-7157eca3a67e,1889.27,2026-05-20 14:03:44.674326+00:00
654049ed-8297-4d24-aa91-c5638d082c8b,ca401c49-b701-4c4a-a577-8dee581143bb,989.83,2026-05-31 04:50:40.169961+00:00
03977f8b-50a2-4420-924c-6432aa9914a9,0e76a3cf-0b60-4654-9ef1-bc2d218acd75,362.84,2026-05-31 05:12:37.416250+00:00
36978810-a8ab-4bb4-80ad-a7e884d48011,77298ed7-f827-4117-bdcf-66be4fc72f81,308.67,2026-05-31 05:23:41.844158+00:00
c1f8419a-296d-41ce-9f1d-268884c8cd25,acbf519d-f671-4947-a500-6d4a44c753bb,544.19,2026-05-31 08:15:39.244116+00:00
74fc9e62-c728-4b6e-aea5-a1acd3dda09f,4777ca19-63f1-485e-9d1d-0d1d96f38e3a,450.3,2026-05-31 14:52:52.714768+00:00
7b1576a5-4f21-4656-b5be-73b24d408d43,d907e306-78bf-4a48-9380-df78c38c2dfb,809.39,2026-05-31 14:27:32.419649+00:00
7f7edaec-3711-4c67-8823-d8480805a149,5989137c-0e18-46fc-a7dd-9af24914fb91,1801.53,2026-03-28 09:22:43.571515+00:00
17eda1b5-c2bf-45af-81a0-6bc5e674688b,e4890412-6a96-490d-a8a1-e5660673c484,2608.63,2026-04-01 18:14:30.212662+00:00
3ef3adc9-32b4-4acc-9af0-28547cdc049d,2b1816c8-dc7b-4b97-b52c-a7c658869526,1954.36,2026-04-02 06:48:15.498641+00:00
ccfb2d1d-c82c-4556-8861-223fc9000e1f,131a5e07-e4d9-4698-9941-359c9daa6c01,2496.32,2026-04-30 02:36:26.385188+00:00
0a8ba98a-ff89-4e14-b8a4-77dbb1a544a2,398c868a-5acf-48bd-bbb9-be8a3f954d25,2090.14,2026-05-11 01:12:25.737359+00:00
50a7b67b-d8f4-4a1c-abdc-c9a83775ca25,28090cc8-35a1-40c9-80bd-119147646a4e,928.1,2026-05-31 01:13:06.680070+00:00
a907bb44-0b98-46d4-8ec0-1cbd826f3504,1c4b14a5-1a0e-4023-9244-6f2f54bb6f09,132.81,2026-05-31 01:42:46.516648+00:00
75a9b704-8a7d-42c6-bf61-95731c562df3,3c85ca4b-6a45-4e2c-be53-205bf1de72a0,969.29,2026-05-31 02:50:18.812444+00:00
1a9af26c-fdd6-4db5-ae46-2b16619670ae,15095a61-55d3-4fed-bccb-0796096196b0,1185.5,2026-05-31 06:00:54.264725+00:00
18f46233-95ad-4617-ad46-a633bec95878,96fca914-5fee-4c5f-aff6-695599831aa4,465.87,2026-05-31 13:53:12.403993+00:00
872489ed-eea9-47ef-8651-9ce3d5fdddf6,1131ce89-85b8-4a2c-bcd2-b2462941630d,10.0,2026-05-31 22:56:24.552587+00:00
e8137bed-6c84-4fc8-858b-1eeb9896ca7f,1f63e331-1ce0-41bf-afdb-55fd8d312d2c,6078.93,2026-04-28 14:34:38.239308+00:00
7fdb7be4-4e35-4dca-92a3-bece2b5c5f19,34742e5c-8205-4666-a15f-e8084716e5a7,5949.09,2026-04-30 03:13:46.244384+00:00
699d34a1-eed7-463c-b726-139bdd868377,e70d0eb3-2ec0-4914-ac18-19d96515b214,4211.7,2026-05-01 22:28:51.680354+00:00
93762ddc-1c50-48e5-a442-02d9b238b0ee,125b7a2c-f50b-4ad0-b401-fb6718714ce5,3339.26,2026-05-24 11:53:46.511658+00:00
64eb2ea9-402c-4a02-abee-0bbae5495bd0,162966d8-f360-45d0-a5eb-da53a3f6f10a,2556.64,2026-05-27 04:44:46.986575+00:00
85a22c79-d919-4d07-9752-a07e2d93a782,266e9b11-daeb-4375-865c-c32438580e1c,10180.16,2026-05-27 17:58:27.091360+00:00
2b3aa362-b80f-4ff5-a544-5bf860d92ca6,17806b5a-724b-4a40-af08-df5f167a456c,4715.09,2026-05-08 11:41:43.444500+00:00
e4fd2ff0-063c-4dac-aeab-71787438a15f,f9c19db9-fbd7-4cbe-927e-390904857569,1712.71,2026-05-11 15:20:21.814511+00:00
420ae82b-5a53-461c-8a67-97847b0de930,b72ea307-882b-4fee-a08c-b8f458d1cffb,1815.4,2026-05-12 10:41:23.763469+00:00
6f8e94ad-0c13-4c97-b335-92a6de1c2e75,fd692050-6ae6-4356-904a-df58839811ff,3113.94,2026-05-19 22:33:51.058898+00:00
f5890cee-2907-4071-9721-36cd6fb4e571,c62845e0-cc81-4f3f-99cf-c84fa8107bc3,3645.0,2026-05-22 05:50:43.246568+00:00
26e3649e-f0d4-43e5-802a-fd8fba3ac98d,3fcde597-5f13-4be5-8300-3c5477227582,3439.88,2026-05-23 22:14:41.477322+00:00
b57d44d6-c9d4-4f58-8d10-1e329e23ae70,0764ce21-29aa-44e9-94eb-2b78f73a66cf,1098.49,2026-05-15 06:51:09.204734+00:00
925f9f30-8d81-4adf-9d4a-2f7a846fc421,e3ba5bd4-7302-47f9-ae0f-d6b861bf590f,250.31,2026-05-19 09:45:01.670244+00:00
94fac44b-a584-41d5-bb96-b98a24e47eee,698d43dc-6fcb-48da-bd1d-a1f9d35ecc87,2782.57,2026-05-24 12:07:35.061528+00:00
3aacf88e-f851-432f-a344-a4b8d5efafa1,0e78ef8b-3be9-498e-ac10-7346f3c391aa,310.15,2026-05-27 19:41:48.431771+00:00
2645c6ae-f1a2-4ac9-8c14-299e12afcd74,566c59f4-4d08-4a98-bd87-7b3c70073f19,1679.35,2026-05-14 12:14:44.140906+00:00
d073ad40-7529-4710-ab9c-8021529113b0,129017cc-98ed-43e2-8127-aabc85771fec,6995.74,2026-05-21 03:50:44.946785+00:00
f154d2d2-d438-48dc-b8b8-e583a0d008bc,8fbc4adc-893e-4a82-9d5c-316ee167ead5,916.59,2026-05-28 04:49:50.300064+00:00
0fe89bc8-4272-4fd8-95ba-26711d113a90,d84c3e89-56cd-4b7b-8b5c-75037a8f5ef9,3374.39,2026-05-29 04:15:30.791370+00:00
8d4c703a-36be-412a-a7ab-7dc03d9e9248,7eadcbad-1ffc-4df9-b4d5-ad1320dbc3fb,10.0,2026-05-29 14:47:13.567646+00:00
54603a9d-a223-4c7c-a706-b03fd47c231e,a6244b66-b746-4f6e-aebd-c7b8bd626c8a,2562.05,2026-04-01 09:25:37.197132+00:00
4bfbd137-6fa6-44f7-a591-5ba7b0f04fa3,3026d4e5-73f7-493c-8543-2a9ec7133f2f,3311.43,2026-04-05 14:30:51.955327+00:00
0a3e3cb0-f92d-46d5-8f9b-88a9be813531,3f65c905-7710-4926-9741-749838787cbc,1846.51,2026-05-07 09:58:58.202650+00:00
d7973af9-af21-4eff-9cde-485f36ea3660,641b9fae-81c9-4845-8128-28f9436dcd1a,3365.31,2026-05-21 08:49:45.517737+00:00
9a17a601-0534-41fa-9dcc-06f0a8eacac5,2195e749-b170-4484-945c-ed02a70e5624,3220.91,2026-05-24 03:11:44.158818+00:00
e1566337-c0e5-4ad8-89f0-2aca44223e40,ea5254fa-b162-4554-bce5-9c8d26d4d53d,720.64,2026-05-01 04:17:55.548897+00:00
6b30421a-54e9-4795-9044-d497dac84bad,4c799257-20af-4600-a77d-56c13ebd8b29,916.97,2026-05-19 00:27:37.407507+00:00
961bba6b-d20d-4e1c-94e8-2304254f3c38,7cec2c93-d109-4e1b-a467-c4a02d531874,4049.85,2026-05-29 10:28:42.055812+00:00
aa2ecf09-caa0-49df-b04e-5a22140a374a,842a53b2-7fcc-4e69-9e3f-dfcb36d5fa46,5265.0,2026-05-29 17:24:33.368912+00:00
5e66af04-c478-4136-b15f-f7d955828483,998ac223-c77f-4de5-9267-3953c51f63e7,6339.52,2026-05-31 03:57:01.546331+00:00
750f5a02-bc41-4be7-96e2-9789be2363ea,212c68a9-3494-46ac-ac2e-6440de901c9b,1252.77,2026-03-18 21:56:56.952079+00:00
42b52956-22cf-4fe9-bb9f-03164df9eb07,35017d6a-8832-49ae-aa93-31f6b5ba193b,706.89,2026-03-23 12:12:33.972283+00:00
97ccb235-3e7a-4089-b84e-c113af6e1281,2f6022ff-4bd7-4b99-bf18-22fabee400b6,2004.27,2026-05-12 11:45:04.142358+00:00
1c93de27-5c39-4aa7-a250-671e84bd140a,8e816625-962c-44d8-95b9-6be9763a0b75,1025.82,2026-05-28 04:44:42.680761+00:00
fcc0d961-0f39-4953-b483-b210962f03ca,18b9754c-53a5-468e-ae3a-2b4ac039ffc0,2871.47,2026-04-07 10:07:19.671769+00:00
9639724c-cdc0-4cdd-a304-e8bc9a2986c4,169c768f-1ffd-4b3a-bc58-7eb226bd8112,2117.07,2026-04-18 19:35:51.028933+00:00
dc6d8af7-455f-4ba8-a62d-35beb3ba4306,8f835fb2-d110-43b7-af36-a9b0b2f0f414,5654.66,2026-05-27 06:13:26.035460+00:00
5e3205ff-2f91-4d2b-9940-4f3a79668c4d,0ed6a1f6-3108-47d1-843b-627adac4c1d9,5117.5,2026-05-17 03:51:24.126159+00:00
603a1069-d93d-40d0-94f6-0fe288964526,527f002b-ce6c-4ed1-a615-adf8d78ffe3a,1054.74,2026-04-30 04:14:21.245194+00:00
589ae9c7-01ea-4906-bea8-554debf79f05,15def9a4-bc92-4abb-b72c-76356da0a65f,975.44,2026-05-15 19:18:06.887316+00:00
a81b3959-655c-44b7-9c58-f64c3e765844,81a6c7a1-099b-4cb7-9cbd-129841a8c51a,1078.72,2026-05-15 22:54:55.701914+00:00
2c403631-a86b-47ab-b9c7-d94462c276d8,37eb2ed7-9036-4cba-975e-d8b9972a8332,1729.24,2026-05-16 23:21:32.477743+00:00
f1833aaa-e749-450e-a229-075d70173123,82fdd2fd-533f-47a7-9345-3843d5c8b227,880.97,2026-05-02 09:23:23.507349+00:00
9e7c473c-0a80-4b69-a50b-179af358312e,a998bab3-8158-4e67-9b42-91b80e8a9cea,2452.29,2026-05-05 21:13:25.195377+00:00
e54bd585-ee34-49aa-a2dd-89d7d0602363,df17a7ff-92fc-4ad1-9258-ee1bbc8ec592,1563.39,2026-05-14 10:20:11.236946+00:00
445f7994-cab6-4b8b-8623-b4c8748ab5d6,5e0a39fe-a3a3-4105-90ab-6f70115820e1,1775.63,2026-05-21 18:15:28.137992+00:00
61469d9e-7d95-4b3c-a4f9-f881e11e042e,593c360b-1a84-4853-a581-12f0f28e13a7,318.87,2026-05-27 00:15:17.554340+00:00
fc0f56eb-aee7-4cf6-8aa7-0d4b74f71c7b,d65eed08-502e-4339-ab33-49083e0fa64d,985.53,2026-05-03 15:49:32.334040+00:00
35f44193-155b-4b48-918a-9a714b9baf28,51930f9e-ee4b-4c99-b583-e72a37f46925,357.43,2026-05-06 07:21:33.816909+00:00
72439394-0c9d-4106-9120-e104b0a09fd6,65c850f7-7064-4823-b2d7-b9ce672ee740,2049.0,2026-05-15 12:19:42.663629+00:00
0d59d4db-1963-4564-bda3-a8ebe8c21c06,b8d7b5d1-a308-4ea8-a786-2bbd5496e1a4,2159.45,2026-05-26 13:04:41.253931+00:00
e60e265a-12da-43e3-b5f9-f20420e2f9fd,804969ae-1b1c-4da2-837c-e2811495c989,2526.11,2026-05-28 07:04:05.198181+00:00
7a28ee1c-052a-4327-ba2c-af99030bee5c,0732ad3b-ede4-4957-838a-046f806680c0,2052.69,2026-05-30 07:02:07.401859+00:00
81eaf9f8-3134-4499-a23d-dd9a9cbf31ae,6d077f62-e9b6-4a23-8b20-8680b041829f,940.19,2026-05-04 18:23:42.361960+00:00
ea47fa2f-fc82-4ced-b92c-bbda469a1b54,065ab459-7f64-4b4e-8b31-acd432d93d1a,449.06,2026-05-19 06:41:22.280978+00:00
ea8f5186-d0bb-4abe-ab3e-ba31d17445ac,f73205d7-99f4-46e5-b0d5-6a7fc2b2a192,10.0,2026-05-22 23:37:29.590347+00:00
af228426-f410-4da1-8f25-b14ef9cec56f,9aa98bb5-2249-4420-b463-be116f52e883,931.74,2026-05-29 21:07:35.051284+00:00
579fb629-9e7f-400b-b6a0-afd38a840f5f,88e94863-9694-408b-8e5b-cc2175f48d8c,10.0,2026-05-31 04:57:17.386238+00:00
b8a2ce5d-9685-473e-bf84-78d60d880b14,5f6b80b8-9afa-405e-9c90-11c899304b54,4341.81,2026-05-31 10:36:18.706298+00:00
46b75ad3-41a0-4412-a043-3a8c3e8ce1c7,77b48220-43a1-445a-892d-5a9b51f6ab03,1974.8,2026-05-31 12:07:48.270396+00:00
1b49fb13-89de-4f6f-a688-6ea8b5a81cda,82dfd178-f31c-4ab5-af93-6891c6762a21,2533.18,2026-05-31 11:50:27.837014+00:00
ee55ed20-85f1-467a-b0bc-88426f08098b,33a4d9dc-b5a2-406a-b3fc-d9912cf04fba,4164.25,2026-05-31 15:42:27.905553+00:00
f1e01059-f9f1-4c8c-b557-bc34d4ef1e2c,358203f5-3704-48a7-b753-15b5cd2b93d2,819.99,2026-04-29 23:51:57.233746+00:00
9c3a752a-aac3-4199-9445-1a3c3e55f749,e0f02381-3ac4-4dad-a207-28fc3cb51dbe,1305.26,2026-05-04 01:23:53.584411+00:00
9a43ccb5-5223-4d74-acfb-cdf7a3461fdd,ce6a1596-29eb-42aa-955a-67519c0ae6ec,1283.13,2026-05-04 23:54:57.077806+00:00
94746b26-4537-413a-a8ce-d60051d0e731,05dc3cdf-55eb-4eae-9d29-289aea1cfe06,1026.23,2026-05-15 18:49:51.369312+00:00
ee3bd47a-b0a0-4425-9519-85dbc89b93ad,6d0d752c-9502-4616-bc75-70173aed6c33,2143.57,2026-05-21 20:09:52.385630+00:00
150a7919-2bc0-4faa-a006-d94b6dbb84c0,605aaac7-b41a-4c4c-93d9-b1dacc155afd,10.0,2026-05-26 00:57:23.817266+00:00
a2d22ede-b493-4567-8677-06aba2b10e4f,461a2e3c-9f94-49c8-a1c2-50c2980196b9,1865.91,2026-04-29 18:37:48.650804+00:00
30ee7907-b11c-45ea-9ab8-a199b4ada914,13056be5-7bc2-4132-812e-9ded72d9db9d,6972.54,2026-05-06 14:25:35.356833+00:00
882df85a-0533-47d1-8c86-08332f421b3c,fa63b6a7-67d6-41a2-9f63-3e4f4634c413,3005.2,2026-05-11 08:21:58.309547+00:00
06639990-9f34-4e70-883d-02fe0f47d08c,a6d9c392-801e-405f-9fa4-8e59a001645d,4167.37,2026-05-15 16:45:38.576283+00:00
9e5c20fc-9ae8-42ce-a7b4-1c91ad016253,52dfb0db-8448-487d-a127-063efb332363,2704.99,2026-05-25 16:01:15.648559+00:00
69542496-58bb-493f-b93d-1cb3b6bad766,07a03f6d-b0d6-4442-b0f2-61edbb240c11,4352.08,2026-05-01 18:46:25.431056+00:00
d642adca-ce37-4dec-8fa1-796f507ba702,c837420f-d1b2-4510-8386-4b312eb1739c,2407.12,2026-05-02 19:20:49.118608+00:00
7d314067-a3a1-4302-ac94-a0070e7e774b,dfdbe3c6-9927-4099-803c-1a0e9c718dd9,5029.94,2026-05-09 19:53:13.024044+00:00
ef622bea-60d7-4695-9a3d-b429bd8a6173,3af63fe2-a1c8-4570-9edb-8ee284df85ea,2334.19,2026-05-20 16:33:22.439804+00:00
b4a3b19e-0627-4ca5-ae11-1013c14e4f80,087240fd-ac9f-48e8-9cf9-6d31611fdf59,6879.56,2026-05-28 08:34:37.530869+00:00
28f2dd4f-6856-417a-99a4-b28173100f98,589d48c5-be8e-47e8-90c4-5e4a51776ae2,1631.31,2026-05-16 18:47:40.288853+00:00
d63bc2a4-ebcf-4d45-8b74-756d1ab465ba,cf229c3f-ff5a-4cee-aa6d-3211fae198f4,475.39,2026-05-22 08:32:37.007890+00:00
5a3dc886-10a9-4681-b786-fec82c5cf15b,73ce8bd3-3d2f-4d63-9b1d-c31dace2f2b0,964.05,2026-05-26 08:19:22.672622+00:00
11889654-2c43-45dc-ab7d-1ce0f2d12f70,f8556212-66f9-4b9c-9765-8888e17c987a,2915.3,2026-05-20 06:50:26.981014+00:00
72123902-2653-4d23-9f4b-079df7061906,667c64ec-1371-4669-b7d1-25a7142ad0d7,3645.86,2026-05-21 02:36:14.703122+00:00
bf4c4573-59bc-4eea-96a4-6725c6037831,0b9c4b45-3771-4571-954a-efbf9d45cecc,3195.66,2026-05-22 02:57:19.338994+00:00
18538692-751e-47e8-9afe-7288281fc472,0339116c-1248-4276-81aa-3c13a48c7d21,4471.61,2026-05-25 18:13:41.006738+00:00
9f6e1975-a020-4fac-b73c-31b17d65ee7d,45789e92-c504-40a9-81fb-fa833e5dab92,4765.24,2026-05-30 16:18:41.692599+00:00
6ef25056-6981-4ce3-a5ea-8f974a1e8576,0c0d91bf-3ef7-40c7-9ba3-dbaf3f2a91b8,4506.87,2026-03-28 15:23:35.827602+00:00
317e5705-7f8e-42bd-9c44-f94b6948271f,0d2737bf-a1b4-4d5f-8695-c920f1f34034,3692.95,2026-03-29 06:03:44.477065+00:00
f4048b04-7b81-4558-bf8e-d0fc1c935779,665479e4-ddfd-4e70-a30d-b2bcefd8b6f4,3572.6,2026-03-31 00:08:53.986229+00:00
b3818e3f-f10d-4d82-87cc-89b63b7a6f1c,64b5cd06-d41c-4601-9e66-a5b4805c93ee,4478.85,2026-04-16 06:57:30.084708+00:00
0e2aa1f3-e2c2-4d2b-903e-8f73cca92806,275f7f20-1054-430f-8cb8-84070e40d045,3841.78,2026-05-27 16:58:17.934508+00:00
37f4f57e-f139-4101-8244-cd62480fdd0a,19ffe9d0-5c55-4e6c-895f-7cfbc2ecd5b0,5660.14,2026-05-29 16:27:53.382769+00:00
096b1cc6-e7d7-4929-8e9f-f96ec660b8ac,1fcb57b8-0377-49eb-8e86-ae0d50e2c91d,2553.02,2026-04-17 23:17:30.808862+00:00
c33e71e3-6f0d-4839-8b8e-997eabe97957,104af2a6-7d38-439a-8f67-63af66d44a81,2253.47,2026-04-19 02:13:45.829467+00:00
c5c2b4a0-9447-4e94-a5ec-f1e6b3adc952,536ca1a9-6c54-4598-a065-4d641b39da24,3209.87,2026-04-25 03:10:08.439578+00:00
7ae0c927-21e4-422a-90a2-18857f4a16dc,7b253106-90c2-4e46-b6b3-9dcd1befd075,1531.82,2026-05-22 06:35:31.714584+00:00
d4655c1b-39fd-4b20-8dba-02eab6781e35,26833230-e3ab-44ba-82ce-ed9877ed015c,4189.72,2026-05-23 21:35:16.839340+00:00
dfedce1f-95ff-4905-9efd-8a2818df601b,36ca84de-2e97-4f10-ab17-08498d7a477c,3248.87,2026-05-25 20:28:01.517004+00:00
675933a8-cc46-45f4-82dd-2adb09d69ebb,dfad84c4-9f1e-47d1-ada9-7bb282858d2f,2607.16,2026-05-26 16:08:36.215133+00:00
10f479ab-6b70-4070-a5b7-849240363c3b,b3656514-fef9-4fa6-8292-d5fcc7194645,4120.1,2026-05-28 16:53:32.508716+00:00
a95c48ae-8304-428b-84ec-1c02a050612d,5b3320b6-70ef-4496-bf2e-35a8b4eb7266,1729.25,2026-05-29 18:04:38.629103+00:00
c1f6c538-62e8-4536-9456-73cb7797b1d8,39eff840-82ec-4d43-895e-b0dab1032afe,1769.94,2026-05-30 16:03:57.297614+00:00
9120e9b5-cb6e-472e-9161-151bc7e525ca,aa13b22d-d4d5-4fcc-a95a-a519c435df33,4252.68,2026-05-31 11:14:25.655732+00:00
70e0300d-a79a-4b2e-b518-adfd4b5ae79d,c51ff1bd-be3a-416c-9d1e-e205d975da74,1874.94,2026-03-13 21:56:00.764138+00:00
77ec4107-e635-4d6c-9d12-4605fde5c4cb,ed0ad255-87d1-4b9b-9a18-69b96acecc7d,2168.17,2026-03-14 13:40:17.255310+00:00
bcd683e9-2b7d-4471-a8e5-70688e3e654d,8f9d5158-ba7c-43d8-87f7-84680ebf269c,1938.51,2026-03-26 19:16:58.345521+00:00
1c8fc603-4cd5-4a90-aac3-f44260e12775,dfd246dc-5635-4dc3-bf9e-ebbb261e2602,10.0,2026-05-25 17:40:36.639488+00:00
0fde39dc-190c-470e-8139-4d299253dbfd,2ebc7373-099a-444e-971f-9cbbf2efcd2e,4404.59,2026-05-06 00:15:35.609252+00:00
ba3fd697-e966-4fc6-bb12-0d8517784091,2866f400-04b9-4475-9106-6cea3367daa8,3371.85,2026-05-23 17:32:48.553966+00:00
dd9f9c51-f462-4c43-9eca-23271c076e85,ddb7bf61-ad87-453a-a3de-cdc6f6567f44,6726.41,2026-05-31 08:51:13.030124+00:00
43dacbfe-a2b8-4d04-9cd9-6d7cf820c994,300af57e-598d-4b32-9218-3f5e3d569934,3850.46,2026-04-28 04:04:53.123351+00:00
a86642a3-52ed-4c78-aae7-8243558bef1a,d2b82a5a-3aa7-40bd-9968-563d20ac5438,7250.04,2026-05-08 13:15:47.007006+00:00
fab3d82f-7f4e-4fd5-855a-1610a5cca422,21c2574d-0e1e-42f4-969d-ae0fe733424b,3837.63,2026-05-12 01:29:37.597509+00:00
7e517d37-87d3-4647-938d-3d2f1c8df1e6,4369deca-c9b9-4534-ba06-ef65b5605fb6,7735.03,2026-05-13 23:23:43.362474+00:00
34b3c876-eca6-41f5-b920-4033a161d2b1,8eb056ee-9bb0-4497-838a-e0590236fb9e,369.72,2026-05-22 13:05:54.758530+00:00
836f9da6-f478-4c5d-9ff6-05458ffda166,f9d20c10-d80e-488c-b042-b6cbc9faac79,2256.46,2026-05-31 02:39:35.556509+00:00
cef0b49e-5677-4830-a446-903fdfb0d459,716eff32-04a4-425c-ada9-9c46d81ee8c5,70.6,2026-05-08 16:34:20.237066+00:00
d5fb19d9-c45c-437b-81bc-2466aa3f1b3f,79b3b64d-da22-4d56-94a6-113340589ea0,592.07,2026-05-16 20:27:19.006623+00:00
7273d1a0-df47-44e3-b3dd-999d04651632,e6959841-993d-4c35-9e5b-bc438443cdb7,219.07,2026-05-07 13:37:07.324360+00:00
cbc815a2-d2cd-45f4-952f-dba2358be2ee,94104a3b-c27f-4066-ab52-e31779a61043,1997.67,2026-05-18 19:15:37.183357+00:00
4df98815-2aef-4d0d-811d-e0698aaaf662,e8748a99-db65-463f-a155-fe024323227d,968.37,2026-05-27 05:04:44.671131+00:00
0d68784c-f624-4ce5-96b8-08aa844b1106,3ed1c2f9-cbd7-4871-81d4-5a0f0541b799,1129.99,2026-05-27 22:02:35.998646+00:00
2a334182-c06d-44a0-a292-0c0f91a45d1c,c028f057-a95a-470e-abab-0b5e35aaa653,1226.17,2026-05-30 23:37:18.712669+00:00
b413ae3a-5484-4445-8a6a-807edbd338dc,adc03d19-b304-4e73-ae60-3a39850d61af,5934.67,2026-05-14 00:20:17.900725+00:00
12866038-5bab-4b58-b8fa-3750c54bd9ef,eb911b3f-e5ce-4bb1-997d-96d3285dc9ab,3801.92,2026-05-18 08:19:59.489992+00:00
f04828f3-4389-4ede-ad92-3b9611564bf4,8dd107e7-9d8d-496d-9f6f-83a7f7a98ee6,1405.85,2026-05-20 09:14:54.765657+00:00
97d234fe-136e-42a6-a685-fcf09776fa6a,1e0ef7cc-1b03-4d5d-9818-eb92b93e04a0,2699.65,2026-05-28 05:23:35.743990+00:00
978e8d26-2961-4a17-9ffe-18df06477306,c77bedca-4491-491e-b380-341148e93842,5455.61,2026-05-28 16:39:38.970177+00:00
a99ce9df-1e2e-4810-acfa-0b71e58c1c95,6f812d69-b19a-44a7-88a2-604ab7892ccf,2611.85,2026-05-31 21:36:52.514573+00:00
70cdde66-6918-460e-b285-3e95b02d6136,d984c95a-9f10-40ff-8183-c2be46cabc0c,2606.41,2026-05-20 08:05:49.571499+00:00
31f8debf-7dda-4890-a4dc-98a0664268cd,23c46cfe-e8b7-4158-a8bd-be25e8e74443,2321.08,2026-05-21 11:17:10.767289+00:00
a1f1280c-5423-413e-b6ce-77c4fa23cdab,756bedad-ef0e-4bc3-8946-3997227a16c6,499.81,2026-05-21 12:24:28.759353+00:00
3e4c5e5a-4d3f-4082-923d-dde8258d3e5c,ce5ca105-fffb-44e9-9291-fb47e09721ac,1332.23,2026-05-24 20:19:38.372017+00:00
4a68cb10-00e1-4a40-b760-0d1e0ccefef6,7370bfc1-ee1f-43c7-9c25-39e8c573be8e,1613.49,2026-05-31 17:32:02.340694+00:00
ad39acfa-e0b3-493d-9d36-ee1fce8e76ac,36dbc45a-e459-47c2-9e89-614eeaa085a9,576.06,2026-05-21 06:13:44.336570+00:00
f4e27389-c3d6-4b06-b204-3b95ac71cd92,3a9a370f-7fe8-4e92-b325-57e1544c16b1,1903.84,2026-05-22 21:06:41.191358+00:00
a703bd5c-148c-4c0d-9eb1-922b0eb03308,806f80c6-1cb5-4294-9c48-ea9e44c478af,1073.91,2026-05-25 19:12:27.032393+00:00
2419ea83-d7d8-49d9-afda-50030d5cf75f,41b1e46b-e57c-4de8-a15f-f77a4b00a1d9,2430.72,2026-03-12 16:48:34.733685+00:00
2675b48e-57c0-4fe7-b855-e1a4e813bd23,5a0eab6d-27e3-4c89-80dd-0f67a6bc98cf,2773.98,2026-03-29 03:17:25.787372+00:00
1810ce24-1af0-4000-b627-c15c55bcf432,a629b6f5-d34b-450f-874f-083b709546c5,1875.7,2026-04-13 20:03:54.378711+00:00
0c544ab1-4fc0-4a80-b726-03d52b9cb954,d7c5584c-d0aa-448d-b7f4-734f23954e1d,2067.19,2026-04-29 13:59:56.542701+00:00
c305c72a-5f44-45d2-b8bb-96c6a7d32fc9,fd7741b9-0766-4e90-bc29-40f4e2286740,1867.2,2026-05-04 00:08:32.345719+00:00
a18818fb-0373-4239-9703-21eac5d3d87a,17553e26-7840-400a-9599-86aff50dfbdf,889.04,2026-05-27 16:05:45.394997+00:00
48828526-cf00-4d74-9601-33fcc9085e1f,16af618c-bad7-4b09-9ff9-57cc8515a8cd,518.86,2026-04-28 03:13:10.123464+00:00
7840064e-3f50-428f-ab9d-47af7871d573,d0bb3786-4ec0-47a8-b490-31757f31618d,2007.27,2026-05-18 14:26:55.079877+00:00
9a492b26-5f9e-4127-95bb-7b0f34870ab5,28a5a268-562f-4597-a2af-ca5b8b89f8dd,3103.64,2026-04-29 22:31:23.354995+00:00
3715a879-94c4-46bb-b273-a9ae0bf928e8,347e03bb-451a-409f-898b-6c2c9f4fecd3,3802.12,2026-05-08 01:05:57.785420+00:00
deee8c4a-3756-4745-87a7-711af476f1f4,1f048153-228a-40e5-b019-89a3081dd90e,3004.98,2026-05-20 05:40:36.886949+00:00
279ea1ce-ecae-43ca-9d0c-b7dd720d6919,7cb45d6c-0a41-4bc3-adc8-b68f9c61e87d,3150.91,2026-05-13 21:38:36.658460+00:00
16cc0b03-f580-444e-ab98-774474d9184b,5c5c8e9a-b8ab-4738-85c4-084f16909156,4186.92,2026-05-15 11:09:04.597667+00:00
d9707cc4-d41a-4e49-bd87-b7dc70d85715,a144ed35-584b-4cc6-bda1-34896c77173a,3755.87,2026-05-28 06:40:22.412048+00:00
de13b8c3-4add-49d3-aa75-a567b3bde0c0,6827cfaf-d13c-420c-ad3f-c229bf5e7cfd,2876.86,2026-05-29 12:47:19.770340+00:00
e7b6b4ef-7dc3-4651-a224-7fa076c3e90d,c5d6f014-8620-441d-bc02-81f64e0d17a3,1965.19,2026-04-29 11:18:40.122437+00:00
9aacbb11-870d-47c7-b123-5e0567200eec,0f78bc1e-c48f-4660-a746-5196d9237541,3233.6,2026-04-02 02:42:15.342462+00:00
abb2bec5-c924-4bb3-b2af-90deb831ddb8,6283fb15-3438-48ce-bf3b-e6be0d0e21d8,4267.71,2026-05-20 05:51:12.844579+00:00
8f2155a5-7b8b-474f-8088-5397439a6f10,b1c3f17c-6577-4e53-8004-e8e1ca31f7fe,10.0,2026-05-29 10:41:06.271305+00:00
bc03eb57-83e8-483e-b856-018d396c6cb1,3ca180d9-4f46-4e94-8bac-65a88677f9cc,1279.01,2026-05-21 01:57:20.886760+00:00
22c77b4b-cbc3-4a35-95c2-32fa10861f5c,bfcc42b0-2fdf-405b-b16e-5a2b75544c9d,423.12,2026-05-22 09:16:35.414696+00:00
8a58eb22-af63-4511-b81f-94864cace135,64a2ae4e-1f56-4f46-a31d-4801fb9465b6,526.12,2026-05-27 03:10:10.078707+00:00
ecc59f8c-233f-4258-83f2-5e4c723008e4,88398f52-05b7-474c-ba3c-378de0bed8ae,1545.64,2026-05-31 14:47:41.217768+00:00
3495b936-72ed-4ecc-a1c0-a2c3ece92226,29daa777-bb0e-477f-92f2-4db21d8501ab,1663.2,2026-04-26 09:38:56.854786+00:00
cfe27577-9193-4978-83c1-30dead036858,c41dd510-c5ff-43a2-9203-e0be9294012e,1949.25,2026-04-28 02:33:21.492184+00:00
9d46cd0a-a466-4bd7-b19d-4ded503eeae4,7becd481-413d-481d-b8de-142a7a1e66ff,260.69,2026-05-05 08:18:15.630345+00:00
8b496209-3326-4bea-b356-e41ea867c193,31f3107f-3bcf-4c58-a456-80be24fe35ad,867.05,2026-05-12 20:34:14.869391+00:00
0d520bbc-88b2-48b8-9711-9c8ca32b9b2e,d89ef9d5-b725-47e4-aeca-c87faf87467a,981.66,2026-05-15 17:07:14.153208+00:00
3f5d4160-7024-4cca-9296-cbe6a7bcde24,468c51f6-59b9-4b8d-bf70-a57c1bce99bf,599.25,2026-05-23 04:01:31.400357+00:00
84f1b399-c49a-4523-8840-54d6eb9a51bd,58c42c67-1e4f-494b-8d30-4a7378ee2348,2169.66,2026-05-12 03:54:53.116965+00:00
b572bf7b-08d4-415b-8806-d6ca8e103638,3eca59d7-f723-4b99-b1ec-23c3a91242bf,2138.72,2026-05-12 19:58:05.766151+00:00
50c95a73-d4e5-4b7f-9935-e739f049e725,ec35edea-c949-459c-b8e2-0190863783f5,2842.28,2026-05-29 23:04:33.405041+00:00
834777d7-b29e-406a-af04-77c2477df93c,0a813c60-61e9-44cc-a0cb-fe9939054e80,1339.76,2026-05-21 17:41:15.743995+00:00
58159f5e-da8d-486f-8fe2-3af7423cfbe1,fd449841-a2fc-44d4-8689-9d3516da2097,391.23,2026-05-25 08:03:27.155726+00:00
07c0b5b7-3200-49e6-944e-4f29bee0fec0,d3c2d30a-5167-4fc6-9b94-a229d22c2a21,1123.8,2026-05-25 13:33:42.776748+00:00
e15ca0e3-56bc-431e-9413-113857f3fce0,bf4278bb-2dd0-4a60-8fe1-9a4a74ebc72d,385.09,2026-05-29 05:52:17.087271+00:00
e6bbb1be-256e-45f1-b3ab-5bf9244da656,c9e980cf-4657-4d61-91c5-96732e209503,1165.38,2026-05-24 02:33:11.756069+00:00
2f748c24-30b6-44d2-9cc2-71e27ca1986e,4df6f481-0843-46a7-a9bb-c81c892871ee,350.12,2026-05-13 12:49:47.053610+00:00
8690cedf-8fcf-4e7f-b022-4aa3f2061b7b,3b2414f7-b1fb-480a-a4f5-54cef95da47f,2100.17,2026-05-16 14:19:22.847289+00:00
3835f2ad-4fab-4258-a7b7-489b46c9b734,9e58c707-8cb5-4431-af59-b400e44377c1,70.94,2026-05-10 11:41:32.113309+00:00
b60b27a7-f631-49ba-9246-c677a923783b,9a134ca6-90d5-462e-afe5-33ca849d7244,196.47,2026-05-17 20:46:26.243238+00:00
b55b2e43-811f-4fc1-81e2-95b67a617499,e7f339eb-4d45-46c2-8012-f9ee70326660,467.83,2026-05-20 17:31:40.650825+00:00
5059b4ce-70d5-4b58-b24d-f1f64c5e5ac6,07dbaf68-6dd7-49a2-88a2-231f7a6f3287,777.82,2026-05-23 05:04:33.515573+00:00
6d88b661-48cd-40f9-b1be-7d45b8307d1c,4916e71c-122e-4f5e-b139-3d247c801876,876.49,2026-05-23 10:25:36.543933+00:00
2f428e00-e06c-4d0e-86b4-5d607f930f9a,b3dbf2f3-5aeb-4ba6-b89f-3e8c155c57b5,523.29,2026-05-25 10:29:24.913163+00:00
1674e32b-b75f-449c-9d41-c10c59900a49,62914761-f624-4438-9c31-1b17ba8726ac,3131.56,2026-05-29 05:53:01.051851+00:00
e287ec7c-4a1c-4b14-87e4-88d6da8ff2d2,a2f28655-1177-42a5-9298-6d87feb259e6,3146.77,2026-05-30 14:43:16.474834+00:00
0fad3de9-8603-4140-a95e-71720a850253,f27eff83-dc3f-4c40-a14d-046e2f008a10,1923.33,2026-05-21 13:00:06.870622+00:00
bee16f81-6dbb-40d8-97be-5382fafba123,088ff811-d46d-41c3-83dc-4624609903e6,1946.68,2026-05-26 21:59:56.553134+00:00
17f85ac5-001c-4572-bc3b-ce48a2a56652,21d8c7d0-f9ae-4196-9fb8-6ee65c6ba1ea,4255.89,2026-04-27 19:37:25.247921+00:00
6d47fd97-0ec7-4f05-bd41-2c328bb7781a,bd106472-8d9c-4709-a2f4-7d2dedc2f0e6,5342.57,2026-05-26 03:49:22.443175+00:00
46920453-4205-4b9b-8269-94f9565718f9,d1951932-c0db-45f4-9eb7-6f03a07a4289,2695.04,2026-04-24 21:49:17.240835+00:00
e6bd0c6f-874d-45fa-b8ee-0242df53c632,09121411-5927-4718-be68-eeffbae53d40,6190.56,2026-05-01 16:02:34.629110+00:00
66093454-401c-4781-9c1a-11f65898cf09,b66a7528-7955-4a64-90f0-6f94cdfe75d1,4402.15,2026-05-05 08:52:58.050239+00:00
39d46798-3fa6-4c54-b562-5cd60ef16845,42eeff9b-5c3a-4c6b-8d8f-5b09d6e4c12a,3025.96,2026-05-07 11:50:37.830634+00:00
95435f12-3481-4580-ad6e-9884d0367965,d755fe89-dd8a-4395-bc8c-3764d88f9920,3472.69,2026-05-22 05:05:08.292903+00:00
d74f7573-962f-49cf-9c62-74976e9c6d99,aa64de3a-cb9b-47b6-838d-25cacfe2603f,3424.48,2026-04-24 23:59:28.031808+00:00
b4a05396-ce3d-409d-a018-84ccdf1d525c,fd0a1021-e735-4ddd-b5af-aa40bf0b8112,2622.77,2026-05-22 08:34:06.060109+00:00
fc74a1d5-0ef4-4a2e-b769-ea7dbd7ca753,cf2159ca-56e0-4ddf-b72b-aa5b8557e043,3354.52,2026-05-28 06:58:11.958895+00:00
a8ce26a4-c132-4b61-8625-bacf805728b9,818ec683-927a-424b-bb10-7f7a73a98582,3504.49,2026-04-13 23:39:46.617998+00:00
913a61be-8592-4cb4-95dc-833fda6a624e,7242ba2f-a02e-47c6-811c-07d30d8ff721,1450.9,2026-04-15 14:28:18.572271+00:00
26910057-944e-4317-bac1-86292661692c,78025971-f34b-48a1-9091-017939a71143,4902.07,2026-04-15 20:07:12.712371+00:00
aa21f38d-a3fb-4d5b-aefc-196d14618927,3adec14e-78bf-4cdd-8aa8-86e6caa048f8,10.0,2026-04-07 21:23:19.561641+00:00
2c720a5e-4494-4bb0-bdb0-cf3fb70327f0,839d1a48-fea7-4bf4-92a1-58b0c015c4f7,760.74,2026-04-22 09:18:12.143693+00:00
d86e3d12-c10b-489a-8078-6565234ce1c8,1f29da33-f2e1-4115-9f82-9fd0f82d3231,1365.44,2026-04-04 02:09:24.810684+00:00
6fb6a514-4bf3-47f8-8235-069abb65ed4c,f8d88b33-e369-440e-9c72-4f72f497498a,3569.87,2026-04-08 12:40:54.827313+00:00
aaeef8ff-9cf1-4a55-bf69-6586d8ab1f4e,89f05895-554a-49f3-9ed8-f0b4ebfff75b,341.05,2026-05-08 00:14:40.969874+00:00
a6ab8d3c-b741-45e6-bf94-5eac941e857c,ce79fc5a-74eb-4ee8-b77b-96a7ceba57ea,2461.05,2026-05-10 03:38:52.994669+00:00
464847e7-a548-42b4-944f-3a281f07502b,5a21a0dc-2552-4f82-be27-baf8873a239c,4128.45,2026-05-12 20:41:13.245680+00:00
48258a39-f929-4a68-8987-cff6b578939d,105ed541-b3aa-41e6-8ea5-e279219033fc,6824.85,2026-05-25 12:04:09.837706+00:00
bfb24504-e7d2-4e33-8c28-4085b40dde9c,b81831d3-68f6-4028-bb1e-c5df1f7a5154,692.49,2026-04-11 09:56:27.117128+00:00
e74c777f-4660-4dd8-b860-570f7f4ffa72,ae0ebffe-3369-453e-aa00-34a55705d454,1416.25,2026-04-13 07:32:46.394308+00:00
05269f2f-7ea4-42db-be5d-a7f00b1898b8,04ed72f7-3e59-4129-a906-f30cabf21dfa,861.14,2026-04-19 04:59:13.383399+00:00
9aad5f50-8d6d-4558-8586-f0e8cc72fd5f,57417e41-f48d-4c7e-b78f-26bfd2234e57,1096.29,2026-05-12 23:22:47.800678+00:00
3316bb18-c48c-4040-805a-a03f9c3edb58,5adbf661-7a44-45bf-afd4-e5826572c4c5,2261.96,2026-05-28 02:17:38.806804+00:00
e7c94830-c188-497a-b08a-bd50c6869d2e,6552896c-fb19-4127-aa05-01a0e0d82a02,2644.59,2026-05-27 05:37:21.362545+00:00
c2bacfb0-d464-49e9-b1a5-a20872c10337,c68b9409-e921-4ba8-b0c9-4843e31ce559,2319.15,2026-04-04 02:15:50.094464+00:00
e9eded26-7014-4887-8751-0eae52587e81,fafefd1e-25ee-43a5-a731-a99a8935d499,2345.64,2026-04-17 12:16:38.056021+00:00
02069d24-cda9-4ec6-9b12-e472da02c444,63753498-c37d-46bb-80d5-7fe68d43e87f,3939.02,2026-04-20 02:18:30.566512+00:00
944dfce4-7b62-4b56-b0bc-7f08655bfb6a,1f5bf7b0-97ff-4b83-ab49-584bf39b1a5a,2649.12,2026-05-02 05:52:07.794901+00:00
2494be31-7fff-451a-b1ec-3165ec305fc0,1c19f23d-e9d5-4032-9c40-320110bc2fe6,2251.75,2026-05-07 01:57:38.035169+00:00
16dc9339-704b-4a9b-be5e-4fdb0a36300e,3ee36d7f-37bd-400d-ac8d-44be521da56d,3158.41,2026-05-19 23:51:17.783609+00:00
0ca73e87-cf15-4226-aa46-d410d6b15811,6daefd44-1875-496f-9334-7f02ebc287ed,231.58,2026-04-12 14:22:23.008539+00:00
592efb68-65de-4d50-9fcf-99d60e24b5ab,20be1478-ad93-4d63-8a5d-67ccafe70069,212.51,2026-04-20 21:17:40.386251+00:00
3bfc16f0-1003-4ec1-b83d-72945266e0a2,4c03e33b-f7ca-411d-b710-d7d5145723be,217.1,2026-04-22 08:33:34.623540+00:00
c8c52f5b-05d4-4698-b22b-87267a33a086,c6c793aa-d1b1-41fd-be7c-5c8b363a38bd,172.92,2026-04-24 15:23:47.197102+00:00
6ddd0a58-b71f-430a-9bcf-3e2e8ef3609b,7bf5c8db-2479-4ba7-95a5-c4df14382853,355.49,2026-05-13 12:02:29.377623+00:00
ebae8c40-f1b0-4390-9827-a9e68eb6879a,359ffc0c-cf18-4882-93be-e6a81972b0ed,3434.02,2026-04-16 20:38:40.645205+00:00
b56181a1-cbed-440f-9ce2-4e74cc1262c3,8f6df659-32e1-47fe-8683-71d04cb16196,643.0,2026-05-01 01:07:06.515718+00:00
bfe41d69-864a-4146-80c1-e481762eb71c,b15196fe-0bc7-44e3-b813-b97e8f9d1b48,1294.85,2026-05-11 06:12:47.890900+00:00
3d38c112-b903-4405-a67c-080ecb77c1dd,3285e407-30dc-407b-a5c2-28ea1eedbf3d,1858.05,2026-05-16 01:27:49.865476+00:00
c2b2e794-a25d-43d2-a965-ef11fe910414,fac4a00e-4316-42ea-a882-00b761f97079,2668.45,2026-05-29 13:55:58.035772+00:00
6d676ad0-da73-4d03-a45f-c33d771b8806,47c18aa8-f6a2-4cfa-a9e2-8553aa272f0e,1652.82,2026-05-30 01:40:27.246026+00:00
f3dd861c-13eb-4a60-a366-ea83bd22aed6,4e054ec9-974a-48e8-a502-e4e5540c999e,3699.63,2026-04-03 01:12:15.830516+00:00
8b7df535-34d6-4a33-834b-c77bc679594e,6cd7f2c6-52d7-4398-94b1-79e81ab161cb,113.91,2026-04-05 10:59:26.993877+00:00
0030b743-1a21-4f62-8204-606329d8fc2b,e3f0cb9c-5c79-49f8-886e-60a7223e084d,1187.68,2026-05-01 18:21:46.566370+00:00
c8c9cd84-d062-4460-a68e-16597934b1eb,8db7f9f1-5771-4eba-87dd-6beefe18b511,1111.93,2026-04-05 22:58:14.845217+00:00
eea759c9-053e-4b28-86e7-b66426e08f89,4052127d-484e-4d7f-9c76-5468a056dd60,10.0,2026-05-28 18:21:37.032043+00:00
9c57c1c1-7609-4174-a3bb-fd0cc20a6977,f682bb91-f08d-41e3-868e-3975a8f61184,3800.19,2026-04-13 05:53:38.543847+00:00
f5482856-a79c-49e3-9c59-7946a7f1b7a3,2c8be84b-b5f7-458d-b34d-81f27f0304b7,8091.66,2026-04-22 04:59:30.949182+00:00
9e319eb1-2c93-4a8c-af81-9a8ebbe38311,70c91f81-7528-4e47-b01d-8e9008d7c2f5,2388.02,2026-05-16 11:07:12.470481+00:00
b4b331d2-1933-4bb2-9ff7-8b1ccd7f6cc7,6f2d59a2-32ed-4f0d-a069-674446a68f76,6393.49,2026-05-18 16:39:27.050975+00:00
316254c3-6d58-4f90-bb3d-1bfa5b19e8ae,dfb14fe7-e97e-480a-9d8f-2b50dcce952e,446.31,2026-05-29 20:12:21.492993+00:00
f6705f31-b8b4-41e1-a7c1-d533323acd06,e2897643-b9b3-4766-8b44-dcb359765aa3,2297.93,2026-03-17 02:42:18.223234+00:00
bafd7c22-3ef0-4e58-907c-6129a309d16f,cfea6128-20ec-412f-98b9-6af6be3b560d,4550.22,2026-04-13 14:39:28.198586+00:00
821116a4-df09-4340-b515-0728b08edbf8,74463cd7-fa5b-4111-b07f-237a42458f9d,643.0,2026-04-22 20:54:33.270016+00:00
9ac01f1a-c0e9-451c-b239-79a889bdd51b,a7f1471a-e6da-4c18-a2ef-1e7015754268,238.46,2026-04-23 19:56:47.143497+00:00
ae474132-bced-4804-9ec2-07ca4fc93ec2,57890f0e-b3be-4488-9cb4-d7d7c58660a8,101.79,2026-05-31 14:28:31.413209+00:00
eb709bc8-02b6-43b4-9c5a-4e03f68209b1,b08f4d25-9e55-4301-94f0-c72c9f8a4f84,2981.81,2026-04-26 05:08:50.999718+00:00
b140dd2d-e663-499e-bc83-7d7e83510582,c2a248ca-b91a-4f04-aa33-b94417383eb7,2016.15,2026-04-27 23:42:58.502578+00:00
c56e93e5-bdb2-4c5b-af60-564ebdc13fb6,4b54ce68-14bc-4755-8a5e-d21b17825298,1503.61,2026-05-03 13:00:04.916278+00:00
ae137a42-2669-4952-9718-709769482e85,22d2257c-d61e-4840-81b0-b3b23765af63,4419.3,2026-05-13 01:29:20.573779+00:00
707cc45f-ae32-4859-b9e2-5bc0657558d7,ac187a52-2813-4919-99c9-c0d7a4d5b3f9,4117.28,2026-05-21 08:12:01.284390+00:00
918a4961-8263-4ccf-ba20-e00aca38deb8,c75624db-337a-40d6-9b85-56bab69836fa,730.57,2026-05-16 18:37:31.041296+00:00
97b60f3d-ef8e-47c1-9940-6417eb4043aa,2710c269-d65c-4972-9d89-fc60c2e9affa,3294.69,2026-05-18 17:05:58.082713+00:00
47240277-56a6-40ec-a241-22b51867be07,286bd069-d320-46b5-9cf2-5d9e2386c29d,3042.61,2026-05-19 20:29:27.302484+00:00
c48aab8e-d953-480e-ae88-4ef93907f2d6,bc7de1e5-7aed-4aff-9da5-55f0f0e13d10,6576.89,2026-05-27 11:39:48.414478+00:00
7c3b7de3-f00e-4cf2-bf4e-0e5f32a46bcf,53fe29c4-e563-4319-badf-27a74e2203dd,1336.82,2026-05-05 20:32:23.175045+00:00
039a9446-4dff-40dd-9e2d-73b88645d3c8,2fa87047-c283-4713-b64b-b298836650bd,10.0,2026-05-08 02:45:32.723704+00:00
794d7537-7683-4997-824d-f9ca68820045,3beea581-23e9-4525-b087-9363830ab604,1314.98,2026-05-14 07:58:29.153226+00:00
a7f71f8e-4f18-4a76-9125-d3be53233ccb,6e4f9799-df99-49c0-b79a-88cbdfdb7946,3314.8,2026-05-07 04:35:13.594078+00:00
05578768-2af7-4cd1-b406-ac09b0259010,dfedafec-f709-4141-b6f4-225911fe93e2,2521.08,2026-05-08 05:59:35.374508+00:00
d187dd18-a9b4-45b9-9ffb-f2fefc8bc3c4,c6e5ba8d-44b2-414f-9e9f-a8643efc6cb8,2523.47,2026-05-18 07:42:47.783083+00:00
68d92e88-b277-4df5-a405-f5bb0735ec63,bdbdf6bf-5e1d-44c6-9852-63b2bbc374f7,2820.6,2026-05-22 14:39:20.750031+00:00
3ffca460-0342-44dd-8e84-adfafa621a86,04c2865a-8050-43d3-9b6d-55848c0be3cd,2842.05,2026-05-24 03:58:43.107264+00:00
2fd9b163-8a88-4250-b05e-38b9a2197035,c7bc998c-10cf-4615-8808-23e9b57229ef,494.02,2026-05-26 19:14:30.413965+00:00
7b42a9b4-7220-44d5-b8e1-277027f853ad,6479d38c-5f68-4e32-8daa-4af3f5bb9709,5438.04,2026-05-28 00:29:30.235439+00:00
8ad28be0-115c-4d4f-83b8-1a432bc275b4,b981ef08-6a1e-4800-b883-b7b3ef1f4db0,392.69,2026-05-28 04:32:47.718804+00:00
eced4946-dc6e-474e-8c70-660db9852b66,1fa93daf-c4ae-48a5-b147-dd81c5a02b08,3052.41,2026-05-29 02:38:00.723472+00:00
5ba495b5-61cb-48bc-98f1-e7d92558b46f,2da0dfe6-ef6e-4616-a4aa-b6c07394db05,783.68,2026-05-31 14:03:28.754517+00:00
26b93c5a-c9ff-4833-a1ff-e7ba35e82c41,5c1bf10e-a084-4ddb-9933-69a47f616dd3,1892.1,2026-05-04 10:52:10.699507+00:00
3274cc04-9f22-4439-9383-f2aa9550cf93,e56c541d-1e7f-4b81-8e71-8908c2e817d4,937.08,2026-05-15 19:01:55.721443+00:00
4932976a-bf68-4b72-b695-5bd69354e345,a7772732-99c5-4c8e-ae3b-90c0cad5248c,1373.18,2026-05-16 05:07:44.255439+00:00
ecba83fa-040a-4611-a760-17fcce6ca2b2,ec57cea1-a0a5-4dbc-9c7f-bf13655097cf,2148.37,2026-05-17 09:35:42.059431+00:00
e20ddfe7-a47d-47f5-9b3e-a622ee9b6892,b1574896-da6a-465c-bf87-a7ba9b59a0ea,1010.15,2026-05-17 18:07:31.403139+00:00
80c63a63-a518-46f5-8614-929755966ab9,81db3df9-51b8-4c1a-8920-f7c9446658fb,1994.57,2026-05-24 17:34:38.477923+00:00
4e3614d3-c6af-4d2e-b4c6-38be8b72a23a,562b3dbc-a36c-46f0-82c1-af85f93c15bb,4445.97,2026-04-21 01:54:14.834247+00:00
371d86a4-84d7-4db0-88d9-bb45eca97f2e,2bee9654-20a2-48bc-8437-1a83cc31c5d5,3057.85,2026-04-29 09:49:02.363903+00:00
de1927c1-e101-4bf0-8953-40a66ef063fc,0832b921-068f-4648-b1bc-46005b0f28ca,1792.49,2026-05-13 06:19:30.303459+00:00
0ced5a51-0bd2-43c9-84bb-cbb9a24f2c96,af0194e7-e83e-409a-8bc7-283a0308d996,3127.81,2026-05-26 20:56:41.582635+00:00
647dae09-8d28-4873-95a9-0fdf1dab484c,7e72bda2-18d7-4a4b-8257-248f32f83e3d,3213.12,2026-04-13 10:27:23.134162+00:00
4bda9030-24f3-4993-9f58-0822c011d7df,522ebf8d-33a3-4cbe-ba62-9812eabc124e,1539.51,2026-05-19 04:46:45.206357+00:00
535813e1-7dd3-468e-9fb0-bb4b28880371,7a56cfc2-0fb8-4fc4-acb1-2305ac45be6b,3101.73,2026-05-19 20:34:42.743233+00:00
6be81280-fa30-4dde-a1b8-bf9f7c2ffe9e,77648a02-fa71-4c3e-9c2b-2f8b6132d378,3639.66,2026-04-20 19:28:57.379488+00:00
49a9d457-dd86-4ed1-b370-54502a927580,5a292be6-f3e8-4703-988c-60b8c45dc9be,3096.21,2026-04-28 11:18:29.995084+00:00
fc65794e-0da5-4b96-bb6c-8d745e7316a2,7afaed55-6b62-46bb-ae2a-e57bb9d66eb3,1623.87,2026-05-04 06:33:04.423772+00:00
370ff7bd-6ca3-4358-99b4-62cd2c374788,74e8238a-810f-4003-8ecb-bf9cac6d9ebc,1992.08,2026-05-06 07:49:17.265184+00:00
707d58f0-0b46-4895-b1b5-e711cdac0480,231d2622-6c3d-4057-977e-5836ffd40a22,2431.18,2026-05-23 15:50:23.824255+00:00
7a954748-5d5a-47d9-a1ef-e063ea5559c6,a9083317-5197-4809-b246-49b595d349ce,3031.7,2026-05-24 02:51:21.007188+00:00
d86668ef-d3d8-43a2-b94d-8470837f8589,f4f1812d-dc83-4e5a-b2f3-30b23a697dd3,1059.71,2026-05-12 20:08:14.921852+00:00
21006cb3-cc83-4669-be18-fd5795aa7d16,254642b8-3a58-4b75-a6d8-09d94921a0ac,1430.94,2026-05-12 22:42:52.313762+00:00
639b5be1-b01e-4e70-a362-3be8aa1946fa,acada18b-52a5-4f4e-8e2f-37520fefd321,1362.36,2026-05-22 06:11:41.948653+00:00
e73ec371-7812-4e8e-9ed6-394591e14c69,3f2ae9f0-8197-4574-a739-732269fc85f0,992.98,2026-05-30 19:14:20.690437+00:00
c34305ef-88b0-4fa9-a23b-ca330c343b83,1498a7aa-c283-4d1a-853f-654d80738f29,2511.09,2026-05-30 18:59:10.823929+00:00
301c7564-9ac7-4ca9-a845-bffd1fe6cd43,2f7551b4-b95c-4dfd-be2a-8131a1cc6b2a,539.18,2026-05-30 20:43:27.411991+00:00
c3a4dca7-50fe-498d-9390-33bf328e3d55,31e1c47c-dbd9-4af5-abc3-56c17882b8b5,582.48,2026-05-30 23:13:26.303487+00:00
68a62517-c216-4597-8f3e-1d6c154c5882,746d1496-733f-43be-852e-a56e25f21e8b,2624.55,2026-05-31 09:01:04.738962+00:00
ccda5468-8dde-43a6-8bc1-be7ca29d5529,1f54549a-ae13-40b2-8bef-4930222e1792,1459.3,2026-05-31 09:12:26.652178+00:00
3b62c20e-00a1-4819-9c86-c6c445e4bd08,74e7be6a-9b53-42f9-ad0e-d1bc434ccc48,3440.08,2026-03-14 05:36:20.274352+00:00
c676f465-49d5-488f-aaf5-6669380f7ef0,54ca4045-72b6-4307-bb6f-aee04eea69c7,1075.36,2026-03-25 01:07:34.871080+00:00
e8bd69a0-5cb8-4c9a-ad46-798a688de5eb,32cb5df9-17fc-4aec-9722-ffc82619a8f4,10.0,2026-04-21 02:35:11.092312+00:00
c84e7999-d5d9-4c85-8cc5-1655c9c3eb29,42943e43-f7e3-469a-b903-9e0fcccf570c,3467.81,2026-05-10 05:17:09.879625+00:00
c3f3beaf-3502-4d23-ab7c-dca5594ea50f,74db9ea5-1bb0-4a23-b6d9-32760c418f82,707.28,2026-05-31 00:54:04.755644+00:00
f506e29e-0002-4fd8-ad5b-e4087d18d729,28ae8da9-e876-4fc1-9208-2db3b5d69fed,2369.85,2026-04-06 17:01:59.569132+00:00
3f076c99-c9cb-4639-a25a-d4a736f5c1fa,87bc27ea-325f-4ee2-bb5f-e48d399d2f46,3162.96,2026-04-12 08:42:06.908397+00:00
ed766f1c-b5d8-4e2b-9e0e-1f092a3af37d,8ee3783f-ab29-4b21-9a24-45ac3a58f6c1,675.23,2026-04-19 07:00:43.094189+00:00
c854be6e-c931-4fb6-a605-a3ce7482e344,14d6ba6e-cd97-48cd-b6cd-e49642c30ab8,665.22,2026-05-02 22:32:06.424772+00:00
c22d235f-f501-4171-9ade-93cf68547743,5fb79dda-c2c5-4aae-a284-959b67824cb6,812.76,2026-05-03 18:22:59.093989+00:00
950f180a-408d-4772-a7d0-22c21ae3e4be,8f5e69aa-5667-44d7-8c60-8a50434af640,553.31,2026-05-09 06:52:42.439892+00:00
6731691c-07fe-4c42-9d74-2f3fcab07318,c1f0d864-9ec0-4030-b39d-1ba925c5da72,3278.71,2026-05-15 15:04:42.047571+00:00
2aa2b3e3-32e7-470e-a95f-4debdccb558d,999d9259-8bf3-4fd1-babb-7ef88de03dea,1587.87,2026-04-06 02:01:37.923271+00:00
41af65ba-b58e-4daa-ae5d-f951a9b5eee3,8e92a26d-008e-456c-9db7-612a61ffb07e,2857.62,2026-04-28 19:27:10.561961+00:00
2e723ef1-bc88-442a-b5ac-bd1c6e558683,07b14ecc-a0bf-417b-a6de-6bb84c93f791,1727.09,2026-04-29 01:18:18.026516+00:00
c5a79032-3601-47ff-aee0-7810542caf93,9a2421e3-c860-4df3-ad3f-5246c967418e,2564.22,2026-05-05 19:13:32.925668+00:00
0f46b50d-0b1d-4ebc-91c6-394f7859d3c5,88cedc5c-d2e7-4e33-b0dc-ac5f033f58ad,10.0,2026-05-17 21:45:26.786851+00:00
dad965ef-3e9a-4ce7-9a83-9662e4c80aec,de3d9029-3fd1-4a45-99a9-335019fe2c4d,488.29,2026-04-02 12:12:09.490466+00:00
5bbe832e-d538-443f-918e-53308d0ea629,4f66d826-fcc1-4870-8596-e0e762ff7af8,839.3,2026-04-13 17:44:08.256694+00:00
2d5f3874-99a9-4fa0-b3ac-a1850f502ea1,000b29d7-8c06-4423-b68d-a89d889f14f0,644.4,2026-05-05 09:01:40.726519+00:00
58a283e1-acef-42be-a456-4cc0695b02cf,2a578df5-0bbd-4ccc-8a72-8662e30fb501,510.0,2026-05-29 15:04:10.428386+00:00
434b3ffc-780e-471a-a94e-07296f63ba7b,69797528-af72-4ce4-b3fb-9993b749fb4c,957.32,2026-04-23 10:11:26.910811+00:00
ff94f140-001a-449a-9202-57603daa8ac0,d7a64b6e-9d81-482e-ba28-a4dd7c3a8959,2020.83,2026-05-13 21:13:59.381742+00:00
e0e426cc-5241-4d54-aba6-be827e8e3278,0facaf8a-4abe-40b0-9dba-48dae7b23615,71.11,2026-04-15 13:17:10.318430+00:00
529e0283-b18c-43d0-9637-44635da256b6,d127db35-6a48-46ec-a604-a5f9d4dda3ca,2140.36,2026-04-21 15:33:09.537799+00:00
32537d60-6e24-40e1-b5b5-9b801d93355c,63de88c3-cf14-4c63-bf13-5a50a1c5bc53,2200.88,2026-04-30 10:24:49.623048+00:00
68fbbec2-807c-458a-9d4d-a55ae9199b8a,b506b250-d7e3-456e-9f55-295ad5901bee,2345.36,2026-05-02 15:41:20.827809+00:00
29930897-0e9b-45d2-a1d8-dd14fb5b305d,19419e09-fdd4-415c-8c65-24c0b3db78f5,927.67,2026-05-15 02:04:18.241549+00:00
f54f87a5-9ef4-4d53-876d-14b786fef9a5,ad62e95b-aab3-40d7-9011-2c5ac189ad48,1123.21,2026-05-22 02:15:21.814172+00:00
53316cdf-3895-4f91-9a56-29042021728b,67ad37fa-0f06-4200-a813-c884264e2056,223.06,2026-05-23 09:38:55.411989+00:00
2f1a3622-c826-457b-be0d-a7534942151a,f5623420-91b0-4331-b362-f1a39f5d882b,1311.89,2026-05-24 22:33:20.312930+00:00
50ad8e64-4cd6-4695-a537-69444fc59396,0681aa0b-2182-4c77-a332-64313da7730d,1171.23,2026-05-25 09:08:36.854852+00:00
a07f109b-dd00-4bc9-881c-16e4187eb344,69ec3dd2-5ab5-4254-8960-5da8b47d0001,10.0,2026-05-22 00:25:07.710142+00:00
fd0fe566-8664-4a92-bfff-e5030dfc79e8,366f5055-d313-4732-a12e-a717c0f54e31,5048.39,2026-05-22 11:21:13.736876+00:00
b3340a06-af9b-45e0-8ad9-ad1ebac12234,4a8c91f6-010f-4344-a10b-6716e4f275fc,1513.09,2026-05-24 04:45:39.586926+00:00
5d88d385-9986-436a-944a-e49c308f0b1c,430db644-e05d-43d8-a934-d5a96d68b467,3362.34,2026-05-25 08:10:18.469403+00:00
3e073fae-438b-4a1e-8041-9b9075b60db1,e4ba12db-26be-4184-942c-ca6273cc5d04,3300.65,2026-05-26 17:41:48.618148+00:00
23b62680-c560-4995-9afc-38412fdf9b53,b363183d-c2f5-49c1-adc8-13fa346f977e,1860.01,2026-05-31 14:02:21.664079+00:00
a21f0380-1910-4c94-a7b2-fb99a894d0b6,a79b1d2c-27e7-4f06-a42e-5b6335e717de,3081.07,2026-05-31 20:02:49.697987+00:00
56447fc6-ecd7-40b2-931d-405633d1633b,1e50fea3-ab69-4d68-9075-8c563f09f0dd,6725.09,2026-05-31 22:11:10.863775+00:00
a4b13f66-da7d-49cc-a677-7ab1473c71b0,6e673548-fa49-498a-a9e5-1f720355e3e6,1563.61,2026-04-13 07:08:55.374265+00:00
98d4bcb5-c71c-4690-ae2a-8e35baf5739f,bd6902d5-1e9a-41d2-b2c2-6843a2ca46ce,1989.71,2026-04-18 09:12:28.778919+00:00
cbf2c20a-3fd6-412b-aa31-794fea980676,92a8a810-2310-47c0-bd1e-7935ea63998c,2316.77,2026-04-21 04:20:30.373447+00:00
82245ebf-bc09-4c56-904b-54a2deda8d44,50d54ce3-791b-4510-8486-9b7a025894cd,4558.47,2026-05-19 06:13:29.391808+00:00
c7305e3c-ee71-45f4-a236-75c5f0e13b78,eb62fe6d-b4c8-4036-9334-f5083878899b,507.72,2026-05-22 03:04:16.378870+00:00
ff113c77-bee5-4836-ab0f-8b79c2e0f256,830a3e6a-f202-4a2c-9eee-ef0ae4d7d49c,6935.93,2026-05-23 14:16:12.440346+00:00
d69dd5f2-3bff-46e6-b33c-d2ae7f07e644,37bae787-5943-4513-9a00-77842c228ee8,1431.17,2026-05-11 15:49:26.134189+00:00
7ed86e86-04ff-49c9-ba6c-00d2431a3620,a82f278b-b9c1-47c0-8e72-270c22821ef6,1347.88,2026-04-28 10:10:49.562493+00:00
1eb8032c-a267-45c6-be55-4bcba0c239a1,52ccbc65-d282-4d55-a73a-dba28d31212c,5136.63,2026-04-30 06:01:52.803414+00:00
511608a9-afab-43cb-8299-f288ccf22a93,1c321268-ae4c-465f-a234-9e6e72fbf15c,752.09,2026-05-09 06:42:47.744266+00:00
7c6c3093-1a5d-4c3c-9002-d0b3c717ee9d,93e57ce1-961e-4790-a493-458651a0d81e,2278.47,2026-05-24 15:12:54.634460+00:00
a37eed11-e0e9-47d8-99c5-70d190487ca7,e3d5492e-7e94-43c1-be8b-41f942c2e689,10.0,2026-05-08 07:08:34.831979+00:00
bdb5726e-d5cc-4fbd-8693-1930cf94bcd1,9c6e27cf-c904-4a9e-95c9-73eabb08a4e5,6031.57,2026-05-20 05:12:37.968460+00:00
d7abe61a-b696-4ab2-944f-ca2e381cffdd,86e6d460-862d-4357-a599-0c14ee202d26,813.73,2026-05-31 03:18:37.505374+00:00
35df0796-cd67-4887-aea2-e79457340d3c,5281e7cc-aaad-498b-8318-047354bf3fed,1492.12,2026-05-31 05:13:16.530740+00:00
a57929de-ff33-4a84-807f-f298db15f554,1c67ab7a-c078-4bf3-beae-f9b14040bb61,2853.03,2026-05-31 09:54:19.634876+00:00
032e160e-7185-42d1-8e49-13468af73bef,caf75f0d-72da-41ee-802c-1a7cf1a03064,738.05,2026-05-31 15:29:58.195466+00:00
cbb75b98-6c64-428b-b0ce-61ad241d6107,ea10d47f-bc87-4c87-a91d-ae453b43d4c9,1409.15,2026-05-31 23:33:37.987449+00:00
a382c57e-dd54-4370-9b15-8ef05d3a1108,d527f8e5-3bc4-434f-8878-cda829ec73ff,1327.77,2026-04-25 14:37:52.464056+00:00
3fa8abd8-75d1-4435-babc-ea6ff950d472,0662d300-1461-4dd3-9220-e5afa416fb37,1783.77,2026-05-19 07:35:31.698488+00:00
aeb1d209-e946-41ca-8338-89aa189d9d76,e6b6c232-e73e-416d-889f-164d5f7fe05d,73.75,2026-04-06 11:15:40.825178+00:00
0387a277-d73c-432e-822f-af1526af6ab9,b5d7fb8a-6f14-407a-9257-d3620b15de9d,826.84,2026-05-22 13:11:30.870195+00:00
20da6099-db79-4b49-aa8a-d9695300ed65,120ae6ab-a5ef-49b3-9488-4c7d6d3a1de9,708.12,2026-04-14 22:58:05.486514+00:00
3fea503c-4f5b-46af-887e-cf288b446c75,ee69c7bf-b5e3-4bb7-a62e-df4a69319077,818.1,2026-04-27 06:15:00.864048+00:00
57c69d3c-af66-4825-ae3e-978737321ace,702cfb6a-904b-4af4-bd16-280593d3be1c,553.9,2026-04-28 23:22:33.433450+00:00
2f9288b7-8be6-4399-9955-4d49b197a3ee,2f13b13e-a5d5-4fa0-926d-46ebd25ea497,627.0,2026-05-18 22:14:36.962201+00:00
7b47dd40-0bf9-46c1-a596-29d8fe2cdc8d,b2538f4b-9669-4f20-ba5b-a53735448816,328.43,2026-05-16 02:05:08.516102+00:00
3b4d3e6a-c7f6-41e3-a3af-304dc75a447d,912379e7-6b1e-4247-bf7d-aeb9910224ea,1809.08,2026-05-21 02:36:01.633158+00:00
a83183e4-de14-4bf0-8340-4fa0c0d3eb49,a415413b-0ef1-465f-9b0a-94f77eea9f7a,1320.99,2026-05-22 06:22:36.121502+00:00
428f0c58-9029-4114-ae93-eff401b39382,a587a98f-e061-4e5b-8f52-8f9ef4fa763d,765.14,2026-05-24 16:17:58.671423+00:00
46b51f21-e2a6-40fb-9eeb-79f1214e0adc,a5d56c18-9ed6-41f0-9ccf-a08cf58c3ce6,2580.03,2026-05-25 14:17:03.690646+00:00
3513f268-107d-4fb7-8c14-a355ee117c8e,0f2d38bb-87df-4ee0-9179-f1e1938493a1,596.08,2026-05-26 11:40:08.521346+00:00
8afb014d-cd58-440c-bb32-d9730ee18e57,89f0cd99-397f-4575-a78d-7b8c654fa2ca,10.0,2026-05-26 18:54:18.743057+00:00
069b4b83-f364-4c68-8737-1c4d50cb2989,2ac6f592-12ae-4d51-9eb2-032b1aee0e16,3312.43,2026-05-04 23:49:22.344142+00:00
d1dfd977-84a1-4449-8e00-66b2e1922c0c,f5940a82-0401-4df7-8de3-0f63d9fa0000,2341.62,2026-03-23 07:41:01.339412+00:00
8ec3f956-2646-41c1-904d-e851ef64b271,6b0a135a-ca5c-4295-9357-9fa14d87cc58,3368.7,2026-04-13 14:58:26.472836+00:00
df44f20a-11e3-4238-9fd4-3716df056a95,71dbd505-de15-4f10-af9c-7f132ecc569f,338.89,2026-04-17 10:03:58.701495+00:00
dd71f50d-d6a5-42a5-b51f-5a083c08e068,8d6ab779-a262-4f8e-a980-4e86d498034b,1460.86,2026-04-28 12:03:44.398065+00:00
6a44062d-61fb-45ee-ae9d-62fc44b84ec3,40d22b37-8da8-4d40-8b6f-548721fa0515,2847.44,2026-05-14 17:14:08.653939+00:00
ea8ef509-423c-4905-9ade-31bc9af99f5d,9b6d7468-dcda-4e19-9b46-dc8675ee1b20,2650.63,2026-05-18 04:56:03.711619+00:00
6b7fd0c5-dbc9-4dcf-b57c-83cb693ed76a,807bfdf1-24c6-40c4-bc99-2985d27434ab,1566.27,2026-04-25 16:03:50.550036+00:00
5996fb54-d410-4a71-ba2e-5b872d7759c4,593934a8-c67c-4ada-ac07-4fb9e8daa29f,2287.39,2026-04-26 20:46:59.485542+00:00
62c4e92a-23f2-4ddc-8117-685091a7d709,92122353-c181-4010-9dcd-865e8d648155,2282.73,2026-04-27 23:56:49.254635+00:00
eda95f9d-ac8b-4b46-af81-7aa648d62020,88988d81-2aec-48cc-9823-1a4047fb6cb3,2814.01,2026-05-16 08:16:50.169744+00:00
7dff7f1c-6396-4319-9ff8-5dfa6f8b959f,d7659dd6-8a11-4ba9-9588-61d3896ed6e1,918.16,2026-05-19 16:58:50.124747+00:00
68322a89-cc64-4ec7-81b8-ff1c49316d72,61dd2233-b91b-47cd-983f-19c843359fe4,4367.23,2026-05-12 22:20:02.818430+00:00
8250ae21-47b4-45e6-80d4-604a54b689b5,a4e189e4-3116-4499-acb5-c3a45db23327,3725.29,2026-05-14 18:14:55.482130+00:00
5ff753ea-6de7-468c-b2f7-279601ded4ee,8665fd50-261b-4a0d-b545-a75b242b59ec,2574.65,2026-05-21 05:21:49.670715+00:00
8ee024a0-3324-499b-bc91-891a7f06bcce,7220544f-2d3e-4340-be0f-5d9aaa6ecd02,1162.62,2026-05-25 03:15:13.532306+00:00
33411dee-fe22-4284-8ba0-b3ca98e995ac,671aef79-a4c2-4962-904e-b3b4adae81e8,23.05,2026-05-25 13:33:45.028665+00:00
92377f15-d69d-4816-942c-346806bd74d8,c6b03696-fe37-4829-86af-b70fd41d4f86,2085.87,2026-05-26 02:09:38.621637+00:00
9ffce205-2b84-467b-b904-338c14242fab,bded659a-fbeb-4506-be37-cbc6c2f4d896,1069.28,2026-05-27 03:27:42.811388+00:00
c0d0f9b9-3f36-43cd-8a99-8db37611c2b5,594d3903-4319-4de8-bf2e-5607c23d16c9,1458.03,2026-04-01 21:27:45.521040+00:00
6caac225-e955-4af8-a9e3-e1adffb61917,0758be8f-8371-48fe-9774-83ebaaabffc8,2769.28,2026-04-03 11:37:46.156057+00:00
ce2d228c-3aee-4321-ad3e-a6cf209d00e5,c8629755-29a2-4763-8406-1be1051af1d2,770.91,2026-04-11 09:24:15.982591+00:00
b0713f8c-a8e1-4f13-9fdb-5afac7097671,6e07848c-667f-45e4-8f15-b87067956b01,262.47,2026-04-23 04:04:08.009612+00:00
01856587-8c79-43c6-8a40-4fb1c991a3e2,4c007057-af55-4507-a4aa-5013674dfa21,315.67,2026-04-26 17:34:00.854298+00:00
d550d096-c2df-4059-91c3-96aa51064694,a4af4494-b8fd-40cd-b81e-60435c01df6a,251.55,2026-04-28 22:09:37.581146+00:00
518806b3-3c11-4b2c-bd98-244237a77223,3d876a50-478a-428a-a8c6-35a2dd45b54f,638.59,2026-05-03 12:08:27.870384+00:00
9a7834d3-d1c3-48c5-a07a-755424480b7d,a7467d15-d4f7-4e6b-bbd0-0c49094c3f5f,382.18,2026-05-21 06:23:27.572905+00:00
7d96d5af-8c7d-4625-b9d6-62f5610a227e,37ef8e3f-b84a-4fd7-b2f0-d876219612c2,603.47,2026-05-28 03:56:03.410676+00:00
9f81e6bb-e51c-4714-bd6b-f06f6b7f52b6,a0305464-930e-49a5-89e6-9378f42d6521,3850.9,2026-05-07 14:10:51.991569+00:00
dfa1a9b5-5229-4672-8a68-9780ed1b8589,ed68a31d-66d8-457c-bd49-a5e3bb926a2b,3736.16,2026-05-09 17:03:14.484312+00:00
162c833f-2e52-4879-9de9-0d79c6005316,06a6fc28-d03b-4181-82ba-cd9b071a8ac8,3284.41,2026-04-01 21:45:17.379571+00:00
6276fd7d-2f07-4034-a12c-7d9d94817c39,07d05f07-ddaf-4930-b814-8a05460dc21c,2945.38,2026-05-23 11:18:09.305990+00:00
26da391d-0e02-464b-bc20-30cd0fd48ede,d1393f98-4a2e-4b6e-9b8a-b43419f342e5,393.2,2026-05-19 05:31:26.029527+00:00
91f1602e-08ca-4ccf-9b44-ce9b0d1904a1,780ad975-81ba-4c33-840f-c844c91a04bb,4813.87,2026-05-27 23:27:57.961817+00:00
a667f65c-72af-4f19-8e8b-3684841d1535,723e8862-2514-420a-90c2-596d2b85d7b8,4014.06,2026-05-03 12:06:04.933126+00:00
21818d60-b4a3-4820-bc73-5c360bf223bc,7de9ce95-8c7b-477b-9dae-602b7801d64c,2803.7,2026-05-16 15:24:48.251117+00:00
f1a6d35f-1a4e-45e1-aace-b70264bcf917,f038555e-0489-423e-b96d-dcf27e78455f,4816.52,2026-05-21 23:59:35.935221+00:00
e9ce2034-32c8-44a7-ba9b-2bc824084873,1ea360fe-6636-4674-93c6-b8bc6a9ca484,277.15,2026-05-31 02:33:40.456664+00:00
cf4a6f7f-84bd-4e92-89f0-2e8a5cff3588,d688c24b-32a0-4f5c-b625-6cce5666b6ca,5265.11,2026-05-25 10:26:57.616105+00:00
eb6817af-1825-4bcc-a4f3-d361ef27806f,c0fe4ebf-8092-4943-8db6-541effc98832,3257.09,2026-05-26 22:35:01.749719+00:00
681f67f2-6c01-46e7-8d0b-ed845786cd5d,8f997751-0c0d-4e0d-be8b-49ac4700ef5d,4103.56,2026-05-29 09:13:37.779498+00:00
f701734c-2598-4f7f-8882-eea1f4e827d3,6d6b468a-a211-4397-9535-edae85d55d77,5822.6,2026-05-31 04:13:35.753342+00:00
25d4544b-ac05-4b6c-8fe3-8e93f629712f,642e8aee-b3b1-4b83-b690-8600552a9149,437.84,2026-04-25 20:38:14.764793+00:00
6f85fa6b-c1b5-4f68-912a-9ab1ff78a659,9c5bb3a3-d35d-4c5b-a3d9-61a446c99e5b,697.45,2026-05-04 23:52:19.147204+00:00
cca50744-d620-4fe8-9196-ef34dc8c269e,ab4d75ca-f903-451b-a9d8-ca4a3c2d1b74,2666.87,2026-05-07 03:28:30.904258+00:00
df46d313-117e-41fc-970a-507801821622,749d15e4-05b1-41ca-8242-07fb4f9610ac,1024.5,2026-05-10 06:38:26.147364+00:00
d41b74a3-89b0-40a2-8ff9-d651c0b4d249,2800a076-7ecf-44de-8dfd-102e52aa5ae6,1598.67,2026-05-18 20:42:06.417774+00:00
da2db92f-b561-4a87-b346-c8bc76e4d1c9,8de67f02-b4b9-4bcb-9959-0425720ad6b2,1512.3,2026-05-26 22:13:03.770090+00:00
efcb4170-ea37-4c36-b87e-a35bc6cfa09f,5ede6b58-c25e-47ce-9b4b-a7419379edde,829.6,2026-03-30 09:41:42.178803+00:00
9d5becf5-5dd3-41fe-a3d3-cfe0ddf10a2e,823f01ec-10e9-4efd-b17e-c7866045d1d9,883.1,2026-04-08 18:41:39.108473+00:00
da1439ab-b8f1-4288-b30d-d62f4db136a2,7e9e373e-5ecc-4f71-b0e7-025bebf46fa9,978.86,2026-05-11 22:46:52.004097+00:00
5ae8600b-d453-4aa5-87d5-90aebe68aab9,975d33bc-1420-4b04-be47-4a2937183f5a,353.34,2026-05-19 18:36:48.030001+00:00
8a4a4fdd-e6e7-4823-812c-cfee47b487df,593e3827-355b-41d8-b0eb-abc65046edbc,8546.39,2026-05-08 13:00:57.333119+00:00
63258e77-3d40-47ce-8e31-e49cd4c2b5a7,b1ef1feb-8a09-44f8-872d-28b84485eb6f,6115.02,2026-05-25 23:09:50.996439+00:00
e6a12f9a-f674-4cb0-a3ed-9d175d01d804,322245d1-b8a6-425d-afc8-0a2411874958,3390.72,2026-05-30 13:13:41.834700+00:00
d581be0f-992d-4200-8436-defb8c166f40,1246edcd-1657-4200-8aea-b1652c011bc3,1027.85,2026-05-16 08:34:29.201938+00:00
7d4e66c4-2cc1-45e9-b7c4-3647c6be496c,b6b512b2-d33c-4c76-a724-a0646f4090e0,1494.28,2026-05-28 11:49:03.171366+00:00
ce1f9b5e-e543-456b-b014-467edfebcfa7,0cefb934-142e-4703-b270-1c0b2f1b0154,2830.82,2026-05-13 19:19:31.012297+00:00
13cf8246-8f77-4238-8ffb-1557e0158882,8a10a8fb-0a53-4e3c-9c72-b38903559376,3114.79,2026-05-17 22:58:17.153488+00:00
a7e9c24a-bd9b-42fc-b8d6-ee4a3704239b,044faac0-976d-4225-99b7-94069752b645,4048.24,2026-05-19 07:27:27.266406+00:00
03c9b4fc-fa8f-4195-a88b-03e1d34a35d7,d0ab9139-ab1b-4171-aa7f-d0a0ce6da19c,1195.85,2026-05-19 06:26:58.113922+00:00
ec8cf08c-908f-478b-828a-e23831e5454e,7d71741b-277d-4764-8d89-6696895e0d74,5719.64,2026-05-19 23:08:50.192491+00:00
f3aab65b-87b6-4de2-bcde-361ed2030aff,df0d5ccb-fab2-4fce-88a1-06588968077e,2809.77,2026-05-22 22:16:03.422666+00:00
5d0dd367-6ca2-420a-a4b5-b0da18f98350,ebcec076-989b-4193-9b76-4f9f0bd7fea4,3109.8,2026-04-09 07:45:11.981362+00:00
d23b91ba-2c06-4430-b2a4-028ca3a5e535,277a20a2-e17d-45ad-8574-ea2c475e27cb,6253.09,2026-04-11 14:15:15.392416+00:00
88eed9d2-72c6-4247-b918-b575495bb2c1,4994483b-687b-4549-9800-603981443fab,5374.85,2026-04-22 10:32:09.678864+00:00
31c9ec77-f108-46ca-b6c6-3c0fe0510d18,1e5640dd-3464-491e-a8be-694fb1cbd599,5388.9,2026-05-09 05:53:43.236302+00:00
77b39313-817b-43bd-b0c6-ca61f085c5c0,5203a346-eae0-4f02-9be0-3c6ef7b63189,910.57,2026-04-14 08:13:59.525731+00:00
efd9a659-878a-4ef1-aab6-29f3e9ad4c4f,353ecf5f-88e4-42cb-b747-9ce512809601,776.22,2026-04-23 06:55:24.250824+00:00
3203498a-fbe8-41f3-b0c8-0962ec7b1e01,80786dd6-702b-498b-9518-f48eb07afb69,1263.97,2026-04-29 11:17:39.892332+00:00
9164e2ef-c0d2-40f5-94c4-3d9c00f04649,06ed4664-c2b0-42db-90f4-63f1d611425e,2750.31,2026-05-07 00:02:09.293558+00:00
e947ea5c-8e24-448c-b084-157aa42124f2,026e1679-137a-44c6-8e1a-421e3fb44ad6,1478.37,2026-05-26 20:49:22.644685+00:00
791a51fc-ba8c-44c3-9024-9ffa420ac90c,485fd65a-e87d-4557-986a-050ef0c8c062,10.0,2026-05-03 20:07:51.181852+00:00
7ceb00f5-11ed-4e55-96af-4ee85823949c,1094cb85-eb77-4311-bd14-b8a657c4fdb9,402.81,2026-05-18 05:07:29.138613+00:00
09e97f03-6504-439f-b810-8f5493c67de7,48f323fe-3ed2-4245-b8ee-ad84458d2160,376.3,2026-05-29 00:56:08.253558+00:00
519e8ba9-738b-4d7a-b12b-36166d84e855,2be85ad0-843f-44b7-bf36-e1ae5c12dbc7,2159.38,2026-05-17 22:15:51.951300+00:00
48a94302-a6aa-4538-af5a-a2c0f9040f2c,0b9b34f5-fd18-4057-9df9-f345f519a234,2658.37,2026-05-30 11:29:18.371476+00:00
8547e4da-2307-4bf4-b756-d6bf38cbe91b,765d681c-cc17-4c85-9ce3-6abe610c09b8,478.37,2026-03-30 06:06:24.244796+00:00
8fc6c7bb-8ddd-4953-bb5c-565c1420c467,070140a3-b315-4da3-8783-c5a26fcbc5df,154.62,2026-04-18 06:33:27.180952+00:00
4ccca43a-bd89-40a1-921d-3942ebee706c,19a71549-e6de-408a-b4c0-276f4bb7d44d,1684.9,2026-04-10 16:11:03.682096+00:00
30428557-cd18-452f-b8f6-46631a849397,45029eb8-1a81-4013-b07a-e33a8689565d,2259.57,2026-04-26 23:04:36.023832+00:00
cce49a30-4708-4eba-ac5e-802137f886e1,8783f0fb-72ea-4066-adfc-41ce44502176,1780.45,2026-05-05 14:43:34.507790+00:00
d496186a-f438-4700-a339-d22767afcb84,95c30fe4-bfbc-4799-bd96-668706973d8f,2182.27,2026-05-08 10:02:47.164727+00:00
b9caad0f-1f67-4419-9f7f-910685c812d6,1ece2876-b2a5-4e0b-9ac7-5be5d50d3d9e,1583.83,2026-05-22 12:42:31.743260+00:00
2ec33d30-0f54-4955-a371-ec8de332d125,eb450250-c581-47a8-81f9-212e0c33a256,1008.26,2026-05-30 04:49:04.902089+00:00
f5638a35-985b-4929-9944-05bad764a410,21651d73-5fdd-4493-a0a2-f40fe033190c,2874.27,2026-05-21 14:04:42.068771+00:00
3f0e88a0-368b-4ac8-a412-d8cc92dbee9b,48e6ad3f-1c12-4e0b-8d30-da59bd1512aa,3422.38,2026-05-21 19:04:18.943934+00:00
8affec32-a76e-4c15-b461-336b93dc583c,2b0218b4-770c-4678-9331-f70b2fd22019,715.39,2026-05-22 05:29:08.415835+00:00
b92785e5-e6a4-45ee-bbf8-0bf8d4b67482,999d8adb-0c68-4503-bc68-50fee7d1d1cc,5232.73,2026-05-26 13:58:13.166243+00:00
8f72b54f-8b7c-4cc8-80e7-76a63a8dab90,c2e97ae2-6759-458d-a043-999e7b4394b2,1801.87,2026-05-02 08:34:00.424664+00:00
3738d3f3-adad-48cd-9367-82881d27e3c6,6bc29757-3862-4f9e-9bd6-b346370dc92d,1829.17,2026-05-07 13:26:25.207282+00:00
0368a9e9-0814-4b33-9a8c-75d243a21b24,ed60ec7a-0a84-47ba-943e-4f0a26b4ee19,1388.82,2026-05-15 10:03:06.382358+00:00
46d662e4-a6a4-499e-b595-44ef78cab9e9,dcc6032a-cdb8-424b-9e06-12ae26d99716,2868.83,2026-05-29 15:49:42.449773+00:00
5e741485-b146-4839-aa57-4f563d189989,e8ebdcfc-5e42-49d1-bf65-83d1c4813ef6,538.46,2026-04-13 12:35:23.428249+00:00
44fc983a-0b12-4dad-9008-64450dd56bbb,dbfc6f30-9184-4ecc-8193-5648e838c610,214.87,2026-04-17 09:57:32.506311+00:00
262e858d-74e3-4ee6-9d10-80c1556638a2,c4790225-d2a2-411b-af40-f621ca82a133,197.46,2026-04-17 23:30:38.756888+00:00
f226fcc0-e479-431e-a3eb-713a591a662f,297ea7c3-066c-4e27-8a4a-1fd85f202661,247.91,2026-05-18 15:49:07.591869+00:00
f700bb70-a368-4cfe-bfbc-803bb3d8392e,14b9c4bd-f32d-4e94-81eb-77d9b1d2764e,194.15,2026-05-22 09:18:20.789623+00:00
140499ca-b088-467b-a681-02e2f708ad47,38d8a912-64e7-4ec4-8683-bc64c1f84bdf,1780.21,2026-05-23 01:51:22.557600+00:00
5b3e3811-0f96-47e7-8d34-f669ff738371,59c72fe0-3300-4b66-861e-e46bbb03164d,333.95,2026-05-24 12:58:18.515434+00:00
fb020e5a-3f68-4f51-a498-677d1dc456bf,55803d51-b6dd-424c-8d1f-16197a86a08a,1010.7,2026-05-26 18:50:52.011347+00:00
48adf71b-c8e2-4409-8e33-521b2101b186,11d91638-2329-47ef-ab82-b3a8440f60ff,2608.08,2026-05-29 15:51:24.421187+00:00
5d912cb8-31d4-49ad-b5e7-9a4a24a25623,6a2828ae-69af-4868-af21-dd4da031f05e,3246.45,2026-05-29 19:26:28.757258+00:00
ec7e8e4b-a1ed-4d19-a4fe-1aa6f729613b,b2d979f6-aa44-47bc-b38f-b1b232975fdd,4284.78,2026-04-01 03:13:26.570474+00:00
963aae66-8065-4f8b-ab46-0e9461310158,e54d6558-bf35-4dd9-930e-992eac015a4f,1939.42,2026-04-21 20:10:56.651702+00:00
616eaac7-243e-4d62-a87b-89eed60846f9,ecbcdb80-27ab-4f35-ba53-f4de612241fe,3570.02,2026-03-20 00:34:22.428167+00:00
e5c3bc07-51f5-410b-b90a-53ac61bd10f9,a04650cf-8f50-46dc-abc2-527f9823f4a0,3744.72,2026-04-05 18:17:30.151183+00:00
a7361465-e4fa-4b79-9dab-b5b79bbba0ea,92bef236-3a7d-45f5-9cad-5e47db569565,3169.9,2026-04-19 20:19:50.647116+00:00
f28846b1-38f0-4e24-ad1c-a8b6293341e0,2b06aea6-9797-4fb9-ad15-84b574ce1794,5213.63,2026-05-07 19:30:17.426654+00:00
2b60c60c-e729-46a2-87c9-3c1b7c8a8f78,bf96be05-96a1-4a0d-aea5-55a4ab5a7bb6,1948.96,2026-05-31 23:56:13.559105+00:00
b7b8c8b6-c8b1-4d7b-a50f-0e5cbec95b99,7b8f7d3a-5bfb-4b08-8ebf-251379867f6d,2003.66,2026-06-01 00:19:17.605242+00:00
85cd5622-066f-4f09-a5a9-de3ace5165f1,4ec1b077-f22b-4f21-b2fd-1d4bc4ec063c,2118.64,2026-06-01 01:08:36.442040+00:00
97938905-f9fe-43a2-9e34-66ae46164e76,956b565e-1623-45c1-8184-5113f01a3ad0,4368.24,2026-04-11 12:30:08.963897+00:00
2f01d786-88aa-4adb-b73c-c36ae33b46f0,d103acf8-dab9-4b60-be18-4d1ac0054e25,4313.48,2026-04-17 19:08:36.024503+00:00
2976452f-0bdb-4859-9753-05d6acf8ace7,2e113597-29e0-4cb9-beb3-406eb53100f7,3218.16,2026-04-17 23:25:07.320868+00:00
4771950f-ce3d-48e8-bf91-3fe5ba644682,1d676d1d-5262-4e5e-831c-fd9c85e6a93e,3086.77,2026-04-24 16:06:21.961697+00:00
69d8b5d9-0bae-4757-9c05-be8e9b8cd8d0,e2b91fbc-6edc-437e-8829-d951b8e19a87,2265.25,2026-05-11 18:57:54.796200+00:00
93a52b44-b029-4a82-b547-75b78deb2a90,cc88624e-706b-4aa4-8717-2bc3af7a821b,3249.45,2026-05-25 12:33:00.499295+00:00
4d3ae341-d055-4bf8-b63c-f3e00221267c,b9836f6b-19e7-4840-bb00-2f5fe43b3fb1,1447.48,2026-04-08 23:22:12.256695+00:00
14479c2f-130a-4659-bf3c-40ca49c4fe4b,aec27bd9-e6c4-433e-bcd2-1f677ef33b65,584.94,2026-04-24 01:37:17.400151+00:00
2a24ee03-c625-45ca-b595-2d107bd91518,f2600cfa-4fc6-4f44-a77e-7e53b1f6d052,1218.36,2026-04-27 17:54:51.227628+00:00
03ea06f0-2ce6-4540-8f1d-a8c61bb0b02c,32337b61-0de4-441a-8ef0-aa374cf373d6,407.67,2026-05-17 21:06:03.965420+00:00
2dfa99e6-00b4-4689-9277-3333622a291a,7bb6e50f-b7db-47e8-9d16-a8ddcba6e752,2686.99,2026-04-14 04:05:41.134063+00:00
64e644a6-19ef-472c-a4be-b75ffa4ac0f3,0d480a74-346a-466c-9b6a-53cc532c1616,2670.57,2026-05-15 23:51:18.484423+00:00
d417cdb5-01fa-4310-bf52-0aec027fd4dc,ff81102e-2d96-47f4-8add-04597590502f,246.89,2026-04-24 04:11:30.218363+00:00
5284ce06-fa13-4271-8d39-2c752e6553d1,08edff98-10fe-458a-a0d6-5c6c11c28672,470.75,2026-04-24 21:03:52.003152+00:00
e38ae5c7-9a1d-4817-90f0-bdd3c9d09731,62d41e18-3696-448b-8831-2b2bdd13f410,158.69,2026-05-02 16:16:03.542780+00:00
95878918-af5e-432c-8f38-d7e235c70171,08636f89-c520-427d-b1ee-d838c791b5f9,452.2,2026-05-09 12:22:31.556403+00:00
169b43e7-88e4-4ccb-a481-c6beb367bc22,691d9a32-7e72-484c-b1f5-616a612ca530,245.48,2026-05-12 06:21:18.334719+00:00
454cc922-865f-4cca-9afe-4ffb827af396,476235f2-4a7a-41c1-b699-1112dd762d81,160.9,2026-05-30 11:38:30.877751+00:00
ef31bb75-e8cb-4874-9154-f1f84c46c1c1,0d8a48f1-1dee-4cef-bac0-39b864f305ab,1138.07,2026-05-25 05:30:47.836996+00:00
e6d72825-29b5-4a95-88da-357c4aad3a1a,678bd29e-2533-48d3-8281-6b746abab0a1,1938.98,2026-05-26 20:26:58.987563+00:00
ed26c3ea-3081-41b2-acdb-cbba437bd1b1,832bb4c9-ec3f-48d6-8519-8334ffd57ab6,3922.25,2026-05-27 12:06:39.303576+00:00
94143ba2-6b73-4cab-82a1-f278c136b897,fa66cee5-a91e-412f-a544-40bcd7d4db0f,1781.38,2026-06-01 01:08:54.626313+00:00
5cade44d-361e-4385-80c8-d84615b0f1d0,ea032a40-8baa-4285-9c57-2fcdff183b69,309.17,2026-04-20 01:45:07.564419+00:00
074044d4-ebd4-4071-96be-1e819922c2f8,30c3c303-2f37-41d9-af6b-762f8c523e50,486.73,2026-04-23 18:40:23.358542+00:00
d1de3319-0d86-4d4c-bfcb-45f1ce772400,f40c5ee5-9473-4e31-bb26-6eadca790314,4653.1,2026-03-17 23:15:09.425392+00:00
ba9293a8-168d-4852-af48-40ec3cc5803b,1d4b9c23-3fb2-40bf-94f5-29e65d92851c,1507.94,2026-03-26 01:59:26.246369+00:00
636e69c5-3273-4402-b388-4bcc12b64eb3,58727e50-7ca6-44fb-87ea-c73ad661c4b4,2757.81,2026-05-10 14:56:26.151826+00:00
20efe172-3e52-4d45-9347-6e14879f35b8,a6a09ffd-c27d-414a-8e85-ff05172c6788,3419.81,2026-04-04 08:05:23.830242+00:00
90be4f58-bebb-484c-b790-bf0a90f16616,93fe46da-bb54-4fc6-918e-a9a0095802af,2193.12,2026-04-21 05:18:31.224760+00:00
0c3be135-a1a7-439a-a2af-e2c2c08a82f2,e8bf7e72-48ad-481f-939a-aa17fe1c2ef0,2466.22,2026-04-27 18:09:38.734135+00:00
fc799f64-6595-4a51-b422-f22c4ae6f82d,5af09c74-b21e-4eb5-a1df-91ca51cd3a05,1406.91,2026-04-29 07:31:11.545809+00:00
a9d61c3e-d29b-4c64-aaa2-14a4b528844e,2cfd8104-fcea-4829-b604-4eebcab903b3,1610.35,2026-04-29 16:15:56.948728+00:00
3f34a434-5863-4b3b-957b-245aab354049,7aa683cf-2bf1-44f9-a03b-0d7a7ae814c2,1693.43,2026-05-31 14:30:23.387460+00:00
847b2fcf-6598-461e-9fe8-b514113f3efe,af94d085-dbae-4b74-9e27-b07566f9927b,3330.06,2026-04-30 00:46:45.231991+00:00
77d374b8-a0ab-42fc-9fae-ce143550d306,d97a4be4-0552-49b5-bef7-75d9f6b840e4,1657.62,2026-05-13 15:26:28.926510+00:00
c494e541-d0c2-4133-817a-33e050ac7f6f,bf4a4bbf-6b05-492c-b606-9f44d6c649b9,2518.72,2026-05-16 22:58:11.323549+00:00
024fb653-7125-4a86-8507-993251716f32,7b900a07-e0f1-4cbe-9477-c4548ee0537a,259.1,2026-03-30 20:57:33.594940+00:00
2d6a2142-8789-45d7-87a0-1fba58f366a1,cf1dbbc4-6a20-443c-bf7b-aa7e9a5c4b31,1370.89,2026-04-04 07:48:08.427761+00:00
aa83771c-0426-4ce0-b85e-9607e4d267be,a9193be4-37ec-42d2-9c32-e8f82f05be95,678.78,2026-04-05 07:53:46.189722+00:00
cfcccce6-0d56-4504-aa22-48aa719a0d6e,b0e18727-9d72-4c10-9190-5b1dfc772bb9,1197.42,2026-04-08 00:13:22.760089+00:00
2522f667-7f8b-4be7-a6b1-537f5c74422e,99d2b193-12be-44b1-b060-9d998c83d16e,407.54,2026-04-28 22:21:50.155011+00:00
f42c9db8-208e-4040-b442-dc19e15e01ad,7744407c-e61b-4735-82f5-fa817ff9adac,3094.63,2026-03-19 20:26:06.135924+00:00
238d6e10-114f-4d5c-990b-9e7d03366807,3fd8fec2-5290-4b1e-b079-5f27182f9346,3049.23,2026-05-12 08:46:02.612088+00:00
e8df03bd-5644-46b2-9e4a-f05849321fa2,c43f6f30-812e-4b75-b705-16179c7b3dac,3175.27,2026-05-18 17:14:06.251256+00:00
b92cf474-4960-4498-9ba7-0467f20a6465,43bfe367-9198-4b18-9a60-ba0c0e679c0b,1202.34,2026-05-20 03:20:14.904319+00:00
6f341eaf-905a-4a39-81b6-52040dbdb93c,4cc9a3ef-cd05-4ed7-be50-d5a35b12f8c9,4640.34,2026-05-25 11:33:11.998230+00:00
7933cbe0-9b1b-4871-97f6-e2e37ac8c364,1fa4c114-c205-41ec-9c97-1a53953fd959,4750.14,2026-05-29 07:55:24.361190+00:00
762c0d28-f79f-4700-9eed-38590c518667,17833338-4a9f-4022-b651-060bf7337c7d,5197.93,2026-05-29 17:44:12.670005+00:00
1f223507-55c7-4b16-ade5-6250b0cd51d6,d195590c-b0e1-4616-8013-556a755314a5,5176.74,2026-05-30 00:05:29.547834+00:00
09cdece9-3b5e-485e-a177-12a90ce8fcd9,6ff8800a-8734-42bc-8a58-1f20f2456ff4,6762.37,2026-05-30 17:57:32.665581+00:00
8abbfb96-625e-49e2-8ceb-4427cb66daff,11e75ef7-16ad-4681-808d-8d28b389250e,7785.29,2026-05-31 16:27:03.419421+00:00
7fdccc4e-458e-4c42-a193-50e923c3ef31,ffc84586-ed25-4402-9945-806ffc1223b1,2833.41,2026-06-01 00:39:41.881729+00:00
f62c5c11-b548-4ec7-aa6e-5ef95a4c5cd0,a8f6111c-9674-4cd2-a091-9b612ddffeba,1162.38,2026-05-09 09:19:43.592147+00:00
ffbecb41-e03b-411a-bf85-40b2c2fbc54f,74f0f417-5a88-4274-92cc-96c484181911,2711.02,2026-05-14 05:52:38.405233+00:00
b5bf727e-4ae9-48c1-bc7a-9701f89081cc,42dd341f-bb4a-45fb-810c-66745768e052,1035.66,2026-05-20 22:12:04.784173+00:00
24eb809e-2534-45f0-b910-a0b00ef3098a,7d9ab80d-5f65-4c56-8963-6db67dc16ab9,1617.27,2026-05-24 12:28:09.602757+00:00
4a9a1209-95ca-4422-8157-8d7bceb833cc,637a1878-5135-4325-b77b-5902708271d0,2710.61,2026-05-08 13:44:57.570095+00:00
04877d4c-6ed3-46bb-acd6-73bd535f3faa,cb71ca05-c7f2-41c9-9ffd-ec84271c2052,391.82,2026-05-25 13:35:51.772078+00:00
d775759c-9ab7-4f15-b2de-225a9da5e3a3,580249cb-354d-4b09-b44f-f0569d2f9a68,878.5,2026-05-29 13:58:11.035034+00:00
b2ce7388-d22f-4365-9b57-3b10d00debe3,dfab47dc-bba0-47cd-ab3d-ee4060bbe481,743.09,2026-04-02 06:40:34.631050+00:00
58915fb1-1895-4aeb-ba39-7394d8218061,a3007a01-91e7-4ddc-be53-fae49bf423b8,3565.04,2026-04-04 08:18:38.178809+00:00
e52cabc0-c330-4222-ad76-e8de7d0f7de4,286a54df-e238-4ab3-9c86-c9e753e213f6,1120.81,2026-04-25 23:46:20.736447+00:00
deed75a0-6623-4ab2-ae94-8c9f4b6bdbc4,7bed5497-4663-4639-b1d2-ea4a5fc135cc,1145.1,2026-04-27 18:52:29.740012+00:00
1f53a7e9-6bd6-445b-aca5-7870e47f407e,a4eae093-0e4f-48cf-9abc-a8ae78068c15,2150.75,2026-05-15 11:38:03.747614+00:00
8881aa2c-9439-4a11-9e65-5e56246c6bc8,d3387111-d44a-4a8b-946a-6aae6f306a04,1137.65,2026-05-19 17:32:04.887918+00:00
58baadca-1927-4b74-a19d-dd82ea47efbd,fb921f4c-f5cc-46fd-a0fa-a1ca4521ea01,771.02,2026-04-24 13:19:51.397253+00:00
4220b311-16a9-49ce-a5b5-504bf457a6fb,7ff7e17c-8856-434e-abb3-37af0a55e8ca,625.02,2026-05-17 21:24:02.999325+00:00
faab7017-239b-4f0c-bed6-7dc62353e316,044be2d7-c182-497a-a9e5-7f6630fb2d71,1571.84,2026-05-24 22:35:37.265983+00:00
7b2b406b-9521-4c32-a5b0-d22fbf0cf165,c7a22592-ead0-4e9b-b79a-73e5eb954afc,995.63,2026-05-26 02:58:08.270054+00:00
477b6247-a39e-499f-ae9a-d10328ceea3a,2819a345-239e-49b7-9f5a-c7f34b8ed72f,1600.14,2026-05-13 02:24:51.404178+00:00
7d6b8ed5-c917-4f19-a510-cadfcdc86916,42e944f7-93d9-4c93-b6a1-fa8a93d83e9f,2179.23,2026-05-20 05:20:00.720871+00:00
5dadf733-f87c-45bf-9275-e7ede3c48636,7ac052ec-de26-4aef-a9f7-4415318db7eb,5101.39,2026-04-07 07:14:45.223790+00:00
733e4c28-bf6e-422e-b0da-28441a89357d,7090ef83-4aff-4ab5-b5c4-609c180d88b3,5147.46,2026-04-27 01:18:22.655501+00:00
57111c30-b301-4c0f-b119-2364f5c45a4d,914f42dc-d27d-4e09-ae43-d4ddaa8fedcf,4758.23,2026-05-07 06:44:15.875509+00:00
44089eab-4a06-40f1-a4d3-87eaca9d3146,f2048aea-90fe-405c-8d00-f8318fb06f40,4650.33,2026-05-30 22:21:03.423381+00:00
15a6d4a3-e30a-44f4-93c4-286ff0afe207,3689b80a-9ca6-4376-8d07-d953cc06cedd,640.18,2026-04-05 19:31:18.253840+00:00
f0a1bc3e-a8ef-47e0-bbf7-9bac45798233,f042f722-9e88-4c4f-b6e9-5e3b450d8dcd,150.8,2026-04-23 08:58:58.558439+00:00
d8813e2a-b356-4ac3-baee-4d02fe0fffb3,579fe3f6-f0cd-4505-a156-7e98e5adec6f,4288.63,2026-05-10 21:44:37.189037+00:00
6d8992b1-8542-452a-bc85-4320e4530adb,a036f397-f001-4f12-bb21-a9308a55d08d,3150.9,2026-05-17 22:10:18.096678+00:00
4a2bee4e-0874-46aa-9416-b9ec3c63d8b7,d812b6c7-25b3-4c07-883d-24cdf10fd787,1292.71,2026-05-19 12:01:32.818494+00:00
232a49bc-8114-4e38-b06a-89951fd1087d,d6f0ab5c-5af3-41ec-bab1-32becdec2018,5342.23,2026-05-25 01:55:47.355505+00:00
b229fbc4-c336-4d3b-8f5d-ec65f854636a,d17b69a1-e666-4d38-9b7e-9d3d2939982b,1535.71,2026-05-28 05:11:38.242709+00:00
538d809c-90f2-47ae-9347-65d2ccbc1e18,a4396d16-09f1-4c14-89d7-23f53c1b3119,2079.17,2026-05-16 08:35:41.702616+00:00
1e28e491-d48d-481d-b88c-dc716c74c0df,7f3d6e94-dda5-42e6-ace2-ab306464e3a1,2194.97,2026-05-16 01:48:09.443993+00:00
55d3435a-0722-466b-b1e9-2a2e3e6f7a29,e2029db4-fe3e-48a2-baea-ed34d8c3952c,1236.85,2026-05-17 04:04:00.218063+00:00
2a1e1605-9814-4ec9-89f5-c0c79120a1a6,a003bf34-a6b9-4c63-9bf0-74ca813f77fa,2522.46,2026-05-20 11:01:08.176585+00:00
17ff1f42-fead-4fd5-a34d-5b71f851db38,a1f1e849-0d8d-467c-8430-39440bccecf2,3733.9,2026-05-21 19:34:34.680797+00:00
4b50cd00-fe40-4620-be12-ece592220dfc,06e4dae6-567d-41bd-b092-e0e17adcc341,2921.04,2026-05-28 00:06:09.009876+00:00
60ce2e04-4aec-44a0-9a58-d136bdbe73c2,bf897ff7-e890-4d70-b08e-d5d48fa652a7,1451.54,2026-03-15 02:39:52.211549+00:00
a8ded3cd-af3d-466a-a4ee-851f88f60cd4,0a5531f4-28e3-448d-9939-b2490684cc1d,746.7,2026-03-19 16:40:29.631139+00:00
d8b0d561-1311-4dd9-a3ac-e0bab74810d9,1d1daa12-961d-4855-ad8c-06b33af32b0d,1037.98,2026-04-24 23:58:04.593015+00:00
f37564d4-0f61-43a6-a287-bf64d68d567a,867d6532-d0c9-4097-ace2-69ea01680795,1035.02,2026-04-29 21:25:09.957696+00:00
084f63c0-7d6d-4851-824b-01598fc5eeb8,1fc82aa5-950f-4e0a-af30-ca56c2ecb0af,829.02,2026-05-15 18:55:36.102950+00:00
8817e9cc-7c50-48a8-8702-705906488ed6,b291ce70-98ac-4955-9b07-82cabfb6b21b,580.16,2026-05-26 15:53:03.489131+00:00
6574cb82-d437-4548-a2f7-49ec378f53ef,9110f0dc-eb58-443a-8e24-00ab3b5703e6,1568.23,2026-05-30 13:29:49.417288+00:00
5a4aae20-9434-4b19-b294-45ed9299ae7c,8d998b4e-1b1c-4238-93f6-5dbf34a06237,377.11,2026-05-31 07:40:40.153796+00:00
532508f3-5959-410f-a3f7-487e57298916,30277629-74ad-48da-b360-05a8f1f55a87,996.17,2026-05-31 08:26:57.102757+00:00
25743deb-50a2-477a-af51-8c0b3ed0389f,a98732f0-d7a6-4dd2-84d9-1c5bd180726e,146.81,2026-05-29 16:46:21.330034+00:00
8585bd8d-01f7-41d6-88b2-74885ae26e30,f27a25b6-98fa-41ff-b0d9-3b970eb6f80e,311.58,2026-05-29 18:04:37.530266+00:00
8e05b616-1ef8-43dc-a452-03bde95210a0,64548b89-19e6-4e43-a294-7f72e578da12,10.0,2026-05-30 04:24:43.685069+00:00
0900751e-9b30-4e6e-b655-528838603035,3feff6f7-f149-4ec3-9ba8-be3f95df38d9,965.57,2026-05-30 11:56:02.632595+00:00
858d1abb-564d-4fb3-8283-438f33aecbd0,4e3025e2-eec3-4000-a45d-c444a84e1e0a,2663.73,2026-04-21 17:23:39.580144+00:00
0902dbff-f483-44f5-96ac-6d035f2d717b,41bddb74-60d9-4ac7-a806-b7de145275b5,2209.08,2026-05-22 14:52:58.694000+00:00
12eccd2e-5446-42d7-bc32-605b7069793c,3707f85d-f5c5-4c2f-80b9-993fdf1e4578,2130.23,2026-05-23 15:37:24.808890+00:00
07014831-8eea-4e3e-a140-85318083b396,151d5eec-0e45-468f-b430-dccd5dd74207,1986.83,2026-05-29 04:24:54.591830+00:00
9417bd8e-ba8c-4ece-bbfc-ea6834708dbc,0ce60665-926d-449d-a73e-1facbb5d96ef,4083.66,2026-05-08 05:43:49.411376+00:00
c480124e-9f7f-4597-bc08-f6fcc714fde5,46d0a8c5-20c1-4b1c-94b9-79616e3c1f21,2987.16,2026-05-09 22:16:29.542455+00:00
6d983409-bbba-46b2-af39-8fe446ca8fa9,9c19d7f4-94ec-49a2-9f36-e0055972435c,2465.15,2026-05-10 10:51:07.427349+00:00
5e12b493-87cd-48e0-9eb8-03bf7bfc6108,f408f0ee-f447-4d80-94dc-c47bc673a6d5,5081.38,2026-05-15 16:16:16.318898+00:00
801d370e-e5e1-47b1-a99b-991a9aeea402,dbf6d3e5-de4e-41d9-975d-99ebfe4c4d3c,1335.91,2026-05-15 17:47:34.285354+00:00
f87d46b7-37c2-4671-8ce5-c625fd4c0a13,d50d05f7-fd9e-4740-b977-66c886ee4696,5897.82,2026-05-23 21:34:45.546525+00:00
b5cd8623-1c06-4637-a767-41b714f5206d,1526359b-7d07-4592-8d87-0af77f18e212,3421.25,2026-04-04 01:55:47.764480+00:00
848eeb42-63e6-420f-9ab9-31613dc0184a,108eaa2f-54f9-4a08-978e-516876eb9d4f,1852.78,2026-05-26 10:55:58.945380+00:00
8d1c2e03-2bd5-46cb-b4e7-e04bf53cfb1f,4acb4ea1-13a1-4dd1-baa3-04af98b39bfd,510.45,2026-04-16 02:09:15.606485+00:00
42b07bf5-a577-4022-a4dd-7a2955f4de29,58a4ed5f-c8e6-414e-8dbe-7e94bf125e45,293.06,2026-04-28 21:21:18.361674+00:00
1633dfe9-8d70-4a34-aa02-2cf70fac3ab0,5f553af1-8790-4379-a236-53cca1464473,244.55,2026-05-25 08:38:00.950512+00:00
6ec333db-07b9-4fa2-88a2-0e6d9184f151,d77db903-d4e4-46fe-aac4-f372a3064ecd,788.34,2026-04-23 15:45:37.344920+00:00
aecf59c4-ad70-432e-afa7-20fd9c8d80cc,2e651ce9-4cbe-48bb-8d80-f83c82e2d54d,258.56,2026-05-14 08:31:01.915725+00:00
6e80d779-5e8f-414c-a2e5-37d6c5f0869b,598c5b91-bef0-4d5c-a767-07ae76484bae,383.21,2026-05-15 21:41:22.211985+00:00
1bc1e0d1-75b4-4501-a93b-b52e276a184e,a2c2e82a-c375-48f7-82ba-f4e442403c26,224.25,2026-05-17 21:53:21.085972+00:00
04811c75-dce6-4119-81b4-9890b973dd94,747d7527-9e85-446f-8252-43dad6cec9f4,332.75,2026-05-20 11:57:35.574268+00:00
fcb08094-7a0a-4c45-8c32-aee49835510f,2ac10d48-5fc4-41ad-a6cc-e4722a288faf,241.22,2026-05-23 08:19:44.353873+00:00
b0bf59f4-52a8-4937-94d8-c8c30031c2bf,c4964d6b-06d1-4b93-83da-859c779a5ea0,302.22,2026-05-29 07:01:05.692578+00:00
98440223-f867-45fa-8148-ee8ec1e4dd7e,10bdabb6-7aa0-43c7-9c7c-484b21750ab0,2634.88,2026-05-28 09:43:41.066148+00:00
55a68687-c68a-4a15-bc08-d77251db1d21,77a6913c-adcb-43ee-a57c-48ce113b1b21,2237.21,2026-05-29 02:38:58.721434+00:00
572b8ee5-781b-46e6-a94a-3750ef8b886c,ee8f7ced-18f2-4ba8-a875-1ab2ecb983f9,6927.31,2026-04-28 05:09:29.173168+00:00
7ce7e86f-cd9e-4bb1-9329-5a3920c3e6cb,0f8843b4-af0c-4f69-9630-0f47a8cf83c5,1865.32,2026-05-05 21:49:14.020728+00:00
4a7ba0ff-a022-47c0-b120-797040030878,378e2bba-f188-435e-b668-987943ef81e8,4661.8,2026-05-18 21:09:47.244758+00:00
fa2e33d4-b3c7-4144-b8ca-0520d0ffbd8e,9203a5ac-6419-464b-8409-2cbdbd576e4c,1071.89,2026-04-30 00:01:58.909901+00:00
3d57018a-8fab-48ff-b904-46ba9f506f76,36a52f4b-8701-4902-ab53-9fe2a824eebe,1229.91,2026-05-05 12:55:31.007345+00:00
3b1ae78b-b44b-435b-b896-d1649a19b8fd,997e5986-bb08-4b2d-9ba9-80fb65c1dba8,2508.72,2026-05-10 18:08:19.018250+00:00
e0fc24fe-daa0-4243-94bf-09c4d0b1e0ab,6748f5a3-3706-4198-a21a-5b95c89fa6a4,3911.64,2026-05-13 15:24:59.172495+00:00
2f0a1df8-10c7-481b-a642-394702fdfdc8,8ac49b6b-8324-44b5-aaea-f70bc1c80e5f,388.42,2026-05-18 19:48:00.907913+00:00
00b30b69-9e23-4f0e-bfa5-ac9f6a4dfd69,ce1f98d4-5e24-4b0a-b2af-abf347bf73f8,2666.65,2026-05-19 08:34:19.776990+00:00
ca6c9840-5f72-4733-9bc6-7c94bcbb6438,4e0cdeb6-2756-447a-be50-4f07c088d4fc,264.11,2026-04-30 14:07:54.391630+00:00
06c6f014-8752-4e8c-8687-477527de6517,186b05e5-e11b-4e3e-86e5-305a96d2c08e,506.65,2026-05-17 05:20:39.391048+00:00
26831f3e-c6d8-40f4-bfb0-eb60cfb37557,bbf02798-e24d-429a-87d2-2c75444967c4,210.1,2026-05-29 03:24:42.258582+00:00
450c5727-adc5-458d-9dbf-1f9560097868,ce8e6c5d-9603-4348-bd33-5f62fdb2cd1b,1073.78,2026-05-18 23:52:40.605537+00:00
56affaf4-3c96-4158-b310-cbcf2be3a463,99c5d2d9-809e-4a96-83dd-12cda1aed947,2608.26,2026-05-17 16:39:18.199301+00:00
b398e006-7532-4e69-9be1-280cb2c176bb,a8932b83-2105-48c4-b6d6-3282df9d1a89,4886.32,2026-05-21 23:07:53.651297+00:00
337d2f07-37b4-49ef-a7af-6857427e8b10,804c3460-d2bd-491d-807c-b357f9ca610c,3464.67,2026-05-28 05:39:09.150562+00:00
2861b9b4-5e08-45d8-9ac2-5f6950d72408,a63bb935-b88c-4302-a03a-e1a10655cce2,2077.41,2026-05-27 00:16:58.368199+00:00
51d1f58f-eb21-4d2a-adf0-2092dc6ec22b,aac9ec2c-e7dc-44b0-8a44-f8c160a4b91a,1539.1,2026-05-29 16:20:24.835205+00:00
be988d0a-1151-416f-b02b-2415ba398b85,508c5471-aa21-4f24-8ccb-81582a2e2236,2578.55,2026-05-29 15:17:55.472091+00:00
fca57fe4-3fd8-4d46-9b4b-32f2816fe6fd,3ec3cd94-5ad0-4b44-b92b-a37d6f9aeb0d,2208.72,2026-05-31 04:43:46.132504+00:00
90294295-ece5-4d12-8816-90b9169891ec,86bcc047-8030-442d-b9e5-53a630aa781c,287.22,2026-05-28 06:04:17.329332+00:00
b5568ed9-aca7-4be4-9500-ddcdd1f6495c,20bc6c76-b999-43c9-a488-bc1fff937903,476.24,2026-05-29 12:33:57.841282+00:00
2db95f05-4787-47fe-8479-c1163252833e,7cef3f73-ec62-40e8-9150-e411fc97411b,846.97,2026-05-30 08:09:53.281721+00:00
36fb4a07-f200-4c6b-bba8-10d6c88baf4f,472551b8-95cf-4b4b-8e22-b0672774dfee,619.56,2026-04-24 14:01:03.896861+00:00
90fb4a06-a063-4528-abd1-3e3d6eeb949d,0b10eb1d-4651-4330-bbf3-b2828883701f,1992.15,2026-04-28 22:50:30.580397+00:00
33b4c87a-c815-402b-9b62-e4cd2146c35d,aab3c377-d431-49be-a0b2-3a40c72b7701,1652.07,2026-04-29 19:47:23.334593+00:00
cacc0037-ca05-486a-8dcc-a06f4f0e2e1f,690f27c7-ccd2-410c-a7c5-9e86c73b6bd7,10.0,2026-05-11 09:38:05.542542+00:00
57196f89-29e9-40d9-b980-69ca903a0516,fd92ee0f-97af-4f45-b1a4-5e0900a29f19,1798.89,2026-05-18 01:17:18.219429+00:00
02356281-b09a-4777-a041-5c4aed5ae1f1,7a48588c-bb91-4ac8-846b-eba36e464487,2391.52,2026-05-28 09:21:20.870746+00:00
0950c8c0-05f9-4bc8-b3f7-59ae5fa528f5,bc068f35-36ec-474a-9bfc-f657b2f636a2,2680.45,2026-04-20 10:58:51.722447+00:00
18b8c405-74b9-4dfa-9d97-b7f1c99f0c0b,cdb9cd22-3a55-46b9-9aec-b8ebd17dc84a,2892.4,2026-04-23 20:00:45.839041+00:00
145e21fd-09ea-4712-b812-a333c8be27c5,f448125c-7748-4430-adc2-492a6531df86,1222.65,2026-05-17 17:22:29.068121+00:00
10b17af1-ed48-40f0-8902-38109eaf2365,09fb5590-4520-428f-83ca-ee565c4a407d,1402.09,2026-04-23 00:01:26.149342+00:00
7c178b83-fc25-4d64-b1cb-883f2a80162c,51e4be09-ef6e-494e-b4ea-ae62f27bf772,10.0,2026-05-26 14:42:47.880263+00:00
1ff869c5-de52-4559-a16e-c54c70aa5744,64304993-ce0a-4397-8f63-39868056182d,2282.36,2026-05-03 06:58:06.262801+00:00
c6120b6e-c4ee-42aa-bbc6-700555cf869a,13634aaa-58ce-4700-8721-8238bf49d0e9,1394.73,2026-05-05 11:04:07.092851+00:00
bb4432d6-bbbd-4388-a6e1-905aa9833eaa,cb4877e7-7fe0-49f4-9bd4-4b421f350709,4753.36,2026-05-05 19:40:36.484766+00:00
1bd80947-7215-4d81-a712-8f40892273cc,08bcef27-7619-4d82-b73f-be186ab4c2ef,2866.06,2026-05-16 07:29:20.503009+00:00
dd2bc1f8-6492-4290-a7da-081bb06067d9,a90bd156-c224-4db4-b349-ab40fb804aa6,2408.53,2026-05-20 22:13:21.675970+00:00
836e40af-ae3e-413b-8ad3-19ff03c27e8e,4e8f8d09-e471-4903-a553-109298b245d3,707.91,2026-03-15 08:06:32.290936+00:00
f314392d-7d13-455d-9721-ef40c271eb7c,1f1e7501-502d-432d-8703-e9899ef26985,1456.08,2026-03-17 08:24:53.254428+00:00
5c7214c2-12b1-4d50-9984-d7766330d6d8,b445d4ad-e4de-4d75-a38d-931eac18bceb,1296.19,2026-03-23 07:24:52.915956+00:00
fd051a7e-06f0-47e7-b2e3-0d122799f119,c6139a00-3b7c-4e69-a4cb-74dcb6088ba4,5330.25,2026-04-12 05:36:37.328684+00:00
4d0062a4-fdfe-4403-b9b6-019fe4a6743e,60f62118-99c8-4bf6-a13c-fc4e6731feda,10.0,2026-05-01 01:07:37.506901+00:00
ae04d177-3386-48a7-b031-c02b2bb6f154,9b4e223e-3617-4127-bea0-04175a648382,1758.08,2026-05-17 05:28:55.016451+00:00
9dfad830-0903-443e-8b0d-918283e3d34c,56819ef6-96e4-46c9-853f-c698b8774279,2278.27,2026-04-08 18:29:46.235770+00:00
e50557a9-7382-4235-883a-a17597347893,04451809-fd0c-4b40-86cb-9072ec884f67,752.52,2026-05-11 17:34:34.864363+00:00
7836598a-200f-4506-ab7d-808a809e99f1,83a9b514-0dd6-4d8c-aa93-de8a8f91d781,308.24,2026-05-24 16:11:57.649466+00:00
fdeda014-94b6-48c0-a5f3-a6523e04b970,6afd4f13-3036-4fa0-8e37-c26a46ddb236,10.0,2026-05-14 10:01:34.649463+00:00
e8984662-d165-402d-95d9-511225ef9038,1de58e43-a0fb-4bf2-98a3-afb0d86618cd,3710.93,2026-05-19 15:34:38.093782+00:00
5a2fcc6f-c0ae-472a-9710-24aa7b77f061,69dae333-65a8-499a-9c43-d158442218f9,4318.66,2026-05-22 04:42:27.069771+00:00
d4169908-66f7-45ab-9d4b-78aae130604c,fce26a6c-e86f-4315-ba02-4814c6cfe3e0,10.0,2026-05-22 19:49:48.239304+00:00
9396ea7e-8922-4fbe-8de2-d5c39d791a99,23b26550-5913-4d6f-bcc0-1a178e7c4cdd,2635.33,2026-05-24 02:29:23.208962+00:00
28ed4b77-3f2d-4f36-a9d2-1daff718b90e,dc26cf6e-4828-4cae-8f37-d675e3ee9962,3218.61,2026-05-25 03:20:14.366327+00:00
bb932ef4-11fd-4b56-815c-0a4215a82408,2d590597-d127-4669-9329-f8f5f2470d8f,4596.83,2026-05-23 05:43:45.562876+00:00
a3fa5a64-4b16-4f1e-9931-44e9a2c3f463,ba24d055-9c10-48de-8532-20def5d10d65,4557.66,2026-05-24 06:10:17.918816+00:00
22b8b459-f4fc-4126-9bf9-1323f1521b8c,756f6c97-217a-4e34-9440-bee30d3165ba,2754.56,2026-05-24 18:31:43.759394+00:00
59cc92ca-1d83-4cb7-abd0-35afa9ecaa3c,98e24f8e-a544-4e33-8409-c9052f620290,2607.06,2026-05-31 20:25:45.302537+00:00
d5af0402-737b-480c-837c-c626ebbab463,4f9618dd-55cc-4050-97c2-1a6508fc54a9,2206.61,2026-03-16 00:10:02.372351+00:00
71b04f99-bf5b-4398-beac-61238d8abda2,c6307d9a-deb0-4a60-99d7-8a76e4c2a663,1702.8,2026-03-20 05:38:41.120661+00:00
4ff30a54-b0a6-4d8a-8f43-e9dc4b5be11d,def51377-5bef-47fb-8661-1d3c1176fb47,1325.0,2026-05-21 21:18:53.632672+00:00
55d140a7-0e7b-4993-884e-979a0b0fb54c,e49c92d4-f6de-46eb-8c9a-312ac24e934e,652.27,2026-05-14 11:23:40.388367+00:00
3e6da30a-1d3f-40bb-b5ea-deea8c570df9,e90f8b56-3047-452d-bf02-a882882bd022,3851.11,2026-05-13 20:12:09.167861+00:00
464903d5-3066-4e16-ab6b-3c05ad0b7f22,d543747e-fc5b-47bd-8d36-e4088d21cd02,3322.2,2026-04-27 12:47:07.302460+00:00
6081b6c5-6f9c-4420-80e8-1d57a6ef3aae,420785f9-410b-4ff8-b07b-c5d05b1dc06a,906.38,2026-05-21 15:04:22.488210+00:00
f0fc0350-d19e-4164-b7a4-5113573f3387,80118f12-1cc8-43fd-b9ac-f247b5d1a6c1,380.68,2026-05-25 10:30:21.985683+00:00
d0ce0e6d-3b86-49b1-852c-d98ee6ebf70b,5550acb2-e8ef-42bb-8121-15ba1ed9be44,330.4,2026-05-25 15:05:03.260998+00:00
3edf7639-5762-4525-94ba-57c316f75722,fe1b5d02-5cdd-4fac-9791-7e861de762ec,342.7,2026-05-23 09:22:17.908332+00:00
f16bad06-9506-44e2-b5f4-4892481ddc37,2af35333-544a-416c-998b-401d26765fd0,6184.17,2026-05-26 09:36:15.382952+00:00
109701f5-2cbf-41db-a5c2-f224ad3d6651,260d4d40-5474-4a89-b21b-6cb6dfce6c8c,2757.32,2026-03-12 15:12:19.231869+00:00
e2f857b4-b745-498e-b2a6-64de94e52c30,f7bb0936-0325-4d0a-abc9-52259083ef08,2536.88,2026-03-14 13:35:12.343793+00:00
520fa27e-7ee7-46f1-b32a-8608f5809c05,dbb92870-6d75-454f-b2f9-3f7afaf01ff7,2597.01,2026-03-24 09:21:36.240630+00:00
2bb4159f-d534-436c-9a27-275052dbffb9,6fb3c1a5-8306-4813-b2ec-2a03f6510ac5,2700.04,2026-04-16 23:35:27.065247+00:00
cb0958b5-b310-46a5-b12c-a85c7e2306ec,0a326901-e00a-4cc9-a82b-bf11f3db98c5,2658.83,2026-05-02 06:49:57.324331+00:00
b21904d9-28f5-4907-af88-a9c2a3d56cce,c03908eb-1d35-48c6-b5e6-303b56402db8,2891.6,2026-05-16 10:41:48.339678+00:00
292a599a-f682-4557-bc31-be81fbb0869b,74fefb20-e5d7-4f37-a174-c28043781bf2,2684.37,2026-04-09 04:10:09.431595+00:00
ceffb679-702c-45db-9d56-a8607696bd76,047f9910-acaf-4c12-b818-27a00dc38fef,2591.59,2026-05-05 08:25:58.849588+00:00
362e1bb1-52ee-4086-91a3-cd7fbec84667,2c8d98ba-65e1-48b0-bb64-3faf6fe3d127,2754.68,2026-05-14 11:59:26.712234+00:00
e8f55058-1508-4eb2-9618-8fe2ff2459ad,131489fa-a996-45ca-ac64-07ee059056b1,2721.91,2026-05-14 13:44:49.283345+00:00
894daf56-e50d-4865-b7db-3f8b8ea744a6,735740e2-37d8-4c1e-aaf2-1aae4cc558c2,2701.68,2026-05-22 22:20:08.815856+00:00
60112648-d5bc-4186-a90a-62212666fc06,4ecf99f5-a45b-45ce-bf1e-d8e850a35c29,2869.65,2026-06-01 00:29:27.161038+00:00
96c7f402-90de-405a-bebd-613ec38893ec,2ce1b26f-1c16-4f3d-b581-fa9579a3816f,2472.44,2026-04-02 08:39:24.482333+00:00
3e6485df-a4d3-4087-a407-57a0b35b5a7d,f513c40f-852a-4168-ba45-16a8d78b397b,2401.61,2026-04-03 11:37:38.674999+00:00
17d28ac7-4024-4afe-b630-72f03d3ddfc8,6dfdb0ca-e38e-4bcb-ad09-3dbe3b214046,2734.41,2026-04-06 21:56:03.372738+00:00
9ca3c714-4495-4d91-b6e3-b68c8447a491,6da51388-2890-4f9b-b938-17f2867f8056,2517.96,2026-04-11 03:14:03.636818+00:00
4f4246a2-ab0c-4cd0-8f77-dc4f709002f6,e8462a77-7ba1-4f04-959a-52cfcf987c12,2737.97,2026-04-11 09:53:02.815750+00:00
fea2dcef-1565-403e-b737-1cebe575ae87,04b6aeb8-c08c-4ebb-b37e-08f01081452a,2663.51,2026-04-07 08:36:28.690707+00:00
e2f259ee-9f5e-45c2-b786-39c7663fb10a,6925bf3e-2b6a-4ff6-8e1e-7a0c2eff7761,2566.83,2026-04-24 16:22:58.851407+00:00
a328c83e-37c3-439d-9543-1f412dd8fefa,8a8bd929-13e1-48a2-91b8-3c0b506285b3,2553.33,2026-05-01 17:03:02.093293+00:00
01a8cb74-3ca6-4e76-9cc0-e328dd326982,1b1c9f17-2a25-49f6-9319-5c85839ac68f,2669.53,2026-05-08 06:46:07.424818+00:00
971b05b0-2843-4805-bf5f-f979ad332310,57bd9191-0d19-4c77-bc36-5f71166d0821,2600.29,2026-05-15 12:19:51.694330+00:00
9bd3e369-7660-4b9b-a645-1d9509e2e79d,d6bc47e6-663c-4358-91a5-50929ab46ae3,2420.56,2026-04-09 09:27:38.612676+00:00
78b50797-5803-4543-aab2-e20b16e583e9,c8ae5eaf-e3d1-4861-a0be-0eef98f60445,2664.81,2026-04-13 00:29:22.986993+00:00
a5b81dc4-e061-4c74-b0b2-788555d531aa,30102867-46d3-4072-bdeb-dc0089e48b87,2556.59,2026-04-26 11:26:07.204724+00:00
2148cb6c-d7d3-4e06-9f1f-f345b505d4af,3983b40e-3555-416c-a085-62a4deb362e1,2683.63,2026-04-30 23:25:11.165715+00:00
76f50551-a98b-4f4e-80e8-40574d6125bb,a0bd4d58-a985-48aa-81a6-c7e662cfddd9,2639.45,2026-05-03 07:25:02.573540+00:00
661ce245-8896-4d05-8eab-62e755d4cbee,6afbbe26-6375-498a-a32d-db32375e4bdc,2790.28,2026-05-07 06:46:24.479423+00:00
bd509b1b-158b-4ffc-8433-57def39aa9fc,20fb1340-685d-4f07-9424-130c0b247b2a,2783.84,2026-05-13 16:08:36.369961+00:00
c72c099d-fb05-4e72-adc9-40ae8d2571f5,4c498338-42c2-421d-b77e-6742a55c2071,3988.07,2026-05-08 02:32:37.972287+00:00
08292dd7-b7a7-4b03-add8-b7e4766811cc,ce330bf8-77e0-4ade-9c48-9026a4689d51,3529.92,2026-05-08 03:46:47.793762+00:00
a31a954c-b533-41c6-b488-c1dfce1c5a6f,558eb1a0-5792-4331-8812-6a12d3b66961,3710.49,2026-05-08 04:22:32.846503+00:00
d8e1b374-e0bf-4b7f-9546-f1a9c1d13c63,786abae3-1d73-4b1b-8f83-a12990e5745d,4309.1,2026-05-08 06:01:38.682170+00:00
bddbe617-f3cf-473c-a848-5472a2cf5408,f4ae4e68-7396-45f3-b716-ff2ce426978f,3361.24,2026-05-08 10:19:33.240467+00:00
f812db37-6478-4c74-bf50-93b34a7f7105,c11fd701-43a7-484d-9ce4-fdf3a6b32bba,3902.02,2026-05-08 10:14:15.203493+00:00
6bf06272-3d23-46da-8501-fbb5dfe83bb1,23068279-aa80-46d2-a3ac-6515fc239eff,3844.86,2026-05-08 11:15:27.530700+00:00
12016a78-6996-4ff6-9583-384a7bd8b9a3,60081f92-0051-4348-88f1-c1c10ff83dfc,4138.9,2026-05-19 05:07:57.113217+00:00
07ff363c-1938-449d-95ca-00f0d07ef3b9,0146b3c9-6089-4194-9282-01bd552074d5,4037.35,2026-05-19 07:20:33.921665+00:00
5959a2c4-334d-430b-86e2-cdbc90bcab08,5279aead-f2ff-4705-bf8d-4394e8065439,3803.66,2026-05-19 11:51:16.873400+00:00
ab816495-d77a-4515-aff5-c15ff6e628a8,216a67ab-b66a-40a1-add2-eb2c06a6f32d,3874.15,2026-05-20 00:10:47.130556+00:00
49298b52-2579-4afd-ab7a-711ad756c7b4,ac863f4c-2e5e-430a-a904-ee252e7d2f83,3810.44,2026-05-20 00:14:09.109961+00:00
45eb6b13-8060-4c02-ba4d-ce7072eea049,5020ae7c-9f43-4349-84d6-9c492d994ab9,3616.5,2026-05-20 01:14:02.213849+00:00
d5138d7b-f6a0-4adf-b29c-b0c202dd47ce,06139993-085f-4069-852d-cb42fe830e1b,3970.98,2026-05-20 04:01:57.725834+00:00
64956051-855e-4011-b324-c7d9d9072566,b6e6a49d-da1d-46b3-8cd0-51ae3fcf3f28,4071.18,2026-05-20 03:33:38.606981+00:00
2e39c47f-f910-49e0-9f00-114ff27b9f4e,574b888e-cce7-4fd2-8494-09eddf394266,3818.61,2026-05-22 23:05:07.548375+00:00
5222ce2e-b370-4bce-b2f4-04721b0adcf5,59a1f15d-d525-4661-bef9-c5798798f21d,4005.66,2026-05-23 00:26:19.610493+00:00
14cfdbd5-d164-4ee0-8346-deb01d3ed6dd,37d7a7bb-3867-4016-b4eb-1f812bf5706a,4120.01,2026-05-23 02:46:23.380600+00:00
067681e9-01da-4d5f-b5e6-c66787526624,6c591dfa-02ed-48ff-8eb8-7da0b1407bb0,3479.12,2026-05-23 06:20:53.158962+00:00
1620d3d4-3370-4ef0-8d63-697b09d244f0,f9968b6d-fef8-4497-9d12-2778b1699613,3636.46,2026-05-23 05:23:39.176705+00:00
11a9d768-3a44-4bdd-b31b-77b498363edd,2a32702b-31cf-43a1-96e3-af1e6d17836f,4000.2,2026-05-23 10:03:08.819904+00:00
c9d2bdaf-805b-4272-bbfa-24d3696bf75c,df88b82a-e030-44e4-a755-d7b350593023,4022.98,2026-04-24 16:53:07.581550+00:00
f222b5d0-7e0a-4679-b87e-4d2ac18737a4,9eb90872-12ec-4fa0-bcec-0e46fd32737f,3974.92,2026-04-24 17:19:33.364588+00:00
1d972250-aad8-4bac-b3f2-e504ebbb78e5,0ad6b923-915a-40e0-b43b-6cd2ee155f09,3808.96,2026-04-24 19:39:33.351037+00:00
ac8dd9ac-fb9d-4187-927d-b2faefd656c7,b6cbae34-c98c-4669-a897-fda7562af08f,3545.94,2026-04-24 19:05:45.832815+00:00
9ba72136-98b0-4a02-94fd-00a4ef254fa7,702dc1ae-d349-4f8b-84de-7a762f745b82,4107.34,2026-04-25 06:05:55.744924+00:00
d7be7324-ab9c-4558-9404-cf4329323966,ee5b5605-1a5d-4855-bd21-c35c9db75706,3776.99,2026-04-25 07:09:56.389250+00:00
0353a7ec-2f8e-4f32-9c6c-a079c72dc7e8,f64326db-a339-488f-961b-7e6073e70539,3929.37,2026-04-25 07:05:03.777727+00:00
68a5e8d6-91db-4c46-9a53-d65ea4ea1713,f4f269f5-bcea-4273-bc6a-797bcaf3e1f8,4149.9,2026-04-25 13:25:22.069812+00:00
139a24e6-3ca2-4ded-8719-fff48602cc8b,7fb4c6b2-493b-430e-872e-0e742659bd18,3837.91,2026-04-25 17:47:12.673418+00:00
e833d95b-6894-44f9-9c09-04563b20cfff,357c13d9-ad88-4836-a688-c58245ced249,4362.07,2026-05-22 22:23:58.612876+00:00
dc20a4ae-df38-4dde-a150-1c04ecf557d5,c675c38d-ec32-49cc-98d6-4fa89d7cab6f,3518.68,2026-05-22 23:06:17.722882+00:00
b5b4ea8a-eb07-4d16-984e-ad617bbe755b,fd8ccf91-0abe-4f3f-898b-09baffd3d287,3214.67,2026-05-23 04:38:28.612863+00:00
78d0e37b-7383-4387-ab28-09f0d23ae732,b0645879-4968-4fb5-8379-05938cd41412,3414.96,2026-05-23 09:28:16.457190+00:00
4d28ba73-2afa-46bb-81ba-1e351574d030,724c6528-402b-4661-9b47-087da5a687f2,3693.71,2026-05-23 11:22:08.457868+00:00
0c8be0ed-c36e-426d-8a28-52a754c07042,4861ef59-92a9-4414-8a8d-c1051b7c1805,3711.14,2026-05-23 15:11:42.579112+00:00
dfa7d9a4-98d6-4d06-b81e-48e5cb043377,e7a46d2f-c06b-4239-8ef6-733c2447aa8e,3823.75,2026-05-23 21:47:54.858221+00:00
ea2e0c54-2dda-4d27-b25a-bac99d02fa15,102ec8fc-e60e-4488-9b12-2740436add04,4058.21,2026-05-23 22:45:21.982689+00:00
8df51c9d-6732-40b5-9717-1a3b495d2054,67860b66-9a88-4e31-8233-cf6c83c58de9,3724.57,2026-04-24 03:38:44.269044+00:00
9a1c2a92-f699-468b-85c4-eceea4e39e41,cacc3332-e3be-4322-b774-da93b1538e9c,3827.07,2026-04-24 12:55:24.625135+00:00
cee64565-8e5b-4d75-a0a7-499de20d7589,c820fbea-6065-4692-800d-08af7496e148,3906.21,2026-04-24 14:18:07.134850+00:00
12590576-eaf2-467e-bbd2-efdd1159ab56,b00d8783-3f9d-433a-bfb1-eb29d6cb9fcb,3832.61,2026-04-24 20:56:49.612204+00:00
af29c225-5a5e-482c-a75b-876bc23bc40a,5a371487-4e01-4063-876e-f606588c11a5,3633.84,2026-05-01 18:13:43.871216+00:00
79ac5a1e-fe83-44e2-895e-2b5425b02a39,fa80e33f-f93b-4893-aa75-1a2bbf7d9746,3733.81,2026-05-01 19:02:54.546938+00:00
906a4d80-07a1-45e9-a409-acbd6406cbf6,85deca2a-90cc-4b17-958d-df4e2310aa27,4060.04,2026-05-01 20:59:49.136927+00:00
c7725f28-5bf3-4477-9636-931d978a82d2,6f1dffcf-f2be-40ee-97da-924026af91d5,4031.43,2026-05-01 23:12:29.218587+00:00
9e2bcc16-4c47-4cb8-8820-1f27c0bce610,987bf3f2-56fa-47c2-ad8c-f12676dcb82f,4132.01,2026-05-01 22:13:01.010544+00:00
9d56af71-b09d-4d58-babb-63336cae671e,1c37d693-657e-4e94-b048-0496425a4c42,4385.3,2026-05-01 23:36:57.083792+00:00
66b55cbe-7e80-47bd-be9e-c4b9c108aae2,75e0adc3-e556-4037-b7e1-ca1c59ae40a7,3567.58,2026-05-02 00:03:34.451438+00:00
f56185c6-c329-4ebc-9eb5-061db8fff378,391e8d64-2974-4e6d-b000-eed033da2e1d,3758.65,2026-05-02 03:01:26.189781+00:00
8e897b6b-03ea-4820-8ac1-b0c7b840ab16,5b883f08-8b23-4f29-b5d4-03a549a44efa,3375.66,2026-05-02 03:23:22.290881+00:00
5f5c0ebc-1d03-4858-8ad5-316b6dbc5e46,565b3fb3-72fa-4546-8837-26b3a0c09391,1308.44,2026-05-10 04:48:05.996842+00:00
ac48793d-5b22-4190-a45a-8c41c11fde32,6186bb5d-afcb-4e09-8031-179abda8f44b,1172.43,2026-05-10 10:10:59.137460+00:00
01915224-b6fd-4c89-9e08-805876a6b470,df2e4d5b-b45a-4f42-ad9f-e2110da9912a,1214.2,2026-05-10 10:42:33.592611+00:00
6c39a73a-799c-49bf-b9b8-9c448a774f10,c8fdbd4c-0463-4c27-a217-f18ef6293af4,1150.01,2026-05-10 13:43:22.306777+00:00
130edee9-2954-4e50-a286-9257870c70fe,cf4687a5-901e-4442-a455-86c18101eb8e,1204.5,2026-05-10 18:44:01.294989+00:00
661e8a29-83cd-40b5-ba28-16a3029666ef,058da908-74df-470a-9528-1a8615f12aaa,1204.51,2026-05-10 22:03:09.578194+00:00
698e9aae-8351-4e5c-9b68-4810ee34b98d,daa76706-84f6-4495-a001-62beb115e3db,1197.71,2026-05-11 07:43:04.476910+00:00
66ecf6e8-6e33-4697-a1c8-1bb37605f101,412e61ad-a4e2-4a9a-8f19-f80e3c126ad0,1269.37,2026-05-11 08:44:31.800398+00:00
1e357833-320c-46cb-8881-bfb8ca2f351b,1ffb9199-7195-4af0-b40a-9e88bd999d85,1247.18,2026-05-11 11:04:37.338385+00:00
5fa10363-e484-460d-a116-1338b853ffe1,a7456d30-41ba-4cad-a864-5a0a41922492,1290.21,2026-05-11 11:29:04.467608+00:00
9836c1fd-296c-4549-9ba4-7faf0d0d789d,7008c804-922d-45b8-a0df-e308a153a36b,1148.2,2026-05-11 12:59:05.906610+00:00
efa47732-b627-468e-8530-f82a13299e89,5b4e4eb0-2880-45d9-b2fd-2e88e66ec329,1275.34,2026-05-11 17:20:36.893811+00:00
7c40e164-b583-4c46-abd7-111727036f3b,ca13b042-069a-4e3c-a21c-a82c6469530d,1246.03,2026-05-11 19:32:37.584503+00:00
b7ff8996-f8d5-4f92-a756-d78dc9d44ae0,002948ee-23ed-48c5-b34e-a442daa4e784,1202.49,2026-05-11 21:05:27.161766+00:00
13f20965-d30e-4fca-8ccc-ca1a3cf43d48,44fbb51f-dd01-4453-b75f-10a4f9038760,1284.32,2026-05-27 12:42:03.744813+00:00
52f13a77-bdcf-4240-8e2f-d20295dfc2fa,f4565aa2-8016-4ee8-898f-c7a6b9a176bd,1192.73,2026-05-27 18:48:42.918925+00:00
f0014146-f39f-4ed0-9896-0ab6688a94fb,d3291679-9c76-4701-9ac8-91e9381ddc61,1331.37,2026-05-28 01:46:48.715435+00:00
3ca52591-a0b0-43dc-ba5e-bfac77924b5e,61fa79a8-56bc-46b1-9eda-af3f8f56b63f,1168.16,2026-05-28 11:55:28.774417+00:00
93ea758c-85c4-4f96-ad79-43a2832ead63,0bbac340-f5d5-4bee-b29b-e2b949adccfa,1768.8,2026-04-04 01:01:13.798743+00:00
eb9b560d-080f-4ede-8b08-b8a223073834,74b60ec4-925f-4366-acaa-9dd3bf4c4f70,6027.96,2026-03-22 05:37:51.058860+00:00
3ff6dd97-1d91-4ec2-97eb-a4293beb4b6f,69b68316-befa-4af9-9e37-e2091939801d,3720.26,2026-05-09 02:29:34.003406+00:00
456e828e-e63a-41dc-b3df-72a8915a69ef,8bc924a2-9607-467d-aef8-74f1324133a9,658.96,2026-05-29 01:54:07.179310+00:00
9b65e23e-f55f-419f-bae9-69eef830241c,642da3a2-02a9-4a00-a782-af0f0007a943,4350.73,2026-05-30 00:17:13.855702+00:00
4cd72ef2-4a5f-4973-a49e-c3e9521f6d71,5c628ace-03f8-4a9d-88c1-0a44a282cba3,3559.69,2026-05-30 03:52:23.905201+00:00
b0037b51-65f7-4a76-9b29-fb5785c56687,c87b3b4e-c854-4df8-a514-b3b21679eb2e,4140.5,2026-05-31 00:19:30.067351+00:00
609a8164-a264-4ef3-a846-231805cb988d,b81d5271-7aa2-4ced-8330-1f320126174f,10.0,2026-05-28 21:47:06.238214+00:00
3fce5969-a1ce-4f5c-a7aa-8702909da964,9365feb6-9c13-4a14-b129-0419615e66fe,3162.35,2026-05-29 21:56:48.035313+00:00
47cc7cc5-d94b-48f4-a22a-9ba6bfbb2485,4d5822c5-ee89-4f8f-b0d0-38598551f10e,5459.17,2026-05-30 22:14:53.854788+00:00
39a790ac-fc93-4b3a-b0c1-c7f75b6c6426,e3849cd9-bfbd-4128-9af2-b48f7a7be713,5017.21,2026-05-28 04:01:11.563754+00:00
34b719e4-befc-4af9-9ab2-e47e4717fa80,1a52a9d7-70a2-4c77-8f42-dd63ba0f7e5d,6606.13,2026-05-29 10:47:58.832885+00:00
b7f52ad4-04df-4ed6-a35c-d6e51bcb8376,14848b92-5f71-4ad2-bd52-a07cb839e556,3830.11,2026-05-30 18:55:54.117665+00:00
51b1757f-c233-4bf8-95ed-c8f5094017fe,cd97524b-49d5-46a6-8b9b-89f49d40aedb,2479.52,2026-05-31 12:50:20.585763+00:00
ea66fd07-813f-4432-8257-ca7346cfe84b,4604c2b0-8e91-4f9b-abf0-bc9bdf38d91e,2817.61,2026-05-27 03:14:57.012185+00:00
bb365e86-fb14-47af-8857-e93a70d4d93b,6e7bdd25-e907-4005-837a-933c26336017,468.37,2026-05-27 16:38:44.839044+00:00
1d1be46d-6649-4ddd-be08-a3185fcca7f9,181a2d8a-759a-4c46-b061-5d9601c5f840,1252.98,2026-05-27 19:36:40.965834+00:00
5e194f78-8249-494b-a12c-17ccc8142e3b,36613ae6-b8e7-43bf-8904-83b307bf4b73,4123.0,2026-05-30 10:50:23.727157+00:00
bfd0335a-5996-4a21-bace-4023a4ef9f1f,57c2a9d3-cac1-4306-bb10-5ae9d0411655,3748.41,2026-05-30 16:23:22.964558+00:00
071add91-ed48-4fa7-8eb5-88ff084123b5,c8005c13-7776-4528-a88d-44f9805814bb,10.0,2026-05-27 07:53:33.356927+00:00
3df3c759-94ed-4f94-bc73-75ba788972bf,7fa3bd7b-b015-4c6e-9f2f-f35ba26a66d5,693.54,2026-05-27 13:25:32.287052+00:00
e56cf6d4-a6bb-434d-b88b-3f6e8fab6d4a,090c5312-1d6f-4b4f-b119-527bbe178c20,4996.93,2026-05-29 11:00:26.862106+00:00
ef80d105-f5e9-42da-a5a1-2000239521a4,0050be3b-b3a5-40ca-b86c-3dba62412b9a,5347.57,2026-05-25 06:40:48.510451+00:00
66c8b436-9f6f-4eb8-a5e2-0bf9e9af0651,abdce4fc-67e6-4194-a23d-a5214c49d5bd,5310.91,2026-05-25 13:04:58.738296+00:00
8a6770fc-7ed7-4b5e-bed4-ca88fcfb3c81,2c48b6e1-db55-4ca2-886c-c0c715f7a758,4989.49,2026-05-25 13:55:35.936116+00:00
80ddd8c0-baf6-4f40-ae29-babc88e1771d,4429ce09-33b9-4b89-b15a-404f79d9fdbe,4825.75,2026-04-30 21:43:10.678970+00:00
de0604c3-7bca-4bf7-8bc9-50c95ee283b5,f878aa0f-f07e-465f-99ab-a45e74bec9dc,5038.5,2026-04-30 23:42:05.688692+00:00
8497ffbd-5fba-4ae9-8d9f-db5fac9de3ca,be24dcfb-eb72-463f-ae30-789d37760b8a,4943.81,2026-05-01 06:05:59.982964+00:00
7a1d7501-c07a-4655-a02f-765877e582b8,0a9fb17c-1fdb-4f43-a656-e63686890a0a,4585.31,2026-05-25 22:56:39.592405+00:00
3b23a964-de6f-43f5-8dd2-e39d6667b235,88a8139d-3ab6-4441-891f-78f775d7623b,2206.42,2026-05-20 14:04:01.450671+00:00
83e6db98-408e-4a2a-b36c-4c5b273d4cfc,e896a40e-979a-40ac-989e-c2494b2b3e08,146.55,2026-05-28 21:59:00.555479+00:00
30ad6a30-9cb8-44ed-8594-a1f6f352044f,93725bd1-b332-4da5-85c6-4ff3f13f8949,2805.89,2026-05-29 08:54:39.578689+00:00
4591ec4b-cf2b-4a3d-8a65-a7e227d5a4b2,9149e699-b0e2-448c-b4e9-47421cab51d4,165.27,2026-05-18 15:00:08.183886+00:00
90e77bf2-a8b9-4a20-add7-5379f2c8f705,9486dbec-527d-42f4-9959-428994160c38,388.48,2026-05-18 19:40:43.317978+00:00
3177474d-1e14-4273-947f-3c1ad3eea248,9b2ac7dc-f845-4442-853f-27996dbaee59,420.98,2026-05-25 14:55:03.289039+00:00
54e126eb-f7d9-438a-a987-26f9574b4664,69d152d1-d7ac-43ab-9498-c52b94c6e7d7,5078.63,2026-05-29 16:13:15.281776+00:00
31d44efa-8f9d-4fb7-9469-652ab75c4b55,e26da4cf-6bb8-4542-ae05-4ce67523e34b,5052.01,2026-05-29 21:51:02.054010+00:00
bc485561-042c-48da-8b5e-e7c517563e4f,dff0530d-bb79-447d-b98b-584aebbd7a29,5421.06,2026-05-29 23:52:39.608747+00:00
180103ee-5b6e-4284-8104-97ebbaae4a47,111c1ee2-66d1-4e20-99d4-58cb38856aa4,4884.0,2026-05-30 07:07:40.457538+00:00
5a362594-3a6f-4fdc-a5e0-bebd88dd3c6d,4a1deae8-9bb0-4691-9c6a-efe8ceed1041,3704.01,2026-04-09 00:36:33.349388+00:00
2b004d23-ceea-4433-bb7b-cd14646c0028,76c480e6-7fa7-45eb-84e9-11dfb0ccd760,6803.12,2026-04-30 21:59:33.375434+00:00
6e90f8d1-04c9-427d-82e5-1a1916be46b7,c58f368c-1348-418a-a461-eef30ad47129,4068.21,2026-05-18 21:20:57.879136+00:00
00920f56-00b1-4068-a7e0-e8894e9b0950,a31833fa-91d9-4c02-bf58-f7564086fd60,1329.38,2026-04-10 00:58:11.775804+00:00
baf0cb0a-fd21-46e2-a27c-84016adfb1f7,e06ecb09-1aa5-4324-9e5c-48e67a4832d2,721.73,2026-05-01 19:20:40.360277+00:00
664b4ea0-99d7-4fe4-9532-77275e83fda4,9dfd9779-542b-4000-a45f-754115a9cb26,2108.54,2026-05-03 19:41:19.452763+00:00
854c64d3-63cf-4d79-8197-63a99fda6efb,d554ae93-0aae-4388-985d-c6ec02792155,1715.95,2026-05-08 18:07:04.120469+00:00
7178593a-0347-4134-bc7b-409f51afe04b,1aa1869a-b631-4794-beaa-f613e23b3445,1541.17,2026-05-08 22:41:24.650381+00:00
419c2943-a125-433b-90cf-a3ca6a644451,c8f93a45-9b88-453d-b292-14e3ad237996,187.45,2026-05-18 01:07:33.091757+00:00
31dc406e-05c7-4c1a-b29b-749b3cbd41d6,4fb5fdea-d3aa-417d-ad64-de5c93a62415,2453.77,2026-05-21 04:28:42.230991+00:00
9b59f541-e04e-41b9-bf8c-81eee54af47d,70da163a-c8ab-4cf7-a0cf-f55ddb497a0d,1201.89,2026-05-22 07:33:48.309278+00:00
81d20d45-b6c0-4db1-aae3-cf2ada018690,80770400-ccb6-4676-8c1c-446193dacdc4,2327.37,2026-05-31 03:33:09.514401+00:00
a2fb824f-95c8-4c36-ab35-8acec7b84163,15c91ccd-9061-4bef-8af2-7bb3ca3e0eab,10.0,2026-04-13 07:29:33.502721+00:00
200af738-fe3d-4017-a0fe-1dc543995d58,115296fd-4b27-48f2-a153-d0992a9bfbbf,1754.5,2026-04-15 07:27:32.175304+00:00
615f6a5d-f9b4-4e9e-bf1d-eab092bfc98f,ab32d64c-acbb-45ac-a2f7-d04c66037aba,948.54,2026-04-15 16:23:59.067865+00:00
67877247-6430-4861-94fd-b39134be522f,5fdc411e-2ea5-4ad3-918b-a70d01c1bf7f,713.49,2026-05-01 13:26:07.754757+00:00
32bef4f0-68b2-4c3e-b736-5ab7dc1d82ba,17755ac4-207f-4b3f-9867-a02728f38bbb,517.34,2026-05-09 13:18:13.846202+00:00
e12378a4-036b-4065-ba6b-b73e8dd46807,5a927514-8f9e-471b-b47a-1cdff5a359d1,1725.88,2026-05-11 09:42:04.215458+00:00
fbd5493f-693a-45f0-b839-177ef14f0323,67d17df4-0643-427e-8c09-b5a1760bf533,1490.02,2026-05-15 06:58:05.958275+00:00
39f1084a-1966-4f6e-b8d5-5cb1790dec88,3f01f014-f010-4f19-aff7-27da4ea76ca9,16.71,2026-04-11 05:05:23.693191+00:00
47f72b35-75d2-4513-beb4-0dd50853fa10,e9322e7a-0ede-492c-8007-0795d0d4db9b,231.57,2026-04-15 13:39:49.890157+00:00
5d0ae083-42e9-43a9-817e-63df05bbf7db,8d33e97b-bb47-4c72-bb94-c68c9b1dbdf8,10.0,2026-04-19 02:28:31.190718+00:00
ca8c2b67-9a2c-4dc4-b9c1-4203dae73756,df59f632-a4d7-4b55-826c-58f34843b6e1,10.0,2026-04-19 19:50:02.729165+00:00
f54bd0b9-4585-4fd7-8e42-c01ebdf4978b,e53e5291-103e-4dab-a0f5-2fe4437a4094,253.5,2026-04-26 14:33:46.255313+00:00
ac3b3587-3585-4110-9e00-f18d088486cb,39afec99-3495-4300-824b-e6ec77d09f58,709.08,2026-05-10 07:19:36.219821+00:00
2bc2d3af-2640-46ca-8e0e-02b3f5394585,36b44513-1cb9-4119-adbb-c268b47f8fc6,583.4,2026-05-10 19:50:01.325957+00:00
57785f3a-adb6-45df-8ea1-044cdc687235,7f7fd4e4-4963-48bd-98fa-422a5ba30a24,213.03,2026-05-16 10:37:20.460296+00:00
6ddb451d-03ea-4bbd-8fee-84c58ec9adaf,1c17a78b-803a-4d1a-a34f-04eff696926b,429.84,2026-05-31 00:33:07.151065+00:00
f78760b5-9952-4ac1-aa40-1e9692410f29,6f3e8fd3-4186-473d-9772-cc6e87565d65,1892.35,2026-05-26 23:28:00.768267+00:00
2b79a4bb-bab5-413f-9830-0d84d9022018,415ce047-c429-4c19-8aa1-b07ab840e7fc,2764.64,2026-05-31 23:54:37.404716+00:00
b662b191-ee89-412d-9451-6efdc428df2f,390183a5-1c46-4523-9488-315983ff79f3,4124.5,2026-04-11 23:05:29.342051+00:00
49700039-334b-49a3-8b99-4c8b8f181b5b,c813b57c-d487-40de-9a8d-bd9ecb358c9b,2525.67,2026-04-13 10:50:30.076833+00:00
588226cb-95e7-4991-a021-36960dfb43f9,6561458d-68b4-4694-be81-327887ab1a95,1304.99,2026-04-20 09:41:55.801661+00:00
e028b6b9-4b5b-4636-9d17-8e5240ffa4f1,6ebdd152-68d5-4c00-b66c-34ff979ac345,657.95,2026-04-25 18:52:16.791468+00:00
d3e6e45d-9d12-42fd-89c0-0c086fd173d5,f4c746e9-6b10-4c0a-9c00-897b231d67a3,3985.48,2026-04-25 18:13:46.039812+00:00
6c0013ec-81e3-4efc-b806-fa784f3853dd,c53276f5-d8a0-40f9-808c-47dbfd15c307,10.0,2026-05-17 10:02:21.454145+00:00
0eda6d7a-c81a-4b4d-b27b-c73e1ad402b4,760eab28-019c-4e74-adfd-47b6e2890473,4292.33,2026-05-21 13:09:39.300099+00:00
ae53f734-76be-4896-95b3-7e2220a249ef,d6651ba1-5513-463c-b616-91bd9494d23b,735.93,2026-05-24 09:17:02.241742+00:00
5b5b7990-7da6-4af9-9d37-e9d0e1a9c504,53ca56b2-fa31-4e5a-857b-79910e5f1e43,2474.67,2026-05-28 20:15:30.405669+00:00
4cb95726-3ebe-4e3a-97b7-9addb26ba2cd,59ffddb8-e6fe-4bb5-8182-0a92fa71294c,3942.88,2026-04-23 09:50:06.313349+00:00
2c03b98e-b3a5-4a5b-8444-75978ff91870,014db7aa-5a00-4c12-9cf0-be3e13430595,1654.62,2026-04-23 10:50:19.484411+00:00
1d293af9-1b4b-41c2-97e7-ac2d0dd72a22,c83ac2fa-7f47-4de9-99dc-eb8909aeb157,2477.91,2026-05-01 01:57:37.654133+00:00
8bf116ee-e197-402a-98b5-d4fda49245b5,2130d8b1-1db8-490d-ac5c-728fb753fd3b,1131.81,2026-05-11 15:19:25.596217+00:00
8127d6c6-f86e-4108-8f15-3081b9e46424,ab622084-048d-4800-958d-b921e8477fcc,10.0,2026-05-15 05:47:07.426036+00:00
5eb16525-0a61-4e9f-9207-51488eecf480,de0530c6-8576-434a-b411-db765d84fa36,1517.14,2026-05-22 08:39:02.628593+00:00
d9843c73-c764-4a25-8d11-75d685cc658b,ea940a28-bd60-4032-8efd-3af23c50e050,2465.12,2026-04-07 14:53:53.979689+00:00
d26410e0-cd27-46fd-9f65-60bad98b1a56,9dba0cd5-1b08-440b-b8e0-1f7c78205689,2469.23,2026-04-07 17:37:17.980367+00:00
3fb91484-892f-481b-8c81-4c9797969c68,2f531f09-1ad9-403c-97ec-88709ab9acd8,2295.29,2026-04-07 22:43:24.023388+00:00
753e2d98-b9e6-4c46-b8ef-f48333d1291a,b5f0f6fe-9fdb-4c6f-8939-53a66cb08a69,2263.1,2026-04-07 23:51:44.156583+00:00
d75a84b6-88b6-4fad-b145-7dbd96179396,7e279daf-4e9f-4799-88f6-715776e33f0d,2449.85,2026-04-08 00:31:50.706034+00:00
a1679af4-947c-4a8b-b385-ce80bd47bcf8,9a639b5d-7127-4a78-9fce-e78c977c3db4,2404.72,2026-04-08 01:35:54.942091+00:00
f17c8a16-e74e-4c35-8474-0ba47f9c3c87,9796a66b-03ab-4001-b694-216742e082ba,2450.18,2026-04-08 11:15:07.753201+00:00
4f8d458b-1d88-41cd-9901-6da6d69ae595,bd2e9085-3ea9-43bb-a8b2-3c27b98b11a9,2604.44,2026-04-08 11:32:51.145055+00:00
6c793598-0a61-451a-b951-e1cd50ca2fdd,39875366-0554-40b6-8538-d38eaf2ec036,2317.44,2026-05-05 13:33:45.494983+00:00
52b4c5ee-6c66-432f-a1f5-60716aea2dce,92c25ef8-f959-4e66-bf70-a595f55ff4a2,2433.84,2026-05-05 13:30:04.649903+00:00
75dbc9f9-eb9d-4764-8315-2de48095eb80,619c8342-166b-498f-82e7-01d5ac4943c9,2433.89,2026-05-05 13:29:36.169891+00:00
09d179c2-69f3-440f-96ef-b3378be025db,9967c235-bd53-47a8-ad62-f4259dd490ad,2440.95,2026-05-05 17:35:12.563774+00:00
1a3c8c28-6d98-47b3-920b-c445fe3ac2d4,656781b5-c22a-4306-b17e-50003d24969d,2380.07,2026-05-06 00:12:38.435361+00:00
a7a71f91-f33d-4746-91a2-cc53ec971a4a,b2d756a4-534e-4f01-9a98-d87a2a33f132,2411.45,2026-05-06 00:37:20.881941+00:00
8615aaf9-4661-4c46-862c-d9ac01596e13,3fed20ad-f25e-4d78-a4de-60ae4d85a76c,2478.77,2026-05-06 01:22:25.791411+00:00
f69209aa-5352-49da-987c-4386beb4b8a7,6ed2e9e8-3460-4309-9b83-9121f2c74b29,2269.77,2026-05-13 06:30:17.159720+00:00
ba5c7009-191c-4517-a8bf-7de9991a26d7,86a3f756-6323-4bdf-8fff-eac33ff9952f,2477.99,2026-05-13 07:17:04.647741+00:00
fd5f99f9-7ef8-4b2a-ad1a-dca431521b79,cb2a5500-ea50-435d-8b42-719852638d65,2176.78,2026-05-13 08:14:59.915277+00:00
348cb0e3-2930-4568-a8df-b7e8c8d3b160,aff6ac48-cf11-41cd-b0ac-eda7ca0eef35,2433.43,2026-05-13 10:09:27.377817+00:00
5d618be0-435a-427d-9e31-95de4668c98c,c24d4ca6-f639-44f8-8967-f8897f24d412,2245.44,2026-05-13 14:14:58.706701+00:00
25dda7f2-2065-4217-bb3f-230661e42129,32c500fa-aa20-47b7-86b7-3b7c7c250c50,2393.52,2026-05-13 15:51:11.121497+00:00
ecd85acf-4fc8-45a7-ac41-d8a3db01cb78,da260045-ae90-4297-9f90-d66907eb5040,2635.51,2026-05-13 16:52:34.922499+00:00
a328901e-ebdd-4533-a2c7-812167053425,381aba71-037f-40e9-b1c9-50ef189ef62f,2300.95,2026-05-13 17:29:30.538924+00:00
0bafad8f-b5f2-4425-b79b-4cf1b27d70ab,9c2af57c-c9e8-4b98-8508-c1814feef49e,2659.81,2026-05-18 03:31:38.158043+00:00
93abfb01-94e4-4609-b1ff-08600047ec06,b3086dec-f4b8-44ee-bfd8-3c8518efbdf3,2930.36,2026-05-23 19:05:40.618073+00:00
f190bc88-2491-47aa-ba59-f72396aefdc1,8b98fb05-b294-4f96-b060-9c412e530b0a,2975.24,2026-05-25 12:32:03.046003+00:00
9410a4f5-aa71-4233-ae12-68afa75c22ba,406525ea-089b-486e-aaac-9e4865b502a9,2312.04,2026-05-30 15:45:18.047554+00:00
2767f042-8c33-4135-ad4e-b1855543378c,e200d1da-b59b-4107-919d-ce228946c0a3,2472.14,2026-05-31 00:18:20.738186+00:00
1de10402-0a60-4422-91c5-917f5ff8150e,46e8aea8-31ef-428e-9b52-19a5f11ac5ad,2438.24,2026-05-31 08:12:05.877942+00:00
3740ee8a-9a9b-4597-9bd9-5f7f0173ab50,dff8d68d-d8a1-46c2-a6a5-d93248dbc71f,2588.77,2026-05-31 10:39:38.074528+00:00
35f78edc-42f5-4694-a610-eacb34f658d3,e40a5c61-539d-4e22-b5e3-d03027117f37,3060.85,2026-04-13 04:00:41.114495+00:00
2be114f6-c7a8-4593-b6e5-810cd15a6472,ee3978fe-0739-4239-a650-5ff35744a945,2256.22,2026-04-28 12:18:40.275695+00:00
06c18609-becc-4214-ad3f-7a50a7d249fe,f31ed170-28c2-4d0d-9b83-359e23030849,4417.89,2026-05-15 13:40:44.963560+00:00
e24d1fe2-5704-4067-b9f2-c70ae6b03ad2,5325af9a-0e09-40dd-9e8d-3e2dbcf6a6fd,4117.98,2026-05-29 20:43:53.277213+00:00
95eeeac1-b8f6-43a4-bc39-f349a8f554ad,00e2aa9b-390f-49cc-96f9-c5d3f364cd61,2351.58,2026-05-04 19:27:08.988297+00:00
a47e59e7-3cd7-4f20-a70b-3aa9f49f3551,829eb3d5-1b4c-46de-97ef-411b92fead9b,1184.68,2026-05-08 15:48:51.606453+00:00
ca3c0ca8-17a5-4639-a029-9a7d78e4f31e,a9e6dde6-055e-4ff6-b636-8fb987955edb,2230.68,2026-05-26 02:02:18.455106+00:00
3b996761-cac3-4e2a-af5f-908a1bf0de45,564afdfa-5889-43a8-8459-d52096dbad1e,4443.12,2026-05-25 18:53:37.530097+00:00
2b27eb83-f217-49e0-84df-c77657091255,4cbb4297-adbf-4e99-897c-b02ae566a0d1,10.0,2026-05-23 08:41:10.228211+00:00
c98d68bd-881f-4f86-bc3a-6957407f67cd,9566518c-2636-4d64-8024-11fe6e49f3d3,2766.12,2026-05-27 02:34:42.341885+00:00
fa076f56-265f-47c4-8069-8dd4349af3c4,1f0bd002-e35b-4cee-b5d1-1aca047a69c1,2351.12,2026-05-28 06:17:55.963967+00:00
c287dcc4-c4d1-4a3b-91bd-904ffca315a7,259fe89f-bf3e-4b0b-971e-7e3ba37c40ea,2049.61,2026-05-31 21:18:46.588839+00:00
6dfd6c61-1ce9-426a-a3bc-ba24ac7344e5,a52464dd-f696-42ae-918f-94233c73fcc0,2568.98,2026-05-31 21:33:07.065978+00:00
c4b05a85-b1c9-4e76-bc5c-94ebf7d50edc,65681e77-c263-4072-8c88-3be92593a82c,3350.58,2026-05-31 23:24:40.583160+00:00
9037cc71-0a32-4fed-8553-ee003ea6b3a0,cbf2ebaa-14c9-4288-ace9-98f1a5daefc9,1381.48,2026-03-25 13:37:23.722691+00:00
474c9df6-c036-4136-b750-ccae772d6e97,eb14aaeb-c9f1-432a-990c-1325ee012dff,1389.19,2026-04-01 00:37:41.169888+00:00
9118c37e-f0c8-403c-abb4-7a57d0e40cb3,7ed94c86-daa9-4103-befb-4e65598b7aa4,1432.36,2026-04-03 00:14:47.571559+00:00
444e6181-da0a-4647-9bb9-159a3e3f0467,4691432e-2dbc-45af-b5f3-a2216c60f6f8,1375.06,2026-04-18 05:56:09.347798+00:00
1693a67f-553e-4d6e-97f1-fd92d60a963b,f1af454e-3d7f-44eb-9e06-cd9da3128c37,1354.42,2026-04-26 12:23:45.398727+00:00
2770fb0b-d498-4c31-b9c1-888d6663dd45,c5ec3b50-4c0d-44d6-a5f8-f18da2a56379,1409.05,2026-04-29 22:57:11.693640+00:00
2e7149dd-df11-4ca2-a7a4-2589682d4265,24fa4154-44e9-4b08-8326-379ea7dcbe83,1401.86,2026-05-05 15:26:32.609938+00:00
01a5b58c-cfe2-4aab-a565-22d67a1ed251,b70760de-9bbc-42b1-8f8f-63d7092d59a9,1320.9,2026-05-10 01:45:30.342187+00:00
f3b26b8f-061a-47ae-9f7a-88e09ebe81bc,88c713cf-e400-4d23-bfb9-6cc9205fb333,1368.23,2026-05-13 16:37:19.882298+00:00
dcd6a69b-84ee-40fa-aaea-2aed78afbb46,a265abdb-3284-4814-b752-6d36d00536de,1461.05,2026-03-29 21:53:31.121943+00:00
742fe751-2363-4319-96e7-c93b6a5647e0,232426cf-3d4b-4a0f-a5c4-0a5ffa29925a,1305.56,2026-04-05 16:08:28.360931+00:00
119801f6-3e28-4d9f-8807-38750066d9a1,c4c54672-5c41-428d-8d45-e90f99a4b0f2,1441.02,2026-04-06 02:54:57.045537+00:00
99e2e3e5-f8a3-4bcc-9ee1-ce3cd0073c3e,9dc9a186-401a-4ae9-915b-45244405699f,1348.27,2026-04-08 23:56:26.785798+00:00
264632e0-8f9b-42c2-8a3d-02bb1a0c1a5b,b6dee427-e153-433b-8baa-b09d44057a3b,1511.74,2026-04-11 13:13:34.979780+00:00
f17dc6ab-14de-41d3-a104-c059aee07882,95c0d0d2-3366-4797-89fa-bbead8ad73a9,1312.9,2026-05-04 23:43:57.523445+00:00
d632323a-4d5c-4163-9bae-cc09dee2bdea,7da8afde-5227-4a7d-9b55-4e7d046080d7,1431.16,2026-05-14 01:12:42.213230+00:00
19c451eb-585e-45b6-af1c-21ae40b6500c,958a8cfe-f864-45dc-b1f2-746dd02f9bea,1237.1,2026-05-16 19:20:55.558399+00:00
c4a03a4f-131d-48f4-8aae-24d5a124ef6d,932406fc-7680-4d68-ab73-b3fd7ed24b78,1407.48,2026-05-22 00:07:04.413178+00:00
03c56aea-0911-452f-83ae-3317533b053b,98430a4a-a50c-4cbb-b77e-ea800387d679,1374.89,2026-04-28 19:24:29.006705+00:00
1167c15d-5140-476d-b941-13ab0767e1a6,aec90b17-e0d4-4ef7-b2df-424c5a75a2f8,1437.39,2026-05-03 13:12:16.411729+00:00
4f47eb55-2307-496d-8620-d157f85ab764,d14579dc-bf6f-4d9a-95d5-0e175348d30e,1404.93,2026-05-03 18:03:35.964078+00:00
12c15f7a-0dd2-41e9-b305-7320366f6f76,6b4fb0eb-0a94-4b49-82a4-b552295f606e,1503.26,2026-05-04 09:23:00.595581+00:00
6991d46a-9ce1-4951-8349-edf58a74e420,3bd9cb3e-3a7b-473c-ad90-d97cccb6040c,1341.06,2026-05-04 10:56:30.791705+00:00
3a965aba-c9b4-4465-901f-23903fb8865e,49961c10-7c4f-4b41-bfb9-36413e903fb0,1628.7,2026-05-18 17:14:52.996878+00:00
1bddaded-bfcc-49e9-9d56-ffce6c6d25e4,fff2ef71-2bd2-4092-8496-d6b9a75bba19,1320.87,2026-05-30 11:21:42.014027+00:00
c16151db-6069-4256-8986-6b860c09dac9,b72a99be-9ce3-4bbd-95c6-72017944377c,1518.33,2026-04-05 13:48:33.101384+00:00
92b4a30a-7586-4983-b4f5-5eacedee2e03,dae6e55e-199d-453d-88d9-ac78873d5b8f,1447.68,2026-04-12 11:44:19.001464+00:00
11ae7f83-51f2-4156-99cd-d5562d18ac08,80b1f351-0a7f-47c5-a71d-9d839384b4b8,1512.9,2026-04-26 03:57:45.656997+00:00
829c3440-f3e4-4d2a-a37a-161229708445,8cb5b81e-7de4-4f0a-9b42-4f49640fb236,1401.07,2026-05-02 03:04:59.588046+00:00
ae76fcaa-e2d0-4fd0-b174-95f7468fd39f,3aafc04d-1dc5-4685-b8ea-6788b22b9d88,1480.22,2026-05-22 14:31:04.451502+00:00
dd185242-8a1d-4ef4-ba41-ad4b68ca8112,9b114c89-382e-4772-818a-f6c6d62d6103,1372.98,2026-03-24 12:43:06.605980+00:00
5c497575-3f27-421f-aaa5-9e0088711f9b,607ba0b5-642c-48a4-9419-13a482970a00,1377.27,2026-04-04 16:33:16.331231+00:00
53bc2aaf-8a72-4d4c-9334-7ac0b3fe8cb5,9eaf9bcf-a1cd-41e0-9077-b01853712f2b,1319.15,2026-04-17 15:13:50.591244+00:00
3551521b-e90a-4693-9a8b-272a2e12a02b,7ac674fe-667e-4129-beb9-592b7d08d6fd,1546.62,2026-04-21 13:18:15.896369+00:00
8b8a4424-3b4a-4e0a-9c47-ce8f49cfc9d9,560ebf2b-83b1-4412-a55a-dc056749d67c,1328.88,2026-05-07 06:13:14.143239+00:00
27a54dfc-b44a-42bf-b667-7144a1a7fa3a,89e49177-1e5a-42e3-ab22-e78240b6a878,1273.84,2026-05-11 19:19:23.002658+00:00
9986264e-cc3b-4a40-9674-d84a2d3858a7,7f20660e-2a05-4eb3-93dc-b19892a918e2,1444.94,2026-05-22 12:14:23.874392+00:00
1f2b8ddf-7550-4251-ba45-38855872bdfa,299a8e09-0816-4896-afc5-956f53e58e9c,1341.82,2026-05-25 16:46:01.606936+00:00
fe3be608-0daf-4314-8324-512dd196d890,a2d3df95-bfde-4b1b-9036-75bc00bb21cc,1432.33,2026-03-26 07:35:51.841840+00:00
65157f89-6844-4266-9345-2d0153647f2e,0c689bab-6daa-4d34-a569-7535cb41fb77,1515.55,2026-03-31 02:51:41.300504+00:00
4e71800c-3c6c-40bc-9e62-29abfef1148c,763a7eba-fb4c-47ad-b8b4-e619113b3a45,1280.42,2026-04-20 09:50:24.270704+00:00
0f2f34d5-e900-44f8-9945-2cb8f1a4bd2f,4de754ef-099d-4c57-abac-d7e4fb042fb1,1479.45,2026-04-25 18:48:39.941851+00:00
70109de3-e2b2-482c-993d-e6e21269fa81,77de12a4-be4a-470d-b72e-86f65ba87db0,1446.88,2026-04-26 12:25:36.612407+00:00
931f617d-bf9c-4c41-9851-c57588209682,d1e788c4-d74c-4de8-8677-0b493a0a09d3,1403.11,2026-05-13 04:45:08.776600+00:00
783ff802-b330-4db2-afeb-9eaba0ecd37b,91fb1e66-4de7-42cf-a024-e60e2d6757db,1242.54,2026-05-13 10:27:54.409720+00:00
0d02bd8d-7d6e-4c53-9803-87199babdeaa,e86906ac-ed49-4c18-aa05-85ff45ea74fd,1459.51,2026-05-31 00:00:15.770397+00:00
28b462ad-5534-4144-bde4-01933f73159e,745bfaec-dd37-41be-b83e-ac2ba1a726a2,839.01,2026-03-31 21:14:26.398762+00:00
e7289730-1ed8-4e5b-935e-71caf330cdef,c34caab1-4107-4b9d-8971-731d4b55f1dc,567.39,2026-04-01 05:02:50.803118+00:00
3667b249-1755-483c-a4cc-7acbf3c02097,08b8d503-9169-4974-9a4f-f83c4a051af1,1186.86,2026-04-21 02:52:52.478217+00:00
ae21cf10-95da-4579-be4c-a9c298c8bc24,b038498e-10e2-4d95-a7d3-7c1cdabdd777,895.08,2026-04-21 08:58:10.905952+00:00
f1673a8e-75ed-456d-b9e4-85104a6161b6,8a8d2e73-e691-443a-8d6e-df35fba61565,565.16,2026-04-21 12:22:20.304077+00:00
adc03360-3d72-4664-a813-a04a0db70e9b,bb3331ff-1bbc-42f1-80a9-bebd7c335ffa,3896.07,2026-05-20 23:36:09.705332+00:00
89742cc1-138d-4f98-83f0-3725b6a477ae,73db3422-75f2-471c-ab85-fbb599c4f3ac,2748.66,2026-05-14 16:53:58.983524+00:00
42a942d1-951c-4437-a761-09b2aa375a49,99af22d2-1151-45e5-9c14-daf4671c986c,2981.58,2026-05-14 17:51:08.470877+00:00
e25e158f-2533-4ef8-add9-59516db5df03,33dba80f-fc19-4611-ba13-0478f0020a72,2509.4,2026-05-29 05:33:23.177375+00:00
8a78a083-e007-463c-96db-2e0b639fe02d,e5d9bfab-be5a-4830-9013-5dfcbda890f9,4933.15,2026-05-30 05:50:01.353577+00:00
5e274807-cd68-456d-aecb-2105816ea534,95fe6a95-cc17-4cc1-96b2-00cfe8352046,2475.48,2026-05-27 19:39:05.441701+00:00
9ba7b42d-3b52-4d77-bfb8-cbb86599fe25,9877c74e-cef2-4f1a-8e76-d0f6f13987ce,4982.53,2026-05-28 16:57:51.770986+00:00
3ff51a61-da5a-42bf-a00c-734be8a1ed4a,863ab6c1-deaf-4e3c-801b-da6b05c12afc,3091.53,2026-05-28 17:52:38.956463+00:00
e41f6106-0f1f-41f3-a322-395e773d0d07,eab86c30-25c2-49cb-84a7-d965281703dc,1448.02,2026-04-09 13:23:10.950709+00:00
c7db516b-837d-49cb-b8d7-3fbc6fede0ba,5adf393a-a489-4e1c-b24f-07eac43571f5,1206.81,2026-04-10 20:13:23.986458+00:00
173f2781-d45b-4dd6-a3ae-9df87be85b82,a71d5a15-c28e-47e1-8743-43dfe2d89670,1190.1,2026-04-15 07:12:57.211458+00:00
f4225af9-eb56-4421-b24d-127a87577cfe,7e3dc465-79fd-40ee-8721-f9ea97d24780,1290.54,2026-05-05 12:25:49.174686+00:00
ddecb488-6f18-446f-a783-0241328e11e8,1fc33d16-572f-47c3-8519-75bd4a33a6a5,1288.87,2026-05-06 19:49:18.902054+00:00
b69e0ee5-8aa0-45ec-857b-0dc74cff4c9f,a573cec5-edff-458e-9e7a-7437262ed696,1290.32,2026-04-06 06:07:42.674152+00:00
5bdafc91-ce44-4e95-ab09-d9a1df7db9e4,668be20a-993b-44c4-b719-5f4ab066a22d,1093.51,2026-04-22 13:57:41.637230+00:00
cfbb1cfe-27b7-40cc-b75d-3533683711cf,908fd5d4-751d-4dbd-b572-4dcbc34b7230,1141.64,2026-04-29 05:24:49.223298+00:00
c9bbcb4f-5d34-4ffe-8df8-6bbd7388c960,ccbbc342-de58-48be-a2e0-a6f3a09174f7,1367.83,2026-05-08 15:50:03.969660+00:00
d1ef2eba-6bbc-479f-a337-4b61c8a00301,640d43ed-bf35-4c48-8ed5-891d1fa99262,1264.53,2026-05-09 11:36:27.466195+00:00
a8d5f2a2-3262-4d37-b6fa-4f315d815f41,41a9a7e3-9f56-4baa-9921-ffdeed314504,1329.27,2026-05-26 04:30:19.048488+00:00
20bc9ee7-39f8-4189-b1fb-4351135e82d2,4b34dde1-3802-4410-bb6f-c43360c505a0,1289.12,2026-05-31 15:23:10.600365+00:00
0fa49802-d734-440b-8495-0f427733571c,da915a99-f082-49f2-96db-c8fb5ac9e48b,1364.03,2026-04-05 07:26:47.579989+00:00
2d5f72a2-8071-4e04-9ce0-d25c3a1b5d6a,e3a8956f-c0e3-4b80-af07-c9127aa397e4,1168.91,2026-05-09 09:53:22.317750+00:00
a7ab2e6b-dbbd-40fa-8332-5c0a9d550caa,e1cf8914-56e7-4003-92a8-e13777b26146,1207.76,2026-05-13 23:13:44.755609+00:00
d631eb88-ead3-49a3-b89c-09a4289eac15,27697c21-3de9-4a54-80f6-b06b538f63df,1365.87,2026-05-23 13:53:20.120367+00:00
c073b731-4b63-47d1-9bd5-655f7f17e6f2,a982378f-4c03-4215-999c-de64170a9144,1230.62,2026-05-26 07:57:00.560277+00:00
e14b0365-aed8-491c-9923-f96187f5dfa7,5306a387-7a50-47a1-a62a-d2720db5d954,1136.73,2026-05-29 04:56:38.907134+00:00
9a4b6d89-517c-4d34-a6ac-f87827001e3f,d6a52af4-8061-43dd-ad69-02650e201316,2172.5,2026-05-21 17:34:35.361120+00:00
76138e7c-1c44-48b4-b20d-a5415c602522,78f0cf6d-9fae-4214-8fb4-ba475d323bf6,2549.32,2026-05-21 22:36:01.894353+00:00
3229c57e-0ecc-48e6-bb57-0127f14dca08,53381832-9d71-4dac-96e0-612f392b922a,2390.05,2026-05-22 01:51:51.944701+00:00
8677f968-32c0-4fb0-966d-e9d9d169412a,384d3918-114d-42aa-a68e-4b4fe97d95ff,2369.01,2026-05-22 03:26:43.121148+00:00
e63b11b9-8f80-409b-b813-097b621e7606,79cfd785-c47d-48fc-b27b-57deb2b7ca85,2583.63,2026-05-22 05:32:01.300033+00:00
ca9780a4-441e-4a90-8642-614d7c14ab17,f93d3714-f8de-4c1d-8519-085c6b3cc36f,2340.2,2026-05-22 09:59:24.686445+00:00
39377805-ae1c-4c43-a2a5-954f530b1040,cfb7e99f-ee44-444e-8992-4ccbfb1928b4,2113.72,2026-05-22 13:59:11.655789+00:00
4b9f5015-18dd-48b5-bbfe-a34481b571c1,0725ffcc-f5f2-4df7-8fbc-d4405f2f3fc9,2606.71,2026-05-22 17:11:29.349353+00:00
6b4e9bb9-c0cc-49ca-9869-053d47664742,43558935-cde9-4742-b66a-deef214b710d,2469.04,2026-05-22 22:47:46.345042+00:00
5045c840-c04b-4634-849b-c61ac611a652,6deda85b-422c-48e0-bac8-b2f7c1cc8034,2446.53,2026-05-14 03:59:39.416709+00:00
aa088781-b32a-4efc-8f97-8c62d31c5b43,332f1536-802c-428d-b807-d6ef7b9630a3,2326.12,2026-05-14 04:18:45.022131+00:00
8ed6f017-1069-47be-aa0e-f7db89443c66,1f2c83b2-dafb-4aa8-baa6-a544474a6cc1,2481.53,2026-05-14 09:21:01.034576+00:00
f8ec06d7-a94a-4006-929f-9fbed03ba212,5434675c-8955-4e69-9593-e5f9ade434ec,2292.63,2026-05-14 13:55:14.113262+00:00
9526093a-75ad-40ef-9d96-1bb8d827bad9,bc3cdd7f-9b3e-4f59-8c5e-2ba1b1683054,2224.52,2026-05-15 03:16:51.691438+00:00
a61e71cf-91d8-4969-8f7a-166c56c1d0df,4654ff8b-c3f4-423d-8c11-b3517d4a25e4,2351.33,2026-05-15 04:44:23.026493+00:00
f76b23b0-b7b5-48f7-8f6e-b6f17a8d655f,dc6bdd1a-e3e4-4918-9f6a-1464e9de7b9e,2346.26,2026-05-08 02:42:12.192165+00:00
8eb1b5d7-b518-4a67-ba0f-2653aa2d15de,96af9364-e0b3-4809-a296-580e5b72f8aa,2346.99,2026-05-08 03:15:55.199881+00:00
e3f56d1b-29f3-4146-963d-2af945177146,95a422a4-c52e-4e24-a11a-bfa3fe8823fb,2295.4,2026-05-08 10:12:19.649114+00:00
a47d8829-0993-4c0d-8b55-8a03afd3fe70,3736403d-0fc5-4aa6-af6a-595460b868e1,2547.83,2026-05-08 10:33:15.100726+00:00
fa2dd473-dfaa-4dc8-bc67-626e9db46960,d85818c7-d5e4-4529-8bc7-ffa06f70ca81,2570.67,2026-05-08 12:33:29.739849+00:00
8336244f-56aa-4ebe-a2fe-033ef9b2c053,3d82293c-e970-4c12-b07d-b2c5dd87ce58,2442.91,2026-05-08 12:28:13.964967+00:00
8d80a384-3916-410e-87b4-dd33e98de012,50f5f870-5961-4fbc-b164-ae81b608eec7,2405.18,2026-05-24 02:03:12.334766+00:00
82405cf0-e040-41f7-ada1-a760ef0da721,bfc25512-c33d-4475-9f92-d183132f264d,2168.62,2026-05-24 05:30:46.470455+00:00
287018f2-2d7d-4c53-b259-b97b1c253357,8c4874f9-965d-4cd7-8b0c-28ab7fca1141,2225.96,2026-05-24 06:46:45.041804+00:00
03a969f8-de0d-4627-a505-72df5e123354,03af95ce-3ecb-4c08-9d73-0804fcb8a4a5,2540.0,2026-05-24 07:18:17.131982+00:00
a4a892a7-28ee-4616-bd5a-698f83451546,3729263d-68cc-4c1b-93a2-ae05fbce406d,2304.92,2026-05-23 05:33:02.035478+00:00
38e5cd0e-6bfb-4ab9-8120-c7b9dd8522df,ae778328-f780-48e7-b1ae-816a73be108b,2285.68,2026-05-23 09:27:54.389206+00:00
e50d5e6e-b65b-4417-ab66-1b8dcea8757a,3a5bf82a-ee29-4a29-a1b2-ea04016f95f1,2259.2,2026-05-23 10:51:04.289078+00:00
6df236ea-1782-48d3-b509-e895b4cd30e2,05881f7c-708c-4601-85ea-af67275b497d,2367.4,2026-05-23 14:35:17.366042+00:00
e9b809e9-172b-4ce7-80bc-5454fffb30fd,7d8700d0-5bce-4c25-9cf3-06c4ad301fb5,2359.39,2026-05-24 01:20:48.156354+00:00
bbaac716-8cca-48de-bad5-2fbcfafc8658,f24c448b-d391-43ad-84ab-02acd46f4b84,2413.09,2026-05-24 00:53:07.910595+00:00
6dbad2f5-cdfc-4d81-b827-cc6024e4f824,3c440168-d32c-406c-bbd9-7d78dade4126,2208.74,2026-05-24 06:29:29.324892+00:00
8411fb56-662d-4f3a-be85-f9797ca415e9,21289569-f061-46c1-9b07-01b03e747b09,2512.25,2026-05-24 13:09:04.409103+00:00
40e99b51-a8e9-4058-be2b-dcb05c9f34f0,b7f57071-0619-4621-b5bf-de43d91c884a,2450.75,2026-05-21 22:17:35.285219+00:00
6ad1aa00-fc76-4458-9d8f-82cdc1d75d6a,baadf87c-6c65-49ca-af27-c06f13346dbf,2415.63,2026-05-22 07:57:52.961024+00:00
8035e402-5f5a-47c9-a2f5-0aa96e3ecd52,b88dd15e-8f65-43df-8499-5a37d7289181,2609.94,2026-05-22 13:51:46.398588+00:00
baccf42d-25cd-49d7-98a7-10bcab527950,a5637670-13a6-45d7-9137-ebd0d576a14e,2403.5,2026-05-22 16:46:01.918454+00:00
da58315a-d75e-4257-acb5-b7f9799efaa8,87a88c0c-7f12-41f5-8bd5-13e20fdd069e,2428.03,2026-05-22 19:07:56.213785+00:00
90ebc067-0a54-41ef-bba6-24ba93de7bca,6976603d-d7f1-42b2-8c0c-889ce419aafd,2391.79,2026-05-22 20:57:08.096583+00:00
46e1982c-3ffa-44b9-85a0-f225138883b7,d0b6202d-9c2b-4c03-b2f2-8e92c82eceab,2343.75,2026-05-22 21:52:14.214324+00:00
3fc6a2f1-6ced-480a-b13a-7512f619cd7c,64471bbf-e8ff-4d8b-8f8f-9aaea770b3ee,2402.47,2026-05-22 23:03:19.344074+00:00
4607142f-175d-4c6e-a10c-a15e7dc10749,5d9feb89-2e99-4ba5-8d8d-397431d9e7d8,2371.79,2026-05-22 02:03:32.386802+00:00
57ed1a1b-f718-4319-b7cb-8b6983f56014,15483b2f-40aa-49b5-b24d-08b708165e1c,2297.09,2026-05-22 07:48:18.451054+00:00
8a6e6ec7-7c13-44b7-82b4-1291b482c9db,cf86eae1-3dc9-43e4-811f-569ebe3d1a52,2280.42,2026-05-22 12:00:28.406939+00:00
70af841a-38b0-464a-8acd-e6de1119aceb,2b153ede-3da9-46d8-abb2-6ad3a2bb29c9,2394.82,2026-05-22 12:26:02.440522+00:00
cdd82f73-0cdf-49f5-a67d-8c58a4e394be,413b032e-3a7e-4bcc-b6b4-d9df9fa1720b,2356.37,2026-05-22 11:27:56.550124+00:00
adee0e46-587c-4224-9be7-603e4d94daec,132be28f-fe21-4f09-96e3-7d496e41a825,2378.4,2026-05-22 14:28:45.260439+00:00
4a8e5def-933b-4b47-af8f-0e513c17ddcc,90fb881e-37c9-4c69-b1c6-9bea0656af40,2679.75,2026-05-22 16:39:53.054146+00:00
c16efcd2-c3d5-4e9e-bf04-2d91c8720600,e7b061b9-ba3f-4bcb-b372-f923cd7b7410,2356.85,2026-05-22 16:45:39.200758+00:00
5e3ad7a8-4213-475e-a601-e5daa15840e7,3a50fa3a-1458-4183-a7ae-02b4edb97ecb,7284.81,2026-05-11 09:50:12.791134+00:00
4b0d0060-fe64-4044-8b9b-43756ca7c587,8411b85a-76bd-4a53-a4d4-beec03fb5e97,4938.31,2026-05-11 15:30:03.490536+00:00
6df0604a-dc1e-4058-896a-2a1ea7a122d6,b0614f98-6650-4c90-ba45-f632f277f151,5609.83,2026-05-11 15:45:53.313117+00:00
3feac878-49fa-4710-a16b-66030ae36166,946f2310-afbf-4f3d-9a29-02654d40c694,8045.79,2026-05-11 21:38:37.814226+00:00
e62e93b9-cce8-4b32-99cd-e13025393b15,9db86cbf-736d-46ab-a7be-6a3afdccc523,1246.77,2026-05-12 06:19:28.286563+00:00
65f8e816-540e-4599-ae0b-da767ee34c06,6bc9e419-f6cc-4355-93db-e664bb296d4b,2613.1,2026-05-08 20:53:57.531764+00:00
63e5db2d-ec67-438a-9937-efa99044f372,56f97389-d3e1-4f53-bb09-3b912730c5ca,1602.12,2026-05-19 01:00:41.647549+00:00
2da5cb21-eb39-4978-84fc-cdb58e886378,c5db2b01-a41d-471e-a6c0-3a293b89f658,3933.17,2026-05-25 03:57:26.455561+00:00
6665461e-2c76-46df-a274-a7496bfa955e,612af3d3-232a-4be0-9260-c4ab88c7f89d,4308.91,2026-05-25 06:18:28.038644+00:00
3118cace-701b-444c-92ab-64d45222f440,04d351ab-7067-4df8-99d9-2a556087b2aa,2759.84,2026-05-25 09:45:39.715723+00:00
9d00abeb-8a09-42d2-9016-ed37c0d4c7c7,379cd196-7630-4898-a4b7-5138a1c26271,4203.89,2026-05-25 10:59:37.430248+00:00
9cd5ce8e-1999-4999-90ad-032b7f0eda56,2d8ad92c-e8c5-4a8e-8f6e-ddde0382feeb,2154.63,2026-05-25 13:03:19.278722+00:00
04294055-2037-4716-a706-c599ad6b618c,08f80f0a-5d93-422e-9346-327a66e5f88d,2638.87,2026-04-24 10:37:07.529608+00:00
591d7b53-2154-461f-bcad-0530e7d267f2,eace9b33-cc88-4e1c-b8bb-1de5f668838a,5162.81,2026-04-24 11:31:44.590399+00:00
39886b46-5434-473e-b271-73c76c430294,2099a1e7-225c-4547-b5eb-924af205887e,5330.69,2026-04-24 12:27:55.027737+00:00
806b9075-0dc9-4a78-8be9-4de0ef3b6ba4,1f266400-6fd2-4d2b-8e46-02e0e318fe49,1214.89,2026-04-24 15:15:50.026159+00:00
cfb39633-f344-4fa0-8f95-09e2f3c99469,304e1cf3-608a-43dc-8681-2a30a9f15555,5507.33,2026-04-24 14:08:00.835465+00:00
076a18f0-8414-4625-b71f-281747494178,e180350c-68a3-4a62-bd9d-5e102258cd68,4772.49,2026-04-24 15:09:30.470602+00:00
2a31e140-b375-4b7e-a865-f3107ba719b1,2e8dbdd7-4f23-4828-a03a-68410d1b8a55,1927.31,2026-04-24 16:42:51.100159+00:00
050db59a-0994-4002-8bec-004a1854264c,be198349-7b84-4a19-a2c3-c54c5042c2fb,3365.16,2026-04-24 21:06:26.581472+00:00
c741cf8a-03d3-41d8-be4e-3e613ad0c3a1,bc6ac132-2914-48a7-ba1b-1d1a4fe4df6a,3335.04,2026-04-24 21:52:47.560841+00:00
7c9ea27e-7f66-48db-9e92-277e763fe016,06c0162d-75e4-45aa-81b2-45e6a358857c,2483.0,2026-04-20 17:41:40.422232+00:00
0dac5773-85be-48e8-9548-822c64d1511e,bc2f20bd-7084-4888-8a2c-c435dfd8b9b1,751.51,2026-04-20 18:59:49.686776+00:00
4b6702c1-ecdf-4d7b-98d1-285295aba153,b9fc4737-a030-47c4-8e1e-f8465c068475,2138.57,2026-04-21 12:40:52.290533+00:00
0e21b6d5-5d99-49a0-8052-f979ed3e3eb2,8b449e60-4b59-45db-a510-bdb5b8839bbc,1702.73,2026-04-21 17:55:36.292607+00:00
ca91abd0-14f9-47e7-a9ba-008328d54c2b,923dbc21-a464-4d42-902b-abedb5bb0f84,2343.79,2026-04-21 16:52:52.300912+00:00
19d8c08b-2689-4e7a-a61c-45c6f00f81f9,9c3c1087-d018-402e-94ed-f05634e4570a,964.63,2026-05-09 17:01:57.670129+00:00
64108a3d-2a0d-4aab-aa83-44b82464ec3c,e21a38d0-bb35-4f6b-9de9-1b705d7c5b97,1758.6,2026-05-09 18:53:47.497946+00:00
d00aa277-738b-4ac0-ac40-611c84faf145,5c8b4210-42d0-49d9-92e3-6f3a960afc3e,594.53,2026-05-10 06:58:01.762006+00:00
8cc3fe1c-9026-41b3-8653-99f41be8bb63,826bedc7-7b53-4969-93f3-6fc0dca0e81f,640.74,2026-05-10 08:23:32.373034+00:00
83f0561a-4931-4f26-babc-e9cda436b712,21e8921e-fa6f-4fb5-a7c6-f5b29c1054e0,607.67,2026-05-10 09:19:48.218468+00:00
84b9663a-e8ce-40c2-b339-245015f45feb,555129d8-2a13-4cdb-983f-7473f3e90db7,900.24,2026-04-25 00:28:59.697683+00:00
3558e8c3-cfbb-4e6e-a689-5e38ca4ccb57,ef52687c-40b6-40be-9a2b-825554396086,938.5,2026-04-25 04:15:38.747136+00:00
909f372d-60b1-4d07-b501-9bd6091aa905,114505ed-f5cc-49db-bb5b-d9c8dcbddf34,931.84,2026-04-25 05:56:39.526492+00:00
3c1d7b54-9d8b-498f-a24c-845c6520732d,af72b6a9-fdf3-4f6c-8d40-f76702cfa22d,1017.03,2026-05-15 23:37:21.224114+00:00
90eef921-7031-4810-beec-a762a31aeb06,787de266-90ac-4163-a204-5f717974fec3,3169.28,2026-05-01 18:09:47.637291+00:00
4705e569-43af-4a6c-9796-9381a4e9b8bd,e2cf9e16-2718-4c8a-a061-5552471a5405,2413.74,2026-05-16 08:13:20.536166+00:00
8dcd3bbc-2451-4781-9cd2-875235946b91,995c1330-e5c4-4134-9878-ad7daa799b8f,848.2,2026-05-11 03:28:21.646409+00:00
5d352e48-1880-4481-b707-f6f5d72e0ece,1c46fefb-3d1b-4df8-bad6-6451298e4703,848.7,2026-05-11 06:15:58.348363+00:00
b5a7c5b7-fdbb-4796-842f-9cb3899c2e7e,104f4665-3435-4b22-a0e0-0a5ef5425c84,884.7,2026-05-12 06:43:40.141944+00:00
3829574a-3b21-4f6b-bdcf-f2d895167583,20a9d076-286b-490a-85e8-499261b9da18,964.75,2026-05-28 10:15:03.673526+00:00
61c66198-8516-4aee-b550-6e53d0ac5c56,aed0b761-e06f-4cf1-80db-0459b7e3cd44,2900.61,2026-05-28 14:26:47.836638+00:00
e79561e6-809e-4db8-9fb4-3fc1b496dbb7,1e4072d7-ab3f-45da-8a10-bbf5a8f6fe89,3312.04,2026-05-28 18:40:02.528937+00:00
c955f842-348e-4aba-98f1-7f66884b7df3,90ab9b31-2588-4555-ae30-284641a851e0,3764.53,2026-05-28 22:02:27.136287+00:00
dc828c51-9d06-4351-a73c-57a7bf04a0fc,2b02d209-ed7f-4796-b8f2-9efdd8d96044,4990.06,2026-05-28 22:14:49.172266+00:00
803f6eef-3b7e-4599-bab5-bc0c95797e06,896aad9c-bf9e-4a57-b781-117d9689899e,4586.39,2026-05-29 02:58:13.721089+00:00
a5e6ee47-65dc-45d7-a8ff-38e63c1a5571,076c21c5-c195-4bb7-9535-250e0a038548,2101.07,2026-05-26 20:45:35.214733+00:00
37c57294-cb31-4351-80c6-6dc7ad6ca2b1,fb6b5590-ab3f-4b8a-bd09-e0fbe09e3b87,3316.25,2026-05-26 21:02:11.060707+00:00
6aacdb00-d613-48b9-8cd7-adb0cc7cd8cb,46e03935-2146-4b91-83b6-e96fe26694ee,2275.17,2026-05-26 22:26:59.496375+00:00
982d9845-184f-4716-be81-61a8a6f0ef0e,9c37a614-d75c-4838-a1cc-2afcf78d4caf,10.0,2026-05-27 02:15:35.398248+00:00
4236e0b8-1519-4ccb-9ad7-7f869bf4bdf2,3177967f-b198-4af8-bdbf-be0111daa848,3772.59,2026-05-27 04:56:23.425820+00:00
a6577a0e-8ae7-4e72-b663-2c6fbfa3318c,5b6ca69c-8dbd-48b3-8f53-c71d02ae0ef6,2699.38,2026-05-27 08:15:17.558430+00:00
e7d38b6f-7745-4039-8f3f-5c0e8ea44166,804bdaf3-c8f8-4646-b1a3-af03ed4a9b17,1305.98,2026-05-27 07:37:11.646902+00:00
43670d84-7ec0-4eb3-b12a-576ba1e4610d,2da42645-44b5-4e39-ab03-8ed80a2fbe15,263.15,2026-05-30 04:51:21.180205+00:00
ecd3080d-8b9c-43ad-98da-cba1347c848c,c9a50825-8a2d-4987-93f3-eec641a080f6,296.01,2026-05-30 05:34:31.401248+00:00
bc7f9a4a-e314-41dd-977f-048f3b745cd7,962abe44-963b-4e8b-8f5e-aac24b386a75,298.91,2026-05-30 07:35:52.805009+00:00
dae90fa1-3101-4ce3-ad65-051ce933d83b,aa93b856-103c-43ce-a202-41d07e690f31,319.67,2026-05-30 09:42:08.643726+00:00
328909b9-14b6-48bb-934e-f94d1e38608d,ceda00fc-6f4c-4d5e-af4a-b2013e9da46e,172.1,2026-05-30 14:55:50.491130+00:00
7c8f007d-d710-4647-9cca-f2593254947e,dda8d308-79a9-43d0-9c52-dc89baf25763,520.95,2026-05-30 22:16:12.808644+00:00
a6bb3bdc-7818-40ea-bee5-93e5d0b70136,3a135eb9-9a76-4cbd-865b-70c196197621,409.08,2026-05-31 17:55:50.251220+00:00
52b3e300-8789-42b4-8c7e-be59057619b5,fd13030f-f6e7-42e6-96fa-efa86ba23f75,6829.63,2026-05-28 23:43:00.652235+00:00
3abc5b03-01be-46b2-8243-ddb63485f647,c6638d0b-7e47-45d0-8f82-1128e8cae365,2971.95,2026-05-29 05:13:35.296974+00:00
09d740b7-1461-4160-b438-9f9144852928,a56d2382-cd3c-44df-bd46-4a25c0046293,4855.67,2026-05-29 15:38:31.012891+00:00
0f12cb2f-ff83-483d-8aab-2ea28cbc6e39,a2e066da-1303-44c4-873c-ad40ca1ce1f2,7794.4,2026-05-29 17:21:25.188527+00:00
dd74366d-65af-4e31-aead-f768423afc7a,740d2c19-5817-4ddf-a139-c8e13e51f165,3190.21,2026-05-29 16:12:47.122782+00:00
80df1ff4-82ba-427b-9547-6e637b81996b,df80e67b-08e1-4ffe-a926-68cd8d196b72,4254.85,2026-05-30 00:38:30.017548+00:00
585ce0c0-7b74-4ec9-a536-d18b71d6109c,d4fdb873-3ba0-4c86-a417-e5ccc8f73e87,3726.4,2026-05-27 00:47:18.731477+00:00
849dc182-64ed-4857-99f6-84e373e7a4c5,5c1e0efb-b9ea-402b-9c9b-51f4e5d6a0f8,7457.14,2026-05-27 04:49:30.729704+00:00
8dfb024f-57b0-4588-b40e-293a36a4aaf4,469d737d-1c0f-4f2d-b90c-30085d3f2ce0,4318.13,2026-05-27 06:58:08.315639+00:00
0beeca89-4317-4f68-bf1c-9e08b34009dd,a55477e9-7090-4628-8281-03cde5586b9c,4413.02,2026-05-27 09:51:04.775994+00:00
6932af64-ce51-4511-b435-950f2bc95e6d,3b0fe2e6-6b89-4d1f-a874-26b73fc06f72,6002.15,2026-05-27 16:53:57.594147+00:00
6efd8e12-e0f5-4460-9251-fd78e0a14ec2,f985f1b4-4fd9-421d-8d00-eae071c8855f,6783.54,2026-05-27 20:01:43.431387+00:00
ff092ca3-536c-4eaf-9d60-2d628967a102,2c15689a-2ff9-4841-8fb3-7705fd77fb8e,5495.04,2026-05-28 04:21:11.304976+00:00
8158fb6a-213f-4387-8ef6-dc0506e1ecfd,76562eb6-095f-48cf-a29b-62724ad78d4a,5583.66,2026-05-28 08:57:55.801809+00:00
a0d2e5ef-882c-4e48-a041-9a016b05129f,8c59d2cd-d4b6-4416-b9e2-d732872423fb,661.92,2026-05-29 12:17:46.792295+00:00
0f047f8f-e368-429a-b342-6be885645194,cd75019b-94f5-4f32-9c15-08acaa939e90,749.0,2026-05-29 11:41:51.718797+00:00
4c25c231-d53a-4655-ad6d-add8b0553bba,187f21ee-2cd2-483a-b04d-43db3ee68793,746.92,2026-05-29 12:38:43.725571+00:00
d8d54684-3b42-40ed-a48e-bdc2879cc55c,441a3587-5391-42c4-92bb-103355f5ab97,1208.43,2026-05-29 16:06:01.229951+00:00
6f96bab7-52b7-4822-b19e-6520c9580565,a26bc511-26d5-42c6-a8bd-7d6c2a325711,1080.8,2026-05-29 16:20:38.081340+00:00
a391acb6-f82e-4c55-b12b-9a9993888675,dfb35886-5d31-49f3-b6c1-f47aa1b8ee68,1141.54,2026-05-29 17:55:45.066064+00:00
6f884e71-f584-4838-b421-987dd8d58057,2c9b4a20-33c3-41c0-8582-9c620e11fd7e,1769.57,2026-05-29 17:59:47.259791+00:00
52b988ec-d4af-44d4-ae40-a289b707d611,f96732c8-cbf3-4835-8c4d-aa171d564f1a,701.46,2026-05-29 20:18:19.122657+00:00
b1c5fba1-2a48-4374-ae70-f2c4f4efe86b,a7d5ea78-3064-4ba2-8184-10becf785878,362.66,2026-05-30 04:52:12.242086+00:00
3614a241-fd2b-479b-82bf-09795fbaf5bc,e8358dc7-4642-4589-b103-b23c4272d526,537.4,2026-05-30 22:11:34.424907+00:00
664af5cd-5bb4-4482-b7eb-3a37c98b20d4,b0238464-46b4-4838-bed8-6e526a2c4e70,472.91,2026-05-31 23:25:11.225875+00:00
43551f9e-3085-46c6-9f4f-8de03eeade3e,4fc682a1-bf94-4aa6-9f34-6bd50993bb4d,3129.02,2026-05-21 05:07:40.557375+00:00
d3bf5cca-d009-4b38-8a6d-d41c7f209011,2a9b2ff5-89a2-4b6a-b3c7-a51c3da52615,844.81,2026-05-20 19:10:36.628987+00:00
b55a1a29-ad98-4489-aea2-b724de397943,08f73b03-6fa0-46bf-8e0e-f4500467f23d,2584.1,2026-05-21 03:51:34.229330+00:00
40ffc416-b8a7-4304-9ae1-70790235d48a,0e4b8093-cfd9-43dc-8ca3-283e9f94522b,906.79,2026-05-21 14:36:40.504612+00:00
d0b72b51-a34e-4389-bc1a-cb47a48c5ac3,b1355299-152b-4be9-b492-96b0e7ba3dec,2215.73,2026-05-26 00:16:23.325194+00:00
425ac46f-a476-4c52-ad19-25903acbf61a,df83008a-d136-4c91-a5ab-ea6ad4fa6112,5917.98,2026-05-26 02:50:44.373161+00:00
ae76a9aa-ef5c-46cc-9c60-e3f42b19d559,b4bab498-5428-4744-83c2-49bbcb3aeb6c,2804.01,2026-05-26 11:42:54.782166+00:00
b7e89bdf-77b6-47b8-b58b-3e861d06e960,91319b04-4e3d-4aa0-b397-c630dc84fb1d,557.35,2026-05-29 00:35:50.920294+00:00
96f806f4-3c26-4751-a7d7-a049ffdc7af3,d3c36609-ef08-407b-916d-9ef3e122ffaf,552.56,2026-05-29 01:38:15.393386+00:00
e04508e6-ad5f-4ee1-823a-a14f47c4ca37,9749ba1d-e5a3-428b-9e44-5b6d6031f947,621.9,2026-05-29 11:01:24.191742+00:00
27130b97-4b4c-4947-9655-6b88fd9b5ff0,691eed84-4953-4319-bb27-aae6afe79d78,550.42,2026-05-30 04:10:45.119087+00:00
086e531f-27a9-4618-9796-89b7cd1e5a25,aa62ee04-d17c-474c-b45e-d134e4c86d8e,485.57,2026-05-30 15:42:50.667471+00:00
64a26a91-14d2-454c-9b40-3c4109cefc21,713c7341-9fbc-40f7-b5fc-3807897acc60,541.68,2026-05-29 05:09:54.378167+00:00
028cdb28-ee89-457d-b1bc-b9e61cdba616,e2f97166-c1c4-4738-93da-70097f82d827,558.61,2026-05-29 15:03:50.216562+00:00
affb37fa-5018-4a96-9714-8e7db112c256,6a221547-62ce-45e1-bc1e-eb2bc27efaab,560.52,2026-03-20 15:51:52.424600+00:00
84d27dcb-900f-4fac-b9c7-4a02c2a69131,20225146-8409-4a0a-9fb8-ac6b29b0ebce,2535.34,2026-03-20 22:03:14.790069+00:00
f687e19a-d1ce-4113-9516-ad436c951634,66d4ab86-0097-41b0-875a-3229aa58551e,1337.32,2026-03-20 21:08:11.030970+00:00
1849c0eb-1505-411c-9752-56de0ce6af2f,6b8e89fa-970d-426d-897e-2b40e481130d,2141.28,2026-03-21 03:52:38.043626+00:00
18763c9c-3d60-419a-a937-a2a5558c4712,ba664172-79ac-4a13-be69-fc0354613b64,1777.45,2026-03-21 06:15:17.058439+00:00
49f4e2fd-f956-4c95-9621-70d82ff4c4f0,0df1786d-66c6-4d25-9f4f-e1f02197b65f,1849.87,2026-03-21 08:41:36.541660+00:00
5ea3f18b-cf2c-4222-a1db-5fd5891179c4,b892b5ba-f14d-47fc-83b1-34dcca3fab7d,8445.29,2026-05-25 00:01:51.642286+00:00
49eb5c48-210f-44af-b56a-b4bcf48ddae6,899d9fc1-0f17-4936-9d5f-d350bfaef326,4911.36,2026-05-25 01:36:24.988129+00:00
8bba235b-a150-49a6-8517-6437b33c05db,ec936fc3-2d2a-4e0d-8df0-681c9fd6cd7a,2032.66,2026-05-25 04:06:33.490071+00:00
87c6a0a3-13c8-4194-aa64-d1dd90c346f1,cc671f22-558f-49ac-a0b6-0dbed28d7edd,3689.66,2026-05-25 06:03:46.978623+00:00
36158d97-4edb-4263-9015-834c3ca895b9,19a3a0c5-2de9-4331-a8c5-ec799909b86d,3497.24,2026-05-25 19:02:13.758573+00:00
2e022b8e-d12f-46f8-a8f0-1ec9b5902df2,1afed8e8-0981-4d95-aadb-b0a026774afc,5628.71,2026-05-26 06:51:26.104746+00:00
026fada4-e16c-4fb6-a38a-57dea7fad607,aa5e9638-b016-4742-a6ca-24a7440c3dd0,4663.78,2026-05-27 08:41:57.706613+00:00
acb230d1-7379-4881-ad25-ef80b0d5b725,309b476e-867f-4d91-b857-69a32886b009,1996.28,2026-05-27 11:09:28.735797+00:00
67f8b73f-4bac-4765-897c-ff67d037a392,150841c7-ba09-46f4-beb6-d96351774d93,2570.81,2026-05-27 12:24:13.484031+00:00
834e8136-9a62-43bf-bcbd-f951fbf71a04,34a5ddac-af28-49bf-afa2-2d6b9c9448c8,3656.82,2026-05-27 17:41:25.764892+00:00
bb231fa2-8b87-4027-b7ce-54b6faf56d2a,ab929b79-b541-4f8e-b53f-e9433bbf6a39,1101.42,2026-05-27 20:09:32.476733+00:00
429fb467-8de5-4881-b33d-408669253ae0,3c6cab9d-20c8-432b-8b7c-c6d94a7de1cd,3171.29,2026-05-28 07:07:09.539734+00:00
b8a1b6a5-1770-4a81-b7a6-ea223dd37286,d9983e7a-ae41-41c2-964e-bb2ba5c22c14,1098.51,2026-05-28 18:10:13.950928+00:00
1684d5c4-f6aa-47a7-8047-fcbbc0a66d49,c28e2052-e1e9-4d01-83ab-96cd2fc466d7,3876.32,2026-04-24 17:28:06.807215+00:00
e92083d1-7c6f-40a6-8896-4e348b6cb4cd,c0821d45-8ef9-470c-a0ad-18602d28c40f,2679.98,2026-04-26 12:10:12.749889+00:00
4b836906-9091-421b-bd46-0566da051327,7d0be34e-b378-4bea-9852-e2ea1bc4d924,3146.01,2026-04-27 22:00:40.873539+00:00
4b98d46e-fe55-4853-b366-9605cb109106,6dd88753-3add-4585-8a3b-445867658d66,1449.83,2026-05-28 19:35:03.366903+00:00
e719f25c-b47e-40f3-8f07-9ec6ab72ba64,7c8d5fca-79b0-419b-a933-e21f35336f11,1445.46,2026-05-29 05:01:53.271007+00:00
f140d557-bd33-4e02-9017-5b6eeeadd2de,de0e62c4-118f-4827-9949-725415d580d0,1596.93,2026-05-29 04:34:23.593494+00:00
19446d78-c34a-443c-83ae-9b2a56ebc0b9,e42f9b8f-b8b0-4385-be46-44b371ad91ce,1290.54,2026-05-29 06:54:22.945111+00:00
b1228c0a-f9a2-48be-8d77-0d5fa2c99dd0,13bab8a9-2c48-478f-a453-69eac98fe0e2,1512.67,2026-05-29 20:22:12.160119+00:00
4757013e-e67b-4112-9d34-4a7f2fec6042,7cb6a590-e877-4163-954e-6f873ccb0ff2,3239.85,2026-05-04 16:02:37.178579+00:00
543fa2d4-d328-4d9d-92d8-5e5f5644c0b8,b4dbbf8a-923b-4c6b-bed9-d911c465f26b,2312.99,2026-05-08 10:47:51.897586+00:00
bb028ec5-7dbc-44e2-b6b0-10699b103293,2211d606-5bcc-49a5-be0a-0652ba7b0855,3309.11,2026-05-31 17:58:23.244247+00:00
3b8262e1-e176-477c-a3d8-b09dab4e612f,92f218e1-bb67-456b-9bf6-00df71957ae7,4648.3,2026-04-15 02:37:54.531391+00:00
18c0e54c-cbf1-4dcd-ba36-ff7f70e04b3f,d98769b5-a9d0-4e83-b9e1-71da965fd2dd,4405.03,2026-05-09 04:45:09.063766+00:00
66618776-831e-4bf1-bebc-d4d9b578710a,d64c22d8-21b6-4073-b8a3-976f63d40bc3,5200.94,2026-05-15 17:33:53.059539+00:00
76784e72-e87e-46e0-a721-bd6b843179f0,9d8c731a-4793-4e12-a423-a3b57b712f4c,4345.8,2026-05-20 15:33:59.789654+00:00
2c6942d5-d4ed-4f31-af45-43ac4ff40453,e30ff713-1f66-487c-81f9-9d297b7bbd99,4945.98,2026-05-26 21:08:54.433529+00:00
72f8fc68-8ebf-494c-8d45-0f92d494f795,749f192c-ca98-4981-8d09-42fd98ea2456,4471.01,2026-05-02 11:56:59.161227+00:00
8a0572a3-d7d7-48c6-bb2d-a4750965bacd,6b2cb137-75be-4f2d-a50e-c5b53b25ca7c,4640.72,2026-05-14 15:03:46.902061+00:00
9502d200-b904-4915-a025-6d9cb316adf8,6468dc92-dae0-4d41-9ce5-11d4f1cfa30b,4738.21,2026-05-30 00:38:10.429481+00:00
23209364-3211-4050-93da-e85208bac057,b36ebed7-bff1-487a-b25c-2e123639c726,4562.14,2026-05-30 14:46:46.432872+00:00
13b7e383-9b44-4c41-b1d8-a8879394ba3a,0cac9629-bd1b-4863-bbe2-46b802ed704e,4966.23,2026-04-22 12:57:45.432204+00:00
1504fb81-b6c4-4705-98a4-a34825e76651,18235e08-6b6c-4b36-b4da-0496b108439e,4999.9,2026-04-27 23:53:02.866492+00:00
616eba99-bfd7-4040-ab0c-8bae105c3b3f,aa9b5794-2bf0-464e-a80c-b4fec9544cd6,4703.23,2026-04-29 00:12:35.079470+00:00
dee83484-7e3d-4a12-8e84-b480b52f67d0,bdb5d3a4-bcc9-4634-9e79-aac3ef203f25,4764.16,2026-05-01 00:58:05.206099+00:00
72228ae7-20bd-4ef7-9d19-f73881ca0a2a,55a15ab1-ff21-4f35-ab4c-36b517aff938,5097.53,2026-05-03 02:50:57.355832+00:00
0346d58d-b539-4af0-9bec-20df9d9089e9,701e6c9b-f422-407b-aeba-28bb111efcad,4970.58,2026-05-04 13:16:14.590873+00:00
73b0936f-3d48-44f7-b9d9-95d3831b44c1,f49427e2-e5c5-437e-954a-747ff576c649,4728.15,2026-05-09 08:28:07.870070+00:00
57c9707a-1aef-408d-96d3-ad425f0006de,da73814a-9bd7-449d-a960-f58372480242,4803.46,2026-05-14 20:37:29.000875+00:00
a45f66ab-af98-4090-abba-e25f575aecf5,8732e71c-7fef-4106-a42e-c78e2ab5cb4a,4680.17,2026-05-29 03:42:39.564055+00:00
ad79df07-1298-46c8-b3a7-d05b3741562b,ffc640e6-0a3e-4adc-bb30-61361853d928,5280.63,2026-04-21 23:46:31.149753+00:00
b1c6c224-d161-45ac-b3db-035ebd49ff65,3e9e02a9-66ad-4750-a9ff-8dc4a5d7b82c,4911.51,2026-05-07 00:54:02.756198+00:00
750ed485-c43c-4c62-b9a0-602385752906,71f0ba2a-58a1-4c29-830b-7d62d8ec8842,5336.86,2026-05-08 04:45:03.091624+00:00
66806061-2fab-4437-ab7a-37eebada7a71,c1f85d1c-621a-4555-8ddc-64dc6f5e50bc,5580.98,2026-05-09 11:23:54.393128+00:00
b35823d0-60d5-471f-9d17-9a14f3a6943d,5db1248f-6612-4610-b1a4-8944d0206b61,4979.82,2026-05-12 05:50:57.148887+00:00
a148517f-1177-4b76-a6d4-86d094bb571f,d2a25f08-28b2-41ce-a86d-38a102610b03,4778.67,2026-05-13 13:22:21.348918+00:00
bf2b7e8a-c921-4dbb-8c2b-788cc28fa72e,36a6ca63-c6d7-4c4e-90ab-6767447f441c,5234.05,2026-04-15 23:38:26.879314+00:00
7d2c6b92-4068-4ed2-81ef-33247cc327e7,c477847d-483e-4289-a5e1-a5c998ca0c0f,4702.07,2026-04-19 00:43:11.531811+00:00
cda865a6-e699-4847-baaa-8f09c44bb7e7,11eadb61-deee-4a9a-a00d-a41900cbe388,5134.74,2026-04-20 13:49:25.845864+00:00
def25d7f-8d05-4a0b-98c5-10015332d8b7,95b358e9-4f14-4fa0-8581-0126030ff9c5,3922.48,2026-04-24 00:09:48.624860+00:00
53389f74-e05f-426e-9a5c-fb610007efaa,1580921b-4ee2-4a84-9490-b260dea84e7e,4338.28,2026-05-14 21:06:14.819419+00:00
b9713606-6727-46e4-80f5-52ca36ecbd83,262a94b0-194d-4af9-ba8e-0dd0cf0663e7,4199.11,2026-05-26 21:46:21.107322+00:00
e0d755d6-9b6d-4f9b-a3a1-1d0d3d48acb4,f5cfbef4-f0a3-4d9c-9251-eb0c0ded0168,4390.03,2026-05-29 06:32:57.249914+00:00
4a859c80-ae37-4add-9730-5272d0a1ac0b,f3522b04-0d31-4ef8-95ef-2d23ac0ac755,4337.55,2026-04-18 14:33:58.961540+00:00
ad0c5c8e-c908-4ff2-93f6-7ba0078443d7,96c32e82-88e4-4333-a24c-3cdea0ee1899,4973.48,2026-04-22 11:51:05.411708+00:00
7ac0d920-f1de-46d6-9bb4-797d7fff07b4,2f64866b-8b44-48d3-b733-1c3c6ebc1332,4803.7,2026-04-22 16:49:38.487307+00:00
9825e371-b19d-44b3-a8dc-119e9d02bd23,9367a612-7079-47da-86e3-e82ca9e417c0,5333.71,2026-04-25 08:53:45.538953+00:00
a4e1c5aa-821e-4681-928c-f1f6f2d18e24,fdfb10a4-144e-477f-96e8-1799aa60d0ed,4934.31,2026-04-27 11:48:36.811632+00:00
757b81b2-288c-4973-85aa-5b517cefc652,f43e3cbc-c251-4557-9990-cf267265cb3e,4840.44,2026-05-01 01:02:41.253124+00:00
c09ee11d-0caf-4049-a19f-cebcb7efd240,32f03873-ebd7-4c1b-ae55-e5f2302b817e,5075.45,2026-05-01 15:14:31.610445+00:00
766a5908-ea6d-43dd-91a8-9907075cacbd,fe912e5c-03df-4351-9535-95610217cf3d,5173.81,2026-05-12 19:29:36.115440+00:00
fbfc2d12-aeae-4737-812a-7ade2021f1c8,ebadd1ff-5b43-4718-b62a-6c8b25814754,5031.91,2026-04-25 16:19:34.388654+00:00
28f83755-8907-4a27-abac-4ab02c594478,c872f581-68e5-4ed5-be21-8c3980beee6e,5263.59,2026-04-27 15:12:17.503898+00:00
0c6215e3-c9b5-4702-a62c-29aadb067cec,9f6ab5c5-56de-4bd7-ba0c-858c92244c5c,4955.93,2026-04-27 19:45:47.694230+00:00
cdaf172c-f14a-4139-a0f1-7ff0227a823c,07b528dd-3898-4311-8e4d-c93a14e50ee9,4990.34,2026-05-05 21:18:35.273624+00:00
8927a797-126d-42d2-8b38-f59374597a83,1f862ffd-9542-4f63-a4ee-8b6c48826ead,4543.4,2026-05-09 01:10:43.279508+00:00
28b62967-d210-4493-8cb1-de5a55a130c8,f37c3b7a-8366-416e-abd6-18ec4d425d1d,5088.32,2026-05-16 12:47:02.925496+00:00
f13a04d8-ca44-4d0a-8d71-d1f08ffdd898,c0476309-72d2-4724-9fcf-d888d3beb3f9,4976.1,2026-05-20 12:06:38.342048+00:00
5f2234cf-daa5-4ef1-bff1-f4a0b738340a,79dff1bc-fd69-42b8-964e-69f4ac33f303,4503.52,2026-05-29 07:37:04.038135+00:00
0c514504-8f89-4105-b1e0-dde7281c5636,d572c37e-38a3-4cd1-816a-70c96d9a6e0f,1578.78,2026-05-09 23:22:26.744703+00:00
b84909df-1a63-4254-9408-4fba8af17097,7c47221b-e478-4bcc-b48f-313a09c272bc,10.0,2026-05-11 20:08:14.205021+00:00
a5298372-379b-4a6b-aa06-871b8dcf6904,a4d10e94-bbd0-4cd7-9dcc-69f0d83dd3c2,1914.24,2026-05-12 18:02:34.472835+00:00
e213614e-d301-47f6-aff4-365b428171d6,1453c045-36b1-4939-90a1-28b66106b4d6,7059.62,2026-05-12 02:22:06.935091+00:00
ff53efb1-9d86-46b0-895c-38e70054504c,2a32c159-9dd7-4e0a-ae71-691f794bf4a4,2335.81,2026-05-12 22:02:44.384261+00:00
ac9ee975-1772-4697-8710-fd13b6f9d6b5,7e5b90d7-7652-45c5-95c2-d6c9c167aa87,2671.05,2026-05-13 12:55:55.356773+00:00
3db3327a-176f-4557-bf05-960239d60fb2,4f5fcdcc-c8a3-4c47-bec4-01f3171419c5,3182.27,2026-05-22 19:28:49.785328+00:00
936b07a5-f84d-4c0e-9bf7-9938da155fa0,fd1fdf19-98d2-410a-85b8-bd9bb8797d83,7925.36,2026-05-26 17:43:12.301239+00:00
f86afa91-3c30-46b3-8ab1-2053166f5bff,2df5abb9-8105-484e-85de-57e237c5154b,4388.72,2026-05-26 22:18:37.326459+00:00
ec35c9ed-85d1-42a0-9e8b-24be59f74ddb,3a180151-f381-4819-bea7-ed27e655ea23,5653.31,2026-05-26 22:56:23.232957+00:00
cfadfa0f-aec9-415c-b78c-267b11c3ad30,98558317-e07d-4c16-adb0-9e7af8a6e155,1050.04,2026-03-25 20:22:33.112835+00:00
b15d173a-b860-42b8-a239-b5484b58aed8,17eb5fc7-b2b8-474a-930a-786ecfac7f11,1177.38,2026-04-01 13:10:54.910650+00:00
de0cd17d-6bde-4214-8350-5a532a1d4334,31bbab68-3d16-4204-a8de-4e754371e0dc,1178.64,2026-04-25 04:46:11.106870+00:00
bbc071a6-4128-49c8-a6ef-904fd1733908,658e0701-8eba-4ddd-9b51-aa275af89347,1129.82,2026-05-13 20:58:10.015364+00:00
5f7e056f-5825-4667-aefe-229053130abc,48b5335b-6ac1-44d0-8636-6caa316eaf4f,1067.25,2026-05-16 21:08:16.524397+00:00
53192b25-c20f-4ede-a7c9-543a298a7a23,8c1433d2-c87b-4798-850a-6b7ec878854a,1176.67,2026-04-08 17:32:17.551123+00:00
c60f4f39-568e-4fa3-b8b2-750ecb4b62e1,3ab10229-0e06-47e7-999b-a7d186a49401,1056.97,2026-04-16 08:39:31.575089+00:00
0998a32e-3d18-4334-8b2a-c044f9f29d5e,2169bc22-1aad-4caa-a113-c69c8fdae7e2,1082.13,2026-05-07 10:04:05.903207+00:00
dba92718-d1ec-419c-8a20-c6679c4f5b4a,397e2b99-9f88-4bab-87fe-2c23699822e5,1169.63,2026-05-22 01:18:02.906179+00:00
4c8f62a6-6258-4cc0-aee6-a90db6b7871b,d3521620-254a-4870-9db9-dcbd23768703,1070.1,2026-05-26 20:37:42.912298+00:00
df9e2b26-3898-4494-b372-2213d5da88a7,7e24f181-38c8-48bd-a650-710eff59a74d,1115.49,2026-05-30 08:30:07.013860+00:00
e0e189b9-5ec4-45f0-85ff-d3e6ea22a722,6dd62f32-15fd-481b-8b7c-e4ad70924bd6,1148.81,2026-03-11 21:06:43.986279+00:00
d714923d-b747-407b-8630-17da5bdf02da,6b7d55d4-9eae-48ae-9e21-f4dd3a6bc990,1193.63,2026-03-24 19:07:48.557668+00:00
b80f9c2c-1492-413c-8db0-9b1c5cecd948,57fd9de5-8c51-4496-906c-f6395cbcc0f2,1134.99,2026-04-16 01:06:53.737705+00:00
c56e2ca7-9bf8-4d94-aa43-bd7203530154,ac6f354b-29a9-4bc1-b311-616bbcd59a62,1134.39,2026-04-16 22:54:43.918079+00:00
8706846a-e433-4a17-b964-f6880a28f88a,2e6f9a53-f709-4e71-9e21-f3ea67f0ee21,1116.14,2026-04-22 03:32:08.246262+00:00
90e0aba9-ccdc-4d63-9ab7-af08ebfd30d4,94ddd849-8aed-489f-b03a-678c5fe09370,1096.25,2026-05-02 19:58:47.448125+00:00
02d4da13-2e9c-4f61-b516-a9471f0cf0f3,aa411aef-a450-414b-9614-251fd86bd978,1096.8,2026-05-24 03:07:15.190299+00:00
2a22ca10-e5d4-47a0-a472-7ddc1a4e2cdb,c220ae7f-ae9c-4226-bebb-69873e2e6317,1126.41,2026-03-09 18:43:39.597042+00:00
c0641929-bf51-483a-80f7-fa11a418a777,0f68eff6-664e-4a44-a141-176120296470,1108.81,2026-04-02 16:16:27.101373+00:00
5108c3b1-5f5e-433f-a943-caae8a104e3a,c7065cec-bb6c-48c8-a5de-74ef25f7db62,1125.92,2026-04-08 21:06:31.016401+00:00
750d6cbb-aa7c-47c0-a6fa-c7843dc8441f,aa6f00eb-04cb-4f10-a17f-c8648f0ad127,1133.18,2026-04-26 05:20:58.364150+00:00
eef17568-b272-4e3b-85dd-c0aa4962b876,c9025356-ae8a-4c80-a6f3-7293801e402b,1022.06,2026-04-30 20:43:26.807987+00:00
2f7bf9cf-bb56-4717-bd2b-f4f4d1d9d71f,316505f2-64d5-4156-9fe7-d9768defd853,1186.76,2026-05-08 19:19:33.476323+00:00
33340eff-214b-473a-9795-db21e143b517,af74f109-6e52-4783-aff7-91b74bb2d07f,1250.71,2026-05-18 08:44:40.907617+00:00
127c08d8-bd19-420e-9023-69e26ebb4adc,a9914785-60ad-4c43-a887-d000b59e0330,978.2,2026-05-26 22:11:20.133118+00:00
80ef733b-1c68-4f71-9e3b-db8d84db823b,2e9232d2-0180-4504-a202-6b05d4a3b257,1120.57,2026-05-28 22:15:33.486085+00:00
a07602d8-1545-4ade-a565-d8b6f8d20daf,5bfb1187-a4d6-4f54-8461-889321854e63,671.91,2026-04-15 18:09:06.635996+00:00
85b8120c-c5ef-4e0a-adf1-a1f438abd679,ed827765-4d79-484d-89d8-64d900310b80,445.3,2026-04-29 18:59:00.854778+00:00
5abf24fe-c430-4af7-8db8-788008fe6c7c,79110ba7-85f5-4077-b8c6-f9d9958775e4,614.39,2026-05-20 14:44:01.359639+00:00
1d302b52-be01-43fd-9a48-2cf8120dc235,381f4776-fe2c-4291-a4db-fe379c0eef2b,3434.24,2026-05-14 03:28:59.613197+00:00
93041363-61b4-4f2c-bc1c-d8567b93fad0,dddf6512-7613-4ef0-a1f7-47348dd50a9d,2518.25,2026-05-14 03:54:14.217089+00:00
3141152b-9c9f-4081-869e-6b897b630ee0,84d5442e-3b66-46a4-bfad-ee19525b31cd,1409.98,2026-05-14 11:01:34.602622+00:00
34365f85-4855-471c-acb9-a2758ad0ea54,7a96961a-3148-4b03-93c9-0963c8864f90,3870.21,2026-05-14 10:09:22.524908+00:00
dac1ef76-b7fd-4c9d-831d-7f2cbf7f6cff,9ac6b333-fe90-4b3b-819f-9f24622819b5,5597.78,2026-05-14 15:58:51.394205+00:00
caef46f4-22db-4c41-bf78-48dc621f9cdc,6bdb40cc-bcf0-4eb9-b2b2-4e5dcb0aa68d,3128.46,2026-05-14 16:21:32.039100+00:00
599a70bf-7809-48b4-8c11-18c9667330b7,b8972dc3-e83f-4047-b1e3-3785f0bf19c0,4245.81,2026-05-14 16:47:54.844484+00:00
b796db85-c55f-4f6c-b2c5-4f6cfad11a2a,a221a1b0-2efb-4dea-8787-393e6a6e4c5d,3249.12,2026-05-14 16:41:29.346437+00:00
ec4c08a9-90e5-4f3d-a976-f6b6e8b18ba4,a94e95ed-2f79-4cf8-a00d-57255251dfae,303.45,2026-05-18 11:56:54.749996+00:00
58e0f280-ff01-4b72-97b8-0af9caf7b281,36d3d8e1-db58-4f7e-9400-10d5042d834c,639.15,2026-05-18 12:13:42.841993+00:00
c6a1818e-5ec7-4bdb-8d55-c6fac29b7d9d,ec6c1866-f1a2-4a83-a6f1-9342b3fbf809,366.04,2026-05-19 03:02:35.544002+00:00
009b53d0-08e7-4a72-a904-59d5e722ab5e,011c23e5-0bd9-48b2-a08c-d67985ab1157,277.57,2026-05-19 05:42:23.734224+00:00
57809cff-071c-465b-acb8-a3c9b16738d2,12fe2fe3-4970-4762-9360-4ab8bb599447,548.4,2026-05-19 14:17:43.165871+00:00
449b5e7b-c3bf-4c9f-b74b-2097d387c570,f7b4bacc-3e88-42e7-a58c-0a986f2c026a,333.69,2026-05-19 21:13:08.164292+00:00
2c532182-add5-4427-aa49-8226d0b88a57,22ac2d67-31a2-4c64-846a-61957c9762ad,724.63,2026-05-20 03:09:20.760778+00:00
4738e093-b6d2-41ce-a10c-ee5bbf38c10a,e406df85-7496-4c50-9ce6-8054f3fa5839,629.48,2026-05-20 05:31:06.772382+00:00
6e9fc692-8f54-466d-b5a4-70364c2be0a0,a1adedeb-5a73-46fe-9945-0a15316df545,1091.43,2026-04-29 23:52:00.580971+00:00
064c88cf-eb47-4a7d-bbf6-7a9aaa624f57,af20ec6e-6cc9-4584-ade8-bbb38170187e,828.56,2026-05-01 11:43:01.555511+00:00
b5e4863a-6d70-46f3-9736-45ceb1047f9b,0d81d04e-7f77-4345-b2f3-0545f4064b8d,607.85,2026-05-21 08:26:41.893850+00:00
d011dd71-e732-447d-89b8-969a4b885941,b43e41a7-4f55-4e68-8f12-78617beb92f4,3672.8,2026-05-25 01:27:43.523031+00:00
e675da51-4727-4e28-b870-f2ed8f7a2948,3fa32c17-aa40-4732-8999-af27dc5bf84d,2560.75,2026-05-25 17:20:53.992511+00:00
d6ec8cea-4631-404d-809f-bec1e75113bb,e255efdf-02b5-4dd2-9cb1-61a2c8b4707f,1919.64,2026-05-25 18:29:53.730491+00:00
18d30202-069c-4631-9d49-023cbd279a86,c42f3023-a462-48f7-b9e3-b1039d770d91,1049.21,2026-05-25 19:55:34.681017+00:00
916dce6a-34bb-4b2f-9a50-fe00d62ee5ad,4e9b5818-42fb-4602-8c4c-f9e4c53f1da4,486.63,2026-05-26 07:57:30.830034+00:00
78656a7d-6317-4d24-bd86-55747b55ed1a,4d77052f-7283-40f5-b7d5-3c51947ba569,4732.37,2026-05-26 11:09:26.402861+00:00
f6991906-bb1e-4093-b39f-59c70a6063b6,8b6738af-7f81-481a-b9a1-ac9062438bd5,5290.69,2026-05-29 05:13:20.368166+00:00
9a86b51d-b270-4b56-84fd-8105e5d95ea4,bc035138-2a3a-4585-9acf-bf3a934db549,3158.5,2026-05-29 06:31:44.650890+00:00
0de2be45-e187-4452-956d-fbff0e3fb903,797e9e9f-0d8c-4d31-b360-2f2abd9edeb6,4362.52,2026-05-29 08:59:48.362208+00:00
04f8c1f9-ea5b-410b-b72b-faaf4ec8f032,5c6fdbf1-8a08-4607-8518-a02ebeb17498,2567.65,2026-05-29 11:01:14.160481+00:00
10f2ab23-421a-4818-b180-aaf146a0ba31,4e1c8353-2f49-4e8e-b5a9-826f22ebfb74,5852.68,2026-05-29 15:20:39.439921+00:00
824eceba-e47d-47d6-a2b5-934ae8c375f2,af8ed799-a3df-4ed4-998b-0199e8706ed5,1118.87,2026-05-29 19:10:40.674297+00:00
10e80306-41e4-443e-9ca8-9be4e3045ee2,97f08e50-918e-4049-91c8-e92b646b1af9,3624.82,2026-05-29 21:47:45.308825+00:00
844b77a1-9990-41c5-bf7a-e004a81f80d4,d9d7452e-3e5a-4785-8935-495ac742ff94,2837.36,2026-05-30 01:01:16.715808+00:00
6799a1bc-212e-4a1a-94ad-e77aa6beb39e,633e8887-d049-4aea-8189-aeb916dd690d,2548.28,2026-05-29 23:44:16.419577+00:00
18c65541-ad5f-4bf9-bf54-f286c40d1846,a099788c-1d31-413f-9165-7e27ed17ee41,4132.29,2026-05-26 05:54:57.369514+00:00
e5a4c930-fa49-47d5-81f5-17e4d5b6129c,51d13201-6718-410d-b755-10479a9a7bdf,3495.09,2026-05-26 10:49:06.615491+00:00
08fba3bb-3e26-4980-aa56-cc23f9ddee01,9cf0b3b4-0823-40b2-b3f8-52f71984752b,4079.63,2026-05-26 17:26:08.447842+00:00
a42e5ace-d672-4009-8843-a43eb774d356,81b5a08c-f28c-4c86-9a22-4774233679a0,3734.83,2026-05-26 20:17:36.660161+00:00
37f60c74-d12c-4c87-b6fe-d948f2604a7b,ee353118-ec22-412d-a8e9-f507834651e9,1155.74,2026-05-26 23:18:37.145280+00:00
0cf708f0-e018-4dd8-9a0a-9bd07c53daf0,b81cc3fc-0c8c-4416-bff0-7b0caab0ae8b,1152.81,2026-05-27 07:10:13.306636+00:00
291838d7-a076-454a-8645-d964b349a586,16966144-7938-47a9-9d3f-d2c5275c2ec3,3367.77,2026-05-27 07:47:16.262087+00:00
10e6a1fa-238d-479e-b15c-fc92ceb27472,b6ea2cab-3def-40f6-8030-94d250f2dd5e,887.64,2026-05-31 02:20:39.165177+00:00
aeb9c100-0eb9-4fd4-91ea-21e988733114,4b7c6e8d-76a7-4872-9beb-22f435a569bc,857.1,2026-05-31 05:04:32.581110+00:00
7b70df41-d22d-4c19-97d2-17c9265b0233,67cf57af-400b-4e30-8fdc-40578a43758b,920.17,2026-05-31 06:47:27.869008+00:00
c8784d59-899f-4970-9f4b-c417b1092a23,2108031f-ed24-45f8-832c-f24495a3aa1d,959.61,2026-05-31 18:42:50.693484+00:00
685485ba-727d-45a3-bfe0-8177c7ed2435,b8a5c855-69ed-4425-82c3-99f9720e9669,931.21,2026-05-31 13:59:34.972055+00:00
87ec3b95-6c2f-4ace-81a2-f4229e90fb9f,42234790-a73e-40ea-a2e7-9d64f7f8d176,884.26,2026-05-31 18:21:49.050632+00:00
cbab8fdb-0c0e-4ffe-8934-5e6916fccfbb,b0d502d6-2e03-44cf-be5b-48b1b589e920,782.54,2026-05-31 22:29:55.921874+00:00
feaf8572-2ae8-405c-a7b2-45112a223a85,52920dee-87fa-45cf-b8bb-6dfc578ff648,859.89,2026-05-31 05:27:32.010863+00:00
abbe5848-0e11-46fd-a42d-9c671b2a8aa5,d4016a44-4018-4252-a380-30311aa29e35,866.92,2026-05-31 16:57:58.033060+00:00
3a6218bf-385a-44fb-8ff2-182ce772c89f,3a00a75f-8e48-474a-b078-c73bdac1bfa8,827.78,2026-05-31 19:23:23.585262+00:00
63ccc802-769f-4472-a590-9c17ff1c26ca,25008492-3cc3-4f89-b66f-b9eddab2c679,898.93,2026-05-31 10:01:16.505269+00:00
cce111f0-3958-49bb-8b32-ce5bb8be91f5,7181cf76-d248-4ef3-b80d-80d41ae35492,901.58,2026-05-31 18:48:42.744307+00:00
e43adc39-ef49-43a9-8c3f-96274c8bd0a6,d154af63-a37c-4533-b79d-1b1cb78199e1,849.65,2026-05-31 20:45:21.648243+00:00
01c6dea3-8939-4fde-bb22-df46065b266c,b9d71b94-719d-4c1f-bc2c-0fbeed8bdf5e,464.83,2026-05-31 14:40:16.747803+00:00
8edd0dfd-48ab-4244-b8f3-2393a9f0cb00,de7d9819-c6c8-465f-aad4-643bbd4102f2,1019.86,2026-05-31 20:31:07.835389+00:00
c260a291-5608-448c-b5c5-9fb7f4d2abc3,0fbe402f-0f47-43d3-a93d-3417fd39bfeb,878.83,2026-05-31 19:52:17.801722+00:00
c98a8e3f-1632-45e2-b7c2-ecff1424f075,b9b42ee9-de0f-409a-b1ea-9a65c5d8d48a,856.29,2026-05-31 20:09:54.803564+00:00
9e483f4d-2b50-41c3-bd58-7e7aa9537b0c,6391a44f-29fc-4b03-bf67-319818859701,894.56,2026-05-31 19:55:05.806161+00:00
47fbe3ac-d6e3-4454-9b8b-bdff67aaf2c8,a47b111c-0b82-43e1-ab72-2b84af4ad8e7,874.36,2026-05-31 21:11:29.923515+00:00
03b1ca22-3597-4450-88d6-10993ab10786,dfe73fb5-685d-4245-8fe1-4e75e2b79c82,1570.36,2026-04-26 18:30:56.700092+00:00
eab890a3-b28c-4425-ab4a-a2200fdc025c,1d95da7c-cbe2-4683-95a8-9bb371df7d42,1444.96,2026-04-02 07:36:35.330695+00:00
80ab5a2c-2969-4d03-a4b9-9ef2e3c3fc9c,6c731de0-e8a7-4a8e-9cec-450f8947eeeb,1511.26,2026-04-02 13:48:57.726885+00:00
774d99f5-4bd0-4ada-be03-44632c180247,391d383a-1d24-4694-9594-7b4840ea7bd2,1474.88,2026-05-23 20:21:57.875495+00:00
8418fa42-4a11-4feb-9103-a6084e387ba5,5b2b66a7-2176-4fdb-b873-d05643cc7900,389.3,2026-05-13 05:04:01.679644+00:00
db24479a-edd2-42e7-b1b8-99e25ead14ec,2d9b693e-ddc6-4c28-b9d3-0f708eb35301,2539.45,2026-05-11 06:10:57.815232+00:00
fd11d222-f7d4-4fc3-a901-abd33782a9aa,ef8af565-a572-4b0c-a5e7-6e7a7f43bc85,3105.47,2026-05-11 05:26:58.323376+00:00
93f72597-57fc-4c21-bd53-befda5caf312,9545ca4f-7fb0-410d-afe6-e790a0c28036,4913.12,2026-05-11 05:31:36.652158+00:00
fd820262-25e4-4efc-8042-82807bcd89c5,2e9fe2f2-48d4-4c1c-94d8-e5ee8c8cde7e,784.53,2026-05-11 09:08:55.043032+00:00
698a6f68-3b8e-4586-bd82-188dd76518cb,fd0698dd-9342-407b-9f99-9120ffa72e32,1391.08,2026-05-11 09:29:13.979831+00:00
859768d6-1372-46ac-b783-5413c3ff1a30,34a597bf-4b27-4299-b08c-abd3372be198,7009.74,2026-05-11 12:56:07.327080+00:00
a52e0160-f7c8-4dad-b291-145d383ab013,6f901ec2-0da8-44eb-9291-9b01e549403b,3018.76,2026-05-11 14:52:27.125439+00:00
80e0780f-aae6-4dbe-ad37-a7b4dda510b5,164ce1c2-0c94-44af-92ba-48b52b0a5d31,657.52,2026-05-11 13:24:27.162555+00:00
b7518e5e-8170-45df-809b-e82bbecc41d2,2b9a9fd3-8aef-4a8b-af0b-256f1214e963,2602.96,2026-05-04 12:10:43.109252+00:00
ac85256f-44b6-40f0-a437-3fc6d3e0c43f,cd5abf72-9f4a-486b-830a-873fb8d39bc4,2948.14,2026-05-04 15:28:06.477533+00:00
151a7f40-cac7-4226-bc2f-ac12de481aa2,661faee8-3c71-4530-89c9-0ff9deec6eec,2024.94,2026-05-04 19:35:20.268752+00:00
5367c03b-0e23-4dca-bf8b-05a90a397858,3c211b0e-f3ee-4fc5-aba1-67a3a4ae6910,2335.39,2026-05-05 08:49:21.219542+00:00
4102db6b-2914-484f-ad42-f485600a927a,cafd62eb-cad0-4a0e-98b6-2a89d4dd28a4,964.81,2026-05-07 10:41:18.919214+00:00
dcb2804e-f908-46b9-9da8-1abf8d45b5ae,c79d1cd4-4ad6-4de1-8f3e-441120c1da4f,597.19,2026-05-07 09:32:46.961037+00:00
eb8dfef6-1035-45e1-a860-4a10449bca0f,d221c413-90de-4cb9-814b-5c9f6de32181,760.31,2026-05-07 11:31:59.593469+00:00
b4f5ced1-d8a5-4882-a459-3373a5891e2f,ba6145c3-e67a-40ba-aed7-014fab7ed57b,308.1,2026-05-07 12:50:15.443809+00:00
24e5af18-cb08-40d7-aab1-b65cc38f6bb3,454acc9e-b11f-4d21-a202-cb0c0c3a16ac,507.59,2026-05-07 22:51:28.397600+00:00
8c31d9f2-4927-4fec-8f6c-ce6ff86baec6,29df6fab-5f8b-418a-a6e0-d76fb1b3a809,415.08,2026-05-08 12:06:09.986679+00:00
db7be745-b094-44a0-bd50-e6532c3f9308,e8d618e5-5b59-4486-84da-1e1f0c0f8076,1226.2,2026-05-16 12:05:15.299044+00:00
5123f408-5473-48a2-9d1e-fbaa60695668,1a2192a6-de56-42b6-b790-a468b3466e30,2507.73,2026-05-16 15:12:14.511797+00:00
b866dbf9-17fd-467f-9914-f8b55d1caf4b,028c3f19-9ca0-4d75-989a-9588ebb77ee9,3133.89,2026-05-16 18:05:37.766788+00:00
e3d73bc0-d0ce-47b1-a1b3-e475c83e8edc,642f436e-2c14-48c0-9c24-d8061d9724fe,1057.83,2026-05-16 21:25:59.492954+00:00
f29e19c3-7e30-4dea-b0c0-28a3fbce8c37,6f3b8650-aa69-499c-9333-8e63b5d90bba,863.14,2026-05-17 01:11:53.391416+00:00
011ea612-241d-459e-96c0-538ea209b663,6ddf4a18-ea74-4aae-9369-403fb4fa0093,2862.15,2026-05-17 04:07:03.057396+00:00
