id,transaction_id,order_amount,created_at
d0aeb1cb-ea31-4130-b645-837628894221,2231d1e7-8172-465e-9f3a-8b1345cf3478,298.56,2026-05-30 05:12:35.694317+00:00
2cb5f558-f8b5-4c6f-8ebe-94fb6705ef36,aa647fcb-72ac-4f4d-ae9b-539a77ade307,2653.95,2026-05-05 17:01:52.607454+00:00
b0edec0e-bb3e-4ddb-95c6-08480540ebea,4c559568-5da3-4108-8975-e33bba4159d2,3416.0,2026-05-16 07:22:05.558193+00:00
bcdc00ff-c173-40aa-9371-c06827f80868,2cef5320-bda8-498e-8db2-4881938dadc8,4064.48,2026-05-19 02:45:32.235472+00:00
69600d17-8075-44c5-9a8a-ecb815925fb2,d2a363d0-bd1f-4455-9b75-d0050a292c1b,4255.9,2026-05-22 04:25:15.857746+00:00
dfbce523-ca71-4795-8fe9-3d18cd585ca6,09e6cda9-42a6-4d6e-8cd0-044feb4f97a0,1444.14,2026-04-26 05:36:08.898907+00:00
ad2e767e-5e86-4f30-8fc8-7154d8041da9,9d249e15-1264-41c9-bb39-a70a70dcf02d,779.65,2026-04-30 20:17:57.881906+00:00
51ef744b-7879-4605-9197-c826f82264f5,a2177172-a275-4c58-a5a6-c99cd63c4697,1963.83,2026-05-07 14:17:59.581468+00:00
efa3957c-fbc8-4eab-bcf9-9e7d2064f070,f03c787b-58fe-4010-94cb-2d15d4ec9d46,1494.57,2026-05-13 04:22:24.176307+00:00
6897794a-5d37-429f-b5c8-da8323f5d0e7,1fe9941b-7aa8-4633-ba36-f1f34b4a84a2,4890.96,2026-05-02 05:05:23.722221+00:00
e9057e4c-5b85-426f-a6d9-28f830530cfe,6d7c422e-e9bc-432a-98f7-7c8829437f0b,2377.73,2026-05-23 22:44:34.286644+00:00
f90833ef-1b54-4103-9584-9d2cd2bcca3a,2495d27f-0a93-4080-bee3-066f7b77d624,1842.32,2026-05-29 20:03:32.724882+00:00
1552a677-ca8f-41a2-a541-e6c8d2a6d3d8,388a5449-12e7-42bd-9298-eacdbbc99c6e,6612.43,2026-03-22 08:04:43.791185+00:00
e6ad8776-fa57-4e3b-9207-91551184e087,47e5b549-076f-45d4-9ea1-21406734fccb,5874.92,2026-03-25 02:53:36.801002+00:00
554a9e69-26db-4f1e-8586-ca5ff2482ded,52da239b-efc6-4bc0-8c3b-659aa0fd334a,2732.0,2026-04-16 03:00:06.356394+00:00
cb5e6bbc-ea52-40e0-a731-ebca25c3e3d9,111606d4-51dd-4751-b620-03fca7a12881,838.43,2026-05-20 18:07:31.514070+00:00
3addd73f-f238-4fa4-954d-3c924a3ce7f2,812e210b-fb24-4de3-964f-9b3cc8c8623a,669.49,2026-05-27 03:48:37.512467+00:00
0541155e-2b36-4b81-85e5-cb5d0a67a8bc,2a1ca483-be60-4b9a-a0b4-893b8eb19656,511.14,2026-04-13 12:45:44.226496+00:00
d1caf1ca-635a-48f2-a060-bcaba7c895ea,ce91d32e-3ae0-4caf-a733-463cbd18004c,4009.12,2026-04-20 17:13:46.794822+00:00
35bfd92b-d370-4c21-b09a-a0903ab20202,91c099ef-0398-4285-8a09-bd9da0a7ef2a,738.33,2026-05-22 23:01:18.474239+00:00
3ad68ceb-3e4d-4bcc-9b64-8884cdc0fd7d,950ce5ad-2f32-4b85-91be-4dbab87b90c3,121.62,2026-05-23 10:53:20.740899+00:00
d17ffa1d-c836-42b8-8919-74166c3efa7c,aef47e99-0fd2-44d8-86dc-a61e966734c9,390.86,2026-05-29 19:09:24.973309+00:00
7761bd50-a67f-4b71-bb70-1803101d4b4d,fec7696e-2aa6-4c4b-a02f-e3f736686375,3482.79,2026-05-14 03:19:18.622745+00:00
d0a93dff-8cca-4e0b-b740-13e19d1b3baf,10021feb-89ad-4e8b-a885-4f1cdec11364,1604.72,2026-05-14 04:32:00.840563+00:00
c1ab2206-9b50-4aaa-9446-f322d0976ea6,2068100b-794f-4e1b-8f91-6eaade53c5ff,2119.86,2026-05-24 16:20:09.426779+00:00
59e8a63d-55f7-4a74-a414-9d242a76b6da,9c1f2717-d8a4-4add-ad82-6c071a63f43e,3214.37,2026-05-29 00:41:25.040948+00:00
2ad5d0e8-9af5-4109-b0b3-660180d96301,6907bb03-3c96-4fe9-86e6-f5496d3f01a8,562.23,2026-05-31 00:31:32.647563+00:00
464f2fc5-9f08-4c2e-993b-5a60ad0fe3fa,e1245c69-461b-422c-a01d-045f20077b17,301.77,2026-05-15 03:45:13.467900+00:00
0eab8992-d572-4072-a141-2725dbe68f3f,f23a6475-c5b7-4541-b8a8-eba20cb668df,1012.46,2026-05-25 03:18:48.628606+00:00
9909eb41-e124-44a6-8a4a-537194cbcaf0,de2f1a6b-aeef-4893-a3b0-9c892c8424b3,728.33,2026-05-26 19:55:26.426104+00:00
311f6379-cf30-4c21-b00a-851e2e2031f9,ff180026-7b32-4db0-becc-6e67e448e9e9,10.0,2026-05-31 15:46:42.573053+00:00
21bcf43e-2dd7-4f50-914b-f084c4b05ed6,3a93bfbb-fabf-4085-b8bf-cd44a74ec4cc,4316.92,2026-04-22 00:34:39.074874+00:00
f8dd8cd7-2024-47d2-b1b2-390e4a89e013,2311807e-4890-420e-a077-7212775c57de,2783.82,2026-04-26 10:38:55.947512+00:00
b7d10811-9d19-41be-b523-1de73c41c203,1ebdd07c-2c5d-492c-a944-14bbdd505b50,3342.88,2026-05-01 13:04:47.715895+00:00
c92c5327-27b7-4a3d-8ead-d09985d71fab,36a3c1d3-6b34-4b6a-9288-4c5f008e8cb5,2614.36,2026-05-08 14:34:52.721236+00:00
a7c5d0a1-1435-4c3b-b1ae-4b317866c44a,9e537c3e-67f1-47e8-982a-d3f0681f6e0b,6174.85,2026-05-28 13:47:41.617001+00:00
23958815-a2d5-4444-82fd-603e413730d7,0d967d7d-e875-46b9-b940-487e4a6d8f03,3451.88,2026-05-29 22:50:26.415394+00:00
819960cb-bc9c-4dc3-86fc-239d8c32e00e,2b5d618e-d4a1-4ea6-957f-2468c77092ab,2633.01,2026-05-31 03:28:49.331022+00:00
4f00fab3-f08a-4c86-a0bc-3ea298bba6b6,4612712d-4a9e-4f6a-af74-2c477295972b,676.25,2026-04-20 20:27:47.966006+00:00
8a4aa0a6-d37e-40e7-bb35-dc8391877fb8,7e8e07e1-2ed3-4d7a-b2a9-19fc943eedc2,1449.56,2026-04-29 04:05:28.893215+00:00
048f12c6-2577-4402-b28f-8edd6cc967bd,4c5c4cfc-bfc1-4fc3-9216-98b6dde432a8,2576.07,2026-05-21 02:09:39.716224+00:00
7920161a-46b1-449f-89b3-d03b9719aedb,0fd8be61-bce2-480c-95b9-66e8e07e0a3c,10.0,2026-05-26 16:59:08.570053+00:00
e2579407-e83f-48c2-a13c-bf66e63b27b3,91eb2601-787b-4243-beb4-62adbc16d687,2698.33,2026-05-29 16:50:03.025308+00:00
c3823186-5d96-4859-ba8e-94c7decb74da,48c13041-b22d-473c-b78b-3d6a36dd4fda,560.8,2026-05-29 22:45:20.078421+00:00
3def5a46-c3db-468c-b76f-f5e2d38fc8dd,3492874c-a1d1-4f72-81dd-9d65725d531d,2286.75,2026-05-31 02:43:09.600016+00:00
3e5a3337-030d-4b97-8e24-b19ec0ca47a7,d2ad564e-7111-4087-b1eb-e6fb938c08be,303.15,2026-04-16 16:39:13.522441+00:00
b204cb27-e002-4658-b510-d3df73986400,2662a44c-72da-484c-84db-8e52714a692d,366.54,2026-05-02 22:44:02.302764+00:00
8b5089a2-f314-4a70-9b56-68dcbcffeb79,48702740-ffd5-4eca-8fa9-c39563b2a8c8,1844.05,2026-05-25 13:20:59.154121+00:00
e500507d-ddc9-4c07-b0a8-45557e94fe68,589a8274-fca9-401c-be41-178261cb5b46,2755.88,2026-05-21 09:51:57.729941+00:00
b7f0a03a-c9bb-4e52-a265-f398335b133e,6c619c77-4720-49d7-89bd-9c87bf33a642,2148.6,2026-05-21 14:41:24.651736+00:00
fb18ab54-9cb8-423f-b1af-2deef7a18d7b,eb53d87a-a196-4655-8bc7-6e3a062073be,2805.64,2026-05-21 15:29:14.077118+00:00
732c859a-2ab4-400c-a207-ab515f6d6123,110a2ddd-f5aa-48b6-82ca-fc3073278426,1210.37,2026-05-21 17:52:18.187449+00:00
85e1b791-6e17-403b-ab0b-1797dce7fdaf,881ac29e-3d80-4a79-aa0c-dc3dcc86bf16,2150.03,2026-05-22 03:33:46.891023+00:00
73a40601-0e25-46ec-aa92-3e04b2e4a88d,3dd3b258-6beb-401f-9bee-e4fd8943d643,292.55,2026-05-27 04:21:38.518382+00:00
37845217-759a-40e1-957d-406a266e4489,196e5f63-122c-4d20-abee-9b92d298b5e5,163.28,2026-05-27 13:57:02.300111+00:00
33953598-70a0-4c21-8b13-754b58b8ef57,31c32d9f-ab93-4bb8-9bdb-ee0c917d7a72,311.92,2026-05-28 07:12:18.131796+00:00
55b00028-9233-453b-b8a8-eed81628b7df,227d9430-5e2b-4604-9d1c-4a0dacb28098,278.35,2026-05-29 00:58:24.782697+00:00
fade4478-cc65-47e1-b252-c6bb3eacf9a4,e9aabdae-9355-473e-a14a-4f36f337b757,934.84,2026-05-26 09:45:35.531301+00:00
943874f4-38a5-4dba-b65b-5c3ea80dbd32,dddb37e3-f0b5-480b-9c03-e85639501006,1722.19,2026-04-27 02:12:39.573850+00:00
6498617a-bb0b-4c33-b2db-c3f9915e8e2f,9dcc8e95-2594-4be1-ba6f-0458dc6f3247,1902.07,2026-05-06 08:32:32.733949+00:00
2477900b-4c69-4202-b804-437b3dd4ff16,2299a285-0f5f-4774-bba6-6a421b88c220,1709.76,2026-05-08 22:32:19.685294+00:00
107fe93b-2caa-4f40-8f85-aa22394e764b,b9b969ac-8784-497e-926f-34e2d550561c,1944.23,2026-05-14 17:11:22.785254+00:00
35b00cfc-5cab-4c9d-8862-7cfbaff1d65a,662acac3-3bf8-4dc5-a100-d2e63e00f01a,2008.47,2026-05-29 06:29:14.622513+00:00
47560613-623c-43e3-acb5-c9000bfb00c7,4005d04b-3ef2-4729-931b-5b09fd15a5f0,5024.79,2026-05-20 15:22:23.010631+00:00
76855c89-083d-41d3-bc86-3f6f6c16835c,28778584-1691-4973-b769-9d876e2eae64,5366.69,2026-05-21 12:52:42.973733+00:00
edb494d5-fb46-45f4-b40a-8f259c2ce029,1780b82e-2ba3-46f3-a6de-e3162c5e667b,4254.52,2026-05-23 21:25:19.360148+00:00
28a8b107-296e-4061-a3b9-731e10ee3528,3f3eee8d-fecb-452a-93b4-d0400066d3df,5277.32,2026-05-24 10:35:35.718103+00:00
6fea8ff8-09f9-4366-ab61-5487d7af2988,0c4259ea-245b-4e9b-938c-5e12892a0b77,1298.73,2026-05-28 00:48:19.988440+00:00
8a6435b8-bc9c-4a76-b7e1-8a4d8791f2a8,a623cda5-723d-4451-9bc7-f769def0e6b9,193.31,2026-05-17 19:30:00.556642+00:00
cf14bc57-0b74-488e-894e-5f2d9cd03717,88a28599-1bce-499d-b234-37f3c44d8b86,241.26,2026-05-18 04:40:34.953541+00:00
de5e274a-bf12-4ae4-8840-14bf7c01e7bf,b9dc6a95-b011-4e0a-9dab-ebfcbb201b73,298.57,2026-05-23 03:57:32.019220+00:00
332f0be9-123e-46bd-ae82-d833a992e8f5,f9337b17-2372-4647-8c88-bbac436415ea,1165.63,2026-05-07 11:56:50.881185+00:00
26eadabe-15b0-4e41-9045-c64e24561fa0,0d71e3c4-15ba-42f3-a5d3-16957eec2c9c,2816.73,2026-05-08 22:53:18.370062+00:00
ec3078af-ecb6-428b-aa3e-f205eda10b8a,72b50b52-37b6-4d84-992c-51663883bc70,2315.15,2026-05-11 10:12:35.184868+00:00
91962c2d-9799-49ef-9f6a-e9d856b89eda,430663f6-a4dd-479c-b5df-d05cb23da671,2218.26,2026-05-25 05:44:20.471506+00:00
e605d8a1-4587-4fd0-a450-8855282324cf,f5b97c52-1a58-44b4-981f-657da1625971,3689.85,2026-05-27 18:08:44.440729+00:00
0614f6a1-00f8-4311-b407-3ef027ce5323,5839b3e0-ee95-42ee-97c6-254a371817fb,433.18,2026-05-25 23:46:39.408840+00:00
9a12d8a9-840b-4d73-a8dc-a11cdc05fcb5,c9cd6dca-6cbe-4679-8c77-85e261113e39,605.67,2026-05-26 03:58:52.262860+00:00
6a3c603e-d935-4280-8d4c-8a4b725fa8af,16a3dd27-b631-4a6c-b0a9-a481d1fd5b8d,894.79,2026-05-27 21:17:26.396303+00:00
f4ae3684-c5e8-401b-a5f7-5e180e08f3ae,547a16a7-53a2-4506-bf1d-daff095f2208,1171.88,2026-05-30 12:20:37.709771+00:00
818a862d-382e-4e6c-b456-c13543ce290d,d7c20952-90d6-4d51-8fb4-064c19c91176,1549.93,2026-05-30 22:17:18.665850+00:00
5215b7d1-ad7a-4f0b-bfdc-be173b27636c,15ff2100-22d3-4b8d-ac16-f88954556d74,10.0,2026-05-27 22:13:25.568276+00:00
ee639333-59d9-4181-a33c-ee89896e11c0,385c6996-215f-4841-bd60-c953b3a098c0,844.77,2026-05-27 23:24:59.061744+00:00
206906c2-eca5-431a-adcf-9cd383193959,49af73df-f52d-4449-9b0b-2d6b63c93142,781.93,2026-04-30 11:42:04.571121+00:00
e9019929-566e-4350-9366-5173f5896890,d2442dc1-0962-4c45-9fd4-dc21eb729c85,799.33,2026-05-01 14:01:46.277745+00:00
69cb5736-c0e9-4f99-9cb4-fee4cccc06c6,2d1739ad-553f-415c-97f5-4500bad56a02,515.39,2026-05-11 17:04:55.219464+00:00
55527dd4-3c26-4179-8a37-29d744ad7fef,4871ffd6-c856-48e3-bf7c-551852084f78,241.1,2026-05-13 09:33:01.175310+00:00
65670b32-ca25-494d-a97b-f5adc65ce806,15853a0f-f59a-4f79-8c1c-f595cf0bc276,888.5,2026-05-19 23:16:08.140199+00:00
e67ec035-fa4c-4966-93a6-f40f7783ed52,1e48ab24-dc3c-46ff-a9a7-4e713e0f4f0b,2920.52,2026-05-19 04:16:54.315744+00:00
4267ac5e-006a-4a52-b55e-61f867d08158,43268d4a-3f10-44a8-936f-b5592a18ed8d,2554.31,2026-05-20 07:21:38.917750+00:00
190a6bc1-b77b-4d88-936e-e6416601b486,ae06ec36-27a7-4ec7-914c-0b9043a517c2,3009.54,2026-05-21 10:54:42.479110+00:00
ffb609fe-be9e-450d-aa24-15a871970df2,21a0742e-0dd9-4e98-96bc-c61a5e2740ab,1092.74,2026-05-30 21:32:34.917278+00:00
a0290730-5a07-4cee-9a41-2298caf04ff6,931e3545-1c51-48ca-b15c-0bdbda7ffcd9,31.54,2026-05-30 18:17:56.301081+00:00
907807f6-0d3c-4285-930b-76ee5a18de36,1622e922-a4aa-430a-ab40-ca94ebc03376,195.61,2026-04-11 14:45:36.332009+00:00
e614b165-137f-47ca-b992-ec71a79c3afd,969a570a-1a7f-49df-9147-4491702d38b5,5201.46,2026-04-06 12:13:42.689164+00:00
5e427783-5e65-4a49-86f1-ab326529e1f6,a298ed49-5d08-474f-9809-91ca33207a30,3447.26,2026-04-09 22:12:28.552125+00:00
0d237cd4-3718-4020-946b-d4f90b0a7e9e,7c212318-7390-4320-a941-35b5de45718a,2425.88,2026-05-22 11:26:32.960554+00:00
7efed94c-fc66-418b-89ea-5763fe86228b,854f59a0-38d4-4e20-b346-43eca5ccb8cb,2267.17,2026-05-28 07:04:20.550895+00:00
23e2455d-8b3e-46e9-90f8-c442402d8789,38d3fd25-8aa9-4331-9842-0a26eac88d91,924.54,2026-05-06 19:04:56.496038+00:00
f569279e-9a59-42a6-bc12-38ddcb90f79f,01da40a0-38a5-4881-940c-f3ccdea2eedc,774.41,2026-05-11 19:01:31.882262+00:00
a0878f7e-91c2-41e5-9897-68488660be79,f1dc0e99-602f-4cfb-bf4a-6f0484b71078,717.16,2026-04-14 17:34:47.790503+00:00
d83a21c8-fee4-44e7-888a-9c6d411bc074,2cd7710f-0cc9-4ab8-b05e-efa5836f63bf,185.96,2026-04-15 22:41:05.571989+00:00
4d7e5a6f-1c8a-4ba9-aa4a-2dc7d7a2feab,ae5c40c5-3e81-4da1-9806-394dab230159,1044.18,2026-04-19 08:21:17.157590+00:00
564ae7cf-2592-4c5e-99a3-798172d5ae0b,f406e9f5-4794-4c99-a128-d26cbc7a0ca1,564.1,2026-04-20 00:20:32.574838+00:00
d3608459-9a62-4321-b3b2-07630461d632,ba614d88-8ab0-4a37-aa65-1499d5adc5be,695.76,2026-05-31 14:33:52.699334+00:00
6a0710d2-136d-4f46-87fe-a13d7adef156,c3ecee4e-bf57-4234-ace5-bf7234a77a70,274.72,2026-05-27 02:41:08.080194+00:00
d70d14b8-4566-4d3d-b9b3-eee857b374c0,0201393b-1811-4d77-bf28-e657ae0b5e64,936.8,2026-05-29 22:48:31.225087+00:00
dc6bd0e3-8e1e-4b29-951b-79504246d120,3182c614-814e-4eaa-b229-77dfd04b581e,137.58,2026-03-23 07:30:09.298878+00:00
dd718d6e-9862-4a58-a01f-9bfe34ab978e,8a647bd2-f66f-469b-874d-01a1358c55f0,355.71,2026-04-27 00:31:07.420236+00:00
8f81d50e-3157-4fa1-bbe6-04f38f41fbc3,e64ada4b-f329-4b39-8bad-f731841329bf,44.66,2026-04-28 06:07:49.980843+00:00
b32468bd-0218-4b2c-8e10-c4397275decf,6b5bce00-bb9b-4bae-a651-c3abc7be2131,141.3,2026-05-19 07:13:38.778819+00:00
d113bb7a-861b-46bd-a3de-9fdc577bc486,34063892-8dc3-4a90-91f5-f868920b6f6f,1035.97,2026-05-16 07:45:10.924917+00:00
6ef410a7-f23b-4267-8fd8-3d3e857760ec,060c5f22-1a0c-45fb-800a-312a5b926e69,5160.41,2026-05-16 17:01:31.166499+00:00
5aa20819-974e-4f69-ae03-de77dd0b8a21,d5b3f13e-7b15-4416-87b4-2bc173ce31f8,2741.59,2026-05-17 05:13:56.139711+00:00
f18f9d8a-7dec-484e-a5b3-5519d04d719e,2bfee485-32ed-4f0c-870e-b7db15780fde,5116.03,2026-05-24 17:28:18.030297+00:00
20ca0318-1910-4e98-8267-916907d0959d,acb671c9-626e-4f12-99b3-93fc2bb7db38,3858.18,2026-05-16 01:36:32.449404+00:00
b2f92c9c-a3df-4ffa-bbca-e47ae8022fe2,da073e84-d1ca-4cc9-b1bd-c399cd13fe61,7162.54,2026-05-22 15:47:10.373299+00:00
58983a9b-66be-4c4b-9532-92a846f351ef,b954234d-db63-4d35-bf3a-3c5649f8423c,2060.28,2026-05-26 13:58:13.211674+00:00
0ddb78d1-7335-47dd-b442-1bc0cc97e807,73256f79-5e3d-420e-9f8a-d473b99b2859,3519.77,2026-05-28 00:44:54.619470+00:00
52b7ecbf-e9e1-4189-81e6-f24178c15786,59d87c65-5f15-47de-9285-060d86011e5c,6301.21,2026-05-31 07:05:39.278357+00:00
32a30855-9af4-40d3-8469-4c2bb5f57c4a,8cd057e3-8349-42ad-9879-01ec1e9375d3,3467.55,2026-05-31 17:36:22.545574+00:00
5ba93ddb-2bf7-47e1-9113-e713ec18ade1,3362722b-68da-41f3-98f6-a0af29bd55a5,1515.59,2026-05-19 13:22:40.860838+00:00
727306ee-e86d-477d-aaf4-7ff5b4195687,4a362815-0eee-459e-95aa-b0b8557b8fed,544.34,2026-04-08 06:19:09.694186+00:00
8b170484-f5e9-4aab-9d96-497bed7fbf83,16791c9a-6da0-481e-99c8-64121af2ed68,262.73,2026-04-30 01:16:50.047375+00:00
ede55b83-a7fa-4873-93aa-c69628714e2e,8dccb08e-c4da-4377-88ba-d6f70abd52f6,880.87,2026-05-20 00:46:14.002060+00:00
c0824e87-6185-4cab-a8cf-34d5873c9039,54bd0d80-b61e-4b52-8735-3034f4cc0e61,4907.18,2026-03-25 14:28:19.098987+00:00
294958eb-ae9d-46e7-b55e-f394581c67cc,a096d73d-1daa-41fc-b3c9-ef7233052cfc,4024.9,2026-03-26 18:37:23.946088+00:00
241b8f8f-bd62-452c-bda1-6881dd1a6193,8abce544-40c6-4ba3-b0ba-1a8c4d32a114,2560.24,2026-03-28 21:49:45.755395+00:00
2943906c-673f-4754-8f1e-0d8771e19120,79fab6ad-a8e0-49bf-a419-c8ce29876355,10.0,2026-04-24 11:27:34.974606+00:00
138b553a-0668-451a-a72d-64c2eb8313fc,82714f30-d9e1-42fc-b08f-3f72e5a36b0e,4585.85,2026-05-31 11:06:59.756005+00:00
12b1667b-4aec-4eb6-94da-ea5b0057b804,ba06dabb-5c3f-440b-9d68-d51a15992a5a,1960.83,2026-04-03 03:23:55.374672+00:00
906ed2c6-fc0f-4585-9738-7ecf1c06bb38,c7006e70-4fd9-463f-9671-439c2cb8afa1,1750.85,2026-04-19 11:34:09.695061+00:00
d477e2b1-796a-4d3e-9c83-a22d09ade40a,31575edd-2512-4b79-a8bf-ef9e15d0789a,80.46,2026-05-28 03:05:23.095755+00:00
60a656d9-73c2-4a86-8eb5-f378153505b9,edc88bd9-520c-40b3-8fe9-d2bae245f42e,1020.45,2026-04-18 11:19:59.873555+00:00
811df7c0-2598-4723-99c8-fd48ecd3ef82,15a363b1-e672-476a-84a1-ad79aecc25c1,2711.53,2026-05-30 05:06:33.855270+00:00
3889cdd8-3efe-4a87-ba43-8d344ba3f097,4903c8c3-fefc-4fcf-a740-8001c5f7b960,1884.73,2026-04-19 09:56:15.188677+00:00
b203d96b-97d9-4ebc-986f-ac1979f8de18,f9bd9605-3515-4ac1-85dc-4658cf4db2da,1455.63,2026-04-23 13:34:15.719477+00:00
1d5c433f-e848-4bc3-adb8-65e76e26e948,5d721a53-d068-4305-8d06-dbfabc90f399,1330.01,2026-05-17 00:05:29.825990+00:00
77e02981-7e8b-4db9-8035-0adce7c5cf29,a39e3d0d-aae6-44f9-a40d-4342b41182e1,3815.21,2026-05-28 08:42:51.159619+00:00
b71f4654-4a7b-4d87-8b5c-70e985adfdf9,fa3bdc69-f46e-40db-9baa-d7dcd5cbcf63,2575.2,2026-05-31 13:45:19.927311+00:00
8ba928fe-ddba-477d-b20d-6f572872d986,07eeb757-814d-466a-b09c-adb6807564af,262.7,2026-03-17 05:05:34.037624+00:00
3c460b73-27bd-449c-8247-0159b4ad9d03,49d34dd3-3d0f-4388-8527-2cc83eac8b2d,34.4,2026-05-09 22:52:51.453652+00:00
423cb61b-ccc3-4bc2-bff4-803d679beb55,2aad7bed-3ef5-4142-a99e-200a8deddcf1,243.67,2026-05-15 04:30:20.025375+00:00
8daafea7-f4fe-4722-9cfb-bf089c9134ab,0df551c4-d9d3-4a09-a09a-e017f509cd46,3619.03,2026-05-31 17:21:04.292615+00:00
eaed7f2a-42ec-4024-8b58-34eda716c686,06a82f7f-322d-44f7-8557-0994041e90d6,1235.86,2026-05-11 01:21:18.981140+00:00
0d6a7143-1a51-402a-bf32-faedf7eea7f0,5db6832b-aefa-464d-8ea6-8b95265b0851,2557.97,2026-05-16 11:20:11.913645+00:00
4f5d4156-ce17-4d99-a25c-3e2eede6ded0,2c0b1f62-211d-46b8-b76f-9e429fb2100f,954.87,2026-05-25 16:48:37.264888+00:00
759beb09-8de1-421d-98e1-5aa7f88a401a,54a11fec-2dd4-479c-8f1d-3111b7984f97,309.17,2026-04-16 07:11:31.277678+00:00
a02583e3-e3a4-4ebf-99d6-f766a40c53e0,e5691b72-04c6-4118-941d-92ccc47529f3,595.26,2026-04-19 00:16:09.347415+00:00
8c258489-b62c-4777-b492-ff4bb49ff0d5,f6bbef22-cac0-4ef0-9acd-4b5eaba890de,543.02,2026-04-23 01:06:23.880355+00:00
fc592930-caf0-4b32-b12b-4eb20ba40b43,35b41b8b-d524-4a41-bbb4-22aaddbccb62,622.18,2026-04-25 11:42:24.068925+00:00
8721abd7-48c7-4286-964f-7ade1e387c0b,147c6620-dd08-4f72-9584-2bc13d3d4197,1874.6,2026-05-10 03:25:34.561251+00:00
698ef34a-ba87-4199-b816-12a29532ebe5,b39059c9-0f10-4f85-8b6a-688fbce85f6e,1621.68,2026-03-22 20:35:52.177286+00:00
e1c2422e-0dc2-4ec3-bf91-245aed5edb25,eaefb8fe-a35e-4564-b69d-7a6206f7c500,331.46,2026-05-12 22:39:24.660384+00:00
5b0d8f9d-b0ad-43eb-89c8-b8d775fa5708,b2b7e719-fd7c-4ac3-b2ed-13d36fc70c7f,1773.07,2026-05-14 21:41:38.995986+00:00
303f4243-fec7-4a65-bb71-6cfcb293d754,97782511-6e38-40be-b10d-8d145556014b,837.52,2026-05-28 09:52:01.857278+00:00
2187153c-44c5-4778-a1a3-5b8c289896c4,105f47b9-3d35-468b-8c81-87dafb1128bc,309.29,2026-04-24 13:47:31.453156+00:00
533eb8fc-dbb6-4045-9d46-7d0b3ce0e255,37fa334e-2416-454b-84e7-22c3fab6612d,354.68,2026-04-22 05:13:04.169989+00:00
f6d39cf8-2537-4341-a30b-786516808230,3cb25e4e-5254-4e98-b931-75323c35c2fd,1287.36,2026-05-13 17:44:52.432674+00:00
f742d2ca-7d75-46b1-b968-c9c06d44c577,789bb91f-22dc-419c-83a0-b098aaf0ae38,1135.96,2026-05-17 23:48:36.945000+00:00
230208bf-ad30-434c-b104-66df8bd06c54,d47d1a34-43e5-4c3f-83c0-d8864afb4d8e,900.41,2026-05-25 00:53:36.760043+00:00
fb16fcf4-d90b-480f-91d3-6796ca70c730,96e31cb1-4c22-45eb-9586-80b22c3fc430,1789.64,2026-05-31 02:37:14.665416+00:00
3e5625ba-fe70-4d72-a9a9-59d67f3436dd,3643f7f5-3c8a-4397-a749-bf4bc7edad56,1052.1,2026-05-12 00:55:45.710956+00:00
c0afe50c-15b4-43c8-8f22-9c24c6523460,6e852bb9-8f86-4943-887a-445e3ecd9354,1274.94,2026-05-23 01:36:08.347240+00:00
c5be56fc-247c-4e3c-a559-d8f1e570121b,393d34eb-e665-43f1-851b-b7619ebb5181,3449.69,2026-05-24 23:22:51.900297+00:00
c4f0c2c5-d7e9-48cd-8412-7ecd01bccf92,dc309b56-808a-4cda-98c0-226264631dd6,3660.05,2026-05-29 05:19:32.373133+00:00
b1ef2f51-8416-4ed6-abef-345c02445525,e5ff0d41-46cc-4418-b5d9-bcb37e55943b,206.54,2026-05-29 20:47:05.344034+00:00
7cd393d4-3c9a-443f-b97a-48234f2e0d87,990e0000-ae87-4e6f-b43e-038565b2f756,2584.42,2026-04-27 10:36:42.164542+00:00
df83a7d3-8026-425e-a48c-928ba37b9428,0c3a3e84-66ce-4ca3-901c-42c0dc22c379,2636.52,2026-05-06 08:53:29.334339+00:00
61685323-c346-4aed-b7ed-7d619913a906,c2e811cd-4e36-45db-bd4f-d8edfa5d4e1f,1824.15,2026-05-31 16:38:34.721534+00:00
1c8fd3eb-abfb-4ad1-926d-2b87399e2a7e,c565390d-ebbe-4959-8925-7b4d0b34fbe2,7390.77,2026-03-22 19:58:09.300018+00:00
0a2f8e32-8ca6-4c60-b309-63dce9bcd98e,d273dcc5-d113-4d22-89cf-877e73cebc4c,740.15,2026-03-31 00:48:23.357546+00:00
c152db59-473e-443a-a6f8-929566098cee,db28db59-d954-42e0-b9de-cce8c219a8f5,4697.57,2026-05-14 04:55:09.117370+00:00
ce091f1b-1323-4ec3-b267-cc39b7f89f50,169e2a93-ffbb-4b68-915f-c29052ec8e89,4512.09,2026-05-09 03:04:27.824226+00:00
2fcde52e-c42c-4a7d-9309-229037054ace,63e497e9-e3b1-4264-914e-c490ac9cf83e,1149.22,2026-05-18 18:16:14.807364+00:00
a32ccd78-38c1-4d4f-98e5-fd942f0dff39,cfa88072-c5ab-4249-8496-0d66e04d727f,2287.21,2026-05-24 01:53:39.728476+00:00
2c17e210-bc94-4457-96f3-7ca7399ff2cc,6febb2c8-a5a7-4dd1-9a70-d7b168c9e2be,5272.54,2026-05-25 23:15:18.596674+00:00
f1340a49-78c2-4dc8-b465-3abd8bb6315c,a9d988da-2109-4d16-85ad-2a950b8949aa,3894.76,2026-05-31 17:55:48.237327+00:00
319a30ec-0adf-44ce-8ee9-6f4021bbf35a,c8cb396c-57df-458e-a9e3-5284ec5f2583,3653.55,2026-04-04 08:50:47.671820+00:00
ddaee2c8-592c-4e4e-8d5e-fc22f0bfe128,9c210c69-814b-4e41-a811-a6bd7e55cad7,904.42,2026-04-11 13:40:16.653356+00:00
8528a332-4e40-478e-8b88-ae08d92c8755,2a9119e6-836c-4100-95ab-22b575797b4c,1953.01,2026-04-11 17:52:17.779247+00:00
11859587-e0dc-4341-9e06-eab42298e117,e6c0a445-0af7-45cc-a44c-782e814e9e0e,1217.77,2026-05-08 02:26:45.582657+00:00
aead8f36-22b8-4ac3-849e-63dcbefe4d5c,0e0c444d-b629-4bd8-bab0-9788f958cb2c,2328.77,2026-05-30 03:53:27.013190+00:00
5547cf5a-1911-42a7-b770-0aa60e32028e,d9f0d550-d8d1-4738-b614-0cc166ff2e9a,438.8,2026-03-31 16:26:40.177305+00:00
5f2788c9-e65d-431a-9aa2-b017443546a3,bb2a1787-ffdd-4d22-8290-d079fd40f01d,459.01,2026-05-20 09:19:41.388232+00:00
865fd5af-4c1b-46b6-a6ee-068ab0291194,c20ff659-0324-44c3-a561-1fb14c77203d,703.0,2026-05-31 10:03:20.929629+00:00
6bee3dc4-df0e-4398-a797-39412138426f,fe8de679-5847-458f-8624-7885ad2c5448,3413.38,2026-05-27 11:33:11.920663+00:00
dc80d60d-3dfd-46e0-a546-b3f4b36361f9,4b365eec-9c72-47ac-8a78-dcadbfc4139c,2540.06,2026-05-30 05:00:32.386858+00:00
40a90ec2-7ef5-4e46-bc02-86f0a52faa76,93633070-ec34-4369-a75d-225296574189,1107.83,2026-04-17 00:20:45.190298+00:00
a2aee0fa-d7e7-476a-99bd-20af18f57886,145e2733-b525-4fbf-a4e3-b10114c33875,881.74,2026-05-02 00:10:03.266270+00:00
a515b51f-fab6-4ad7-81b1-1269cdebbea6,3d405651-1f4f-466a-b4bd-336a31c0bcd5,937.02,2026-05-20 20:33:17.771004+00:00
355d55de-329d-419f-a7a2-0490b6988a6b,53505664-f7e3-48f9-8050-5667a0343a34,10.0,2026-03-18 23:33:55.879800+00:00
2aea3fff-d8ac-417b-8a57-0e6126f1b8aa,82aa4a62-4d4e-494e-95c9-3326527a726d,784.87,2026-04-28 21:21:37.697214+00:00
5219b364-4216-4c91-902f-d59c965a53b4,5740cb97-43f1-4e0e-b36e-5668c1d640ec,111.22,2026-05-30 10:45:19.995562+00:00
976557d5-cc98-4438-b827-7f21b4b59bd0,5e8c14a8-9222-4d02-a7f9-dc27218493fc,1811.51,2026-05-16 13:28:06.804794+00:00
e63f0c53-b732-4389-87b8-60cc9b066205,9b4f2c2b-2628-40be-ae38-146b7b321720,1204.55,2026-05-22 06:56:50.553840+00:00
1b1c1930-52d9-4f25-9cb5-f0771d58d3e9,610018ee-0be1-4027-a0ba-fe17b011d5c6,10.0,2026-05-28 14:18:11.079022+00:00
fe0e4b31-527f-4c10-8057-d8be5b68c53d,e34468be-c576-4919-ac5a-d5b7973d339b,686.57,2026-05-05 18:49:20.573059+00:00
72a7439c-ba2f-409a-a023-76ca4b2395ed,8c818a0f-1d0a-4cee-9aeb-0b2972dbae34,10.0,2026-05-10 01:35:44.947194+00:00
9bcbbb0c-6622-4f79-9ceb-1cd3428bb5a7,c250f0e9-c448-488c-8ba2-f4dd21792190,852.15,2026-05-10 11:23:26.910150+00:00
44488010-29a6-4c5f-9f01-ff40b217fa61,53637db5-2e64-4878-8647-37ca7025c260,3948.64,2026-04-06 08:20:21.033927+00:00
1f3555e9-d6b1-4601-8e90-374db7f02e2f,3a6dfd20-6fe0-42b4-8d1a-b3b71838279e,4038.98,2026-04-12 19:06:42.197836+00:00
67f7c4c3-0b1e-4a71-b9c3-8772b68f9863,8cd5b2a2-78db-433c-a4a3-9dec35ee48ac,6300.5,2026-04-19 09:14:49.058746+00:00
9ed141ae-ad9a-4deb-9b22-0aca8424a93f,4671092d-ded6-4276-a781-8a509b937ca4,2178.31,2026-04-27 04:08:11.538993+00:00
d21468c8-72fb-4c9b-8bd5-569d07896cdd,9d75f5e2-394b-41d3-85b3-00a632d48b06,3767.84,2026-05-11 03:00:33.552436+00:00
8f030064-0569-44df-8c5f-702b7ecc82ea,f4f0debe-88f7-4b8b-bdf2-accc444b49eb,2524.96,2026-03-25 08:41:04.772826+00:00
1e39270c-4603-4843-8352-64156bfd3e52,b1cbaad9-c5e6-4221-8002-2b773ba0e1e6,3777.99,2026-04-02 15:05:01.204474+00:00
e1f3ad38-a504-4732-95c3-df0d47e199f5,7d8b9f28-023a-412b-8b40-3bf09d2905f4,5794.17,2026-04-06 02:48:42.834766+00:00
5380db54-c652-41b5-8b3e-7ca5d2346270,9055c6c2-6cac-4f0f-9d94-0fadb0636494,2187.08,2026-05-02 03:33:36.948890+00:00
50733160-e0c3-4eb6-828d-6a98ef050da8,03280748-0d54-424d-9a57-5aae3ce75341,2037.95,2026-05-05 23:44:30.561396+00:00
6b807045-18cc-46d3-a45a-e26746e8b5a3,cc405277-76e3-4afe-92e9-0b12ca414c10,574.35,2026-03-21 15:44:26.078621+00:00
41ff0c2f-654b-4256-860a-3600d07f452a,643b2ebc-750a-4e25-875c-c2dba85fcf4b,620.27,2026-05-15 04:10:33.173572+00:00
97e99b7b-df85-4d54-85ac-d50b6fd0fa11,3b98a6ce-ca86-401f-ae2b-596515caa62f,652.79,2026-05-20 04:46:22.896032+00:00
f7979e14-bb76-49f0-8063-1dba23d26225,ec56490a-09c0-4606-aaf2-c40eb090aafd,1479.14,2026-04-16 02:12:55.732622+00:00
16e5909b-2b05-4006-b529-bd3ea2adad8d,e3665593-e33e-4f49-8d6b-734a8173ed31,2227.88,2026-05-28 03:22:47.632698+00:00
0fb93113-e83c-4254-b4ee-f4d594f43446,d04b639c-3788-4303-b9bc-62d1e4a7d447,1465.95,2026-05-18 03:51:30.878977+00:00
d67f2d7d-59d6-4dac-952a-8d09d85da346,e6df7352-3b10-4669-b509-5b4514b4caf2,3687.96,2026-05-07 19:30:30.751144+00:00
be62e631-f76a-400b-8d9f-2301c01c4e14,7d9751cf-1424-4a4f-beec-1c46d195b890,5087.49,2026-05-14 01:56:12.513064+00:00
ccc1b456-9b89-4810-be69-633a8b8bd67f,7eae34b2-0653-4103-8c1a-227ab49f12d7,270.98,2026-05-19 20:32:57.151518+00:00
845e33f0-1aab-4df5-9a49-0a50fd5a4298,b5553658-e844-48f3-ae91-3453d0d1e223,5251.22,2026-05-26 14:04:56.731300+00:00
42398541-358f-4cde-a943-d9ff9c0fbd15,e87c4d5a-91b3-4079-aa62-b551600d3172,57.71,2026-05-18 15:57:04.904462+00:00
78c2e287-0633-4a8b-8b16-37c98b0cdc9d,ad56bc1d-138a-42ee-b191-50ce641bd9ef,3336.12,2026-05-25 13:06:48.688813+00:00
46f51c6f-0976-45cc-bc93-2ab5c35f4b24,5351ac4f-ebd2-4653-91f3-3003374cfcf8,2013.23,2026-05-31 04:03:36.838458+00:00
ffb903e5-71b9-4909-bef6-fc05ada63554,71e3e3e3-0004-4a08-84e9-81862aafb81d,709.91,2026-05-26 08:40:03.769429+00:00
7e33097b-a77a-4190-92a8-8dad92819a2c,4285d87e-20bd-4e90-bb72-838fc4a657ef,750.48,2026-05-29 05:42:10.589893+00:00
45c520f7-99d3-498c-a997-57f038b2ccf1,45147984-06b1-4233-8763-e28f2e606caf,2565.93,2026-05-27 11:27:01.291639+00:00
230d0846-8f7d-44a8-8910-171ccca51167,265e8848-8b45-4bdc-bc05-cf7f30f29e57,1226.42,2026-03-19 16:37:15.945308+00:00
198de3e0-3c6c-45b1-b040-9eec72de8d6d,bc0d7927-61c7-44ad-a9aa-1b16dc7a55df,751.11,2026-03-25 21:42:18.233990+00:00
107fb472-327c-463f-85aa-5cbf235a7113,190df42d-01c8-4e8e-bad7-bee6a13a0ffc,1859.02,2026-04-07 16:28:57.159731+00:00
8458d001-f7bd-4f98-9c25-a398b4c2c850,415cdb8f-02b0-4d71-b7cb-845232e5c470,2821.87,2026-04-24 02:40:46.311266+00:00
2dae111a-a11a-44e1-8527-0c26dc0e3056,7b960c0c-3fbf-490a-ac9b-bae1decc465d,3621.24,2026-05-05 13:03:37.115864+00:00
2ac79eee-8a24-4a4b-95b7-759061fb9848,45c156c0-a715-486d-9091-b7e825724c2c,4271.77,2026-04-28 03:00:38.541881+00:00
4c341a8c-ccf4-41b3-9f88-f6324243eebf,ccd7c814-f85f-4cd6-a569-62e7ad9a1f90,1622.09,2026-04-28 14:03:43.437287+00:00
6c79957f-d037-464b-9bc4-9896c1331ffe,7e2428ad-18bc-42ca-8fc7-6935fe32109e,2755.32,2026-05-04 22:18:58.243959+00:00
13434c92-f0c6-4cd0-bbf1-293b9c0b91b7,d9078587-f190-4a9c-8050-835e21140f21,10.0,2026-05-30 01:15:52.076092+00:00
026f97fa-69c5-4804-be93-ad0617af3579,43c8a8f7-579b-407c-a9ad-167cad12790c,3177.23,2026-05-20 07:37:37.921515+00:00
30a7713a-47ab-42b6-83e8-9897349ce6cf,64b9142a-bc18-454c-8551-9acba13c939b,2446.91,2026-05-23 21:21:38.881697+00:00
4a2e5b8a-fd99-49e2-a025-617210d7a939,c4f76657-fc19-48e3-90d6-87bb34034a8b,4917.0,2026-05-25 17:23:25.551278+00:00
6fdb65ff-7976-4a29-9649-4c1ddbfd8a3e,b1797c54-0df2-496b-9e87-e67ac86491f9,2521.25,2026-05-28 23:48:42.364095+00:00
bad3d025-8100-4c84-bc90-c647db29df4a,d17a91a5-ee6c-4e8d-835b-1148e2d11258,2366.95,2026-05-30 06:35:19.892321+00:00
a27ae74a-5880-4a72-9f42-cbcd923f830f,2b891b72-1ba1-42be-9ef9-83c75f067663,2281.58,2026-05-25 20:17:34.937315+00:00
400abe79-7aa8-47ff-8413-3691f5bd94de,be7f3b78-c98d-4816-a077-04430a9f5d0b,1836.85,2026-05-28 01:38:48.870732+00:00
0e0e6e49-7a6b-4343-ad51-49215d641301,424b02e2-0ead-473d-a67f-35707df667ae,653.36,2026-05-30 08:11:56.077918+00:00
cc112780-998a-4824-8ea5-3c3fa00a193f,7b4dae70-cd42-40ef-9738-b6c5eb590601,1529.49,2026-05-30 11:41:33.171242+00:00
e1d4d753-9499-4184-a63c-729d2a91ee03,b9d3ee32-82dc-4c5b-a0bc-f2a7cb396466,2492.82,2026-05-30 16:27:09.949860+00:00
33f72fa5-696c-4d46-97ec-aab6d3d6bb07,ca745343-21ba-46cd-aa6b-2d819106cd88,508.56,2026-05-27 02:52:16.598699+00:00
fb88d9ec-0bdc-4e92-bc0c-474cb8a43547,aecfbec8-f43b-49e0-9c60-8e5f58d37052,2367.3,2026-03-27 22:41:53.215509+00:00
f67efb6c-bb23-48ba-b103-af7cf7ae2f17,cd56a70d-497b-4800-a0e2-c62b6d1d9afd,323.6,2026-03-28 02:49:41.086952+00:00
87961e9b-a986-499d-a7f8-b059c919a461,faca3898-8461-4759-95cb-cb5e5d02c9f3,1144.06,2026-03-28 15:05:20.496199+00:00
112be48a-e6cd-4a3c-99d4-7fc0921eaafd,3e0ff609-bc12-409f-9e32-9e17dafeaec9,473.39,2026-03-28 17:13:43.161057+00:00
0166e009-a538-466e-bc02-dabe68ea22e2,7fddb497-865f-410c-9c03-c27bc3d75706,642.35,2026-03-29 02:58:16.161337+00:00
993ed9ba-d927-47f9-9bac-59380ed34841,d5f2f5a8-1862-4394-8981-61e71299d32a,3860.09,2026-05-10 16:47:22.031954+00:00
a8ca1036-51f6-4076-aeb5-5f30058ef106,145088b9-8bd0-44cb-927f-f37039ee37a5,1905.19,2026-05-15 21:56:39.975404+00:00
fb061834-ca35-4b40-a2ee-70dc08685be0,eef4b503-9e37-4317-93f1-9c1c92968eb7,1284.67,2026-05-26 08:41:47.997125+00:00
5eb4f382-ecb3-49c1-9e89-637329ac7a28,b818404f-07ae-4fdb-af48-b915a93b91be,1700.6,2026-05-26 22:34:18.437128+00:00
cee04848-07a0-4447-95f8-3e03aa7087ed,dafd6a5f-c652-4458-b69e-2b7b09d1fb42,360.3,2026-05-30 22:29:36.555363+00:00
fc2a2453-558b-4302-a567-f6051cfd91d3,46c80814-35a1-4e03-8d0e-b838259abbaf,492.85,2026-04-15 03:18:29.904571+00:00
c5ccd97d-bea1-42c7-85a4-0ea5fae14f6a,10a1721e-1ce9-40a7-b4dd-498bf4151fa6,2974.01,2026-05-03 05:10:41.479375+00:00
168085aa-5794-40c9-8582-2ca171dce99d,26302805-9f4e-470c-8a7c-4e2823cef273,1199.97,2026-05-27 16:58:59.019109+00:00
f0ecf7e0-be02-4790-8778-b638a4b1c40f,95cad6ef-0177-4891-b497-2ed78de43623,1517.44,2026-05-27 23:59:45.882792+00:00
2d087c3c-939d-4012-82bb-8648b6786c87,5a04eb69-0f9c-48a3-8e53-98b4be2dfd83,1798.68,2026-04-12 14:17:34.580478+00:00
6de08e71-2cde-469a-91a6-5c43beb64a38,103c18f0-2fe0-425d-89b3-9dd8aafe1564,1576.05,2026-04-25 02:35:06.660960+00:00
196ad914-a171-4204-aea6-4f78ad1a5fcf,5c12e6cd-48da-4fac-826a-ccb41347356f,1822.32,2026-05-15 15:44:06.997764+00:00
7f35068e-f5cd-4952-a82c-2e4755955590,74f00f02-3462-4d57-86c9-7238803b02f3,935.24,2026-05-21 10:41:11.381055+00:00
4e9fbd9e-98cd-47be-a6e1-a14f1d04c209,c8d5100a-e590-4dd6-acd7-b3ecf17125f3,3392.56,2026-04-20 21:36:27.267162+00:00
103b18bc-da40-4fcf-a07d-23c26c9672b4,19d4b38b-317e-4b31-a8c2-e46d1797b224,4711.15,2026-05-15 20:52:44.688617+00:00
37aa05b4-a4ed-4809-b1ca-389b6755417f,be3d79ca-bb43-4b96-beb5-463c19429a82,3282.54,2026-05-18 04:20:31.764089+00:00
3e14697f-496c-4ecc-9626-dd176abd225c,9efd7743-08cb-414a-bc85-2ba6f3508467,3005.87,2026-05-18 21:07:41.266262+00:00
20f5d4d4-ab3f-452d-981c-8f36375db8e1,6dd7e2d1-55d9-4d30-845f-f5523199b99b,3234.23,2026-05-26 21:57:10.410339+00:00
f1e65b16-688d-4398-b698-e670ae61710d,11204958-b5d7-4cf7-8961-dda604453b5f,631.17,2026-05-22 11:14:58.131540+00:00
20f22d6f-ae82-4a38-8f31-5822a81e7d77,e0214b02-e187-405f-aa81-e03720c56312,878.56,2026-05-22 10:39:22.998440+00:00
b0634f6c-33c6-4ab8-a278-a714441417d7,5f9e8dfd-1aa5-40e1-8a7c-c8fa2156f08a,338.4,2026-05-23 01:07:42.728884+00:00
0006c1d8-fb62-4474-938d-deb7851ef456,c2ab083e-99cc-4d03-8a2b-28abd93a6118,558.59,2026-05-26 15:56:47.857262+00:00
040314da-ecf8-4c69-9ead-b03d8287254d,58a92b2e-9ec7-4c44-bded-6b5b920ceff1,277.25,2026-05-31 12:41:49.810891+00:00
a072192e-8037-455a-acea-a4c5dc9defa3,b7c6cba5-774a-4ae7-9c36-c86348d8c882,6322.22,2026-05-16 16:58:01.175563+00:00
1598c122-7536-45ca-ac5c-29a86f450448,7b03f572-4d12-4d96-90a9-5e35732d681e,1598.11,2026-04-23 10:08:05.707708+00:00
d0549264-7103-4367-af93-a9a5c600299a,4099f9b1-1218-4ae1-9ca9-562ed014eec4,1326.87,2026-04-28 23:23:53.619590+00:00
abb3f56f-1190-42a6-9a17-766f0aa1f092,6d56cf18-c03c-4107-b5fb-71d0e1d01668,1256.23,2026-05-23 18:54:36.175428+00:00
ee203246-7134-4a4b-ae85-b1bab213551b,076dff27-4bdb-492a-8ca7-955ed7aeb455,1862.91,2026-05-29 11:31:02.626873+00:00
21af1480-676a-4056-8c4d-92c4e8f27151,da6da4a8-b5ef-42e4-97d2-53c5c3fc199c,2215.86,2026-05-30 00:46:20.641587+00:00
42937b85-80ee-497b-bb49-9fb3f1ac77f3,9429ae5a-b3a9-4cdd-8e5d-72f6b76e6751,3809.64,2026-05-30 03:58:16.854123+00:00
fcf71aff-c769-479c-9a8a-0e270000780a,7c9c57cc-e016-4367-a78d-9f6257af236c,3277.81,2026-05-31 10:59:28.769405+00:00
b7a5ab0d-f97d-4e01-ac58-23693cc25ee8,28f2c378-e20b-4779-a9f8-b9b714fcb394,1028.18,2026-05-18 09:32:15.775126+00:00
f2991686-9afe-42a3-9029-bd472c45c086,9dc83212-2eaf-4a3b-8563-16352ee23daa,1486.3,2026-05-21 11:18:39.092635+00:00
d006d211-56a1-4ff2-8d4b-457e2368683c,73c4cab9-24e6-41ea-ad4b-482268f1b32a,1586.95,2026-05-25 17:26:30.853985+00:00
5b368956-b51e-4812-94a3-08315e3ad4f9,7d770016-6783-4e2f-ba4d-25151801d2ad,572.46,2026-04-26 07:20:25.456218+00:00
3fabc76b-a267-4a43-8595-2475e0d6bfda,633e1776-6344-4082-af52-49875a3bcfb7,182.77,2026-05-16 18:36:40.538170+00:00
956f1efa-d629-495a-a992-d6208a80929d,bee86696-8edd-43b3-a406-acf75091e101,1630.82,2026-05-22 16:30:33.365685+00:00
d13ae8e8-3347-47ff-ab4a-6537d33c2b94,67c43721-897a-47ef-8492-0128609570e7,2557.45,2026-05-27 17:05:05.294604+00:00
94d3fc31-7b11-4e13-a290-21c309360397,51687632-83a0-4715-81d6-58424302b610,2483.68,2026-05-28 13:42:26.802967+00:00
178fdb96-4f7e-49ff-9c59-75888aa78d4c,259540cf-f70f-4934-9ec1-e071f523ad2c,31.74,2026-05-29 14:01:00.169061+00:00
9c2a5c51-901e-4d59-ad47-18ba758d2003,1a5c1540-e892-4fb6-8ee0-f02fbfc14fff,1354.28,2026-05-31 23:39:50.366902+00:00
43f96206-2511-4dcb-bd9b-e2825df22d95,5f13150f-6c74-4842-a6ca-aa04458272f4,482.86,2026-04-09 01:21:31.161893+00:00
30617915-e7cb-4a3b-9585-88898f49efba,faa09304-2675-461f-82d3-b8ae64498c91,1673.49,2026-05-22 14:08:22.457840+00:00
84970385-1a9a-4b71-bfe0-12d565459c8e,074e1bf3-82ad-4a74-9790-8ee0687857ba,1583.8,2026-05-27 07:34:03.583112+00:00
b8271ab3-f6de-447c-8ed0-88a0756bdfbd,5a47d7db-3e6d-43f3-b4b4-21843be05a50,1267.27,2026-05-28 12:02:10.443446+00:00
f1409843-00a0-4884-b7f9-693f65e844a7,43f7b989-58cb-4533-8717-411fa9bea2c2,3086.69,2026-05-08 06:06:16.225003+00:00
1e06abc1-a0e2-4655-a6e4-3128482306d9,97a4fd5b-f6b2-459c-96e6-2a2e71141a71,3146.48,2026-05-15 20:53:13.422267+00:00
e01dda98-e70e-4c45-b6f8-f6c578fbe477,9bb460c7-a33d-41bf-90f9-69824fe4f804,5500.55,2026-05-27 05:35:50.501654+00:00
398701e0-2228-4bc1-b780-d629cdc8137e,ad987598-c9c8-4d79-86b6-276073ae1b5f,2806.36,2026-05-29 10:25:55.525463+00:00
47764662-1282-4d3c-83fe-3e4feb0ce04b,d2e37201-a68a-4e91-a28c-f4cdb32428d4,556.99,2026-05-17 11:23:38.267180+00:00
b6e591a7-0099-435e-bf40-4c89b9161ce6,34552d6a-8be5-48ef-8a2d-e37ee649af1c,1888.23,2026-04-21 07:39:35.608597+00:00
7daf5ae2-de9a-4ba2-b58f-63de218658ca,f6c77c6c-ccdd-4af8-9545-c47215e08d75,1265.41,2026-04-24 18:28:07.796080+00:00
f8d89cc6-1b95-4d2d-8989-b21cdd48dec3,213ad23d-5c4c-449d-9c3f-bb47d962cd53,1307.04,2026-05-15 08:51:28.105994+00:00
95994436-2a32-42ff-add6-ecbe842b721b,6fd970ff-614b-4186-9a88-13deacdbb5d9,2173.93,2026-05-31 14:31:45.764565+00:00
62b82169-ec7c-4cbb-91b6-cc074fa9d18e,b98663f5-5d2f-4cc5-9652-60ed726dbed9,2465.6,2026-04-29 02:35:01.970706+00:00
e588fe8c-38d6-48ac-b9a7-46c5eb5bbca3,9ba064b9-4723-46d7-9d73-ff3ba4a870fe,5057.91,2026-05-05 08:26:42.603663+00:00
d9ad4a1d-d2d8-4d17-8a0c-3b0549358daa,9f857adb-214d-427b-88f1-7580b904cf80,3918.12,2026-05-20 22:17:30.525630+00:00
8d16f8eb-27b1-4c93-9746-5180086fae4d,ff263c36-735c-4309-b1a3-34a2445ac38d,1972.87,2026-04-18 19:10:37.466086+00:00
e05942d9-0c04-4fd7-b4f6-cd305f85bf4e,cf1f58e0-ee3e-42b4-8edd-3b5d388de16f,3426.57,2026-04-20 15:54:44.080177+00:00
50f42bae-df16-4bad-9d0a-a7a9f3db64ca,306c66d5-bb1d-4e7d-84ad-1e97cbde4813,3739.45,2026-05-15 04:14:09.693760+00:00
d83de1c4-29af-4512-a15f-798170d6e16c,6e5490d9-38e2-4eac-ad38-09ac6e40c48a,2936.71,2026-05-31 12:19:26.131618+00:00
603a8248-b7a5-4137-881e-d1a5f6c948f0,5e95798e-2229-4472-ac1a-c1a434a61e83,4267.61,2026-05-24 18:20:47.699378+00:00
3029739f-32c2-4047-aa54-76d98e21b5de,6fb67aa3-bc13-4881-b431-f91b0c6d60a2,3106.05,2026-05-26 10:36:22.849476+00:00
a588d126-a1a1-4b72-b8e3-a19fc5597253,4775a82d-b16f-4843-853e-a45d16fcde45,3230.56,2026-05-28 15:21:45.698289+00:00
9f142257-9f5e-4810-b895-93b016dcf52b,b6377245-928b-46f5-8d87-930dbb6267da,5159.9,2026-05-30 14:10:36.992414+00:00
239c93ad-43a8-4c24-beb5-cf09346a821c,290755db-55bc-4f47-a3f4-45092178fda8,862.9,2026-03-27 01:42:14.329563+00:00
bf7435ff-9a2d-4254-bb0d-0e5940ce3606,741094c2-a9a0-4256-94fa-b5bc019a38c6,203.16,2026-04-19 11:20:06.561422+00:00
499f5501-9956-4c78-a9fb-c6baa5ab9b3e,5274d26b-c482-48db-861e-17c6ea1c85ba,815.45,2026-04-22 19:28:35.115716+00:00
706a28ab-188a-476b-864b-7466832e142b,20b41dba-a133-486e-b134-6366d918f961,371.57,2026-05-01 18:30:25.513099+00:00
f00af0fa-17fb-4171-9af1-74c3ccf4a157,d7587fe3-89f7-45c6-8fc4-617a09d53dfa,710.56,2026-05-26 01:28:01.131952+00:00
12b5f768-567d-4629-aa88-035194cb2067,3e6b068b-de9c-4c0f-bbde-ec9a7c0527c6,1280.53,2026-05-19 16:36:20.588559+00:00
25398b89-3337-48a8-97eb-c315bc42d491,7c1b5829-7472-4b70-ad0e-2cadf7cfc145,1374.58,2026-03-28 20:12:46.474337+00:00
66acb765-df55-43a5-b76b-20017d694c04,b157df36-f787-460b-94e0-e2a41f947e42,938.15,2026-04-21 20:33:45.106165+00:00
ead8faa6-f4e5-45ff-af0e-52ec24c592ea,dbaa63c5-4648-4ea7-b859-218d436a014f,926.84,2026-04-30 18:04:35.173325+00:00
5555a351-ea23-46b6-a18a-e5bf3e9fac59,b2ded695-b9ca-48f3-a361-36de70cda829,542.22,2026-05-26 19:10:53.645089+00:00
6ff028c1-f6ec-4346-83c0-63eed2ed93f4,0e744474-e089-477d-84c6-bbd06ab44e04,918.85,2026-05-31 07:35:19.423719+00:00
e0ca6cc9-c491-48c8-b374-b2e87880522f,ee34f981-a1ea-42f9-a113-fb69730c74d7,5064.31,2026-04-09 00:14:24.334292+00:00
60421d2d-8ce5-4b55-8db1-24ad01a498d3,59f5630a-fc89-4aae-a20e-949bd0387abd,4797.58,2026-04-25 13:21:56.245396+00:00
e6ddd76d-c019-4d45-b14a-1465ea9d9201,d099cb6c-5476-40a5-a1ec-6146ec06d8b0,4525.18,2026-04-28 10:20:05.303529+00:00
713172bf-8837-42c6-bf2e-e6085dd3a133,6039591e-6213-4aa7-9593-a06d9281f822,3154.36,2026-04-29 07:12:56.553570+00:00
7df83416-7c04-4c21-bb33-17f3484c0285,65263bbb-6ef9-4651-895d-152044eb05dd,2339.52,2026-05-11 03:59:29.957030+00:00
f5a0b01b-2909-4eb1-a10e-c2d7c55ad264,6a58ad20-c9ed-4fd8-9a1b-7bd4a7fbea1b,3388.03,2026-03-18 07:25:43.483108+00:00
cce02d71-8725-4285-9784-ca44628ed4ad,fe4fedff-6bb7-4afd-af6f-d04751d4fb78,2636.82,2026-04-06 02:27:17.367358+00:00
022e6b9f-5598-47e3-b7d3-b7b6ec70daca,982daf0e-ec83-4b38-ac57-bafc23bba181,1419.69,2026-04-26 14:50:28.427784+00:00
bcb5f9c1-9f48-48dd-87c5-39a15bd177a9,8a5d9feb-b61b-455c-89a6-64493c217d87,690.29,2026-04-13 10:48:36.528820+00:00
eb13d6c7-8ccc-415d-9e16-96e0c5a96fb9,206be67b-7c0f-4ba1-9afe-5fa5fd315b27,3327.39,2026-04-23 06:50:48.239743+00:00
f468a80d-2603-413e-ac0e-609896560da1,f104b5a1-88e5-4e66-a958-bcdb41b1cc61,1267.72,2026-05-23 04:59:50.072897+00:00
acfcc592-5879-4ca0-8c1f-2acfcefa1f12,e8a8b694-c4d3-4907-9ac5-299e3723099f,2782.78,2026-05-20 17:17:52.020897+00:00
a70b60a7-4771-46c6-805e-ecafde8199a6,1d434bf0-e44b-4a0b-a3bc-5aa758cc8870,302.06,2026-04-30 19:08:20.689348+00:00
84a82288-da41-4013-a34f-51346673b1f7,3a85aeb3-6338-4c33-a964-253cd10eb39c,66.6,2026-05-02 20:41:01.303417+00:00
142cddc8-b105-497c-83ce-7c7dc543d199,ebd97010-bd3a-404a-9b5f-5cdb28ebac81,147.55,2026-05-07 18:09:22.708068+00:00
42940de1-169a-4277-beff-27a1d8b2c252,8c5efc6f-f681-4f5f-b9eb-05d7cc3cf988,265.62,2026-05-12 03:58:07.114230+00:00
5ee1ffba-5080-4d97-a793-358425418906,ebbcecc9-6491-446f-a648-e26df4897552,134.92,2026-05-16 19:09:50.683602+00:00
c1e7b6fa-64a8-469a-8644-1b826154340e,97a7680e-c8f3-4c8c-91ce-0eb429cdb48c,1103.31,2026-03-17 13:08:52.747304+00:00
1c181925-bf6d-4035-a209-03ec83b99f48,63992a2b-563f-4de8-b83b-534d9293196f,589.78,2026-04-24 03:47:49.629331+00:00
4981465d-f571-451d-83bb-acfe3401ca05,2851340d-b0e5-4cd5-8794-fa573e707073,4337.73,2026-04-21 00:24:47.788526+00:00
576e67f9-d891-40dc-ad95-3e3bcc8d3190,34029ee6-e3f0-49a4-a8e8-2d9b3fd6f2d3,3435.18,2026-05-28 10:42:01.395834+00:00
c8f84d7a-952a-485c-9499-dfdfceb308f9,8b7be68d-9537-4da8-8d6c-31389a0dc854,2519.69,2026-05-26 16:53:54.465291+00:00
14cd3357-c3db-4fd7-922f-9ab68d59199f,5fb7f43b-5ff1-450a-865b-4ddb024b363a,2868.52,2026-05-30 12:04:09.780908+00:00
2b530cbf-29d2-443f-954b-c81f8113bae1,b4c0404d-d8af-4580-8790-ca5d6e22444c,10.0,2026-05-29 19:08:11.393528+00:00
0957e8ab-17db-4b71-8f86-b5444f783158,467d751e-03f0-4ee1-a19c-0c1c588966f9,2689.9,2026-05-02 11:56:43.662318+00:00
84083c23-37da-4b0d-8092-23017bb5535b,c8720760-b69e-4ccc-856a-397163d77def,217.98,2026-04-01 18:36:07.701232+00:00
e4948b34-d7f8-4b67-9cf9-df53e0d4af67,2dbb98f9-fd14-4dcc-9e35-c104f12a5aea,574.3,2026-05-02 17:02:28.192105+00:00
518da341-03ae-4b0c-9c18-46bb0701f053,cb7fefdf-1cce-4ae2-b995-bbd5a2ee535e,1519.51,2026-05-01 20:02:26.370688+00:00
beb1d2f4-4260-45a8-a2d8-0fe0ce6f8698,fdedaede-9aec-4923-acc0-8a7d4a795379,754.15,2026-05-02 09:39:38.327568+00:00
d07ad4ea-287d-4c93-a58c-d4edf2353db8,7dc15f69-4696-4261-a842-1dfcd0f2a7c1,1525.03,2026-05-02 09:43:04.917631+00:00
ff81aaff-3ee8-4096-a196-674bd89d4cf6,3543ccfd-39b1-4b5c-81cb-d9a1f9d8a309,814.66,2026-05-30 12:57:00.865570+00:00
30180ef9-495f-4258-b9d2-01494e8461a3,7f0c3661-4f07-486c-81a5-adfe67d43b40,1081.23,2026-05-31 00:16:52.750744+00:00
871f66de-63a0-4db5-b71d-1a9584fe59d9,0c692b3f-dac9-4fb2-9bc2-d60a5758449d,1004.31,2026-05-03 03:44:12.514607+00:00
3ac3c487-eab7-42a8-a1b2-62a0ce42a4a6,58a2fa79-1187-48e9-b6fc-306ac4f6cec0,554.5,2026-05-17 07:51:52.490312+00:00
39eea833-c507-4838-908d-cace89535bb2,dc5e6629-37f6-4537-9cb2-1b96e3d93bd4,556.84,2026-05-04 23:38:52.869099+00:00
d4c65030-45e8-4fb3-8de4-30bade70a34c,7a8a8bae-745b-41af-bc7b-c9547b03f497,1362.04,2026-05-12 17:53:41.279501+00:00
24b13507-f021-4f01-a440-27ec047db6ee,899edcff-2247-4b7d-acab-92c304dc12c9,1095.17,2026-05-12 19:11:09.705115+00:00
32ce86ed-776c-4f25-8f2c-db99a0f84406,b5905fa5-7b3f-4f4b-9370-40d1dc0e76a5,1130.58,2026-05-12 23:36:46.870359+00:00
fdd64322-b5b8-4310-98ce-15a4d9d170af,df18c704-ecd1-4ca5-8c7c-e26ebcd82131,2213.14,2026-05-06 15:32:58.602499+00:00
cabb210e-de16-4a51-ad08-4dcf09f8b624,f77f561c-30bc-48c0-bcf0-6cbd160c7a4b,2115.16,2026-05-29 23:06:03.317032+00:00
5eccce5a-355c-4140-a66a-61ea7ff1ddf6,2c1f98d6-bf9a-4b52-836e-e275141e45dc,4365.64,2026-05-02 05:32:38.897201+00:00
af62f9df-8190-4f87-9509-ce5c29d3e307,caf5da1c-8409-4077-bdbd-44a00cef4757,8439.62,2026-05-20 23:59:41.614476+00:00
b802d184-2d72-4ad6-8fc5-c458ab3ddb69,aa861d48-8dae-4679-aa13-68d7c55f7ad0,937.98,2026-05-28 10:05:11.856435+00:00
e7006342-0910-455d-ad31-faa0f634e819,093e0a4b-18a7-4626-9a6a-5542779cefed,533.08,2026-04-19 20:47:22.442867+00:00
c1c9f83d-93db-43a2-b92f-85adb68f4eea,cb0d2193-3d61-4a02-b269-abe9e306e191,2571.32,2026-04-14 04:58:49.509948+00:00
bca21a88-9a24-4869-aed6-3a1193c5234a,e2a9e969-ab60-4980-946e-9979761266fb,2106.98,2026-04-27 11:38:37.191648+00:00
0d4a1211-0cfe-4b0e-a559-cc79ea481399,53465a88-74a2-4d8c-a349-0c6e1a6c7a8e,2303.34,2026-05-02 19:38:41.859190+00:00
34bcfcb5-d79c-4fc8-a6df-7149e6f3caec,46e4dc6d-dd5e-4e9a-a760-100c715bcf73,2059.81,2026-05-28 16:56:44.615138+00:00
03808244-852f-4a9f-8888-4dd285a4403a,788462a1-fe0c-41c8-b26a-6d0d3ead2460,1074.84,2026-03-26 19:51:11.733229+00:00
50fc415c-d03e-4e5e-b7ee-ea49378af0f5,1f05e571-4314-49bb-89f2-3c9743936430,1899.89,2026-04-10 16:53:46.188405+00:00
736d6dc8-8a5c-49bf-9ebc-ecbd3fd5246b,cce478cb-1dca-49cc-a2cf-a72801671d22,2050.31,2026-05-11 23:05:28.689885+00:00
0d88d415-9156-461b-88c9-c63d32aecf88,4f2ac81a-a4b3-4ce4-9344-7f40cd1eaf8b,2188.72,2026-03-15 22:31:38.513665+00:00
834bb71f-cf68-4395-ac13-93e688fbbeaa,9ff508db-565c-4101-8568-854ae784cd2c,948.5,2026-04-16 16:53:22.299443+00:00
e01374d5-2f5b-4310-a623-9ef51bab33c2,24b09258-d454-4cd2-9b4c-510b6cede218,1426.47,2026-04-29 11:43:07.417785+00:00
aa9c93f6-3a58-44ab-90ae-9c10cbdfffe9,f166297d-12b9-49f3-b9b2-8de883abdc9c,403.71,2026-05-28 00:22:05.431633+00:00
8429aac9-5ef4-464e-b50a-9ee53cb6ae5c,e6067961-a027-4d07-aa5c-eda3031a48dd,244.31,2026-05-28 02:49:01.733574+00:00
6145d64a-0be9-49c2-a77c-4355c01fbdc0,61531d3b-7daf-4b09-a597-03c2851fe861,547.73,2026-05-28 03:21:12.913666+00:00
82f7427e-aaf3-436e-860a-5c3d46ad8704,4120fe15-6128-4839-b31a-93241550c8bf,359.96,2026-05-29 15:30:37.902467+00:00
268cd384-e3e9-4aa8-847f-339282df6965,3fe811a9-4dd5-4584-b6fc-299b084f42e8,1270.01,2026-05-03 17:16:59.949302+00:00
54757990-ee6b-409d-b627-3e821d55d156,5a6ff769-494d-49af-ab66-a1c20f6e66bc,1747.64,2026-05-22 02:54:48.635983+00:00
16186b56-fd8a-44c1-b215-d3d00ece8583,24e3acc5-4c9c-41d4-9b60-0b5ed4640310,10.0,2026-05-22 06:40:43.483883+00:00
206e0c86-128a-4d9a-a868-36cbc928ab3f,9b161f13-d5cd-4182-9b2d-6fb7c0ccd07d,1544.52,2026-05-22 12:28:31.384313+00:00
816d3981-5eb4-48b2-9d77-8d4da1fe73d8,ddae8f55-44b3-4959-a5d7-71500812f968,1976.39,2026-05-25 15:54:39.671526+00:00
59eba119-6f08-4106-9c45-0bf6dcce5240,ef0634ae-a83c-4ffe-92f5-ced8e8e414dd,2245.78,2026-05-01 08:43:13.836611+00:00
ed0e8383-a990-4672-ae6d-f08d23cc96ef,be7a180b-17a8-4cd7-ac16-d7946aae4ca9,10.0,2026-05-25 16:49:53.401442+00:00
b849b0b1-01db-43bc-ae63-cafdff724bac,0f0af591-85ca-4907-89d0-8e493b0661a5,1903.29,2026-05-28 16:51:05.759721+00:00
c63b3dd7-e22a-4272-bb17-7887512bebf5,fe5bb6f5-ff79-4e4c-82c3-d91dfdc46724,2228.07,2026-05-08 13:50:41.191692+00:00
599d3ac8-5d3a-4ecc-995c-0cd341cb0177,88b5468a-d70e-4e06-9464-f0b300436c23,1515.09,2026-05-21 11:42:21.327960+00:00
7febcf4a-1c87-40c4-84e3-38228b4c29b8,acb0a2e1-51f0-4222-9894-9f9f9cfa8094,1947.96,2026-05-28 01:18:21.199851+00:00
7c3247a0-f7b8-4e43-9c50-d08e6ecd3698,679ea58d-1a3d-4d87-9118-5c8d1f0ec745,2282.68,2026-05-31 04:41:07.795142+00:00
008ad125-168d-4b60-baf3-ecd0fce164e4,de057d44-78a2-42a0-bd8a-259899018acc,2938.53,2026-05-30 01:36:54.250207+00:00
ce297d63-9e68-4b0b-8f97-d1bc29f51289,0abc379b-d771-49cc-a0ea-194c73ceb362,495.29,2026-04-01 11:40:49.600418+00:00
f4b1a87f-4ce1-409d-ae8d-c6a7880c61fb,496b15b0-556d-4b82-a2f7-9a0f93efe524,6947.54,2026-05-02 16:09:05.666399+00:00
005c7bf8-427f-47b4-901c-95eb2f609802,dd387c18-3f1d-44db-9118-fb62f1dd93c2,1205.7,2026-05-19 02:38:13.439634+00:00
75a00a28-414d-4a72-ac46-c3d264269883,b93d48a0-defe-46b7-a6cf-040fbdf3a2fd,5096.59,2026-05-22 08:00:08.591901+00:00
c0d043c5-c37a-4939-aa8e-6343f0ff1407,bc447c26-a865-478b-9b16-000ec95d5cd9,1348.68,2026-05-30 03:34:34.786962+00:00
2033e5ce-0f34-4f1b-8bb6-05e3983287bd,8d24c909-2cb8-4ca8-822c-0b9213d0a23c,2135.6,2026-05-30 21:29:12.156626+00:00
ebfa52d4-8028-4955-b4d2-7af42004bade,55691948-a246-4e27-877f-a3ec2f5ac366,1162.15,2026-05-31 03:12:50.094657+00:00
6db5ef22-ea36-4955-be6a-28eb76443813,20a4997c-fa47-4006-a1dd-ee4944cd3097,1307.5,2026-05-31 14:04:32.163582+00:00
6013791b-6c2e-4ddb-b058-7f11a7fb1f31,aaed63a7-964d-445b-896f-8be365e19411,851.06,2026-06-01 00:11:55.125353+00:00
6a972084-0ab6-4561-a564-bb7a772cdc42,7e12deef-f8aa-4e99-8b21-d89d41eeb715,1337.67,2026-04-14 23:00:40.546344+00:00
691fff62-2b15-4daa-936f-be2172a47f88,3390b9f3-9d1a-4512-bb65-3ec3cbe5fa78,704.85,2026-05-18 11:19:14.598666+00:00
01713c82-c910-473e-9eb7-53f826316301,6eedd9fc-76e0-4910-b2ac-693fe6f65d51,1456.71,2026-05-29 08:01:54.054148+00:00
731e8773-d270-4782-9749-0b0b79c0a344,44fdf6c5-c9a1-4935-91fb-d6184820588c,1259.02,2026-04-20 20:40:29.144064+00:00
c57dc2eb-9776-4257-b02a-793282c70e92,b2e7fd26-6861-48b0-85cc-7a019733d58f,1835.15,2026-05-14 03:07:30.719903+00:00
3ed83f0c-5c52-4cd6-9307-3b3791a2d522,67a92fb5-a8b6-449f-bdc9-12c8e427679c,3168.61,2026-05-22 00:51:58.502546+00:00
9c14a790-9cc8-440b-8a0a-5c25367afb90,5db44608-a91f-49ea-9568-4a377fa89b46,1457.63,2026-03-20 09:12:56.022853+00:00
fd9a3a3a-ba69-4673-ba6b-2978b1320a6f,dba297da-de81-4c7c-a7cf-af27a6f4c44f,1719.58,2026-04-21 21:31:40.244933+00:00
ef5ac439-5fb3-4c70-9819-225ad805b118,1d4e6ee8-12b2-48f6-a724-89d167dde8d1,1553.08,2026-05-05 19:42:29.324887+00:00
d1e54a2f-71ed-4a13-b2d9-26284f5313cd,15806db8-638e-4a74-83f4-b55ece149fd6,3143.35,2026-05-09 12:53:02.726708+00:00
626726ba-47a8-4aa9-9362-cd35b8ce40a8,49f19b06-352f-4411-bf49-0f09a279e164,4025.66,2026-05-16 14:46:10.409469+00:00
2fef3ab2-c040-4744-b554-c4c1ae48b963,244a1b6c-c853-400f-a21b-fd635c980ec5,1950.21,2026-05-28 14:33:40.919384+00:00
e5a2a659-9c82-4cb4-8e10-76e1ec181e7d,83b49502-9125-4e81-b101-e01018571088,1720.11,2026-04-26 00:46:37.098688+00:00
3e6480dd-7cf6-4f47-ad92-221cde7fd09b,8cfdae99-dfe1-4a3d-adce-e560d6e497bc,994.49,2026-05-06 07:53:25.902723+00:00
3fd6ec42-7c34-4e67-b4b1-84118382f43f,833d91d9-afd1-46d8-b01e-5ebf7c393c94,3153.17,2026-05-19 21:42:11.692378+00:00
48773078-43f3-43d8-b6cc-0bbf44561dde,e00dd56f-074e-4b44-be8a-5b82fef71a77,2404.25,2026-05-20 13:03:27.455992+00:00
6fc67695-5e33-4cb6-b7bf-f38637f47edf,f3dbbd8f-df34-4256-aa5b-c67555ada226,1419.02,2026-05-26 02:20:44.906040+00:00
729f21ac-1790-4fe0-bd29-9c40e08b984a,4e3481a4-2175-4834-9c91-b95cf76acc4b,1449.59,2026-04-19 02:17:57.263246+00:00
a41e98a8-2078-436e-a9c3-cbc0b9b8909c,24727b76-7ece-4823-8bba-3adf4b517f5d,1445.97,2026-04-22 19:44:34.939265+00:00
41ca7eeb-5325-4bf9-be67-bc6495ac9e33,73cf0485-4c88-4546-828f-ac243064dd20,3056.32,2026-04-30 09:48:37.115933+00:00
6b2c2322-d43c-4e60-9312-e399cfb70e11,9e9ffb22-85d8-4bfc-ae03-a1517adba332,2864.3,2026-05-04 01:36:22.047458+00:00
c1af188a-c739-4dd0-aabd-93e095ff3c29,15efae76-7fac-4f27-b68d-7e0515d78e8e,2176.57,2026-05-25 13:45:22.163904+00:00
84107763-cd9f-4f1e-8fab-c481730c72de,025d69c8-0060-4285-a4a0-61994563cca4,562.78,2026-03-31 12:46:12.517854+00:00
b9da09b3-28c9-4fe9-bfc0-94a066d685d6,8d7eab3e-8e2f-4493-95c9-5fbff97db17e,188.3,2026-04-20 03:12:31.714174+00:00
5f2aaab0-90b6-4b82-9cf0-f877c1fd5202,e5c813d0-56ea-4204-8413-3327e46dea3f,588.26,2026-04-24 01:55:16.524521+00:00
3c0d52ca-6ed8-4a42-abe7-726ca634ce7b,58b7e03f-0140-4301-9659-a10b2aeca5e7,4154.19,2026-05-07 02:37:18.930855+00:00
30adc1fd-94fb-45de-8212-34cb581524bc,3a77ddb1-2c30-43c1-98d1-32190b731a77,5491.61,2026-05-31 11:29:23.280623+00:00
cf37eb2d-0af4-4434-b714-8ac0b8965a34,3f604a94-56b7-4102-a55d-002677ceaec7,6093.02,2026-03-29 01:13:54.471053+00:00
d722a6c1-eb27-4a35-86ed-2657ea56d04d,e20006a3-0b4a-4dbb-b2e7-d3e781cab7a6,4297.9,2026-05-04 09:57:40.560531+00:00
1b7d1809-7f3a-4b0d-ae01-3c8f7db7030b,15aa7281-09a3-4612-b26b-85d8fba1d6f6,2908.6,2026-04-20 14:34:54.911942+00:00
6746499c-9e38-44bf-8323-603db592942d,f455255a-91bd-4bd2-95a1-90f2fede0c9a,4130.97,2026-05-25 01:32:05.616754+00:00
1b1d7cf7-f7bd-4cd9-a92d-25ddaed02654,20f4a07a-5bab-4590-8d0c-e50025aeea07,2190.49,2026-05-26 07:10:53.752683+00:00
eeb3ae4e-a550-48cd-8ca1-a5fc3a6be0ff,f11c94be-c8d2-46b1-bfd6-4268b61f4f6f,952.37,2026-05-27 05:28:32.705058+00:00
208ae517-5cd4-4314-a736-e0647403da8c,4e7a5d59-b0d1-45e5-842d-734450532267,1744.06,2026-05-27 15:25:49.563396+00:00
6e2c9a73-2d56-4e43-ae56-667d4c863e1f,b7e11da6-246f-4494-bb04-5539091cdfca,2190.29,2026-03-28 08:25:56.706913+00:00
6bb21006-aa11-4fb5-8318-79d1efeb1898,37bcd3b3-f44c-4e0d-ba17-d362242ac1a6,1948.82,2026-04-24 12:26:47.280593+00:00
2dc1e103-8550-4e12-8f59-b64cba859406,abb163bc-50bf-43a0-ad9d-e917eaa19619,1005.34,2026-05-04 17:53:27.250344+00:00
72853efd-ad3c-4aa1-9020-61abf3f38880,ede8a8ea-4e4f-40be-a4ef-20a9b0fee494,1786.74,2026-05-08 13:34:23.028463+00:00
47a502c9-3d5a-43f5-bd42-cb8af840bdc9,ab4b0deb-69a4-4d60-afeb-1a22d7288b99,1273.52,2026-05-26 02:35:27.194056+00:00
053f72d1-6e8e-465e-81e0-cc7489227806,e49146e4-7c54-4131-add3-72e4bf3ee1e1,372.67,2026-05-23 21:01:03.261063+00:00
13cf7692-6cea-418e-a02c-22eab033ee3b,df57f27a-c073-471f-84b1-127f6536c7b8,510.43,2026-05-25 05:47:06.154042+00:00
0e465f75-4edb-44e3-8631-817e1519e96f,0d4b7d9f-7222-470f-a049-551f9f078d57,459.57,2026-05-27 18:08:28.911321+00:00
f5661927-46fc-4b27-94ae-5b9e5fab39db,aad57295-5b53-419b-a7e4-fc6d50bb4728,511.51,2026-05-30 05:36:42.631207+00:00
0ae7d3d6-fa7d-48a0-8bbc-69bd608bdd67,4816b74f-cc25-4309-8633-74a0de001362,436.07,2026-05-31 11:07:31.583163+00:00
1b4cb0f5-c4e0-4818-944d-b55b045f3119,2d99194e-8776-440f-8431-5ec3bb882a02,97.67,2026-05-12 03:21:48.802681+00:00
64853547-2920-4361-a50c-621159495762,f845b033-ec83-4b5a-a9d3-7b80356810b9,352.81,2026-04-30 02:52:46.273305+00:00
4c8da4d8-6f2a-4459-aa18-f35f00269fc9,c8f620b8-ca85-4ab6-890d-1dc26ea5c13d,1291.48,2026-05-02 05:24:52.576603+00:00
47ecca32-cebf-468e-a951-0782c035cfc5,3e837fa9-ca29-4194-880b-ae2403bfbda1,1360.09,2026-05-05 20:18:52.395842+00:00
c0a94168-741f-4b51-8c7f-fba96ed3a44b,0885a630-5a42-45f3-9c5b-79286a77c57c,1893.92,2026-05-11 14:29:41.491795+00:00
2d6e45c3-2dfe-4a86-9530-7b1601af36f3,d7f76605-de64-4de2-a0d5-4546f1e7d7c5,913.41,2026-05-23 05:21:17.898813+00:00
fb1fbdb3-5a91-4982-acd3-97fdc8e56918,f970d503-38f7-4ce4-83c9-52e5217af3b9,2676.53,2026-04-06 10:55:55.314358+00:00
fbec059a-052f-4038-8a2d-b613baeae36a,1d577041-7b6e-4999-81a9-86c930966b14,5017.51,2026-04-17 04:06:21.861267+00:00
0da8f55e-c3af-4993-a407-90b57ed3f276,7560aa33-0eea-4458-817a-dffe858d8fd5,3258.5,2026-05-03 10:59:15.005364+00:00
9df7032e-2bef-4c53-8536-51994fa90b37,e5c76106-80d6-4056-ad8e-b5cb653fbe3b,1739.25,2026-05-30 01:17:09.403724+00:00
19088827-dc7b-471a-9dee-b71ff0222ad5,45970754-c38f-48c1-8ae0-c235b812f738,953.02,2026-05-26 19:39:09.130575+00:00
17827012-9266-477a-9700-c6a503a72dd1,0d7d85b7-cfe0-4eb2-a9ad-e5d679083251,2731.72,2026-05-26 22:41:35.052406+00:00
09c8cd5e-6c53-4d6f-bd5f-41bfa4868d3c,fea0cfbe-12c1-4dce-b053-c2fc390b41a9,4221.43,2026-05-27 09:31:30.256367+00:00
75e7d7cf-b031-40e2-920a-3cec32256d59,8b5cd86b-5060-48bd-826b-49123f64eebf,3845.65,2026-05-27 12:05:08.681336+00:00
94034dc0-4457-4b2a-940c-7fcab5402796,dd8d4aa7-257c-45b3-97a7-3598902b4d9b,2217.95,2026-05-27 13:21:07.688515+00:00
43a96b98-c93e-41b5-ad0b-92f750665761,cfd64db5-1ba1-4fd6-8280-eee38c6fc0fb,3245.43,2026-05-15 10:26:55.244417+00:00
4ef1f543-5a06-4849-b22b-25f82641cf8c,851bb16d-847f-48b7-af0c-5c08ea1d2b7a,1246.45,2026-05-18 10:56:42.537723+00:00
4a070492-599f-490e-9c79-9eee5dcfc020,0ca040cd-5790-460d-bcb8-331456975301,2738.07,2026-05-28 09:57:24.108210+00:00
d41801cc-fda2-4527-9799-9bd64ff005de,8083f541-24c5-4140-ab1c-c584ef2d15c6,3381.51,2026-05-29 17:38:48.486653+00:00
f08d5f66-492c-4fbe-afff-dd163a93cde6,5b0ab0e3-a4e3-45dd-8929-aa84fef8f6bd,1968.02,2026-05-30 05:30:20.502094+00:00
72e747aa-1b88-439c-8a11-d1fba04352e6,deda6f45-430b-4699-841d-7514cb934540,3124.03,2026-05-23 04:12:02.944974+00:00
7d4ba82b-900e-4fde-be76-28031373d911,b30d9082-7a0d-4b4e-995f-19680f1dfe70,10.0,2026-03-30 19:24:26.045250+00:00
6a59f0e1-124b-4db8-91b1-ad852abd87f2,ea052662-06e6-4360-844e-2520c1e969cf,1099.48,2026-04-18 03:26:42.195835+00:00
b5589037-0128-4d9c-8395-b74d8751f865,e4e1506d-02ef-4d17-89d5-53aa481b4dc8,2028.29,2026-04-21 11:14:45.549671+00:00
6703760b-8436-4df4-baf6-33a4ea9f1dfb,874be392-6ceb-43cc-b4c5-4045c92bdd5b,5528.53,2026-04-14 02:33:32.084460+00:00
cb3a4190-51be-4a95-b507-18b4a35fdaad,11869c70-6ab8-4725-823a-77eef13b3af5,3318.41,2026-04-24 22:44:57.140164+00:00
7451f961-8941-4271-b57f-a5b0e167f0e2,ce780688-4425-4698-b529-79e5775b1196,1368.75,2026-04-29 19:55:16.231311+00:00
adf2af4a-7179-4df4-8404-9593642f52de,ad6479c3-3810-4f66-a754-a7a45b70bc01,610.25,2026-05-06 18:38:23.978593+00:00
450edae8-6a22-48cf-8414-8d24ebb888be,af3b7307-367f-4fff-a77e-c6d60d001c94,1880.99,2026-04-21 10:12:24.221490+00:00
0f905b2a-a1cd-46fd-8627-1b96a9930f5a,6a4216db-37b9-4373-ade6-6d3169fd0420,2805.56,2026-05-15 08:08:22.844382+00:00
b86b870f-76c3-4b6a-8e5d-3357116fcab7,f6c1f86c-5587-4ccc-8e9e-6a0515d784ee,4626.14,2026-05-17 12:55:29.555051+00:00
1902c5cb-55c1-4e4e-9462-bbf4c6c6709d,45941d67-85ce-4b10-ba19-227e617eae63,851.66,2026-04-19 23:56:43.224632+00:00
b63a4ec8-daf4-48fd-9332-bef5612a914d,a548a73c-5d01-4d51-b0a0-5eda06b81d31,496.76,2026-05-10 15:18:54.538555+00:00
c7e9189b-d5d9-4395-8790-2dc88e8c72f4,2331d938-a889-45a5-afd2-b45ffa8e50c4,610.71,2026-05-10 17:26:13.147535+00:00
45dc04f4-ceb8-4c91-9ddf-7e1a3257364a,54c8b3d2-0947-487b-a701-e25f44ebb3d8,651.66,2026-05-11 03:39:19.137349+00:00
4ff5b8fc-ec51-4124-ba7e-0ce1162efd01,634b1eb4-5c86-4d07-af1e-2777e1a778b3,531.92,2026-05-19 08:44:42.491676+00:00
73cde879-52e4-41bd-9ad2-fa28acfff9b7,7a46475b-ff11-41a8-a93c-d688596db69c,394.11,2026-05-24 14:32:55.259290+00:00
8c03b7ee-43aa-442d-96ee-dde9807e1e59,eda0fb15-d3cf-47c5-8468-fa21295c8e25,1382.15,2026-05-25 06:50:34.004029+00:00
53b4cf2f-e468-4e5e-a632-5f340a186044,91a19954-7e74-4393-bc78-92dda758ee2f,1283.99,2026-05-27 03:34:16.475666+00:00
c4effe05-debf-4575-a7bc-d5aa5990b753,fede69d5-81de-4ede-8bac-8106117d88f8,1286.02,2026-05-10 02:08:32.485466+00:00
ce055bb5-0c1e-4b44-bd94-292429fd5904,18d1bfe0-723f-44e4-900c-63622bee80d3,322.29,2026-05-29 06:04:26.186811+00:00
483aa7b6-a0fd-48e5-b7ea-175cd08bc8d2,0a419492-52f6-437a-8576-0fb9ddc824c5,674.27,2026-05-29 12:48:30.877615+00:00
a77795c8-981d-4270-93d5-f0e9ee4186e8,9c3c282f-e91f-41f4-8d75-602bcb1bd3d5,646.91,2026-05-29 23:04:23.925163+00:00
cd402912-907c-42d2-b75b-5d4c68a3618c,63eb360b-d09c-40d7-a1d3-7adf65bb4689,483.83,2026-05-30 13:12:03.638328+00:00
ffeaee83-dcf3-4138-bcf2-c58a39d41ecf,487802bd-35a4-412b-bc12-4152792d1ebf,4931.08,2026-05-31 02:43:07.895812+00:00
61484c85-e3f8-4236-b4b7-87cf2233d6c3,27768dbf-57ee-4a93-9fcf-efe71f13d396,3301.53,2026-06-01 00:35:13.709223+00:00
d43165a7-0065-46c1-be07-6ba4034b625e,570acfed-7190-40b7-81ce-610ca850c6bc,1405.23,2026-04-25 22:22:28.323507+00:00
2a7061a3-1b39-4d50-8eda-8a44ee931b6b,13b62f57-f1e4-487d-8012-5e891bee6b3d,3500.4,2026-04-28 19:43:00.320497+00:00
d78e2dbb-5c15-469f-8e9f-97cedf74c3d9,dff0699a-7a7e-4a48-9b20-da894edfe880,5588.64,2026-05-03 17:09:14.734903+00:00
fa9f96bd-3ab1-4509-a43b-719727c1fde7,24bd338b-b09b-4b7b-bc52-542c90d58a92,5491.31,2026-05-08 15:18:14.882594+00:00
886660d0-cc2a-4d5d-8654-7d5a54a9cad0,56c61b99-73e1-4e56-acbd-652dc3ac06fd,2573.13,2026-05-11 09:54:11.321222+00:00
23f4ccbf-c8d4-4b9f-ba84-e707ab796995,86b3bb5c-3a70-46f6-adea-c6ac189628d9,1804.82,2026-04-19 23:18:42.283352+00:00
718dc3b2-85d8-497a-b9d9-61b7111a74c7,70716a9a-2efd-454e-9d67-320fa115caab,2915.98,2026-05-03 06:40:42.684762+00:00
33013b9f-6cb0-4a05-b494-92e2b837250f,2f137c77-7cd1-44ac-90e0-31e94c97d75c,2100.56,2026-05-10 13:46:01.128422+00:00
e4d17730-752d-4e1f-b121-ef3af1b66392,6c730f5a-730f-43ef-9010-b82abe55d24a,2801.63,2026-05-10 14:59:44.055257+00:00
c77b24b3-ee7d-441c-ab94-fdc3491b4e16,20a431b7-124a-4862-b674-76e67512202c,375.62,2026-05-17 10:45:13.668967+00:00
15475416-073f-474b-b1a7-3afbfb1545e2,b789c51f-efcd-4c1e-abd7-9a0d4eaea370,1440.5,2026-05-20 15:43:29.020195+00:00
b41107fa-1e8d-4d1d-bef5-6ea649e47721,54e86009-9dd7-4c21-8280-fbe7634a8567,808.2,2026-05-23 17:21:45.988206+00:00
9071fe6e-24e1-46e5-b02b-44043f9f52fc,d6630e09-f7ff-4a83-99a9-e66a17b7e892,1108.27,2026-04-21 15:36:48.561291+00:00
4dbb4e6a-1819-4f46-bbd2-3a67d3c4d9df,8efc02be-7124-4e19-8f04-fdaa3781d461,2595.34,2026-05-09 22:27:04.234922+00:00
3358ddf2-41d2-44d8-9fb7-5b8ca605e451,f4705582-4024-41af-a310-ae2e42cde8b9,10.0,2026-05-14 22:35:29.423319+00:00
e388d66a-ee26-4d57-8746-230e78e9ef2a,7a74ecbd-3c4e-4aad-b203-5823d199a5fc,200.86,2026-05-25 14:49:11.506936+00:00
8271e76f-a59c-408d-918f-41c75f9e366c,2ab071fe-6271-42c6-b0fc-7f2bf9887324,1013.01,2026-03-26 11:00:01.628538+00:00
76ad3525-0039-409b-8a6e-6c73fd89bccc,c30bd2fd-caa3-49b2-bd67-69ef42b89079,1483.12,2026-04-21 16:22:36.847132+00:00
fc2b2988-f415-4ffd-b4d3-f44029e9822c,c6c10b6c-a913-4ca1-9738-14a3dfe9fe82,1221.23,2026-05-06 09:50:08.720625+00:00
fb735287-640d-4445-ab0f-ef43af4f738f,180373ef-5cca-4759-9563-ce772abb6d0d,1463.84,2026-05-16 15:41:42.963437+00:00
3056de31-20e9-422e-8ba1-dda9882c8876,b0221708-aab8-4b6d-97b5-21c5d6ee6c82,2262.05,2026-05-29 23:59:29.873323+00:00
37ef82c7-5b7b-49ba-b3d1-0d6d95124143,69eb7e5f-28bc-4c01-ba79-506fc0b2e55e,1289.08,2026-05-30 20:52:25.045635+00:00
7279f500-f176-4c8a-a676-c4db5f8e05a5,1993ba38-c753-4ac9-9ab2-5db2da313195,1548.76,2026-03-14 23:16:47.236328+00:00
10586844-d28b-4831-9618-1fe7ab39d696,0e3faf49-2d81-4671-b466-5adbea57bdcb,1861.37,2026-04-13 23:35:34.130930+00:00
e5a0a087-8c20-4a07-bd4b-304adfcc0d59,312eb50b-bc3c-44e8-9f1c-65950317d51e,1909.69,2026-04-13 23:08:13.519638+00:00
87b03441-1bd9-4fad-9899-fd475d73587a,da64c090-226e-4ebc-9a59-2bf104d59ebf,1565.53,2026-05-09 13:57:46.134267+00:00
e8422a61-e017-4918-8837-6945c81cabf7,867e71b1-ce9b-4de3-935c-41e0d4b7dc0b,3122.17,2026-03-22 19:13:55.494362+00:00
97627a1b-4fb8-4a39-980e-88bf18aaa3af,acd787e1-9287-4a5a-9c29-66b2e709c07b,1360.84,2026-04-11 22:10:02.088931+00:00
ce18d607-ecd9-4eca-a88f-0822077679dc,2ecef1c7-627c-404b-bcb8-f0f13f73caf8,6676.78,2026-04-19 10:44:17.603045+00:00
0db2861e-abf7-4681-9d98-64eb3cdd4e49,5cc1ffac-20fa-481b-b661-c400c474d346,470.95,2026-04-12 04:22:58.515640+00:00
d997fad6-21b3-412f-ba1e-cc9454dc27e9,13000a37-9153-4341-9a26-088c5023dfae,3831.33,2026-04-17 08:46:07.953861+00:00
d882b14a-5fae-423e-820e-b0bdab5972d7,c44f74cb-45d4-44ca-8ba4-82506f236632,3728.51,2026-05-05 06:33:01.429506+00:00
8cf49320-fd2f-42e5-8c36-fd7ffdd44217,1acbbebd-b723-4ddf-a6b2-f60977f622b3,5284.63,2026-05-13 02:17:26.519950+00:00
0cb1bad7-176a-4996-a577-69af8f35b8b1,78e1774f-ce50-4d04-a045-70e891512c2f,2652.1,2026-05-14 15:06:13.137762+00:00
45831b80-6106-4cf4-9a3d-a05ab8f80530,edf4e5cb-0a5e-46f1-9b21-7364baefa5a9,399.17,2026-05-02 17:10:53.354909+00:00
fd69b75c-7979-46f1-9022-19fc625e5727,d7536a9e-762b-4304-b46d-4f82834fbc28,471.83,2026-05-18 20:14:51.175740+00:00
b46c71c8-4752-4afa-b2d3-48b82e5f85e2,c717ce6e-186c-45df-863d-acebfce785e6,811.64,2026-05-30 17:29:33.276925+00:00
97703b40-13ba-42bc-a466-c6ee29610003,ebe73f4e-ecad-4181-ae66-e798a8ad8b22,1090.02,2026-04-19 04:47:59.125806+00:00
1bd17b3f-ab71-49c7-8e2d-96aef69b47e6,63b0ad7d-870f-4386-955d-cfb6b3a19c03,2613.26,2026-05-28 22:35:55.512048+00:00
096055f3-fed6-4e47-a7e0-7d662277a606,ee831aff-d3ae-4f8f-8d02-db0979aed1e5,564.82,2026-05-25 08:53:56.434553+00:00
1ba78b90-05ed-4fcd-9d89-bf5159c4d074,3b5689f2-672c-4bb0-b3c0-655d0a46d624,933.72,2026-05-20 22:29:06.116898+00:00
689abff0-e450-4015-b000-c436e6df4cd6,06f5bec6-2e0c-406d-9ebb-8b0bce82f97d,845.8,2026-05-30 11:56:28.585571+00:00
d6e614fc-2c96-4618-a599-1a7d2454aac0,b225aab5-5a60-405e-bced-f97212116acc,3537.44,2026-05-19 10:59:48.406692+00:00
28e17c9a-08e0-4235-bbab-4fb17ff2819d,6bd1b584-0904-4cfa-8c65-98a24f8733fd,4964.17,2026-05-19 21:37:12.080702+00:00
36cd93d1-19ab-48e4-83fc-87f083dd4236,ac43b013-0c75-4cc6-8e56-3c202549eb89,2735.51,2026-05-23 13:48:00.031938+00:00
7f304fbd-173f-4a10-ac37-ee1a3e52b943,2829fd3b-6d7d-4f1a-ac59-c52427e1d156,4579.72,2026-05-28 13:31:31.060030+00:00
88eef432-fc8d-42bc-bba3-ff2d46a10a74,6a1fbe73-8f1a-4e39-bf5d-7aee30e4aac9,1939.29,2026-05-31 04:34:43.470158+00:00
79aaf310-9504-4e6b-9cd6-8f4d5d17c78d,5c4e6830-73a3-42d3-a21d-daceaf0d2742,1371.28,2026-05-14 13:49:43.456567+00:00
71375848-0c80-4c4c-8cf6-60428273fb57,eb16500b-e431-4250-bd7f-ce52d93efd29,1641.09,2026-05-16 07:17:43.174632+00:00
08e340ec-5253-4641-889a-7dfbac38d834,98bf37c1-40c8-459a-a4c4-f6a374896495,2882.56,2026-05-21 10:05:04.731058+00:00
001040f9-c960-4540-a4fe-10df7e1fd3a1,4bf7b9e2-d25b-4c39-b0d2-b89fb8af0a51,3230.7,2026-05-23 20:32:16.099155+00:00
fa18b2ec-3d0c-42d8-816d-67e7cf545426,5b25b4e4-7359-440b-a82d-2d1d3daef4a0,6196.38,2026-04-17 15:09:21.630330+00:00
17e19bf0-115e-4433-810e-8d537d43a005,033bebc6-82ea-4a36-867c-0175ecaeac72,656.94,2026-04-18 08:39:32.832120+00:00
8935dd4c-9ec1-4dfe-b90e-e15ed30884b7,a6761cfb-3cc7-4ab3-b5f2-d597078915e8,1780.31,2026-04-18 14:39:16.620814+00:00
bba38cb5-1b00-4b6d-b660-c922b0f02bf9,7a2ee2d7-70a1-4ca3-a30d-ed495febfff5,1887.93,2026-04-19 03:37:00.429084+00:00
46921b10-aa9c-4aba-a865-18dae5a9f629,7ec2f4aa-9db0-443b-89d6-b23c80433e14,5356.75,2026-04-19 11:54:46.260233+00:00
39f1525d-bd92-4907-a254-a1f1f700fb5b,12b8371c-f95b-4b2d-80ff-9dfe3cbb3449,4404.71,2026-05-16 02:12:09.451376+00:00
c8c4185f-8de6-45d9-91d7-276ce860d9da,04188df0-0651-49e5-9c1a-544474445ba9,3100.01,2026-04-07 18:44:25.982522+00:00
8a4d8810-9573-4c97-a34b-fb6f1f31b264,9c7966ca-8ae6-4952-8506-82850ac4f578,6737.29,2026-04-19 06:12:10.430774+00:00
6e92ae66-57e5-4a63-ad71-39ea7f085311,f7061281-a540-4ba2-abb5-ec2ad0241f25,1103.91,2026-05-09 14:33:57.751438+00:00
541b0082-91b3-488c-821c-1c5c9ad532eb,a3c1712b-5610-4d4e-866c-c4fc3fa86834,2103.35,2026-05-16 04:23:02.575866+00:00
b4973abe-563d-4024-a0c6-fd2f40d3ed05,70a1d935-ac7e-4a82-a38f-244edcbb82a0,3646.78,2026-04-18 23:51:04.051242+00:00
0350bece-aac8-49bd-abc7-19339a24fb85,bcdbfd0c-f663-4268-aed9-f4e189cbccba,4536.4,2026-05-09 18:02:26.882781+00:00
01ec3a6a-2530-42e5-a268-3d06367b2229,084dd61c-951e-47ac-b0bd-41d504cc921d,525.66,2026-05-18 08:42:16.302536+00:00
e49948ab-56ca-4c1d-b41c-596ff7cc5d5d,b86bbd68-566a-4a95-883d-e1900c3a7f14,713.71,2026-04-23 15:01:38.088766+00:00
93d18faa-edac-4d8c-b948-6fb82484bac1,4723276b-b4b0-440f-be8a-e7005ab8428a,3391.72,2026-04-30 04:32:24.604399+00:00
9848612b-e195-4aad-a245-989618822b85,429b8efb-9734-446e-9f4a-f8803832b59d,843.05,2026-05-03 13:58:52.057117+00:00
96b9c673-aae8-48e1-bfd4-5d72922b31a5,92500e2d-2093-4502-9580-a735f0717006,185.05,2026-05-20 00:39:45.004500+00:00
60c971cc-078c-4568-9520-02f03f1ec62f,79b858c3-1ff3-4247-bc40-a36b40612466,1448.64,2026-05-28 17:07:30.757056+00:00
9ddc9f27-4bf4-4348-bcc4-4e634f6f533b,be684acf-c09e-406a-9d4c-e5cab9158b06,2741.68,2026-04-24 00:32:49.229228+00:00
f25a8acf-c29f-411a-bb64-eb04a6aabdd4,d33028cb-5873-450f-876e-c247c261a8ce,3054.92,2026-05-01 02:15:46.572153+00:00
0a43dab1-0bb4-42d6-837d-8b83e98424f1,33508ec9-f982-478c-8587-6b6060e90dc6,4565.71,2026-05-10 11:04:36.940864+00:00
38a1ff34-7197-478a-ab0a-84eebe16cde5,33983c10-7b65-471d-83b2-71b549163057,1038.97,2026-05-10 18:03:42.664854+00:00
110a3303-7f8f-4628-b5d4-b4240c6011ea,ada8b2e5-53bb-489a-b8a7-e9a013f4d886,2212.31,2026-05-22 06:23:00.456524+00:00
a9dda9ee-5d3f-4404-8186-3ebdee3253a2,f568149e-6437-45e9-b864-6732b05634f9,2183.65,2026-05-23 06:16:00.337048+00:00
7a6de224-b957-4f41-a852-1012f319c12e,f218aa3f-7e62-4cf2-afbc-2abeb454b81c,1350.63,2026-05-26 21:45:06.114315+00:00
9cf98657-29c9-4d86-a41f-1a81585934dc,2026e901-b1de-4af8-99c9-63f980e870d8,1849.57,2026-05-27 07:07:55.396882+00:00
d90c7d34-4989-4a86-ac89-f7ad9fa0c705,744c8881-09f1-4366-8b4b-f470ab6768f3,998.86,2026-05-23 11:11:02.089095+00:00
bf7b8595-be3b-4f1b-a0b0-915c996dbb4e,f43a9042-12a3-4602-bd05-252867e47874,1043.76,2026-05-27 06:59:48.087038+00:00
33aa3492-6e18-4862-a9a2-9dafa8cdf3d5,6c7285a9-5461-46f4-8dc9-43a26a9c8ac2,1868.58,2026-04-22 21:59:56.656858+00:00
901a2d21-b493-4532-8549-9ba40a96f6ad,63def915-a104-44ef-84c9-232ef46ede99,632.61,2026-04-23 07:43:02.007935+00:00
dc6cd4e7-1e90-4741-ae6d-40695d3a0dd4,8233d457-14a0-42da-9811-664d7f77e29e,2495.05,2026-05-19 13:14:15.393910+00:00
1d4a99ec-601c-4cfd-b4ad-e157d11e76ec,816b8f51-fa27-4645-b288-216155be5347,3107.87,2026-04-23 19:13:52.268130+00:00
e41e56b0-9c11-444b-b36a-d298d26d553e,3f1b6e13-1fc9-406c-8eee-f57402ac817e,1394.94,2026-04-27 15:25:19.601758+00:00
6513833a-851e-4aac-af50-c4d013c5b4c6,1328d478-cde8-4dba-abae-18099bfd05c7,829.36,2026-05-03 12:43:21.162014+00:00
e863e1c6-d29a-494e-8e7f-92dd615bfb72,a8bc97b1-b0cf-4961-a66e-b49b2d1c409e,2497.98,2026-05-31 03:17:30.840511+00:00
7977d0b1-d7f2-4806-8771-a15e62b2ed31,c0091f17-796e-46b7-8c19-c262cc700201,672.48,2026-05-13 01:05:18.577860+00:00
98327acd-bfd7-4e4a-9cc3-327ee1ffb3d6,a5f05d0e-b7af-42fe-9f03-250ad188f375,1542.79,2026-05-13 02:58:57.956354+00:00
0dd5d0df-5a6b-40fd-bae9-e5ac607ef55b,a208ffac-1348-4b81-b408-ee70da94e4ec,1289.97,2026-05-19 04:58:08.269819+00:00
cfb1d828-992c-4d64-9cc0-ca37e29f6a31,5cc8f533-5dfb-4d45-99f0-d57ddf54842a,6815.09,2026-04-21 02:37:32.720146+00:00
a18f5faa-1405-49d6-9d0d-076661292dbe,a7437598-d241-4ed0-ae6b-1945f4820327,3012.98,2026-05-12 15:39:15.512063+00:00
0372989f-03bf-4d14-b62f-9ff36cd9571a,573640eb-fbf2-48fc-a49f-9d194148a890,6162.27,2026-05-17 06:36:46.532918+00:00
1715c28c-caa2-46c9-b479-0d06ef8c7e06,a0189fd1-0dea-4364-8584-2cc816399133,3100.25,2026-05-12 19:25:47.005978+00:00
4bab2b62-94e5-41fe-acd6-8a5845701e96,67ab69ed-21d0-43e1-bcf6-2cff033cb1d2,3240.66,2026-05-20 08:36:47.733121+00:00
a0fe09dd-784f-448c-957d-dfcae2f9e536,90246cf6-af0d-435a-9769-3050e178bc85,3164.57,2026-05-22 06:01:27.745135+00:00
412b47c2-d777-4aa3-8041-c4c018c2e0bc,5d50c10e-c846-4a62-8f19-b51693006a66,3615.69,2026-05-23 00:10:30.943646+00:00
d2ecf6f4-0635-4680-ac9a-ba2d652a5fb9,647336e1-64d8-430c-b0b6-a9b8bd0ca485,4800.47,2026-05-23 04:10:22.603312+00:00
67bda9f7-9d18-4dda-8187-bc66e1df9098,9545878f-1f95-4336-ac24-6acaaf0e2e63,726.09,2026-05-22 06:10:43.783771+00:00
eea5fd67-20c0-4278-9618-4d67fc42527f,842e4b11-09bf-4665-a8fa-1f174b7601d7,238.63,2026-05-28 11:30:02.579598+00:00
0ff74091-12f5-473d-a6d3-e88fb89f834d,8406d132-f9ab-4264-a7c1-21867efda71e,5412.56,2026-05-29 06:48:18.340790+00:00
d3b94a9c-8284-4ad5-a23c-0048e5d9d103,42850c89-ad0d-4ab4-a7e9-c059ebe671df,642.45,2026-03-20 12:09:37.379800+00:00
279be2f0-41e5-4337-941a-b7dc0b258f04,77d885a0-f15a-4dcf-b994-2078093a60f5,1983.84,2026-04-14 04:28:39.748560+00:00
d4deff1d-094e-454d-81e3-a6115145a243,e75ff06f-01f7-4da9-964a-692336a4a623,1972.9,2026-04-21 04:43:36.663699+00:00
b1a291e7-a36c-49b9-adc7-ea626c56d972,8161fd7e-492a-44b2-ac72-a5f1cb88a40d,1071.4,2026-05-13 13:55:47.394840+00:00
933607a0-987b-4bc7-a172-51889bbe2bdb,c2f8c151-141f-41b8-84b5-84b7b375e34a,4184.91,2026-04-19 16:31:49.116633+00:00
9eb9d8f9-27fd-42bf-a626-a480772dee47,e36771f1-c1bb-4ad3-8e69-9b7f3ab0cd98,4488.69,2026-04-30 13:30:26.024737+00:00
fb2a9e6d-2976-40d2-84e9-f2eedff0011f,b6bb2e24-f755-4ec9-a8de-8c5d1a5f500a,3917.24,2026-05-24 07:43:34.578383+00:00
a0610bb9-dc3b-4633-a972-25863595a436,264166f9-0e1c-4a6f-88d2-497cd5d264d3,7006.88,2026-05-30 08:50:51.523358+00:00
3e5e345c-83ba-4256-930c-0b851ebae8ea,2b79d6ed-d2e9-4105-9d37-61a127ff4114,4215.48,2026-05-31 14:11:13.821387+00:00
4650697a-9db1-452e-895f-aac9fe94eb50,ce82d516-6a5e-458d-b6e0-acea72a3f57d,3036.87,2026-05-14 10:22:30.448138+00:00
3c89cdb6-8c88-41ac-be27-2324fd7dd958,60f91e45-302b-405b-9252-82541cd69e98,4773.44,2026-05-28 13:58:00.733641+00:00
39a147ad-d118-4631-9cf2-c6bdbcd10791,a7645b37-52bb-40ad-9d1a-f9a9f2793921,4392.61,2026-05-31 18:22:16.435854+00:00
23eaa42b-8387-497a-9695-3341f0ea75b7,44719060-7afb-4e50-81e7-07fc26872b85,2038.38,2026-05-19 14:30:06.533717+00:00
1660101c-154a-497e-9489-71cf357310a0,7c46cf08-1deb-4e06-85e3-3769827308b2,1823.47,2026-04-08 16:22:29.369584+00:00
9e9da8f1-9b6b-46b3-96b5-503ae33b670d,c19dcf50-70af-459a-a945-786f8ba62008,4386.71,2026-04-10 10:39:52.165007+00:00
fbd7f161-0dca-4159-8583-a1b014b7a885,7a14ab37-d01a-431c-8019-3b20100f7858,4461.16,2026-05-04 00:06:12.816091+00:00
88a42876-ebaf-4829-b0f5-871b0657354a,b207ecf8-f253-460c-a1d5-17eae83098be,4895.05,2026-05-06 20:04:08.931616+00:00
f5bad5a2-d8a0-4c42-a103-aeb42fd2967c,9f4df81d-0951-444a-b5c8-13f0a8632a85,663.63,2026-04-07 08:42:57.900387+00:00
94e6294b-d6bb-4fbd-ac4e-c07ffda31778,45216925-62f0-4847-b6e9-ca3eaf310545,4170.72,2026-04-25 15:21:40.287982+00:00
b471e006-c06d-4907-b3d6-bec69784dfd7,5aecd9be-51f1-4a72-bd9d-954ebaf82e5a,2157.56,2026-05-17 02:55:36.840216+00:00
6c53c1be-e926-4b02-ae9f-0af2cf2c5ac6,c6a636a0-98a3-4b41-8f3c-db3e9365943c,2345.59,2026-05-31 01:11:30.471860+00:00
4f41bacb-1fdd-43be-abfe-99e45eba3cfb,5abb6f6e-dc2f-441b-bb62-b21c2ff0a001,10.0,2026-05-31 04:07:31.674424+00:00
6245be02-b0b6-4657-a691-2c9555e075b4,d825a02b-3228-40d4-b680-da3a92d0de3d,2813.4,2026-03-19 20:30:37.434280+00:00
4a660d8a-085a-4034-9a20-67e668ad3045,751d27c7-9963-4e31-93bb-96358e27aa5b,2221.91,2026-04-05 16:55:41.399432+00:00
4689f2ba-fc54-42b4-8c75-0c38bdaaa5d9,003a6567-405b-4dfc-8786-956fa904f11c,2070.48,2026-04-08 21:41:37.026369+00:00
980e57da-a383-497d-87cb-4ee8c086784d,66679a26-0f32-4e37-9dc3-40780b02eebb,1821.07,2026-04-23 21:22:32.629459+00:00
a4c7df2d-901a-410b-a60a-6d67622a4250,4d5ec904-1b79-450b-9400-a9abeafa24db,2424.47,2026-05-29 03:24:33.460390+00:00
5c41f98f-bf2e-45ed-ab09-3f8f44aab157,79fe5ec8-114d-4477-9f19-968ba19a03d8,1210.95,2026-05-31 12:37:20.898083+00:00
08f60741-e908-42e9-8e6b-449252b838c6,67b976a4-2b11-4aab-b21f-6a8f77cbed1a,4135.69,2026-05-31 13:18:01.322881+00:00
7162d205-a667-4110-bc6c-d5c6ab2ba06d,6966e160-9ddd-4efa-ac72-cab2317703bc,3884.57,2026-05-25 23:59:20.165264+00:00
bc245e2b-f4b5-424f-85b9-b7c77b6fa8fb,d7bb8dae-e31c-45ba-bc3a-893d42ffa1af,2660.44,2026-05-26 02:16:04.537186+00:00
826f8147-8fd5-4f27-a2e3-6c72a536eb06,67c211a6-3cfe-4bc9-b3ad-e311a2d13fbd,1370.58,2026-05-26 19:51:52.726781+00:00
9f7f5965-938f-40b3-9d74-60680a810cd1,2a60d307-5720-46c3-a4eb-00093aa33743,1877.09,2026-05-27 13:27:24.883505+00:00
96b98c15-3e51-4f19-9625-7bb29904b024,b050dac3-3786-4934-9132-75e3e6c488fa,3435.16,2026-05-28 05:56:42.770181+00:00
6e87abc1-ba5d-4f7d-999c-0ab7e4e06c20,1eef08c6-2e60-48b5-9353-994dc85d499c,2802.79,2026-05-01 09:24:43.491762+00:00
b9fe375b-d3ae-430d-bb32-293f0162789c,e79ab1b3-b09f-46a9-8497-9d57b5f46fb3,1749.69,2026-05-08 16:33:27.166432+00:00
3dbb5571-9a94-40bc-ab0d-8ea399311987,cee32bc7-c0e8-408f-8f82-e7cd98bdd266,2063.25,2026-05-16 20:06:26.950612+00:00
4b295b23-57e3-4e3e-99b3-cb7097a8263f,7badb39a-a00f-4ff3-af56-0bc8065b228c,3076.1,2026-05-22 10:19:23.679919+00:00
01625a88-9bcc-4b11-ab2c-34234a178d97,d9a7ed8a-c91a-4676-9fcc-d8aa107b5218,2917.33,2026-04-28 01:08:42.858082+00:00
0b43391f-a5d5-4ea3-873f-399ad2afa3bf,a3859c8c-bb37-465b-8253-7af2ee5bc2ff,8671.33,2026-05-21 15:27:11.763518+00:00
3ce7ef67-2a77-4f5c-a5fc-f250a2801e4e,5498b686-82e4-47ee-b9e1-26d38bda72e2,1168.63,2026-04-21 06:58:05.537355+00:00
05f82208-9e2f-48d1-8ddb-d0820e795bf5,c8533223-c528-43d8-8aed-a5a009a10bdb,983.77,2026-04-26 04:35:11.641726+00:00
b6a11d88-653d-4cd0-a309-b31bf1372743,3928961a-af50-4b82-90a3-800900663515,1535.16,2026-05-14 00:59:52.634072+00:00
6f716a7e-afb6-4414-9a34-d5eaf5dd78d5,23b89e8a-1ab5-447f-8497-59f60e47244d,503.39,2026-05-19 20:12:21.352599+00:00
10572b52-a128-4013-a6de-ae02782fdfa1,90303972-fb49-4a3e-a3e0-51ac2b4f8ecf,576.46,2026-04-02 22:04:27.301279+00:00
129ad5b7-2b08-41be-9a77-5c0d47ebd016,584ad31e-2c19-4365-8513-f06a947b3143,756.83,2026-04-29 03:22:12.761632+00:00
44030a9c-4d5b-4612-b735-0a3b38378fb6,548f7928-0790-40ae-badc-67748969b51e,690.43,2026-05-09 15:14:21.578268+00:00
a1bb47cf-805c-4356-94fc-a7da51b04203,fda04310-d4de-4e83-8bd8-21d370f96afd,612.9,2026-05-09 16:13:52.116107+00:00
720beb26-049a-4270-81b5-f7236d909a02,f744436d-7cd6-423c-9b93-bd4918dc3f0d,2144.3,2026-05-19 03:11:41.871647+00:00
71a9fe2a-1a6a-48bd-a425-85bbd3491a64,75382d12-42aa-4ceb-adfc-76b983675308,4036.11,2026-05-30 22:00:16.749318+00:00
8a1e61ee-dd9b-448a-99ba-5865434ad4a2,9ce25eb9-c141-4475-b8cf-4f0cbc091bb5,320.62,2026-05-16 12:48:01.800543+00:00
afeb5987-761d-4813-a983-65dbce3f9fbd,27574597-e0ae-4343-89ff-4d68360ab2d5,272.89,2026-05-20 22:50:43.972191+00:00
f548eade-e321-4e8c-83b1-6447449d0e3a,e4fa3df7-0fb6-4760-8a71-7eec27c56fce,549.17,2026-05-21 13:44:56.129759+00:00
df66608e-50f0-481b-9bca-7a2980cb3397,9446018e-f9a2-4c88-a12f-c012a88fee66,268.7,2026-05-22 06:58:25.636456+00:00
0989c492-8507-4b45-87db-1c07e4d64fef,b2fa56b3-98db-4c1e-a48d-f167367ace8a,1100.38,2026-05-22 09:42:00.596945+00:00
62f5ee11-c704-48dc-af1a-7f6f38bb6bcc,b1d70194-4808-40d0-8762-4780eea17b67,871.85,2026-03-26 13:03:01.637595+00:00
435c1316-2830-479b-894d-a0d8007d3b16,ba067100-2cbc-413d-b4e9-bd43e30951a3,217.6,2026-03-26 18:02:31.024992+00:00
be3c123e-0a62-40aa-bb23-defb336dece4,249fecbe-d7ff-40cd-a516-c809e1b7f1ca,1732.73,2026-05-31 14:01:27.281358+00:00
693d2ca9-fdb1-49b9-9160-443929ae051e,f2540540-3a61-49c1-8025-4b8473abde5e,6854.42,2026-05-28 13:32:00.665906+00:00
9a716f63-f2fa-4137-88ef-13ad244427e7,a2a29770-c629-4636-9118-3d9974ec2460,1957.57,2026-05-30 06:37:14.779922+00:00
1d12820b-9c10-478b-a5cb-0b31d72f5336,fdd99e3c-d6a6-4e4a-81f0-ff0814eb2fd9,2034.78,2026-05-30 23:10:10.643501+00:00
8594860e-0af0-48bb-9f17-5842a8916e39,a4264a8a-9ddb-479b-974f-4f2d9a923cb0,3587.32,2026-05-31 00:28:50.767882+00:00
4716d670-1614-4253-86b0-8bc4d116d5c9,d00656de-fd87-4634-b7a0-800e3fb0c609,1622.81,2026-05-31 03:48:47.378663+00:00
7417c735-172a-4091-ad23-978d1fadd5fb,954c7f74-bb68-46fe-9599-b2a3c149cd84,3197.87,2026-04-29 00:33:29.866902+00:00
f8715cc0-daaf-4b41-8934-4a69edacbcb2,b9801863-ad8d-4360-8e40-7a033d7e4009,4249.95,2026-05-04 09:29:12.713557+00:00
0e6b5518-ef4e-4af1-baf7-bca8aec0d53e,c399425c-6ff2-4e78-9d98-131be4f81788,3865.2,2026-05-14 10:01:28.805289+00:00
12978195-3599-4780-8e75-284b0615580f,4006d72a-e464-4580-9dd6-551b0efa3327,4750.35,2026-05-22 09:26:58.822806+00:00
2c20420b-277a-4bec-a61e-1fd2face235c,25218a2a-6c8f-4517-904b-c7ec8b8517d0,2983.71,2026-05-27 00:57:01.827333+00:00
6deaf2ff-1c47-46c9-a08a-a881814aa151,b150df00-0d0a-43b5-b523-f4051b41248c,2821.69,2026-05-07 08:11:24.104970+00:00
58b9dfe3-41da-433a-b78f-b040ad3a3bff,36cce6db-db5d-4d95-aa15-4ea219371fef,1388.23,2026-05-09 23:38:27.274154+00:00
de3d475a-3e38-431b-9ae1-64c93c662be4,fdf7b164-2c96-4390-bc70-de4aa1f7b169,1021.2,2026-05-17 10:43:56.816473+00:00
7bb66e0a-fb46-4319-a59a-80181a259627,04b06534-68d8-4c8d-b722-4598b21ac8b7,2111.76,2026-05-19 12:42:44.375393+00:00
28d77776-8edc-4f82-b53e-10c076474013,8e15e8b2-39ba-4708-b0f8-9b36dfa350cb,3979.21,2026-05-26 09:26:19.298453+00:00
075b6322-cdd0-4411-8f0f-4472ab8bbe1e,eb9b828c-aaf5-4631-b434-9dbeca871d36,135.62,2026-05-09 03:41:36.575917+00:00
fc4d43a0-4d20-485e-8d73-b27d2148d723,8016a765-c456-4f4a-a2cc-b87dae0dc158,957.35,2026-05-12 04:04:25.090302+00:00
cc2d542a-ea6b-4929-a8d2-975f08ba555b,2d661f5b-ea23-4305-9f63-314f295dbbba,431.25,2026-05-12 15:11:00.805186+00:00
8c733378-7b3f-4209-9040-a9b332cec54d,8ff6c536-8dad-43b6-b262-889051d2e333,965.38,2026-05-30 00:03:20.235500+00:00
80b15a2e-f83f-478c-86b9-a151d8e53674,ba153a28-68a1-4639-a16d-b6fa6aa6a147,1025.22,2026-05-31 08:53:35.441978+00:00
c9f5a578-5d88-43b6-bd40-e5a25f6c1854,227d18e1-d811-481b-8c17-0755d1135cb1,2127.89,2026-03-16 11:59:02.777916+00:00
765555a2-e3a4-4505-83cb-9d519e83b7b0,2cd41b09-a7da-47b4-8ab5-b07dea795300,3940.75,2026-04-29 13:36:00.764041+00:00
1f298a03-44d7-49e4-a95d-5963fe1291c2,ee1ba369-d13b-4272-a5bc-4a2c1e1ac1a8,2994.16,2026-05-23 03:55:01.762856+00:00
1bf9b3f3-20cb-44d0-8f73-4074482d0112,a62bdbcb-0024-47e2-8e03-0a185350ec7b,338.17,2026-05-27 00:33:44.124860+00:00
a527c9f5-a9cf-452a-89d1-7e381bd33d4c,c9708092-43f9-4517-bd7f-796510a5a745,1718.27,2026-05-31 23:06:50.843330+00:00
d0a07ece-3e5e-41d0-8f12-d8a6e4f26718,d86258d4-e3a9-436c-847d-c3ef9dab88eb,1077.25,2026-05-23 23:28:24.337533+00:00
4d23bf48-e790-475c-8751-e25717748e5f,7018222c-675b-40f2-800b-047ddbf551dc,865.32,2026-05-24 22:34:47.874822+00:00
cd93b002-5efb-4f00-8325-a16f054505a6,16b3354c-db42-4771-bcb3-54dcf35ae96f,11.3,2026-05-29 00:33:10.559741+00:00
e2beaa04-28f0-4b12-9f61-bb8521f27739,eb4bf849-516a-4073-87bb-5071af77f74f,1338.18,2026-05-29 04:36:55.738383+00:00
05cd514d-2518-444a-b8fd-d102359c0b1e,48482817-2ac2-4460-a138-dc297bf73e3b,985.05,2026-05-30 23:35:44.281436+00:00
f0931257-3969-464a-a3fb-d87c9f3e4414,1abbbbeb-db52-4471-aeef-f159f2962d17,194.34,2026-05-02 23:32:25.454864+00:00
ed1e8c00-05aa-4b8f-9344-cf5ad3c40560,1dbe11e8-9073-46be-84e1-0723d9c27e25,369.89,2026-05-26 08:30:37.318833+00:00
19ffed5a-8d96-43eb-a010-f36476865e19,d845182e-ddbb-4278-bee0-a1c9cb751d00,4196.39,2026-05-28 05:16:25.710030+00:00
a758c1a6-9199-43e5-a292-f6c42a09733b,ae64b6ae-097d-4f0c-8ecf-1ecfe5f0b4c7,3133.22,2026-05-28 20:46:00.924206+00:00
a8bfef09-c030-4482-bddb-136cc7799f34,c3e487a3-a520-40b3-bb14-9d1ae1698491,4901.81,2026-05-29 08:26:57.702336+00:00
be54d86a-2c61-43dd-906f-b500bd696f04,0a621342-9e55-45c1-a376-6002bb452c7e,1758.41,2026-05-30 06:53:47.487950+00:00
fd5f1634-99b8-4950-b0b0-09903e2a1ac9,92a45b3f-b055-4a3c-951b-45c3b0767056,1299.7,2026-04-29 15:43:00.067056+00:00
3ceb3eee-e875-440a-a92a-4bca2083441d,2e4b200c-62e2-48ce-a69c-9a09949e47a0,1972.32,2026-05-06 20:09:58.852391+00:00
066dc52c-2454-4a4e-9a07-5b19f4ce61e3,9a94cee5-171b-4950-901d-7a6a4a9c0bb1,1511.48,2026-05-24 23:03:32.859466+00:00
b914652f-21db-4e54-a8fa-ece370e39230,1f836422-58e3-439a-9f12-14333e6e9854,4582.93,2026-05-29 12:46:24.311958+00:00
0e905a0f-ac20-40c1-be55-d68bf9ec92d8,9a714387-da88-4320-97e6-1a2f72aa224e,313.09,2026-05-30 20:47:42.555732+00:00
d8509694-acac-4659-80e9-d237f6a18985,19373dd9-1633-4cdf-9b90-5539f1f743cf,1616.62,2026-05-31 18:45:36.067090+00:00
a68f6e42-9098-478f-9a25-79dcc4dc15be,634bdc72-b464-4643-9b4d-f45f0f88037e,532.17,2026-04-15 11:59:04.121687+00:00
202d86e7-a6ac-47d1-b40a-7f6be1eb6fc3,2972c07e-c69a-429d-83e6-48cf3f759405,684.73,2026-05-11 02:47:29.530827+00:00
7876a724-20ca-4bef-8971-79317d0bbe86,5bc0e74e-fccc-4edb-9e71-fb99568c28b6,855.71,2026-05-11 19:43:06.032691+00:00
d8fed79d-040e-4570-9a58-567c61f5d776,1815aea5-2995-4d93-8a79-994347fa1af9,1088.95,2026-04-27 01:29:15.156668+00:00
e6433e4c-5d5d-4201-9f69-bfd2a9c05ba0,cf26d56b-fc15-456d-a5c9-13e951a35f9c,928.26,2026-05-05 17:26:39.155102+00:00
b4f10aff-df2b-4838-a07b-183be83b673c,25d96848-3ef9-4fc1-a06a-374c071cec86,1470.25,2026-05-11 22:06:20.930913+00:00
4551358b-ac8b-4b61-b105-9400915345fd,de20a0f2-e3b2-466b-a697-0f0eef25d34d,326.61,2026-05-13 15:42:26.620994+00:00
a73d0cd9-ed42-45eb-bb46-7415cbe3763a,f76d699e-b56b-47b1-8dea-3109fad15eb2,909.4,2026-05-30 16:40:48.264533+00:00
f39337d8-2aae-4da5-9203-aacf927ced42,5a8a1543-c04d-4f0d-82a6-e765e508b6cb,1431.5,2026-04-18 01:05:42.223869+00:00
ce4c55fe-03d4-463d-9222-e9a2fa193ffa,639799a2-c800-4e44-bb9f-c411e5336248,1083.12,2026-05-03 14:30:01.083768+00:00
9f63e5cf-6888-43e6-b738-0fc893476ade,43200a49-a7fa-48f3-af39-1ea83c495070,578.19,2026-05-11 21:27:20.816445+00:00
22246ec5-cd4c-442e-a188-ad5db42600b5,daa01a58-635a-4ccd-906e-16a930776599,1049.74,2026-05-21 00:41:01.093674+00:00
48290e84-3f67-4cc1-8b0b-b45807286c95,7b7778c9-6476-469d-b4b6-fdd841f76cc6,1522.21,2026-05-24 06:56:09.828690+00:00
ccd7dec5-1506-48ad-ac65-3e3e97ae6ad1,9ba75f82-f59d-46d0-a5be-07295f2380ed,3005.82,2026-04-17 02:45:48.160261+00:00
f964808c-cb27-4688-a1f9-59adb24abbec,0027860f-7e47-4364-9d37-9226c9236f8e,3384.96,2026-04-27 06:17:50.129064+00:00
9a81eac4-a95b-4294-a05e-6feb98654c34,307fe036-b588-4817-acf7-05083ae91229,2487.28,2026-05-15 11:52:44.775455+00:00
42fd67ad-1f8e-44a1-9ca7-7d4697cf3d6e,6d46293a-665d-49cf-9970-3ab782ba2931,1790.86,2026-05-20 02:21:59.989069+00:00
5c94c69d-0306-46fc-ac3b-aa6db1998261,f10c5f6e-3a9f-4030-92bd-d3ceb2ceb477,1315.06,2026-05-06 03:29:49.710710+00:00
d526757c-4ff6-48b3-aa78-d2703a505498,abb438e1-f26d-4002-b201-13c7e40ee4e8,198.59,2026-05-09 15:41:44.453799+00:00
130b4254-eefe-4571-a45a-be38e6c10ad1,978b4502-4792-4d3b-897d-178351c28eb9,1163.79,2026-05-01 07:02:44.733988+00:00
a87ca7b2-a46e-4722-ba66-63c244c878b8,8f72c824-c6ca-49dd-8a32-a2442afd5edd,2808.14,2026-05-09 07:02:00.919549+00:00
74c7944b-bb56-44fc-ac14-cebba414f4df,9d707ab1-b56f-4fdf-82a7-94b3cb09017b,2058.86,2026-05-17 12:51:35.523795+00:00
7656dbe0-3a1f-401d-8174-dcd8dee4a401,30d14478-466a-4300-a097-d79a155d8d65,2573.87,2026-05-18 20:46:11.216878+00:00
c3c691b9-60ee-482e-890a-da02554eb28f,9e45d247-7772-4a24-b11b-06571c236eab,3691.34,2026-05-20 04:41:34.346490+00:00
710b774f-e9f6-4ab5-bac6-f8f5d9e80efc,1a1b137b-272d-4184-b345-3492475f0809,4788.13,2026-05-24 22:20:37.758342+00:00
3f2efccc-ff10-4a27-893f-d1cb6a12ed38,72e259ae-e0a0-4283-9bcd-f86d0426dd94,109.43,2026-04-15 04:03:03.168036+00:00
f37f53ba-ec66-4726-8983-6913a81bd555,4e3c3d2f-f3f5-4f6c-b16a-6ddeecb3e895,10.0,2026-05-02 11:01:47.675326+00:00
b7711a7c-e052-4dd9-9e19-0977cfd701c8,807cb6e2-4b88-4165-a32b-80be07e79b34,914.0,2026-05-14 00:16:12.926428+00:00
7b42ea82-a442-46de-b225-10b74081ddbc,02b113fe-c607-433f-9764-55ee524b46fd,1026.0,2026-05-26 06:49:57.005921+00:00
9a678625-c94d-445e-b57b-248fd2b839c9,3e4fe885-148a-4ded-bc01-02f8552df024,299.7,2026-05-27 23:31:15.077874+00:00
43b8b7ee-eaaa-446e-b0cf-7a0b33bda8c2,cd67e34f-955e-4186-b174-a8ed246d779c,268.59,2026-05-27 05:05:56.712736+00:00
2d9f6354-e30e-4c15-9de3-1a149c2e15f2,97f7c60a-8d24-4530-a4ce-36af25fb749c,366.81,2026-05-27 15:04:26.715355+00:00
8aaf8540-0d44-44c6-989c-816bd011a3a2,2421b6de-6e66-4a1f-9a59-e6f1ea7081b9,512.21,2026-05-28 12:52:07.735555+00:00
c5e1e3e7-38cb-4eac-87bb-e6b4a7f37d63,631f863e-a558-4c02-acb4-e536dc26879b,54.07,2026-05-31 18:35:24.332020+00:00
6e8e0033-0a8c-4b55-91f5-f61eda798bc7,98e5fe0c-84ce-4d3b-9604-5fc4272bfa7e,313.07,2026-04-24 04:33:43.808324+00:00
975682dc-f860-4c5f-a54f-1ee59d0ff9e2,f8bf161b-6c6a-40e0-9130-70c44c460db7,439.93,2026-05-07 19:06:28.854198+00:00
80d391c4-f6de-460f-b91d-12b9978ca84a,001e20c2-ab80-44d9-a434-7824867f9c60,424.03,2026-05-23 22:06:28.311938+00:00
eccd9e99-a0e6-489d-aa85-50c958c384cd,a5d36e1e-e4bf-4cf6-9a84-7ad162f93c6d,4254.68,2026-05-15 05:27:28.227516+00:00
af4334f0-0d60-42b0-afe4-115dcec63685,5726129e-0525-4609-bd2e-2962b986dcfc,2994.52,2026-05-15 00:35:46.115919+00:00
cf4b0e9d-3541-488e-bf79-f52d42daeb7d,e182d5de-eb9e-4bf8-80a9-2718dcc59af2,965.03,2026-05-15 14:39:16.462890+00:00
741d93f6-5fdb-4e4e-a412-6fb0b0eef7cb,2502d6fc-3dcb-45f2-b4fb-0130f9178de7,2414.68,2026-05-30 02:00:34.184812+00:00
53f41fd3-f415-479a-b3e6-4067ccbd9567,98941a84-84b6-4383-ad77-04913e7ab8f1,3285.19,2026-05-30 17:54:07.672848+00:00
7b71e190-95fc-4459-812b-331d20b88bc3,b0e5116a-2d5f-48d8-8807-150af205f6d3,1304.91,2026-05-28 13:21:39.659196+00:00
cfe1b460-837c-456d-a858-5f4330cc7aa2,4f124a84-f9e8-441f-b12b-ceef817f0a3b,2144.34,2026-05-18 15:21:44.422291+00:00
6bf33a65-955d-4a84-aef9-ca6ff6aaa974,77e98621-f687-49dc-99be-b941d40a3be9,1947.64,2026-05-27 21:22:18.202099+00:00
f2ea0c54-f3cd-4609-b7e1-16bd6efdce12,16ef898d-d71d-4b7a-92f9-f3f68e52f24b,2127.95,2026-05-30 20:43:05.436505+00:00
5c6a4faa-5810-4f72-a40b-7321f44ea85e,19250c8f-c1b0-46ce-b190-80c58cc4f0e2,2156.39,2026-05-31 10:32:05.663483+00:00
04cb68b5-9c17-431c-a363-b34f6588f1e1,22827c6e-3db1-43b3-b186-883187ec32a3,1982.55,2026-04-09 15:53:25.851011+00:00
5cdff271-ad21-4d96-b57f-55abe803818d,12756a80-6335-4597-8923-cc82476efbdd,3410.82,2026-04-22 22:23:37.557508+00:00
8d76070b-7af6-49ec-866d-e9d0369eda4b,20b7c03c-0935-46f5-beb2-e85fb246957a,1779.24,2026-04-23 13:07:51.553296+00:00
980c7db9-516e-4ddb-bf17-5f8c2be12b18,a6c11587-3fdc-4e28-89a1-1beb36e0bc6e,2361.77,2026-05-24 18:00:29.452407+00:00
3f5a382c-09d8-4429-b8df-becccbf8893d,0963caaa-86d7-4ee8-b06d-16de1eda3337,2210.73,2026-05-29 13:14:36.801588+00:00
5529515a-4b15-46b7-9d35-2b17347c9206,e8446dc5-f96d-4e53-880a-1d1a451ade4a,1237.4,2026-04-15 01:31:07.290418+00:00
cfda5c0c-8868-493b-a886-f51b179b3983,ebe05c24-9cd7-4f83-88eb-991f9fe7e0b8,2497.67,2026-04-18 10:21:50.845503+00:00
51828abd-14af-4bc0-a70a-82d115544a33,2082e657-de33-4425-adfc-ba5725f4f43a,1806.11,2026-04-20 19:11:07.879334+00:00
4c4c502f-9265-4c50-b17d-ed439eb27cc3,ac5c0e09-4d46-4636-bd67-56e08c4f9d87,837.95,2026-05-19 10:31:47.180272+00:00
618f2c8e-3c48-40d3-8286-5dd7cf74a196,56305d4d-0d95-4040-8514-cccec57d73ee,1262.72,2026-05-30 15:01:41.550899+00:00
e49e4404-5b83-4a41-a998-a92c7dc89f7d,7bc1e310-baf1-4827-94d6-5c9ce2e51a0e,805.83,2026-05-10 09:16:07.719948+00:00
1307aad9-4cc4-4eab-9f06-c7e2c1fcaa2d,d1950ce3-e823-48bc-9e8a-b837ff4fc11e,14.63,2026-05-16 04:38:38.817314+00:00
7d573ea5-00f1-45c1-804e-dacfeb78e3f8,6a93491e-0f34-4001-9bba-26820493a3fa,1808.24,2026-05-17 12:13:55.592783+00:00
d697e7ba-2c52-47bd-8248-ffa5901e1e23,ddc8b9e9-73f1-4870-abdc-f809086dd3c1,5505.49,2026-05-12 18:18:41.054136+00:00
59de9b7d-88a3-4985-83a3-0d40521056eb,29648e76-c304-4cef-a0bb-a23cc0c4a3da,4478.75,2026-05-28 11:55:36.010309+00:00
896039c1-ef67-4b17-a2da-64402aa1b39a,131f4d3b-c0af-4e68-a7a8-dadc52a66f4e,614.89,2026-05-13 12:27:52.418973+00:00
79f4e248-1287-4759-960d-1df6fb1c3cca,57656f80-cb70-4ab2-a4d2-dcdcfa0220c4,364.81,2026-05-16 08:20:57.938277+00:00
38ffb746-9a3a-4d5c-b04e-efd95475de29,983e2221-ee5c-433a-8f64-504b49e8b8d5,393.12,2026-05-31 05:35:49.210990+00:00
b2106b3f-0a84-4fa4-a2a4-f5598771d66e,34650e96-6ed8-4c2f-9fc8-44b178f180d0,2444.11,2026-05-23 05:40:24.477557+00:00
48cf31cd-a489-470a-844f-5c6b71128b25,3c635a17-2e02-4a0d-8cbb-6596a5dd1a6b,1918.51,2026-05-25 21:41:08.624233+00:00
c02438ec-b424-4454-a4e8-4d33cc6449c9,2f226876-8032-40d7-9027-cd840dc4017b,1842.95,2026-05-28 04:21:23.457216+00:00
6a2db121-a318-4e4e-a650-cb78ffefa5a0,63f21bfa-a53e-4475-a331-489f0ccdf2e1,3678.72,2026-05-28 17:25:58.114640+00:00
ec057c6a-e561-4174-a5fb-c2c2d38adbb3,6a009b73-90cb-484a-8021-82c31da73f56,1993.05,2026-05-26 19:09:00.445606+00:00
1df14261-e811-4bf1-b550-ccfc1bf8c3b8,a7f60fa1-4ea7-4182-994b-aac5d496c1d0,507.55,2026-05-24 20:34:44.144389+00:00
ba117405-8064-46d3-8520-1439388f0f95,f5b36ad9-4889-499f-a9c8-e8bf70f5ad5a,1092.74,2026-03-15 20:59:08.395919+00:00
376d2cae-f034-4b6c-868e-6cdf3a461aa7,478728ac-4826-4b01-909d-c419bc59247e,971.47,2026-04-03 03:35:43.108167+00:00
f5d8aa6e-4a1d-42c4-b89b-a75bd08d6031,28ab2c4a-571c-480c-a015-febb2c2936e1,1671.92,2026-04-05 03:46:24.478627+00:00
e34eccce-3390-4409-8ade-fc021bc4ea14,892abd50-28de-4466-b8d7-62af79256457,10.0,2026-05-07 11:51:12.903429+00:00
7299c29f-a348-4161-aefd-b91f84475eee,168777d8-8285-4d8e-a761-b19fa1581178,1069.49,2026-05-15 07:24:11.534074+00:00
098edaf6-c571-4943-b17f-74aec40e6d5a,359e85ec-8fc6-4a95-96c1-522b1ec37f1f,2556.6,2026-04-18 22:22:16.192775+00:00
80e3d991-6a1c-4218-b654-9e67289811a5,696e6efc-10d0-486a-a10f-ea3ac03e768e,1487.51,2026-05-09 19:22:41.930031+00:00
ff8acf05-8340-47ca-a15b-e2d65f266913,e8c30ba3-0819-4404-8e97-9b84070603e6,10.0,2026-05-25 22:53:45.675370+00:00
1a6ece97-7d09-444c-8d5c-4fd9a14d84d3,c84821b2-e7a4-4a46-95d6-3ab8c93d27ee,3536.4,2026-04-30 05:50:59.954411+00:00
9df94bb1-868a-456e-8a33-05bb00c0ba74,06ca7f6e-e396-4f30-bdfd-f0664b984427,3021.15,2026-05-01 01:11:07.128023+00:00
1aef1fd5-f351-4c33-bf2e-4bfecc3ff4b4,4b5ebabb-a756-4ebf-8748-d9970e12bf38,3969.47,2026-05-16 20:48:28.200356+00:00
8fc50caf-8f70-4b55-973c-60e80c331338,20bb0386-9559-49ce-b705-e9d4eee26811,694.99,2026-05-26 23:54:34.457820+00:00
d0cc1b3b-7448-4bd5-9ba8-0dc73a57af14,e7ff7261-0bb8-4d47-b7ff-d18506c0ea36,1763.61,2026-04-21 04:57:12.163716+00:00
319fe3e2-69b1-4449-8614-a79733803c3d,1b4e1de8-2aef-4656-92a9-6153c3e18525,2336.48,2026-04-22 09:50:42.461930+00:00
be6384ac-52cc-4506-a969-7fd255055e31,67fa6fc9-4eff-41a7-ab55-dd7e9488e0f0,974.38,2026-04-25 05:01:08.568297+00:00
7020e95e-731e-4bab-a9cf-07998dfd86ad,dfa13bf1-98eb-4bfa-80e9-db278230f551,1974.81,2026-04-28 11:18:35.736470+00:00
0f17ad7c-2719-4dbc-b247-cc82efbd4d29,0a6f9783-a23d-42c6-b48d-36245aff0e08,394.9,2026-05-31 18:33:20.865632+00:00
8ef279a2-8673-45e3-87ff-f95292c3cf74,bfc94fc2-38ce-48a7-bc57-1bcfb955bcb3,2720.45,2026-05-27 10:24:59.202015+00:00
b80a8e79-ce14-4368-af6d-d3c6a7f1ff79,ecbc65ab-9398-422a-8965-5aa3058da61f,2578.11,2026-05-30 04:42:25.130330+00:00
798ae940-d6c7-4d81-aa8f-00d4302a465d,f5734a61-1156-434b-af12-a72ad65f05f2,2975.29,2026-06-01 00:44:55.260822+00:00
f5e2349d-d6e1-4ce7-aa22-ea0da72c94fc,0a17dbd1-d202-44c7-b5e1-d3a6e7f54616,3097.91,2026-05-21 12:28:12.156751+00:00
7eddf5d0-fdc9-424f-aee7-1d77cb4f09b8,4d2e15bb-6440-4ad7-9872-13da2b55a8de,4470.33,2026-05-25 04:42:27.524435+00:00
8ee9418c-640d-4f8c-9f8c-b097ed3afa3d,afdecf93-465d-4a0c-9c95-3a18c5afb407,4479.92,2026-05-26 02:47:43.010167+00:00
47444c1d-4255-40b9-b08f-289f14647cfa,13aaaa6c-fb82-4501-b364-1fdc336c7707,4437.91,2026-03-20 18:17:12.395674+00:00
7183364d-6123-4658-a464-1b476586bd4c,503e14c3-af59-4aab-811d-df5efea89ff5,4176.57,2026-04-01 08:42:37.246075+00:00
3cd8b204-ab6c-41a1-bf7f-9aa219048852,9a98826d-5a1c-44a3-be5f-af590b6e1502,1160.12,2026-05-09 21:18:57.731094+00:00
474486c9-e272-490c-b706-3c53195ba43d,2ded5d9c-4c73-42f6-ba17-0f74e4c49310,2628.18,2026-05-18 10:31:25.118613+00:00
9c779be1-7806-4578-a8b2-cfaae623842e,22967912-7fff-4eb2-9707-fcb59a502649,2440.71,2026-05-18 22:54:24.923911+00:00
85dd71dc-9b55-4ce2-bf14-708678f4bce4,4136f370-a275-417a-9c25-5644610ba79a,2614.15,2026-05-30 08:54:32.297904+00:00
2600aa44-98b7-42db-8993-13ef8522a1a2,24c6f5c5-eaa7-4a04-9430-799afa8ad9e9,2775.53,2026-06-01 00:01:14.376230+00:00
72bef409-89a7-4d2e-8dcd-6e0c750194b5,0018d1fe-fd09-49e3-8777-d9cacd37642e,702.51,2026-04-17 06:00:37.471453+00:00
4208b193-74f7-49f3-a7e5-f1c20c837b50,9387efce-d450-42d4-9cec-3c6f87cd9e97,5435.09,2026-04-23 11:27:28.308614+00:00
a36bc0cb-46ae-431f-932a-f602522c1242,622dde65-462d-46cf-b4b5-861b49e0a834,3261.3,2026-04-25 12:48:43.745356+00:00
8e2f12fb-d775-4508-8124-34b06802ed29,01e0c056-2800-4f99-bbee-5f8bfcdd54cc,3594.32,2026-05-01 19:20:13.394951+00:00
11a4adf3-8066-4982-8fa5-e819f2968fb3,5e50b557-6bd7-43e5-9db2-1a62ccfba8d0,3349.69,2026-05-21 23:39:05.438940+00:00
23ad9598-d172-4896-bca9-d32309dc6579,a7490a71-c177-4068-bb64-dcc9325f1849,838.53,2026-04-09 15:19:41.246192+00:00
045f3ade-47f0-41ff-bb95-7a7c73adf45b,549a6f62-3813-47a4-86db-b72c0cc647e5,3928.39,2026-04-19 21:38:32.834114+00:00
caed673d-6b17-4d69-8b42-f43e25a3e74c,6e8329b9-0f27-40a4-ac08-7974d598055f,2298.3,2026-04-22 15:39:56.771308+00:00
5ad252c6-a33e-41b8-b9d5-fa3952c8d3a5,2a0df8c0-f5e4-4832-ade9-0d55f606c0cf,1265.21,2026-04-07 16:57:01.305716+00:00
2108eb69-6ee5-4b41-b631-7986b4f9643c,1421bf46-0f57-40fd-a597-ef7b90f8bd2c,10.0,2026-03-17 04:34:59.156179+00:00
9c9a96f4-6d67-4540-ae36-830d889f37c0,18d96ee8-c447-4414-9490-1375ddda17ab,1386.66,2026-04-14 01:46:06.888765+00:00
e6fc3d51-8d6e-4cff-9e36-b90b316e15ea,10032c80-2b24-4164-b942-94738243d30d,260.18,2026-05-16 07:00:31.231481+00:00
27461573-6652-4e99-97b8-a152221209cb,6362b595-4902-42fc-ade7-da46edde5d59,869.86,2026-05-17 10:18:03.339220+00:00
794fb45b-b9e4-4ac4-aff7-a0e854a566f6,4b6fd0cd-a93b-4ac3-b19d-ca8e5fabd833,3444.16,2026-05-17 23:54:07.213823+00:00
f1e56e39-fa0d-47b3-a916-1260069353cb,6750660e-6fe6-421d-b88c-930bf14ec6bc,4963.45,2026-05-18 02:59:19.800952+00:00
a3cae9f6-cad2-440b-802a-0916ef4ec4f3,e8bc3f53-2d22-4e8f-8171-182be153c0aa,2978.35,2026-05-18 05:05:32.663314+00:00
298b68d5-b957-4a0b-bc9d-a604f7e07d8e,d481a2b7-e36a-4128-ab51-078355d2855d,3021.68,2026-05-18 10:37:08.037400+00:00
a197d367-364a-4299-81a0-de3018e1de9b,5033e6f8-6908-436c-8c1d-c4e3dde4ad6a,714.04,2026-05-31 06:52:55.907199+00:00
9f610f4e-e1a6-4800-9ce8-7004603e0bca,28472da5-7dfa-4c08-a869-751a4745da48,2049.54,2026-05-31 22:00:56.902602+00:00
a9d2cb0d-f0c8-4926-be7c-55f200ed5c63,7d4a6992-283f-45a4-ba8b-d9ec5ef07bdb,3526.06,2026-05-19 14:56:29.149047+00:00
c0747032-25a5-4b33-881d-b98a2210038c,3e937e0e-4599-42b7-9547-b4c5a40e0ae5,5263.84,2026-05-20 12:28:08.473936+00:00
e97040a4-e174-4eb4-a2c4-32a3f13f9a1a,2022f529-e3d3-4bd1-b557-7e7248ae3f86,3719.28,2026-05-27 06:15:19.658186+00:00
f7730efb-a353-4207-a18e-c40576444704,49a65fd8-8a13-4e85-ad2e-b61e95cb6d1f,3725.92,2026-05-28 22:46:44.880064+00:00
3885647c-18a5-4fa7-b409-114ad3c3e722,afb11f24-1f85-4e25-b6b5-e7466471aa1d,1273.69,2026-05-16 15:14:45.865026+00:00
e11d5725-7290-498e-aea2-6825b82c38ae,511bec15-c6c9-4268-81f3-bf3fc68f6748,1841.67,2026-05-22 12:17:04.809719+00:00
a0521aa5-17c4-4b9c-bdd4-a925bd990d80,1ebcc8b8-f7bc-4282-a47f-be5c566b34e0,2246.82,2026-05-25 09:09:03.709869+00:00
7a8cd4ea-ad20-42cd-80b4-1ce705cb385a,08190ced-6733-4fad-9744-191386721c50,3332.9,2026-05-25 22:55:17.810103+00:00
4cfb9b72-fd5a-44ac-bfa8-ed8d6eb71039,b9cd4ef1-8274-42f8-a1aa-3f1c0fbdedc3,1750.33,2026-05-25 22:41:35.156426+00:00
6525abba-00bc-4cde-b0c3-b47f6b03182d,15672b53-ff92-490b-879a-760d97a1ab24,1874.4,2026-05-20 19:05:11.885093+00:00
e5f40872-1a53-4c57-9e10-92f1639900af,58344347-59bd-425a-8caf-4cbc6ce2a865,1438.82,2026-05-28 13:14:19.341474+00:00
43f5005c-2968-46ea-b5ba-a9db34749e7f,afb2ceee-2cf6-41a7-bcc4-8ea20a46d459,4296.43,2026-05-05 21:29:46.893596+00:00
3417fb5d-3466-432a-8746-02d8aab230c3,1ac63230-61cd-498d-b41a-b9ac2fe81ace,3975.27,2026-05-15 00:11:50.248441+00:00
113b4661-76c8-466a-bbf8-30045e288d1a,e07f899e-0783-44db-9664-188207c88176,4939.81,2026-05-15 04:43:43.253169+00:00
d3947b96-c8a8-4bcd-bcd5-d22407c8bb80,8c44cc5c-58f5-41ff-a943-3d2e1f242530,5348.59,2026-05-28 06:21:48.005649+00:00
d6f5704d-d486-44fe-ac1f-2a361bca490d,de0c5602-f667-4e3c-aa99-79eb6de6eceb,10.0,2026-04-26 14:41:53.088535+00:00
aaaa52fd-3dce-473a-82fc-99e5d461ee5a,51760888-dc94-48ca-9caa-289f801ef49a,498.13,2026-04-29 09:33:19.394441+00:00
cbffa742-98b2-40e6-9e73-f2c0d477ef30,3f759a35-0d75-458a-9969-b480afe21d3c,489.41,2026-05-07 00:39:36.013105+00:00
fa25f434-7b9a-4ef4-8739-23a60ba2ba9d,18466712-839b-4d89-bd1e-1687418032f7,1809.8,2026-05-24 01:45:36.900995+00:00
07adbcef-6d5f-45f2-bd46-f30a4ad653a1,8dbe4618-e9ca-47c7-9142-8eba1bb140ea,1139.62,2026-05-24 03:20:03.699432+00:00
f4e53aa3-0993-4f92-962b-b02d4f932eeb,0ee548f7-c1b4-44e1-a155-ab00368a8ee2,542.33,2026-05-24 07:06:35.473464+00:00
6215137a-7c0f-419b-8a36-2c8751d660cf,1e9b57d2-38fe-4929-8f87-18578357c1aa,3209.16,2026-04-26 01:38:00.020076+00:00
dcb68f91-134e-4ac1-96b0-50f78e173c5c,95e9c91d-5f98-4561-8026-4ba7addb3a39,1798.13,2026-05-17 18:58:01.498787+00:00
94e45fc2-16f5-41cf-bdd6-03b7ca7c9a95,e7686af6-cde7-40a5-9241-78d20ea38b15,1410.02,2026-05-20 12:46:48.624096+00:00
9168d8ec-1a51-4b34-bf8c-487bb9e80942,dacd523f-7cfc-43ae-a1f2-81f15d692301,2565.94,2026-05-07 00:54:30.677307+00:00
a51ab28b-b65b-4854-aa83-6f6e44df9e6a,1692148f-5416-4c07-8de8-3e152f505d80,1018.16,2026-05-15 22:33:36.214546+00:00
f83bcaab-d58a-4b63-b862-cc5dc614be88,0d148f37-8011-4a33-b68e-5a677f89df14,2150.69,2026-05-21 14:20:50.630705+00:00
4bb9c6ef-51c2-4bee-8ddb-cd680617bbec,ad177660-ff13-4092-bd5c-72819d3dfe77,932.09,2026-05-28 16:42:56.410789+00:00
f069e216-c2f4-4b54-bbd5-fe69f522430f,8437564c-c190-42c0-9f90-9066c608efa2,2367.59,2026-05-02 05:39:14.318267+00:00
4a04eaa3-d6e2-41e7-afce-0adf8e53c752,64366378-d38e-47cc-bc6c-49c53f189c03,2697.96,2026-05-13 05:29:14.939641+00:00
463dcac4-1fde-4a53-bc0b-829577906d4d,3fef0baf-67d4-45c7-9e2d-2fc755de8366,1025.9,2026-05-14 18:17:20.250906+00:00
814b16d4-61d8-4f48-b3f0-4024756ca4bc,81f49573-1cb5-4185-b0eb-a7c736e31146,1240.62,2026-05-17 09:34:19.928820+00:00
c1737670-e5dd-403a-9555-ea18f1c2e492,5751b355-5a72-4fc9-9397-e4f3f227b7da,1171.87,2026-05-25 05:56:52.683664+00:00
9ef8df38-4b24-4d11-96c6-f997c31d72b2,840b831e-9d44-4333-8d88-9cb6a50cdc71,2872.99,2026-05-12 18:33:45.320122+00:00
c52509b8-5089-4a3f-b813-99b2f5351071,736ba1be-103b-4710-865d-3b8986001476,1279.99,2026-04-15 18:02:22.409111+00:00
6c593a6d-d60c-4e27-b276-aeea1a8d5c58,a501da36-ee5e-4bd4-b6b9-9411e5ca773c,1315.7,2026-04-30 03:59:01.111296+00:00
d1b70fa8-26bc-4467-af91-6283f9a5fda7,8c15fb40-e70f-457b-a3fc-233b9d2e91df,1423.72,2026-05-04 06:06:30.090020+00:00
a364f74e-dbd1-4365-aa50-909887eb9a3b,311a9307-f4e2-4f85-9257-5de008caacbb,997.61,2026-05-27 17:47:56.056722+00:00
009dd6c6-a577-4e67-86e3-282903230157,e41613b2-2253-43d9-9603-7efb3cbfd657,789.82,2026-03-23 07:49:53.488345+00:00
4269ea25-abb7-417f-af60-b8ed1ba4fd16,3dbf56e9-7c4b-4b94-83a7-0393b9b3a48f,1346.49,2026-04-25 07:13:03.230075+00:00
38b86e08-1751-4b44-b6f1-393e257366a7,4066a7db-3c2e-48c7-ac03-8fa9e3ad39c7,1938.08,2026-04-27 21:31:27.995624+00:00
dee68e31-3c8e-4d44-b753-b9a140fa90ba,fa99e925-49f9-42f7-a94f-ac008f3224e1,3339.36,2026-04-28 17:04:04.124631+00:00
6735e743-e32c-41ee-bff7-6b2df480b7a7,54746d7a-d750-4d8e-90fd-c6420eb003a3,1554.44,2026-04-28 22:24:18.333706+00:00
e4d93237-542c-434b-b76d-a5edde5f9e38,e759601a-9734-428a-9d70-c1a2de1e7a12,2297.35,2026-04-29 00:26:21.027896+00:00
80c95769-affd-4283-87e0-06ee7267a5bb,ce0aa8d6-fbae-45f0-957e-0f9136657e08,3470.73,2026-04-01 12:46:45.091805+00:00
a799ef6f-9147-47cc-867e-8081892bc10a,bc9b4d79-a8a3-4d89-a061-81828da5636d,4039.7,2026-04-08 09:40:26.446201+00:00
b1bc5025-0961-4c38-abcb-093f024b69f7,9547239e-7352-462c-ae89-cff8d7658afd,4618.19,2026-04-15 16:40:55.937521+00:00
7b8905d9-f0a1-42c9-87d6-2e2f3c024691,6c26533e-d794-4d09-bc57-f63a08d1cc13,3482.02,2026-04-22 03:56:24.807876+00:00
3c011229-8745-4b20-b762-229d58c48fa8,aa11bf90-5b19-44d5-9e97-b83d39c3d430,10.0,2026-05-01 05:52:59.817711+00:00
8055e332-feb2-449f-a750-03dbf4d61697,18536431-fd78-4647-951d-8404462b7d1e,7062.41,2026-05-16 08:18:23.116924+00:00
da519a59-a9ba-4206-b688-083ea52d6b03,fbd42b45-139b-4d24-a0da-54caff1eab68,1124.33,2026-05-28 23:39:12.653973+00:00
a2898b83-6573-468d-b746-db654fd8b192,ce6e79f8-6aab-4513-81ae-439c71bdde98,2454.55,2026-05-28 07:40:15.735943+00:00
8a999946-1871-4958-a9f1-cc527f75145a,88434179-d6b2-4127-a311-00feae0cc118,3171.46,2026-05-31 19:36:39.634064+00:00
fe3cf998-4ba9-43d8-8a44-46cd8911b908,83116652-3399-4f65-9a71-69160c6a31d4,1044.75,2026-04-12 04:12:19.824138+00:00
045a3c26-5d91-441e-a430-37ce6c849888,8e13cd11-ab1c-46d1-9aea-ff7f36cfff28,2450.1,2026-05-02 00:34:52.791509+00:00
5cb6ee2f-8199-4fa0-9d78-11bdddcfd937,5bf17922-ac3e-40e9-be86-b7c7392ec008,919.73,2026-05-09 09:32:14.262359+00:00
692dbb30-b7e7-4c2a-9b77-7acd13fe5a6c,9c176179-92a1-4974-9fb5-d563a1ae2d28,640.82,2026-05-18 10:03:31.529527+00:00
8ed3efab-3f25-428b-bf40-313cdc55b862,4e19e63b-398a-4b5a-a3c3-67692974f7d6,1111.95,2026-05-19 18:57:06.589482+00:00
da12ef4c-04ef-4059-839a-1ab83903821e,2406d0e3-0b77-4459-9e82-6867f1419a01,10.0,2026-04-18 15:43:23.722994+00:00
23f3bff9-c77d-4481-b137-de77d6d0d44c,9ab2a018-afa3-4ca5-93aa-59fd64f28f60,252.79,2026-04-20 11:28:32.236911+00:00
86e7c373-1ec2-4b9f-b3a4-8809c47a5f9c,e7b87366-bec7-42f6-8893-0f2f75db58c7,2077.83,2026-04-20 17:42:04.663375+00:00
eae427ee-8b84-4fb9-82ea-a8ebcd7763fe,5506cf04-18bc-4f7d-9e2f-5fb9a96e1dc8,853.85,2026-03-29 11:25:14.897353+00:00
6605506a-9513-4d59-a5d9-f9186c198bff,76ca21c8-10a6-44aa-9640-7b20e88118c0,2415.87,2026-04-20 20:37:20.223162+00:00
285b0d97-896c-4e8b-9cb0-741e430888f2,34a25d81-6207-411a-ae57-2a7e5522f2d5,2344.37,2026-05-13 19:07:05.320326+00:00
8c84638a-fad2-4c2c-9630-a362739ddad4,4363ba89-22da-45bc-8357-3a2f4fbac775,1300.4,2026-05-15 14:31:44.929764+00:00
b77c0474-1d93-4471-9c6e-9e7a5e740ae3,d5848868-9454-47d0-aab7-4e78a0bc366a,802.59,2026-05-27 23:40:25.759086+00:00
1903dfd3-b9f9-4c21-befa-3827d72d5614,e5a7cc08-b418-40b0-a500-af3449eaa162,984.65,2026-05-28 03:03:08.463294+00:00
f66b8d14-ad97-4777-afd7-80b2b95e653a,8aff9cbc-6b89-4a2f-a51b-3a865408994d,1309.31,2026-05-28 15:25:31.816610+00:00
6a765878-7c41-4289-9d3f-0e218787c00a,bcd20efe-dfa4-464a-a57a-95d90a4c6124,1074.32,2026-05-28 23:57:25.685417+00:00
c2a15e87-5e9a-4c88-9a07-42bc8bfe6c42,2f7bf8f9-5ea9-43d3-8172-8825aaf60c00,1406.75,2026-04-04 11:07:23.598878+00:00
a25232ac-c6d1-4274-859a-22a7dd619051,f663b0a7-ea6a-44b9-8846-2b8d7fa964bd,10.0,2026-04-17 03:45:17.852324+00:00
75490447-6c82-493c-9441-4662a2be561d,6420c3aa-9299-421c-9ecc-a360445a4fab,467.07,2026-05-07 07:11:25.315424+00:00
74d007a2-78e8-4ec1-8e46-f56e8aefde23,bfd9f40b-c985-4519-8a4a-b582db4b7fdd,5426.14,2026-05-31 13:07:19.944846+00:00
ac08d302-3ee2-40ef-99f2-bc41f6c9c8cc,683168e7-f312-4c44-86c4-bb31c7ff8346,3173.39,2026-05-02 01:55:12.094782+00:00
38e0c5cc-3f63-4d82-9ef4-06b06d36a642,34387e6a-19aa-4441-a889-08fc72ac0311,570.27,2026-04-19 07:29:44.322430+00:00
8dc47f7c-eeaf-4779-b6a2-516103fe50fc,ae157a73-6ad5-4f4b-a1f6-9e51ea86dd23,1596.64,2026-04-20 01:31:46.026615+00:00
54126bdc-dd2d-441d-8a47-844c1f2cb518,b419b305-95ac-46b3-b8c5-8d35c037930a,616.18,2026-04-26 20:52:55.848346+00:00
9ddf36b9-283b-4445-891a-0dbdd44921e2,93497cc8-ec7c-4938-9667-5d9dd0895deb,1083.2,2026-05-22 09:03:05.381737+00:00
390abd54-340d-45a8-a38d-d0435066746e,4d749da1-a683-4438-a2cb-a0b403253906,266.89,2026-05-13 05:04:11.851352+00:00
b2e2a1fe-226d-4eba-a07f-19cb766ac52e,7f96843f-7334-45f8-a9ed-e47e4023e957,590.72,2026-05-25 23:14:04.651762+00:00
3ecc97a4-399a-42ea-a977-b50713e46023,efd034d3-e8e4-4d1b-8136-5d1997bda510,294.2,2026-05-29 20:18:15.611041+00:00
d747ac39-af30-422f-b597-5b77ab13791b,a2652764-cfad-4ae7-a2f8-3e36019eb900,128.43,2026-05-30 12:10:32.498474+00:00
d9e05d80-0426-41ae-bd51-e496305f34d4,4608b9d3-51ad-4b6f-90ce-b3e6f2b72259,5135.52,2026-04-07 07:49:34.262133+00:00
64f99b53-f5a5-4dad-a168-371e5f379324,44cd9f7f-59ea-4ddd-ab28-284d133c184d,6318.56,2026-04-19 01:14:06.100429+00:00
9454141e-e67b-4367-b68f-be335a82754b,1dee7e43-51f0-4765-8160-7a08b7d8bed5,10.0,2026-05-29 18:50:06.630177+00:00
9e888b0d-c901-4b74-b2ed-75590961a6a5,6eaae840-25ca-4472-a712-d549d568c197,4225.43,2026-05-23 04:56:03.197193+00:00
ee3bc129-b7ff-46d0-a102-9b43422e6ced,49c088c1-26dd-4264-8cc8-9159af8a5f8c,2100.49,2026-05-24 04:39:22.480726+00:00
1a50caf2-9e3e-4926-8c51-561ac044cb85,1ef37b9b-7e91-40df-8371-0f21dbead858,2792.13,2026-05-28 09:12:44.239848+00:00
ea934f1a-a48c-4b0b-a30b-7f6a8d75e0f7,c0c72fc8-da53-4a4c-9d47-14572bbff996,696.7,2026-05-22 06:10:49.313926+00:00
06fbef8b-1817-4539-a98b-9cf98c90fc42,613d66dc-4f65-4ad5-8985-32063aa3998a,283.07,2026-05-27 01:59:38.203865+00:00
b6f195c9-9e82-4a0e-9f55-8b0f1c18484d,10112844-242c-47ec-bad0-a2275b442851,498.06,2026-04-07 19:34:40.459476+00:00
bac7d147-4afb-412c-ba00-fd5eeac39c55,3bcb0910-7d3a-46fe-9ee8-89dbce022d7a,1884.59,2026-04-15 07:17:56.041898+00:00
378c7be3-3871-43eb-ab46-2139a68b967c,0ae259ec-4f58-4865-a584-ab9956637e4c,2474.97,2026-05-06 00:54:51.974513+00:00
63c53621-9166-4ed0-8539-e714bb6a7466,706b449d-0471-42fb-a8cf-14df020da62e,3113.97,2026-05-20 21:11:01.672676+00:00
e75e1d97-10bc-45f4-bd98-bd504856ac7b,89e865c7-d463-4855-b5ee-e898df247b2f,975.48,2026-05-31 11:14:52.343610+00:00
c6a0298e-7ead-4bf7-a0eb-92ee8fb11d32,5ee4aa9b-c393-44ef-b042-2b9c701a970e,423.48,2026-05-31 12:18:51.645462+00:00
f9292286-94ee-4ded-9790-976065ac04a0,265a628f-facd-4e4d-9d15-49c3686f3594,557.31,2026-05-31 17:58:29.786965+00:00
91805135-95a2-4d29-b570-2232a89b4e4d,d97e0eb6-b901-4a55-af9c-e8ecfc1f5e93,259.69,2026-05-31 21:12:47.075187+00:00
fc77b03e-75f4-4989-87df-d9d3cf3d7c10,adb99fad-669f-4a7d-93af-019d0a30b654,726.73,2026-05-31 20:53:37.976893+00:00
c9e58c33-4a78-46d6-8411-b89932a7bb5a,7992463e-d1fb-4889-a632-b228e4a876bf,230.74,2026-03-16 09:05:22.134931+00:00
e9074b1e-3f9a-42a4-9bd4-cceb0976ae40,f18e6130-d49a-4da6-93f3-17454340fe26,759.32,2026-04-20 03:46:52.003368+00:00
e092c63c-d027-4a32-aa76-84aeff3d6baa,a96a009d-4e62-43a3-ab5e-6486d2c55307,586.28,2026-05-12 05:02:47.683382+00:00
c9a64b88-5642-4449-a081-1d2a4367a4dd,e29d0c8e-56e8-4ce3-99a4-00c9f12cd017,3816.43,2026-05-31 12:03:32.537657+00:00
c1b69a6b-ef6d-45a1-bc52-c7749ade1136,10647df0-9208-4ec7-b11d-513144aae70d,4657.37,2026-05-31 15:52:18.686275+00:00
8036e95f-c7e6-4d9f-ab90-0b05e98c7fa9,17666866-8959-4850-9d66-274b4c97d4a7,1944.88,2026-05-31 21:54:44.394878+00:00
1bf04664-2eae-4da2-a01f-352c7b3e7d50,fa9403b4-46eb-4840-8150-600ca7e7a1c4,2170.08,2026-04-19 00:02:26.468073+00:00
ab4fa806-c4fa-438e-9d55-8eb1bd45fb97,b87b0ab8-6029-43c5-a1ed-5b5a560e561d,987.9,2026-04-29 08:21:15.073310+00:00
01d855b1-2a36-4d5c-bda9-62ab508153cc,8e963d17-72d3-4fb4-ba79-02b4d692e4ed,2448.88,2026-05-23 23:12:29.380503+00:00
88d1b33e-08c9-4ed4-bd36-f37dedbd5195,c88f616d-9203-4459-80b9-77e0939a2250,10.0,2026-05-03 05:03:45.640236+00:00
2af1e102-8b1e-4291-be90-85236534bce9,b36c5ebb-d3ff-485c-81ba-0986bf44832f,5116.84,2026-05-04 06:18:55.471214+00:00
40fad673-8128-4130-957a-cdd46256ef24,a0310d51-f714-4134-b135-a4dc21e91a1a,6539.06,2026-05-04 05:26:55.675106+00:00
61e9f45a-f60c-4b9c-90d6-27613f21ccd3,90bf3e2f-cfe0-4028-835e-d69abb9cfe1f,3060.69,2026-05-04 11:27:52.005022+00:00
02a8dd6c-abee-4b76-ade5-fae40487bda6,e0ffa922-aff7-4833-b48b-df5b8ef22e65,6016.04,2026-05-04 19:25:52.723257+00:00
2d0043ff-f58b-4e74-b96c-87c2e678725d,b67b07e3-77ed-4469-8011-668a525d0f73,1053.23,2026-04-18 15:35:52.686444+00:00
08e0fb8f-4ec5-4d8c-a596-d0545e2d6900,ef05caa0-4207-43c1-a787-f510d7ecf34b,2749.95,2026-04-19 09:59:33.471136+00:00
c328b1ab-1143-41fe-9ca7-00c7f2aed9aa,1298f36f-9cb6-4b81-a4b7-cc7143e4056e,3379.3,2026-04-22 04:46:44.530648+00:00
0b5e96b4-de0a-4250-84aa-7f963003f297,4ce69083-1850-488c-b5dc-1753b404f030,2594.48,2026-04-22 09:58:13.708423+00:00
296b9090-5720-4bc3-8de3-627060ed3c6a,2156e30c-84ab-4395-8d9e-78e20509347a,4185.65,2026-05-03 08:09:07.582182+00:00
b8a5e6d1-0984-481a-b338-954b28efe64f,b2c257f9-9799-4d3c-b04a-00cd512b90d2,2126.55,2026-05-08 16:20:12.111838+00:00
c0b98628-6e45-4742-80ae-4f75d1d995f1,3523bee2-ae27-452b-b359-3bdc47908cd1,4543.56,2026-05-10 01:55:39.271475+00:00
63297644-48df-4120-8b7c-a8ce7ca82550,d978c8f8-9c94-45f4-9b55-80995fe97027,3263.38,2026-05-17 18:37:44.005507+00:00
b1c50323-173f-46ff-813d-dfd0247298d6,57730ac6-6996-4360-92e3-097a6a6b0b0f,3652.32,2026-05-28 14:56:21.313241+00:00
0d93cc8e-c3c6-44d7-8af7-e25cabacf4ff,578cb338-c9bb-4c54-b73b-2d00e1cac505,1535.8,2026-05-30 02:11:12.825437+00:00
d11478ea-956d-44ba-bfbf-ab84d9602bbb,9e57d6fc-4985-405e-906d-404753808985,2054.08,2026-04-15 18:21:08.729574+00:00
9a341c3d-9df7-4ee2-bbbf-387ac5b3d0bd,d292d0c0-0b6c-4259-b14f-c4b03b4d723d,3691.42,2026-04-20 17:46:35.520282+00:00
f290672b-5fa8-44d8-bba7-5e5fc7d6a54f,fd4fe7aa-be91-48e9-860f-f0c83e51054e,2767.69,2026-05-20 07:11:47.034009+00:00
ff6b4da5-5f27-4a8f-9fc8-6bbe4e7d3376,4d1e7b1f-7ce4-4276-a1f4-a7c155e6033c,134.37,2026-05-16 15:41:38.236950+00:00
30c803c8-034e-4476-8d78-1b1804001c65,a400e2c0-7789-447f-89d9-c708e7e31c91,874.58,2026-05-18 01:16:26.786500+00:00
a352d1c4-5908-4883-ade9-e338d8ec3d2c,e848f207-a6e8-412b-81de-1752198f1d46,2198.36,2026-04-15 08:30:21.076403+00:00
e174fd80-bc22-4f7e-b273-0574f7f65c38,75f629d9-0ceb-49f8-91d1-563c5b4c6f70,2148.72,2026-04-23 00:10:10.660292+00:00
c4361448-8f81-4143-8308-6b66beab8658,80dbf145-26df-49e6-874e-e27950e12724,2823.37,2026-05-07 19:43:19.595497+00:00
7ad99bcd-3ec7-478f-a75a-e245b9c45571,c790472d-82a1-4dc7-9a4e-f8a563e8f90e,1851.0,2026-05-28 15:06:30.633829+00:00
a22d9368-1dcc-4d92-97d2-07d0cc26a151,db518f14-8c6d-4f7c-ad9d-c4bffdf383d6,2646.5,2026-03-27 00:15:58.817471+00:00
200fe86f-022c-43d0-ad1e-ecbc490bc4ea,86c0c4eb-272f-4240-bb40-ae5372da7c33,5495.17,2026-04-18 11:52:59.808131+00:00
ec65e63b-10e2-4950-9668-a527d5a5b2ef,078a3140-3eea-4bc7-ae94-2186841fb130,3637.38,2026-04-23 10:58:07.312263+00:00
1c801af9-a536-4bc3-b70b-ad03a616a2bf,a5387ba9-1ca3-4b09-a010-606ca8ed009c,3522.64,2026-05-30 21:41:25.483047+00:00
fec435f3-f382-41ce-9650-a100008c39ce,84dd259c-c3b8-4e0b-9033-73e890c8a3cc,4558.59,2026-04-17 23:52:33.866646+00:00
9f326d47-8b72-429c-9cca-f67ff46ed733,200594b8-e8aa-45d7-b6ed-79f9eeba6c8a,2537.9,2026-05-17 00:32:15.075273+00:00
f5d7525f-8a13-446b-a12a-28e23733d47d,f7851d2e-86cf-4f75-8915-e15661f92c34,1013.37,2026-05-16 21:45:17.963218+00:00
7df8caa2-fe6d-431f-a774-70502f6d8253,ab8e1a5f-b06a-4cf8-8ae3-ab756a17cfbb,378.41,2026-05-21 16:34:42.575982+00:00
e6480010-5836-429e-80d1-11dcd868ce13,07d45cf7-a0c0-4931-906b-13736965943b,286.32,2026-05-27 17:24:16.990229+00:00
3d0eaa99-47bc-46b9-8a56-594d41d8f596,50788b57-2a49-4cec-a3b2-726d577f491e,382.1,2026-05-27 18:24:18.968011+00:00
41584fa0-3a9c-4802-bf7f-3550a9fae1e2,04f06f6d-06ae-4557-ba65-46ea18bc6d63,91.42,2026-05-28 22:02:43.358952+00:00
02093ac0-0620-4697-a2b1-b69225a1cae1,536633fa-00e2-4344-9f53-78012bebac17,367.72,2026-05-31 11:59:40.682726+00:00
a49d4868-d06b-46f9-b18a-80554a64c5da,f4e4ab57-e679-46c4-a2cc-ed88b317b866,4420.4,2026-05-17 13:51:39.862150+00:00
9dc1f997-41cd-48e4-9cd9-21ac22f0cfbc,72f9f9ac-e24b-456b-8f92-d7b01316fd71,1440.92,2026-05-21 19:54:45.490125+00:00
6d2bae31-74b5-4668-917c-d2b6a4ac5843,1a6d2d38-6674-4db1-8b7c-db212cd79dc2,1836.95,2026-05-23 00:36:14.335989+00:00
8ca05f39-170f-41ed-b9b5-e93e74d4bfe1,0a3a88d3-1847-47e5-a6f6-8e59413e02bd,4413.58,2026-05-24 07:49:22.988903+00:00
f26d75b2-464b-4f0d-b87a-3459d2f23a24,7a340550-7f3e-48ab-b033-f260d5a6ec3b,3428.45,2026-05-30 02:14:32.504599+00:00
09f131b5-f90f-4640-892f-bd36f1ed3ee7,ebf01cb3-b57c-49e7-b645-255fd0a66bed,1130.87,2026-05-12 08:47:19.762148+00:00
e72f0add-0ea8-4656-8598-6baabfcc2ab4,5c48ddd3-b771-442b-b04b-0f3871604d9d,2519.22,2026-05-27 09:17:04.740466+00:00
6298baac-aca6-4136-bfc6-52da929468b3,dd3bfea9-0faf-4bc8-86c5-7dc96aed53b5,519.08,2026-05-08 06:05:16.223548+00:00
49cf2365-77b5-48d0-a1ef-a7d45180bc4f,d59bc457-1dea-47ad-8a32-0e686328222b,840.4,2026-05-08 14:16:33.409655+00:00
18d638e2-2ae6-4e3d-b102-5fe479bbe0de,cafce217-00e1-440a-ae0e-7cb4d7c5777e,851.85,2026-05-11 04:57:54.029179+00:00
55a12d80-0272-4e79-b492-d90cb2a900e9,a84f803d-5186-46ff-b8b5-e130201b6a3e,562.19,2026-05-15 16:23:49.584653+00:00
34529ee4-bf8c-4b2b-a032-129f0d8903d6,696d631a-ca69-4400-9ac3-f77c950d2ae9,539.48,2026-05-17 13:45:59.064997+00:00
05c08cba-af91-4795-9ff4-4833d2c05b48,8d07751c-348d-4a36-aa41-5d459d2da118,4968.73,2026-03-27 09:59:01.601715+00:00
bc70da04-5873-4cc8-aa97-c76a4356b4ba,e4df43b2-ab0c-44ee-a813-91b132b486ff,1599.73,2026-04-06 10:39:17.679545+00:00
7609ea44-a880-43f5-808e-11fcb32b9314,71301687-1d93-4f37-96fb-f82490ae3c14,2013.64,2026-04-08 01:29:23.910806+00:00
b3e1a297-aee0-42bd-9b72-68edecd5b3b8,bb1af1e0-6e68-4746-aca0-1e9c72bed785,2496.5,2026-04-03 02:14:27.994980+00:00
c0aa4ce3-a51b-49be-a5d4-5bd98e7c48cb,2ee394de-f1a5-4532-89ca-24edd2788df7,586.7,2026-05-26 05:53:03.790685+00:00
5331e66e-afab-45e1-b134-a1dc57fd76a4,054b2898-fe82-408e-9237-cb24d4e93551,234.5,2026-05-09 08:32:42.783183+00:00
d31e2325-c7a1-4a38-8025-2fecab474f13,c42c60b8-85a0-486e-975f-a6b82400b037,624.97,2026-05-13 07:51:34.494243+00:00
464bd157-1e3d-4a99-9378-53ab6495ea1b,29dff65b-c3d3-44e4-b884-f0fc1c97b6a6,734.94,2026-05-19 10:18:55.152961+00:00
3ec6881c-92ea-4edf-9bc9-54fe65e6a8ff,bb31ac6f-f0d7-4edc-b762-f5144193dc0a,2033.32,2026-05-28 04:32:05.298894+00:00
3dd645c4-8303-4fb9-9bbd-664dd12d4034,0e645974-4e81-42ea-8c08-ad7bd3f6c015,3244.11,2026-04-21 05:58:37.096342+00:00
b15b34d5-8951-4eeb-82ca-37762844b524,285f74c7-33e1-443d-b11b-6d2eda66f6a9,10.0,2026-05-13 05:21:18.208082+00:00
0c89b917-a790-4a04-a7d6-439b51beff32,547db71c-509d-48a8-9aa9-27830313ac96,1526.07,2026-05-17 17:46:30.619286+00:00
24b6c387-b72a-44a5-b9aa-94b09e5a7bfd,cefdcc06-7e72-4073-8db3-315890de186b,2796.44,2026-05-22 20:52:56.453212+00:00
9b70bf2c-3ffe-49a8-bf71-cbbadebaab0b,fd32404f-06f5-4eea-bc71-f5b4c3ac5c2f,3960.49,2026-05-27 16:26:26.330837+00:00
a939d4d9-c058-4ac5-9265-d54c13df798b,7969496e-6179-459d-a041-2425f256dc81,1806.97,2026-04-05 10:06:04.365175+00:00
5dc4fc46-2461-4fee-acb6-61b50499c873,ba23868f-c02a-40c4-9c28-cf5112e203b5,650.81,2026-05-02 18:27:05.717439+00:00
7b755230-5e5d-4b11-93f8-b0ae3e69499b,4f5c180b-523d-47ad-b453-4ba43a4f7948,5433.54,2026-05-18 15:21:28.613010+00:00
4896ae93-e9c0-4158-a221-b1018fad64d0,bf0672bb-f832-4d43-8e2a-72013acda2cb,10.0,2026-05-24 05:36:11.170239+00:00
64e1f231-652e-4318-949b-4569a17e8f73,ae7aa89e-ec49-4ade-b243-589626981903,5945.45,2026-05-26 17:28:44.108345+00:00
7ad0a735-f347-41fe-8b11-c470980efcee,c94d03e5-892f-4215-bd55-ec2adaa0e7c6,855.51,2026-04-21 01:02:51.972839+00:00
bf4620e3-5fba-4daf-824d-f1ce1cbdb346,eedf9cd8-9996-4a98-9482-5f13d9646ebe,2459.22,2026-04-21 17:56:19.258508+00:00
733c7d36-6495-4cc7-ada9-013e036c61aa,94e5bcda-ed64-40c4-82cc-5a9d5f075d20,2209.62,2026-05-06 19:31:07.045092+00:00
d04e9be5-57d0-426a-b502-eb638a35dfdf,a5d775a5-d8ee-472b-811c-e76284e991d8,890.37,2026-05-06 07:52:38.340302+00:00
ea631d9a-1ca8-439b-8c0d-f5d4306521fb,f998a80f-9cfc-4ae1-a24f-4f0a218d1855,1132.13,2026-05-06 22:52:51.781908+00:00
e32c3ae4-ffd4-4ba4-ae4c-99ac6bba4442,ded6914e-28c3-4f1a-bb53-c4028eb4906b,1043.42,2026-05-19 17:47:52.745240+00:00
2f81e607-e0a8-4bef-a35c-fd3877efdfad,e5693668-026c-4a5d-8688-2267d977ce98,1391.37,2026-05-23 08:21:52.560089+00:00
d9c974d9-115c-4179-9263-cee2f98c40c5,671b9269-8e89-45d1-97e9-c3a271458777,1003.61,2026-05-25 21:16:28.371411+00:00
edfefecf-b214-4418-8bb4-116ea01e3c2e,4d4de090-be0a-4a73-8ba1-9c7c0094df58,3298.16,2026-04-17 01:49:26.767026+00:00
741bd649-dc82-4c06-85b1-ec7393a1fcb8,6a577938-0c46-49e4-9845-dd71d78fe29a,6959.83,2026-04-17 11:47:34.840680+00:00
269546d3-e092-4ab6-aba6-7ddce86b8f1a,cf8cd4ed-4106-41ce-b406-86dc353fa2b8,1325.13,2026-05-24 06:32:26.985799+00:00
373f0871-0fae-4408-b12f-9ab79415e458,f43315cc-fca5-4861-bffc-f54c0eb444dd,1223.36,2026-05-20 11:51:49.577381+00:00
80537cab-a651-46de-83ee-c4d0f7d2596e,8cc4e5da-e973-4ff3-8601-a5c151e97d46,660.15,2026-05-22 13:08:17.757469+00:00
9a185e52-d23d-4a96-b6ce-845cbcc195e2,df4f3fac-304d-4b77-87cc-8c3976f623a9,1199.72,2026-05-29 12:52:16.184970+00:00
476862ea-08d0-401d-9a94-2354096aea4a,db68de5c-18e3-4dd1-87e8-6efe246c2fe1,8393.75,2026-05-01 05:51:56.067640+00:00
0441c880-7893-4834-991c-52a5e76f29d7,9993e2f9-e3b8-43ce-8bbc-2c2d203b19a9,1927.59,2026-05-22 01:43:50.641489+00:00
f630c309-e41d-4d38-a14b-1234f068fba1,b8ea19e7-2946-4e9b-97f3-45a972be43d4,3797.25,2026-03-25 15:44:12.582125+00:00
3a8a7e6d-b328-471d-93ef-d5a697192d45,b681f163-9396-4584-91a0-4306ea05cbaf,3806.31,2026-04-03 21:31:10.000252+00:00
84b90ed5-de66-4334-9106-77cab2fefe5d,1bc49fe2-b197-4f76-b5d6-bbee72db88d9,6238.17,2026-04-21 16:31:50.643803+00:00
f8d5c387-328d-450b-bbe8-be10dc9126b9,f4a086fd-db01-4888-b626-b208ab63bddf,5334.3,2026-05-01 01:02:57.890334+00:00
0445401b-7f79-4b25-a942-67f330274465,cb987b90-1491-4478-a976-7c5cb67d332f,571.93,2026-05-09 01:50:55.017362+00:00
ec528245-e7ff-4bfb-828d-902700a4ffd5,99a6537d-1105-4cf2-be10-2c9032230109,498.76,2026-05-29 04:35:43.015920+00:00
4b64b876-a451-4f6a-885b-150aefe7b4f4,1c69d8ab-7f06-485c-bbd0-55fa8a2ad490,2659.36,2026-05-14 16:29:40.071638+00:00
4a4bc749-2e40-4153-b12d-7dcb70277f53,1a3d9fed-90fc-4d2d-ac16-d93d952bec11,2376.32,2026-05-17 23:58:18.436712+00:00
cb7a11f0-72ea-411e-bcaa-131816f3fa72,636f824d-2979-40d4-8e11-65c0e91918de,1086.43,2026-05-18 17:40:30.522539+00:00
5203ced6-aca7-429f-a1d7-84a999ccd1c7,7a47c046-0e6a-4f19-9012-eef67c68ea5e,2081.68,2026-05-24 01:53:04.523752+00:00
6b74e6ac-a71e-4c3f-98c0-749f154bad5e,5fa72cae-e92a-4a3e-a907-9ae9c30e5a9d,1985.48,2026-05-04 09:18:33.490560+00:00
bf1fb203-6789-4d17-b69d-b25a0e0675f5,d9a305a5-2996-469a-8180-22d7e33709cd,2137.39,2026-05-21 01:03:43.768369+00:00
c4f8574b-4302-434d-b2d1-e094304bd9b8,88b152e4-8d5f-440f-8aed-efce67697de0,2042.99,2026-05-23 21:17:04.392771+00:00
d8f431de-f323-453d-b6f0-4dab37c11029,9139b8ce-dced-4427-816e-bde3632ce8dd,1496.53,2026-05-24 17:37:04.683921+00:00
fb0b77f2-7ec9-4a4a-b551-a3d069f69959,0393bdad-2f82-4bcd-9645-af1f0458aabe,1335.88,2026-05-22 06:33:28.928976+00:00
a5a17968-5f58-49bc-bb0d-6e51bb07746a,2e4d8ec9-c76d-40dd-b52b-a7855bc14e5d,1037.92,2026-05-29 23:53:04.605162+00:00
67927774-8847-4253-b9e9-5f1849eb22ed,b2db068b-348e-4349-88b8-7e0f9699d3c9,1559.89,2026-05-31 02:51:13.726044+00:00
77cbb5b3-c7dd-4447-b39c-1b0d9fa66a29,55769916-8771-436c-ba55-66449f660c76,874.41,2026-04-11 12:10:12.459817+00:00
eabc9f18-a1ee-4bcb-9a09-9e665fa067ff,209b3494-9a03-4f29-8cc8-58bc482a1e17,1807.54,2026-05-02 18:10:04.502938+00:00
c56f4378-adcc-4b43-be88-7d41517c090a,5da726bd-d039-412b-a4b1-b51fc4eec3a7,62.73,2026-05-10 11:16:11.908934+00:00
dc13c016-d658-49d2-a489-f34d0d31ea43,bd947359-535f-4137-89e2-b44e5fda2ced,671.2,2026-05-10 12:18:10.108002+00:00
907ece62-aee9-4b0f-88ac-302ad02d7598,aa6e07f6-b55e-4297-9ea8-ea4a19018831,434.74,2026-05-27 00:22:39.236069+00:00
cdf96fb6-5a40-442b-9913-9f231fbece5b,5f2eb7c3-417e-4be4-89f7-8791b0ffa93d,2550.98,2026-05-28 02:00:51.945629+00:00
5e37d3cb-f646-4d5d-b2c9-7fbf81c48a7d,f1606725-8ad5-45ad-b396-aab7b2eaf710,3092.86,2026-05-29 00:10:38.247878+00:00
8dd5c8bb-3159-4e7a-ab8e-5b65aa1273ec,dae69cec-2256-4e58-99bb-3876126c2684,4705.69,2026-04-26 17:59:59.920436+00:00
283ff9e2-3271-4040-b40b-691dd55817ab,90830244-24be-4b8e-bd41-00a901036422,4578.04,2026-05-06 14:15:12.399975+00:00
e94ffd9c-6cf4-4d5b-88f2-4ee02a5f3378,ef7149b1-6af1-4cc6-8807-aa7e3d079858,2911.28,2026-05-12 07:15:15.879398+00:00
f7dfdd0d-20d7-4731-b3a7-acd19063f343,bf1f7eac-adec-41c1-95cc-afc66c489639,2715.89,2026-05-29 15:04:20.086635+00:00
bb835013-8f23-4db7-83dd-9d25c9d7a14d,eb74fd27-54a2-484c-84b6-03f34b713bac,847.95,2026-04-06 05:51:07.721900+00:00
e1fdf7f4-bf39-4c7a-98e6-a76a29016905,d429065a-ae06-47e0-9eea-eb97b1273e4e,644.56,2026-05-06 21:36:53.604625+00:00
5c04228f-7e54-44b0-9164-e62ec5cefc1b,433ea0f2-942c-4dcb-b98d-c06ba48098ed,722.29,2026-05-23 02:53:07.293695+00:00
26084d1b-7d32-4197-8280-f284531c53bc,e64149cc-56bc-41e5-a703-86c6090d1d7e,2928.39,2026-04-29 14:06:54.355630+00:00
c2205cab-fc53-4b40-a99a-5ad053fda6f3,72eb52b7-58c6-425d-a271-e25a685ebb00,5342.9,2026-05-26 10:12:00.272095+00:00
78ccfa4e-13ce-4192-9e4c-b8fdb5010d38,ebaa8446-3eec-4f81-90e6-2c8223001c70,5759.42,2026-05-29 16:08:49.270150+00:00
d9e6b42c-4a02-4f36-be53-00758cd7b9b1,bb061d45-cc0e-4676-afeb-5df31a3c9713,5395.93,2026-05-31 10:21:42.270732+00:00
a7cdd119-7380-428d-baae-6c491440d583,d26cbb1b-15a0-4207-8fff-03a08e0f0c94,3164.08,2026-05-31 12:33:22.956987+00:00
0a1226e0-9464-494e-b865-9054a91c09e4,ab3858ca-b016-4034-b0fa-e429410f6d35,3634.69,2026-04-21 07:35:22.857304+00:00
6ab9b909-d898-4fa3-991b-7f8ce0ecb8a8,84ca2768-d22b-4b98-9206-bebdac9ae443,2174.0,2026-05-07 01:21:31.409730+00:00
e56c0995-983c-4ca2-9976-5292e7673a86,1115f2c1-2359-49bb-91ff-2c7f57703253,1206.68,2026-05-11 10:47:52.406504+00:00
27cc862e-2509-416a-ba75-9fccce9a3147,9615439e-d4df-4d3e-ad1f-53a43e030028,2550.52,2026-05-14 22:58:28.740592+00:00
0389f336-653c-4dd2-9b91-14d05e881910,ab99fc4c-0f8f-413e-a72e-11e7bdb64755,1801.28,2026-05-23 09:52:44.874861+00:00
956a452a-bdc1-4495-be1c-69cfe3fb877c,386119a2-7ae9-473d-84e9-372b86a8e221,1911.52,2026-05-24 22:20:36.071589+00:00
e2ac8111-4a26-4668-8808-6e8939064007,66e4d4d5-5214-40bb-a793-925e4b6d51a6,2429.5,2026-05-27 03:53:20.567656+00:00
af18383d-0cc3-4a00-bb70-b797f4040ffa,5d985f12-c7df-4ef9-aba3-61926840df4e,5575.67,2026-04-03 18:41:36.703555+00:00
747898f6-d2d1-4883-af08-cf1e52fbe90a,4b941ffe-d08e-4ac6-b62b-89581c25aee7,1058.44,2026-05-27 20:01:47.101547+00:00
153eb323-1fbb-4ab8-83e2-fba362866af5,71a8d97d-e9d4-49da-8aa0-4cff69992079,3287.76,2026-05-06 10:09:37.683923+00:00
b1323d75-4c70-4144-a0b5-c6d841ce2330,008eb900-3bbc-48cc-b73c-5f1e80000a75,2821.94,2026-05-06 14:03:19.542481+00:00
5d74788b-f430-4ffc-9250-32e66f088cbc,c245f4a6-c38d-4490-9811-a1414174cc6d,4116.99,2026-05-28 19:49:58.209722+00:00
834d0efe-498a-469a-8492-e70a67590f07,c966b10e-e1c4-4656-82cf-3ccc7f6981ef,1729.87,2026-05-07 06:54:19.604864+00:00
68c6c5f2-844c-451d-9f49-fcb18cea76ec,b931ffbb-cbd1-4f25-8d9a-94e0d10ac1c3,1264.46,2026-05-21 07:27:31.450661+00:00
d5bda27a-b694-4883-8906-bb0c3fdbe4ac,b2a4beb3-b2e6-4629-b241-b418dd903b69,4214.2,2026-05-30 13:25:23.515665+00:00
bf73640d-a09b-4949-9377-a87d649f450b,52a17aee-ecc8-4c7e-8f94-9c2efd77a213,416.11,2026-04-16 12:09:32.335705+00:00
608d02af-bc91-43d2-b8c4-5f7a107e2a00,9d1ffec1-1bb4-46d7-be8b-c707fe4fdbf2,725.11,2026-05-06 12:35:47.464924+00:00
8e188c6d-f0a6-4fde-8490-64f1c91ec2ad,63096a91-1f15-4f34-97f3-3060e0c03f71,281.08,2026-05-10 02:46:15.949685+00:00
de6ec7b7-c93c-4467-9768-b3f795bb22a5,576ae1e1-42dd-49bb-97d8-9e457d221527,1968.12,2026-04-29 22:07:18.928093+00:00
ba668935-89cd-4eb2-84d5-f90229da72d0,1e393f40-4ce7-4abd-8430-ce3bbecbd13f,3454.23,2026-05-09 23:35:52.928973+00:00
f75f65a0-b547-405d-9c7e-f6778d36e105,42cafdcc-eedf-487e-8a52-5189e0016118,1457.01,2026-05-17 04:14:37.504834+00:00
73ed92dc-0004-4b27-b472-fde76afc3bb9,1938f754-9ff4-4f15-a2ff-c5aee8c01d43,3340.71,2026-05-25 13:29:05.662939+00:00
7ea8cf5b-caae-47fe-ae45-1fbf3507572e,68ecd1dd-c91f-45b0-a19e-eaae514f0fb5,3207.79,2026-05-04 03:06:30.725917+00:00
386190f6-7323-4291-b5af-93fe438dc948,dc2255bd-dcd1-443f-8a37-03a5de6f8dab,2982.64,2026-05-14 22:22:18.418974+00:00
83ab726c-47cc-4cee-9dbd-e6f5fe66784f,69374fcc-e118-468e-be2a-c7b515e03d98,1702.3,2026-05-22 13:57:21.883394+00:00
0f7562b3-fcb8-4181-b481-8fcc143f0931,f1f85f84-9adb-49c4-a55e-1fdf10da726c,3390.26,2026-05-24 09:37:56.287218+00:00
69f09206-baa4-4a4a-9f6d-cea56d8f0640,b5bcb4af-b5dc-4c01-b48e-9a254ecdaaa5,818.34,2026-05-17 05:49:55.567273+00:00
0935a9d7-c55e-4330-b1f3-bc2e3870eb9d,287e3bab-58f9-4cf3-9e86-e475f3f47c07,10.0,2026-03-08 00:29:07.695857+00:00
34c50b64-47f7-4ab7-9091-6f74e42d8f73,e57c02cb-3d69-4820-9f21-ee4c773f5ab8,2648.07,2026-03-23 16:44:09.261124+00:00
791e30a2-8323-4168-961e-3ced387be7b5,059594d1-8fc9-4356-81fe-3eada9e90333,3016.78,2026-04-10 19:28:11.940958+00:00
b5c29bf1-4e33-48e6-ac53-078d274ab95c,cb52f4de-7640-4548-885d-302c32ea684f,3868.28,2026-05-25 14:49:16.177955+00:00
274e001a-f26b-41af-8d5e-7520588cc5ae,fe6e9c36-112a-4aea-be35-9fe8054828be,663.51,2026-05-31 14:34:30.393670+00:00
7c234fbd-730f-487a-9fcf-0b78a11f8edf,6fb80149-6a9e-4a91-9017-3bec8c5d3205,1024.7,2026-05-31 14:42:51.024834+00:00
6b49599a-3384-490d-81db-6ff4f33132fd,5da61973-7b87-442c-8015-db27c5fe8846,1380.16,2026-05-31 16:43:33.650372+00:00
87a9ea8f-982f-4122-8cc9-1d41ffa314f9,f60ceac7-984b-40bc-8940-5893c3c8dc52,1070.32,2026-05-31 20:20:26.073214+00:00
28941c9e-0b61-464e-9370-309438209cba,3145fb76-7d74-453f-948b-9b913029ba8e,1250.65,2026-05-31 23:25:42.284159+00:00
a655fcd6-63df-4471-95e2-a67efc1f7924,775abc83-f3fc-489a-b832-d818a4e37a57,1407.07,2026-05-28 05:32:33.778383+00:00
5b23468f-e4ca-4dde-9a19-f31e8f17bf03,93586618-4c6d-4a8c-8ea6-58aea4b071e1,5597.64,2026-05-28 17:13:03.648102+00:00
91cf6512-4297-458d-ab55-9363d8ac3709,b099cc43-3168-4268-9fd9-ec8848fa21f6,4544.02,2026-05-31 14:30:49.282338+00:00
ce3ef851-0dbb-4912-8268-f0080363682d,b7497ec2-e3da-46b3-81ee-90b4ee25d875,6164.44,2026-05-31 15:36:44.436537+00:00
43788c76-b033-4d4d-8afc-2b83d3d71853,754d70a8-dc67-42ba-9370-10ad8aab36cf,1076.98,2026-05-05 04:44:01.657519+00:00
7ac6c7a5-a8f9-4545-91c9-92fc446221a6,01463885-986b-4a57-bbe0-b8b98f1df948,821.17,2026-05-06 05:20:09.709977+00:00
d8b03cf6-ae9a-4a3e-843a-533908df72f4,d2d3e36d-05e3-40cd-897a-c0281695f8d1,2092.28,2026-05-06 10:31:48.240303+00:00
9c4e669b-2ef1-4740-90c3-82eea91cd5c2,7320be97-4665-4212-88b2-3a42ce40e9cc,1254.81,2026-05-09 02:51:21.169299+00:00
be4bd64c-1324-46e4-9e07-262270ef3780,ad6af0f4-5f1b-4a54-b628-2ddbd6da981c,1636.86,2026-05-10 16:09:58.840475+00:00
e5f7e451-4adb-491a-9323-5e029efefa63,2d14bb19-f088-45a1-87af-e7ac8a60a821,1635.24,2026-05-18 14:37:25.380916+00:00
ba41e9a8-04fc-4946-858f-310d3ee78ce4,a4165c16-cb09-4705-91f8-89eccee52e7e,2771.63,2026-05-21 15:11:13.781443+00:00
8d29baa6-8602-469d-bad4-847d2d14b0f0,60e82ae4-d575-469d-af91-5c5f43c9a01f,5295.96,2026-05-11 17:40:08.542804+00:00
e1a6c705-e8f3-4f12-9143-c53dce2abe46,d795b30c-1e54-4d7b-8291-d4e66c6a52fb,10.0,2026-05-17 01:19:03.195245+00:00
d9ec6691-e012-459e-b6af-70e5b29189f2,fe96ad6a-1b68-4eda-b00d-c28be0fbf854,4447.91,2026-05-17 15:49:13.730125+00:00
3ead720b-b75b-464c-b8d8-8c96fb73d74d,550dd020-d31f-498e-98f7-f626c7c8907d,1445.33,2026-05-18 01:44:05.244885+00:00
f7a46127-16ae-491f-a864-86c2845766eb,b76a7363-4148-4e22-a12a-0b7a265fe132,4437.06,2026-06-01 00:42:43.446163+00:00
15bc53e7-3ae7-432b-87e3-e63964bed160,193b82c1-7beb-41c6-a09e-684b960d8ebe,1555.53,2026-05-19 00:57:51.499604+00:00
b56c1413-56a2-471a-9545-5d0737253d20,a7d5365e-ffa7-45a4-8c4e-f9f6aa097973,1054.65,2026-05-20 07:04:00.881306+00:00
bd4eebd2-7ede-4a4a-95dd-f29093ae57de,9ea7affc-31b7-40b6-b4fa-98cf48aa7e16,2473.84,2026-05-12 20:24:50.867425+00:00
79da9e82-11a0-4ffb-830b-de8c1142b780,a0ea7d5f-d445-4df2-b8f5-6e5b288fac9e,2411.23,2026-05-20 03:32:09.741847+00:00
db3f938c-5c83-41c0-8f35-8eaa1f1e926e,76be1f60-3b1b-4ec3-b58f-c00bfefc3f80,1125.03,2026-05-26 17:16:01.144965+00:00
3ae16e23-6fc8-41fc-90a4-2d797944d340,69144134-9685-4fb8-8bf0-667ad6b928cb,2092.15,2026-05-30 18:08:25.158431+00:00
2cfc9432-b69f-4bd6-8ed1-f416e26f7bb8,a4a6f77b-843b-4242-8567-ef821b0190ef,355.91,2026-03-19 14:15:20.610283+00:00
edbb82fa-771a-4382-b653-ad56a8592afa,5d274c03-40f2-465b-b03e-028285eeeb10,2688.58,2026-04-03 20:21:59.937995+00:00
6548d7e6-c3a8-4793-b7e9-e20dcb5a4ca0,19b5b4ad-bcb8-420b-a2e0-a8830d6b1bd6,2920.01,2026-04-11 20:09:34.266451+00:00
bb607714-e667-43e8-a434-e470c25f8052,09d2a48e-581c-4ab4-a02a-827c8c917126,2476.43,2026-05-02 04:49:18.949437+00:00
a8cbdc46-b825-4b06-9b4f-043487e3f6da,55c4fa2f-997e-40f5-b21d-e796e4657547,3418.65,2026-03-14 05:51:50.343836+00:00
856b11a9-3c8d-49ff-a4e1-d95bd69aa646,23351a5e-9242-4462-a0eb-5d1e7ebb729b,10.0,2026-03-15 15:35:45.183426+00:00
ebaeb53b-ccf8-4e7e-b099-731cf1e57cab,e59441c5-241a-446e-94eb-baed6aafb35c,2727.4,2026-05-22 18:53:57.880261+00:00
a151583d-6972-4df4-8594-3c11c59930e9,caf4ea3c-0297-467e-a014-83b663a24087,875.38,2026-05-25 03:25:40.050844+00:00
8795e95e-393f-4ce5-acf4-166d7b819f59,19b59428-5c15-44ec-90e7-8ba7bed130eb,4628.29,2026-04-26 05:15:36.919606+00:00
67270a61-d9b9-4b2a-80d3-9bfed417c57d,f2a0837a-2da8-4fa4-ba7a-4b8ea318888a,3160.32,2026-04-27 02:06:33.168851+00:00
b48d4d27-824f-47de-9b15-be872b9d4cec,c8bcea75-c2a6-4bf7-83df-541ca6e87b84,4925.97,2026-05-07 02:09:21.053593+00:00
38ba7621-257d-49a8-978c-17c20e22d764,c4705125-76a2-4c5f-8b10-59508a128238,631.19,2026-05-22 16:41:01.990831+00:00
e696d27f-bd8e-408f-9fa2-b340a315632b,ff7265a5-1de5-4c78-b999-ba9a4e47c23d,1313.92,2026-04-16 03:52:07.695919+00:00
17c94969-0e27-4ec2-8250-0d2598ecd351,ec42c4e6-7f8f-4cd9-adee-a7bec04af3e4,3043.27,2026-05-09 07:43:59.002594+00:00
c46e8420-087e-4dc3-9f88-84af6822a1ef,f13bc009-e45e-451a-9283-f4fd7cbf9116,5743.92,2026-05-13 23:10:15.900801+00:00
29b0c064-5c41-4cfb-bf38-63898a62d624,82361cb1-4891-43ff-9815-cc981116e8ee,1942.75,2026-05-29 10:30:19.464714+00:00
c760bb73-8546-46bd-87ea-6370d131eae7,92674b6e-578a-4626-a1f2-af7d4b4f43f4,3435.93,2026-05-15 12:45:10.476017+00:00
e5edc0dd-e4cc-4482-9237-487c519f0af3,1d5ca34d-ac0a-4466-931a-f4d264b15a99,2093.3,2026-03-16 01:55:14.724584+00:00
0277656f-1f2b-4c4e-a16d-9a1baa2d2167,3299cda5-dcce-4758-89e0-0569f84276df,4232.5,2026-04-27 03:08:33.214280+00:00
aae9112a-3a49-48ab-b6ce-3641230d7864,7c50c74c-1fee-4ded-8f9c-70d00b904449,2833.32,2026-05-09 13:50:28.492893+00:00
bce8589e-1579-478a-aec6-8f2d9f83a30d,a6537261-e664-4968-9310-e60a1ad49fc6,4098.59,2026-05-13 11:25:55.924931+00:00
c86fda42-ade1-4997-88cd-b9af05e23b03,9efafbac-40ad-4079-a957-7088bc04ede3,3403.0,2026-04-10 17:52:54.856354+00:00
7ac0deea-2633-4454-9c68-264bc24a7c5b,a8d30b43-6e2e-4cc9-87d1-28cf74d8f527,3170.93,2026-04-24 05:43:42.916063+00:00
a62c2bcb-92d1-48bc-ad77-30ff5dd93723,3fbbd034-3442-4d25-ac87-bbc414783862,5507.19,2026-05-11 02:22:11.728774+00:00
28927e18-8d88-4188-8eb3-2c908e144edc,e84aa222-88b7-4522-97b6-c382583cbd02,2094.76,2026-05-14 01:39:29.318651+00:00
31b01357-51a1-4a1d-83ca-c487266cb508,56ef62d1-8b6a-4bd1-ac67-331af4415345,3717.54,2026-04-18 21:12:52.253063+00:00
afe26dcd-9d2f-4ed9-b3d3-a7a48c53aa15,2063afe9-3704-42c9-b844-7b425e7d5a92,2257.35,2026-04-25 02:48:40.695616+00:00
b4e73a03-1305-4d2f-acf2-b3893b262df5,783f8ec4-a9fc-44ac-a7ba-bf64d6f3a892,10.0,2026-05-03 23:49:53.484921+00:00
e04aa200-da5d-43fb-9b3b-67a4ce5d4426,8b748146-5cfa-48e4-9543-4767540c4516,991.78,2026-05-24 02:14:05.035365+00:00
90cdd20e-1c9d-46df-9dc8-392a47fe28d0,4ece3a45-8673-4f7c-bd0f-294c7d1daa50,245.9,2026-05-24 16:15:34.915589+00:00
c6ffb9c5-b859-45c3-afa3-c7ec91d1257c,70bc1511-e4ff-41d4-b8a2-d681454e8205,98.99,2026-05-25 05:32:32.861779+00:00
89601e09-177c-4369-adb3-ab0b488f8b65,f49d51aa-bc7f-434b-aa42-f19e0c2d52bd,383.49,2026-05-28 09:18:22.412770+00:00
bea56008-bde3-4943-8872-c62159ff1695,4d2384b7-7d73-4403-81e8-2b039ebf96e9,63.81,2026-05-28 14:42:31.681826+00:00
84559a8f-90fb-4b37-9843-b38aa6214c64,3843c3d6-e618-4a77-85cd-ef0b88af23ec,236.0,2026-05-31 15:53:56.661459+00:00
d517e6d8-b32b-4991-9c6b-b73e9ecf77e1,a96cb2c9-0cae-4124-961e-551242b001cf,1974.5,2026-05-30 02:30:38.448782+00:00
42ef4104-ec4b-465c-9d19-7e2b605feca5,dc98dc4a-eede-4a48-a5ef-6853afe296ac,2395.95,2026-05-31 20:11:08.862458+00:00
8d88a597-b114-47f7-b3a9-6b3d2fb0f447,58a6aa4a-8da3-4c85-8a6b-ac81db8531dc,4756.71,2026-03-13 08:19:39.610572+00:00
5b9b1a12-df7e-48bf-805e-ed80ccb949bc,25fb8aa6-e44e-46c5-aa80-f8fce9855df5,4286.93,2026-05-20 12:23:08.777635+00:00
726fdbdf-e914-47ec-8e91-c10c9252c21a,c657b961-c7ad-46ff-821e-2e2efb5d07e4,618.96,2026-03-17 15:06:58.824783+00:00
6be820cf-56d2-45df-9602-6aaa6091c314,69662b4c-c5cc-453c-a606-f3b761a8fb1e,932.31,2026-03-31 09:32:13.424160+00:00
a33e4282-fb6e-4251-8d90-7d8c8a950301,2cf3faa0-ea50-4b78-af53-ebfe27fcee00,873.54,2026-05-25 10:13:10.583349+00:00
8ca6cecf-5341-4653-875c-cab95e0366f8,09220795-cfc5-498d-8df1-222c54df758c,157.41,2026-05-06 08:07:59.246118+00:00
2e1da983-d776-41ff-a31e-b44300ea3fe1,cd505f1b-285e-4d5a-b032-eea4e6b9e033,4534.76,2026-05-21 18:41:31.597072+00:00
caac9c66-d244-4667-80c4-aa055ee7b08b,fdd96b0f-5ed7-4db6-838b-82c9e5966a49,1806.61,2026-05-21 02:54:32.279253+00:00
eace11e2-bfd5-4d41-b2ad-42d85b805caa,0ca7d5f0-c0de-4e63-809e-6e2f2bd54159,1632.16,2026-05-23 22:50:30.749072+00:00
20f98b1a-8e12-4284-bc5c-4a82d7684d4f,b828139a-9564-4f11-bf2b-f5b21e3525b6,3619.34,2026-05-25 06:22:30.811423+00:00
db1fc01c-3602-4c15-b685-c9a7c78a3eef,f94b8b02-f489-4036-b082-0e9b97a8d06b,1858.7,2026-05-29 22:54:52.074399+00:00
941e60bb-20b1-4e1f-9ad7-2f779611159f,f318cd7a-7115-446f-968a-9ff58ae9fba6,2108.23,2026-04-02 18:03:43.319972+00:00
dbee3c07-8bd4-422a-8d71-b10ea959f76a,283869f2-f6c1-42f1-bcfd-5c56b9c2f891,4433.51,2026-05-13 18:47:32.945822+00:00
4da603cd-8af1-4132-9dd8-43bcd872fa31,e54bd0a5-af79-49ed-a848-aa02c819d2b4,1725.3,2026-05-20 02:28:25.300339+00:00
68d375b8-8c06-411d-9534-6736251d38fc,8a639de8-d6ed-4a61-9aaa-f5e33696fd51,885.0,2026-05-21 06:32:26.003695+00:00
b89c1c3a-91ed-4d21-811a-c2e786411b9d,278048a4-9226-4f8c-b436-866268fad788,3399.77,2026-03-04 22:07:11.345832+00:00
67e2649f-62d4-4de9-881c-32e196c05381,0f82b9ff-b368-47ca-a44b-1387ee22e73c,1754.61,2026-03-25 01:14:27.819469+00:00
2f95eeec-0782-409a-a1e9-8eb354298c46,c2b0b88d-7915-43e7-b0c9-2b04cc1d4305,2802.44,2026-03-29 04:17:30.509333+00:00
cdef237f-e11d-4ac9-9920-d56b267e109e,e6d97678-5d1b-48f4-a978-b7bf44c67bde,2606.04,2026-04-06 22:15:21.751945+00:00
2a31c203-b45a-4b7c-b952-faf5e48a74e6,9f06021b-9e7f-4ecb-8504-adb5c47c99bc,3058.65,2026-04-25 06:04:59.348627+00:00
d63fb8f4-ed1a-4a91-85b7-7b013c10da9e,2093291b-7978-4df7-9259-6fbc77865f11,10.0,2026-05-18 15:39:38.600388+00:00
32d71836-4cee-4ec7-81f5-c26912f20c0c,215a1c07-3190-4270-a9d4-350efbc8e01c,437.26,2026-05-19 10:26:10.625890+00:00
a7e2cc50-3ced-45be-96b6-0a0646803a68,94d3398b-57d8-4e3f-ad5c-cea2b3ca94f2,2104.55,2026-05-25 04:43:00.439707+00:00
98d1bbae-b91a-430f-b1bf-3790f8d55745,465f471b-7ff5-4204-afcd-e0c328d6c4f2,4987.27,2026-04-28 20:36:26.318227+00:00
c1192ba9-e6af-4894-b8ed-d818108017ff,1d28e2eb-c6ed-4a80-9ff8-0094140d79ea,4071.04,2026-05-11 22:21:21.295426+00:00
003d4478-31ea-4343-9f31-df453263d8eb,0aca713c-2d9d-4612-a922-b27163b17382,2493.15,2026-05-28 04:26:24.036744+00:00
8d508974-4381-4db1-af2d-81f68f95500c,cfc56ac8-4b20-4f10-9960-453e88205fd7,1893.09,2026-05-30 05:06:33.054645+00:00
b8a5f941-e1a4-41a6-873d-fe005767973d,548a2e9e-539e-4e57-9e04-a9d3858f76a5,3589.94,2026-05-30 11:13:10.550093+00:00
c5754336-9cda-466b-bdab-ee9620814da1,0bce2ac9-5575-4de8-8e8c-71d140054e6f,1926.46,2026-05-31 17:48:44.159024+00:00
5badcb87-4691-4431-a15b-373165b5cac7,c263b337-2684-4e9f-9027-9d348458ec22,433.28,2026-04-08 13:49:37.360045+00:00
2a366e22-ece2-4fe5-bd40-d95c1b1ff4d0,6f07c48a-7359-4764-9d54-706310ec9d73,1019.71,2026-05-01 11:57:39.982092+00:00
f0e8925c-bbe7-4ce3-b452-e4b25802a900,7bf03aad-503e-410f-8dc7-74bf56a9b0e1,632.39,2026-05-13 04:29:33.427308+00:00
c832dd3f-76f6-4b0f-8b36-d07fe3a664be,8cc1f79c-d362-4874-8469-195f0cd8c2c7,701.23,2026-05-16 11:12:15.644190+00:00
8c559925-70ab-461c-aa0b-8ce4e196e811,bec5b4a7-94c3-413c-ad9d-1153a5446b2d,610.86,2026-04-19 14:46:24.939194+00:00
c6c45bb3-fbb9-439e-8a83-a1694453b867,d8941482-d67f-4d80-8943-73202019f320,613.74,2026-04-30 14:00:23.974153+00:00
26800f4b-9b3b-4d59-991b-65487f9e9caa,00a1185d-1d9d-4340-a6a7-0c61a7eef19a,399.14,2026-05-07 09:35:31.959381+00:00
e1954d34-ffb3-4724-8f0f-191229291cbd,510923eb-1030-4cc2-8d62-99f057dae60e,242.12,2026-05-10 21:21:52.549934+00:00
e7fe2c15-1c3e-47b5-b316-b3a3dc33a269,50769c9c-7a53-44ad-a1ce-02194a9688f8,359.75,2026-05-27 19:25:29.703703+00:00
5ca7b50e-bd7a-4dbe-8f20-775a92d47482,209ecc2e-656a-400b-b641-7d44e5b8f936,3112.41,2026-05-14 06:24:33.646263+00:00
43fab7c7-c4e2-4039-acc8-9f2ddcca2957,7db97fad-8436-4ebd-b6e5-b94fe8616736,299.4,2026-05-14 23:36:48.138667+00:00
8461a996-57ee-426f-bea2-4f7b72c87872,fd6f7076-a0a5-4059-8bb4-1faa20295870,3392.2,2026-05-26 19:09:21.514913+00:00
1414dc7b-8c2a-4ed9-befb-932e22be0e96,00ce2fce-93cc-4eb5-aea9-28873bc44751,1952.64,2026-05-29 04:54:17.773022+00:00
02d64ad2-27c7-43f4-be7b-5167b5ffff81,752f085a-c543-4ca7-ba7f-7b04a9776d0f,4820.35,2026-05-31 19:48:08.250258+00:00
f45639c7-743c-4570-a347-a8295c4cf858,8b089745-7dd7-4e64-bacc-3b1453783c08,2548.72,2026-05-24 08:40:47.708213+00:00
0b0bb622-ae19-4b79-9a34-6a54f905552e,691a39f2-538a-439a-ad66-526c8f7f2e96,1192.14,2026-03-16 12:36:20.086605+00:00
7f1cb3df-9fb1-45e8-8998-1fb59a97796c,7471c5f6-07aa-4546-9a92-1db37055e18c,1182.23,2026-04-02 06:14:20.553231+00:00
6a220945-2de6-4d3c-b4f4-6d9495e96835,2342cda6-8ff6-4bdf-abc4-23cd16889116,1460.19,2026-05-23 01:39:36.707056+00:00
bdca9398-23af-4879-a578-eda2dfafc66d,842be4bb-d409-4bdc-96d6-ba81d6896be0,2310.76,2026-04-26 21:54:39.436318+00:00
15e56e3c-218e-46e1-9858-377270a558ca,e35573d5-afa8-4701-99ff-0b9ffb5c7c40,4727.72,2026-05-06 06:47:51.223370+00:00
608abd76-1481-46d9-964d-c52228dde38b,f380ace4-6dba-4c32-9a05-ac8fb75bdf67,1623.98,2026-05-16 00:01:59.135680+00:00
11471b80-a2af-4c39-aa95-8b66f113ed9a,5a2363e5-a9cd-4117-8c81-9d70aaadc402,4397.35,2026-05-21 11:46:40.558850+00:00
a7ba0fd1-b568-492d-b0c5-44020f54d20f,ed8c5617-f0ca-4a42-aaeb-27e1d26176b5,2559.14,2026-04-28 17:13:09.618759+00:00
cfe44b00-7bad-4d31-b44a-390ea6b858af,d92c02f6-f515-4699-a90a-9aa132cf524a,154.4,2026-04-29 16:56:09.529506+00:00
a110db56-1cf9-4ca0-b7ad-979aca0c512e,dae570c5-50bd-43b8-810a-dde72eae00a6,393.24,2026-04-29 17:20:41.690380+00:00
41e4edbd-64e7-45a7-b52e-0162e0e3f2c0,7c85a6d6-bddb-4301-9d12-bf1b8b97eca0,1481.52,2026-03-21 22:50:08.529367+00:00
fa37f840-a6ab-480f-81be-2afe23189613,91de0bed-c198-4e24-8bc9-6dbb76ae4dbb,666.07,2026-04-14 09:12:32.371164+00:00
f4f3a317-c2a1-4897-a3f9-0c0143ff8059,ce722ad2-730c-4b80-98b5-5f3d46e2e064,1118.41,2026-05-12 17:44:29.620263+00:00
bbee1423-9fbb-4157-9f60-340dae623289,1211e139-9ac5-4eb9-ac8e-d6517a8019d4,4154.15,2026-05-25 14:02:01.895324+00:00
6e60445e-0843-43df-8508-638255cfb01a,43860166-b513-4d99-b5e2-cfaa904001fa,3644.18,2026-05-29 17:55:57.564961+00:00
7cbca5c2-606d-47a1-bced-c6a5287f73b8,e0c229fb-1e7b-43ed-9479-87eb30e66b66,2679.78,2026-05-30 20:14:35.073807+00:00
eb041ab4-3919-45dc-83e8-2cde5dc99900,d6b439db-e12f-4846-b1e1-9bacb1eb91af,4141.08,2026-05-31 11:19:55.429346+00:00
e97673ad-eb8e-4a4e-82f8-f5d814945202,a3974c1e-b8bc-496e-9a81-08332f7dcaf1,2620.86,2026-04-01 21:43:09.462439+00:00
9e44ae20-601d-43aa-9e86-15bfd7d7c145,822c6d03-ca84-482d-b448-7ab8404ce88e,3811.69,2026-04-23 08:19:47.925212+00:00
68a5d86c-4c83-4bd5-9751-2400751ef34f,08a016f9-2ba7-41f6-9b66-4ee9bbe0f374,2713.12,2026-05-06 03:58:41.943684+00:00
61904cf0-f9dc-4818-abc3-b6b546a743ed,d661db5e-c298-4ede-8f31-4ea6365a628a,465.38,2026-05-26 19:24:00.732634+00:00
64ef407d-a9f6-4470-a8a5-2add6e9d7a7c,fa4b4f72-f822-4b73-9878-a1261c321dcf,3201.77,2026-05-24 14:06:00.522383+00:00
4344aa99-2bb6-46c3-8c43-e7f55d7de39a,8bcce938-9442-4ec0-a352-71e4f1ec7bbd,4049.68,2026-05-27 15:29:49.969791+00:00
fe12d251-6451-4be2-bbe6-d7765ce37c6b,31e918c7-206a-4a29-8696-294a9d93b739,3406.34,2026-05-29 13:53:28.263627+00:00
8c131558-50bf-43e8-8331-da658e10e21d,f830045f-6063-4b41-8005-5da166cd927b,1574.41,2026-05-29 14:11:19.696131+00:00
aa2b3529-02d3-45c8-8b56-831195bf466b,960d22be-db0b-443a-a91b-a917a4959b89,3126.11,2026-05-31 07:59:23.140293+00:00
5e64c5fa-6078-4314-aaed-808998076d78,d983855e-803d-4137-837b-6c4206464dcc,3037.04,2026-04-02 15:22:52.186258+00:00
15b7d7a7-9cef-497b-89cf-cd6f062c8351,21a8b75c-ff64-444d-9f36-5036c2ed7afd,3780.63,2026-04-24 08:05:10.036668+00:00
bbd65abc-625f-4759-baa1-60c0d140719a,4a0bd0f8-a711-4103-850c-12cb0729a230,3466.14,2026-05-28 07:20:37.404852+00:00
bf74d405-7309-4709-b7db-68c450e45672,a514b726-0701-4561-834e-fa6f2b18ed07,564.85,2026-05-29 07:39:12.104287+00:00
626b364d-7017-4af0-9ba1-b081188e6a03,ed37c1d5-b0eb-4439-9a13-8667203682f6,876.06,2026-05-31 04:51:34.750784+00:00
efcf73fa-7112-4eab-b29f-31d7c28fa9c7,689a4d73-48fe-4261-bc4e-e9815b1f763c,1285.94,2026-03-18 00:51:30.027548+00:00
f18085cb-0ed4-4eee-8f1f-380de0eb24cd,27e06224-f0af-4a18-b7c2-7b7694c2302f,1222.71,2026-03-20 09:07:27.785418+00:00
0089a292-2a56-4bb1-a6cc-59739b18b7a6,a2846eab-6244-4cbf-8eac-38784305eaa3,557.61,2026-03-27 22:19:06.709874+00:00
b77f1b71-aad3-4ade-a43e-a30bd00b7d37,47a92aa4-8528-40e1-99de-3507907c767c,1403.71,2026-05-19 07:01:23.750958+00:00
1f01010b-3d10-47b4-b175-2121bcfb3d8f,822d92a3-d5b1-402d-8cc3-7bf1c55ec5c8,1619.52,2026-05-25 20:41:32.508646+00:00
6fa4e819-55d5-4e68-be8f-da54bc370c5d,ad618560-5ef4-437e-b31a-8c43b5d119de,1664.22,2026-04-05 04:59:31.649323+00:00
ed617f69-04f7-4873-b963-525981c2efd2,db9fd6ce-a1a4-4fc6-9aac-1225b23a3276,1652.62,2026-04-11 10:59:51.841842+00:00
a178e359-3883-4d3c-9955-26e8b08a6a1b,c3a3dd06-f7d3-475d-bf9e-367ccc43211a,2841.04,2026-04-21 01:08:40.123364+00:00
48db4492-66bd-4157-9934-0c045936eacf,22153dd1-3d0f-45ef-8d99-674f9a9d9644,2532.17,2026-05-31 09:04:34.628716+00:00
b8ca1209-ad49-4e59-a449-2f41438b99f9,97151112-3074-4a15-96ed-46f798fe07c8,4711.02,2026-04-30 10:07:46.947927+00:00
e717a5b1-76e8-4df8-a311-f1ce492b1760,e68d7f42-f120-432f-b95b-374e4e829a20,4474.28,2026-04-30 12:10:43.708078+00:00
08188aac-3da0-4699-8ca3-f76a08d0cebb,56793608-bf05-48be-8c23-c3e8a0320331,4461.04,2026-04-30 17:54:56.325314+00:00
27040f1e-2506-472a-9499-eb529c5e5a0b,6edaee44-bfec-4f4f-98c7-37bc010d01a4,6446.09,2026-04-30 21:19:35.118709+00:00
31023836-827b-434f-9249-b2110895ae9b,c2950fa4-29e3-4223-93a0-9c1eac7b7714,823.27,2026-05-09 01:52:25.789621+00:00
984aad4e-00a8-4f84-a503-e0cddc4d0e88,8826029a-596f-4c9d-8f53-7bf3b4e11651,728.31,2026-05-09 20:47:30.004669+00:00
904bf4eb-a94e-4c75-94a1-f35e419f46e7,27e641f5-3cfc-42d6-bfce-2a4046635f7a,1838.25,2026-05-10 01:09:31.487836+00:00
4813715b-cc21-4482-bf28-94e415ca82a2,dbe64b9c-32fe-49ef-a1d4-f466a673f784,2163.52,2026-04-11 17:55:35.736800+00:00
dc2fcfdb-7ed5-44f8-99df-6e9cef110849,14667f94-4db6-488e-ab3b-d596468cc1dd,4733.32,2026-04-30 03:07:20.473688+00:00
1d9dcf0c-902e-4fff-8351-9f18fb79a236,b2648909-f231-4937-9434-ecad6d09482a,2519.64,2026-05-15 22:32:43.346810+00:00
b7d412db-2097-427b-84ab-d86adf59c2bf,861c8b45-e3ee-4750-830c-601691f31593,1565.53,2026-05-24 00:36:14.895406+00:00
4c99e744-a0b6-418e-8f38-594e98feb35c,83890e98-d65d-4aa4-b0dd-dd915574d2e8,981.47,2026-05-22 22:18:19.799190+00:00
796a6baa-17dc-4e07-b2e2-26aacf47e4fa,25e727cb-c48b-4724-8419-211ee92d37c8,1294.79,2026-05-30 22:06:29.414999+00:00
4e3e1d54-23fd-41c0-b6f8-4711463e682b,403db38b-e4b4-468b-8b6b-4cde43a85312,2159.88,2026-04-09 19:47:33.977809+00:00
d47bf4eb-16f3-4bb8-9890-b43dbac333b5,af389cb5-17ee-43aa-9016-b106f33d123d,2477.99,2026-05-30 05:27:58.748715+00:00
ee9d836a-b8dc-46ce-a706-fcad25e82703,1fb92d69-e134-4f4b-8c9f-709c7ee16265,3911.03,2026-05-20 02:57:14.210760+00:00
b9b2579a-e9de-46e9-b958-8766ddefc755,4bbecb4c-0810-48a6-a912-9bf2c4180016,1918.23,2026-05-25 12:25:38.673108+00:00
0dc2eafe-04ae-463a-b266-a56be0664e67,627a8539-5381-482e-8b5b-313ba910b1ff,3122.69,2026-05-25 22:56:42.204823+00:00
85876336-6ea0-4903-a9e1-40b9652b5a96,8a680d30-0289-4f2f-90c3-71853223bed0,3679.15,2026-04-20 04:49:49.215555+00:00
a84a3d39-7467-444f-8dfb-f42effd91892,741e9865-14d9-4178-887c-ec6e9cf598e3,10.0,2026-04-25 10:06:30.751246+00:00
4ac66622-fded-4c08-8a98-f21c4ef68de1,1950066e-5632-4abc-8785-bd0b82b91bb6,4761.4,2026-05-04 07:18:42.695165+00:00
5b352295-1821-4cc1-9f35-4efe27d9eb5b,842d13ca-bbd7-4d7f-9125-27cf59087d0e,4520.33,2026-05-25 02:14:51.473027+00:00
37451a33-ccf3-48aa-b626-e6105282a247,12dacb0a-3b49-408d-8084-27e18368c1f1,3928.52,2026-05-24 07:14:25.568398+00:00
6085b0d6-a74c-4a6b-9863-fd55dc9e4f8e,1d293c3f-29ba-4dac-8edd-30a54b3c185e,1564.48,2026-05-15 00:29:18.442553+00:00
071295a9-0bbd-450c-bad7-b7e5116d9f16,3612ed28-0173-4571-9c45-9c7d95c53526,4485.81,2026-04-02 12:17:54.289911+00:00
1a99af78-07dc-4c01-a734-267025609338,287089dc-2263-43ec-a491-4fd5b2b171ec,658.14,2026-05-12 10:15:22.858876+00:00
7e3ae64c-cbbc-43f6-b3d3-446de3853d04,ee9eaaa4-3f8b-4375-8886-27bd8de65300,2167.65,2026-04-21 22:38:09.049357+00:00
47ec1f4b-fd5f-47fe-89fa-e05341133f47,e1ff8893-8bde-42eb-8a38-e9b5157fc8a0,2154.7,2026-05-31 13:27:32.958115+00:00
9f13eba1-ea68-4b0b-9e41-25d7e812a214,efc3e717-51e6-451a-8f57-5d466d008956,1222.21,2026-05-09 13:54:22.515101+00:00
eef5e7f5-b679-47cf-8b7e-723dc2ec6587,8693506b-cbcd-42a1-b64e-7c8ea35bfaf8,2710.22,2026-04-25 14:26:18.744219+00:00
a052d0fe-fc9e-48da-a606-7245ef9d8dc7,cb49cb3f-73ed-4c23-85ba-6c3d408f2eed,1621.93,2026-05-03 11:52:01.231712+00:00
370c761b-09b4-447a-a540-021dc9ac05d4,cc3b7420-48d6-47a3-9a18-e6ae368a2009,2419.5,2026-05-26 12:05:19.385876+00:00
146ba303-2283-477c-839d-bfbea26af47f,9e3cda1d-edb3-480d-bf8f-8a37d7231912,2225.61,2026-05-27 20:56:59.099108+00:00
6a0c4396-3454-4cc3-b281-8b593d9341ee,875cc856-1e3b-4e3b-97eb-29639fcfe9e6,552.71,2026-05-30 04:16:52.751386+00:00
5315196f-3162-411c-b80f-b8edba09f3ca,7006ccd9-2d62-47ba-863b-890520b6adf9,794.25,2026-03-23 11:58:04.002724+00:00
5a0c115a-4b17-4832-863a-81b171cc66ee,8e9ec1ae-4f2b-4c31-932c-4eb3bb546930,1974.21,2026-03-30 06:23:48.397042+00:00
935f8ddf-9be0-4215-87d5-f9944d17d51e,2e088f9a-3723-4a23-8de3-cc5d5d32b634,1444.44,2026-04-12 10:46:48.856719+00:00
a0abbcf6-a3e1-401e-9eb7-da5c42cbe1dd,5f628908-6671-4dc6-bbb0-ff4b6c9c8eae,31.75,2026-04-26 06:14:20.525831+00:00
9424b81e-dc9a-4e53-870b-eb503bfbad66,d348ca42-b0f6-414b-97a5-b0620fd0b7cb,2808.27,2026-05-31 00:11:39.916011+00:00
a1f8d52a-9a01-40da-bed0-4872dee5bbba,e1473828-1236-46cd-b20d-3d87efb4832a,3733.35,2026-05-28 07:03:05.218560+00:00
41fafd95-3fa2-478d-b342-d9046345e7c7,52516dcf-3a03-4185-81c7-a3eb9c310ed8,3333.88,2026-05-20 05:39:04.821511+00:00
96b9416f-bbec-42a4-8409-94a84b317330,6ce46525-7b4e-42ab-9b26-417dc3a76196,1523.57,2026-05-27 11:44:46.882638+00:00
b0dc7e2e-ceba-4cf7-9a9a-013985ccd53f,49375d7e-9092-44be-89ff-df4c7f69bc01,1157.06,2026-05-27 22:53:58.031123+00:00
88bb6480-135d-49d5-af85-da9438b82c82,ec29de5e-d61a-4ca9-8289-3298b0c1cf83,1408.66,2026-05-31 20:43:27.467861+00:00
8de8a1b3-7f17-4756-899b-6ae3ae175251,d540499b-d0da-4093-bcd2-30175d260255,2072.87,2026-03-18 11:41:30.684045+00:00
fac25ffe-6d88-413a-96ef-4b605200d590,31050172-a9b4-4822-a317-1278520a69e8,994.23,2026-04-02 10:25:23.021000+00:00
3a2281dc-21ad-4d82-a017-67f97f30967e,7dec94d5-d958-45c3-a510-73d242dc6be3,1288.11,2026-04-10 19:28:00.376358+00:00
3ace0e28-6f87-4e4d-bfe1-e9007ff09c9b,ca0856f1-8fdb-45d2-bb2d-3bff0caed2c5,1417.26,2026-04-23 23:57:11.480871+00:00
19645637-7332-4434-9b8d-65778dc0ce1e,a7aef6de-eee9-4b87-b6eb-766f477d5ad5,1516.8,2026-03-13 19:01:24.287751+00:00
85683d19-8049-4b67-8632-4012832ddb5a,4c9dad5c-fbdb-4f8c-a059-687c29a70d7f,1534.31,2026-04-01 08:12:45.645881+00:00
d4738ed6-7c5a-4650-90e6-aca3116bb635,ad939d43-0634-43ab-9793-fbeab18a7f4b,3156.28,2026-04-13 04:54:26.924608+00:00
a9a56db2-3ccc-49c1-bb7a-446974c1ae9d,62c0db47-cc95-48a2-ace0-45431438c494,1265.94,2026-04-30 11:21:37.864704+00:00
33d2e9ca-bdab-44f7-a066-d11d54fdeb22,f4125a28-c0de-43cb-acab-d2ab4395748b,1293.2,2026-05-31 12:23:47.435344+00:00
085fa1d5-8242-4a82-b5db-b3f05c729436,cc972625-25a4-4cde-8c90-1567bb5abe1c,2530.6,2026-05-16 11:05:52.017861+00:00
c29adfe0-459d-465f-90e8-249c22fd74bf,9b6022ff-2d52-4e9b-afb5-fd2bbd75aabd,2792.7,2026-05-22 01:34:34.808474+00:00
51119263-c575-4225-af65-6dc9bcf5752c,15fbf287-3a71-484c-a04d-28a1afc56ec0,3809.83,2026-05-25 18:03:51.982747+00:00
67f003b8-f6a0-48c2-8a67-6c16ecd0b43d,2ba2b9c1-a6b7-4b4e-b764-f6842216aaf5,2145.14,2026-05-29 15:32:18.412369+00:00
312ed6e8-1c94-4e61-a376-1ceb1764d8c3,e89492fa-de74-448d-bf55-de85c013560d,2383.6,2026-05-31 21:56:07.713779+00:00
f51688a8-06fd-4763-8270-4f92c55f9333,4d98370a-85d7-4441-af06-7d2098022d91,2876.41,2026-05-13 14:39:04.778901+00:00
7ea5e0ed-574c-4a8f-bcde-3b3a7c3d2d86,81e11f01-6f07-4c73-9333-23848ab660a5,2245.66,2026-05-14 10:58:48.904791+00:00
821c8b41-f9a3-4719-a931-5a8ca700deeb,9cda38de-a1c8-43a6-9a9a-6392a3ec1c54,668.05,2026-05-14 14:37:53.463883+00:00
11466e07-fd88-4873-8253-160cd453dda4,a0c7e7f3-107f-4950-8a8f-a094b62302db,1312.38,2026-05-14 17:54:14.612411+00:00
8e737797-ad43-4202-b8a0-53d00b9ddc05,198180c0-230a-4c3a-a858-5283e6ee372f,2157.13,2026-05-14 21:41:28.806835+00:00
87bf31d2-cd43-4823-970c-77c870cde181,1c869147-d420-40ff-9c84-7c166f5e23a4,2031.81,2026-05-21 10:07:45.059411+00:00
c5d9c6e0-a651-4f28-b08c-14bbc0e3df9a,ff02f05d-8415-4627-9c99-48c3bc7e6e81,1725.5,2026-05-26 20:34:13.012426+00:00
1598a994-6106-4315-8020-125ea6760c34,3bd9594f-e7c3-43c3-84be-e870757fc37a,1717.94,2026-05-28 16:45:06.649862+00:00
3b0fe221-1939-41b9-a217-685452198668,9312230f-6375-44ba-9744-40d664d8fda4,1218.42,2026-05-29 01:00:22.632563+00:00
0bd284f0-965f-4922-8d5d-91dbdb3ef690,0df8c1c8-260e-4f68-9088-3ccb125b07f0,1910.81,2026-05-31 07:18:32.763444+00:00
0a5d69f3-dbab-4e72-a934-8ac180d76b2c,ec99c40a-dbad-4e4a-9878-9f9a591b817e,4877.12,2026-04-22 22:45:58.020504+00:00
088097f6-2918-42f2-9a2e-469ddfc75ba3,f70837c1-7752-477b-9627-150f46559063,3552.73,2026-04-28 21:49:39.786950+00:00
fba3eba8-1b8c-4daf-96c5-1e75787e33af,5a193f0a-46ef-40fc-b8df-d4e41c5906bd,3228.14,2026-05-15 05:18:12.682823+00:00
f9956268-cd38-4c76-9440-273084ae1774,1d3a3b4b-de7f-4b4d-a290-8f7808e98a21,3078.17,2026-05-26 07:00:17.826985+00:00
b867199a-1793-4961-8d7a-f1ae6a8abcf9,7ee091df-1a74-41cc-b1a8-a9bf489828a2,2635.28,2026-04-25 08:08:16.750720+00:00
7b5e6109-0462-4bce-b0eb-3edce8f25057,cd12b456-443c-4387-889d-b3973fe23744,2232.3,2026-04-27 10:28:31.291499+00:00
3055585b-1e90-4836-b88f-bce821d87707,00453a2c-3395-459d-823a-4129549a0538,2284.92,2026-05-04 17:24:25.540662+00:00
6cab7c21-83f1-4b6e-a70c-bd8e6c36c1fb,828d7527-187a-40eb-a1f2-6c8a2ed3597d,3242.42,2026-05-24 12:54:36.470326+00:00
8f77f51c-9b70-4acf-93b4-246a02a2ec0d,88ea373e-b978-4cf2-b025-7726c24a0afe,1558.22,2026-05-25 01:33:17.796237+00:00
9adf8694-9e34-4651-b064-84c8921ddede,89a5be94-901a-49fe-903f-2c33e86519dc,4806.44,2026-05-02 03:38:21.383633+00:00
0fb6e8e7-6112-47cc-9999-4973c44f144f,ebd784ae-4843-448c-b804-c423390b4373,3026.29,2026-05-12 17:18:16.170979+00:00
8efecba9-d51a-457f-8f27-69506fff540f,11c893cf-0654-494e-8c91-ced3bedef5f6,2205.62,2026-05-20 05:24:43.853132+00:00
c8cd9bea-c139-461e-9fcb-a012535ea1aa,eedef0d5-a7ea-418d-8501-f6e053b0d6a5,648.21,2026-05-26 15:13:12.659114+00:00
b20c3c15-05b7-4eb9-97c0-5d26b9e387f0,d4d9ce56-f249-4ccf-aa61-712d7d302a8f,1441.03,2026-05-27 00:46:12.587253+00:00
1064d80d-656d-455d-87e6-1b9352cfc5dc,88de01db-5a50-4322-a26b-264a736deb21,3657.92,2026-05-30 04:28:53.648700+00:00
62c2fa1f-f500-4c2b-8209-9ce0a9472fe0,60729833-5558-40bc-b5f9-f591d1f31a90,3740.26,2026-05-30 15:00:08.724955+00:00
aaf963db-54e0-4b41-888d-3798149566fc,36d5771b-0043-46e3-b3f0-24c4f174e6d9,5824.22,2026-05-26 20:05:24.184727+00:00
2450a481-5538-4a56-a1c8-40ac07902653,20c9a87f-1a63-4dd1-bf42-5b028b3f747d,2046.62,2026-03-27 06:41:08.056754+00:00
42f2773e-795e-4af8-a016-ddb5912ac7f1,777b8146-cc7a-472d-8dc8-e0687d74d139,987.45,2026-05-01 03:32:45.161464+00:00
d104137d-8b55-4200-82ef-1d0cc0e8f10c,6d0c2ba7-46b7-4bd2-a2cb-7b53e573ea19,2234.19,2026-05-01 10:52:02.933131+00:00
4457fcc7-2ac8-41ee-8ad6-abbaf5bed381,2d67f0b4-fdbe-454a-8352-c3545653787d,1305.61,2026-05-30 22:39:37.663916+00:00
2574e851-f21c-4ed1-8f40-669c259e11b5,b903343f-0bc2-432a-b772-89657f34e6c3,1451.18,2026-05-31 17:37:34.620325+00:00
d0cbc90a-e0d8-4239-862f-d920fae1acf4,59b5efac-6701-41ab-b926-3cbb885e4e9b,2154.75,2026-05-16 10:32:16.004886+00:00
38512f9d-2ae2-422a-afb4-eeb06137e39c,2279c2fd-757f-4338-ad65-00dc4cef0bba,3646.59,2026-05-16 21:06:36.269497+00:00
fe947f29-3d1e-47e9-a4ba-f0e2bc056e79,fb5f3a96-2b64-4827-8a6b-4949bed6b37e,3681.58,2026-05-17 13:55:12.541688+00:00
63644f1b-ca3f-4279-b209-2bc81c1b846c,bbad06f6-cdee-4f69-acc2-1df477e82c11,2467.98,2026-05-28 22:16:11.462447+00:00
e2b1d2a6-f92b-42d3-8fd0-8b7a5ffdfbe9,844ecd4b-f873-471f-8824-09a3c8bc2342,10.0,2026-04-29 19:13:47.564294+00:00
c55972cd-8a41-4f72-9212-6251257dc87d,fcbf31f6-a93e-40fa-aabe-b774480f5bbf,5341.6,2026-05-11 01:58:57.398557+00:00
fad2a905-3984-4435-8660-892baf651ce7,ba48c076-773b-4f08-8afa-26fc23ea1dbd,822.77,2026-05-07 21:43:11.550777+00:00
8f91fe40-a6c4-4c0d-b815-5bb37a80285a,f0cce769-f07d-4745-bdd8-f71e3aab4d42,667.1,2026-05-18 06:02:06.166140+00:00
5ed2a97a-e974-4e14-8701-8622e51e5561,c76a524b-3cbe-49d6-98d4-3cbea5ce7d95,855.75,2026-04-25 21:53:51.554467+00:00
088a2a33-ccfc-4b2e-96ae-ed2fb62587b3,0b8324fe-56bf-4a13-be4b-ad18d25b3ed9,634.28,2026-05-03 01:37:20.564355+00:00
65b9ac8a-ec69-406a-b4f2-a3993d92183f,7330112f-51e2-47fd-b9f6-d43c2bfb3f41,651.9,2026-05-04 09:24:52.109738+00:00
448ef65f-d0b0-4bbd-abf6-1ade1a2c83bc,eb3aa1ec-a24a-4953-805a-b92f8370f43c,1273.23,2026-04-27 02:24:23.875176+00:00
d0a40d98-76fc-41f8-9418-9c8d0b819adb,41176e44-c0aa-4981-8c73-a3a80f5016e0,2931.77,2026-05-05 00:02:04.680108+00:00
36c6d1eb-f348-4471-a0d1-1c912e3bf845,2fc96d7d-9975-4a4f-a8cc-c6362fef161f,2136.45,2026-05-05 12:21:43.304069+00:00
992bc003-75cb-441a-9a3c-ea4455c2adbb,28d3d32c-15c3-44c8-9d19-06647c9a783d,2741.73,2026-05-22 16:51:01.475859+00:00
50e7b4a4-2829-45c2-9e99-db1d17513bbf,9401d5f3-12e1-4a44-a859-802499dffd8a,1326.66,2026-05-27 00:38:54.766796+00:00
650ea1d1-db26-47a8-8a06-4f3878fb6501,bcda7835-f667-4eaa-989c-9b3d1837dc52,1704.5,2026-05-11 00:23:13.543063+00:00
3090947c-1e29-4c98-a847-572c4e623609,6877a803-94a3-41df-9896-94d2292dd2d4,890.8,2026-05-30 18:08:43.457479+00:00
b5e6dff3-7b9b-4986-9a68-5312a3195a5e,e3a84a56-fc87-4973-a5ce-e1b87422a41a,569.17,2026-05-05 12:53:20.709750+00:00
ce2a8e09-2794-4a2d-ab98-c8083f8e64f9,23c05bb6-4ad9-4fde-af91-f8a8d726b9b1,296.78,2026-05-25 03:49:27.337605+00:00
f1ca08ab-9dc1-4274-b73d-070124665af0,7420aff4-a33a-4082-a16e-a2a55b5dd6bd,81.75,2026-05-28 04:26:09.913641+00:00
98a2280a-499e-4924-ba77-73e68248a3bd,8d69ced3-e994-4dd8-9d6f-7c3deac2b9ab,806.5,2026-05-23 14:08:16.679736+00:00
82adb9c9-9bfc-4532-9bb1-2612f8cd4a6f,30e236a3-037a-4310-a998-1e96bca28838,2060.43,2026-05-24 23:18:09.003881+00:00
14634839-462d-4605-80fb-0501dc756339,693c29b3-d7f6-4d5c-908b-03ba9a4df880,2280.12,2026-05-29 02:35:38.878552+00:00
f8e64cb9-7d46-4f24-adf4-a4f18663dda0,d3f952bb-33c6-4cd6-84a0-36e5f3d7c124,1811.92,2026-05-08 23:00:28.757231+00:00
2ac9ad13-a6be-4448-90c4-30d8f71ad059,7c71f14a-4531-413a-a4bd-11d2ad79e3b7,5384.91,2026-05-10 01:27:57.727265+00:00
effc54a6-d927-48fb-bd00-6a85af0e6ed2,066c728e-4b1c-42f9-87f8-361d1a58deaa,5130.77,2026-05-14 20:58:18.653232+00:00
81281973-e49e-4d5a-9e76-e50aebd97ac7,c4bc417b-bcc9-4c80-bc69-58ad1a1cd4b5,3794.12,2026-05-28 22:01:38.022208+00:00
354bc5da-2c78-4e4a-ba21-4cf28c2d301e,ba38fe58-f435-4e0c-9ef7-262962f2d5d8,1048.45,2026-04-04 01:56:55.039460+00:00
4552cb19-8eb0-4568-b0a3-d85d08b6c2e4,fe3b3f10-32a4-4d68-9e01-6d0ab44bbd8e,2850.13,2026-05-31 10:57:34.220863+00:00
fdf07705-3225-4b39-b034-233a36dc8c01,cb1f372e-b0b4-4341-ae97-98c03686c3bf,2606.51,2026-05-31 14:10:49.625132+00:00
75963a45-b14d-478e-961e-ad0106b638d5,1203ee0d-c6bc-40c3-830f-457f54cf62f8,1236.45,2026-05-31 23:20:46.329482+00:00
7b1964ac-eb2b-4dcd-bf37-a83b7a4f304d,6faccbce-0dff-4ee9-b850-50f9f40549ac,247.39,2026-03-12 03:42:32.500489+00:00
edd2ade1-344b-46ca-8ca2-75e619fe7f42,d2d48bbe-a658-44cc-b74b-f1bff51f1d98,316.94,2026-03-24 00:44:04.416778+00:00
27a166d1-20bb-49ae-b778-5d0ff1bff77b,70a5b7ec-c9cc-441c-947e-02db0439787a,455.78,2026-04-10 11:28:10.574559+00:00
fb733895-f6aa-497c-9919-4787f8dd7836,d1500457-11dd-43b4-b559-2fa9f875c403,272.72,2026-04-25 11:24:14.413731+00:00
47b134ff-1062-44b9-816e-427c63be954c,be507b0e-bfcb-4a11-a1b1-e75b689e9689,585.37,2026-05-12 04:47:41.598145+00:00
3fd86f23-ad00-4b9c-8f73-f7396af8fe3e,412c02bb-5ea5-41d4-83c3-ceab2eae60a5,3182.34,2026-05-29 08:44:06.860878+00:00
d50af2dc-c8e8-430b-acd0-a686f2d622d1,3a01739d-dbe4-465b-bfef-c9fe436e5c9f,2983.2,2026-05-29 23:10:44.250348+00:00
95ae9e31-d2a2-4eba-bf97-25b8571b950d,0815fd8b-1362-4519-afaf-4bcdaf5472a1,3187.14,2026-05-30 09:39:07.253353+00:00
07ba8e6c-1c7e-47d6-9694-697bff0630ab,8d557233-7010-43e1-a8bf-1410a403529d,5771.76,2026-05-30 14:11:32.265734+00:00
c04128a2-a23a-4bae-8e51-8555f4f8c3d8,037a2f56-598a-49b0-893b-be0ef81c3458,1772.96,2026-05-14 19:58:40.924555+00:00
1e94ad5c-a684-42d2-97da-bf4b288046a1,5a02a4f9-4a5c-4dcb-8060-e09562cf0e66,1254.32,2026-05-14 19:39:55.774825+00:00
86db5b40-ff6a-4588-8a94-b14ccf7257e1,f867f160-8508-4fb5-940b-1b11f37fe412,2191.33,2026-05-14 21:54:25.814382+00:00
b374ec80-63ce-4fb4-ab61-16a7f0c8a47f,a0dac916-2ccf-4724-88d9-ec58664259f1,1456.47,2026-05-15 01:20:29.043859+00:00
a110f9a0-1ab7-4af1-b5c7-e9819dc467ed,52a4fedd-8942-405a-915e-e31b2dacc51a,2748.45,2026-04-29 12:59:15.187797+00:00
f0f702e6-0e75-42ca-b23b-3edd004bdae3,5df164be-4436-400f-be31-a49a96fa0e62,611.37,2026-05-17 15:33:21.858533+00:00
82a35c9b-2f09-4827-bd02-70fbeaec353e,67b2c73e-d932-419a-a53c-4ae4a72287cb,3972.69,2026-05-24 15:56:36.344049+00:00
43d608f1-3b32-432f-a07b-608ce9316cf8,0be9b40e-d73a-4b10-9c19-4fe37c313917,3149.98,2026-05-25 00:00:56.807925+00:00
0eee228a-18de-430e-a75f-88d2e4547d57,855b77e2-2672-4e48-9e93-b6868bc38293,1532.65,2026-03-16 16:03:02.745955+00:00
edb0a3ab-4cf7-4402-9800-5935612bfaf8,bbca7f1a-4409-4ef1-8a7a-c199712727ff,4621.95,2026-04-16 23:38:16.596188+00:00
6a713c9b-0f69-406f-a093-7a09c8e7c20e,0828491f-b1f2-4898-8117-123f4609e431,3717.28,2026-05-08 08:07:41.328321+00:00
cd5c873e-7c3b-4db5-a039-3ef2bf540fad,ec64d403-773b-45ea-b9a3-85b1f8be6895,3065.19,2026-05-19 00:29:04.724528+00:00
38e3e735-ea79-4d27-8eab-abd8dc54b642,e9e6c5e0-118f-46de-ad2c-c7292854f51a,1971.97,2026-05-05 11:50:54.155158+00:00
566fafad-bb0b-4d5c-a880-1661ef9b8428,f272ffa9-6180-4179-802d-85cc087e1e12,4064.65,2026-05-15 02:33:36.315293+00:00
e7af47c7-926d-4190-b749-a3dc61464d11,52398eb1-a22c-4a3e-90eb-58c3f283781c,3485.64,2026-05-25 14:28:55.635912+00:00
1a66736f-2929-4f12-ba76-67b9a1e0a0b4,b5fff789-97cf-4ab6-8933-5999c0027c6a,4947.53,2026-05-28 07:35:39.232668+00:00
a563710d-f4d4-4d8c-abcf-67bca11f8209,dfc5beb8-38ae-4eec-aa83-35f4258a4cda,3420.57,2026-05-28 19:57:31.735910+00:00
1e6ca343-8e57-491d-81ed-4e02ce8b83fa,78a5fdc0-302e-4bf8-a0c5-97139f886913,1348.86,2026-05-26 04:20:39.294359+00:00
63182b7d-7593-4c5e-8937-3cd7b711634e,6f93e2c6-8e58-48af-b660-03291f2e8226,1207.45,2026-05-30 17:27:43.217039+00:00
05b84ee3-0927-474b-80fa-78e6dba219dd,fcf9c3db-f54f-4d02-8ea6-f8d8bcf15e9f,809.77,2026-05-31 05:24:52.833076+00:00
1e5debba-5ffc-43ca-8760-a38b7107331c,ace02709-9b4a-435f-8b78-534ac5878be2,1888.79,2026-05-30 03:57:03.389040+00:00
24ba93b2-8639-4b80-a9a3-4cffc41b7efd,e03dad7e-4c11-4929-9d37-2f7bd7da139b,2116.95,2026-05-30 06:51:35.853981+00:00
1ecf7fb7-c874-4679-b402-981a6b3a3a24,2d7e68c4-cd3a-4f60-a15d-f26ac6dc1422,2069.8,2026-04-19 08:42:16.864824+00:00
7bb2a027-79b7-4ce1-b056-af97c7f6b9fb,e1d8e91b-3041-49e9-87ca-7228d65abe4b,5661.44,2026-05-03 20:32:13.070390+00:00
d57dd07e-df8c-43eb-b19e-63962da0b17b,37a21eca-c7ec-486f-933f-f5c3d38f7893,5100.37,2026-05-22 17:37:18.861558+00:00
c3ec37fb-d8c8-4713-8437-06fa435149f9,ce80cfae-5215-4d89-b626-7195c76ed906,427.09,2026-05-10 19:06:09.134897+00:00
f071f288-28a4-415c-a370-6b52f5773f1e,bb4609bf-5e68-4287-9826-eb56747179ab,374.25,2026-05-19 09:31:21.608653+00:00
4a9c6704-bc37-4874-9e24-d9fa1cd1233e,3c5fcace-a164-4a54-8a5d-04a65a0d5a53,7576.65,2026-05-13 09:00:15.475795+00:00
7dabecf6-cb89-4dbe-bf25-8050463e5575,6eb2f4eb-f362-4df9-80f7-b7fd4a8a1aeb,5183.28,2026-05-25 23:14:59.092606+00:00
9fd2019a-3088-47a8-a7d5-962f9fc7d3d6,1c2f07dd-78b7-488c-9841-def591ae219c,2258.98,2026-03-30 23:23:29.675560+00:00
7efe32a9-56b8-468f-b8e5-b2de6307a482,7becb8a8-62ff-434d-8319-43f17ce1705c,3700.48,2026-04-08 10:32:44.453241+00:00
57949175-b9de-4514-80f1-1b41b49e4768,169cca95-d2e3-48b0-b7d3-b9c76169c2c6,3743.2,2026-04-21 14:34:36.252835+00:00
d478ca43-da8d-4bde-9051-00773f6f6402,c74e15c5-ea5b-4822-abff-fa028670f092,1880.63,2026-05-02 10:52:20.755624+00:00
bc47129c-9947-4ecc-9b52-3bd61d3f8449,472e2990-42f9-40fc-bd27-47232e4f3f7a,3056.45,2026-05-19 20:22:43.484188+00:00
5d5d56d5-3383-4003-b42a-c11df3024e34,5d7ded86-c73a-463d-962e-e3fb825a6f81,894.49,2026-04-01 22:10:55.863183+00:00
dcda1dba-1eb5-4ecd-997f-118ae72957e8,7c61ee63-6d26-4c13-83d8-2b1b074b1e43,3529.97,2026-04-12 09:44:18.984451+00:00
dc9894c7-66d5-4697-a098-1c58fadc6cb2,64d884c4-d943-4ae8-a9d7-548f46cf6499,3929.6,2026-04-17 07:56:11.405885+00:00
7afff8aa-8f78-4378-9415-fd80a9fc869e,08dc5a2c-2410-4893-b883-9d1b987507fe,3378.97,2026-05-02 13:00:52.701625+00:00
3fb491fa-5349-4e97-9959-61649b8f9756,d92d8982-0cbe-497a-88d5-9254cb093829,6629.85,2026-05-25 10:17:19.011371+00:00
c32376ca-5287-41c8-b83d-15fe246506d2,59461d7c-dce6-4f7c-9b2e-8fd8fccd6546,842.73,2026-05-26 00:46:54.865315+00:00
3537891b-13d6-4f50-a49a-a12a6e10b9c5,ef443b5d-280a-4347-8564-a75ec906407f,920.66,2026-05-26 06:36:49.770096+00:00
59cf2f1d-e7f4-498c-92f2-707bf57bb2e4,3220ce92-6de2-49b7-9e4b-7bb0e7668bcb,10.0,2026-05-26 15:26:00.366219+00:00
eb1f343b-9f99-4813-a986-59a86cfb2a6d,2d1e4cf4-0651-4cb4-8009-d116dc43b9a6,1324.09,2026-05-26 23:14:07.410094+00:00
bb962a13-11b7-4728-b5f3-d2fdadbe3149,232a639e-3b28-4faa-9a5c-abc9fc67f99a,522.93,2026-05-27 04:24:31.508192+00:00
e41d8ced-106e-4144-bf2e-8bb60181c9fa,0adbc846-e606-46b6-8364-97e522cccb88,4243.84,2026-05-10 10:44:55.180059+00:00
895b0b31-8772-4401-bdcf-85c39e489db8,aa1115b1-ea2b-4e3d-b0e8-2dd0a5fb02b0,2832.57,2026-04-05 11:39:03.774508+00:00
5019e059-616d-47af-b5ad-3dd71b1fdfa4,fb78fe76-4f5d-4ed1-9adf-9d6426a7041f,1904.8,2026-04-14 05:39:13.948602+00:00
6fdf57a3-bc0d-4f01-9dc2-56f71ae13c93,4231129c-0d47-4169-811b-7388249ea998,1731.67,2026-05-16 03:46:00.446676+00:00
51369173-ac28-4d05-80de-5e57a3c5b087,27482496-06cf-4857-b022-e816aaa691ca,2819.14,2026-05-24 03:40:13.485884+00:00
61abdea9-4746-491c-89c6-6a132f1a30bb,6c0b702e-60f6-454a-bc4a-8b43139a3886,10.0,2026-05-24 12:44:52.685572+00:00
b695534b-11eb-4049-95c9-bc102d2a9e7a,b65e4b9e-8547-4ee8-8891-16704dc4f193,1424.43,2026-05-28 00:53:34.708601+00:00
ef00429a-b187-45fc-8e9a-0e99cbedd1cb,868449d6-8bb9-447e-a504-abc202403260,4543.25,2026-05-30 00:37:16.904069+00:00
751e19cb-129a-46fd-a71a-50ff55316814,f9bd8318-567c-4e59-ac02-117c40ecbf7b,4587.2,2026-05-31 22:12:30.670543+00:00
ec13ec11-4918-4470-bb9f-1a479b71ead9,5f961083-e851-4ce2-8ccc-68792161cf4c,1498.83,2026-04-27 16:14:35.582323+00:00
43caeaff-b746-44b3-87f3-8c2195da9250,03eaf252-9e35-4166-a418-2dabd031fb26,2783.41,2026-04-30 05:39:38.078105+00:00
f39e6b72-f1c0-498e-9dac-d538f5593dcc,3f569e0a-543a-4e69-a02b-519d36bef6bf,942.06,2026-05-12 02:06:32.200694+00:00
a1ca1911-4753-4000-bb82-92c7553027e6,4d366dbe-2b11-4de1-bce7-94cf6cddd255,642.14,2026-05-20 10:05:45.972008+00:00
6bbc8cd0-cbd9-41e0-b480-d87b8f3d3d2b,0c353889-a261-408a-bf32-649f6660c469,1647.76,2026-05-29 10:18:03.229660+00:00
03929c59-0857-4480-a3fc-5a1decf74d44,d83ed77d-ab2a-43fc-b39e-aa24d5090ab0,884.56,2026-04-20 10:39:00.998850+00:00
b74bf375-f030-4b4a-9a2c-a45acdae1cdf,6b08e2f1-8ede-4769-8529-bdcde52a96b9,608.07,2026-04-21 17:29:02.828523+00:00
1f376b42-6d3c-4fc2-a4b2-27fc027bd4ec,3b5d6aa7-36d7-4bef-bc18-358a011b8cd2,1627.48,2026-05-13 22:05:56.666134+00:00
a872a3ca-5bfd-40ba-a75a-5027f3c37e92,09c94dd0-768c-4ffa-837c-0208d5b12989,1223.01,2026-05-26 13:54:05.675018+00:00
a07e8d06-cbef-49d7-b8b6-7a5c9f0769c0,0b6f2f6e-18b4-4479-80f1-e1f3c3acaef0,2375.05,2026-04-24 21:39:26.022140+00:00
b4d958d2-9a80-4957-ad33-436e61a1fe87,e19f9a83-6b39-4313-8d9f-5c09430d3c5c,2274.99,2026-04-28 04:32:51.316777+00:00
f8ddd9b2-3e15-4b26-a356-cf25ea05f1eb,a002e6d9-142d-4fc1-bdb7-55d1fbb0e685,2185.83,2026-05-20 18:54:36.020304+00:00
b9bd19d3-015b-45c0-a861-7e38b4794d89,1ec2baa6-b885-443c-9668-bb2922a54dd8,2510.83,2026-04-22 12:30:59.382074+00:00
c8d92be3-3ba9-4e8a-9c55-900c9a72c7b0,88cbc06e-3bae-4cf0-bbab-7e2a0b79fdb3,970.36,2026-05-01 03:50:46.526973+00:00
86047396-85f6-48d0-be07-6c2f85a98595,aa1fa440-13b9-45cf-ab0b-a48e2d9a9e04,1867.51,2026-05-04 05:08:22.425418+00:00
169e52bb-de41-483b-ab80-013b2c517b67,ae681ca2-4c25-413a-8b77-9ba0e645ce74,543.73,2026-03-29 13:33:36.092259+00:00
338f6f50-c239-4a47-b591-a1749090592a,22f5fd17-2f70-4668-87f5-f96f48347711,512.44,2026-04-24 14:29:58.925336+00:00
d11d7283-c206-4946-99a9-5244910650b6,ab1c75f5-260b-498a-bd7a-101407a39d66,794.56,2026-05-07 14:55:09.854043+00:00
b1d7c0cd-dc27-4853-9d03-1c08670bad68,66efb361-086e-4920-ba24-85e139f70439,607.97,2026-05-07 20:46:00.257832+00:00
bbd6937f-0bc2-468f-a1c5-f86a22843fc4,38d8eb77-1358-4ec7-be5e-b85eeb651525,641.79,2026-05-26 13:05:11.997891+00:00
07d02451-0d5b-44e3-a460-316542d92037,0e5fdd5f-7055-4be3-abeb-29d7794f3259,710.18,2026-05-17 04:37:51.408206+00:00
6b7d2d45-6b10-43d4-beb8-0fb1e5b78a90,8c6f6be5-1ee8-4f4b-a5cb-194f780f1488,403.8,2026-05-27 15:42:02.255391+00:00
8766b2c7-a8ea-4685-be5b-85200bedc923,8325627d-47d8-4dca-9312-cd1dac712d87,678.25,2026-05-30 18:30:05.252687+00:00
d978d1a3-4b23-422c-b0a3-8bf1d6ee39f2,98d79b97-b28b-4ee0-a917-777d583996c7,798.08,2026-04-17 09:54:00.606619+00:00
966b890f-257d-476c-af78-bbd063b992ca,bd8a374c-9a4a-4aa5-a439-5e4fd33b952f,2375.97,2026-05-23 01:40:15.424837+00:00
82145161-0266-42d8-8f20-17beddb23503,a976499b-91ae-42ce-bd59-83825108de15,1757.02,2026-05-23 23:56:05.346047+00:00
122dd720-ab0c-40e2-b211-69f9eb92d482,3d743ebb-a79f-48f2-8bea-ff1044d65fe1,1913.28,2026-05-26 01:20:53.619914+00:00
44ee0e10-6bdb-4d8e-8dc0-ef2b79b6018c,11f42e48-d0c5-486c-8a96-079339685bfd,282.82,2026-04-02 13:39:21.340492+00:00
9f5330a4-34ba-4543-bcaa-eefc8c32680b,d38941cf-81c6-45e9-875c-c8678c73c27a,101.6,2026-04-03 16:03:59.202013+00:00
d4feeaae-9db3-409d-add8-edae8adad141,b2b9abe4-7f35-44e7-a1ec-89fd7267bcb9,10.0,2026-04-03 22:13:41.569416+00:00
c946f8ce-77b6-427c-9405-80b8179dfee0,ec0aed2f-4681-4fc2-b2c0-4e41b31cdf34,98.67,2026-04-04 03:04:20.010635+00:00
a03c92df-68f8-4794-9d9d-3e21e2501da8,3152f22a-9e57-4681-8f53-c626889adde5,3104.65,2026-05-18 07:39:33.599563+00:00
dba24b2c-ae79-4ddd-8e27-a49fb6dc5f28,6285e508-362f-47c7-a51c-97b9b0a7ddbb,3254.22,2026-05-27 23:15:37.192232+00:00
72647c21-1bd0-495d-b030-5319ecd6bfd6,3e06439a-8168-4896-b11c-088447b506b2,2779.88,2026-05-29 19:27:20.943618+00:00
da179d98-543a-4704-8bc8-66a12f9ef28c,b2cbbd61-322a-44cb-a073-3c412aef993a,5146.68,2026-05-26 12:41:09.917173+00:00
b3fa03d3-640e-472a-a786-c3d8b678b390,bdac0e71-c0da-492c-9a9f-b073b0aa94ec,3686.88,2026-05-26 13:47:10.936192+00:00
f610153d-d375-428c-a1e1-129add50c3f2,724e85eb-bbbc-4f19-b2eb-fb2a7dc2e2e6,2300.45,2026-05-30 10:13:54.346176+00:00
65ba9a8f-edc7-4969-90df-3f2fb8a7ecb0,42c06eb3-214a-4c85-aec7-3312587a1e44,2861.94,2026-06-01 00:54:50.408213+00:00
04ad7760-f8e6-4e4a-bf8d-820e6495d35c,e5f4bff2-507a-4b45-b168-a5554daf462c,10.0,2026-04-16 06:30:23.460524+00:00
f363c2bc-f6f2-4b14-add1-210e062d2332,08287106-f3b3-474f-b9d9-26af1b526e05,1822.24,2026-04-28 16:30:17.353091+00:00
f6c7de64-a516-4f93-b6d4-5f88d66f7585,6fa3570c-5c9c-4d9c-8019-8091d8f7580a,10.0,2026-05-13 00:15:23.788719+00:00
e33b9de4-37cd-4027-9ebf-940f6615f0a0,0aa0d73d-2715-47f8-bf96-2e4dfcbe7221,2303.78,2026-05-19 07:54:59.020736+00:00
f555609e-868e-488b-9c9c-bd372558a1f7,35e1e426-dedc-42f6-94d3-a4ab03a8c3d7,1075.11,2026-05-31 20:06:56.419146+00:00
4828ab28-abef-4b58-b362-795a33139fa8,44751f9b-6008-4584-bd9d-9c73a55abf79,2260.62,2026-04-06 09:25:08.958152+00:00
c7ad275d-2008-45c2-b556-de6570904f11,c2683969-4cf2-430c-ae23-92e2757e75e4,1096.22,2026-04-07 03:58:08.116430+00:00
4ad5235b-dd96-4497-a454-5daa9a2413ef,273a6493-4216-4a70-b157-0c44a10702cd,1523.29,2026-04-23 23:13:08.750047+00:00
cb758232-d60f-484e-aa65-3d8a955d5b86,cf5d7d78-c658-4f4c-8c5a-fd0a37982853,2623.16,2026-05-01 09:02:12.598129+00:00
688df0b2-3454-40c5-b5c0-fb01681a7b48,8ce2bc38-ade3-47e2-b22a-865dcec0f487,1774.44,2026-04-05 11:46:27.408384+00:00
9192e71e-fe5a-4c52-acba-03069b5271de,f0d3ab34-ba92-4d38-b6de-81d1e2690624,717.7,2026-03-25 08:48:19.089756+00:00
3e0d327e-7cfa-47ae-9e85-0247d7de9341,7e4623ce-00ef-478d-a09e-7a1699be014d,776.86,2026-03-26 13:41:30.290423+00:00
517fe025-a7f8-46f8-971d-baf0e8c060c4,cbd16c49-f20d-4bda-8498-eb88f3eab21b,1524.66,2026-04-27 05:52:27.870960+00:00
78951d26-3e87-44be-a4e3-347f65a61a30,2f435cbb-6e70-4e7c-a8c2-65784a7af2a1,3057.6,2026-05-09 03:36:13.380104+00:00
c8de8dd9-2640-4741-9b8e-56f4883cf6f3,d79ac0c9-c443-4b30-a984-d80262e1b948,2688.17,2026-04-26 05:43:40.077042+00:00
8b6b52f3-f2a9-45e2-9d86-b36af2223f1a,c6afd0f4-cd81-438b-a988-ac14120efed4,4150.79,2026-05-04 12:57:31.153038+00:00
10b8c51b-1272-46bf-9621-a80b1f614c98,690835de-2864-4dc9-bd68-4308c8a4999f,4350.98,2026-05-07 02:48:02.680923+00:00
637ec38b-6851-4dcb-91cd-7f06d0ab667b,30fb760a-0396-42b7-8789-e3ec348c7000,4859.06,2026-05-08 01:44:27.269469+00:00
a5ba24a1-79e6-444c-a402-4285c965f0cf,7d3971ec-c55c-49ff-bbce-eec917cb5a50,289.49,2026-05-09 07:25:03.742774+00:00
78009c84-2358-4b08-a2e2-137221859fa7,2343fefa-7aad-412c-b480-e36f10b8ed8e,2360.33,2026-05-22 23:01:17.257503+00:00
0811eed9-73ce-4136-9cfd-eaa6564b3575,677eeb2d-37f0-44cd-bf99-11e5d1f88ad6,4206.46,2026-05-24 10:44:52.426326+00:00
1e3f357e-c0a9-4cc5-a07b-bcc34629558d,0fcabcd4-7641-47b2-bdf5-008bcac93072,1119.87,2026-05-26 13:34:35.486053+00:00
35850c02-d49e-4fa5-b86e-24b84b08ea2b,06bb2f0e-1f3e-48ac-aa6b-9c0fa8e30734,1228.51,2026-03-20 08:36:10.042352+00:00
68887189-84dc-41db-8ce6-8c3e76b40397,31fe221a-d294-407d-9510-88850dcae691,3892.66,2026-04-01 01:00:42.136475+00:00
79e5fd8c-0899-4b72-94d8-aeadc0bd62c8,01cc8dfa-04ec-4e1b-8e76-0ffdc7f64008,2562.69,2026-04-02 02:48:36.369448+00:00
d9f7e08f-a803-4c3a-9333-bf5bb7a98045,ee7effc1-2605-4106-914a-27a33628a220,2753.7,2026-05-17 02:26:08.198739+00:00
7b9a256d-4c3e-4b48-ad36-3d3eefbe3229,ab35c6e7-45c6-425d-871a-ae243af47791,4584.48,2026-05-31 08:25:14.296636+00:00
ece24958-d29c-4502-978c-63bd7e7420da,60e73cca-9ea5-445c-8534-07beaa3fcbf7,1555.48,2026-05-12 12:00:23.477526+00:00
6daa3f09-5ee0-46a4-a2df-5107b9a6c6a3,7211fa39-00ca-4ca4-bf6e-2de65e03c004,10.0,2026-04-01 18:59:42.612881+00:00
fc880d6a-54f3-4eb6-9f73-6e87af6a1df8,53b47664-6990-4b7d-a9a0-f187413421a2,2491.2,2026-03-18 00:47:54.563937+00:00
82c76927-bac3-455f-b5aa-e028a945b2ca,c723d8b7-87f0-43fb-8ceb-1d6fe042668a,1579.91,2026-03-26 22:12:33.383002+00:00
92f9b02f-28bf-452e-849b-b31c72148bd7,7d296d31-ac54-4fba-8891-a2f0b06954d4,142.48,2026-05-16 21:52:20.470966+00:00
58a58262-dd0a-4414-a626-8141e9caaf28,a4290f84-1929-44f8-be75-737f509cd0ca,5303.37,2026-04-26 18:02:45.752171+00:00
981aa513-f7ce-40c6-bb81-530f1524e298,0932cf06-1efb-4526-9ce1-8787e1c7c014,4115.23,2026-05-03 23:20:02.389833+00:00
41a17523-1f5c-45eb-a9de-f6190f80ebf4,492922f3-edb1-4006-9698-f160e5bf8c0f,3180.3,2026-03-10 20:42:30.969770+00:00
c916334e-9782-4e2c-b001-00c9ec5754a2,90611fa4-e89e-441e-8fe5-3a5eccceaec3,2196.58,2026-03-23 23:16:51.636490+00:00
bc6c0523-dc95-4d6d-8a67-5ae5e506d96a,467703bc-606c-4a5c-ab62-2a21a34d98de,4459.32,2026-04-18 19:22:56.834786+00:00
d837bf4b-fb28-45a0-bfcc-a461f382ca7c,5fcf3d3f-5e3c-45a5-ad6e-df56644026a4,4199.1,2026-05-29 06:23:57.060115+00:00
590f5ef1-ef6a-4eb6-9e89-31d2da0c98aa,c0c5901f-3468-4217-a62c-fba675ffe202,1973.38,2026-04-19 21:51:14.469962+00:00
18bbc274-0774-4ff9-8700-2716f395b1ed,8e22ba16-12dd-4093-a5e1-ea8a1b074b49,2325.09,2026-04-30 11:10:10.044069+00:00
a6986244-9b6e-4a4a-81d0-8c760527539c,b6e75469-f8c8-4b30-883c-c612d7e34d15,624.3,2026-05-20 17:10:12.469648+00:00
6c5d1d6c-d61d-4f0a-998f-3b27e146eaf1,74da5bcb-5afd-4b8e-aeda-466c1219a537,5357.34,2026-05-22 15:17:37.543956+00:00
39d6b4ba-c7a0-455b-aaaf-644d537542f2,4f0b3311-82b8-4ef0-a38a-953e0091d9fd,3465.94,2026-05-30 04:05:37.770128+00:00
19047e08-b26b-465f-bb47-1713dba7dc6f,8819c19c-d231-4b7a-8151-2107861749cd,4457.31,2026-05-30 05:04:55.466215+00:00
2860d546-092c-4bf5-8cfd-e829b1482e91,117be5f4-e1ac-442d-bfca-ce1c9ac4dc95,4185.53,2026-05-30 10:02:55.062790+00:00
9aee4d0e-3d84-4661-97d3-6648fbc5f029,fd658bbb-5867-4c20-8d4f-07eaf80ab033,2436.97,2026-05-31 03:19:01.969212+00:00
7d333259-bd53-4c36-932e-0a3c92093302,cf6b44fb-8c3a-4ca9-b750-d8614557c5ad,3357.62,2026-05-31 08:22:43.980160+00:00
30939b0a-c2ea-4328-bb76-ab49375f9256,4eb6d5a9-81cd-4c31-8366-680bdeb58956,3357.16,2026-05-20 11:24:38.035646+00:00
1e127f1f-1808-42a9-8059-84eb663aa7cf,ca20e478-e2a9-4f93-92ee-e43f85bd25d7,4640.78,2026-05-30 09:50:35.101734+00:00
5bae30c0-f106-439e-aabe-ca0c4a3c962a,07090049-c04a-4eee-9c99-996eb518873f,764.83,2026-04-30 08:14:05.253224+00:00
9b49918b-9c3c-4533-ae02-12ac96ddbf5d,2c8d9552-f075-491c-8344-eed9336b95b8,771.57,2026-05-24 01:28:38.691030+00:00
8e0023e0-0923-4ef6-b5e8-d7382443f96e,ba14264b-f0f4-49c0-9116-a0d34cca5cb9,898.82,2026-05-26 04:36:08.401852+00:00
121d7254-11d9-457a-a977-b29e88e646ca,541fd2e3-c951-4216-8fa7-cd8382f3ec1d,1221.18,2026-05-31 11:12:35.886294+00:00
daa14470-9f97-4b9c-8394-241e87b41135,a9188512-a869-4cb6-a6f6-8739f94d4bc2,2909.08,2026-05-30 02:41:11.791692+00:00
7c81255c-d178-4ab3-9c96-e5ac606cd426,f5f00b40-8a06-45eb-a962-efd89396c7de,4146.16,2026-05-30 11:46:11.163442+00:00
d85d4adf-52e7-48c5-abc2-6450330667bc,ec3b8e8c-b3ee-42ab-aa31-c2e25a21c99a,1849.43,2026-05-30 18:17:33.873351+00:00
296466bd-297c-4d82-b28f-b9076f37dfe0,f0e6eb29-6ee4-4dad-9788-daa11ba7269d,5217.65,2026-05-31 02:09:48.442442+00:00
ce2b0148-e834-4e3e-bd98-f36b6258715b,7426fd3e-839d-4381-8094-83b0d95aaa14,271.58,2026-05-31 01:57:53.413971+00:00
7f749ef4-aef1-48a2-8984-8b2277358266,35fe31b8-3959-4c87-a587-bc9a51a170aa,999.27,2026-05-24 13:32:06.407320+00:00
42eeab45-db0b-464d-a45a-2a7855700a52,e93017c2-a86f-453e-afc2-42b20e466805,1410.09,2026-05-24 14:11:47.608709+00:00
ba465ba0-0456-4e3b-92b5-adc0efb79abf,e8a23f65-1be2-44ce-ad4f-cd0e697ab7dd,539.84,2026-05-25 01:53:44.853780+00:00
b59b021b-3a46-46b1-b614-309bcb7be708,877bd2de-b610-4648-b150-390a03f30d11,2028.2,2026-05-25 06:32:32.517325+00:00
d8f79dee-15de-46db-a4af-d9d24cc970c0,62a9390e-23e7-4e87-b1a7-ce14e50018c9,3531.59,2026-05-25 11:19:26.149257+00:00
5673c1a4-8038-48b1-8710-d484ec60ac34,e8fa5439-e299-47fc-8f43-35a48486d6ac,2429.53,2026-05-17 10:53:04.918987+00:00
aeae59fb-43b5-4f09-ac01-89ccd51df721,aa943518-da56-48ca-a944-2e0ce5a49fce,1848.81,2026-05-19 05:49:57.058571+00:00
f51e5767-12c3-4a46-b168-3f28320aecf7,4bf3118c-65f1-481b-ab27-4948b6f085ae,1297.04,2026-05-20 16:54:15.308578+00:00
19770880-d293-4869-b9a8-d2a381350d7e,54ac97d1-a002-4ba3-b80c-6e86a5b16b79,1193.78,2026-05-22 14:18:01.181064+00:00
45917ed5-c293-48ae-a999-ff9e3f7a35c8,8e9946e6-227c-4dc2-9052-6ba407ed563b,10.0,2026-05-24 09:07:49.717863+00:00
138e1778-0ee9-4774-9e15-9a4376b69aff,6b7da7bb-a12d-4f24-b680-00a1d9a30a52,1301.28,2026-05-11 00:27:49.755493+00:00
d45a3898-626f-4d2c-a7af-f9c4aa0fbcc3,99a7b8fd-1f02-4ffc-8c7f-b11136b0a7a4,2435.07,2026-05-22 11:34:27.274564+00:00
99c77a0f-8e16-409e-a184-07347bc93268,8eb5149a-87ff-44c4-a2e6-a095e962a2be,2145.27,2026-05-23 09:05:40.551335+00:00
640bd73b-bd5c-4ece-a115-955793b46a70,4b9b7142-45f9-4dc0-ba6a-43c4991ce503,2981.57,2026-05-30 13:43:38.047948+00:00
71aac539-a3d0-476d-99ce-41e1417bda3c,6593aaa2-fa5c-4d9d-8bf9-45d7c90c670d,196.72,2026-05-19 12:04:53.981098+00:00
de502060-2c6c-47a9-bc2e-2023285bfb91,662acff4-cbae-4442-b8bb-3f7de5b9a1ec,387.63,2026-05-26 22:52:29.534308+00:00
b0de6d76-5eeb-40d2-a566-494a73e40f01,a13e1337-08ae-469f-891c-9457fc6dfa6f,328.32,2026-05-31 12:04:57.711504+00:00
7f2f1f17-c59f-4dc6-92de-1b6fec4673da,db3a68a0-aa69-400f-8cf5-bea37e75892e,1895.81,2026-04-28 04:44:19.279385+00:00
99a4eba0-7cab-4672-9173-3c8d1030e502,b854b955-de9c-44b4-831e-480bee757978,10.0,2026-05-28 11:30:28.531547+00:00
0bb9a443-f8d9-4b45-a1d1-a53ab435b8f7,09edd273-529a-44fd-a10a-47c343eb0e2a,1630.88,2026-04-12 13:49:56.389981+00:00
642cd1ab-d95c-468a-941f-85912a8f74d3,dc3f4e87-c382-4e4e-9724-0c44eabc00ad,117.44,2026-05-28 04:52:58.207108+00:00
63e5ac8d-bcc9-46e0-91a1-fe761d0be075,54720394-a30b-4c23-acae-aada316c8185,4324.22,2026-04-28 05:38:37.027080+00:00
e0c23eb5-6218-48e2-b6ae-78aed8d5ab2b,a9a821f0-37f0-4c1b-ab19-a6bc9ea8bc02,2793.51,2026-05-06 19:39:23.177328+00:00
443bcc68-0f77-4650-baab-a3158a55d564,87984a49-e1be-4930-a025-f369aabf37e9,6186.14,2026-05-13 03:11:54.588388+00:00
9b3d0a1c-b337-4460-af8b-22da9caed240,105aac61-14e1-4f16-ae57-4dc0d43329e7,1866.45,2026-05-14 05:08:17.843941+00:00
3b0e4613-d73c-4543-a4ec-432e261a2900,c2183e7b-ede4-42f7-b0af-f2f87e365394,5134.02,2026-05-21 02:31:51.479674+00:00
71d024f1-9b43-4ed1-937b-463b931f88fa,e5e9046c-dbde-4f5b-bc5a-0f83024f81a9,2478.6,2026-05-21 09:06:46.761553+00:00
9dfe6316-7b2e-43f7-a864-c840b86f357b,c06a0e75-b736-47e3-96d0-084be68409de,1045.52,2026-05-27 23:02:50.838273+00:00
1a707ae2-3d0d-4829-9d32-0d4b1b616b63,49a7e5e2-ed61-427f-a764-8beeb18de044,787.63,2026-04-17 19:41:43.222088+00:00
3126c5a4-cf5d-4aa9-a78b-76b86b6bc5eb,73692baa-e1b4-4eab-bf09-55bbddc224a3,1027.34,2026-04-18 08:27:00.507366+00:00
7a6c98ba-a852-4008-b083-fc7dc84e282e,3c816584-817f-46f3-866c-04792a5847b4,489.65,2026-04-28 07:32:22.541571+00:00
5c6cbac9-15e2-455a-baf3-1b4b1839adb7,3c93cb21-d041-4273-858d-464e7e637bf6,1076.58,2026-05-17 01:08:36.838955+00:00
66467707-4c24-432f-9669-32ca92dba9fa,ab32198e-7b3f-47a2-8c0e-4278a7c85dd4,117.31,2026-05-30 21:04:43.176395+00:00
e6064f52-50ca-4db7-8744-3880a70f83a2,18cbc9a7-7824-485f-8411-dd8c5d021475,936.97,2026-04-22 00:46:43.341058+00:00
00a72f8d-d8c5-482e-b353-6fe75890f28d,8738aaad-790e-4538-8eaa-ccf2985330cf,2257.44,2026-05-04 08:59:48.506615+00:00
29a77a9d-8078-4428-98e7-577234840cfe,b71eb74c-2eb5-4cd0-9927-e976f9560a1e,2076.28,2026-05-05 17:11:12.435927+00:00
3f88a15c-8cf9-4c10-8ad7-a93c96731836,4289be6d-9ab2-47f5-89c2-76f35b94a1f6,480.05,2026-05-21 00:59:20.635305+00:00
47c1b1b8-f151-45d0-a58b-ec4071ed1e54,4e62beb8-e2d3-4e33-8179-2fb2d7209710,1720.8,2026-05-24 09:45:05.093427+00:00
874d78c9-c156-4359-b327-9ea45c8f3d9d,32fa654c-4700-453d-a4bd-a638d6142e1b,1138.17,2026-04-20 11:51:50.960696+00:00
0af3fa6b-1366-4065-8d44-20d707daf488,32bf3280-9187-4a17-bff8-5f67b578edb5,2655.28,2026-05-20 03:41:31.861931+00:00
a23a8087-1247-4f9f-ab00-0e7fa672c2ba,2a43400d-4396-4cd3-b3b4-38b1459ed089,1860.45,2026-05-27 19:58:35.023606+00:00
dacde83f-db58-430b-a919-1cda2afb5c00,1d21d079-81fb-4611-948a-7de64a76ccaf,1877.1,2026-05-28 04:47:21.728765+00:00
1497194d-dc60-4f7d-82c6-c6877bdcb104,a07dca92-668b-438b-9707-8190859e5081,5807.8,2026-04-29 14:20:44.819832+00:00
db8815f2-d490-4f9a-bacb-39ce7c8da03f,9b6d3b44-6449-4793-a131-17192b03e509,3198.21,2026-04-28 22:44:10.958592+00:00
00882319-fb61-4f03-9249-39d8a5c3f8d2,0720425e-f5c3-40eb-8f94-13b4ae3b8738,3798.25,2026-05-13 15:24:26.747536+00:00
f1311229-6b69-46ac-ace6-449adf4bab07,f8c102b9-84ac-44fb-9c6e-597d512f2f70,3355.47,2026-05-22 21:36:20.376384+00:00
6f28fb48-40df-43b4-8360-00d463aacaa3,2d41969c-23f1-44c7-a3b8-5a223e9c3d79,1540.94,2026-05-26 23:31:33.827761+00:00
fd9b49b5-5489-4edc-8c3a-14762d5f2f68,f4a454f5-f203-4dfc-8600-2278314a57c5,352.49,2026-04-04 14:04:39.926045+00:00
fbe3b020-8ed6-4ea8-bf04-96d71e646652,9ec1fe95-4b57-444f-a770-46732ad98c80,10.0,2026-04-18 00:27:19.593804+00:00
080241e7-490c-4cda-931a-51f105831dd7,f8011a82-8080-4265-9d74-877f24d99921,937.99,2026-05-20 03:11:29.394767+00:00
d65d7b27-0ef1-4648-bc8e-3fa639cf247e,4d909749-42bb-44f2-9d5b-1f5d579e36fe,752.64,2026-05-20 06:13:11.108737+00:00
27f52a91-ad44-4e06-82f7-406923591517,ef4e154d-0052-4326-af9c-999185583883,761.58,2026-05-24 01:49:10.919373+00:00
ece3905b-bc14-4b0a-b8a1-a7b277ebf3de,b3c4bf14-10d1-409c-b6e8-71558403571c,817.2,2026-05-28 11:09:25.969152+00:00
e69bb5c7-5442-4d1f-9534-8a0d9c10df5c,23a26d7b-fc70-46f2-a286-cb89bb381fe0,427.42,2026-05-31 03:04:56.373617+00:00
58975926-a040-4ac2-8aa3-bc9f362968a8,f9b7b43e-ef67-461f-816b-9c76124c1c62,572.66,2026-04-30 04:32:28.132680+00:00
42676d68-8fb7-470c-b9cb-b9e0d5a82c93,89c6656f-2647-4abb-aaf8-49f21a8ab5df,825.92,2026-05-08 09:20:50.142961+00:00
8740287d-9a5f-4049-83c0-ef4b59d7da21,514db775-7107-43db-a515-9ec110ebc1b2,2882.31,2026-03-07 05:18:15.595130+00:00
47ce0f68-ddd4-4ac1-82d4-5959c33bb01f,8a90e0c7-29a5-455f-9de2-a3f646ef38e3,10.0,2026-04-04 11:20:28.756062+00:00
c737ebc7-9fb0-474f-90bc-511795e80838,cb0889dd-eb68-4e52-af76-c075809ebc12,3579.64,2026-05-24 23:19:53.750742+00:00
cd9238ac-144f-4911-babb-3326c47d0e97,3412bdd0-c763-4997-b69b-78752c8622b7,4100.77,2026-05-25 13:44:42.869408+00:00
e9b06712-689a-432c-ae8d-02a2d09b11b1,372e80e4-c17d-47eb-b9d5-53badb18e12c,1126.56,2026-05-04 09:18:03.130123+00:00
1dd6dd67-3af7-4acf-9a37-df7f83fc5eae,b30cc179-876e-49df-967a-1bb050233b5e,141.25,2026-05-13 21:12:35.940368+00:00
dd6d2e10-c257-4e6d-a0a9-7184e16deb40,807d336d-2e0f-4bd9-828b-d635cf8376d9,3410.3,2026-05-26 07:15:02.686204+00:00
236a8758-74f2-4d56-ab8c-751588a97a56,03c58d2c-6ddc-4fff-aad7-06cb2b2fbe66,296.09,2026-05-29 04:45:44.601497+00:00
08bf7b78-b525-4866-b300-32c1b108ff63,bbca710a-fcd1-4c0a-9e15-922a9acccb95,3540.49,2026-04-03 05:35:11.626261+00:00
c8b152e0-0288-418f-bdd3-58218eb5eed9,961f2fff-8477-4537-ba0d-7827228e4ad4,3484.53,2026-04-15 10:13:20.293179+00:00
79bce0bb-3356-4398-bced-39d4eb5ebb88,afcef03c-50ce-4e39-9e34-38ec8ab60ab4,2825.95,2026-05-23 15:08:02.800441+00:00
9b4eea07-1d82-4d1b-a308-3e3f242c897d,c1245935-ab5a-4ae8-baee-5c0e88e8060b,3459.99,2026-05-24 05:20:21.947747+00:00
a2ccd289-aa75-420f-a854-dddebed5e6b8,48973774-2726-4c0f-a064-858910ffb34c,2185.54,2026-05-24 07:49:33.616000+00:00
43807f10-19da-40d4-9237-8698f0d92c4f,dfc3befd-0968-4fb3-a99b-d075a79502a6,2139.67,2026-05-24 10:09:43.183101+00:00
8a8b93c7-1112-4f83-a82a-40fe8b8376b7,87d85556-1657-44e7-89d3-26106c6fa0d8,3410.05,2026-04-07 08:54:03.008361+00:00
4086ae0b-1109-4bf3-a674-6d8a5ebbb3ce,7c9a7664-bc1c-4529-8724-912b2d7f8cec,6313.6,2026-05-08 10:32:47.320942+00:00
09b79ac5-6e8c-455c-ab72-7b75ad82ca4d,fadf2406-ed2b-4d45-b1bc-d562fa0b4f23,406.74,2026-04-03 05:55:05.277970+00:00
90932d39-f6b7-4ed6-b525-8c2c2fdd5d18,889a2d16-bcdf-4a33-8aa2-4a858a024d4a,2635.48,2026-05-05 05:19:27.670423+00:00
c6bdcb74-db5c-428f-b510-82871cea21c2,46a7d2e1-4e0a-47ce-bb1d-204854e266ca,3203.98,2026-05-05 13:58:29.754804+00:00
29576f8b-ca18-4fe5-b826-229d11805c4d,c62031f4-23cd-4a94-9ee1-131eb7a7b71c,5624.83,2026-05-17 06:22:36.672603+00:00
2c48480f-0c0a-4866-9b46-d03cbdb3c7fa,fbd2ff27-6279-40a1-b83e-581a0eb69033,4944.98,2026-05-31 17:16:49.246371+00:00
079049b0-89ec-4146-998d-bae53146c89f,69321300-9085-4bb3-a9cb-597b0d088f43,1915.69,2026-05-10 02:39:16.205647+00:00
e39a9617-4c4d-4906-8eeb-8ea8db6d0c00,5f45169c-551e-4ee1-861a-e9b464971fca,1359.91,2026-05-18 10:48:58.472420+00:00
4d20e04a-1414-4eb2-9349-b8c97d77033e,36a509e2-f996-436c-8f24-48f586ee3509,908.77,2026-05-19 11:11:16.568121+00:00
6a7e91b4-6c43-42ae-8cb1-184b8471bf9a,8a2a5c44-c9bd-48b1-bb27-253510276823,2819.78,2026-05-20 15:04:07.550395+00:00
387d8103-d065-46a1-8590-9e40bf38c860,b66d8979-f1ab-461b-92fb-80804a144c0e,598.76,2026-05-27 11:02:32.859454+00:00
8828bcc4-741f-4832-965d-72152969e598,a8bf1922-d3dd-4100-9af9-7371f9d8c090,245.49,2026-05-29 08:35:24.531924+00:00
702415a8-9182-4d57-8d1e-d50778f117ec,5bf4383d-5352-4c8f-8e3a-a69f8a85e01c,618.05,2026-05-29 19:37:42.650546+00:00
e71644c6-830f-4e53-a2d0-66d7e47ff02a,ad327848-3d2e-4503-ba40-dacc2d0d7e14,3943.34,2026-04-05 06:02:38.860135+00:00
ae2bbb33-3c88-4c16-a5e9-16440ca4c7fb,f2ce2068-9444-4fa5-b6a2-50fe1e3e5fad,2264.53,2026-04-09 18:18:55.649707+00:00
b4227405-f456-4ada-a934-0cef45c28808,528a0178-4df5-48b4-a3ee-6df2cb895f95,2895.04,2026-05-03 10:21:31.865966+00:00
76d9df7f-5a7e-409a-b8dc-c366ea18a244,5fb2d0fa-0373-4df9-9d34-bb059435aa26,4965.96,2026-05-13 11:53:32.591928+00:00
e724b2bb-9ae6-4a02-b604-53b4bf808994,b8f385d3-be9d-422c-9a1e-e825a54e7843,2800.52,2026-05-23 07:58:26.974086+00:00
053d27b5-ac2c-4238-9e6b-2a96744a0ff6,54e7f6c6-70b6-4e60-a61e-bb6d022fcba8,818.98,2026-05-05 17:05:40.955107+00:00
611f1a6a-bf36-4672-b1eb-dfbbee5f5b8b,3487ca54-fc9b-4af7-a7d5-d5968c6efd8b,1488.24,2026-05-17 03:39:57.309401+00:00
cb28a293-1a1c-4e90-b087-c259321ff7bc,02c925f5-7867-49b4-ac30-309689b65994,1299.26,2026-05-21 18:34:38.436259+00:00
20aa3540-237e-4533-9ebb-3c937ff7c9f9,427a4aa7-46b1-4ccd-a17a-88519837d8a8,1049.29,2026-05-22 09:16:28.760136+00:00
533ed7f2-1018-4e67-8b79-bbd3a6163cb1,9a4c3622-0af9-44cc-b962-c1118b15a176,902.7,2026-05-13 18:03:54.852556+00:00
948d1a1c-8716-4df3-9c71-72dbe064a396,81a77bf2-39f9-4a52-bd98-161177ef301b,638.83,2026-05-17 15:44:36.508473+00:00
0e9cb140-6eb2-4dab-a8ff-caa25b730d55,89a42ee2-e2ed-4b25-9bf6-7025fe01c886,1033.25,2026-05-24 03:29:28.980398+00:00
9cd5f88d-137e-4f02-8c59-032844846c25,20c723e4-8cea-480f-a27e-108f97092e13,2131.91,2026-05-09 05:53:18.260243+00:00
973da1b4-4f4e-4608-8f90-250874b20159,626df0a3-458a-4b44-96d7-b660695694fa,10.0,2026-05-29 19:22:16.103955+00:00
afdeeb36-28ef-45cc-ae0e-623752ca9103,c8ab44cc-7737-48f6-9bfe-070e46e15f21,296.44,2026-05-07 21:32:49.164928+00:00
e919edbb-fc87-44a8-b677-b5428524d7f0,0837495d-d9ef-4c3d-abd3-9f07af67781b,426.18,2026-05-24 18:03:15.546748+00:00
096794ee-b9d7-4100-92f5-cfd099a4317e,b960a194-e83d-486f-847c-e1b114dd9a48,4385.91,2026-05-13 00:03:27.722490+00:00
822fdb66-9e88-40b8-816e-6c78e8f6ac8c,cec8a54f-2acf-424f-b5cf-00039cac8666,3570.74,2026-05-14 06:11:10.534841+00:00
728cd595-fafe-4165-ad55-86186fd551db,6e8df5ac-fef4-44fd-b54a-2f7fb1fc2107,3825.4,2026-05-27 23:44:16.727763+00:00
10a6642f-ed8d-494f-bea7-f57734286ad1,b87fc51d-08f5-4b00-934c-2685f6b40726,1017.25,2026-05-15 11:28:05.525174+00:00
09cc494d-19d2-4ae6-939b-25a5ecb1484b,49e58a64-7c8e-4182-9ee8-2724ad2bcaf9,595.43,2026-05-22 00:24:16.119249+00:00
45fa6d7c-949b-492c-af83-4db1230d9988,64541ecf-d340-460b-b68c-5166afef0408,3197.09,2026-04-23 14:57:26.740051+00:00
87a93fca-4371-4ed6-88cf-01c7f2c1f005,a06889a0-eb80-465a-abe2-b2457ea3e295,1902.97,2026-05-16 20:06:00.307165+00:00
b550a234-52c0-4670-bb53-c4bf254c98ae,d9ec863d-34ba-4e74-8e87-291bcc38e136,2178.71,2026-05-21 00:38:27.430600+00:00
b978507c-bc5f-4d63-899c-8a2cb814fbf6,b32587cd-4784-4e08-af8a-f455e72cad1d,2685.94,2026-05-25 07:33:18.165689+00:00
ffa736c8-7e33-4af5-b726-c2553a3962c7,75d7cc9a-ce31-466b-b812-2cef9996df80,2537.79,2026-04-16 08:18:03.737882+00:00
5f013e63-a531-42b4-9ff1-a107cf4f1ca8,fc286029-8815-469d-86fb-f2c247cb67c0,547.55,2026-04-16 17:11:25.341998+00:00
d1401225-d03c-4581-a7b7-0f5b59787fa2,58d678d4-8cc6-409f-9735-a8ed37b3e557,4348.7,2026-05-24 18:25:07.881492+00:00
45a6d800-47d2-4881-a48c-f87107842e5b,7e8841a4-d1b4-4b6c-ab18-a8244d22e670,6422.94,2026-04-24 05:22:23.821373+00:00
4b69b835-c216-462b-b0ea-e4073b7c590d,19d12ac1-8d3a-4d82-a6a9-5b820d393e67,3776.56,2026-04-29 11:23:02.435267+00:00
51b6d364-ec0f-475b-86c5-a957238a28af,140482e5-9d59-423d-97ec-6571b0132b5c,4296.04,2026-05-07 10:47:16.090411+00:00
94d348f9-6d4b-4231-b2b3-9b1193c84436,7bb1ee2f-b4af-41fc-9427-d60fe9c66693,5427.84,2026-05-29 04:02:25.327456+00:00
7ffbffde-3041-44e6-aef4-af9528dce18b,38767ff8-2ec9-4b85-bb53-9a898c405e97,994.8,2026-03-31 02:18:06.175806+00:00
1cb64855-5cde-4d0a-95bb-97c4bca52d82,54c83b11-e991-4c6f-ba07-daa055a5cb38,694.22,2026-04-09 14:45:05.366769+00:00
ff2636be-8fbc-41ae-9566-129a8ee82185,05fbdac7-00f5-443b-a145-34455e1b47e0,618.06,2026-04-23 12:55:30.258841+00:00
b21b3f66-66a4-4bb7-a982-b2c0c85c6b23,83e7e24c-c0e8-44b9-b1d9-86e36df7ddcd,305.59,2026-05-16 05:06:16.350447+00:00
47cf9a0a-d31f-443f-8c72-abd31ab005e1,7ad42baf-042f-4340-b3b5-4fe1d033d28d,1870.83,2026-04-14 01:44:26.193021+00:00
cd3032fa-4a72-46e0-8590-cdfc26f593c0,6783af39-f29a-4bcc-9bed-9ad36108a641,3640.65,2026-04-15 10:21:54.738845+00:00
ce53c268-67e0-4f59-8a5d-56b2178b569c,494f55fb-d7a2-4167-83a5-af3d8a55ce92,2421.55,2026-04-18 21:02:51.050808+00:00
f947526a-b417-4657-8ad7-7c1dde25200e,df46c153-0b71-463c-a8b9-db38cb25b7a9,1691.17,2026-05-21 17:36:50.932794+00:00
45172f21-db01-4756-91c8-37bc843ee6d9,7b0ac0f7-bd33-4e99-a561-c04d2ee01791,1458.74,2026-05-27 22:02:52.607461+00:00
a5b7381a-e283-4404-a583-97f2551f5091,cd725126-0f6e-4362-846f-3311f19145af,951.49,2026-05-23 15:27:09.100770+00:00
61285e07-a689-4c3c-b5a9-c883500fe657,8f4adef4-d9d9-4422-bfad-ec52f6bfacc4,1882.09,2026-05-31 17:03:36.833407+00:00
22f112b6-4e3a-4fb8-8988-778fb3cc3acd,4c46f5f5-d032-44a3-9f9c-fa8b56c70b0d,2390.59,2026-05-03 14:29:43.149097+00:00
9f59bc4e-9245-4aad-927c-b36ca5dd08dd,d440bbd6-fe48-4c0e-9517-c38fd3c95d25,3590.95,2026-05-13 14:05:06.136674+00:00
95ec7287-efda-4896-968a-4d8c7727eb94,334fef87-37c9-4122-94ea-2471f4b8b940,3212.61,2026-05-08 19:22:38.154058+00:00
bf830774-8a96-4fa5-beae-650b96fce1e3,388bcb6e-ca83-4769-a196-1a6619954a51,3688.67,2026-04-05 14:42:26.840328+00:00
c8cab338-b099-4ee9-a847-214f0d5cddff,5d427f23-3a05-4085-af6d-a116f6fccc7f,4682.78,2026-04-08 07:19:49.823624+00:00
128c3164-1b4c-4e2f-aabb-151d65504ebe,04834020-68fd-4fa4-915a-487ad8d9a3d1,4645.78,2026-04-12 13:40:01.157998+00:00
ab0854e8-b156-4e66-adff-a8307b524298,c8c540b2-ed7c-4443-8c31-5af4251cbe2a,1470.76,2026-04-25 00:01:04.250557+00:00
d1a3f7b2-4859-47d9-9a55-16eedc03b881,18825710-7241-491f-9c12-209f18ffd393,610.46,2026-05-21 19:17:34.923384+00:00
22e8f0d5-7817-4b31-adcd-68e167422a21,ba55ce9b-b66e-4720-9aa8-87c0037014d9,2408.75,2026-05-24 19:26:45.701217+00:00
2d5af883-2a9e-4b99-b0e8-8914337116fa,7e78c6b9-6f20-496a-beb1-0a69515801b9,4323.28,2026-05-25 14:44:25.128056+00:00
5a736a8d-2e0c-4c5b-9156-f7e41b2cdfa8,ec0c0d3f-4954-4dab-bd0c-d5499af21938,3775.58,2026-05-25 20:54:49.712975+00:00
db2b3a1b-2eaf-4929-ba7d-1d0a9916c4ea,38dc1c09-2a10-4d38-92da-964800920ba7,3183.47,2026-05-28 02:22:25.761917+00:00
812418a5-84ca-4701-a096-f6a4d0752fc0,bbc8194d-d483-4f88-ad24-1a8d81724141,3050.05,2026-05-30 10:55:35.180768+00:00
708e97cf-2084-47a2-a706-1b7fab6237f3,f0a53f4a-84a5-499e-b0a8-94eb48d84847,2177.18,2026-03-30 11:28:44.227689+00:00
2e4e4e59-4921-41e8-ac91-f8a1f473ce7d,d97198ae-2d77-4023-84dc-7dbcfc068b11,4628.9,2026-04-08 17:27:57.847425+00:00
c6186b65-8a0e-4bf5-ad52-f43a99a07e44,be2de216-5073-4046-918f-fd128b842f70,916.31,2026-05-05 12:37:03.851300+00:00
838b4973-8b9e-4ed0-ac03-31b36926642f,c66a55aa-5ef8-4ecd-9dcf-c8e927f05014,230.44,2026-05-20 10:23:30.795018+00:00
ed7897f2-4ad5-4784-bc05-188f0ec4b4d3,f80209b5-35e1-423d-8c7c-2a461e3b37ad,10.0,2026-05-03 00:14:38.201909+00:00
7dc2f4c6-bacb-4d7b-aff3-2c263fb9b730,02a534fb-0325-439e-ab9d-78e9532de1ef,143.71,2026-05-17 01:46:48.502262+00:00
fb3f1682-4ea4-4ee2-8659-d32fa4b0dbc2,c4be5e68-1d91-4bb5-b0f5-db57a65adeb3,485.18,2026-05-20 02:27:14.624738+00:00
cd6fe870-d259-418b-8f4f-8477c376a385,4c619c7f-86eb-430a-a1b0-177ec8c45f1d,2653.8,2026-05-30 09:07:15.453332+00:00
9d26b865-60a1-48c5-bfed-b598d9ff61e8,69ef20ab-3fa3-4b24-8424-0f6f82accf49,3052.67,2026-05-30 18:07:45.304259+00:00
3aa944ac-be16-4ba5-9ff1-3e951ac30f22,b339e675-36a8-464c-8a25-2024e13a0fcb,1892.0,2026-05-27 11:19:07.960776+00:00
4d96eafe-5ed9-462d-bf18-924801a159ae,2e5844b5-067a-4f54-a41b-a783ff117861,1930.27,2026-05-28 16:52:28.299764+00:00
9468c154-60f3-4614-81c0-5c887a2dd890,94b52087-0170-4f52-9d1e-9f305e8d777f,641.01,2026-05-31 18:14:58.587414+00:00
63ae24a1-1634-4d5e-80e9-b87ad0b59466,451fb7e8-8ac9-4aa4-968f-6619fd243632,1287.85,2026-05-16 14:23:39.813865+00:00
78cc2fcb-55b9-4061-8218-7c1a34afe87a,3dfbaf55-25c8-46b9-927b-7afeed64d537,10.0,2026-05-03 10:32:37.620763+00:00
bdea4275-9143-43cc-b294-da44952d1e50,55e88947-16a4-43a3-ae67-02335f2304e1,745.95,2026-05-08 07:36:25.946922+00:00
0313277b-80f3-45a3-8ba2-390b9c6be33b,00ceef31-41c1-4f63-b073-29b243ba2cc8,576.15,2026-05-30 08:21:58.897238+00:00
94e0a2a5-1ee0-49de-9e8e-662647ab2de3,d47309c6-0322-4472-abb8-a61262a38c72,10.0,2026-05-14 18:57:17.820852+00:00
4846a260-b8b7-4dd3-b1f7-9df31a18631c,2f410d35-28ce-4c60-953e-b66c501185d8,2520.56,2026-03-19 14:26:18.355139+00:00
3ec5ceb7-39b9-48aa-ac8d-2d024043f335,7ca13991-441f-4a55-8327-748aaf2df032,4756.89,2026-03-26 21:57:34.667558+00:00
6f87d4a0-6408-4cd1-8b6b-1c360ddb2d8b,b7b802e3-37f0-4488-8a0a-fb89609d1e1c,1373.7,2026-03-29 15:00:24.418566+00:00
0e46c397-c151-49b3-b073-73803f12cefd,19410836-5ed7-44fe-b51b-ac09c08fc5b3,4377.13,2026-04-16 13:29:20.074016+00:00
d1cd1f6b-0268-4db4-815e-dd5d4c3bdc16,9d444ec8-d679-4f13-950f-a31fc3b57dbb,1207.64,2026-05-06 21:39:27.770660+00:00
7f0e24a5-a629-487e-a4f8-8acb30d1a955,225e695c-ede5-4196-81d9-66e6b04f3b3e,314.48,2026-05-27 13:57:40.690401+00:00
2c40cef0-dcf2-4a9c-bfe8-a9432d58f50b,08ae79b5-d4bb-47e9-b4f3-ee3a6d310d30,1030.62,2026-04-15 18:57:36.041552+00:00
dbf29a2f-d905-40c0-aaf7-575d476b2b21,d974a01c-86b8-4ab8-afdf-ce9265a97a41,1885.86,2026-04-18 05:44:04.972356+00:00
baee29d6-f635-46a9-8630-a07e0e8569ed,06536988-9661-4760-aa7f-7d2f94aa2d2f,1930.87,2026-03-25 05:05:53.265785+00:00
8b93bf20-0326-4bf2-97c1-0af21606acc6,881ce77d-333c-4338-ae8b-1099da8fde60,10.0,2026-05-25 07:35:01.048293+00:00
3b9f03b3-4106-4e3b-a662-84cdb7b4d2ad,524013d5-19c9-4ae2-ba2b-d22b241f9c50,3443.36,2026-05-31 05:13:31.421180+00:00
54286104-40c9-4617-b22f-97304c66c601,756e91c8-b26a-4c16-b5b3-1e81b9ed9f59,1498.42,2026-05-05 05:19:47.819103+00:00
49a61ebf-19f6-40c2-a148-a114366cd68a,8abd159c-9600-40d4-a8ab-3fa3c54ede66,3166.74,2026-03-10 23:33:37.440189+00:00
515d2b9f-3478-43d5-9047-da066e21aec8,153e9b9a-08cc-464a-a92a-2f5a5e01e8eb,175.03,2026-03-15 19:38:13.866456+00:00
5170f7b4-3cd4-4eb7-b0f6-bf9289a113ba,a8601fdd-203b-42ac-990d-d57522697482,920.49,2026-03-17 11:00:44.285287+00:00
bebb6445-b22f-4859-bed3-097c98f5f21f,0d34f307-ac34-4952-a3c3-ffd2d8189a8c,2629.45,2026-04-09 03:58:16.620444+00:00
a8f85e4f-4bb0-4da3-8b03-ff179c2749f4,8c9ba73c-ceff-4a8e-a839-5bfd0cfb1b29,4380.54,2026-04-15 11:03:05.191925+00:00
4774a1c6-bfbb-42e3-8f21-bd483a846831,906cecc9-0028-4d73-a1ab-dcd7eff2929c,2462.49,2026-05-17 03:49:17.101104+00:00
a4ec8329-2c74-4b47-8bf0-2d5a577de3cf,8e824934-9feb-4301-aba7-51cec7fce5f0,3688.56,2026-04-18 14:31:39.748436+00:00
026a6aa6-2562-44a2-97f9-a7c96d200235,98f22b5e-080d-423d-aa34-52c8c2ee5514,1069.02,2026-05-19 08:01:22.607255+00:00
6ddc7a3c-dd34-4fe6-b834-9347c90452de,b706495c-fbd7-4cb1-9d01-51ad04c7752a,5255.09,2026-04-23 05:14:21.418061+00:00
eb7e403a-a12b-4626-94ca-0f9cf7ee2ecf,d2646b19-79f2-4945-ac73-e2f3d97b4a35,3168.64,2026-05-15 11:20:45.948491+00:00
4057e7af-ef20-4927-8b86-9722b31fed11,a3737864-ca3c-4044-8620-dd490ea16cef,1730.48,2026-05-19 04:54:18.231899+00:00
7af22715-d520-4ce5-af34-734600634e77,349d4c50-6a5a-4bdd-893b-90a1452a2b16,1307.59,2026-05-22 14:56:43.001321+00:00
91dec943-a4b1-40b8-bfc7-3d1e15e2f984,71d7c5c4-23e1-43e9-b911-91597df8ee8a,1759.36,2026-05-23 07:36:15.419696+00:00
bdbc227e-f703-4497-be09-6fc0860f6686,4fa54efb-496e-4dfb-b4f2-bd4860de8b09,10.0,2026-05-31 13:28:20.358983+00:00
a51c80fa-f495-4842-aa97-20653f75a0da,3b115b8a-636c-4307-bf6b-3f1f39df1d48,1668.58,2026-04-14 17:21:18.111575+00:00
db853e17-7c47-489c-b991-5f99253af73b,afdf1722-e1b1-4b03-92bf-f71f01568a9a,1543.83,2026-05-12 12:08:19.890140+00:00
6245bc4d-e6ce-4d17-9d1b-de37fa3aae7a,ccf67729-64ad-44ee-9ad2-766f6a6b3da2,922.99,2026-05-17 06:16:30.240334+00:00
e05298af-9280-44dd-ac1f-74a93054e506,abd889a3-8767-475b-b980-559ffeb2b8b2,1917.83,2026-05-17 21:02:40.284895+00:00
4b23358a-3cdb-4000-bf79-303e09b38aa1,a4f076e8-ca9f-4f80-991e-878efc7374de,1289.27,2026-05-24 08:14:52.487713+00:00
eaca71a7-1002-49fa-846a-7ab39816c04c,e6693af8-19f3-46b9-902c-4697a8acab9d,1862.12,2026-03-16 00:32:55.356577+00:00
098247bd-6169-46ec-92af-53d43caffdde,5eee71c8-1ff4-44ef-a794-c927ea689b09,1695.96,2026-03-20 19:46:09.062412+00:00
2210684a-ed57-4ef0-87a2-a76f9d18a635,a7fa5d57-b386-42be-ace7-921777021287,1286.68,2026-04-08 01:24:17.728574+00:00
cac813ae-252b-430e-bf7e-bfd01470040a,9992ca13-cd9c-42a1-8047-0c9515b62e0e,415.06,2026-05-04 18:20:10.422643+00:00
0f6a4205-36ce-4f59-8a67-0cc1e14cf29d,fb48d9c3-7b08-4299-a395-b32d6861f4f3,2136.47,2026-05-06 23:11:08.911973+00:00
53496ef1-cb77-4422-8fa7-3a12d96328b5,b3b3e3b7-caa0-4b46-9a9f-ef1d5d1831a1,1566.66,2026-03-22 02:20:59.711153+00:00
e7fd2670-cb53-4fa1-9383-89db4b878bcb,88b82ae7-b285-420f-b237-bdf3cd9cb654,1967.4,2026-03-28 06:22:35.893159+00:00
e2484b51-e363-4659-9849-892b80cf1ecb,bf1eced4-6e99-43e9-9749-ad9f66c911e9,1967.0,2026-04-02 10:33:36.544026+00:00
a25b6c7e-763e-4ebb-a0b7-b6d2ebbd459b,4b2af628-2fce-4373-82e7-4ff3512d3de3,2318.76,2026-05-15 20:55:29.855216+00:00
54f3926a-54be-4575-8360-79bef52afcfd,b79fbd85-55ff-41c7-b6ac-13927d2c4d59,1623.2,2026-05-27 05:49:39.837693+00:00
900bb412-e748-4859-bc32-b41487c1c82c,a67d6015-18ae-4f2d-90c1-8d832a4b508b,3015.5,2026-05-06 03:53:30.574903+00:00
48394f08-ec15-4faa-95c2-0527ef6d2553,52f8b5d6-6b57-4b8d-9196-e9094a85ed6a,3009.59,2026-05-13 00:12:18.758478+00:00
95bab025-f595-4d6d-9e25-6a416b2cd9ad,d1525abd-0488-4f94-b185-6a5a4a5df4bf,3251.6,2026-05-23 22:52:39.723991+00:00
084d2dc1-3f9e-495d-b7c5-fe547c24fb3b,fea0133b-98c5-4d08-9ce2-50dc25b66954,714.05,2026-05-29 03:32:10.068347+00:00
13677af5-eb2a-4a3c-9608-3b1e2228ff1b,14f14b49-a20e-4b84-bd51-0bbfff5b821a,786.63,2026-05-29 13:50:32.631702+00:00
052dc386-f89a-46a3-8082-6fc1bac6c4d6,fdf9aa33-c64b-465b-adf0-7583153e5c8b,2779.4,2026-05-30 08:11:15.237295+00:00
373a4000-cf7d-4b25-9571-9dbfc4faa309,45820721-78bd-4e65-85b4-8e44d6b1d10b,1138.9,2026-05-21 21:28:37.881382+00:00
f2f6c703-99b1-4925-863b-f24dc6244647,e5864b06-c865-4f56-8ecc-5fbe28e5cb6b,2111.8,2026-05-22 03:21:27.179903+00:00
279597fc-1d82-4f46-a571-f33b78170900,1436a240-d052-4aad-9c6a-c8195c6209fd,963.41,2026-05-22 17:01:27.688413+00:00
5dafee91-916e-43a6-8e6a-a3cccedb0ab3,0bbdc809-097f-404b-9a2d-a9f9a5a9a52a,10.0,2026-05-23 16:07:33.501450+00:00
431b4d01-d14c-4a6f-85c8-63cd7f022d1d,7bebe051-9a83-4968-8682-b7bc08c439e0,1114.39,2026-05-23 17:23:22.561790+00:00
0c918543-cb25-4b22-854c-6c6254a4d4c2,4fa5920b-1017-4b3e-baf5-50b8d8ecf426,132.28,2026-05-16 16:13:16.735735+00:00
4cddb4d1-b94d-4d3e-95bc-4ab472fe8fca,27ce87ab-12bf-417a-8533-be75965671dd,314.84,2026-05-17 08:31:06.286947+00:00
1fda1c2f-18aa-438e-b428-4fc02c35d58e,2a065960-52a8-4575-b374-08628c7fd830,915.13,2026-04-21 00:27:00.826573+00:00
9c2a2312-e3b6-4629-84d6-e92101c4b17b,bde794d2-0a36-47e0-a6cf-e7aacca6beb1,1125.15,2026-04-21 09:28:36.043831+00:00
688afa00-d8f3-4fc4-b481-42e050d06215,83ef681e-1ec9-4e98-8253-b2ea34ffab95,852.89,2026-04-21 10:31:53.300892+00:00
b43bf0c6-c9fc-4a72-9ebf-26e4a987ed7f,3e03ae46-6a04-4adb-bc6c-4664fe097289,1595.55,2026-04-21 12:46:29.962204+00:00
140e101a-ee2c-476a-b9a7-682d68bda3cc,b8615a6f-e4e2-4a8d-b288-bb45dec2ea07,3387.8,2026-05-08 19:20:43.303523+00:00
8e0ae3dc-4ed3-429a-be0e-04648b7f447b,ea86fa06-8991-40ac-bc91-8b286c633cae,5063.65,2026-05-11 15:57:30.118879+00:00
bc6e8866-e3e6-417c-9ad2-da61200c9509,48f70545-85cd-49e0-9525-cb2319ee5084,10.0,2026-05-22 16:55:55.014412+00:00
55a28a21-2f2e-4d07-8156-3b8af9efa22f,400aa888-6af7-4e87-bfb0-3c9b670d5f6b,1680.0,2026-05-31 09:48:05.715592+00:00
3d93ba5b-0aa0-49ad-a19a-3d752b59e795,e90d4d8e-1e6d-437e-8b7b-4f25648d5ef3,6770.65,2026-05-04 19:31:00.391004+00:00
6bde1996-56bb-4ea3-951d-1b6eb550445b,e2b66d53-0589-4251-b31d-6408c7f1c558,822.58,2026-05-17 07:08:01.274312+00:00
350b8363-392c-4f6e-bf67-c2ba9833defa,9a5c534e-ab96-41f0-beee-04a30ac030d9,5267.0,2026-05-23 04:54:23.753956+00:00
11e1e6df-7406-4c23-8993-8b443d0ed040,b1594d76-7638-4d74-9bc3-4e639da77319,3603.31,2026-05-27 06:29:21.369103+00:00
f4d54cad-46c7-41c4-a544-072519043c13,27311bea-d4eb-44af-a2c9-507cd3e239a5,3103.5,2026-05-08 23:02:36.481722+00:00
c2b75bd9-5ef8-4dc5-8c8b-d1611b11d60e,1f718d42-a57e-4ceb-acb7-f3c6da24cf25,3666.12,2026-05-26 06:48:42.498549+00:00
a33200dd-cdf1-4a0a-8ce0-c3e132a44efb,d8152e9f-61b1-4d0f-93c0-70a182f048f0,230.38,2026-05-06 11:19:04.216625+00:00
bbb8e2fb-91f1-4349-8fc9-a44ffd38e1d8,58d05316-6ea2-4880-82c5-3c5b017e9b7b,10.0,2026-05-18 09:30:52.281537+00:00
a1457f1d-13db-43e3-adde-f3c49aad5489,26bce710-da53-49ab-85a8-1b18d9ea12e1,2034.82,2026-05-18 14:44:09.013880+00:00
3e4f7990-6b06-46d4-8117-978ae47cf8e3,ffef5744-b69c-4ee5-9eb4-7b803ec29c3b,2852.59,2026-05-18 15:27:45.695304+00:00
d105b1dc-799c-4e1b-b9a1-0c27b931698f,190c3607-0b42-4968-9486-05712fdab0c4,3514.88,2026-05-18 19:58:57.011576+00:00
269488c2-c1d7-48c0-b4fa-65ce36f0a8b9,4f03a96a-b79d-4453-b89a-d94997e5e9ea,2130.35,2026-05-07 00:29:12.430191+00:00
b847545c-1b2b-439f-a667-c226b870006e,c597ca7e-884d-4522-9089-eafff8b665b6,2922.12,2026-05-07 02:09:35.295720+00:00
a2eb8ee3-d335-46e5-85d0-9569f68e3391,b08d455f-3357-4a01-ae97-9c8d5f31cff0,1951.77,2026-05-07 05:02:28.701938+00:00
ba83e44c-4a74-4cea-8464-24372d7b086c,51fe3c41-9319-441f-8843-d643fd974543,2937.04,2026-05-26 22:11:12.799289+00:00
3f84701f-cacc-489f-ad3b-c3bc4111ea67,cbc805cd-4a29-4fc6-a29c-508d81eddce5,4099.38,2026-03-20 04:32:56.784820+00:00
7e2e1bdf-452e-49e9-9b74-231f56bbb046,9351b407-4198-4770-a75d-ad8073a4cb73,3542.58,2026-04-28 07:23:18.516490+00:00
d2f35f59-0e24-4238-b04a-8ea1a8ac12b2,e7aea366-a5c2-412e-9b94-b7d3e338c943,7271.36,2026-04-29 05:57:16.098753+00:00
2d7c34b1-e01b-4044-8158-5b57f3f37a51,dc4e0eb0-68f5-4d1e-b74a-d94f8a70b9ae,2913.57,2026-05-19 07:40:12.230883+00:00
6211604a-733e-4488-aa1f-a4c1036f701b,7388fb45-9f9f-4040-8021-3b8a1da2a734,3145.17,2026-05-29 01:04:37.959811+00:00
7019f9c1-3686-430a-959a-2fa36008ca71,ac36ebe0-3d59-41ea-b1fa-0c1d0d87faad,1848.35,2026-04-26 00:31:03.762146+00:00
d586fce6-57a5-4fca-bfe2-b1ab236679c3,e8132999-4e07-4033-b9ae-cc6de75bfd83,905.62,2026-05-08 22:32:36.242686+00:00
70dc5fce-ba45-4a53-ab9a-54b6e4282c55,928efd2c-64a6-4f05-8b6f-6af4ef4bf651,556.88,2026-05-30 18:54:36.107724+00:00
f6f5823b-1aad-4332-9f32-bad163f95f58,60ee8cbe-33ff-4856-93e0-7c464305245c,1184.29,2026-04-20 00:02:07.033804+00:00
81768599-bd0c-48ef-bb04-6fd8d3dc2963,6faaa84b-05b2-4b58-86e0-7ac672d6dc3c,682.36,2026-05-17 00:05:34.611016+00:00
e168b1fd-5a33-4cdf-a310-63bdbb7b674b,891df5b8-7c20-4c12-86ab-378a22736b02,857.17,2026-05-29 17:28:55.720223+00:00
29b55faf-c484-41bd-8a57-475d6a910d74,56a8f275-bdd7-45f5-9032-e0a16bacffce,1712.3,2026-05-23 01:56:40.473078+00:00
4493488d-2a37-4f29-a4cf-afcf8b396ec5,9ab15442-8f16-41b9-b635-51346d6c807a,825.28,2026-05-24 08:48:47.134433+00:00
57815333-f4ac-4db6-b7c8-30a1920cdfff,da5e4933-05db-441c-a51a-58c27c94961b,2578.41,2026-05-26 19:13:41.996859+00:00
60f234f1-9dee-4e43-9590-a14e4e687520,a7c05932-357e-4cb2-91e2-20e0df454b3f,3715.19,2026-04-12 17:32:58.622958+00:00
0ebab7e3-833a-4b67-a422-fc735814f2af,5089b49e-07e1-4f90-bc21-605852259164,7446.16,2026-05-13 16:09:58.644831+00:00
048ca6bc-0588-4b5a-809b-50f076af66f7,6c623e4e-6e0d-482d-b578-a61f924c48c2,908.19,2026-05-17 02:35:21.217113+00:00
edfa95d7-b19f-4269-a176-db2ed2668683,a2e61a43-2da9-4581-86a1-6d7e30eb5b88,3205.59,2026-05-21 08:37:35.223901+00:00
81c4d434-2796-456d-a3e3-bb2eec01eea7,534252f1-5749-46ce-a437-e1b5c6cb533c,2523.73,2026-05-29 01:41:18.676942+00:00
72945f7a-98cb-452b-a864-cded9ba4edbf,5b6f42fa-813d-454c-9499-6397330f3470,779.57,2026-05-04 15:57:19.662027+00:00
54a73ea6-efe4-4f50-89f9-e9ba4e960581,c61b233c-4716-497c-96f8-ab4483ea9a4d,1278.22,2026-05-11 12:34:18.464518+00:00
f8d66621-4d08-4841-b230-133bb815b6eb,4d172131-8140-488c-ad51-535f838b96c0,817.07,2026-05-19 08:40:24.687793+00:00
a68becd6-0889-4a03-a675-e8e5bae13cff,4a191b49-77a1-4a39-a3d1-8c7e0986aaca,764.47,2026-05-31 03:55:38.476550+00:00
f98bfa9c-f48a-4d31-b13a-bcb198c0c56a,fd666ce0-dc99-444c-850a-34253ee406de,5329.4,2026-04-10 04:12:20.479929+00:00
3a40ec8c-27b8-4462-8661-7e1c3d1285b4,e7016fe5-4162-4292-a76c-06edf1854db9,223.66,2026-05-17 01:35:55.924972+00:00
b8eeef01-00e8-4855-bbdc-6376cca60975,a0e9af5d-ce6f-4099-aa82-5b4fa6f79902,373.41,2026-05-26 02:27:39.551496+00:00
571cb7cf-3f55-40a9-84f1-465ea5eafc6c,39435c13-c20d-49c3-b91c-c5f0afb98126,4158.29,2026-05-27 15:45:20.729843+00:00
b474f382-77e0-4dcd-8b71-29d2cdb127eb,6614e1b8-da39-438a-92cc-a6724f6b4785,5181.04,2026-05-27 14:23:30.066425+00:00
300533e3-5385-408e-9177-7c72537ea29f,3de9cb51-bfe7-4660-8567-dfa0e8e29076,2702.96,2026-05-29 14:50:21.018201+00:00
c1987d52-c274-4f54-a07d-546cd16c4137,e6df535e-356d-4c89-8fe2-517a747b37ab,4195.4,2026-05-30 17:52:58.718428+00:00
974885c3-0892-449d-b1c6-26c20cb80de0,ee9c5080-08c8-4f87-8409-b9c6b9cf2452,10.0,2026-04-29 23:44:39.331216+00:00
4131220f-7e22-4474-945c-0c3f497a6eda,107d28c8-ee9a-41e0-928d-e88cf99be1a2,2174.84,2026-05-27 21:31:11.484382+00:00
93ab13ef-7f16-4da0-a13f-3b6b5004deeb,a633c3e0-23d7-4c63-b5d5-14f78c48bd8c,4178.38,2026-04-18 11:38:24.760071+00:00
cbeec856-ab9a-4820-961d-fc061270b18e,93356c64-23ec-4b31-898b-43fe5e4e3c6e,3339.7,2026-04-21 14:47:43.591402+00:00
15d742ac-cf31-48ad-9a46-75cf706945cf,d58c3c8b-5ee6-4a0d-9634-64d781697832,6943.16,2026-04-24 01:55:07.995664+00:00
7f2402f7-0b3e-4ce6-b246-b6ae7e6b128e,c00d2e16-beb6-4060-b3f7-1d3d07d5de3b,1835.21,2026-05-07 21:16:21.399668+00:00
0c0ddb3a-d68b-423d-80e7-4b3435a6ff06,de811f6d-f13c-4489-92c2-80e943314de9,3936.2,2026-05-19 20:50:39.547149+00:00
50ae6d88-d220-4b2f-84dc-e5495d272bc8,11cec16d-582e-4b88-ae78-f2d5aaa1b5a9,4949.82,2026-05-29 08:56:29.721989+00:00
6ff4f4c1-24aa-48ee-844c-78e86589d584,0d46c080-4354-476a-ae05-90c83422a75e,150.43,2026-05-08 10:32:23.976639+00:00
f15d6460-0ca0-443e-8463-bf2f0deb5502,48d6aaef-1086-43df-841d-429b36da4648,241.22,2026-05-12 04:13:59.748850+00:00
ed234221-bdda-41ba-814e-e30ab737c667,3f0f0dbd-f1ef-462a-9224-d7465b0f3042,162.13,2026-05-30 19:54:38.025815+00:00
226072b1-9a0d-45ee-9c21-7667b65dea5a,b51f3c91-52cf-492e-a7bd-c3e522cb00b1,2832.17,2026-05-04 05:24:49.987395+00:00
b15dc64f-f24f-4da9-849a-ca575c7f5d9a,053becdc-6bda-4afe-ab90-25cb4fbf6bc3,1059.22,2026-05-30 02:05:33.349852+00:00
40e39af5-2583-4ab1-ae83-671bb94f2b96,212ead50-e6e0-4303-b62f-c818511b0ee8,129.01,2026-05-31 11:42:44.827366+00:00
a85d6580-389a-4787-abb6-de4a26a6606f,3dc4c13c-e0ee-41ff-820b-6fdff4f42c34,1190.42,2026-05-31 11:48:34.566276+00:00
e053040c-46bc-4857-bbc8-e607804a3bd2,e38a395d-6c78-404e-87f2-1f9d94fc51b6,584.22,2026-05-31 14:47:36.549384+00:00
ca923072-e67c-40bd-9dcf-9b2b66fbf14b,bb74b476-f7ec-48de-8c00-adf2fafa4796,1281.01,2026-05-31 14:51:47.622273+00:00
d90c4f7a-4e60-4332-8987-0e7765b67319,8562fbc9-0ab3-4cfc-ba93-81b8690f7ee1,3830.61,2026-03-27 05:32:55.237273+00:00
f6f80285-eff1-45a4-a1d5-c97715e2fcaf,ae51c500-cc1c-4aff-ae85-696d9091d8c8,3487.25,2026-04-03 03:19:26.355917+00:00
875d9451-9e0f-41ef-a619-393b540469d6,761367af-13da-4292-8deb-da806496a683,3306.27,2026-04-06 09:22:04.363341+00:00
1b073bd6-93ec-481e-bc5a-2506ed1e3aa4,942b628d-b0f0-4128-8095-3edada7e2271,3061.06,2026-05-02 22:06:45.113292+00:00
40070765-e229-4aff-a6e3-ecfcf29c26db,08ccf1fd-664d-460e-a19b-6d9a4debaeb6,3469.79,2026-05-20 09:05:13.485458+00:00
748f8499-0db9-4787-8af8-44ab7fde69e1,c73f9773-305d-482f-ba6e-949ca78f54d4,2577.6,2026-04-03 15:27:32.278533+00:00
5cdedf69-46df-4ae1-ab13-724512c878c3,59405bfb-427e-4e7f-b153-b0da78f4f114,2235.11,2026-04-06 08:50:57.574739+00:00
8fa3b364-b19a-4914-9037-8a13880461c5,86bfbee0-642c-4457-9897-99c9b6dc546f,2973.8,2026-04-24 20:48:46.144951+00:00
3513fb87-8bea-43aa-9c34-a4e4f2f8fee4,8341891c-bbd3-4929-89ae-2697400d74d2,1739.67,2026-05-12 16:19:04.371357+00:00
0e42bc46-f4df-4abe-b79a-2bf2aff35027,f6f9f2c1-d5a1-4e4d-b0b3-8b29e89ddb21,4016.19,2026-05-17 14:00:07.839983+00:00
e339d1c2-6167-406d-af67-f56ff42aed8b,94ea8bd5-0453-4904-8ff5-6d48d1605008,4067.89,2026-05-22 15:20:44.418103+00:00
c8a413bf-f865-4568-a5aa-5e32d54a5a1f,dbf8e00f-3cec-4e5d-9619-aff96da3e497,1050.8,2026-05-11 18:29:35.134629+00:00
8518ae59-e364-423a-9dfe-c829be1c7fd0,fc4e011f-b60a-41c9-be1d-7c43ffbc3a99,760.44,2026-05-31 21:54:44.858935+00:00
b4a72cac-0c18-4300-bb68-a774bc298f8b,3c032b2c-9800-457f-a56d-746f631226d0,7227.84,2026-05-22 10:58:52.476886+00:00
327919ca-b9de-4811-aa1e-121116e69220,2d89e8a8-8004-4450-a92c-9c66b64fd01b,3708.91,2026-05-26 14:31:36.500025+00:00
441b5d45-36b8-4165-aa65-a21e3931e1cd,005424ae-82dc-4f32-9173-2831df4c3dcf,1975.2,2026-05-30 02:47:42.985922+00:00
fa881a7b-d38e-4d7b-99e8-cd9eb6cb68b1,d16637cd-5209-4a67-8c4e-48e5263a92b9,1407.76,2026-05-30 06:04:41.933083+00:00
24514c76-fbed-4072-90b7-7d9da685d311,9fde7b08-57a5-4789-89fd-fc1642b31d33,5057.58,2026-05-30 18:54:47.891483+00:00
e40104a7-0df9-4af5-a4f6-4e8f1ed6c232,c75c84f2-9c0f-4761-94c5-445066cfb343,3372.77,2026-05-31 19:44:09.065435+00:00
37c4784b-0d10-49c8-a327-8a145ad46762,b0c3801a-a6d4-43db-a641-3307d787c73b,847.05,2026-03-27 08:59:24.279851+00:00
aa3a40f4-f352-4c44-bd55-0e1d2030ee6b,95aa4853-0c56-4c5a-851a-aa685a929164,10.0,2026-04-06 07:49:20.645000+00:00
5ea79865-9a3b-42da-8acf-ef3198b80324,4ac129cc-2123-4cce-bb85-ca6bc736c9b2,1403.12,2026-04-27 01:12:24.071420+00:00
4ba9b3c8-5f4a-4714-89b8-42baba0a1b54,76d41eab-8a6d-4757-8a07-55bf6c120b6e,1087.56,2026-05-02 00:46:43.987069+00:00
9387be37-2494-4ea4-be84-2d3c4ebb2177,97cc3aee-4447-4975-9671-903d48c88879,817.44,2026-05-13 11:06:30.627116+00:00
55154f57-255c-4f9f-998e-6ed1a69e4f8f,af6ab8c5-c078-47eb-bfac-d9e2085e8cdb,853.99,2026-05-15 03:32:28.761967+00:00
41f3a67d-166e-44b2-b062-70c9c93affea,428bac58-7d45-4312-823a-09ab7e850941,3072.06,2026-04-13 21:52:58.110568+00:00
c77d93c2-b07f-4654-a3c9-e5d50d841269,47b7d7a0-39ba-4463-bc97-9d035ae723db,2488.44,2026-04-18 16:04:43.472617+00:00
ed6cb21f-8d49-450e-b286-f34586f43abb,8aa596fe-8b52-480d-93b0-e59720ecb42c,2750.5,2026-04-25 23:37:56.874496+00:00
2238ebd6-e75a-4ccd-b669-8793561fc679,d6e3c3cc-6cc8-48fb-8ab7-edebecda35b3,5369.57,2026-05-20 14:57:22.458814+00:00
3fe8dd9e-99c9-4571-af69-5c06db4aa527,3f440835-4a0d-4f38-b4de-36a1caae3bf4,991.23,2026-05-22 03:14:33.013845+00:00
b6c4ba7c-743d-4d0a-8310-fac0afd76158,5b4001d0-d1eb-4f44-872b-401c22adb6c9,2628.31,2026-04-24 10:06:32.341702+00:00
825785de-568c-4230-9705-1fd260a2a858,b5e3a5a8-d458-4646-b773-9997a2eb4077,3464.87,2026-04-25 11:36:48.985644+00:00
7eea8e9f-98c5-43a8-b8bd-170d58a30365,ce90403b-ec21-4c5d-b696-7f9bd2fd769d,3086.8,2026-05-04 01:28:52.596363+00:00
f64e2476-ad05-44b4-a203-b2d46c6c1ca6,2cb3c365-7e20-42f7-94d7-12003d2f7898,3804.7,2026-05-20 12:57:57.027885+00:00
bc6444d3-27bb-46ad-aa92-2ba2a72f17d4,615b5716-5a2d-4eab-b3cf-8525b1b8e13b,1131.08,2026-05-23 22:37:46.582880+00:00
5224ac3e-08c2-4066-ae10-c8123c47044b,6e72698b-adc2-4787-81a4-26673a0db35c,643.89,2026-05-16 16:31:40.233280+00:00
df3fb61d-9900-408c-9bf7-796e7d40ca9b,b498bcbb-b626-44f7-8f82-7998dcd6822c,1045.62,2026-05-17 23:51:37.014969+00:00
5f3f266b-c91f-4ecb-8568-b0eecc090bda,79f1c7fd-26e1-4253-80ad-c1ed0b55aeed,777.76,2026-05-20 11:04:52.527258+00:00
e71cc5e6-c1e1-485e-9ef6-16d4ee389b1b,4ab1a2aa-50b0-46a3-a4aa-25ef4818a906,249.55,2026-05-23 15:41:49.152838+00:00
5689d53f-e93b-4e89-b286-9c7cdec7b19d,9fb2816d-0f45-41bf-b046-9b988b3b4933,1082.02,2026-05-27 21:36:50.047597+00:00
4859ddfe-611d-4c63-87b9-c3739837f182,77cdfbc5-1aaf-4325-a985-4b8397503389,747.25,2026-05-28 17:59:02.841934+00:00
c07353c6-e912-4886-a6df-73e9d13e7eeb,24617808-be60-40df-ae8a-47b7763e77f6,2141.17,2026-04-21 22:21:17.307338+00:00
85c850f5-673b-4651-9e08-6e381f035454,731b7601-62f4-4484-b610-00628940a3be,1018.59,2026-04-23 23:32:07.883493+00:00
2843404f-dce6-4099-b1be-baa599b325ba,51ba0e5c-5ceb-4cbd-a135-0010ca9db557,2669.8,2026-05-16 21:03:51.159677+00:00
380d0ea8-a9db-427b-8f80-1506ae8d78ea,2b616086-595e-49f9-8719-00a7601c973a,4082.77,2026-05-24 13:23:17.296299+00:00
a855c256-ddbb-4caf-a3ac-3c28ca88cd51,2d4d149e-4fad-4557-b0b5-ceeee4539e8d,4815.69,2026-05-27 21:22:42.657173+00:00
832535bd-fd10-41e8-a9f2-8e31838e8b01,f89a3b6b-d815-4b2a-a2e4-6f6eebe8993c,7230.13,2026-05-04 05:19:35.225045+00:00
fba99fb4-44fc-4bbd-98f8-7d71e093b78f,67d6f9da-f43b-42d6-8107-a494a122e327,1322.55,2026-05-06 08:10:12.233402+00:00
702f2d26-180b-4e7f-8fe6-3e1452aef230,4e6055a9-402b-4209-a26e-740da563b326,10.0,2026-05-20 00:33:37.167691+00:00
9832d5ed-16bf-4c6e-b530-f50edc7701f1,42fe7b37-5cff-480e-822d-2ebd433287c7,6352.37,2026-05-21 10:43:15.389198+00:00
5f3170fd-4267-4cf3-9947-c3a1cd6f171b,775ff861-e662-465c-ae32-788edbe21581,1987.96,2026-05-22 08:27:05.056343+00:00
ee31cda2-6430-447a-ba1a-0cafeba935df,132d79c0-3e6b-497c-80af-aaab7a0a0e4f,3726.67,2026-05-25 11:28:44.040204+00:00
2672c51d-5496-4c67-9eb2-31b44a1fc401,0e2f3c2d-3bad-452a-92be-c8bc82032fbd,1210.17,2026-05-30 18:31:43.111521+00:00
63099427-d2ed-43a2-ba36-6fdb98eedc05,4746cda4-32ee-4477-ac14-e7e6cbc12020,1411.25,2026-05-31 08:55:13.254276+00:00
55616b4c-a5db-4132-ac5f-56da03d2bab7,7b1ec2d4-8d5b-4343-879d-11ce6c2e3575,1226.57,2026-05-31 13:38:44.838313+00:00
ce43afe6-d00b-4abf-8756-c078b704aae8,09761eb4-5432-45a5-a47c-ab40eacfe4a5,2191.32,2026-05-31 16:32:00.087446+00:00
9dfb8e82-16d8-45c6-b1f3-8c2560ccc651,98a9c855-3283-4f34-9a5a-9323229b8ba0,1471.58,2026-05-31 19:58:42.673202+00:00
df6f99d4-b918-4c58-9522-1d24c3d971b8,8332b6a6-fe67-45ff-b6fe-327c3ee1e982,313.45,2026-05-09 20:16:38.103937+00:00
7f679231-3848-4aa2-ad2a-7f4cb461e175,0604582c-b005-4c1e-af63-887b68c2430c,506.17,2026-05-11 18:05:31.816709+00:00
13ee663a-ad10-4cba-9a54-66053c4e911e,faca84fe-2ffe-4d94-bef2-0f678d898d38,1574.77,2026-05-15 16:59:08.478267+00:00
a67377fb-0a20-4f7e-a00c-7e89c7e7e731,75126f24-259f-4d54-85d3-00966192c130,1256.35,2026-05-24 23:35:59.136196+00:00
25ca8537-9b5b-4afa-b71b-2d4cff194b79,945378bc-7d5f-4671-9716-7a2f24225368,10.0,2026-05-25 15:24:20.371062+00:00
62d47fdb-7727-4f32-9107-854cad8e733d,55222afd-cec7-44b2-adb7-ef3dd8ad1f6e,2996.87,2026-05-30 21:21:14.648244+00:00
69d5048b-25a8-4797-bac2-002ab0d1f776,ccf5113a-a7d9-4d74-9b41-809c03780fa8,3322.84,2026-05-12 16:20:05.950175+00:00
568b7401-5f8e-45f5-b18f-f4343bc273e2,40a93414-3ad2-4eb7-a1d8-d588b5e541ee,1946.1,2026-05-25 01:55:46.724852+00:00
f78c34bb-1b53-4797-bf89-f37b2da2ce8e,85ddb688-c0f5-495c-8897-6cb6d7d82b62,3398.86,2026-05-01 20:51:27.748984+00:00
1bdd028a-bdf9-4c7c-a69f-6d958eb70bea,fb868318-9f0d-4bd0-822a-29e4066f88ed,7174.86,2026-05-02 04:49:57.377170+00:00
1c08860a-f080-41df-99ca-0c90afad565f,43568473-9bbc-4f5f-b533-5e85ff340d53,816.15,2026-05-11 22:25:56.608829+00:00
f3bf0f7b-60a5-44a9-be5e-2d11b7aab96d,28b3df2f-09ed-41be-9db7-1efce33e1b81,2250.66,2026-05-23 01:14:09.552433+00:00
f5318b31-6743-455e-8494-1b8531a9c70c,e4bb4067-87a1-4731-88da-7325911da08b,4678.72,2026-05-25 05:07:41.716648+00:00
67aa1a39-9600-4d58-98aa-dff02ede021a,352dc54f-af94-45ec-9002-dd4c70f884e1,4752.73,2026-05-31 23:21:56.581067+00:00
a60e6196-f477-4352-a73e-1d93721b3f57,698804b5-f410-43f8-8d21-ca1a73665c7e,2653.81,2026-05-30 16:23:13.146460+00:00
60c87de1-2bf8-437d-a150-12df3c310339,6173cb62-e0a3-4d17-854e-db29039c32e5,2099.08,2026-05-31 10:08:30.170076+00:00
cb9b66ac-5082-4ba1-90a8-7c6b3b0f0280,b060e01c-16ae-4af6-93a9-23c1c25736aa,1497.24,2026-05-31 18:49:22.619830+00:00
24d3374b-76a6-4f2e-97b6-42e5a5a4c23c,dd58f0bb-4450-414f-b912-6d2254f12708,762.76,2026-04-10 16:50:09.560306+00:00
9d3b359d-408d-41ce-b720-bb6c80004b3d,1db7e7b1-e473-4027-b923-5a6e43bbcaed,753.62,2026-05-25 03:30:27.841672+00:00
edfd449c-7d80-4dd4-86f5-8fec9b405d83,1725afe1-f843-4998-908d-02082e9146ee,1702.08,2026-05-11 16:26:15.374789+00:00
affce605-ea40-421e-a7dc-26f5b54d608a,3bf45586-8ba8-4c80-bfaa-bfdcf5332f0a,3160.64,2026-05-18 17:41:31.671345+00:00
405ced05-cf4b-4d6f-adf2-ce919d948410,114a28bf-51ad-4b36-b8b9-62199bf2c9a0,3105.03,2026-05-23 16:07:01.159741+00:00
4a0fff9b-2b81-4d50-9b93-600eb1e76106,091085d2-0bd0-4153-9e07-439ed0006b99,2783.2,2026-05-26 14:43:05.210826+00:00
37394d18-8944-429a-b071-9c310e37c700,88c347a0-b040-4234-a321-c9614eb2ce6f,2811.61,2026-05-29 21:23:40.071851+00:00
9d7d766b-8d44-4f63-8065-80bc3861fa47,18cb41d3-465c-428c-abc5-900bb9f59bcf,1582.67,2026-05-29 08:47:12.160702+00:00
d9d4489e-1ff0-42e1-adb7-a07d28f9c307,98d5b59b-75c2-4d15-89de-1afeb90aaf9b,2545.95,2026-05-29 23:12:36.785824+00:00
52288fc9-3169-4d75-b0b0-043b4ff96f8f,03d97615-a49f-4baf-b35e-21a92b953e2a,3502.17,2026-05-30 06:53:43.871118+00:00
daddd63b-d18f-451a-abac-60fd60c7d151,6c458537-bd71-4fa0-a785-7ca6fc78c9b9,3189.77,2026-05-31 02:41:44.085636+00:00
dde5ef68-3248-4350-89aa-e81b8792e15e,fa2e9ef9-f441-4f96-89bc-2fa8b626144a,743.35,2026-04-05 13:34:29.892011+00:00
65411ef1-5e82-4580-8d81-8434ed190fc7,44005197-b077-44e1-af57-7a512a3147f0,286.11,2026-04-25 15:15:39.969960+00:00
aed6bd15-bf3b-47cc-82ce-51dbe1cbf878,2f4018dd-7ca6-4af9-bcef-67d19d08207c,227.36,2026-04-29 05:24:46.808430+00:00
7f8c8b9d-d52b-4144-a102-a58403d06186,04b899d9-a0bf-4a83-894f-aaaff6c3ca30,733.15,2026-05-05 08:23:15.518418+00:00
2b188c92-970b-48a8-a4b3-f653136de48e,6b26e666-15ae-4e56-a204-fba69dfad8e1,832.93,2026-05-14 13:12:37.793541+00:00
e7c07dbe-15b4-4774-a31a-3d9182b4a74a,15d66b65-8744-4c20-8137-001dc754eed5,2879.39,2026-05-10 20:54:33.131115+00:00
a807c0e6-cef5-4a3a-a587-8e766a7ac2c5,65a891c6-bd79-487c-918c-b65cdc3312e5,1239.97,2026-05-12 21:12:30.326483+00:00
91a5c9db-1019-4e9c-a5d3-e615203654ea,10de633c-fbd3-4727-91ae-daf18b27f6fe,1940.84,2026-05-16 13:00:44.712060+00:00
573e4cd6-87f0-4f8b-8fa3-31df9e4a51ea,f82ec82d-62af-40de-845f-8ddf9ac425ce,3916.51,2026-05-19 01:21:32.230171+00:00
9653b2cc-2515-4785-ae78-4341c0b50db7,67a4f8db-a6ba-4c63-8e98-994274451e52,1878.77,2026-05-24 15:55:11.758352+00:00
e05b50fa-36f0-4ef0-879d-e55cb5ba6876,a595bd84-987e-4f2e-95d6-b7ce03e419ae,3473.33,2026-05-28 11:41:50.950332+00:00
c616ad43-9477-454f-a289-7e92e36a9240,db33909e-e0cc-49d7-81f3-23f7b15e0b5b,2651.34,2026-04-12 19:50:23.030268+00:00
b4a9f36e-0f6b-40a8-ad22-341cbe6cf15a,63ca672c-1952-446c-8304-50c231b0306e,1640.03,2026-04-26 21:55:27.877908+00:00
b0bb631f-d48c-4ef4-bd9d-5aecc462c994,100ab42c-771e-4d33-ab0c-a292aa440e59,4740.11,2026-05-24 08:51:28.855900+00:00
79d4e2b3-dca4-4584-a52e-2bb15f10cc2d,671703ee-58ec-4444-84cd-c809bd3ee3bf,192.34,2026-05-12 15:22:03.053720+00:00
a607f97a-51f4-4baf-8aa4-b726e852e966,9c7bf866-7139-46a3-a155-f8fe71ac7e4d,5441.89,2026-05-14 01:02:56.055906+00:00
540a30ad-8a04-4f20-a210-fde972c39f96,83ee1770-6f36-4be1-bc97-816acb7d85d5,2844.84,2026-05-28 11:05:31.047903+00:00
52090001-70f2-4b20-85bb-97e54e4889cc,c0f41b7f-4a2d-49b1-8761-0ec2f1cbab5a,340.77,2026-03-14 14:38:21.713918+00:00
ea70ec62-e212-467a-a52b-2bf1bacce7eb,84da50cd-e3d0-4673-9c30-fdffd6cd38df,3073.58,2026-03-14 21:58:08.345266+00:00
3adbf3d1-be23-4649-8267-c0ce5d1803de,5a2ff549-c68f-45ea-a13a-484b2c56c6d4,1000.04,2026-04-01 10:39:06.718753+00:00
5276222e-40f6-456a-bd02-a7c162fbb52d,7fb95969-91c9-4e39-a3e3-67104c36ecde,5265.13,2026-04-02 16:34:51.738814+00:00
ff647c71-5c85-4347-a321-a6f0c47c3162,d0a34e3e-ae5a-478a-b11c-42b45692ad38,4494.75,2026-05-19 03:06:18.523100+00:00
ba8cd00b-a9fc-4e8d-b779-d499722bfc94,3fe553e1-abff-420c-8068-0263c32eb328,2097.99,2026-05-23 04:49:57.844088+00:00
57b06760-c164-4371-9dd8-b380236433c6,611f46ec-82f9-465d-ac80-b072fac24bfd,2236.54,2026-05-02 20:00:56.001846+00:00
8d7deb7a-e908-4033-9a8f-c85d0375c99a,ddbc30f4-e433-4d9c-b2ac-ca89b297ca8e,1433.69,2026-05-04 13:31:45.000076+00:00
569ada94-3676-4f6d-b51b-e0dc26c98228,e9939028-2f22-4286-9a1d-c973683ebf8e,1349.45,2026-05-14 02:07:09.898964+00:00
6eb62dc3-ee91-4260-aaac-91ca2cbaccde,a63fe3d7-7622-4144-91a8-e04e16813f09,655.56,2026-04-16 23:27:27.822894+00:00
ccfcca3d-d110-4b3e-b262-0546bc5d475f,62581a3e-4e09-4a15-847d-bc9f27ff7420,3309.23,2026-05-24 17:45:34.059369+00:00
af2f672f-5479-4cb2-a083-ab257dd39e76,f1034706-93a3-4b08-9219-0d3d6869b0e6,2094.85,2026-05-04 13:49:27.595576+00:00
3dbfe051-7e4e-43ff-8846-15d3cfec7f76,44d6948f-01e6-47be-8c19-58672ed3fd71,148.24,2026-05-24 19:16:13.513102+00:00
45290127-c1e0-4a85-82ab-d50d803bcac5,3a039824-4c07-46d1-8ff0-55e6e911e2bb,2198.56,2026-03-27 12:18:07.787644+00:00
45c33da3-33a1-4ad4-a0e4-9911847da248,75cb2509-8f05-4ecc-93f3-b9d259ed5f35,701.25,2026-04-21 00:28:02.816334+00:00
4cf57ea3-be9a-4ae0-92d6-7b93e9517fae,bf4d8957-a563-4c41-b3d0-491019e60eac,98.02,2026-04-23 18:17:20.974876+00:00
b49477af-9381-4b46-8b4f-c06587f0dedb,0dc28563-03b3-4378-8332-d2dc2fd31552,2354.94,2026-05-05 00:45:48.386477+00:00
94c73754-d4d4-46b2-b57e-b6fd0ef86b59,c404b9cc-e555-4a27-a452-46d981f36b9e,3849.08,2026-05-26 08:09:53.211352+00:00
74a52e66-9356-4a28-b515-58ba9a9a1c91,2bbb3fb3-be3c-4ced-b55e-07588f4eac1d,554.55,2026-03-29 23:43:37.177494+00:00
e58ba725-3955-4ef4-b266-e7de616f7be1,60060a57-4cfc-4fea-9ab1-77b69501ec2f,229.48,2026-04-25 22:42:59.538696+00:00
f5fb5aff-e82a-43e6-a986-66c27a94d909,69378229-1407-4d41-b934-02da346f53a6,280.28,2026-04-27 00:08:42.513752+00:00
cccb2e09-1a38-46a2-ba3d-f819922207e7,a7d40960-d286-413a-bb5a-066264d9adac,139.08,2026-05-05 21:44:01.525839+00:00
3f10c587-7331-4828-abe6-f665a71ff817,ec89e18f-0e76-4852-8183-6c2455293171,229.7,2026-04-22 02:09:42.019296+00:00
b8aa8b92-f3ca-48ef-86c5-a67730b00983,54960e8b-4bd6-4bcd-af3a-8d1057c4ed8d,236.96,2026-05-10 09:25:30.040799+00:00
103cf340-748a-4603-b6bc-75c9bc9ccbd9,07984245-fa0f-4d9c-8acd-e47cc912d6b4,182.76,2026-05-24 06:20:09.902582+00:00
fa414d4c-837a-4972-a981-226082343187,445dd17a-9da9-416b-abed-4839f4cd275f,239.55,2026-05-24 23:42:48.450397+00:00
23e6ff50-406d-4344-851a-fba2555ca5b5,f21ee566-a94c-44c2-b513-52d5daefee66,4440.95,2026-03-29 19:22:09.655318+00:00
98657f55-2589-483d-b430-d3e44f5165eb,7ba93491-68ae-4386-8315-5ac2ec1e49f6,3264.4,2026-05-03 23:01:54.988066+00:00
793ee374-fd60-43c3-974c-f26a38eedb6d,31ecec69-d0da-4471-b5b8-411ee747998d,1785.33,2026-03-31 16:23:07.952808+00:00
007e53e4-7703-48b4-a415-37da5d06ec64,38fcfc90-30d2-4e61-b21c-10468de5315f,3406.88,2026-04-04 07:23:53.351393+00:00
54267027-bd1f-42fb-bdff-a0492235b762,e3ecc0dd-7db8-4f96-8da4-a1a951608a81,2770.13,2026-04-20 07:10:44.028036+00:00
50a41843-d209-4f34-a64b-624968f5adca,a5844f8e-2d19-4d3c-8464-8aab42682d86,4235.21,2026-05-21 16:17:20.478095+00:00
15edacb1-24de-48f1-9a7d-475254bbd47c,fe6457cb-73fb-45da-9d5d-059e04f03b5c,2586.24,2026-05-27 08:17:38.063771+00:00
e2000c97-0624-4ec5-a495-5a41912c5511,92403d4a-cdd5-4448-a79a-55c28711f21c,419.44,2026-05-28 02:59:11.429023+00:00
71e3e48f-a330-40eb-be1d-619eb2193836,00b731e1-93a3-431a-8424-a032599a9e77,234.5,2026-05-29 21:57:58.723617+00:00
e4fea9f0-573a-4e2c-9cdd-67aaacbd5041,994fe1a1-90b5-40e9-b35d-608bf8fe10d0,10.0,2026-05-04 08:03:07.209513+00:00
8fa051ce-861b-404c-8d56-acd9a5de495c,ffe71f51-576b-4b3a-abd8-edb42ab16432,1420.51,2026-05-29 20:02:15.214715+00:00
f979caf8-a25b-45ad-86fa-8f0cf3082a2c,f86e2eab-c5a5-405a-b9a9-55a6700fa007,4093.47,2026-05-30 16:24:24.765458+00:00
bef3369e-06ac-43da-ac33-1beacf14ac28,cb48b429-6849-478b-8eef-5a7dfb72957b,3758.65,2026-05-30 18:21:41.214257+00:00
125b7594-7687-4d24-8b7a-eb11be620ad2,09b8d892-da1d-4b5e-a274-2372ab3e96f7,2291.34,2026-05-31 11:30:16.642330+00:00
a811802c-306d-4fca-b26f-d2f24b2d96f7,89fb5349-5f6c-4a57-bbde-333c5cba4853,724.84,2026-05-31 00:54:45.125931+00:00
3b048dd2-befa-44b4-b4f0-0ca1877c7002,ff659cdb-9e19-4182-8ad0-db8e99886862,1728.18,2026-05-31 06:41:09.222751+00:00
bd0d7a73-683c-4f06-8871-c1beb3c1f352,b50e3786-035d-4385-906a-f6c03ee0233f,1230.97,2026-05-31 14:35:01.424138+00:00
313d1492-bd08-4d58-8d51-d6c08082ba5f,aa0b4b39-d456-4525-9b70-7b9a6c9eff56,1424.51,2026-05-31 19:39:41.179674+00:00
600f8891-6cfe-4876-82eb-76783fe69bb0,ca3419c7-4bd5-4096-84ae-85599107961a,617.17,2026-04-15 01:10:15.410730+00:00
0bf4cfab-ea82-4cd9-bd01-4b788fd1d629,904b022e-7e0b-4198-8e23-cd6a528ef8f8,3363.88,2026-04-20 01:11:14.414975+00:00
3a2f1e2b-03bc-49a8-acb3-c9a9c3bbd978,6ebbd06e-83e8-401f-8833-e73e6e16baec,2895.43,2026-04-20 09:59:33.722273+00:00
80114669-0827-4055-8db5-16cea8c70db8,ecf935ad-ba4c-41bd-ab9e-dac43b5b38eb,1509.83,2026-04-24 21:32:15.938245+00:00
646acf53-3977-46c6-a8eb-ab30e2353ab4,913ecd91-9ef3-4ce8-97a9-68a1021217fb,1454.76,2026-05-11 13:42:29.171799+00:00
d2e50cf5-65c3-41ad-8ea5-9fe1d2719ffa,6949d32e-892f-483d-964c-93223b55bc8e,880.09,2026-05-11 06:16:09.343725+00:00
58bb631c-bd37-40c3-9042-faf81411cd3c,4778d51a-b4fe-4c8c-bb90-c4fc47bb17af,3724.17,2026-05-26 23:14:29.697050+00:00
e6765566-5d5b-49c8-83c0-1e16b9d8aa6e,d76f3b45-f741-4270-9741-1bc72e84ad5a,1010.19,2026-05-23 14:24:40.906325+00:00
eb8faba4-4db9-4d52-8869-0ab78fd74f7c,9a45d76d-6528-45fe-8708-ace9f247a524,969.01,2026-05-23 20:00:47.490970+00:00
c58e13b9-6480-4155-bfb6-724e3e24aa9a,292ad4f1-d2ce-4705-9cea-37cba2b4863a,855.03,2026-05-24 02:43:20.475554+00:00
af26a627-2b1c-4e54-8ea0-3e31100eb252,9b5391bc-7c43-4e2b-903c-8f97e33c2649,483.72,2026-05-26 07:58:45.520871+00:00
2484c382-ed90-406a-9271-bc593b1a81ce,37cd11bf-f93e-49bf-8a07-e2d1e181e913,633.06,2026-05-30 00:16:55.392490+00:00
f1c1843f-7af5-4bab-9cc7-e02b6caaa0c3,baa70965-900f-4413-b90d-6a2c5bc82c4d,974.36,2026-05-30 23:54:32.578144+00:00
9db374d4-71ae-4f2e-9696-91625eeb8cfe,2cac5781-1fb1-4ada-91b1-961a2cab2c71,1271.52,2026-03-11 16:02:32.535840+00:00
3de4b41f-6563-4cc0-ab3e-6bf132895116,e6dde55b-f5ac-4bbc-9576-721a386e4435,1178.66,2026-03-16 03:25:10.805032+00:00
da55824b-ed57-458e-8a4a-50e45348bfaa,e3427b09-f6c6-4fb1-bdd7-4d8608ff27d5,926.65,2026-03-29 12:52:47.692524+00:00
9bb0c6c0-cf8b-4dc9-9c54-0db4173ae56c,939a8bf7-1b6b-47f9-8651-87236b33188d,1007.14,2026-04-14 12:17:34.113430+00:00
d9d48a55-66c9-4ae4-b26f-187435c54fd6,6893d6f8-39e0-4caf-9d7c-2d685cb98e7e,1785.33,2026-04-23 22:03:03.404065+00:00
75779217-812a-4c54-a096-f36c2bb31f41,88e1b37c-509e-4606-b6dd-b9a412e9ddd6,301.4,2026-05-11 23:49:24.936533+00:00
9ba86625-67cf-4679-867a-312657876668,a83f45dd-6704-4a6a-a76e-5cd20ae01564,1462.7,2026-05-14 18:46:37.234037+00:00
6c6d3823-c44f-4d9b-9e14-e542edcb6ed2,39539f06-a4f6-4121-a937-979570998a80,1844.91,2026-05-20 03:38:44.627164+00:00
5eda2fb2-3910-4ad8-a4b5-24839f17d413,0903e41d-ee23-42b9-bd4f-244cf44d3e7d,1387.27,2026-05-22 13:27:25.615863+00:00
808392f1-a16e-42e5-be7c-22dd4d73bde4,c8e8f99c-875d-4b52-9c40-8d4ee6562af4,3463.18,2026-05-25 22:34:29.451299+00:00
ae970878-f4a7-4b89-a9f3-2dfb2d005130,b613b10b-e925-4269-8e75-9d95fd10840b,1450.6,2026-05-25 23:01:08.132054+00:00
250b8aa2-9dd9-4ddf-9098-b53356cecc4b,f8fe5a6e-14a5-4cc9-949b-a8405f2cbb55,1743.57,2026-05-28 23:22:59.667624+00:00
d70a47ba-810f-4668-ad76-a197b3b3dda9,b9ea2201-74df-49af-92ad-4d2c42bf31de,3454.61,2026-04-25 03:35:31.569163+00:00
d3fd16d3-7f6a-4b1f-9fea-75dc9da9e668,9ee487c7-9b27-453b-b13d-1001f98a8867,1858.3,2026-05-14 03:11:36.949009+00:00
e29babe8-8b32-41cb-8b76-c9f78648c8d4,a8e28877-b6a1-419c-a041-f58635c17bce,3774.03,2026-05-26 12:33:54.351339+00:00
c6ea813b-4bc1-4f7a-a105-fdc66769608d,e05c371a-a166-4961-91e1-7fa402280e88,2482.45,2026-03-31 20:09:29.646614+00:00
a684e846-9d16-4241-ae83-6b15b08af625,f35306be-e683-4335-95f7-74a091f94aa1,3411.15,2026-04-02 09:25:11.984661+00:00
96cbd44a-ed88-4dbc-966b-ad39c174a1a2,bfe8a49d-0d9b-461c-9aa6-90c8773277ad,3069.18,2026-05-20 16:29:58.641458+00:00
42f0e417-f7c0-4176-b14b-8138fb604565,73a09f5f-0705-4f3d-87da-e1077b7399f4,1464.58,2026-05-28 09:34:32.521352+00:00
48299a42-fc10-4361-a222-0abb0bbaea81,a84bfc6f-29c3-4a56-9680-76b38fb51dba,4206.05,2026-05-30 23:18:02.950885+00:00
b39c5050-aca3-4e9a-ba69-163b8b381b89,91ff3169-f19f-4255-b164-9a7220c387ab,306.53,2026-03-28 05:39:58.343942+00:00
27e34ee8-891c-42c4-974a-d00f94d8c663,b82d237b-5b47-49ed-b700-d303532dfda2,333.27,2026-04-13 05:59:12.636865+00:00
13d2b35d-0096-4f22-a1a1-8ef071c1f410,c3a27a48-8eee-493f-a3e3-1be5f43e102e,862.13,2026-04-20 13:31:38.830975+00:00
d482f447-2b2f-44cd-bebc-0caed48d06ac,ae00b127-4389-48b2-9c75-d691c4a6696d,775.1,2026-05-29 20:13:01.924116+00:00
0a82ca1c-aa74-4769-b673-d2e1d6884e59,9dab239e-3e7c-4618-908a-590ef9f296e6,2276.84,2026-05-31 03:53:13.185518+00:00
4c3a5d06-0acb-48c8-8349-13f96196f831,4933fc3b-a90b-4efd-af0c-68735ce45cb3,2066.79,2026-05-29 06:04:55.352666+00:00
02712c62-7b7b-46ac-ace7-3adcb5467c18,3684c441-3f1f-41b8-b8aa-5cd50cfa0f6c,2201.99,2026-05-20 04:33:01.088751+00:00
d167505d-5e8a-40b8-b7cd-52efaa2fd251,4354ad1e-fcb7-4da4-b46d-f19ff38c5f5d,1069.84,2026-05-28 17:52:17.717265+00:00
db78436a-d480-4717-ad25-e7190e81586f,cd0eabd6-85e2-4270-8e06-a7aadc30033a,2891.29,2026-05-30 23:30:48.100693+00:00
4f00f357-d7c9-4a6a-a811-a4d207bdfb42,7b381e13-818d-4607-ab5d-c709bca1ebc7,300.18,2026-03-10 21:52:48.991970+00:00
80fa3398-c40d-48b4-b1eb-bf2b783f06a0,2c4f51e3-5470-418e-a4a7-8364e2a5a337,4079.2,2026-04-03 21:17:05.388960+00:00
3ed9815d-b9ce-43af-9fa7-06b51c2fe46c,e7fa181c-c9c9-4ecd-9f04-c32eed95b4c8,3528.35,2026-04-09 11:45:08.362694+00:00
5e240e04-e06b-4168-88cb-32dc5163815c,94d22271-1576-406c-9cc5-1b2386cc6b6a,2469.31,2026-05-03 06:31:40.993731+00:00
0d893690-dad3-43e5-98af-7b66b752183c,00fb4566-c665-4bcf-a9db-ee486bc652b3,2284.32,2026-05-14 02:40:33.556167+00:00
d3c45da7-d64b-4605-bc21-f833e580a8d3,a32f2bf5-2ae5-41b0-955f-1cf5cccc661b,2027.56,2026-05-17 05:14:34.460555+00:00
ba666ca6-07e4-41ee-b0eb-271fca8a8166,59b5997a-2620-411f-8957-4d7454ee98a4,1233.64,2026-05-17 17:07:55.091393+00:00
8d16dd5c-098f-4cc9-b845-9e67a4441649,56993eea-b7a6-4cb9-a8e3-885bfa6a2227,576.72,2026-04-07 21:45:06.882441+00:00
ef2a4afb-8597-43df-98d7-4dba3c82c22d,da84671a-e8f6-499b-a8dd-65e60b754271,843.27,2026-05-07 18:22:08.726565+00:00
d5da25b3-a20f-40a6-b3dc-c39d487cc1e1,8d87761f-3617-4835-92ea-6af9156231be,125.75,2026-05-11 10:07:52.741174+00:00
c4369906-aba9-49b6-962b-8aa5ccdf78cf,d750953a-c64c-42f4-8fe4-27912a9a4a6d,809.52,2026-05-22 03:09:07.477614+00:00
cc2fff95-40b8-4c5f-8050-cb097327b0e2,9f89416a-5031-466d-9bc5-83d50dd05088,1253.96,2026-05-14 06:08:16.109225+00:00
4baed1d8-7674-497e-9448-8a0df475fc05,d1eaa284-6a27-4dcc-b6f6-391601d340a0,1978.98,2026-05-30 06:48:17.190089+00:00
3a6b2bb0-13a1-4754-b084-cf113d73df0f,25b9c1e3-82df-46e7-b4e1-66d4faec9e25,3623.26,2026-05-31 00:53:04.019814+00:00
0e1b1306-e4c1-47a5-b978-4be1ac5df0de,9ee477e7-cd94-4a00-af91-19de7a428d92,4122.16,2026-05-15 10:56:26.918300+00:00
466a1fd0-fb7a-4de6-81d9-882bd8cb7733,f8e1c69c-8b9e-421d-82fe-dfa1f99642e0,4056.95,2026-05-19 10:50:17.096459+00:00
8a5f8de5-cc26-4fe7-b09e-d7e42f867aec,0090db66-8ab8-4f01-a8aa-818bb7b662ef,4645.9,2026-04-20 16:19:50.585003+00:00
70b70183-c350-4d3d-b9ef-be1362c3df71,48c5b56d-e8a9-465f-96b2-62b5e809fac7,3264.75,2026-04-29 22:11:04.517356+00:00
857a9d1d-4beb-47fb-924d-dd10b2af0191,98de75e0-1167-4ae5-813a-17d6aa9255aa,2892.88,2026-05-14 06:55:19.263407+00:00
5abebfe6-fdc9-4118-9078-4747be3d6a64,3235af15-6fbb-4132-aae7-9d1c20e1f0e8,3190.37,2026-05-28 18:20:03.214479+00:00
b9c723e0-46c4-4e4b-bf9e-0e7fe07209f5,195aef9d-72f2-482b-a9ab-ecdc6d328d39,708.33,2026-04-18 13:36:55.745507+00:00
1d28f34d-1d40-43fe-9d7a-fa8c243934a3,914f2913-8a5c-4cca-990b-c05b9a5eaf79,596.7,2026-04-18 14:33:44.817468+00:00
34bf8fef-6e61-4d93-8d4d-2157c1bce832,5d12e04e-7a8a-4218-bb9e-98265fe0222a,10.0,2026-05-08 23:00:55.502614+00:00
b763f6a4-d160-4c66-a95f-c1ae6842da14,ccca3adc-5de9-4bd7-b593-bb995aec8f6b,845.7,2026-04-03 14:33:24.909957+00:00
056bfeeb-78bb-48d7-b566-6b005d98fe64,aaed11bb-cfd8-462e-88fe-df7f94e8412d,210.6,2026-04-09 02:55:08.544554+00:00
267e19cb-e9cf-4f64-aaf7-b4590760108b,5b66e6cf-d8e0-4ee4-bcce-6e21bde5367f,1665.49,2026-05-06 03:38:43.859202+00:00
2a6c480c-656d-4a26-9b5e-730cce2090cb,de0e474f-ae7f-453e-b192-39dcb1e9aca8,109.99,2026-05-22 19:21:54.460028+00:00
7f92e1c4-fb31-46d4-9fbf-b94cf296b2d2,5e99f1a5-ca08-49d5-9d5c-10768a0fe151,287.93,2026-05-31 22:21:43.058875+00:00
2d30c23d-6211-467b-9ae8-8a80c9cd5cc4,2bc2f25b-c806-493b-b1e9-c0aa03297c94,2067.79,2026-05-04 21:54:43.927843+00:00
1286c62b-3924-48f9-86da-0bb4177f2008,170121aa-17bf-4ce4-b9ae-696fba4e6817,1136.61,2026-05-11 06:02:26.662911+00:00
7bc1f3d2-85c7-425a-921d-67063e690664,ac3bccba-ead8-4cb2-8a85-9be731dd6fe6,2130.01,2026-05-11 14:16:14.124538+00:00
2ec1bd46-1841-4ff7-94c9-07ea534703a2,03a57f57-5aa2-4b26-95b5-538679e69f03,1220.39,2026-05-16 06:37:06.400642+00:00
725deb70-f502-417f-8ce5-e92ef7b89ebc,538ee933-6bed-445d-8ae7-8cb9a5f18697,269.7,2026-05-24 03:45:39.358751+00:00
d17e6870-a59b-440e-95b0-1c04e7c67d21,1fbf7e8c-7ba2-4acd-b7ab-9b1ae4a50a16,200.43,2026-05-24 02:47:06.357673+00:00
f4b21b82-42eb-4146-ac28-b2540dcdb8ab,ee95d0d1-9f8e-49e6-8903-942b16db5161,715.17,2026-05-24 10:15:25.971066+00:00
4c73434d-e967-4ac2-bef2-7f2fbe50a1e4,09ad16b4-2fe3-424f-9f5d-dc49a007e977,294.56,2026-05-30 04:29:04.360118+00:00
de65e0fe-84ba-4641-8756-3554fecf013e,e32952eb-2196-46a4-802d-0ec563630ae5,413.69,2026-05-30 14:06:29.179365+00:00
18509ee3-c63f-488f-9ea8-3baa488eeaad,7355ede5-161e-4c79-808c-d2ba96efa277,278.23,2026-05-31 13:30:56.376233+00:00
366a5be6-608b-43ac-a29f-c33aab040126,12360e54-aab4-4e6d-9f3b-83df9eef1060,3068.64,2026-04-22 04:28:30.726273+00:00
9885fae9-4a87-4373-a04e-389b17c8eba3,53f649c6-401a-4dd4-bbd9-2169ba80d584,10.0,2026-04-25 10:04:45.000980+00:00
5355882b-eebd-48bc-bb07-bda20a6ea532,4928d005-accd-4995-99d9-50a8019f1a11,1611.32,2026-05-08 17:09:56.647089+00:00
cbc703ed-8c9a-41d0-a283-275608d59d2e,582add06-ecec-44d6-8e4e-47390719e040,390.22,2026-05-11 13:27:00.031430+00:00
4c3bade6-d146-4a76-ac4f-68042d0bf6d9,ea20eb64-9a98-4de5-82f9-0fce6899a142,1018.67,2026-05-31 15:29:15.065728+00:00
23e49e44-b1b2-429e-b923-2e830fccd0ac,305cdffe-d994-44be-9116-cb720eb63d5a,1784.98,2026-04-28 09:37:00.928780+00:00
9b47d140-b8d8-46fd-b26c-e56d07bcb2c7,62b7e73d-9e03-4929-9a11-af91d9ee6dd3,1203.86,2026-04-28 10:04:12.932263+00:00
eea528a2-0e4a-4126-bf28-2aab3ab02855,5ca86d23-e2f3-417a-9f8c-ba67ef2866a6,2061.75,2026-05-02 07:23:13.519352+00:00
66b37180-25e3-441f-9389-8ed5e4e730d4,e4931c2e-182c-45f6-9987-f9b7b9ddf536,87.03,2026-05-13 14:26:32.697394+00:00
d1bce10b-a500-4885-b5d7-8f31f81e41d7,7e7f9776-2320-4a82-b8a5-9851e3f4b660,1406.51,2026-05-16 15:48:02.906266+00:00
0cbc82e6-3334-4dd9-9c0a-8629c4528fdf,b1c8feaa-815a-4ffe-b9f3-6fa1582846c9,1660.14,2026-05-25 19:06:30.973630+00:00
6e28d9a8-5ffb-472c-a0ea-f821ff8645a3,50dc0926-3bb9-409e-b3ff-82240ee8836f,1470.51,2026-05-24 18:38:34.933121+00:00
6cf3e256-27da-4151-a303-8b329fd928c8,e7935b28-3e35-4810-8704-7e32ec8d6a33,5399.76,2026-04-23 20:56:52.452167+00:00
d80901fe-f45d-43ba-8114-59adbddea007,3c774c40-53cc-4cf3-a065-e2c9d7c99c8d,10.0,2026-04-27 20:22:56.229356+00:00
6bcc2e0c-4dc8-4ad9-8cee-02f00bdf5605,788ab192-f5ff-4f1c-86c2-1a76b5866283,1538.04,2026-05-09 15:33:25.678563+00:00
1727f219-0b56-41f6-8004-ff3ec6e5dd04,d47f30d9-7739-41fd-8eb1-d7623dfad8f5,3252.46,2026-05-13 03:40:14.031882+00:00
1d5e22f2-1ab4-41b9-b234-6ce04d396a0b,36a30984-0fa6-476a-9e44-839d4c75c924,2712.95,2026-05-16 17:58:01.311100+00:00
f49d68eb-bd65-498d-85a8-0800a3d3aa4d,d328d591-38c3-4c80-aee4-7bd393802d48,2973.6,2026-05-22 20:13:25.073588+00:00
381e67df-0af8-42fd-be5b-bc4ca9cc12aa,720309cf-b638-4459-8655-4db359bd4ffe,1104.55,2026-05-29 06:37:48.109100+00:00
f180b325-488e-41ae-97b5-c5b9fc7f6a6f,e4ff6aeb-2836-43f3-8dcb-e8fc01bcbe29,325.29,2026-05-31 03:21:02.521299+00:00
97c78655-a888-488a-855b-feaae731f618,aa0a1849-21c0-4b30-9981-db95d8b16183,816.02,2026-05-31 07:29:20.090999+00:00
a1ff6f19-747b-466c-843a-e175d495bec5,0819d9d8-130c-43e1-a077-1bc982aef22d,809.04,2026-05-30 18:50:36.938919+00:00
d3509452-ed64-44ac-b6c2-356ed4ec7376,cd741896-bdf7-4161-b4a8-9dfd27e02da9,1167.38,2026-05-30 22:48:30.550076+00:00
b5d5fa8d-015e-49de-97e4-37f86c8681c3,85dd4f49-fcac-4389-98f1-f6afa9c964a7,2025.98,2026-03-13 14:55:18.868283+00:00
44a411a6-cf47-4c16-9c02-57b31c70b37e,3dd719c5-42f0-44f1-96d6-20876606cdd9,2277.96,2026-03-17 20:40:15.439609+00:00
b8fb31b6-4a98-4d34-b74f-a15c44ab696c,8c4f75be-b2e7-473f-82f8-da17a82b3a7e,3660.33,2026-04-01 13:40:28.746031+00:00
4be5d08a-cbd5-487e-ad94-cac74b14d5e8,b108ab25-3922-4294-97f3-dcd7924c7de7,1379.58,2026-04-24 16:59:54.052109+00:00
ba79f4f3-213a-4208-bf69-f8431f9d8285,53a055d5-e2b7-4604-a800-1f20fca6dd00,1321.94,2026-05-09 17:19:07.733923+00:00
67d64b2d-7d65-4868-965c-0e01bd730f48,e66cfdff-d825-4567-9cb9-ea1c2062ad20,3591.67,2026-05-03 12:05:56.519028+00:00
a4525714-0559-4acf-b890-b2779db4b158,4ba496ad-6345-4f13-9f57-f7ef98aa384c,1485.25,2026-05-05 22:53:34.574589+00:00
4c7a0cfd-85df-41a8-a43d-c7bc984c5450,42488603-9daf-4b1e-8b49-87f23521ce7d,2513.49,2026-05-16 01:07:29.592360+00:00
c90b44e8-4304-4d5a-883a-6a0658e1db3f,a26083a6-8299-4f96-97cc-8a5e5e0caee8,2638.07,2026-05-25 18:49:38.109749+00:00
98e6da11-46a0-4738-94e2-0e1f50be1e52,4dc2bef0-bce6-48ae-b342-31fb5a16fde8,2687.93,2026-05-11 22:26:08.361151+00:00
8f7cd82d-3c6c-41ce-8ac2-fcee6cf89d16,922ae69f-a1ca-461d-a872-1b305dd41d4d,2306.22,2026-05-13 05:21:46.027943+00:00
c9b11a7b-113d-4dd1-a82f-52d6d6e6ed78,115dfb48-615e-4bf4-9214-553f96bc4f11,2581.24,2026-05-22 21:58:11.664088+00:00
3e0bae53-0829-455a-aeeb-6a5b0c792cdc,289b3689-ce2f-4c04-b9c3-4defb9b357b5,1625.25,2026-05-30 22:39:11.386285+00:00
3573acc6-7204-4c87-b64a-00bc5611766e,44f8ab16-bfbe-415b-aadd-54d06119e381,1637.08,2026-05-30 21:43:19.334836+00:00
52e0b0e0-d16c-4f7d-abd5-cf5e698691b2,4d826002-eac5-4d62-a57c-3169f8abb43d,3381.24,2026-05-31 01:12:35.473136+00:00
10e5be37-3244-46f0-85fd-dfa17703a33a,6a89d8bf-992c-43cf-a419-93d00d8a1f10,2982.86,2026-04-02 13:03:05.994520+00:00
b3aca0a4-2220-4339-bbb2-678d86973f0e,97271155-8a20-48f5-a4fa-fd6798183ea5,3287.25,2026-04-22 11:52:12.822925+00:00
b56306cc-5970-4ad8-a195-e754506350ec,04bfd09b-a5d7-4819-a076-6d166defe1a1,4889.38,2026-05-18 13:00:06.255946+00:00
68d0a151-10d5-4365-adc6-32064380dcdf,e0866166-c5da-4c5e-8695-0a64ac8e4763,4392.91,2026-05-19 03:49:07.090840+00:00
999f9de7-b77d-41db-aeb7-39caea741034,4d9f5689-ebcb-4344-bff5-732b6005ea49,5341.27,2026-05-19 15:08:24.487670+00:00
3b3f3b67-f3a0-4e8c-b5e7-1e5f84149dae,aa023e7d-4d41-4de9-bbdd-889a2bbf37b0,2104.48,2026-04-07 17:16:38.312167+00:00
ae5f87e8-eac9-47db-9853-6714b686cd16,db41ee27-0105-46a3-8b40-12579e741a89,1804.39,2026-04-29 02:08:28.559786+00:00
846826f8-051c-48f7-b3e9-13b6f7a427b2,e6af509e-8492-43dc-a575-a82e89f572bc,1833.48,2026-05-24 21:54:22.275169+00:00
21763d76-a469-4312-9a35-96c4eb42dea7,2545abbe-6746-411d-995d-534d37066c13,2814.92,2026-05-31 04:09:49.750062+00:00
af247b2a-48f9-472d-8fb4-28bc9e499790,a24f8ce9-ea40-4fbf-adef-bc3f1e6193fe,759.04,2026-05-14 20:12:50.957578+00:00
8b23abe7-36c3-4098-af23-45866bc2c168,81ce0497-72de-4706-87b4-8ecf431e3e48,3723.44,2026-03-24 20:51:17.321328+00:00
9154177e-a625-4f41-b4aa-c43a7165df30,7c2b2c9b-213e-4b05-8193-d15206581fe6,3734.69,2026-03-25 03:44:06.789648+00:00
ffb6f9b6-e26e-4159-bc73-8a7f79c3f119,8516904f-0d4a-46e3-9a3b-ba631b6e75b4,846.91,2026-05-04 00:32:58.502343+00:00
7b3acb0f-2731-4392-8087-00b512aeb72f,3b0e0832-f525-4c65-961a-3bb15cbbfc84,3073.74,2026-05-13 22:09:55.734566+00:00
fb62ec3f-3b71-4fc0-9c7f-7ea713c7373c,8967c3ce-9df9-40ec-af5a-291985dbbb0f,4816.15,2026-05-15 22:04:26.163382+00:00
664926bd-af42-443a-84de-de04dd486f5d,97bcfc78-64d9-44a4-8cb5-5ff8e15e341f,2457.9,2026-05-24 17:20:58.523636+00:00
2743abb2-dd5c-455c-adea-faeb690da1d8,7fc22fed-598d-432b-8861-d044870751af,1732.46,2026-04-26 16:49:48.347833+00:00
bad9a27a-cb63-4db8-bfa1-3b5f0742bbb5,f63f5b42-1a58-48de-8f93-a8213eccf9e8,939.72,2026-05-27 05:41:18.616996+00:00
fd6ffb03-c9ec-49e2-ac5d-d27eb509da3b,cb613f7e-dd11-4aec-8f5e-c0ff5951afa6,1841.78,2026-06-01 00:29:16.793563+00:00
26806125-ebfd-4c2d-bbb2-131afd017038,9965bfe1-ad70-4b85-be06-ec057cb28cf3,2671.41,2026-03-13 07:37:01.235109+00:00
df875c2a-6064-4cab-ad14-426dceb13c2b,5759b9e0-3014-4b15-994f-7e6d0ba1adde,4408.01,2026-04-08 17:06:43.441059+00:00
4c2da0b9-a318-4612-9bc5-ed4d64f8a0a8,bf2b2c4a-72a6-4d8c-b276-0fca47db6081,3239.31,2026-05-19 04:41:39.205307+00:00
21c199e0-9ab7-4e4b-b954-c44edb66aa2c,57c42368-4c5e-49c2-9699-12e0e44a31b7,808.6,2026-05-21 04:18:01.880978+00:00
275db0dc-8321-4a83-8b22-be7a3114ee50,9132910f-b172-4dbd-be23-c3416d0cc00a,6278.06,2026-05-29 23:02:31.110473+00:00
31c88661-c8b2-48bf-b153-7dd2a4623788,fd726021-2957-4e4e-b892-2c07c4efea48,4761.31,2026-05-31 22:32:28.112701+00:00
46500d6f-f1ab-4a77-b3d5-48adba5a9225,f17914ef-777e-42eb-ac8d-9c5b157da302,1991.06,2026-05-29 04:38:25.626969+00:00
a8411fb0-fa97-484a-b770-0f560583d1ad,dd785535-59c9-4a01-8bb3-b1e68ffddfa8,2374.31,2026-05-29 10:48:04.475347+00:00
3d721399-a184-4322-aa5c-02951483a333,87946362-9b15-42d4-8e97-0b588328747e,2884.18,2026-05-29 17:09:43.617572+00:00
2184d3f6-f550-4be3-aec1-0d43aca4949a,2c9bec4b-cdfc-445c-a43f-b797eccf13b9,2914.24,2026-05-29 16:59:44.766470+00:00
b5ab3961-e6ac-43d6-93df-9f015fc66330,b9d8beed-fa04-451e-a6dc-c2eae091d9e3,3330.97,2026-05-31 07:28:10.047610+00:00
699e2e98-028d-47e9-8903-e7f1571b5990,81bfc254-0981-4266-8b9d-71e8feb52174,1005.35,2026-05-07 11:57:08.840216+00:00
cf689c19-d885-44ac-bebb-9ff871fe842b,1888b419-8a6a-4c90-87dc-08f4f9cd0c5f,491.5,2026-05-29 15:04:10.991437+00:00
9aeb068d-0354-4f7a-b2c6-21cc7f9d3eef,0e8d9f27-0099-4cf4-9ca8-96172a2958ae,2504.02,2026-04-29 05:41:48.466123+00:00
bc9ee9dd-b843-4c86-9e80-9995ad8d6e1d,68d7c1a2-0507-4ff8-bee8-bbcf1094023b,1450.11,2026-05-10 16:14:28.621938+00:00
b947ac9c-b75f-4dd7-8dcd-271d1d182104,bab76c4d-7232-4f21-a12d-69b7b13cbbbe,1499.11,2026-05-14 13:39:51.071375+00:00
a3ad09d6-e3fd-4e85-8a3d-25ec6560e88f,1afd98b0-baa2-4488-b345-6f3372ffc43b,622.84,2026-05-29 04:51:33.858713+00:00
47f6b9e2-e56c-49b6-95e1-974e5ea43a70,97a92331-45eb-4948-b1fd-b01e5a215b82,980.09,2026-05-04 14:51:36.210684+00:00
96a2eee3-9d75-48f2-af41-774e25e99ebb,6c5dee0c-ac62-4a2a-b06b-4b309483a351,2197.23,2026-05-05 17:03:49.809571+00:00
56ed8713-383c-4f02-80a0-b8274021dbee,8244d582-d57e-4ed2-b3e2-ae0f21ccc069,2350.17,2026-05-08 10:41:41.973913+00:00
7a629cc9-26b8-47c8-b618-228bdd6f3151,310114de-9085-4c88-adba-a5f9ff41116d,2121.57,2026-05-08 18:42:51.571485+00:00
72ae5d79-f298-446d-ad5d-26fa0827b61a,3f8ae015-753e-4d35-bb87-33c4e0a99e29,2497.62,2026-05-26 13:31:57.927700+00:00
459d675d-33bf-41e6-9c8f-c339d8db0197,d4c921c7-ed29-4fc5-93ff-666f098cc494,1948.84,2026-05-29 17:43:43.671801+00:00
cd09850e-8dd5-4903-b056-2bf1666fc96c,21e388c1-ed36-4bcd-ac7c-3e00fe172f47,675.91,2026-05-15 13:46:29.315436+00:00
c14f6592-a469-4335-b7a0-d9be269689d7,6d6fb6ae-5e27-4a3f-9a3d-f56919d1ef60,723.9,2026-05-19 17:31:47.111477+00:00
0cb4cb32-4ba1-426b-b8ec-f59ea3ce92e3,821b45cc-e161-4cb0-9b5b-0af4eec54219,1685.72,2026-05-20 21:34:17.972838+00:00
828ccb2c-8a48-4f39-aef2-13ae240473ca,b4af1f3a-c65e-4439-a6f8-6ab341d4bb6b,897.7,2026-05-15 04:15:18.689136+00:00
8973040f-71b3-4664-9bbc-efbeca137c8b,76f12593-b131-403a-80af-55e4436d7cc1,966.66,2026-05-17 16:15:26.941398+00:00
333af878-235b-406c-9669-d4d8ce0fbf63,a26df422-da55-4b51-bda2-3f3d2d082da8,505.4,2026-05-20 00:50:15.188797+00:00
552e8741-1733-42da-b081-c12fd2940e84,89cd9dbe-9af6-4b12-8a4f-24a427e0ba39,391.06,2026-05-23 17:35:38.774665+00:00
5e694098-385c-4b00-a040-71a0a4165cbc,e52a91ce-0660-468f-9547-27973b2adf29,778.33,2026-05-28 00:30:16.195174+00:00
b78775c1-6502-4db6-b444-9ed34839c5b4,f9280efb-8399-4cb8-8f68-373db645b03b,1191.33,2026-05-24 06:20:26.995903+00:00
8914c2f5-50d8-4ea6-8d92-c1ee4f7f9fd4,c5c54d52-4c19-427e-9471-457f74d3729d,872.73,2026-05-24 13:38:34.917973+00:00
9427d5ef-0480-4c1f-a75c-f38b0f8c1793,c3dbfc45-f7ff-41ec-a198-bd2f684b113d,977.48,2026-05-26 21:11:44.371991+00:00
29f2a19f-8079-4f04-9fcf-fe1187b164c8,7e3925b6-f31d-4696-9236-408bd331095e,353.76,2026-05-28 05:11:07.043464+00:00
4f3d8045-d643-44a2-b4a1-a0abec573ca2,1e40aab7-4389-4af0-adab-ff43377f94fb,1064.44,2026-05-28 05:28:54.442317+00:00
99c707b9-2852-4dd1-be24-9339015969e0,0e0f3dbc-f789-47d0-8531-e4cb2c305ea5,1641.38,2026-05-25 01:19:24.366415+00:00
3cdb98dd-d6b8-45fa-841a-f2d47e4cf222,67d710c0-6795-43cf-a658-73a737d050a7,3082.69,2026-05-25 09:37:59.138081+00:00
ccf99428-ac5e-4583-978c-17229a4e3ca4,2c9e84a4-c265-4875-9ce8-ceecd3a61ba1,679.58,2026-05-05 21:10:15.302209+00:00
63b4048f-3992-4b71-a5ef-9de7f74f2b88,aa9e79cd-40c1-485a-a2d5-3e6a748890f0,334.34,2026-05-14 23:45:04.150644+00:00
235b153b-d8cb-4adf-ad0c-1f759f35b25d,772ba163-9937-4694-918c-524467b191c5,1599.66,2026-04-29 03:11:25.804471+00:00
a1c18536-8db7-48ff-b1e2-8cddcc293a2d,3e14c9af-9117-4342-9fed-0ecf7357b79e,10.0,2026-05-23 16:47:19.030022+00:00
3c4220e0-0c49-4550-9972-30f51b47d039,d0314587-a3f9-403e-b01a-ea374305e610,3000.05,2026-05-28 01:04:49.471871+00:00
dbf63be9-9baa-43bc-84a5-0a2f62ac66b3,46db1b2d-f14c-4712-ac37-1f3bc9b05848,5417.08,2026-05-12 15:00:54.344004+00:00
0d6ce987-dd62-40e8-a9fe-81cd02a98a8b,83ef3cb6-8074-477e-91d5-c6bb05bb4459,4310.32,2026-05-17 22:08:51.078952+00:00
9a19cfad-78f6-4a9f-80e0-42c9c2c33ea8,1a24261e-8c4b-4341-9605-92639b16e067,3395.16,2026-05-20 23:44:09.078346+00:00
976245fe-f637-4267-b71f-3ed1226a5673,240bbf04-375f-435d-86b4-af20c16e006f,3919.28,2026-05-25 12:21:40.343118+00:00
2c5c92ed-c14e-44d4-afaa-5c0c90de885e,c6ecb107-d7b2-4275-9fe4-ddfc65c02f39,5143.25,2026-05-26 23:29:06.655948+00:00
0db83295-7f72-431d-96e3-8ce32e110cf5,2dfd31a6-5ba9-44f3-90a2-5e16acac907c,10.0,2026-05-31 05:21:05.749051+00:00
92f63c68-15f7-49a7-9afd-bb93282885d3,10c6225f-04b2-4109-9610-0cc0ba7e745a,4238.51,2026-05-31 10:31:35.594174+00:00
d8dd850f-4dd1-4267-9cd8-90464085768e,3a0475f1-b491-498e-89d1-717677071baa,6928.94,2026-05-31 14:48:53.679826+00:00
ac6109e1-80a0-481d-aac5-e338122f69c0,33e51a67-e2b2-4957-a67b-57ae6d76b23f,5492.97,2026-05-31 16:52:13.606020+00:00
602081d1-6bcf-4a8a-bc40-57214494d5de,847b9169-fa2c-4828-a303-53747deeaa75,6225.16,2026-05-31 22:54:58.624438+00:00
b989fd6a-14c8-4aa6-903c-b16126dc71ef,32283013-d33e-47bc-aa51-9747f2ba0294,774.57,2026-04-07 09:21:12.009420+00:00
7961e60a-7d8d-484a-964c-956f8b4e0d21,39af1a3d-497b-4d74-acd7-b0ebf6663b1a,10.0,2026-04-09 20:04:41.758993+00:00
d6296d16-f34b-47aa-83f6-4b58b6605d31,3efa229a-0607-4dee-bc52-03ac516eadeb,559.66,2026-04-23 15:17:14.033904+00:00
a876016c-c9ee-47fd-be98-563bce73226c,7f245600-9180-424a-932a-1bd5d03c79eb,947.0,2026-05-19 23:59:47.620945+00:00
84316c4a-716e-4a95-8a93-b1dd605b622d,17c9c163-6a8c-4cc0-b4e3-e0d2ab02a749,4622.99,2026-04-27 06:33:36.212831+00:00
15b8b43c-d968-4a11-98bb-62778579e3b3,46ba78ce-9b78-4ca0-a3df-6905bbe7d666,1246.93,2026-04-27 22:07:18.802854+00:00
b00aa8f5-c89a-4ce5-98bf-4cd14c01924e,cd15887a-f972-460f-b88c-db79e9bf97c7,1676.88,2026-05-08 10:31:42.783960+00:00
f7ef87e4-d3cf-46ef-a278-2c07ff6f5fff,d8858d48-2628-447c-a2b2-12e0419ae7dc,1283.5,2026-05-22 12:23:55.710589+00:00
e2fa64c0-f04b-432a-ae09-c4585fadac9b,fe8d03bc-831a-41ac-8837-0818c44cae33,2030.61,2026-05-29 18:16:21.109392+00:00
4a2f2cba-a4c6-4628-a728-985aca40e700,eb310745-d3a6-4322-8179-c2a61e2efa90,3810.51,2026-05-09 22:00:37.582117+00:00
f84288c6-111b-4682-a153-f0601668353c,9368fca7-0f2e-4ba9-94b5-b9b96222b4b8,4248.11,2026-04-03 22:48:28.684960+00:00
bdd697d3-8d93-496c-a83e-ab367ef851bf,70a043d5-fbf9-42de-96a3-624926d7b349,1899.51,2026-04-09 06:11:36.830861+00:00
e1d08e00-527a-402b-855a-68286a25e3eb,4fdf6be4-7da7-42f8-97e2-108942bb188c,3704.61,2026-04-10 04:21:41.658865+00:00
c7b36d3e-d4a2-4a69-b728-725ded81dfb9,cf06d5c3-6575-485c-9d43-14f05422b083,2791.26,2026-04-24 19:42:27.483866+00:00
2160c055-917d-4103-aed2-9465efe7fa9b,e1fd5e0d-eb22-4b40-b8b4-d2d709ea150a,3187.45,2026-05-23 16:33:11.462430+00:00
306a9b1e-aff5-40b6-a9a6-8d96d8af4ac3,d6cd345f-218c-4df2-b778-b588223b45fd,3319.18,2026-05-09 11:52:58.356086+00:00
b22f19cc-fb4f-4209-95bb-aa2ee067709b,5d5d68b2-2432-4631-94f8-f5a8fd68d37e,1657.15,2026-05-30 13:05:50.341980+00:00
5e1ac107-09a9-48df-9006-cd42cb4c1781,21d5ca6d-9360-45c4-b2d3-5dcc5455e6ab,2439.09,2026-05-14 21:43:37.703458+00:00
13ef7e0f-5698-4461-bb3a-eb7f736d4d62,ce2ee849-c016-4028-9023-2b3710ee48c3,3649.17,2026-05-15 10:47:36.562282+00:00
31462818-f891-4b9f-84c2-167b5884bd7f,6fcf89ee-89d7-4315-89a4-188225258584,2690.78,2026-05-18 00:48:51.944263+00:00
c73b857c-c0b1-4350-bcd6-9c57600154ed,96fd55bf-d0a8-4bf6-9b41-843618710357,4079.56,2026-05-23 15:39:46.772389+00:00
237e612a-9e9a-44f5-844c-2a9343bf113a,851a29d3-5dd5-4c7d-85ef-d19f7e661f28,4382.96,2026-05-10 20:08:45.699011+00:00
2a7652ca-97ff-42ff-ae57-5d58ef4364e3,6e137566-c622-45a9-83b8-47e5a76c0540,2690.18,2026-05-13 08:10:13.249650+00:00
230389b6-6f10-46c0-a3e2-9229e43f0509,4f4cc6e5-b7e0-4801-a937-32f8d7a19400,2475.3,2026-05-18 07:40:32.894509+00:00
ed9f83a7-8869-4574-b19a-548ab635acc8,1d9599f7-0b48-4b33-b91d-26ce4f46b70f,8058.37,2026-05-30 22:56:35.244158+00:00
c4807a5a-3230-46b1-8db4-0487920fff59,a6806f36-1f08-4985-a247-00669cda6bbc,338.82,2026-04-09 22:46:17.296429+00:00
90d4271d-0137-433a-9e5a-9e67159f4793,ed6b94bc-b542-44c3-b2d1-fec45d0358b6,197.43,2026-04-24 11:22:51.071474+00:00
b55a0dba-51d2-4962-82a7-8af8ad1b4b89,3fbb4c8b-2259-42b2-99b6-a36080f99f8e,306.37,2026-05-24 03:26:03.091794+00:00
7945fad9-0cb0-4380-9bc9-48bd3eabe934,381853b4-83fe-4c89-828a-bbc2a6177277,257.06,2026-05-25 23:11:06.121651+00:00
dd69708e-5931-40fd-9b0c-77c777a96d4b,bd1fe4bb-7279-4f54-9f22-1fdb4a5f7daa,403.67,2026-05-30 16:36:07.512935+00:00
611303ed-22fa-4e07-a566-24b6189c4577,2d46be4b-dcf5-4a68-a397-1f073b839186,3778.97,2026-05-16 18:22:47.835555+00:00
51ccba02-9dd0-4f82-83e7-d10449a8d8cd,e84aa565-7327-4833-8eee-9018542628d7,3633.55,2026-04-25 16:26:56.868218+00:00
b63b91ee-e338-4edd-b7cd-13fc0c6f0a75,3064a49d-d506-4390-b2cc-d293f178e23a,227.3,2026-05-20 23:45:58.802899+00:00
a14b62a2-a0ea-4959-9888-b6098e429b02,80afdd3e-91d7-40e9-8b72-5a21e87c2ec6,1575.25,2026-05-03 18:35:42.755426+00:00
23b94f1a-1dab-43a0-8e13-ccf5982aeebd,b712f01a-f3ca-4d65-bf38-841a105012a3,2364.7,2026-05-08 14:16:24.997553+00:00
03fe481b-1d1b-49e1-9029-95e2ce691043,88f1a3bb-0e90-4490-9981-d963988c969e,2294.53,2026-05-15 12:06:17.733422+00:00
3a25ad71-fe79-4526-bf7d-51db554c0547,ee5dccb1-c239-4fbe-8cd9-b0eff4383a53,3165.58,2026-05-22 22:47:34.632375+00:00
941dff73-ff60-4886-b790-75350dff8578,8d88c47f-a202-4a8d-a3ae-8aa40ce25106,745.5,2026-05-15 19:17:34.809757+00:00
70aa7205-b140-4843-8530-472ec9430f9f,899ae7e5-6544-49a3-9cd8-75a0cfa30ad1,2608.05,2026-05-17 11:23:07.652887+00:00
d868db5b-62a2-4a58-b3b3-765f2f93c57c,adef5eb5-07d0-4254-9d22-cf7cc50f3b7d,309.44,2026-05-22 08:26:28.380825+00:00
669372e1-2db2-4064-a17c-c685353608f2,f8b839a2-5331-437d-b7cd-ad3a942493c0,794.16,2026-05-25 05:35:26.006953+00:00
8b60138b-09f3-491b-a8b4-6af28263734b,128ece37-8fab-4e71-a007-089a82fcc746,727.92,2026-05-31 13:57:33.807810+00:00
995d36f0-5e66-4dc9-acb7-05a58ff0c697,bd0f7aba-5274-4e2f-ad58-565719863527,1118.7,2026-03-24 01:16:13.421146+00:00
f1313347-998b-41ab-9605-8ac278b64eaa,df62396d-4a85-4b0c-b6e8-fb0e663c59a7,2375.46,2026-05-13 04:52:33.383601+00:00
0a08d210-a6c3-4c12-bbe6-e3253ce1d7c4,87eff98f-1fb2-4b6a-801d-f63d7ee67533,583.8,2026-05-21 15:48:40.875130+00:00
2e96fc85-0606-44d0-bc4f-4a3dab80f098,2c1a09c0-64f8-49e8-bec9-f2f7a1917b15,2386.55,2026-05-22 08:07:54.647812+00:00
b9832161-eb51-4b71-97c5-9fa04ef62343,1a12234d-6faf-4d42-904e-46fd1d35df33,1109.39,2026-05-27 06:58:26.051500+00:00
776afc08-76a4-4bb9-818a-908a10915d25,3a6c7824-a577-4d26-8868-005409383b08,23.19,2026-05-29 07:26:05.983153+00:00
c806f89a-4d85-4e7f-95b2-8c4d2800de81,650f751b-99c8-4599-82cd-4b08566c66b8,2753.74,2026-05-11 22:58:55.084127+00:00
f376f225-9439-4846-a1c9-8eb9e9b80310,a66435af-b3f2-480b-8feb-08a7de8ab629,4838.96,2026-05-12 06:38:57.863464+00:00
5ed8ff74-25c3-4e2a-b0d5-73777ed16dde,21eb1cc3-2629-4216-b5cd-184689dde475,3052.88,2026-05-23 15:09:07.751631+00:00
25e236cc-ca4c-4121-a2be-3348b3911fc3,ed401020-fa35-4048-99be-f11acdded015,3259.64,2026-05-24 13:53:29.816836+00:00
baa46a9f-daae-4b9e-99e2-40a19f6d0357,882fb35e-b49b-4e09-ace1-d7991ae82d6d,5301.56,2026-05-16 20:47:55.490026+00:00
a702a289-ca72-4ecc-90df-bdf25e396591,0af36251-dcc2-4064-bc66-94eaa618c6c3,1560.15,2026-05-26 09:46:57.769599+00:00
1d8409d8-8838-478b-932f-97074064556f,9fef5c18-af3c-4ac4-81e7-d608a06cb4f2,1212.55,2026-05-17 10:56:55.170714+00:00
852a9bab-b7a9-4faa-aa3c-b3c62d0a4fba,b92480b6-65e0-4dbc-8b8f-362c986a40e6,2531.08,2026-05-20 20:31:26.848588+00:00
12b8b4e9-99bd-4fa7-8935-7dc78026d5e3,498d2e4a-f105-4cc1-8b45-6168e540d4a1,1578.98,2026-05-23 23:18:33.227456+00:00
2eadbfaf-46c4-4eac-883d-36f3725680db,654f715e-9677-42ad-ba6d-5d7c24bac2f0,2736.71,2026-05-24 06:25:20.669661+00:00
ca82ee9b-4244-4494-a9e3-9837470ed0e5,874f5ef7-e1b0-403c-a194-da8988f0cdff,1446.68,2026-05-28 16:31:55.648112+00:00
86414d2d-df56-4a8f-aef8-3cf8fcce3a04,4c38045e-311b-4d7a-a309-18bde39457e6,1636.96,2026-04-29 10:12:15.677449+00:00
254933dc-be2e-4508-9bea-24b67903b735,31e9db3b-5ba1-41ac-9221-53834868e850,1959.57,2026-04-17 00:39:17.557774+00:00
66eadef1-d981-49d4-b7e7-8666da49d295,986dc325-2495-4a1d-b270-2a546948ea7e,1515.9,2026-05-22 04:09:53.954283+00:00
6cb4e270-2f75-4394-b1d1-c31ffb7cc8d2,098eac69-68aa-402e-be86-df2348d3a1db,871.57,2026-04-24 06:31:24.775902+00:00
f42c020f-5963-4dd0-ab8e-cfc340babe54,18e1f511-1216-4e0e-b43f-bd4cfe654903,924.48,2026-04-26 04:41:45.908583+00:00
a3cc931d-deea-4133-90b0-50367ed6337d,dc37d2c6-8964-4b98-ac4b-b1710ad89011,1385.26,2026-05-01 19:14:47.879516+00:00
9ab35d5a-0f30-42f3-af21-8767ef466cbf,43d5016c-0b34-4413-8cae-87ba4ae6360e,368.38,2026-05-02 16:33:06.153352+00:00
b0004010-ff39-4b2c-8ecf-d25851915eb7,a1da313a-753f-400d-b8c7-794ee1038394,797.23,2026-05-13 03:41:18.284494+00:00
815f055a-c32d-4d0b-bd9f-310f4ee1e3de,80ee32b1-75d1-4dfc-a65f-2ff9abb1cad8,786.39,2026-05-31 10:15:18.042593+00:00
d4e9cbbe-8985-4503-a865-6fe5e69da316,bfa1dfd6-e282-4d07-b9e5-56b07c7470d5,10.18,2026-05-02 17:53:29.518081+00:00
bff1675f-748d-475c-9ccf-8c37db010e75,2b085704-4a0f-4c43-9d29-710b3642ad16,967.5,2026-05-20 11:58:43.965342+00:00
b01b2c61-4a77-40e2-b8e5-4e577db654b8,4f787f50-b98f-4be3-96e5-e4c825e3c9c4,1663.34,2026-05-22 22:19:01.776808+00:00
049e4e5b-a434-4cb6-97b6-b6a4997d29dd,43b19154-df9f-4062-86a0-9f875b5074aa,1478.71,2026-05-25 18:33:26.481946+00:00
e0ec0994-dd35-4025-9024-e74ad3482309,2517208a-6c13-4d81-bddf-8044865620bb,551.82,2026-05-17 10:11:52.799173+00:00
b888eb47-4ad4-4575-8ed7-581f9d40fd13,654db7e1-6ed3-403c-94af-51528736ee82,1355.05,2026-05-27 12:01:08.251928+00:00
67c3c7cb-e07d-41ff-89c6-20f9bfa1b541,4528fecf-45b2-47ae-ac51-d5d3b73a4832,1278.64,2026-05-02 10:47:03.209051+00:00
b8231c66-07d3-4e0c-b7ba-2ab202bd4989,eb9697af-7c22-4b46-a894-87d9b7fe229d,3178.96,2026-05-20 04:52:57.162601+00:00
9a269805-8550-4078-bc2d-0e9e46db0b76,75b5a1b0-862b-4f4d-aa0b-200ea607b292,552.24,2026-05-20 18:43:34.628619+00:00
139a6e5b-1ae4-43b3-a6b4-d40fd826d2c9,55a34bd8-bd53-4be4-a852-0b294367e334,854.56,2026-05-21 18:56:23.745867+00:00
63643275-e32a-45a4-81ab-b89f9bf50203,741d19d7-f96a-47f1-9a7e-4fcb890cf0fb,391.04,2026-05-29 11:58:29.532384+00:00
728ad18b-d98c-4806-b8d8-7e06bc219f27,2b025105-3f56-4fba-ad26-e9660afaf101,6088.58,2026-04-03 15:21:59.506079+00:00
ff2ce24c-1b2e-4013-bec7-1138c6fb400b,90cc6cc6-adf0-4888-af23-c4e47aeb1160,2289.35,2026-05-12 20:09:00.950506+00:00
ece258ea-1615-47cb-b242-058dcb0118c8,f1e425f3-301c-4062-ba9e-b5a43436ee8f,2429.46,2026-05-14 18:55:59.772537+00:00
227ccfd2-b619-44e2-a002-b166bc17a171,3a22dfd9-89a9-4c2d-8dfc-132bc82dbf4f,1949.71,2026-05-19 08:57:19.359666+00:00
bf41b8a3-4534-4697-a45b-3bb34ef94fbf,d9244334-6e81-45c0-b69c-59162bc3855a,8285.37,2026-05-31 10:14:00.484793+00:00
cb338f81-8947-4939-88f8-595fbaa13f4f,f2c6f29d-a4a9-4b7c-a3ff-ea1612790c05,2617.66,2026-05-08 00:56:33.592379+00:00
6bf1c33f-846b-42b7-a446-0c9ae1d350a4,43acee1b-d865-4f49-9b5c-22bec6f4a040,1418.26,2026-05-14 14:30:54.612089+00:00
0c5ccfcb-7858-46e8-ba99-1f7b2079a013,6cbfd57b-319b-44a9-b914-9776972d40f4,1524.1,2026-03-24 21:06:46.558089+00:00
619e0f36-8f58-4944-bef9-acce04adfa58,ccb2d8f5-ce62-4401-abdf-379de349ffed,1220.15,2026-04-21 00:58:19.483495+00:00
ad17a2af-c3ef-4e6d-bdbd-08db86f3518e,a995661d-2e14-4f80-8f82-b2bcf7c69f72,1116.61,2026-04-24 19:44:29.450971+00:00
52dde452-a28e-4bb9-8405-2eba2cb1e31e,c6ae0e53-bd51-4f7a-b2d9-2eddd63a3e7c,3454.92,2026-04-27 04:25:32.014201+00:00
0f3761f3-f1df-4881-b6d9-23deda82a679,ed038375-272c-4975-8474-7d7041f4a975,4420.17,2026-05-01 03:31:10.819328+00:00
eba8825b-0ca4-4130-b10f-03133f4fe8ce,a36431a4-7546-4cee-975a-352c57ab9425,1467.6,2026-05-05 10:48:48.248303+00:00
58cd588e-1463-4f6d-9ede-ad13db60ec4a,fb502166-9263-400a-b89c-543efe96b336,3820.09,2026-05-12 00:21:24.235501+00:00
ab76e667-1bc5-4007-aff1-d4ae065201dc,59bf938b-f1e6-4c7d-a6f8-34b496245592,2307.17,2026-05-15 13:48:01.919329+00:00
6c369b0c-8fa5-4bbb-9d4e-ca900e858b15,0da39b73-54b0-48b7-8a73-4dbb54d92b9d,916.66,2026-05-31 15:23:40.900745+00:00
a42421ff-679e-45f1-bdde-d2b264e8a54a,a20d1eff-a8ed-428e-8556-8520ae6369f4,1680.7,2026-05-04 06:24:40.370113+00:00
957d4d52-4a0b-4eba-b29b-f2ed50e17e77,3e505789-5976-404f-b6b8-1278e6af4a87,2411.43,2026-05-07 02:58:52.886065+00:00
019bb59f-e716-4a22-be4f-a22a746bafcc,d5e1aa12-88ee-49fe-9753-3b4db87bb5b1,1843.85,2026-05-10 03:40:15.255916+00:00
09452647-30bf-4f30-9066-d12ac47abc76,8725bc8e-4a11-48ca-a1d8-4132de5c8616,1864.16,2026-05-16 21:29:44.002150+00:00
5c582ff3-244d-4bfe-b68f-4c6b298c90ca,760f966c-d66b-4f78-b312-ae636d3bc9f7,2294.48,2026-05-23 23:44:27.795514+00:00
aa8b7173-a690-473f-9a89-700fa4581bf6,366885cc-9154-44f0-9a96-fccb72f19992,562.72,2026-05-24 00:34:47.879323+00:00
13fae32c-06d6-495a-999f-ee8954f80ac7,8869419c-25b5-402f-afb1-97f4882422b0,1864.94,2026-05-30 03:46:17.276617+00:00
05c6f14c-9cdd-4625-9e43-a7abc46293af,a1d463f4-0fbe-426b-be42-090627a76995,441.67,2026-05-31 08:37:20.061714+00:00
2f9740cc-026d-44f2-8615-8aa015d7f150,b92af636-abb2-49f8-8ea2-89081aa0ed2d,669.17,2026-05-31 15:21:03.019152+00:00
089f710c-931a-45fb-9b64-e82a7892e01f,09bc7668-a4b7-4f6f-a63f-0f26904886d3,824.31,2026-05-31 16:41:12.765043+00:00
b096d208-7b45-4228-9145-698b4ab57577,7ba0777d-e445-48cc-b02b-ebbf4831b757,931.27,2026-05-31 18:21:37.484761+00:00
23a52f6b-1464-47eb-b1cd-dbce79a09cca,c09b26a0-e269-40d6-a5f2-35d13e9c9a25,835.28,2026-05-31 22:28:06.111926+00:00
2d9bc3dd-4168-4080-819d-ecd95264e2f4,0de05494-1232-403b-ae2d-4f11891559e4,787.87,2026-04-03 13:37:20.287011+00:00
7c912758-4722-4ed2-a73d-fdd1a1418c95,f72c06d4-261f-42eb-b06b-412d473efa10,2797.97,2026-05-26 23:55:56.660179+00:00
14fddf1b-7542-4e2d-a4b9-06b3bad889ae,443987aa-a430-4eea-8053-6b9f4a8efa98,2655.74,2026-04-01 01:02:41.163359+00:00
d91ffe8a-d08b-448e-9f8a-4e883de738a0,72d61673-9c0c-4d46-9c83-0b5446376865,1296.63,2026-04-24 07:01:05.058310+00:00
253f60b3-0bc7-4264-b9ea-7f65dbbee55f,5b736e7f-1096-43fb-b3f9-a97fc2923a60,2788.14,2026-04-25 13:56:56.089181+00:00
bdfc04f1-6a0c-4539-83b8-f8c68cd3c1c2,f86da8c4-b414-4654-b252-fe8946607f4c,2262.98,2026-04-30 12:46:01.220517+00:00
9793495a-83ef-47ee-b59d-217ed886e36a,aed59363-8506-45bb-a941-b8a93465bc48,770.16,2026-05-04 17:37:50.496970+00:00
d22df1d1-878a-4e42-8a88-f6fb0b1e3de4,03448863-40ac-48aa-98a6-4c0b4bcd9237,4309.3,2026-05-15 16:59:06.828327+00:00
b5f5c91f-9a0a-488b-88bf-8721fb3ec714,f0ec7d5f-6742-42f6-a6a9-ec570865fcd3,1126.93,2026-04-20 23:14:59.071885+00:00
1efd737e-c527-44f1-9afc-13ab9fc251d8,683c45ac-d791-4b45-ba98-42c72a247c30,1328.24,2026-04-21 09:38:24.538297+00:00
6fd5089e-1c89-4627-8abe-2a3e2172c77c,f51a7e86-e45e-42c1-a96e-230bc3bc4f95,219.86,2026-03-13 17:45:04.778060+00:00
038d0ae4-c122-409c-88ea-0482b0290f95,b16cc0f9-05b3-4539-892a-7964c923c142,238.23,2026-04-01 23:55:06.608682+00:00
4d186762-2ad1-4d5c-9a34-344cbd6e015b,27d2daeb-1d42-4d4a-8791-017ac45bd819,5593.6,2026-04-21 06:04:33.884410+00:00
aed4ad8f-1d8a-43e6-922b-9f9b00fe1d14,2ca4a73a-0abe-41ba-9585-64e37e3df52b,5261.21,2026-04-24 03:39:42.549843+00:00
b61f5b1a-47e6-44f0-b881-530fcbf3b54d,a6a6160d-804b-4887-9d81-0039ed7ae7e2,6912.74,2026-05-08 15:40:43.813371+00:00
045a4065-34a7-4006-bc49-2616c675fa06,80d1c449-34b5-468e-b7cd-9005fed7f625,3623.56,2026-05-12 04:50:59.117367+00:00
38a42498-031b-442f-a0f7-47014902d5ab,0be1f04f-2648-40f3-9e3b-89729f667707,2086.68,2026-03-27 00:57:26.895175+00:00
2b332ab2-d41c-4280-97f2-3d6e7718cbbc,d55d8637-a2f1-4780-bacc-768e4670ce1c,10.0,2026-04-03 23:18:33.167437+00:00
ddadf59f-265f-49d0-9d20-d38e9100d903,d73c7d0d-6073-429f-b750-4747a3f2eb93,1887.76,2026-04-21 15:54:47.387918+00:00
359df1f2-a992-49d0-b927-f300a8fd4c56,c1f6b882-eee1-4e08-aaf1-b738bf577344,1715.78,2026-05-30 00:24:18.801226+00:00
ec0b5bb7-013d-46d4-af4a-4a0aa9ec1d03,d8da03f9-9c87-455c-87c3-51072238572c,2996.09,2026-05-14 10:19:49.009709+00:00
be68d000-774a-418f-8584-53c608652890,e78f513e-753c-4b1e-a795-b11bc0aa6b70,586.06,2026-05-30 23:00:36.659447+00:00
04f0a26b-5b39-4b64-9b23-5ff394e496a9,c5624ee5-b5d7-471a-90ed-dd68a367fd33,428.06,2026-04-18 06:25:15.745076+00:00
469228a8-91a6-438e-bb1b-3bf1ab78d147,52a6187e-68ff-4499-b7c7-4783355febf7,1253.31,2026-04-25 08:20:18.917894+00:00
8507744b-60e7-424e-a669-aa582c44bd6f,c9c1a8c7-7bf9-4b4b-bce1-4ee8680acf04,871.63,2026-05-29 19:24:14.413698+00:00
e9023f35-67f4-4727-a4b6-8a0ae820b724,21182dad-564b-4ec0-9c22-9a26aa4436cd,308.48,2026-04-24 09:27:15.618949+00:00
2544ac33-7a7b-4da3-8e19-ee0f47cdd6c1,9d2dd923-0f79-4cb5-8451-acf116dfdf03,56.74,2026-05-22 03:40:09.841030+00:00
9e8e9c87-5680-41c8-885f-6082fd243167,17366389-42aa-4515-8963-18bb05a5369d,497.44,2026-05-27 09:29:53.895448+00:00
36e2e6d4-549f-4ecc-a6e4-d7209e797c8b,364bd682-73a8-405e-95c8-78217dd65c6a,405.92,2026-05-31 05:57:08.139569+00:00
c297c673-9b78-45d2-82a1-5f02a223bed9,1d44287f-f79f-43c4-8679-f3f30ad1511d,792.36,2026-04-08 17:22:39.738665+00:00
f0409ac4-d5b9-41c5-ae5a-4f94d589e373,fdc722cb-42f8-4d26-aa25-4adf3371fb90,2005.0,2026-05-18 21:31:16.578222+00:00
97aa28af-428d-498d-b415-a7fb0625c352,fd18ccdd-994c-4873-8a50-4bb797854187,3083.5,2026-05-11 16:23:41.551909+00:00
6d98a19c-e568-48a3-954c-3c747c2b25d5,6d370db4-d7ff-4e37-bcc6-0204a1b730a3,4966.52,2026-05-12 00:53:17.198754+00:00
6f26a0eb-2f3b-4d1a-8306-838770c78af3,f865a928-292f-49b8-bba5-2b84134dfff2,10.0,2026-05-13 23:55:33.857125+00:00
e61fa5bc-d37d-4ee3-9ec9-690a9cee9c60,526310f8-1d5b-4e38-bd09-b0a27c48a443,4673.63,2026-05-15 16:56:29.742270+00:00
d4456d33-f405-4a29-9918-0d0dfa5b4869,1086c32e-e9e3-4509-9f98-049e31ffc109,2176.22,2026-05-16 11:24:27.031318+00:00
696db2c2-3b55-4da6-9ea4-5bff96554daa,464896ce-027a-45ef-a17a-1f4ddba1110c,3616.18,2026-05-23 05:03:20.673164+00:00
dd9400f8-d4ce-4733-90e0-bfd62c29be5e,54d5a0c3-2790-4014-9a21-5dc3023d6ec3,959.04,2026-05-12 09:38:05.793799+00:00
3aafc03a-bbc9-4289-9b03-8b4ebb63ea3f,15f0cc3a-b488-4637-8da2-76a6883400f8,844.17,2026-05-12 21:32:07.247585+00:00
a63b2013-307c-47d0-a581-e15590552ba7,98ee5ab9-cc6b-496c-8e5f-29ffa93330f2,693.3,2026-05-18 23:31:57.689042+00:00
22f5d1cd-f7d1-4d94-8207-dc9680e067ef,8033342e-32ab-4d6c-80c2-78e3043d4613,4506.83,2026-05-30 15:50:40.229031+00:00
fa4c4597-a148-47b8-9f16-9294c048ca75,27481092-7176-4beb-845f-e9ddf32d92ce,720.7,2026-04-26 05:26:53.277481+00:00
7db2a554-f3cb-492d-8969-60190da6b1e1,50f9cb05-81b1-408b-b01b-34aa9a81e853,404.98,2026-04-29 12:06:35.181397+00:00
095868be-ce83-441d-a80a-38e897abce1c,48d24cda-ab77-444e-a3b0-d875475f7d80,234.45,2026-05-05 15:04:35.079176+00:00
7543ce15-7834-4ec1-a321-ac38f51c7c4c,b61e98f0-dd9a-4bd1-a36e-3c33675577b5,3309.11,2026-05-14 21:21:09.466397+00:00
455ec180-9f9b-472f-9539-faf5fad435ac,fbb9abbe-f6af-4083-8156-cee05a87da82,1051.94,2026-05-20 20:55:20.409318+00:00
f8bb5961-ef9a-4369-95cc-f5b5c542bb6f,f409ed25-ff91-4eec-adb9-9217873b74a1,2679.82,2026-05-25 05:11:20.273637+00:00
3416376a-58d4-4595-a2d9-59d91a8bd3c0,a9ea1290-5650-47f2-978d-40d6164be469,1121.98,2026-05-28 01:48:36.001894+00:00
e11a123f-e87b-4c9e-a6b8-c44790bc5d6e,c6d10bc5-56db-453e-8eef-1974ba38f3d3,1810.62,2026-05-29 16:39:34.149665+00:00
5b157764-87cd-47a7-945d-5b61fb1c95d5,308491a9-af1b-4a5b-b895-a432b1db51ee,2506.22,2026-05-31 03:46:53.578714+00:00
9803f77d-47af-44b2-bb61-1cad67c55e82,598e4b56-8eb7-45c3-8260-551a98b04c89,5601.11,2026-04-16 05:36:24.679392+00:00
9ee9f2a2-f18b-4fe6-9425-c771357090c2,7df26cca-e7f9-426b-8d06-895898c832a1,3139.35,2026-04-20 19:01:55.314074+00:00
f129e4f0-b895-47bd-8fd9-7a6be1139d40,da355c97-8275-48b9-8f0e-6f94588f6632,2650.64,2026-05-22 15:31:32.927971+00:00
26092966-e40c-4f31-b7d0-198ef2964292,88ed676e-a227-4485-ac16-011def85a9b6,2836.44,2026-05-26 05:52:08.419663+00:00
e4b25975-bf35-49d4-8bfe-5f7ef91a37a4,382dff6e-d968-4ada-8879-c4432a31bfa7,667.34,2026-05-11 02:35:22.142058+00:00
128b10f3-e313-4278-8f76-79e42c13d327,86eaf94b-7910-4cbd-9f95-0251cff8a1bb,2267.7,2026-05-19 15:29:35.595822+00:00
b1c08b3e-126e-47fc-b42e-84b4d5b7f61d,4a1cb519-8d5c-49b4-a57d-14c190627e7c,2249.12,2026-05-11 21:21:54.525115+00:00
440f48c3-d520-4db5-8db8-d3c5e262fee6,13938528-0615-40a2-851e-b5cd0747a8c8,5888.26,2026-05-16 21:31:52.988936+00:00
7df95c6d-9c5a-4d68-8091-a6b9216b1a86,9455114b-87ff-4d51-b214-eb9c3ca4b299,2921.04,2026-05-22 13:01:18.553148+00:00
0e7f6216-d7db-460f-bb3d-97fed4d779dc,4948e523-d3d9-4abb-ab8b-fe7814b13b6d,3827.61,2026-05-22 23:01:46.444820+00:00
709fa24c-b692-498c-98a6-a7527d004332,070249b6-f0dd-4714-a817-e16d2feefadb,1866.53,2026-05-28 05:20:16.388656+00:00
96c32a91-7c13-45bf-9ca8-a8b683cdf6fc,ab30d8f6-3574-444a-ae37-32918075d9e9,797.26,2026-05-15 22:27:31.782912+00:00
8e904ec3-7579-4756-aa6b-74e9aec24c0a,3249de32-3ed3-4931-b838-eba35fd801da,408.27,2026-05-20 23:58:05.889477+00:00
825c9921-a358-4f21-9dac-3e01d4f598f5,2aa17550-3211-476c-99fc-3e0c47d4e2b7,972.77,2026-05-21 07:20:41.512432+00:00
e7408e2d-e074-4be6-bec6-106c13149701,e74b38bf-5f9a-4473-b646-4ee8105dbc78,395.07,2026-05-21 14:48:09.276476+00:00
64bfbc95-e1c1-4aa5-9dbf-07ec431a474b,ef2f3927-5fdb-4dbc-af68-91d483a91c1f,434.04,2026-05-27 03:08:12.736447+00:00
c4aeb81a-52ad-43e0-a4ab-bd68680321ad,8d3d1068-b3db-41a7-85cf-34281b203ddd,1182.95,2026-05-28 17:53:58.215586+00:00
7786c307-0810-46f5-a07d-da59f994a689,bad8c885-bdf8-47c4-98f9-9ac7629e9b62,305.73,2026-05-30 07:22:16.813475+00:00
653a9459-23bc-4418-8ec9-f446e13ddb2f,1c8af956-bcc4-46d3-be1f-cf316f94c77b,172.04,2026-05-30 08:00:36.732041+00:00
29a3117e-e5da-4406-a736-3b73f620d31f,12af11c2-f49e-4907-bad1-b077edab1fa9,356.13,2026-05-31 00:31:02.509945+00:00
f8ddab66-4009-4659-9e9b-349f3ad0d0b0,cfda854c-7f60-4cfd-bfe2-b4f2d167c10a,342.93,2026-05-31 13:56:32.664683+00:00
7aebd340-8802-410f-b198-883826fb78c7,33f8f3b9-1a6d-4065-9fcb-f89668fbcb8f,10.0,2026-03-14 22:54:08.372685+00:00
e1887ac9-a55d-4c1d-b6c9-f25a0a2bbd0d,4ddf741f-7843-41ce-8a4b-60043f6a39c9,758.65,2026-04-16 04:53:11.354618+00:00
dd5ba337-ff34-4101-86b2-10ab6fd7a2b9,da7b165a-6a76-4989-beca-7212f18f924c,1973.67,2026-05-13 13:12:03.400854+00:00
5eba6d00-dd77-42ed-9c79-e6f196cb6c8b,35be9421-d7c8-4b91-b287-318b32491016,3089.43,2026-05-17 14:20:30.631632+00:00
c925cae0-1817-42d5-8f8f-39bb482ad70c,284d5e87-6b8d-4b54-824c-230363836c91,868.23,2026-05-26 07:13:54.679143+00:00
dbe52329-1b98-4bda-9e19-9e05a975f938,104818ae-3ac3-40dc-b5b9-65b7e4b9d3c3,1442.09,2026-05-31 03:38:28.136815+00:00
ad1df302-4a51-4725-8c11-664a588f294c,3fcc7e69-476d-46fe-9e3c-76e2da71a16b,842.13,2026-05-07 03:46:26.585772+00:00
d0b4fba4-0e15-4f37-82d1-f76f81ca53d3,b112e830-d353-40b4-9b31-7f0e4a44b010,765.85,2026-05-28 21:07:03.707414+00:00
ede01ac1-89c1-48e5-a772-f006f42e9cf9,d4f71a31-b096-4ba8-bdd7-8829c4737b29,1966.05,2026-05-30 10:11:17.192548+00:00
fb303386-71e3-4ab2-ac2b-6352b58e11b1,972095b7-b96d-4f82-9fc9-99153b061cfd,815.08,2026-04-22 00:34:14.699302+00:00
f56bbb76-c413-4030-883f-09b82647be67,c0a71baf-56bc-4cdb-8be1-8eb1aa33e0a9,2402.69,2026-05-02 09:55:36.070869+00:00
d8178860-2eeb-4485-9338-01d0eadbeae7,351fe606-75fb-4445-a2c1-3ededd65d28a,996.83,2026-05-01 06:27:34.288315+00:00
3474198b-2979-4d33-bf06-3f010a1686b0,deea4a7a-d61e-44c4-a6cf-cbac82cf2952,567.33,2026-05-06 01:22:56.343136+00:00
ba381abc-3678-46c7-8a54-010099176068,3032b2aa-06c2-430c-affa-5c9cc3159f9b,1079.26,2026-05-05 16:08:36.530896+00:00
20800099-c77e-4f33-84a2-85a1b3307885,b628047b-ebdb-4f96-897b-db3b5decffa9,2118.58,2026-05-10 12:42:14.987573+00:00
0a38df37-82e9-46d0-b428-ba810208e9ac,bb8e5889-980b-4ef0-be10-091a28ed5620,4972.1,2026-05-13 02:51:17.010655+00:00
c0613cc6-5dd2-4b4a-ac4a-b70ef9a2efad,ea09e85e-7a17-421a-b4a0-30dcf621475e,3471.36,2026-05-13 07:44:24.847291+00:00
b4784f74-b0d5-4247-af55-70ed15f13c9c,ec96053a-9dd8-43fb-9e60-2b590065fd46,1164.57,2026-05-17 13:11:53.442827+00:00
741a054c-76a6-4474-8b8a-24bedc46e468,9ba48013-33e1-4a7c-9a02-fcf722c113b9,4593.32,2026-05-23 05:28:53.549383+00:00
985ae321-bf5b-416a-ab97-d7806d89508e,c2911d0f-10c3-4009-80eb-ea0ccd56c6d0,916.56,2026-05-29 04:22:46.503417+00:00
d216354c-5912-42ff-90f2-6c77cc5db958,c136a8fe-b4aa-4c29-8dac-027c79168bbf,2159.19,2026-04-28 18:46:21.701144+00:00
fb4acefc-deda-4dbe-ab4c-0df9c22455f4,4f8e669a-52fd-44fa-84d3-2f9fc9d3b4de,821.14,2026-05-05 17:01:19.884111+00:00
7acfbf6d-ce96-4fd2-a2e5-7520bd589329,d2dd91f2-bf09-4cd3-a726-aacecfbec753,2874.15,2026-05-17 03:20:05.197922+00:00
6077a462-88aa-43e2-87b0-29f23289fbbc,b7d397fa-9c4e-4a5a-a93d-b682a81d4ef9,10.0,2026-05-17 04:40:12.886582+00:00
313075ad-3929-451c-b368-0ca2a6865a40,fa71274a-548d-487c-b4f5-be70d27e9e61,3356.36,2026-05-17 11:39:43.591447+00:00
579185c9-2f93-4938-b5c9-51de9ac683d0,7fa83127-5390-4272-8a2e-e6c3ec01b211,10.0,2026-05-06 16:18:20.792404+00:00
8e89dcf4-ae24-4065-bd9a-c9fc43fba73f,73d2b512-2458-4356-9931-58a22f83b8d2,7421.01,2026-05-24 07:54:22.120122+00:00
4be5cbd0-7013-4a79-8ea5-9d1a0bc2030a,5ae53dac-50d0-410a-9304-9171432cfd46,4418.87,2026-05-26 06:36:20.358902+00:00
926374d6-ac42-4a96-8a55-915c79805594,0b815538-9a70-4e3e-bb3f-de88f31eda1e,4329.6,2026-05-24 21:05:36.255796+00:00
562628ed-e687-4020-b5d6-f34c97a7096e,091cd850-adc3-43d8-8c86-b1a28799d855,3066.76,2026-05-26 18:55:12.751943+00:00
17058555-a61b-455e-b743-08dc9f314d93,3c732b8b-586b-4581-8ba0-d8f4141a4cff,3400.02,2026-04-17 06:56:26.587430+00:00
cc7a8bf9-dab5-4e10-86a9-271deadd5d4c,fb7e5067-b168-449d-958e-57c6f633c51e,543.33,2026-05-21 06:07:39.210128+00:00
262685b7-b3f6-496c-8396-8f800a9d9406,bddde6f2-5815-4883-9355-42c4d71e8c07,4723.46,2026-03-17 09:54:22.122485+00:00
198ed810-313f-4739-89a8-2940e813b8aa,c981f1ec-258b-45b7-bcec-2d367061795e,2621.59,2026-03-24 04:55:18.997316+00:00
d6a636a3-f0d9-4ada-a0b2-d2aeee192fcf,a19428ac-d0be-4a92-83b9-ef40cf11398b,1723.03,2026-04-24 05:29:49.545393+00:00
8419bf9f-3c88-455c-b755-ca2665b6f9e5,8f76ac68-639b-4964-a053-1a71bcf0758e,1431.19,2026-04-28 20:44:28.886708+00:00
46ad829b-51dd-4bb9-bf26-ed3859f86365,1cec68de-431e-4f2a-989f-80b2fe4af169,2746.21,2026-05-03 22:05:23.874386+00:00
fcbb8c31-1b93-47a5-8448-1e5274871428,5e028efb-edc0-4b3c-a6a2-b8f2402ecfaf,3016.87,2026-05-14 01:41:54.701639+00:00
aaf0903d-ad34-412f-8c08-3f7cbdde753f,eec7ba6d-45e5-4fe6-938e-1a876f4d03d1,1206.35,2026-05-24 11:47:37.268812+00:00
36f8bf47-8b89-42fe-ba72-88972caadfe4,03cc352a-509e-4e13-9a73-eb50d40eae96,1383.58,2026-05-25 16:34:11.461816+00:00
13dcffa5-a5c4-4509-a30a-931b8821dbca,3ba2020d-dba9-4a1a-9157-508aad374b8a,1585.9,2026-05-26 21:54:26.009659+00:00
6dee626f-6228-4f6f-94dc-70f18d0dd717,4d88ed5f-a4a0-414e-801a-ee7bedf663d0,2321.96,2026-05-26 23:43:53.454799+00:00
b26a5de4-402a-48bd-b8f0-36d8049ac785,26314b67-fbc0-4f3b-9b37-7c1fe6d32025,3067.93,2026-05-28 02:01:28.156951+00:00
2ca35fc1-1d62-4232-8593-8c0ac262babd,12dabed3-fa9e-4f2b-b151-53deddf99105,606.16,2026-05-26 10:01:29.101611+00:00
066b5596-5eec-4158-8d56-ab81c4ed149a,76e210df-ef82-43a4-8209-12d2828973dc,945.31,2026-05-29 03:24:50.785829+00:00
b9f1f925-8fbb-4e1f-815a-dee41718079b,155ee576-92df-4d6b-9a1d-9de640c22e47,559.48,2026-05-29 05:24:31.477242+00:00
ee27d663-152a-4011-87e6-4333b6e9f05d,6f606443-69ca-402c-9578-f72213f5f2e1,1082.33,2026-05-29 17:16:15.823740+00:00
c20de862-bdb2-490a-bc5e-0c8d1843ceb1,df302995-6de3-4ecc-b9d3-9a31988f587c,901.29,2026-05-30 00:47:50.004947+00:00
7a2f74ba-2a59-47e4-b6d1-eeb2ebe7d92e,70b42aab-3f25-4850-af5c-741c3ae9c1a5,5478.31,2026-04-01 18:02:56.066456+00:00
1aa524fb-d96f-491f-9400-e96b5a132ca3,01810534-fbc5-4715-9853-34d78ac828d7,2663.52,2026-04-02 17:01:47.802449+00:00
d3da3497-323c-4503-9dcc-fd507ff45cb0,89bc80e5-61df-489f-b4be-8158a91fa436,3395.21,2026-05-02 20:37:53.958185+00:00
727c0bab-d1b5-4a46-a3ac-8a9739592c97,52cb4025-454e-4ad6-8fd7-cfb086063928,4149.09,2026-05-03 10:41:39.294804+00:00
1f8f1b69-593e-4b97-8d24-387d3aab76dc,d8530fa8-a38c-4844-bc3a-62b6d1e980d6,1829.54,2026-05-06 13:14:20.782173+00:00
e423a004-d293-4c2c-8e4f-5fb0c776be45,37e96e0c-abc1-486e-876f-4b3063f7d2b2,5139.92,2026-05-08 08:08:56.512458+00:00
c2572a5e-e408-4778-86e9-eb111fbcfa58,a1cedcad-e30d-4bba-9dbf-c8bbd0fcc8cc,2904.66,2026-05-14 16:47:24.200763+00:00
a45619ec-5941-4c69-8b74-c317801b6b2a,83808adb-335a-4437-ab17-0e5f34e68954,3494.62,2026-04-03 20:47:17.885677+00:00
033486be-2b04-4c19-b2cd-a2efcee8801f,da2c9859-b91d-4b7c-b3b0-d06416269eba,1788.05,2026-04-09 23:38:36.912785+00:00
2c61a38b-637d-4a1c-b85a-f24d4bfe02c5,f9a97c91-7eaf-41da-8a00-db72db64639d,768.35,2026-04-14 02:26:39.694026+00:00
6a5075c1-76c5-43a3-8d59-cf9cedc2d27e,059c72e7-de06-4400-a161-a6c0722e34fb,1428.54,2026-05-11 11:15:09.240938+00:00
52afb082-02f4-4f5b-93a4-631c33797fac,9280e815-7911-4021-b80e-f9df6ea7c9d3,697.35,2026-05-14 11:51:41.858408+00:00
527a3264-d939-4fba-926f-d81912933b49,e5acafd9-9235-4400-a8b1-ea4a419fa75a,6432.29,2026-04-12 22:41:23.697016+00:00
7d70ab44-56ab-4e3b-bb6d-18af2e27b74e,23cf0a92-6d39-480c-9b7d-3f1e8bd02892,4140.76,2026-04-19 13:21:45.266730+00:00
2f6968a3-e349-417d-972a-e346960d163a,017aa115-42b8-4b08-ac48-f16a4b39c4e0,2531.32,2026-04-20 22:44:55.334481+00:00
a4512a38-e1b2-427c-84a5-c3498ed7afcb,1c7bdc80-bdb3-474c-9de2-e82db1aece4a,1736.64,2026-05-15 23:13:32.594013+00:00
c86428cd-cc6a-40af-83b5-a4232902a7e6,562531e3-9da5-4203-b850-2db30351ebf8,1216.72,2026-05-17 22:11:28.279921+00:00
5a9a158d-d775-4dc8-bebe-b9e5bd7f12a6,7a784d89-7d68-4088-b039-00c9670e5fb8,7906.04,2026-05-20 08:24:27.270623+00:00
c5093129-29ef-4f9d-a2b6-5901d5ada7e7,8a5badf6-ef73-4495-9a1c-a40aa406a15e,937.27,2026-04-11 06:19:00.856390+00:00
b602d99a-cd56-462a-99cc-3713a2ac6414,0df640a8-0849-42d5-b653-68f89d06dc82,1020.2,2026-05-05 07:40:07.242787+00:00
9768ce5b-fcfb-4f25-b0f1-0b79c3873289,773b3ac5-0bd5-4ebb-91ee-9449638d6f5d,1235.78,2026-05-06 06:34:10.477681+00:00
7e22aa98-403e-453e-b8ce-ab8561ed28b1,2d92700a-6b8a-4d31-825b-d21e9ab0b148,476.34,2026-05-08 09:41:48.961424+00:00
0385105a-0d56-47f6-9bdc-beeae30cbfdc,926a2971-5c62-4a7f-a763-85cb8e79a179,391.82,2026-05-12 13:16:16.490086+00:00
d8075d05-c3bd-45ff-9af2-8d51df38060a,92530462-453c-4ce4-9415-3b05d2b25c1b,1183.51,2026-05-14 09:48:13.686356+00:00
c7716684-e3e8-4808-914f-d62a0bec1eee,3b493494-a981-47ae-8e35-2c9e90f0d5b4,579.22,2026-05-23 16:05:49.238122+00:00
2e60892c-e6f7-4e74-aaeb-757c961df9ed,5ceefac9-c54e-4848-8c4c-6c822c3b22cd,3357.26,2026-05-01 21:50:24.582835+00:00
d1b3ece7-82c7-4df7-8edd-b6c6b5052347,2535e312-60c3-4d53-a565-5982d2c01404,4557.19,2026-04-28 01:04:30.426284+00:00
84bd911b-5ebb-4292-b2db-b278715f7c8c,4f3b1cf2-dc3c-4f61-9735-1e2bdd99bae6,3959.66,2026-05-02 22:48:22.215149+00:00
7eb352b9-211e-445c-b1f9-21858ac2317c,d0e83a02-300c-441e-ba43-aa6990d26c4a,2564.3,2026-05-08 03:16:01.057005+00:00
8760f507-a0f1-4cb2-bfb6-a516799a5ae7,b9fb614e-6933-4b66-b83c-838b457d5112,4476.77,2026-05-14 20:16:37.778950+00:00
f675a4c5-4108-4e5d-bfe2-d7c6c8dce8e4,770210cf-1277-462f-825e-58a23ff98c4f,301.21,2026-05-18 18:34:08.019107+00:00
954bc4ba-82a3-4fb5-a31d-ede8d53d1f4f,1891fe8b-3ac3-48de-b899-7e70a7f3ccd9,1925.85,2026-05-30 16:29:13.428713+00:00
58d6700e-85b3-44da-99f6-76420e9e01aa,ee191491-10d7-4f66-b575-7b1bc68a8e49,177.34,2026-03-16 18:40:20.044996+00:00
0732c846-b076-43b1-aa82-336fffd07427,311ccc9e-b36e-4c50-a4cf-4b4275587452,656.49,2026-03-28 15:10:18.959398+00:00
a408c5d4-8f99-4c62-aff6-3bb2384e670d,9fc36f82-5d2f-4953-963f-9a6403eb2812,625.86,2026-04-07 05:55:48.573963+00:00
8492a0dd-d9bc-40cd-bd5b-d04f1ecf1a6a,47404f5c-1940-47e5-b9f2-5cb836864c11,331.28,2026-03-29 18:50:00.027136+00:00
54ba62e8-2320-4661-bba5-c524b24ec539,7083a784-2ec8-4af7-9670-4819a01c8cec,410.39,2026-05-27 12:39:26.656516+00:00
66e8313c-9d92-4dd0-b180-c4b9fbba2773,f55995e8-ce95-4ffa-b706-2d6fb442bb62,1334.26,2026-05-07 21:27:59.734165+00:00
ceca8d12-f20f-4d0f-b13f-6d439cd40040,55d1f0d1-7531-4471-9d27-8daa0963b790,1864.21,2026-05-08 17:20:44.273513+00:00
9670477d-5519-448b-be17-ead67477b00b,9751a2ec-b347-498d-96b9-3a20f7636451,1578.14,2026-05-11 03:06:37.136277+00:00
31621fc6-8dc7-422e-af58-1702c5fc5597,bfc5e1ae-de60-4657-81b6-5b63148bc325,1625.96,2026-05-20 07:23:37.010388+00:00
c9d6bb3a-9798-4037-a14f-5836bed3e92f,a67cae2b-18c3-45c0-9f6b-5feaaef96afb,1341.92,2026-05-27 12:55:26.767509+00:00
26d3b5d4-a581-4bba-bc1e-978565b90438,e0bc7983-f10a-4476-b334-299b712f1ace,4649.12,2026-05-22 12:38:01.109362+00:00
008c4aff-bc9e-4353-982b-30dc9a2f2f47,1bd55bb6-3971-4f22-be5a-d791587291b8,3324.52,2026-05-22 18:45:45.833579+00:00
3715dfd2-4d41-4c96-b60e-eee041d9337f,b90786f6-9d91-4ad5-a925-20eafac2d21a,903.29,2026-05-26 17:36:46.460273+00:00
b9118e70-a3e7-44bb-8d33-c03433bf90d7,70e3ea97-9f60-424a-9fa7-5ba095732c40,2738.73,2026-05-25 23:19:00.775982+00:00
55f13559-2e90-4b73-ba5d-4b71d90965dc,ca536251-1890-4d8c-a2a0-3f9cf0877fd0,2222.5,2026-05-26 23:55:06.971904+00:00
1291fd28-218e-4110-8f42-789a673a8b82,c6838e37-8af2-432a-a823-80342a76641e,1037.95,2026-05-28 14:37:08.751078+00:00
f1097ae5-f0bf-44cc-bf86-27d8904fd227,a130c589-0001-42ba-a459-0b6dc604e34e,4572.57,2026-05-28 18:58:57.982453+00:00
a4760f69-fd5c-46b8-9363-0463cefc867e,9c1da362-4fbc-4a3f-9c46-fb7a04d016b5,2310.75,2026-05-31 02:37:01.081458+00:00
763d58d9-2ab5-41eb-9b4f-b7c1c39c9e37,28c7ec83-f923-42e4-a093-28a7139ce63c,1287.38,2026-05-31 12:41:33.949658+00:00
cf027860-e305-4796-95a9-386439ecfae5,931a3fd5-eb14-4c11-8976-3d4abe2f4fd6,5367.04,2026-04-21 03:37:10.962925+00:00
41bed728-d991-443f-8a4a-c8b2dcafa680,e7a0bffb-76ff-4142-b62b-c5cb9b8c4fb4,3331.53,2026-04-29 12:50:00.973830+00:00
e0edbf38-6f73-406a-abf8-149136c89ac6,1b5bdded-7a34-4f1a-9a04-86b15a9491ef,829.5,2026-04-30 15:39:38.575273+00:00
b0e9e766-5f6f-4fa8-a732-0ea6d7ade012,b4bf98fd-b692-4e85-bbee-cb4ffc6d9aac,3268.4,2026-05-01 04:41:33.772263+00:00
486be8bc-cf1f-4b4f-ad19-1e7303c8da20,76fc32a8-a53c-43a7-b938-741ae9d9d6e8,3755.1,2026-05-06 05:56:01.862748+00:00
48167562-4e63-49ef-a1c0-2dbed633524b,ceaefeef-fd6d-4a2b-a237-c3f88a12e94a,538.15,2026-04-17 06:40:06.425113+00:00
cebcf96d-fdd5-4f32-a82e-e11efa463b37,e2553063-37c6-403e-b5b0-72b6dcd3bf8e,30.93,2026-04-20 16:01:52.915875+00:00
8ce3e88b-4075-484f-8689-feaad2b44bb7,deed4e41-3a87-4740-a916-6e1c46241962,382.93,2026-05-09 08:04:47.408056+00:00
449c85c9-8451-489f-baeb-bf18617027bf,a2213714-2b0a-4764-a395-d7942396b7d7,698.8,2026-05-14 08:52:27.739595+00:00
d83cc15c-8685-4676-82df-a5c1c49207f7,407e12d5-5120-41b6-9c90-1d4d10ad1a73,1618.11,2026-05-23 14:08:06.135492+00:00
b17a42cf-6626-41e3-b427-b03c4bd5e50e,67ad8353-78e3-4364-a375-edf3d977c9e1,1330.0,2026-05-29 11:27:16.095533+00:00
68c46c83-9860-4a7b-b502-eaf39f2f96ed,eddd3c7a-0499-43d3-92da-f07d9f7ce9a0,1047.59,2026-05-30 20:30:41.590247+00:00
722199d5-57e4-4da7-b8fb-b7f6c725c94c,c9fac219-87b1-4229-b75a-28949b64ee01,260.44,2026-05-09 22:38:20.336939+00:00
24ecdbcc-2092-411a-a261-88643fb53a45,77de63c2-89cb-46b6-bce0-3a9d369d3f90,737.62,2026-05-12 06:06:47.700663+00:00
46296bb3-c837-43ec-bdfb-68c33fc6614b,3929392b-4bf3-4165-a3b0-97cb107fb43b,450.01,2026-05-14 01:28:24.331452+00:00
529162b8-c9e7-4c97-aad4-c67a940865cf,545aa84c-4910-463a-9e18-f96e40112140,643.03,2026-05-21 06:09:41.327010+00:00
c40a953b-055c-438e-99ea-0b3bc2344e0b,733bf6d5-c92c-4599-be19-25c30c838b30,461.42,2026-05-29 14:57:41.530446+00:00
f9e2afc8-0dda-4d7b-9253-53b217612dd1,3309a893-e171-4383-9945-d5d47ee84511,749.54,2026-05-29 15:55:39.219188+00:00
c3bf5c19-78e9-4d46-9ccb-503ac817c248,9fa1e8c1-84be-4d60-8d75-e3969bac5d94,773.08,2026-05-14 05:28:34.083848+00:00
9a807f27-562d-4daf-9df3-30ab73311010,7c067762-c79e-4b4f-9d74-b71a167b8156,261.85,2026-05-16 15:47:14.162407+00:00
59612634-9162-42b0-8843-7fcd4e333f44,235f800e-e706-47eb-bf15-3068fb8dbadf,434.29,2026-05-24 14:53:52.958026+00:00
189f2281-be51-4753-bcd6-648ccb3fe2fb,e6be9b2d-0641-4d4c-983e-aaf5584eccaa,639.98,2026-05-30 08:48:13.316475+00:00
4dba46f6-8562-41d9-857d-b7a46107dee1,479620a4-df25-4d22-b906-3738e0f5e2cb,244.76,2026-03-16 23:56:49.682160+00:00
64d73a2c-b0fa-4ef7-a617-762eac7d7aaa,7d420c26-f53f-4265-bf0c-cf4724a90f24,631.34,2026-03-20 15:13:14.986359+00:00
3286e660-e749-470f-9b47-00e38cdb3afe,0a3c9cdf-02d4-43fb-8f63-3dc5ff21a776,478.34,2026-04-02 06:16:14.653556+00:00
bb0f9a00-5d78-4e4e-b2b5-616b7f9c4421,4797a200-9b9d-4068-91c4-821b9a7b4e96,489.16,2026-05-02 05:09:21.419539+00:00
28910fb0-8284-4503-b5f5-01f3107b6b41,69cef0e6-8160-465e-b67f-ff0e6d5a7b1a,912.09,2026-05-27 02:34:49.217675+00:00
3c7167cc-0b23-43e0-a8e4-42e52d007774,8cb339cd-8780-4cdf-aa73-c7495220605d,2757.71,2026-03-28 21:42:06.944178+00:00
ac286fdd-abe1-4e4a-a3fd-eeb9f8537605,46eba4a4-fba2-433c-96dc-d03537ea4d8c,3116.73,2026-03-30 17:18:37.874033+00:00
4ce1cb57-6acb-4a3c-a13a-5b502cc10002,3e2f0864-1571-4c3d-94c0-5da20e93070b,5322.93,2026-04-26 13:19:11.556290+00:00
5a9db98a-06aa-4c48-9661-3967c5c77aca,186da075-b8ab-4b48-bd54-cf9dbdddb6ea,13620.45,2026-05-06 01:22:32.694632+00:00
5abba32c-f095-417a-9c74-4561cd239016,d1e4d951-2505-4a93-90b1-f2b2fcc29af0,6593.06,2026-05-06 21:30:45.388657+00:00
97eb11fd-88ff-4fb3-ba8a-6aba5b377648,6496004b-26ca-4fe8-b6d2-9e4f67e9a298,4378.63,2026-05-28 02:04:33.201340+00:00
610e4244-00af-47ca-bcf5-a054c9ab2385,1f282082-8f12-4a16-bb37-8b0ad869f922,495.81,2026-04-27 05:48:37.630450+00:00
84cb3faa-64f4-46b6-b49d-8c59961cbe47,d70e5b5d-5b2f-4676-8b21-802af9b519d9,2453.9,2026-05-02 23:09:38.657941+00:00
05523dc1-a34c-426e-a898-091938d5a758,04426e73-68c3-41f4-ba34-6550c1288fd1,55.61,2026-05-09 21:33:37.363844+00:00
14a8e151-a6a8-44cb-81f8-0020dc7557f9,895e75e4-2886-48c3-a19a-fcefbff46d24,614.71,2026-05-25 05:15:00.437516+00:00
eba6bc95-7c03-4f08-b5c0-396b871a5c71,bcdfb155-7f56-4a25-8d55-cb121ac8cc77,3829.18,2026-04-08 18:13:26.913988+00:00
0aad7e65-bb29-4ce1-9be9-a00ecdd349d4,638c65c2-65a7-4e5a-b051-c9e0b6573594,500.93,2026-04-17 12:03:37.470437+00:00
cdcec919-d5cf-46f7-b0a7-b98453aa7649,20fd41f2-c1fc-44a7-90ac-5bcc9f1d0349,2473.53,2026-04-17 18:34:31.943966+00:00
55318453-a0e0-4c2e-8d72-6f0be827bcad,a5fac004-0e0c-46a7-84d9-b8095b303226,319.77,2026-05-30 12:55:57.781733+00:00
81553d05-f494-4eb2-a30d-7c6412f0b612,a2695853-9c2a-4137-93ce-fdd8d1d27186,3112.44,2026-05-31 03:32:04.959517+00:00
1ab4d6e7-ce06-4764-8158-4347568898a7,1c15248f-b7fe-4c2e-9493-3651cc9d0c95,3877.25,2026-05-24 14:11:39.242097+00:00
a15d052c-180c-4ec1-8397-a9331697f5a8,a31e654b-c8c4-4c0d-8031-8391cc197c7a,7367.11,2026-05-26 00:26:18.026244+00:00
68434ca4-c849-49c8-a28d-b8679d3b211b,206e1207-7eb8-442e-aed4-8d547c029c89,3020.36,2026-05-29 15:20:47.556195+00:00
9e55d925-5be4-49f4-8d3b-8d8653613d4e,7a6b1eb4-31dc-43c2-a426-e5b9eba645ec,425.75,2026-04-14 08:26:20.734686+00:00
921b4c37-289f-44d0-93e0-5d200befa123,dd62a948-0085-4e14-be57-a931c604dd57,4497.12,2026-04-12 14:44:08.740202+00:00
9fff61a6-e9af-4e49-98d2-c69a946b340e,2255b129-4f74-4c8d-b9ea-505f58fe469f,2187.05,2026-04-19 23:31:15.027336+00:00
a4bad7e0-c438-40b3-a839-808be87e6719,3b0021bf-103b-4242-9a80-c5c3555c933b,3491.22,2026-05-10 21:00:01.462034+00:00
74c84779-53fb-409c-98ba-74d9afac7b40,64c44f1a-b1b6-4c19-a2b7-499b028b5060,4079.1,2026-05-12 07:41:37.188571+00:00
e661b534-6b84-4e4a-9849-1779558edea7,221076dd-1184-4b01-a5d7-6e13df0963de,1965.02,2026-05-19 03:07:11.067200+00:00
35502318-81d4-49c3-a906-5ee5d26a3711,02dab5ad-9dfd-4512-8a67-bcd16741ea6e,1062.34,2026-05-04 23:33:54.549603+00:00
2ef54741-9a4c-475b-8c52-02c245b7bb4d,53053344-8bbf-4e1c-ae21-a6fcab4758a7,2145.24,2026-05-10 19:17:36.569222+00:00
2c2d6773-8e03-475a-a615-816305b82fd0,be5d6909-40f6-4856-9def-1191c600852c,1667.11,2026-05-12 03:53:49.861349+00:00
3a6d3a10-a7b7-4c61-8ead-837b5db56410,e7834e0d-99b1-4c7a-9e15-ebad8b980119,3465.53,2026-05-20 15:39:17.175215+00:00
65eae76d-71f7-439d-bd74-3127e84170ad,4c68a3c6-e632-4a1a-bb06-adccbe049197,439.41,2026-05-20 16:25:19.327240+00:00
6b20e0ab-14ea-4a26-bfc4-734dce2e33f6,e9c55168-fbbc-46d9-9225-6c074885ff66,2874.72,2026-05-14 14:09:29.336438+00:00
909f008a-4ce9-4e8c-bc82-6e8c5a8d118d,1e5070ae-151e-4b47-b406-00f4f1562372,1759.83,2026-05-25 15:14:20.553168+00:00
c9d9abf1-af98-4203-9c82-b2b9af68672b,e9031528-3e1d-458e-9a54-52b9166b9c55,874.91,2026-05-28 00:48:22.672489+00:00
1456b39b-3b41-4336-8de9-3834a2c34799,16249c1b-91cf-4184-a9cc-14eda3ec2bfa,1750.36,2026-05-10 05:00:39.557930+00:00
7648c262-8465-4e90-ae13-c77bc89a0e8c,d4f9e82f-2f2a-44eb-a589-eb09f8a89c7b,2273.18,2026-05-28 04:12:33.639665+00:00
c3992c3c-e97c-48b5-a5e5-2d1933fcd315,acf281b6-9fb3-4bf2-bc05-18fb21bc4e13,1222.61,2026-04-01 17:12:56.756078+00:00
8185b8a9-b1ac-495c-9b9c-53b72b1626d7,dac65c12-7f21-4ff1-90a0-021a7790d674,621.67,2026-05-11 19:03:48.239970+00:00
95f3bae7-21e2-4f0a-bbc8-ec39a8aeda53,90f6977d-f9cb-4af2-ba16-91c16d42d270,766.81,2026-04-14 02:04:24.087841+00:00
aefe644f-bbfb-4571-bbba-1e9b44eb6598,9710a00d-e181-4742-a94b-64d1c2e48b81,748.01,2026-04-22 04:48:12.602636+00:00
b672983d-753e-4b05-9956-d51429b651dd,0dc997bd-6934-4e75-a3aa-e4edf3077a4d,633.62,2026-05-31 04:19:45.685618+00:00
001c44d3-bee0-44a2-981e-bbf690d1e0ac,244a65f4-bd90-47f6-b620-ff7f86c917d8,1549.46,2026-05-10 22:31:17.970749+00:00
7ae089be-f039-4619-9719-4643acd62f3d,738143c3-4138-40b1-9678-9688b5658238,1302.84,2026-05-05 01:28:23.682059+00:00
6274d35b-fccf-49e3-80e6-a92dcb0d5d20,a09e6b23-f5d1-4e10-8a02-ffc92b46f993,2009.64,2026-05-19 01:03:27.405868+00:00
1d021ccb-d45c-4af9-b59b-09a1dc0e7549,666aed44-b007-474e-869c-ce9554a31e91,2003.83,2026-05-21 21:17:45.862338+00:00
6d5b1312-66a1-4828-8cf2-049203feeffe,ddaa4858-1a25-4814-b545-223f44905197,323.39,2026-05-23 19:54:05.097600+00:00
5cf7e519-f3a9-4b8a-b914-b367616084b1,d5941814-29bb-49e5-b16b-8ec9e646e51d,1973.38,2026-05-26 06:59:46.671530+00:00
1945ad24-ff05-4f97-9a24-7b988146877c,d4df3b55-ce8b-4b3b-b2c9-77f8487e4340,2219.81,2026-05-26 11:36:28.035816+00:00
8fc59a33-e710-4f37-846c-e8c6c72bbab1,3f241bd8-20ba-4d00-a93f-44df0928b6af,1702.61,2026-05-31 17:15:31.984587+00:00
2064f208-8c8d-4136-9834-77a668a3307d,1db010b4-5ce5-4f48-abf4-f57e083c5e89,1007.44,2026-05-31 21:43:07.137610+00:00
99fd9a47-0c26-4113-8e4b-c83ce5a3dfba,d03949ff-7ab9-48dc-92b9-a86bcc85f99e,522.22,2026-05-31 22:33:26.150712+00:00
eb7eb600-4567-4a55-8303-5520949231c6,ae7f0571-5254-4db2-9a38-c0a2ecc05680,2013.41,2026-05-31 23:15:32.922795+00:00
075de920-b9b2-4d1b-8b55-938cc3be2508,4079faae-5d13-4403-8c7e-85cb1a8fa921,2065.04,2026-03-21 16:55:45.916073+00:00
666d85aa-9de7-46b0-ae61-0b86755b3b5f,bbfaeab6-4f24-4055-ae25-d2b87b1fec56,2302.76,2026-05-09 14:44:26.022451+00:00
ef3ee2e0-d79c-424f-8507-c8162a9d4e18,3fad6c74-01fe-4006-92dc-ffbd2616f7e8,316.41,2026-05-19 09:51:14.857362+00:00
896cb3fe-6fb3-4ff8-ad4a-e249b38a4aa5,fb06a500-51f9-4a0a-a0d3-f79e60d826de,1394.59,2026-05-31 15:37:26.440353+00:00
d21af186-4b78-4598-95db-bfaca5d03958,dfdd15ed-59f0-4b20-ad5e-6d11e44fe0e3,2182.49,2026-04-25 00:53:58.311763+00:00
69a760c0-c515-4e4f-ae0d-9b0e18354e60,d487904b-1ebe-4697-8349-68f13b1b589a,312.86,2026-05-04 04:00:47.313964+00:00
fef4d92b-28f4-4241-bb3f-d2770641a1fa,c6d1ac0b-1a0a-4ab0-9d3c-f2e1f56c879c,25.72,2026-05-11 08:58:06.151459+00:00
0962929b-c4e4-4a65-b815-3e184ad906fe,aa2f1670-2abd-45ca-964f-f7a9348938e9,992.93,2026-05-10 15:16:38.340229+00:00
cd30e5ef-780c-4f5e-bca6-83ded4722b77,e591981a-d1b5-4bb3-b3bf-a845f58d5e23,1337.04,2026-05-11 13:08:13.420056+00:00
79164da7-4bb9-4708-bed2-781ffd789bb5,abd16d8f-519c-4636-b121-56ae8cbd4076,2239.17,2026-05-20 19:27:54.666138+00:00
cb00b7c9-56df-40a1-99da-9066a172a927,7f43aa1d-91e3-4d0a-ae91-bb3edab92ab1,2150.84,2026-05-25 20:09:44.261493+00:00
a1332d2b-58a7-47d7-a3b1-eeb6afd5bd36,13a2b689-af7f-4f05-ae55-a5ba0f606d2d,10.0,2026-04-20 01:54:00.791060+00:00
041c386a-9495-42c7-b094-92b8f2c2e192,94cbfc42-930c-4f7c-92d3-8211acb1b56f,777.79,2026-04-24 14:18:13.079710+00:00
ccd711a9-1ba1-46ac-83d4-7cc89cba408c,0a9746d6-0232-423c-9207-c947d8ba117f,1452.77,2026-05-07 01:53:31.538586+00:00
ce1f1b68-ec36-4a96-a4e6-bd1da1c83364,34b2000a-0666-4c85-9dc5-67f7cbcfd4a8,1021.72,2026-05-11 03:55:48.701587+00:00
a0a7caeb-a250-4f8b-ad5e-fc126db29698,2960350f-40fc-4e4a-9962-115a1752cda3,1993.61,2026-05-22 13:06:33.511940+00:00
6041067a-40d9-4bb1-8711-2fbcc931b803,51dfc6b0-d909-4c8d-845d-e22a950ff1e0,394.46,2026-05-25 03:07:35.766726+00:00
e8c1be68-8e76-4f62-b3c2-ee0957f0c004,63b0d6ab-6dba-468f-88cc-0100fefd454e,3753.43,2026-05-25 20:27:17.075057+00:00
aec46f1f-b204-4a5d-a762-6ebca9df7d65,e5c336d6-d776-46f0-aaa8-18edeeef52af,4131.4,2026-05-30 16:41:55.792026+00:00
dab41853-470d-4261-b3dd-43be298ba3ad,c28c164b-5ac8-4040-8173-f0e91ac1b7d6,3388.76,2026-05-26 09:01:16.287518+00:00
1cd7eae8-87bb-4a29-949d-cd4a29a6d922,834015bb-dfc2-49e4-96d6-e161ca7a5940,1137.92,2026-05-30 03:07:27.864760+00:00
30a405c0-8430-40cc-bb7d-cb6f5228689d,be407b19-0f6c-463b-bf70-3194f44bec57,2570.58,2026-05-31 05:02:59.950390+00:00
9b5d4f3d-7fed-47b8-bfb5-6a35dd533f3a,3a60fd22-905d-4f03-9f64-ecafcb920506,2891.38,2026-05-31 20:32:34.404578+00:00
c0ecba58-ecdf-4041-9838-cdd2b33240c0,eae4f328-3fa5-4b1d-8413-fb0034ff9230,2865.06,2026-04-25 11:14:20.035919+00:00
9c445a9c-4791-46f0-97b3-2fcc05ff9bd6,6b064e72-cd0d-4208-84f3-b38a6dbe6210,270.89,2026-05-02 00:22:05.929202+00:00
e327ac67-9308-4ac6-bd43-8ca8cfc34993,67eef338-c63d-4b99-be61-d34101ba93a6,676.06,2026-05-28 16:37:40.358901+00:00
1cfeb871-c33d-4720-b1e7-c2c60f4f4a25,2b75b29e-ee7f-4797-abf0-2b9d31aad03b,938.38,2026-05-30 05:47:15.992065+00:00
dae296c8-7c38-46d7-8736-d9ea0610b0ea,b7e33f81-496a-4925-b2ca-d7a628909d5f,727.43,2026-05-30 21:18:17.990318+00:00
44833beb-48ac-40d9-9fb3-78effd2a045a,e4955d44-469a-41f6-97ad-d646db3ceba5,1184.7,2026-05-30 23:13:40.048806+00:00
c101959a-039d-46cf-b32b-1ee3bc1ac81b,3c5ba5fb-1f1d-4d8c-af8c-3fda33f4fe60,1103.29,2026-05-31 12:14:33.110767+00:00
81b078b5-8649-40f0-8b83-61d6d24c01db,e1b47637-19fc-4ef2-b435-409f8c12d718,567.52,2026-05-31 21:53:21.243105+00:00
8859ddd3-b4c5-41e7-9af2-954c7835404f,0d24e339-83f7-4935-8d1b-c4c996a814c6,362.73,2026-05-31 15:58:43.190733+00:00
411638c0-e371-4dc7-8c69-0822009ef8f3,07725754-791d-4c60-b523-20c250d02802,409.63,2026-05-31 18:33:58.518991+00:00
532f1131-89ac-480f-b25c-87b8cc36e63f,f0dc6ab3-65c7-4967-bec0-7283433c489c,234.74,2026-05-31 20:38:59.665395+00:00
926e5ccb-e61e-444a-9776-d90289211d08,0ca98691-f92a-42e6-bbf2-d37dd3ce785f,167.2,2026-06-01 00:27:22.450801+00:00
0c49a76d-5c53-4a84-8c33-f1f019c96fda,231498f0-4fb8-4033-81f9-fc7ef345e0f6,395.18,2026-03-16 01:51:57.925780+00:00
632ce51e-841a-4599-adee-b2eb10f9a1a8,bcaeac13-c73e-4c08-856e-615aef907569,10.0,2026-03-22 17:31:40.895658+00:00
46aea8e4-2758-441e-b3cc-b1818d869e20,3ad716e5-10f8-49a3-a4a5-0c175e11c2c5,792.13,2026-03-29 22:38:25.348384+00:00
10e60ff6-ac8f-4f2f-9f07-7603b4be149f,6b59b845-dd8b-43bf-b98f-54a8e8b912bb,621.05,2026-04-15 16:26:46.390746+00:00
d048ba06-72ac-4e65-b437-0858623c3257,31de3773-1798-4b03-9b94-5f93daff5fc7,390.88,2026-05-08 03:09:19.162632+00:00
3cb1dac9-e1e1-4190-ab36-0657fd962597,354b94f1-7ff3-4e10-a518-0ceb7a01dce8,1456.29,2026-04-11 11:00:56.553502+00:00
62444518-8074-49ff-89e2-b1175f68baf4,234a8700-74ee-45be-acc5-6f47f086d690,6079.92,2026-04-11 16:47:42.334098+00:00
3df119f6-5e43-4a0a-9a4e-b25ae07ad95b,44710c58-a2b5-464f-bcbd-d3533a97023d,4386.85,2026-04-17 18:36:46.860083+00:00
d3bab767-a670-424f-a379-98ae008788f9,a927174d-13ad-4aaa-933f-7338d81038ff,3927.39,2026-04-28 19:57:12.139216+00:00
8fa9d286-4dab-4084-a5a8-f7baa366b76e,694960ab-46bd-499d-89be-8a55b8457525,2880.54,2026-05-31 15:51:30.263750+00:00
00c9f9ed-da36-45e1-bdc7-c2bca9215fb8,1d19a017-cbb7-405a-ae75-d6e91636b17a,2482.79,2026-04-10 04:32:32.978023+00:00
d9d7d480-3bef-42a7-8361-fc19c047c77d,83d5bc8b-285e-4831-a4c9-7784dd53e9a7,5938.2,2026-04-27 00:59:00.656498+00:00
4133d8c0-64aa-4c88-97d5-24e8b7a07afd,e7e5b742-03c5-44a0-b994-472effffec1c,3624.11,2026-05-23 17:43:21.734359+00:00
d805c761-d212-43ed-8310-06f792872c15,05c25a4b-e60f-4f32-9c39-f72755ce1b80,4292.12,2026-05-24 01:52:01.769456+00:00
a0714d3f-87a0-422e-9f14-979d0724a3f5,66765658-46f7-4a56-b84a-abcfb365f46a,398.81,2026-05-10 02:45:09.598513+00:00
f6a530e8-c942-4244-9fa3-3d5c024c1d05,28fef6a6-6bc9-4268-a39d-215c62d8f1d8,253.58,2026-05-11 09:45:57.353118+00:00
0dd2e628-f5c1-4289-90c3-1caca3010e97,f97f5816-5c8e-44ee-a612-aa73683d703b,2241.13,2026-04-22 21:51:07.874912+00:00
adc794dd-5074-425e-a4b3-6428f6d95780,10738eb2-b917-4ae9-842f-375e6239a52b,3825.15,2026-05-15 22:43:45.441135+00:00
c4ea5def-91c1-4bb9-abba-57a9d09b0cfa,2f13edfd-3c0f-468b-b592-066683580878,1566.82,2026-05-28 12:23:35.031983+00:00
137f32bc-1386-4d5a-a626-5c7f0bf7f94a,a9bdb7a8-d8bd-414f-adc9-60e5eb43a3d7,10.0,2026-05-05 16:00:16.619697+00:00
272ed2e0-14d7-496d-a1fe-231e62e9134f,fd133a9f-c93c-45bf-8cf7-e767c65dad30,3259.46,2026-05-19 23:56:02.863522+00:00
06a05c25-9833-4409-98fb-b41c8b49a4ae,fdb79ba0-fb22-4412-888c-d8589ba08759,707.93,2026-05-24 02:20:35.517538+00:00
01c7189a-61c8-4d62-bee2-0ae9c84de59a,2b3ce16a-03c7-4bfc-8d60-f8b06a07e554,2712.59,2026-05-24 12:04:47.471216+00:00
531b6a45-f3ff-48a3-9229-1e54afe8d61f,a12c4dba-8f7b-44ba-8679-4855e22c5aac,1702.53,2026-05-28 01:21:19.720427+00:00
a07047e0-0727-4ac4-a66d-dc8a26b14596,872565d0-05f3-43a3-8e40-7fc5bc204290,1965.45,2026-06-01 00:29:35.493405+00:00
4a7f7066-25c1-412e-9dcf-9c2d59af6708,4f4c0c18-0f8e-4513-882c-9334dbe4205e,2663.71,2026-04-20 19:58:12.528942+00:00
1a3bed1b-2712-4dad-94bc-97737922cbf7,bd9c7941-6a2f-4e5c-8fd6-523f64756e10,6693.01,2026-04-21 11:45:53.944029+00:00
3fa29aeb-2853-45cd-9fb7-e3370781b82b,e90f9abb-ce87-4ef5-af9d-69272c45d879,5718.35,2026-05-05 08:23:56.589177+00:00
81ef8ed3-a083-494a-8a1b-8be455a5dd02,15222876-af5d-4f7f-b6c5-6b691623354e,4043.37,2026-05-10 18:05:53.129671+00:00
7e94fea6-9b26-4178-aedc-6560ba6cb179,6bcfb7a7-26a3-44bb-964d-a55780cf90a3,2219.61,2026-05-20 12:21:50.006283+00:00
700eb00e-50c3-4535-b091-f7911f65c741,2149437e-5623-403e-8445-db84018ff001,2144.33,2026-05-28 02:19:14.248293+00:00
34e8e94d-f30b-4e47-b49c-44ef06683a20,a7b42a8e-32e9-4fd4-8931-95b66594af71,1826.87,2026-05-23 02:36:56.030735+00:00
b7303766-b838-489f-88bc-7883b7111ca2,70f41e1a-1890-4408-a23b-c1532c749afb,10.0,2026-05-16 13:48:36.305323+00:00
cbe9429a-1179-43df-a7f4-3e3c0000dab6,5c07d574-33ef-4e34-a9dc-2a13770669b7,1145.1,2026-05-22 01:48:18.877016+00:00
09f61332-77d2-4d33-8294-dd89daf817f5,7695a123-1b74-4f97-9abb-abd6e6966ad5,3737.53,2026-05-23 11:28:40.238937+00:00
70254d40-3b74-4dc3-940d-9ce7f67b7b4a,110fabdc-68ae-4264-9f7d-c8d84e8f5628,2375.48,2026-05-19 08:04:14.410725+00:00
5f748523-9385-43a9-9155-442e09b7d502,8b18d77f-3182-469c-8d47-4cab17e43bd4,2923.77,2026-05-22 05:40:05.512452+00:00
080411d4-4a3c-4fff-8726-74deac2461fe,d714e963-ff6f-4e20-b865-927350f44d19,2170.09,2026-05-24 07:41:45.357851+00:00
51a39ea4-9527-44c4-97f2-253e656fed52,bb94311a-72a8-41e1-a09c-69e33f9bfaef,3262.9,2026-05-31 00:29:18.217916+00:00
1d0a8413-804f-457c-9b23-b1945eae5620,7c490c75-c64b-458d-aae8-5b164e3d122f,1044.29,2026-05-31 17:55:52.033733+00:00
1af08440-95d2-4093-96d0-745b6d177ebd,2333a59d-b255-481a-8d4e-ade5438a2a59,2676.47,2026-04-28 03:17:50.731294+00:00
3817aa11-7181-4d1f-8de3-8d41fdc0d69b,85cf8aea-5eb7-4f80-b17a-32508eb90cbc,328.64,2026-05-22 00:53:52.920564+00:00
7247ae6b-74cc-44a5-9123-7c4c48eebbef,413afc83-2dce-4e02-ba4a-99a9c19f13ce,2758.77,2026-05-22 02:58:32.858156+00:00
7246ad4b-b0b2-430d-9903-a9846b104fc0,db31d481-4f90-4066-9e36-e1d0abda3f48,10.0,2026-05-23 20:45:15.556399+00:00
113f0cef-59ad-4bd8-b200-74e18af99e47,69561a87-0c58-4848-a625-b4e45874a894,203.09,2026-05-27 17:04:21.732365+00:00
82d4f911-e336-479c-a31d-0347d266ff39,800c2650-f857-4129-abaa-ce0f8a049360,2635.48,2026-05-29 16:26:27.262631+00:00
69c96217-c364-4ee0-8777-f3dd1e4cd25c,cd42c676-4f16-4afc-a84a-3fbb97c4b51d,3329.16,2026-05-29 20:05:03.425413+00:00
8249d891-2cbc-4c7b-9c6b-d84e8e5ee805,c85ece1b-d004-486c-b9b2-d6ededaa3e2f,2088.27,2026-04-22 11:45:15.287957+00:00
0c9ccf3a-6abb-4f11-ba39-cb189423f60c,ed92fd91-d57d-4926-a6ab-a9a333002bbb,2099.2,2026-05-16 22:20:19.377981+00:00
5a9fa0bd-65a3-4282-ab58-a091c20b3f73,7b0a0b61-2d53-45a6-8e00-3b7849079b6d,1544.36,2026-05-31 12:11:03.435269+00:00
3141b3e8-fcdf-48b8-80df-dcb2b5087016,3f136c14-3459-4264-a314-e2d58a2f3553,1713.21,2026-05-20 08:30:38.194099+00:00
18d95882-cc9a-4fe5-b11c-168e6463499d,dbba0b26-9fe3-4cb7-b441-14a607e48172,5831.1,2026-03-26 02:24:37.862120+00:00
fa09e4bf-e7e3-4ef6-9aef-f61fbece9e86,23894c5d-ba46-4682-a01e-57d643bd40f0,10.0,2026-04-24 18:00:36.703357+00:00
c2359153-a901-4f9a-a3fd-f99b428eb9de,c4d9e10a-9e2a-42a1-9c50-b138d00406f1,2426.34,2026-05-21 10:13:47.168801+00:00
81483d76-3845-400d-b1ee-24ff76e4bd16,f1d7c0a1-4e3b-48ae-a027-3471615dca32,4735.16,2026-05-22 23:08:52.974278+00:00
fbc25268-655b-4d65-ac34-728247ca3908,f66b0c2f-ae72-42a0-b633-951c564f8fb3,2352.52,2026-05-27 07:50:05.887371+00:00
d52a4258-1ce0-493c-b322-ba22e92f9f41,2793a285-c624-400d-a12e-590eb3697ef5,1564.51,2026-05-30 07:16:40.516815+00:00
36f6909c-378c-41b0-b2a6-3db946735c34,9f2d9bee-9d8f-4421-bea4-6e6284acae77,2757.52,2026-05-14 12:55:20.395720+00:00
4e2fac81-0cd9-4d5c-b60f-e5cd2b8552b7,20124c37-0fa3-498f-8023-d3a20210f1b2,949.01,2026-03-29 02:08:40.417400+00:00
1e4daf7f-987a-4c19-aa1a-8e10702b6592,f60e5c8f-2cbd-40ed-8bed-e6638dbe7b3e,2811.38,2026-04-17 22:59:07.545318+00:00
f9be229d-bdbb-436c-89f6-bd3111a54db4,d0746d10-31d7-4d2d-a7d8-ef817353e753,1532.54,2026-04-19 07:10:42.101004+00:00
29ba3ccf-b355-45ed-aa86-e2983623f7e0,4271bd8e-7ffc-4527-822d-a80671cd8d29,3007.36,2026-04-27 21:18:16.180724+00:00
428d4713-9d99-4603-9a0f-76131095e9f0,b75d7508-8ba6-47a8-a628-d0129da06cf6,1592.77,2026-05-12 18:42:16.915712+00:00
862bea07-a1d6-40e6-af3b-2b9f52d665fb,e6994887-0a7c-498e-b844-ab338b67e307,3313.49,2026-05-13 20:31:20.686250+00:00
c08bf97e-581d-4484-a46a-e4d8213bd8b2,bfb740dd-8bac-4659-ac56-e84f17b2bf11,640.88,2026-04-15 07:40:39.825099+00:00
69324fe6-c7cb-4e8c-a1db-4a9192ae9ab0,698b1c28-6956-4789-bebd-317fdaf2094c,3601.15,2026-05-02 12:55:45.728516+00:00
3b1fa7a8-680a-4ee5-8ba5-3cf81690a123,365ae187-abe4-40da-a162-e909d93963b8,1316.01,2026-05-07 13:25:09.330824+00:00
247caa66-f958-4143-b4dd-2f4b91bebc02,d25c172c-6c91-4719-a515-ff867c54adb5,3562.79,2026-05-20 19:32:54.346320+00:00
05e24a16-1bae-4369-8c1e-ac91a58bf8f3,076e0f0a-4c92-48c5-9b62-84e8bafa4f9b,1978.12,2026-05-22 05:31:39.534448+00:00
c09b221f-fc25-414f-9ee3-ba17f788ab46,373ce202-e9e9-463c-81a1-2969c190fd0a,142.71,2026-05-23 02:13:38.172704+00:00
80b0d73e-118f-4da7-9651-ed8f5d64847e,2d2b0646-185b-47da-a393-b6ccec5864ae,3083.6,2026-03-13 18:05:49.231159+00:00
fb6472a2-0739-42f5-9e3a-f121ba58ef5a,320f23d6-05bd-40ba-b0f3-368c88ccc921,1030.04,2026-04-09 10:05:11.114818+00:00
5032eb8c-34a8-4614-bc8b-4710b5843801,eb1960f4-7f3b-4f49-b55f-0c789699cb51,197.42,2026-04-29 22:30:21.102934+00:00
5d8c07f1-a173-4f9b-a190-c6f13faed93c,bc593b36-55de-4cf5-a0d1-d5d5f74c2a77,2132.78,2026-04-20 20:12:42.761248+00:00
736ffb61-a74a-4007-a201-66c294852dc6,0a672cdc-fbed-4b26-9619-719e9f233c18,10.0,2026-05-09 03:42:43.014408+00:00
b22c4e8c-fe4e-4660-98af-56c387df4c0b,f118a6ea-ddae-4f72-94ff-8bf097fdacfb,2566.76,2026-05-14 17:57:58.448860+00:00
89d087a1-c139-440b-8e25-a5cf2bcf2944,9f2c020b-619f-47c0-b2b3-ce9090ab836f,2621.65,2026-05-18 12:57:14.912119+00:00
148088f2-82aa-4567-9922-cf5dd2b88401,937c9be2-a279-4bec-ab30-b4677600ca65,2745.66,2026-05-30 02:49:42.705931+00:00
c147736a-7502-43b8-83a0-dc42305b1c6e,487d0d80-853e-455a-95fd-0eef26573c72,372.78,2026-05-31 08:54:23.422630+00:00
36ad0277-ee66-45e7-ac1e-07b657e4d3f1,a9c06e20-b18c-49aa-b9b9-291db4325961,5198.34,2026-05-17 06:37:04.357649+00:00
9485ed19-a4b6-47cb-a223-2e4ce3ea6d96,814e0842-8c56-4990-80af-2ce821cca2e5,1863.01,2026-05-17 14:18:45.425196+00:00
67df2823-6437-4a87-8ed8-3acdc8654174,0a88ba0b-c4f0-47f3-a53f-4ee853b55261,3036.41,2026-05-21 16:10:00.851134+00:00
41751bf2-2b10-493b-a535-5c542ca1a3d8,eafc0b75-f9a0-4fce-861c-d4b1e8d19567,2668.18,2026-05-25 16:20:12.126963+00:00
9bb26ce5-045d-49cb-923b-2138dd2ab96c,c96da003-8d56-4f9c-a3bc-61e49e391fcf,837.51,2026-05-26 00:31:06.295220+00:00
9e7b92c5-d7ff-4145-806a-a3779fff58d2,f6eb4ea6-f479-4119-8fc1-bb6b0a48c7a6,957.7,2026-05-26 11:45:59.763072+00:00
889f4a8e-344c-43ea-93bf-b61ed3615386,5e222439-cf99-41a4-a100-3fadaa785bc2,937.86,2026-05-26 14:49:36.457545+00:00
5c0e137a-05f0-4f02-836c-8b4869814fbe,95e29fe2-c7a8-40fd-b8e5-5d7dd026a8b1,490.65,2026-05-31 07:38:48.179840+00:00
e7890a26-fc78-47b3-bfec-81bac15c9272,4d78d491-68fd-4bfe-823b-72b46d9459ed,2861.33,2026-04-07 03:01:52.618362+00:00
fcf9d845-2fae-4cd2-8524-3ed732d6eb9d,133ac715-4c01-4764-a94f-7f30e69d9d02,1203.01,2026-04-15 05:32:25.960414+00:00
6bdc8378-2459-4eac-822e-ecd9f7ea245a,5c126895-0945-43c9-a0d5-d05e39a758d6,3294.23,2026-04-15 12:12:05.284959+00:00
f8deaddc-15c6-4cf6-a4af-c8fba6681fd8,850236a7-c686-4b70-87f5-d9bf9ff28c13,1383.74,2026-04-28 04:13:13.956308+00:00
fd756547-be6c-4ca9-9302-07efaea2f0e8,7e81cbd0-b4a3-4551-94ae-9d49eec5e6d1,511.02,2026-04-30 16:41:07.588990+00:00
51f8f3cc-d9a8-4692-b807-05729021438a,42e0b5b9-f43b-4351-8ae7-488017a6d577,51.69,2026-05-08 02:41:46.574988+00:00
4b920ea4-09c4-47b7-81c6-2425c1241223,8ffa8441-0c03-42ae-b7db-5ae8911802af,611.55,2026-05-31 16:13:39.334914+00:00
eb521f37-3ae6-4426-9fd6-90b02da321cb,57b32c3a-5477-4de8-94cc-85f779b7c58c,1214.11,2026-04-26 20:44:02.667268+00:00
e4e7fcd1-33fe-4e87-8d7b-45bfe60cc0b1,d754c7bc-3507-4855-af53-dbc630b5342f,1006.77,2026-04-28 05:22:33.081997+00:00
375cc81c-cb04-41da-8330-4f86a0ace964,b56d5bc1-6241-4539-a54f-aec0da40655c,904.84,2026-05-14 13:09:14.293720+00:00
1fe79e29-1df3-4039-9304-c15055a1070d,6fb6d08f-6c91-48f6-baeb-a0f3420b55a3,964.74,2026-05-19 12:48:08.752796+00:00
c9b05f9d-6f2d-430a-adde-f005bc65e5d9,bf0d7905-d179-4fb4-b34d-b4e45979ebc6,2627.32,2026-05-04 05:19:34.899921+00:00
c932d079-e1b6-44a8-9cd8-04326085845f,0fd48973-50d8-4e6f-91c9-4d89e51f098f,2783.59,2026-05-04 11:23:37.042924+00:00
3ef13f98-edab-457c-a9dc-4f6e11e518de,94dc206b-6c87-4ce4-8ad8-fecc591418e3,2658.11,2026-05-04 17:54:20.578958+00:00
3f955436-d268-4f52-8709-a5f1e3cdc6b6,eb59b9da-16d3-478b-a708-925c66b999e8,2625.37,2026-05-04 20:28:19.770795+00:00
fdd7561d-e788-4f34-91dd-b34c2729a54a,2e3577e5-9954-4569-be7f-bb7aef4fb215,2743.78,2026-05-04 23:08:11.238331+00:00
994def84-323e-426a-95fa-454dbe418cb3,e7660572-9955-4496-af58-99d1adcf9671,4036.04,2026-05-04 13:17:28.793792+00:00
5692ef79-d095-44a0-805b-d636669871c8,c4fa2b86-34d4-42ce-ab79-52bef066c6d0,10.0,2026-05-16 14:34:51.684736+00:00
401be10f-e4ae-41f1-baf4-261f527a3adb,1bb7f956-9d1c-4454-a690-0b1daca57f8f,2843.69,2026-05-20 10:09:15.057154+00:00
6c7f666a-5df0-4b18-b148-f7b5192bf441,403c3e8b-ab6e-46bc-a7cf-456d546ee697,2810.55,2026-05-20 10:12:23.733800+00:00
7f0763f2-8cc9-4a79-b6f9-40250b1937cd,908fe054-5221-4fd0-b64b-cb98efcad865,2963.27,2026-05-20 18:33:19.316522+00:00
5e500930-f337-494b-92e5-3a30bbfa1f33,e8d51d5a-3174-4d57-8193-4631872fda08,2954.88,2026-05-21 07:33:48.308618+00:00
bc85b5be-2aba-446a-9e07-43d46ae65af6,a6c59d37-acc2-476f-89ab-e1c775c55504,3179.69,2026-05-21 11:59:16.740736+00:00
dbe42cd6-b587-4a68-8b20-ddf48e5f517a,d89e87c2-edab-4a04-bdb1-b530fbc1e6fc,2632.28,2026-05-21 18:06:19.686285+00:00
69ba10e9-015d-489d-9df4-3119fb7c45b1,ac3e8fdd-e65c-41c4-b8d7-1ca4d9fd1ae8,2606.24,2026-05-16 07:45:53.696944+00:00
df4d2fa2-e114-46a4-8aed-2afb6df7b50e,4e1a9996-d0bc-46f9-890a-b13f43b11829,2588.9,2026-05-16 11:31:16.038154+00:00
17ae29a9-711e-4696-9f9f-fadc18822aee,f1de96d1-1cee-4ed7-807a-6d1d97506705,3034.63,2026-05-16 10:50:59.649349+00:00
d4ead063-e4f3-4414-8c5e-40b99ff63c4e,b10197f5-f864-4b5c-8d0b-7da157cb8f90,2899.94,2026-05-16 11:45:15.051979+00:00
1050b6ba-e3b9-4819-ad52-4afd6b45e336,e11203fd-c1e2-420b-afcf-0ce90db1e928,2706.94,2026-05-16 15:09:46.429265+00:00
655ad2d7-3b1e-4174-9bb6-c9c0feb4a50a,a682a1a2-644d-4b4a-aee5-d46e09bb3e55,2782.93,2026-05-16 16:26:01.831369+00:00
346d28e3-2bad-4342-9e72-0c09e948514c,71e5bad8-ad40-44b2-9642-815a5f0e023a,2801.19,2026-05-16 19:38:40.049824+00:00
61ab4a0a-220e-4d11-a138-1762bb9a6d47,7049b6bd-8038-449d-860a-a2f5f161d2ec,2683.36,2026-05-16 21:21:20.863870+00:00
f6724bff-06ca-441b-88c8-dc7a641baf4d,432aec47-d4d6-41ef-9d54-986aef087e9a,2840.69,2026-05-03 08:12:25.635675+00:00
826e11b3-2e49-4ee0-859c-fb45bd997955,805ff12f-48f8-4ef2-9de4-3c113a9cc17e,2459.85,2026-05-03 08:09:09.413402+00:00
ef296180-7aec-444f-b40e-8d2b3e739dc6,fb4b44a9-a7db-4a15-934b-a17cc46c827a,2821.53,2026-05-03 15:01:45.172212+00:00
1a4841ac-cf3a-47ba-bfa0-c7163ecd8c0b,8c68e61b-a7ae-4626-914a-405a78df4eb4,2715.94,2026-05-03 14:50:39.405033+00:00
0dd2834f-6992-44a5-952f-b64c0750820f,b3b43355-5fff-4130-b73c-53d2f5c723bf,2818.32,2026-05-03 17:01:11.396831+00:00
2b4876e8-d645-4fe4-969f-f39b55148f5a,c7a08a4d-b42b-40e5-b801-0a9670ac58ca,2693.37,2026-05-04 05:10:30.568597+00:00
f5fd1f44-1187-4114-b199-8b6661c5bdf6,91ab6d2a-10da-48f8-a1ce-a130ce59c1c1,2774.2,2026-05-04 08:04:15.857194+00:00
306efc14-1abf-4cb0-a7ef-1152630c4e4e,e6b2dcb1-e667-4348-b747-453b6f7f293f,2365.21,2026-05-04 14:09:54.083307+00:00
a79018ea-2435-4f9c-a42c-59f471df9244,1b0ec4b1-ad62-4691-9ac4-d7b699111b3a,2532.0,2026-05-04 14:38:40.271772+00:00
ccbaa06d-26ed-4411-87d9-10e1f6e68d55,64f49ded-7090-47d5-81da-cab315408cf7,855.61,2026-05-10 00:10:09.973213+00:00
67b9158c-c679-4c12-b018-31e4e7f66055,a95d2264-f04b-47af-ba61-f3aa18ed548e,1799.53,2026-05-21 08:46:47.153480+00:00
1ce2c842-fa2f-4e99-9de6-1d4a57b5a159,f07b65f4-12f1-4925-9cde-250444e31888,2754.34,2026-05-20 18:40:44.810802+00:00
4f28c8d2-61e1-40ce-93ee-117291a97d2e,9228ade9-ab23-452a-822f-97fd07f67fb9,2403.57,2026-05-20 21:03:10.287763+00:00
8573d844-8191-403f-86b3-3821480959d4,771522a8-2b77-4dd1-ae85-4be1e1502abb,2842.24,2026-05-21 03:11:58.732143+00:00
39132372-e0fa-44a9-b7ec-feb29f26ea1d,cdd8787e-7d2b-4832-bee3-fbd552d2cc56,2625.18,2026-05-21 04:43:35.529075+00:00
72b76297-df5e-45f3-8798-5de926d6d414,646f9ad6-c84b-44b0-84d4-1081a8af8f01,1510.25,2026-05-27 03:04:11.649990+00:00
f1cd039e-ae6d-4577-a786-db19d4f7f841,ecfd8184-c177-4d23-bf6a-4e75c51fdf98,1052.53,2026-05-27 04:58:40.798570+00:00
ed559914-2d23-4d38-8e85-a88f28615c38,2666e21d-fc70-4507-b151-0a65b9cb0e0f,1246.38,2026-05-27 06:47:08.778039+00:00
39d20bed-1b76-4dc7-b604-8a40c378059a,58571de6-ea3f-4aae-9303-899f4e40205e,2348.78,2026-05-27 07:02:19.705208+00:00
dcd77c80-99fe-4fa2-9971-168724d772a8,3dbf3034-ca6a-4a74-8453-12a46e88230e,6481.14,2026-05-25 21:52:58.361555+00:00
65fa7ccf-85b8-4fcc-85ad-00197d0908b2,73177a37-0f37-4d6c-951c-fe9cfe7c236e,2169.24,2026-05-26 00:17:43.325786+00:00
af4883c7-18c5-4290-9ab4-542142d59a7c,f1182f95-6940-4852-8d18-5127003ae652,4139.65,2026-05-26 00:58:21.983107+00:00
ee9576d3-7056-4980-bf49-acc35217e205,e28e1e1f-afd7-4829-a520-202da9a5bddd,4473.27,2026-05-26 02:35:03.472074+00:00
e3ae7035-1a6b-4ab6-9aec-629f7f4ae563,9da13017-3d55-43a9-b665-f811469058fb,3969.69,2026-05-26 09:38:03.305309+00:00
d961784f-d1a9-48b7-ba9f-9c09e37146b1,1f047549-6553-4846-a478-9df68089f3ce,3883.5,2026-05-26 10:01:59.645746+00:00
283e2f76-e841-48e7-93f6-0980f557233f,3dcc9723-a8ce-40ca-9eab-2d671f9c7a70,4980.48,2026-05-26 10:40:16.413837+00:00
0be98c3b-cc3d-4383-a6f7-029377611e6f,28c9561d-15da-490d-9fa7-f4635778bd50,4356.77,2026-05-26 23:20:26.118189+00:00
9e6ae0bf-ef3d-48c4-8e38-7ecc4c907455,7293adde-9f07-4493-a2bf-0c9963b832f6,3527.74,2026-05-27 03:39:47.404955+00:00
ad629850-763d-4faf-9804-0d15d2c2d241,b1deb742-a75f-4ee8-9995-1bbabf2b0b87,3315.16,2026-05-17 19:58:06.905468+00:00
1ac186b9-b1ce-44b6-a0d2-fe3b250a3ce5,f2242ddf-be4e-4f59-a129-39684538cb66,2644.72,2026-05-31 02:20:38.210150+00:00
926c9a65-283a-4ece-a287-661776620eb1,c14da41c-58f4-4ef6-904b-a24e93465e03,787.07,2026-05-24 01:44:36.674730+00:00
2a0ea70c-a794-4b95-8876-f4641710d32a,11b1bee7-67e6-4074-83ae-53aebcb92412,491.27,2026-05-24 03:46:15.370740+00:00
945bd9c1-a7cf-49e9-8077-969a8aef0018,5a4b42b2-d98d-4214-bc85-d33f047fe79f,881.97,2026-05-24 13:10:47.767669+00:00
0a167207-c8c6-4582-b99b-335386ad84bd,2e30375e-3cf0-4dec-8d8f-1426e7781478,789.77,2026-05-24 16:10:00.603982+00:00
b0a59a20-2c90-4d7b-b5bb-a18e59c616de,77be50f3-195e-4937-961a-8780283803c8,627.07,2026-05-25 05:24:18.337659+00:00
87b3d079-deda-47ad-9ed9-4d09593ebe2c,dc773fa3-c33b-4005-b02e-45b5f6982c4d,1114.58,2026-05-16 10:27:41.686490+00:00
e168204e-29fb-4f08-a8c5-3bb94967d78a,9febd878-b2ec-46bd-b8a1-7f202e73e4f6,390.22,2026-05-16 17:55:38.774995+00:00
e334a408-42ec-4f9b-8272-9714a1bad06f,820a6ee8-73c9-4bee-afde-338cbe6a87c9,310.8,2026-05-17 22:45:13.767765+00:00
e552b3fd-d0d8-4be7-8e78-9cf345e51d34,f1875e0f-8512-473c-a991-968b3e64e5ce,657.49,2026-05-22 18:36:59.928207+00:00
2771c4c0-80c5-4fe7-bfbe-3c16f5d53653,556bf037-f99e-4ec1-810b-da67cf5593ae,426.01,2026-05-25 16:10:09.431128+00:00
ef7f8bb5-7fb9-4fbd-8f81-50cf2f688039,b8b53866-7397-47b4-832c-9f1aa9b11272,971.68,2026-05-30 09:15:00.898110+00:00
a86c803b-0107-48dc-a756-2b092734577b,329d00a9-1919-43ad-8278-21e1d29cf115,570.49,2026-05-30 20:35:10.682359+00:00
ec713782-71b8-4e13-a1b4-f37625c275e1,c146c99f-b2f6-4e13-94c5-8a814426c084,1011.22,2026-05-30 23:18:40.028590+00:00
97871f2d-8997-4b59-8e7a-daecb11fba6e,6a43b8ed-6581-4fce-80cd-f6179233a107,788.15,2026-05-31 01:05:57.598622+00:00
56f01c94-4253-4930-9202-73e68cbc20d8,a90cc47d-357b-4267-b1b7-3c7ddb064a03,629.18,2026-05-15 18:37:13.650096+00:00
bfc8b113-10a0-49f9-94db-0059b716f506,9080e99d-5495-42d9-9eb1-9386638256dc,737.94,2026-05-23 12:01:18.413821+00:00
de4359d2-3375-46ae-bac0-ba7fd9311e4d,40dbd058-0945-46eb-a669-6930c10f9912,593.17,2026-05-25 07:53:24.466766+00:00
5e0e4d76-d2f8-4192-9853-88f5007d6a06,90c719dd-0347-4079-8656-4d55e81d2e59,353.81,2026-05-28 16:35:19.210991+00:00
95940556-d3dd-4ca5-8eaf-a38236d9c0ca,c3bdeb0a-f2c9-4e9c-b1d6-619582018e9f,173.33,2026-05-16 14:28:37.660860+00:00
d1f97344-b70f-4db3-91b8-a70307de56c4,94e6dd72-5e2f-43c1-be7f-ba57071848ca,655.54,2026-05-19 19:39:14.255223+00:00
66aea98c-7e6c-445e-828a-e6984ba4c026,8f05413e-5e6d-4a20-b9c0-558eef57b91f,10.0,2026-05-20 17:51:01.375229+00:00
21ed158e-7de2-47cb-9d70-d4a7fd47e0ad,2f9d195a-45e0-4cd3-b637-a998442393d4,401.1,2026-05-23 15:24:46.782046+00:00
3c4c92b9-f76c-402f-b86d-691c0c301667,39c5ac41-f9f7-4ab9-9870-9c47f6e14768,624.12,2026-05-26 15:03:40.055885+00:00
5590eca1-9c96-4903-8fbb-21a77c33441d,54f35a37-5f4f-47b4-8c51-03e02513f4da,10.0,2026-05-27 06:28:37.256490+00:00
960f03d0-b054-471a-9cb4-94bd757addf5,aaabeeec-0ab0-444c-9803-15bb09968cc2,455.35,2026-05-28 03:33:23.192573+00:00
f456429f-8547-43b5-b56b-16c8f1b7c646,01437787-6488-49f6-8d25-1eadaf3a695e,97.47,2026-05-28 12:45:37.185809+00:00
a0aeb04b-458d-4e09-85aa-0d16686b1dc7,2ec874e7-2118-449e-aadb-656b69bc8f47,612.75,2026-05-16 06:17:50.375013+00:00
7328ad9f-4295-4c33-9259-90aa34beb7d5,e35d3816-9cf0-42b2-a010-4d984d27b0cc,667.06,2026-05-16 23:40:24.334992+00:00
1e2e9f42-8ca7-4f82-9082-7d7ac3bf3c62,1dc25282-c4d5-4223-88d6-0da365a15023,695.24,2026-05-22 06:49:09.692064+00:00
356dc3dc-f0ca-460d-a1c1-cdcb76b8aa07,6418c5e9-74f7-4b8d-a842-b3739b97a3e5,754.07,2026-05-22 16:49:15.361896+00:00
edad86d6-45c9-421d-a2f1-3963dd896c89,04246bc8-ff78-433c-970f-072276034691,74.45,2026-05-24 19:19:53.030917+00:00
b5730408-10f9-4288-8cff-48dc58430fc2,1f0cf8d9-df18-4823-a7a9-8711e49b612a,371.88,2026-05-25 08:18:15.233749+00:00
45d9af7b-e245-49bc-bd12-32e1635f4613,8b3e0bc7-28a4-4bc6-9ccf-9585b970d240,47.8,2026-05-26 20:07:28.282941+00:00
e5461095-ead1-4e65-b454-91ce2714faaa,85aed388-5b9a-4153-bdcd-d3d77eb87779,593.46,2026-05-29 08:38:01.512940+00:00
bcf06c77-ab5b-42eb-b1fc-8170f8a57be8,615fb440-c12f-41a8-9725-8b4b5eb75449,955.65,2026-05-30 19:23:29.293894+00:00
c789021a-686f-46a7-a19a-700816d58c61,2658aaee-8ae4-42a6-aaa8-eb5d2e073326,1961.06,2026-05-19 09:21:39.233034+00:00
1f5970b1-0a99-4d2d-bdd0-9119eaa44feb,36a19d58-921f-45f9-8e86-55f97ca115dd,4130.29,2026-05-21 05:01:32.964057+00:00
468c8ad5-2233-4a0e-97c8-69f8bc3813ec,ea87500f-f1d8-418a-a794-d167a0cb3cb3,1521.79,2026-05-26 09:42:52.441057+00:00
9bce4725-b77b-40c1-9944-8cd99adab74b,2052c75f-7a4a-4eb3-bb3e-3e21380c2df7,1297.87,2026-05-27 04:02:02.791977+00:00
816949ac-1c1f-4169-97bb-007ece4c5b74,7dd3180d-7fca-413a-ab6f-5d2671596551,1697.78,2026-05-31 07:33:48.072099+00:00
6bd4e4cb-ecae-4824-863a-26f314db324c,31d4c6c5-b4e6-42ed-bcf6-715cd05f236b,2923.56,2026-05-31 22:23:41.566237+00:00
ac654d2f-5cb0-41af-a62d-b9ecf562d656,127a5a53-7366-47fb-b642-f74aaa63fc59,2640.35,2026-05-17 04:15:14.315657+00:00
8a3e0a78-f085-4edd-be34-765a46d5b077,6adae5cc-9ff6-47f3-a08f-de9b5d5f745f,587.56,2026-05-17 11:02:17.005092+00:00
e47f912d-5768-451e-b769-3f3106fb9211,d4f13fd9-f47f-4fdc-b0d6-847672dd0247,1708.38,2026-05-17 14:05:30.755219+00:00
86c2c094-e513-4d16-9173-3652c360dee8,0e227962-4297-4463-95b1-0785b3dab581,1622.49,2026-05-24 14:34:32.197367+00:00
a51d8dfc-dcdd-481f-bb60-2069752db231,655f9f00-34a9-4d89-842d-27025d9c93c1,460.88,2026-05-25 19:22:05.201254+00:00
39fdfa8d-c095-4a84-9e3a-c98431dc976c,e6c7c334-958c-425d-926a-bc4da5c4091e,2310.93,2026-05-26 04:00:56.754115+00:00
069bda94-3fbb-4d95-bf33-f4bd9beec378,d2fd95ba-53ad-4cad-a18d-2823845ff959,2125.8,2026-05-29 12:37:02.919601+00:00
a3c608e0-c657-4060-91dc-d564262b83e7,6793a83c-b971-41d7-9d5d-02a5d73da8ea,3017.3,2026-05-31 18:02:36.309587+00:00
85d13429-5ccc-49ee-9076-6b3caac050dc,ef8f25d3-91a5-47b7-908f-6c7788885c29,1364.36,2026-05-16 22:27:08.257365+00:00
838c63c6-1fd2-4d62-92fc-6aa0590ac4d5,d3f0939f-62cf-4e45-9017-bcfc1eabcd20,1039.73,2026-05-18 20:39:32.513406+00:00
f5c12043-ca45-4280-a360-e92f0c8c9b3a,d04eb021-79e7-45b4-9424-a77035effe78,284.57,2026-05-22 17:06:48.160794+00:00
1268a51c-671a-4985-aaa0-c1fd88381e7d,fa09e1c9-abfd-4d46-8b44-3804df63dd4e,1240.72,2026-05-24 11:28:37.329876+00:00
463ec036-4da1-4e1b-9846-8fc553fd4923,4c40dfde-3c82-487b-a275-a26cd4457785,1188.57,2026-05-25 05:56:55.281648+00:00
768ed3f8-9d76-4521-99ff-f3cf87b2376d,93f1f193-de1f-4bfb-b679-26cc8681e929,104.89,2026-05-25 06:57:00.478067+00:00
41549b64-2415-4672-b03f-1a62eb7f7ddb,83e34520-b0b4-4c28-98c5-55bc2bd918b2,810.26,2026-05-28 23:02:03.878632+00:00
7a874cad-8dcd-4753-becb-a0db499c5625,de69eba6-0653-4928-882d-36694b3d2725,1276.91,2026-05-30 01:19:40.068947+00:00
a7d07bd0-0654-4e93-8787-e8fef0fbc2c4,8890cb4b-6194-402c-82f8-df67a6409be7,966.63,2026-05-31 19:01:13.423084+00:00
e3369533-72a3-4a60-b28d-8fdb92715aa2,2170a96c-2a9f-45d9-ba80-621cadc0dc21,2752.28,2026-05-17 16:12:03.288726+00:00
cf49e3f3-2a9c-4bb0-90c1-f3de45e3f131,eacc3e56-cdd6-411d-b03b-d48c35b00f55,1389.31,2026-05-20 22:18:09.235793+00:00
aee9a54a-7b6a-4243-b7a0-f55c560a0599,79c6518f-8f74-4ea7-b9a5-16d597206553,2989.35,2026-05-21 23:14:50.279092+00:00
d678840a-162c-4a5d-b840-4de6ee5963cf,d9013c6a-754c-4957-aeb4-de2990e94058,10.0,2026-05-27 16:32:55.272360+00:00
4bca571a-bb7c-4041-ad17-6a885da589a7,bc8f34d9-d3e0-4ec0-a99e-642f97c980d8,1887.56,2026-05-27 23:25:39.888878+00:00
305097f7-621e-44ac-b332-9a7ce0ec44c4,76dbb5bc-f880-44b8-b1b6-2cf2639d25de,1217.98,2026-05-31 03:20:41.192060+00:00
d1bac047-480a-4d90-a711-90265e89f388,9c9d6ade-630c-4d98-be19-27ef0377d519,2244.2,2026-03-11 12:17:18.573682+00:00
da13bdf2-233d-4804-80f9-1838df1470dd,a415f0ec-9afe-4dd6-b1cc-58fe03a20b27,2093.58,2026-03-22 05:26:52.380356+00:00
cd7eae85-5e18-427f-a64e-eec4e723bde8,f8ab499c-c88e-4053-a5d9-b59d47396921,1948.7,2026-03-23 22:24:44.480217+00:00
54d107cd-629d-4d7a-81ba-52f39ddca29a,01883aa7-7fca-48d8-83a7-9ecea52e7602,2009.0,2026-04-01 12:06:48.637751+00:00
1bf8e948-9fe4-4194-9811-cbd2f2ca824a,24e98333-8673-4517-9cde-e022f149348d,2082.67,2026-04-17 03:10:26.628687+00:00
8cce4a7b-66b1-4040-af19-73f560984728,bc8376ba-2188-4211-8995-e2e08cb6db97,2239.49,2026-05-06 11:14:15.260211+00:00
ed9b0fa2-ddf1-4033-9bc4-acef4466c375,0fd14077-794c-49f1-a41c-d660572555b6,2103.51,2026-05-22 06:05:14.691118+00:00
6b9ba61a-f7b6-455d-a795-5b4075e2785a,4b621d74-5908-4e16-bb3d-1266387441a2,2334.07,2026-03-10 03:46:46.986287+00:00
92507b25-621e-4efd-8c26-1ec1ad71b232,77038168-eb8e-43b1-bf25-8c9e15f925d1,2131.2,2026-03-13 10:45:51.691742+00:00
c349910a-c9cf-418f-9541-480925afbaa5,0e24466c-6895-4c2e-8269-59519b0f6372,2146.22,2026-03-18 10:00:05.481675+00:00
863a7ef4-a574-45b7-be34-def9c6a2ac39,af4b81ca-fea6-4662-9503-50e11c5f5bcb,2173.02,2026-03-31 07:33:13.325843+00:00
3468b1a0-18e3-4ce1-93c9-1c12a566bca6,a97b3e84-757a-45c6-ae5b-9a2a29f6f411,2222.11,2026-04-02 01:41:31.914660+00:00
25ac08e1-8059-416b-8138-478827362689,b4f76529-9383-4d9c-81e0-5481d4cc072f,2216.44,2026-04-19 15:29:20.539805+00:00
29e5eb0b-fec5-4bf7-bddf-886d4742339b,5f778a23-c941-4fba-9281-4b50cd57e00c,2158.52,2026-05-08 08:59:47.760993+00:00
89e3004a-cd67-49d5-bbbe-2b47cbd358cb,3b857dd8-999e-45fb-abd6-d837a32a0973,2126.6,2026-05-13 11:16:59.329293+00:00
73793615-fe52-40c7-9fb2-7868143e6e9c,4affd81a-0243-4843-844e-77a32b61c0af,1915.12,2026-03-05 21:18:32.411575+00:00
44b619a4-6547-4aa6-846d-31ce341e0cd6,b5ae5cfd-563b-472f-bdf7-d2c572e39e60,2240.82,2026-03-29 16:35:20.238504+00:00
76a5939f-c799-485f-a3c8-cd9d7785e4fc,bb497366-e4d8-4e55-ba00-187dce0e9493,2172.4,2026-04-01 14:38:53.124710+00:00
2e3fd6c7-f610-4ef4-86b3-5dce0e291a28,e9735e9a-bcd3-480d-842b-1782cebc0f13,2041.48,2026-04-09 00:36:18.970710+00:00
3d09da1f-c8c2-4f90-a6c4-21779eb87101,742561c0-63b7-47e9-82fa-bd7dbc507acd,2946.09,2026-05-13 06:28:06.350011+00:00
f8b4f619-aaba-4de3-8b76-c13fa6d0bdc7,de4c227c-9693-454e-8327-af3889e1d365,2159.19,2026-03-27 01:35:05.507093+00:00
09b032b9-43ae-4e23-a73e-e41787913a5e,0bccb9b0-b2b1-4ef6-95a5-4f57ee8a2841,2179.83,2026-04-15 07:46:27.638664+00:00
80c3bedc-5fe6-4ce9-b36b-53fd43ba8e50,4f19cffb-e265-4431-b473-ef01c9bc51cc,2206.32,2026-04-28 12:04:26.323637+00:00
5f47fecb-32a8-44af-9ca4-3b5b82e91388,4a728107-2f90-44a2-919d-32d8d36b33f2,2182.03,2026-04-29 00:12:26.775640+00:00
e069d396-be45-47c6-8ff6-c2c93e11b3ab,85c3dd25-1528-407e-aa64-44e694df4a5b,2071.18,2026-05-19 11:37:08.176703+00:00
c83a09e6-7678-4784-9b44-6b89e9576ce2,90cb46ca-a679-4460-828b-09d3eed23905,4214.41,2026-04-03 19:14:06.561031+00:00
e6b7f5fc-ceda-4ee7-8407-0a62fe8832b3,26493247-3953-4127-ae80-679c86074d04,1452.29,2026-04-12 11:55:45.105248+00:00
c37d6d51-8c9f-4fc9-bc1e-d0e86bca30b2,b5819fb1-f189-45e1-b1f1-4c85bfaba3e0,1073.6,2026-05-12 10:38:14.653306+00:00
0f48f2ed-cb22-4e1b-9975-7f7b9f8f3be3,74b4a953-62da-4206-81f0-bead4a5448b2,985.61,2026-05-29 15:57:36.485049+00:00
fe3052b1-77d3-48f8-9070-ccc30eba92c7,82a6073f-579a-41f2-aaf3-c7aa62e1f447,2750.47,2026-03-30 04:22:27.175434+00:00
f8d124cd-bfa9-4bbb-984b-b3240e880b30,e6e7d32e-24d1-4c1e-a18a-c9e8c0586058,1007.46,2026-04-18 06:17:04.551146+00:00
d2ffdf60-fff6-465a-a8c8-fa661b9a7663,c4ca4427-8851-47a1-af38-733cd5de6f2c,1296.16,2026-04-21 17:59:00.814157+00:00
41290acb-ec65-477b-aa7a-ee0a14cc86da,19818c64-548b-4be4-8b37-10a44a07e576,5761.78,2026-03-31 10:27:35.673751+00:00
efef163c-ea84-4e10-a1c4-379ac2d2615f,e76bad61-9050-4287-b664-9e03791d57d9,3672.69,2026-03-22 00:53:16.182543+00:00
2529f8c8-f6e1-482c-a4a7-ab56bed7617e,9cdb676f-8e2e-4f92-be59-539c8fa805cf,4434.53,2026-04-01 13:00:19.136966+00:00
f61130c2-b769-45a1-9059-3a10c5dfb2c3,c15a0c28-305d-4403-9d59-48de6becd228,3289.73,2026-03-27 07:50:38.054494+00:00
b4e90cd3-0c46-4659-a16f-45ee9f9de201,1f3a4d1d-78e0-4220-8e2c-95683b42affc,513.51,2026-03-14 05:48:19.832232+00:00
138c9fc3-4564-40db-891d-10e99c7bf3f2,5c00ce2d-84cf-4625-88ca-58be2d5a83ff,1128.51,2026-04-25 21:17:56.572695+00:00
0cc915ce-b24a-4a13-8990-0412a3582a5b,330df107-b5c4-4f53-b290-621a060b8507,405.82,2026-05-18 11:52:43.950648+00:00
781a3bed-2676-49e3-a593-4abd6fca31f6,f5250ad1-855d-4f53-a0bf-5a705e44c95b,2126.32,2026-05-26 22:02:58.521556+00:00
54c8c043-c992-4da6-8d24-690c3fadb04a,dd65e854-aed9-443d-bac0-94289df195bc,3194.29,2026-05-31 02:18:16.132141+00:00
aa5919a9-412b-421e-97b6-17e329e7228f,8f220552-c872-4ca2-830d-60d925da86ad,1400.33,2026-03-25 21:39:41.338769+00:00
28be2a3c-d2d0-414a-a090-e4353d610b3b,981e7da2-0103-4ea5-882d-11f505f78cf9,1274.59,2026-05-09 16:27:36.172507+00:00
ef9d8f42-a3a6-456e-8a44-ddad79ff39da,2b7dcb3e-3589-4343-830b-7bbba3652af8,1278.55,2026-05-14 02:02:38.978142+00:00
26ba721e-fc07-43cb-aac9-e4fbfccb0f63,57e9d6d7-ca9a-418b-bc9e-2bae3a6e5ca7,1358.64,2026-05-27 02:22:18.376799+00:00
4f7d6592-6327-4060-ba05-265ada700364,73f21962-e405-4245-9bb9-a6f84662cbd3,1458.87,2026-05-27 23:11:47.664982+00:00
7655feeb-f5db-4bef-8383-7cc8f96b7fae,639a2501-c7e9-4325-a5f1-2f40a5a3f546,1297.24,2026-05-28 10:51:03.532295+00:00
d92cf771-3b1d-4f7f-8d3a-86a4e99141e3,8e9e3971-9942-4a54-ae78-466b8179ae5d,1323.62,2026-05-29 16:37:12.228689+00:00
0b01296d-d71e-417f-a660-e85d3d15e218,cfcc1f1a-d8d1-4450-94bc-1534da38ca7e,1332.7,2026-03-30 05:39:19.056996+00:00
0109cd11-cf0a-42d9-825e-f6b34e29f7ea,08d9b593-20a0-4143-9ed5-1bc88fbdf3df,1336.94,2026-04-04 19:36:44.865405+00:00
a4d02064-0e41-4fdc-b767-cf57d540dc75,1dd33b41-fb2d-4c03-8ae2-53adf48594ef,1281.96,2026-05-07 00:23:38.337433+00:00
9973b572-6a22-457e-9c0c-afe72d1da97f,c7b697e7-6f4e-4963-95d1-96c4cf055b52,1323.57,2026-05-16 06:58:03.219618+00:00
11f9a18c-4155-438e-86ce-b1185a8c8770,4488f973-64ed-4cd4-a89a-269dada9045f,1469.29,2026-04-05 03:54:04.079103+00:00
52210ebe-60de-4cf1-8e05-6b794dd3c741,2f81808c-a92f-4a19-872d-2db59552aeea,1302.55,2026-04-12 01:54:33.160602+00:00
3311614f-56ee-4016-83ee-e38c95afb437,58e4aa39-1c61-4c08-a13f-629ab9264811,1382.23,2026-04-25 13:54:36.419587+00:00
a63d381c-330f-4707-a9bd-c40bb73d321e,20c771be-9bac-47db-934c-8c17e47386ae,1253.86,2026-04-26 12:45:19.567536+00:00
e07db680-1064-4508-b891-7aa4cfef64b4,e173f093-8ff7-45bb-912c-f41d831730f0,1331.67,2026-04-28 00:52:44.103704+00:00
774518f3-f439-43b8-a7ed-741c185ff2cd,71de62bc-1da2-4ea3-bd10-3244111c015a,1281.59,2026-05-03 18:36:53.777572+00:00
17b268fd-13cc-4e46-adf0-230dfefe12de,914d0622-cb1a-4f58-9ca9-bb8fc1c19e6a,1260.68,2026-05-06 13:43:50.699036+00:00
f1513436-be60-4e2b-b018-e6ccd8c0b46b,9a5b1a35-005f-49f5-b7ad-2458e1187b57,1413.66,2026-05-20 05:03:46.893517+00:00
657660cf-95b7-43fa-95eb-78ea85622ea0,703fd9d4-aac0-4f38-a645-5346c84e6de0,1558.78,2026-04-20 02:42:25.161289+00:00
34aabef5-6b70-42ca-8afe-fcf1c55faf6b,c77cbabc-30fe-40f7-aa3c-29131ddb5ce8,777.55,2026-04-20 11:01:24.249867+00:00
9055125c-2aa8-4dec-9f1c-9f0738227b0a,200cd5dd-8f9a-4310-9ecc-3f33c20d717f,1274.16,2026-05-07 11:49:26.982314+00:00
5feeccc6-4e03-489a-854a-8e1ad4b62b3f,3fe7c5b1-dfb7-4a12-a4de-3e3419301068,1282.0,2026-04-28 10:59:34.751645+00:00
aa294e1e-659d-4ea8-b056-562ae9cb4772,0c032332-1bbb-4007-b074-ca1589780f3f,1337.81,2026-04-28 17:33:45.897164+00:00
84140c4a-e679-4fa9-a563-2212308c7f16,cdb1a685-c17d-4db4-b341-d386526b1993,1225.82,2026-04-29 04:49:36.760219+00:00
05377be5-96ca-4404-a375-76f333cd8a75,3ae181fe-bc8a-4ca7-8d53-6ea5cb6b6d9a,1308.45,2026-04-30 10:51:22.512003+00:00
8fe52d3a-a892-4744-939c-5fac0335d066,78b79d59-b20b-41e7-84ae-4f15c4fa6626,1430.36,2026-05-13 03:52:55.264154+00:00
db74bad7-9282-413b-8135-84a7e64362ca,2698729f-0ac4-4f69-a532-5258fa9aaa1b,1432.16,2026-05-21 14:31:42.980490+00:00
31cb20ba-2d40-4163-bcf8-04cc16071cb1,77374453-4eef-4eda-a3dc-0b7238e90056,1413.09,2026-05-22 15:42:41.329516+00:00
76de7d6e-a564-417b-8c42-be61fa7ac06f,252729de-dca7-4b73-be39-57a41ca80663,1430.32,2026-05-23 09:28:12.293507+00:00
1de3ea80-83b9-483d-8623-1a6e3f544945,deaf404f-8e66-4ce4-b5bc-b303fbb9afb5,1431.5,2026-05-24 08:31:13.475065+00:00
6839878f-12fa-4eea-afc7-c6fb0c07cdac,873f436a-c2e0-4701-a2cf-e94afa8d1a5e,1256.61,2026-05-15 02:46:55.363354+00:00
26bb6f98-7c92-4602-b060-414676bb9757,e3dfa39a-7270-4464-933b-4ab6d2a7d459,1471.69,2026-05-22 12:05:43.448930+00:00
6a1a5687-0f07-45a9-a9f7-21f8226a295e,41a58e7a-81e2-455c-a0a0-4087d5934444,1363.01,2026-05-24 06:26:01.066708+00:00
d5137956-d3a5-4b50-b485-8a30378cc51b,3381a5b6-1941-4014-9c87-9616027770d8,1323.42,2026-05-24 07:32:31.410247+00:00
abba80be-a01c-495e-b172-2163dc9af93c,c731d587-cb0a-405d-95f9-12eeeb5a902d,1256.9,2026-05-24 15:35:15.595611+00:00
7af519fd-dca0-43ed-9726-95d9b6093c77,fedcca72-ff28-4c7c-8abc-c7d771221da4,1400.4,2026-05-25 02:22:22.194067+00:00
bf86941f-994c-4a15-9304-9541d901afef,7447de5e-7786-45b4-aba8-6e99f7580f1d,1318.74,2026-05-27 19:29:51.829339+00:00
3530972e-61ac-4321-b715-113ef75684cc,c268c33c-fe54-41e3-b770-dfb4693cde1b,1294.22,2026-05-15 07:00:16.375636+00:00
dc552d89-abfd-402b-88aa-70bee85f688c,19ea1eed-2333-442f-a1a0-d6d687c35ee9,1441.72,2026-05-16 02:44:04.961750+00:00
0f8f59a9-234c-4d98-8a1c-60052852b469,b3907201-ebfd-4418-b0df-1f29a3fb1815,1226.03,2026-05-19 04:16:56.790609+00:00
5bffd6a6-5e8a-4ffc-b400-1e80e9f02ae1,2b481ab0-86b2-47e6-93ab-c40883bfd581,1344.49,2026-05-21 17:56:00.031977+00:00
0dda217d-6145-453f-a5f2-80670e23808b,347772e6-14b0-4713-9aad-f0efbdb69687,1306.57,2026-05-24 21:23:48.078885+00:00
7f0227f5-52e4-4fb9-8277-453ffea9f3f6,92bce2b4-a2b2-4694-be3b-d9fda9c2e6e0,1421.01,2026-05-26 08:02:16.941124+00:00
cead356e-9aaa-40cf-80e0-d3fb91b200c3,ffdbc718-10be-4e06-abca-6ab866a9f9ed,1319.18,2026-05-29 19:43:06.899864+00:00
fcd3a6a5-7561-4742-a471-0326ca29b2f6,69a87b18-62c7-499b-bdfd-b29aff7897bb,1231.17,2026-05-30 00:08:13.759689+00:00
6d12bf2b-d4ad-4c03-9711-58807286fe81,6b46ea2a-4423-4dd8-bfdc-55e0b7834ada,1382.84,2026-05-30 01:06:25.829310+00:00
add80794-8abb-4380-b493-b1d5b328985a,f82086ae-1311-468b-b0d0-4ffe68d33cc7,1360.5,2026-05-30 10:43:45.976387+00:00
05a11a2f-60ab-4809-b99c-64ffba17443c,7f8ea364-8b68-4adb-8575-d5fb932435cb,1361.89,2026-05-31 04:00:36.834643+00:00
0ab398cd-b458-4030-ace5-ee0735020fe6,c915d0a2-5615-43de-90e8-3af7176f227c,1533.28,2026-04-11 18:38:46.779786+00:00
972ae1e3-9fc3-4a77-8968-89d1e0324a3d,a7a8d3b5-5e31-44ce-af3f-9af7f015e0e0,554.54,2026-05-03 22:56:35.845447+00:00
bb04aa94-f5aa-4910-ba86-938e8a02e71a,dfadd5de-c17e-457e-a65a-5346e3e15f69,1686.87,2026-05-13 02:14:48.143926+00:00
47eafc0d-ef11-46a0-8dcb-ba542da67f0b,9b79811c-5f6c-4ffa-8cf9-ea127d251829,1428.83,2026-05-19 10:43:52.373216+00:00
c56cc9ea-6cca-4b36-a6b4-773aefa214fc,7ea559c4-5285-4106-bcfa-fde122a177fa,1263.16,2026-05-19 15:55:23.297786+00:00
8aed6733-ebc1-4821-a38c-205d35be7c90,3d76648b-3d99-4867-9f74-3225f93189cc,1347.71,2026-05-19 15:48:44.541141+00:00
a2e1dfe8-b4aa-4080-bbf1-7163c96dd7a8,c6a77eeb-0bd0-455d-8da9-7963cee1e586,1635.03,2026-05-19 19:22:37.301719+00:00
b7135df9-6cc9-437c-bb32-64ffb7ae9684,bdb355ff-db37-4c17-8032-9952e4f5b192,1365.54,2026-05-19 22:42:19.907908+00:00
05c44d9d-1749-405a-a291-ae0e19196d9e,f8fbfb3d-7065-4668-97e0-c952ec7ff589,1324.45,2026-05-19 22:06:52.083935+00:00
3a6e64c6-f4de-4555-bd07-78351e99d212,61ab63d3-06e5-480d-8a6d-02894be187cb,1383.74,2026-05-20 01:59:46.741207+00:00
cc0aa5c1-3918-4f3d-94ab-3f7b51ae0251,707d63f8-44cf-47db-90a9-b955129080f6,805.66,2026-04-13 14:29:53.624231+00:00
63908ec2-cda0-40a8-965c-fe83de40d495,8333a375-5118-41aa-b864-48a483020aaa,1172.85,2026-05-15 02:12:03.678851+00:00
af609f6c-acf0-43d4-8ddd-3e27d3864efe,eb4462cf-d029-4c75-84a6-fb6efbe268ce,3286.26,2026-03-29 02:20:31.369321+00:00
d44702f8-4ff4-486d-916b-2b410c85d853,4fd562bf-dfa5-466b-b42e-238407afbd76,874.51,2026-03-21 13:02:26.895364+00:00
bcb23827-62a3-4e59-85f1-07b380952f01,11a14483-c1ba-4762-ba1c-30249d8cf7f8,702.16,2026-05-28 20:23:58.905258+00:00
d953210c-dfb0-4b78-8580-8dbfffce92e7,d25f27f4-4a82-4916-82e1-b1b1dfe7f802,485.0,2026-05-31 00:16:18.053252+00:00
332a2b40-3542-4367-8446-6c6ce2aabba1,d79c0ec6-e57c-4c28-85db-23c5760ae410,4894.34,2026-04-18 17:30:15.980904+00:00
4afea4f0-853f-46ba-92b5-f3baee2092ea,21a247fe-03fc-45c4-a9e2-f7a17e012f72,2268.8,2026-05-18 10:56:51.666618+00:00
89cd10f0-fb36-46e9-ac3e-98cf854d6b5a,de692c63-34b0-413d-bff1-ddd85bc91d86,2472.95,2026-03-19 19:28:07.753417+00:00
eee63edd-d2a2-4b3e-8e02-c2f09676cc7a,397d0379-0e0b-49bb-9c04-d37f67331bfe,982.8,2026-04-14 23:56:09.790788+00:00
948ef122-95f8-4795-bfbe-0f5bbf70f3ca,93429e62-627c-4ca7-a0d1-dd71b6a099fc,2116.71,2026-04-30 07:38:52.158246+00:00
1fe68324-877c-4b5c-b9bb-196178f3ad2f,8fce6153-c97b-46d5-8fb5-1c3f72bde6db,5302.11,2026-04-01 22:08:37.306916+00:00
6fa49dcf-3527-443b-984c-f5fd35d6ab95,67bb2533-d903-4efa-a29f-825c74dd2fe3,3249.88,2026-04-28 13:48:12.338966+00:00
37271251-bc91-4b82-ab37-1944b08164bf,35554885-0d0d-42dc-a6ea-ac823a4e8965,3133.32,2026-05-27 14:33:19.389134+00:00
35c06229-9be6-42f6-8a47-0c23a089543f,42bc001d-8d8d-4c65-bf5c-64ef1091a36b,731.62,2026-04-23 01:05:58.047577+00:00
76bb799a-4545-44a0-b7f6-517ae922ee8d,3608ae62-e8cd-468e-a222-e07a2e240fb4,1250.38,2026-04-23 14:25:53.906223+00:00
f7fa2420-50e3-41b6-a2d5-22b580763fe1,16847893-f9c9-4d04-9df9-7522a23302f5,622.92,2026-05-30 03:23:19.535375+00:00
ceafeaef-c1ba-4650-a5a8-717fa6b55b1c,61e5c3d3-72dd-4f72-95b9-6a497d4f06c8,4505.78,2026-05-31 01:10:18.933106+00:00
9b1a84b3-545e-4d92-b871-80970d0949fc,788760e3-3e3a-4951-ab1b-8259fd422b34,2407.67,2026-05-31 10:46:59.100925+00:00
e60aa053-9ed1-4c62-9963-eb9c3ad9aa2d,f6ccdcd0-a911-457b-b359-2426032fe8f8,845.59,2026-04-20 02:40:47.461409+00:00
9e9761e8-a0ed-46b6-8081-64e4f819ee28,cd0fd393-8aeb-4ed3-9969-dd46d922dee9,613.81,2026-04-20 09:14:27.666688+00:00
ba2287ff-c8d5-4e40-b210-9c7eeaea7994,c9641095-47bc-4891-a809-6d1383dd8c15,998.96,2026-04-20 18:42:56.211530+00:00
8cdc69a0-421b-43de-9e1f-7edce629c62b,b433e3fa-3888-4eb7-8ea7-b9665fd989b5,1083.79,2026-05-11 00:28:17.545615+00:00
60628888-d7f1-43f7-9790-0cc435fb1b26,79e72eb3-f771-4b7c-b5dd-29e091117d23,926.14,2026-05-12 13:59:16.390576+00:00
039eac83-2b1d-4097-a11a-c73eaf96d8cb,6d837221-6c1f-4429-9d3d-fd5d3c75698a,1295.82,2026-04-02 06:23:28.529173+00:00
3e2de4f5-e747-4872-9a00-bf5f5be1e2e1,98cc3cd4-7cb4-4d0e-bfc3-55ab47c9cafa,1156.61,2026-04-02 07:37:43.267111+00:00
9f82b7e4-3d1b-4798-bcea-e008e1e61471,e55ca8f3-6949-4550-a297-9c6beec771df,1235.19,2026-04-02 13:48:38.740575+00:00
5bcfa840-4871-489e-a151-a47444da2c68,a6102194-cfc6-44c0-a7f1-d291647633d6,1249.94,2026-04-02 19:21:31.983859+00:00
93d714ec-9f33-483c-938a-c63f164acd1d,887a148e-b59f-4bf5-a528-98a2bae5fc8b,1130.33,2026-04-03 02:13:47.672605+00:00
850d87db-4678-4853-8f7c-9530c14cb16b,1b44dfa7-d921-4fb2-9140-d2a5b4cba6e7,1127.74,2026-04-03 06:57:13.141031+00:00
12b793f5-d07b-4448-8859-acccb41589ac,d722dbf7-9b35-43bc-9081-2ae1d85640f3,1195.29,2026-04-03 06:15:57.736730+00:00
36fcab30-15ca-4c1b-b3a7-2ef3c7556402,aa80895c-2f7c-4a4a-b69b-7202da23ef1e,1170.12,2026-04-03 07:19:17.319498+00:00
b47e3e94-c19b-49c2-a0a1-7b9e86164305,d38f75fa-5d07-4d40-8998-3c52b61fb571,1184.28,2026-04-03 16:24:11.686722+00:00
bee5b9be-22b8-47e1-a57c-c6b0344e73a7,6ea2ff88-e32f-4f6f-9cc3-e9dd33733da7,4342.23,2026-05-18 01:58:28.476890+00:00
13284e8a-6a45-40b9-bc5a-72d4fc9f4101,79986323-bf9a-4a98-8d31-f7f32ba8da6c,1225.07,2026-05-08 07:43:07.328654+00:00
8ab1847c-770c-4b0c-ac6b-a3c507cc6a7a,6b2ea77b-13d1-4fb4-8dde-ab9de4db7195,1195.95,2026-05-08 09:06:29.731643+00:00
a2abec9e-41a8-4806-b78b-b9cae22a44bb,883d0df1-ccfc-4531-8597-542dded7cb1f,1150.0,2026-05-08 12:27:50.837810+00:00
b3b2753e-316f-4d79-ab8b-83a30fa79938,ac4edb77-4a0b-43d4-8ed1-432d0b983c42,1345.47,2026-05-08 12:40:31.315067+00:00
45dd092e-d70d-4b84-a5e5-278268a18918,1da64d24-8f47-456c-907c-5b0e64680bca,1350.13,2026-05-15 23:42:42.108244+00:00
6b546090-073d-41a3-ab43-b3fcfe728471,f112102c-eac6-4499-9a8f-cd3922e279bf,1257.85,2026-05-16 00:51:06.878916+00:00
80aabe1d-e18e-4d2b-8dfd-3ea378f2aa6b,a3a8bbd0-0684-49b4-85f0-98ed327ed603,1264.72,2026-05-16 02:36:58.447410+00:00
236ad860-6e35-43c0-9ae7-1c23126b335a,20bf50c6-85e4-416e-a84b-9164bf1cce0a,1100.48,2026-05-16 20:59:06.681059+00:00
aabff7d9-6aaf-4f9a-9ca2-1723de037360,1dd7047a-15ed-4d62-ba61-bd9373ae4fd1,1276.93,2026-05-17 00:36:33.940914+00:00
288676f4-3da2-47d5-adf5-1c7dec3e9591,2d68cb08-adcd-46e2-b5c7-491ce12114c8,1154.16,2026-05-17 02:52:41.389664+00:00
b0c7db04-072f-4e17-bd98-bfa38979348d,2c008338-9b31-4845-9d84-e08ccd81906b,1277.31,2026-05-17 05:20:51.550857+00:00
21c458ed-796f-421d-b876-af63c5cfbdab,974beefd-db07-468e-97ed-7aae772e9688,241.24,2026-05-30 10:03:48.648955+00:00
138bb913-b74c-45de-abc7-1c67ade464ce,74f31bf7-565b-4c9d-b0b2-d54f57214778,143.18,2026-05-31 08:09:51.351495+00:00
5f2e0013-6a71-4961-898c-a270b044090d,bf84beef-7f8a-4999-ae3f-0d6ad1b85d42,1228.52,2026-05-29 07:05:11.341499+00:00
c4660235-7d4e-453b-acdf-51c104c6b04d,7bdf0a0c-732c-41b4-a347-2006b36c0d6d,1233.02,2026-05-29 08:42:47.591427+00:00
283c4ffa-c2a3-4594-b6f7-feaf12d045db,efc4754d-2c55-457e-858a-7033905cdb4e,1086.14,2026-05-29 10:22:24.012914+00:00
f35d9366-da1e-4c45-821c-26a8350a278b,017cfa90-c104-4737-9f1d-bcdb3c264ec3,1189.97,2026-05-29 11:47:54.851123+00:00
6de6a095-23d9-4a44-a379-62ed30d70556,0e8fee0d-e10e-42e8-8c21-bc5d804840b4,1249.03,2026-05-29 12:28:54.874082+00:00
751a34d2-3576-4979-ae87-b7a10555dfd0,a0ff9711-6027-4286-b413-3e7ce901dfc7,1193.42,2026-05-29 14:09:15.168828+00:00
056ea5ff-507a-4c71-a961-d3c13a6e8a81,a64d6ce1-28a3-4b8f-856d-feb887c3e24b,1159.84,2026-05-29 14:50:52.120881+00:00
7dd040c9-78d5-4fc5-bba8-fac7dcb9ab07,cee210cc-0bc8-47c0-b849-eb4e46e9d523,1257.57,2026-05-17 20:22:02.127766+00:00
01bef6f9-7636-4bc5-91ef-d8ee93120fee,ededbd86-791e-48d9-8ea2-a2d007e0462b,1153.52,2026-05-18 02:32:53.840487+00:00
8c34add0-8979-4744-a0a2-521a4d2a1557,b3102a09-e085-4d17-8d00-dba856d2711a,1192.86,2026-05-18 04:33:27.111710+00:00
c4ff6960-6e5e-40a2-87e8-5cac5438010e,45572242-5617-4fac-a943-ce2f8616106e,1196.48,2026-05-18 05:12:08.480096+00:00
7ba2af23-2280-404c-b4d6-ddb9efd6c4f0,dcd8c6c0-a544-416c-9c52-9552ef36ddca,1288.43,2026-05-18 05:23:39.980361+00:00
40fd3cc0-d28f-48ae-8639-ee407e7899b0,e85eeae7-7c1f-4221-bb05-5960d622f87b,1076.31,2026-05-19 02:21:39.117731+00:00
fcaa7a5a-5cc9-4ca4-92e7-82af336fee12,7c18a4e6-6ac6-43b0-b309-d2749f222ae4,1329.05,2026-05-19 06:36:04.797773+00:00
d8cbbc22-86be-4198-b90c-75ad1d2a2f28,c08f7da3-baca-4d61-86f5-6b152628f9ac,1211.47,2026-05-19 13:49:55.877911+00:00
9debfc43-0f55-4a71-8693-0be1583a7bbf,a1770c1a-b31a-4abc-8345-122afda4d82a,1129.03,2026-05-19 14:52:48.381300+00:00
3b37ca32-8673-42d4-825b-399cf2fbb1a5,7b401cdd-8ae6-481a-927c-e9c47a3018e9,639.64,2026-05-17 13:38:27.779672+00:00
5a8123fb-5bad-4420-9e1c-9bb6086cc729,d790d52e-1a43-4c8f-b8d0-9f80926c01f0,307.37,2026-05-01 16:28:44.080460+00:00
4606d95f-d2e3-4e65-b006-28ada66d2237,31680be2-f179-4472-a2a6-c614b9939422,2468.97,2026-05-23 07:59:13.741959+00:00
1b4818d9-d67e-4692-97ba-78f9170a707e,4279804e-d039-478f-b73a-8384e24dffc6,1861.37,2026-05-30 16:45:34.540718+00:00
1be72481-4a9c-4121-958d-8e022d964dd6,2dff2faf-ca2f-490b-9aa9-033b8ddb168a,71.0,2026-05-29 23:07:15.003893+00:00
d2f8ce93-f56c-42bf-8a94-9caaca28d133,07db42c0-fe0b-4704-bdb6-a588fb5b5784,199.07,2026-05-30 08:05:47.633593+00:00
055d730d-73cb-4018-b487-a34a62f3e9f0,b4c87865-ff1e-4d2b-a249-bde0ffae9478,149.69,2026-05-31 12:38:17.013755+00:00
ac3e55f6-487d-42eb-85e1-b56d03bdc05e,fc5d9c2f-b4c8-43b5-93fa-006789a3178d,2315.53,2026-03-12 23:37:15.416413+00:00
7a6dc713-bca7-4918-9ea9-1d9941c275e5,bf8298b0-834d-4c90-99aa-a9ff3313ac30,847.77,2026-03-22 12:10:54.999895+00:00
12990c8e-5c20-487a-a75f-45b5fb2169ae,43df9eea-7249-44cb-9b4c-085ef04d6ea9,892.26,2026-03-30 06:14:07.914009+00:00
26c757b8-abc6-40fb-88df-67781d3c8f1f,23e212aa-00c8-451d-a2b5-c504ba479299,3039.68,2026-04-01 21:27:33.427046+00:00
9bf2bfc0-ec1e-4b3b-9e07-de15a2d3e405,31e08955-183a-48a3-a5f2-15336dfd9b8c,2418.72,2026-05-06 00:07:55.456420+00:00
9995bebf-4baf-4504-a31e-c1a3abca6e46,f22be069-fdae-4cfa-9e27-7e5273d0c61c,372.73,2026-05-09 15:15:32.931204+00:00
30b9b1bc-e2f5-4e3b-8010-f8c64150eba1,1e876fbd-d082-4af4-b919-40bb59c7091f,730.49,2026-05-14 17:41:26.841233+00:00
193f757c-20fb-4fb9-8f0b-c5044a86be05,1642ea8d-a9ff-4a03-9499-53491b3274f8,3957.34,2026-03-25 11:44:57.625605+00:00
16c4685e-75cd-4ece-95f2-5cdbe991d2d2,84735594-c051-4d85-a039-50c9f2932a5c,10.0,2026-04-03 11:25:55.449531+00:00
862da723-b8fd-46d1-9fb5-6451bed805da,8d0d21b0-bafa-4243-999f-15747569cefd,6152.1,2026-04-10 14:45:00.042948+00:00
b4141d82-e87c-470d-9a0e-4cb48bfbcf28,a705f502-66ee-44ca-af28-bf37eae836a4,997.39,2026-04-20 16:49:39.265285+00:00
bc812472-6ad0-42fd-8cd5-c7160752d67e,c5998f7e-c17e-4768-972b-b51dd3447397,1958.48,2026-05-12 02:09:09.836595+00:00
a38c47ac-5c34-46c5-9443-768be5263bab,83dc066d-10af-4153-9a07-e6ecdb2a40d7,6251.94,2026-05-15 14:51:19.109022+00:00
5fc03598-32be-442b-ae41-8d3416922846,e0869dcd-3448-4fd5-b631-19c3324349fb,5297.94,2026-05-25 19:41:55.664771+00:00
1315db70-0b41-40e1-9024-4c37f3760368,85e83ee6-6b8d-4db3-a9d1-faac3fc0df5c,3380.56,2026-03-16 10:29:33.688675+00:00
885a7f12-62f2-4430-a67e-3dde125675ab,0861c8b2-4508-4211-86ea-504934277aeb,1211.59,2026-04-13 12:38:06.665185+00:00
35822c51-06cf-486e-b881-750c1896c777,8f01fb9a-db70-4650-9481-f524299d366a,3320.34,2026-05-06 08:03:41.605871+00:00
b1b1639b-b717-4b32-bc3d-834394f5bab4,53f7ec49-3133-4ab3-8a5b-6a8d8bc31a76,2668.8,2026-05-10 14:30:49.083125+00:00
ef3e47e7-2c69-4fb9-9aa1-2ff235f2105c,be0a89ac-c791-4189-b07c-484887a42bd6,2869.43,2026-05-28 17:17:47.328613+00:00
669b25db-72f9-4d1f-84af-90e91d5690d4,0d86ee43-4d93-4d55-a92b-c5230842ab3b,2812.5,2026-03-28 03:23:18.131764+00:00
d3563bdc-71c6-4f50-8173-7b8e1caf6b0f,5fdc899f-e9f3-40b5-b9f2-b88fda09cd6b,2991.51,2026-04-09 20:13:05.137977+00:00
0d12bd58-30f2-4f99-877b-420f52eac28b,f75a3613-7d1a-4158-af0e-7bbf4d22680f,1510.46,2026-04-19 03:15:20.496900+00:00
4639a91e-14d0-4b57-a058-85a6765ac687,3b824b50-b3fe-44d4-ab62-546a15430588,2396.17,2026-04-28 11:23:58.323631+00:00
b1a0c73d-2cef-43cb-b602-42541149b350,1e101a13-b943-489a-8e08-b72d7ea8a3d9,5408.63,2026-05-01 11:26:30.730864+00:00
ef8c3a03-7e1e-4622-b210-b102535d9d0c,3515ff69-c5ac-441a-9460-c63db4ee83d3,3534.01,2026-05-10 19:40:35.892306+00:00
61430d9e-3a29-4726-8eec-473eb3a1b18a,7e38f6e2-3a0c-4bd6-9629-c78f24d82072,1051.79,2026-03-28 07:07:12.782190+00:00
66393c4e-071d-4778-8ac4-b9b5774bb705,37a72186-9560-474b-97ae-78be3563f689,771.13,2026-04-14 09:04:37.625800+00:00
6ed8a30d-13f1-41e2-acb9-0099fae9144c,30d41f35-64ef-4436-9228-598b4c848e60,784.92,2026-05-19 05:07:35.789966+00:00
4577da65-262b-46c2-bf37-38e6ad1c13fa,03647a77-4146-46f1-ba38-d7547d3bde8a,1033.6,2026-05-22 18:27:16.414496+00:00
49cb67cb-98db-4edc-8e38-6ea3fcdf6e56,4e191803-da33-4f0b-91f7-6bde8bde25cb,1835.53,2026-05-22 21:42:23.920114+00:00
d09810f2-05f7-4f2e-8778-37dc3dee3505,134f1788-e7ae-420e-bc87-599f911384bc,1390.04,2026-05-28 07:50:08.091616+00:00
000428ef-2bbe-4802-9086-24349069c3a7,5325eee6-7beb-4ef7-9f81-80e77a27e970,3517.71,2026-05-28 14:32:19.200328+00:00
8fc839e9-a430-43e1-b5a4-40e9a1175ea9,86168689-8695-4ec6-9bb4-4b7dc40d2f02,3647.96,2026-05-29 01:22:50.746960+00:00
7585df36-101e-48fb-ad66-5ef705f3210e,83ba5bab-d44d-4dcd-8f97-860e6b8f97d0,3447.25,2026-04-11 21:51:18.347759+00:00
e9d2feee-35f0-4607-bdca-f04a56749af1,61d18c51-4bf0-4f59-b4a9-9fe6b81adb61,3582.16,2026-05-19 17:41:51.619664+00:00
2bef6012-e03b-425f-ab4f-c2dfcb7e3a41,3f749cab-6619-4769-9de8-6acfb8c3159d,3882.64,2026-05-19 21:01:07.483358+00:00
dab8bb5b-ae1d-45f0-8a9d-42d997a949c2,d49f37cc-1283-4820-86f1-dd30d432987c,3580.37,2026-05-20 01:59:55.906673+00:00
f0862622-dadd-4427-b729-1fde5e8accbe,0b7669cd-6c3c-4870-8e45-ae998a9d0b23,3660.77,2026-04-13 00:29:25.713361+00:00
1cea689d-ab32-4224-b681-3bfe7a5ee61e,e5b09388-909c-4cdd-bb78-9b03f1072e02,3203.97,2026-05-03 10:54:43.676835+00:00
a7b229bb-4a68-47e3-bdaa-94b6955dcb07,54ffe04d-14b5-4920-90d4-d3dcc21427b8,2552.44,2026-05-27 09:45:19.417217+00:00
a693db9f-3362-405f-bce0-fbb25445f04b,58f657a8-c6f2-42c7-b99f-24a81c729498,4029.21,2026-05-31 03:31:19.681126+00:00
ae79dd98-c090-4459-a55b-5c3827c19a86,6981cc98-50ce-4592-8bd7-a78c49ae4e9b,296.26,2026-05-25 14:27:42.896765+00:00
26893dd2-2629-4926-ad5d-1ae9145da834,b5c07b7d-adb0-49f9-8bd2-05e0509d2c16,920.46,2026-05-29 13:38:13.585004+00:00
3317fe8d-d31a-429e-9a35-bdc96dbd033e,e8a20d15-a315-4c5e-98ad-65c45a5e1cda,5301.26,2026-05-05 02:13:48.752587+00:00
e5ff51c5-ca78-49e2-9678-1c2f02ea63aa,f9ffd507-40ff-424a-8a40-19b817006a2c,2980.74,2026-05-09 04:25:43.774038+00:00
c4e29f97-7ffa-4370-ba6b-1823a03de291,80fef90a-8074-4692-83b0-b68bfb7fba79,1116.07,2026-04-04 13:57:45.984295+00:00
504dffc7-e839-46cd-b007-01a8f563112e,bd6331b4-0a77-4014-a1b9-5760caeafced,1115.73,2026-04-17 15:43:26.671257+00:00
7f0df78b-b095-4483-a66d-39ece195e0c7,85a0dee5-14ba-41fb-9009-c34236d5a9e1,1121.36,2026-05-20 18:55:32.125559+00:00
da860b7b-c121-4323-9792-f359760e69cb,ee90c5e1-5ab1-442f-abd4-1319f638ad40,1096.5,2026-05-28 21:53:16.930198+00:00
fa373cd4-9d1d-49fb-8f07-6ceb94c4639c,928afb8c-ba54-469d-9779-c232cada5bda,1034.23,2026-05-31 10:05:10.671252+00:00
3de1febb-4c22-4fa3-a02e-dbf4bbb9ba64,18af23df-9b6f-4060-8dff-4a315cb7d6aa,3056.53,2026-05-14 07:15:57.060958+00:00
d2093a5d-b92b-4fd6-bb7c-81056ce6b509,29c32c6b-4c03-4e66-865c-4dbe279c5149,6548.29,2026-05-26 09:47:59.730054+00:00
8a578f42-5b42-4200-8a49-03e5e16ca298,d65d5803-a1a9-4b88-ab19-6b8ead287af0,1124.22,2026-05-25 01:04:20.404254+00:00
37977925-c527-46c8-9406-3dc816a91cf9,5e879c46-1991-48cf-9517-2dca9f8b72dc,4473.42,2026-04-18 13:39:51.189912+00:00
4feb1ec1-ffbc-400f-acf3-e13db1eb026f,e0100472-1180-46cc-b8d8-74e588974da1,4648.32,2026-04-05 22:26:45.972086+00:00
77edd4e6-5901-4d2c-a920-f0d37e22936d,7ffc85a1-6fee-48fa-b194-ca3552a98f14,4487.26,2026-04-21 22:10:48.269008+00:00
36a24330-d5e0-4e5d-858e-004876fd836b,6867c6c2-f264-4486-88b0-833e368cfbf3,4620.53,2026-05-27 21:27:19.997942+00:00
2e55bd71-4f81-45b2-b844-0d938bb8575d,e5dfc174-92c6-4e56-886b-9abdec75db97,4998.58,2026-04-14 11:35:05.753153+00:00
ee8fa3ca-4a93-4e23-b9f8-c55a31dad143,1b2ea179-b743-4e58-b4fa-6df27f319499,4117.46,2026-05-18 03:53:47.662678+00:00
0f2ef947-3225-44d5-933e-ed229804e4e8,f670e61a-96b4-45f4-8260-decf68880569,4820.43,2026-05-21 12:17:38.464712+00:00
b6e09e9c-2237-49b9-b467-69e7660bc20b,e06fb406-13d3-4a44-b4a1-bdc1e0b3c490,4365.63,2026-04-08 00:19:51.484616+00:00
886c49d2-b9f9-4cae-a80f-fd0e202fbacc,749c7552-03ae-40ac-9e57-b6ce6206cf0c,714.21,2026-04-22 02:08:29.119753+00:00
511ce9ae-1b89-4b04-9ac8-a69b3dc23f3d,269f2ac8-2d49-43ea-9fc7-739a6e254de5,691.54,2026-05-18 21:19:11.625490+00:00
8a680ec8-cd12-4501-81ce-09510dfac912,8d21c5cc-f678-4c8a-aa2f-0f3941406bc2,685.61,2026-05-24 04:37:39.638436+00:00
0f999442-eac2-45d4-879a-b3d9031692dc,a6e9e1d0-b0a4-4018-b1a2-ead4a65e9766,662.23,2026-04-18 10:19:31.666916+00:00
709d9172-94a5-47a9-bbe2-f4c6f109fc4e,d9bd11b4-85ca-44e1-a301-b1bc34a5ef4e,715.61,2026-04-27 13:07:28.515865+00:00
58494d85-32a8-4f12-acc0-5c69456d3acf,ca5766e4-502b-40fb-8c93-389b8252cf8b,674.72,2026-05-12 23:39:22.216201+00:00
dbfeffe7-a599-4388-880c-10bd3229e7bd,bf72e20d-241d-4837-9883-5c0bf7b84759,656.46,2026-04-29 11:26:21.414563+00:00
1cf54059-45ce-4668-883b-259be51b65ca,ce022bf2-dcb0-45a7-8239-a07bf2b40837,690.16,2026-05-14 21:45:12.077871+00:00
ade56548-68a3-4843-ba06-84ad4717afd4,3889ebdf-e102-4917-af22-1bfa2778af76,2384.09,2026-05-03 23:57:37.156917+00:00
e8d0cbb2-6324-42ef-9a93-0785bd892eb0,09bff8ea-4956-4202-9c90-35d02c2c8c84,660.08,2026-05-18 09:32:20.815516+00:00
81dd615e-8777-4f50-9893-983cb8f96b8b,25113b1d-d7d9-4a30-9365-d8035174eea1,696.05,2026-05-30 23:17:09.857536+00:00
fb62240b-1b2a-4406-9c9a-768daa732ae5,eaf59edb-1fce-4363-a7ce-4327af9de2a2,713.02,2026-05-21 16:45:34.575008+00:00
0e4b370c-279b-4961-881e-4330828e0b24,29884c2e-e795-4135-9824-fc9d74c765ec,687.97,2026-05-25 03:40:52.993281+00:00
bf52b5b2-ed90-41a2-bab5-7220b4e6f40a,f5389484-3437-40ee-9f3c-b45ec2ef2a67,3839.27,2026-03-31 20:30:38.765118+00:00
7bff2f0e-1ca6-4498-8191-00679b142489,24b5ed72-e96e-4921-a244-31c12a78926e,10.0,2026-04-17 19:03:56.144985+00:00
75c87f0a-9649-45a9-8bbb-3d40d6072c64,8114581e-5752-45c7-9fdf-955d4e7d65c3,2478.51,2026-05-07 03:32:00.193005+00:00
2467535f-c5d1-48a9-853b-5374a92a2d31,c71dbc59-43a6-4894-8876-6d0b863766da,3955.4,2026-04-22 09:57:59.882869+00:00
c78deaa1-4b19-4cfe-abca-b866910757e9,da19bcc0-ac37-43ca-8932-792a2f88c534,4732.88,2026-04-09 08:23:08.816601+00:00
d31fe53f-07da-4ce5-8970-dd7c5720b6b2,7738d64c-b845-4122-9150-a702d9fd935a,3947.79,2026-03-22 00:25:22.057669+00:00
5481c897-0b93-499d-8e64-ea87e5b36e2a,7d3fcc74-7ec3-4f64-ba74-1999f3066c33,4117.17,2026-03-22 07:47:34.625855+00:00
332035a8-d43c-4234-b436-d45dfb293155,2cb2231c-1c30-4082-b0cb-9c2c9bb4f34e,4279.82,2026-03-22 10:04:15.392912+00:00
54483ecf-32d7-4924-8791-e6d93e6c90d1,ce36ad5c-8333-48c2-a4f0-557cb079ef80,1213.29,2026-04-20 06:39:14.206351+00:00
f539013f-d4a0-46d0-a891-2149981dcb8a,faf2a5a6-1ddb-4c1e-9f10-e8bb63aa9fad,1108.72,2026-04-29 18:47:30.656834+00:00
761c446e-35ad-41fe-936d-30b199befd46,00627c82-2c67-4e97-950f-04fd9a5fc3a9,1184.27,2026-05-24 02:04:52.698126+00:00
d46c70cd-6ba2-47e6-acda-e0051e74c4c9,4b4fc3f9-6110-4aa9-bb74-fbda7c4ed014,1063.24,2026-05-29 15:30:33.612225+00:00
f3466656-fa64-4aa4-bdfa-794cbed94170,1497c8ed-56d6-4d01-ab73-39956e890c3c,1185.63,2026-04-10 05:33:17.971321+00:00
97e580c2-ea04-4378-b511-06770db6b806,2276dd4a-67ce-4d8c-897f-e3ca0cf0a49f,1149.87,2026-04-12 16:15:12.809804+00:00
68523da6-bafa-4319-a2ee-a6e0e2f73d59,b24de6af-5f06-40a8-88c7-242e34f34d39,1134.23,2026-04-16 06:22:16.322945+00:00
a63f210a-e0e4-4f27-8563-300ebaaeff78,d2f80a5b-50e2-41b3-a118-592c0ba10753,1225.75,2026-04-18 02:23:03.823717+00:00
6d3c1802-7098-4418-9d88-46f4cae42e73,3ffd563b-fbb0-4506-8a40-05b74f55ea84,1109.16,2026-05-15 09:12:21.690556+00:00
4657a6cf-29ce-49ac-b3bc-2a954a1debde,9b8d6708-c2a5-4db3-8a11-15e4bab356fa,1260.57,2026-05-29 01:36:39.318898+00:00
82614f99-1d9f-4697-ad61-c651de4ad480,bc6f3ae0-93b1-449d-89ef-26bd2f163b3e,1101.77,2026-04-14 16:09:07.934298+00:00
8d69bc43-4ff1-4448-bc2d-0cb57677c5d9,400021a9-0b20-47c4-9d7b-91dd52be9ca0,1066.42,2026-04-24 23:01:14.313706+00:00
0027f12c-050b-47f7-8638-7278cb783f3b,4a430a55-6738-4db2-b3a0-ccef1c21144a,1135.83,2026-05-02 20:16:36.546891+00:00
8f55c153-e18c-4b22-8f85-77c8014bb081,ae744146-cecd-4d8a-9e0b-c6ba0ac038e6,1223.09,2026-05-07 04:01:23.423379+00:00
10af8298-c5ea-4789-8d70-c4f54d24a39c,aaf613d4-1a7f-475b-862c-29fcb26e456e,1228.88,2026-05-18 23:00:08.681754+00:00
c027d101-b9d3-4264-ada2-198585beee13,b4123671-112b-4afc-b0fa-a7b9274a16a4,1107.89,2026-05-25 03:24:19.678751+00:00
07f8044a-c29c-4b19-a5ff-f3837bee82bd,90f85bbd-5201-49af-8d22-a5d21a393fd4,1023.78,2026-04-23 04:48:17.954055+00:00
dc39efaa-e238-4914-bca4-1152abcf6f99,068be015-2c9a-4c33-b194-36c0f95032c3,899.58,2026-04-26 19:16:57.014664+00:00
19a23b6a-37d4-4f7c-aece-5ecbccd768b0,9f23ee3b-9c21-4377-a26a-2161f3d55462,1223.42,2026-04-28 03:52:16.316794+00:00
da8f69a3-f67c-422e-a55e-405b8e57cbb8,bb2cb367-c9ab-4221-992f-4bbb13bd6c5e,1203.87,2026-05-03 21:02:52.622698+00:00
a8556029-8c48-4dfc-ad73-dae9ab5c4672,53b6d486-3636-4f0e-a9d3-508ef250e41b,1198.74,2026-05-04 04:57:55.285497+00:00
18bed1ba-2716-4730-bee7-53f4c09ce39a,6ffb759f-3703-4f31-a208-b66bfa88fe7a,1276.56,2026-05-15 10:25:13.806877+00:00
b0dd9dd8-6d24-49fd-b704-85c264106225,487d345f-f92d-4ec2-9baa-76e5a95dad20,1167.89,2026-05-21 21:51:17.152087+00:00
2ccc6e81-e703-433f-8449-bb793da51ed5,b8bee018-bdb4-4509-84f2-c2e024f91577,1140.73,2026-05-27 11:46:04.278683+00:00
7884f3ec-1e0c-492c-b0fa-56e5f2f77fe9,5a9588cd-b4b1-4c73-bb69-d5600fa78153,1231.0,2026-05-30 00:52:48.406676+00:00
fd2beeda-7055-48ce-8414-ac01ae7064ee,121f2e2e-0bee-4657-b7e9-c9ef9212236e,1063.04,2026-04-11 03:01:18.858540+00:00
97a3c892-8aed-48c2-a981-ae04f50e4444,4c7ec3af-6c37-432f-91ad-bc8292e1d6ab,1116.21,2026-04-13 10:02:46.003088+00:00
fd0501c1-3dd9-49ad-9292-5c082932f147,efa6b0bc-783a-41bd-8182-7fcdc0269c9b,1086.32,2026-04-14 17:24:37.121004+00:00
541e0db2-2e3e-4bb0-a73c-0a98ef96be16,63ceda77-4364-448c-9419-8fd6395d7030,1220.72,2026-05-04 15:27:39.123817+00:00
8ccaadca-ed60-4c80-ba02-bce51c15054c,d2f321c0-a21a-4e4f-89be-cb715deb040b,1222.07,2026-05-13 06:36:27.506790+00:00
1b37781c-ee1b-4d86-a32b-47795dfc6e23,f342bd57-e271-4327-97c7-b89c72869ed8,1282.71,2026-05-16 19:29:38.674411+00:00
46f068da-b823-4aa2-9b12-18b71690d21a,d9eda43b-08d1-4069-9343-7af678bb9b35,1139.99,2026-05-20 11:30:41.217928+00:00
ef653a48-0dd9-4a9f-8659-e82738f0e6d4,6045519b-de63-4f36-bf12-e0e6d897b266,1097.85,2026-05-26 09:29:44.983490+00:00
8e8c2749-2f36-44de-b4f7-e6e6b02fc36b,408f4be8-586a-470a-8298-1f2ba6aa8d5b,1038.94,2026-05-27 08:34:32.024827+00:00
d6d2f947-3d03-44f7-9fc9-68565df7d0ff,b0ad7414-d54d-41e3-8e1e-33724a2b46ff,1138.09,2026-04-06 14:55:02.746103+00:00
08609e91-83b0-46c9-b67d-3cf201df0065,587a9d34-dca4-4ace-92a6-dad17e035234,1145.12,2026-04-07 02:27:30.243307+00:00
0fbbb25c-2df9-4ee6-a2b9-93b61c0eb78e,cbc6d2d0-b536-441d-bdea-d1ad9b636355,1249.78,2026-04-12 17:44:42.784650+00:00
8d011022-d04b-4879-a0af-42934e171f0d,2a299e35-6d25-4b8c-8dcb-35a0554c480e,1242.73,2026-04-29 20:51:07.971780+00:00
3b98450c-1660-4767-872a-2123d42905e7,dbe6222b-4b69-4918-9a0b-fb67c6dd4cee,1147.55,2026-05-06 15:37:26.365374+00:00
0b483a96-d842-4c71-8b5a-964aa0e01431,6971e90c-9670-447c-9d42-46111a11c6c5,1235.15,2026-05-20 08:22:08.993714+00:00
91be753b-f58a-4a6a-9b9e-727084a2c41d,5e223166-1ad9-4715-9f58-4b86987f112d,1161.22,2026-04-10 23:53:49.593980+00:00
b2751ed7-cf9e-442f-9c16-b2389a6616b5,1b05d99b-932f-40e1-991b-6b042e97b173,1174.89,2026-04-24 10:28:06.394312+00:00
69699240-5d61-4b27-a0a0-40d6991b7874,718b58f3-ecd3-46c7-ac17-e3fe333561f9,1160.22,2026-04-28 16:55:14.215655+00:00
389fbab3-b58d-418d-b5f5-83c61112fa54,fde93d66-42f5-4716-9fee-7c2202806a35,1128.62,2026-05-15 17:56:37.940062+00:00
4fce02d9-2d5a-454a-9269-c80e4d47ba56,79eb5890-9a20-463e-8e90-dc0020cc9814,1162.98,2026-05-17 03:29:30.643153+00:00
5b3dfe79-55cc-48c5-9cb4-8b2285e5342c,0a0c8a80-c71a-4de7-ae82-90334eeecb8a,1153.84,2026-05-18 06:08:31.894240+00:00
b601dd29-69a9-4082-a681-55cb8e741484,277ebabe-1c91-4312-9d9b-8654eb1079da,1118.29,2026-05-20 06:20:22.164124+00:00
2b1d1586-480f-4fd9-9c66-a4fe7f37bc43,4945fadb-5776-4cb9-95bc-8249b1bccc21,1173.9,2026-05-23 20:06:48.027453+00:00
89365f94-526c-4de1-9c4a-5314fd3eb62a,7e274b82-d267-4584-a683-e0956a23cd38,1259.29,2026-05-30 19:08:36.793947+00:00
90ed2a42-d1a9-42b5-a0cf-d1bde87002ab,5382cded-6d6c-4f0a-aade-ea13a63db3b2,4762.02,2026-05-14 17:25:56.601495+00:00
c70f55e3-46de-40a9-9aa5-471e11bff36f,3c2a0ccd-1d2e-4b50-98f7-dd336bc7fc9e,4509.1,2026-05-14 18:39:40.939535+00:00
6889c131-d281-482b-b307-0d81414f5727,2c657396-c40a-44d7-8580-708b0fbe5724,5033.27,2026-05-14 20:14:36.884035+00:00
f96e4187-3d7d-4ce0-874a-d820a4e649ba,c2cb2548-130f-43e6-816d-717efa9e05ad,4571.47,2026-05-14 21:19:12.168453+00:00
047a7a64-c3eb-42f8-a9b9-c917f593ee3a,812afd6f-0bcf-4ea0-84d8-5588861be01e,4811.65,2026-05-14 23:11:19.455800+00:00
4c1d8d1a-fadc-4738-8306-afa00f12ce06,8b2f4884-8fc6-41cb-9fbf-7f117e6a626b,4677.16,2026-05-15 01:48:02.397414+00:00
a8a035df-ce35-4e7f-8975-c565e7a5f4ea,c4d6af48-8af9-4138-a81e-ff05efb38a19,4577.67,2026-05-15 03:36:35.691925+00:00
5de99bfd-f2a6-4c94-9bf4-9248087742e7,9c95afb5-77a1-4944-ad75-a0abef038c22,4600.28,2026-05-15 03:40:38.783889+00:00
56bdfa30-a23f-41af-8097-3e073cf77742,f45beaf6-d331-4fb6-83f1-df08768f1bd9,4921.44,2026-05-15 05:31:09.574920+00:00
f3fe3740-7b5d-44bb-8856-6aa0bad20920,ca4c7e14-5d18-4ff0-9d46-4e9ad112afba,4670.14,2026-03-24 19:04:05.748635+00:00
360372fe-fbd0-4874-ab63-b252a0160a30,f391091c-d094-43dc-93c1-8b7b2c5b93e2,4677.26,2026-03-25 03:10:19.637661+00:00
39bdf0b8-3352-44ec-812f-22df5bd23074,b2ce0ff3-338e-4d11-b90c-f64a57b6d384,4178.15,2026-03-25 07:54:24.398701+00:00
b83cf5d3-2b3c-4c37-931d-b4736ba11840,6139fe78-767a-40d1-8a89-dcc7e054395c,4664.11,2026-03-25 12:11:56.446294+00:00
ff5f1d1d-9278-4c9f-9ed7-827354d1c948,db314fc1-ee99-4ff8-a7cf-48270eeddeed,4846.0,2026-03-25 15:03:05.835628+00:00
57d57989-a1b7-4fd4-bfb6-a8d363d1d822,d4dfcf6d-97e7-4005-9a7d-ed60e0925751,4936.58,2026-05-05 03:28:30.457601+00:00
6d899678-3877-45b2-8fc2-a789af08c80d,48fba23d-447d-4bcc-8ed8-934d6c192d1f,4558.46,2026-05-05 06:32:47.275096+00:00
2e60d17c-2096-4df1-ab97-baffce20ec68,1511f4a0-b95c-4dce-a06e-616ec6b9821d,4897.99,2026-05-05 11:03:56.907671+00:00
ac642c11-aa1f-47db-b267-1c164a1b7910,bd052098-2a36-4ed2-b7a0-babd4465c687,5015.96,2026-05-05 21:32:24.687876+00:00
b6f9c4f2-baa8-447b-9659-b151f76004b5,5e863181-09de-49bf-99cd-99ebb513db37,5078.09,2026-05-05 23:20:21.857513+00:00
506e88ed-8c4c-48d0-8345-6d46d7b4b264,d66e6635-9a5b-4391-b809-d4c8cb9fa394,4334.04,2026-05-06 01:38:50.897290+00:00
131fcc30-40c5-44e1-9616-7d582d2465ec,b61808ec-3081-4d98-9299-e17c6430f22a,4517.19,2026-05-02 01:11:51.736417+00:00
1c616a55-a3d9-433e-a9b7-647ab9507517,f61c83a7-1cc6-4e66-b87f-da6b18b726b9,4851.49,2026-05-02 05:16:16.764081+00:00
9eaad37d-972a-4207-9868-8a06f0fa8964,7d089806-1acb-451e-98d9-86caa7d3e8a4,4876.18,2026-05-02 08:21:27.951399+00:00
7f8e50b3-21e8-4ca4-a8f5-f676d406a7cb,1b2cc5f5-91b1-4ae9-be7d-e61900d589ca,4745.0,2026-05-02 10:39:21.015858+00:00
7308f445-2a20-44b8-84a1-3d12382301a5,c110cc49-2a2e-4cb2-b196-741f8ae57555,4817.5,2026-05-02 15:11:05.545455+00:00
564153d9-6919-4a95-a92c-57c5d444bd95,3cf63b0c-450e-4ceb-8d6a-1aa7f897cbc2,4698.79,2026-05-03 10:51:56.555441+00:00
078b66b4-8db3-4302-8393-08bbd29f4202,f42a59c9-7061-42f5-856f-279c64075d56,3452.07,2026-05-03 12:30:35.855600+00:00
576ec619-43de-417a-b280-7b9b445bce24,71fa87dc-13b7-4666-98d7-cd2303943d22,3374.99,2026-05-22 23:05:42.767801+00:00
2cf0815d-87ab-4b79-bbed-29bdfdb3a5ec,f72badee-77e2-4fff-aa69-ddfc0e597b1f,3469.01,2026-05-23 08:57:01.751808+00:00
3c388178-a33d-4162-8401-092dca46b8fc,687ce15a-0296-410e-9552-9239ef92144a,3295.69,2026-05-26 00:45:56.138205+00:00
2de4134d-4f30-43b2-a0b1-c2af69cec82c,57bcaabe-7221-4ef6-9813-f8719e9ac88a,3316.94,2026-05-26 02:50:20.576914+00:00
f327fa9b-76fe-4e8b-8309-725180a41ace,99314fff-4ba5-48ab-8d53-42138d1d7f85,3468.91,2026-05-30 04:53:27.259582+00:00
96e03b89-036b-47c7-b260-9c9fb145d02d,91e031da-3f82-4e73-9d69-c3622f0d8149,3497.03,2026-05-31 01:03:14.135566+00:00
5266e51c-b8ca-492f-a53c-6a061b69f183,e8215624-0923-4a2d-9a65-0d690412b92f,3477.27,2026-05-31 05:01:31.800324+00:00
9b0817cc-02ed-465b-a16a-314cd2a5b3ce,4a07e4ee-7e16-45c4-bb35-249140439457,3446.97,2026-05-22 17:26:15.900219+00:00
926968f8-3a54-4e4d-a00b-28cc38501ab9,770b1f50-64e3-4007-aa72-e8a9e3d80e56,3397.82,2026-05-27 10:54:08.025684+00:00
e7ff563a-329a-4861-82e3-df6e532597e8,43548daa-cd61-4744-b9f2-738c329aca41,3412.05,2026-05-28 00:16:47.979000+00:00
b0d29365-dd42-4ba3-82ba-4734146a7d2d,0e64fba2-6c4d-44f4-9f0a-22feca072c75,3227.17,2026-05-29 09:01:39.986060+00:00
0f853ff9-4e1b-419d-97f3-d0fc172517c7,26890b93-84b9-4e4e-98d2-84c351db1384,3393.96,2026-05-30 02:51:21.468525+00:00
45601674-a790-4207-9fa0-31bd71c41dfa,da134135-4e61-44bc-bc7b-bffd001d4c86,3528.15,2026-05-31 08:42:09.323512+00:00
37b29c81-0463-4720-944d-b2e560351764,546fe1ba-795c-4a0b-a06d-2951188c0503,2459.92,2026-05-21 01:16:26.224273+00:00
c9410cae-49e3-4694-92d2-8919ce87fa42,31b9dcf1-fc04-4c0c-bb73-cdff015582c1,1315.38,2026-05-28 18:09:36.123577+00:00
8afe7621-b8e6-4d3e-ac55-64e1e25893bb,4ad0d3d4-8725-45e2-ba6a-d910cd94538b,721.63,2026-05-29 04:02:53.560233+00:00
981fd568-394c-4b74-b0c4-b3fef17aae43,c8e0db5f-3ffc-47e9-8408-5a062a22180b,3381.45,2026-05-20 15:23:28.343617+00:00
ca64ec0e-52fb-45ff-a44c-16e94294ea3e,109924b2-5f4f-4fd9-baeb-90584822c66e,3432.71,2026-05-23 01:18:57.971854+00:00
fbe3afc3-f4b7-4fd8-bbdf-28a573196f85,b303130f-3224-4b39-9638-8d538c681ed8,3549.2,2026-05-24 06:02:50.453845+00:00
934b7210-0905-4d0f-8192-9a4cd59dad14,1b1eeb36-9be6-4287-b9cf-9979e73529a0,3369.28,2026-05-24 18:01:14.093471+00:00
433f25f9-cabe-420d-8ff7-a33966a4a485,5c85e8ac-8207-4b31-bdc0-8a96ffabc819,3554.42,2026-05-25 09:52:51.497601+00:00
f133a051-8981-45ae-b450-6b02256241b8,9bcffa84-c135-4cff-a157-5d3f657b39bb,3380.71,2026-05-26 08:39:18.281820+00:00
a47a9657-0099-4354-9e36-3e721cd3db06,1e3a6188-ae29-4c51-837a-35953b350593,3410.27,2026-05-26 16:19:59.744857+00:00
fc8bca3d-250e-4a02-9a82-a443dfa462b7,3668fc96-9aed-447e-b82d-77554829d5cd,3403.79,2026-05-29 15:04:17.619049+00:00
292a561a-9319-4329-b9d2-3cc6d935c03e,cab1e1c1-ad0d-481f-9034-db5e62e52b7a,3256.09,2026-05-20 11:32:02.924890+00:00
89fdc8f9-7da2-4e6e-8d30-ec4a34540127,10ff4c0b-6c95-4184-9a56-8e12a8015616,3110.97,2026-05-20 23:33:53.877439+00:00
430e286f-d2fa-40c8-bf08-53124f4ad444,2ca2863b-4c7e-4822-aff9-5e7d1eceaa68,3582.68,2026-05-23 03:29:47.786771+00:00
ae3851b6-7522-46bb-9567-1782ce0a300b,17b44a53-c536-44ed-ae6e-12a5cc19dc31,3504.04,2026-05-26 09:17:06.177506+00:00
ba9203a3-15bc-47ab-b4d8-4a25c4e74b3e,8636fa55-7c67-457e-89f1-bc1b89a1b437,3640.43,2026-05-27 11:32:38.518819+00:00
8b7f42d2-2677-4d51-b356-936090029ab4,4871c76a-2661-45bd-9c2f-2a09aa2e0b2a,3688.08,2026-05-28 15:31:09.059051+00:00
2a1116ac-9f1b-47ad-ae29-3ba4246dc49d,c76d0e74-9abe-4b23-8269-d869e9bda059,3310.05,2026-05-29 12:04:58.240971+00:00
bc2f7400-dff7-4609-8459-fa7fced453b7,1b24d1b5-9ccf-4dbb-baae-b7deeaed7611,3256.03,2026-05-29 23:02:56.857196+00:00
a667d726-31f2-4a4f-a8f2-d80032462fa3,efd6103c-a560-477b-b227-8b95509e914b,3252.65,2026-05-22 19:08:48.857601+00:00
4d677ac8-c136-48eb-97fb-e4e24dfb8768,461d43ef-8f6c-4594-b0b7-15cff4423992,2999.7,2026-03-10 20:32:50.000400+00:00
f53d55fd-1978-442a-a9af-abe2f4aeac53,b67b6a21-ed22-43f4-9713-5dc4b406f1ac,3068.72,2026-03-14 01:00:04.636835+00:00
864712d7-5590-4de8-a4f5-1c2f23b15836,6387ec51-8a7d-4b41-b438-28565a1ed93a,5313.02,2026-03-26 22:54:09.900416+00:00
091cea3c-87dd-42c3-9f71-f0e1504b826c,54a48643-59be-4f86-9b87-f255e292b100,2143.87,2026-04-30 09:13:50.931397+00:00
5bd72b2c-a9b6-497a-bc77-9076b321d177,f20a3e8c-c59e-4f68-aaf8-240d7baeb562,5914.18,2026-05-06 07:42:41.712272+00:00
1d95baed-425f-4078-9492-4a9b0d24bb4f,54dcf583-a2f5-4ced-a18c-635767d50a75,1034.99,2026-05-25 11:31:11.749204+00:00
1c3e15b4-2353-43c9-9f1c-5859a14d6d0e,4a32e114-ee07-4a93-874f-5511c7f3b518,4399.08,2026-05-27 08:59:58.633432+00:00
f29c7866-ce72-4c90-bb11-c9609ebdd9c5,af52ee5f-6173-44c7-8689-849b96123c6f,1031.4,2026-03-23 19:21:03.558975+00:00
46450926-3b06-4a89-9010-ee689b81f13e,2701f674-9748-4032-91ec-9ed95dad176a,532.75,2026-03-24 09:28:27.782980+00:00
07d3b0ab-953e-4a4b-a142-43a741d8e3e5,f6c719b5-2145-45c8-b8d9-39154509214c,989.27,2026-04-11 10:31:35.821469+00:00
c06d1cd8-be42-4a38-936a-621cf321f71f,dc59e051-6505-468d-842e-b9bee1ecb3e6,10.0,2026-04-27 20:58:36.068533+00:00
8bb58c1e-507b-48da-b95c-6cffcd58e9e9,9c864258-2433-4358-bdc1-4a2852c73588,405.75,2026-05-06 21:17:33.750095+00:00
f3055efe-137b-426c-a755-489e8ea14509,8f2fb60b-5bb0-418f-b74d-1fbfbc298c03,826.12,2026-05-15 03:07:17.258097+00:00
e9a54083-1b08-40c7-8780-e8f1cacec217,5407ba90-eb8f-41d5-9530-e700c623ae0c,1390.69,2026-05-28 06:13:47.419396+00:00
1790bdd0-cc19-4f93-b916-24d8ef5a8fd4,8d9f4a41-f50a-46f6-a7bb-75cec703813d,268.5,2026-05-31 19:19:49.335116+00:00
61936de1-5f21-4f2c-9dc1-8db965e8446f,3a6fae13-c599-494b-b662-ea7ab6c77e56,763.3,2026-03-31 19:20:28.711171+00:00
35f26a76-446a-4f38-81e7-a41c200e7538,848ba455-eaff-49a0-977a-a608e8a44146,1381.6,2026-04-01 16:22:37.314797+00:00
b4f66fc2-81a1-429d-af98-54d71827ad69,7ac995e7-54a3-4d8b-8b41-b80710127f25,1095.73,2026-04-07 04:47:49.815600+00:00
062c8664-917d-44e5-9ab4-d47487168af1,b82e015c-2bd1-4873-8077-8cfe17d89acb,814.09,2026-04-12 20:10:02.642351+00:00
5dadb430-1b3e-4f11-8d01-17512a88fd4b,d0216b2d-814f-4c48-a600-46d1df757bbd,1467.33,2026-04-27 20:30:08.461200+00:00
c9721fca-1b54-49ca-a065-31f762d3450a,523ae3be-cef0-472f-bff0-c608bbfde5e9,1043.54,2026-05-01 14:06:53.698967+00:00
8c7d6fbd-ad80-42bd-b441-db2c3d8e06a2,193f0ec9-be0e-465f-8b4d-9d178755138e,815.04,2026-05-24 18:24:00.581588+00:00
8fc59baf-367b-41b4-b1b2-999112dd7c5c,4705256f-da15-4923-9f2a-417d085ab1f2,1854.16,2026-05-20 07:52:08.886809+00:00
ed50b1fc-537a-4025-bba7-ea0f2e79e8b3,50836a6a-0174-4903-b269-db7915a43744,2327.92,2026-05-23 14:55:16.120379+00:00
0a0eba2f-7a40-4d85-8537-36f6414fd042,faced7ed-46ba-4622-9f32-038aaac0315b,2614.72,2026-05-28 02:59:19.457395+00:00
c6c82832-c5a3-4616-a5b1-9e0f6f09fcca,61b4232a-9ac3-4f97-906c-231513c50bb4,1313.84,2026-05-30 03:14:14.546377+00:00
d09b1c64-e56d-42c2-a6a7-595cae7d5b44,eba812d3-871b-4300-84af-b551ab0e17f5,3494.24,2026-05-31 10:58:45.608117+00:00
d0ed9b97-6137-455f-b0f1-af952fcf8eb4,b3c500e1-4b0d-47fd-a2ca-b1bdb877034c,561.8,2026-05-31 12:43:59.196179+00:00
0e170e17-524d-41bc-8be2-9e5b61a7a098,3e480735-67b6-4ff8-9ade-49909b8c184e,3960.54,2026-04-09 03:18:21.101823+00:00
ce159848-b0f5-4d86-a574-0914f34fa2cd,07a5651e-e111-4e9c-b7c0-c7245c5138f1,3830.25,2026-04-10 02:48:56.126899+00:00
95667aba-8f6d-4a57-a013-aae010f6c466,e2f4a318-e969-4053-8cf6-595a43e85b13,3629.29,2026-04-27 01:03:05.161163+00:00
eddf307f-6f47-4b0f-9cd4-415b1305b1e3,a65744bb-d548-47ae-8764-01cef3489e50,3718.58,2026-04-29 04:47:43.431063+00:00
0eac6f40-4b3e-4d05-a02a-870efb3d2540,c8908205-e64e-41bd-93d2-dc9afe6b94a7,4035.8,2026-04-08 11:50:47.800556+00:00
05978e34-5924-4d7d-8cc9-4a10b7ff38ff,7dfc5748-5ede-4998-814f-11eb712a9e78,4103.03,2026-04-15 10:02:33.175623+00:00
bec1ea88-3fde-48a5-8b61-bcfe14b25dd2,fdc90f08-675f-42e0-99dd-91dd9fc4a957,4083.09,2026-04-16 12:27:02.566993+00:00
2d2f9e84-fa57-43e8-9501-85fe388be385,8dbde4a4-4597-4b94-a76d-3536fe1e7104,4009.06,2026-05-05 19:06:07.607602+00:00
d1924349-dda0-408b-8e73-1b07a2e67537,314e5102-3474-445b-987f-b259ce1a8b39,3910.95,2026-05-09 06:31:07.056196+00:00
d0281b45-0e6c-4e16-bbdf-29d255d854c0,23532870-f90a-4e96-9107-1495dd1eb453,4042.76,2026-05-09 11:56:14.724424+00:00
f1cc52d7-2219-45f4-8f59-25a3c121eb7d,2885104d-657f-4158-8317-33f61b4ede77,3647.95,2026-05-24 04:42:35.685670+00:00
7c785819-5755-43dc-9d00-99de1e926aae,69f35b74-9bdd-4655-8f27-3f42a1a25e53,3478.79,2026-05-30 18:43:38.033836+00:00
558d91f2-3ab3-4a61-a1cc-920552cd59c4,48107f9d-8d3b-49df-b561-b2dc009b6b91,3843.41,2026-04-16 20:35:23.067366+00:00
4185a591-0275-48de-a54f-8cd5c7d0c14c,5f04e30c-8f80-4b86-ada4-534908d260be,4022.71,2026-04-18 10:33:16.833744+00:00
ab17bf5d-60a4-484b-87cf-6a0a72d53121,4fd582f6-cf2b-4810-8776-88ea6a5655f8,3851.05,2026-04-23 01:40:05.235701+00:00
d4ae6f8c-3e51-4d0e-9d70-90c859db8e18,78df36d5-ccb3-4351-9491-704cfa6cccd1,3775.38,2026-04-28 14:14:35.245722+00:00
96b8ba84-6a08-420c-87bb-97a9ff26040c,01293cb5-f887-4e52-b949-2b2a0c0cd27a,3162.71,2026-04-29 09:51:51.153236+00:00
7b86f383-23c9-4ec3-91fd-6353f12c6fce,ef56951c-9101-4196-8b78-e9ebc3796b0e,4021.7,2026-05-04 08:19:13.494602+00:00
6deb87c9-9b7e-4860-a346-3b3209d4a5af,9f41dc6a-0bba-4f9f-957a-76269720d681,3943.54,2026-05-21 07:55:48.734405+00:00
f6e3bf33-ec44-412e-b8d0-c62963200254,91664564-de38-491a-a9c4-31999cf33aa1,4092.57,2026-05-21 14:38:38.190112+00:00
082afb62-b0f3-4bbe-aa19-24d86fd218ea,41499e75-0732-4bd2-9e1c-4a82d934e3f8,3898.12,2026-05-31 14:50:13.556294+00:00
33fe86fd-cdf6-479b-882a-59e8e37051e4,fccf528a-8202-4cfd-8879-1a5404a6a815,3859.49,2026-04-17 13:06:21.290110+00:00
addd6ad2-e88f-4f29-b1c2-837cb9c84093,86f21161-5922-433b-811a-fc901e3fb597,3625.11,2026-04-17 18:49:57.110029+00:00
0c800b8f-97b3-4eda-b5fe-4329a12772b7,72e2e538-8d24-4af4-b696-bd6d5f71532e,4207.46,2026-04-19 00:30:08.989534+00:00
786f9947-3b18-4023-a26d-abf18ad7636d,1bca80da-8056-4924-a467-838754d41980,3909.97,2026-04-19 17:40:21.461967+00:00
eca87322-a097-4eab-b778-6d4796a4cb87,4886b952-4ab5-4467-a670-da7b26a23b41,4292.78,2026-04-20 19:53:36.935932+00:00
d1b5e5b6-c658-43cc-8134-abddd90dff56,caa3712f-6ae8-480f-a600-92f76ff94217,3807.82,2026-04-27 20:10:18.087450+00:00
4737c082-7b11-4da0-8b5f-30290ace02fd,1b7ec141-2edf-4033-a24c-80f84f87477c,3778.11,2026-05-04 13:01:41.733060+00:00
d758e104-3206-4271-b99c-0d644d85f5b0,ed1a8e4c-6a7e-4f2b-990f-f580027384fa,4004.71,2026-05-13 08:17:23.913392+00:00
1e3ca042-e80e-4b50-9aa7-6ab6ab5b5d26,073a08e6-98a7-4e7a-a0c9-c5207ebf4f7b,3841.64,2026-05-19 03:44:25.039966+00:00
84f18c8b-a612-4cc5-97a0-c789e3d6ccc1,bc72a5f1-d62e-442c-a09e-f2406189db3d,3726.67,2026-05-04 07:06:16.956821+00:00
29d506a0-5b54-4bb8-92e8-79e24febd177,f1640a54-7b33-4627-8300-2b85fe80042f,3431.05,2026-05-04 14:12:05.256004+00:00
cbd7a010-10b0-417e-96f8-33cc01ae02a6,85832878-641b-4c87-a497-feea3cb17b93,4238.15,2026-05-07 06:26:09.279571+00:00
0068594b-2f90-4ff0-8433-7e07ee11ed8e,ce6466cc-7e56-402c-8c5a-6574fb193725,3917.7,2026-05-10 06:09:35.160828+00:00
c44d5b10-af09-4e80-8ebd-11654d530a66,07198259-9987-4c05-885c-324aca3f893c,3968.16,2026-05-15 17:11:35.091688+00:00
44d90e44-8a3c-4b87-8ae6-eb60487ce05f,b5282c9e-3c05-4579-bf64-3967b1499a82,3621.76,2026-05-23 00:32:02.370082+00:00
5bbb5fcf-089f-4db9-946a-4065ebd7925c,c4263d15-82bf-4a60-92f0-69b9f25fcce9,4178.63,2026-05-27 01:45:12.343239+00:00
9ac426fb-7ace-4278-93d2-193f44422271,d0297810-92db-4205-81d4-141f397dcc91,4263.17,2026-05-31 16:29:39.619727+00:00
d7f6966d-ce24-451c-9d94-f1c3e013a994,8937c8d6-87d2-4836-89ca-90265e27930c,4161.99,2026-05-07 04:20:38.179254+00:00
665485b9-be0e-4073-a673-c47ef6a6d6e2,e94e2489-bc00-452c-afba-85dc670eec27,3850.93,2026-05-13 06:02:55.150638+00:00
a78d5069-708c-431d-8b0c-89907f048ca3,e9363652-f432-4460-9d6a-73d467635826,3803.82,2026-05-15 01:55:19.936563+00:00
b572a6f8-6104-42a2-9e20-0a7cd26f4000,a12e4edb-e766-4261-bbc6-74c9a282d9b2,4144.87,2026-05-20 18:05:23.262058+00:00
a98c8238-9e4f-4c3e-8a94-b0c818758d22,18bd9598-5b10-47b2-a595-6ae9469fd5f6,3857.34,2026-05-22 10:58:24.739635+00:00
2fd056cf-a19a-47c1-829c-cf765c557ac3,91162d26-b624-4023-b3cf-860d23514bc2,3622.93,2026-05-30 16:50:54.435579+00:00
7447dd1e-0527-4775-b581-70121f48fb56,0b44fe40-f669-4b29-89bc-a635dbf764ec,3799.11,2026-05-16 21:07:16.420887+00:00
44cce5b7-6910-4a96-b3e1-c8d40f0177e1,2c738aea-a6b4-4e66-b466-cb9900a26c85,4204.25,2026-05-20 10:07:00.827328+00:00
752b077b-51f4-4504-b34a-5a94ef1597b3,a51b0358-9d39-45c9-b258-7ade10e9d23d,3812.11,2026-05-22 15:49:32.531409+00:00
7b3af26c-637c-4805-ba33-89ef6c22ed06,c02d1ff5-6718-49f0-b473-231514779472,4018.95,2026-05-28 06:12:51.558062+00:00
81733e7e-9c4d-4dd1-8af9-073bab4579cd,9d97e45c-97aa-477e-97a5-14d5d500d404,3840.94,2026-05-16 18:40:10.889045+00:00
e67f5913-7773-4f1d-ba3c-3153d5ec39fb,c0f72182-71f8-4da3-b99b-2f2ca84bfe6b,3687.65,2026-05-17 17:20:06.175804+00:00
2436049a-776a-4d70-a8ab-a6be1a327a1f,0f8a07b0-50c7-4af2-8e79-8c81978c5787,3479.56,2026-05-17 22:47:31.203811+00:00
2cf3206f-2631-4325-8c79-8e49392d86a5,fab44512-8717-4543-a1ba-3e99d547d404,3866.72,2026-05-20 03:13:28.971962+00:00
bbebdd68-f0f1-4828-9165-90127ac41ecb,927779dc-4a96-4eb6-b7f8-8ae7b2c7239b,3740.89,2026-05-22 22:28:50.282705+00:00
272a89b7-08bb-440e-bbd8-40155f8ed123,6d500326-03af-410f-aa2d-3b8318632553,3858.21,2026-05-24 07:10:52.394313+00:00
dcca2220-fb8a-4abf-ad6e-ee74963c896a,29c25693-9266-4d2c-b804-393a49cc3523,3311.37,2026-05-26 03:48:32.165413+00:00
9e4418d5-2e07-48c1-ab3a-b6586ed30c6a,9e5c8d14-a45f-4472-bf4d-d32cca152f12,3466.04,2026-05-28 09:14:46.038588+00:00
af3e9067-43ed-4d41-a183-713e36546628,5f52254e-b33f-455f-abd8-3afd8d97fc17,4034.23,2026-05-30 14:59:35.047145+00:00
e031fbc0-287b-47f4-81f1-b981480020b7,cccc3e6c-9b1b-4306-8771-37e141670916,453.01,2026-05-25 08:25:35.162573+00:00
af156cb6-0069-43b5-9de8-04d052a38715,4476d8ce-ce74-4ec9-9192-36156adb4810,467.48,2026-05-25 07:43:55.292760+00:00
f5ee3a53-4a1a-4549-beb7-34c6344e8951,fa8f1707-e8a9-415c-9c20-941e8adea88d,474.74,2026-05-28 02:59:35.421316+00:00
146f5aef-d7f0-4335-a5c6-88b60dc8cfd7,0a49f5c4-83fb-44b6-9ab0-0138877ae567,495.92,2026-05-23 19:33:13.988180+00:00
f0943cb9-28a5-41cd-a917-b291ce032986,8b33c50d-8eb4-4fa4-b5cf-f3c9a079850b,451.9,2026-05-24 09:43:17.958920+00:00
7f0d5866-2f9c-4396-aa13-eee2c0a3c9f0,93b918a9-1b4c-4936-b114-68c40666a127,434.68,2026-05-25 09:34:58.783359+00:00
1ea1722c-64a5-482f-ae37-ca2e83e37f17,a4ab8139-3dd1-4420-b68d-22875392234c,482.13,2026-05-23 18:04:51.399804+00:00
ef71032c-a1f5-4ecb-9002-84aff31dd832,bcbcf936-5f93-419b-aed0-2f2f1d166aec,475.23,2026-05-27 12:55:13.912989+00:00
1d34d86d-720c-4680-ab46-97f2c79845dc,d8fbc7a2-7ea2-40ad-b1a6-82a55eb0dbf9,473.52,2026-05-28 02:12:57.968133+00:00
e92a7008-550c-4932-884e-7898632a69a7,56d7d00f-97e7-47f4-b630-d12b574976a2,495.16,2026-05-23 01:45:47.246092+00:00
fcb5862e-7e0b-461f-ba4c-3c759f1a894f,bb7c9dd2-d9ac-41c5-a9c0-d66b365a9c34,456.91,2026-05-24 17:03:39.059655+00:00
2592dfc1-93fb-4b2c-8a81-9f86e10d6962,498996fa-a2ea-4b98-8a90-f69376089cfd,448.19,2026-05-30 13:53:34.265220+00:00
2f97415c-76fd-4da3-8daa-8645411afed9,e34f0810-b502-4b7b-add3-42ea0f955b90,491.72,2026-05-22 22:43:52.850728+00:00
9efd5df0-c8ab-4dd0-8de0-f4610e60c2d8,3bf54c49-a77e-46e5-ad79-e0ec233c02aa,520.6,2026-05-24 11:30:32.894465+00:00
198ace57-79eb-4214-af6c-183db339652f,9ca84a90-5d64-44eb-bf91-192207fbe418,504.7,2026-05-31 05:10:55.040352+00:00
c039079a-dbcd-413c-90c9-77640c390f87,7d1b760a-ef00-4466-8451-e005e053a2c6,509.3,2026-05-24 13:04:31.107954+00:00
a206b25c-1c07-4a6f-81bb-3eaadc2f4019,0f3446c8-3a25-4d20-ad62-8b015e6ae850,493.39,2026-05-24 23:35:49.771368+00:00
768358a4-2841-4b81-95a6-0fead2a890fd,858608d7-2be0-4fd5-9e46-a5ab8b0376d6,488.83,2026-05-25 21:16:29.370696+00:00
05c354e1-b38a-48dd-be23-71980b045675,d0b278d7-d776-4fcd-9520-c618b5281429,455.62,2026-05-25 23:48:11.784673+00:00
5de6ca51-14fc-4b45-8887-8848133dbb91,ef28ef85-3bea-448b-a2cc-948bba87d4d8,1116.17,2026-05-18 08:45:22.451609+00:00
6b7b85fe-ba94-4388-9de9-f724dd8bf30a,552ec0f9-1548-4e42-b241-a46f1cf126dc,1025.41,2026-05-18 18:06:46.856101+00:00
ce86a2ea-07c6-4deb-9cbe-a599dc71e7c7,3cf04b95-0a5c-4636-bdc2-53c76a098b82,1004.31,2026-04-20 08:47:42.754502+00:00
23b9a125-5407-40fa-84e2-f95c7d4f162d,a5d9801a-e35f-4105-9daa-b5056815e0cd,1045.49,2026-05-14 00:58:42.819216+00:00
d5f79295-aa3f-4594-869a-6ae2d615d6e1,de2791df-c9b1-469c-8218-35ad2ae55382,4713.91,2026-04-04 17:12:57.530927+00:00
b93d01a0-6383-4c09-ae27-c051ec5fd592,bf368a06-d316-4f07-ade2-b5a1fb847340,1069.19,2026-04-04 19:15:56.566098+00:00
741d54c9-dfd6-4c24-afee-a58ff6e461c5,69854d52-38c8-405a-a81b-6368c1a8a66b,4353.49,2026-04-04 20:57:51.843686+00:00
e8968929-5e32-4e7c-8a1f-5db37125df33,6466a163-ad8d-4d8d-ba9c-376d70fed00b,5164.93,2026-04-04 21:22:35.492798+00:00
03ef2716-dfb1-4043-b468-bd70db819197,ce05a340-7666-4ca0-8dd2-0e6ccf87365c,2982.79,2026-04-05 00:18:05.311064+00:00
755e0707-be1a-4cf5-8b42-935a12d2b426,ccf1ee6c-5541-4cd9-805c-46b44e07ae2c,10.0,2026-04-05 02:25:53.900235+00:00
898c299d-8191-40e6-b549-24647ff74f81,e953ffa2-8736-444f-9887-4a9180b81ea8,1617.22,2026-04-05 06:13:56.663409+00:00
06eda168-4315-4468-86c7-937f4fc876c3,d6eafe37-edd6-4fb6-9982-89f2279f4614,4727.43,2026-04-05 09:28:44.863348+00:00
89b4c8aa-553f-41c2-8233-0708b134e731,b67d03c3-7f12-43ff-bb94-a873cbe59f16,5979.34,2026-04-05 10:30:24.308345+00:00
81d4abdb-3601-49e7-b87f-5f06737579f9,697f9e34-ff13-4613-840c-51272c8781d6,582.17,2026-04-21 06:09:50.426569+00:00
a630106c-0250-4247-ac98-24ebaba0c3a6,d7d86a67-d8b5-44ff-bdfe-cdb3894c4113,2954.07,2026-04-21 17:11:24.020395+00:00
fc1dadee-778d-4c9b-ab13-c0aaee073b6c,19ba5d48-5dd4-46c7-8a7c-77b25d2ccfc6,2414.98,2026-04-21 18:34:50.701233+00:00
e52b8622-ea34-4a76-ab15-f25f870fa06a,374c6422-4b32-462d-929f-58123fc273cc,2385.72,2026-04-22 04:48:34.199639+00:00
bc435cb8-63da-4750-a3da-f37a1b106a84,34c66374-c06d-48cd-b786-b518229256fa,5594.42,2026-05-11 15:28:17.537695+00:00
abbe66d4-420c-4195-913a-21d1530ed671,f2c1e229-3063-4024-9ed7-b0cc9b3b38b6,3212.62,2026-05-11 19:43:46.933450+00:00
76ecb076-25e1-4155-95ab-0088dd362445,4403bee2-d800-474f-9a97-db64d44c1973,5356.79,2026-05-11 23:52:46.911605+00:00
2810d924-7120-4b72-9ead-96766f8cab14,5584ba76-2e73-4e2b-8db9-632daa6b5098,3160.7,2026-05-12 04:49:56.799956+00:00
43d17945-53ef-4de9-9fe3-952672b0ee29,86165713-be28-4009-8df6-2a17530700d8,4094.42,2026-05-12 05:25:10.528088+00:00
32831d1e-1cb4-4a2c-b22c-db70230d535b,0b21039c-2a04-4343-8603-b711123334c8,10994.67,2026-05-12 10:33:21.835454+00:00
90c64474-7939-4914-9c89-8fea2cca461b,a73b68f7-f45c-4e44-a94c-6cae919dc9db,5027.03,2026-05-12 12:16:55.406117+00:00
51e26518-69cc-4db0-bfed-3befb54afb54,a11c9f7b-fb1b-4f3e-9ea3-ddcf53c95878,2545.5,2026-04-22 08:44:56.858455+00:00
77320adc-abeb-4fa5-b2d5-b5dfd82d7527,7624495c-8ebe-4e83-a6ef-e0388a089d9a,2806.49,2026-04-22 17:43:22.351766+00:00
f1384798-07c2-46f5-b567-f878dca18c87,1e000c5f-8dce-4478-ad3e-b99dcdef96d9,2252.79,2026-04-22 21:13:49.347670+00:00
d73806f8-5353-4aa2-ac6a-d6555494eb6d,0e0eb39a-2625-41a2-9041-30d6a72e2694,1848.22,2026-04-22 22:12:14.925746+00:00
27f95f9b-8e88-4ce4-b466-eaaaae888c09,f8e0adb0-c36e-4b1b-b0fe-2cd82800803c,1922.82,2026-04-23 00:48:42.158391+00:00
0dfcb1bd-01b0-4452-8ac3-56cce755e333,9775f314-611f-4bd5-98da-c14503676cd6,2328.56,2026-04-23 00:12:03.275495+00:00
b593e7e4-7966-4cc8-83d8-89e142076e1d,b1a46ef5-adea-4e26-b229-4250c8c46413,3410.83,2026-04-23 05:49:14.925040+00:00
a0815264-a3f3-407f-9d01-74549b7a4de5,c48dc87f-d3c5-49dd-9078-2c113d022313,3959.99,2026-04-23 08:05:37.921561+00:00
967e8b35-e588-4b41-bcf9-db24f62049dd,a35c5c2e-31e9-423d-b1cb-25d5899c9e3e,3777.39,2026-04-23 16:25:45.822353+00:00
5e414682-377e-4380-a8c8-f521ab14bb77,b632b8a0-f621-4828-829d-595d07eb423d,8383.55,2026-04-16 20:14:34.727860+00:00
c69804f6-d3cb-4c3b-97fd-689dd77511c1,00c7a474-b9c9-4e47-88fb-4ae747b7bac3,3143.76,2026-04-16 21:34:31.182524+00:00
8dcdf5ff-1991-4ee6-8c15-9f3a7663718d,1f33c431-58e5-4b90-bc2f-5d2756fc7031,4463.69,2026-04-16 23:43:22.239033+00:00
ef8873fa-19bd-45a1-8f6d-88049a038818,ffbfd71a-79d5-4894-a39d-6351fe2f807a,3220.85,2026-04-17 03:16:07.831513+00:00
75f0baca-572f-46fb-bf5c-0040fefd3b9e,8f4b2aad-5513-4639-8e10-0c3bffe32a68,3962.61,2026-04-17 04:15:30.854113+00:00
e6645a44-4e70-425e-b523-8254253c4c90,6389352c-7fb2-4daf-9d87-6604dc93f480,6850.18,2026-04-17 05:30:13.786190+00:00
f266ce1d-1651-4f35-8fe1-9169c4ac912b,11cf0f85-59ac-4039-b8b0-7ed30e629737,3025.42,2026-04-17 06:18:38.264098+00:00
8400ccb6-93b3-400e-826c-357331004c86,7094c2a1-c9bc-4ac4-84a5-897f4b7d7e9a,10.0,2026-05-25 22:55:53.676536+00:00
9f4ae255-fb99-40d8-9788-f5e2652d4614,62cc628d-0b8b-4cc4-91d3-683c6698b625,1809.18,2026-05-26 01:53:35.513991+00:00
c5747272-d0f1-46fa-9031-c7ef144944d6,0dc7fc10-470c-4fed-9fa8-b92e98b1d684,128.4,2026-05-26 09:25:30.062055+00:00
ff6aacf9-7d25-4075-a00b-24e2131d0a69,804ed59b-0ad9-4d95-adf0-4c1365addb67,1547.16,2026-05-26 14:00:33.802892+00:00
d9e27eb2-f350-454a-a770-2888a0a7b3d7,fe21cad3-8e42-460c-ac6f-985fdd82cb16,777.87,2026-05-26 14:19:09.162847+00:00
98d68850-6834-430b-ad31-7e38b0b1e180,6bb38342-a516-4d88-ab0f-cde2ea12d8fa,1318.9,2026-05-26 14:15:33.603601+00:00
0ddce439-76fd-4e0f-8cf8-ae67369be61a,c9471eec-9278-45c2-a992-68737b931de7,2866.0,2026-05-01 18:53:29.263680+00:00
5b75dc1e-7f9e-47ca-9a64-30bb2da3bd4b,3f2d3975-f80b-452f-a3ad-346333495449,10.0,2026-05-02 01:04:26.231134+00:00
440de1f4-a31d-4769-b939-7c76a6a4e1c2,7a84f27a-b7db-4fb2-a38c-1f01d3a76039,5748.64,2026-05-02 02:41:51.417889+00:00
a3846d1c-9ac0-408e-9cda-32e443ac2069,b360ff96-733d-46e0-8f7d-6574a9c16a38,5080.03,2026-05-02 06:30:05.921754+00:00
566a2a7a-0839-45d2-ab86-a49bc2b5e52b,91ea4888-b310-4eb2-a325-bf5a56537169,5799.92,2026-05-02 23:14:47.674452+00:00
3bcf4671-7a61-4994-9679-d95d6f85e26c,cea8463c-d35e-4b31-95a3-f06aca0268a5,6229.09,2026-05-03 03:58:56.118754+00:00
25732aad-6662-4b6e-b0e4-fd687f50cfbb,81d23ca5-0168-4954-b567-c31e63d5c517,3722.25,2026-05-03 06:02:16.453697+00:00
99ce8df4-60c4-476a-a6b0-8f3fbbaaa88c,0fa2ebbf-ca5c-40a7-b432-a1e57e75ea28,3874.24,2026-05-03 06:38:58.440218+00:00
4ec02b22-d5ba-457d-99d3-66302ce20ba8,112f07e2-2d6f-4d99-9e1a-bb49dd0831b9,1430.54,2026-05-18 05:49:19.722053+00:00
76743297-9ca1-42a4-b522-fbd5bc5b64d2,8de8bb3d-b31b-46dd-a3bf-cb34d1c83228,1379.23,2026-05-18 13:33:25.557202+00:00
0ba121ba-370f-4ef6-b24a-1793c01e461b,17b9cb22-35b3-481b-822b-6dd37b0f7e67,1497.78,2026-05-22 02:07:03.201982+00:00
c65c07ae-43f1-4b5f-aa7b-a09c62379a23,08fcf54c-a72f-4770-9119-c4ded49c9bef,1566.46,2026-05-29 18:15:15.739307+00:00
