id,merchant_id,email,display_name,created_at
e90627f5-e358-42a9-9fac-4361930ccebc,bfd6b390-b563-4a51-b73a-4f2e4789f383,andersoncrystal1@yahoo.com,Susan Young,2026-04-15 14:03:23.938875+00:00
cf2df8e0-f67b-496a-ba56-a3be4ed30bb9,bfd6b390-b563-4a51-b73a-4f2e4789f383,deanparker2@yahoo.com,Mark Ray,2026-04-17 15:35:47.843897+00:00
401c7cf8-dc05-4673-bddb-d283868caf3d,5a10eef9-9973-40d8-8d9d-42e48533e937,jamesblake3@hotmail.com,Ashlee Key PhD,2026-05-28 02:31:55.167104+00:00
e6fb6d03-c0a8-4ec4-94f3-d84130c58ffc,525439e1-150a-42bd-8cee-450879c46e18,elizabeth884@gmail.com,Aaron Mata,2026-03-19 11:37:36.489107+00:00
a2ad458c-65ab-43a0-adcf-64945690520e,3a89d813-38cc-477d-9e0c-f08f150f67fc,gonzalezdustin5@hotmail.com,Robert Kim,2026-04-03 00:47:16.444863+00:00
7aa03f56-dbf0-4e2f-8389-bd24a2fa8e96,5a10eef9-9973-40d8-8d9d-42e48533e937,bowenjasmine6@gmail.com,Matthew Young,2026-05-29 18:53:13.466141+00:00
0ec30e2d-2f0b-4624-b917-729b1ec42aef,3a89d813-38cc-477d-9e0c-f08f150f67fc,charlesrivera7@gmail.com,Grace Gates,2026-03-10 01:37:56.379794+00:00
b3f70842-7c23-4314-97a9-0c7b041684bf,7f479d09-ac3c-4230-85c0-5bdf624f2228,hodgeamanda8@hotmail.com,Marcus Welch,2026-05-06 18:44:15.066939+00:00
6dcc5a94-32f5-42c3-b98d-4ef3712af80c,bfd6b390-b563-4a51-b73a-4f2e4789f383,mcdonalddaniel9@yahoo.com,Daniel Morales,2026-05-18 04:10:47.817328+00:00
1e4d2944-6a67-45af-b955-6d912ab97042,bfd6b390-b563-4a51-b73a-4f2e4789f383,lowelori10@gmail.com,Brittany Thompson,2026-05-17 21:33:20.973231+00:00
83f17dbe-8462-47fb-a998-ad14b99ba53f,bfd6b390-b563-4a51-b73a-4f2e4789f383,petersonjeffrey11@hotmail.com,Alexandra Harrison,2026-04-27 14:10:16.003998+00:00
c2a2882b-3d49-402f-bf91-e4093d1fe6a6,5a10eef9-9973-40d8-8d9d-42e48533e937,stevensanchez12@hotmail.com,Melissa Love,2026-05-25 08:41:53.502679+00:00
8d7a4e05-8e2d-40db-81c1-a744d2fb7b19,525439e1-150a-42bd-8cee-450879c46e18,watsonashley13@gmail.com,Jasmine Campbell,2026-05-05 20:22:44.660998+00:00
363f6b10-1da8-4bf5-833c-b691dc562a91,7f479d09-ac3c-4230-85c0-5bdf624f2228,diane0414@gmail.com,Stephen Lawrence,2026-05-10 13:37:45.303152+00:00
5f5cb52d-a466-4564-808e-e6ec389be24d,525439e1-150a-42bd-8cee-450879c46e18,deborahdiaz15@hotmail.com,Lee Johnson,2026-04-29 03:37:27.270345+00:00
36595b7b-880e-409e-be68-eef8d9c4fd52,5a10eef9-9973-40d8-8d9d-42e48533e937,ujones16@gmail.com,Christopher Edwards DVM,2026-05-15 15:35:19.247178+00:00
39398db9-6d8d-41ed-9d19-20d442ceb1cc,7f479d09-ac3c-4230-85c0-5bdf624f2228,lisamontgomery17@gmail.com,Rebecca Flynn,2026-05-19 17:11:32.022156+00:00
424bc1ef-bbba-4f9e-baa6-5be0230d9208,525439e1-150a-42bd-8cee-450879c46e18,krystal0118@hotmail.com,Steven Fowler,2026-04-24 05:46:24.812788+00:00
3ab9de90-fc57-493e-89be-12c946ab8341,7f479d09-ac3c-4230-85c0-5bdf624f2228,millerdean19@yahoo.com,Kelly Davis,2026-04-20 07:12:45.843193+00:00
fa8e6dbc-f56b-4971-bee3-dd55cd622e2d,7f479d09-ac3c-4230-85c0-5bdf624f2228,jamesjackson20@hotmail.com,Jocelyn Wood,2026-04-04 22:29:39.391855+00:00
b412b288-4bec-4737-be7c-46a2bb112f3d,bfd6b390-b563-4a51-b73a-4f2e4789f383,elizabeth8121@yahoo.com,Rebecca Hayes,2026-03-22 01:25:10.302353+00:00
8d4b722b-200a-4396-adba-38d1dee23ef1,525439e1-150a-42bd-8cee-450879c46e18,zbutler22@yahoo.com,Jay Webster,2026-04-07 05:32:25.161395+00:00
7e4e1fba-5316-4b70-b0bb-6fbe0569c9c7,5a10eef9-9973-40d8-8d9d-42e48533e937,eduarte23@gmail.com,Olivia Cox,2026-05-28 10:20:36.072049+00:00
a20067e2-e9b7-489d-b85d-e4a1cd7eeaf9,3a89d813-38cc-477d-9e0c-f08f150f67fc,morrisonrachel24@hotmail.com,Veronica Scott,2026-03-25 17:45:24.353533+00:00
943804be-b54e-4fbb-b14d-cd327fc3396a,5a10eef9-9973-40d8-8d9d-42e48533e937,smithgary25@hotmail.com,Tammy Butler,2026-04-02 11:54:27.815923+00:00
af9d9cd8-6ded-4d79-ab15-5d8a93f37886,3a89d813-38cc-477d-9e0c-f08f150f67fc,crystal9426@hotmail.com,Billy Johnson,2026-04-29 18:47:20.437709+00:00
b2f06fb6-e41c-4fb1-aff1-b2fccf93417d,bfd6b390-b563-4a51-b73a-4f2e4789f383,hughesdonna27@hotmail.com,Robert Rosales,2026-03-28 20:06:11.200917+00:00
2901cb7b-f248-4017-a8f9-525a62149b77,525439e1-150a-42bd-8cee-450879c46e18,esanders28@gmail.com,Dr. Jasmine Jackson DVM,2026-05-30 23:39:37.094121+00:00
27b6c945-e269-4e4a-b8b5-892dcb7fb297,7f479d09-ac3c-4230-85c0-5bdf624f2228,oharris29@hotmail.com,Heather Washington,2026-04-18 00:48:13.465437+00:00
5f0d46b1-8b6d-4dcb-af13-a36fcce20e64,7f479d09-ac3c-4230-85c0-5bdf624f2228,stephencollins30@gmail.com,Lydia Erickson,2026-03-03 04:58:26.837183+00:00
322159cb-a15e-4454-96d6-e929c300d459,5a10eef9-9973-40d8-8d9d-42e48533e937,joseph9731@yahoo.com,Amber Sanders,2026-03-10 17:07:16.981626+00:00
f6b7e4a8-1d0a-4316-996d-5cb25f32d6d0,bfd6b390-b563-4a51-b73a-4f2e4789f383,yreynolds32@yahoo.com,Charles Williams,2026-05-16 09:40:50.505001+00:00
c4d60101-ee01-44e2-a855-fb72f22aedea,525439e1-150a-42bd-8cee-450879c46e18,jessica6633@gmail.com,Phillip Knox,2026-03-26 23:11:48.664053+00:00
8c19e974-eda8-40c1-bcad-5b291e03b643,7f479d09-ac3c-4230-85c0-5bdf624f2228,trujilloevelyn34@gmail.com,Benjamin Huynh,2026-03-20 01:12:41.462661+00:00
cf1ac225-11ef-4d56-a3ab-a5ee83bfcff8,7f479d09-ac3c-4230-85c0-5bdf624f2228,tball35@yahoo.com,Jason Patrick,2026-03-10 06:56:14.384468+00:00
6975a6ab-485d-49e3-96b6-ac0901ab6a22,525439e1-150a-42bd-8cee-450879c46e18,jacob8836@yahoo.com,Richard Sanders,2026-04-27 18:29:27.538006+00:00
a3c17855-7449-4b07-b720-9976ee2e6803,3a89d813-38cc-477d-9e0c-f08f150f67fc,leahwhite37@gmail.com,Mary Jones,2026-04-13 00:39:34.053807+00:00
556399f7-4421-4614-8807-1b5ce17a35bb,bfd6b390-b563-4a51-b73a-4f2e4789f383,projas38@gmail.com,Stephanie Ali,2026-04-16 14:03:13.332523+00:00
cc60acec-652a-4bf2-8df8-fabbde5f7217,bfd6b390-b563-4a51-b73a-4f2e4789f383,hwatson39@hotmail.com,Nathan Harmon,2026-04-17 11:23:06.776960+00:00
825c8518-22fd-477b-894f-174c335b7796,3a89d813-38cc-477d-9e0c-f08f150f67fc,jimenezkathryn40@gmail.com,Mary White,2026-05-05 00:00:22.764932+00:00
4f75c62f-96ea-4f79-b0ce-75b33f1699a0,3a89d813-38cc-477d-9e0c-f08f150f67fc,megan3941@gmail.com,Jonathan Collins,2026-04-26 07:00:03.548745+00:00
e30a26ef-1daa-4568-9faf-5ae6acbedfbc,bfd6b390-b563-4a51-b73a-4f2e4789f383,lburnett42@yahoo.com,Joshua Leach,2026-03-03 22:24:07.447528+00:00
9c49ac06-2740-4ffd-8403-d4b54b86830d,bfd6b390-b563-4a51-b73a-4f2e4789f383,walshstephen43@gmail.com,Kimberly Collins,2026-04-21 03:01:20.609966+00:00
3266ebed-582c-4ce6-8b12-be4d5d010d77,7f479d09-ac3c-4230-85c0-5bdf624f2228,nbarnes44@yahoo.com,Barry Young,2026-05-23 19:46:21.262957+00:00
554d0ecd-f5cc-44ac-968a-2bde0c48857a,bfd6b390-b563-4a51-b73a-4f2e4789f383,leestephen45@gmail.com,Cory Baxter,2026-05-28 00:32:17.659648+00:00
df27b7dd-d589-4342-a303-82098016e342,3a89d813-38cc-477d-9e0c-f08f150f67fc,ghill46@yahoo.com,Leslie Mccoy,2026-05-05 13:00:08.538103+00:00
d2e1db6a-add3-4fcf-afd8-c227462d658a,3a89d813-38cc-477d-9e0c-f08f150f67fc,steven3347@yahoo.com,Timothy Grant,2026-05-20 12:59:04.041919+00:00
96970e9f-f32a-42a7-b593-775b5a05c89a,7f479d09-ac3c-4230-85c0-5bdf624f2228,adillon48@hotmail.com,Peter Jackson,2026-05-22 22:45:33.714342+00:00
67f19b8a-f8e5-4ddc-af58-1e7f5e1da2ee,525439e1-150a-42bd-8cee-450879c46e18,staceycook49@yahoo.com,Spencer Hardin,2026-03-17 08:26:37.941225+00:00
f6a9b16d-27c2-4692-bd05-01d00d48a16c,3a89d813-38cc-477d-9e0c-f08f150f67fc,veronica2850@hotmail.com,Ruth Walker,2026-03-05 17:10:29.583376+00:00
30013da1-f6a2-45d6-af9b-6d34de44d036,3a89d813-38cc-477d-9e0c-f08f150f67fc,benjamin8051@gmail.com,William Sanchez,2026-04-03 19:37:34.356828+00:00
4aeeaa79-6452-459d-b519-81995cd91b5b,3a89d813-38cc-477d-9e0c-f08f150f67fc,moralesrachel52@yahoo.com,Christopher Serrano,2026-03-05 20:26:34.968393+00:00
0cdefe00-7a72-4d8b-95d3-73ac556aca6d,7f479d09-ac3c-4230-85c0-5bdf624f2228,zevans53@hotmail.com,Sylvia Garrison,2026-04-27 21:57:44.396661+00:00
8d647f24-c5ae-4532-b0a6-adb4495e22cb,7f479d09-ac3c-4230-85c0-5bdf624f2228,michael7654@yahoo.com,Danny Jackson,2026-04-14 23:44:25.365360+00:00
639f4247-639c-4fbf-997b-d48a3099d3ca,5a10eef9-9973-40d8-8d9d-42e48533e937,hbishop55@gmail.com,Kimberly Joseph,2026-03-30 06:33:27.422900+00:00
8955422b-a3bf-4d48-8181-0c65456a7f31,3a89d813-38cc-477d-9e0c-f08f150f67fc,briannamiller56@hotmail.com,Laura Taylor,2026-03-29 16:33:11.482928+00:00
07906309-dded-4584-ba0a-f93e6f670a63,3a89d813-38cc-477d-9e0c-f08f150f67fc,carlsonmichael57@yahoo.com,Barbara Atkins,2026-03-26 16:46:25.078597+00:00
8c47bb70-e1af-4464-a7a7-25ac28e42a37,7f479d09-ac3c-4230-85c0-5bdf624f2228,tyler3058@gmail.com,Michelle Hughes,2026-03-25 18:04:19.279435+00:00
1fea5bf0-f020-4fb2-95ed-54ea711537b6,3a89d813-38cc-477d-9e0c-f08f150f67fc,johnsonkenneth59@hotmail.com,Daniel Maldonado,2026-04-12 19:59:51.345025+00:00
46943789-8a27-410a-9123-71ce9e9c667a,525439e1-150a-42bd-8cee-450879c46e18,scottrobert60@gmail.com,Gary Morris,2026-05-06 08:44:54.840782+00:00
6f6bb79b-2452-4c7b-bd65-ac3a62dc0adb,525439e1-150a-42bd-8cee-450879c46e18,williamsnathan61@hotmail.com,Laura Foster,2026-05-30 08:11:54.311521+00:00
ad0bcfc5-2486-4552-b75a-f7b3a30f8341,525439e1-150a-42bd-8cee-450879c46e18,bullocktodd62@yahoo.com,Emily Hernandez,2026-05-01 15:49:34.472030+00:00
493eb1a2-375f-4e74-934e-661e08aeeb98,7f479d09-ac3c-4230-85c0-5bdf624f2228,nking63@gmail.com,Yolanda Dillon,2026-04-23 05:20:37.315618+00:00
3fbcc0a6-ec3b-4a58-9194-e6228e74f49f,3a89d813-38cc-477d-9e0c-f08f150f67fc,cbrowning64@hotmail.com,Yolanda Phillips,2026-05-11 04:57:30.937092+00:00
744b0193-cef8-4a53-973b-2d761a32bfbe,525439e1-150a-42bd-8cee-450879c46e18,fosterjonathan65@gmail.com,Tammy Johnson,2026-05-27 18:45:39.558690+00:00
2382a8d3-cfcf-4a20-8b1d-e4d8b8b44cf3,7f479d09-ac3c-4230-85c0-5bdf624f2228,robert1966@gmail.com,Sharon Marshall,2026-05-05 23:29:01.557718+00:00
8fad641d-6997-4184-bdb5-5fa620a193dd,bfd6b390-b563-4a51-b73a-4f2e4789f383,usmith67@yahoo.com,Tommy Petersen,2026-03-28 04:48:39.131329+00:00
5eacc1c3-8ccd-498d-9790-0cb08510731a,525439e1-150a-42bd-8cee-450879c46e18,jackhoward68@hotmail.com,Dennis Lucero,2026-03-27 03:51:55.674585+00:00
d7f130e3-851a-40cb-a41a-5e9f61db9223,5a10eef9-9973-40d8-8d9d-42e48533e937,jennifer9369@yahoo.com,Angela Avery MD,2026-04-11 11:33:15.542527+00:00
4ba4d660-5193-4cae-b8e5-4ec11b01a99f,bfd6b390-b563-4a51-b73a-4f2e4789f383,ycortez70@hotmail.com,Christine Castillo,2026-04-23 08:13:58.260431+00:00
52338f3b-0af9-4099-9457-fede2e67c8ce,7f479d09-ac3c-4230-85c0-5bdf624f2228,john4771@hotmail.com,Alexandra Tucker,2026-04-09 18:12:08.764269+00:00
f6389f17-ac1c-459b-90bb-d147c908b5c5,3a89d813-38cc-477d-9e0c-f08f150f67fc,michael4172@yahoo.com,Johnathan Garcia,2026-05-09 11:47:05.479537+00:00
f5a0bb7a-4dd5-4bae-9295-6d7b5d5a3358,bfd6b390-b563-4a51-b73a-4f2e4789f383,james1573@yahoo.com,Peter Brandt,2026-05-19 14:07:51.196090+00:00
b3a84d97-3039-4bb5-9757-74271fe74ab8,7f479d09-ac3c-4230-85c0-5bdf624f2228,balvarado74@yahoo.com,Amanda Mcdaniel,2026-05-25 00:57:24.211500+00:00
e62b3c36-c3a0-4ca2-834c-98c2b123dfbe,5a10eef9-9973-40d8-8d9d-42e48533e937,bendergeorge75@gmail.com,Brenda Mitchell,2026-03-16 16:01:39.182919+00:00
e0956180-5424-4851-a970-79d0a1105df3,3a89d813-38cc-477d-9e0c-f08f150f67fc,hollyfox76@hotmail.com,Sharon Gonzalez,2026-05-28 03:42:49.186426+00:00
7a17e316-d8a2-48c6-a8a9-89248fb82d9e,bfd6b390-b563-4a51-b73a-4f2e4789f383,moorekelly77@gmail.com,Michael Burns,2026-03-18 15:07:47.586344+00:00
d5527e1e-e845-467b-b6fb-662e89f59428,5a10eef9-9973-40d8-8d9d-42e48533e937,katie2278@gmail.com,Dennis Martin,2026-05-20 20:55:51.360109+00:00
b88371ec-9ce3-4e63-9f68-edb47464d404,3a89d813-38cc-477d-9e0c-f08f150f67fc,brownscott79@hotmail.com,Jack Hudson,2026-04-03 22:23:46.572577+00:00
8325d9a5-b5b7-42c0-8fd0-a5acfd0afb69,525439e1-150a-42bd-8cee-450879c46e18,ericpeterson80@gmail.com,Nathan Garcia,2026-03-27 09:18:39.898230+00:00
caad720a-d837-452d-9c20-16f6fa202171,bfd6b390-b563-4a51-b73a-4f2e4789f383,albert1481@hotmail.com,Danielle Shah,2026-05-08 20:31:52.972612+00:00
23ae0c7c-0376-4701-b807-dfa500828689,bfd6b390-b563-4a51-b73a-4f2e4789f383,ubarnett82@yahoo.com,Valerie Miller,2026-05-05 07:43:52.856689+00:00
e7872d38-03d2-4cc5-9b67-e16c28cb1c89,525439e1-150a-42bd-8cee-450879c46e18,isaac5483@gmail.com,Andrea Peters,2026-05-20 22:51:20.410946+00:00
0ef199bf-b733-4d14-bf1a-c0bcfdf0cd47,bfd6b390-b563-4a51-b73a-4f2e4789f383,williambush84@yahoo.com,Kristen Schneider,2026-04-26 17:05:08.199712+00:00
be3f24b0-233c-4382-8a93-8b291bc0f5c2,3a89d813-38cc-477d-9e0c-f08f150f67fc,tabitha4085@hotmail.com,Mackenzie Davis,2026-04-12 11:44:22.287745+00:00
5882fb2d-92ec-4b85-bb5c-c944f6ebe6d0,3a89d813-38cc-477d-9e0c-f08f150f67fc,iwilliams86@hotmail.com,Bradley Martinez MD,2026-03-23 03:48:22.358977+00:00
17c52e38-4b56-4ebc-b3c3-fabcf4442752,7f479d09-ac3c-4230-85c0-5bdf624f2228,lauramorgan87@hotmail.com,Kathryn Hunter,2026-04-21 11:25:30.006543+00:00
68e7a416-8841-4b95-bc39-e5f378e5d6f9,7f479d09-ac3c-4230-85c0-5bdf624f2228,sabrina7388@yahoo.com,Melissa Ross,2026-05-12 13:38:33.144998+00:00
6a232b05-b134-493a-986a-cda479997f82,3a89d813-38cc-477d-9e0c-f08f150f67fc,jennifermitchell89@gmail.com,Andrew Gonzales,2026-05-12 18:32:01.489160+00:00
e2040442-f97a-40dc-b5d8-c00c4a24b892,525439e1-150a-42bd-8cee-450879c46e18,zachary2790@yahoo.com,Thomas Howell,2026-04-28 10:45:40.642150+00:00
19a5b4d2-bcff-4234-922c-0690acf9cbd1,7f479d09-ac3c-4230-85c0-5bdf624f2228,ericshannon91@yahoo.com,Adrienne Mills,2026-04-03 23:37:52.077571+00:00
18176d67-0c4e-4cb8-9f77-348d5ad0baa9,3a89d813-38cc-477d-9e0c-f08f150f67fc,kevinbennett92@yahoo.com,Carmen Sullivan,2026-04-29 15:01:42.889593+00:00
66c45d10-fc8e-4964-b05d-f3cd976a31f6,bfd6b390-b563-4a51-b73a-4f2e4789f383,tiffany1193@hotmail.com,Stephen Terry,2026-05-03 10:09:29.557005+00:00
955849f3-002c-47f1-a019-b41e30ac9f6d,525439e1-150a-42bd-8cee-450879c46e18,donna3194@yahoo.com,Kayla Nixon,2026-04-01 04:02:40.435306+00:00
12d0fdf7-f2e8-46d9-93ea-009e776490ac,3a89d813-38cc-477d-9e0c-f08f150f67fc,campbellcody95@yahoo.com,Natasha Schneider,2026-03-04 12:02:25.779838+00:00
65f63c49-f73e-4604-9825-aef53b98a0df,525439e1-150a-42bd-8cee-450879c46e18,brianna2796@hotmail.com,Alexander Moore,2026-03-12 22:35:29.103182+00:00
10ce5ae0-0c26-4bee-98d6-6efaae0dd03b,bfd6b390-b563-4a51-b73a-4f2e4789f383,nicholas7497@gmail.com,William Lambert,2026-05-08 03:06:38.441266+00:00
57a1eef9-3588-4de1-9eb1-450ac5cc95ef,7f479d09-ac3c-4230-85c0-5bdf624f2228,suzannefitzpatrick98@hotmail.com,Erica Hunter,2026-05-08 20:03:19.496419+00:00
6902289a-9330-4dbf-bd6a-6c74367be764,3a89d813-38cc-477d-9e0c-f08f150f67fc,jamesgalloway99@hotmail.com,Erik Caldwell,2026-05-21 07:20:46.148465+00:00
177efd82-f174-4d06-b3b7-1a55bda700eb,3a89d813-38cc-477d-9e0c-f08f150f67fc,ryanguerrero100@hotmail.com,Amber Delacruz,2026-03-22 22:48:08.275838+00:00
f6294df4-ee83-40d7-8643-779fde9d3af2,7f479d09-ac3c-4230-85c0-5bdf624f2228,bchristensen101@gmail.com,Morgan Gomez,2026-04-29 12:28:32.253307+00:00
7eece4d2-6562-4282-8765-444c8cc902b0,3a89d813-38cc-477d-9e0c-f08f150f67fc,longangela102@gmail.com,Kimberly Sharp,2026-04-08 06:48:59.990050+00:00
2b610302-c98b-4eb1-bdb4-4e641e0062d6,bfd6b390-b563-4a51-b73a-4f2e4789f383,patricia28103@gmail.com,Holly Parker,2026-05-20 15:29:31.246222+00:00
327bd2ec-5a3a-4a79-bc87-dd302334280b,3a89d813-38cc-477d-9e0c-f08f150f67fc,olivia62104@gmail.com,Brendan Martin,2026-03-11 07:39:52.448209+00:00
8a27dc57-99c3-4702-9821-4bb67bcb4120,3a89d813-38cc-477d-9e0c-f08f150f67fc,codyyoung105@hotmail.com,Peter Fisher,2026-05-26 09:09:12.291193+00:00
dbd29cbf-1929-47ff-95f7-fccbbb98857f,525439e1-150a-42bd-8cee-450879c46e18,nmartin106@hotmail.com,Timothy Pham,2026-05-21 14:01:14.337339+00:00
9815c55a-74e3-4ca7-a275-d50a497273c0,bfd6b390-b563-4a51-b73a-4f2e4789f383,reginald98107@yahoo.com,Jesse Ball,2026-03-21 14:49:01.859144+00:00
7e8d5e55-2666-4e3d-8df3-0b6f5affce19,5a10eef9-9973-40d8-8d9d-42e48533e937,scohen108@gmail.com,Miguel Davis,2026-04-13 16:48:54.388286+00:00
54d44c36-ac41-484d-b0f0-b69494274f12,7f479d09-ac3c-4230-85c0-5bdf624f2228,lmurray109@yahoo.com,Brittany Jacobs,2026-05-29 01:54:43.278376+00:00
c48271a7-0238-42e3-85da-3db7c626fd50,7f479d09-ac3c-4230-85c0-5bdf624f2228,christinemosley110@gmail.com,Gary Mccarty,2026-05-21 06:45:38.837980+00:00
3c9d6c61-ccf9-424f-b3dd-cb711ff13bcc,7f479d09-ac3c-4230-85c0-5bdf624f2228,jessicagreen111@yahoo.com,Ryan Brown,2026-04-04 21:43:23.022924+00:00
a2ecd24c-265e-49ef-af24-452f38208f31,525439e1-150a-42bd-8cee-450879c46e18,christopherlynn112@hotmail.com,April Fernandez,2026-03-12 10:17:09.450897+00:00
5bb4b0ce-464f-404f-b108-18e591fdf772,5a10eef9-9973-40d8-8d9d-42e48533e937,mschmidt113@gmail.com,Scott Gould,2026-03-13 02:35:01.479746+00:00
3e5bd7ff-40b5-4ce0-86e9-d04e25c838d6,5a10eef9-9973-40d8-8d9d-42e48533e937,marymartin114@hotmail.com,Shannon Campbell,2026-04-24 12:12:42.082244+00:00
55004cf6-cdd1-4315-b8d1-461bc498e505,5a10eef9-9973-40d8-8d9d-42e48533e937,briansanchez115@hotmail.com,Derrick Curry,2026-05-13 19:49:30.117571+00:00
826153cc-c217-4fdc-a5ef-f6cb87ab9712,525439e1-150a-42bd-8cee-450879c46e18,jessicacohen116@gmail.com,Tiffany Watkins,2026-05-03 13:55:41.446075+00:00
5cf9edf4-cec0-45f2-a456-d7d768a4530f,7f479d09-ac3c-4230-85c0-5bdf624f2228,millskimberly117@yahoo.com,Douglas Henderson,2026-04-04 10:02:29.283225+00:00
242c4d39-0c7f-41e3-bbeb-39c68bf5e99f,525439e1-150a-42bd-8cee-450879c46e18,john66118@hotmail.com,Kathy Gonzales,2026-05-12 23:10:33.015738+00:00
02eb6efc-3acf-4309-961d-4b7b049a79c0,7f479d09-ac3c-4230-85c0-5bdf624f2228,amandahenderson119@hotmail.com,Melissa Lewis,2026-05-16 11:01:15.123598+00:00
7a2c7ec0-9321-4011-8436-e0ce009a92e5,525439e1-150a-42bd-8cee-450879c46e18,daniel90120@hotmail.com,Larry Dodson,2026-05-13 16:14:31.923194+00:00
a6cdca36-d8c3-4ce6-9130-0122b28c929d,525439e1-150a-42bd-8cee-450879c46e18,rmahoney121@hotmail.com,Jennifer Joseph,2026-03-21 00:41:13.940028+00:00
f24ad9e9-7e7f-494f-90d2-4e60c47e806f,3a89d813-38cc-477d-9e0c-f08f150f67fc,staceywhite122@hotmail.com,Annette Wilkinson,2026-04-14 22:53:09.361689+00:00
6adcb763-2761-463c-be02-b95c876525b3,bfd6b390-b563-4a51-b73a-4f2e4789f383,tmoreno123@hotmail.com,Donna Smith,2026-03-20 15:24:35.242761+00:00
3c53613a-dff2-4107-b694-82f04e5f8b3b,3a89d813-38cc-477d-9e0c-f08f150f67fc,david27124@gmail.com,Todd Miller,2026-04-18 22:37:26.427988+00:00
594c9148-7317-4b6c-bd0a-af1e45960ad0,3a89d813-38cc-477d-9e0c-f08f150f67fc,imiller125@gmail.com,Tanya Turner,2026-03-15 11:00:11.685119+00:00
0cd2ab6b-9d6c-4ee4-b267-1e655d372cc5,525439e1-150a-42bd-8cee-450879c46e18,hudsonmichael126@gmail.com,Cameron Jones PhD,2026-04-19 15:17:17.887712+00:00
92d47b45-b1e4-49da-987c-2bcf79e9ec0e,7f479d09-ac3c-4230-85c0-5bdf624f2228,bjohnston127@yahoo.com,Mark Gilmore,2026-04-26 16:48:29.718362+00:00
ce5dfcda-847c-4a76-9c67-10fc65f03518,5a10eef9-9973-40d8-8d9d-42e48533e937,brandon55128@gmail.com,Jacob Gibson,2026-04-14 13:52:31.010138+00:00
13aaf102-96bd-4529-8397-8e7c83d9255f,7f479d09-ac3c-4230-85c0-5bdf624f2228,baldwinjeffrey129@hotmail.com,Christina Boyd,2026-05-14 04:29:05.118800+00:00
c3b4400f-c795-4e2c-85a6-4c492899e0f6,5a10eef9-9973-40d8-8d9d-42e48533e937,martinjulie130@hotmail.com,John Nguyen,2026-03-24 04:29:25.880515+00:00
172a1e7a-8764-4a24-8fae-15f8f0a5114d,3a89d813-38cc-477d-9e0c-f08f150f67fc,jillperry131@gmail.com,Melissa Casey,2026-05-20 09:05:40.517213+00:00
886b4278-755a-4215-bf96-f192ee1bd649,5a10eef9-9973-40d8-8d9d-42e48533e937,hoffmanjennifer132@gmail.com,Peter Wilson,2026-03-30 00:10:43.381543+00:00
efc09bc1-c709-456d-a54e-d5d91af7acb3,7f479d09-ac3c-4230-85c0-5bdf624f2228,kimberly65133@gmail.com,Barbara Pena,2026-04-16 10:36:12.529500+00:00
892dbeab-1fdf-4ea8-8b6b-95662cad4c78,7f479d09-ac3c-4230-85c0-5bdf624f2228,david07134@yahoo.com,Logan Goodman,2026-04-16 19:27:41.907100+00:00
314a91bd-ee89-4f72-b0e4-5490507c2068,5a10eef9-9973-40d8-8d9d-42e48533e937,hendrixmorgan135@hotmail.com,David Jackson,2026-03-18 15:00:05.822553+00:00
35c729ca-8b8f-4d34-90f0-455c277f98f0,7f479d09-ac3c-4230-85c0-5bdf624f2228,christina90136@hotmail.com,Isaac Pacheco,2026-03-23 01:33:51.458221+00:00
09882827-3e5b-4c5f-9394-fa9552be0eee,525439e1-150a-42bd-8cee-450879c46e18,nmorris137@gmail.com,Kyle Cook,2026-04-28 17:13:13.365670+00:00
1e043568-4f13-4cd3-bafb-8654655be7f3,525439e1-150a-42bd-8cee-450879c46e18,hlopez138@yahoo.com,Benjamin Brown,2026-04-15 06:18:09.989269+00:00
c69478ca-965b-47a6-b1be-cc363942d6bf,bfd6b390-b563-4a51-b73a-4f2e4789f383,lori17139@yahoo.com,Franklin Meyer,2026-05-03 16:59:13.937238+00:00
f4e54c03-2d1c-4d95-a096-839a138b7859,525439e1-150a-42bd-8cee-450879c46e18,damon86140@hotmail.com,Amy Cobb,2026-05-06 23:19:57.320076+00:00
0a90198c-395b-44e2-bbd9-84cc4c525105,525439e1-150a-42bd-8cee-450879c46e18,cwright141@hotmail.com,Breanna Chang,2026-04-05 21:43:02.008630+00:00
c5898baf-524f-4ef4-a551-1e529ff967b2,3a89d813-38cc-477d-9e0c-f08f150f67fc,reedwanda142@hotmail.com,Michelle Jones,2026-03-10 00:35:27.304927+00:00
63fa01f1-52d2-4bbb-8c88-358054773078,7f479d09-ac3c-4230-85c0-5bdf624f2228,michele49143@gmail.com,Timothy Cook,2026-05-14 02:18:25.877090+00:00
3d24d669-d15f-438d-8857-3d7f79f199b7,7f479d09-ac3c-4230-85c0-5bdf624f2228,carolynschmidt144@yahoo.com,John Harrell,2026-03-04 19:39:55.489236+00:00
308d7e84-4f2a-444c-83ab-e28b18e1d1f8,5a10eef9-9973-40d8-8d9d-42e48533e937,owilson145@gmail.com,Joshua Williams,2026-05-01 00:49:12.787066+00:00
a3a178c7-908e-4cf9-8a92-ce1d6da15e25,5a10eef9-9973-40d8-8d9d-42e48533e937,davidperkins146@gmail.com,Tony Gomez,2026-04-10 22:04:46.012023+00:00
3e106d76-8d80-4161-875a-d48898831985,bfd6b390-b563-4a51-b73a-4f2e4789f383,crocha147@yahoo.com,Jason Nicholson,2026-05-03 15:20:15.355544+00:00
34e98d0b-0826-4859-b963-8b04bbb330c3,5a10eef9-9973-40d8-8d9d-42e48533e937,barrettjeff148@hotmail.com,James Hinton,2026-05-31 06:42:28.177966+00:00
9b130cf0-76b8-41a0-911c-3d127b18fa1c,3a89d813-38cc-477d-9e0c-f08f150f67fc,maxwellshawn149@yahoo.com,Lauren Parks MD,2026-04-21 15:30:39.373823+00:00
bf182e4c-5ee8-434d-918f-4ea63cdc4be9,7f479d09-ac3c-4230-85c0-5bdf624f2228,kathleenanderson150@hotmail.com,Gregory Hill,2026-04-09 03:59:01.310082+00:00
1e967373-35b7-404c-9b55-1707dace6863,3a89d813-38cc-477d-9e0c-f08f150f67fc,mrios151@gmail.com,Sean Arias,2026-04-03 17:57:54.200859+00:00
3a62561c-ced7-4476-8920-f47f2ee73b53,525439e1-150a-42bd-8cee-450879c46e18,kellygarcia152@gmail.com,Emily Hernandez,2026-05-31 08:24:48.969027+00:00
302e304f-a0fd-4408-9f10-a65fe36fa243,bfd6b390-b563-4a51-b73a-4f2e4789f383,chavezjoshua153@yahoo.com,Angela Cunningham,2026-05-12 18:42:03.240201+00:00
89f97927-2d32-4971-9a0a-01f4b8082a72,5a10eef9-9973-40d8-8d9d-42e48533e937,annkemp154@gmail.com,Timothy Burton,2026-04-06 15:30:16.863312+00:00
55f93bee-9038-4a3b-92ad-25bb6fdaa229,3a89d813-38cc-477d-9e0c-f08f150f67fc,justin68155@yahoo.com,Steven Robinson,2026-04-24 19:50:50.967152+00:00
d907bdd2-5635-4cb8-9371-4a3197fedaf7,7f479d09-ac3c-4230-85c0-5bdf624f2228,gonzalezjoshua156@yahoo.com,Andrea Cox,2026-04-12 20:13:01.449054+00:00
02d3f2cd-4bd6-4952-b268-1d0cbedfcc27,3a89d813-38cc-477d-9e0c-f08f150f67fc,kimberlylopez157@hotmail.com,Michael Turner,2026-03-09 16:39:13.956559+00:00
6d47cdd6-b491-4598-88d4-07c0ef9e4e36,5a10eef9-9973-40d8-8d9d-42e48533e937,paula07158@gmail.com,Claudia Scott,2026-05-14 08:03:40.811786+00:00
0c256d9a-bd12-45dc-8ed4-54ca27956042,3a89d813-38cc-477d-9e0c-f08f150f67fc,erica24159@gmail.com,Mr. Brett Daniels,2026-03-24 11:54:17.012911+00:00
b0753035-01da-43f4-aead-49520ea1e670,525439e1-150a-42bd-8cee-450879c46e18,evan25160@hotmail.com,Scott Harrison,2026-05-23 06:44:05.239543+00:00
83af00cd-1c73-49b2-bc9b-a394962f2971,bfd6b390-b563-4a51-b73a-4f2e4789f383,staylor161@hotmail.com,Kristin Hogan,2026-03-03 14:45:11.317244+00:00
58fb2753-7f4b-4ee4-9caa-b5816eb2c038,525439e1-150a-42bd-8cee-450879c46e18,robertsims162@yahoo.com,Jeremiah Ball,2026-04-23 02:28:35.386242+00:00
73bd5878-8954-40e3-94fb-6cfc7b2dec5b,7f479d09-ac3c-4230-85c0-5bdf624f2228,ramirezsteven163@hotmail.com,Ryan Holland,2026-03-20 11:48:40.316872+00:00
e735202c-76d9-4873-873d-206a7b4ac1ac,3a89d813-38cc-477d-9e0c-f08f150f67fc,joseph28164@hotmail.com,Carlos Harris,2026-03-23 10:35:25.274873+00:00
42823e80-d83a-4032-b400-7388a7cadd60,bfd6b390-b563-4a51-b73a-4f2e4789f383,jordanjohnson165@gmail.com,Jesse Chavez,2026-04-04 16:53:26.879893+00:00
3145b1a9-6652-407e-8038-97e3dfa343ff,7f479d09-ac3c-4230-85c0-5bdf624f2228,lopezaimee166@yahoo.com,Angel Ballard,2026-03-28 05:58:21.991438+00:00
4d4b3e27-407f-4244-96a1-749611626245,3a89d813-38cc-477d-9e0c-f08f150f67fc,robertsadrian167@yahoo.com,Stephanie Farrell,2026-04-11 14:10:18.574677+00:00
52c9c853-1e15-4b5b-9125-f6495dedb1a9,7f479d09-ac3c-4230-85c0-5bdf624f2228,kaylapayne168@gmail.com,Sabrina Lyons,2026-05-07 04:51:48.490584+00:00
b46078d7-b929-43fe-a249-94581d2230f7,7f479d09-ac3c-4230-85c0-5bdf624f2228,ahicks169@yahoo.com,Brian Parrish,2026-03-27 03:48:02.015917+00:00
4a0fbdf5-220c-4963-9eba-aa5f29e0ede9,525439e1-150a-42bd-8cee-450879c46e18,paulcourtney170@yahoo.com,Angela Jackson,2026-03-18 09:13:22.600020+00:00
1666d9fe-db9e-4508-9444-b62b5ec4682d,3a89d813-38cc-477d-9e0c-f08f150f67fc,tbutler171@hotmail.com,Patrick Griffin,2026-03-03 03:37:49.213328+00:00
0f4a25dc-9285-4cd0-974f-32c0add3b5a2,5a10eef9-9973-40d8-8d9d-42e48533e937,agonzalez172@gmail.com,Katelyn Reid,2026-03-09 17:37:35.492909+00:00
21da52be-0c2b-417c-bc60-772d6d98f944,bfd6b390-b563-4a51-b73a-4f2e4789f383,lori66173@yahoo.com,Denise Gutierrez,2026-03-25 15:40:58.136057+00:00
0b553985-8787-4ae2-bf7e-feae86fa1c89,7f479d09-ac3c-4230-85c0-5bdf624f2228,vdaniels174@yahoo.com,Stephanie Scott,2026-04-06 11:25:01.684239+00:00
1b3e2e94-3fc7-40dc-838a-4e53b222e059,5a10eef9-9973-40d8-8d9d-42e48533e937,heidimanning175@yahoo.com,Margaret Bell,2026-05-04 16:34:06.068775+00:00
32316a35-a63a-45ed-b4e3-e057af9f4998,3a89d813-38cc-477d-9e0c-f08f150f67fc,wroth176@hotmail.com,Kara Wilson,2026-03-15 00:48:28.853407+00:00
bd432b06-6802-4fa7-9137-0796e3e377c3,5a10eef9-9973-40d8-8d9d-42e48533e937,dianaharrington177@gmail.com,Shannon Garcia,2026-03-13 09:59:43.068087+00:00
d253ec57-1f4a-4127-9534-56dbfa926c14,525439e1-150a-42bd-8cee-450879c46e18,michael83178@hotmail.com,Amy Bush,2026-04-30 17:35:55.421238+00:00
240bc485-79de-4661-aff5-3f452f5e8c48,7f479d09-ac3c-4230-85c0-5bdf624f2228,brucemartinez179@hotmail.com,James Turner,2026-03-24 19:42:19.172560+00:00
f7fa2617-2de7-4a32-8792-f7abc21f80fc,7f479d09-ac3c-4230-85c0-5bdf624f2228,cynthia77180@hotmail.com,Hannah Garcia,2026-04-07 07:01:49.360606+00:00
aadd2a55-bfa2-48c4-b257-37cb1a395228,bfd6b390-b563-4a51-b73a-4f2e4789f383,wkeith181@gmail.com,Kimberly Abbott,2026-03-05 15:47:29.957425+00:00
09b0a8a7-f777-4313-a514-7ba10eb3632d,7f479d09-ac3c-4230-85c0-5bdf624f2228,kimjennifer182@hotmail.com,Deborah Banks,2026-05-16 10:30:18.537563+00:00
5c202aeb-489a-4dc4-b3fb-b057ea89d584,3a89d813-38cc-477d-9e0c-f08f150f67fc,scottbryant183@hotmail.com,Maria Barry,2026-03-08 07:30:35.529991+00:00
85f63c9e-7146-41fd-bafd-a51e362c9436,5a10eef9-9973-40d8-8d9d-42e48533e937,ramosadam184@hotmail.com,Sandra Marshall,2026-05-28 02:59:28.949853+00:00
6ac17af5-ff90-4f58-aad2-27c704a223e2,5a10eef9-9973-40d8-8d9d-42e48533e937,tmurphy185@gmail.com,John Rodriguez,2026-04-08 04:29:01.977405+00:00
c68aa07d-6b2e-45f8-9262-38133d2580e8,525439e1-150a-42bd-8cee-450879c46e18,mitchell20186@hotmail.com,John Parks,2026-03-18 06:56:41.550876+00:00
434e2678-ac16-4382-bf19-cf9280c64b68,3a89d813-38cc-477d-9e0c-f08f150f67fc,reynoldscharles187@hotmail.com,Jessica Wise,2026-05-02 04:22:46.690829+00:00
e48f4332-dabf-47ff-92c6-16c0fc459a61,bfd6b390-b563-4a51-b73a-4f2e4789f383,amandabrooks188@yahoo.com,Charles Schultz,2026-03-23 22:32:51.499172+00:00
471ee6d0-4665-4b2d-aba2-8ec0dabee9b6,3a89d813-38cc-477d-9e0c-f08f150f67fc,samuel87189@gmail.com,Kimberly Daniels MD,2026-03-31 16:08:02.496065+00:00
a9677fad-9834-4157-9b79-aae6f41b19b7,525439e1-150a-42bd-8cee-450879c46e18,parkerbarbara190@hotmail.com,Anthony Wheeler,2026-04-14 13:11:20.944127+00:00
ae1dc3c5-1de1-4ec3-a682-04bddd990a9c,bfd6b390-b563-4a51-b73a-4f2e4789f383,jessicamckee191@yahoo.com,Jennifer Holt,2026-05-16 23:32:33.828420+00:00
946069d1-d1db-4468-a087-378c93c3ebe0,bfd6b390-b563-4a51-b73a-4f2e4789f383,kgonzalez192@gmail.com,Jamie Ross,2026-04-26 18:09:12.426317+00:00
8c35ccbc-1794-4aaa-8ba9-e1a617d108de,7f479d09-ac3c-4230-85c0-5bdf624f2228,brandon60193@yahoo.com,Jennifer Rivera,2026-03-29 09:06:37.763629+00:00
3ce7ef8e-db95-4db5-8cf7-a4af4de32cde,3a89d813-38cc-477d-9e0c-f08f150f67fc,icooper194@hotmail.com,Matthew Nelson,2026-04-11 03:47:01.314273+00:00
3411f232-afa1-4560-9095-3c5cd8e3e1f3,5a10eef9-9973-40d8-8d9d-42e48533e937,greenekelsey195@hotmail.com,John Barton,2026-05-20 20:52:52.125988+00:00
5c62b2bb-252f-48eb-bcc8-56332ced94fc,bfd6b390-b563-4a51-b73a-4f2e4789f383,ksanchez196@hotmail.com,Michelle Heath,2026-05-14 09:43:48.057777+00:00
1c62b2ee-2fec-4081-b941-eb68c7578808,5a10eef9-9973-40d8-8d9d-42e48533e937,sarahharris197@yahoo.com,Edward Flores,2026-04-02 23:15:06.402685+00:00
18e4a524-5c1f-47f2-9e78-f6a7df8696a9,7f479d09-ac3c-4230-85c0-5bdf624f2228,jamesrodriguez198@yahoo.com,Frank Andrews,2026-05-28 18:42:07.038310+00:00
f5c9bc8d-db39-4b3c-b59c-7f1019d239ab,7f479d09-ac3c-4230-85c0-5bdf624f2228,sherrimolina199@yahoo.com,Nathan Lyons,2026-05-20 07:42:55.651721+00:00
738b9a01-0941-4f79-8f95-7e286909a225,7f479d09-ac3c-4230-85c0-5bdf624f2228,williamscody200@gmail.com,Thomas Haley,2026-03-14 07:46:31.118559+00:00
a6de9bae-175c-470a-9e8f-ca3d2bee92bf,5a10eef9-9973-40d8-8d9d-42e48533e937,gwendolyn18201@yahoo.com,Jeffrey Smith,2026-03-15 03:43:53.292100+00:00
f5657edd-d22d-4045-8be5-817d6733c657,3a89d813-38cc-477d-9e0c-f08f150f67fc,melissa42202@yahoo.com,Carol Powell,2026-04-29 18:48:35.637733+00:00
ff3b7370-ea8f-46ca-a6f2-0857f824691a,7f479d09-ac3c-4230-85c0-5bdf624f2228,christopher14203@hotmail.com,Susan Henry,2026-05-28 02:21:11.449132+00:00
69c62e64-d2bd-45bf-ae09-1980b5ab47c7,7f479d09-ac3c-4230-85c0-5bdf624f2228,robertasilva204@gmail.com,Henry Martin,2026-05-05 00:00:29.033619+00:00
adc9659c-6633-4402-a2ac-29a8252ed6b1,bfd6b390-b563-4a51-b73a-4f2e4789f383,suzanne86205@yahoo.com,Daniel Cruz,2026-03-12 08:27:33.513339+00:00
442d093e-0fb6-42b1-99dc-608e26fb0274,5a10eef9-9973-40d8-8d9d-42e48533e937,pnguyen206@yahoo.com,Anthony Wright,2026-05-08 20:20:25.492642+00:00
7ac781b5-5a94-473c-b1fb-9545f1d1fcd3,5a10eef9-9973-40d8-8d9d-42e48533e937,shelley20207@yahoo.com,Julie Durham,2026-05-11 18:53:32.467932+00:00
e93f3bae-0329-4944-9203-a6621ca21782,525439e1-150a-42bd-8cee-450879c46e18,mcraig208@yahoo.com,Heather Villa,2026-03-10 23:13:19.573090+00:00
331ea219-239f-4a31-90f4-e1fad5a02477,5a10eef9-9973-40d8-8d9d-42e48533e937,karenthomas209@gmail.com,Gabriela Freeman,2026-04-10 18:16:38.914857+00:00
a3ae4ee9-9a6d-4470-8b32-c1d4c7c54b3e,7f479d09-ac3c-4230-85c0-5bdf624f2228,scottsilva210@gmail.com,Sara Fernandez,2026-04-04 22:27:08.161106+00:00
8916cf65-0501-4d25-b010-49c857afd926,5a10eef9-9973-40d8-8d9d-42e48533e937,timothy12211@hotmail.com,Paul Collins,2026-03-25 09:12:55.025210+00:00
e3dfba80-56d4-479a-8c5d-f901742e9647,5a10eef9-9973-40d8-8d9d-42e48533e937,vevans212@hotmail.com,Katherine Glover,2026-04-15 02:24:58.829002+00:00
e806483e-02e6-4e23-9fd1-b51fe77b0684,525439e1-150a-42bd-8cee-450879c46e18,andrea24213@hotmail.com,Lauren Duncan,2026-04-30 20:38:30.538357+00:00
641968ba-84f2-40f2-a5b0-77338c10113e,7f479d09-ac3c-4230-85c0-5bdf624f2228,glassjames214@yahoo.com,Mrs. Sarah Ramirez,2026-05-10 17:04:13.019193+00:00
a82f773c-8ce5-4cb7-b869-f2200b96cd4d,5a10eef9-9973-40d8-8d9d-42e48533e937,aryan215@hotmail.com,Brendan Mueller,2026-05-16 20:01:41.686877+00:00
0d2a0d80-e0e5-4b3f-a56c-d39aab0d2ba8,5a10eef9-9973-40d8-8d9d-42e48533e937,stevensmith216@gmail.com,Jonathan Martin,2026-04-19 15:19:13.133849+00:00
660de5a2-f7b6-4e73-a37b-e812eab3ce55,7f479d09-ac3c-4230-85c0-5bdf624f2228,lwagner217@yahoo.com,Brent Garcia,2026-04-13 21:37:30.801501+00:00
0a924a83-f3a7-4322-9980-2222ee1c977a,7f479d09-ac3c-4230-85c0-5bdf624f2228,eric44218@gmail.com,Mitchell Bowen,2026-03-19 19:46:18.568253+00:00
79219866-7959-4c10-96ae-a7241980eb1e,bfd6b390-b563-4a51-b73a-4f2e4789f383,briana59219@gmail.com,Steven Larson,2026-03-12 07:32:23.491447+00:00
17b01ff0-f16e-4d9b-b693-1f82f2b285e4,bfd6b390-b563-4a51-b73a-4f2e4789f383,mperez220@gmail.com,Charles Greene,2026-05-05 06:43:40.185284+00:00
66055c3e-78ad-45bc-9b66-fab90f630db1,3a89d813-38cc-477d-9e0c-f08f150f67fc,rbullock221@yahoo.com,Aaron Elliott,2026-05-22 11:05:43.382013+00:00
13bdd0b4-a81e-4c1d-9cc3-434f63132846,bfd6b390-b563-4a51-b73a-4f2e4789f383,hollandhenry222@yahoo.com,Jose Taylor,2026-03-23 11:27:38.746463+00:00
7cfcb7de-7bda-4726-ac9b-993096b2ac9c,525439e1-150a-42bd-8cee-450879c46e18,sfernandez223@gmail.com,Erin Howard,2026-05-14 09:11:36.269927+00:00
beb1f603-35fc-477d-b0b5-67d17e1676f0,7f479d09-ac3c-4230-85c0-5bdf624f2228,bryanpatricia224@hotmail.com,Stephen Bell,2026-03-05 14:05:15.519736+00:00
2e19a2af-0819-41ae-9b11-5756aefc15ad,5a10eef9-9973-40d8-8d9d-42e48533e937,ruben58225@yahoo.com,Cory Jones,2026-04-24 06:54:18.050306+00:00
57c1a6f6-64ba-4b53-9f40-9c7573df2ab4,3a89d813-38cc-477d-9e0c-f08f150f67fc,juliewilliams226@hotmail.com,Daniel Flores,2026-05-14 05:00:33.464720+00:00
a25b2fa3-c4d6-4a21-b66b-c622fce75036,7f479d09-ac3c-4230-85c0-5bdf624f2228,ethan44227@yahoo.com,Brian Williams,2026-03-15 17:42:31.156673+00:00
abd8b6e3-71d6-4f1e-ab0e-47e0b0d32b95,5a10eef9-9973-40d8-8d9d-42e48533e937,michelleduncan228@hotmail.com,Heidi Morgan,2026-04-18 19:55:31.674565+00:00
d7bf6695-de9d-4ef2-a8a6-dc348a8a65e8,7f479d09-ac3c-4230-85c0-5bdf624f2228,fjohnson229@yahoo.com,Michele Hubbard,2026-05-28 11:00:27.840939+00:00
bd3f8d0c-62c4-4fb7-b4e8-68278ccffa5b,bfd6b390-b563-4a51-b73a-4f2e4789f383,victoriawalker230@gmail.com,Elizabeth Hayes,2026-05-04 18:03:41.734635+00:00
dd5f6b60-3a6c-4434-ab98-f5d0f7e206fb,7f479d09-ac3c-4230-85c0-5bdf624f2228,michellebowman231@hotmail.com,Gregory Evans,2026-03-14 04:03:57.545116+00:00
9b429e26-5438-48d1-8c58-890acb016ed1,5a10eef9-9973-40d8-8d9d-42e48533e937,ycollins232@hotmail.com,Brittany Gentry,2026-05-29 18:13:08.797448+00:00
6c908b79-1cc1-49c5-a06a-ea23524865f1,3a89d813-38cc-477d-9e0c-f08f150f67fc,rileycamacho233@gmail.com,Mike Johnson,2026-04-18 16:22:15.482441+00:00
bd850b71-39e7-4117-82d8-7177648ebd4d,525439e1-150a-42bd-8cee-450879c46e18,alexander46234@yahoo.com,Crystal Munoz,2026-04-06 07:20:58.724781+00:00
80a8e02a-ba2b-45c2-8c8f-551a438ce54d,3a89d813-38cc-477d-9e0c-f08f150f67fc,ewingrodney235@hotmail.com,Matthew Miller,2026-05-22 04:27:24.732045+00:00
32631b9a-b97f-4b23-8f14-a3555648365e,7f479d09-ac3c-4230-85c0-5bdf624f2228,josefreeman236@hotmail.com,Tammy Kelly,2026-05-18 15:33:24.346624+00:00
79887a24-fe68-4b1a-b0ff-6053b70b00e0,7f479d09-ac3c-4230-85c0-5bdf624f2228,wilcoxjack237@gmail.com,Shelby Diaz,2026-05-27 14:51:52.008001+00:00
38a91bba-1f72-45af-854f-201417267ff1,3a89d813-38cc-477d-9e0c-f08f150f67fc,wilsonjoseph238@hotmail.com,Sandra Cooper MD,2026-04-11 12:10:32.362800+00:00
dfd41047-4204-4520-bf05-4a9e12aa7227,bfd6b390-b563-4a51-b73a-4f2e4789f383,ohoffman239@hotmail.com,Randy Farley,2026-05-02 08:16:53.386039+00:00
cfddd18f-fc23-41e8-8885-521edd7bd4f3,bfd6b390-b563-4a51-b73a-4f2e4789f383,yvettejohnson240@gmail.com,Matthew Reed,2026-03-15 09:27:42.364787+00:00
85d17b13-663d-4848-8d6b-5ee9bade3028,bfd6b390-b563-4a51-b73a-4f2e4789f383,desiree24241@gmail.com,Michelle Taylor,2026-03-25 06:59:32.867773+00:00
b0f4e081-0a45-41ea-9641-851bba2b0524,525439e1-150a-42bd-8cee-450879c46e18,justin69242@gmail.com,Rachael Lowe,2026-05-24 11:12:28.160762+00:00
5b93490d-5e4a-42d3-a8ea-36f22493473c,bfd6b390-b563-4a51-b73a-4f2e4789f383,andersonjames243@yahoo.com,Amy Nichols,2026-03-29 23:27:03.463369+00:00
db4d949c-9a2d-4218-8def-eebd85930940,bfd6b390-b563-4a51-b73a-4f2e4789f383,sara10244@yahoo.com,Joshua Johnson,2026-03-05 01:45:11.998188+00:00
e22e4c31-4f47-4d74-8ab6-849ea4273660,525439e1-150a-42bd-8cee-450879c46e18,robert51245@yahoo.com,Dr. Samantha Clark MD,2026-04-25 00:29:42.676102+00:00
4bbe93f7-48c4-4726-b528-5472cffb8273,525439e1-150a-42bd-8cee-450879c46e18,karenewing246@yahoo.com,Ralph Stone,2026-05-11 00:28:22.252049+00:00
67f1145a-3e66-4118-8810-54fa7fcf3f2f,525439e1-150a-42bd-8cee-450879c46e18,james87247@yahoo.com,Brittany Cunningham,2026-03-16 10:39:18.172444+00:00
364e5e52-182c-40e2-97cf-d63a75a298f1,bfd6b390-b563-4a51-b73a-4f2e4789f383,toddbrooks248@yahoo.com,Frank Frazier,2026-05-13 23:00:58.858874+00:00
25fd791b-3b60-477e-aeb5-f4c884740a9f,3a89d813-38cc-477d-9e0c-f08f150f67fc,lopezhector249@hotmail.com,Mrs. Sherry Moore MD,2026-03-28 05:13:31.051469+00:00
b0d20034-df3e-4414-be0b-754e0eed56a9,7f479d09-ac3c-4230-85c0-5bdf624f2228,zmartin250@yahoo.com,Kenneth Sanchez,2026-05-25 23:11:42.594254+00:00
f980439d-ceb6-4e56-8ad0-23ecdc1c7f13,5a10eef9-9973-40d8-8d9d-42e48533e937,clara251@yahoo.com,Melissa Pierce,2026-03-08 11:22:30.341030+00:00
a6245098-3d05-486a-9cb6-b5608d476364,3a89d813-38cc-477d-9e0c-f08f150f67fc,kreynolds252@gmail.com,Nicole Lopez,2026-03-03 19:31:14.472487+00:00
02496086-9db4-46ca-95df-67336f8e5d79,5a10eef9-9973-40d8-8d9d-42e48533e937,oalvarez253@yahoo.com,John Hall,2026-04-11 09:22:57.224884+00:00
0d5e9d52-0b2c-40b7-9b9f-434ec252905d,bfd6b390-b563-4a51-b73a-4f2e4789f383,manningjennifer254@hotmail.com,Kevin Williams,2026-04-04 13:38:03.044971+00:00
91bfee14-bb1b-428f-9421-e23a9ef9f766,7f479d09-ac3c-4230-85c0-5bdf624f2228,nglenn255@hotmail.com,Megan Wilkinson,2026-04-29 10:28:18.599701+00:00
a7e5a99a-7316-4872-be85-3f1ce407dff4,bfd6b390-b563-4a51-b73a-4f2e4789f383,john19256@gmail.com,Mr. Ethan Rocha,2026-04-29 04:20:53.000114+00:00
d6821ccc-b02d-4643-8e3a-31cfc6971444,525439e1-150a-42bd-8cee-450879c46e18,mcdonaldkaren257@gmail.com,Frances Melton,2026-04-03 11:42:46.705007+00:00
d1fccfdd-3599-4cfa-bf26-e523fc6ab040,5a10eef9-9973-40d8-8d9d-42e48533e937,mark07258@hotmail.com,David Ward,2026-04-19 15:33:33.861598+00:00
1d949288-4ac0-4a95-9510-b5a55f831338,525439e1-150a-42bd-8cee-450879c46e18,ashley79259@gmail.com,Tracy Lam,2026-05-30 02:18:16.320484+00:00
37163831-b713-4a63-abc9-8be31e443a89,5a10eef9-9973-40d8-8d9d-42e48533e937,mjones260@hotmail.com,Natalie Sheppard,2026-04-04 01:03:55.605281+00:00
ff73f19c-bc7d-4171-866c-880b67a1177b,7f479d09-ac3c-4230-85c0-5bdf624f2228,matthew90261@gmail.com,Johnathan Ward,2026-03-30 05:11:22.453575+00:00
25b1aa28-1daf-4afd-bb06-3899c71e4fd3,525439e1-150a-42bd-8cee-450879c46e18,fjackson262@hotmail.com,Jordan Martin,2026-04-26 16:42:35.891026+00:00
f6c134f5-a9c3-40dc-a109-95ac3c81e01f,5a10eef9-9973-40d8-8d9d-42e48533e937,hicksandrew263@gmail.com,Kevin Pittman,2026-05-18 00:15:43.430772+00:00
c43233b7-5f0a-4745-b63e-f8e07f847002,5a10eef9-9973-40d8-8d9d-42e48533e937,jacob97264@hotmail.com,Sherri Patrick,2026-03-26 15:20:41.960818+00:00
c48d8a72-2489-48d9-b814-0ceb5e5d4f0e,bfd6b390-b563-4a51-b73a-4f2e4789f383,lewispatrick265@hotmail.com,Anthony Vega MD,2026-05-12 11:05:41.609622+00:00
9545bb15-801a-42c6-bb6c-b6ab3c2a7322,5a10eef9-9973-40d8-8d9d-42e48533e937,michael81266@hotmail.com,Brian Stewart,2026-03-19 17:36:21.737201+00:00
cfecc38f-8f31-4505-b989-b2b73130aff0,bfd6b390-b563-4a51-b73a-4f2e4789f383,kbuck267@yahoo.com,Christian Brooks,2026-04-01 15:29:43.833929+00:00
4b74e91f-2f90-4be8-b08e-bf07a16e9495,7f479d09-ac3c-4230-85c0-5bdf624f2228,mackenziehahn268@yahoo.com,Anthony Clayton,2026-03-18 16:18:40.524235+00:00
c0da588f-b4f5-44a6-b4f7-f4730d90b0f6,5a10eef9-9973-40d8-8d9d-42e48533e937,mscott269@gmail.com,Richard Mullen,2026-04-24 19:31:03.146105+00:00
a8269f24-ba2c-4642-af60-b0e0f12eda70,5a10eef9-9973-40d8-8d9d-42e48533e937,james36270@hotmail.com,Amanda Kirk,2026-03-26 00:45:11.300462+00:00
26715db4-9fe6-4b80-91c8-1d9e3d60a3c1,bfd6b390-b563-4a51-b73a-4f2e4789f383,antonio79271@yahoo.com,Vanessa Silva,2026-03-21 11:05:52.488757+00:00
323b7862-559b-4dfe-84d4-0cef32d0feec,bfd6b390-b563-4a51-b73a-4f2e4789f383,jnguyen272@gmail.com,Janet Blackburn,2026-04-23 14:52:06.171979+00:00
897b731e-4dd7-4692-a693-5b17a62c5bf5,7f479d09-ac3c-4230-85c0-5bdf624f2228,churchjay273@hotmail.com,Angel Harper,2026-04-25 00:28:24.485569+00:00
7106c0bd-6bcf-434d-bed9-da91fac30a84,7f479d09-ac3c-4230-85c0-5bdf624f2228,martinezmelissa274@yahoo.com,Eric Torres,2026-03-07 06:26:13.982927+00:00
83ad078d-a961-4a4c-a087-f6e57cbc8d08,7f479d09-ac3c-4230-85c0-5bdf624f2228,jjohnson275@gmail.com,Jennifer Zhang,2026-03-08 09:44:59.489445+00:00
a5aca6e2-52a8-49a0-a9e3-5f34dde36160,525439e1-150a-42bd-8cee-450879c46e18,aaronatkinson276@yahoo.com,Candace Baker,2026-05-07 07:29:09.255877+00:00
c8160b81-8146-496b-b533-f9ba936700e7,5a10eef9-9973-40d8-8d9d-42e48533e937,karen39277@hotmail.com,Jessica Harris,2026-05-26 13:27:04.887993+00:00
d881c9ef-a385-4ebc-9d8b-4d6746f02f27,5a10eef9-9973-40d8-8d9d-42e48533e937,srivera278@gmail.com,Jennifer Hernandez,2026-03-15 09:56:46.382366+00:00
c4c97dcc-1877-4a84-8ddf-de8d70dc37f8,5a10eef9-9973-40d8-8d9d-42e48533e937,vharper279@yahoo.com,Patricia Robertson,2026-05-15 21:37:49.235848+00:00
8579d861-53e2-4b55-bae3-7f9162769c7b,3a89d813-38cc-477d-9e0c-f08f150f67fc,butlercrystal280@yahoo.com,Patricia Sullivan,2026-05-04 17:14:11.925203+00:00
4a5e329d-c6bf-4d16-8b98-196510428418,7f479d09-ac3c-4230-85c0-5bdf624f2228,adiaz281@hotmail.com,Donald Berger,2026-05-16 17:48:14.343393+00:00
61482b56-1184-4423-b5f2-c28bace322e0,7f479d09-ac3c-4230-85c0-5bdf624f2228,timothy21282@gmail.com,Nicholas Vang,2026-05-18 00:37:06.436543+00:00
327ad173-0a75-48d3-b5bf-358c3fbb6a5e,7f479d09-ac3c-4230-85c0-5bdf624f2228,dthompson283@hotmail.com,Benjamin Edwards,2026-03-28 19:57:01.685273+00:00
1f011263-214c-433c-9171-493e0aa4b760,5a10eef9-9973-40d8-8d9d-42e48533e937,morganjennifer284@yahoo.com,Michael Coleman,2026-03-11 09:26:49.099261+00:00
913d7931-ca98-4223-9cc3-ee27c1151c2c,7f479d09-ac3c-4230-85c0-5bdf624f2228,matthewsjason285@hotmail.com,Jamie Snyder,2026-04-12 14:33:09.789309+00:00
c19c3856-84eb-4e7f-a933-6aa44af0c58a,3a89d813-38cc-477d-9e0c-f08f150f67fc,gonzaleznathan286@gmail.com,Julie Wood,2026-03-15 10:32:51.759435+00:00
4f36fb42-705f-4452-9c01-9c2604589de4,bfd6b390-b563-4a51-b73a-4f2e4789f383,jasongarcia287@gmail.com,Amber Chang,2026-05-12 10:00:52.647582+00:00
0c74a7be-39d2-4a71-b22c-39d9dac6db03,3a89d813-38cc-477d-9e0c-f08f150f67fc,bruiz288@hotmail.com,Rodney Campos,2026-04-11 19:35:48.094105+00:00
254f7291-4fc9-42ab-a78e-25b06be09134,7f479d09-ac3c-4230-85c0-5bdf624f2228,joshuadalton289@gmail.com,Michael Moyer,2026-03-16 03:31:58.121833+00:00
5665ec0c-ffd2-47b8-ac90-2a90f0f31551,7f479d09-ac3c-4230-85c0-5bdf624f2228,nicoleblack290@hotmail.com,Daniel Torres,2026-05-04 22:05:34.327488+00:00
6c0dc815-c3fb-4a55-9a10-9618364c1c5f,525439e1-150a-42bd-8cee-450879c46e18,hbraun291@yahoo.com,Tonya Harris,2026-05-08 03:07:27.084353+00:00
b6b12b13-a082-4ba3-aaf9-da99b1bf96af,5a10eef9-9973-40d8-8d9d-42e48533e937,ellissean292@gmail.com,Nancy Ward,2026-03-20 11:55:37.893958+00:00
b97f5bbd-7ed0-4813-b797-9118feaa69cc,7f479d09-ac3c-4230-85c0-5bdf624f2228,patrickwhite293@yahoo.com,Annette Young,2026-04-23 11:24:28.413206+00:00
67f522ca-4787-43d1-9a7a-b5080aea99b0,5a10eef9-9973-40d8-8d9d-42e48533e937,palmerchristopher294@hotmail.com,John Martin,2026-03-04 15:38:15.856183+00:00
6fb35f79-adc6-480e-82b7-921e827c6223,5a10eef9-9973-40d8-8d9d-42e48533e937,xmahoney295@hotmail.com,Wyatt Baker,2026-05-08 18:35:38.620325+00:00
ead7561d-6294-4662-a9f7-6423073d5da0,3a89d813-38cc-477d-9e0c-f08f150f67fc,ashley06296@gmail.com,Ryan Brown,2026-03-05 13:12:20.741808+00:00
8dc91d73-e1cb-459b-a166-fa7cdfb414c5,5a10eef9-9973-40d8-8d9d-42e48533e937,jordangarcia297@gmail.com,John Gilbert,2026-05-02 20:23:51.782226+00:00
c3d4fb74-350c-4bdf-9a6c-cae0b9d8e18f,7f479d09-ac3c-4230-85c0-5bdf624f2228,perezgary298@hotmail.com,Austin Davies,2026-03-10 04:46:53.098611+00:00
2481c611-3d85-426e-a1b0-b3595d85ed75,7f479d09-ac3c-4230-85c0-5bdf624f2228,dylanbrewer299@gmail.com,Christina Guzman,2026-05-27 09:15:27.866753+00:00
edf18383-bdd0-4d84-881a-40d2c990280d,7f479d09-ac3c-4230-85c0-5bdf624f2228,jessicahernandez300@gmail.com,John Williams,2026-05-25 16:18:41.581949+00:00
13a86c55-c3b7-4d1c-b027-ba236afaf63b,bfd6b390-b563-4a51-b73a-4f2e4789f383,greenrobert301@gmail.com,Jack Gardner,2026-05-25 10:08:40.532906+00:00
2c708dd5-e8d3-40f6-bd09-b4881ca67d8c,5a10eef9-9973-40d8-8d9d-42e48533e937,vaughnjonathan302@hotmail.com,Patricia Jimenez,2026-05-03 12:25:48.907703+00:00
51b12567-0876-4fc9-993d-ccbe53eb7c06,5a10eef9-9973-40d8-8d9d-42e48533e937,kennethhall303@yahoo.com,Edgar Williams,2026-05-22 07:03:15.567581+00:00
f71447e6-57d8-477d-a9f5-592463c01598,7f479d09-ac3c-4230-85c0-5bdf624f2228,bobby82304@yahoo.com,Thomas Gonzalez,2026-03-04 23:09:02.992236+00:00
a2acb80d-e231-4760-b7cb-bbd6f584168e,525439e1-150a-42bd-8cee-450879c46e18,sylviacoffey305@gmail.com,Michael Kennedy,2026-04-26 08:49:06.788526+00:00
e6d481b1-27db-4c2d-a873-fbeacc1a7e25,525439e1-150a-42bd-8cee-450879c46e18,rodriguezbarry306@gmail.com,Shannon Simpson,2026-05-26 14:21:45.847680+00:00
10ec9f6a-b238-4984-b9c7-64c6297869d0,5a10eef9-9973-40d8-8d9d-42e48533e937,knightwesley307@yahoo.com,Richard Mcintyre,2026-05-15 09:58:12.607604+00:00
62f239d9-9994-45c4-9a61-9d53f1751ab1,7f479d09-ac3c-4230-85c0-5bdf624f2228,austinreid308@yahoo.com,James Flores,2026-03-08 21:54:10.088765+00:00
8fa701fb-0d51-4bd2-9ff0-348300513e62,7f479d09-ac3c-4230-85c0-5bdf624f2228,troy08309@gmail.com,Justin Cobb,2026-03-09 01:07:11.857800+00:00
3cb777ef-13fc-45bf-a511-8fb3ff155185,525439e1-150a-42bd-8cee-450879c46e18,hgarcia310@gmail.com,Christine Foster,2026-05-17 13:31:18.757462+00:00
145050e4-db71-4128-a1f4-d527cad6c6e7,3a89d813-38cc-477d-9e0c-f08f150f67fc,jasonwebb311@gmail.com,Kristopher Gomez,2026-04-09 02:12:35.655766+00:00
5af484b2-1479-4a77-83f4-0e4117b51e38,7f479d09-ac3c-4230-85c0-5bdf624f2228,wreyes312@gmail.com,Debra Thomas,2026-05-12 16:29:53.910323+00:00
68bf555d-bbce-4e90-a84c-19a06e06947f,5a10eef9-9973-40d8-8d9d-42e48533e937,mahoneycameron313@gmail.com,Brian Tanner,2026-05-11 14:36:12.617776+00:00
548990c0-8470-46fb-af22-56669170b03e,7f479d09-ac3c-4230-85c0-5bdf624f2228,hernandezjames314@hotmail.com,Patricia Allen,2026-04-10 03:49:14.346985+00:00
c0c10dc9-db7e-4aee-b6ef-df0a067e5d99,525439e1-150a-42bd-8cee-450879c46e18,rodneyscott315@gmail.com,Jessica Mendoza,2026-05-17 13:36:41.937951+00:00
75c30133-e12b-4225-8140-91bc90c85684,7f479d09-ac3c-4230-85c0-5bdf624f2228,robertroberts316@yahoo.com,Linda Hall,2026-04-24 13:30:03.031933+00:00
c0de1b42-ae22-4e83-9ef5-5755ab68781d,5a10eef9-9973-40d8-8d9d-42e48533e937,underwoodkristin317@yahoo.com,Tony Lee,2026-04-14 11:52:02.227532+00:00
5a602a24-283e-482d-afc4-9a134036b92b,bfd6b390-b563-4a51-b73a-4f2e4789f383,fred74318@yahoo.com,Colleen Edwards,2026-05-08 17:16:35.523983+00:00
0d33354b-7297-4657-b85e-3291a4401e22,3a89d813-38cc-477d-9e0c-f08f150f67fc,ogordon319@yahoo.com,Stephen Mitchell,2026-03-12 18:21:20.799508+00:00
a00d9748-e69c-4cda-9ab5-aed995ab6196,5a10eef9-9973-40d8-8d9d-42e48533e937,vnixon320@yahoo.com,Brian Miller,2026-04-17 19:19:36.599606+00:00
34903632-81a1-42a4-b151-a98a6016365c,bfd6b390-b563-4a51-b73a-4f2e4789f383,jcherry321@yahoo.com,Tara Robinson,2026-04-22 08:53:01.483752+00:00
a4ad89f7-728d-41d9-b3f9-1685ecabe994,5a10eef9-9973-40d8-8d9d-42e48533e937,palvarado322@hotmail.com,Karen Moody DVM,2026-04-24 11:22:46.207925+00:00
3835e60b-b125-487e-a555-99617d0096ad,5a10eef9-9973-40d8-8d9d-42e48533e937,douglasmichael323@hotmail.com,Elizabeth Anderson,2026-05-24 11:50:00.866033+00:00
2b141618-dc74-44d5-bf75-17985e8cadcc,bfd6b390-b563-4a51-b73a-4f2e4789f383,pjordan324@hotmail.com,Jeffrey Banks,2026-05-13 17:15:04.874538+00:00
ea51f48d-baa9-4f61-9ce7-c7566517262c,bfd6b390-b563-4a51-b73a-4f2e4789f383,sallyfletcher325@hotmail.com,Dawn Russell,2026-05-14 00:12:23.200689+00:00
e836223f-9f4c-46c1-804b-63206548aa17,3a89d813-38cc-477d-9e0c-f08f150f67fc,dnash326@gmail.com,Alexander Curry,2026-05-27 08:36:38.644024+00:00
01057182-382d-4db3-bcf1-66dad0150af7,bfd6b390-b563-4a51-b73a-4f2e4789f383,tracyholt327@yahoo.com,Andrew Clarke,2026-05-05 15:40:51.562682+00:00
d25ce266-dabe-4f4e-859d-c65cfc7ab3f1,525439e1-150a-42bd-8cee-450879c46e18,lewispatrick328@gmail.com,Lindsey Riddle,2026-04-15 01:56:38.815669+00:00
0515534d-a002-4c25-ae43-74afbdc1255b,7f479d09-ac3c-4230-85c0-5bdf624f2228,fshelton329@gmail.com,Wendy Banks,2026-05-17 23:00:31.724350+00:00
ad85512d-5c01-4684-b1dd-f8ea554d7560,525439e1-150a-42bd-8cee-450879c46e18,johnsontimothy330@yahoo.com,Jordan Barrett,2026-05-26 08:43:47.196441+00:00
84e3d341-e222-4f75-b4bd-240d6ea21e84,3a89d813-38cc-477d-9e0c-f08f150f67fc,katherinewilliams331@gmail.com,Rhonda Welch,2026-04-29 02:32:31.060543+00:00
b1049fbd-ccf7-42f6-9fa1-c7e3fc159022,525439e1-150a-42bd-8cee-450879c46e18,mariaobrien332@yahoo.com,Tanner Smith,2026-05-15 13:18:59.424783+00:00
45934b32-a499-464b-8bf5-e5753dc7bbe5,bfd6b390-b563-4a51-b73a-4f2e4789f383,stevenmcfarland333@gmail.com,Juan Hart,2026-05-13 09:45:23.473609+00:00
d615d333-63c5-4159-8374-b6d5c7290d1c,3a89d813-38cc-477d-9e0c-f08f150f67fc,franklinryan334@gmail.com,Christopher Benson,2026-05-17 09:29:11.371462+00:00
86defc4d-1e94-43b8-a252-8606ccf2f8c9,3a89d813-38cc-477d-9e0c-f08f150f67fc,zodonnell335@hotmail.com,James Avila,2026-04-09 15:51:44.378844+00:00
fd0bc3af-da44-4c94-af3c-4e5b065dbb5b,525439e1-150a-42bd-8cee-450879c46e18,bennettdavid336@gmail.com,Stephanie Robbins,2026-04-16 16:52:44.254904+00:00
5e89b197-0748-48cc-a7b9-6a531e14b19d,bfd6b390-b563-4a51-b73a-4f2e4789f383,sara41337@hotmail.com,Joseph Hughes,2026-05-10 04:53:22.555272+00:00
7ffaaf24-7b3d-41a6-8501-0a4571429108,525439e1-150a-42bd-8cee-450879c46e18,alexander11338@yahoo.com,Patricia Chambers,2026-03-18 15:41:09.254929+00:00
df54df93-3939-41d3-92fb-de703ff7e2ac,7f479d09-ac3c-4230-85c0-5bdf624f2228,carolyn83339@hotmail.com,Phillip Camacho,2026-04-09 18:40:31.970866+00:00
3101b131-9c44-470c-9045-0e35351ac564,5a10eef9-9973-40d8-8d9d-42e48533e937,justin83340@gmail.com,Mr. Jonathan Harrell,2026-04-01 09:13:25.394955+00:00
8f3eed59-de70-4b08-9e10-5b1c24973249,3a89d813-38cc-477d-9e0c-f08f150f67fc,lauren74341@gmail.com,Rebecca Berry,2026-03-21 20:50:31.418024+00:00
50b3d7b3-5b7c-47a5-80d9-dfbf4c4044d0,3a89d813-38cc-477d-9e0c-f08f150f67fc,scott60342@gmail.com,Carrie Mccann,2026-04-28 22:51:44.118649+00:00
c67bf51d-198a-4d42-bc61-e77b262ff166,525439e1-150a-42bd-8cee-450879c46e18,peter92343@gmail.com,Kimberly Shaw,2026-04-12 11:56:27.044023+00:00
579318bf-963f-473b-b889-c4dcb4b257aa,5a10eef9-9973-40d8-8d9d-42e48533e937,eric85344@yahoo.com,Elizabeth Dorsey,2026-05-26 03:53:05.745294+00:00
0416f425-63df-4c71-906b-3d97c1c9d54b,5a10eef9-9973-40d8-8d9d-42e48533e937,jamie75345@gmail.com,Thomas Young,2026-03-14 18:19:00.444874+00:00
52f5244e-1f12-4d5a-b467-7a9e1681adba,525439e1-150a-42bd-8cee-450879c46e18,mbishop346@gmail.com,John Anderson,2026-03-17 06:56:05.712501+00:00
5d22a4e7-b3bf-4f58-b2b4-92592b320cc8,7f479d09-ac3c-4230-85c0-5bdf624f2228,zprice347@hotmail.com,Colleen Gould,2026-05-20 16:15:19.171475+00:00
8a60ad8b-f53c-4c52-a4c6-1c515a1fe920,bfd6b390-b563-4a51-b73a-4f2e4789f383,kathrynbrown348@yahoo.com,Michael Jordan,2026-03-20 03:27:17.072956+00:00
66226a0f-42a8-41c3-b650-cb74ce4caa14,525439e1-150a-42bd-8cee-450879c46e18,cassandravargas349@hotmail.com,Anthony Rojas,2026-04-07 10:24:49.578813+00:00
fc9c86c3-0e34-4be9-9cbc-406e655ebb9a,3a89d813-38cc-477d-9e0c-f08f150f67fc,ronaldlawrence350@yahoo.com,Gerald Wilcox,2026-04-15 04:06:08.861532+00:00
47e7bd27-75f8-4686-ad18-7eeb73ec3b96,5a10eef9-9973-40d8-8d9d-42e48533e937,shelley90351@gmail.com,Jason Lindsey,2026-03-03 08:20:06.252842+00:00
59436f3a-485d-4e8d-a25d-a7e34c467b43,7f479d09-ac3c-4230-85c0-5bdf624f2228,smithjessica352@gmail.com,Tina Hughes,2026-04-22 13:50:07.336450+00:00
b7902765-13a2-4894-92c0-1eb7aa3273ee,3a89d813-38cc-477d-9e0c-f08f150f67fc,hfowler353@hotmail.com,Eric Franklin,2026-04-16 16:28:21.310150+00:00
4d7c2e33-5bfb-4986-847b-aaa75ee4c702,bfd6b390-b563-4a51-b73a-4f2e4789f383,lamlaura354@gmail.com,Jose Smith,2026-05-09 13:10:17.953337+00:00
bd2742b5-36bd-4a14-9074-c22c430cffef,7f479d09-ac3c-4230-85c0-5bdf624f2228,patelheather355@hotmail.com,Madison Roberts,2026-03-30 18:09:10.178417+00:00
58c33fa2-deae-4316-957b-f3c89c1e2253,3a89d813-38cc-477d-9e0c-f08f150f67fc,ruizdawn356@yahoo.com,Crystal Woods,2026-05-07 07:49:40.467153+00:00
40aed23e-5a65-494f-beca-cbccc8ef9840,525439e1-150a-42bd-8cee-450879c46e18,murphyadam357@gmail.com,Justin Nelson,2026-03-24 07:50:44.489516+00:00
f520a9f8-b0fa-4d27-b496-8c78f1f27da1,525439e1-150a-42bd-8cee-450879c46e18,daniel78358@hotmail.com,Karen Garcia,2026-05-08 20:01:17.011137+00:00
dcae5495-2e2b-4ea0-b4e0-4deef7aa1931,7f479d09-ac3c-4230-85c0-5bdf624f2228,rrogers359@hotmail.com,Stacy Page,2026-03-25 21:38:28.494291+00:00
e8dc69be-650f-4031-b011-dfb5ccd24c05,525439e1-150a-42bd-8cee-450879c46e18,kristenstephens360@hotmail.com,Adriana Moore,2026-04-04 00:42:06.252837+00:00
a4d8c4ba-c912-4614-81a8-370cedb4547c,bfd6b390-b563-4a51-b73a-4f2e4789f383,lawsontimothy361@yahoo.com,Teresa Smith,2026-05-19 19:23:26.156220+00:00
7bf3a48c-7b87-4041-82eb-76e7ae46c275,bfd6b390-b563-4a51-b73a-4f2e4789f383,tyleranderson362@gmail.com,Jesus Powell,2026-03-28 20:10:06.690628+00:00
ab3eeb1e-e607-406a-ad7f-1a4a447f5251,525439e1-150a-42bd-8cee-450879c46e18,christopher02363@gmail.com,William Perez,2026-05-28 07:21:46.931675+00:00
8b0ac777-937e-4007-a67b-bf1f0fc744ac,bfd6b390-b563-4a51-b73a-4f2e4789f383,charlesprice364@gmail.com,Dr. Patricia Vega,2026-03-04 08:36:12.834520+00:00
5e655e2c-f3b7-4f57-89fb-532f1c882223,525439e1-150a-42bd-8cee-450879c46e18,williambarker365@yahoo.com,Raymond Brown,2026-03-28 03:29:31.104991+00:00
964397e6-e287-4e47-a9c5-03e0f5a14883,7f479d09-ac3c-4230-85c0-5bdf624f2228,jbrown366@gmail.com,Michael Hampton,2026-03-04 19:01:09.705515+00:00
e021a24a-603b-4cea-ae3e-e55375f42e91,5a10eef9-9973-40d8-8d9d-42e48533e937,scobb367@yahoo.com,Russell Davis,2026-05-24 02:29:45.686546+00:00
d53ff357-fbc8-41eb-a041-4c534c8b6525,7f479d09-ac3c-4230-85c0-5bdf624f2228,markgonzalez368@hotmail.com,Lori Blake,2026-05-20 13:57:37.953539+00:00
87e6ad3e-d09b-4823-9a9b-3829b0c6d967,7f479d09-ac3c-4230-85c0-5bdf624f2228,fstone369@yahoo.com,Julia Smith,2026-03-23 08:50:21.772052+00:00
0d5ad08f-b861-47a9-8922-970050196019,bfd6b390-b563-4a51-b73a-4f2e4789f383,henry94370@yahoo.com,Donna King,2026-05-18 17:06:56.644342+00:00
84a36085-82a9-4820-a286-1020700fd0ee,3a89d813-38cc-477d-9e0c-f08f150f67fc,nicole29371@yahoo.com,Laura Mendez,2026-05-26 08:21:49.477404+00:00
cf67055e-5f41-4137-87d7-6e6384b93876,5a10eef9-9973-40d8-8d9d-42e48533e937,phill372@yahoo.com,Martin Cisneros,2026-03-15 09:52:43.482489+00:00
dca5c524-3174-402c-a6c6-2dba74b5d758,5a10eef9-9973-40d8-8d9d-42e48533e937,oblack373@hotmail.com,Stephanie Christensen,2026-05-09 16:10:39.247423+00:00
1414a42b-0bff-4168-b0bf-94bdb2f50ae4,3a89d813-38cc-477d-9e0c-f08f150f67fc,lewisgabriel374@hotmail.com,Brian Mcdonald,2026-03-24 11:02:03.486003+00:00
2bcbf5df-e86d-4ba2-afb0-47bd8326f940,bfd6b390-b563-4a51-b73a-4f2e4789f383,brett26375@hotmail.com,Brad Steele,2026-04-23 11:20:57.452139+00:00
5b90b3f4-ec22-4f8b-a89a-45807c3d10ec,7f479d09-ac3c-4230-85c0-5bdf624f2228,peterscheryl376@hotmail.com,Kimberly Chavez,2026-04-24 07:06:32.610022+00:00
2d91b1bf-7a7e-49b8-8883-3d3a90b0e02c,5a10eef9-9973-40d8-8d9d-42e48533e937,morrisonbarry377@gmail.com,Jim Martin,2026-03-08 10:34:31.875281+00:00
51d8cb61-c08c-4897-a0e3-80da60fb0315,525439e1-150a-42bd-8cee-450879c46e18,jillian14378@yahoo.com,Don Chandler,2026-05-17 17:02:33.644284+00:00
1f718b27-a2e7-491c-a89f-92e61de07120,7f479d09-ac3c-4230-85c0-5bdf624f2228,ybailey379@hotmail.com,Amy Watson,2026-03-10 12:01:48.640431+00:00
2934ef87-1581-4b57-acb6-72f61ceef2f5,525439e1-150a-42bd-8cee-450879c46e18,antonio58380@gmail.com,Carly Taylor,2026-03-07 17:41:46.853091+00:00
0af8a361-2447-4150-95c8-6a0a6f1dc298,5a10eef9-9973-40d8-8d9d-42e48533e937,stephencarroll381@yahoo.com,William Rice,2026-05-24 11:23:49.134647+00:00
221057df-f05b-4ada-b7d6-ef27cbbb4fe0,525439e1-150a-42bd-8cee-450879c46e18,wrightaustin382@hotmail.com,Eric Curry,2026-04-05 12:31:02.992326+00:00
72f3590d-e758-4cce-87bb-987d4c80aeb3,7f479d09-ac3c-4230-85c0-5bdf624f2228,tara29383@yahoo.com,Tyler Woodard,2026-04-14 00:32:52.154583+00:00
fcc2ec79-3837-490e-8bd0-c52742a4a80f,5a10eef9-9973-40d8-8d9d-42e48533e937,christinaharris384@yahoo.com,Kelly Lopez,2026-04-23 12:12:03.673343+00:00
eb547ba5-5681-4f9e-abd0-c01fe4126cb8,bfd6b390-b563-4a51-b73a-4f2e4789f383,elijahnelson385@hotmail.com,Kenneth Sanders,2026-05-19 23:53:59.548609+00:00
fa8a7eee-def5-4bd3-bb7a-6434df069034,bfd6b390-b563-4a51-b73a-4f2e4789f383,joycewilliams386@yahoo.com,Gary Pace,2026-05-17 05:49:58.142921+00:00
a7002c75-640e-4801-ae48-7d331d0a61d5,3a89d813-38cc-477d-9e0c-f08f150f67fc,kathy34387@gmail.com,Charles Parker,2026-04-27 09:29:05.877641+00:00
8ae106bc-cb4d-457c-b69d-9c80ef073f81,525439e1-150a-42bd-8cee-450879c46e18,reyesmichael388@yahoo.com,Kelly Olson,2026-05-12 05:01:26.080075+00:00
e83da357-94a1-40c9-91ab-afa73813afc6,525439e1-150a-42bd-8cee-450879c46e18,johnrobinson389@yahoo.com,Ruth Hull,2026-05-11 22:18:51.632141+00:00
d3368f1c-3805-46bd-b54f-06871e02472e,7f479d09-ac3c-4230-85c0-5bdf624f2228,jacobscarl390@yahoo.com,Billy Peters,2026-04-22 15:56:30.953383+00:00
cd298829-5268-463a-a9fb-f32df4f25e1c,bfd6b390-b563-4a51-b73a-4f2e4789f383,nicolewhite391@gmail.com,Courtney Bell,2026-03-31 03:20:33.098103+00:00
d4fd2bbc-a861-4236-9030-8d07056813b2,525439e1-150a-42bd-8cee-450879c46e18,thomas00392@gmail.com,James Jones,2026-04-16 22:33:16.645700+00:00
26e65714-8353-4de3-867b-50bfd980cd9a,bfd6b390-b563-4a51-b73a-4f2e4789f383,samuelmendez393@yahoo.com,Courtney Fitzgerald,2026-05-24 18:28:32.299864+00:00
3c47def6-59b9-4e76-aa3b-ce14cb2ab233,5a10eef9-9973-40d8-8d9d-42e48533e937,leebrian394@gmail.com,Shawna Garcia,2026-05-06 00:42:04.782643+00:00
a0fdd5db-a6d9-48c0-93a8-bbd8139e441d,7f479d09-ac3c-4230-85c0-5bdf624f2228,rebekahreynolds395@yahoo.com,Debra Barnett,2026-03-04 15:37:45.853540+00:00
1efc7a73-74fa-4e55-b9de-01b9759aa2e8,7f479d09-ac3c-4230-85c0-5bdf624f2228,pgonzales396@gmail.com,Edward Macias,2026-03-18 19:36:13.885437+00:00
083149b9-aa4a-436c-8e17-e6fe9036c817,5a10eef9-9973-40d8-8d9d-42e48533e937,juliefisher397@hotmail.com,William Jones,2026-05-28 03:50:51.916075+00:00
d6009390-b178-41d5-8719-277393ca6c1d,7f479d09-ac3c-4230-85c0-5bdf624f2228,preid398@yahoo.com,Brendan Brown,2026-04-13 22:03:08.044322+00:00
82b461d2-958a-48ff-b29b-03497238b78b,7f479d09-ac3c-4230-85c0-5bdf624f2228,robertleach399@gmail.com,Raymond Rivera,2026-05-15 16:30:47.527896+00:00
60704cc4-6949-472d-b4b8-b856f63910cc,3a89d813-38cc-477d-9e0c-f08f150f67fc,christopher83400@yahoo.com,Kenneth Williams,2026-04-07 21:13:54.124170+00:00
853c2e14-5caf-4bc0-9069-4a6575de6507,7f479d09-ac3c-4230-85c0-5bdf624f2228,katieadkins401@hotmail.com,Megan Ballard,2026-03-04 21:12:53.841610+00:00
5b95f52d-1234-4862-9833-dc0e16efef06,525439e1-150a-42bd-8cee-450879c46e18,eric75402@yahoo.com,Jordan Rivers,2026-03-27 20:03:17.015978+00:00
5546ae0b-7363-4357-95a5-be154ebaeb85,3a89d813-38cc-477d-9e0c-f08f150f67fc,nancy92403@hotmail.com,Donald Johnson,2026-04-21 00:34:57.070453+00:00
1b6b0649-f06f-440c-b6c8-e421c1c5ec1d,525439e1-150a-42bd-8cee-450879c46e18,tylersandra404@gmail.com,Charles Becker,2026-05-06 07:37:39.208774+00:00
ed863e0a-30a5-4c2c-8a45-73650ea0c4ef,3a89d813-38cc-477d-9e0c-f08f150f67fc,miguelaguilar405@gmail.com,Tina George MD,2026-05-06 14:34:59.767698+00:00
18128faa-099d-4432-8207-5c849355ef10,bfd6b390-b563-4a51-b73a-4f2e4789f383,ortegamichael406@yahoo.com,Blake Walls,2026-05-07 13:01:49.544038+00:00
2cbe0272-072e-4d14-b1e8-c8a3f30c4f49,bfd6b390-b563-4a51-b73a-4f2e4789f383,fjackson407@hotmail.com,Susan Morrow,2026-05-03 09:56:55.599330+00:00
386b9cbd-e708-4c27-894c-4ef182b18a39,5a10eef9-9973-40d8-8d9d-42e48533e937,rodriguezadam408@yahoo.com,Amanda Simpson MD,2026-03-15 05:18:00.300685+00:00
9c357713-6389-46e7-949b-a592880ba2a8,525439e1-150a-42bd-8cee-450879c46e18,plee409@yahoo.com,Daniel Hansen,2026-04-19 15:50:06.826935+00:00
954045d6-2d03-446a-95f9-dff0253fd79a,3a89d813-38cc-477d-9e0c-f08f150f67fc,aclark410@hotmail.com,Daniel James,2026-03-12 19:54:18.091965+00:00
26c3a9d7-a2f2-4e03-a18d-22ce1aa49735,3a89d813-38cc-477d-9e0c-f08f150f67fc,wcurtis411@yahoo.com,Maria Fry,2026-04-05 12:01:16.486543+00:00
6b3df6a5-768f-408a-bac5-37bae8dd91d9,5a10eef9-9973-40d8-8d9d-42e48533e937,sanchezchristopher412@yahoo.com,Stacey Villarreal,2026-05-21 10:42:36.917323+00:00
57ffd0d5-6bf2-44e0-9ccf-0fd403c6e1a2,5a10eef9-9973-40d8-8d9d-42e48533e937,tinabrown413@gmail.com,Victoria Chan,2026-05-09 10:09:52.082327+00:00
292bc692-7b3c-44ca-b17e-cc2168671f21,5a10eef9-9973-40d8-8d9d-42e48533e937,pmcdaniel414@yahoo.com,Christopher Bailey,2026-03-11 09:10:46.839121+00:00
1caebc38-c2f0-4d4c-9bb2-e50f2d314ebb,bfd6b390-b563-4a51-b73a-4f2e4789f383,danielbanks415@gmail.com,Denise Harper,2026-05-21 22:08:01.372190+00:00
013c8305-fe86-4bbc-9dc2-ac0c4ef76a14,5a10eef9-9973-40d8-8d9d-42e48533e937,john44416@gmail.com,Lance Peterson,2026-03-14 20:55:38.117315+00:00
c8daf4d4-dc10-4a55-a306-d7d7039722a7,7f479d09-ac3c-4230-85c0-5bdf624f2228,iwilson417@yahoo.com,April Brown,2026-03-04 19:46:31.267568+00:00
9f7cdc12-3ba0-4775-b98e-2fbe2fd6ebc2,7f479d09-ac3c-4230-85c0-5bdf624f2228,ebailey418@gmail.com,William Butler DDS,2026-05-13 15:30:43.508218+00:00
b72529fd-c602-4520-92f1-47097d21f9d3,bfd6b390-b563-4a51-b73a-4f2e4789f383,kross419@hotmail.com,Deborah Levy,2026-04-27 09:33:22.182987+00:00
375a16f6-0231-4e66-93d3-947c9601ee2c,5a10eef9-9973-40d8-8d9d-42e48533e937,ycampbell420@yahoo.com,Jessica Howard,2026-03-07 11:22:05.238248+00:00
e7c9fb7a-b0f3-4444-927e-c97815057e97,7f479d09-ac3c-4230-85c0-5bdf624f2228,christopherbray421@gmail.com,Ryan Fuller,2026-03-15 09:21:53.763738+00:00
cb234b10-da88-4df1-9055-ac69ec53788e,525439e1-150a-42bd-8cee-450879c46e18,benjamin13422@gmail.com,Stephanie Anderson,2026-05-18 02:42:16.923624+00:00
b86c6a45-e29f-48e6-8d46-e9d1f5faf0cb,525439e1-150a-42bd-8cee-450879c46e18,qcook423@yahoo.com,Stephen Miller,2026-03-18 01:26:59.402064+00:00
b90b33f4-3de9-477d-8cce-769db43c104a,bfd6b390-b563-4a51-b73a-4f2e4789f383,tinawaters424@gmail.com,David Henderson,2026-05-23 07:38:15.019714+00:00
6e0d423e-51ff-4a83-9f3d-63fbf69dc007,bfd6b390-b563-4a51-b73a-4f2e4789f383,jasonmiller425@hotmail.com,Keith Moore,2026-04-08 06:57:04.071429+00:00
a18bcb12-ed70-4e44-b4d9-bfeeb7be0c55,3a89d813-38cc-477d-9e0c-f08f150f67fc,mholt426@yahoo.com,Ricky Flores,2026-04-15 13:17:24.575025+00:00
666ae3de-3940-42bd-98fe-9fbdc482c1e9,7f479d09-ac3c-4230-85c0-5bdf624f2228,obrown427@gmail.com,Austin Perry,2026-04-02 08:28:45.230781+00:00
5313adf4-7681-49cd-abd1-ef2317ca6282,7f479d09-ac3c-4230-85c0-5bdf624f2228,martinezwendy428@hotmail.com,Jerome Johnson,2026-03-30 21:54:44.817982+00:00
7ac565fa-c6f2-41de-b576-39eafb5d3cfa,525439e1-150a-42bd-8cee-450879c46e18,wwilliams429@hotmail.com,James Shelton,2026-04-24 15:15:37.563924+00:00
e87baacd-9b50-4a96-8df5-66d273445ae9,525439e1-150a-42bd-8cee-450879c46e18,david57430@gmail.com,Timothy Johns,2026-04-17 15:47:04.608808+00:00
38fa9b34-56fd-46d2-848a-9f20a890dcf5,3a89d813-38cc-477d-9e0c-f08f150f67fc,uwhite431@yahoo.com,John Hunt,2026-04-04 05:07:00.522238+00:00
2bc20f93-6c57-4135-8c98-f975b5e80a80,5a10eef9-9973-40d8-8d9d-42e48533e937,morganrodriguez432@gmail.com,Mark Pierce,2026-03-18 19:01:43.732168+00:00
bd523c24-a5fa-451c-be8c-039ecc6364c4,3a89d813-38cc-477d-9e0c-f08f150f67fc,billywilliams433@yahoo.com,Abigail Friedman,2026-03-08 04:39:40.646334+00:00
3bfb2654-94ae-45d1-9e60-d7efafc51be6,bfd6b390-b563-4a51-b73a-4f2e4789f383,martha76434@gmail.com,David Moreno,2026-05-17 12:51:17.579313+00:00
c2f83d5b-df4b-4ca0-b276-7cd2964b8965,5a10eef9-9973-40d8-8d9d-42e48533e937,james99435@gmail.com,Deanna Hernandez,2026-04-17 04:16:13.222708+00:00
6ae44150-4461-4219-ab62-31481f9ec2fa,7f479d09-ac3c-4230-85c0-5bdf624f2228,sgreene436@hotmail.com,Kyle Conner,2026-05-07 01:26:10.714517+00:00
0cd2058e-1be7-475d-860d-c9385904b2fb,525439e1-150a-42bd-8cee-450879c46e18,byrddawn437@yahoo.com,James Chen DDS,2026-05-06 02:43:07.323318+00:00
f42e52bf-9918-48f7-8f87-46d6f6ee9d5f,7f479d09-ac3c-4230-85c0-5bdf624f2228,mparker438@yahoo.com,Ronnie Cooper,2026-04-15 06:23:31.286751+00:00
d773f96a-0ee8-46f1-999e-36aa7b6e230a,5a10eef9-9973-40d8-8d9d-42e48533e937,marc82439@yahoo.com,Elizabeth Cantrell,2026-05-23 06:16:42.717660+00:00
a46082b1-f920-4cc5-a49d-f01b6744d483,5a10eef9-9973-40d8-8d9d-42e48533e937,megan39440@yahoo.com,Suzanne Dunn,2026-05-31 17:30:15.746364+00:00
6dcb17c0-93e8-4f52-ab4b-5ca866b880f1,bfd6b390-b563-4a51-b73a-4f2e4789f383,phillipsmadison441@hotmail.com,Peter Meyers,2026-03-10 12:04:17.159494+00:00
50af75db-028c-4e97-b367-dc058871bf90,3a89d813-38cc-477d-9e0c-f08f150f67fc,fisherallison442@yahoo.com,Debbie Ware,2026-04-12 08:47:28.503222+00:00
beff44c0-74ff-434f-88b4-879c656aa218,7f479d09-ac3c-4230-85c0-5bdf624f2228,casey25443@yahoo.com,Scott Greene,2026-04-08 20:26:24.427622+00:00
91853885-81a2-45ac-852e-dbb6fb26eff9,bfd6b390-b563-4a51-b73a-4f2e4789f383,williamsbrian444@yahoo.com,Sally Gonzales,2026-05-21 12:39:24.013401+00:00
6279b4b6-ba5d-49b7-b0e4-545ce602e6f6,7f479d09-ac3c-4230-85c0-5bdf624f2228,michaelmcclain445@gmail.com,Zachary Hernandez,2026-05-03 05:15:10.151747+00:00
e5035fc1-5cf6-44e2-9b2c-f82795d62185,3a89d813-38cc-477d-9e0c-f08f150f67fc,ataylor446@yahoo.com,John Collier,2026-03-19 18:21:20.702241+00:00
2d9926c5-bc8a-4bee-89fc-20c3195cd61e,bfd6b390-b563-4a51-b73a-4f2e4789f383,pamelagutierrez447@gmail.com,Cheyenne Nguyen,2026-03-24 02:42:07.972271+00:00
55d9eca8-17a3-49e6-9390-bc43a5d5c799,5a10eef9-9973-40d8-8d9d-42e48533e937,mark83448@yahoo.com,Claire Cantrell,2026-03-11 12:51:26.381134+00:00
4d1ad363-1245-4adc-b97c-3c1dd94a4447,525439e1-150a-42bd-8cee-450879c46e18,felicia50449@yahoo.com,Amy Baldwin,2026-03-09 08:14:20.752110+00:00
cb8aedbb-1607-4c42-b10f-8535a356549c,bfd6b390-b563-4a51-b73a-4f2e4789f383,mark74450@hotmail.com,Stephen Reynolds,2026-03-08 08:58:44.820499+00:00
4886c77b-4a58-49ed-89c2-a9668494d9d6,525439e1-150a-42bd-8cee-450879c46e18,kennethmccann451@hotmail.com,Jason Russell,2026-05-19 23:55:58.677132+00:00
327618a8-bc9a-4270-8e1a-4bc81587b92f,5a10eef9-9973-40d8-8d9d-42e48533e937,njenkins452@gmail.com,Kim Le,2026-03-13 12:04:41.732920+00:00
489cdd4c-77fa-4672-bb75-89bdd5147a39,525439e1-150a-42bd-8cee-450879c46e18,patrickbullock453@gmail.com,Holly Mckee,2026-04-07 21:11:44.136197+00:00
a5800ea2-fabe-4f46-9e07-b10a58a847df,525439e1-150a-42bd-8cee-450879c46e18,katherine37454@yahoo.com,Mark Conway,2026-03-20 06:18:38.806725+00:00
11c95585-6cff-4bcf-ba91-352c9ff3fc18,bfd6b390-b563-4a51-b73a-4f2e4789f383,georgetaylor455@yahoo.com,Mr. Vincent Carroll,2026-04-12 13:41:57.386514+00:00
0a820e39-569d-4718-b035-7d996810c093,5a10eef9-9973-40d8-8d9d-42e48533e937,bishopsteven456@yahoo.com,William White,2026-03-21 01:12:51.299076+00:00
b5259448-7fa9-4355-b709-8e6b0cdd55a5,bfd6b390-b563-4a51-b73a-4f2e4789f383,rebecca86457@yahoo.com,Lisa Copeland,2026-05-31 14:18:02.675792+00:00
9533a225-166f-4f0a-84b6-f3bad956e124,7f479d09-ac3c-4230-85c0-5bdf624f2228,angela37458@gmail.com,Kristen Barnes,2026-05-19 01:04:44.232875+00:00
9d444bd1-2f22-4ac0-855d-dc9f3a95058e,3a89d813-38cc-477d-9e0c-f08f150f67fc,fmartinez459@hotmail.com,Dylan Lopez,2026-05-21 19:11:54.930047+00:00
1e57f2d8-289e-463d-a6a3-9f9534ad0b08,525439e1-150a-42bd-8cee-450879c46e18,ocarter460@yahoo.com,Holly Valencia,2026-04-07 22:06:34.254814+00:00
edd1a34b-4d43-4d51-9149-5fd096101c59,525439e1-150a-42bd-8cee-450879c46e18,melissa49461@gmail.com,Debbie Ellis,2026-04-15 12:42:33.936191+00:00
cc51f08d-755c-44e6-b5f6-e2f0a09d6ecf,3a89d813-38cc-477d-9e0c-f08f150f67fc,elizabethgarcia462@hotmail.com,Christopher Keller,2026-03-31 10:25:10.075339+00:00
39204751-e615-4375-bae2-827b4d477e78,7f479d09-ac3c-4230-85c0-5bdf624f2228,rachelturner463@gmail.com,Connor Carlson,2026-03-10 11:08:26.969988+00:00
6b26c118-6d20-4268-9d97-5f0138946a6c,3a89d813-38cc-477d-9e0c-f08f150f67fc,conleycalvin464@gmail.com,Zoe Greene,2026-05-13 18:01:26.210965+00:00
ad08ce7a-e2a7-4f81-9ee9-573ad9f27597,bfd6b390-b563-4a51-b73a-4f2e4789f383,pamela71465@gmail.com,Mark Soto,2026-03-30 20:47:38.725385+00:00
6db129c2-a07b-4942-aa46-9f5f9de23b9e,525439e1-150a-42bd-8cee-450879c46e18,latasha94466@gmail.com,Heather Rodriguez,2026-04-04 11:31:43.335718+00:00
996ba518-f7c9-42b5-b51d-588699adcf16,5a10eef9-9973-40d8-8d9d-42e48533e937,swright467@yahoo.com,Elizabeth Simpson,2026-05-23 17:22:50.598332+00:00
39275d8c-18eb-4297-82a5-342d2fbaf06f,5a10eef9-9973-40d8-8d9d-42e48533e937,amandahammond468@gmail.com,Lisa Greene,2026-05-24 19:25:28.216828+00:00
903c5dd0-5a76-4103-b694-f41de29aa2bf,bfd6b390-b563-4a51-b73a-4f2e4789f383,gabriel58469@hotmail.com,Dr. Allen Hall,2026-04-09 00:38:06.293738+00:00
05581d8e-4b97-442d-af91-7e78c6692d0a,3a89d813-38cc-477d-9e0c-f08f150f67fc,scottwang470@hotmail.com,Rebecca Brown,2026-05-05 20:17:40.128144+00:00
0de12d6c-63f2-426e-81e7-76f7fbff702e,5a10eef9-9973-40d8-8d9d-42e48533e937,amanda49471@yahoo.com,Samantha Cooper,2026-03-05 17:28:45.959511+00:00
bfd3c689-f29b-4189-93c5-970ff2291dd5,5a10eef9-9973-40d8-8d9d-42e48533e937,simsseth472@gmail.com,Rebecca Carter,2026-05-31 05:02:46.231343+00:00
bc6e9d3a-f50a-4293-be59-bc8cb1cafa87,5a10eef9-9973-40d8-8d9d-42e48533e937,meghan82473@hotmail.com,Tara Doyle,2026-05-05 07:42:55.576327+00:00
8c344051-8e19-4e59-bc76-67dba60ece5d,3a89d813-38cc-477d-9e0c-f08f150f67fc,hayesholly474@hotmail.com,Thomas Santiago,2026-04-24 22:54:29.907389+00:00
b1e308f2-378f-4a99-a5e0-81764700481b,3a89d813-38cc-477d-9e0c-f08f150f67fc,zsmith475@hotmail.com,April Banks,2026-04-15 20:55:25.396725+00:00
3e414ac8-a244-41b2-9f3a-11bad1b0d2d9,3a89d813-38cc-477d-9e0c-f08f150f67fc,eric55476@yahoo.com,Eric Castillo,2026-03-03 14:43:35.112682+00:00
10377a8f-cf63-4ee9-93a5-af41c968506e,3a89d813-38cc-477d-9e0c-f08f150f67fc,xmoore477@yahoo.com,Christopher Miller,2026-03-10 13:38:41.515343+00:00
7862fde5-8f66-4f85-9594-9cc1cd3922b1,bfd6b390-b563-4a51-b73a-4f2e4789f383,stevenpatterson478@yahoo.com,Joseph Bennett,2026-03-10 18:54:57.310757+00:00
716064bf-f558-4332-9394-889827a5f5c0,7f479d09-ac3c-4230-85c0-5bdf624f2228,qfrank479@gmail.com,Ronald Chung,2026-04-12 03:21:28.525194+00:00
ed9f8a65-9d37-49f1-a548-fcc76cd20496,525439e1-150a-42bd-8cee-450879c46e18,kathyscott480@hotmail.com,Jessica Graves,2026-04-12 19:46:59.155475+00:00
42fcb652-3c48-44a0-b781-a33736c05eea,bfd6b390-b563-4a51-b73a-4f2e4789f383,judithparker481@yahoo.com,Tracie Thompson,2026-04-02 20:47:17.725627+00:00
82b9d294-637e-4a1c-9b15-2f65bcfbdafd,525439e1-150a-42bd-8cee-450879c46e18,barrylisa482@gmail.com,Patricia King,2026-03-18 14:49:09.172799+00:00
ae9bf397-2070-4ee2-8040-70ad45178740,7f479d09-ac3c-4230-85c0-5bdf624f2228,lewisralph483@yahoo.com,Taylor Casey,2026-05-09 13:34:47.829105+00:00
11e00bd3-c861-46df-8960-59f3d02f7716,525439e1-150a-42bd-8cee-450879c46e18,hallsusan484@yahoo.com,Margaret Oconnell,2026-04-18 06:18:56.240432+00:00
d3f9258f-1f25-45f9-9121-2875bbf5c812,7f479d09-ac3c-4230-85c0-5bdf624f2228,ritajohnson485@gmail.com,Lee Steele,2026-05-05 17:44:54.808401+00:00
60214ce1-1dfc-41a7-9033-1f5d40f0a4ea,7f479d09-ac3c-4230-85c0-5bdf624f2228,vbailey486@yahoo.com,Lisa Kim,2026-04-28 12:04:41.493157+00:00
f34ea8be-9704-492b-890b-29f98210ea78,525439e1-150a-42bd-8cee-450879c46e18,richdaniel487@yahoo.com,Henry Nash,2026-05-18 12:07:15.614923+00:00
ff78c4b4-4e5d-4851-a8e7-f1d078e0a0ab,3a89d813-38cc-477d-9e0c-f08f150f67fc,ambershannon488@gmail.com,Teresa Martin,2026-05-07 12:35:08.915833+00:00
1b2d1e94-83ad-43ee-9c32-c8b90300f255,3a89d813-38cc-477d-9e0c-f08f150f67fc,asanchez489@yahoo.com,Karina Cline,2026-03-19 07:22:26.991974+00:00
cb53213f-e2fe-4531-89a0-c164ab8a839a,3a89d813-38cc-477d-9e0c-f08f150f67fc,fordkevin490@hotmail.com,Christina Carr,2026-05-08 20:53:01.473993+00:00
7205042d-95cd-484b-9474-80689b3198bb,7f479d09-ac3c-4230-85c0-5bdf624f2228,glovercaitlin491@gmail.com,Mrs. Amanda Chavez,2026-04-07 06:41:39.470505+00:00
95cf5875-c10b-4f15-90a1-1129f9b80556,5a10eef9-9973-40d8-8d9d-42e48533e937,smithkathryn492@yahoo.com,Sean Dixon,2026-05-13 14:50:52.281441+00:00
6a285047-70b0-4704-911c-fcba0ad233ef,bfd6b390-b563-4a51-b73a-4f2e4789f383,johnsonamber493@yahoo.com,Ana White,2026-04-10 19:18:36.615374+00:00
0a116c95-5678-4f89-ab53-56bf41a16ad6,5a10eef9-9973-40d8-8d9d-42e48533e937,dennishopkins494@yahoo.com,Nathan Myers,2026-04-27 08:51:51.917836+00:00
6717402c-ee6c-4660-adb2-1c777a9eb778,bfd6b390-b563-4a51-b73a-4f2e4789f383,kristinbaker495@gmail.com,Michael Garcia,2026-03-03 21:53:53.172076+00:00
18b1da6e-dc14-4f87-b25f-bec4ace13be6,7f479d09-ac3c-4230-85c0-5bdf624f2228,cherylperez496@hotmail.com,Michael Navarro,2026-05-03 05:54:53.677560+00:00
2b6c6cca-31f2-47eb-a9c3-4efda901daee,5a10eef9-9973-40d8-8d9d-42e48533e937,stevenellis497@hotmail.com,Charlotte Gross,2026-03-31 21:33:13.876263+00:00
8ecba795-d5fd-4f2f-b78e-9109da200426,525439e1-150a-42bd-8cee-450879c46e18,weberchristopher498@gmail.com,Marcus Wilson,2026-05-24 06:15:45.742479+00:00
852b53e9-acd5-4cab-9b53-6626bf256d2a,5a10eef9-9973-40d8-8d9d-42e48533e937,christopher74499@gmail.com,John Fuller,2026-03-23 17:08:51.186497+00:00
19f84257-2198-44c3-80be-7bd483720c7c,bfd6b390-b563-4a51-b73a-4f2e4789f383,miranda29500@gmail.com,Brandon Schneider,2026-04-05 18:35:45.129247+00:00
de7c3060-1102-46ef-a11a-6f2b7cfe0b70,525439e1-150a-42bd-8cee-450879c46e18,morrisralph501@gmail.com,Michael Jones,2026-04-27 14:13:32.384903+00:00
1ee2a1cb-a355-470f-b170-48bebed75c60,3a89d813-38cc-477d-9e0c-f08f150f67fc,vreese502@gmail.com,Amanda Edwards,2026-05-10 11:28:52.991282+00:00
02490f22-ff42-410a-875c-cd1d76746a71,7f479d09-ac3c-4230-85c0-5bdf624f2228,jlee503@hotmail.com,Joshua Hughes,2026-04-03 03:28:19.161267+00:00
e4ed51c0-be02-43ef-bebd-912d500fb530,3a89d813-38cc-477d-9e0c-f08f150f67fc,crawfordmargaret504@gmail.com,Gabrielle Miller,2026-04-13 02:33:47.667399+00:00
16f5bbbe-fcdb-46d0-b3e7-4415cdb917b3,7f479d09-ac3c-4230-85c0-5bdf624f2228,tom87505@hotmail.com,Bradley Rivera,2026-05-23 15:02:20.217737+00:00
1b70ef71-53a0-4dec-a697-8b349a85ce7e,7f479d09-ac3c-4230-85c0-5bdf624f2228,hollywhite506@hotmail.com,Olivia Miller,2026-03-22 08:14:50.960263+00:00
b0a6a1f2-173d-477f-aca1-911a074b9b1d,bfd6b390-b563-4a51-b73a-4f2e4789f383,isabella75507@hotmail.com,Cole Davis,2026-04-13 08:29:55.193741+00:00
f4fc7d1f-e0de-4ce4-a120-23ffe269f805,3a89d813-38cc-477d-9e0c-f08f150f67fc,vincentlarson508@hotmail.com,Brian Perez,2026-05-20 01:59:15.360033+00:00
b40ebd45-ea3a-4864-b1df-ebf6719dca86,7f479d09-ac3c-4230-85c0-5bdf624f2228,michelle00509@gmail.com,Alfred Salazar,2026-03-03 21:25:00.649365+00:00
0dcaa7f4-2c78-48f6-a7b0-85f36435cbac,bfd6b390-b563-4a51-b73a-4f2e4789f383,maria41510@yahoo.com,Michael Colon,2026-05-31 05:55:52.989569+00:00
f51c47a7-fdbe-4c2a-a78d-719c0d3e91aa,7f479d09-ac3c-4230-85c0-5bdf624f2228,jay18511@hotmail.com,Phillip Russell,2026-04-24 03:55:17.743677+00:00
24cd8f74-4601-4600-8d70-44090b7f738a,525439e1-150a-42bd-8cee-450879c46e18,mary45512@gmail.com,Mr. Steven Herrera Jr.,2026-05-28 03:01:39.950341+00:00
2d14c609-1e9b-477a-8ce7-b8db1add5acc,bfd6b390-b563-4a51-b73a-4f2e4789f383,matthew28513@gmail.com,Linda Briggs,2026-05-19 11:24:01.389969+00:00
b766660f-ad17-4ff5-a315-7d13cfb157b7,525439e1-150a-42bd-8cee-450879c46e18,jhernandez514@yahoo.com,Elizabeth Maxwell,2026-03-12 00:51:57.571895+00:00
47d5b477-61e3-4bbf-818f-7b0beb8b2561,3a89d813-38cc-477d-9e0c-f08f150f67fc,cynthia81515@hotmail.com,Jason Oconnell,2026-04-23 10:14:18.523094+00:00
74a5668f-ee6c-454f-b4f2-8efcb2749bb4,bfd6b390-b563-4a51-b73a-4f2e4789f383,adamwagner516@gmail.com,Pamela Norris,2026-04-28 10:59:16.592561+00:00
8a1684fb-0f6e-44a7-bf29-2e56e097ad2a,5a10eef9-9973-40d8-8d9d-42e48533e937,matthewflynn517@hotmail.com,Ann Brown,2026-03-18 03:52:31.291030+00:00
f9f48ee5-0b6b-4d1d-a93d-3679c40ec21d,525439e1-150a-42bd-8cee-450879c46e18,elizabeth45518@yahoo.com,James Noble,2026-04-17 23:09:10.883578+00:00
6ff951c4-1ffd-48ab-8299-0dbcf36a7492,7f479d09-ac3c-4230-85c0-5bdf624f2228,thompsonbilly519@yahoo.com,Jennifer Rowland,2026-03-05 04:32:01.211313+00:00
b06a02f7-7002-4662-9c3e-ec5999fa8d71,bfd6b390-b563-4a51-b73a-4f2e4789f383,johnthomas520@yahoo.com,Steven Becker,2026-03-04 03:33:56.798332+00:00
f8a96860-8724-410f-9b5a-9a731b712077,5a10eef9-9973-40d8-8d9d-42e48533e937,waynegarrett521@gmail.com,Scott Nelson,2026-04-01 19:30:17.449109+00:00
eda5bbe5-ef1d-4cfd-8e80-a519b33b91c1,bfd6b390-b563-4a51-b73a-4f2e4789f383,christie39522@yahoo.com,Denise Booth,2026-03-30 06:47:36.017438+00:00
91dbc67c-98d8-45a8-81af-e6e862b19e08,525439e1-150a-42bd-8cee-450879c46e18,ashley11523@gmail.com,Mr. Jose Nolan,2026-03-31 06:42:11.124201+00:00
4edbf6e3-87c6-4513-b453-6e7f4055ddd2,7f479d09-ac3c-4230-85c0-5bdf624f2228,dawn87524@gmail.com,Lisa Snyder,2026-04-20 15:45:39.077495+00:00
ca88d934-75d6-41e7-a88a-0e7b102bbe9b,525439e1-150a-42bd-8cee-450879c46e18,blake10525@hotmail.com,Annette Baker,2026-03-10 21:15:40.204674+00:00
96bcf226-4add-4be4-887b-cc7417fe7db7,bfd6b390-b563-4a51-b73a-4f2e4789f383,angela38526@gmail.com,Jeffrey Wade,2026-04-17 03:37:46.448020+00:00
9ecf9a8c-6af4-4b11-aac9-edba19b903b0,7f479d09-ac3c-4230-85c0-5bdf624f2228,racheltrevino527@yahoo.com,Dr. Stacey Hanson,2026-05-19 19:38:17.914632+00:00
96675300-c5b9-47f5-8082-b2107967544f,bfd6b390-b563-4a51-b73a-4f2e4789f383,carolynerickson528@gmail.com,Travis Nelson,2026-04-09 13:18:35.810371+00:00
f1c29bdd-c51e-4239-a4b6-16a148ccec7d,5a10eef9-9973-40d8-8d9d-42e48533e937,kyle86529@gmail.com,Kimberly Hogan,2026-05-22 16:36:25.329623+00:00
992f6672-47c5-446f-a767-5866f1657f20,7f479d09-ac3c-4230-85c0-5bdf624f2228,kylewhite530@yahoo.com,Ruth Cole,2026-05-06 10:53:09.049739+00:00
09e25cf7-a245-4d26-938a-623fd1b3fec3,3a89d813-38cc-477d-9e0c-f08f150f67fc,mackenzie61531@yahoo.com,Laura Jackson,2026-03-04 23:59:56.448707+00:00
3884f154-3a8d-4c55-85b7-ea9e67ea6a06,bfd6b390-b563-4a51-b73a-4f2e4789f383,jonesjohn532@gmail.com,Stephanie York,2026-03-08 00:57:18.830530+00:00
0b61a14f-8a1d-4ef2-b7ea-88596d2af1c1,bfd6b390-b563-4a51-b73a-4f2e4789f383,barryphelps533@yahoo.com,Katherine Mccoy,2026-03-09 07:57:08.839222+00:00
30d9385e-a080-429e-9696-1b92a8e42145,525439e1-150a-42bd-8cee-450879c46e18,nperez534@gmail.com,Adrienne Jones,2026-03-21 03:02:22.740604+00:00
5d81bdf5-8302-48b8-84fe-e8132c9b7cc1,3a89d813-38cc-477d-9e0c-f08f150f67fc,barbaraclark535@yahoo.com,Thomas Brown,2026-04-06 10:10:35.175746+00:00
695663f7-44f6-40a2-a1a8-0d4754f776b3,525439e1-150a-42bd-8cee-450879c46e18,sarah31536@hotmail.com,Adam Hunter,2026-03-24 04:19:29.551997+00:00
6e0403a5-dd97-414e-9bef-42b923a6e4d4,7f479d09-ac3c-4230-85c0-5bdf624f2228,thomas11537@yahoo.com,Tiffany Buchanan,2026-03-11 01:15:32.894690+00:00
c689a079-fab5-4085-8cfd-7a0723a9077f,5a10eef9-9973-40d8-8d9d-42e48533e937,rangelheather538@gmail.com,Kimberly Singh,2026-05-20 11:28:37.355310+00:00
a2bbefdb-9d81-4cbe-b7ad-99c80283bac0,3a89d813-38cc-477d-9e0c-f08f150f67fc,tony26539@yahoo.com,Sharon Taylor,2026-03-30 01:24:46.990168+00:00
8fecaad3-6cff-44ed-b042-57e171c8f191,3a89d813-38cc-477d-9e0c-f08f150f67fc,jeffreymarks540@gmail.com,Michele Estrada,2026-05-14 10:24:07.445517+00:00
c7602736-81d5-4e1d-9792-7d7e9bf0eb99,525439e1-150a-42bd-8cee-450879c46e18,rallen541@hotmail.com,Melinda Brown,2026-03-05 17:48:21.924040+00:00
8f473eff-7a3e-4ae6-9ea4-ff59b28beacf,3a89d813-38cc-477d-9e0c-f08f150f67fc,ambermassey542@gmail.com,Jacqueline Moore,2026-05-07 23:00:31.513231+00:00
182d0b3b-80c0-42e2-829a-319d8463babc,bfd6b390-b563-4a51-b73a-4f2e4789f383,fgraham543@hotmail.com,Julie Richardson,2026-05-10 00:27:52.640726+00:00
c48ea694-e97c-42f4-9444-3a06b7a976c5,5a10eef9-9973-40d8-8d9d-42e48533e937,michellechavez544@gmail.com,Edgar Williams,2026-05-03 01:39:36.603475+00:00
5648ad6e-14c2-4951-a660-593e67b0b439,5a10eef9-9973-40d8-8d9d-42e48533e937,kevingibson545@yahoo.com,Susan Flowers,2026-03-21 15:16:12.871925+00:00
1948c8f6-6ad1-4fd3-bc1b-3cefe6ad9e2b,5a10eef9-9973-40d8-8d9d-42e48533e937,christinathompson546@hotmail.com,Robert Miller,2026-05-16 19:27:38.866820+00:00
612fd314-18b9-4a04-b2d3-104b90febf5d,7f479d09-ac3c-4230-85c0-5bdf624f2228,carolynwilson547@hotmail.com,Jasmine Mcfarland,2026-05-20 20:12:38.810578+00:00
ce25d4d0-d8c1-4dd2-a43f-c7a23e6b1e4d,5a10eef9-9973-40d8-8d9d-42e48533e937,rachel52548@gmail.com,Grant Davis,2026-03-04 11:13:44.946687+00:00
ccdee9f5-4455-4a12-b65c-cffb3b4aae55,3a89d813-38cc-477d-9e0c-f08f150f67fc,milesisaiah549@gmail.com,Daniel Colon,2026-03-23 05:09:07.390799+00:00
680ccaf0-8ff9-4d16-8201-ce458c96390c,5a10eef9-9973-40d8-8d9d-42e48533e937,andreabush550@hotmail.com,Margaret Cardenas,2026-05-13 12:19:15.810559+00:00
0beff107-885a-4947-ac0f-255a6db4efe4,7f479d09-ac3c-4230-85c0-5bdf624f2228,kathleenvargas551@yahoo.com,Michael Boyd,2026-04-21 08:55:02.767115+00:00
dea498d9-8a02-41d7-a09a-8ca8e722f7a0,525439e1-150a-42bd-8cee-450879c46e18,carl77552@yahoo.com,Bryan Juarez,2026-03-03 20:28:44.984518+00:00
e1f68fd6-82c8-4583-9d9c-422e347b40bf,3a89d813-38cc-477d-9e0c-f08f150f67fc,christopherbrown553@gmail.com,Rhonda Peterson,2026-03-18 02:57:13.262628+00:00
98207eea-6522-47fe-8121-c1601a6a7967,bfd6b390-b563-4a51-b73a-4f2e4789f383,pateljennifer554@yahoo.com,Sarah Dillon,2026-03-17 05:51:17.752307+00:00
6476b0de-0ef3-4256-bee5-cf972c0ad476,5a10eef9-9973-40d8-8d9d-42e48533e937,kevinclark555@yahoo.com,Scott Huffman,2026-04-12 04:06:07.333562+00:00
2bdfa05f-7f59-497a-9c5e-4882f0849d79,7f479d09-ac3c-4230-85c0-5bdf624f2228,ssweeney556@gmail.com,Thomas Stark,2026-04-02 16:03:57.398533+00:00
fb5e971d-8cbc-4783-ad35-fee990b5091f,525439e1-150a-42bd-8cee-450879c46e18,hsmith557@gmail.com,Michael Hill,2026-05-24 05:27:31.418653+00:00
40150990-a2dc-46af-97b6-904723f8a049,525439e1-150a-42bd-8cee-450879c46e18,shill558@yahoo.com,Robert Wright,2026-04-25 21:43:47.212650+00:00
431504ae-9187-4fa0-be9b-c119c3d00728,3a89d813-38cc-477d-9e0c-f08f150f67fc,melissadurham559@gmail.com,Linda Taylor,2026-05-08 04:50:58.299970+00:00
284b1a65-2846-4082-8799-d51e2e978bdb,bfd6b390-b563-4a51-b73a-4f2e4789f383,william05560@hotmail.com,Nancy Lewis,2026-05-21 01:10:27.725503+00:00
f735191f-1530-47a5-9976-68cbc467f9bb,5a10eef9-9973-40d8-8d9d-42e48533e937,lonnie09561@hotmail.com,Tracey Perkins,2026-03-15 02:43:47.896475+00:00
3a6a3e03-f29d-47e8-a8f6-a066ca90e4dc,525439e1-150a-42bd-8cee-450879c46e18,casey34562@hotmail.com,Mrs. Catherine Warner,2026-03-28 03:14:42.936926+00:00
8cdc36f2-db75-4b47-9585-e943574e1c81,5a10eef9-9973-40d8-8d9d-42e48533e937,owhite563@hotmail.com,Christina Bishop,2026-04-14 06:09:04.341821+00:00
268c0ef9-91dc-43a3-ae2e-e60e4fdd00c1,3a89d813-38cc-477d-9e0c-f08f150f67fc,lindseygreer564@hotmail.com,Raymond Long,2026-03-20 18:24:42.857666+00:00
c88a2191-57c8-4bf4-b7a3-c3e0bac75b83,bfd6b390-b563-4a51-b73a-4f2e4789f383,john67565@yahoo.com,William Freeman,2026-04-03 08:50:00.247290+00:00
0df5c314-2cfe-4ee7-b03c-9f360f02949d,525439e1-150a-42bd-8cee-450879c46e18,erika52566@gmail.com,Steven Parks,2026-03-08 04:20:41.774504+00:00
be3238b7-c11f-4a9b-9de2-8a7c7f33a8fa,525439e1-150a-42bd-8cee-450879c46e18,tbarber567@gmail.com,Loretta Perez,2026-04-30 10:45:49.736982+00:00
a38d0b4d-73e5-4a73-9bc9-53cda354c147,5a10eef9-9973-40d8-8d9d-42e48533e937,matthew08568@hotmail.com,Emily Smith,2026-03-29 17:29:30.875603+00:00
6bd04a9a-b395-4a56-bdb6-a9eaafd9d54b,7f479d09-ac3c-4230-85c0-5bdf624f2228,millsjennifer569@yahoo.com,Natalie Murphy,2026-03-05 19:43:12.124696+00:00
2eefe183-7794-457d-bf57-c06377e291c8,7f479d09-ac3c-4230-85c0-5bdf624f2228,cgarcia570@yahoo.com,Tiffany Martinez,2026-04-06 15:05:38.979969+00:00
98c6f2e4-2a24-4239-a328-884136494f63,5a10eef9-9973-40d8-8d9d-42e48533e937,gentrycolton571@gmail.com,Michael Weeks,2026-04-04 14:28:06.322005+00:00
26a9c3a0-1e2f-4391-b55c-626f5c7fc52f,525439e1-150a-42bd-8cee-450879c46e18,pattersonnicholas572@hotmail.com,Philip Hampton,2026-03-22 12:04:19.314611+00:00
c2725375-6df9-4b49-b33c-dbc58ffbbdfe,bfd6b390-b563-4a51-b73a-4f2e4789f383,mejiaann573@yahoo.com,Scott Ford,2026-05-06 15:56:07.799128+00:00
419d952c-1be0-422d-8de5-8432663d3433,525439e1-150a-42bd-8cee-450879c46e18,amber36574@yahoo.com,Christina Miller,2026-04-20 12:42:05.085933+00:00
b20762ef-eb4a-485a-bfe4-dc91370987e3,7f479d09-ac3c-4230-85c0-5bdf624f2228,jaclyn67575@gmail.com,Andrew Lopez,2026-04-15 19:46:58.374316+00:00
207d1b21-8fb9-47bd-8f08-4f091b80731c,7f479d09-ac3c-4230-85c0-5bdf624f2228,rodriguezolivia576@gmail.com,Ashley Cooper,2026-05-14 04:28:40.673429+00:00
b42689ea-0c32-4a15-9b41-3172e78cca1a,bfd6b390-b563-4a51-b73a-4f2e4789f383,yujustin577@gmail.com,Laurie Olson,2026-03-21 09:01:44.996596+00:00
2e3613e7-7ee5-41c9-88d3-81d703d83fc7,525439e1-150a-42bd-8cee-450879c46e18,ghughes578@yahoo.com,Jamie Young,2026-04-06 02:57:55.370828+00:00
4de7dde7-be63-439e-8625-0fc46c0480dd,7f479d09-ac3c-4230-85c0-5bdf624f2228,ghurley579@hotmail.com,Michael Powers,2026-05-01 16:31:22.383446+00:00
0e205e1a-d686-49f6-9aba-1a2744490414,3a89d813-38cc-477d-9e0c-f08f150f67fc,kennethcampbell580@yahoo.com,Steven Walker,2026-05-26 15:46:21.193027+00:00
c62173e7-5d7a-436a-b538-12b89ad27c9b,5a10eef9-9973-40d8-8d9d-42e48533e937,zcollier581@yahoo.com,Aaron Gutierrez,2026-04-04 05:00:48.956932+00:00
71e5e513-8fcb-4b1a-91f8-b2ec61222c8b,5a10eef9-9973-40d8-8d9d-42e48533e937,nicholsbradley582@hotmail.com,Steven Reynolds,2026-04-02 12:39:50.280611+00:00
43b4d614-f33a-4c46-a0e7-3272e9d63c91,7f479d09-ac3c-4230-85c0-5bdf624f2228,delacruzbradley583@gmail.com,Jonathan Rose,2026-03-31 16:35:22.384583+00:00
5231d325-64cf-443c-aeec-550efc7d4124,3a89d813-38cc-477d-9e0c-f08f150f67fc,brockmegan584@yahoo.com,Jason Wheeler,2026-04-24 22:52:23.274170+00:00
8b50cf7e-e112-4854-92f2-3917130aae72,525439e1-150a-42bd-8cee-450879c46e18,guzmandaniel585@gmail.com,Nicholas Wagner,2026-05-08 15:50:19.319017+00:00
75ffb9bc-1aa0-4bbb-8533-d30ea1a760cf,bfd6b390-b563-4a51-b73a-4f2e4789f383,alan54586@hotmail.com,Keith Harris,2026-03-20 12:42:56.774028+00:00
85a78a54-71bd-4ba3-a4db-fc57452dca05,3a89d813-38cc-477d-9e0c-f08f150f67fc,rebeccabates587@yahoo.com,Virginia Martin,2026-04-01 18:17:26.151937+00:00
3a2cef01-d8c6-4053-8d3d-9dcc5256939d,bfd6b390-b563-4a51-b73a-4f2e4789f383,wjones588@hotmail.com,Lacey Bryant,2026-03-18 05:59:53.027598+00:00
b1353ed2-8b60-4f45-9439-169f8f647ff4,bfd6b390-b563-4a51-b73a-4f2e4789f383,glennfrank589@hotmail.com,Robert Levine,2026-03-07 04:35:41.044318+00:00
01d94963-f180-46c9-8deb-9b93cddd0401,525439e1-150a-42bd-8cee-450879c46e18,amanda71590@yahoo.com,Elizabeth Smith,2026-05-18 23:32:19.023512+00:00
702e5c58-6632-4d21-a0d8-f1cd2af86d80,525439e1-150a-42bd-8cee-450879c46e18,debrascott591@hotmail.com,Jose Hernandez,2026-05-03 15:15:31.459238+00:00
92cb68f3-80b9-458e-adea-f8b16a064454,7f479d09-ac3c-4230-85c0-5bdf624f2228,crystalrichardson592@yahoo.com,Melissa Villegas MD,2026-04-06 01:28:43.404738+00:00
c7c790cf-4429-4fbc-b40d-9981dbc7d368,bfd6b390-b563-4a51-b73a-4f2e4789f383,munozbryan593@gmail.com,Michael Herrera,2026-04-19 19:47:04.382888+00:00
49b40449-b29e-4980-98eb-8c3d411e414e,5a10eef9-9973-40d8-8d9d-42e48533e937,scottrandall594@gmail.com,Christopher Duncan,2026-05-17 21:40:07.193341+00:00
1df2bbb2-b423-41c2-9fa6-ddce9e33e9b3,5a10eef9-9973-40d8-8d9d-42e48533e937,cynthia27595@hotmail.com,Jennifer Young,2026-05-04 06:19:15.965681+00:00
2b054586-aea2-4d13-8488-0b7f4f7840ee,3a89d813-38cc-477d-9e0c-f08f150f67fc,wyattaaron596@hotmail.com,Tiffany Evans,2026-03-27 21:21:42.305429+00:00
6c88cda3-15af-4baa-bdbd-b17db5b34811,bfd6b390-b563-4a51-b73a-4f2e4789f383,ogutierrez597@hotmail.com,Katherine Moore,2026-04-11 00:48:03.631411+00:00
63b012fb-2183-48a6-9584-694673711a04,525439e1-150a-42bd-8cee-450879c46e18,longfrank598@hotmail.com,Ryan Stein,2026-05-13 22:20:40.995281+00:00
2276583a-3b00-4047-a6c4-b63d9071a139,5a10eef9-9973-40d8-8d9d-42e48533e937,justin70599@gmail.com,Emily Garcia,2026-03-24 11:51:25.961816+00:00
20e73028-bb95-4e57-bd8e-035a6a71ec28,5a10eef9-9973-40d8-8d9d-42e48533e937,cday600@hotmail.com,Erin Martinez,2026-03-28 18:19:57.055517+00:00
053b8064-73a6-4c4c-ad5b-358570880f8f,525439e1-150a-42bd-8cee-450879c46e18,connor99601@hotmail.com,Marc Davis,2026-04-12 16:06:57.720894+00:00
d8510108-0fa7-4df9-b014-ac5f03163c20,525439e1-150a-42bd-8cee-450879c46e18,donna62602@gmail.com,Christopher Crosby,2026-05-24 06:59:15.471286+00:00
dc041f1e-4c0c-4434-9c68-e86587ad0210,7f479d09-ac3c-4230-85c0-5bdf624f2228,qturner603@hotmail.com,Gregory Boyd,2026-05-12 08:49:34.119822+00:00
98238f21-2108-49cd-85d8-c444e54531be,7f479d09-ac3c-4230-85c0-5bdf624f2228,christopher61604@hotmail.com,Kelly Greene,2026-05-14 06:03:25.500605+00:00
63e3db98-ce5a-470b-8f16-b31ae51cd093,5a10eef9-9973-40d8-8d9d-42e48533e937,davenportteresa605@yahoo.com,Calvin Pope,2026-03-09 05:40:44.906760+00:00
95bd272f-afd1-4d80-90a6-39afc18de8da,5a10eef9-9973-40d8-8d9d-42e48533e937,rhondadelgado606@gmail.com,Sherry Martin,2026-04-23 13:58:15.057854+00:00
c01a5481-d9c6-4ee0-b93e-6eefadac6b65,5a10eef9-9973-40d8-8d9d-42e48533e937,bishopwendy607@hotmail.com,Robert Todd,2026-05-12 22:33:09.193051+00:00
4df50835-6efb-4780-8432-a43e2cb4c11d,bfd6b390-b563-4a51-b73a-4f2e4789f383,fschmidt608@yahoo.com,Laura Weaver,2026-03-04 03:35:45.019515+00:00
dd5bd372-12f7-4db0-b9d6-2d05ceee6e68,bfd6b390-b563-4a51-b73a-4f2e4789f383,curtislaura609@yahoo.com,Bobby Wilson,2026-03-27 06:26:39.321417+00:00
3a445995-bb5e-4c3c-bc6e-c471cd13a1c0,525439e1-150a-42bd-8cee-450879c46e18,stacycastro610@hotmail.com,Tyler Williams MD,2026-03-19 02:39:48.790071+00:00
788bb4d0-cf06-4253-a2af-e1ac9eb731ad,525439e1-150a-42bd-8cee-450879c46e18,bkeith611@hotmail.com,Dr. Maria Murphy,2026-03-22 16:38:03.551928+00:00
707cf889-f1a6-4184-bb1d-2b67832eb2c8,525439e1-150a-42bd-8cee-450879c46e18,hamiltonjeanette612@yahoo.com,Theresa Lee,2026-05-27 10:01:53.125246+00:00
e031e14d-c9ed-4e5f-8d44-be862450c0d8,3a89d813-38cc-477d-9e0c-f08f150f67fc,keithlamb613@yahoo.com,Natalie Dawson,2026-04-30 23:17:18.520982+00:00
86104bf8-9d9f-4454-98ac-4d3897a51328,3a89d813-38cc-477d-9e0c-f08f150f67fc,tammy98614@hotmail.com,Bianca Mccormick,2026-05-16 03:59:47.262728+00:00
8d6f0326-48a3-409c-8ab7-42d357939406,7f479d09-ac3c-4230-85c0-5bdf624f2228,jhunt615@hotmail.com,Robin Beard,2026-03-28 19:33:06.545056+00:00
0b65182f-c768-4ab5-929d-3a32edf7696d,7f479d09-ac3c-4230-85c0-5bdf624f2228,kvega616@hotmail.com,Elizabeth Hernandez,2026-04-02 17:00:56.815953+00:00
93ef80b4-7a82-47bb-a7de-2f527b16d725,7f479d09-ac3c-4230-85c0-5bdf624f2228,vjensen617@gmail.com,Ashlee Hale,2026-04-10 02:00:45.063394+00:00
6215bee6-21e5-490e-92c6-767ddf793653,7f479d09-ac3c-4230-85c0-5bdf624f2228,carlsonandrew618@yahoo.com,Andrew Odonnell,2026-04-23 10:14:40.180786+00:00
7e22be36-0949-481a-a166-4c52421bcea5,7f479d09-ac3c-4230-85c0-5bdf624f2228,nguyenjessica619@hotmail.com,Kevin Nelson,2026-05-19 20:30:03.541911+00:00
25826d69-1877-48be-9856-72c7a38cb1a9,bfd6b390-b563-4a51-b73a-4f2e4789f383,cmacdonald620@yahoo.com,Allen Medina,2026-03-19 00:05:11.990408+00:00
6d33095e-9886-4fe5-9eb3-f88e1affb4d3,bfd6b390-b563-4a51-b73a-4f2e4789f383,wjackson621@gmail.com,Jasmine Lozano,2026-05-01 17:19:43.106547+00:00
c77bedf4-328e-4a89-a27d-586f5373afdb,5a10eef9-9973-40d8-8d9d-42e48533e937,bennettalexander622@hotmail.com,Charles Lee,2026-03-14 10:30:39.100505+00:00
70dd1edb-2151-4f79-94a5-79adf742c636,5a10eef9-9973-40d8-8d9d-42e48533e937,jacksonnicole623@gmail.com,Caleb Terry,2026-04-05 10:26:35.144604+00:00
7a464a94-dc3b-4106-96f8-cba76b95ae74,5a10eef9-9973-40d8-8d9d-42e48533e937,mwilson624@gmail.com,Tina Walsh,2026-04-12 23:53:18.641335+00:00
691887a1-92f6-4f42-a167-a8eb12ffc991,3a89d813-38cc-477d-9e0c-f08f150f67fc,olsonbethany625@hotmail.com,Andres Russell,2026-04-14 00:12:53.895225+00:00
2eb253fa-c35b-4c3f-98c3-7f0fd7cf732a,3a89d813-38cc-477d-9e0c-f08f150f67fc,adunn626@hotmail.com,Kelly Anderson,2026-05-04 16:29:50.972453+00:00
006268f1-75df-4fa3-9bd2-d40ff4011c71,bfd6b390-b563-4a51-b73a-4f2e4789f383,monicarivera627@gmail.com,Tara Chen,2026-03-09 00:47:48.155791+00:00
d4b46f74-e4db-41e0-96a8-1b4614383917,bfd6b390-b563-4a51-b73a-4f2e4789f383,gnguyen628@hotmail.com,Joshua Ramos,2026-04-04 19:36:50.788215+00:00
46d7b32a-5903-4dee-ab8b-3b4c4d6ee146,bfd6b390-b563-4a51-b73a-4f2e4789f383,piercemeghan629@hotmail.com,Paul Sullivan,2026-04-24 10:26:13.558743+00:00
066e9070-d91f-41ad-ad72-d5c55edd2664,5a10eef9-9973-40d8-8d9d-42e48533e937,catherine36630@yahoo.com,Mary Sexton,2026-04-18 13:42:52.810183+00:00
e5ce9e3d-ee66-48cb-b888-b3f8939c4b4b,5a10eef9-9973-40d8-8d9d-42e48533e937,nbrooks631@yahoo.com,Susan Hansen,2026-05-03 01:52:43.097434+00:00
b2c79140-1354-4fb4-9820-f60df1113cc9,5a10eef9-9973-40d8-8d9d-42e48533e937,mitchell06632@yahoo.com,Shari Brooks,2026-05-03 12:57:24.424907+00:00
2d0fb1c9-9191-4023-9110-571b53270759,5a10eef9-9973-40d8-8d9d-42e48533e937,torressara633@yahoo.com,Amanda Johnson,2026-05-25 04:32:24.521433+00:00
d06282a4-1ea2-4dc8-bae3-edf5c43ffaeb,5a10eef9-9973-40d8-8d9d-42e48533e937,blevy634@yahoo.com,Alexander Benitez,2026-05-28 07:53:46.384331+00:00
e4e6c691-18c3-47d9-a5f0-d970342c4c5e,3a89d813-38cc-477d-9e0c-f08f150f67fc,michelle72635@yahoo.com,Jennifer Sutton,2026-03-22 20:49:46.548394+00:00
282e8e93-b338-43aa-8989-2086b12d0fe3,3a89d813-38cc-477d-9e0c-f08f150f67fc,torrespamela636@yahoo.com,Ricky Mcdonald,2026-04-13 17:34:23.826135+00:00
da54e24a-8723-49a6-b3fc-ea4a3167c7b1,3a89d813-38cc-477d-9e0c-f08f150f67fc,wsnyder637@yahoo.com,Rebecca Morris,2026-04-15 07:32:46.128721+00:00
901d357c-f66b-4576-8ade-ebde4565bef7,525439e1-150a-42bd-8cee-450879c46e18,michaelcruz638@hotmail.com,Aaron Murphy,2026-03-11 21:28:02.856392+00:00
7d6a6d9c-6ef9-4c08-b882-bdf4ef23279f,525439e1-150a-42bd-8cee-450879c46e18,gpeters639@hotmail.com,Monica Rhodes,2026-03-14 18:28:21.162777+00:00
763df1dc-e430-49d3-af12-a25a4501305f,525439e1-150a-42bd-8cee-450879c46e18,dawn94640@yahoo.com,Steven Davis,2026-05-23 23:22:54.823107+00:00
54a3db97-62ff-4c4d-8421-bbfac278dbb3,5a10eef9-9973-40d8-8d9d-42e48533e937,todd65641@hotmail.com,Blake Smith,2026-04-09 18:54:55.041423+00:00
451e51ac-bc5b-4570-97e0-a84ab1f4abb8,5a10eef9-9973-40d8-8d9d-42e48533e937,deannaflowers642@yahoo.com,Beverly Dixon,2026-05-20 11:06:42.841647+00:00
01d6e360-a370-46c8-ab06-1d6754741c56,525439e1-150a-42bd-8cee-450879c46e18,llee643@yahoo.com,Ruben Anderson,2026-03-03 03:36:27.494911+00:00
5b5cb57b-c985-4a5d-accc-ed3c17335b15,525439e1-150a-42bd-8cee-450879c46e18,anthony22644@hotmail.com,Jon Jones,2026-03-11 16:21:32.340962+00:00
55f0da36-fdce-4afd-8e90-542c8c2ee25e,525439e1-150a-42bd-8cee-450879c46e18,mmorris645@yahoo.com,Daniel Newman,2026-04-07 10:50:51.024082+00:00
21bcc63b-be0a-409c-86ef-dec547035ac3,525439e1-150a-42bd-8cee-450879c46e18,normanstephanie646@yahoo.com,Kenneth Sparks,2026-05-20 13:48:20.642450+00:00
99d19683-4891-4987-b3f1-aeacd1719d88,3a89d813-38cc-477d-9e0c-f08f150f67fc,wthomas647@hotmail.com,Joshua Ellison,2026-04-03 08:36:49.658356+00:00
12313e23-46e6-4d97-9644-526171027641,3a89d813-38cc-477d-9e0c-f08f150f67fc,salexander648@hotmail.com,Maurice Young,2026-05-11 01:31:16.970500+00:00
194a5622-3f1a-4e91-be9a-e9d605e431a7,bfd6b390-b563-4a51-b73a-4f2e4789f383,hhoward649@yahoo.com,Mary Coleman MD,2026-04-08 21:41:47.623617+00:00
e3c936d3-7733-49eb-83c2-232c8aa2475c,bfd6b390-b563-4a51-b73a-4f2e4789f383,eeverett650@gmail.com,Sharon Kennedy,2026-05-04 15:34:53.980323+00:00
200ba862-d1c8-4d1d-ac8a-18529db411e9,7f479d09-ac3c-4230-85c0-5bdf624f2228,jefferybauer651@hotmail.com,Holly Cruz,2026-03-27 20:38:04.063230+00:00
8a304159-5f19-4608-9199-86889b7a32d1,7f479d09-ac3c-4230-85c0-5bdf624f2228,alee652@gmail.com,Laura Burke,2026-04-19 12:28:13.233304+00:00
8655c5ee-28a3-46ca-9173-a6e448c611f0,7f479d09-ac3c-4230-85c0-5bdf624f2228,sandersharold653@yahoo.com,Timothy Soto,2026-04-24 06:08:02.522345+00:00
2d52a86a-da03-4f4d-b863-5e8972a2759a,7f479d09-ac3c-4230-85c0-5bdf624f2228,eric98654@hotmail.com,Megan Cantu,2026-05-08 09:25:32.466602+00:00
238540b5-33e9-4b65-b06c-4c0e03273a4a,7f479d09-ac3c-4230-85c0-5bdf624f2228,christopher54655@gmail.com,Jimmy Gonzales,2026-05-12 02:55:13.783235+00:00
1832cf4b-7455-490b-9b0f-f0689d4e9ad4,7f479d09-ac3c-4230-85c0-5bdf624f2228,eric99656@hotmail.com,Tonya Pena,2026-03-23 03:12:59.815790+00:00
b808ea96-d4b9-4990-8767-97ee644f7021,7f479d09-ac3c-4230-85c0-5bdf624f2228,eanderson657@hotmail.com,Mark Patel,2026-04-07 15:46:07.369993+00:00
5c20737c-d9fa-4867-bbef-65da2c515b21,7f479d09-ac3c-4230-85c0-5bdf624f2228,tbrown658@gmail.com,Michelle Anderson,2026-05-29 15:46:31.335183+00:00
32ba05d4-2cb0-4eb4-a911-d73852954afb,5a10eef9-9973-40d8-8d9d-42e48533e937,qjones659@yahoo.com,Jason Harris,2026-04-17 16:53:26.741808+00:00
92fd69fd-973b-4ac2-940d-72b8493351c3,5a10eef9-9973-40d8-8d9d-42e48533e937,ywyatt660@gmail.com,Sheri Heath,2026-04-18 13:11:47.061186+00:00
c37624fe-0995-4edf-bffe-4199ddb5d895,5a10eef9-9973-40d8-8d9d-42e48533e937,xrobinson661@gmail.com,Sherri Brown,2026-05-07 10:13:03.972777+00:00
cb4d2c6d-640b-4a33-84e0-47ae89f93f2f,bfd6b390-b563-4a51-b73a-4f2e4789f383,masseysherry662@gmail.com,Benjamin Brown,2026-03-06 00:11:02.651125+00:00
f33af38c-3896-411c-9932-fea97455242c,bfd6b390-b563-4a51-b73a-4f2e4789f383,spittman663@gmail.com,Thomas Donovan,2026-03-24 09:09:07.038922+00:00
2c267939-aae8-4307-bed4-618628585274,bfd6b390-b563-4a51-b73a-4f2e4789f383,brookscaleb664@yahoo.com,Dr. Randall Pruitt,2026-05-22 12:55:09.464455+00:00
72265ebd-c681-4a6d-968a-cf307ac12c44,bfd6b390-b563-4a51-b73a-4f2e4789f383,sdunn665@gmail.com,William Duran,2026-03-06 22:33:00.007852+00:00
f5d39d00-a1f9-4b99-99e4-f76a758bf6f0,bfd6b390-b563-4a51-b73a-4f2e4789f383,alicia46666@gmail.com,Jeffrey Stevens,2026-03-15 09:26:51.014343+00:00
b2be00ec-0482-47d6-a91a-d920d4791368,bfd6b390-b563-4a51-b73a-4f2e4789f383,pwoods667@hotmail.com,Denise Wyatt,2026-04-21 00:14:48.172638+00:00
cf492e86-4161-42a0-9228-5b9a35db6fff,7f479d09-ac3c-4230-85c0-5bdf624f2228,jason87668@gmail.com,Brandon Higgins,2026-03-19 02:58:05.195875+00:00
a43c40a3-04d8-4288-a65f-658148080c65,7f479d09-ac3c-4230-85c0-5bdf624f2228,edwardmendoza669@gmail.com,Matthew Fowler,2026-05-11 11:23:23.216588+00:00
e0b83626-c9c0-4513-b3bc-d03c8d31c884,5a10eef9-9973-40d8-8d9d-42e48533e937,melvin57670@yahoo.com,Victoria Stewart,2026-03-30 05:02:37.120754+00:00
5c7de567-89d2-4ade-ab69-7cd357c58775,5a10eef9-9973-40d8-8d9d-42e48533e937,mark34671@hotmail.com,Jordan Oliver,2026-04-04 12:05:07.195483+00:00
7345c122-637b-4014-968e-72b9b9357bbe,5a10eef9-9973-40d8-8d9d-42e48533e937,riversshelby672@gmail.com,Mary Phelps,2026-04-13 06:24:29.157727+00:00
20a63e8a-fada-42d9-ba13-90aea9b030f5,5a10eef9-9973-40d8-8d9d-42e48533e937,gallaghermargaret673@yahoo.com,Victoria Brennan,2026-04-19 07:46:43.293331+00:00
be8eff83-bbcb-43c2-bcd6-8bbe56535d45,5a10eef9-9973-40d8-8d9d-42e48533e937,dennisryan674@hotmail.com,Heather Harvey,2026-04-23 11:46:54.160350+00:00
858d44c1-b30f-4a15-8310-c1e401346f19,525439e1-150a-42bd-8cee-450879c46e18,ocrawford675@yahoo.com,Cody Rhodes,2026-03-09 16:50:48.103274+00:00
9b039512-df43-46cc-88ab-5798c3ecccdc,525439e1-150a-42bd-8cee-450879c46e18,kleinmichael676@gmail.com,Rachel Nelson,2026-05-10 23:18:25.404882+00:00
f0f55858-bf5a-477d-9d0d-23e14099d11d,7f479d09-ac3c-4230-85c0-5bdf624f2228,snyderjeffrey677@hotmail.com,Carl Taylor,2026-03-04 09:04:17.645280+00:00
26691832-b0e7-4cda-a7fb-d32593530217,7f479d09-ac3c-4230-85c0-5bdf624f2228,aaron39678@gmail.com,Keith Perry,2026-04-01 06:21:23.585843+00:00
9e1ffe58-8383-465a-9353-46032ae74435,7f479d09-ac3c-4230-85c0-5bdf624f2228,david58679@gmail.com,Natasha Jordan,2026-05-19 13:49:22.834678+00:00
ebc1e963-ce01-41a9-a6d7-2ec2cc998ae0,525439e1-150a-42bd-8cee-450879c46e18,hughessara680@yahoo.com,Natalie Marshall,2026-03-06 22:16:59.979576+00:00
a027d493-4426-470c-b626-79d3e379e37b,525439e1-150a-42bd-8cee-450879c46e18,josephberry681@hotmail.com,Juan Clark,2026-03-11 19:55:37.647638+00:00
0877c012-bc95-402d-beff-f33bcc705d7e,525439e1-150a-42bd-8cee-450879c46e18,tanya49682@gmail.com,Michelle Morris,2026-04-30 08:01:11.032059+00:00
88cf535c-eac7-4894-a9db-f6afd459e21d,525439e1-150a-42bd-8cee-450879c46e18,edward14683@yahoo.com,John Dillon,2026-05-25 07:24:22.879174+00:00
799270a1-358c-49ef-83a6-ec52956a2916,525439e1-150a-42bd-8cee-450879c46e18,patricia13684@yahoo.com,Mr. William Sanchez MD,2026-03-15 02:21:12.023991+00:00
0f658879-b982-4660-83d8-03dca76fd0f8,525439e1-150a-42bd-8cee-450879c46e18,hernandezkatie685@yahoo.com,Thomas Smith,2026-04-29 16:48:47.023204+00:00
bced1680-90a5-4f5f-82b0-ab48eb142c86,525439e1-150a-42bd-8cee-450879c46e18,sandersdustin686@yahoo.com,Shirley Foster,2026-05-08 15:18:09.719812+00:00
b27e1550-f8c4-49b9-81c0-da374839fcf3,525439e1-150a-42bd-8cee-450879c46e18,hallkevin687@gmail.com,John Campbell,2026-05-20 18:21:09.033635+00:00
30a7ee83-6922-4261-a82c-348c3be61430,bfd6b390-b563-4a51-b73a-4f2e4789f383,jrodriguez688@hotmail.com,Alexandria Garza,2026-03-30 14:06:33.200832+00:00
d4555c22-14e5-457f-9ad2-ca0c21cd5aa1,bfd6b390-b563-4a51-b73a-4f2e4789f383,mvilla689@hotmail.com,Kathleen Williams,2026-04-04 09:40:32.913925+00:00
4a915f88-9f46-4bd9-a6f6-e9de0f722549,bfd6b390-b563-4a51-b73a-4f2e4789f383,john98690@gmail.com,Katelyn Sullivan,2026-04-30 08:31:49.254951+00:00
ad819f28-a8f0-4bce-b896-7ef03834b5d7,bfd6b390-b563-4a51-b73a-4f2e4789f383,katie16691@hotmail.com,Shelia Mendez,2026-05-25 17:49:55.981092+00:00
b7972115-cdad-4124-9573-b301a765f3ae,5a10eef9-9973-40d8-8d9d-42e48533e937,morseleonard692@hotmail.com,Carol Myers,2026-03-09 22:46:38.022861+00:00
f48921a0-b9aa-4ffd-8fc5-fa02019b6601,5a10eef9-9973-40d8-8d9d-42e48533e937,xjoyce693@hotmail.com,Ryan Webb,2026-03-19 05:35:04.167307+00:00
b283a958-e298-4289-ad10-3ccbd39701af,5a10eef9-9973-40d8-8d9d-42e48533e937,ijones694@hotmail.com,Miss Tracy Evans,2026-03-24 21:51:05.116818+00:00
f0b75e1d-d79a-42e8-bf40-af75e014c244,5a10eef9-9973-40d8-8d9d-42e48533e937,marilynprice695@gmail.com,Natasha Ibarra,2026-05-13 17:27:02.692400+00:00
bb27c51a-4b68-4a3c-abec-99dd11599f81,5a10eef9-9973-40d8-8d9d-42e48533e937,spencerashley696@hotmail.com,Bernard Long,2026-05-30 16:51:57.356696+00:00
4979538f-3488-4824-948d-701dbd95fdf5,3a89d813-38cc-477d-9e0c-f08f150f67fc,kenneth98697@hotmail.com,Arthur Stevens,2026-03-17 16:55:27.685774+00:00
47709e0d-2de4-4cc9-8613-b444341ead91,3a89d813-38cc-477d-9e0c-f08f150f67fc,suarezandre698@yahoo.com,Ruth Mccarty,2026-04-27 21:35:06.097954+00:00
6a9aa48b-d28a-4cf3-9781-6abfcbfd5095,3a89d813-38cc-477d-9e0c-f08f150f67fc,breannahenry699@yahoo.com,Angela Jones,2026-05-14 14:11:35.652904+00:00
a49a650e-a722-4d9c-a5b8-831ddc284111,bfd6b390-b563-4a51-b73a-4f2e4789f383,kristen74700@hotmail.com,John Shepard,2026-03-18 03:31:49.283353+00:00
81fb587b-7b52-4b6c-aa38-b8ea0aecc9ee,bfd6b390-b563-4a51-b73a-4f2e4789f383,steven14701@yahoo.com,Allison Carpenter,2026-03-22 04:21:01.675949+00:00
71762734-b431-4682-8690-5df74b32b3e1,bfd6b390-b563-4a51-b73a-4f2e4789f383,johnschroeder702@yahoo.com,Katherine Swanson,2026-04-17 16:13:19.399044+00:00
c7729a35-f458-434a-b4b8-c6d422b7fbec,bfd6b390-b563-4a51-b73a-4f2e4789f383,juliemcgee703@yahoo.com,Diane Brown,2026-05-10 08:50:14.183044+00:00
da9ec2c1-ef26-490d-a74f-8dfbb472cfbc,3a89d813-38cc-477d-9e0c-f08f150f67fc,zdavila704@gmail.com,Justin Alexander,2026-04-26 23:04:27.175408+00:00
ba31f9a1-38f7-462e-83c3-88be29d72520,3a89d813-38cc-477d-9e0c-f08f150f67fc,alicianguyen705@gmail.com,Martin Flowers,2026-05-03 21:03:58.596443+00:00
8efab750-aa9d-49c1-b674-f319712308ed,3a89d813-38cc-477d-9e0c-f08f150f67fc,cmurray706@gmail.com,Dylan Foster,2026-05-15 10:18:37.942657+00:00
caecb1e1-a303-4f0f-a67a-0dca9f08cbaf,3a89d813-38cc-477d-9e0c-f08f150f67fc,cjohnston707@hotmail.com,Jessica Morrison,2026-05-30 19:47:11.629264+00:00
f6317b14-878f-47f1-a15e-2383eed54b31,3a89d813-38cc-477d-9e0c-f08f150f67fc,jglenn708@yahoo.com,Alicia Rhodes,2026-03-09 04:10:03.901570+00:00
26b0cd56-a478-447f-842b-bf43c619e425,3a89d813-38cc-477d-9e0c-f08f150f67fc,caroline77709@gmail.com,Amber Willis,2026-03-16 18:59:55.053780+00:00
a35e0d42-841f-4f7c-a126-fafddcfe06eb,3a89d813-38cc-477d-9e0c-f08f150f67fc,martinkenneth710@hotmail.com,Brandon Smith,2026-04-04 22:27:42.649578+00:00
60880884-58ef-4d1c-85f0-010917156836,7f479d09-ac3c-4230-85c0-5bdf624f2228,amanda69711@gmail.com,Jerry Chang,2026-03-13 22:17:47.129752+00:00
1013695b-1970-4302-b452-90805d136471,7f479d09-ac3c-4230-85c0-5bdf624f2228,kimberly52712@hotmail.com,Eric Rivera,2026-03-15 02:22:37.055989+00:00
36efed93-6c38-4d77-ab5b-6efb34a77805,7f479d09-ac3c-4230-85c0-5bdf624f2228,perryjeremy713@yahoo.com,Sarah Rodriguez,2026-05-24 04:56:57.381109+00:00
119249e5-6666-4f66-b451-cff608ad71bc,bfd6b390-b563-4a51-b73a-4f2e4789f383,figueroajackie714@yahoo.com,Mark Burgess,2026-03-17 12:27:52.352717+00:00
282dbdf3-61bc-4314-9cd6-de26ec37ee2e,bfd6b390-b563-4a51-b73a-4f2e4789f383,qholland715@gmail.com,Lisa Jensen,2026-03-23 05:55:45.111045+00:00
471822a1-7c74-4a93-abf3-cee7ace41dc4,bfd6b390-b563-4a51-b73a-4f2e4789f383,katherinecraig716@gmail.com,Elizabeth Salas,2026-03-25 10:12:40.219820+00:00
95d2fb29-db72-4c0c-990e-5e222576ad8d,bfd6b390-b563-4a51-b73a-4f2e4789f383,jeffrey91717@hotmail.com,Hannah Jones,2026-03-16 05:21:41.038238+00:00
1f77967e-36d5-4a38-a920-b2b0f2a9cf17,bfd6b390-b563-4a51-b73a-4f2e4789f383,garciarandy718@hotmail.com,Alicia Rivera,2026-03-17 04:56:00.683989+00:00
87804936-8885-401f-a23c-3a33962fc6c6,bfd6b390-b563-4a51-b73a-4f2e4789f383,sporter719@hotmail.com,Darius Moore,2026-04-25 17:59:28.987491+00:00
00c60709-1c41-4d15-9f79-00db500855f6,bfd6b390-b563-4a51-b73a-4f2e4789f383,baileyvictoria720@hotmail.com,Karen Mccann,2026-05-21 09:25:05.423266+00:00
f3afc708-959a-4745-b8f0-124e1e87eaba,7f479d09-ac3c-4230-85c0-5bdf624f2228,martindaniel721@hotmail.com,Wanda Oliver,2026-03-20 02:17:19.445040+00:00
636c0580-0028-461a-8d1f-f4087da4160e,7f479d09-ac3c-4230-85c0-5bdf624f2228,kylebrown722@hotmail.com,Joshua Ibarra,2026-04-29 07:13:08.407742+00:00
abfe1e73-d4fc-4128-a102-06e7138ca4b3,5a10eef9-9973-40d8-8d9d-42e48533e937,lee92723@hotmail.com,Stephanie Vasquez,2026-03-03 14:30:36.943678+00:00
a8666a39-37a6-4f91-9f4c-a1c588eb737b,5a10eef9-9973-40d8-8d9d-42e48533e937,mathewselizabeth724@gmail.com,Jennifer Yates,2026-05-03 11:01:51.054343+00:00
01c18c43-b1d1-4d07-bc17-bff39ca3e1a2,5a10eef9-9973-40d8-8d9d-42e48533e937,steven76725@hotmail.com,Rebecca Gibson,2026-03-10 12:39:48.179618+00:00
74ccb53f-9b4d-430b-a112-090a22f544e6,5a10eef9-9973-40d8-8d9d-42e48533e937,acruz726@gmail.com,Debbie Chavez,2026-04-19 08:04:41.197704+00:00
d36e7a7f-2c4a-4535-a7cc-af876ea67a1e,5a10eef9-9973-40d8-8d9d-42e48533e937,angela35727@hotmail.com,Michael Boone,2026-05-17 13:00:13.213858+00:00
b61b3b75-c239-431a-90d7-f9eb7a9b05fd,525439e1-150a-42bd-8cee-450879c46e18,chelsea88728@hotmail.com,Mrs. Jessica Park,2026-03-30 23:37:03.241046+00:00
63281036-7bbc-4404-a0d6-654406fd0559,525439e1-150a-42bd-8cee-450879c46e18,jamie68729@yahoo.com,Linda Daniels,2026-05-05 03:31:26.979590+00:00
8a5a8596-c456-4962-8e76-d340cbb534a5,525439e1-150a-42bd-8cee-450879c46e18,matthewalvarez730@gmail.com,Paula Morgan,2026-05-07 21:28:21.421447+00:00
d4c1b417-54c9-45ab-bbfe-b221b418872c,525439e1-150a-42bd-8cee-450879c46e18,ulopez731@yahoo.com,Leah Randall,2026-05-16 07:55:29.467132+00:00
b8ea64c6-99b2-452e-a37c-8d6341eef9d7,525439e1-150a-42bd-8cee-450879c46e18,evelyn67732@gmail.com,Jonathon Barnes,2026-05-24 11:12:12.073717+00:00
4e24560d-53e5-439e-ab85-626afeb16000,7f479d09-ac3c-4230-85c0-5bdf624f2228,mcintyrekristy733@hotmail.com,Amber Nguyen,2026-03-29 13:42:04.113000+00:00
cc8950fe-cdc5-4dd6-b8d5-d17b550bcf5c,7f479d09-ac3c-4230-85c0-5bdf624f2228,karenperez734@gmail.com,Michele Moyer,2026-05-19 05:03:01.953727+00:00
740f035d-741f-4d01-8278-b4bfa4c9536e,7f479d09-ac3c-4230-85c0-5bdf624f2228,colemanpeter735@gmail.com,Michael Sullivan,2026-05-24 20:15:20.011215+00:00
ae9155bd-beca-4239-ad81-105e9069957a,3a89d813-38cc-477d-9e0c-f08f150f67fc,vegachelsey736@gmail.com,Ryan Holmes,2026-03-08 02:15:19.569864+00:00
a4fb8364-a57f-4296-93a5-055c628b1ea4,3a89d813-38cc-477d-9e0c-f08f150f67fc,kevinsparks737@hotmail.com,April White,2026-03-13 07:39:05.633279+00:00
229a4e14-5cbf-412f-ac38-2022e01432cf,3a89d813-38cc-477d-9e0c-f08f150f67fc,lisa26738@gmail.com,Courtney Thomas,2026-03-13 20:08:26.152778+00:00
9c6c24bb-3151-4524-aa45-f9103e3f2845,3a89d813-38cc-477d-9e0c-f08f150f67fc,kristy67739@hotmail.com,Jonathan Smith,2026-04-12 18:41:55.369968+00:00
120dfd74-22db-480b-9911-efe879836093,bfd6b390-b563-4a51-b73a-4f2e4789f383,lfowler740@hotmail.com,Karen Decker,2026-03-29 23:05:57.785343+00:00
9d8087a7-d011-4523-9686-618f700484ee,bfd6b390-b563-4a51-b73a-4f2e4789f383,paigecurry741@hotmail.com,Kathy Watkins,2026-05-24 16:44:03.842083+00:00
b44d0df7-5035-4737-b505-c077b2f1fd84,3a89d813-38cc-477d-9e0c-f08f150f67fc,russellcurry742@hotmail.com,Stephanie Evans,2026-03-15 15:25:32.979971+00:00
3dca5665-7896-43e5-b506-1ed901902387,3a89d813-38cc-477d-9e0c-f08f150f67fc,andrewwyatt743@yahoo.com,Leslie Gonzalez,2026-04-15 16:31:23.396376+00:00
e8e201e4-0b73-492b-a435-1f4e9a492aff,3a89d813-38cc-477d-9e0c-f08f150f67fc,dustin33744@gmail.com,Donald Ellis,2026-05-27 21:18:50.551680+00:00
72b45634-17bd-46a6-a706-4724ad523c62,525439e1-150a-42bd-8cee-450879c46e18,ikelly745@gmail.com,Nicole Foster,2026-03-22 09:43:46.527536+00:00
a9afaee2-28ff-4f19-a70b-ab0905655860,525439e1-150a-42bd-8cee-450879c46e18,stevenhansen746@gmail.com,Mrs. Lori Davis,2026-05-10 22:35:48.758041+00:00
17f02e53-6364-49c8-88fe-152f8d313e8d,525439e1-150a-42bd-8cee-450879c46e18,robin70747@gmail.com,James Bailey,2026-05-28 23:49:23.859684+00:00
4cd54c7b-d84c-49ab-a1fe-64e0473c0a6e,7f479d09-ac3c-4230-85c0-5bdf624f2228,turnerkelly748@yahoo.com,Julie Warner,2026-03-16 22:36:54.181801+00:00
65581364-43ce-4b1b-ba59-c61734ba323a,7f479d09-ac3c-4230-85c0-5bdf624f2228,brownseth749@yahoo.com,Robert Gibbs,2026-03-25 02:40:10.371309+00:00
528b7193-3b82-426a-9eff-b3d222b52752,7f479d09-ac3c-4230-85c0-5bdf624f2228,ztaylor750@yahoo.com,Gina Thompson,2026-04-26 18:52:05.895390+00:00
b346ea4d-c806-42c9-9619-450cda079915,7f479d09-ac3c-4230-85c0-5bdf624f2228,lisa95751@hotmail.com,Jonathan Henderson,2026-05-25 12:53:19.338168+00:00
0aa8a37f-90a5-4782-9d8b-16b965f81a13,7f479d09-ac3c-4230-85c0-5bdf624f2228,jacobwebster752@gmail.com,Mrs. Kelly Boyd,2026-05-19 22:24:32.035684+00:00
08862215-0ef4-46d3-84f3-5cbc5dd70227,7f479d09-ac3c-4230-85c0-5bdf624f2228,gregoryjames753@yahoo.com,Christopher Roach,2026-05-29 06:53:48.935778+00:00
47213fcc-4fbe-4944-bcbb-7771a39bf47a,5a10eef9-9973-40d8-8d9d-42e48533e937,mcculloughbarry754@gmail.com,Brandon Hall,2026-03-29 00:51:24.540253+00:00
f39d91ae-d294-4fe2-8427-788775ca0c43,5a10eef9-9973-40d8-8d9d-42e48533e937,paulahill755@yahoo.com,Charlene Aguirre,2026-04-21 01:14:20.058471+00:00
5cbfc34c-b8a8-460a-8ab3-2233569c3fa9,5a10eef9-9973-40d8-8d9d-42e48533e937,egomez756@gmail.com,Daniel Brown,2026-04-25 18:37:52.525219+00:00
3df90c57-0256-420c-9a0a-828abaaae421,5a10eef9-9973-40d8-8d9d-42e48533e937,mariamcdaniel757@hotmail.com,Alexandra Miller,2026-05-01 05:51:14.600506+00:00
94765beb-94cb-4c04-a428-0000cb128b01,5a10eef9-9973-40d8-8d9d-42e48533e937,nali758@gmail.com,Lisa Williams,2026-05-17 04:23:28.360907+00:00
16496f37-c0c4-4b9a-94c5-9e6e1f9fc8f1,525439e1-150a-42bd-8cee-450879c46e18,javieryoung759@gmail.com,Christopher Jarvis,2026-03-23 03:15:18.989937+00:00
b91a299d-bf92-4b3f-96ee-5b85ccb5231a,525439e1-150a-42bd-8cee-450879c46e18,ihurst760@yahoo.com,Richard Moody,2026-04-16 02:27:07.579867+00:00
62779c98-86d3-4671-bcf8-8abe92ea9613,525439e1-150a-42bd-8cee-450879c46e18,wolfemichelle761@hotmail.com,Benjamin Henderson,2026-04-20 23:07:21.186113+00:00
2f02c83b-f968-425b-9976-a1de60b9d5f9,525439e1-150a-42bd-8cee-450879c46e18,robertcalderon762@hotmail.com,Jared Hunt,2026-04-29 18:25:49.807434+00:00
62e9a909-53d7-4977-abda-5775497993d7,bfd6b390-b563-4a51-b73a-4f2e4789f383,mccallrobert763@yahoo.com,Daniel Johns,2026-04-29 00:29:57.636218+00:00
134da3e4-dd6c-41a9-9f37-6094d183a133,bfd6b390-b563-4a51-b73a-4f2e4789f383,vincentnelson764@gmail.com,Jessica Johnson,2026-04-29 11:57:38.050764+00:00
4e015a99-9a19-4fb7-8cb7-420a91255464,bfd6b390-b563-4a51-b73a-4f2e4789f383,benjaminpage765@yahoo.com,John Craig,2026-05-24 16:27:20.772175+00:00
0968e837-e466-4a0a-8de6-658c810608b5,3a89d813-38cc-477d-9e0c-f08f150f67fc,karlaramirez766@hotmail.com,Eileen Dougherty,2026-03-04 02:39:08.989097+00:00
78a2ef1c-5618-42e6-ba6d-cc259d56bfd4,3a89d813-38cc-477d-9e0c-f08f150f67fc,lisa31767@hotmail.com,Caitlin Browning,2026-03-13 18:10:50.685489+00:00
dc062557-0c39-4b65-8a88-08146c2fe269,3a89d813-38cc-477d-9e0c-f08f150f67fc,powersmichael768@yahoo.com,Lisa Shaw,2026-04-15 05:39:20.972335+00:00
1b2ffeb4-9eef-48c2-9337-561b880b2ed9,3a89d813-38cc-477d-9e0c-f08f150f67fc,griffinbrian769@hotmail.com,Brandon Stevens,2026-05-25 08:51:50.525262+00:00
17cc358d-72a6-4172-9b34-ebe097742e23,3a89d813-38cc-477d-9e0c-f08f150f67fc,amysims770@gmail.com,Jason Dudley,2026-03-03 13:14:52.988253+00:00
8efe57c5-3d76-4c6a-adb8-e0b6a8bc19d4,3a89d813-38cc-477d-9e0c-f08f150f67fc,randy49771@hotmail.com,Leslie Patrick,2026-03-06 07:54:07.256950+00:00
f1d9669d-681f-48a0-82e8-a1357cfababe,3a89d813-38cc-477d-9e0c-f08f150f67fc,huynhalexander772@yahoo.com,Erica Wallace,2026-05-21 09:32:11.324683+00:00
bfe99950-d1d0-42d6-982b-5ede5d9d6297,3a89d813-38cc-477d-9e0c-f08f150f67fc,thomas77773@yahoo.com,Andrea Patel,2026-05-30 15:03:25.582584+00:00
76c765d3-9966-42f0-a4ff-7aa9b64d567f,3a89d813-38cc-477d-9e0c-f08f150f67fc,fjones774@gmail.com,Catherine Frazier,2026-03-12 00:21:20.659838+00:00
db17ff51-a504-49f8-b8e4-1101ba224ae8,3a89d813-38cc-477d-9e0c-f08f150f67fc,hooperdiana775@gmail.com,Heather Wright,2026-04-23 12:42:56.247371+00:00
84921898-33a1-48f0-9ff7-2eb6fa2ccf35,7f479d09-ac3c-4230-85c0-5bdf624f2228,wclark776@gmail.com,Scott Rush,2026-03-24 19:19:26.630173+00:00
efbcc806-d13c-49be-bda0-261e96aa0b42,7f479d09-ac3c-4230-85c0-5bdf624f2228,brian40777@hotmail.com,Jessica Holloway,2026-05-10 19:50:45.012202+00:00
1373c3d5-0d9d-426d-a11f-40e6fc806e89,7f479d09-ac3c-4230-85c0-5bdf624f2228,lisablake778@hotmail.com,Kimberly Obrien,2026-05-22 11:30:02.942391+00:00
1a66e71e-5ad1-4318-995f-5dd0767f5ff7,5a10eef9-9973-40d8-8d9d-42e48533e937,zacharyfitzgerald779@yahoo.com,Joel Bartlett,2026-03-15 20:54:04.215340+00:00
0100d417-a844-411d-8195-707d8a4990d7,5a10eef9-9973-40d8-8d9d-42e48533e937,sharon88780@gmail.com,Dana West,2026-03-23 18:22:00.616006+00:00
5f375f31-80f2-4f15-93b8-1b7bbfdfd9da,5a10eef9-9973-40d8-8d9d-42e48533e937,sarahrobinson781@hotmail.com,Danielle Richardson,2026-04-05 13:12:28.881940+00:00
1be21b80-395d-46ee-ad8b-7e9d272e8623,bfd6b390-b563-4a51-b73a-4f2e4789f383,vrojas782@yahoo.com,Courtney Booker,2026-04-06 10:00:57.575036+00:00
bc074b03-a77e-4312-9e55-86093fa27bd9,bfd6b390-b563-4a51-b73a-4f2e4789f383,kmolina783@hotmail.com,Felicia Bates,2026-04-16 06:02:25.771277+00:00
c443b175-260d-4334-b29c-e75e9a09bd3f,bfd6b390-b563-4a51-b73a-4f2e4789f383,murphymatthew784@yahoo.com,Lindsay Foster,2026-05-08 04:30:50.329829+00:00
8c39d14d-c919-42ab-b05d-fce2cd7462cd,bfd6b390-b563-4a51-b73a-4f2e4789f383,cjackson785@yahoo.com,Sandra Benitez,2026-05-08 08:00:01.626559+00:00
5024430f-993c-465d-aca0-7e37355269f7,7f479d09-ac3c-4230-85c0-5bdf624f2228,gabriel33786@yahoo.com,Alexander Ware,2026-03-07 15:52:35.413167+00:00
b8b43f17-8604-4c5b-8322-edf3d49227ea,7f479d09-ac3c-4230-85c0-5bdf624f2228,brittany78787@yahoo.com,Jodi Kent,2026-04-17 02:14:33.593534+00:00
bc3b66e4-3b44-48c2-8b20-4bd21df7f105,bfd6b390-b563-4a51-b73a-4f2e4789f383,brandon59788@yahoo.com,Jenna Long,2026-05-11 11:24:04.890689+00:00
d4f322f7-8e16-4e0d-874c-9ce624c54cd8,bfd6b390-b563-4a51-b73a-4f2e4789f383,danaanderson789@hotmail.com,Miss Kari Brown,2026-05-28 14:50:57.576446+00:00
263ca235-f81a-48d9-a1e1-37d9a1bfb601,5a10eef9-9973-40d8-8d9d-42e48533e937,conniecarter790@hotmail.com,Patricia Vaughn,2026-03-23 18:57:16.500718+00:00
c246ab43-add1-4688-8433-59040f815419,5a10eef9-9973-40d8-8d9d-42e48533e937,uhernandez791@gmail.com,Heidi Erickson,2026-03-23 21:32:24.923587+00:00
2540d165-cdcb-4e55-bcb7-32d745c78dca,525439e1-150a-42bd-8cee-450879c46e18,chandlerjoseph792@hotmail.com,Mrs. Cynthia Smith,2026-03-11 09:19:01.494877+00:00
956edd35-558f-4e5f-9e06-7999bfd595ef,525439e1-150a-42bd-8cee-450879c46e18,brianwright793@gmail.com,Kirsten Moore,2026-03-24 23:55:17.943693+00:00
7a66efbc-6625-485e-82c9-fef98732c30a,525439e1-150a-42bd-8cee-450879c46e18,edwardbarber794@yahoo.com,Renee Welch,2026-04-27 06:53:42.747860+00:00
87988324-fcfd-4dbf-97d9-176c77bd88f1,3a89d813-38cc-477d-9e0c-f08f150f67fc,tiffany82795@hotmail.com,Corey Costa,2026-04-03 15:30:11.959456+00:00
1f69ca0e-5d3d-4bc0-abf3-0e6502f43ed2,3a89d813-38cc-477d-9e0c-f08f150f67fc,dlawson796@hotmail.com,Keith Bullock,2026-04-13 05:10:15.736510+00:00
a60fe939-d1bc-4f5e-93c9-90a9007b4ab9,3a89d813-38cc-477d-9e0c-f08f150f67fc,rgutierrez797@hotmail.com,Kenneth Hatfield,2026-03-18 04:56:36.814488+00:00
9292b724-f823-4258-be46-6937995b1800,3a89d813-38cc-477d-9e0c-f08f150f67fc,mitchelljennifer798@hotmail.com,Amy Cummings,2026-03-29 09:37:08.705157+00:00
dab6a53b-947c-4261-a276-88cec5b5feee,3a89d813-38cc-477d-9e0c-f08f150f67fc,jimenezshawn799@hotmail.com,Frederick Jones,2026-04-05 23:53:40.911344+00:00
84ca95ed-a305-482e-9c5e-13191a088391,3a89d813-38cc-477d-9e0c-f08f150f67fc,rickysutton800@hotmail.com,Jason Lang,2026-05-03 05:36:31.451984+00:00
469d9cbb-3d1b-46ba-bf04-51dbeab64fff,7f479d09-ac3c-4230-85c0-5bdf624f2228,samuel04801@yahoo.com,Elizabeth Harrell,2026-04-07 04:36:00.561923+00:00
c168e33d-ba4e-4945-a279-a2b2768118da,7f479d09-ac3c-4230-85c0-5bdf624f2228,fwillis802@gmail.com,Sarah Rodriguez,2026-04-25 22:14:24.567748+00:00
a8330aab-f310-4b61-8cb3-4fa6fd45d371,bfd6b390-b563-4a51-b73a-4f2e4789f383,angelabautista803@gmail.com,Austin Lozano,2026-03-27 08:18:59.994851+00:00
186dc3cd-8852-44b4-96db-6f7e8baac5ff,bfd6b390-b563-4a51-b73a-4f2e4789f383,jesse20804@hotmail.com,Kenneth Johnson,2026-04-12 02:45:36.792108+00:00
1bbd7329-8870-4e6a-bcba-45c2039bc240,bfd6b390-b563-4a51-b73a-4f2e4789f383,glopez805@yahoo.com,Tina Burgess,2026-05-04 07:51:01.431434+00:00
3139ba34-5c99-4bc1-8f3c-8bb2bda4f334,bfd6b390-b563-4a51-b73a-4f2e4789f383,bwade806@yahoo.com,Philip Morris,2026-05-06 01:44:35.801971+00:00
8a515410-86a1-47fa-b722-3f84a569634b,bfd6b390-b563-4a51-b73a-4f2e4789f383,baileypaula807@gmail.com,Tammy Ortiz DDS,2026-05-21 14:58:24.544026+00:00
a791a88f-6887-4c0d-8f8f-2a56a0e473f4,3a89d813-38cc-477d-9e0c-f08f150f67fc,seanfleming808@gmail.com,Robert Bell,2026-03-24 15:57:55.918527+00:00
0e065df4-bddd-477f-87f4-b675464f48b2,3a89d813-38cc-477d-9e0c-f08f150f67fc,youngchristian809@hotmail.com,William Rose,2026-03-25 09:06:53.306509+00:00
03558a0e-e34e-4ecf-a928-40b93a199edd,3a89d813-38cc-477d-9e0c-f08f150f67fc,richmondbrenda810@gmail.com,Sylvia Romero,2026-05-24 08:58:43.254371+00:00
0e668599-c0b1-465a-8b14-85f5a25e84f5,5a10eef9-9973-40d8-8d9d-42e48533e937,timothymeyers811@hotmail.com,Tiffany Flores,2026-03-12 03:03:39.378022+00:00
6a97a484-935b-4ad6-abcd-07443bcdc0fa,5a10eef9-9973-40d8-8d9d-42e48533e937,taylor16812@hotmail.com,Gregory Smith MD,2026-03-16 21:46:17.276947+00:00
01480d1d-eeab-49ea-9c1f-87505d3d44d0,5a10eef9-9973-40d8-8d9d-42e48533e937,brownkim813@hotmail.com,Tracy Garner,2026-04-22 15:28:52.107415+00:00
79eb9469-a8d4-401b-ae4c-ada1075e6434,5a10eef9-9973-40d8-8d9d-42e48533e937,chelseacastro814@yahoo.com,Katherine Brown,2026-05-22 03:15:55.195032+00:00
00a0f917-2e12-4098-926b-78a6fc24cea3,7f479d09-ac3c-4230-85c0-5bdf624f2228,anthonygreene815@yahoo.com,Stephanie Black,2026-03-08 16:36:19.114339+00:00
70310f08-d1c8-42c3-a146-db25ef5ae896,7f479d09-ac3c-4230-85c0-5bdf624f2228,marissawalsh816@gmail.com,Misty Harris,2026-04-06 18:21:33.410166+00:00
bdc6b362-031d-4adb-905e-505dc74b12d7,7f479d09-ac3c-4230-85c0-5bdf624f2228,mcguirebeverly817@yahoo.com,Gary Thompson,2026-05-06 20:20:31.672323+00:00
41a7d949-ff8a-4a41-9942-7204c9625c5a,7f479d09-ac3c-4230-85c0-5bdf624f2228,lblack818@yahoo.com,Austin Thompson,2026-05-15 22:39:16.011726+00:00
2c131745-fff6-44ba-bf5d-43594851f06d,525439e1-150a-42bd-8cee-450879c46e18,kristanelson819@gmail.com,Cassandra Martin,2026-04-09 14:52:30.070555+00:00
239ee4e3-26fe-428a-a902-519322d2c654,525439e1-150a-42bd-8cee-450879c46e18,derrick55820@hotmail.com,Stacey Powers,2026-05-14 03:48:09.363056+00:00
b55fc310-0aed-4e1e-9490-f297ac1d9ba3,525439e1-150a-42bd-8cee-450879c46e18,fsmith821@yahoo.com,Tiffany Williams,2026-05-27 12:58:43.283954+00:00
48762c15-ff19-45d2-9d96-482c4983d029,525439e1-150a-42bd-8cee-450879c46e18,alexandra33822@yahoo.com,David Rodriguez,2026-03-12 09:04:34.826634+00:00
4a5733c3-cf19-4321-899c-9faea66c8d80,525439e1-150a-42bd-8cee-450879c46e18,heather29823@yahoo.com,Mark Burke,2026-03-12 16:45:15.403984+00:00
5320a52e-100a-4470-8cc8-923c13e956c3,525439e1-150a-42bd-8cee-450879c46e18,billygarcia824@gmail.com,William Brown,2026-04-30 21:04:46.854146+00:00
5f234ad1-2379-49e6-bb50-d129b27e9d88,525439e1-150a-42bd-8cee-450879c46e18,vickigardner825@gmail.com,Hannah Cunningham,2026-05-09 04:47:59.542140+00:00
c5ff11d2-17b9-4070-9e4e-b4db5d115190,525439e1-150a-42bd-8cee-450879c46e18,sjackson826@hotmail.com,Chad Moreno DDS,2026-05-12 12:33:44.082490+00:00
f567da63-8a79-4a75-99a8-b84cccd0b7e3,525439e1-150a-42bd-8cee-450879c46e18,williamsjonathon827@gmail.com,Nicole Walsh,2026-03-07 09:02:58.320003+00:00
ae90eb84-5661-4105-b159-e493d613a508,525439e1-150a-42bd-8cee-450879c46e18,pgill828@gmail.com,Dwayne Pierce,2026-03-12 11:37:43.805826+00:00
e5961c4c-d48b-42f7-816d-d40c8cbce779,525439e1-150a-42bd-8cee-450879c46e18,theresa39829@yahoo.com,Adam Barrett,2026-03-21 07:19:01.418691+00:00
a78325f5-42ef-496f-8aff-9319afb7bb5e,525439e1-150a-42bd-8cee-450879c46e18,udickerson830@yahoo.com,Joshua Cline,2026-05-10 16:40:49.429995+00:00
8f0f3bb0-3284-438d-948c-6be21f75472c,525439e1-150a-42bd-8cee-450879c46e18,hartjennifer831@gmail.com,Dustin Ford,2026-05-17 16:56:38.175166+00:00
98e8acef-e964-4068-9e67-9bdfaf69453c,525439e1-150a-42bd-8cee-450879c46e18,hhubbard832@yahoo.com,Thomas Cole,2026-04-15 07:26:04.262733+00:00
3c21202e-55ca-4372-a1fa-54da6041dd14,525439e1-150a-42bd-8cee-450879c46e18,charles67833@gmail.com,Karl Cortez,2026-05-05 00:24:06.007336+00:00
21e82020-eaa1-471b-8fbb-b6b5ed26c444,525439e1-150a-42bd-8cee-450879c46e18,moorewillie834@gmail.com,Lisa Cordova,2026-05-30 18:07:47.011080+00:00
6b2ad7da-d1aa-43ab-80ce-e8503705f9b8,5a10eef9-9973-40d8-8d9d-42e48533e937,epacheco835@yahoo.com,Anthony Oneill,2026-03-10 00:58:51.822087+00:00
9b0097b8-6905-4e5f-8604-73c1f0cd83c1,5a10eef9-9973-40d8-8d9d-42e48533e937,briantorres836@hotmail.com,Sergio Chavez,2026-05-17 10:32:23.507114+00:00
4f0d0642-e52f-42bb-a783-d035711aca2a,7f479d09-ac3c-4230-85c0-5bdf624f2228,vedwards837@yahoo.com,Rachel Jones,2026-03-12 05:34:12.198166+00:00
0c3c5188-d706-4059-8b4f-ad044a942e99,7f479d09-ac3c-4230-85c0-5bdf624f2228,james19838@gmail.com,Tracie Austin,2026-03-14 01:51:14.261468+00:00
6a468fcc-afd3-4a8f-9680-035d39b53201,7f479d09-ac3c-4230-85c0-5bdf624f2228,donaldblair839@hotmail.com,Sharon Riggs,2026-05-09 13:30:43.069953+00:00
6014be98-c89e-4d27-b5a9-78375be558bf,7f479d09-ac3c-4230-85c0-5bdf624f2228,james60840@gmail.com,Andrea George,2026-03-04 17:52:49.277731+00:00
22279099-97d2-49c7-893d-0d25fdafd260,7f479d09-ac3c-4230-85c0-5bdf624f2228,diazmichael841@gmail.com,Susan Jensen,2026-04-09 19:53:48.596141+00:00
50e019d5-2b7d-42ce-b8e9-369207134c30,7f479d09-ac3c-4230-85c0-5bdf624f2228,barbarafuentes842@hotmail.com,Hunter Smith,2026-05-19 00:20:06.849865+00:00
890d3562-b30c-4915-85b4-1c098d91d66d,7f479d09-ac3c-4230-85c0-5bdf624f2228,keithrubio843@hotmail.com,Robert Austin,2026-03-14 02:06:03.590172+00:00
64bebdaa-5d76-4b7f-b2bf-fa240a089769,7f479d09-ac3c-4230-85c0-5bdf624f2228,wendysummers844@yahoo.com,Stephanie Walker,2026-03-23 09:51:25.551726+00:00
f00315b9-cb4d-47bb-a17b-9f8ab99968c2,7f479d09-ac3c-4230-85c0-5bdf624f2228,tmarks845@hotmail.com,Michael Gomez,2026-04-28 09:28:57.465839+00:00
326da8c0-f05f-4d53-b06f-7b73610cadc8,5a10eef9-9973-40d8-8d9d-42e48533e937,williamssarah846@gmail.com,Jennifer Nichols,2026-04-27 21:33:06.623025+00:00
3fed041b-9f77-47f1-9f7d-6d967e41d2ba,5a10eef9-9973-40d8-8d9d-42e48533e937,bweaver847@yahoo.com,Robert Carter,2026-04-28 09:16:18.543398+00:00
d94faaba-3030-45aa-b2f9-dd5845e3d656,5a10eef9-9973-40d8-8d9d-42e48533e937,christopher57848@gmail.com,Daniel Brown,2026-05-25 16:28:39.102653+00:00
1c18bf3e-36e1-4a3e-ae60-7fc9d46d6d8c,7f479d09-ac3c-4230-85c0-5bdf624f2228,zachary53849@gmail.com,Samuel Orozco,2026-04-06 06:07:57.553876+00:00
b30c589b-5baf-49fc-91b1-dfc60a1bc746,7f479d09-ac3c-4230-85c0-5bdf624f2228,perezmichael850@gmail.com,Eduardo Potts,2026-05-22 00:35:49.209180+00:00
1ef80633-db22-4564-ba63-bbc415f35c81,5a10eef9-9973-40d8-8d9d-42e48533e937,dunlapdonna851@yahoo.com,Sean Dominguez,2026-03-20 15:18:07.628753+00:00
15b71d5b-b431-4b9e-83e6-5d8d364cd542,5a10eef9-9973-40d8-8d9d-42e48533e937,selena04852@hotmail.com,Victoria Phillips,2026-03-20 15:18:15.173854+00:00
2fa49c70-db79-48dc-87ae-2d3a351b2fe0,5a10eef9-9973-40d8-8d9d-42e48533e937,fjacobs853@gmail.com,Mark Harris,2026-03-20 15:29:00.002440+00:00
19e07cc8-477b-4143-8276-f92c191f7802,5a10eef9-9973-40d8-8d9d-42e48533e937,jacksonjerome854@hotmail.com,Linda Briggs,2026-03-20 16:01:17.883041+00:00
43b711b0-5d85-49a8-9eac-63923fad7733,5a10eef9-9973-40d8-8d9d-42e48533e937,colemichelle855@gmail.com,Caleb Morales,2026-03-20 16:15:37.845874+00:00
46d350e7-6873-4e17-98e0-b7fdb88dbbcf,5a10eef9-9973-40d8-8d9d-42e48533e937,tdaniels856@hotmail.com,Paula Lambert,2026-03-20 17:23:37.964553+00:00
2843366b-4b3b-4491-95fd-8394935a060f,5a10eef9-9973-40d8-8d9d-42e48533e937,travisphillips857@gmail.com,Jennifer Ayala,2026-03-20 17:44:03.601481+00:00
50f85efd-d522-4c81-9fe9-d115008d5ef0,525439e1-150a-42bd-8cee-450879c46e18,alexandergilbert858@gmail.com,Michael Clark,2026-04-03 06:52:02.898091+00:00
f12ebade-3f78-4df5-88d7-ddfdfe75edb6,525439e1-150a-42bd-8cee-450879c46e18,claudiabeck859@hotmail.com,Katherine Mcgee,2026-04-03 10:02:12.944431+00:00
52e55d9a-ff73-4907-8fa7-dd606948e698,525439e1-150a-42bd-8cee-450879c46e18,josephmyers860@gmail.com,Kimberly Mcdonald,2026-04-03 11:49:32.297641+00:00
f16d7058-d0af-4924-9959-69a6882c0335,525439e1-150a-42bd-8cee-450879c46e18,griffinmichael861@gmail.com,David Gonzalez,2026-04-03 16:04:12.288759+00:00
35beeb75-e9cd-4cda-882e-5c612f0d1064,525439e1-150a-42bd-8cee-450879c46e18,michael60862@gmail.com,Amanda Esparza,2026-04-03 16:21:54.773642+00:00
99b4a84a-6411-4d42-9602-2a124c1246e9,525439e1-150a-42bd-8cee-450879c46e18,astone863@yahoo.com,Emily Clark,2026-04-04 01:26:37.836055+00:00
d4f18d55-0398-44ed-9b03-87384dd4b4bb,525439e1-150a-42bd-8cee-450879c46e18,nelsonlinda864@hotmail.com,Paul Fernandez,2026-04-04 01:28:34.434365+00:00
908f1ffc-753a-4210-bf86-f96921c53178,bfd6b390-b563-4a51-b73a-4f2e4789f383,joannelong865@gmail.com,Eric Wilson,2026-04-28 05:51:56.595363+00:00
e7553c86-1d2f-49b5-ac11-c01712978696,bfd6b390-b563-4a51-b73a-4f2e4789f383,eric95866@hotmail.com,Jacob Russell,2026-05-05 01:49:22.036904+00:00
a49054d0-da71-4a76-b602-ef32133b62ae,bfd6b390-b563-4a51-b73a-4f2e4789f383,sandracampbell867@yahoo.com,Tina Lowery,2026-05-26 22:36:04.414154+00:00
48c36266-add5-4e84-ba90-7540b2758d8b,3a89d813-38cc-477d-9e0c-f08f150f67fc,megan76868@yahoo.com,Dustin Mitchell,2026-03-26 06:40:03.519161+00:00
53ab60bf-2aba-4313-873c-2edd98e57ce1,3a89d813-38cc-477d-9e0c-f08f150f67fc,nprice869@yahoo.com,Angela Sanchez,2026-03-28 20:36:18.253193+00:00
ffbde9b2-5e9a-4a40-8034-8faaee605fc5,3a89d813-38cc-477d-9e0c-f08f150f67fc,andersonlisa870@gmail.com,Christine Stokes,2026-04-15 00:02:26.116470+00:00
c4462bc0-d61b-4c86-86e7-e5c63bfa25aa,3a89d813-38cc-477d-9e0c-f08f150f67fc,jsanchez871@gmail.com,Latoya Glass,2026-04-25 16:07:00.534148+00:00
2761aaa8-996c-4382-8707-c93d6a98920e,3a89d813-38cc-477d-9e0c-f08f150f67fc,alicenorris872@gmail.com,Donald Dunn,2026-05-02 03:19:13.523720+00:00
9d393ed5-d0fa-4f25-9e52-875050109601,3a89d813-38cc-477d-9e0c-f08f150f67fc,mooredeborah873@hotmail.com,William Leach,2026-03-20 13:39:59.269528+00:00
ab3454a7-5c5f-4d6b-aef3-f850fe7fa90e,7f479d09-ac3c-4230-85c0-5bdf624f2228,allison24874@hotmail.com,Karen Johns,2026-03-22 22:26:42.496613+00:00
5a3dd918-3f9a-4cf0-8877-1956749e199f,7f479d09-ac3c-4230-85c0-5bdf624f2228,jenniferphillips875@gmail.com,Cynthia Dixon,2026-04-03 22:55:02.413743+00:00
bbaa2ef9-9f3b-4441-812e-6914a754648c,3a89d813-38cc-477d-9e0c-f08f150f67fc,stephanie85876@gmail.com,Kimberly Barrera DDS,2026-04-22 10:24:08.214603+00:00
843c8f6f-e08c-4578-99d9-eb7a27788077,7f479d09-ac3c-4230-85c0-5bdf624f2228,bsmith877@hotmail.com,Jason Haas Jr.,2026-04-24 11:04:53.576022+00:00
0bb545bc-038a-4eb0-907b-4028046d8b43,5a10eef9-9973-40d8-8d9d-42e48533e937,swright878@gmail.com,Steven Gonzalez,2026-05-09 16:43:44.177719+00:00
7ec315d9-85cf-4aa2-a570-c2c9c07be223,bfd6b390-b563-4a51-b73a-4f2e4789f383,halerebecca879@yahoo.com,Dr. Cory Rojas,2026-05-09 17:47:38.114048+00:00
6396f505-3179-4e09-98a0-aa8235ecb1d8,5a10eef9-9973-40d8-8d9d-42e48533e937,alejandro08880@hotmail.com,Connie Ross,2026-05-09 20:15:40.958626+00:00
061eabda-de89-40c8-8ce3-ff6a3a9d1084,bfd6b390-b563-4a51-b73a-4f2e4789f383,virginiawilliams881@yahoo.com,Jordan Bryant,2026-05-10 00:05:11.206336+00:00
49798fef-6166-4026-96a5-24e8d83c577f,bfd6b390-b563-4a51-b73a-4f2e4789f383,teresa01882@yahoo.com,Jasmine Wilson,2026-05-10 03:10:10.517547+00:00
912e3843-139d-4ec9-8b76-2600387c45e6,5a10eef9-9973-40d8-8d9d-42e48533e937,donaldmatthews883@hotmail.com,Michael Thompson,2026-03-26 16:13:50.493199+00:00
be9a9461-9853-4598-8ec4-8ca061ff8ee4,bfd6b390-b563-4a51-b73a-4f2e4789f383,austinjones884@hotmail.com,Tina Henry,2026-03-26 17:32:55.469760+00:00
9ca2d61d-b6bb-42a3-a1f0-fff3c2136932,bfd6b390-b563-4a51-b73a-4f2e4789f383,qbrooks885@yahoo.com,Jessica Juarez,2026-03-26 21:24:38.616476+00:00
473d0931-c394-4d8d-bf67-3f8cd66588cf,bfd6b390-b563-4a51-b73a-4f2e4789f383,tracey07886@hotmail.com,Amy Trujillo,2026-03-27 06:21:45.217888+00:00
dabc2e0e-4be6-46c7-b439-fc752194ce07,bfd6b390-b563-4a51-b73a-4f2e4789f383,michael60887@yahoo.com,Michael Mills,2026-03-27 07:35:49.546217+00:00
390f299e-0423-470e-93fc-f4eb6b49ff22,bfd6b390-b563-4a51-b73a-4f2e4789f383,ejenkins888@hotmail.com,James Crawford,2026-03-27 10:46:07.092846+00:00
b6f276e9-83d5-4469-8360-ced7021e972e,525439e1-150a-42bd-8cee-450879c46e18,zacharycarrillo889@gmail.com,Zachary Watkins,2026-03-10 23:22:05.033394+00:00
d7b26151-4c0d-447c-9553-50e1845357f9,525439e1-150a-42bd-8cee-450879c46e18,johnsonmisty890@hotmail.com,David Davis,2026-03-30 17:38:50.758250+00:00
fdda1dc3-bd32-40b5-8b4c-8669044bcc19,525439e1-150a-42bd-8cee-450879c46e18,brownjennifer891@gmail.com,Carol Eaton,2026-04-13 18:56:44.695408+00:00
04ba2204-e301-4bd8-8614-38de2f302923,525439e1-150a-42bd-8cee-450879c46e18,mirandalittle892@yahoo.com,Ruben Friedman,2026-04-15 20:03:39.261266+00:00
441ed7be-945e-4644-9b33-2bd4d3148dd0,525439e1-150a-42bd-8cee-450879c46e18,osimpson893@hotmail.com,Ryan Smith,2026-04-25 01:59:33.926020+00:00
1b443e5a-09f7-4640-82a3-354957667f46,525439e1-150a-42bd-8cee-450879c46e18,santosjoseph894@yahoo.com,April Carr,2026-05-10 04:31:33.888197+00:00
29a1f3c7-3dd1-4327-8ee2-7ca4b29dde97,525439e1-150a-42bd-8cee-450879c46e18,richard03895@yahoo.com,Mrs. Chloe Jones DVM,2026-05-18 11:32:28.938570+00:00
9a87d4a4-f4cb-466f-a406-e217fb54926c,525439e1-150a-42bd-8cee-450879c46e18,sfowler896@hotmail.com,Anthony Gibson,2026-05-25 18:56:52.456253+00:00
17ff8880-32a6-4b9a-b165-0778ff6db9ba,5a10eef9-9973-40d8-8d9d-42e48533e937,aclark897@hotmail.com,John Sullivan,2026-05-20 08:29:21.441395+00:00
6254c2c4-fdb5-4554-87ce-3d00329fb7db,5a10eef9-9973-40d8-8d9d-42e48533e937,fischersarah898@hotmail.com,James Moore,2026-05-21 09:46:00.675690+00:00
31fe8706-76d9-4b47-a413-38636538bbe2,5a10eef9-9973-40d8-8d9d-42e48533e937,joshua87899@hotmail.com,Adam Parker,2026-05-21 13:14:51.654724+00:00
51ce7960-0632-4e42-9b53-1e3975a46387,5a10eef9-9973-40d8-8d9d-42e48533e937,blakesmith900@hotmail.com,Susan Moody,2026-05-21 13:34:15.846577+00:00
108c1351-28e7-47c1-92e8-d83783e30f45,5a10eef9-9973-40d8-8d9d-42e48533e937,benjamin12901@hotmail.com,Sarah Patel,2026-05-21 14:28:23.185459+00:00
f3bd0aa7-531a-4520-8446-cc3a7cf02c5f,5a10eef9-9973-40d8-8d9d-42e48533e937,danielwilliams902@gmail.com,Jessica Wood,2026-05-07 23:09:52.660944+00:00
4e879eb8-1112-41df-84f4-0852a275a564,5a10eef9-9973-40d8-8d9d-42e48533e937,kimberlyware903@gmail.com,Michael Davis,2026-05-07 23:30:39.998074+00:00
ce0e85f1-1171-4963-883b-e6dd8386ddd5,5a10eef9-9973-40d8-8d9d-42e48533e937,maureen64904@gmail.com,Scott Davidson,2026-05-07 23:56:14.897081+00:00
48a54523-646b-409a-b863-dd00077505a8,7f479d09-ac3c-4230-85c0-5bdf624f2228,piercedebra905@hotmail.com,Michele Houston,2026-04-18 09:27:39.175365+00:00
f7e90a56-d342-49f0-86b7-ac9616088ef0,3a89d813-38cc-477d-9e0c-f08f150f67fc,gilesjennifer906@gmail.com,Carrie Foster,2026-04-18 09:51:14.595541+00:00
94c66bf6-e1c9-4b1b-a95e-2aeae3bce573,3a89d813-38cc-477d-9e0c-f08f150f67fc,ethomas907@gmail.com,Erika Bell,2026-04-18 09:57:30.240778+00:00
8c74aeae-bf68-4119-9910-ae300667ee94,7f479d09-ac3c-4230-85c0-5bdf624f2228,kimberly00908@yahoo.com,Christopher Ellis,2026-04-18 10:07:10.411509+00:00
9cf0977c-01b3-4bd9-a290-a5649b5ba5b0,3a89d813-38cc-477d-9e0c-f08f150f67fc,vchan909@gmail.com,Vincent Johnson,2026-04-18 10:25:41.858075+00:00
5e24c032-3ad1-47c0-be96-98cc7357b729,7f479d09-ac3c-4230-85c0-5bdf624f2228,ashley72910@yahoo.com,Kenneth Duncan,2026-04-18 10:41:24.318453+00:00
abcbffd3-44c4-44f9-98de-67692f4657f5,3a89d813-38cc-477d-9e0c-f08f150f67fc,billymorgan911@gmail.com,Amber Torres,2026-04-18 12:13:04.048865+00:00
2f83835a-396c-442e-a88e-491658f43d22,3a89d813-38cc-477d-9e0c-f08f150f67fc,pagedarrell912@yahoo.com,Chelsea Schroeder,2026-05-24 22:15:16.479573+00:00
7bbeb0ba-6a82-4b0a-9d1b-e537c2aa0a18,3a89d813-38cc-477d-9e0c-f08f150f67fc,rodriguezpaul913@gmail.com,Beth Pierce,2026-05-26 01:58:09.677388+00:00
4e526faa-db3e-45eb-aa8b-8b067102505e,3a89d813-38cc-477d-9e0c-f08f150f67fc,nathaniel43914@gmail.com,Elizabeth Tate,2026-05-26 03:05:50.451848+00:00
a596bb33-bc43-48a2-a6b5-910a977ecf56,bfd6b390-b563-4a51-b73a-4f2e4789f383,dfernandez915@gmail.com,Sandra Jones,2026-04-19 15:50:34.132530+00:00
20a92dbe-325c-42ab-81f4-195987bdd2e8,bfd6b390-b563-4a51-b73a-4f2e4789f383,czimmerman916@hotmail.com,David Bowen,2026-04-19 22:28:56.840482+00:00
add8c5b2-9398-41a2-b9a1-4999847f37ea,bfd6b390-b563-4a51-b73a-4f2e4789f383,todd66917@yahoo.com,Jacob Robertson,2026-04-19 22:33:33.177614+00:00
6aacb58b-4101-42fc-afc4-4cecdd568ed3,7f479d09-ac3c-4230-85c0-5bdf624f2228,lindamartin918@yahoo.com,Sandra Brennan,2026-04-20 05:59:20.050252+00:00
0c89ed3d-9ea7-48fd-9774-95e89f222962,7f479d09-ac3c-4230-85c0-5bdf624f2228,wrightlisa919@hotmail.com,Nicholas Lowe,2026-04-20 06:10:43.253122+00:00
a92e06a0-cfb4-487b-8f78-0c673530da04,3a89d813-38cc-477d-9e0c-f08f150f67fc,kristenstewart920@gmail.com,George Bolton,2026-05-07 08:56:56.138688+00:00
0175b98d-0b81-46e8-9303-002ac0d5f566,3a89d813-38cc-477d-9e0c-f08f150f67fc,matthewwade921@yahoo.com,Aaron Smith,2026-05-07 16:38:27.903335+00:00
9bc8bf54-fc07-4ea1-9838-2434c8fc4c03,3a89d813-38cc-477d-9e0c-f08f150f67fc,zcarter922@yahoo.com,Joseph Mccarthy,2026-05-07 21:46:30.504640+00:00
54dbd4a1-f922-4b2c-8193-165c5dd13672,3a89d813-38cc-477d-9e0c-f08f150f67fc,cooktracy923@gmail.com,Alexis Davenport,2026-05-07 22:01:31.980676+00:00
6f6d9177-e234-4611-b566-e293139fff45,3a89d813-38cc-477d-9e0c-f08f150f67fc,bellis924@yahoo.com,Jonathan Johnson,2026-05-07 22:19:39.339514+00:00
46568b94-e480-45e2-a8c8-6e8124d6ab51,3a89d813-38cc-477d-9e0c-f08f150f67fc,psmith925@gmail.com,James Saunders,2026-05-08 02:14:04.134326+00:00
8143ae7f-c1da-42b4-bdc3-fbc47e857105,7f479d09-ac3c-4230-85c0-5bdf624f2228,zowens926@hotmail.com,Sabrina Bryant,2026-03-21 08:54:41.799694+00:00
96fe93bd-5d71-444b-8747-53bdd5aefe8c,7f479d09-ac3c-4230-85c0-5bdf624f2228,esmith927@gmail.com,Steven Hendricks,2026-03-22 04:11:46.744174+00:00
0eb0f96e-0fff-4547-a8a2-504c69edf2b1,3a89d813-38cc-477d-9e0c-f08f150f67fc,jadetownsend928@hotmail.com,Benjamin Erickson,2026-03-22 22:23:46.611714+00:00
e4f8f6ec-9132-4ac2-b6c3-1a9f874c6dbb,525439e1-150a-42bd-8cee-450879c46e18,justinmartin929@gmail.com,Joseph Anderson,2026-03-15 00:38:29.274386+00:00
a8af982f-fe2e-4d9c-ae8f-96139a5036a6,525439e1-150a-42bd-8cee-450879c46e18,jmcmahon930@gmail.com,Steven Graves,2026-03-23 15:12:28.428383+00:00
1a229fb0-ad72-444e-8739-15092e344280,525439e1-150a-42bd-8cee-450879c46e18,gabriel84931@hotmail.com,Chase Phillips DDS,2026-04-10 07:33:53.509089+00:00
fa175477-607b-43df-8feb-c223303b1b8d,525439e1-150a-42bd-8cee-450879c46e18,michellejames932@yahoo.com,Erica Jones,2026-04-20 17:24:12.785930+00:00
6c205239-82d5-4f62-b631-7fdeda03d6ed,525439e1-150a-42bd-8cee-450879c46e18,audreygreen933@yahoo.com,Bryce Snyder MD,2026-04-28 02:36:23.908769+00:00
d69e89db-ddf3-4aa8-b9f3-037fbd0a195f,525439e1-150a-42bd-8cee-450879c46e18,dilloneric934@yahoo.com,Jacob Dudley,2026-05-28 07:58:15.562721+00:00
e0d3c3da-d3ac-426c-8b5c-f00b92ec1f7e,525439e1-150a-42bd-8cee-450879c46e18,michellecummings935@hotmail.com,Nicholas Taylor DDS,2026-03-08 10:22:33.714052+00:00
970052d0-aef2-4a6a-9c5a-d386b6caf82c,525439e1-150a-42bd-8cee-450879c46e18,escobarpatricia936@hotmail.com,Jacob Montes,2026-03-08 16:56:24.237833+00:00
77f2ba85-e633-4d76-8181-7831ec4660a7,525439e1-150a-42bd-8cee-450879c46e18,hendersonbenjamin937@hotmail.com,Brandon Torres,2026-03-08 18:45:40.421730+00:00
a8c435ab-3da7-4d74-b57a-9d354b8b1f66,525439e1-150a-42bd-8cee-450879c46e18,justinjohnson938@hotmail.com,Cynthia Snow,2026-03-14 00:11:22.041506+00:00
7eb35681-ca5a-4215-966c-a12b90ce587e,525439e1-150a-42bd-8cee-450879c46e18,zacharyhood939@hotmail.com,Emily Richardson,2026-03-14 01:31:40.510519+00:00
d3117cbb-fa4b-4a24-81db-6a8b51882571,525439e1-150a-42bd-8cee-450879c46e18,briannaphillips940@gmail.com,Amanda Simmons,2026-03-14 03:10:49.483947+00:00
98c6dd10-acaf-4a11-bb5e-13fdd159e454,525439e1-150a-42bd-8cee-450879c46e18,jameswallace941@gmail.com,John Maldonado,2026-03-14 19:44:03.693267+00:00
4cfdc0ac-95aa-4fb3-ac18-f14d93e1bdd2,3a89d813-38cc-477d-9e0c-f08f150f67fc,sharpkaren942@gmail.com,Jessica Gonzalez,2026-03-04 21:33:28.995648+00:00
95eb9f8e-533a-482e-9b6f-eb7177894319,3a89d813-38cc-477d-9e0c-f08f150f67fc,villarrealmegan943@gmail.com,David Bennett,2026-03-05 07:25:01.139594+00:00
323ec607-9b22-491d-95a8-e1680dc0c972,3a89d813-38cc-477d-9e0c-f08f150f67fc,carlosstewart944@yahoo.com,Diamond Johnson,2026-03-05 09:43:26.337940+00:00
e3067824-3d88-4282-a1bb-5b7d602a261c,3a89d813-38cc-477d-9e0c-f08f150f67fc,kevin07945@gmail.com,Christine Williams,2026-03-05 12:35:00.036059+00:00
cee930d0-a39e-4ef7-8ec4-27cf03ce0ce8,3a89d813-38cc-477d-9e0c-f08f150f67fc,npatterson946@gmail.com,Vicki Davis,2026-03-05 13:41:56.212195+00:00
7e014e35-b615-40b7-b1f3-df1d4eff50d5,3a89d813-38cc-477d-9e0c-f08f150f67fc,jeffreymiller947@gmail.com,Kathleen Smith,2026-03-05 15:07:42.279960+00:00
71f1fdd1-89e7-4ab4-9b63-78a8cff6a14e,3a89d813-38cc-477d-9e0c-f08f150f67fc,mercadogina948@gmail.com,Kara Scott,2026-03-05 19:30:51.985117+00:00
669eb168-b733-4bf1-aefc-230bf5ed5b2d,5a10eef9-9973-40d8-8d9d-42e48533e937,davischristopher949@hotmail.com,Katherine Sparks,2026-03-14 14:56:07.815994+00:00
5dc44465-1824-4021-b269-912f7ab1f464,7f479d09-ac3c-4230-85c0-5bdf624f2228,karlajohnson950@gmail.com,Sydney Parsons,2026-03-24 08:40:41.999461+00:00
fced9ccb-d763-4032-926b-f0b88d4ba541,7f479d09-ac3c-4230-85c0-5bdf624f2228,oscar20951@gmail.com,Tiffany Lee,2026-04-05 21:34:31.322426+00:00
07b941aa-e774-4993-af14-c37c41740d9f,7f479d09-ac3c-4230-85c0-5bdf624f2228,jerryjohnson952@gmail.com,Thomas Ramirez Jr.,2026-04-16 14:07:26.911387+00:00
16c88ad4-0418-40ef-8ed7-9c7d8e6fa0e0,5a10eef9-9973-40d8-8d9d-42e48533e937,kathleendiaz953@yahoo.com,Ashley Martin,2026-04-24 02:56:43.128164+00:00
1045090f-9f0a-4d7b-aa26-bab4fac762d9,7f479d09-ac3c-4230-85c0-5bdf624f2228,hilljoshua954@yahoo.com,Jeffrey Martinez,2026-05-14 09:47:19.508204+00:00
15869ed8-5241-4818-be88-ef14b2503c4f,5a10eef9-9973-40d8-8d9d-42e48533e937,annnorris955@yahoo.com,Melissa Hernandez,2026-05-26 05:54:23.928578+00:00
a6937542-bfdb-4ed5-87a7-c5bf514d87e3,5a10eef9-9973-40d8-8d9d-42e48533e937,matthewphillips956@yahoo.com,Wendy Rocha,2026-03-19 21:08:23.739256+00:00
ce333c81-a8c7-480d-b817-e1713540025c,5a10eef9-9973-40d8-8d9d-42e48533e937,lesliepreston957@yahoo.com,Elizabeth Mcintosh,2026-03-19 22:01:32.673260+00:00
6feb85ca-4c63-45df-873f-bbf82113fe30,5a10eef9-9973-40d8-8d9d-42e48533e937,robinsonamber958@gmail.com,Corey Nash,2026-03-20 01:55:39.116490+00:00
74a7d424-c276-4a77-ab44-ef218a7e932d,7f479d09-ac3c-4230-85c0-5bdf624f2228,virginia14959@gmail.com,Janet Espinoza,2026-03-19 01:54:15.388318+00:00
9fd47790-c380-4a7b-8e38-f944717aabdb,7f479d09-ac3c-4230-85c0-5bdf624f2228,stacyruiz960@hotmail.com,Christina Velasquez,2026-04-14 01:48:46.760601+00:00
b9df3c12-3264-40ca-b056-5e99c4f827f8,7f479d09-ac3c-4230-85c0-5bdf624f2228,crystal45961@hotmail.com,Rachel Herrera,2026-04-22 02:34:03.947097+00:00
630d4dad-f57a-4291-8a6b-567540c3f7f1,7f479d09-ac3c-4230-85c0-5bdf624f2228,khuerta962@yahoo.com,Juan Lee,2026-05-19 12:45:02.906487+00:00
5997bed3-487b-4646-8d29-075c36ddb662,525439e1-150a-42bd-8cee-450879c46e18,daisy48963@hotmail.com,Whitney Dorsey,2026-03-10 11:10:56.195729+00:00
7b8a47e0-10b9-4826-a692-8b85b695ffac,525439e1-150a-42bd-8cee-450879c46e18,taylorjeffrey964@hotmail.com,Laura Johnson,2026-03-10 14:03:34.289616+00:00
38006ae2-1f74-4d3b-8d93-68f9338e031d,525439e1-150a-42bd-8cee-450879c46e18,russellmegan965@hotmail.com,James Tanner,2026-03-10 14:56:06.156607+00:00
86eb14dd-7eb4-4bd6-ab71-314952e589a2,bfd6b390-b563-4a51-b73a-4f2e4789f383,laura96966@hotmail.com,Rebecca Gonzales,2026-03-10 20:17:39.499130+00:00
49e1406f-26bf-4890-9df8-1d0b28aa454b,bfd6b390-b563-4a51-b73a-4f2e4789f383,matthewfoster967@gmail.com,Morgan Mcconnell,2026-03-10 21:35:27.704062+00:00
2488a7f8-49c8-4b12-8928-ddcc72e4ccd0,bfd6b390-b563-4a51-b73a-4f2e4789f383,graymegan968@gmail.com,Cameron Mcconnell,2026-03-11 15:07:43.486960+00:00
f44d89f6-8e28-43b9-9560-7adb157f21fa,525439e1-150a-42bd-8cee-450879c46e18,jodi56969@hotmail.com,Daniel Brown,2026-03-11 21:07:01.529214+00:00
d0bb086c-2d19-4c12-88e3-294bf3a24cd4,bfd6b390-b563-4a51-b73a-4f2e4789f383,martha02970@hotmail.com,Stacy Olson,2026-03-11 22:07:17.815116+00:00
aea0a638-8b51-4214-aa50-ba27ed7172ad,7f479d09-ac3c-4230-85c0-5bdf624f2228,jacobsonmary971@hotmail.com,William Bennett,2026-05-25 09:07:54.744207+00:00
8efd4fbe-6061-414a-9488-2179b6b387b7,7f479d09-ac3c-4230-85c0-5bdf624f2228,proctordominique972@yahoo.com,Darius Hunter,2026-05-25 18:02:11.595219+00:00
5462b180-3715-4eae-a0b7-7ba57e2b8b71,7f479d09-ac3c-4230-85c0-5bdf624f2228,kathleenking973@yahoo.com,Mr. Michael Jones,2026-05-25 23:21:42.237652+00:00
361469a7-346e-43ed-83ad-c6f57f86b86a,7f479d09-ac3c-4230-85c0-5bdf624f2228,pphillips974@gmail.com,Nicholas Bowman,2026-05-26 04:32:04.906178+00:00
93aabaf6-84a3-4c47-a8d3-efbd9ddfaf2a,7f479d09-ac3c-4230-85c0-5bdf624f2228,john14975@yahoo.com,Mark Campbell,2026-04-09 09:45:07.569442+00:00
1e2b8297-67f8-489d-ba93-007f6dcd04f0,7f479d09-ac3c-4230-85c0-5bdf624f2228,xhester976@hotmail.com,Michelle Jimenez,2026-04-09 14:29:01.355550+00:00
0cd812c8-c0b7-4d5b-accb-aa034b6e0609,7f479d09-ac3c-4230-85c0-5bdf624f2228,jennifer65977@yahoo.com,Paula Ruiz,2026-04-09 19:06:35.224155+00:00
ff51491f-ae05-4d6f-aded-d4eef97f7e89,bfd6b390-b563-4a51-b73a-4f2e4789f383,meganward978@hotmail.com,Tina Alexander,2026-03-08 09:13:17.339106+00:00
f9979035-891b-4bc6-ac76-19eb7ea54275,bfd6b390-b563-4a51-b73a-4f2e4789f383,deanna24979@yahoo.com,Peter Shields,2026-03-22 13:31:41.221385+00:00
c240cccd-e1fa-47a8-8c9a-d362466101d1,bfd6b390-b563-4a51-b73a-4f2e4789f383,jordan28980@yahoo.com,Sarah Bailey,2026-04-01 17:16:40.223744+00:00
76b27d94-9af1-4a70-8159-7a31b72f9a20,bfd6b390-b563-4a51-b73a-4f2e4789f383,karamiller981@hotmail.com,Gregory Anderson,2026-04-04 18:53:47.711995+00:00
608a738a-2c19-4a09-8e34-bb94e9b3e7c9,bfd6b390-b563-4a51-b73a-4f2e4789f383,bennetteric982@yahoo.com,Ryan Campbell,2026-05-02 03:29:47.838256+00:00
0a7e7268-bb6d-4aba-a6c9-963c32c217ac,bfd6b390-b563-4a51-b73a-4f2e4789f383,melissajohnson983@hotmail.com,Douglas Patton,2026-05-03 20:33:53.499018+00:00
0386db2c-70dd-46bd-a9cc-3026c9288e45,bfd6b390-b563-4a51-b73a-4f2e4789f383,bjohnson984@yahoo.com,Katie Brown,2026-05-04 17:00:51.422795+00:00
2f83d421-fb56-443e-bc99-9a8c92131d83,525439e1-150a-42bd-8cee-450879c46e18,arellanomichael985@gmail.com,Deborah Miller,2026-05-28 16:44:54.781191+00:00
9a072d55-6939-41b2-97de-bc58ede4fd57,525439e1-150a-42bd-8cee-450879c46e18,josephgallegos986@gmail.com,James Fleming,2026-05-28 17:21:18.636371+00:00
fbf8051e-36ec-49ff-a876-ae90e87277c7,525439e1-150a-42bd-8cee-450879c46e18,rubiochristopher987@hotmail.com,Don Bradley,2026-05-29 01:58:40.890085+00:00
9506bd7d-53a4-43dd-827c-d5fc955472dd,525439e1-150a-42bd-8cee-450879c46e18,goodwinroy988@yahoo.com,Todd Roberts,2026-05-29 07:13:36.210853+00:00
11f3a8d1-18f4-4ab4-8737-0da231c64cf6,525439e1-150a-42bd-8cee-450879c46e18,ybarton989@yahoo.com,Jason Wilkins,2026-05-30 04:36:06.835861+00:00
756395aa-447c-4b32-a673-066dc76edbb1,525439e1-150a-42bd-8cee-450879c46e18,sbenson990@yahoo.com,Steven Hunt,2026-05-30 06:27:10.804206+00:00
5beb3686-4266-401d-b124-c9c4e666cda2,7f479d09-ac3c-4230-85c0-5bdf624f2228,sgutierrez991@hotmail.com,Amber Murphy,2026-05-18 13:07:44.412144+00:00
18bd2951-533a-40d3-be9d-4683f82948bc,bfd6b390-b563-4a51-b73a-4f2e4789f383,navila992@gmail.com,Andrew Golden,2026-05-19 01:27:13.287539+00:00
ea6fd989-e7eb-4dfd-ab02-72a4f2c8e0d4,bfd6b390-b563-4a51-b73a-4f2e4789f383,christine06993@hotmail.com,William Baldwin,2026-05-19 03:52:09.978629+00:00
085df99a-f647-40b6-98e9-bf29c2ac8c5b,7f479d09-ac3c-4230-85c0-5bdf624f2228,jessica78994@hotmail.com,Christine Gutierrez,2026-05-19 04:39:18.014876+00:00
82947ffb-cacb-437b-91eb-320c6fde98ed,bfd6b390-b563-4a51-b73a-4f2e4789f383,tuckerjeffrey995@gmail.com,Michael Walker,2026-05-19 10:17:36.329302+00:00
1acd507b-359c-4666-9694-cf513521f286,bfd6b390-b563-4a51-b73a-4f2e4789f383,dreynolds996@hotmail.com,Richard Payne,2026-05-19 13:56:13.589529+00:00
0f62ac0d-1194-4dfc-ada0-27b9d4c72883,bfd6b390-b563-4a51-b73a-4f2e4789f383,patricia00997@yahoo.com,Shannon Allen,2026-05-19 14:17:26.019917+00:00
e4e19509-6a43-4c91-bbde-c2c9c3a1dca4,bfd6b390-b563-4a51-b73a-4f2e4789f383,cory71998@yahoo.com,Valerie Nguyen,2026-05-19 14:28:32.487402+00:00
eaf9f359-1174-4496-a106-a2963029f3e3,3a89d813-38cc-477d-9e0c-f08f150f67fc,kathyrobinson999@gmail.com,Angie Salinas,2026-05-27 10:37:11.708616+00:00
91b7ecea-1783-47c9-b976-bb4148684b18,3a89d813-38cc-477d-9e0c-f08f150f67fc,brownkaren1000@yahoo.com,Dylan Taylor,2026-05-27 11:36:25.119466+00:00
