id,customer_id,device_id,network_id,amount,currency,status,created_at
58ec20d6-4fc9-4040-92e5-592b62262661,e8064ef4-f901-4a8a-a255-47098dfca93d,c0fec696-12b7-4ba1-b1cd-1bffcb1891c6,c224ca37-efa4-4430-a653-7ffdf94c5293,7738.5,INR,success,2026-05-28 11:51:29.615912+00:00
a1702d51-7759-4a30-803e-3ab92f809790,e8064ef4-f901-4a8a-a255-47098dfca93d,c0fec696-12b7-4ba1-b1cd-1bffcb1891c6,c224ca37-efa4-4430-a653-7ffdf94c5293,1905.53,INR,success,2026-05-28 18:40:49.329053+00:00
9e179e53-cf4b-432d-a697-7d4d2af61af2,129156af-3ea1-44ab-b6c7-f7146c4e4dba,94d48fec-53a4-4a23-b08b-a039176734e4,89705451-2e82-48f2-939a-6b8120ef9f99,1531.02,INR,success,2026-05-25 16:43:37.117907+00:00
61fe197b-6c32-4c2f-811a-4d7e22ff5999,129156af-3ea1-44ab-b6c7-f7146c4e4dba,94d48fec-53a4-4a23-b08b-a039176734e4,89705451-2e82-48f2-939a-6b8120ef9f99,921.77,INR,success,2026-05-25 18:14:53.797186+00:00
a2a386e8-48a9-4f03-b727-1fe1a05a6018,129156af-3ea1-44ab-b6c7-f7146c4e4dba,94d48fec-53a4-4a23-b08b-a039176734e4,89705451-2e82-48f2-939a-6b8120ef9f99,2084.43,INR,success,2026-05-30 03:58:04.124355+00:00
a31efb28-9826-46ae-90cc-194054b0b8c1,129156af-3ea1-44ab-b6c7-f7146c4e4dba,94d48fec-53a4-4a23-b08b-a039176734e4,89705451-2e82-48f2-939a-6b8120ef9f99,2516.34,INR,success,2026-05-30 16:15:27.749180+00:00
81e50790-01ae-4ee9-8e61-c14ad212740a,129156af-3ea1-44ab-b6c7-f7146c4e4dba,94d48fec-53a4-4a23-b08b-a039176734e4,89705451-2e82-48f2-939a-6b8120ef9f99,3038.12,INR,success,2026-05-31 13:35:53.867355+00:00
8ef3abeb-94de-4832-8eb5-222d111de2d7,4489744d-bd2c-4011-b0b8-6b99969745ec,492329f4-35e2-4861-bf42-d48c93c3f01c,f5c22742-429c-40f5-bbc5-31edc88496a4,2134.09,INR,success,2026-05-21 22:57:02.098414+00:00
1c930980-cbb9-4cc8-b6ba-22e467a363fc,4489744d-bd2c-4011-b0b8-6b99969745ec,492329f4-35e2-4861-bf42-d48c93c3f01c,f5c22742-429c-40f5-bbc5-31edc88496a4,1260.48,INR,success,2026-05-26 08:46:53.644563+00:00
aba7162b-693e-4f6a-96ff-8b8a0895e719,4489744d-bd2c-4011-b0b8-6b99969745ec,492329f4-35e2-4861-bf42-d48c93c3f01c,f5c22742-429c-40f5-bbc5-31edc88496a4,1750.84,INR,success,2026-05-28 11:19:42.815799+00:00
88d33001-0111-4d05-99ce-b6100e1c48f9,29dfa4f6-86b3-4d11-8b9e-44a8a656ca7f,3fbb0794-a89f-481d-94b9-7672b702e837,1938f6b7-c030-439c-8a86-c30e453bf587,2489.35,INR,success,2026-04-16 17:09:55.281201+00:00
b26d1a4c-c9b1-419d-8175-35d2294ca3e0,29dfa4f6-86b3-4d11-8b9e-44a8a656ca7f,3fbb0794-a89f-481d-94b9-7672b702e837,1938f6b7-c030-439c-8a86-c30e453bf587,1802.7,INR,success,2026-05-31 20:34:27.924666+00:00
19b0fa1b-357a-49b4-b19a-f47c18a647e6,6ad18463-1373-4469-8919-d156e61bd2de,497d8dd3-ecf6-4dda-969a-3c1f2b232c22,26d78587-89fb-4110-bde4-207b05817fbf,2511.01,INR,success,2026-04-01 12:39:12.673465+00:00
2054eee7-b2a7-42ca-84b5-4ffb4586f343,9aa85b85-77c7-4aba-b97f-500153e21caf,dfe6a18f-b26b-46d1-9e00-9c3ee6c13112,ce237dc6-af13-46e8-863f-b5ca89647fb7,1420.65,INR,success,2026-05-11 16:45:32.833556+00:00
21f545ae-cb36-40ca-bbb4-02b6de1a4edb,9aa85b85-77c7-4aba-b97f-500153e21caf,dfe6a18f-b26b-46d1-9e00-9c3ee6c13112,ce237dc6-af13-46e8-863f-b5ca89647fb7,844.76,INR,success,2026-05-15 22:32:32.461663+00:00
baa909de-b8b7-4f26-9de6-5921e4877161,9aa85b85-77c7-4aba-b97f-500153e21caf,dfe6a18f-b26b-46d1-9e00-9c3ee6c13112,ce237dc6-af13-46e8-863f-b5ca89647fb7,3598.9,INR,success,2026-05-25 06:51:10.086444+00:00
3135ce0e-282c-4094-9faf-ad0903b6bfa0,9aa85b85-77c7-4aba-b97f-500153e21caf,dfe6a18f-b26b-46d1-9e00-9c3ee6c13112,ce237dc6-af13-46e8-863f-b5ca89647fb7,6908.75,INR,success,2026-05-28 10:34:27.593517+00:00
3ff9ce29-745b-42b8-a85d-456695741e12,9aa85b85-77c7-4aba-b97f-500153e21caf,dfe6a18f-b26b-46d1-9e00-9c3ee6c13112,ce237dc6-af13-46e8-863f-b5ca89647fb7,6322.01,INR,success,2026-05-29 06:14:54.693111+00:00
c271a790-e946-4039-9f86-5e2825c48a59,dc1eb885-4b5f-4594-8ee5-3eff967cb6d9,789212c3-eaa1-4bd3-b2fa-7b48f1dc8426,e8f522f5-8aa7-49aa-871e-7eed9b06916d,3707.7,INR,success,2026-05-02 11:18:51.083234+00:00
9f9f4b64-dcdf-494f-bfaa-f9197e899135,dc1eb885-4b5f-4594-8ee5-3eff967cb6d9,789212c3-eaa1-4bd3-b2fa-7b48f1dc8426,e8f522f5-8aa7-49aa-871e-7eed9b06916d,1900.2,INR,success,2026-05-09 05:43:46.068545+00:00
e026504e-1d24-4627-a04f-f37dabf917da,dc1eb885-4b5f-4594-8ee5-3eff967cb6d9,789212c3-eaa1-4bd3-b2fa-7b48f1dc8426,e8f522f5-8aa7-49aa-871e-7eed9b06916d,884.65,INR,success,2026-05-16 14:03:04.778002+00:00
594d47c5-d2e6-43d3-bd5a-c4aa3d77911d,dc1eb885-4b5f-4594-8ee5-3eff967cb6d9,789212c3-eaa1-4bd3-b2fa-7b48f1dc8426,e8f522f5-8aa7-49aa-871e-7eed9b06916d,1573.95,INR,success,2026-05-21 07:15:36.980388+00:00
6aa91578-657a-4632-85df-b9695ee00ca2,dc1eb885-4b5f-4594-8ee5-3eff967cb6d9,789212c3-eaa1-4bd3-b2fa-7b48f1dc8426,e8f522f5-8aa7-49aa-871e-7eed9b06916d,3242.61,INR,success,2026-05-26 00:53:30.196115+00:00
ffc6d642-32fd-4232-9307-04fdd0285d6f,abade71d-f61a-4652-9362-b57734fd6a52,f5348620-130d-48ad-af19-38fa2eb94018,29f7cf5f-57f2-4a58-80a1-bb2777af92ba,6250.58,INR,success,2026-05-17 12:08:21.563145+00:00
d1b2a9e4-d387-4104-af66-437be62be1b8,c4238eed-b171-4ed5-a9af-d440df4ff1c2,81960f6a-1bf6-43ec-b21e-122697a03648,8a58c2d4-6d45-4c66-9d3a-646832b73180,5500.17,INR,success,2026-04-29 07:51:56.038546+00:00
7c50898d-d16b-4471-84f5-87a4dd1be0b6,c4238eed-b171-4ed5-a9af-d440df4ff1c2,81960f6a-1bf6-43ec-b21e-122697a03648,8a58c2d4-6d45-4c66-9d3a-646832b73180,4705.95,INR,success,2026-04-30 12:08:56.707873+00:00
ca15c736-0d1e-4997-81a6-d43145b7ee26,2d9453c8-1728-46e2-a09f-9013c60bc9cf,17c9437a-8a52-4924-a481-2cad46370a4f,6ea551a6-91a1-49f1-a190-af475dcb4f9b,1231.86,INR,success,2026-04-29 05:06:49.003460+00:00
f0fac44b-7a22-452c-93c0-890baed6101e,2d9453c8-1728-46e2-a09f-9013c60bc9cf,17c9437a-8a52-4924-a481-2cad46370a4f,6ea551a6-91a1-49f1-a190-af475dcb4f9b,2741.27,INR,success,2026-05-14 12:43:51.888334+00:00
4f9b365b-0553-4185-9c75-b2e91b5d384c,2d9453c8-1728-46e2-a09f-9013c60bc9cf,17c9437a-8a52-4924-a481-2cad46370a4f,6ea551a6-91a1-49f1-a190-af475dcb4f9b,3598.12,INR,success,2026-05-24 08:37:18.302526+00:00
8da6f380-0467-4da1-a7ee-9200572ea354,2d9453c8-1728-46e2-a09f-9013c60bc9cf,17c9437a-8a52-4924-a481-2cad46370a4f,6ea551a6-91a1-49f1-a190-af475dcb4f9b,3125.62,INR,success,2026-05-26 05:27:37.569510+00:00
4276294a-24f9-4a0b-941c-c534f5a926a4,2d9453c8-1728-46e2-a09f-9013c60bc9cf,17c9437a-8a52-4924-a481-2cad46370a4f,6ea551a6-91a1-49f1-a190-af475dcb4f9b,2006.43,INR,success,2026-05-31 08:54:14.716340+00:00
54f4487e-ba24-4429-a399-98438571af42,704d56f5-44a6-44f2-9c13-52854d21dc27,3ed7196d-898a-491a-b4b8-ce8f0b0d5562,d41715a1-9507-461a-8867-55fef2613d4c,860.72,INR,success,2026-05-10 10:36:07.754555+00:00
81ee6607-2b1a-4f4b-9e70-ad495b792902,704d56f5-44a6-44f2-9c13-52854d21dc27,3ed7196d-898a-491a-b4b8-ce8f0b0d5562,d41715a1-9507-461a-8867-55fef2613d4c,870.18,INR,success,2026-05-11 10:27:00.529550+00:00
a57bdec5-785e-4662-90a7-3efe5f961d6f,704d56f5-44a6-44f2-9c13-52854d21dc27,3ed7196d-898a-491a-b4b8-ce8f0b0d5562,d41715a1-9507-461a-8867-55fef2613d4c,519.28,INR,success,2026-05-25 07:36:53.875981+00:00
66bd85fc-cec2-463b-b807-e9b9bea6d389,704d56f5-44a6-44f2-9c13-52854d21dc27,3ed7196d-898a-491a-b4b8-ce8f0b0d5562,d41715a1-9507-461a-8867-55fef2613d4c,655.36,INR,success,2026-05-29 16:10:10.295479+00:00
66234f6e-f391-4592-b07f-b7ea6f8accbe,4d51bd6f-71a4-4a4d-9669-6167d77e758d,02ee4297-e41c-4250-88cc-a3ea256d29d4,52afa49e-23cc-4d91-94e6-ba22c68bb8f6,2641.93,INR,success,2026-05-04 11:32:32.489243+00:00
02b537e0-de63-44b5-9717-ee54158c0102,4d51bd6f-71a4-4a4d-9669-6167d77e758d,02ee4297-e41c-4250-88cc-a3ea256d29d4,52afa49e-23cc-4d91-94e6-ba22c68bb8f6,1914.12,INR,success,2026-05-07 20:57:45.562629+00:00
b42cb4c5-7d57-4939-96e6-1c2053084977,4d51bd6f-71a4-4a4d-9669-6167d77e758d,02ee4297-e41c-4250-88cc-a3ea256d29d4,52afa49e-23cc-4d91-94e6-ba22c68bb8f6,2294.91,INR,success,2026-05-13 15:14:49.999407+00:00
76e4708b-652e-454c-a5ae-2ef46d43804f,4d51bd6f-71a4-4a4d-9669-6167d77e758d,02ee4297-e41c-4250-88cc-a3ea256d29d4,52afa49e-23cc-4d91-94e6-ba22c68bb8f6,2231.64,INR,success,2026-05-20 19:02:03.252807+00:00
3a2added-8d7c-43e0-841e-0d1c794c095e,a3ce4209-ae10-4564-a998-c695bf657442,db183337-e0cc-4600-81c0-b956d0a30763,6585a527-2568-420a-8236-e5b690206ed3,549.36,INR,success,2026-05-02 04:52:09.043922+00:00
f90255f9-0d1c-4321-af02-d7576fc00a9f,49c127c5-74a3-49cb-adb2-3ed181ef1d8e,4e39886b-c551-4673-a32a-2a575e097aa9,caffd391-275f-4f09-8182-63f875f6eb5b,863.99,INR,success,2026-04-29 21:42:20.123858+00:00
e0a3ba22-4182-4846-875a-573320e34449,49c127c5-74a3-49cb-adb2-3ed181ef1d8e,4e39886b-c551-4673-a32a-2a575e097aa9,caffd391-275f-4f09-8182-63f875f6eb5b,669.41,INR,success,2026-05-06 07:50:16.336881+00:00
56e12a95-df65-4cba-a6c4-7780787723a7,49c127c5-74a3-49cb-adb2-3ed181ef1d8e,4e39886b-c551-4673-a32a-2a575e097aa9,caffd391-275f-4f09-8182-63f875f6eb5b,902.82,INR,success,2026-05-21 06:10:44.310298+00:00
49c8d969-0dfa-49b1-a949-343506682494,49c127c5-74a3-49cb-adb2-3ed181ef1d8e,4e39886b-c551-4673-a32a-2a575e097aa9,caffd391-275f-4f09-8182-63f875f6eb5b,893.7,INR,success,2026-05-29 18:45:08.222081+00:00
3544130a-162a-47dd-b3de-0205e031512f,07754c9a-83eb-40a7-b5ba-3d14c193947f,f573956e-a04d-4cda-b753-1ec3df8ce230,cd67ca35-3939-4dd0-87ef-21eabc1326e5,2774.1,INR,success,2026-05-02 09:31:06.770176+00:00
7f7fe667-5010-4af3-ac4d-f1dd142ceccc,07754c9a-83eb-40a7-b5ba-3d14c193947f,f573956e-a04d-4cda-b753-1ec3df8ce230,cd67ca35-3939-4dd0-87ef-21eabc1326e5,3482.8,INR,success,2026-05-20 05:35:23.078233+00:00
c2dff5bd-b935-47dc-804e-b59cbc7f9c7a,07754c9a-83eb-40a7-b5ba-3d14c193947f,f573956e-a04d-4cda-b753-1ec3df8ce230,cd67ca35-3939-4dd0-87ef-21eabc1326e5,4342.84,INR,success,2026-05-22 17:25:57.884000+00:00
d724c133-b527-4c77-8982-fd950ab4b6d5,07754c9a-83eb-40a7-b5ba-3d14c193947f,f573956e-a04d-4cda-b753-1ec3df8ce230,cd67ca35-3939-4dd0-87ef-21eabc1326e5,3679.95,INR,success,2026-05-30 21:00:21.330870+00:00
e463233a-1012-4274-b2be-8697702190b0,84f50e24-ce6a-4ef2-bc22-06f06f511ad5,ecb0eda4-b8a0-44a7-b6b5-daa8cddf0afb,1a6f991e-3d03-465c-8a5a-76b84b164c75,2600.9,INR,success,2026-04-22 11:14:21.626698+00:00
049ea789-cb48-49c8-9a8a-22862eea3633,84f50e24-ce6a-4ef2-bc22-06f06f511ad5,ecb0eda4-b8a0-44a7-b6b5-daa8cddf0afb,1a6f991e-3d03-465c-8a5a-76b84b164c75,2352.59,INR,success,2026-04-28 23:36:09.392693+00:00
899394a4-b9db-4f41-8d19-dfc7bf150860,84f50e24-ce6a-4ef2-bc22-06f06f511ad5,ecb0eda4-b8a0-44a7-b6b5-daa8cddf0afb,1a6f991e-3d03-465c-8a5a-76b84b164c75,1214.84,INR,success,2026-05-10 02:26:42.486166+00:00
cac05f19-2ec0-4427-ac08-79fa28df775f,d7427e41-4a45-4d8d-ae0b-e072bb90e98c,8a89a04f-4ed2-4976-847f-7c8848724119,06195398-a0a4-4a98-9c9b-ac987283684d,601.79,INR,success,2026-04-03 04:33:24.857431+00:00
7e3b831e-8dbe-4e1d-ba0b-33ea57e5b557,d7427e41-4a45-4d8d-ae0b-e072bb90e98c,8a89a04f-4ed2-4976-847f-7c8848724119,06195398-a0a4-4a98-9c9b-ac987283684d,386.16,INR,success,2026-04-11 17:14:28.629458+00:00
5af7572f-b75b-405a-b3b4-4292b22f1c13,d7427e41-4a45-4d8d-ae0b-e072bb90e98c,8a89a04f-4ed2-4976-847f-7c8848724119,06195398-a0a4-4a98-9c9b-ac987283684d,935.81,INR,success,2026-04-15 19:15:11.129661+00:00
5040f4b7-0cfd-461f-a2c8-f4ea8949175b,d7427e41-4a45-4d8d-ae0b-e072bb90e98c,8a89a04f-4ed2-4976-847f-7c8848724119,06195398-a0a4-4a98-9c9b-ac987283684d,1514.98,INR,success,2026-04-24 09:35:19.715599+00:00
5b20b70a-05b8-4476-97a7-4c0564dd3d9a,d1659801-5143-45b8-aa86-c8ff68f14f38,0341b292-1cbe-4866-83ae-dca768074901,5b45213f-9e2c-42f6-9653-45b3577a7d72,1477.04,INR,success,2026-04-30 22:26:48.381541+00:00
9d320ee9-17d1-4abb-9ea7-83c369fc7ad8,d1659801-5143-45b8-aa86-c8ff68f14f38,0341b292-1cbe-4866-83ae-dca768074901,5b45213f-9e2c-42f6-9653-45b3577a7d72,761.11,INR,success,2026-05-18 15:39:49.052996+00:00
3e091903-cff2-44e2-a679-4c310e3d78cf,f00a1f42-4dd7-46a5-ab14-99dbb1049aab,954904ee-f9f0-4cc4-b9e7-bf850a0d7045,8395afa2-1fa9-4f4d-b551-34066b36de2a,149.76,INR,success,2026-05-01 20:29:06.618141+00:00
d230d0f5-47da-4927-9b5a-3cac4fa17ee0,f00a1f42-4dd7-46a5-ab14-99dbb1049aab,954904ee-f9f0-4cc4-b9e7-bf850a0d7045,8395afa2-1fa9-4f4d-b551-34066b36de2a,554.14,INR,success,2026-05-11 07:01:58.118812+00:00
fff33b4d-7284-4f7b-9a5b-c01894c31050,41b52fe6-9b82-46be-a6a3-896b30fd437f,7b7e90a5-b1f9-4abf-bd85-11d5097d1729,feca6c6e-2bc6-4355-9660-07be134500f2,208.4,INR,success,2026-05-31 12:45:51.626832+00:00
4755da63-4ff9-4f49-ba28-1c0d4c320ae3,f3f45fea-e54f-47e0-8b11-9952a770b922,32688cf9-c26d-4838-8aca-3e70fac1b5e0,b0057544-e562-42f9-81d6-0708852d3eb7,2231.54,INR,success,2026-04-18 02:22:28.623896+00:00
d1f3a438-0c4a-4cec-9e7e-77a8e4906854,cb508b1b-4640-4321-9272-599ec07ae9c8,fecbe41d-839d-4276-b5e3-b684df0aa92a,f1cd7c33-65c6-4140-b57a-2f5f9e573135,34.11,INR,success,2026-04-17 10:02:00.509132+00:00
3c67c650-25ad-4ee6-8ece-89937bf7b951,cb508b1b-4640-4321-9272-599ec07ae9c8,fecbe41d-839d-4276-b5e3-b684df0aa92a,f1cd7c33-65c6-4140-b57a-2f5f9e573135,455.17,INR,success,2026-04-28 02:48:25.546812+00:00
d9fff002-37fb-428e-8d6f-51dfc15e013a,cb508b1b-4640-4321-9272-599ec07ae9c8,fecbe41d-839d-4276-b5e3-b684df0aa92a,f1cd7c33-65c6-4140-b57a-2f5f9e573135,816.9,INR,success,2026-05-09 13:37:58.609804+00:00
8bc14cc7-4e58-44ec-a14b-2eee5f766d48,063f1f1c-788b-42c2-9c98-1b1429fe2a60,5b634808-106c-45ad-9ca7-e3c1f1011479,55ab37a0-aa3e-4b87-897f-13f523ec812a,2562.62,INR,success,2026-05-26 08:06:44.142528+00:00
81f8c5df-8d80-419d-a582-f85404945a82,bfd033da-b981-4c8a-a394-cb40bdb00686,c6ca59f7-7acf-4a2f-b2ee-3521eb9cf596,739f25e7-e657-40a5-901f-22dfc11606bb,2400.23,INR,success,2026-05-21 17:26:53.197188+00:00
35aa1598-aca2-45e0-b717-8ba41b97b03e,bfd033da-b981-4c8a-a394-cb40bdb00686,c6ca59f7-7acf-4a2f-b2ee-3521eb9cf596,739f25e7-e657-40a5-901f-22dfc11606bb,1771.23,INR,success,2026-05-24 16:30:59.294465+00:00
9a15f74b-f42d-4270-bea8-be5b80505af1,bfd033da-b981-4c8a-a394-cb40bdb00686,c6ca59f7-7acf-4a2f-b2ee-3521eb9cf596,739f25e7-e657-40a5-901f-22dfc11606bb,3562.29,INR,success,2026-05-25 04:07:47.734528+00:00
8f8c8321-77df-45ff-97c6-b7f5ca405d59,bfd033da-b981-4c8a-a394-cb40bdb00686,c6ca59f7-7acf-4a2f-b2ee-3521eb9cf596,739f25e7-e657-40a5-901f-22dfc11606bb,4330.48,INR,success,2026-05-26 18:48:25.827752+00:00
3af101bb-fb1b-49bb-b3e0-7bf73d0e31f9,78cfb964-4eb2-4bc8-8f1a-3a24ef436848,02fed87c-018c-430f-98f6-983e18291f7e,da5e9b2b-16a1-48e2-9af6-38954cdb2075,10.0,INR,success,2026-05-13 22:04:39.669461+00:00
f589a932-28bb-44e4-bdca-5a4cb56ef6e1,78cfb964-4eb2-4bc8-8f1a-3a24ef436848,02fed87c-018c-430f-98f6-983e18291f7e,da5e9b2b-16a1-48e2-9af6-38954cdb2075,4079.26,INR,success,2026-05-23 08:07:30.274471+00:00
5765c8b4-1e4f-473c-90d4-d29959b70fc7,78cfb964-4eb2-4bc8-8f1a-3a24ef436848,02fed87c-018c-430f-98f6-983e18291f7e,da5e9b2b-16a1-48e2-9af6-38954cdb2075,2446.12,INR,success,2026-05-23 19:08:41.914840+00:00
a6095e07-5d34-43a2-8d2b-3478755c1008,78cfb964-4eb2-4bc8-8f1a-3a24ef436848,02fed87c-018c-430f-98f6-983e18291f7e,da5e9b2b-16a1-48e2-9af6-38954cdb2075,2689.81,INR,success,2026-05-24 21:44:40.729605+00:00
1d032e98-effc-4cbe-a0f5-cb0cf5ea1467,78cfb964-4eb2-4bc8-8f1a-3a24ef436848,02fed87c-018c-430f-98f6-983e18291f7e,da5e9b2b-16a1-48e2-9af6-38954cdb2075,7266.65,INR,success,2026-05-31 06:06:29.446951+00:00
1271e067-7f95-4f52-8e77-afb69aa5991b,c867c493-a557-49ba-b9f0-92affbd4e36b,8523a3c0-ed03-4609-8393-a575df81ff61,5e85804d-ef09-4e69-8b41-2d2036ebab2c,3115.05,INR,success,2026-05-05 15:22:35.006443+00:00
36ba27e2-f773-4f33-856d-14e6c6160364,c867c493-a557-49ba-b9f0-92affbd4e36b,8523a3c0-ed03-4609-8393-a575df81ff61,5e85804d-ef09-4e69-8b41-2d2036ebab2c,1453.15,INR,success,2026-05-06 18:21:08.751381+00:00
968f5801-93ad-4b63-9601-6bffbebf02a7,c867c493-a557-49ba-b9f0-92affbd4e36b,8523a3c0-ed03-4609-8393-a575df81ff61,5e85804d-ef09-4e69-8b41-2d2036ebab2c,2188.6,INR,success,2026-05-14 23:06:41.097921+00:00
0458f6a5-97e6-4ec0-a8f6-237e468cb14a,c867c493-a557-49ba-b9f0-92affbd4e36b,8523a3c0-ed03-4609-8393-a575df81ff61,5e85804d-ef09-4e69-8b41-2d2036ebab2c,5374.36,INR,success,2026-05-28 00:01:30.133559+00:00
a258427a-e15e-4174-a42d-071294c896d2,af9a97ec-52bb-426d-a081-62428a6a2ede,ec7e00eb-29b2-46b9-ab82-750f0c4b17aa,47592678-c104-4805-8ea0-adfaf4f7a3d4,2940.21,INR,success,2026-05-07 19:56:55.986261+00:00
38ec0ec5-1596-4fc0-bc24-41be2d0d02c1,af9a97ec-52bb-426d-a081-62428a6a2ede,ec7e00eb-29b2-46b9-ab82-750f0c4b17aa,47592678-c104-4805-8ea0-adfaf4f7a3d4,115.34,INR,success,2026-05-12 01:29:34.393340+00:00
d37dcedb-7439-4a57-a0d1-bab7bfa099cf,af9a97ec-52bb-426d-a081-62428a6a2ede,ec7e00eb-29b2-46b9-ab82-750f0c4b17aa,47592678-c104-4805-8ea0-adfaf4f7a3d4,3383.59,INR,success,2026-05-12 15:40:36.482378+00:00
cdba0ff9-8909-4513-83e9-92abfbd0f33a,af9a97ec-52bb-426d-a081-62428a6a2ede,ec7e00eb-29b2-46b9-ab82-750f0c4b17aa,47592678-c104-4805-8ea0-adfaf4f7a3d4,5170.18,INR,success,2026-05-26 18:14:24.393789+00:00
9508f4bf-7d39-457f-a33f-31b1c298b002,af9a97ec-52bb-426d-a081-62428a6a2ede,ec7e00eb-29b2-46b9-ab82-750f0c4b17aa,47592678-c104-4805-8ea0-adfaf4f7a3d4,5575.35,INR,success,2026-05-31 23:12:05.175883+00:00
8a8e753c-700c-4608-ba95-ba5cb0a9dc98,da93c1dd-addc-448a-bb53-5bbfc5141c71,c9016de1-35e4-4fe3-b95e-92e2f5607364,004bf315-2771-4051-b7c0-0888ec7fe32a,3833.81,INR,success,2026-05-09 12:15:24.000476+00:00
77d8d9e9-e12e-4938-8341-98231ef25427,da93c1dd-addc-448a-bb53-5bbfc5141c71,c9016de1-35e4-4fe3-b95e-92e2f5607364,004bf315-2771-4051-b7c0-0888ec7fe32a,527.62,INR,success,2026-05-12 00:53:25.541311+00:00
52ffe36f-b062-440e-ba43-a4029d13a508,da93c1dd-addc-448a-bb53-5bbfc5141c71,c9016de1-35e4-4fe3-b95e-92e2f5607364,004bf315-2771-4051-b7c0-0888ec7fe32a,2615.71,INR,success,2026-05-19 22:54:58.448511+00:00
c02c9480-5cff-4e93-800d-fb9128281573,da93c1dd-addc-448a-bb53-5bbfc5141c71,c9016de1-35e4-4fe3-b95e-92e2f5607364,004bf315-2771-4051-b7c0-0888ec7fe32a,4012.77,INR,success,2026-05-22 09:36:00.899201+00:00
743d22f6-a6e0-4742-aca0-ff29cba0ff08,da93c1dd-addc-448a-bb53-5bbfc5141c71,c9016de1-35e4-4fe3-b95e-92e2f5607364,004bf315-2771-4051-b7c0-0888ec7fe32a,2084.47,INR,success,2026-05-25 10:13:46.916679+00:00
e4c6f833-3791-4047-b7d2-3e8da4fad329,8730849b-f6f8-4c82-acbf-70f0e9843db0,b898fcf5-3445-4215-8394-e2bf924a2f92,7d55d160-9baa-4ac1-ad3a-a207654a58dd,3397.29,INR,success,2026-05-07 20:34:38.503815+00:00
1fa5e970-7c2c-4387-89a9-0e275dabaaff,8730849b-f6f8-4c82-acbf-70f0e9843db0,b898fcf5-3445-4215-8394-e2bf924a2f92,7d55d160-9baa-4ac1-ad3a-a207654a58dd,7059.71,INR,success,2026-05-13 11:17:45.283142+00:00
12f631e3-8164-450a-b2c9-d8c79f64e046,8730849b-f6f8-4c82-acbf-70f0e9843db0,b898fcf5-3445-4215-8394-e2bf924a2f92,7d55d160-9baa-4ac1-ad3a-a207654a58dd,3411.07,INR,success,2026-05-28 01:25:07.650308+00:00
7b068a41-d038-4866-84bf-19ba038df608,8730849b-f6f8-4c82-acbf-70f0e9843db0,b898fcf5-3445-4215-8394-e2bf924a2f92,7d55d160-9baa-4ac1-ad3a-a207654a58dd,633.34,INR,success,2026-05-28 10:16:26.945200+00:00
8cacc8a4-51cf-4c14-befb-9d9d9a752f68,8d1b65a0-2fc0-4b53-ba54-cf1cb7608f77,6ca7b78d-95cb-40f6-ac05-dae95db34d28,243ec940-bd34-49ee-a096-222ef25abbe7,2282.01,INR,success,2026-05-24 14:36:24.787310+00:00
352c2c6e-ee30-44c9-bbea-1ba130f9ef45,8d1b65a0-2fc0-4b53-ba54-cf1cb7608f77,6ca7b78d-95cb-40f6-ac05-dae95db34d28,243ec940-bd34-49ee-a096-222ef25abbe7,4270.14,INR,success,2026-05-24 14:37:59.953154+00:00
44736ae3-811f-43c6-adbe-996fd73eee5b,8d1b65a0-2fc0-4b53-ba54-cf1cb7608f77,6ca7b78d-95cb-40f6-ac05-dae95db34d28,243ec940-bd34-49ee-a096-222ef25abbe7,3398.86,INR,success,2026-05-24 19:36:17.174759+00:00
eb51d98f-46c7-4662-a472-8dd8b5434cb7,8d1b65a0-2fc0-4b53-ba54-cf1cb7608f77,6ca7b78d-95cb-40f6-ac05-dae95db34d28,243ec940-bd34-49ee-a096-222ef25abbe7,1617.96,INR,success,2026-05-24 19:39:03.936124+00:00
7d88c50b-0737-4b7d-9e59-86834e73c544,678d9fad-1e0c-45cb-82f5-3dce58846e0c,c9c066d3-3758-4dd7-8d55-1b1172beae22,abed1389-0e7c-4127-a16c-af92f870e937,1359.7,INR,success,2026-04-01 06:48:16.010458+00:00
aff0ce66-5d8a-4aad-8f63-fe8113ab7850,678d9fad-1e0c-45cb-82f5-3dce58846e0c,c9c066d3-3758-4dd7-8d55-1b1172beae22,abed1389-0e7c-4127-a16c-af92f870e937,700.21,INR,success,2026-05-11 00:08:21.494710+00:00
9c58913c-0409-4305-89f3-6c02a277b40f,678d9fad-1e0c-45cb-82f5-3dce58846e0c,c9c066d3-3758-4dd7-8d55-1b1172beae22,abed1389-0e7c-4127-a16c-af92f870e937,715.77,INR,success,2026-05-18 18:07:35.880803+00:00
be5a3944-c5d1-41bc-aa82-faa59691f0f4,678d9fad-1e0c-45cb-82f5-3dce58846e0c,c9c066d3-3758-4dd7-8d55-1b1172beae22,abed1389-0e7c-4127-a16c-af92f870e937,1204.03,INR,success,2026-05-22 22:14:43.577626+00:00
3836a71b-1e2f-4323-bb39-22d3c3cde0b3,d7199282-c05a-447f-9aa7-ee11d2ef2fe0,3fc124c0-38c5-4c3d-b313-741c6f9bbb80,3f5e89f3-c690-4564-af9c-e82653efcab3,2737.17,INR,success,2026-04-16 05:39:19.282571+00:00
092d25df-d2a7-476a-9d07-0994d6e6e187,d7199282-c05a-447f-9aa7-ee11d2ef2fe0,3fc124c0-38c5-4c3d-b313-741c6f9bbb80,3f5e89f3-c690-4564-af9c-e82653efcab3,1889.52,INR,success,2026-05-08 22:22:32.150330+00:00
c593a5c5-7022-43b0-9ee3-2cb1fd9d5b9e,a4c0f792-545c-4518-a587-44d664534dba,63852acd-851e-4c4c-985c-c19d99f42b95,88bdd9f5-f6df-43ed-acab-5bd125eb3e2e,6285.58,INR,success,2026-05-25 02:09:52.649621+00:00
4f2c06ec-2b26-4094-9d84-f1fef38f563b,a4c0f792-545c-4518-a587-44d664534dba,63852acd-851e-4c4c-985c-c19d99f42b95,88bdd9f5-f6df-43ed-acab-5bd125eb3e2e,1965.89,INR,success,2026-05-27 15:46:39.756979+00:00
0d863252-de87-4c85-a40a-76d5be9c52dc,a4c0f792-545c-4518-a587-44d664534dba,63852acd-851e-4c4c-985c-c19d99f42b95,88bdd9f5-f6df-43ed-acab-5bd125eb3e2e,4106.38,INR,success,2026-05-27 17:28:43.111798+00:00
c9e03ced-e811-4d37-965c-7f1f0c3b3fbf,a4c0f792-545c-4518-a587-44d664534dba,63852acd-851e-4c4c-985c-c19d99f42b95,88bdd9f5-f6df-43ed-acab-5bd125eb3e2e,3755.05,INR,success,2026-05-27 18:23:40.939244+00:00
1647b54d-65e4-45e1-8f36-3e438ca2f766,a4c0f792-545c-4518-a587-44d664534dba,63852acd-851e-4c4c-985c-c19d99f42b95,88bdd9f5-f6df-43ed-acab-5bd125eb3e2e,3370.84,INR,success,2026-05-30 20:03:43.981021+00:00
68d87114-500d-461d-91b0-16cdc4679677,5d4dc4dd-242d-4ae7-98af-86655bf11bb6,a04b4c7e-a111-4603-8164-8ac59d6a28cd,38060b08-4214-4bd4-85cd-05a031b81f47,10.0,INR,success,2026-05-09 08:51:18.578272+00:00
c664db7e-3d16-47a0-8889-4c8c3abdd77f,5d4dc4dd-242d-4ae7-98af-86655bf11bb6,a04b4c7e-a111-4603-8164-8ac59d6a28cd,38060b08-4214-4bd4-85cd-05a031b81f47,3663.48,INR,success,2026-05-26 09:45:59.444553+00:00
efd0d3aa-6fab-4c44-9923-dfccfed36f68,e8725189-fe3b-4db1-88e6-3ccb5443f12f,681abab6-9115-4d6c-8e3f-405ea2d023c1,02959c0c-099e-4642-b481-bced4929541d,1047.13,INR,success,2026-03-10 11:20:36.137194+00:00
6fca3de2-2ec4-43f3-abd3-7a010be34e35,e8725189-fe3b-4db1-88e6-3ccb5443f12f,681abab6-9115-4d6c-8e3f-405ea2d023c1,02959c0c-099e-4642-b481-bced4929541d,1111.8,INR,success,2026-04-27 06:32:05.536906+00:00
5f126eec-30e7-4670-8404-80573e3fc1e1,06c5db7a-0d16-4ac6-b486-f39d103969e7,a2adaaff-289d-4438-b54c-8a89129d21f9,2be54162-27dc-4c12-8960-4c6c2efc196d,2999.96,INR,success,2026-03-16 01:51:05.308886+00:00
db2bd04c-6fcc-4640-8b6b-ff97a296c3cb,06c5db7a-0d16-4ac6-b486-f39d103969e7,a2adaaff-289d-4438-b54c-8a89129d21f9,2be54162-27dc-4c12-8960-4c6c2efc196d,7077.65,INR,success,2026-03-18 18:43:11.605781+00:00
8f3af99b-fb92-4275-a82f-3c564e713437,06c5db7a-0d16-4ac6-b486-f39d103969e7,a2adaaff-289d-4438-b54c-8a89129d21f9,2be54162-27dc-4c12-8960-4c6c2efc196d,2408.42,INR,success,2026-03-25 13:25:52.071274+00:00
34ca5630-c07c-47ec-a820-915dab870835,450adbec-1f3e-41c0-ae3c-5c605248f775,a6157ed5-0891-47d3-950c-efc7a248801b,723f9219-2dfe-4fda-b4fe-919664b57de7,1600.0,INR,success,2026-05-12 09:45:38.287383+00:00
555556ef-c0b8-4b3c-b50e-4a2917ceaa18,450adbec-1f3e-41c0-ae3c-5c605248f775,a6157ed5-0891-47d3-950c-efc7a248801b,723f9219-2dfe-4fda-b4fe-919664b57de7,2329.91,INR,success,2026-05-13 11:31:55.428113+00:00
4543ca5e-6496-4dd4-8324-033a025e754d,450adbec-1f3e-41c0-ae3c-5c605248f775,a6157ed5-0891-47d3-950c-efc7a248801b,723f9219-2dfe-4fda-b4fe-919664b57de7,4372.06,INR,success,2026-05-23 02:50:37.111261+00:00
f23fc34b-c976-47cc-b68c-378c9cb926b3,a4424769-ffe0-46db-8497-5beee4b4af06,98d56357-a690-4c30-b062-8b19ca15fbd6,eb243563-7412-4fe8-98aa-580e999f7641,4768.82,INR,success,2026-04-18 11:46:05.299854+00:00
125c6f05-e418-44eb-add2-4f52ad3edbcd,a4424769-ffe0-46db-8497-5beee4b4af06,98d56357-a690-4c30-b062-8b19ca15fbd6,eb243563-7412-4fe8-98aa-580e999f7641,3039.42,INR,success,2026-05-21 17:26:50.911709+00:00
174f3098-ed57-4472-9f4f-c9b8fd472c0e,a4424769-ffe0-46db-8497-5beee4b4af06,98d56357-a690-4c30-b062-8b19ca15fbd6,eb243563-7412-4fe8-98aa-580e999f7641,4022.68,INR,success,2026-05-23 21:50:26.666402+00:00
5fe6455a-024c-4f3d-801a-9f10e9d5c117,84130789-2ec8-45b3-b69f-7991efb9965b,5175868b-dcce-4b98-9a8c-d70f25171359,6148292e-8923-4f5e-97f9-d1480d7fe0c1,332.16,INR,success,2026-03-12 15:28:01.558426+00:00
25a79d0a-ac38-4d98-9d10-6de6c86be91a,84130789-2ec8-45b3-b69f-7991efb9965b,5175868b-dcce-4b98-9a8c-d70f25171359,6148292e-8923-4f5e-97f9-d1480d7fe0c1,546.54,INR,success,2026-03-30 11:55:53.328136+00:00
3bb0ec41-88aa-4db8-bbbd-f0eb1c028593,84130789-2ec8-45b3-b69f-7991efb9965b,5175868b-dcce-4b98-9a8c-d70f25171359,6148292e-8923-4f5e-97f9-d1480d7fe0c1,405.78,INR,success,2026-04-28 20:46:23.841291+00:00
ee1811c4-95b6-4ff5-be2d-84bd00cb7bfb,84130789-2ec8-45b3-b69f-7991efb9965b,5175868b-dcce-4b98-9a8c-d70f25171359,6148292e-8923-4f5e-97f9-d1480d7fe0c1,383.67,INR,success,2026-04-29 09:14:23.433040+00:00
8811872b-ac3e-4803-8327-324882ad6878,84130789-2ec8-45b3-b69f-7991efb9965b,5175868b-dcce-4b98-9a8c-d70f25171359,6148292e-8923-4f5e-97f9-d1480d7fe0c1,194.36,INR,success,2026-05-11 21:26:24.058384+00:00
5cdca8b2-0176-4150-b55d-45067e50cac7,7929e529-b3b8-4358-8936-c794db68ad26,10e14261-1535-4342-b6e6-d5cf4a1629a7,4cfa491a-43d8-4fbf-ac54-383936d158a5,3370.91,INR,success,2026-04-30 02:06:33.685973+00:00
dbe22334-0ae0-47a8-aeb8-c88b4cbe2142,7929e529-b3b8-4358-8936-c794db68ad26,10e14261-1535-4342-b6e6-d5cf4a1629a7,4cfa491a-43d8-4fbf-ac54-383936d158a5,2833.9,INR,success,2026-05-09 00:05:17.389351+00:00
eea1a2e0-9a99-4a45-8d45-d748aa1af573,7929e529-b3b8-4358-8936-c794db68ad26,10e14261-1535-4342-b6e6-d5cf4a1629a7,4cfa491a-43d8-4fbf-ac54-383936d158a5,2921.59,INR,success,2026-05-25 03:12:59.834148+00:00
0b068b7b-e9c7-469d-8d34-20c08e956b98,7929e529-b3b8-4358-8936-c794db68ad26,10e14261-1535-4342-b6e6-d5cf4a1629a7,4cfa491a-43d8-4fbf-ac54-383936d158a5,3421.54,INR,success,2026-05-25 17:49:22.310631+00:00
1f75e108-3238-4b05-af0b-5eb73210c624,7929e529-b3b8-4358-8936-c794db68ad26,10e14261-1535-4342-b6e6-d5cf4a1629a7,4cfa491a-43d8-4fbf-ac54-383936d158a5,4629.52,INR,success,2026-05-29 10:48:13.326892+00:00
aac5f5e5-bcca-4a4a-9b4f-a1146309bfbb,936399aa-4d29-40c9-bbda-c8263be0fa41,51a138a9-388a-466f-b3fd-a8be9b48419e,efddda40-fba6-4b92-92bc-3ca9a8eaea84,6117.59,INR,success,2026-05-27 01:53:31.496405+00:00
e92cc167-6f2c-4ad0-b155-cc0c633d2374,936399aa-4d29-40c9-bbda-c8263be0fa41,51a138a9-388a-466f-b3fd-a8be9b48419e,efddda40-fba6-4b92-92bc-3ca9a8eaea84,4873.42,INR,success,2026-05-28 16:34:31.340509+00:00
be49ed22-511e-4f63-8355-06c237d25992,e863f0d2-f8a7-465c-9707-97bb2ffad0cb,62ce198a-a695-4f29-bb3f-6b8db3c3929a,6d414598-16e0-427a-be23-bf3a534adf3a,984.18,INR,success,2026-05-06 05:28:50.157049+00:00
3c29185d-8cf6-4708-ac34-b3affd872f93,e863f0d2-f8a7-465c-9707-97bb2ffad0cb,62ce198a-a695-4f29-bb3f-6b8db3c3929a,6d414598-16e0-427a-be23-bf3a534adf3a,208.37,INR,success,2026-05-07 20:29:40.493913+00:00
58f11c22-244e-4b29-8feb-19e4e94eb394,e863f0d2-f8a7-465c-9707-97bb2ffad0cb,62ce198a-a695-4f29-bb3f-6b8db3c3929a,6d414598-16e0-427a-be23-bf3a534adf3a,1159.53,INR,success,2026-05-27 15:01:51.136451+00:00
620ff9e4-2207-4f4b-8348-6b47f289e1b2,e863f0d2-f8a7-465c-9707-97bb2ffad0cb,62ce198a-a695-4f29-bb3f-6b8db3c3929a,6d414598-16e0-427a-be23-bf3a534adf3a,897.43,INR,success,2026-05-27 20:36:12.097423+00:00
50208b25-37a5-4fe8-b095-966a26eaaf26,e863f0d2-f8a7-465c-9707-97bb2ffad0cb,62ce198a-a695-4f29-bb3f-6b8db3c3929a,6d414598-16e0-427a-be23-bf3a534adf3a,749.65,INR,success,2026-05-31 14:10:25.516186+00:00
63347482-e509-42f5-8b57-f7e63070c179,fd05d8a3-2694-4843-9d76-b38ec8a3dba4,e700e50f-9e6f-4fec-acf5-2f170485e849,e88441fd-ca42-4f3b-91e8-27129d2ac351,3095.33,INR,success,2026-05-27 09:40:04.931508+00:00
b5c34288-90b9-44f9-b9a2-96b60315ca66,e08aad28-4699-49d3-8a29-e6077d949e08,d2023800-9fae-4bf8-8743-3032e1d50ed4,fb4fa291-2227-4a78-bd16-537cc1496b7b,2227.26,INR,success,2026-04-10 20:01:33.954116+00:00
6f515e26-9130-4bb4-b648-553fc192d707,2d64f899-1ea3-48d0-86c7-2731197d7659,43131436-e894-40aa-aca9-29c1e3ff1c26,a5a00bc4-f310-4aac-8eb9-a21855e94100,2708.16,INR,success,2026-04-12 08:40:08.478234+00:00
8a17fc5d-77be-48be-96a3-8c94156f2710,2d64f899-1ea3-48d0-86c7-2731197d7659,43131436-e894-40aa-aca9-29c1e3ff1c26,a5a00bc4-f310-4aac-8eb9-a21855e94100,3840.52,INR,success,2026-05-01 09:35:13.681912+00:00
7073b9b2-e478-4bf1-93ce-a6bfca948222,9518b9f6-de80-4905-b619-a067caf75756,b9547cea-61f9-4d3f-bfcd-fb3809ef12c7,fbcbaef6-22f7-45ea-b742-10812e9e3cfc,4721.68,INR,success,2026-05-06 03:56:17.797868+00:00
a4e26638-e194-4af2-9910-cea3aa11dfaf,9518b9f6-de80-4905-b619-a067caf75756,b9547cea-61f9-4d3f-bfcd-fb3809ef12c7,fbcbaef6-22f7-45ea-b742-10812e9e3cfc,4277.89,INR,success,2026-05-06 23:21:14.087921+00:00
5daf0ac2-1ed0-44dd-b595-7697d35339df,9518b9f6-de80-4905-b619-a067caf75756,b9547cea-61f9-4d3f-bfcd-fb3809ef12c7,fbcbaef6-22f7-45ea-b742-10812e9e3cfc,4386.0,INR,success,2026-05-19 07:41:57.656250+00:00
d5447dff-ca52-4275-8584-4a554bb1fb41,862ecd77-4090-4752-a343-4f4e29af0750,c0fcf354-0303-4e74-b902-8c1a9b792dd0,1493425f-3968-428e-a694-7e4db5a83e4d,543.59,INR,success,2026-05-27 22:53:27.088040+00:00
c46e6e5c-402c-4aba-90af-b4d08d1f3a54,862ecd77-4090-4752-a343-4f4e29af0750,c0fcf354-0303-4e74-b902-8c1a9b792dd0,1493425f-3968-428e-a694-7e4db5a83e4d,1149.45,INR,success,2026-05-29 07:51:43.776894+00:00
e7aad28f-1f5f-4700-9c5f-7633fcb8e9b8,862ecd77-4090-4752-a343-4f4e29af0750,c0fcf354-0303-4e74-b902-8c1a9b792dd0,1493425f-3968-428e-a694-7e4db5a83e4d,1158.34,INR,success,2026-05-30 00:43:36.701331+00:00
112acbcc-aab2-4e17-add4-4e19917e6061,862ecd77-4090-4752-a343-4f4e29af0750,c0fcf354-0303-4e74-b902-8c1a9b792dd0,1493425f-3968-428e-a694-7e4db5a83e4d,1003.96,INR,success,2026-05-31 00:06:35.211785+00:00
627cd041-1cd4-48dc-8cb9-a8d01b293d99,bda4c4a4-8f9f-4567-bb01-c0db72ce4878,81f31826-6eef-4ad6-ba66-3d86beff86d9,396b60c6-8f74-46e8-977b-8193c25ee7a0,2139.79,INR,success,2026-05-06 07:51:51.302578+00:00
33af774f-3ca2-4626-b448-e2bdb3992693,bda4c4a4-8f9f-4567-bb01-c0db72ce4878,81f31826-6eef-4ad6-ba66-3d86beff86d9,396b60c6-8f74-46e8-977b-8193c25ee7a0,3334.5,INR,success,2026-05-13 10:42:28.723006+00:00
af34d85f-a3e7-4af1-9ac0-a78400ff29b0,bda4c4a4-8f9f-4567-bb01-c0db72ce4878,81f31826-6eef-4ad6-ba66-3d86beff86d9,396b60c6-8f74-46e8-977b-8193c25ee7a0,2914.17,INR,success,2026-05-16 07:12:02.180866+00:00
6434c36c-d227-46f1-bf03-6d2af18ece70,bda4c4a4-8f9f-4567-bb01-c0db72ce4878,81f31826-6eef-4ad6-ba66-3d86beff86d9,396b60c6-8f74-46e8-977b-8193c25ee7a0,10.0,INR,success,2026-05-25 11:18:24.145700+00:00
7894d692-bb6d-473e-903a-3a603a14aeb0,bda4c4a4-8f9f-4567-bb01-c0db72ce4878,81f31826-6eef-4ad6-ba66-3d86beff86d9,396b60c6-8f74-46e8-977b-8193c25ee7a0,794.02,INR,success,2026-05-26 05:40:59.827883+00:00
6190cf3f-a8e8-4e33-8762-8a1d7d913956,3c1fc102-e287-4f00-9038-ff3b4e06c14c,2a3ea08a-d5b3-4a07-a5c4-1eb3457798fd,57a58388-f6a6-4c43-8359-4a8e33e09f0b,2951.3,INR,success,2026-05-30 17:11:56.000108+00:00
bde895e2-7038-49e6-ad85-13a44c221281,3c1fc102-e287-4f00-9038-ff3b4e06c14c,2a3ea08a-d5b3-4a07-a5c4-1eb3457798fd,57a58388-f6a6-4c43-8359-4a8e33e09f0b,2232.91,INR,success,2026-05-30 18:34:31.487044+00:00
62e3f088-306d-44a5-af00-05382a11ba90,3c1fc102-e287-4f00-9038-ff3b4e06c14c,2a3ea08a-d5b3-4a07-a5c4-1eb3457798fd,57a58388-f6a6-4c43-8359-4a8e33e09f0b,1826.74,INR,success,2026-05-31 05:09:28.777231+00:00
1a1c6531-8194-49e0-a271-700f90a273cf,3c1fc102-e287-4f00-9038-ff3b4e06c14c,2a3ea08a-d5b3-4a07-a5c4-1eb3457798fd,57a58388-f6a6-4c43-8359-4a8e33e09f0b,388.17,INR,success,2026-05-31 09:50:37.534943+00:00
43c56a43-2281-4008-b2fd-270f1a0dbf88,3c1fc102-e287-4f00-9038-ff3b4e06c14c,2a3ea08a-d5b3-4a07-a5c4-1eb3457798fd,57a58388-f6a6-4c43-8359-4a8e33e09f0b,3009.04,INR,success,2026-05-31 16:13:19.454365+00:00
fc11b7b8-49d1-4d56-bb47-85bab350d40a,1c4d5aea-31f1-4f1f-9408-bf439868ee30,7e935ba3-d34c-44b9-99e1-f37d48aa7041,483cae6c-e7ce-412c-8afe-8933fe06c2e8,1022.61,INR,success,2026-05-10 04:53:03.224591+00:00
89ed81d8-7980-47a8-87d7-60c41b0364ed,5dada8c3-8df5-462a-be6c-ff3ab03ebe98,b54adac4-e27c-4322-93b7-058fff9a1788,6eb8a2f9-b767-4dc0-81de-a54eb3e371bb,4668.9,INR,success,2026-05-20 14:40:46.711063+00:00
d0be5d19-8e5e-470e-9fee-7e1f61be0c46,5dada8c3-8df5-462a-be6c-ff3ab03ebe98,b54adac4-e27c-4322-93b7-058fff9a1788,6eb8a2f9-b767-4dc0-81de-a54eb3e371bb,2676.05,INR,success,2026-05-23 08:13:22.302843+00:00
4dc442a5-0ff2-4adc-b3ba-973d93b46ece,5dada8c3-8df5-462a-be6c-ff3ab03ebe98,b54adac4-e27c-4322-93b7-058fff9a1788,6eb8a2f9-b767-4dc0-81de-a54eb3e371bb,2212.91,INR,success,2026-05-28 15:42:33.009512+00:00
9aac934a-9f85-48b8-bfd2-1ae56f170761,5dada8c3-8df5-462a-be6c-ff3ab03ebe98,b54adac4-e27c-4322-93b7-058fff9a1788,6eb8a2f9-b767-4dc0-81de-a54eb3e371bb,4987.06,INR,success,2026-05-31 11:30:00.279786+00:00
5833d78b-3866-4dfa-917b-69d8e6d95235,465df1f4-0e96-49f0-89ef-b16e5ae499ad,7eb9f318-cf1e-4e28-b7a2-8f74b437a61f,3bed894f-82b0-4ff2-b5fc-417041c47427,3759.46,INR,success,2026-05-21 03:42:49.751870+00:00
acf60fd3-440c-44b4-a28e-24ee2bd93147,465df1f4-0e96-49f0-89ef-b16e5ae499ad,7eb9f318-cf1e-4e28-b7a2-8f74b437a61f,3bed894f-82b0-4ff2-b5fc-417041c47427,2240.18,INR,success,2026-05-21 15:36:30.378752+00:00
d9713efa-e25d-4b01-b38d-059bbf2506b3,465df1f4-0e96-49f0-89ef-b16e5ae499ad,7eb9f318-cf1e-4e28-b7a2-8f74b437a61f,3bed894f-82b0-4ff2-b5fc-417041c47427,3314.81,INR,success,2026-05-24 06:14:44.238392+00:00
1d9f9882-6fc4-4988-9eb4-0ef7765f8464,465df1f4-0e96-49f0-89ef-b16e5ae499ad,7eb9f318-cf1e-4e28-b7a2-8f74b437a61f,3bed894f-82b0-4ff2-b5fc-417041c47427,5968.15,INR,success,2026-05-28 13:09:17.787286+00:00
ce9d829c-f53f-4e18-b1a3-dde786095bd2,5eea9b95-4f0c-4006-86aa-fdb6950cccbb,f2bea477-815e-4ae5-a4bb-2250795decc2,e42c403d-dc99-4738-8643-c1bc49012c3a,244.59,INR,success,2026-04-01 00:18:16.690110+00:00
1eb89388-a297-4e6d-86b6-6c7714349c8b,5eea9b95-4f0c-4006-86aa-fdb6950cccbb,f2bea477-815e-4ae5-a4bb-2250795decc2,e42c403d-dc99-4738-8643-c1bc49012c3a,312.2,INR,success,2026-05-01 22:00:16.080815+00:00
509903e8-b164-49c3-8c60-82838b8af691,92e9764a-8f10-4ef7-ad06-8fcf2c167d09,556f5f0e-d432-40d6-a5b8-a7903c590c3c,47a4fb1f-c9b2-427d-b655-141daf6db003,4857.42,INR,success,2026-05-26 08:41:25.027606+00:00
fe38068e-ca94-4e0f-b5ca-5019cc283395,92e9764a-8f10-4ef7-ad06-8fcf2c167d09,556f5f0e-d432-40d6-a5b8-a7903c590c3c,47a4fb1f-c9b2-427d-b655-141daf6db003,4520.12,INR,success,2026-05-26 17:58:25.796861+00:00
4587d43f-6ae5-4c8a-94e3-50ad6b2b9c40,692b43a6-a114-4259-87c7-52c6408f2334,df4663dd-221d-43cb-b9ab-1e2b276552e1,a45b4f75-080a-47e0-9be6-0409259da297,5164.96,INR,success,2026-05-01 03:06:30.645510+00:00
1db622e6-bdaf-4c1f-a9c4-2064ac826d2d,3c66718c-d55a-480e-854c-f49e7427d4a6,ae9975ce-6d97-484d-bd40-7b0e21e0c256,63402bbe-8b76-4682-8400-3ec39047315c,4901.36,INR,success,2026-05-16 21:08:06.939767+00:00
1b9b7485-803e-41b7-9a89-7bbef9ee7e09,3c66718c-d55a-480e-854c-f49e7427d4a6,ae9975ce-6d97-484d-bd40-7b0e21e0c256,63402bbe-8b76-4682-8400-3ec39047315c,2643.98,INR,success,2026-05-25 22:47:07.972041+00:00
1a3e3d14-f2a6-409b-bcd8-47b11e7c193b,2307e9d0-faa6-41b9-a477-2f97922fb251,da22eaf0-1fa4-4c87-bf33-da9004d46289,71faaf55-6385-444b-972e-21e2fadc8b37,1153.69,INR,success,2026-05-10 03:38:22.502492+00:00
1ff35d1d-8992-402f-b1bc-ffd9ab53accf,7344afeb-a6e6-474b-8aaa-5e2aa32b39de,adba0d6c-4efd-4a6b-98f8-a369ae24f847,0a00bcf8-9d05-481f-8b57-b53c57460963,298.6,INR,success,2026-05-30 10:38:23.557333+00:00
a6914a19-3a4f-45e2-98ed-7f5281c58454,7344afeb-a6e6-474b-8aaa-5e2aa32b39de,adba0d6c-4efd-4a6b-98f8-a369ae24f847,0a00bcf8-9d05-481f-8b57-b53c57460963,993.27,INR,success,2026-05-30 12:38:08.836332+00:00
76b8f8c7-4646-4a54-82e0-440bd7bf64bb,7344afeb-a6e6-474b-8aaa-5e2aa32b39de,adba0d6c-4efd-4a6b-98f8-a369ae24f847,0a00bcf8-9d05-481f-8b57-b53c57460963,1345.97,INR,success,2026-05-31 01:02:07.057893+00:00
22031848-1471-45f6-aac0-3c9d9cfa4658,7344afeb-a6e6-474b-8aaa-5e2aa32b39de,adba0d6c-4efd-4a6b-98f8-a369ae24f847,0a00bcf8-9d05-481f-8b57-b53c57460963,750.0,INR,success,2026-05-31 20:48:58.846190+00:00
f397e0b9-9981-4ad7-b1a5-1114e4e9a97e,dc5fdda0-8c6f-42c3-b256-460d0bab884d,fd8264bd-ce6e-4a84-afa6-0d2509de4c5f,31079d29-ec0a-4f69-b94f-21538629800e,1499.84,INR,success,2026-05-12 02:06:53.421672+00:00
644ebc37-6829-417d-a743-55aaf4ed6ce1,dc5fdda0-8c6f-42c3-b256-460d0bab884d,fd8264bd-ce6e-4a84-afa6-0d2509de4c5f,31079d29-ec0a-4f69-b94f-21538629800e,3021.7,INR,success,2026-05-14 21:03:40.796844+00:00
c321e6c5-ac44-4cec-9ba1-eff3cb4c303d,dc5fdda0-8c6f-42c3-b256-460d0bab884d,fd8264bd-ce6e-4a84-afa6-0d2509de4c5f,31079d29-ec0a-4f69-b94f-21538629800e,1759.02,INR,success,2026-05-23 21:09:21.686965+00:00
d78aa687-961c-45f1-a974-efa6ad607b26,dd3201d5-373f-4bf9-96fe-1503cef71bc2,663ce898-763e-4ee2-9a7d-6001f048d895,ae483f2b-1f19-4d8a-bd2a-36d3c887e862,2285.51,INR,success,2026-04-19 17:10:46.791111+00:00
36bbaa17-37b0-4fc6-b2ca-b39cb353abc2,dd3201d5-373f-4bf9-96fe-1503cef71bc2,663ce898-763e-4ee2-9a7d-6001f048d895,ae483f2b-1f19-4d8a-bd2a-36d3c887e862,2732.15,INR,success,2026-05-02 16:39:54.411710+00:00
491ffda9-32d5-4e36-bc55-041a07887952,dd3201d5-373f-4bf9-96fe-1503cef71bc2,663ce898-763e-4ee2-9a7d-6001f048d895,ae483f2b-1f19-4d8a-bd2a-36d3c887e862,3443.62,INR,success,2026-05-03 16:05:29.012732+00:00
9f2000fc-7de0-44b4-bd00-c4ac05ae4fc7,dd3201d5-373f-4bf9-96fe-1503cef71bc2,663ce898-763e-4ee2-9a7d-6001f048d895,ae483f2b-1f19-4d8a-bd2a-36d3c887e862,2356.33,INR,success,2026-05-16 21:31:51.838107+00:00
7fd2c912-74fe-4fd4-ac0c-2da9b55ceb84,dd3201d5-373f-4bf9-96fe-1503cef71bc2,663ce898-763e-4ee2-9a7d-6001f048d895,ae483f2b-1f19-4d8a-bd2a-36d3c887e862,2469.92,INR,success,2026-05-24 08:55:08.355333+00:00
807dbb66-8f37-44ee-8e70-79c89cc02cd4,239fd750-7db1-4126-bc0d-c1fba766679b,b279d99d-b26d-4d63-9e6c-d5151b4fa126,1b375b8e-9040-4772-b754-dd6e2041c493,1199.37,INR,success,2026-04-29 00:22:50.165591+00:00
337732f0-7e3b-4249-9f0b-669d3d84ff55,239fd750-7db1-4126-bc0d-c1fba766679b,b279d99d-b26d-4d63-9e6c-d5151b4fa126,1b375b8e-9040-4772-b754-dd6e2041c493,830.86,INR,success,2026-05-10 18:28:01.885184+00:00
b9773aec-5f51-4f91-b9f5-291d28d9f4a7,239fd750-7db1-4126-bc0d-c1fba766679b,b279d99d-b26d-4d63-9e6c-d5151b4fa126,1b375b8e-9040-4772-b754-dd6e2041c493,1656.76,INR,success,2026-05-14 16:22:18.745149+00:00
feae8fb1-635b-495f-a127-039069d580f8,239fd750-7db1-4126-bc0d-c1fba766679b,b279d99d-b26d-4d63-9e6c-d5151b4fa126,1b375b8e-9040-4772-b754-dd6e2041c493,889.41,INR,success,2026-05-19 10:40:33.067064+00:00
a0c62880-e1e1-40a3-80d6-243e864652c1,239fd750-7db1-4126-bc0d-c1fba766679b,b279d99d-b26d-4d63-9e6c-d5151b4fa126,1b375b8e-9040-4772-b754-dd6e2041c493,1001.19,INR,success,2026-05-23 18:04:06.176688+00:00
ef199129-98f0-4416-b67c-32ccf9166374,bf8362d2-612f-479c-856f-e2209ba5d7e9,775d4a35-aa9d-40aa-b114-b65a1c42e0de,e8af6be8-8a9e-4aae-9a45-e1847de2a04a,514.79,INR,success,2026-04-14 13:18:59.332473+00:00
cf40b5a0-ea51-44f2-814e-d2d5b2e0ae5c,bf8362d2-612f-479c-856f-e2209ba5d7e9,775d4a35-aa9d-40aa-b114-b65a1c42e0de,e8af6be8-8a9e-4aae-9a45-e1847de2a04a,923.33,INR,success,2026-04-16 00:55:23.619988+00:00
054d95f0-887b-4aa3-924f-3a5afea9200d,bf8362d2-612f-479c-856f-e2209ba5d7e9,775d4a35-aa9d-40aa-b114-b65a1c42e0de,e8af6be8-8a9e-4aae-9a45-e1847de2a04a,667.5,INR,success,2026-04-19 19:53:15.700043+00:00
648d3f09-ce5a-45a9-a779-aa7665b8c2d3,bf8362d2-612f-479c-856f-e2209ba5d7e9,775d4a35-aa9d-40aa-b114-b65a1c42e0de,e8af6be8-8a9e-4aae-9a45-e1847de2a04a,1890.35,INR,success,2026-05-17 12:53:41.305572+00:00
a44abd84-9cf6-49a1-8c54-39d32de84336,bf8362d2-612f-479c-856f-e2209ba5d7e9,775d4a35-aa9d-40aa-b114-b65a1c42e0de,e8af6be8-8a9e-4aae-9a45-e1847de2a04a,2381.16,INR,success,2026-05-30 12:18:16.455070+00:00
28def180-748a-47f2-a100-8a84969199a4,956e7ec0-151a-4c12-a562-329a9425e29f,9f260aef-c3f2-4bc5-ab47-d808e0780037,b8d58cf7-3e50-4c5c-8c25-9b67924d0eb0,10.0,INR,success,2026-04-26 09:39:01.186278+00:00
ab93ff83-a71a-4394-9c1e-79937d5be1bf,bb7b8bbb-1a94-467c-8260-c102fe11b069,b9dbf8f6-1298-4aab-9e6c-00f171dd495f,34f1e097-1586-479d-b51b-34662df5d64e,4474.87,INR,success,2026-03-18 10:44:07.832946+00:00
dcc84499-fcea-483d-ab64-5c0311d662a0,bb7b8bbb-1a94-467c-8260-c102fe11b069,b9dbf8f6-1298-4aab-9e6c-00f171dd495f,34f1e097-1586-479d-b51b-34662df5d64e,4459.5,INR,success,2026-04-29 01:36:42.495395+00:00
6b173e60-1bda-4be8-809d-79aa62fb6f1a,bb7b8bbb-1a94-467c-8260-c102fe11b069,b9dbf8f6-1298-4aab-9e6c-00f171dd495f,34f1e097-1586-479d-b51b-34662df5d64e,240.63,INR,success,2026-05-02 05:14:31.876053+00:00
0b9065c7-2d03-48df-8293-0355291aebf7,bb7b8bbb-1a94-467c-8260-c102fe11b069,b9dbf8f6-1298-4aab-9e6c-00f171dd495f,34f1e097-1586-479d-b51b-34662df5d64e,2960.81,INR,success,2026-05-08 13:56:36.949008+00:00
16fd4895-8dfd-45db-b601-a66c84c53ec7,d02daf98-a1b0-45e7-a40f-c63001cb113b,df4df78c-d377-44d7-8e50-fce5030e4a74,4c880b3f-f8d5-4bd9-94ba-dcf5716751c2,898.16,INR,success,2026-05-21 12:51:35.990926+00:00
90f8931c-9352-4c60-962c-9dac4e7254e6,d0a11501-52d0-41d6-a902-9c4ae186188d,663fd85b-b197-49df-a78d-0e53f92f7d1b,612116dd-48ce-4175-b023-7d2252c2d9fd,2213.61,INR,success,2026-05-24 13:55:33.820389+00:00
2e148cc3-4185-456f-a535-a43d6593aab8,d0a11501-52d0-41d6-a902-9c4ae186188d,663fd85b-b197-49df-a78d-0e53f92f7d1b,612116dd-48ce-4175-b023-7d2252c2d9fd,3104.79,INR,success,2026-05-25 01:45:28.588707+00:00
771d6701-649c-439e-8c4a-8e9851a988f0,d0a11501-52d0-41d6-a902-9c4ae186188d,663fd85b-b197-49df-a78d-0e53f92f7d1b,612116dd-48ce-4175-b023-7d2252c2d9fd,2243.94,INR,success,2026-05-25 04:38:20.245761+00:00
aa447f32-8095-444a-acf9-90174e74c42b,d0a11501-52d0-41d6-a902-9c4ae186188d,663fd85b-b197-49df-a78d-0e53f92f7d1b,612116dd-48ce-4175-b023-7d2252c2d9fd,3956.43,INR,success,2026-05-27 06:24:22.178000+00:00
6e7c39f5-1156-44e6-841a-ab8eae310184,2194f14b-c09b-4438-9809-f7dded707408,fcfc69aa-4308-41b8-a90d-07278c56b6d8,729d7a8c-6aae-44cd-9fd4-46fc73bb2e51,229.1,INR,success,2026-05-20 22:57:53.093798+00:00
0048bffa-c28a-4aa3-aac1-6b66e81742f4,2194f14b-c09b-4438-9809-f7dded707408,fcfc69aa-4308-41b8-a90d-07278c56b6d8,729d7a8c-6aae-44cd-9fd4-46fc73bb2e51,1418.18,INR,success,2026-05-21 11:28:04.232091+00:00
efade17d-4877-432d-a750-d3bf9c82a741,bfa0bd1f-6f44-4263-9c94-937dafc7d313,3c2dad82-d840-44d6-b451-13880ce20db8,5c1662cc-8d5b-4d67-91d3-ff4da59dc8bc,5817.62,INR,success,2026-05-04 16:37:41.940968+00:00
10619cd7-b60e-4666-9fdc-6bf2166dfa15,bfa0bd1f-6f44-4263-9c94-937dafc7d313,3c2dad82-d840-44d6-b451-13880ce20db8,5c1662cc-8d5b-4d67-91d3-ff4da59dc8bc,2408.14,INR,success,2026-05-15 01:12:43.014231+00:00
8da60c1f-9431-4fe2-b385-4588b7a4457e,bfa0bd1f-6f44-4263-9c94-937dafc7d313,3c2dad82-d840-44d6-b451-13880ce20db8,5c1662cc-8d5b-4d67-91d3-ff4da59dc8bc,4347.21,INR,success,2026-05-15 16:03:58.261055+00:00
5376208a-5b2a-4f2e-845d-a7664c9dad66,bfa0bd1f-6f44-4263-9c94-937dafc7d313,3c2dad82-d840-44d6-b451-13880ce20db8,5c1662cc-8d5b-4d67-91d3-ff4da59dc8bc,4668.93,INR,success,2026-05-20 06:18:30.505785+00:00
ee168566-6aaf-4d1d-8bbb-7fcc87a095d9,5ccd0ec3-d660-4816-ace9-cce7d700a909,7e140d77-d34b-408b-8601-7a90d979bd80,46388ae6-aa21-44a0-a073-2387f2c81e77,315.31,INR,success,2026-05-25 17:08:30.912426+00:00
ced1cd09-f29d-4d48-ab19-2522c011e054,5ccd0ec3-d660-4816-ace9-cce7d700a909,7e140d77-d34b-408b-8601-7a90d979bd80,46388ae6-aa21-44a0-a073-2387f2c81e77,863.4,INR,success,2026-05-28 22:35:10.687014+00:00
30d4aeed-674d-4754-95dc-692519e538f7,ba4dadaf-bff0-4fb2-af34-2a86c528e082,19338a5e-3044-4686-bd8e-dfca56992a97,98bd8514-5c54-4995-a25a-9e4eebb24c34,3344.06,INR,success,2026-03-26 04:32:18.739020+00:00
8b1a4e1b-ac76-44ef-8dc9-afd9fd8af49f,ba4dadaf-bff0-4fb2-af34-2a86c528e082,19338a5e-3044-4686-bd8e-dfca56992a97,98bd8514-5c54-4995-a25a-9e4eebb24c34,3900.84,INR,success,2026-04-29 16:46:56.878149+00:00
df3ab4bb-8bd9-4488-9ca3-821019170e0a,ba4dadaf-bff0-4fb2-af34-2a86c528e082,19338a5e-3044-4686-bd8e-dfca56992a97,98bd8514-5c54-4995-a25a-9e4eebb24c34,3692.58,INR,success,2026-05-27 05:18:48.284790+00:00
10f40b55-0978-41b4-8857-81e2fba2cf6d,4af1e71d-68ac-4c4a-b525-4488d220aad4,948b7447-68a2-46d9-b263-4c5bf9bddadd,ff0b2ee7-5665-4021-9b5e-8bb7a6f34c31,3185.43,INR,success,2026-03-18 21:54:48.167327+00:00
09406a24-318e-4b74-9c90-54ff22be2f2e,4af1e71d-68ac-4c4a-b525-4488d220aad4,948b7447-68a2-46d9-b263-4c5bf9bddadd,ff0b2ee7-5665-4021-9b5e-8bb7a6f34c31,2781.32,INR,success,2026-04-27 11:11:44.502634+00:00
3a06199c-26f0-4dab-90a3-35ce73a9ab97,4af1e71d-68ac-4c4a-b525-4488d220aad4,948b7447-68a2-46d9-b263-4c5bf9bddadd,ff0b2ee7-5665-4021-9b5e-8bb7a6f34c31,2894.9,INR,success,2026-05-24 22:01:53.602839+00:00
cc690142-8c79-4107-9736-c0dd36f09111,23774422-2212-42b7-8457-8ccb1fcb9d22,ca9d944a-8fc4-41f3-9e18-d46cbba68b6b,e56780c7-f6c5-4e19-8fe5-87efddc2f9f4,4436.51,INR,success,2026-05-11 21:18:20.401559+00:00
c0df3a96-be4e-4fa5-9d0e-8c5b9105ca40,88b19b3e-84a2-4ae7-b85b-c6443e614bfc,18dc6d0d-50b0-4c78-b50b-5a6efc5f21ea,c7e92399-a53a-4d3e-acfd-46f5dce09be9,1705.67,INR,success,2026-05-12 08:21:40.254356+00:00
0d81b90c-dd5a-42a2-b4b6-1f31ab87b140,88b19b3e-84a2-4ae7-b85b-c6443e614bfc,18dc6d0d-50b0-4c78-b50b-5a6efc5f21ea,c7e92399-a53a-4d3e-acfd-46f5dce09be9,1197.02,INR,success,2026-05-22 03:39:23.405086+00:00
c29ac946-0f4f-4314-87c0-899ec89c0090,2ad2748c-2a42-4794-9fc4-e3f27309df23,b4bc8197-108a-4be5-9739-30ee9c8f9308,07c32993-9335-4866-aa3b-7c22c2e84ab9,3600.28,INR,success,2026-05-26 11:25:22.683760+00:00
4d0be11c-5e2b-4a7e-9f8b-26448fff5c6e,8008df10-3280-41bc-bad1-9a7e4e26c024,9d7e20a3-17ba-49ca-b7f0-5f39882c5fcd,4d09813f-43d6-44b7-a78b-f812230c12df,4604.69,INR,success,2026-04-07 10:13:28.433349+00:00
cbccb8b9-9284-4eca-b85a-4966ec7b3145,8008df10-3280-41bc-bad1-9a7e4e26c024,9d7e20a3-17ba-49ca-b7f0-5f39882c5fcd,4d09813f-43d6-44b7-a78b-f812230c12df,4042.0,INR,success,2026-05-02 04:54:02.260613+00:00
02a8e260-2195-4b32-a916-ab30e5b49bd5,8008df10-3280-41bc-bad1-9a7e4e26c024,9d7e20a3-17ba-49ca-b7f0-5f39882c5fcd,4d09813f-43d6-44b7-a78b-f812230c12df,7400.64,INR,success,2026-05-09 02:51:29.174576+00:00
a66761c1-90d2-4886-869d-1bd7162a2442,6789c304-f4fa-4158-9e75-1db453d6adb4,7c9b3802-124e-467b-9a6c-2eb2ba852605,3b79c1ae-cfc8-43df-a152-46a995f4ce5b,1742.31,INR,success,2026-03-24 16:36:19.309546+00:00
7b067c9a-d53a-4221-bf36-6080320e7ff1,6789c304-f4fa-4158-9e75-1db453d6adb4,7c9b3802-124e-467b-9a6c-2eb2ba852605,3b79c1ae-cfc8-43df-a152-46a995f4ce5b,4107.65,INR,success,2026-04-11 07:12:16.550266+00:00
be5c4de8-c1f7-42d2-8462-794dfdcf9288,6789c304-f4fa-4158-9e75-1db453d6adb4,7c9b3802-124e-467b-9a6c-2eb2ba852605,3b79c1ae-cfc8-43df-a152-46a995f4ce5b,5261.26,INR,success,2026-04-17 11:51:00.314613+00:00
34a5919f-aef3-4d0b-a413-bccd94ac6750,6789c304-f4fa-4158-9e75-1db453d6adb4,7c9b3802-124e-467b-9a6c-2eb2ba852605,3b79c1ae-cfc8-43df-a152-46a995f4ce5b,3335.84,INR,success,2026-04-22 02:50:32.395925+00:00
f3c1f576-cebd-4181-a92e-27709dd0c1ce,47514bc8-a0b9-43a6-a556-86f56d566b84,dfb81685-ddba-4d56-a1df-0e5648be274b,681e953c-6fc6-4c0d-9f55-a787d41da803,702.24,INR,success,2026-03-17 06:19:06.670902+00:00
8e6e9c7d-88aa-4224-bc8f-074f81f06604,47514bc8-a0b9-43a6-a556-86f56d566b84,dfb81685-ddba-4d56-a1df-0e5648be274b,681e953c-6fc6-4c0d-9f55-a787d41da803,4098.86,INR,success,2026-03-27 22:09:36.386508+00:00
838a81fd-c758-4af2-aad2-f960737b849f,47514bc8-a0b9-43a6-a556-86f56d566b84,dfb81685-ddba-4d56-a1df-0e5648be274b,681e953c-6fc6-4c0d-9f55-a787d41da803,1278.17,INR,success,2026-04-19 21:23:51.528298+00:00
bded5fa6-c81f-4f68-b141-1d8219f2ce0e,47514bc8-a0b9-43a6-a556-86f56d566b84,dfb81685-ddba-4d56-a1df-0e5648be274b,681e953c-6fc6-4c0d-9f55-a787d41da803,2301.27,INR,success,2026-05-03 12:49:42.308763+00:00
d77df4a3-8f0b-43c0-a62d-142d0c8bcdd2,c1196ddf-83e7-4cb8-b186-c542b36c2162,b6a0fb07-cabf-40d7-9c38-8de68aa14a0a,a6e56836-ac5d-439a-ac72-e21d476d4d1c,2516.59,INR,success,2026-05-29 05:49:54.180966+00:00
ce4a0885-ed93-4507-b51a-791589414a90,c1196ddf-83e7-4cb8-b186-c542b36c2162,b6a0fb07-cabf-40d7-9c38-8de68aa14a0a,a6e56836-ac5d-439a-ac72-e21d476d4d1c,2485.86,INR,success,2026-05-29 16:38:26.747786+00:00
5a226428-dafe-4711-b20c-27bb7221f21f,c1196ddf-83e7-4cb8-b186-c542b36c2162,b6a0fb07-cabf-40d7-9c38-8de68aa14a0a,a6e56836-ac5d-439a-ac72-e21d476d4d1c,2334.9,INR,success,2026-05-30 01:41:30.740250+00:00
ccad3ef9-ddec-4bf6-ac1e-b6489e024c4d,e76b0235-918c-4bfa-a000-74762dd9e529,20ed62ce-a479-4c73-96a8-fea3b3ce90b8,c34f9ed0-da86-4719-a149-b7dea746ce0e,1987.48,INR,success,2026-05-09 05:15:55.373889+00:00
7ff153ae-c59d-4ff2-ba0d-49fe294a3747,606fee97-b288-46df-b65b-6c42e878dc93,37aedd85-1361-4960-8b85-12a79ee62274,d6a660f5-1f22-4f9f-8050-b1a99593490b,2018.2,INR,success,2026-05-22 21:48:33.121311+00:00
eba0e7d3-236f-4cbe-9794-5650a768b699,606fee97-b288-46df-b65b-6c42e878dc93,37aedd85-1361-4960-8b85-12a79ee62274,d6a660f5-1f22-4f9f-8050-b1a99593490b,762.26,INR,success,2026-05-26 03:24:56.245098+00:00
b3004eae-ace8-4b8c-b71b-5c9fe6e61109,606fee97-b288-46df-b65b-6c42e878dc93,37aedd85-1361-4960-8b85-12a79ee62274,d6a660f5-1f22-4f9f-8050-b1a99593490b,2384.19,INR,success,2026-05-28 18:07:14.060415+00:00
aa912ac3-91a5-4143-859d-df5befea2764,1bb4f355-5874-4fce-b8ab-6f319b2615a8,48dd6ab1-c0b6-4183-855c-6127112637dc,cb4bf18b-b5a5-4bf3-83cb-f657e784ab95,398.17,INR,success,2026-05-21 05:35:30.521401+00:00
e12d50bd-0f9a-4fa4-92f6-3967f511c671,1bb4f355-5874-4fce-b8ab-6f319b2615a8,48dd6ab1-c0b6-4183-855c-6127112637dc,cb4bf18b-b5a5-4bf3-83cb-f657e784ab95,314.59,INR,success,2026-05-21 15:13:29.208099+00:00
88a4d781-5741-4ec3-8310-a57b4aab86aa,1bb4f355-5874-4fce-b8ab-6f319b2615a8,48dd6ab1-c0b6-4183-855c-6127112637dc,cb4bf18b-b5a5-4bf3-83cb-f657e784ab95,237.15,INR,success,2026-05-21 15:56:07.471911+00:00
3f90f1db-3f85-42ee-81b7-82cc848ce44e,1bb4f355-5874-4fce-b8ab-6f319b2615a8,48dd6ab1-c0b6-4183-855c-6127112637dc,cb4bf18b-b5a5-4bf3-83cb-f657e784ab95,365.86,INR,success,2026-05-27 13:19:53.139188+00:00
2bc492ba-44c3-40e5-b374-2d84dc1d09a0,1bb4f355-5874-4fce-b8ab-6f319b2615a8,48dd6ab1-c0b6-4183-855c-6127112637dc,cb4bf18b-b5a5-4bf3-83cb-f657e784ab95,211.09,INR,success,2026-05-28 00:59:31.133101+00:00
91e9a464-fc30-4499-b621-465a1f6616cd,1ebab802-e401-45df-9e85-dc81515088f3,1bc5523b-1aa2-41e9-b637-86457a2bf266,efaf4789-5342-4348-b8d2-b25561a8ce18,6800.87,INR,success,2026-04-21 03:14:05.632372+00:00
abd22d3d-e38c-402c-b76c-307e583d7d4a,1ebab802-e401-45df-9e85-dc81515088f3,1bc5523b-1aa2-41e9-b637-86457a2bf266,efaf4789-5342-4348-b8d2-b25561a8ce18,10.0,INR,success,2026-04-25 20:42:38.422735+00:00
b2d52fca-2b06-4f95-98e1-517fafc7304e,1ebab802-e401-45df-9e85-dc81515088f3,1bc5523b-1aa2-41e9-b637-86457a2bf266,efaf4789-5342-4348-b8d2-b25561a8ce18,1145.59,INR,success,2026-04-29 22:56:13.284139+00:00
0101223a-9d5c-4f1d-8aba-b300ab36edbe,eeb5d408-a55c-45a8-82b4-feacb968cb92,79d7c8b9-53be-42f6-b93e-b4073c337662,107fa5dc-b28c-4563-a954-5eb1b07a32c3,277.36,INR,success,2026-05-11 10:48:08.818165+00:00
e9d6d450-f164-4d26-9062-ab60c72fa94f,eeb5d408-a55c-45a8-82b4-feacb968cb92,79d7c8b9-53be-42f6-b93e-b4073c337662,107fa5dc-b28c-4563-a954-5eb1b07a32c3,2917.99,INR,success,2026-05-24 01:06:02.513475+00:00
27738a54-d12d-4659-9681-edbc0a2bc4d4,eeb5d408-a55c-45a8-82b4-feacb968cb92,79d7c8b9-53be-42f6-b93e-b4073c337662,107fa5dc-b28c-4563-a954-5eb1b07a32c3,2214.44,INR,success,2026-05-26 02:01:25.949638+00:00
16926409-9056-4a7c-a16a-5d894fe9a89e,eeb5d408-a55c-45a8-82b4-feacb968cb92,79d7c8b9-53be-42f6-b93e-b4073c337662,107fa5dc-b28c-4563-a954-5eb1b07a32c3,4974.1,INR,success,2026-05-27 23:35:43.012986+00:00
8b2553af-f5df-4459-b9a4-e41c689598ef,eeb5d408-a55c-45a8-82b4-feacb968cb92,79d7c8b9-53be-42f6-b93e-b4073c337662,107fa5dc-b28c-4563-a954-5eb1b07a32c3,5011.78,INR,success,2026-05-30 01:32:09.013681+00:00
e465702b-7259-4d9d-bb03-5652eabcabc9,dcc8a591-eacc-454d-8322-ec863eb4f7a1,284739ce-f961-49e1-b5d4-94e72fb60563,a7a27844-9505-474b-b7d9-76eb098c1c8c,933.49,INR,success,2026-05-16 15:30:03.488198+00:00
4b380202-b356-4519-9288-a55d5d341b9e,dcc8a591-eacc-454d-8322-ec863eb4f7a1,284739ce-f961-49e1-b5d4-94e72fb60563,a7a27844-9505-474b-b7d9-76eb098c1c8c,869.5,INR,success,2026-05-16 16:48:33.911299+00:00
1122d501-69c1-47a2-9b82-9c52ac11813e,dcc8a591-eacc-454d-8322-ec863eb4f7a1,284739ce-f961-49e1-b5d4-94e72fb60563,a7a27844-9505-474b-b7d9-76eb098c1c8c,1124.13,INR,success,2026-05-16 17:17:41.871685+00:00
098c46d1-73f8-4996-b103-2c496423583f,dcc8a591-eacc-454d-8322-ec863eb4f7a1,284739ce-f961-49e1-b5d4-94e72fb60563,a7a27844-9505-474b-b7d9-76eb098c1c8c,908.53,INR,success,2026-05-16 21:31:02.601045+00:00
6b5eef81-bb11-421a-89be-7a43cc83a24f,dcc8a591-eacc-454d-8322-ec863eb4f7a1,284739ce-f961-49e1-b5d4-94e72fb60563,a7a27844-9505-474b-b7d9-76eb098c1c8c,1525.83,INR,success,2026-05-17 20:33:44.847759+00:00
eb2f808f-6279-458f-8944-99f764aedd7a,57005b82-bd3b-4d25-ad5d-ad6da94ddfa9,2111e347-e236-45da-8ad8-d2556f0c0e92,cd1bfae5-eef3-4f59-93eb-5b946d57c5d6,10.0,INR,success,2026-04-23 19:53:53.042447+00:00
3d4441a2-20ba-4d56-9ebf-480dd1722903,a22349aa-31af-4e86-a183-135cadf19010,7238d076-bbd5-4893-b579-9e3aec05ba46,849b9556-88a3-41e9-a6ec-b110e9098fb3,4684.66,INR,success,2026-04-22 12:13:12.300326+00:00
43917346-2b24-4f6b-8a7a-bb2f8a35c3ab,5ca2c54e-3900-4dac-a2b1-3991c084cfd6,32bd04dd-662d-49ce-b54f-89279680701a,68a7c4de-5f0a-4398-85e7-6e6e43f82483,3311.24,INR,success,2026-04-21 03:31:38.179285+00:00
068b87da-fc76-4b73-ad42-8e9f919f8117,5ca2c54e-3900-4dac-a2b1-3991c084cfd6,32bd04dd-662d-49ce-b54f-89279680701a,68a7c4de-5f0a-4398-85e7-6e6e43f82483,2925.01,INR,success,2026-04-29 01:53:54.982816+00:00
53202cca-b22f-4caa-8e18-76cf9dff69b1,5ca2c54e-3900-4dac-a2b1-3991c084cfd6,32bd04dd-662d-49ce-b54f-89279680701a,68a7c4de-5f0a-4398-85e7-6e6e43f82483,2515.08,INR,success,2026-05-29 17:25:02.674314+00:00
ff489216-1edf-4739-9ffc-43801fdcf421,46bd97a7-96a8-4148-9b71-a0b43974af17,59a692d3-e68a-45f5-b858-48467c70c199,f1990635-f484-4693-8a05-55cecf8acd6d,553.93,INR,success,2026-04-26 21:11:25.198102+00:00
ed83af81-5019-4e35-a117-cfd85973f1c6,46bd97a7-96a8-4148-9b71-a0b43974af17,59a692d3-e68a-45f5-b858-48467c70c199,f1990635-f484-4693-8a05-55cecf8acd6d,930.49,INR,success,2026-05-05 18:52:41.616076+00:00
d6b8e18b-9e1d-4eec-be06-643bc31bc3cb,46bd97a7-96a8-4148-9b71-a0b43974af17,59a692d3-e68a-45f5-b858-48467c70c199,f1990635-f484-4693-8a05-55cecf8acd6d,495.15,INR,success,2026-05-23 04:50:39.660417+00:00
cb4bc3ce-745d-486a-b320-e372ddc7d22f,46bd97a7-96a8-4148-9b71-a0b43974af17,59a692d3-e68a-45f5-b858-48467c70c199,f1990635-f484-4693-8a05-55cecf8acd6d,407.82,INR,success,2026-05-27 14:40:07.164934+00:00
0f0e766a-a7f9-421e-b1a4-55a088659dc5,46bd97a7-96a8-4148-9b71-a0b43974af17,59a692d3-e68a-45f5-b858-48467c70c199,f1990635-f484-4693-8a05-55cecf8acd6d,709.95,INR,success,2026-05-28 01:34:51.219886+00:00
a767a214-6421-4fa4-bfcf-ae8ff9917e6a,47f2f5a2-26e3-4442-b969-64ed07e4eb6d,d45f5575-373c-45f6-9043-d2d5727f1414,7c65631f-6df4-42d5-b55f-d7fdc408bc4e,700.78,INR,success,2026-05-07 14:45:11.651317+00:00
6496d569-38d5-434e-8409-4923c94a4c99,47f2f5a2-26e3-4442-b969-64ed07e4eb6d,d45f5575-373c-45f6-9043-d2d5727f1414,7c65631f-6df4-42d5-b55f-d7fdc408bc4e,599.74,INR,success,2026-05-17 02:06:30.141942+00:00
091ef762-be91-4ead-9b04-87897fab77a6,cd2c3913-d427-412c-a96e-7221542db94c,0dc3f425-3fe8-48ab-a568-517f9d9a9599,03cd5bd7-2abd-40f4-9291-feb06e656832,1832.87,INR,success,2026-03-17 04:51:09.437845+00:00
17da20b0-15bc-450c-8614-febea5d7d334,cd2c3913-d427-412c-a96e-7221542db94c,0dc3f425-3fe8-48ab-a568-517f9d9a9599,03cd5bd7-2abd-40f4-9291-feb06e656832,1254.72,INR,success,2026-04-27 06:25:45.846600+00:00
49ace20a-cc7b-403f-912a-f7d078b7ef38,cd2c3913-d427-412c-a96e-7221542db94c,0dc3f425-3fe8-48ab-a568-517f9d9a9599,03cd5bd7-2abd-40f4-9291-feb06e656832,2173.69,INR,success,2026-05-06 18:10:05.440939+00:00
8b7520b5-4752-4592-86c0-32cdf8aaf996,cd2c3913-d427-412c-a96e-7221542db94c,0dc3f425-3fe8-48ab-a568-517f9d9a9599,03cd5bd7-2abd-40f4-9291-feb06e656832,3184.4,INR,success,2026-05-30 13:27:35.112848+00:00
2e226027-2721-4c7e-9bac-084377cbed9e,876c45a5-7b7d-4ee8-9985-473d65a94d73,00e305ba-a92d-469a-9e2a-aa2eda5f3f96,daa9b249-a13b-45bf-9282-178cbd56991a,1594.63,INR,success,2026-05-09 16:09:09.403892+00:00
2f5f4a5b-684f-4d4c-bdf8-12a42e63e0c7,876c45a5-7b7d-4ee8-9985-473d65a94d73,00e305ba-a92d-469a-9e2a-aa2eda5f3f96,daa9b249-a13b-45bf-9282-178cbd56991a,1348.87,INR,success,2026-05-13 12:47:47.099331+00:00
1b49bc0b-2d1f-4a03-a1a6-3b7af35b0d82,876c45a5-7b7d-4ee8-9985-473d65a94d73,00e305ba-a92d-469a-9e2a-aa2eda5f3f96,daa9b249-a13b-45bf-9282-178cbd56991a,2387.18,INR,success,2026-05-26 05:37:51.583658+00:00
710c1ddb-039a-4e5f-8356-d4cf7349a202,1258b535-4b34-4260-9b84-ac4d74b562b3,9c8f79c1-b58b-4e58-a874-3b59100b24de,fb22a37a-6da9-4b59-8298-353983569411,1755.12,INR,success,2026-05-07 23:11:44.080801+00:00
5a6261c7-3bef-4c3c-9c73-e23e15d2059b,1258b535-4b34-4260-9b84-ac4d74b562b3,9c8f79c1-b58b-4e58-a874-3b59100b24de,fb22a37a-6da9-4b59-8298-353983569411,2515.14,INR,success,2026-05-08 11:49:26.574798+00:00
12924b2b-ceb9-408d-b333-4cab1d4d54f3,1258b535-4b34-4260-9b84-ac4d74b562b3,9c8f79c1-b58b-4e58-a874-3b59100b24de,fb22a37a-6da9-4b59-8298-353983569411,1763.84,INR,success,2026-05-16 09:30:51.999336+00:00
5bb9bd80-0c9e-4f40-a5ed-978e8367de3f,1258b535-4b34-4260-9b84-ac4d74b562b3,9c8f79c1-b58b-4e58-a874-3b59100b24de,fb22a37a-6da9-4b59-8298-353983569411,2530.39,INR,success,2026-05-29 19:12:58.999320+00:00
893bf37a-fa03-42ab-870f-1f43db35fd07,18832c2b-87f7-46e3-950a-35e221b1561e,024facd2-f0d8-4f6c-8f4b-1d9ecef1034f,7fd9bf7d-a472-4b98-9f45-afac412ad096,1430.02,INR,success,2026-05-28 20:21:58.725548+00:00
f148d6af-2f4a-4f32-910b-76715c0ab45c,18832c2b-87f7-46e3-950a-35e221b1561e,024facd2-f0d8-4f6c-8f4b-1d9ecef1034f,7fd9bf7d-a472-4b98-9f45-afac412ad096,1392.21,INR,success,2026-05-29 20:57:39.498163+00:00
45eec4b3-2829-48e3-ab0c-4badfe8909e2,18832c2b-87f7-46e3-950a-35e221b1561e,024facd2-f0d8-4f6c-8f4b-1d9ecef1034f,7fd9bf7d-a472-4b98-9f45-afac412ad096,1769.36,INR,success,2026-05-30 08:15:39.050609+00:00
3974f3f2-e29d-4434-b79f-a87d741cb2f7,18832c2b-87f7-46e3-950a-35e221b1561e,024facd2-f0d8-4f6c-8f4b-1d9ecef1034f,7fd9bf7d-a472-4b98-9f45-afac412ad096,1079.23,INR,success,2026-05-30 13:01:02.785170+00:00
8a86fe4b-d2b9-4608-8ea9-b4c8ecd2b208,18832c2b-87f7-46e3-950a-35e221b1561e,024facd2-f0d8-4f6c-8f4b-1d9ecef1034f,7fd9bf7d-a472-4b98-9f45-afac412ad096,1571.73,INR,success,2026-05-31 12:36:09.175458+00:00
e9b30e9f-dec0-4bdb-97bd-88dcd460f9d5,4821d4ae-aedc-4676-90af-69b6bb91d9bb,dc7b7070-dd99-46f1-96cd-d6a021291524,7a9adc7c-f4ff-49ea-a0ae-2be757230c3b,4269.29,INR,success,2026-05-02 04:48:16.985868+00:00
78521722-72a4-497f-982b-371d8d23dd27,4821d4ae-aedc-4676-90af-69b6bb91d9bb,dc7b7070-dd99-46f1-96cd-d6a021291524,7a9adc7c-f4ff-49ea-a0ae-2be757230c3b,2694.27,INR,success,2026-05-05 16:53:57.916540+00:00
5b9c0acf-add6-49dc-b368-3e1ee1404e91,4821d4ae-aedc-4676-90af-69b6bb91d9bb,dc7b7070-dd99-46f1-96cd-d6a021291524,7a9adc7c-f4ff-49ea-a0ae-2be757230c3b,4553.51,INR,success,2026-05-05 21:16:48.701740+00:00
2e9710c8-e219-4b07-aac2-743d91d3bce8,4821d4ae-aedc-4676-90af-69b6bb91d9bb,dc7b7070-dd99-46f1-96cd-d6a021291524,7a9adc7c-f4ff-49ea-a0ae-2be757230c3b,3767.56,INR,success,2026-05-07 20:41:08.384033+00:00
81397290-59c1-4cba-a249-3d792cf23857,4821d4ae-aedc-4676-90af-69b6bb91d9bb,dc7b7070-dd99-46f1-96cd-d6a021291524,7a9adc7c-f4ff-49ea-a0ae-2be757230c3b,3749.1,INR,success,2026-05-23 14:02:27.651984+00:00
9a5e34a3-9a3d-4b8a-83c0-90f481bbd50c,f79b74e2-306d-46df-9510-e216d5e781b2,a3da73fa-b8d0-4674-8110-b47990cbaad6,1f6a5f95-d022-48e1-8f12-f0f0db4886ba,1091.82,INR,success,2026-05-26 23:22:49.078597+00:00
9b3e2c2a-6c54-40e7-b4da-f81921d94b78,f79b74e2-306d-46df-9510-e216d5e781b2,a3da73fa-b8d0-4674-8110-b47990cbaad6,1f6a5f95-d022-48e1-8f12-f0f0db4886ba,2113.41,INR,success,2026-05-29 00:26:45.249874+00:00
f4a6078e-f1eb-4aba-88de-32365b83c552,f79b74e2-306d-46df-9510-e216d5e781b2,a3da73fa-b8d0-4674-8110-b47990cbaad6,1f6a5f95-d022-48e1-8f12-f0f0db4886ba,2286.07,INR,success,2026-05-29 12:02:01.208547+00:00
e9aa4628-2249-44b4-9e5d-57e95bb2ef7a,f79b74e2-306d-46df-9510-e216d5e781b2,a3da73fa-b8d0-4674-8110-b47990cbaad6,1f6a5f95-d022-48e1-8f12-f0f0db4886ba,505.13,INR,success,2026-05-30 17:36:15.314224+00:00
15ac3f9f-d615-4dcf-af8b-d92ad18813e1,f79b74e2-306d-46df-9510-e216d5e781b2,a3da73fa-b8d0-4674-8110-b47990cbaad6,1f6a5f95-d022-48e1-8f12-f0f0db4886ba,238.23,INR,success,2026-05-31 04:40:26.794998+00:00
1f265ee6-e61e-4117-9f1c-6297012ea79e,b3c25a3f-2658-4304-ae4a-7861699c945b,21b9f94a-b55f-457c-8ffa-a478d2636e01,a0fdb3dd-05e5-4903-b5dc-06ec3ac5a27a,4524.03,INR,success,2026-05-17 10:53:10.023631+00:00
09ea5711-dc68-42e9-ba18-b81cd746b843,d5c39efc-fcf6-4da5-97ed-58482efacfb9,15416618-46f4-41e6-bcb3-b2bbd62d2050,7175a722-cef7-409a-86bd-dfbd0d367327,5722.15,INR,success,2026-04-09 06:57:19.720089+00:00
238be913-d789-4aa2-9762-cf17177cb03b,31f31188-562a-46a2-952d-d8214df72e53,7da712a3-2057-4da1-bd59-8dfb790a0760,cb1c9e1a-9be0-4c0c-8077-4065e2d78be1,999.05,INR,success,2026-03-21 10:11:37.462018+00:00
2a82e38e-8a64-471f-8c31-e8a9b60a2be9,31f31188-562a-46a2-952d-d8214df72e53,7da712a3-2057-4da1-bd59-8dfb790a0760,cb1c9e1a-9be0-4c0c-8077-4065e2d78be1,10.0,INR,success,2026-05-13 10:15:17.046146+00:00
e1588de3-d7b0-424c-9350-960d4931651c,31f31188-562a-46a2-952d-d8214df72e53,7da712a3-2057-4da1-bd59-8dfb790a0760,cb1c9e1a-9be0-4c0c-8077-4065e2d78be1,1380.33,INR,success,2026-05-13 20:36:17.108241+00:00
be12a666-3a84-483f-8b6b-812ee3bbedab,31f31188-562a-46a2-952d-d8214df72e53,7da712a3-2057-4da1-bd59-8dfb790a0760,cb1c9e1a-9be0-4c0c-8077-4065e2d78be1,1369.36,INR,success,2026-05-21 13:34:09.804943+00:00
f0d749be-b446-4631-99e9-75ec0e08785b,0e74fb93-2316-4276-8424-6c3879928a19,c275fc8b-6f31-4e33-b4c0-2836ca515470,4e6bffc6-210e-490b-a8e9-e2bfb7e0406a,5658.46,INR,success,2026-04-15 09:05:34.985753+00:00
3afcfc7b-29e6-4bcc-a2b3-4092c7bbce54,29b4c61e-0c31-448d-9832-62196d0c9ccc,b8f2782e-552e-4ba8-a780-cd70d247c4dc,61d27df8-1734-4363-8a5e-d63edaed555f,1930.86,INR,success,2026-05-17 21:50:36.126676+00:00
41e8ea5f-fc25-4eeb-8934-190932a20126,29b4c61e-0c31-448d-9832-62196d0c9ccc,b8f2782e-552e-4ba8-a780-cd70d247c4dc,61d27df8-1734-4363-8a5e-d63edaed555f,1286.07,INR,success,2026-05-27 23:31:17.438799+00:00
0522b22d-87c7-4670-88c9-f7d9f93c096c,4bc487b9-3318-4ec1-b918-5b4b3c35a0e4,79f556be-e737-4687-8c8f-ac6e6e2104cd,eafc4ce8-ce5d-4900-8215-a5211784cc91,898.26,INR,success,2026-04-06 13:06:14.509178+00:00
e7aac6da-f5c7-4287-a95d-9ea230bbb952,4bc487b9-3318-4ec1-b918-5b4b3c35a0e4,79f556be-e737-4687-8c8f-ac6e6e2104cd,eafc4ce8-ce5d-4900-8215-a5211784cc91,824.81,INR,success,2026-05-12 03:42:05.019307+00:00
3725c4f1-4ad0-4d3e-9104-615c77c2f803,4bc487b9-3318-4ec1-b918-5b4b3c35a0e4,79f556be-e737-4687-8c8f-ac6e6e2104cd,eafc4ce8-ce5d-4900-8215-a5211784cc91,1510.94,INR,success,2026-05-12 16:26:49.668736+00:00
727e17ee-b710-4790-b2e9-9325767d1161,9927d642-60bd-4f44-9ee7-9ceced8ef63a,49046159-42bf-48b4-864b-df73f2031587,3eae12ae-048a-4351-8be2-45e443a59016,10.0,INR,success,2026-05-28 14:48:09.157971+00:00
47586bf8-df4c-4d6c-87af-4a116b002744,dc9cb679-30a7-4089-a791-4040dbb64478,7bf44bab-760e-42e2-8729-3cc4667a6273,0f0383ed-d77d-4845-9e22-e6a9e85395e0,10.0,INR,success,2026-05-26 04:51:26.736971+00:00
6b8fc973-38a4-4292-8b6d-2e4a21ebfa5b,dc9cb679-30a7-4089-a791-4040dbb64478,7bf44bab-760e-42e2-8729-3cc4667a6273,0f0383ed-d77d-4845-9e22-e6a9e85395e0,991.59,INR,success,2026-05-26 18:59:37.688971+00:00
543dac7f-0cfd-47d6-8da4-253cdaa5b0a4,dc9cb679-30a7-4089-a791-4040dbb64478,7bf44bab-760e-42e2-8729-3cc4667a6273,0f0383ed-d77d-4845-9e22-e6a9e85395e0,414.21,INR,success,2026-05-26 23:10:12.443576+00:00
46b8ec67-38f9-4fe0-8b22-cd18d0f49655,dc9cb679-30a7-4089-a791-4040dbb64478,7bf44bab-760e-42e2-8729-3cc4667a6273,0f0383ed-d77d-4845-9e22-e6a9e85395e0,976.38,INR,success,2026-05-28 14:01:08.918931+00:00
43ee7657-e0fd-4127-b6a1-fa1d1a752236,dc9cb679-30a7-4089-a791-4040dbb64478,7bf44bab-760e-42e2-8729-3cc4667a6273,0f0383ed-d77d-4845-9e22-e6a9e85395e0,12.39,INR,success,2026-05-29 19:48:22.138976+00:00
4c87055c-f5d1-4ca9-9cbe-fe174f6a0c3c,89d7c2ba-df5b-4ecb-9c13-e12ffeccb829,fe04abdc-183c-4f24-b946-796401ab08e5,023fcecf-e850-4390-86f8-d36a6075d6d1,1343.95,INR,success,2026-03-27 13:53:13.816366+00:00
3e76a07c-7ade-4573-a5df-326bd59326ee,89d7c2ba-df5b-4ecb-9c13-e12ffeccb829,fe04abdc-183c-4f24-b946-796401ab08e5,023fcecf-e850-4390-86f8-d36a6075d6d1,662.5,INR,success,2026-04-02 23:55:27.696302+00:00
276aa586-e1ec-43ad-8105-1b7deb6b7501,89d7c2ba-df5b-4ecb-9c13-e12ffeccb829,fe04abdc-183c-4f24-b946-796401ab08e5,023fcecf-e850-4390-86f8-d36a6075d6d1,278.51,INR,success,2026-04-04 17:04:28.091846+00:00
f3742c85-9013-464e-bffa-4df44340a495,08b2558d-ff0f-41ea-abe9-61bb8766cea3,3d70f1cc-2b6c-47fe-a800-5cfe4ce9fb00,ee95a229-a8dc-49f9-8b73-008cf0e3922a,2818.13,INR,success,2026-05-08 12:21:07.381969+00:00
1a4fa4c9-cd4c-4917-a9d7-b1d2bbcb4ea7,08b2558d-ff0f-41ea-abe9-61bb8766cea3,3d70f1cc-2b6c-47fe-a800-5cfe4ce9fb00,ee95a229-a8dc-49f9-8b73-008cf0e3922a,1476.22,INR,success,2026-05-26 21:54:50.138323+00:00
a98ed25b-3340-407e-8f7c-1059fe458823,673c060f-e52f-419d-8b28-51fbd36cd148,7909e7fe-f6a0-41a4-9d4a-f6426a52e0f6,37055103-9077-4f63-a38c-caf158a67ef1,1428.48,INR,success,2026-05-30 03:07:08.260516+00:00
c5beb02c-edff-43b0-b3ff-3ca13c88754b,673c060f-e52f-419d-8b28-51fbd36cd148,7909e7fe-f6a0-41a4-9d4a-f6426a52e0f6,37055103-9077-4f63-a38c-caf158a67ef1,2707.03,INR,success,2026-05-30 12:32:00.759788+00:00
2c569474-56c2-4469-808e-81048fba91cf,409f802e-9782-4bd9-8bca-ee21f79494e9,4b429599-a6bf-494f-a41f-42f0dcc1cf18,20a4727e-2837-458e-b12a-bfb91f4ec99a,55.0,INR,success,2026-04-21 02:57:22.977299+00:00
0efe9035-a16a-4cc8-ad90-882d3e8ff054,409f802e-9782-4bd9-8bca-ee21f79494e9,4b429599-a6bf-494f-a41f-42f0dcc1cf18,20a4727e-2837-458e-b12a-bfb91f4ec99a,269.31,INR,success,2026-05-03 21:59:00.701085+00:00
8791a376-aba3-49b1-86c9-77ec695661cb,409f802e-9782-4bd9-8bca-ee21f79494e9,4b429599-a6bf-494f-a41f-42f0dcc1cf18,20a4727e-2837-458e-b12a-bfb91f4ec99a,200.73,INR,success,2026-05-13 06:40:37.166080+00:00
3c5f2800-5d53-4026-98c7-6e949069d824,409f802e-9782-4bd9-8bca-ee21f79494e9,4b429599-a6bf-494f-a41f-42f0dcc1cf18,20a4727e-2837-458e-b12a-bfb91f4ec99a,492.56,INR,success,2026-05-15 08:11:29.606097+00:00
26b5a0aa-5257-41dc-b385-bcb2d7fc78db,409f802e-9782-4bd9-8bca-ee21f79494e9,4b429599-a6bf-494f-a41f-42f0dcc1cf18,20a4727e-2837-458e-b12a-bfb91f4ec99a,256.28,INR,success,2026-05-27 14:42:01.265638+00:00
02438bfd-7e52-4569-a9c8-7344f0c01f4b,229aab5b-3e76-4ba9-9abe-6da48ce5397f,6fce736f-c5f9-4092-82db-2ce6157a65c7,6a70eabd-8fd6-498b-a360-b31e42dfa7a1,1058.11,INR,success,2026-04-14 14:37:05.722719+00:00
22c8ebe0-c0be-4529-b3b5-2a18070ac985,229aab5b-3e76-4ba9-9abe-6da48ce5397f,6fce736f-c5f9-4092-82db-2ce6157a65c7,6a70eabd-8fd6-498b-a360-b31e42dfa7a1,2570.75,INR,success,2026-04-15 12:31:00.197638+00:00
386a26f6-a7ea-4314-938b-1b23cc238d79,229aab5b-3e76-4ba9-9abe-6da48ce5397f,6fce736f-c5f9-4092-82db-2ce6157a65c7,6a70eabd-8fd6-498b-a360-b31e42dfa7a1,2725.34,INR,success,2026-04-17 21:52:09.126687+00:00
bbb52902-b67a-41d4-8d6d-9293964791fe,229aab5b-3e76-4ba9-9abe-6da48ce5397f,6fce736f-c5f9-4092-82db-2ce6157a65c7,6a70eabd-8fd6-498b-a360-b31e42dfa7a1,411.87,INR,success,2026-05-23 11:39:20.366590+00:00
81543079-25af-40b9-a443-a4938975cee8,fd8bfe88-c877-4b87-8f92-0d8d57b2a37b,2d47528b-98be-4d71-8091-03f80533eef0,8896298b-324b-48bb-8158-b3e5774644a0,1171.47,INR,success,2026-05-29 12:57:22.035141+00:00
ab441b0d-e32a-4a5f-bc5e-bcbcabd9bd5d,fd8bfe88-c877-4b87-8f92-0d8d57b2a37b,2d47528b-98be-4d71-8091-03f80533eef0,8896298b-324b-48bb-8158-b3e5774644a0,343.24,INR,success,2026-05-29 20:55:34.445805+00:00
a01926be-7d0c-4bd5-b37f-8ff12f10ac47,fd8bfe88-c877-4b87-8f92-0d8d57b2a37b,2d47528b-98be-4d71-8091-03f80533eef0,8896298b-324b-48bb-8158-b3e5774644a0,698.17,INR,success,2026-05-29 21:55:10.892432+00:00
3da1839c-12a7-4ed0-95d0-aace314d5b32,fd8bfe88-c877-4b87-8f92-0d8d57b2a37b,2d47528b-98be-4d71-8091-03f80533eef0,8896298b-324b-48bb-8158-b3e5774644a0,875.35,INR,success,2026-05-30 08:57:28.195171+00:00
de0a0151-6831-414b-8f0e-501d67752135,fd8bfe88-c877-4b87-8f92-0d8d57b2a37b,2d47528b-98be-4d71-8091-03f80533eef0,8896298b-324b-48bb-8158-b3e5774644a0,1435.88,INR,success,2026-05-30 13:59:20.243357+00:00
b18153de-3155-4ab1-8e61-dc8e4926517d,c8aaaecd-3d3a-4c8d-b2ec-ab7639885d58,d68fecde-1b27-4738-8078-9f76f5eca6e5,68fed59d-3038-46ba-b44e-852382ab198a,3152.51,INR,success,2026-04-27 03:50:22.917648+00:00
783ddbb9-1e30-436e-b1b0-03a6bec60a75,c8aaaecd-3d3a-4c8d-b2ec-ab7639885d58,d68fecde-1b27-4738-8078-9f76f5eca6e5,68fed59d-3038-46ba-b44e-852382ab198a,2440.02,INR,success,2026-05-23 14:18:47.019296+00:00
76bbdd9f-29cd-4b11-b09e-3000dda67563,d61c6b1f-6b37-4fa3-9b94-f8ddc5a07074,40b9b5cc-7b0e-406c-bd20-72008420433f,01e418a6-6b61-46e5-b3cf-2db64cd54ec7,1300.55,INR,success,2026-05-17 09:57:38.005123+00:00
3925743a-54c1-4a7d-be88-4d3118a0455e,ae3e4923-3d0a-4f46-ba3f-2c0884a32820,02ecade0-45fd-4ce4-aab6-3e0452ea3aba,f94c8c63-2c2c-4b7d-ba36-dff7da8f6267,1128.76,INR,success,2026-03-12 04:14:37.785632+00:00
ccba78ae-319f-4478-b5ab-64d0b889b88a,ae3e4923-3d0a-4f46-ba3f-2c0884a32820,02ecade0-45fd-4ce4-aab6-3e0452ea3aba,f94c8c63-2c2c-4b7d-ba36-dff7da8f6267,1148.97,INR,success,2026-03-25 16:03:37.072098+00:00
d8505fc5-97f7-417b-9e7c-c28cd501ae84,ae3e4923-3d0a-4f46-ba3f-2c0884a32820,02ecade0-45fd-4ce4-aab6-3e0452ea3aba,f94c8c63-2c2c-4b7d-ba36-dff7da8f6267,1331.83,INR,success,2026-04-23 07:39:34.096667+00:00
d6921f46-94ae-470f-8de6-ecf4ef3e2b5a,ae3e4923-3d0a-4f46-ba3f-2c0884a32820,02ecade0-45fd-4ce4-aab6-3e0452ea3aba,f94c8c63-2c2c-4b7d-ba36-dff7da8f6267,1883.82,INR,success,2026-04-30 22:25:36.142213+00:00
46fa9ed1-fb4b-4e39-ad6f-7000abf5d401,ae3e4923-3d0a-4f46-ba3f-2c0884a32820,02ecade0-45fd-4ce4-aab6-3e0452ea3aba,f94c8c63-2c2c-4b7d-ba36-dff7da8f6267,1166.66,INR,success,2026-05-24 09:01:29.310478+00:00
e5d1789f-a360-49b8-870a-0127b4096811,333775d8-1d7a-40e8-b642-1b4d7a6bcf50,51001dde-b6b4-4139-854b-73ae0b3fb05f,ad02cd24-c267-4224-8f23-aa3994e2e833,667.12,INR,success,2026-05-19 22:06:03.668222+00:00
d72c5c53-1c50-4172-9da6-5d464b7d8689,333775d8-1d7a-40e8-b642-1b4d7a6bcf50,51001dde-b6b4-4139-854b-73ae0b3fb05f,ad02cd24-c267-4224-8f23-aa3994e2e833,174.17,INR,success,2026-05-23 08:36:24.098747+00:00
ced583f0-fc8b-4cca-bf04-520369b2d2b9,333775d8-1d7a-40e8-b642-1b4d7a6bcf50,51001dde-b6b4-4139-854b-73ae0b3fb05f,ad02cd24-c267-4224-8f23-aa3994e2e833,364.78,INR,success,2026-05-24 03:40:26.411637+00:00
16bc146a-794a-4200-8bd1-6a7cee41355b,755a511e-6c0e-44ac-b800-59cf9a60e7f0,d8e35c13-8753-4086-b026-48c096573163,c42a7210-a67f-48c4-8ed0-e17c679ac4fa,2566.41,INR,success,2026-04-18 01:51:28.760045+00:00
68a2aeb1-12c7-4177-ac16-98fb25767abb,755a511e-6c0e-44ac-b800-59cf9a60e7f0,d8e35c13-8753-4086-b026-48c096573163,c42a7210-a67f-48c4-8ed0-e17c679ac4fa,4496.3,INR,success,2026-04-18 15:51:20.773554+00:00
57137f24-7396-47a9-b751-d41f1f9668a2,755a511e-6c0e-44ac-b800-59cf9a60e7f0,d8e35c13-8753-4086-b026-48c096573163,c42a7210-a67f-48c4-8ed0-e17c679ac4fa,4195.93,INR,success,2026-04-18 17:03:19.629033+00:00
d38bf695-cce1-4a21-8527-e4124411174a,a1565da6-5af9-49de-98d9-219188851812,08325f6c-a0be-4c62-a2fc-983aa09926d3,c1452d95-deff-43c2-b702-9309b57a299c,2822.02,INR,success,2026-05-19 17:31:53.980717+00:00
6f6e27c6-5a59-4135-83b9-a6aaea36290f,ad0e4177-24a8-4318-92f5-2f2f3429ab1b,d54478a7-e964-4fc8-8ce7-0dec4108a55b,4ef9ecc7-06c2-440f-afb6-28eef39476b3,6941.48,INR,success,2026-05-27 01:14:12.611993+00:00
bb86e549-3df8-4f98-8895-f94e8c1c7728,f87e83ee-8002-4ebd-ab5d-042d9259a581,7781aeb8-32b1-4ffa-9bcb-7c2f1f4cce60,780d7269-e205-498b-a84b-d661eec7bd5a,1745.53,INR,success,2026-03-17 16:40:30.786839+00:00
2dae7e8f-64d1-44b0-b6ed-d9200f4ed113,f87e83ee-8002-4ebd-ab5d-042d9259a581,7781aeb8-32b1-4ffa-9bcb-7c2f1f4cce60,780d7269-e205-498b-a84b-d661eec7bd5a,1372.73,INR,success,2026-05-14 18:21:33.368809+00:00
8f33b978-6c8a-41cf-a357-fa8b71494e37,f87e83ee-8002-4ebd-ab5d-042d9259a581,7781aeb8-32b1-4ffa-9bcb-7c2f1f4cce60,780d7269-e205-498b-a84b-d661eec7bd5a,1266.17,INR,success,2026-05-31 23:53:16.806579+00:00
e4085b1e-c27d-460c-bfc3-7429ddf0b13f,343b537a-2108-4846-8fa1-aa38cf2d93c2,5af14e57-40aa-474c-a75f-7bbfbd24d3ef,2d193fce-d498-4c4b-bbde-e5ee71b0449b,1165.04,INR,success,2026-05-31 01:43:38.242768+00:00
39d3f3fc-a0ac-44ff-a2f0-7af24bb863ab,343b537a-2108-4846-8fa1-aa38cf2d93c2,5af14e57-40aa-474c-a75f-7bbfbd24d3ef,2d193fce-d498-4c4b-bbde-e5ee71b0449b,1182.15,INR,success,2026-05-31 07:29:02.442452+00:00
9626d780-c075-44a1-829f-c81b45ad72c1,343b537a-2108-4846-8fa1-aa38cf2d93c2,5af14e57-40aa-474c-a75f-7bbfbd24d3ef,2d193fce-d498-4c4b-bbde-e5ee71b0449b,1827.06,INR,success,2026-05-31 09:27:09.331622+00:00
6d9e39ac-206c-43a5-aa85-d299e5f69852,aed481f0-0f39-466e-b4a8-11bdf93efbf1,8cba0573-4296-4c08-a07f-d136920d6f99,08ffaa7d-60ff-44b3-bb45-e51acc50cba4,5507.61,INR,success,2026-03-29 12:04:09.449433+00:00
55e6e6d1-d021-4e44-b347-342ce93a90bb,2da5c281-c32c-4e2b-a7c2-f65469f53594,e8e6ab07-ca48-4d2e-b8f5-b138bca479e7,09441681-df74-4bee-8a62-348166378c59,1146.13,INR,success,2026-05-30 17:37:39.863712+00:00
5e19cc54-2917-4fb7-a852-dd0f1134b5a9,2da5c281-c32c-4e2b-a7c2-f65469f53594,e8e6ab07-ca48-4d2e-b8f5-b138bca479e7,09441681-df74-4bee-8a62-348166378c59,1226.72,INR,success,2026-05-31 08:41:03.812712+00:00
770e6272-a266-49f0-8788-2026969b23ac,4a84ae37-571b-4666-b096-cfdeb7bc6974,7f7f3782-20e4-44f4-a745-d7040a3e4557,b713fa2e-ba8d-4edc-b4a3-46962ca0bc37,6586.75,INR,success,2026-05-13 17:07:10.136505+00:00
0165a0e2-1bda-4fa8-9f18-7def7a2732c7,4a84ae37-571b-4666-b096-cfdeb7bc6974,7f7f3782-20e4-44f4-a745-d7040a3e4557,b713fa2e-ba8d-4edc-b4a3-46962ca0bc37,2032.59,INR,success,2026-05-14 15:49:57.207206+00:00
1ebcbf06-e344-4047-99f3-3ca77890f700,4a84ae37-571b-4666-b096-cfdeb7bc6974,7f7f3782-20e4-44f4-a745-d7040a3e4557,b713fa2e-ba8d-4edc-b4a3-46962ca0bc37,807.78,INR,success,2026-05-25 10:07:17.581602+00:00
f04bc4c0-f302-42a9-a222-ef77a8f3d91b,4a84ae37-571b-4666-b096-cfdeb7bc6974,7f7f3782-20e4-44f4-a745-d7040a3e4557,b713fa2e-ba8d-4edc-b4a3-46962ca0bc37,2205.67,INR,success,2026-05-25 17:41:06.585580+00:00
18990950-e997-42b4-acd6-a088898d7b52,4a84ae37-571b-4666-b096-cfdeb7bc6974,7f7f3782-20e4-44f4-a745-d7040a3e4557,b713fa2e-ba8d-4edc-b4a3-46962ca0bc37,104.43,INR,success,2026-05-27 23:17:27.755020+00:00
9b83eeba-bf54-48d1-8c34-f291cc37841c,1719c13c-62d2-4f6f-ab70-0b149838a572,58f5cfa7-b788-4657-af89-502fb79947c3,a3484233-872b-4e66-a3f5-f354c38a91f0,871.73,INR,success,2026-04-13 02:25:37.412003+00:00
da7c5be5-d6ef-4843-a5b2-e45a19a0eef2,1719c13c-62d2-4f6f-ab70-0b149838a572,58f5cfa7-b788-4657-af89-502fb79947c3,a3484233-872b-4e66-a3f5-f354c38a91f0,657.24,INR,success,2026-04-19 16:34:53.862326+00:00
8606f1f1-2729-49f9-8db9-6da7d5f605e3,1719c13c-62d2-4f6f-ab70-0b149838a572,58f5cfa7-b788-4657-af89-502fb79947c3,a3484233-872b-4e66-a3f5-f354c38a91f0,355.14,INR,success,2026-05-06 08:03:21.950221+00:00
164f68c4-1958-465d-9b72-ffbab0453562,1719c13c-62d2-4f6f-ab70-0b149838a572,58f5cfa7-b788-4657-af89-502fb79947c3,a3484233-872b-4e66-a3f5-f354c38a91f0,829.72,INR,success,2026-05-14 17:59:09.525175+00:00
3c00c68a-f0dc-426e-95c6-1c1501497e62,e5080624-b7b4-465e-a309-3843f88d4f08,e363fba9-20f8-473d-b6ba-1868b5272a53,8bd7ae89-1cfa-4ea1-802a-aa08d18822e3,3965.14,INR,success,2026-05-03 15:06:36.382161+00:00
36684f8b-57f2-4e85-b64b-e29969e10edc,e5080624-b7b4-465e-a309-3843f88d4f08,e363fba9-20f8-473d-b6ba-1868b5272a53,8bd7ae89-1cfa-4ea1-802a-aa08d18822e3,3178.02,INR,success,2026-05-10 09:02:40.828162+00:00
3402896e-e13d-458e-ba4d-17dc122fefdb,e5080624-b7b4-465e-a309-3843f88d4f08,e363fba9-20f8-473d-b6ba-1868b5272a53,8bd7ae89-1cfa-4ea1-802a-aa08d18822e3,2235.44,INR,success,2026-05-14 19:18:24.215438+00:00
49a7adf7-bf82-46e6-93a9-56b973a237fb,e5080624-b7b4-465e-a309-3843f88d4f08,e363fba9-20f8-473d-b6ba-1868b5272a53,8bd7ae89-1cfa-4ea1-802a-aa08d18822e3,3556.03,INR,success,2026-05-19 02:31:03.415500+00:00
79e002b8-0e8c-48ad-9f74-ba7fe4f9fa11,e5080624-b7b4-465e-a309-3843f88d4f08,e363fba9-20f8-473d-b6ba-1868b5272a53,8bd7ae89-1cfa-4ea1-802a-aa08d18822e3,4449.69,INR,success,2026-05-25 20:36:56.033994+00:00
70e982b6-296f-4e9c-9344-119312e774b3,902e988f-c02c-4f51-ba53-26725e69f4b6,e64fb7f4-b82a-426f-b447-cf10c77104cd,346007ac-3be3-42e9-a8f3-42fbfc3435fa,272.92,INR,success,2026-05-14 17:04:18.097112+00:00
c86faede-63b8-4ec5-bb5b-d9a007b046d5,902e988f-c02c-4f51-ba53-26725e69f4b6,e64fb7f4-b82a-426f-b447-cf10c77104cd,346007ac-3be3-42e9-a8f3-42fbfc3435fa,371.25,INR,success,2026-05-31 15:51:09.142685+00:00
906a966a-0821-4cc8-88c7-cab7ab7b2720,edf9b605-352e-4f52-91e8-2c82cb9db2b1,ca27c978-d390-4e4a-ac72-9a518647df1c,c17c663e-158c-4337-85f5-459e29461377,2474.26,INR,success,2026-03-09 16:48:45.762917+00:00
cbc5c6dd-59d7-4878-b5b7-53639afc5d99,edf9b605-352e-4f52-91e8-2c82cb9db2b1,ca27c978-d390-4e4a-ac72-9a518647df1c,c17c663e-158c-4337-85f5-459e29461377,3065.61,INR,success,2026-03-10 02:14:25.037084+00:00
3d500f34-29cb-4bbc-a8d8-a0f0ed0e1b00,edf9b605-352e-4f52-91e8-2c82cb9db2b1,ca27c978-d390-4e4a-ac72-9a518647df1c,c17c663e-158c-4337-85f5-459e29461377,2557.69,INR,success,2026-04-17 05:36:32.061473+00:00
f94c12c5-4464-44d9-821f-72213772e15b,edf9b605-352e-4f52-91e8-2c82cb9db2b1,ca27c978-d390-4e4a-ac72-9a518647df1c,c17c663e-158c-4337-85f5-459e29461377,1304.69,INR,success,2026-04-21 03:17:24.294014+00:00
2dad7a31-6515-4567-8a88-c402cf9fabd2,edf9b605-352e-4f52-91e8-2c82cb9db2b1,ca27c978-d390-4e4a-ac72-9a518647df1c,c17c663e-158c-4337-85f5-459e29461377,3137.97,INR,success,2026-05-29 14:49:29.756879+00:00
f3e32308-8cc9-4b5b-8b71-c3f48e6d355a,ec92dc33-6a57-4e6f-bc69-2a724db671ed,8f1254ca-ec55-450d-856a-d870f869c6d5,12a53569-7eee-4abe-91be-61cd6f72bbae,3950.06,INR,success,2026-05-09 20:23:19.123959+00:00
fffd5c8f-fe07-4854-a3f7-ae31709d0e8c,ec92dc33-6a57-4e6f-bc69-2a724db671ed,8f1254ca-ec55-450d-856a-d870f869c6d5,12a53569-7eee-4abe-91be-61cd6f72bbae,10.0,INR,success,2026-05-13 11:44:07.136629+00:00
7990306d-31de-4172-b020-59ba2a7abbc1,d7d149bb-04a5-498f-9ae9-f12e837a1306,46e12641-79e5-4cc4-ba09-b0778a5cebe7,0961e159-893f-47fe-b7c6-639c3f790aee,1136.2,INR,success,2026-04-27 23:31:36.647898+00:00
49fb7f2c-8a74-4979-8ba2-02ade6a78971,d7d149bb-04a5-498f-9ae9-f12e837a1306,46e12641-79e5-4cc4-ba09-b0778a5cebe7,0961e159-893f-47fe-b7c6-639c3f790aee,6715.39,INR,success,2026-04-28 00:59:09.993908+00:00
247e63fd-552a-4f52-8a42-ad1c029ac19e,d7d149bb-04a5-498f-9ae9-f12e837a1306,46e12641-79e5-4cc4-ba09-b0778a5cebe7,0961e159-893f-47fe-b7c6-639c3f790aee,10.0,INR,success,2026-04-29 00:28:25.506164+00:00
857706d4-9a71-4cba-9e9b-f1f8dbe92965,a704f11a-fa8c-495b-80bb-3a457d29ef27,ade61720-6941-4695-a1ee-4ec1c3c6e940,fb94faa8-54c0-4702-bb9e-b776f9e2fbb9,4105.78,INR,success,2026-04-17 08:14:21.145839+00:00
830595ac-f4fe-4f1f-b5ed-6c9be803bd27,a704f11a-fa8c-495b-80bb-3a457d29ef27,ade61720-6941-4695-a1ee-4ec1c3c6e940,fb94faa8-54c0-4702-bb9e-b776f9e2fbb9,2994.81,INR,success,2026-04-24 15:01:14.779120+00:00
9180f5bd-7c94-48a7-904b-0710670f9fed,a704f11a-fa8c-495b-80bb-3a457d29ef27,ade61720-6941-4695-a1ee-4ec1c3c6e940,fb94faa8-54c0-4702-bb9e-b776f9e2fbb9,3724.11,INR,success,2026-05-02 15:29:48.191027+00:00
454ffd6e-52f5-429f-8264-d13086063f4a,a704f11a-fa8c-495b-80bb-3a457d29ef27,ade61720-6941-4695-a1ee-4ec1c3c6e940,fb94faa8-54c0-4702-bb9e-b776f9e2fbb9,4152.64,INR,success,2026-05-20 14:04:27.644927+00:00
c8a3e05c-ad89-4e93-b486-610e0afeedfe,5a158057-2e22-4b54-9718-6617f2593e45,4a4f4cf1-a407-4c97-bdd8-de1f4e45ee55,03fa5b72-598c-4f42-bf25-123e93b5b273,4699.14,INR,success,2026-05-02 01:45:44.716692+00:00
6da0bc62-5345-4e8a-ad7a-4ee23bdf5204,5a158057-2e22-4b54-9718-6617f2593e45,4a4f4cf1-a407-4c97-bdd8-de1f4e45ee55,03fa5b72-598c-4f42-bf25-123e93b5b273,1265.99,INR,success,2026-05-07 11:45:30.714766+00:00
e304402a-6b66-47ed-9ea8-37305b8c7363,5a158057-2e22-4b54-9718-6617f2593e45,4a4f4cf1-a407-4c97-bdd8-de1f4e45ee55,03fa5b72-598c-4f42-bf25-123e93b5b273,5504.7,INR,success,2026-05-14 11:06:23.164915+00:00
3d964a22-cd24-4928-b8d4-91fede71ff1d,5a158057-2e22-4b54-9718-6617f2593e45,4a4f4cf1-a407-4c97-bdd8-de1f4e45ee55,03fa5b72-598c-4f42-bf25-123e93b5b273,1013.8,INR,success,2026-05-29 08:17:51.580040+00:00
35ee68a9-df72-4fcb-8716-8f7a922cd5c7,5a158057-2e22-4b54-9718-6617f2593e45,4a4f4cf1-a407-4c97-bdd8-de1f4e45ee55,03fa5b72-598c-4f42-bf25-123e93b5b273,559.65,INR,success,2026-05-30 13:07:54.147859+00:00
69c2b6da-7e93-4fde-ba49-276f272a65a0,74eeebd8-8b8b-4667-8d16-e8cb1994b72d,e6d311b4-3811-482f-9e7f-cffab3cc2ed3,b6a3c275-99c1-409a-a8ee-847b89321303,3668.95,INR,success,2026-03-14 19:18:35.514006+00:00
2bd56455-a8ab-4b34-ad20-733b7130a4a3,74eeebd8-8b8b-4667-8d16-e8cb1994b72d,e6d311b4-3811-482f-9e7f-cffab3cc2ed3,b6a3c275-99c1-409a-a8ee-847b89321303,1786.08,INR,success,2026-04-30 21:06:17.474709+00:00
73b06fe3-351c-4e58-bfc7-8bafc1f6a924,74eeebd8-8b8b-4667-8d16-e8cb1994b72d,e6d311b4-3811-482f-9e7f-cffab3cc2ed3,b6a3c275-99c1-409a-a8ee-847b89321303,2134.14,INR,success,2026-05-04 10:47:33.374258+00:00
49cd334c-0374-442c-b773-afebdebc4f6f,74eeebd8-8b8b-4667-8d16-e8cb1994b72d,e6d311b4-3811-482f-9e7f-cffab3cc2ed3,b6a3c275-99c1-409a-a8ee-847b89321303,2839.25,INR,success,2026-05-05 00:08:31.000625+00:00
2de06ffd-c32e-42cf-a624-80539095c85b,74eeebd8-8b8b-4667-8d16-e8cb1994b72d,e6d311b4-3811-482f-9e7f-cffab3cc2ed3,b6a3c275-99c1-409a-a8ee-847b89321303,1878.08,INR,success,2026-05-19 06:09:55.790661+00:00
861a77fe-10ac-4fe4-9492-9d38255a3bf1,df7af484-360f-4965-8a7e-81dc3f85fdce,f8aa2dee-38c0-45b8-8ab1-faf09d0e21bf,da2b01ec-bf1d-4530-953a-4e322eec25dd,474.37,INR,success,2026-03-20 16:48:43.528683+00:00
7289a039-476a-4c74-beff-3dbfbac62c78,df7af484-360f-4965-8a7e-81dc3f85fdce,f8aa2dee-38c0-45b8-8ab1-faf09d0e21bf,da2b01ec-bf1d-4530-953a-4e322eec25dd,613.06,INR,success,2026-04-11 19:51:00.840865+00:00
1671ea08-a611-481b-8ae6-d729a43b2f3c,a2ebaee1-3472-4241-a6e5-c06dd4e8a214,f783fe41-3816-41a7-9293-408b5e75fb23,52977419-a0e5-4f84-ab96-b2f2ad61bc82,1693.67,INR,success,2026-04-07 01:43:00.970673+00:00
7dcbe975-8b5a-4487-9f57-74de1a3b7618,a2ebaee1-3472-4241-a6e5-c06dd4e8a214,f783fe41-3816-41a7-9293-408b5e75fb23,52977419-a0e5-4f84-ab96-b2f2ad61bc82,1780.49,INR,success,2026-04-08 07:53:02.553804+00:00
d08d84a8-62a5-4a5d-beb5-54b8aa9e6f46,6b38facb-82dd-432f-a3be-75f1e6d77320,328073f4-02d0-492c-bf44-b0a943940b6e,f837b4fc-00d4-4e78-9b65-3a95f877eba5,3020.41,INR,success,2026-05-09 20:58:28.167072+00:00
4e98895f-74c0-4de0-8267-5e6a258609f4,6888f6b7-c192-436f-83e3-bc58a532b5ab,13f2ef8b-2eb7-4d5e-af60-b63e70e778ab,f4cfd8f1-f6fd-4d4a-a75b-ed50a3bdc2a8,3130.02,INR,success,2026-05-15 07:35:40.616044+00:00
55d79033-3ada-47da-8f59-8239bfb0f41c,6888f6b7-c192-436f-83e3-bc58a532b5ab,13f2ef8b-2eb7-4d5e-af60-b63e70e778ab,f4cfd8f1-f6fd-4d4a-a75b-ed50a3bdc2a8,3338.86,INR,success,2026-05-20 10:24:51.482679+00:00
edd041f1-af70-4598-801a-ef2ae7d61073,6888f6b7-c192-436f-83e3-bc58a532b5ab,13f2ef8b-2eb7-4d5e-af60-b63e70e778ab,f4cfd8f1-f6fd-4d4a-a75b-ed50a3bdc2a8,2675.14,INR,success,2026-05-22 11:35:33.737452+00:00
7a5180fb-98b7-416a-b017-13154d3ac67f,6888f6b7-c192-436f-83e3-bc58a532b5ab,13f2ef8b-2eb7-4d5e-af60-b63e70e778ab,f4cfd8f1-f6fd-4d4a-a75b-ed50a3bdc2a8,3628.23,INR,success,2026-05-29 11:14:56.790041+00:00
b1fab614-da0f-4347-ae96-b85abd158c04,6888f6b7-c192-436f-83e3-bc58a532b5ab,13f2ef8b-2eb7-4d5e-af60-b63e70e778ab,f4cfd8f1-f6fd-4d4a-a75b-ed50a3bdc2a8,3251.21,INR,success,2026-05-30 15:08:52.093007+00:00
a33ec817-33bb-457c-9cf5-3d108f808272,442f3cf1-a070-4d39-9b9d-982ccb497329,5f0a9550-7f7b-47e3-b1c5-e9dd2317b16a,e4e74cd6-95af-4f94-919e-8ff8e3832a38,2504.22,INR,success,2026-05-29 09:05:33.159117+00:00
eebfad8a-3127-4695-b21c-9ca81aa32c6e,442f3cf1-a070-4d39-9b9d-982ccb497329,5f0a9550-7f7b-47e3-b1c5-e9dd2317b16a,e4e74cd6-95af-4f94-919e-8ff8e3832a38,1154.51,INR,success,2026-05-30 23:15:24.727601+00:00
46231615-64a0-43c9-8289-2d0f665d08b0,740e57f1-c38f-4dc0-87f0-f48453109a05,976a846f-25be-4edd-bef2-84767fc11bcd,8dfc4983-b232-4b1b-bcc7-3af6d17d372b,2097.78,INR,success,2026-05-17 10:07:21.334658+00:00
c90f9add-38fd-403e-a14c-c5038aba987b,740e57f1-c38f-4dc0-87f0-f48453109a05,976a846f-25be-4edd-bef2-84767fc11bcd,8dfc4983-b232-4b1b-bcc7-3af6d17d372b,1940.91,INR,success,2026-05-26 02:23:48.885918+00:00
b0ae0020-d4ca-4d12-9f1c-7df19e757dc4,7742331e-1c56-462c-ac9a-0f51a95ccba4,a2fae5b7-55a3-4536-becf-2d5afe8ed938,9ead0762-1362-4f6c-8e7a-8010366bc467,870.1,INR,success,2026-03-27 17:58:06.852440+00:00
fa030046-bf1d-4dbe-9033-2a5498919d8e,7742331e-1c56-462c-ac9a-0f51a95ccba4,a2fae5b7-55a3-4536-becf-2d5afe8ed938,9ead0762-1362-4f6c-8e7a-8010366bc467,544.25,INR,success,2026-05-26 06:10:35.408252+00:00
cf7526ac-7f17-4397-ba1a-c311c02baab5,7742331e-1c56-462c-ac9a-0f51a95ccba4,a2fae5b7-55a3-4536-becf-2d5afe8ed938,9ead0762-1362-4f6c-8e7a-8010366bc467,422.55,INR,success,2026-05-30 20:58:28.364424+00:00
8eef677d-23cd-4cf8-9b45-ce1c317d6110,78b60b2a-56d5-4610-96ca-fed3d71d7a74,43113468-59ba-4cac-93d7-38eaea9da1d5,f7055b48-0fa2-4a95-8d65-4f217d0e0db3,1003.68,INR,success,2026-04-21 04:35:04.019448+00:00
a30841a3-add3-4ce4-9847-27689876b0aa,78b60b2a-56d5-4610-96ca-fed3d71d7a74,43113468-59ba-4cac-93d7-38eaea9da1d5,f7055b48-0fa2-4a95-8d65-4f217d0e0db3,1046.76,INR,success,2026-05-05 16:16:55.923608+00:00
7abc1ef0-c576-453b-a2bd-0d5f53c2ab5a,78b60b2a-56d5-4610-96ca-fed3d71d7a74,43113468-59ba-4cac-93d7-38eaea9da1d5,f7055b48-0fa2-4a95-8d65-4f217d0e0db3,797.73,INR,success,2026-05-13 18:06:36.328821+00:00
fc35c9ca-ddde-4f1d-abe2-dcd6db6404c3,78b60b2a-56d5-4610-96ca-fed3d71d7a74,43113468-59ba-4cac-93d7-38eaea9da1d5,f7055b48-0fa2-4a95-8d65-4f217d0e0db3,1536.06,INR,success,2026-05-23 21:04:20.783294+00:00
41204192-c593-4d57-8d5d-838abb58580a,78b60b2a-56d5-4610-96ca-fed3d71d7a74,43113468-59ba-4cac-93d7-38eaea9da1d5,f7055b48-0fa2-4a95-8d65-4f217d0e0db3,842.22,INR,success,2026-05-31 00:23:54.326760+00:00
c7ffefa9-4807-4e96-a5b8-42b99a04aec7,1dffb0d5-3732-447c-ab6a-301581b2c9a4,e40b5ab9-5f82-4959-940f-bb9d9a0b94a9,c62140c6-15f3-4cde-8d9e-ccb097af515f,989.32,INR,success,2026-05-14 17:41:46.754290+00:00
9e04f509-4651-43fb-81c8-7122d0eb79f0,1dffb0d5-3732-447c-ab6a-301581b2c9a4,e40b5ab9-5f82-4959-940f-bb9d9a0b94a9,c62140c6-15f3-4cde-8d9e-ccb097af515f,639.18,INR,success,2026-05-28 07:49:22.084498+00:00
6427f253-d03d-4d84-bf77-d5ddef337e58,1dffb0d5-3732-447c-ab6a-301581b2c9a4,e40b5ab9-5f82-4959-940f-bb9d9a0b94a9,c62140c6-15f3-4cde-8d9e-ccb097af515f,3398.77,INR,success,2026-05-29 16:10:29.265542+00:00
d046e9f3-1333-4996-8278-033ef98f50ea,1dffb0d5-3732-447c-ab6a-301581b2c9a4,e40b5ab9-5f82-4959-940f-bb9d9a0b94a9,c62140c6-15f3-4cde-8d9e-ccb097af515f,1009.85,INR,success,2026-05-30 16:12:07.249948+00:00
5ca0841a-8b88-4c4e-a668-62e20e33647c,1dffb0d5-3732-447c-ab6a-301581b2c9a4,e40b5ab9-5f82-4959-940f-bb9d9a0b94a9,c62140c6-15f3-4cde-8d9e-ccb097af515f,2898.48,INR,success,2026-05-31 22:09:32.783358+00:00
3fcfe1e6-8005-4be8-8930-8746ae3d8f19,bf3d598a-d8a0-4e6c-b209-7ad38f78afce,772f09a1-2290-4a07-8e41-e8211dbeff5c,b2befdf7-2519-4aed-ac4b-3713dc9473b8,965.56,INR,success,2026-05-17 09:59:53.655597+00:00
3215c4f9-5784-4ab5-8361-76aa37a06951,bf3d598a-d8a0-4e6c-b209-7ad38f78afce,772f09a1-2290-4a07-8e41-e8211dbeff5c,b2befdf7-2519-4aed-ac4b-3713dc9473b8,461.62,INR,success,2026-05-18 18:24:56.545529+00:00
0cee9602-aa7a-47d9-ba08-ee74cbbdc1fb,bf3d598a-d8a0-4e6c-b209-7ad38f78afce,772f09a1-2290-4a07-8e41-e8211dbeff5c,b2befdf7-2519-4aed-ac4b-3713dc9473b8,211.36,INR,success,2026-05-29 06:32:31.162217+00:00
d2761d0e-7be8-43f3-b656-41d420d2486d,9870526a-bad6-4852-abdc-bc7ef1330068,69bc350f-669a-4ec4-b70c-1b2f90ce6965,e27d4436-436d-4c4e-b650-36d70e4d66d7,10.0,INR,success,2026-04-23 12:19:20.650103+00:00
ce9724ae-7ccf-46a7-b7fa-63bbb5a8176e,9870526a-bad6-4852-abdc-bc7ef1330068,69bc350f-669a-4ec4-b70c-1b2f90ce6965,e27d4436-436d-4c4e-b650-36d70e4d66d7,525.6,INR,success,2026-05-29 09:01:27.392274+00:00
e78d1374-4352-432f-8733-bd691ea50359,0ce32548-f436-4fe1-aa98-b2b7aab02f1b,fc0d3cfc-92f8-464c-b6ae-5426b0e6b29c,7b505aff-5fb6-46a3-b4f8-455121cb0e1c,3517.99,INR,success,2026-05-25 23:54:20.563594+00:00
faf1f973-460a-4241-a8a8-896a1cd63c32,0ce32548-f436-4fe1-aa98-b2b7aab02f1b,fc0d3cfc-92f8-464c-b6ae-5426b0e6b29c,7b505aff-5fb6-46a3-b4f8-455121cb0e1c,1748.81,INR,success,2026-05-29 00:08:38.881964+00:00
234e8bb5-a245-4afd-af22-7cf27112084d,8da82cc5-f8ee-461e-8c4a-824a69c99ee6,038e0b7b-0811-4dba-9e58-618a4f4e2239,16b8af06-95cc-46fe-9843-dab9134df9a0,511.78,INR,success,2026-04-01 21:27:38.971311+00:00
cba15253-816e-47aa-af22-26f3a1dc6f4e,8da82cc5-f8ee-461e-8c4a-824a69c99ee6,038e0b7b-0811-4dba-9e58-618a4f4e2239,16b8af06-95cc-46fe-9843-dab9134df9a0,1544.41,INR,success,2026-05-25 02:46:50.244102+00:00
68bb0acf-24fa-438c-b527-2758e9822e9a,73f25cf8-dc3c-4d76-977d-7e28b1ff4f64,f50bbbe2-e9d5-49e8-a489-e35f64148a16,94c6b130-6ff9-4d07-ac3e-6104ee20e6c7,6528.53,INR,success,2026-05-26 08:20:37.491795+00:00
837d17b8-4ee5-45f8-93f7-46230774d86d,73f25cf8-dc3c-4d76-977d-7e28b1ff4f64,f50bbbe2-e9d5-49e8-a489-e35f64148a16,94c6b130-6ff9-4d07-ac3e-6104ee20e6c7,2135.75,INR,success,2026-05-28 09:29:09.184881+00:00
2c9ac79d-fe6d-4196-8eb4-c889784e3ca5,73f25cf8-dc3c-4d76-977d-7e28b1ff4f64,f50bbbe2-e9d5-49e8-a489-e35f64148a16,94c6b130-6ff9-4d07-ac3e-6104ee20e6c7,2521.38,INR,success,2026-05-29 17:58:22.230665+00:00
4ec5bead-609f-4a67-9787-fb00ebad385b,73f25cf8-dc3c-4d76-977d-7e28b1ff4f64,f50bbbe2-e9d5-49e8-a489-e35f64148a16,94c6b130-6ff9-4d07-ac3e-6104ee20e6c7,4902.03,INR,success,2026-05-31 12:14:09.955370+00:00
2eb93b10-8302-416f-953d-e01eb19f9463,0b9a81e2-8c54-4910-be51-835d700e013f,ba2286d9-6523-49e4-a2a6-2fd9b2596112,64ff6f14-00dc-4ca0-bc39-c998b77a9802,1933.94,INR,success,2026-05-22 06:58:13.837385+00:00
c3c336d4-ab4f-4dae-8c0a-80bfc616ec58,0b9a81e2-8c54-4910-be51-835d700e013f,ba2286d9-6523-49e4-a2a6-2fd9b2596112,64ff6f14-00dc-4ca0-bc39-c998b77a9802,1510.17,INR,success,2026-05-24 18:35:20.592055+00:00
0c6c7d7d-98c9-41da-8d96-307ad9f79b3c,0b9a81e2-8c54-4910-be51-835d700e013f,ba2286d9-6523-49e4-a2a6-2fd9b2596112,64ff6f14-00dc-4ca0-bc39-c998b77a9802,561.71,INR,success,2026-05-29 00:40:26.892808+00:00
d83fb236-cb65-49c8-a2f5-f35b4ce3cd30,0eb3e407-885f-4f65-b4d8-b88b0ddba89c,c411fab4-1acf-483f-944d-cd5bcbfde2c5,770a348c-d4d6-4acf-af09-bdbae0c1c970,394.42,INR,success,2026-05-15 17:45:38.652015+00:00
65e5ddef-587b-48d1-aee3-49a6d3281578,0eb3e407-885f-4f65-b4d8-b88b0ddba89c,c411fab4-1acf-483f-944d-cd5bcbfde2c5,770a348c-d4d6-4acf-af09-bdbae0c1c970,384.18,INR,success,2026-05-17 02:08:13.165679+00:00
a7e4aec6-6884-478b-8eb9-86a47e58ccc8,0eb3e407-885f-4f65-b4d8-b88b0ddba89c,c411fab4-1acf-483f-944d-cd5bcbfde2c5,770a348c-d4d6-4acf-af09-bdbae0c1c970,1096.77,INR,success,2026-05-23 15:21:29.827326+00:00
59c9d5f2-1e50-4c97-9c1c-ff9be27841aa,a54505db-fb8c-44e2-8b4b-f3ea84e845f2,25b2d0c7-2db7-44d8-a5a8-873816c3babe,d6eafa02-816f-4257-b2e2-0e15650c603a,6352.95,INR,success,2026-03-21 04:47:44.153537+00:00
519b8728-1aef-40e3-ae37-bd0464043943,a54505db-fb8c-44e2-8b4b-f3ea84e845f2,25b2d0c7-2db7-44d8-a5a8-873816c3babe,d6eafa02-816f-4257-b2e2-0e15650c603a,3744.31,INR,success,2026-04-23 17:03:06.472742+00:00
ac259b3d-f6b6-4c07-853a-3b2aa864f192,a54505db-fb8c-44e2-8b4b-f3ea84e845f2,25b2d0c7-2db7-44d8-a5a8-873816c3babe,d6eafa02-816f-4257-b2e2-0e15650c603a,3952.72,INR,success,2026-05-02 15:43:41.895167+00:00
960c8b8a-1960-4113-91df-4dd9cfb3c547,662cea6e-b60d-4b0a-bb91-008bf220d4ca,51b0bc6f-c48d-4a18-93cc-3234de45d507,587b1c03-c462-4cd7-9495-4ea78915ce2e,3296.97,INR,success,2026-05-25 13:39:50.333338+00:00
98674ac8-09a2-4543-9dbe-fdd853de24a4,662cea6e-b60d-4b0a-bb91-008bf220d4ca,51b0bc6f-c48d-4a18-93cc-3234de45d507,587b1c03-c462-4cd7-9495-4ea78915ce2e,2337.13,INR,success,2026-05-28 06:57:45.317502+00:00
cf9e3221-7b40-4f00-9035-a850c1b4958b,662cea6e-b60d-4b0a-bb91-008bf220d4ca,51b0bc6f-c48d-4a18-93cc-3234de45d507,587b1c03-c462-4cd7-9495-4ea78915ce2e,2911.19,INR,success,2026-05-28 20:35:30.218205+00:00
d567fc60-e9ed-4129-ad40-05235c0dd448,2faa5964-0365-4353-a9f3-1839f3542855,66d9edc2-c40c-4b4b-9c53-7a0a50e434b3,8b933e97-33f0-47df-b621-6a81291652a2,693.59,INR,success,2026-05-26 09:37:28.166870+00:00
60757e67-4752-4957-b9d0-08d820c7fbd8,86d64efd-1f59-4427-bc75-52acfe750abe,340ae865-4293-424c-83fa-91dea5eb17d6,65f15530-ff11-494b-a29d-06d705fcacbb,269.98,INR,success,2026-04-19 13:01:10.066539+00:00
71ef0f1b-c1ff-4bf3-8b22-e900e283279e,86d64efd-1f59-4427-bc75-52acfe750abe,340ae865-4293-424c-83fa-91dea5eb17d6,65f15530-ff11-494b-a29d-06d705fcacbb,676.28,INR,success,2026-04-21 21:08:22.140247+00:00
59f7aaf9-1a0f-4191-8166-ed1b78b77d1e,86d64efd-1f59-4427-bc75-52acfe750abe,340ae865-4293-424c-83fa-91dea5eb17d6,65f15530-ff11-494b-a29d-06d705fcacbb,10.0,INR,success,2026-04-28 18:38:56.848273+00:00
259cc2fd-469c-4688-98fb-5f4c2bf28c61,86d64efd-1f59-4427-bc75-52acfe750abe,340ae865-4293-424c-83fa-91dea5eb17d6,65f15530-ff11-494b-a29d-06d705fcacbb,18.79,INR,success,2026-05-09 00:08:01.765683+00:00
52ddada5-8679-467d-91d0-ebb6b49deefd,86d64efd-1f59-4427-bc75-52acfe750abe,340ae865-4293-424c-83fa-91dea5eb17d6,65f15530-ff11-494b-a29d-06d705fcacbb,702.04,INR,success,2026-05-10 05:36:51.464455+00:00
6e02a243-120b-4477-b02d-a3653f19d4d1,20304303-5572-4e8c-b37f-ec7548013084,7322a2c7-9442-4967-b19b-67e69f850327,c53ca7b3-9266-430e-a1be-2b5528121d8e,3126.21,INR,success,2026-04-29 15:31:46.191667+00:00
4b2531b7-903c-4c72-b90a-13e5e5dc79e6,42c5eb8c-e1ad-482a-9883-7f57151a6ddf,d8e26da3-bc8a-403f-aa39-291dae128e8c,08474364-6dc8-413d-9ff3-068a6041f69d,223.22,INR,success,2026-03-20 14:51:37.280366+00:00
d96fc9c0-3423-4ed4-8055-e53ad4a8f55f,d7c7627b-c5b9-41c2-b52f-8f17afcdcaf8,0ffdfaf1-4b5d-4277-b07a-57edfbcc7d98,24783a66-ef1d-4ec5-a30c-4f6078446175,3018.49,INR,success,2026-05-20 15:55:27.336464+00:00
a7cb4268-c824-4252-ad63-ee4edfb1bb94,d7c7627b-c5b9-41c2-b52f-8f17afcdcaf8,0ffdfaf1-4b5d-4277-b07a-57edfbcc7d98,24783a66-ef1d-4ec5-a30c-4f6078446175,3140.06,INR,success,2026-05-22 03:56:32.317334+00:00
eba96843-de6f-4d63-af09-f570970b48ca,d7c7627b-c5b9-41c2-b52f-8f17afcdcaf8,0ffdfaf1-4b5d-4277-b07a-57edfbcc7d98,24783a66-ef1d-4ec5-a30c-4f6078446175,1277.16,INR,success,2026-05-25 21:25:33.894811+00:00
b928e401-2db9-4e92-ae0b-cc07419fc555,d7c7627b-c5b9-41c2-b52f-8f17afcdcaf8,0ffdfaf1-4b5d-4277-b07a-57edfbcc7d98,24783a66-ef1d-4ec5-a30c-4f6078446175,1564.03,INR,success,2026-05-27 04:50:46.429397+00:00
2d9d4887-4fad-4dca-928d-2439cc60d328,ed92269a-f245-46a4-97c0-866b2a1f5bb2,4feedb7e-dbcb-47ae-91c2-d49af0abaafc,032556fa-5fd2-4af4-a8a6-735ce1280c92,528.96,INR,success,2026-04-02 06:23:50.107947+00:00
67bb82a3-cd2d-42de-b0b9-14b3559f2f74,ed92269a-f245-46a4-97c0-866b2a1f5bb2,4feedb7e-dbcb-47ae-91c2-d49af0abaafc,032556fa-5fd2-4af4-a8a6-735ce1280c92,122.31,INR,success,2026-04-23 13:18:07.132786+00:00
c69ad6e2-28b6-45dc-97e1-8dcf69f9796b,ed92269a-f245-46a4-97c0-866b2a1f5bb2,4feedb7e-dbcb-47ae-91c2-d49af0abaafc,032556fa-5fd2-4af4-a8a6-735ce1280c92,3324.92,INR,success,2026-04-24 13:15:28.160648+00:00
59688dcf-8499-43c0-b634-6f9d3fc1c10e,b81d54c4-b57f-42aa-8125-9dd27b3225aa,a64e66a0-c60b-41c1-b651-ef7e5f00548b,148261ce-b79b-441b-b168-1b0bec310ac0,1883.5,INR,success,2026-05-16 19:29:48.590158+00:00
c792bb1b-9db0-4347-b925-a49c11f8412b,b81d54c4-b57f-42aa-8125-9dd27b3225aa,a64e66a0-c60b-41c1-b651-ef7e5f00548b,148261ce-b79b-441b-b168-1b0bec310ac0,1780.76,INR,success,2026-05-22 22:03:04.970452+00:00
368d4510-9399-40c6-8ef3-ede68cf12db4,b81d54c4-b57f-42aa-8125-9dd27b3225aa,a64e66a0-c60b-41c1-b651-ef7e5f00548b,148261ce-b79b-441b-b168-1b0bec310ac0,2193.56,INR,success,2026-05-23 19:45:41.275640+00:00
7da8cf2d-893c-4000-8e1f-5940b953a3e3,b81d54c4-b57f-42aa-8125-9dd27b3225aa,a64e66a0-c60b-41c1-b651-ef7e5f00548b,148261ce-b79b-441b-b168-1b0bec310ac0,515.21,INR,success,2026-05-28 06:30:11.053576+00:00
b07e9e13-19c1-411e-b933-c712d69594b0,d721369b-d247-4e0f-b91b-8b963cfab784,8336415d-450d-4832-a2bb-51bc362c3939,fdabec12-f3a6-4526-a5a9-34d9bb596280,1441.7,INR,success,2026-04-05 15:25:33.638935+00:00
692894d1-7e26-4bb2-b82d-4f4790d6df56,d721369b-d247-4e0f-b91b-8b963cfab784,8336415d-450d-4832-a2bb-51bc362c3939,fdabec12-f3a6-4526-a5a9-34d9bb596280,1987.63,INR,success,2026-04-14 04:50:53.529396+00:00
1b5c474e-65cc-4d8b-85da-be96a2053eee,d721369b-d247-4e0f-b91b-8b963cfab784,8336415d-450d-4832-a2bb-51bc362c3939,fdabec12-f3a6-4526-a5a9-34d9bb596280,1400.99,INR,success,2026-04-17 17:08:43.280619+00:00
6f47dd59-f98a-4530-ae65-cffc8f774993,d721369b-d247-4e0f-b91b-8b963cfab784,8336415d-450d-4832-a2bb-51bc362c3939,fdabec12-f3a6-4526-a5a9-34d9bb596280,432.85,INR,success,2026-05-07 10:35:57.326052+00:00
6fd3f8e0-1e12-4fc8-9d94-a4f73c8ee4bd,d721369b-d247-4e0f-b91b-8b963cfab784,8336415d-450d-4832-a2bb-51bc362c3939,fdabec12-f3a6-4526-a5a9-34d9bb596280,1840.33,INR,success,2026-05-25 19:23:46.137156+00:00
f23e6d18-c10f-4812-855d-1eea6bae2645,6602c572-3926-4a2a-8e23-2b85ed896eca,ab1d2361-573d-45a9-9875-2fce7bf7a020,47274076-9127-4d7c-bdc4-7dd0c47602bc,1848.37,INR,success,2026-05-09 16:17:09.398643+00:00
a4ac05ba-5695-400d-92dd-ab791c31af6e,e02a2a02-0e24-4ce2-9a9f-5d50b6aa7f4d,dbf3b051-3d12-4df2-a10f-3779c3c9a0b7,1f0ff422-3c4c-49d2-b42b-8783a396cff9,3423.44,INR,success,2026-04-28 01:44:15.921297+00:00
f031000a-3f6d-4d5b-8929-a7651f29acd5,e02a2a02-0e24-4ce2-9a9f-5d50b6aa7f4d,dbf3b051-3d12-4df2-a10f-3779c3c9a0b7,1f0ff422-3c4c-49d2-b42b-8783a396cff9,3600.87,INR,success,2026-05-11 06:04:01.188515+00:00
09bd272f-b9c7-4edd-b310-ada799b76f20,e02a2a02-0e24-4ce2-9a9f-5d50b6aa7f4d,dbf3b051-3d12-4df2-a10f-3779c3c9a0b7,1f0ff422-3c4c-49d2-b42b-8783a396cff9,897.26,INR,success,2026-05-27 02:37:28.416180+00:00
6bfaa74e-d62d-46e1-942c-d78807937d08,e02a2a02-0e24-4ce2-9a9f-5d50b6aa7f4d,dbf3b051-3d12-4df2-a10f-3779c3c9a0b7,1f0ff422-3c4c-49d2-b42b-8783a396cff9,5295.48,INR,success,2026-05-27 18:25:09.427519+00:00
53133d7b-6e9c-48de-a6a1-3204c611da62,e02a2a02-0e24-4ce2-9a9f-5d50b6aa7f4d,dbf3b051-3d12-4df2-a10f-3779c3c9a0b7,1f0ff422-3c4c-49d2-b42b-8783a396cff9,4301.21,INR,success,2026-05-31 16:58:57.668478+00:00
a8c09683-41da-4f79-a139-dc13e09cec78,ea4eec02-ecb7-4b7f-bb34-562171e0471f,c0715f8b-16ed-4d42-a1b8-ea30c82c267c,5ed6e411-ef98-4c84-998a-58aa1e7345c9,2362.56,INR,success,2026-04-05 20:03:55.384778+00:00
1ec8018d-464c-460c-aa66-fd4a83d70dbf,ea4eec02-ecb7-4b7f-bb34-562171e0471f,c0715f8b-16ed-4d42-a1b8-ea30c82c267c,5ed6e411-ef98-4c84-998a-58aa1e7345c9,5442.01,INR,success,2026-04-07 09:53:51.239926+00:00
de1c246e-0fd1-42f3-a774-35b211646009,ea4eec02-ecb7-4b7f-bb34-562171e0471f,c0715f8b-16ed-4d42-a1b8-ea30c82c267c,5ed6e411-ef98-4c84-998a-58aa1e7345c9,1627.69,INR,success,2026-05-12 10:22:30.333770+00:00
a5d7c6b0-a7b0-4151-9697-e4684bef56a8,ea4eec02-ecb7-4b7f-bb34-562171e0471f,c0715f8b-16ed-4d42-a1b8-ea30c82c267c,5ed6e411-ef98-4c84-998a-58aa1e7345c9,5126.32,INR,success,2026-05-28 20:18:55.406559+00:00
3e6453d6-7f09-47a1-934a-a52ce255edea,98fe2daa-a301-4ae6-bde1-5a539fac5ab4,8e881963-df68-4b5b-ab8c-de956a213542,5e977cd8-e33d-425b-bf00-ed5c99cca7b1,6636.87,INR,success,2026-05-22 02:41:52.157352+00:00
db6b07ba-2189-46f1-986b-48a0493dd598,7068478e-b13f-42c5-8970-0a368fd31dbe,61223ec7-3695-4ed4-b949-82702d70f1aa,9c4c798c-4276-44b2-a464-fae24fcd8966,2858.28,INR,success,2026-03-27 10:35:06.613879+00:00
54ba99b2-2a75-4656-8201-d66fab17c7cb,7068478e-b13f-42c5-8970-0a368fd31dbe,61223ec7-3695-4ed4-b949-82702d70f1aa,9c4c798c-4276-44b2-a464-fae24fcd8966,615.03,INR,success,2026-04-14 02:12:19.658146+00:00
3262547a-e183-480f-89e3-14a681164994,7068478e-b13f-42c5-8970-0a368fd31dbe,61223ec7-3695-4ed4-b949-82702d70f1aa,9c4c798c-4276-44b2-a464-fae24fcd8966,2866.77,INR,success,2026-05-03 08:23:14.288066+00:00
6e34c006-87b1-480f-a23b-b192c03f4db2,7068478e-b13f-42c5-8970-0a368fd31dbe,61223ec7-3695-4ed4-b949-82702d70f1aa,9c4c798c-4276-44b2-a464-fae24fcd8966,1808.45,INR,success,2026-05-08 23:03:25.143070+00:00
048508f9-a802-405a-86d1-702611ddbb8b,bc255318-fdc9-47a0-9fa1-47335a1d0ec8,53908c54-0969-4335-bacd-cc1e8817efaf,d6474ade-0106-48a8-9375-2212148ffdf0,3192.45,INR,success,2026-04-25 23:43:45.289086+00:00
363ad681-0156-40dc-b586-acec8ec49f1a,bc255318-fdc9-47a0-9fa1-47335a1d0ec8,53908c54-0969-4335-bacd-cc1e8817efaf,d6474ade-0106-48a8-9375-2212148ffdf0,4912.96,INR,success,2026-05-08 09:29:47.317087+00:00
e03b084c-3b93-4150-89d7-7264d788eecb,bc255318-fdc9-47a0-9fa1-47335a1d0ec8,53908c54-0969-4335-bacd-cc1e8817efaf,d6474ade-0106-48a8-9375-2212148ffdf0,3871.74,INR,success,2026-05-13 04:06:14.594742+00:00
1a5accb4-56c3-4935-90f6-5960fb890692,bc255318-fdc9-47a0-9fa1-47335a1d0ec8,53908c54-0969-4335-bacd-cc1e8817efaf,d6474ade-0106-48a8-9375-2212148ffdf0,5684.78,INR,success,2026-05-14 03:21:17.528480+00:00
266c9565-5fe4-4904-b95b-dc2bc95b1fdb,13a6c990-6de7-48b4-8c8b-6b9012b1c44f,742e4dbc-e490-4703-94be-4bf44bfd9393,70ce4a59-4db7-4389-8668-fe9624be82ea,2234.17,INR,success,2026-05-26 15:29:25.165370+00:00
b7e5a750-77b3-48bb-b783-12929faffadb,13a6c990-6de7-48b4-8c8b-6b9012b1c44f,742e4dbc-e490-4703-94be-4bf44bfd9393,70ce4a59-4db7-4389-8668-fe9624be82ea,5049.81,INR,success,2026-05-27 03:42:28.774292+00:00
9d22a41f-7013-454b-ad09-c8c0c2d5af94,13a6c990-6de7-48b4-8c8b-6b9012b1c44f,742e4dbc-e490-4703-94be-4bf44bfd9393,70ce4a59-4db7-4389-8668-fe9624be82ea,492.99,INR,success,2026-05-27 07:33:06.604260+00:00
cd52fa56-2a60-47a6-991e-605b474f3c4c,13a6c990-6de7-48b4-8c8b-6b9012b1c44f,742e4dbc-e490-4703-94be-4bf44bfd9393,70ce4a59-4db7-4389-8668-fe9624be82ea,3115.32,INR,success,2026-05-29 01:32:38.954895+00:00
90b620b1-9dec-4ebf-9d7f-3db55d044975,13a6c990-6de7-48b4-8c8b-6b9012b1c44f,742e4dbc-e490-4703-94be-4bf44bfd9393,70ce4a59-4db7-4389-8668-fe9624be82ea,10.0,INR,success,2026-05-31 22:17:46.249617+00:00
1514193e-d4ee-48c6-9711-541db7986a34,99cf7415-079f-4505-b91b-45512e639256,0a75b70b-c83b-4f3e-b278-81d7d77e8167,4e984606-1be1-44d4-abfd-fd29267df7e3,1405.68,INR,success,2026-05-02 14:00:53.512085+00:00
3102482a-a000-4c59-92af-53f119e0a51b,99cf7415-079f-4505-b91b-45512e639256,0a75b70b-c83b-4f3e-b278-81d7d77e8167,4e984606-1be1-44d4-abfd-fd29267df7e3,736.25,INR,success,2026-05-25 20:03:51.057730+00:00
ce2b1e92-246a-470f-bd41-2be71db1f262,99cf7415-079f-4505-b91b-45512e639256,0a75b70b-c83b-4f3e-b278-81d7d77e8167,4e984606-1be1-44d4-abfd-fd29267df7e3,1963.57,INR,success,2026-05-29 06:14:23.267294+00:00
6d7405de-62dd-4e40-a932-3158f6f72b2c,99cf7415-079f-4505-b91b-45512e639256,0a75b70b-c83b-4f3e-b278-81d7d77e8167,4e984606-1be1-44d4-abfd-fd29267df7e3,2722.4,INR,success,2026-05-29 08:34:51.361843+00:00
46e79aaf-6256-4746-8ea8-b26d5088b002,99cf7415-079f-4505-b91b-45512e639256,0a75b70b-c83b-4f3e-b278-81d7d77e8167,4e984606-1be1-44d4-abfd-fd29267df7e3,464.79,INR,success,2026-05-30 17:56:37.961870+00:00
9c66f342-1cad-41a2-aa9e-c62227d67799,0c7eadfd-efbe-4c57-aa63-447cc3c32349,a5950778-d0ec-4725-ba22-07e9debe4617,ae06de26-99be-4a27-b96d-5208e105b6ef,5471.52,INR,success,2026-05-02 00:41:35.963885+00:00
32049619-ac99-486d-a852-3fccd901a8b2,0c7eadfd-efbe-4c57-aa63-447cc3c32349,a5950778-d0ec-4725-ba22-07e9debe4617,ae06de26-99be-4a27-b96d-5208e105b6ef,3516.72,INR,success,2026-05-05 22:48:17.264227+00:00
90079931-1ae6-4b6f-97dd-36b46a658d4e,e2e8f7e3-a963-4043-a2ad-197e04adb083,a25c869d-768a-4f00-b7d1-802867776977,458db1ad-4e53-4f04-b6ee-9d6c900b9586,2779.29,INR,success,2026-04-14 20:09:06.630648+00:00
7809fb54-068a-4921-a9b7-034c61850283,e2e8f7e3-a963-4043-a2ad-197e04adb083,a25c869d-768a-4f00-b7d1-802867776977,458db1ad-4e53-4f04-b6ee-9d6c900b9586,967.49,INR,success,2026-05-30 15:01:50.821157+00:00
7f27b880-e7b7-4018-8643-32dd4e03f4fd,64959e93-4ec0-41c6-a263-71d67ab05e7c,0d1a60d0-78b2-4bcc-a7ae-0bfbbb64ef6a,5b96e8ad-a67b-4a20-a6ee-5cf96a63ca14,2473.54,INR,success,2026-04-21 12:53:10.184758+00:00
709a6fd6-f9c3-42a2-bb4d-2741b33cfa74,64959e93-4ec0-41c6-a263-71d67ab05e7c,0d1a60d0-78b2-4bcc-a7ae-0bfbbb64ef6a,5b96e8ad-a67b-4a20-a6ee-5cf96a63ca14,1965.05,INR,success,2026-04-21 21:01:34.277392+00:00
2f54b74a-a8f3-460f-bc95-7e915280519e,64959e93-4ec0-41c6-a263-71d67ab05e7c,0d1a60d0-78b2-4bcc-a7ae-0bfbbb64ef6a,5b96e8ad-a67b-4a20-a6ee-5cf96a63ca14,3786.4,INR,success,2026-05-08 01:12:42.223418+00:00
ba83bf07-d384-483f-8ef7-3cfd2e164d90,64959e93-4ec0-41c6-a263-71d67ab05e7c,0d1a60d0-78b2-4bcc-a7ae-0bfbbb64ef6a,5b96e8ad-a67b-4a20-a6ee-5cf96a63ca14,3225.79,INR,success,2026-05-11 13:52:07.925289+00:00
ed83b47b-ece4-4146-a293-e30170405ccf,64959e93-4ec0-41c6-a263-71d67ab05e7c,0d1a60d0-78b2-4bcc-a7ae-0bfbbb64ef6a,5b96e8ad-a67b-4a20-a6ee-5cf96a63ca14,3168.49,INR,success,2026-05-26 13:16:07.299559+00:00
0025a551-2d96-4236-940c-e62b916ffdbc,ff25365a-fe72-4577-ad76-259a97e789ef,4b60f065-afcc-4f8c-af46-6ab4aa73ce6c,aeb3761b-e20e-4787-92cb-ea9e01bec9bb,1871.9,INR,success,2026-05-21 14:02:56.482309+00:00
c1192fba-3c24-4fae-817c-67dc6123e6f5,d6447480-7773-4f2e-ab64-b0ed4b725e17,ae20e5d8-5591-47e7-b5e4-883926e1581c,c536c7c0-b5b6-4c59-bc9a-a81b509830f3,183.49,INR,success,2026-04-28 05:56:14.797151+00:00
a389be40-71e3-4c7f-9195-57c300e0142f,d6447480-7773-4f2e-ab64-b0ed4b725e17,ae20e5d8-5591-47e7-b5e4-883926e1581c,c536c7c0-b5b6-4c59-bc9a-a81b509830f3,234.72,INR,success,2026-05-08 22:01:52.401710+00:00
0d1043a5-0040-4e97-b864-223c55550dec,d6447480-7773-4f2e-ab64-b0ed4b725e17,ae20e5d8-5591-47e7-b5e4-883926e1581c,c536c7c0-b5b6-4c59-bc9a-a81b509830f3,327.61,INR,success,2026-05-14 15:41:26.644721+00:00
b929ae97-01e8-4eed-9285-e1995064f1d2,d6447480-7773-4f2e-ab64-b0ed4b725e17,ae20e5d8-5591-47e7-b5e4-883926e1581c,c536c7c0-b5b6-4c59-bc9a-a81b509830f3,219.81,INR,success,2026-05-15 06:43:36.534790+00:00
eb6b5ead-2e39-4b3d-ba82-d44ac03d1c9d,d6447480-7773-4f2e-ab64-b0ed4b725e17,ae20e5d8-5591-47e7-b5e4-883926e1581c,c536c7c0-b5b6-4c59-bc9a-a81b509830f3,342.22,INR,success,2026-05-30 18:35:17.515021+00:00
f98291fd-f188-4314-bde4-d20fcabaedb9,1e7f598f-8015-4e47-b87e-d8805dc3b162,6898a620-591f-4b78-8d25-7ec1e0b315f5,86abd18a-b81b-4f1a-af6d-721bf567f163,478.3,INR,success,2026-05-22 20:20:37.191311+00:00
ea33d35b-b2b2-46bb-9628-95b6aa3bb303,e3c90d41-3d75-4061-b3f0-b675c79eebe8,73f62680-4a8a-4cf8-a9be-be2b5b846b72,2df4732c-852f-446d-ac6f-59bea5588964,729.82,INR,success,2026-03-25 10:24:28.617369+00:00
488d658a-a375-4980-a9b5-6a1caed10231,e3c90d41-3d75-4061-b3f0-b675c79eebe8,73f62680-4a8a-4cf8-a9be-be2b5b846b72,2df4732c-852f-446d-ac6f-59bea5588964,741.57,INR,success,2026-04-07 00:38:25.707229+00:00
3584875e-fb3e-47fa-b4c3-9d63ec7a6cc8,e3c90d41-3d75-4061-b3f0-b675c79eebe8,73f62680-4a8a-4cf8-a9be-be2b5b846b72,2df4732c-852f-446d-ac6f-59bea5588964,918.87,INR,success,2026-05-01 01:52:29.272416+00:00
d2bc086b-7848-4edc-8eff-844de947e6aa,e3c90d41-3d75-4061-b3f0-b675c79eebe8,73f62680-4a8a-4cf8-a9be-be2b5b846b72,2df4732c-852f-446d-ac6f-59bea5588964,551.07,INR,success,2026-05-06 05:19:56.726917+00:00
6380b1c9-96d3-40e7-b8ac-d462368a4d87,65d27adb-c959-4b88-b1c8-0ec592f1e1b7,b359fe93-903d-4ad0-b4b2-b4ddfe3db439,c11199c4-3c84-4bea-873b-0f29eb2acd5b,1892.14,INR,success,2026-04-21 01:47:02.507496+00:00
14d5dd19-6ee1-4aa4-8485-b25e17956ab2,65d27adb-c959-4b88-b1c8-0ec592f1e1b7,b359fe93-903d-4ad0-b4b2-b4ddfe3db439,c11199c4-3c84-4bea-873b-0f29eb2acd5b,3024.54,INR,success,2026-04-29 13:32:07.726902+00:00
99994012-babc-49a4-b0d0-95ad15fd1bdf,65d27adb-c959-4b88-b1c8-0ec592f1e1b7,b359fe93-903d-4ad0-b4b2-b4ddfe3db439,c11199c4-3c84-4bea-873b-0f29eb2acd5b,4209.82,INR,success,2026-05-29 16:20:07.205804+00:00
e01ef33e-4459-48a0-9e6b-7976b4a36fbc,1ce79a22-ee07-4da1-a416-feb9c71057f3,a587b6cb-8201-4fdd-b16d-383c3983f600,da29acc8-6599-4c53-b0c8-58d2fc11215f,1944.16,INR,success,2026-04-25 16:11:21.129944+00:00
9dea5aea-2730-479a-ab25-4454bd66c24c,16c8051f-6316-434e-bf38-1861d9cd44b3,485d15c8-72a1-4412-a077-26a1771bf6d7,04c5306f-b05c-4c3e-a03f-bb8a12ce03b1,2527.92,INR,success,2026-05-29 17:56:06.290789+00:00
a5fe4362-d5e8-4967-9c5a-5097e1ecfe69,8c8e8e32-66f5-48c8-8e39-758909abffcf,25853a02-05e4-46e5-8557-7977e963187d,a852186c-2359-404d-b6d6-2a2e54db7df1,608.03,INR,success,2026-05-13 12:32:08.473374+00:00
d9121dac-8061-4ccf-8c7b-976d6f92e853,8c8e8e32-66f5-48c8-8e39-758909abffcf,25853a02-05e4-46e5-8557-7977e963187d,a852186c-2359-404d-b6d6-2a2e54db7df1,832.56,INR,success,2026-05-15 15:48:18.736177+00:00
4a58def4-909d-4741-8325-76317c04b49b,beef7589-168d-421a-a111-2368ff5e9c01,4c336dd3-efd6-410e-860b-647fc59394ba,17c20f1a-3f75-43e9-b285-f2114518d16d,2494.65,INR,success,2026-04-13 02:03:55.739864+00:00
fe119257-94f9-4455-a09b-7a7cc5a9b6f8,79ed7be5-33e6-4548-8396-e03514a45fec,36c67b68-83db-463b-9966-0591cd4d9d9e,ae2f8f65-787d-45aa-a2c8-85c4e99b633e,2434.72,INR,success,2026-04-24 12:35:25.403222+00:00
f9f3a4af-700d-4e9e-9200-9067a32b4bfb,79ed7be5-33e6-4548-8396-e03514a45fec,36c67b68-83db-463b-9966-0591cd4d9d9e,ae2f8f65-787d-45aa-a2c8-85c4e99b633e,8892.8,INR,success,2026-04-29 01:05:33.344747+00:00
07a7cca3-540c-4f5f-b0dd-b695d067d27e,79ed7be5-33e6-4548-8396-e03514a45fec,36c67b68-83db-463b-9966-0591cd4d9d9e,ae2f8f65-787d-45aa-a2c8-85c4e99b633e,4964.48,INR,success,2026-05-06 23:41:36.276662+00:00
554095cf-11e6-4f00-badd-33ed0e2d248c,79ed7be5-33e6-4548-8396-e03514a45fec,36c67b68-83db-463b-9966-0591cd4d9d9e,ae2f8f65-787d-45aa-a2c8-85c4e99b633e,3331.59,INR,success,2026-05-30 22:17:45.245572+00:00
b5cd844f-acd6-4d55-a22e-5757a9ccb1ac,062793dc-a4b7-4dce-ac1a-f86cad7f3a0f,5987b4e0-00aa-48f9-a5c4-590d55c4228b,fc3afd53-3c14-4a8b-bef8-013c52431787,1837.81,INR,success,2026-03-18 08:29:50.613329+00:00
ee336352-db22-4382-9149-62e95d66331a,062793dc-a4b7-4dce-ac1a-f86cad7f3a0f,5987b4e0-00aa-48f9-a5c4-590d55c4228b,fc3afd53-3c14-4a8b-bef8-013c52431787,1391.87,INR,success,2026-05-25 20:54:41.183615+00:00
e1968236-2193-4e07-914e-ddd62701580f,062793dc-a4b7-4dce-ac1a-f86cad7f3a0f,5987b4e0-00aa-48f9-a5c4-590d55c4228b,fc3afd53-3c14-4a8b-bef8-013c52431787,1352.91,INR,success,2026-05-30 19:00:55.363564+00:00
c3cf2418-a03a-4eea-b1b1-1a9e66329412,99f8b8eb-f5e9-4b42-a9ca-95b826cd5478,7de45130-3688-4484-a691-82a532d2aee0,6e953be1-9ee3-4897-818d-d3656a12fc14,155.71,INR,success,2026-05-06 07:36:19.491297+00:00
a9cd4718-960e-4d24-b015-de5227341e90,99f8b8eb-f5e9-4b42-a9ca-95b826cd5478,7de45130-3688-4484-a691-82a532d2aee0,6e953be1-9ee3-4897-818d-d3656a12fc14,348.02,INR,success,2026-05-09 04:31:55.552497+00:00
7b0b0a4e-165d-4e0e-b7df-fafea653005b,99f8b8eb-f5e9-4b42-a9ca-95b826cd5478,7de45130-3688-4484-a691-82a532d2aee0,6e953be1-9ee3-4897-818d-d3656a12fc14,513.26,INR,success,2026-05-10 14:00:37.612705+00:00
4f285bdc-6da3-4220-b77f-25358cb0a4f6,99f8b8eb-f5e9-4b42-a9ca-95b826cd5478,7de45130-3688-4484-a691-82a532d2aee0,6e953be1-9ee3-4897-818d-d3656a12fc14,200.98,INR,success,2026-05-12 04:16:14.526589+00:00
c879b7f5-f853-4260-98bb-9b73439e0eaf,99f8b8eb-f5e9-4b42-a9ca-95b826cd5478,7de45130-3688-4484-a691-82a532d2aee0,6e953be1-9ee3-4897-818d-d3656a12fc14,287.1,INR,success,2026-05-17 15:03:59.218023+00:00
703d6ca4-7b76-4235-be77-a2fc0603b404,09d88070-dc8d-4a0d-9eb1-099f2a0341be,cdc2000a-dccb-402d-9d96-72accc11f00c,cbb7a117-2727-408c-807f-42288b57bd14,2232.65,INR,success,2026-03-24 03:20:38.610092+00:00
7b0709d8-35be-4531-803e-08100f1493fa,7af21a9d-1db0-4084-ad59-5fc2af6edbe1,7d7d4efa-22f2-4423-ade6-00394d006869,2d33a138-3d83-469b-8066-198185844651,1506.22,INR,success,2026-05-28 09:08:38.163590+00:00
6fea30c8-3901-430f-a540-7d093d465aa6,e608f7dd-4cc6-4aa3-a261-d870f736b705,0c6a2399-2df2-4cf5-953b-feedbd952cbd,16bd2ae6-ced3-46d3-adf8-a7cd5b833c16,9204.11,INR,success,2026-05-14 15:06:23.006891+00:00
03b3e204-e431-41db-be4b-ab10e1550fa8,e608f7dd-4cc6-4aa3-a261-d870f736b705,0c6a2399-2df2-4cf5-953b-feedbd952cbd,16bd2ae6-ced3-46d3-adf8-a7cd5b833c16,1564.78,INR,success,2026-05-29 23:57:24.535648+00:00
715b69b2-395e-4686-ae5a-59be34d1d5a0,e608f7dd-4cc6-4aa3-a261-d870f736b705,0c6a2399-2df2-4cf5-953b-feedbd952cbd,16bd2ae6-ced3-46d3-adf8-a7cd5b833c16,5550.56,INR,success,2026-05-30 14:16:07.577709+00:00
4a2ff5e6-cc07-4dc1-920f-81c2b124584d,e608f7dd-4cc6-4aa3-a261-d870f736b705,0c6a2399-2df2-4cf5-953b-feedbd952cbd,16bd2ae6-ced3-46d3-adf8-a7cd5b833c16,6459.99,INR,success,2026-05-31 23:19:37.776870+00:00
b330d274-5f7c-4f7a-906f-5d195d0278cc,c0e8d991-346e-43e0-9ec3-1f6c40b88180,8bbc420b-a7f8-4922-81f4-6197e99ea57b,28ac6e5f-5e45-4053-b6d2-79de9b716a25,466.08,INR,success,2026-05-02 17:06:54.039795+00:00
da8e3de1-63a5-48c1-a324-17a5df32cb7b,b3ef6795-3ed9-474a-9f0f-84087947fe88,5138ac58-cc8b-459b-8645-dc60b28426ad,9aa0e4d2-0b92-4307-9d94-40490b1ca7e8,3603.09,INR,success,2026-05-18 14:05:09.600546+00:00
602699a3-81e4-4a03-82a0-261b8ceb7511,5f749af0-95ad-40ca-a3e0-a5dbc645f3b1,8abb3830-25e8-45a8-a3d4-86c53c1990ec,4dee95d2-1b7b-4f33-8857-bfb133683469,1051.67,INR,success,2026-05-07 16:17:49.368688+00:00
b25a9b81-0c7f-4a7c-afe1-2df59448b75f,a6969388-f9ef-41e4-919c-66e8e573022d,18e91d1a-f3cb-4031-b5c8-d3cd753e2afc,71e26564-a117-4760-8ffd-fa13b4862f09,1927.16,INR,success,2026-05-09 18:51:39.924300+00:00
17b1eb0f-84a2-41f2-b154-b643ed82be38,a6969388-f9ef-41e4-919c-66e8e573022d,18e91d1a-f3cb-4031-b5c8-d3cd753e2afc,71e26564-a117-4760-8ffd-fa13b4862f09,1933.19,INR,success,2026-05-15 12:50:52.106350+00:00
b70c3e85-3297-45c8-a111-fb61dc2d4f73,a6969388-f9ef-41e4-919c-66e8e573022d,18e91d1a-f3cb-4031-b5c8-d3cd753e2afc,71e26564-a117-4760-8ffd-fa13b4862f09,634.56,INR,success,2026-05-26 07:13:43.794554+00:00
bde68896-a59b-44a1-af7c-d1680f47dd53,a6969388-f9ef-41e4-919c-66e8e573022d,18e91d1a-f3cb-4031-b5c8-d3cd753e2afc,71e26564-a117-4760-8ffd-fa13b4862f09,1056.0,INR,success,2026-05-27 11:23:55.478964+00:00
37007aec-bd03-48c6-ab28-efa3b58e7f65,a611bdb4-23ba-4735-ae86-c7dcbe1b39cd,2cfc76e7-79ab-4947-af32-921400046a41,6d719075-a224-436e-af8d-e1993c809027,5439.86,INR,success,2026-03-31 21:30:25.691271+00:00
25503b4e-e23f-4642-b846-5d169aad837f,a611bdb4-23ba-4735-ae86-c7dcbe1b39cd,2cfc76e7-79ab-4947-af32-921400046a41,6d719075-a224-436e-af8d-e1993c809027,1719.09,INR,success,2026-04-06 07:53:58.546600+00:00
9cbec36e-9f93-4134-a0be-a2603adf63c9,a611bdb4-23ba-4735-ae86-c7dcbe1b39cd,2cfc76e7-79ab-4947-af32-921400046a41,6d719075-a224-436e-af8d-e1993c809027,1210.2,INR,success,2026-05-29 17:26:08.311635+00:00
083e4c7f-6eed-47ab-8b89-4cdb0906cac1,21ca0c0c-708a-4132-b515-6bf5b0a2d951,8e2b4398-6eb3-4e60-9ef0-60a28abc01aa,62762e14-5d05-48be-9e61-c2d59e744aa4,1041.86,INR,success,2026-04-05 19:41:44.969933+00:00
1381fa2b-c5ad-418e-b245-edc106eb3fc2,21ca0c0c-708a-4132-b515-6bf5b0a2d951,8e2b4398-6eb3-4e60-9ef0-60a28abc01aa,62762e14-5d05-48be-9e61-c2d59e744aa4,827.75,INR,success,2026-04-22 08:25:38.591324+00:00
f5b9f4b9-fbe8-4ce9-b87a-0892fe96b9aa,21ca0c0c-708a-4132-b515-6bf5b0a2d951,8e2b4398-6eb3-4e60-9ef0-60a28abc01aa,62762e14-5d05-48be-9e61-c2d59e744aa4,10.0,INR,success,2026-05-24 06:52:41.546011+00:00
8a18c7b2-935a-4f28-8b93-a03632e36461,21ca0c0c-708a-4132-b515-6bf5b0a2d951,8e2b4398-6eb3-4e60-9ef0-60a28abc01aa,62762e14-5d05-48be-9e61-c2d59e744aa4,389.41,INR,success,2026-05-28 19:34:44.194492+00:00
b750b110-990e-4d28-a191-7eab4049fc00,0a852983-5f87-463d-a658-9e08c61f6fa8,fc5bb93d-18ad-419e-8304-7214e4c7db1a,dfa51e70-f320-439e-ab9c-3046524b5dc3,173.53,INR,success,2026-04-05 18:59:43.512611+00:00
a3415cef-bc4c-45f1-a115-fb1c441d7afb,f02e1adb-a754-4531-becc-934ab94966f0,2ea34b97-50a6-4261-9350-6125c527a416,eacea693-2c35-4261-964f-08714930c37e,66.74,INR,success,2026-04-18 18:45:05.020643+00:00
acd5505a-0bad-4216-b068-7557ed69aa08,f02e1adb-a754-4531-becc-934ab94966f0,2ea34b97-50a6-4261-9350-6125c527a416,eacea693-2c35-4261-964f-08714930c37e,503.5,INR,success,2026-05-12 22:14:07.103755+00:00
a0e725ce-ac95-40cd-b38b-c2656c4fa3fd,f02e1adb-a754-4531-becc-934ab94966f0,2ea34b97-50a6-4261-9350-6125c527a416,eacea693-2c35-4261-964f-08714930c37e,188.59,INR,success,2026-05-16 19:47:38.336103+00:00
77aae22f-9d20-4157-a4c4-2167d4ceee3d,1c0067f7-d8ac-4e29-a682-60ebd2d00d07,2956bb94-5a0e-4f78-97cd-5a6713f9e0f2,a79d0059-3bb7-4881-9a2c-357ac7ff1f79,1852.13,INR,success,2026-05-10 03:02:28.672423+00:00
9116d298-03a2-49d0-bc20-dc472da25056,0ca8a66f-2410-4ee0-8030-366d80f49fb0,b65a4aaa-1eb6-43f2-b0c0-7b550ec91fd6,f2dab6bc-473c-466b-802f-d8b914eca7d7,2361.47,INR,success,2026-04-06 15:57:31.313132+00:00
af6b261b-8030-47c8-aecb-3cff4ee3a494,0ca8a66f-2410-4ee0-8030-366d80f49fb0,b65a4aaa-1eb6-43f2-b0c0-7b550ec91fd6,f2dab6bc-473c-466b-802f-d8b914eca7d7,2006.14,INR,success,2026-04-24 18:57:54.995578+00:00
f6fd8f46-72c5-4edc-ab76-6aadc58b213c,0ca8a66f-2410-4ee0-8030-366d80f49fb0,b65a4aaa-1eb6-43f2-b0c0-7b550ec91fd6,f2dab6bc-473c-466b-802f-d8b914eca7d7,1570.81,INR,success,2026-05-09 05:26:25.082826+00:00
1f86e180-4412-4130-9e77-3dc7f41037e0,0ca8a66f-2410-4ee0-8030-366d80f49fb0,b65a4aaa-1eb6-43f2-b0c0-7b550ec91fd6,f2dab6bc-473c-466b-802f-d8b914eca7d7,2051.4,INR,success,2026-05-21 18:14:21.088668+00:00
b26c5377-ab39-46c3-b1c5-f6ee339be966,724b3c3b-4561-4b3a-85d0-2c9435f8c5a7,093c25b6-799b-4967-8206-22b361daca48,8660ba50-8daf-4316-80b7-19f5eee03adf,499.44,INR,success,2026-04-23 00:22:18.771249+00:00
9ac546d6-1f72-4284-88e0-a329bdcaf280,724b3c3b-4561-4b3a-85d0-2c9435f8c5a7,093c25b6-799b-4967-8206-22b361daca48,8660ba50-8daf-4316-80b7-19f5eee03adf,2143.7,INR,success,2026-04-27 09:06:30.962864+00:00
88552c66-d3b5-4d5d-89e9-52bbb9a3d833,724b3c3b-4561-4b3a-85d0-2c9435f8c5a7,093c25b6-799b-4967-8206-22b361daca48,8660ba50-8daf-4316-80b7-19f5eee03adf,1364.76,INR,success,2026-05-27 22:00:21.745638+00:00
867b4ada-cea0-459e-b323-74af4a9ff29c,43c3a691-2d9a-4e64-9428-884046c02f8f,75774eb2-1d95-45e4-b199-c63ae9b3070e,979dbc7f-3c85-4011-a5cf-4bedbf9cfd9c,3829.47,INR,success,2026-04-17 08:52:54.578068+00:00
4f4513c5-670b-477d-8067-ee00c847f69e,43c3a691-2d9a-4e64-9428-884046c02f8f,75774eb2-1d95-45e4-b199-c63ae9b3070e,979dbc7f-3c85-4011-a5cf-4bedbf9cfd9c,3599.62,INR,success,2026-05-10 00:28:14.793160+00:00
39ffe6ee-9994-434e-ba26-94be752ddb92,f1f7ce8f-2546-4bcc-a683-264c27de899e,e022356d-ab41-4a21-8254-b8729514d890,c4bd8ac8-3eba-4159-84bd-22eebf98140b,202.56,INR,success,2026-05-16 12:26:02.046521+00:00
8570f592-0b8e-4b08-8640-be18ecd5a94e,f1f7ce8f-2546-4bcc-a683-264c27de899e,e022356d-ab41-4a21-8254-b8729514d890,c4bd8ac8-3eba-4159-84bd-22eebf98140b,143.65,INR,success,2026-05-22 10:48:39.707985+00:00
54bc0688-370e-41b8-9a62-80d1b1c25673,f1f7ce8f-2546-4bcc-a683-264c27de899e,e022356d-ab41-4a21-8254-b8729514d890,c4bd8ac8-3eba-4159-84bd-22eebf98140b,105.74,INR,success,2026-05-22 11:37:48.307836+00:00
676bb692-7950-48a1-8ead-ad3691aa147f,f1f7ce8f-2546-4bcc-a683-264c27de899e,e022356d-ab41-4a21-8254-b8729514d890,c4bd8ac8-3eba-4159-84bd-22eebf98140b,220.77,INR,success,2026-05-22 22:55:45.637138+00:00
e72e5196-841b-4711-a949-07b3ca5fa418,f1f7ce8f-2546-4bcc-a683-264c27de899e,e022356d-ab41-4a21-8254-b8729514d890,c4bd8ac8-3eba-4159-84bd-22eebf98140b,151.18,INR,success,2026-05-30 10:33:53.842623+00:00
67a7ed3f-c0f9-4709-b777-7a1bb98d8b74,0679b0b9-80b9-4244-88b1-b1353263eb75,24f0b190-8a75-4d1c-ac19-6f6d0c33bf4f,7969a177-67f4-464c-9a06-f060351e3b54,1554.21,INR,success,2026-05-12 21:34:25.495614+00:00
7a43fda4-7d2f-41f7-9515-52dd9a8b31af,0679b0b9-80b9-4244-88b1-b1353263eb75,24f0b190-8a75-4d1c-ac19-6f6d0c33bf4f,7969a177-67f4-464c-9a06-f060351e3b54,1301.76,INR,success,2026-05-21 23:21:36.684646+00:00
4cf61f5f-c590-420c-b424-8ac25fdf4d60,202dcd76-f951-4395-a03c-36b098ae857c,d059a423-8b61-419d-95fa-e39db90ea81f,f4bcf305-447d-47e2-95fa-42d58d468e54,2318.02,INR,success,2026-05-09 00:14:13.137336+00:00
53ac9429-0131-4343-b217-35e8b09c3a0f,202dcd76-f951-4395-a03c-36b098ae857c,d059a423-8b61-419d-95fa-e39db90ea81f,f4bcf305-447d-47e2-95fa-42d58d468e54,1856.59,INR,success,2026-05-21 02:06:45.858150+00:00
32870f63-df34-4139-990f-860bcf680212,202dcd76-f951-4395-a03c-36b098ae857c,d059a423-8b61-419d-95fa-e39db90ea81f,f4bcf305-447d-47e2-95fa-42d58d468e54,4112.44,INR,success,2026-05-23 06:39:16.809833+00:00
47cac864-7b57-4fe0-9e0c-df7ea2398474,202dcd76-f951-4395-a03c-36b098ae857c,d059a423-8b61-419d-95fa-e39db90ea81f,f4bcf305-447d-47e2-95fa-42d58d468e54,1091.46,INR,success,2026-05-24 05:08:02.188676+00:00
ea3905ad-fe51-4514-99d5-69b1e24e4df1,202dcd76-f951-4395-a03c-36b098ae857c,d059a423-8b61-419d-95fa-e39db90ea81f,f4bcf305-447d-47e2-95fa-42d58d468e54,2765.76,INR,success,2026-05-25 18:58:37.955746+00:00
c9621c87-8e40-4468-a341-93d37ef9d0ed,e6695877-e10b-4568-9be9-3741e114c558,b8b190f2-272e-4e7f-991b-d73d8afb7374,0cbad163-7a0f-45aa-b730-c14910277a08,436.49,INR,success,2026-05-11 12:04:59.892321+00:00
e8a6aad9-9f75-4d7b-aa22-27b87a2d3ac5,e6695877-e10b-4568-9be9-3741e114c558,b8b190f2-272e-4e7f-991b-d73d8afb7374,0cbad163-7a0f-45aa-b730-c14910277a08,307.81,INR,success,2026-05-21 12:44:00.753851+00:00
8e37d3a0-aa07-42d7-a373-7f9bf31afbc5,e6695877-e10b-4568-9be9-3741e114c558,b8b190f2-272e-4e7f-991b-d73d8afb7374,0cbad163-7a0f-45aa-b730-c14910277a08,349.1,INR,success,2026-05-26 05:20:56.284313+00:00
558112dc-9189-4970-b1e6-cf435c7f63f0,03175bd6-d8b4-4870-b099-83c869e1eaa0,35435f89-b852-40b3-acff-080314fa0108,61372ff7-7985-4afd-afc8-c1f31f3e9fe7,3174.0,INR,success,2026-05-15 16:07:44.310931+00:00
8a5abe88-d540-44b7-8dd5-db6c726bf55c,03175bd6-d8b4-4870-b099-83c869e1eaa0,35435f89-b852-40b3-acff-080314fa0108,61372ff7-7985-4afd-afc8-c1f31f3e9fe7,2160.44,INR,success,2026-05-21 09:48:26.626054+00:00
e80d45e8-6a50-41e1-b208-59e99db5dcac,03175bd6-d8b4-4870-b099-83c869e1eaa0,35435f89-b852-40b3-acff-080314fa0108,61372ff7-7985-4afd-afc8-c1f31f3e9fe7,3531.48,INR,success,2026-05-21 15:45:33.192629+00:00
ffc919cf-96b6-4ab2-a498-574c6b7f1505,03175bd6-d8b4-4870-b099-83c869e1eaa0,35435f89-b852-40b3-acff-080314fa0108,61372ff7-7985-4afd-afc8-c1f31f3e9fe7,2748.28,INR,success,2026-05-30 23:58:54.100953+00:00
fd963945-7f33-47ba-98bb-4d99a22bfcd0,03175bd6-d8b4-4870-b099-83c869e1eaa0,35435f89-b852-40b3-acff-080314fa0108,61372ff7-7985-4afd-afc8-c1f31f3e9fe7,536.21,INR,success,2026-05-31 13:05:13.963405+00:00
d8732a94-44a3-46e8-930e-ba74e12968f6,2da8fa17-7d03-4672-a29e-a50632892da9,0806fab8-005c-4d21-8f56-65eec9c5bbc6,98ff5c1d-bf65-4607-a4ad-af547bab434d,2170.43,INR,success,2026-04-30 02:38:25.028702+00:00
321fba47-c996-4338-a5f9-fd87e2da5298,2da8fa17-7d03-4672-a29e-a50632892da9,0806fab8-005c-4d21-8f56-65eec9c5bbc6,98ff5c1d-bf65-4607-a4ad-af547bab434d,5017.88,INR,success,2026-05-28 16:19:28.300337+00:00
7a0a23eb-fbbe-4f20-a3de-597aa26f2257,152b415d-208a-45af-ac0c-199e6f644968,a919ea8c-656b-43d9-a594-63fcdc5da8f2,4733ae1d-7ac8-48d3-a005-645c7ccccc85,2320.44,INR,success,2026-04-03 17:19:40.656147+00:00
cf46e7de-8b07-4e12-a42c-1e3c9b688034,152b415d-208a-45af-ac0c-199e6f644968,a919ea8c-656b-43d9-a594-63fcdc5da8f2,4733ae1d-7ac8-48d3-a005-645c7ccccc85,3256.07,INR,success,2026-04-09 01:32:53.961410+00:00
3a6ff24d-c2e2-4bbf-a6b0-f8d0163dc0e2,1a2bd346-f496-4a1b-a4b1-8118d6da0c5a,a9dd1fef-bcbd-4eb9-8138-c228dde58d14,9d45ce22-75cd-482e-937b-9ca3c0fb43ca,2565.51,INR,success,2026-05-03 21:40:11.698754+00:00
531fce4e-9bd5-4709-b752-37c17a6329ce,1a2bd346-f496-4a1b-a4b1-8118d6da0c5a,a9dd1fef-bcbd-4eb9-8138-c228dde58d14,9d45ce22-75cd-482e-937b-9ca3c0fb43ca,619.92,INR,success,2026-05-20 23:02:51.881101+00:00
62cf5d2c-78bf-4f84-8d79-431b3a51f095,18cbdd56-2fa8-4690-b14a-4d8253f90af8,7b2ee49a-0ad3-42af-8cb7-cbe6d6501ae8,90685d02-2ca1-473e-b618-3229cff2d0d7,6201.73,INR,success,2026-04-04 11:28:05.965016+00:00
d492c0d7-b531-47c9-877e-2651392d484b,dd2c6873-f495-4d80-928b-837654357350,a7f294bd-a178-4ff8-a025-fc5531ca311f,921b19a4-1982-4380-9c5a-6bbe9b2117db,1309.41,INR,success,2026-05-13 11:10:04.646385+00:00
b117aa97-5cbc-40f5-b37b-061c4d2ddda5,53c5c39c-7510-4067-84cf-4a7298d59779,56956129-500d-4345-91c2-35ff5f6a389b,7e405844-30a6-4fbc-a3c6-534a1c3cd1b7,2274.79,INR,success,2026-04-24 02:02:19.322966+00:00
f54b80e2-03da-4b91-92bd-e07109b6e72f,53c5c39c-7510-4067-84cf-4a7298d59779,56956129-500d-4345-91c2-35ff5f6a389b,7e405844-30a6-4fbc-a3c6-534a1c3cd1b7,4157.55,INR,success,2026-05-04 21:12:11.934384+00:00
a8fcf317-21b9-4ce6-ac56-765d8991fd58,53c5c39c-7510-4067-84cf-4a7298d59779,56956129-500d-4345-91c2-35ff5f6a389b,7e405844-30a6-4fbc-a3c6-534a1c3cd1b7,3307.46,INR,success,2026-05-08 08:56:34.795474+00:00
9d1f77b0-e54b-4dba-acc8-a554789a24eb,53c5c39c-7510-4067-84cf-4a7298d59779,56956129-500d-4345-91c2-35ff5f6a389b,7e405844-30a6-4fbc-a3c6-534a1c3cd1b7,4903.35,INR,success,2026-05-22 05:59:28.334686+00:00
9bc8419c-ea46-45b1-a50f-d08ad2eb38c2,53c5c39c-7510-4067-84cf-4a7298d59779,56956129-500d-4345-91c2-35ff5f6a389b,7e405844-30a6-4fbc-a3c6-534a1c3cd1b7,1927.82,INR,success,2026-05-29 02:35:06.050500+00:00
5931c5c5-e548-47e5-8d8a-e2566f61347a,7848c249-7c9a-4e46-aeb7-5ee255584c78,e8154e7c-d69a-4f60-a8d2-9bbcf572df8d,4fa81f61-f33f-4dcf-818d-4b421297a208,1370.68,INR,success,2026-05-06 10:19:46.958469+00:00
67e04de7-7de5-4679-a886-1ea18ae23efe,7848c249-7c9a-4e46-aeb7-5ee255584c78,e8154e7c-d69a-4f60-a8d2-9bbcf572df8d,4fa81f61-f33f-4dcf-818d-4b421297a208,1922.34,INR,success,2026-05-06 13:34:01.798186+00:00
7b3b2340-05cb-44e3-bc46-bbeb2df1a3d3,ec3a2c14-f0ad-4b35-92f9-bdba603e6154,7fbb17a9-88f1-4788-a34e-271166d994ca,b630701f-e24f-4275-b5dc-8e3bb936e118,7765.4,INR,success,2026-04-04 21:59:01.755674+00:00
244f80c8-0e32-49b9-8534-140e1257a2ae,ec3a2c14-f0ad-4b35-92f9-bdba603e6154,7fbb17a9-88f1-4788-a34e-271166d994ca,b630701f-e24f-4275-b5dc-8e3bb936e118,2456.3,INR,success,2026-04-15 07:40:58.428004+00:00
5c4bfb08-9e4f-4b53-b579-2a6a7c5a745b,ec3a2c14-f0ad-4b35-92f9-bdba603e6154,7fbb17a9-88f1-4788-a34e-271166d994ca,b630701f-e24f-4275-b5dc-8e3bb936e118,4695.94,INR,success,2026-04-28 11:23:11.872648+00:00
8df65567-e1ac-40f9-97cc-f4eb3ca77999,178aa87a-c249-4228-aab5-eb2e48565a54,75ead019-3eae-444d-bd4b-de2828bc3896,63279bbf-3300-4b16-81ca-479175ef430b,1592.86,INR,success,2026-05-03 22:56:18.147580+00:00
bd8b4f27-57b2-4d25-b263-dea112dbfc78,178aa87a-c249-4228-aab5-eb2e48565a54,75ead019-3eae-444d-bd4b-de2828bc3896,63279bbf-3300-4b16-81ca-479175ef430b,1417.64,INR,success,2026-05-14 01:23:35.383004+00:00
3f46216d-ca64-44d1-9066-3093c6d65047,178aa87a-c249-4228-aab5-eb2e48565a54,75ead019-3eae-444d-bd4b-de2828bc3896,63279bbf-3300-4b16-81ca-479175ef430b,882.31,INR,success,2026-05-27 17:53:58.505891+00:00
18c30dd1-8e1c-4287-a5d1-f06ebbd6e49e,07f12baa-4eea-4f5d-b4d6-18223259787b,cad6c0c5-78b5-4084-92ee-1800d844e052,bfd38195-bd57-4fb7-a589-c40a08981219,2921.27,INR,success,2026-04-04 12:23:57.652569+00:00
3a0fb291-d0ca-4d74-a4a3-a2a4a4ebfd9f,07f12baa-4eea-4f5d-b4d6-18223259787b,cad6c0c5-78b5-4084-92ee-1800d844e052,bfd38195-bd57-4fb7-a589-c40a08981219,4493.31,INR,success,2026-04-12 17:12:32.893235+00:00
442120a2-2e0d-4ca9-8b0a-34eb203066d6,07f12baa-4eea-4f5d-b4d6-18223259787b,cad6c0c5-78b5-4084-92ee-1800d844e052,bfd38195-bd57-4fb7-a589-c40a08981219,3817.25,INR,success,2026-04-21 12:46:44.345708+00:00
10634b71-8a5b-4f95-a04e-0cdc51a78cbc,07f12baa-4eea-4f5d-b4d6-18223259787b,cad6c0c5-78b5-4084-92ee-1800d844e052,bfd38195-bd57-4fb7-a589-c40a08981219,4335.51,INR,success,2026-05-20 06:35:00.169349+00:00
fd8e3361-f5d4-4b8f-9d5e-7c7fe27ab9f7,fe2ebae2-7d91-46ca-82b1-fed33f86a7f4,2ccd7b79-31c7-47e5-a4df-371f7085e422,cad1c40a-34dd-4d8a-9894-b57bace0eab7,3024.25,INR,success,2026-04-04 07:26:47.126203+00:00
671957b3-1b56-46f9-9228-f6d2c2a75abd,fe2ebae2-7d91-46ca-82b1-fed33f86a7f4,2ccd7b79-31c7-47e5-a4df-371f7085e422,cad1c40a-34dd-4d8a-9894-b57bace0eab7,3411.99,INR,success,2026-04-19 22:54:46.618735+00:00
894decd8-41e1-474d-9c47-04a735ba03f3,fe2ebae2-7d91-46ca-82b1-fed33f86a7f4,2ccd7b79-31c7-47e5-a4df-371f7085e422,cad1c40a-34dd-4d8a-9894-b57bace0eab7,737.74,INR,success,2026-04-26 22:53:38.890014+00:00
c702c2ce-1383-46e0-b737-489bcbc58e28,fe2ebae2-7d91-46ca-82b1-fed33f86a7f4,2ccd7b79-31c7-47e5-a4df-371f7085e422,cad1c40a-34dd-4d8a-9894-b57bace0eab7,2547.42,INR,success,2026-05-16 20:39:59.988817+00:00
4eaf6008-3861-4ba5-8bf2-77bb61a43efb,54ce62d1-5e60-4f86-a22d-f9a02139795a,29f4f6f3-4216-4b7c-a408-d6892fec4b72,c0ef5b34-d9d7-4074-98f5-87263ed667d1,2588.76,INR,success,2026-05-15 04:40:05.959855+00:00
cb7b7041-9bdb-4ed3-b86b-d46b18731828,b0091484-b08b-4a0c-bbf8-61e0938efcf0,79b5a15c-3fea-4ef8-b330-c1d68e722272,e9154f1c-e5da-42b1-8d7d-5f9ec6c5f21c,1108.28,INR,success,2026-05-12 10:38:29.977982+00:00
13d962a2-55e6-448f-9b9f-f7e8539d9252,b0091484-b08b-4a0c-bbf8-61e0938efcf0,79b5a15c-3fea-4ef8-b330-c1d68e722272,e9154f1c-e5da-42b1-8d7d-5f9ec6c5f21c,315.6,INR,success,2026-05-18 04:40:25.870890+00:00
05824539-bdcf-4d89-871e-8d6676750688,b0091484-b08b-4a0c-bbf8-61e0938efcf0,79b5a15c-3fea-4ef8-b330-c1d68e722272,e9154f1c-e5da-42b1-8d7d-5f9ec6c5f21c,1294.35,INR,success,2026-05-20 22:10:17.897972+00:00
07a4aa74-d51a-4a5a-8401-880a43c760fc,b0091484-b08b-4a0c-bbf8-61e0938efcf0,79b5a15c-3fea-4ef8-b330-c1d68e722272,e9154f1c-e5da-42b1-8d7d-5f9ec6c5f21c,540.55,INR,success,2026-05-23 00:51:03.202635+00:00
007411b1-533a-4d44-ba3b-0a58e8d4f631,b0091484-b08b-4a0c-bbf8-61e0938efcf0,79b5a15c-3fea-4ef8-b330-c1d68e722272,e9154f1c-e5da-42b1-8d7d-5f9ec6c5f21c,382.43,INR,success,2026-05-30 20:54:16.981362+00:00
6a8085b1-979e-4c12-86d6-aac9b46edb7c,2e238596-7ac7-47d7-98c1-644de604a84c,36db50c5-ba2e-4234-88af-adf8785385be,b669dc79-0c45-4881-9385-44f244e8b50f,2929.7,INR,success,2026-04-14 03:13:54.063711+00:00
4bc6d626-ed36-45df-b668-05af804becac,2e238596-7ac7-47d7-98c1-644de604a84c,36db50c5-ba2e-4234-88af-adf8785385be,b669dc79-0c45-4881-9385-44f244e8b50f,2474.59,INR,success,2026-04-16 07:01:13.564074+00:00
9f3d5c0a-4dc3-472a-b4e2-46d4b5239018,3b2074a4-bbc0-4f92-897a-7396a1e7e74b,02b91287-bf4e-47d9-92d9-c74c6bf642e4,11e3acc5-6376-4ae0-a100-51839eeb7740,3443.4,INR,success,2026-05-30 20:32:42.981238+00:00
a2bfd15b-c350-4bd4-be6e-1719d1a50874,3b2074a4-bbc0-4f92-897a-7396a1e7e74b,02b91287-bf4e-47d9-92d9-c74c6bf642e4,11e3acc5-6376-4ae0-a100-51839eeb7740,3558.62,INR,success,2026-05-30 21:51:44.306269+00:00
4343a814-2728-4b3b-9124-92cae78a4145,3b2074a4-bbc0-4f92-897a-7396a1e7e74b,02b91287-bf4e-47d9-92d9-c74c6bf642e4,11e3acc5-6376-4ae0-a100-51839eeb7740,1955.64,INR,success,2026-05-31 09:03:47.899437+00:00
fc023008-46cc-456b-8d62-447c5fffe1dc,3b2074a4-bbc0-4f92-897a-7396a1e7e74b,02b91287-bf4e-47d9-92d9-c74c6bf642e4,11e3acc5-6376-4ae0-a100-51839eeb7740,3367.63,INR,success,2026-05-31 12:13:16.846201+00:00
27231dba-e6bc-4fdb-81b7-dad4b583a4c0,3b2074a4-bbc0-4f92-897a-7396a1e7e74b,02b91287-bf4e-47d9-92d9-c74c6bf642e4,11e3acc5-6376-4ae0-a100-51839eeb7740,2256.96,INR,success,2026-05-31 19:24:14.637002+00:00
976b3c89-9c10-439d-87ec-fb7316856377,a4768b08-5d3a-48eb-92db-a42c634cda1d,55bf215e-90fe-489c-a0e8-8c3712fd92b2,c3d44b98-687e-40c0-93ab-7757fc91588e,4727.43,INR,success,2026-04-01 08:36:40.324384+00:00
eceb307b-5505-4394-a555-4b0174bba739,a4768b08-5d3a-48eb-92db-a42c634cda1d,55bf215e-90fe-489c-a0e8-8c3712fd92b2,c3d44b98-687e-40c0-93ab-7757fc91588e,4402.82,INR,success,2026-04-27 18:50:17.577672+00:00
5ea05c7d-362d-4c17-999f-60974308914e,a4768b08-5d3a-48eb-92db-a42c634cda1d,55bf215e-90fe-489c-a0e8-8c3712fd92b2,c3d44b98-687e-40c0-93ab-7757fc91588e,5691.59,INR,success,2026-05-18 09:34:51.238169+00:00
1dd25f62-2196-4f5d-add5-251de67f8b76,c5c0298c-aa61-42a8-9b9a-bf98dc233e3c,4e1704f5-8432-46a8-8b3f-79fbde57f35d,e7500023-7e00-43ca-b0b4-f5992ff4a76f,1533.96,INR,success,2026-05-04 00:32:37.609704+00:00
b9b46eaf-aa66-4aae-ab1a-37e7d27cd981,c5c0298c-aa61-42a8-9b9a-bf98dc233e3c,4e1704f5-8432-46a8-8b3f-79fbde57f35d,e7500023-7e00-43ca-b0b4-f5992ff4a76f,795.27,INR,success,2026-05-09 13:07:28.274734+00:00
db056e23-7865-4820-9e35-e9bf7f0553c7,b62c60d2-ad93-4f3e-9d07-49408c955878,950fe240-5716-4e13-b526-ecd4c5d51e54,99efcf67-e85f-464c-b1d5-df0863b46cd2,1500.36,INR,success,2026-05-10 07:23:16.259697+00:00
f8ce72d8-f323-44a9-b935-06ef2fa78fb3,b62c60d2-ad93-4f3e-9d07-49408c955878,950fe240-5716-4e13-b526-ecd4c5d51e54,99efcf67-e85f-464c-b1d5-df0863b46cd2,4816.96,INR,success,2026-05-18 15:54:18.627833+00:00
72173444-c576-4514-986d-839eccdad7ef,b62c60d2-ad93-4f3e-9d07-49408c955878,950fe240-5716-4e13-b526-ecd4c5d51e54,99efcf67-e85f-464c-b1d5-df0863b46cd2,3001.46,INR,success,2026-05-19 01:40:31.331297+00:00
80dcb4b5-bee9-4ad5-b814-e0b026943757,b62c60d2-ad93-4f3e-9d07-49408c955878,950fe240-5716-4e13-b526-ecd4c5d51e54,99efcf67-e85f-464c-b1d5-df0863b46cd2,7439.61,INR,success,2026-05-20 19:17:28.399180+00:00
028e7ffe-70d3-48b2-866f-454cd993aba8,09a2ea70-59e0-4b28-bf44-7c2c4e494cc3,e6ec369e-1224-4c74-92ec-9de7e652ebc2,b99498a2-e3e6-4508-b523-85bc46e1ae39,2251.55,INR,success,2026-05-15 01:06:15.969053+00:00
28102df3-154b-4fce-9cd9-b34259d07d16,bd74997c-c26f-453b-8f03-f2c6246130d3,c58f3ba6-169c-45c2-9653-474bda40ef08,d533d3f5-6013-4b65-aeb7-e9f7b8c5dbeb,347.66,INR,success,2026-05-28 19:43:04.867099+00:00
55cbdb77-4478-427d-9953-55d33bf13d95,bd74997c-c26f-453b-8f03-f2c6246130d3,c58f3ba6-169c-45c2-9653-474bda40ef08,d533d3f5-6013-4b65-aeb7-e9f7b8c5dbeb,6081.76,INR,success,2026-05-29 03:36:32.479765+00:00
f7e5d6ee-c33b-4de1-95fd-64d2af98d7a9,2425077e-f816-4d34-8d2e-36dafaba5727,e64e72ec-a0c3-4075-a144-e98b10b46dcf,64fdd77e-d913-4612-873a-20e71bcf1b3c,1287.33,INR,success,2026-05-24 13:54:05.557996+00:00
931aad50-4dab-4c59-8c87-566b9992c69f,2425077e-f816-4d34-8d2e-36dafaba5727,e64e72ec-a0c3-4075-a144-e98b10b46dcf,64fdd77e-d913-4612-873a-20e71bcf1b3c,3732.66,INR,success,2026-05-29 04:42:50.720805+00:00
185b0023-a2cd-490a-a860-c301e928dc25,5351b8bb-8f4a-4e15-8f41-c583019c57d1,b66e572f-cba1-46d7-866b-69508b61838a,c1fe14a2-7911-4c84-b30e-7c858ee0ec34,6050.44,INR,success,2026-04-06 04:29:25.207126+00:00
5272d200-beaf-4b41-bd90-e11c69325879,5351b8bb-8f4a-4e15-8f41-c583019c57d1,b66e572f-cba1-46d7-866b-69508b61838a,c1fe14a2-7911-4c84-b30e-7c858ee0ec34,7255.41,INR,success,2026-04-30 16:41:31.388441+00:00
489d1df8-d7b8-4d53-a65b-ecf3b30ec242,3cdb835d-7b13-48d7-b24c-28ffadacbc40,2b2072ae-16a4-4b5f-8fcb-5f8a637fa60e,bb891216-1082-4c25-9f5d-4c73d8d6d929,417.81,INR,success,2026-05-30 23:32:18.756269+00:00
b23d58d3-e7c0-4202-8150-a6460cebaa9c,6abc9587-2ca9-4f51-891d-3e4f8aa1bf1a,295d5df7-224e-42ad-9b86-df8e89abe73a,0ec30c7c-1a3b-447d-ba4a-ed694f38308d,3118.83,INR,success,2026-05-23 17:09:35.107101+00:00
687d8d7a-df5b-4fa6-9724-886e27a564ee,6abc9587-2ca9-4f51-891d-3e4f8aa1bf1a,295d5df7-224e-42ad-9b86-df8e89abe73a,0ec30c7c-1a3b-447d-ba4a-ed694f38308d,10.0,INR,success,2026-05-25 17:53:32.320936+00:00
f2b1d664-7f68-43e0-b5bf-e57ab3ceb0bc,c5bba892-b157-42f4-b5df-0b7c6562415d,ccd23558-5614-4d4d-b222-73abb556e9db,58955494-652e-4263-8683-2f1bfa5a6160,3158.77,INR,success,2026-03-25 02:23:10.651297+00:00
6dc163b0-0eb8-48ea-99f4-29422c42bd03,c5bba892-b157-42f4-b5df-0b7c6562415d,ccd23558-5614-4d4d-b222-73abb556e9db,58955494-652e-4263-8683-2f1bfa5a6160,2917.85,INR,success,2026-05-12 17:46:30.854850+00:00
600c2635-9ed9-4b94-960b-7435d6ae1485,c5bba892-b157-42f4-b5df-0b7c6562415d,ccd23558-5614-4d4d-b222-73abb556e9db,58955494-652e-4263-8683-2f1bfa5a6160,2366.31,INR,success,2026-05-14 16:32:58.958008+00:00
d72b6478-2cfa-46a1-b81e-783b14c4c039,c5bba892-b157-42f4-b5df-0b7c6562415d,ccd23558-5614-4d4d-b222-73abb556e9db,58955494-652e-4263-8683-2f1bfa5a6160,2870.95,INR,success,2026-05-15 00:17:10.656042+00:00
ecec0066-f439-48af-89fd-9bdef682e15e,fa15d286-2c57-4d4b-b01e-b3753ed8f943,8ee5d50d-2151-4745-997e-ddbc16742a41,06e9d778-5f6b-4e14-872c-98e740013929,741.7,INR,success,2026-05-29 10:59:17.002717+00:00
55b610bc-e62a-4555-a50e-dda639bbde9e,fa15d286-2c57-4d4b-b01e-b3753ed8f943,8ee5d50d-2151-4745-997e-ddbc16742a41,06e9d778-5f6b-4e14-872c-98e740013929,1143.42,INR,success,2026-05-31 13:26:36.921493+00:00
4b1d9833-110b-4437-944d-9b29c2f7dd9f,21e1ce2d-02d6-4009-b222-e56d965aab22,1ff2418b-995c-4b3c-9b2c-9161e1101a07,d5d185df-1aca-4f13-a587-6257da7ca8b5,4158.57,INR,success,2026-05-14 15:43:49.468571+00:00
75d35c6b-62b2-4b34-a781-c03af3bd5756,21e1ce2d-02d6-4009-b222-e56d965aab22,1ff2418b-995c-4b3c-9b2c-9161e1101a07,d5d185df-1aca-4f13-a587-6257da7ca8b5,3889.02,INR,success,2026-05-21 11:57:27.093813+00:00
21dc37cf-0413-4705-bc22-c9373fdf9368,21e1ce2d-02d6-4009-b222-e56d965aab22,1ff2418b-995c-4b3c-9b2c-9161e1101a07,d5d185df-1aca-4f13-a587-6257da7ca8b5,4141.66,INR,success,2026-05-24 22:02:27.685436+00:00
beee0adb-7656-43e6-8b01-087831fccc34,21e1ce2d-02d6-4009-b222-e56d965aab22,1ff2418b-995c-4b3c-9b2c-9161e1101a07,d5d185df-1aca-4f13-a587-6257da7ca8b5,3989.08,INR,success,2026-05-25 01:06:59.232402+00:00
936fbd0a-dade-482e-a1cd-58f0d5465f24,21e1ce2d-02d6-4009-b222-e56d965aab22,1ff2418b-995c-4b3c-9b2c-9161e1101a07,d5d185df-1aca-4f13-a587-6257da7ca8b5,2448.29,INR,success,2026-05-28 06:49:34.358277+00:00
a05f89cc-c5bc-4ac3-a003-74555b07e401,b553b448-a814-421e-bbbd-bcffdaeea836,f171d14a-813d-46c2-ad31-a03535153edf,128d90fd-6ec9-4da1-9a3e-001917452b08,770.89,INR,success,2026-04-21 11:06:34.774713+00:00
d7dc1e9e-3010-4b0b-af6b-cf471a154a2b,b553b448-a814-421e-bbbd-bcffdaeea836,f171d14a-813d-46c2-ad31-a03535153edf,128d90fd-6ec9-4da1-9a3e-001917452b08,1296.0,INR,success,2026-05-27 08:30:33.350955+00:00
7c6a5056-180f-4e8a-93eb-3f57a04ba290,587ce221-e585-4e58-ae5d-dbc75facc78e,7b35140c-a44a-42e4-bfaa-2e3093259280,c11fc00a-5e28-4a0f-92a2-082bd8350850,1930.09,INR,success,2026-05-23 20:39:58.853133+00:00
83f63c3c-6bfb-4770-9cd2-5b6fa2031b65,587ce221-e585-4e58-ae5d-dbc75facc78e,7b35140c-a44a-42e4-bfaa-2e3093259280,c11fc00a-5e28-4a0f-92a2-082bd8350850,1196.99,INR,success,2026-05-25 08:34:02.080625+00:00
fe6e91f2-0884-44a4-b7ee-04a346fb148c,587ce221-e585-4e58-ae5d-dbc75facc78e,7b35140c-a44a-42e4-bfaa-2e3093259280,c11fc00a-5e28-4a0f-92a2-082bd8350850,3141.34,INR,success,2026-05-29 11:49:06.046356+00:00
41331d0d-4879-4f8c-9717-f8fc8339d558,587ce221-e585-4e58-ae5d-dbc75facc78e,7b35140c-a44a-42e4-bfaa-2e3093259280,c11fc00a-5e28-4a0f-92a2-082bd8350850,677.93,INR,success,2026-05-30 20:56:57.719376+00:00
ed33b6b2-f47e-4f3c-84c7-f7a4eeab14a2,0ed2305e-5d44-4506-b16a-1b4782d1d035,c272a73a-b1ae-4eff-a548-453d41a42cb9,a1c6db71-3d33-4a15-9587-95b576b4887d,4238.81,INR,success,2026-04-28 23:30:12.653388+00:00
1054451d-a0c4-4091-9079-f601147e25d5,0ed2305e-5d44-4506-b16a-1b4782d1d035,c272a73a-b1ae-4eff-a548-453d41a42cb9,a1c6db71-3d33-4a15-9587-95b576b4887d,5481.87,INR,success,2026-05-22 23:35:03.533514+00:00
cbd6c7a7-71c2-4d51-a52e-5654b0071f49,0ed2305e-5d44-4506-b16a-1b4782d1d035,c272a73a-b1ae-4eff-a548-453d41a42cb9,a1c6db71-3d33-4a15-9587-95b576b4887d,2411.78,INR,success,2026-05-31 10:20:08.968056+00:00
414c5132-988a-4d33-8ad3-8ebe8d510f74,1654142e-e1bf-4820-88e5-37efbfd9043f,c1eb5af1-19ee-48f4-80b6-756d16c1aa9e,60ce6927-a60f-432d-81cf-2b442f7be97b,915.69,INR,success,2026-05-22 12:57:11.989060+00:00
e37a3cb7-e89e-41a7-a6ff-147f5dee77d1,5716d71a-53ed-4b5d-9146-12c9dd3bcccd,290c29b9-25ba-4d61-8877-45d90f8a95f0,c2cb27ed-d462-4d70-a445-0711afd27be1,3402.77,INR,success,2026-05-30 17:35:01.996750+00:00
927d2fbd-ee38-42f0-b5ec-6033e9b05c54,616eb9b6-f940-4a27-bc19-241629a5027f,72d3d323-6721-48e8-9bcc-6be218999f1e,1d55a27c-ea59-43c2-9899-a5f42c85df3c,931.26,INR,success,2026-04-29 05:16:06.006125+00:00
4e26cffb-75b1-4782-9b68-e157508d774d,616eb9b6-f940-4a27-bc19-241629a5027f,72d3d323-6721-48e8-9bcc-6be218999f1e,1d55a27c-ea59-43c2-9899-a5f42c85df3c,1260.1,INR,success,2026-05-04 03:39:49.872965+00:00
44f4f805-5018-4b20-b169-f4b9380f1731,616eb9b6-f940-4a27-bc19-241629a5027f,72d3d323-6721-48e8-9bcc-6be218999f1e,1d55a27c-ea59-43c2-9899-a5f42c85df3c,196.33,INR,success,2026-05-17 14:26:39.879832+00:00
e3220bf8-cb52-4c4d-9900-a88bc01f1bc9,e709cd69-7af8-43f2-9f0c-dd3f1b966829,a21ec42b-7fc6-4020-b440-8cd5b2d5305b,3b8b9288-70c7-4c0c-bcfb-bc66e1aa0398,5060.75,INR,success,2026-03-21 22:14:14.160648+00:00
1511749b-f577-42a6-9feb-6eb338b1eca7,e709cd69-7af8-43f2-9f0c-dd3f1b966829,a21ec42b-7fc6-4020-b440-8cd5b2d5305b,3b8b9288-70c7-4c0c-bcfb-bc66e1aa0398,3555.06,INR,success,2026-04-07 08:05:58.914173+00:00
61cf9613-48cc-4251-9278-a0dae807a805,e709cd69-7af8-43f2-9f0c-dd3f1b966829,a21ec42b-7fc6-4020-b440-8cd5b2d5305b,3b8b9288-70c7-4c0c-bcfb-bc66e1aa0398,3505.12,INR,success,2026-04-24 14:35:54.716003+00:00
13ddcdf8-718b-4085-b3a8-67dd77ccda74,e709cd69-7af8-43f2-9f0c-dd3f1b966829,a21ec42b-7fc6-4020-b440-8cd5b2d5305b,3b8b9288-70c7-4c0c-bcfb-bc66e1aa0398,2221.96,INR,success,2026-05-07 13:13:41.389068+00:00
ede41b8e-61f9-41ac-88db-5ed16aabee90,e709cd69-7af8-43f2-9f0c-dd3f1b966829,a21ec42b-7fc6-4020-b440-8cd5b2d5305b,3b8b9288-70c7-4c0c-bcfb-bc66e1aa0398,3476.15,INR,success,2026-05-16 18:20:40.707031+00:00
c0026c17-332f-4dab-a62a-edecaf854b06,7f9eda8c-03c9-451e-987c-21d766f6e5a7,748dfb36-85c4-45a8-a475-fcf68a0e765f,d7c4659a-2868-4971-8569-6ad89606f104,2263.87,INR,success,2026-05-30 00:12:20.774755+00:00
da39d99d-20f9-4fe2-9264-f766b2517bdd,7f9eda8c-03c9-451e-987c-21d766f6e5a7,748dfb36-85c4-45a8-a475-fcf68a0e765f,d7c4659a-2868-4971-8569-6ad89606f104,6226.34,INR,success,2026-05-31 02:01:39.494469+00:00
6839b03b-7dd0-4093-9f2e-25a26bae434e,68a4dd4d-62d1-45ff-9484-b66e1ac365aa,a95b649f-6b8d-488e-bc11-5da1eec64b98,9bbadadc-a4b5-4c67-ba23-45ce2da23ffb,829.16,INR,success,2026-04-26 10:25:36.881977+00:00
dd89a210-b77e-438a-b695-7e2f2fefdb6f,44032eba-7394-4e26-acfb-0ed3d40eafff,43ad7096-4ac2-4114-ba7b-2fcc3112e1be,83ba3f38-7e71-4b2d-967e-0322bd01f4ae,2638.77,INR,success,2026-05-26 00:35:33.579191+00:00
9ab95bcc-59a9-4eca-b584-13d98baeb963,44032eba-7394-4e26-acfb-0ed3d40eafff,43ad7096-4ac2-4114-ba7b-2fcc3112e1be,83ba3f38-7e71-4b2d-967e-0322bd01f4ae,3800.81,INR,success,2026-05-26 08:28:04.105839+00:00
606c17ac-c48b-4fe5-ba9f-713ecccd4c80,44032eba-7394-4e26-acfb-0ed3d40eafff,43ad7096-4ac2-4114-ba7b-2fcc3112e1be,83ba3f38-7e71-4b2d-967e-0322bd01f4ae,3913.94,INR,success,2026-05-26 12:19:57.613106+00:00
5ba72c72-6d4b-4648-a03b-95b51901848d,44032eba-7394-4e26-acfb-0ed3d40eafff,43ad7096-4ac2-4114-ba7b-2fcc3112e1be,83ba3f38-7e71-4b2d-967e-0322bd01f4ae,3255.02,INR,success,2026-05-27 17:07:15.978915+00:00
c1976452-6180-4046-93f5-9e90877c942f,44032eba-7394-4e26-acfb-0ed3d40eafff,43ad7096-4ac2-4114-ba7b-2fcc3112e1be,83ba3f38-7e71-4b2d-967e-0322bd01f4ae,2382.31,INR,success,2026-05-28 09:15:45.200793+00:00
f1de7da4-5019-4fc3-bc2a-0aa958227279,8c37ef23-eb98-40c0-bd88-320a097bd4e9,6b1c73da-5d77-4c8a-b9b5-e5cb3951d672,e35b2373-2bc8-4267-993a-3408ff37bccf,917.16,INR,success,2026-04-28 17:02:16.301274+00:00
7a1fdb0d-e5dd-4ea6-8b62-7d6cc3eb7d00,6fc78b58-aebf-4580-a9a1-bd6647d2af8d,52041b2c-17d7-4f0c-a479-3e1c7289f017,5fd70fd6-7a01-47a8-ba51-655146e570dc,450.11,INR,success,2026-05-25 15:03:27.907740+00:00
c6391953-203f-4e1c-9b55-f4cdc68b0f41,6fc78b58-aebf-4580-a9a1-bd6647d2af8d,52041b2c-17d7-4f0c-a479-3e1c7289f017,5fd70fd6-7a01-47a8-ba51-655146e570dc,454.08,INR,success,2026-05-26 00:16:39.609784+00:00
35700362-27ce-4051-85bf-60b0e528dd8e,6fc78b58-aebf-4580-a9a1-bd6647d2af8d,52041b2c-17d7-4f0c-a479-3e1c7289f017,5fd70fd6-7a01-47a8-ba51-655146e570dc,696.1,INR,success,2026-05-31 07:42:54.719984+00:00
0bda0c7f-7960-42ac-a10f-6c965d7daf08,3c9a28d3-6e05-4fb1-b715-039790bbeea6,fd66eeaa-46c3-416f-86fe-108daa30e3b8,ed84e783-5661-41fe-b936-d3c7bbb082d6,4662.95,INR,success,2026-03-30 15:51:21.659262+00:00
d2a08c20-3116-4960-9f1e-8b1dcc3ebdd2,3c9a28d3-6e05-4fb1-b715-039790bbeea6,fd66eeaa-46c3-416f-86fe-108daa30e3b8,ed84e783-5661-41fe-b936-d3c7bbb082d6,5103.84,INR,success,2026-04-04 22:25:25.619647+00:00
607cb064-2996-4a33-863a-7ed6071c228e,3c9a28d3-6e05-4fb1-b715-039790bbeea6,fd66eeaa-46c3-416f-86fe-108daa30e3b8,ed84e783-5661-41fe-b936-d3c7bbb082d6,3253.46,INR,success,2026-05-15 06:49:28.109665+00:00
1fb023db-cc2b-4fa5-a6af-5d26426740a9,3c9a28d3-6e05-4fb1-b715-039790bbeea6,fd66eeaa-46c3-416f-86fe-108daa30e3b8,ed84e783-5661-41fe-b936-d3c7bbb082d6,6615.2,INR,success,2026-05-25 00:21:18.648855+00:00
401f1b6a-7652-428a-aaa7-7f741d3b3c14,3c9a28d3-6e05-4fb1-b715-039790bbeea6,fd66eeaa-46c3-416f-86fe-108daa30e3b8,ed84e783-5661-41fe-b936-d3c7bbb082d6,2082.36,INR,success,2026-05-26 21:09:44.813837+00:00
befb2c52-5280-4b8f-a117-e582ca864fb4,d0ade5a1-e402-4a07-8972-f4902dab36ad,b6f58884-85fd-49bc-8a59-553f5be64a2d,fd5d7d42-38cb-4ec1-9b31-bd7a78ba7a7b,1003.8,INR,success,2026-04-24 09:50:25.336568+00:00
61eefe01-4c13-4cb5-ab7f-6eea77ef8362,d0ade5a1-e402-4a07-8972-f4902dab36ad,b6f58884-85fd-49bc-8a59-553f5be64a2d,fd5d7d42-38cb-4ec1-9b31-bd7a78ba7a7b,1195.56,INR,success,2026-05-15 16:30:29.009233+00:00
94825b25-b1ad-457c-8b9a-33e26a7e6078,59389958-c616-4813-84e4-83ddac643b3b,8f18b390-b44a-478f-ad64-3e068b2318de,c554900a-6911-48c4-a94a-cc2daeafe51b,4850.45,INR,success,2026-05-03 13:04:31.342151+00:00
7a6bde5b-8a1b-4907-b5cf-60191a52bbb0,59389958-c616-4813-84e4-83ddac643b3b,8f18b390-b44a-478f-ad64-3e068b2318de,c554900a-6911-48c4-a94a-cc2daeafe51b,3418.3,INR,success,2026-05-18 00:48:16.572838+00:00
852b230f-7a08-40e1-844c-adb09a907c67,59389958-c616-4813-84e4-83ddac643b3b,8f18b390-b44a-478f-ad64-3e068b2318de,c554900a-6911-48c4-a94a-cc2daeafe51b,1912.02,INR,success,2026-05-25 03:42:33.692576+00:00
3181ff88-fc3d-45c8-8e3d-44738dcc6294,c7930236-f311-47d8-a46b-84541d476b9e,d3e47f80-ca6f-4478-860a-861040582e79,cabbb04e-eb88-4a52-87de-181452b60207,1514.51,INR,success,2026-05-10 21:15:35.778097+00:00
03098746-6b80-4cbe-97a3-d7cd48396552,59ba1ada-99d9-4a79-bb05-8f4777102e08,7fd8cafe-6fdd-41c8-9498-0cc62ad97757,50c49bab-6ec1-42a6-a627-9de4d10ab9ec,5814.78,INR,success,2026-05-19 13:28:52.644692+00:00
a8885602-09e7-4ff5-b13c-4004efb3d3ca,59ba1ada-99d9-4a79-bb05-8f4777102e08,7fd8cafe-6fdd-41c8-9498-0cc62ad97757,50c49bab-6ec1-42a6-a627-9de4d10ab9ec,4617.38,INR,success,2026-05-21 12:36:46.054884+00:00
c92e589d-3ede-430e-9ada-cced839eac8c,59ba1ada-99d9-4a79-bb05-8f4777102e08,7fd8cafe-6fdd-41c8-9498-0cc62ad97757,50c49bab-6ec1-42a6-a627-9de4d10ab9ec,1907.56,INR,success,2026-05-30 23:45:08.111796+00:00
ff20c7ae-df24-4a2a-8e52-e62af11e6977,0a1c0823-3b8b-498b-b7e7-25e4744521c5,35fe8fc2-029c-45c4-bb6f-22f603ce1985,c563791e-99ac-4340-afe0-65a4c35f6093,1124.27,INR,success,2026-05-01 05:30:06.913089+00:00
5000c866-a6a3-41f0-a26c-91d1777cfa5f,152c4f8d-2d80-4cd3-87e0-371b20c9d2f7,f18047bb-5650-42a1-9dc0-eab166f30f27,41a31e1b-d7e6-432e-adef-c55b24b234c6,5613.24,INR,success,2026-04-13 01:27:00.126589+00:00
ce1fdb6c-c0d6-4822-af5e-fe8b548085fc,152c4f8d-2d80-4cd3-87e0-371b20c9d2f7,f18047bb-5650-42a1-9dc0-eab166f30f27,41a31e1b-d7e6-432e-adef-c55b24b234c6,4128.96,INR,success,2026-04-22 19:45:10.534895+00:00
80b84eca-d7dd-4900-85ef-8a8b9ab3bab6,152c4f8d-2d80-4cd3-87e0-371b20c9d2f7,f18047bb-5650-42a1-9dc0-eab166f30f27,41a31e1b-d7e6-432e-adef-c55b24b234c6,7262.93,INR,success,2026-05-05 01:33:10.791662+00:00
d4a97435-6307-409c-b0ba-6013817a8146,152c4f8d-2d80-4cd3-87e0-371b20c9d2f7,f18047bb-5650-42a1-9dc0-eab166f30f27,41a31e1b-d7e6-432e-adef-c55b24b234c6,4378.72,INR,success,2026-05-18 17:20:35.778879+00:00
2cce0328-47fc-4a4f-b458-2e183248c36d,4ff6f594-8c85-4f8a-b198-5712ade1ced5,2dc6224e-90c2-419c-96d0-21e0017c77f7,7d33def7-cfa7-4a60-8cae-c589faf88099,958.62,INR,success,2026-05-29 07:38:31.908993+00:00
f0ddaa65-7a50-4971-8809-65c94db17d3b,4ff6f594-8c85-4f8a-b198-5712ade1ced5,2dc6224e-90c2-419c-96d0-21e0017c77f7,7d33def7-cfa7-4a60-8cae-c589faf88099,1154.93,INR,success,2026-05-30 08:31:02.209707+00:00
26e53dcb-c733-4139-afe2-f5f0a0c4d4f0,4ff6f594-8c85-4f8a-b198-5712ade1ced5,2dc6224e-90c2-419c-96d0-21e0017c77f7,7d33def7-cfa7-4a60-8cae-c589faf88099,622.76,INR,success,2026-05-31 02:11:40.427633+00:00
ffb4e672-3d49-4bcc-8b1f-33de914d71b7,73de7346-db43-4f00-8622-215b8ef8a165,dcc1b4d7-dc30-49d6-bb78-c2141203344f,ce03f1ef-cd3c-46f2-8016-5853309da8f0,5083.08,INR,success,2026-05-12 18:01:36.701328+00:00
a85d92f8-c6a8-46a1-bfe7-faa3fa637ad6,73de7346-db43-4f00-8622-215b8ef8a165,dcc1b4d7-dc30-49d6-bb78-c2141203344f,ce03f1ef-cd3c-46f2-8016-5853309da8f0,10.0,INR,success,2026-05-29 07:33:35.070594+00:00
076f525b-3649-458d-a052-b0f5eaa7e9da,73de7346-db43-4f00-8622-215b8ef8a165,dcc1b4d7-dc30-49d6-bb78-c2141203344f,ce03f1ef-cd3c-46f2-8016-5853309da8f0,773.86,INR,success,2026-05-31 22:20:46.347587+00:00
4cc8c05e-ac65-410b-b1df-dd7412bf4de9,ae47807d-ce54-401d-aead-b45765cb411a,dcb8e63c-54fb-487a-88a0-972d763cce8d,dd6bf5f2-ad30-456b-b641-83ce2c47b8bb,1272.05,INR,success,2026-05-10 19:41:47.180374+00:00
a4bb901d-2e5a-4a61-89ac-1b14d03970da,ae47807d-ce54-401d-aead-b45765cb411a,dcb8e63c-54fb-487a-88a0-972d763cce8d,dd6bf5f2-ad30-456b-b641-83ce2c47b8bb,1702.98,INR,success,2026-05-12 15:53:13.120714+00:00
0b14b1ed-f989-4d6e-b833-d1e985632ac7,13b8f764-fbb4-4076-aa8f-3ed7fb703a72,9686ab0f-6c58-41ee-91ab-a3a85f2b2d48,5c420053-4eb5-4746-8ca3-4632e0981f8c,802.81,INR,success,2026-04-15 19:11:17.590787+00:00
f4c4de39-bfad-497a-ac5b-46a9bb6c3877,13b8f764-fbb4-4076-aa8f-3ed7fb703a72,9686ab0f-6c58-41ee-91ab-a3a85f2b2d48,5c420053-4eb5-4746-8ca3-4632e0981f8c,920.97,INR,success,2026-05-06 03:39:20.380797+00:00
f7196ac5-ea81-4fa3-a82b-746fbed79dad,13b8f764-fbb4-4076-aa8f-3ed7fb703a72,9686ab0f-6c58-41ee-91ab-a3a85f2b2d48,5c420053-4eb5-4746-8ca3-4632e0981f8c,5413.51,INR,success,2026-05-16 00:07:18.230542+00:00
9edf5413-5129-472a-8ae6-4984f05c5712,13b8f764-fbb4-4076-aa8f-3ed7fb703a72,9686ab0f-6c58-41ee-91ab-a3a85f2b2d48,5c420053-4eb5-4746-8ca3-4632e0981f8c,4083.96,INR,success,2026-05-23 17:23:50.916410+00:00
bbc5edd8-a570-4929-a8a3-8e929fe22bbc,431d249d-9efd-4428-b3d0-dcbf8e93f93c,238622d5-892c-43ef-ace6-1c6b05081156,47ca2309-47a0-47b1-99bb-638529fc77f7,723.73,INR,success,2026-05-15 08:12:40.594519+00:00
9f1e05ca-d73f-49fa-9bcf-82dd4677e0b5,431d249d-9efd-4428-b3d0-dcbf8e93f93c,238622d5-892c-43ef-ace6-1c6b05081156,47ca2309-47a0-47b1-99bb-638529fc77f7,302.22,INR,success,2026-05-17 05:13:32.341825+00:00
1f11eac7-e903-4759-b6c6-1ef7f2f83714,431d249d-9efd-4428-b3d0-dcbf8e93f93c,238622d5-892c-43ef-ace6-1c6b05081156,47ca2309-47a0-47b1-99bb-638529fc77f7,309.12,INR,success,2026-05-18 04:50:58.442733+00:00
8c60cdd5-fa03-480c-9375-372e90cc804f,fe92be3d-e80c-4f4e-be73-a76f0708221f,beeb7e6b-6308-4754-908e-55fd2a1d6251,24315f6c-ebc6-456e-8d3c-bb5d7e44ee97,1398.41,INR,success,2026-05-23 10:38:28.220744+00:00
797aa041-eeb9-4898-8876-3ac10a3587ed,fe92be3d-e80c-4f4e-be73-a76f0708221f,beeb7e6b-6308-4754-908e-55fd2a1d6251,24315f6c-ebc6-456e-8d3c-bb5d7e44ee97,1571.63,INR,success,2026-05-26 13:12:18.454421+00:00
54e4eeb0-7788-4b0b-acc2-d0dd6c4b3677,fe92be3d-e80c-4f4e-be73-a76f0708221f,beeb7e6b-6308-4754-908e-55fd2a1d6251,24315f6c-ebc6-456e-8d3c-bb5d7e44ee97,676.07,INR,success,2026-05-31 05:48:25.270447+00:00
5fcd8481-0530-4221-9277-813200f37fe9,fe92be3d-e80c-4f4e-be73-a76f0708221f,beeb7e6b-6308-4754-908e-55fd2a1d6251,24315f6c-ebc6-456e-8d3c-bb5d7e44ee97,1203.29,INR,success,2026-05-31 23:37:38.617282+00:00
078948e8-906c-41e0-8910-3ff534e72518,4f512078-2748-496b-8bcd-ce42976feea6,6078e717-6b04-455e-9dca-dfe479a5e50e,2c64b7c5-ade7-4689-a6e9-46f7911cd6d1,1399.89,INR,success,2026-03-24 04:09:54.331500+00:00
c7f0e23d-375f-4967-b937-c0adfb7e1b51,4f512078-2748-496b-8bcd-ce42976feea6,6078e717-6b04-455e-9dca-dfe479a5e50e,2c64b7c5-ade7-4689-a6e9-46f7911cd6d1,2243.79,INR,success,2026-04-02 23:47:43.659303+00:00
0a30aea5-f6cd-4558-bd8f-83f52820da1f,4f512078-2748-496b-8bcd-ce42976feea6,6078e717-6b04-455e-9dca-dfe479a5e50e,2c64b7c5-ade7-4689-a6e9-46f7911cd6d1,5059.6,INR,success,2026-05-25 09:04:34.523625+00:00
25fc5a90-4b3a-4b44-9e34-b3468a32417d,4f512078-2748-496b-8bcd-ce42976feea6,6078e717-6b04-455e-9dca-dfe479a5e50e,2c64b7c5-ade7-4689-a6e9-46f7911cd6d1,2478.76,INR,success,2026-05-27 10:34:45.521394+00:00
821e5a91-59f3-4e3e-8f7d-6f45020292ff,a81bd81d-be91-464c-a7bd-9fb9bd091101,dfd40bfd-fd8d-4e2d-a40b-d95b2d0c1efe,4c764abb-4453-41ba-8148-5f85e5082066,2719.05,INR,success,2026-05-13 01:19:51.433118+00:00
f2323733-834d-4108-90ba-a5aed0523a9f,a81bd81d-be91-464c-a7bd-9fb9bd091101,dfd40bfd-fd8d-4e2d-a40b-d95b2d0c1efe,4c764abb-4453-41ba-8148-5f85e5082066,1412.0,INR,success,2026-05-13 19:04:23.991448+00:00
6d948907-f6c6-46bc-a29f-6f3d4a804a4d,a81bd81d-be91-464c-a7bd-9fb9bd091101,dfd40bfd-fd8d-4e2d-a40b-d95b2d0c1efe,4c764abb-4453-41ba-8148-5f85e5082066,1796.33,INR,success,2026-05-14 09:04:36.128773+00:00
a0048637-18b3-4f72-9829-610b61bae139,a81bd81d-be91-464c-a7bd-9fb9bd091101,dfd40bfd-fd8d-4e2d-a40b-d95b2d0c1efe,4c764abb-4453-41ba-8148-5f85e5082066,1900.8,INR,success,2026-05-14 11:36:15.646611+00:00
7cb60906-cb91-4f93-a7ae-5f3b3ad9bb57,50d0d240-8575-4764-9b23-5b81b123787c,cc44b3e3-ba5c-4a0f-87dc-d7e314586bfd,d57cc739-75ac-4433-bb41-06b9af38b664,2043.73,INR,success,2026-04-15 11:04:48.628284+00:00
14ce8eb9-73b1-46f0-9773-138ab40f927a,50d0d240-8575-4764-9b23-5b81b123787c,cc44b3e3-ba5c-4a0f-87dc-d7e314586bfd,d57cc739-75ac-4433-bb41-06b9af38b664,5359.63,INR,success,2026-04-26 18:20:12.985006+00:00
9676f689-a06e-462f-a791-854799d618b2,50d0d240-8575-4764-9b23-5b81b123787c,cc44b3e3-ba5c-4a0f-87dc-d7e314586bfd,d57cc739-75ac-4433-bb41-06b9af38b664,3281.86,INR,success,2026-04-30 17:57:51.419213+00:00
e47a9aca-3a8b-4ad2-b146-e3f57ea6e26c,50d0d240-8575-4764-9b23-5b81b123787c,cc44b3e3-ba5c-4a0f-87dc-d7e314586bfd,d57cc739-75ac-4433-bb41-06b9af38b664,1315.44,INR,success,2026-05-28 10:25:41.644385+00:00
84e8ca13-44be-4ffb-bcd0-b2043427ff0a,d533cf05-a43a-418b-8973-00e39b7516de,44cb82d6-c766-4868-aa64-1fdfd6a701b8,fdd700f3-2767-4069-8ed5-77d4e54701dc,1829.04,INR,success,2026-04-18 02:24:38.248114+00:00
383531cf-60ba-4a00-b8c8-c0f4bf4f0aab,d533cf05-a43a-418b-8973-00e39b7516de,44cb82d6-c766-4868-aa64-1fdfd6a701b8,fdd700f3-2767-4069-8ed5-77d4e54701dc,1002.1,INR,success,2026-04-18 11:36:05.100879+00:00
91b353b3-e7b8-45ed-9816-798542425953,d533cf05-a43a-418b-8973-00e39b7516de,44cb82d6-c766-4868-aa64-1fdfd6a701b8,fdd700f3-2767-4069-8ed5-77d4e54701dc,10.0,INR,success,2026-04-19 13:10:06.033139+00:00
e242dba1-3fd8-4c6b-a6ee-75af50126354,95f3cf15-c9e4-455c-bc6b-d0c304605a73,8a5e4327-23c9-4ae2-841c-dbbb7dd15e13,6b1c11ef-ef0a-451f-895a-bc4ce84e852d,3553.59,INR,success,2026-05-25 11:46:59.239749+00:00
87b29550-2bab-4805-a1d7-b77403a5c14c,95f3cf15-c9e4-455c-bc6b-d0c304605a73,8a5e4327-23c9-4ae2-841c-dbbb7dd15e13,6b1c11ef-ef0a-451f-895a-bc4ce84e852d,1181.05,INR,success,2026-05-25 15:13:09.166204+00:00
3469ff1e-b29c-4a33-853f-6f88b2021f0a,95f3cf15-c9e4-455c-bc6b-d0c304605a73,8a5e4327-23c9-4ae2-841c-dbbb7dd15e13,6b1c11ef-ef0a-451f-895a-bc4ce84e852d,3670.01,INR,success,2026-05-29 08:55:38.165715+00:00
6759dcf7-55f9-4b98-b328-a5233ec11393,95f3cf15-c9e4-455c-bc6b-d0c304605a73,8a5e4327-23c9-4ae2-841c-dbbb7dd15e13,6b1c11ef-ef0a-451f-895a-bc4ce84e852d,2165.67,INR,success,2026-05-29 12:19:30.588523+00:00
b555ac82-ce93-484a-b4f5-fd9f74296b57,d320496d-cd0e-4712-9e59-d132f7afe2a4,1c06a532-5548-4933-a4a4-04dc7a49b4b6,6e314527-d367-47c4-9e8a-c9e1dbe4a353,3542.11,INR,success,2026-04-16 13:35:15.210317+00:00
f06c813e-d004-4962-ab30-3e8f224f9bc6,d320496d-cd0e-4712-9e59-d132f7afe2a4,1c06a532-5548-4933-a4a4-04dc7a49b4b6,6e314527-d367-47c4-9e8a-c9e1dbe4a353,3330.43,INR,success,2026-05-30 22:53:11.420686+00:00
e600f9ed-f1bf-4565-af34-58ba25f16b13,525181a3-3fc1-48fa-9952-b8a0e34f0ab5,990a95d5-b784-4018-a7f5-5a5a60c28aa8,bb7af064-8db2-4ab6-97ce-8ae9bdeedc10,410.42,INR,success,2026-04-02 16:49:17.341274+00:00
74b066e2-e112-4e86-8c88-5ee113e86193,525181a3-3fc1-48fa-9952-b8a0e34f0ab5,990a95d5-b784-4018-a7f5-5a5a60c28aa8,bb7af064-8db2-4ab6-97ce-8ae9bdeedc10,737.67,INR,success,2026-04-19 21:17:50.762453+00:00
db3827c4-0382-4c21-84da-cbe4d68ff891,525181a3-3fc1-48fa-9952-b8a0e34f0ab5,990a95d5-b784-4018-a7f5-5a5a60c28aa8,bb7af064-8db2-4ab6-97ce-8ae9bdeedc10,1472.35,INR,success,2026-04-23 14:19:02.601707+00:00
c6f817e4-9864-4d61-af4b-fe6275f74334,525181a3-3fc1-48fa-9952-b8a0e34f0ab5,990a95d5-b784-4018-a7f5-5a5a60c28aa8,bb7af064-8db2-4ab6-97ce-8ae9bdeedc10,504.16,INR,success,2026-04-26 23:11:08.625652+00:00
6ad00b44-205d-4ffd-8e36-99d4be6bebbf,525181a3-3fc1-48fa-9952-b8a0e34f0ab5,990a95d5-b784-4018-a7f5-5a5a60c28aa8,bb7af064-8db2-4ab6-97ce-8ae9bdeedc10,684.93,INR,success,2026-05-27 03:48:38.134974+00:00
5535a299-1633-4f2f-8632-9241d51b4039,a1f846d5-43d7-4ab7-8a0d-d8e7a184f482,9b2debec-281b-41eb-a5ec-67f3fa1aae6b,f25c3f2a-3056-49b3-8fb7-7f4d5cf3c903,529.4,INR,success,2026-05-20 03:53:10.938390+00:00
9c96e974-27b5-469a-9425-8710b92993a9,a1f846d5-43d7-4ab7-8a0d-d8e7a184f482,9b2debec-281b-41eb-a5ec-67f3fa1aae6b,f25c3f2a-3056-49b3-8fb7-7f4d5cf3c903,10.0,INR,success,2026-05-25 17:29:18.144272+00:00
486ff214-401b-49f3-82f3-5a54b8c85aab,7d639274-3ea0-4354-9e24-9ddb252f0f4a,a747a93a-f286-4225-af20-739515b16275,390d5fb3-0237-4e29-90b3-778105de8320,2691.75,INR,success,2026-05-27 00:41:41.017826+00:00
e0803bab-3830-483b-9a6b-4e81496cbb79,7d639274-3ea0-4354-9e24-9ddb252f0f4a,a747a93a-f286-4225-af20-739515b16275,390d5fb3-0237-4e29-90b3-778105de8320,5176.34,INR,success,2026-05-27 13:16:52.093961+00:00
5127d913-c7cc-4d8b-bed2-3d99752765eb,7d639274-3ea0-4354-9e24-9ddb252f0f4a,a747a93a-f286-4225-af20-739515b16275,390d5fb3-0237-4e29-90b3-778105de8320,2665.79,INR,success,2026-05-27 19:05:17.173143+00:00
68d9be99-d92a-4b67-9f68-2b6acbde3da4,83320da6-a534-469b-99c6-34628e6767cf,0230036c-28f6-4662-bd56-edc47c0c2281,8d1e9bdb-dfb6-466b-b10a-97e1fd220b8f,1189.44,INR,success,2026-03-30 04:39:16.583559+00:00
c9f1b67b-bc73-4b11-bbfb-47efc3991cef,83320da6-a534-469b-99c6-34628e6767cf,0230036c-28f6-4662-bd56-edc47c0c2281,8d1e9bdb-dfb6-466b-b10a-97e1fd220b8f,1272.98,INR,success,2026-04-03 05:13:22.279171+00:00
bd775706-dc45-4506-b6c5-50e7664f01fc,83320da6-a534-469b-99c6-34628e6767cf,0230036c-28f6-4662-bd56-edc47c0c2281,8d1e9bdb-dfb6-466b-b10a-97e1fd220b8f,1817.6,INR,success,2026-04-16 03:50:27.930114+00:00
106d8d13-f74e-49dd-8b19-70284ad858fb,83320da6-a534-469b-99c6-34628e6767cf,0230036c-28f6-4662-bd56-edc47c0c2281,8d1e9bdb-dfb6-466b-b10a-97e1fd220b8f,1446.11,INR,success,2026-05-07 01:47:05.612648+00:00
74ce99d5-36da-42a7-8494-8724bbaa56a2,83320da6-a534-469b-99c6-34628e6767cf,0230036c-28f6-4662-bd56-edc47c0c2281,8d1e9bdb-dfb6-466b-b10a-97e1fd220b8f,1595.96,INR,success,2026-05-17 18:58:04.833737+00:00
b47b18c9-f5da-42d8-b795-1b9b1ae4cc14,81c25fb6-817c-4bcc-b0f9-89f83d6b6e69,f6289915-7985-49ae-a79b-69105d51f2de,a163ee9a-727c-4fde-b2b1-d17d3597b8a9,1049.93,INR,success,2026-05-29 20:42:59.214624+00:00
730ced7a-75d8-4ca3-b9e1-545041f0bf1c,81c25fb6-817c-4bcc-b0f9-89f83d6b6e69,f6289915-7985-49ae-a79b-69105d51f2de,a163ee9a-727c-4fde-b2b1-d17d3597b8a9,2653.68,INR,success,2026-05-30 22:55:11.774411+00:00
a13d2552-c6b5-4e32-9643-64b280a4af81,ebb7d734-025b-474a-83b2-9f37348dceb0,d7ee246f-3f50-4257-9b5d-ddea9a7eeef9,5b58d907-0a8e-4c0c-b0e6-c5502a37185f,3609.72,INR,success,2026-05-07 21:04:59.843929+00:00
6e362126-229d-4c8a-9e38-260f5991c4e2,ebb7d734-025b-474a-83b2-9f37348dceb0,d7ee246f-3f50-4257-9b5d-ddea9a7eeef9,5b58d907-0a8e-4c0c-b0e6-c5502a37185f,2245.12,INR,success,2026-05-10 01:49:24.437038+00:00
36ae1cce-a3e6-4568-b97a-b920f8cb3a8c,ebb7d734-025b-474a-83b2-9f37348dceb0,d7ee246f-3f50-4257-9b5d-ddea9a7eeef9,5b58d907-0a8e-4c0c-b0e6-c5502a37185f,2188.43,INR,success,2026-05-21 13:32:09.501584+00:00
f41b8c32-8cb5-48ae-a5d8-e19cd4a59231,ebb7d734-025b-474a-83b2-9f37348dceb0,d7ee246f-3f50-4257-9b5d-ddea9a7eeef9,5b58d907-0a8e-4c0c-b0e6-c5502a37185f,4899.08,INR,success,2026-05-25 17:19:16.531567+00:00
07bc3565-f6e7-4a4b-86db-de6c11c61a95,c108984b-afaf-4784-8c09-d4dd1884e14f,fb56fb75-724a-40bf-a585-c297bf338e07,dcb180ff-4a93-4530-83c5-c3024eeff5b3,5063.19,INR,success,2026-05-12 15:31:27.281787+00:00
7d74b32a-dc5e-4fee-910f-7c27e1d931f6,a3ba2c8a-e2e2-4a4b-b121-83323f91677b,2898233b-b0f2-4382-9894-21bf5c526d8b,80cda8d7-7ce3-4d17-9683-98d91656ad15,884.98,INR,success,2026-05-29 12:47:27.412581+00:00
267d0d2f-5f5e-4fb2-8491-ea75dd109f75,a3ba2c8a-e2e2-4a4b-b121-83323f91677b,2898233b-b0f2-4382-9894-21bf5c526d8b,80cda8d7-7ce3-4d17-9683-98d91656ad15,1420.14,INR,success,2026-05-31 17:46:00.527133+00:00
7ad66493-89d9-4f8a-a926-8080df8ccc14,1231ac50-38cc-4315-a65a-32c1c9b79eb7,7f0a3baa-addf-4626-b6e0-421e3950cc4f,51be6c73-f480-4cfa-bace-ca9b6f832e02,1764.22,INR,success,2026-05-31 13:54:40.627430+00:00
a85f55ea-1871-41f0-a5d8-25ad7fca0fa3,1231ac50-38cc-4315-a65a-32c1c9b79eb7,7f0a3baa-addf-4626-b6e0-421e3950cc4f,51be6c73-f480-4cfa-bace-ca9b6f832e02,1145.68,INR,success,2026-05-31 21:33:15.169282+00:00
b05e41ae-c28f-406b-a5bc-5c9081708878,6cba33c2-fc0c-4903-9441-b8027a0a1601,75d5614a-65c8-421a-94fe-7af6184d69a6,3cc07cc1-f94d-4ed7-a915-e70a4263c277,1375.44,INR,success,2026-05-29 05:19:18.910124+00:00
e2813ce5-80f8-4998-94a6-4aa420052d40,6cba33c2-fc0c-4903-9441-b8027a0a1601,75d5614a-65c8-421a-94fe-7af6184d69a6,3cc07cc1-f94d-4ed7-a915-e70a4263c277,1365.98,INR,success,2026-05-30 13:33:41.358921+00:00
08ba0092-4c2f-4095-aa5a-c66d946a35dc,6cba33c2-fc0c-4903-9441-b8027a0a1601,75d5614a-65c8-421a-94fe-7af6184d69a6,3cc07cc1-f94d-4ed7-a915-e70a4263c277,2990.15,INR,success,2026-05-30 15:46:59.008095+00:00
c50b1590-d08f-4009-aa78-24d281ce5e3d,853b5643-183d-4648-b9f2-46bd2ce2bb84,e14a489d-4f59-486f-aac4-0ce7b00141d0,9f6a4719-c1ba-42c3-a0bb-f00d89c763f4,2465.81,INR,success,2026-05-15 00:33:35.581388+00:00
a8bb5b94-c1b3-4fce-bffb-a1cc13d78979,853b5643-183d-4648-b9f2-46bd2ce2bb84,e14a489d-4f59-486f-aac4-0ce7b00141d0,9f6a4719-c1ba-42c3-a0bb-f00d89c763f4,2586.03,INR,success,2026-05-23 21:59:53.810823+00:00
34207903-eef0-4be2-8702-49ec1bce1d7a,853b5643-183d-4648-b9f2-46bd2ce2bb84,e14a489d-4f59-486f-aac4-0ce7b00141d0,9f6a4719-c1ba-42c3-a0bb-f00d89c763f4,5950.87,INR,success,2026-05-24 21:59:58.202053+00:00
fd90705d-4f0f-4817-a5df-4305a39fb59c,853b5643-183d-4648-b9f2-46bd2ce2bb84,e14a489d-4f59-486f-aac4-0ce7b00141d0,9f6a4719-c1ba-42c3-a0bb-f00d89c763f4,6360.86,INR,success,2026-05-26 08:48:02.179970+00:00
fe1e95d7-0df4-444e-b3c2-b234df9e944b,853b5643-183d-4648-b9f2-46bd2ce2bb84,e14a489d-4f59-486f-aac4-0ce7b00141d0,9f6a4719-c1ba-42c3-a0bb-f00d89c763f4,1868.15,INR,success,2026-05-31 19:45:23.510308+00:00
615c3fa4-9bb8-4d3c-ac6f-d8595c0d1626,2734ddee-8e44-4bed-b551-763ce432570f,7de963b1-4686-403e-827d-75af18883203,2457c82c-7ded-4814-a538-39a400dc4db3,734.2,INR,success,2026-04-16 01:28:46.798051+00:00
60fe915b-94a4-4ffb-be21-c1ab26fe740b,2734ddee-8e44-4bed-b551-763ce432570f,7de963b1-4686-403e-827d-75af18883203,2457c82c-7ded-4814-a538-39a400dc4db3,1061.09,INR,success,2026-04-20 06:17:12.881337+00:00
92b0e162-a17b-4d8f-a3b4-46a065ead15b,2734ddee-8e44-4bed-b551-763ce432570f,7de963b1-4686-403e-827d-75af18883203,2457c82c-7ded-4814-a538-39a400dc4db3,2621.08,INR,success,2026-05-23 10:05:19.396786+00:00
308fbc93-db8c-42e6-993b-b682b52ae1c6,49e3b7a4-9b1c-4eb6-9055-f5b834fceafb,214382ca-404b-40ff-958a-6499bebfeebe,42a93ca7-0c2f-438f-9b6c-855708828534,7278.61,INR,success,2026-05-22 17:54:54.511757+00:00
fd18bb99-5e84-4053-be6a-e5a026893e56,49e3b7a4-9b1c-4eb6-9055-f5b834fceafb,214382ca-404b-40ff-958a-6499bebfeebe,42a93ca7-0c2f-438f-9b6c-855708828534,6834.48,INR,success,2026-05-31 13:19:22.789540+00:00
effc885d-0da0-40d7-871b-a0c100172ae4,9b797d8f-6269-494a-82da-a66341c3f041,10669f76-a243-483d-acd9-1b19e9114369,54ee867b-b0a1-4027-88bd-818e5c133fc4,10.0,INR,success,2026-05-25 12:25:28.016877+00:00
59ab6407-4862-40f8-8b93-bc03300da04d,9b797d8f-6269-494a-82da-a66341c3f041,10669f76-a243-483d-acd9-1b19e9114369,54ee867b-b0a1-4027-88bd-818e5c133fc4,4344.33,INR,success,2026-05-26 17:32:37.848023+00:00
6e7118df-87f0-4c11-9647-99b660f64218,e944f488-9309-4b1e-b623-f85c3c5cc1ef,396bc80f-f4ea-4ec6-911f-a5b2e6d38663,0481eca4-49fb-4464-9894-4a5fb1a2080b,4959.46,INR,success,2026-05-26 20:25:10.136877+00:00
3b358433-4d3b-40fc-9783-f9ab196a87b7,cda5e5b5-4c4a-45c1-a34b-37bc7fa94d48,32a87410-6eba-4dc8-99db-99b73b5b4e57,99683835-2775-4435-95ba-a5785bb1b725,1374.81,INR,success,2026-05-26 01:58:39.437122+00:00
09e5b2b4-4f51-4d63-9852-570a0e622187,cda5e5b5-4c4a-45c1-a34b-37bc7fa94d48,32a87410-6eba-4dc8-99db-99b73b5b4e57,99683835-2775-4435-95ba-a5785bb1b725,1442.94,INR,success,2026-05-26 12:06:11.033611+00:00
fc170f8b-9d84-4f0a-85c7-12a9f7aaa6ff,cda5e5b5-4c4a-45c1-a34b-37bc7fa94d48,32a87410-6eba-4dc8-99db-99b73b5b4e57,99683835-2775-4435-95ba-a5785bb1b725,1884.8,INR,success,2026-05-30 12:00:45.827559+00:00
bda0f90b-950f-4c2a-be70-ac28f455ae45,cda5e5b5-4c4a-45c1-a34b-37bc7fa94d48,32a87410-6eba-4dc8-99db-99b73b5b4e57,99683835-2775-4435-95ba-a5785bb1b725,2715.5,INR,success,2026-05-30 19:34:13.005902+00:00
f084f2dd-a195-409a-9f5e-e62b18271d90,cda5e5b5-4c4a-45c1-a34b-37bc7fa94d48,32a87410-6eba-4dc8-99db-99b73b5b4e57,99683835-2775-4435-95ba-a5785bb1b725,1320.93,INR,success,2026-05-31 15:03:11.058281+00:00
d55870a8-5bf9-40b9-ba5f-2d9ba25fad8b,9187214c-0d4a-43ab-98a2-eba2301c450e,f3dbc010-ae27-46d2-9f12-8573a97e06ab,be845bf0-31b9-4863-86e0-fbf555f5b496,555.98,INR,success,2026-03-21 11:36:50.308965+00:00
af381873-a408-458a-bf4b-a53887e3b5b3,9187214c-0d4a-43ab-98a2-eba2301c450e,f3dbc010-ae27-46d2-9f12-8573a97e06ab,be845bf0-31b9-4863-86e0-fbf555f5b496,1447.61,INR,success,2026-04-20 21:30:35.074330+00:00
1aa8b192-9d0f-404d-b6fb-93ad08da6212,9187214c-0d4a-43ab-98a2-eba2301c450e,f3dbc010-ae27-46d2-9f12-8573a97e06ab,be845bf0-31b9-4863-86e0-fbf555f5b496,753.31,INR,success,2026-05-06 09:41:50.001459+00:00
413c3ce1-5734-4bbe-9696-78ce06112f67,9187214c-0d4a-43ab-98a2-eba2301c450e,f3dbc010-ae27-46d2-9f12-8573a97e06ab,be845bf0-31b9-4863-86e0-fbf555f5b496,878.99,INR,success,2026-05-16 19:55:10.134656+00:00
12d13d13-4340-405e-95dd-087e1dffca6f,9187214c-0d4a-43ab-98a2-eba2301c450e,f3dbc010-ae27-46d2-9f12-8573a97e06ab,be845bf0-31b9-4863-86e0-fbf555f5b496,1033.73,INR,success,2026-05-25 05:51:27.031496+00:00
ef345551-b225-4f73-b11d-ba9731038c83,f1578ef8-673d-4271-8872-97ce3c016d85,06500752-d3ab-40ab-bb31-e2fd773c6fc1,d9faf23e-ac5e-4261-b7f6-6e051f262711,635.19,INR,success,2026-03-25 11:44:43.082255+00:00
70579e99-5e87-483e-b5a5-110055cd4a4b,f1578ef8-673d-4271-8872-97ce3c016d85,06500752-d3ab-40ab-bb31-e2fd773c6fc1,d9faf23e-ac5e-4261-b7f6-6e051f262711,1031.25,INR,success,2026-03-30 04:53:22.498977+00:00
5715ca2c-0ac3-4eaf-9c05-6cc90a18f53e,f1578ef8-673d-4271-8872-97ce3c016d85,06500752-d3ab-40ab-bb31-e2fd773c6fc1,d9faf23e-ac5e-4261-b7f6-6e051f262711,313.1,INR,success,2026-04-10 21:40:19.546037+00:00
d995b88c-3293-4eb4-8bd4-8615c5251e8d,779c84a0-e0fe-492b-bd8c-f2a463d40f75,e6f774c0-937b-45f0-9966-dfa446bf6835,e912ce79-7ee0-4c10-9d9b-d5be88125064,1031.06,INR,success,2026-05-01 01:08:56.243246+00:00
6542b190-7895-41b6-86f6-a14acaafabdf,779c84a0-e0fe-492b-bd8c-f2a463d40f75,e6f774c0-937b-45f0-9966-dfa446bf6835,e912ce79-7ee0-4c10-9d9b-d5be88125064,1979.82,INR,success,2026-05-10 10:56:12.828060+00:00
60095c31-959f-4b8d-8ff4-ffad28adde66,779c84a0-e0fe-492b-bd8c-f2a463d40f75,e6f774c0-937b-45f0-9966-dfa446bf6835,e912ce79-7ee0-4c10-9d9b-d5be88125064,2124.54,INR,success,2026-05-18 15:24:17.268647+00:00
5b899c6b-b343-4f74-8ae5-8a4a0e15df26,779c84a0-e0fe-492b-bd8c-f2a463d40f75,e6f774c0-937b-45f0-9966-dfa446bf6835,e912ce79-7ee0-4c10-9d9b-d5be88125064,958.98,INR,success,2026-05-24 23:30:53.171057+00:00
6e7d479b-e7b8-45f2-8f32-9810a5b461f5,c45da016-53c3-4149-a0ca-1c3aafc4b83c,974a4306-c187-442d-93b7-2612c2a11ebb,d85105f1-9a8a-4cd1-b1fa-c32576ebead0,1005.27,INR,success,2026-04-16 18:28:46.842080+00:00
151a5fd4-c024-4774-a7fd-fa21d667297a,c45da016-53c3-4149-a0ca-1c3aafc4b83c,974a4306-c187-442d-93b7-2612c2a11ebb,d85105f1-9a8a-4cd1-b1fa-c32576ebead0,5876.42,INR,success,2026-05-07 23:17:02.671299+00:00
c67ab0b1-044a-4b55-a31e-ab1bd25a460c,c45da016-53c3-4149-a0ca-1c3aafc4b83c,974a4306-c187-442d-93b7-2612c2a11ebb,d85105f1-9a8a-4cd1-b1fa-c32576ebead0,3154.12,INR,success,2026-05-23 14:19:45.169853+00:00
d581a270-83b1-434f-8481-ac4bb46ac18c,45d4c406-2d08-446d-a31c-2b4fbc932d1d,caad5e02-2fd4-4288-a2f7-dd4f84182689,3db23258-5d06-487c-9f8e-7cecb79bcea4,775.6,INR,success,2026-05-27 15:34:45.835855+00:00
9df778ad-a6ea-48e2-81cf-15269cca906a,45d4c406-2d08-446d-a31c-2b4fbc932d1d,caad5e02-2fd4-4288-a2f7-dd4f84182689,3db23258-5d06-487c-9f8e-7cecb79bcea4,1495.83,INR,success,2026-05-27 20:56:23.982312+00:00
f86c85cd-5e9c-441a-b5fd-5fc492963355,45d4c406-2d08-446d-a31c-2b4fbc932d1d,caad5e02-2fd4-4288-a2f7-dd4f84182689,3db23258-5d06-487c-9f8e-7cecb79bcea4,805.29,INR,success,2026-05-31 07:56:28.766881+00:00
5fe9655c-0549-44ef-8dc3-20f554dae4e2,ba7cc53b-dcb9-4869-ab5c-22a3f74bb70d,38d36b06-4450-426c-837e-9fd65e7f0a54,f37e9838-1af0-4971-a275-afcf4f14dd80,2545.43,INR,success,2026-05-21 23:08:59.890832+00:00
79a4555e-7126-4bd8-9556-a46cb549a83c,ba7cc53b-dcb9-4869-ab5c-22a3f74bb70d,38d36b06-4450-426c-837e-9fd65e7f0a54,f37e9838-1af0-4971-a275-afcf4f14dd80,3336.06,INR,success,2026-05-25 23:45:13.721240+00:00
cd45ccea-b091-4ebe-b7b3-9c90c135bb01,bdcf29ee-807e-4b7e-934c-5a9eb294ab9c,fe40fb18-de9b-46c7-9c15-7e93427369ad,337d5e39-3828-48f7-835d-f3af3328bd08,255.46,INR,success,2026-05-06 22:31:57.231987+00:00
df1b9d43-4419-4174-864d-f8aa5d817da8,bdcf29ee-807e-4b7e-934c-5a9eb294ab9c,fe40fb18-de9b-46c7-9c15-7e93427369ad,337d5e39-3828-48f7-835d-f3af3328bd08,449.0,INR,success,2026-05-07 09:44:05.689954+00:00
915818d9-958c-4804-9d87-c5c754ab0ed9,8a9bbb20-6496-4262-92f5-82579b790dec,350aaa83-efd9-4cde-98a4-b88e9e875a55,a23b7843-1b83-4abd-9977-be9eb4d6d5d0,1514.9,INR,success,2026-05-13 21:29:01.275376+00:00
5b3a28eb-8bfd-4e46-80a0-5d1f14e3cefd,8a9bbb20-6496-4262-92f5-82579b790dec,350aaa83-efd9-4cde-98a4-b88e9e875a55,a23b7843-1b83-4abd-9977-be9eb4d6d5d0,1755.28,INR,success,2026-05-19 10:01:51.851880+00:00
08b5a0e4-b081-40f7-956f-50433db8874d,8a9bbb20-6496-4262-92f5-82579b790dec,350aaa83-efd9-4cde-98a4-b88e9e875a55,a23b7843-1b83-4abd-9977-be9eb4d6d5d0,2035.75,INR,success,2026-05-26 12:02:58.480414+00:00
e4421182-4f30-4d49-87c6-32d32c9cbd1b,b5cf7947-d093-45dc-a86f-9d5817d18db1,3e0af69f-a500-4e11-bced-a84e8e29bb6a,8e56d34c-9ab9-491f-87bd-650a3eb52dc1,2073.97,INR,success,2026-03-25 03:40:05.085157+00:00
633596d6-98ff-42b3-853e-0b6e9bcc2f32,b5cf7947-d093-45dc-a86f-9d5817d18db1,3e0af69f-a500-4e11-bced-a84e8e29bb6a,8e56d34c-9ab9-491f-87bd-650a3eb52dc1,3227.9,INR,success,2026-04-16 20:10:50.735288+00:00
005d9a8c-05ac-475b-9224-2df428052067,b5cf7947-d093-45dc-a86f-9d5817d18db1,3e0af69f-a500-4e11-bced-a84e8e29bb6a,8e56d34c-9ab9-491f-87bd-650a3eb52dc1,4878.28,INR,success,2026-04-20 08:37:17.277934+00:00
65f9930d-d5c1-470d-baec-42a8abfc48b3,b5cf7947-d093-45dc-a86f-9d5817d18db1,3e0af69f-a500-4e11-bced-a84e8e29bb6a,8e56d34c-9ab9-491f-87bd-650a3eb52dc1,2602.32,INR,success,2026-04-26 13:04:02.002425+00:00
7849f276-0d57-4cdc-a9d2-32629902317c,b5cf7947-d093-45dc-a86f-9d5817d18db1,3e0af69f-a500-4e11-bced-a84e8e29bb6a,8e56d34c-9ab9-491f-87bd-650a3eb52dc1,2645.49,INR,success,2026-05-18 12:06:27.474170+00:00
da1761cd-a54b-49f3-8f44-166ade65d97a,8ffff183-3847-4aec-8138-a846a43a8181,b69c21e7-835c-496c-bcd7-bd59a5e70dde,ff10ae70-3d04-4767-b48e-9892ea0f177f,3707.09,INR,success,2026-04-29 18:46:51.806852+00:00
812cc4cf-98d9-47c3-b588-4d02abae462c,8ffff183-3847-4aec-8138-a846a43a8181,b69c21e7-835c-496c-bcd7-bd59a5e70dde,ff10ae70-3d04-4767-b48e-9892ea0f177f,280.08,INR,success,2026-05-13 04:44:34.119405+00:00
7760d1ba-35a9-4d0d-b68e-e990c7662cc1,21739d08-1012-48bc-910e-b98126400efd,94c02646-ca41-45af-967f-949cfa1c5f4d,e00ed2c0-971c-4603-ad2f-d9213051de35,577.07,INR,success,2026-03-23 20:30:08.625640+00:00
522ec6e0-d158-4529-8034-1dffb1f851a6,21739d08-1012-48bc-910e-b98126400efd,94c02646-ca41-45af-967f-949cfa1c5f4d,e00ed2c0-971c-4603-ad2f-d9213051de35,2302.85,INR,success,2026-04-13 10:50:50.721418+00:00
dec69835-f99d-43f5-936c-2ddd04daf685,21739d08-1012-48bc-910e-b98126400efd,94c02646-ca41-45af-967f-949cfa1c5f4d,e00ed2c0-971c-4603-ad2f-d9213051de35,6384.22,INR,success,2026-04-13 22:07:38.412883+00:00
a4b4cf91-d12b-4637-902d-6f75fc6a1e81,21739d08-1012-48bc-910e-b98126400efd,94c02646-ca41-45af-967f-949cfa1c5f4d,e00ed2c0-971c-4603-ad2f-d9213051de35,10.0,INR,success,2026-04-25 01:20:33.283153+00:00
fb174d3c-8c66-4325-87df-388ef543bbc3,21739d08-1012-48bc-910e-b98126400efd,94c02646-ca41-45af-967f-949cfa1c5f4d,e00ed2c0-971c-4603-ad2f-d9213051de35,954.98,INR,success,2026-05-27 16:32:29.317732+00:00
1f4599fe-5b11-4a8f-ad41-34930a2b9420,c8a08267-9dba-4ad4-aa82-401a4a36002c,07ad25f7-9c1e-420a-8159-982c9ab29254,8016e9d8-8662-4353-af39-8794adcb460a,1886.33,INR,success,2026-05-05 05:16:21.213008+00:00
421101a1-c147-490e-ad0d-897a40555b90,c8a08267-9dba-4ad4-aa82-401a4a36002c,07ad25f7-9c1e-420a-8159-982c9ab29254,8016e9d8-8662-4353-af39-8794adcb460a,1306.91,INR,success,2026-05-11 03:49:45.788912+00:00
de642bd4-ca9a-486f-a2da-60aad9058196,c8a08267-9dba-4ad4-aa82-401a4a36002c,07ad25f7-9c1e-420a-8159-982c9ab29254,8016e9d8-8662-4353-af39-8794adcb460a,10.0,INR,success,2026-05-15 01:01:03.315708+00:00
3d78944f-2987-49ec-aa0c-2bc770629da4,696a431c-a8d9-4201-82d5-9f7c0e59f51a,1aaa2ebd-c335-4220-8ac3-2c7a92b4ed07,253c3c09-0c32-4d62-a57a-09049dabe6ff,1719.0,INR,success,2026-03-24 15:32:10.296517+00:00
48a4221a-10ff-42dd-aed2-6a87e17127a7,696a431c-a8d9-4201-82d5-9f7c0e59f51a,1aaa2ebd-c335-4220-8ac3-2c7a92b4ed07,253c3c09-0c32-4d62-a57a-09049dabe6ff,4812.67,INR,success,2026-05-02 22:02:08.532032+00:00
aa97649a-2cc7-4176-ada4-19ebaa0940eb,696a431c-a8d9-4201-82d5-9f7c0e59f51a,1aaa2ebd-c335-4220-8ac3-2c7a92b4ed07,253c3c09-0c32-4d62-a57a-09049dabe6ff,2637.61,INR,success,2026-05-04 02:02:40.995135+00:00
b3df85b1-fe78-44b5-a03c-3572eb31679b,35d66dae-e447-4ba6-96aa-2c873efdda53,cd4942a5-884f-4504-ba75-89736387185d,9303f970-55a8-49ec-a78d-9334e0ec4e1e,4711.7,INR,success,2026-03-14 10:49:10.649807+00:00
b69b7a31-0db7-4b73-97cf-4d177145feb1,35d66dae-e447-4ba6-96aa-2c873efdda53,cd4942a5-884f-4504-ba75-89736387185d,9303f970-55a8-49ec-a78d-9334e0ec4e1e,2639.25,INR,success,2026-04-17 07:59:54.205426+00:00
4370d137-dc82-4003-955f-4e204a8a8b8e,522e50fb-6ad6-4708-b062-2b6deeb79086,08525270-a31e-41f0-9b63-1aff6915ac05,7c35e21c-e69f-4a72-8c2d-aa4cdd168398,2679.87,INR,success,2026-05-26 09:35:42.435553+00:00
bfa4cf10-6ed5-4ea5-8bcd-df6623b78e4a,522e50fb-6ad6-4708-b062-2b6deeb79086,08525270-a31e-41f0-9b63-1aff6915ac05,7c35e21c-e69f-4a72-8c2d-aa4cdd168398,861.31,INR,success,2026-05-28 08:45:55.706769+00:00
bfbc6ae5-6e56-4adf-a8e4-e05640f27a1d,522e50fb-6ad6-4708-b062-2b6deeb79086,08525270-a31e-41f0-9b63-1aff6915ac05,7c35e21c-e69f-4a72-8c2d-aa4cdd168398,5381.13,INR,success,2026-05-29 20:59:37.828238+00:00
91ff6f84-00f4-4206-808f-6d522f7f550a,a050274b-f2bc-44d2-b303-682d5a915c47,7596a144-6304-44fd-b47e-46ffde6d3b97,e1cd5883-1b40-4a85-b194-71a568f48473,3176.05,INR,success,2026-05-28 22:23:58.852620+00:00
03b15de0-9567-46a3-b677-cdfe8e208816,766b0696-b337-43a9-a452-e034d44f4974,59157d73-a0ac-4447-ad88-5973cb89e17d,036873e7-8d15-45ab-8266-717347d04eec,69.3,INR,success,2026-05-26 18:48:12.894015+00:00
bdbbe16d-639d-4592-b517-46a5ce508da9,766b0696-b337-43a9-a452-e034d44f4974,59157d73-a0ac-4447-ad88-5973cb89e17d,036873e7-8d15-45ab-8266-717347d04eec,5036.37,INR,success,2026-05-26 18:58:56.938108+00:00
39a54298-a2f6-42c6-9e73-63ed33c6d0b3,bd7fe068-75a5-4a05-8869-a93c6b8daa6c,a8222159-00b6-4635-b2a1-43bb5e05c30e,5772fa27-0d1d-4c88-adf2-85cb2a1dbb04,167.73,INR,success,2026-04-06 07:19:08.467479+00:00
08ad9e1b-d688-4cbd-8ba3-fa2c25297a44,bd7fe068-75a5-4a05-8869-a93c6b8daa6c,a8222159-00b6-4635-b2a1-43bb5e05c30e,5772fa27-0d1d-4c88-adf2-85cb2a1dbb04,329.01,INR,success,2026-05-01 23:47:09.167168+00:00
dbe1a11d-6c1d-4eb2-af96-82f5ce3553b5,bd7fe068-75a5-4a05-8869-a93c6b8daa6c,a8222159-00b6-4635-b2a1-43bb5e05c30e,5772fa27-0d1d-4c88-adf2-85cb2a1dbb04,755.14,INR,success,2026-05-30 01:17:15.558177+00:00
605c09be-50f3-47a3-b711-85c5b25e574f,bd7fe068-75a5-4a05-8869-a93c6b8daa6c,a8222159-00b6-4635-b2a1-43bb5e05c30e,5772fa27-0d1d-4c88-adf2-85cb2a1dbb04,976.77,INR,success,2026-05-31 11:04:50.515522+00:00
837d5da0-963c-4754-894b-6977de95b9d6,811b0e55-1e3d-4801-ba52-06d753192ed1,961c2cfe-dc69-499a-ae0e-6ebac890e042,f2b18df9-d0d4-43ee-8b0c-b17c166d23b4,2741.72,INR,success,2026-04-08 17:02:59.720426+00:00
ca5ef77b-3578-4338-a83f-d6d281d296ec,811b0e55-1e3d-4801-ba52-06d753192ed1,961c2cfe-dc69-499a-ae0e-6ebac890e042,f2b18df9-d0d4-43ee-8b0c-b17c166d23b4,2913.01,INR,success,2026-04-11 23:23:49.268670+00:00
2a9aee20-ac6d-4964-8121-103ae3e33738,66b54a24-bfa4-42fd-957b-10605a8e51ba,fd76d08b-3c76-4e84-900c-597446ce98a7,766ad6e6-b70c-4782-ac9a-b3e02aa32b6a,1955.68,INR,success,2026-05-11 09:36:13.332459+00:00
0cc02e53-3496-4a23-a458-2ef1f88cacd1,62e74386-be56-4bd7-8442-e2e10088c629,108ed8bf-038e-4ea0-b7dc-d43387bcbc97,24a41bfe-4b32-404d-8275-d62bbbe809ff,253.56,INR,success,2026-05-27 06:04:31.610159+00:00
203c0067-da65-431d-9088-24223fb19657,62e74386-be56-4bd7-8442-e2e10088c629,108ed8bf-038e-4ea0-b7dc-d43387bcbc97,24a41bfe-4b32-404d-8275-d62bbbe809ff,435.97,INR,success,2026-05-31 04:23:50.136527+00:00
f36766aa-a2ec-4783-8429-a6a016212b4c,62e74386-be56-4bd7-8442-e2e10088c629,108ed8bf-038e-4ea0-b7dc-d43387bcbc97,24a41bfe-4b32-404d-8275-d62bbbe809ff,723.98,INR,success,2026-05-31 11:38:27.769896+00:00
3e486f4c-86d1-45f9-bb2f-8a558dd392ee,62e74386-be56-4bd7-8442-e2e10088c629,108ed8bf-038e-4ea0-b7dc-d43387bcbc97,24a41bfe-4b32-404d-8275-d62bbbe809ff,391.85,INR,success,2026-05-31 12:23:59.306606+00:00
48e98c2b-8df5-42d9-9f6f-10e02d21fefd,62e74386-be56-4bd7-8442-e2e10088c629,108ed8bf-038e-4ea0-b7dc-d43387bcbc97,24a41bfe-4b32-404d-8275-d62bbbe809ff,243.66,INR,success,2026-05-31 12:29:13.237001+00:00
7c0b4446-eba6-4456-b67b-5b4fde2794a1,a8aebbd9-13ad-4ee5-9713-4306c7650ffa,fa6cb241-ff0d-4663-86bd-043201d7e833,42700ab8-9eb0-452f-ba12-06963d81284e,4239.24,INR,success,2026-05-11 12:18:08.366154+00:00
a1311572-bf24-441a-8529-b0c718a36dc9,27ed5f3e-85b7-47d5-8541-da535bf45888,d3b99e6d-0ed6-4869-b16e-46fac73088ff,178ae92e-b4da-4cc5-aebf-e75c58ae5982,2328.99,INR,success,2026-03-22 06:54:41.995227+00:00
216c0419-7127-47cf-9eeb-a745871c03d8,27ed5f3e-85b7-47d5-8541-da535bf45888,d3b99e6d-0ed6-4869-b16e-46fac73088ff,178ae92e-b4da-4cc5-aebf-e75c58ae5982,201.05,INR,success,2026-03-23 09:56:31.831439+00:00
be067edc-f613-48fa-94e1-fa2291823232,91f6382b-2107-4e3b-996f-c78be46e38bc,b69cf584-5052-455e-b1ac-72f132268552,f1ec2dd5-8d10-4e36-9300-c3ad36457dba,806.17,INR,success,2026-05-16 17:38:53.454793+00:00
a1d96fab-ed86-4289-a887-079090e780da,8571d8f7-59bf-4c6c-a6dc-12efca05f36b,adfdf26a-72aa-4468-b3ba-f397f8933ae4,2463abee-7f3a-4647-9e77-a430fd156862,1424.02,INR,success,2026-04-09 10:23:14.875538+00:00
ab8365f0-5bb6-428f-8d90-a0e1fe97bb0b,8571d8f7-59bf-4c6c-a6dc-12efca05f36b,adfdf26a-72aa-4468-b3ba-f397f8933ae4,2463abee-7f3a-4647-9e77-a430fd156862,5046.1,INR,success,2026-04-13 06:57:27.200184+00:00
0780f602-2820-406f-aea5-a3432d28327f,8571d8f7-59bf-4c6c-a6dc-12efca05f36b,adfdf26a-72aa-4468-b3ba-f397f8933ae4,2463abee-7f3a-4647-9e77-a430fd156862,4458.04,INR,success,2026-04-19 00:30:25.438923+00:00
08b04030-c7aa-4a7b-9e94-fd5ae53e65dd,8571d8f7-59bf-4c6c-a6dc-12efca05f36b,adfdf26a-72aa-4468-b3ba-f397f8933ae4,2463abee-7f3a-4647-9e77-a430fd156862,403.4,INR,success,2026-05-08 13:40:22.214282+00:00
4d52b549-d787-4e70-bd08-c895446a9271,d6dc8b55-5917-4f5a-98aa-07b4420ec127,261a8ea6-7413-4259-8db0-8af9dd64a5bb,26a03747-afdb-4568-a04b-2f132ca38cc8,2011.82,INR,success,2026-05-11 07:02:16.859957+00:00
65b66f52-8b6f-4159-9f4c-6626c8e5653f,d0590d74-82a9-4ab4-bffd-3e93ea241c36,a93632bf-657d-4dff-ba5a-a1c363a664ab,cab45aef-844e-48ae-8a7f-ed78edcfc7ef,1118.59,INR,success,2026-03-17 15:05:23.989171+00:00
d311a5f0-6c71-4f03-982b-e9ffbde08aaf,d0590d74-82a9-4ab4-bffd-3e93ea241c36,a93632bf-657d-4dff-ba5a-a1c363a664ab,cab45aef-844e-48ae-8a7f-ed78edcfc7ef,2065.23,INR,success,2026-03-30 03:07:39.382826+00:00
558fa8f7-ae7a-472b-bb57-68a4e854e2ea,d0590d74-82a9-4ab4-bffd-3e93ea241c36,a93632bf-657d-4dff-ba5a-a1c363a664ab,cab45aef-844e-48ae-8a7f-ed78edcfc7ef,3393.98,INR,success,2026-04-23 01:43:38.627094+00:00
9ef412e9-facc-4169-92ea-da8aa9284250,67d6f0b9-26f1-41e5-a06e-bb19d58cd0c1,a5e32a50-4c24-407c-b297-a45d94c5a562,ff235223-2059-487d-8543-de420558bb83,3448.73,INR,success,2026-04-28 17:00:52.639865+00:00
4831c70d-e0f0-48bd-87be-04554355dbae,67d6f0b9-26f1-41e5-a06e-bb19d58cd0c1,a5e32a50-4c24-407c-b297-a45d94c5a562,ff235223-2059-487d-8543-de420558bb83,777.23,INR,success,2026-05-05 17:08:29.028523+00:00
0c78d74e-ec37-4996-aff5-46c11a1fb5cc,67d6f0b9-26f1-41e5-a06e-bb19d58cd0c1,a5e32a50-4c24-407c-b297-a45d94c5a562,ff235223-2059-487d-8543-de420558bb83,10.0,INR,success,2026-05-10 09:11:32.651142+00:00
ecdc01f8-e781-4201-98fa-af184c9b85ab,67d6f0b9-26f1-41e5-a06e-bb19d58cd0c1,a5e32a50-4c24-407c-b297-a45d94c5a562,ff235223-2059-487d-8543-de420558bb83,932.96,INR,success,2026-05-26 12:57:45.072074+00:00
650ccd88-5ad6-4859-8478-a3969278b327,4e9166ef-8024-4a85-a265-8552f86fcfff,936c9402-473b-4301-819e-3526efaae3a7,1a7f6a70-17e5-4cfc-920a-d7d53a15e3fb,2317.43,INR,success,2026-05-10 23:50:59.992986+00:00
be8ea031-ac78-4f59-a985-0cb69bf0c240,33211fe1-754c-4ef6-944b-5744f55e2380,7a2c3f7d-65e6-4833-857d-7137e2ee39dd,5434d97b-0705-4da9-96b0-323a83f2bba9,1250.62,INR,success,2026-05-16 06:25:41.708446+00:00
a907ee17-2152-4fec-bc1e-0c2c98186502,33211fe1-754c-4ef6-944b-5744f55e2380,7a2c3f7d-65e6-4833-857d-7137e2ee39dd,5434d97b-0705-4da9-96b0-323a83f2bba9,2523.3,INR,success,2026-05-17 11:30:25.916621+00:00
f18c9495-7dcc-410c-a718-ec75523e6a34,33211fe1-754c-4ef6-944b-5744f55e2380,7a2c3f7d-65e6-4833-857d-7137e2ee39dd,5434d97b-0705-4da9-96b0-323a83f2bba9,2650.26,INR,success,2026-05-18 04:15:53.912112+00:00
2a28cd15-27e1-448b-a034-2da9f7edf4b8,33211fe1-754c-4ef6-944b-5744f55e2380,7a2c3f7d-65e6-4833-857d-7137e2ee39dd,5434d97b-0705-4da9-96b0-323a83f2bba9,1370.22,INR,success,2026-05-27 10:41:19.783827+00:00
8b05797d-a0c4-4845-b467-8dfbfaf86c7e,33211fe1-754c-4ef6-944b-5744f55e2380,7a2c3f7d-65e6-4833-857d-7137e2ee39dd,5434d97b-0705-4da9-96b0-323a83f2bba9,1588.58,INR,success,2026-05-28 17:48:34.966275+00:00
aae7b400-cdf8-49f2-a9b6-a3efc1720240,ed4623af-5643-4532-a9bf-ba9742370c35,79d51ede-b5a1-4e85-ac7a-3ea2af41d313,764cd379-f44f-4f73-b825-8e90cb5b1c7f,987.84,INR,success,2026-05-01 04:42:32.251067+00:00
92818a4e-f156-4b22-aa84-4603d200b279,ed4623af-5643-4532-a9bf-ba9742370c35,79d51ede-b5a1-4e85-ac7a-3ea2af41d313,764cd379-f44f-4f73-b825-8e90cb5b1c7f,2261.94,INR,success,2026-05-03 06:53:10.578534+00:00
449cc275-0488-4d7f-be99-60488071cf1c,ed4623af-5643-4532-a9bf-ba9742370c35,79d51ede-b5a1-4e85-ac7a-3ea2af41d313,764cd379-f44f-4f73-b825-8e90cb5b1c7f,1641.78,INR,success,2026-05-07 17:24:32.044975+00:00
dcbb08d0-0f40-4b57-be5e-ea149d965471,fbdd79b0-cf1e-4c88-ab0c-b2e01551e28c,71067142-fa81-40e4-a812-1d44861195eb,58c79bf4-3500-48eb-849f-2ecc46d7c1f9,4982.7,INR,success,2026-05-22 17:18:46.428739+00:00
050670f1-b1d5-40a7-912e-cebbfc324b82,d2513f01-9d1d-44f9-84b0-c2cdfb8703ac,a551e00a-50db-4fac-918b-30b3b887ee93,05b1b766-454a-43dc-ab5f-c8223c4ffdac,2470.41,INR,success,2026-05-28 11:47:10.940018+00:00
ad447a29-8e02-4fa5-86f0-cacd1109e155,d2513f01-9d1d-44f9-84b0-c2cdfb8703ac,a551e00a-50db-4fac-918b-30b3b887ee93,05b1b766-454a-43dc-ab5f-c8223c4ffdac,10.0,INR,success,2026-05-31 03:16:02.441173+00:00
811e4ff6-f2d7-4685-8c05-116406165c16,d2513f01-9d1d-44f9-84b0-c2cdfb8703ac,a551e00a-50db-4fac-918b-30b3b887ee93,05b1b766-454a-43dc-ab5f-c8223c4ffdac,244.83,INR,success,2026-05-31 06:39:01.494167+00:00
29260fd7-595c-42a6-aa55-9a00e3e331e1,d2513f01-9d1d-44f9-84b0-c2cdfb8703ac,a551e00a-50db-4fac-918b-30b3b887ee93,05b1b766-454a-43dc-ab5f-c8223c4ffdac,3927.79,INR,success,2026-05-31 13:36:56.950181+00:00
9f713459-dffe-4bf1-9c06-f02cca8ea106,d2513f01-9d1d-44f9-84b0-c2cdfb8703ac,a551e00a-50db-4fac-918b-30b3b887ee93,05b1b766-454a-43dc-ab5f-c8223c4ffdac,6824.32,INR,success,2026-05-31 17:03:12.772037+00:00
50c01786-053e-4637-89fd-5615c35cab3c,149b934c-9528-457d-a992-a5b544675e87,a9affd04-37e4-4bcc-9e4c-9efb30139a32,64ecc0f2-9ca4-4baf-a795-daf52e4c64d5,3564.94,INR,success,2026-04-22 08:00:34.842024+00:00
14f9a182-338e-46a6-939f-91c8a0ab31d9,149b934c-9528-457d-a992-a5b544675e87,a9affd04-37e4-4bcc-9e4c-9efb30139a32,64ecc0f2-9ca4-4baf-a795-daf52e4c64d5,4529.7,INR,success,2026-05-13 22:55:25.296273+00:00
b0777772-5b35-4490-9ed8-feb0b9d01104,149b934c-9528-457d-a992-a5b544675e87,a9affd04-37e4-4bcc-9e4c-9efb30139a32,64ecc0f2-9ca4-4baf-a795-daf52e4c64d5,2418.9,INR,success,2026-05-20 10:35:00.659178+00:00
cbeccb54-f16b-4f2d-969c-5ddc5db63967,149b934c-9528-457d-a992-a5b544675e87,a9affd04-37e4-4bcc-9e4c-9efb30139a32,64ecc0f2-9ca4-4baf-a795-daf52e4c64d5,6723.48,INR,success,2026-05-20 13:11:42.083277+00:00
1ab60bcf-ca79-4d8d-bb4d-b5f2fb67e98c,149b934c-9528-457d-a992-a5b544675e87,a9affd04-37e4-4bcc-9e4c-9efb30139a32,64ecc0f2-9ca4-4baf-a795-daf52e4c64d5,10.0,INR,success,2026-05-31 13:43:21.552156+00:00
a101a7ef-38b6-410c-907e-f5c0f29927cd,b5022a07-ce02-400d-8c18-60c4ae1fcd76,f30ffe7c-6fa9-41b3-a5ab-230dd311bc21,b8daed73-1301-4678-a352-d436f5f4abdc,1830.1,INR,success,2026-03-12 07:24:55.035603+00:00
66aadd6b-fcdd-4f60-9d34-827d8a63fd70,b5022a07-ce02-400d-8c18-60c4ae1fcd76,f30ffe7c-6fa9-41b3-a5ab-230dd311bc21,b8daed73-1301-4678-a352-d436f5f4abdc,2649.18,INR,success,2026-04-15 20:47:24.049384+00:00
01d933d6-563f-4758-9010-2d6f1764f546,b5022a07-ce02-400d-8c18-60c4ae1fcd76,f30ffe7c-6fa9-41b3-a5ab-230dd311bc21,b8daed73-1301-4678-a352-d436f5f4abdc,617.73,INR,success,2026-04-30 22:20:01.818417+00:00
759253d8-2040-414e-8300-c8bdb340fea3,b5022a07-ce02-400d-8c18-60c4ae1fcd76,f30ffe7c-6fa9-41b3-a5ab-230dd311bc21,b8daed73-1301-4678-a352-d436f5f4abdc,2782.9,INR,success,2026-05-05 07:44:18.662399+00:00
bb7ca34f-98ea-4c2d-8fc2-46684ea47f91,8dfe4bdc-3c46-4cfd-8373-931da2d77263,b550a54e-6d89-4ead-abb0-ca13a666d433,cec817c1-c3a4-40f1-97cd-63320121c356,10.0,INR,success,2026-04-15 02:35:47.629184+00:00
c0185d24-3876-436f-9be2-197e83854940,0d036447-3f21-4e64-b280-7ff63eec21ca,be31c995-0a90-4434-8295-f9991e1804a2,df0ce459-4849-4e7d-a6fc-af2dafb3de38,1860.62,INR,success,2026-04-07 11:32:09.702691+00:00
7b6c378f-434e-4764-a3b6-f0c71bc5ded3,0d036447-3f21-4e64-b280-7ff63eec21ca,be31c995-0a90-4434-8295-f9991e1804a2,df0ce459-4849-4e7d-a6fc-af2dafb3de38,639.21,INR,success,2026-04-12 19:26:05.375619+00:00
f170e07b-f719-4307-b88a-36c3957656d8,0d036447-3f21-4e64-b280-7ff63eec21ca,be31c995-0a90-4434-8295-f9991e1804a2,df0ce459-4849-4e7d-a6fc-af2dafb3de38,10.0,INR,success,2026-05-13 11:54:09.723305+00:00
74895122-0a1d-4b4e-9be1-7a072b9c07d7,6389dd9c-c4c3-4308-83e4-6ca36f61ede0,e2ff21ff-1d09-425a-a5c5-cf31ff9fac53,dd4ff3cb-d09f-4dd3-af45-61d968c69d4f,1891.2,INR,success,2026-05-14 08:15:21.794247+00:00
624f12dc-e5f5-4ab7-8ffe-661465986acb,6389dd9c-c4c3-4308-83e4-6ca36f61ede0,e2ff21ff-1d09-425a-a5c5-cf31ff9fac53,dd4ff3cb-d09f-4dd3-af45-61d968c69d4f,2126.74,INR,success,2026-05-16 21:20:32.791248+00:00
16bdad26-00d6-437d-ba93-7fe4c1844a6b,6389dd9c-c4c3-4308-83e4-6ca36f61ede0,e2ff21ff-1d09-425a-a5c5-cf31ff9fac53,dd4ff3cb-d09f-4dd3-af45-61d968c69d4f,1421.32,INR,success,2026-05-24 13:55:38.648559+00:00
11a663ea-c344-4da1-bc7c-a5ab4729f266,d4ff710a-d0a1-4ef6-b76f-344e27221c8f,3b702c0e-002e-4c49-8c39-bc700b37fdeb,43b3efdb-94fb-49be-8bc8-3131d96a8665,687.82,INR,success,2026-05-23 23:34:43.995346+00:00
c0575ff2-28c6-43e1-b898-af4f71610f5c,d4ff710a-d0a1-4ef6-b76f-344e27221c8f,3b702c0e-002e-4c49-8c39-bc700b37fdeb,43b3efdb-94fb-49be-8bc8-3131d96a8665,24.62,INR,success,2026-05-25 00:10:19.270553+00:00
81fd1627-cf60-4e8b-b17d-9f15e60d7dbb,d4ff710a-d0a1-4ef6-b76f-344e27221c8f,3b702c0e-002e-4c49-8c39-bc700b37fdeb,43b3efdb-94fb-49be-8bc8-3131d96a8665,902.24,INR,success,2026-05-27 03:31:17.716801+00:00
0ba909e7-e39a-432a-a817-2fc140128554,d4ff710a-d0a1-4ef6-b76f-344e27221c8f,3b702c0e-002e-4c49-8c39-bc700b37fdeb,43b3efdb-94fb-49be-8bc8-3131d96a8665,1580.84,INR,success,2026-05-28 17:25:17.185044+00:00
914c2d7d-3570-4c39-81af-6d6f1dcab6f3,d4ff710a-d0a1-4ef6-b76f-344e27221c8f,3b702c0e-002e-4c49-8c39-bc700b37fdeb,43b3efdb-94fb-49be-8bc8-3131d96a8665,552.56,INR,success,2026-05-30 14:11:52.059761+00:00
a0486afe-1268-47f4-a34d-a927944da946,196a8271-d242-420f-9453-1b1beb3aa4fb,ee363634-4038-4b01-ac6b-cdc4d2829ba7,e5f9f019-2879-4ebb-99ee-d8795bdebe2a,925.0,INR,success,2026-04-24 05:41:06.731418+00:00
ebe09237-e32b-4b77-9eb2-aaa0681a026c,196a8271-d242-420f-9453-1b1beb3aa4fb,ee363634-4038-4b01-ac6b-cdc4d2829ba7,e5f9f019-2879-4ebb-99ee-d8795bdebe2a,710.38,INR,success,2026-05-27 05:22:24.504666+00:00
fdeb3644-41fc-4b98-9840-810df241e67c,ad8a35b2-9023-449c-83b8-167cdb91d931,e52beb2d-65bd-455f-835e-dc981a2e3783,ed5be234-83c2-4da5-b8c5-1615b8cff118,1752.65,INR,success,2026-04-30 02:36:34.651391+00:00
2f59708a-05ba-49b6-bf03-436e97f47359,ad8a35b2-9023-449c-83b8-167cdb91d931,e52beb2d-65bd-455f-835e-dc981a2e3783,ed5be234-83c2-4da5-b8c5-1615b8cff118,3007.19,INR,success,2026-05-19 13:39:36.420981+00:00
f7bafb1c-5bfa-4b12-98de-4a2e15fe983f,ca4c322d-e6dd-4124-afdd-c8640faceecd,344ec64c-42c8-4de3-9076-043614f4a7cd,722c2560-8c57-4404-8c7c-ad289f2fa767,792.89,INR,success,2026-05-31 12:05:51.857916+00:00
734a14ba-281e-423e-9e48-df00266456a5,ca4c322d-e6dd-4124-afdd-c8640faceecd,344ec64c-42c8-4de3-9076-043614f4a7cd,722c2560-8c57-4404-8c7c-ad289f2fa767,816.27,INR,success,2026-05-31 22:28:47.550464+00:00
267a7864-69e0-48bc-b65d-5a9f339c3cff,bf147614-395f-415c-ba31-0e9b64497e2b,8dbe263b-8dcf-4e4b-b97d-776ae226bcc3,5bfff2fb-033d-4df6-a593-a533601080ea,274.56,INR,success,2026-05-09 19:08:03.466277+00:00
2533c0a4-d8b8-4efd-9cb6-dfe2df32cb48,e73c0c7b-9411-451a-ac58-b9da77f8c183,adbd8f41-4536-469b-bd21-804550c21923,9da840b7-6eed-429d-b3bf-cf2662d3f370,798.53,INR,success,2026-04-24 15:10:57.222444+00:00
6fd84b44-6468-48aa-8f23-7c924ecd9a0e,e73c0c7b-9411-451a-ac58-b9da77f8c183,adbd8f41-4536-469b-bd21-804550c21923,9da840b7-6eed-429d-b3bf-cf2662d3f370,2268.55,INR,success,2026-05-16 12:10:30.255779+00:00
c8a53805-43fb-412c-894c-61fb9ca0dfe0,edbec616-20dd-4083-b241-b8f61e0c3848,68f4061c-d751-4fc0-b229-fd9a6cdc24e4,16bd2ae6-ced3-46d3-adf8-a7cd5b833c16,1428.72,INR,success,2026-03-28 17:41:27.673589+00:00
234d8d8e-a291-4a42-b34f-dbb3f73e309c,edbec616-20dd-4083-b241-b8f61e0c3848,68f4061c-d751-4fc0-b229-fd9a6cdc24e4,16bd2ae6-ced3-46d3-adf8-a7cd5b833c16,1076.32,INR,success,2026-04-11 13:07:34.047881+00:00
f4024aff-af20-4761-b6d7-d09cacb2d421,edbec616-20dd-4083-b241-b8f61e0c3848,68f4061c-d751-4fc0-b229-fd9a6cdc24e4,16bd2ae6-ced3-46d3-adf8-a7cd5b833c16,1523.7,INR,success,2026-05-07 02:53:07.576203+00:00
77e5ee86-5b00-423c-823b-df64b870584b,edbec616-20dd-4083-b241-b8f61e0c3848,68f4061c-d751-4fc0-b229-fd9a6cdc24e4,16bd2ae6-ced3-46d3-adf8-a7cd5b833c16,1522.71,INR,success,2026-05-07 08:34:11.848625+00:00
c0d8bd58-8e2f-429b-b5e4-c28411070f84,edbec616-20dd-4083-b241-b8f61e0c3848,68f4061c-d751-4fc0-b229-fd9a6cdc24e4,16bd2ae6-ced3-46d3-adf8-a7cd5b833c16,1941.38,INR,success,2026-05-17 12:05:30.064255+00:00
3b34d0b7-3394-41de-a577-dbdcd6e3b412,97bef57c-7fe2-4418-8839-53e40296353e,c10582df-3405-4e5b-9646-33a3b2618347,a5ddab95-b30b-4ecf-a064-4478f48ceca3,972.57,INR,success,2026-05-24 17:45:34.727750+00:00
47dcbe22-43d8-46fb-a2b4-1f1fc5cbb839,97bef57c-7fe2-4418-8839-53e40296353e,c10582df-3405-4e5b-9646-33a3b2618347,a5ddab95-b30b-4ecf-a064-4478f48ceca3,677.67,INR,success,2026-05-28 14:31:13.940582+00:00
918b9972-c49f-40a3-98b4-d1996c6799de,97bef57c-7fe2-4418-8839-53e40296353e,c10582df-3405-4e5b-9646-33a3b2618347,a5ddab95-b30b-4ecf-a064-4478f48ceca3,2898.26,INR,success,2026-05-31 10:59:10.491812+00:00
fff0a58e-5b6d-4e4c-be8c-641011b527d6,b426d579-98eb-4516-8d28-a2a80677ed79,cc479520-fca8-499c-96bf-88b047dd11cf,443016ec-f363-4755-bc29-9eb5373635db,1175.0,INR,success,2026-05-29 00:38:48.593640+00:00
c336ad63-5382-45d7-9a31-f4596fe73100,515afb74-4457-4fee-aaae-3fefb649e777,384102da-c56d-4b60-8013-567581f8e22a,1151ec07-38c5-4db6-a023-c6245ef48b4d,1871.06,INR,success,2026-05-27 18:28:23.580463+00:00
c08694d6-37a8-4e71-a2d0-535fd77ef268,515afb74-4457-4fee-aaae-3fefb649e777,384102da-c56d-4b60-8013-567581f8e22a,1151ec07-38c5-4db6-a023-c6245ef48b4d,5030.83,INR,success,2026-05-31 06:27:22.360420+00:00
e0e6a2f6-3c2a-4932-9ec8-b0c512a27cb3,515afb74-4457-4fee-aaae-3fefb649e777,384102da-c56d-4b60-8013-567581f8e22a,1151ec07-38c5-4db6-a023-c6245ef48b4d,3526.15,INR,success,2026-05-31 23:02:57.512367+00:00
d1cd2b44-7d1a-4843-85e3-4050f157ca33,8103cfc8-e6d3-4834-9011-2c1a21e4b242,213d0093-3f6c-410d-8578-373862577447,19033d18-1bc7-4594-a119-59991243b022,4179.0,INR,success,2026-04-01 07:25:44.652591+00:00
6d7b5b98-a033-4907-bb1f-7eea8310df4a,8103cfc8-e6d3-4834-9011-2c1a21e4b242,213d0093-3f6c-410d-8578-373862577447,19033d18-1bc7-4594-a119-59991243b022,3323.39,INR,success,2026-04-03 12:16:24.179153+00:00
e01e6d98-8de3-4e6a-8f49-1192d5893e3d,8103cfc8-e6d3-4834-9011-2c1a21e4b242,213d0093-3f6c-410d-8578-373862577447,19033d18-1bc7-4594-a119-59991243b022,5093.66,INR,success,2026-05-15 02:29:22.282068+00:00
02fe5eff-fcdf-40c0-a298-a39f769bb151,8103cfc8-e6d3-4834-9011-2c1a21e4b242,213d0093-3f6c-410d-8578-373862577447,19033d18-1bc7-4594-a119-59991243b022,4278.42,INR,success,2026-05-19 01:56:51.223715+00:00
ad1e8511-4da4-401e-87cb-756f8ac0be9c,8103cfc8-e6d3-4834-9011-2c1a21e4b242,213d0093-3f6c-410d-8578-373862577447,19033d18-1bc7-4594-a119-59991243b022,3218.76,INR,success,2026-05-28 12:36:07.243979+00:00
5d34dcfa-e9cd-4900-be02-47e9b3580ee3,c22391b3-5404-4097-8f06-553c4c570df0,8ea5dd7d-9994-4659-b002-aaa940eccc5f,31535509-220a-43e7-8ea5-b283294abe46,3125.53,INR,success,2026-05-09 03:14:58.395581+00:00
59d93286-9b4e-4017-901c-53527caba3f3,c22391b3-5404-4097-8f06-553c4c570df0,8ea5dd7d-9994-4659-b002-aaa940eccc5f,31535509-220a-43e7-8ea5-b283294abe46,1442.82,INR,success,2026-05-09 22:46:00.877721+00:00
beb0d8f7-8591-4208-af1f-5b8ad2980695,c22391b3-5404-4097-8f06-553c4c570df0,8ea5dd7d-9994-4659-b002-aaa940eccc5f,31535509-220a-43e7-8ea5-b283294abe46,3621.57,INR,success,2026-05-13 07:40:32.061404+00:00
88a275f7-93ef-419f-9257-bbbd018b6fa5,c22391b3-5404-4097-8f06-553c4c570df0,8ea5dd7d-9994-4659-b002-aaa940eccc5f,31535509-220a-43e7-8ea5-b283294abe46,2669.53,INR,success,2026-05-23 05:40:42.699275+00:00
f8b14fdd-8d00-409d-8d4e-8df1f67fb5ae,c22391b3-5404-4097-8f06-553c4c570df0,8ea5dd7d-9994-4659-b002-aaa940eccc5f,31535509-220a-43e7-8ea5-b283294abe46,4458.75,INR,success,2026-05-25 00:56:38.629501+00:00
92b411bc-2a6e-4c74-a4e0-f0c34f5f49a7,217da217-9c4c-4042-bbc7-2a3b3404b331,cba36fe7-95eb-4dc7-808a-bf68e54e5b57,8264d0dc-9c63-4216-a7c7-9edc387024fd,1132.15,INR,success,2026-05-08 23:15:18.548356+00:00
4d504fc4-0cd4-4f9a-af1e-1a7f00068f4a,217da217-9c4c-4042-bbc7-2a3b3404b331,cba36fe7-95eb-4dc7-808a-bf68e54e5b57,8264d0dc-9c63-4216-a7c7-9edc387024fd,180.55,INR,success,2026-05-16 09:08:39.458282+00:00
36cb0c6e-e11a-4a69-bcd0-88015e48ebc3,09d69e60-d126-4649-9185-befb758095dc,e3e59759-1669-4d6b-b6ce-759c8b04451c,31e58828-91a9-4489-8193-3fb97b776cde,47.22,INR,success,2026-05-08 14:16:42.758914+00:00
0ed47ecc-3870-4810-b4e0-4940149ed160,09d69e60-d126-4649-9185-befb758095dc,e3e59759-1669-4d6b-b6ce-759c8b04451c,31e58828-91a9-4489-8193-3fb97b776cde,379.72,INR,success,2026-05-27 04:23:13.297799+00:00
a9ca4038-1be6-4adf-a724-2273149cbdd4,c1b21b5c-f512-464b-a081-fe9661ff83ae,77993331-f260-4a38-a439-36a558742362,b8384fcf-fe94-4761-ad30-b55ce40ee4ed,6430.96,INR,success,2026-04-25 06:02:51.707528+00:00
bf17ce2d-7375-47b9-a53c-f415baaec297,c1b21b5c-f512-464b-a081-fe9661ff83ae,77993331-f260-4a38-a439-36a558742362,b8384fcf-fe94-4761-ad30-b55ce40ee4ed,1325.43,INR,success,2026-05-14 06:11:44.748862+00:00
6ed6cbdb-a343-4555-8e90-07542f02506d,c1b21b5c-f512-464b-a081-fe9661ff83ae,77993331-f260-4a38-a439-36a558742362,b8384fcf-fe94-4761-ad30-b55ce40ee4ed,1626.98,INR,success,2026-05-18 01:08:27.842886+00:00
6f0e5765-5a94-49e2-aa80-02711e6d3d42,c1b21b5c-f512-464b-a081-fe9661ff83ae,77993331-f260-4a38-a439-36a558742362,b8384fcf-fe94-4761-ad30-b55ce40ee4ed,2450.2,INR,success,2026-05-18 05:20:11.667994+00:00
282c52a0-e040-4aec-b026-f780c4cb25f6,c1b21b5c-f512-464b-a081-fe9661ff83ae,77993331-f260-4a38-a439-36a558742362,b8384fcf-fe94-4761-ad30-b55ce40ee4ed,10.0,INR,success,2026-05-19 10:30:25.016573+00:00
6ad12b16-f059-44cb-89fe-13d2a32686f7,fab840d6-004c-4e73-8ab2-7136a1f2744f,8f0f279c-535e-4843-ad2f-6c8fb2faa0b5,48dfd791-865b-4618-9f14-c14de5385ea8,2185.75,INR,success,2026-04-22 14:42:38.175828+00:00
be2487db-1a5c-45be-a507-aefa06005b77,fab840d6-004c-4e73-8ab2-7136a1f2744f,8f0f279c-535e-4843-ad2f-6c8fb2faa0b5,48dfd791-865b-4618-9f14-c14de5385ea8,1737.93,INR,success,2026-05-01 06:03:18.815125+00:00
b4ec06a3-e946-41d7-9bdb-b91d907219fd,fab840d6-004c-4e73-8ab2-7136a1f2744f,8f0f279c-535e-4843-ad2f-6c8fb2faa0b5,48dfd791-865b-4618-9f14-c14de5385ea8,1558.98,INR,success,2026-05-05 09:10:37.488270+00:00
46e2a64e-62a7-4758-a7f7-0b2c47da2ef4,fab840d6-004c-4e73-8ab2-7136a1f2744f,8f0f279c-535e-4843-ad2f-6c8fb2faa0b5,48dfd791-865b-4618-9f14-c14de5385ea8,3600.48,INR,success,2026-05-10 15:34:04.173498+00:00
a83a34ef-5b76-413a-aa62-304e1cad7670,c93df611-4c05-4e7f-b1b1-d2a412700e6a,c5a044a0-cead-49cf-a8b1-08421b6d5c3c,0c5dd8e6-756e-4118-b9ff-79d7c7df486c,3381.0,INR,success,2026-05-27 21:40:23.539110+00:00
156c7c40-bd2c-4778-a171-27659a1c88ce,4b745362-f37a-4f6b-a40a-96534f90fa7c,9a66deb1-2f91-41ec-9642-b13630e306fb,841ad2ee-9591-48c6-989b-10927a292a78,10.0,INR,success,2026-05-31 07:23:02.889615+00:00
ce928e6e-998e-416f-8292-3b4ec79db731,4b745362-f37a-4f6b-a40a-96534f90fa7c,9a66deb1-2f91-41ec-9642-b13630e306fb,841ad2ee-9591-48c6-989b-10927a292a78,733.39,INR,success,2026-05-31 20:41:19.856531+00:00
f3991095-71f3-4d09-be97-bb3b9fecb5f8,9e058ed7-8c8b-4f23-931b-1517da16e624,19d62699-99a0-44a2-acb0-a53f8e0119fd,b0205ec0-4f23-43f3-9ea9-a10c165e5791,4336.49,INR,success,2026-04-16 10:47:01.523122+00:00
5a9fa03c-6d98-4052-a7e6-4420316df8ff,9e058ed7-8c8b-4f23-931b-1517da16e624,19d62699-99a0-44a2-acb0-a53f8e0119fd,b0205ec0-4f23-43f3-9ea9-a10c165e5791,4342.06,INR,success,2026-04-20 10:44:06.120920+00:00
b78e5e9f-2089-4da7-8f50-9cf54d331ce4,b8bcc293-0792-4fae-aded-5632cc16f2cf,b93fba0a-80b8-4f3c-a5b0-09d6c1966597,abd062a9-de15-4b1b-ae26-fee3d6c6c4ba,3201.56,INR,success,2026-03-22 12:47:59.417313+00:00
3cecc956-f801-4097-8b6b-ac68ed6fc21c,b8bcc293-0792-4fae-aded-5632cc16f2cf,b93fba0a-80b8-4f3c-a5b0-09d6c1966597,abd062a9-de15-4b1b-ae26-fee3d6c6c4ba,2904.77,INR,success,2026-04-14 21:01:54.329602+00:00
8bc7461a-abd3-441e-8667-2e2ca06e00c9,b8bcc293-0792-4fae-aded-5632cc16f2cf,b93fba0a-80b8-4f3c-a5b0-09d6c1966597,abd062a9-de15-4b1b-ae26-fee3d6c6c4ba,5085.29,INR,success,2026-04-20 01:48:40.281846+00:00
85410e06-6bb8-4898-ab07-14c94678e6ae,b8bcc293-0792-4fae-aded-5632cc16f2cf,b93fba0a-80b8-4f3c-a5b0-09d6c1966597,abd062a9-de15-4b1b-ae26-fee3d6c6c4ba,5285.31,INR,success,2026-04-23 12:24:51.004137+00:00
8bae3fbc-fa12-4330-8947-9e75b6cd33c3,b8bcc293-0792-4fae-aded-5632cc16f2cf,b93fba0a-80b8-4f3c-a5b0-09d6c1966597,abd062a9-de15-4b1b-ae26-fee3d6c6c4ba,3565.04,INR,success,2026-05-09 14:34:10.436601+00:00
7204f219-04de-4b9c-bbbb-4bb2184e2071,9fc4504c-da7a-4afe-83a3-2fa2fdd9a9b5,63666df0-a342-4fb9-ae5d-4545bf4cd220,b7a3b9cf-8d1e-4e72-9e0e-6522db9088e5,10.0,INR,success,2026-05-02 13:28:42.996413+00:00
e84d9ae2-7e9e-4b14-8d93-499eef8ae062,9fc4504c-da7a-4afe-83a3-2fa2fdd9a9b5,63666df0-a342-4fb9-ae5d-4545bf4cd220,b7a3b9cf-8d1e-4e72-9e0e-6522db9088e5,2946.04,INR,success,2026-05-14 20:16:14.323238+00:00
90d521a3-4e11-4192-8abc-b811365e2e4a,9fc4504c-da7a-4afe-83a3-2fa2fdd9a9b5,63666df0-a342-4fb9-ae5d-4545bf4cd220,b7a3b9cf-8d1e-4e72-9e0e-6522db9088e5,2670.77,INR,success,2026-05-24 05:46:31.940507+00:00
3a5aa2d4-14c3-4ca3-acaa-58e16cf84923,9fc4504c-da7a-4afe-83a3-2fa2fdd9a9b5,63666df0-a342-4fb9-ae5d-4545bf4cd220,b7a3b9cf-8d1e-4e72-9e0e-6522db9088e5,4058.99,INR,success,2026-05-30 16:27:13.103129+00:00
92a87ec5-bb00-4146-9074-20af149c9885,82e238f1-9930-4fd2-b2df-b39299277a0c,a409d311-5826-4ca1-8fde-805cec5c19b9,c5c46c7a-4007-42b1-89f4-c3539b623927,3913.64,INR,success,2026-05-13 03:40:09.917901+00:00
0217e580-6521-4a22-8a12-429ab0db8ee9,82e238f1-9930-4fd2-b2df-b39299277a0c,a409d311-5826-4ca1-8fde-805cec5c19b9,c5c46c7a-4007-42b1-89f4-c3539b623927,2169.35,INR,success,2026-05-21 20:10:34.820563+00:00
9416f8f2-70d4-4969-8edd-8833fbeff49b,82e238f1-9930-4fd2-b2df-b39299277a0c,a409d311-5826-4ca1-8fde-805cec5c19b9,c5c46c7a-4007-42b1-89f4-c3539b623927,3903.99,INR,success,2026-05-29 01:21:03.227604+00:00
c0015f2f-130d-439a-a707-d78a3882957f,82e238f1-9930-4fd2-b2df-b39299277a0c,a409d311-5826-4ca1-8fde-805cec5c19b9,c5c46c7a-4007-42b1-89f4-c3539b623927,1988.62,INR,success,2026-05-31 12:05:25.813827+00:00
e4f63a6b-0188-4e7f-a544-e5926bad0256,8e2579c9-8880-495b-bab9-36324744d688,078afff7-b788-4faa-bb99-ea9795f6e77b,f7f40cd5-4949-4b7f-9fe9-481072a3e0cc,2949.53,INR,success,2026-05-31 10:27:38.749602+00:00
0c1a95b9-eb52-48ee-a9ca-5dfa5161ae1c,7fc3d5c1-ba6e-4e54-aecf-cf9be0246fbf,16f41103-d875-48ee-a2f6-6fe4c4d2d395,ec6cff60-e8e3-4c67-9503-9d30d61e16e4,1696.79,INR,success,2026-03-29 08:15:24.062669+00:00
947d8e24-0598-43fb-ad6b-858c5151c409,7fc3d5c1-ba6e-4e54-aecf-cf9be0246fbf,16f41103-d875-48ee-a2f6-6fe4c4d2d395,ec6cff60-e8e3-4c67-9503-9d30d61e16e4,4125.34,INR,success,2026-04-12 18:36:44.510928+00:00
a439b623-b14e-4345-9df0-112e650dca35,7fc3d5c1-ba6e-4e54-aecf-cf9be0246fbf,16f41103-d875-48ee-a2f6-6fe4c4d2d395,ec6cff60-e8e3-4c67-9503-9d30d61e16e4,3665.83,INR,success,2026-05-26 20:24:05.855455+00:00
ee591dcf-53a9-41d3-854d-692cb57e93b9,9906d280-7d00-4a59-9d86-874d9d412f68,278d9102-92f1-42b1-b495-c3aaff291234,53456c1f-4c4e-40ba-b545-5f724bb03640,10.0,INR,success,2026-03-14 03:08:31.036225+00:00
0b94bd3e-7941-4647-a985-4d82473a5af6,9906d280-7d00-4a59-9d86-874d9d412f68,278d9102-92f1-42b1-b495-c3aaff291234,53456c1f-4c4e-40ba-b545-5f724bb03640,3783.91,INR,success,2026-04-14 17:16:00.760565+00:00
ef547e97-52bd-4d70-847a-4b13dbd2d401,9906d280-7d00-4a59-9d86-874d9d412f68,278d9102-92f1-42b1-b495-c3aaff291234,53456c1f-4c4e-40ba-b545-5f724bb03640,4313.01,INR,success,2026-05-01 00:01:41.270911+00:00
45c2b6be-12dd-42f7-a242-18fbcdb8cdd8,9906d280-7d00-4a59-9d86-874d9d412f68,278d9102-92f1-42b1-b495-c3aaff291234,53456c1f-4c4e-40ba-b545-5f724bb03640,5067.55,INR,success,2026-05-31 18:26:14.966212+00:00
c6a1c48b-a6c1-4dfa-9dbf-b5931249d719,213beea4-2e7c-4bb9-ac89-a4165cb4639a,f0e012e3-7b69-45b7-bf52-eebd86371d3e,bca6f2e9-505b-406e-a47e-3e3f562098c7,4164.22,INR,success,2026-05-04 05:08:31.712608+00:00
0391f48e-60ea-4917-96a7-9b004edc4d99,213beea4-2e7c-4bb9-ac89-a4165cb4639a,f0e012e3-7b69-45b7-bf52-eebd86371d3e,bca6f2e9-505b-406e-a47e-3e3f562098c7,3523.67,INR,success,2026-05-05 04:53:35.999442+00:00
b2d5a3db-df67-4732-be7b-ed59976c1335,213beea4-2e7c-4bb9-ac89-a4165cb4639a,f0e012e3-7b69-45b7-bf52-eebd86371d3e,bca6f2e9-505b-406e-a47e-3e3f562098c7,3700.3,INR,success,2026-05-10 01:31:56.454044+00:00
24de746b-ee3c-4e78-b8d5-e4299fb3d8b8,213beea4-2e7c-4bb9-ac89-a4165cb4639a,f0e012e3-7b69-45b7-bf52-eebd86371d3e,bca6f2e9-505b-406e-a47e-3e3f562098c7,4736.59,INR,success,2026-05-20 17:37:05.777368+00:00
b4f8fe22-dbdf-43f9-9558-a52115fc7c8d,213beea4-2e7c-4bb9-ac89-a4165cb4639a,f0e012e3-7b69-45b7-bf52-eebd86371d3e,bca6f2e9-505b-406e-a47e-3e3f562098c7,1438.05,INR,success,2026-05-31 15:10:39.447230+00:00
82d2f521-8608-4940-989c-e9c900da5cd0,2e9abe17-1113-4b5c-9fd2-9f94099ae651,e458e863-6dc8-4109-8174-cc5ac3c57a21,f6fd244e-87d7-435d-92b0-32b12638edf7,1517.89,INR,success,2026-04-12 09:44:50.539543+00:00
6806d6be-e171-4039-bd3f-69b1d7ab62ef,2e9abe17-1113-4b5c-9fd2-9f94099ae651,e458e863-6dc8-4109-8174-cc5ac3c57a21,f6fd244e-87d7-435d-92b0-32b12638edf7,87.2,INR,success,2026-04-19 01:10:29.179740+00:00
58e20915-1f9d-4cb2-ab49-36ddee98b66f,2e9abe17-1113-4b5c-9fd2-9f94099ae651,e458e863-6dc8-4109-8174-cc5ac3c57a21,f6fd244e-87d7-435d-92b0-32b12638edf7,1481.26,INR,success,2026-05-05 08:00:51.308130+00:00
8eb3a4aa-4081-498f-a0c3-3856c89a78e9,da50f41c-7918-44bf-869a-e3ece48dc9be,6e7ad04a-6af0-4432-9eff-7c4c788f9135,44d9366b-7a35-43fd-bccc-3592b3404efa,359.13,INR,success,2026-05-25 19:36:50.288532+00:00
d0a3f5b7-606f-4dba-befe-3ccec89e9757,da50f41c-7918-44bf-869a-e3ece48dc9be,6e7ad04a-6af0-4432-9eff-7c4c788f9135,44d9366b-7a35-43fd-bccc-3592b3404efa,493.91,INR,success,2026-05-29 12:02:00.477459+00:00
54d289e5-81d2-4d5b-9d4d-b01350e8119d,7c32ded0-3450-4a21-aa5e-d830bd4c82b6,14225e49-d769-4d7c-979c-e677b7aaaf6a,7839fd25-fe31-4714-a718-0ba8e26167c8,746.33,INR,success,2026-05-26 04:41:10.005687+00:00
8e108ff3-2735-4fc3-8366-81e6c410e63c,7c32ded0-3450-4a21-aa5e-d830bd4c82b6,14225e49-d769-4d7c-979c-e677b7aaaf6a,7839fd25-fe31-4714-a718-0ba8e26167c8,1750.29,INR,success,2026-05-26 05:07:52.077685+00:00
bdad6594-82eb-4d8f-9674-af75d8b84374,7c32ded0-3450-4a21-aa5e-d830bd4c82b6,14225e49-d769-4d7c-979c-e677b7aaaf6a,7839fd25-fe31-4714-a718-0ba8e26167c8,1248.5,INR,success,2026-05-26 14:33:16.368506+00:00
9d40629d-2115-4ed9-b89a-d63bec02792d,7c32ded0-3450-4a21-aa5e-d830bd4c82b6,14225e49-d769-4d7c-979c-e677b7aaaf6a,7839fd25-fe31-4714-a718-0ba8e26167c8,1015.76,INR,success,2026-05-27 07:48:05.713091+00:00
9e6cf9e0-8cbb-4fe3-bc4c-3dd18e760c1b,7c32ded0-3450-4a21-aa5e-d830bd4c82b6,14225e49-d769-4d7c-979c-e677b7aaaf6a,7839fd25-fe31-4714-a718-0ba8e26167c8,985.16,INR,success,2026-05-27 15:55:16.840498+00:00
1b7f740f-0a7d-4a1d-bc03-8f95f6a69a31,ea3ed94a-3a28-43bc-a766-e92ba05eb3e9,bb773175-b3ab-4d7a-a665-fa6252090982,ff8a12aa-6abf-4847-81a9-ff80bd3e819e,328.7,INR,success,2026-04-25 13:45:30.435999+00:00
f24ef0f2-cae7-47b0-959a-4b54a81cfbde,ea3ed94a-3a28-43bc-a766-e92ba05eb3e9,bb773175-b3ab-4d7a-a665-fa6252090982,ff8a12aa-6abf-4847-81a9-ff80bd3e819e,375.78,INR,success,2026-04-27 20:54:00.714231+00:00
1be27cb4-7b3d-4822-9d3f-51e11ed717b6,ea3ed94a-3a28-43bc-a766-e92ba05eb3e9,bb773175-b3ab-4d7a-a665-fa6252090982,ff8a12aa-6abf-4847-81a9-ff80bd3e819e,315.89,INR,success,2026-05-03 16:05:24.471798+00:00
13d1b790-c8e6-4214-8178-9fdae1da69cc,ea3ed94a-3a28-43bc-a766-e92ba05eb3e9,bb773175-b3ab-4d7a-a665-fa6252090982,ff8a12aa-6abf-4847-81a9-ff80bd3e819e,137.49,INR,success,2026-05-25 16:03:16.001859+00:00
185d8075-f968-4c55-81e1-07fee77f4648,ea3ed94a-3a28-43bc-a766-e92ba05eb3e9,bb773175-b3ab-4d7a-a665-fa6252090982,ff8a12aa-6abf-4847-81a9-ff80bd3e819e,367.29,INR,success,2026-05-30 09:02:06.049761+00:00
e057eca6-6a07-4bd2-8d91-fe53848db3d5,2b95c5e1-9c88-4809-b143-33bed0361264,f9e00810-c2d8-4d4f-830e-b5507dc8672d,97807e59-2095-4ad3-bb85-8b8521319b0b,1493.52,INR,success,2026-03-30 21:59:19.355968+00:00
032363e0-7aea-476c-9648-5572daf49de2,2b95c5e1-9c88-4809-b143-33bed0361264,f9e00810-c2d8-4d4f-830e-b5507dc8672d,97807e59-2095-4ad3-bb85-8b8521319b0b,1178.09,INR,success,2026-04-09 13:44:26.836474+00:00
a98495e4-30aa-4313-8ecd-8c6537f61651,2b95c5e1-9c88-4809-b143-33bed0361264,f9e00810-c2d8-4d4f-830e-b5507dc8672d,97807e59-2095-4ad3-bb85-8b8521319b0b,889.09,INR,success,2026-04-16 14:30:03.205338+00:00
4d13a3c5-e482-44a1-a28f-b49359bdd642,2b95c5e1-9c88-4809-b143-33bed0361264,f9e00810-c2d8-4d4f-830e-b5507dc8672d,97807e59-2095-4ad3-bb85-8b8521319b0b,1688.65,INR,success,2026-04-23 02:41:16.047992+00:00
36f9f58b-c15c-401a-b851-50b1a271a401,2b95c5e1-9c88-4809-b143-33bed0361264,f9e00810-c2d8-4d4f-830e-b5507dc8672d,97807e59-2095-4ad3-bb85-8b8521319b0b,772.58,INR,success,2026-05-21 09:34:54.895150+00:00
978746be-c416-44a3-9486-fd21fb13466c,9068ca1e-c749-4d34-bbd8-aeb5efc43579,0b445a04-584b-4ec7-9e9d-9cd16d03b6d2,71cebc64-a492-453c-b00e-abdd45d49e7b,1988.49,INR,success,2026-04-20 08:29:25.725654+00:00
dc536436-febf-4535-a228-00ac9540214c,f572f6d7-4c09-4d61-87ef-9753085c1698,689f4536-1aa3-4cd6-9616-b55462f134a2,70322fd8-ee4b-41d6-bef6-9d9c31bcae47,4880.17,INR,success,2026-04-24 03:29:12.046181+00:00
86ae1350-e67f-493f-8acf-fdab5fcba600,f572f6d7-4c09-4d61-87ef-9753085c1698,689f4536-1aa3-4cd6-9616-b55462f134a2,70322fd8-ee4b-41d6-bef6-9d9c31bcae47,1180.26,INR,success,2026-05-09 12:38:50.016321+00:00
19ef1c45-96a7-4797-828d-9f9be4c657a3,f572f6d7-4c09-4d61-87ef-9753085c1698,689f4536-1aa3-4cd6-9616-b55462f134a2,70322fd8-ee4b-41d6-bef6-9d9c31bcae47,2813.84,INR,success,2026-05-15 05:29:33.413698+00:00
089c6ddf-4693-4fc6-adcd-66f57d2f5d6a,f572f6d7-4c09-4d61-87ef-9753085c1698,689f4536-1aa3-4cd6-9616-b55462f134a2,70322fd8-ee4b-41d6-bef6-9d9c31bcae47,2361.9,INR,success,2026-05-18 04:40:47.934238+00:00
7093979e-5a7a-4dd6-bd4c-471e4e21a631,d69768c1-5970-4909-a0de-d6e5d329d5c1,070b8754-afba-4461-9cfb-9f443a64050a,eaa6415b-0ff5-499b-bac7-bc3a9a1491fd,3541.86,INR,success,2026-05-15 00:01:30.096591+00:00
ed5bc042-dcd0-45cf-8e67-7425fd9fb2fd,d69768c1-5970-4909-a0de-d6e5d329d5c1,070b8754-afba-4461-9cfb-9f443a64050a,eaa6415b-0ff5-499b-bac7-bc3a9a1491fd,2591.63,INR,success,2026-05-23 19:12:41.882269+00:00
19082d90-3f01-4465-97e1-2924482b18c3,d69768c1-5970-4909-a0de-d6e5d329d5c1,070b8754-afba-4461-9cfb-9f443a64050a,eaa6415b-0ff5-499b-bac7-bc3a9a1491fd,2018.02,INR,success,2026-05-27 01:40:42.279857+00:00
cbcfcc75-5978-4c2c-9519-bad51d305e62,d69768c1-5970-4909-a0de-d6e5d329d5c1,070b8754-afba-4461-9cfb-9f443a64050a,eaa6415b-0ff5-499b-bac7-bc3a9a1491fd,2005.29,INR,success,2026-05-27 15:41:11.578939+00:00
d06ad67f-1990-438b-91eb-c1216c13595d,62d4f379-485c-4ea6-aab4-c07ebf9d1f16,58b60f06-3e68-4816-8027-ec2d245518a2,91b37876-a38d-4ea7-b393-9a30a996a79a,2039.87,INR,success,2026-04-02 16:23:57.029878+00:00
9b83ad92-8d65-4499-95f3-7b982d59688f,62d4f379-485c-4ea6-aab4-c07ebf9d1f16,58b60f06-3e68-4816-8027-ec2d245518a2,91b37876-a38d-4ea7-b393-9a30a996a79a,1175.13,INR,success,2026-04-29 01:51:41.700547+00:00
87255ba2-41a7-4b01-acc5-82d29a65e08a,62d4f379-485c-4ea6-aab4-c07ebf9d1f16,58b60f06-3e68-4816-8027-ec2d245518a2,91b37876-a38d-4ea7-b393-9a30a996a79a,1660.05,INR,success,2026-05-19 04:23:34.581842+00:00
8cf0bccc-61c2-4ded-96a8-6de75e85fc09,62d4f379-485c-4ea6-aab4-c07ebf9d1f16,58b60f06-3e68-4816-8027-ec2d245518a2,91b37876-a38d-4ea7-b393-9a30a996a79a,2800.69,INR,success,2026-05-20 12:34:14.885073+00:00
4a98eaa6-109c-442f-af39-a114c506938c,db0aee3e-28c1-4756-9c7e-7305119852af,89b5598d-7697-439b-9faa-1050b6defd5c,65685ed2-56ec-485a-ab74-8a576279e01a,1280.96,INR,success,2026-04-21 13:26:21.301197+00:00
3ebdda4e-16fa-4096-b84a-132b57302ad5,db0aee3e-28c1-4756-9c7e-7305119852af,89b5598d-7697-439b-9faa-1050b6defd5c,65685ed2-56ec-485a-ab74-8a576279e01a,1969.05,INR,success,2026-05-10 13:35:00.064959+00:00
4b64208c-3dd2-49a8-af12-6cc55e7d4089,db0aee3e-28c1-4756-9c7e-7305119852af,89b5598d-7697-439b-9faa-1050b6defd5c,65685ed2-56ec-485a-ab74-8a576279e01a,609.5,INR,success,2026-05-12 14:45:16.828957+00:00
0fb37518-2c75-41d6-98b5-6a98190076a2,db0aee3e-28c1-4756-9c7e-7305119852af,89b5598d-7697-439b-9faa-1050b6defd5c,65685ed2-56ec-485a-ab74-8a576279e01a,966.39,INR,success,2026-05-15 20:33:11.262079+00:00
83ad869f-a45b-4c92-908a-a2a136edc4d8,93397499-ab61-4c42-9b4c-38be932cf2ca,1d489d6c-2ae3-491f-b37e-4c9794b0a509,1df6b413-e982-46b8-a6c2-fe62ca37e5f6,6433.44,INR,success,2026-05-28 21:56:03.785767+00:00
39933b07-666e-4bea-84e4-03f81181232b,93397499-ab61-4c42-9b4c-38be932cf2ca,1d489d6c-2ae3-491f-b37e-4c9794b0a509,1df6b413-e982-46b8-a6c2-fe62ca37e5f6,3359.95,INR,success,2026-05-30 22:41:56.164039+00:00
985a2fc6-1d50-4769-9453-8aec3fa984e2,864288d1-a5bf-47ab-a64a-0a33449fa63d,4449a8ee-289b-48ca-a7df-6115e1efce16,c1b89b4a-bd1e-454a-876a-8362c361f615,858.39,INR,success,2026-04-29 12:45:54.286927+00:00
66f532f3-e022-438a-9023-4ff067f332a8,864288d1-a5bf-47ab-a64a-0a33449fa63d,4449a8ee-289b-48ca-a7df-6115e1efce16,c1b89b4a-bd1e-454a-876a-8362c361f615,417.02,INR,success,2026-05-18 22:50:17.683607+00:00
32705cf0-0e46-42b4-8f69-78d4bd2b4ab5,864288d1-a5bf-47ab-a64a-0a33449fa63d,4449a8ee-289b-48ca-a7df-6115e1efce16,c1b89b4a-bd1e-454a-876a-8362c361f615,1040.95,INR,success,2026-05-29 15:25:32.277858+00:00
d4c8468d-80e0-42f1-aabb-0d05e9772520,864288d1-a5bf-47ab-a64a-0a33449fa63d,4449a8ee-289b-48ca-a7df-6115e1efce16,c1b89b4a-bd1e-454a-876a-8362c361f615,830.71,INR,success,2026-05-31 05:20:28.177390+00:00
75698470-0c50-4f28-9bb0-c1de9ca9e252,8e49667d-b3e5-476d-b05a-f7b9e0141f53,ca7a3732-d5a7-4736-9d27-51cc55c812df,7e20f337-94f8-47e2-bfb2-f481d551a183,1542.46,INR,success,2026-03-15 00:01:36.864352+00:00
1d654bae-265c-419e-96b5-1fb510cf9d2e,18511d50-9121-4d53-b58c-14d615bb5b1a,35f8df3c-7040-4ff3-86a3-27d08cbc830a,11ecedb1-9217-435a-bae5-35519fb6507d,410.54,INR,success,2026-05-31 00:58:42.501604+00:00
5cebbd6f-bbaf-4438-a080-45b4dbc7cdee,18511d50-9121-4d53-b58c-14d615bb5b1a,35f8df3c-7040-4ff3-86a3-27d08cbc830a,11ecedb1-9217-435a-bae5-35519fb6507d,1708.01,INR,success,2026-05-31 13:04:03.202023+00:00
747f8b1c-c072-46b5-8f6a-48e6228db0dc,ae27dbd6-46c3-4bed-a5b6-e5586d86fe4f,fa1eb598-da73-4990-a7e6-9cdecf51d519,b2400ef3-5c1e-476b-ac05-86b41c2487cd,1470.65,INR,success,2026-03-28 07:23:53.984256+00:00
b2e01a6f-9ac7-4ff0-9dd2-5a7b326da4db,ae27dbd6-46c3-4bed-a5b6-e5586d86fe4f,fa1eb598-da73-4990-a7e6-9cdecf51d519,b2400ef3-5c1e-476b-ac05-86b41c2487cd,2032.95,INR,success,2026-04-20 12:09:03.099047+00:00
a624e0ec-b544-45b4-913e-bfd502f1e169,ae27dbd6-46c3-4bed-a5b6-e5586d86fe4f,fa1eb598-da73-4990-a7e6-9cdecf51d519,b2400ef3-5c1e-476b-ac05-86b41c2487cd,1040.74,INR,success,2026-05-17 22:50:27.099935+00:00
11eba2b4-e3d0-4d18-9ca3-d65eb836c9e7,0966f6ee-7752-4b03-8c67-25ad961ec978,d98e7fc0-6f6b-4e57-b105-2c5b81db5254,1c66eca8-0720-4584-a415-404b2246ea21,1936.06,INR,success,2026-03-22 03:37:35.066789+00:00
2b257255-5dff-48f3-a545-896ec1bb38e8,0966f6ee-7752-4b03-8c67-25ad961ec978,d98e7fc0-6f6b-4e57-b105-2c5b81db5254,1c66eca8-0720-4584-a415-404b2246ea21,5333.66,INR,success,2026-03-26 20:01:38.073602+00:00
b5468d2e-0091-452f-bc64-53f6cc537dcf,0966f6ee-7752-4b03-8c67-25ad961ec978,d98e7fc0-6f6b-4e57-b105-2c5b81db5254,1c66eca8-0720-4584-a415-404b2246ea21,6331.28,INR,success,2026-04-06 06:21:16.947448+00:00
2db56e2a-0ae4-44f1-8886-cd822ac3542b,0966f6ee-7752-4b03-8c67-25ad961ec978,d98e7fc0-6f6b-4e57-b105-2c5b81db5254,1c66eca8-0720-4584-a415-404b2246ea21,5642.89,INR,success,2026-04-08 23:14:17.960416+00:00
a40d90bc-9f07-441b-b0fc-237fcb5daa97,0966f6ee-7752-4b03-8c67-25ad961ec978,d98e7fc0-6f6b-4e57-b105-2c5b81db5254,1c66eca8-0720-4584-a415-404b2246ea21,4634.26,INR,success,2026-05-07 07:52:43.367237+00:00
75f19d3d-52f2-4efb-841b-f709f98c9737,14cd8ade-1440-4560-9c56-91273471341d,c8e95191-90cc-4878-adeb-25ace0289ccc,c7fd4130-77bb-461a-9d8f-76bc80ce5b64,2888.16,INR,success,2026-05-05 23:56:14.508943+00:00
8f4745bf-c6d9-4d40-a977-8714664522af,14cd8ade-1440-4560-9c56-91273471341d,c8e95191-90cc-4878-adeb-25ace0289ccc,c7fd4130-77bb-461a-9d8f-76bc80ce5b64,2372.4,INR,success,2026-05-09 00:05:44.342477+00:00
6c03743b-08b1-467e-91dd-aff5f6cc6d9e,14cd8ade-1440-4560-9c56-91273471341d,c8e95191-90cc-4878-adeb-25ace0289ccc,c7fd4130-77bb-461a-9d8f-76bc80ce5b64,966.26,INR,success,2026-05-27 20:09:34.880111+00:00
988f97d3-7bb9-4ce8-ae66-a475c6788084,fcd985c1-0d86-44f3-b691-5e4a68eb5380,12196447-6fa9-4c11-a92f-592fbbed291e,89eb21d7-280b-4c7c-9a4d-74b0eb514071,2870.69,INR,success,2026-04-24 00:29:27.700425+00:00
5f9d6855-e554-47cd-b71e-b51b157374b6,79969c63-8868-4a4a-81eb-f648cee3fb07,85ae5e1e-730b-4288-b6c3-d7e8c3c87ba9,8c1f195d-6c91-4af4-b862-03cbac1fde7a,1532.69,INR,success,2026-05-04 04:43:49.110668+00:00
011a1345-c953-4760-9788-62cc43b96869,79969c63-8868-4a4a-81eb-f648cee3fb07,85ae5e1e-730b-4288-b6c3-d7e8c3c87ba9,8c1f195d-6c91-4af4-b862-03cbac1fde7a,2196.94,INR,success,2026-05-13 11:54:26.919003+00:00
8d72bcc3-291d-4732-87f3-d50f9a5a2c2f,79969c63-8868-4a4a-81eb-f648cee3fb07,85ae5e1e-730b-4288-b6c3-d7e8c3c87ba9,8c1f195d-6c91-4af4-b862-03cbac1fde7a,268.38,INR,success,2026-05-13 12:01:02.568407+00:00
6e5b3c58-fa86-497e-8dde-18df8251aa98,79969c63-8868-4a4a-81eb-f648cee3fb07,85ae5e1e-730b-4288-b6c3-d7e8c3c87ba9,8c1f195d-6c91-4af4-b862-03cbac1fde7a,2191.78,INR,success,2026-05-15 11:44:40.500749+00:00
225e823b-df45-4e70-8c9e-da58a13eb1ec,79969c63-8868-4a4a-81eb-f648cee3fb07,85ae5e1e-730b-4288-b6c3-d7e8c3c87ba9,8c1f195d-6c91-4af4-b862-03cbac1fde7a,1727.7,INR,success,2026-05-15 22:31:18.956410+00:00
7bdbf7e5-b608-431d-b937-02a433d579ae,ebee1298-01a6-46fd-b484-2324adec536b,69731b9c-63d5-4e11-9eb9-7d9b8e806d1e,c637a4bb-1d30-4bea-b34a-ae2275c75fd3,600.84,INR,success,2026-05-29 19:24:56.206775+00:00
bf710566-292b-4a41-ab8c-17b6821673f8,ebee1298-01a6-46fd-b484-2324adec536b,69731b9c-63d5-4e11-9eb9-7d9b8e806d1e,c637a4bb-1d30-4bea-b34a-ae2275c75fd3,770.52,INR,success,2026-05-31 18:47:07.575508+00:00
005ca962-56a8-4bbd-b87c-7ad4c2ca0b4c,825582a8-8bc2-4b81-a2de-e061fd42b8f1,6f07b220-ceac-4830-9a1e-636fccdc4c97,17dd50c3-db24-47a4-9eee-75d70cdb3cff,2113.14,INR,success,2026-05-10 08:02:42.378017+00:00
ffcc1226-f418-4c80-9f0f-4562b01583b0,825582a8-8bc2-4b81-a2de-e061fd42b8f1,6f07b220-ceac-4830-9a1e-636fccdc4c97,17dd50c3-db24-47a4-9eee-75d70cdb3cff,5144.55,INR,success,2026-05-20 23:47:00.955217+00:00
ea26790c-c39e-48cb-b7bf-9beb16e9c4c3,825582a8-8bc2-4b81-a2de-e061fd42b8f1,6f07b220-ceac-4830-9a1e-636fccdc4c97,17dd50c3-db24-47a4-9eee-75d70cdb3cff,2320.47,INR,success,2026-05-27 17:32:52.906901+00:00
f8999956-797e-4b04-94aa-8e6e8c3aa1c5,93427eb1-cd7e-4bf2-ace8-905b52e83a6f,3d1b39d8-16b1-45f4-9147-4888b875f8d9,884cce61-07c4-45d5-bf53-ea14cbc9fb7a,69.08,INR,success,2026-05-03 15:26:38.695118+00:00
026f8449-1b1d-49ff-a1f5-f40bab8764b2,93427eb1-cd7e-4bf2-ace8-905b52e83a6f,3d1b39d8-16b1-45f4-9147-4888b875f8d9,884cce61-07c4-45d5-bf53-ea14cbc9fb7a,559.39,INR,success,2026-05-14 12:10:59.799474+00:00
d6dd2e75-d0c6-46aa-a1ef-125d2a856070,93427eb1-cd7e-4bf2-ace8-905b52e83a6f,3d1b39d8-16b1-45f4-9147-4888b875f8d9,884cce61-07c4-45d5-bf53-ea14cbc9fb7a,318.7,INR,success,2026-05-17 14:13:57.244568+00:00
c5be32bd-930a-4027-a722-a60a7bbdd489,93427eb1-cd7e-4bf2-ace8-905b52e83a6f,3d1b39d8-16b1-45f4-9147-4888b875f8d9,884cce61-07c4-45d5-bf53-ea14cbc9fb7a,391.65,INR,success,2026-05-27 12:24:37.332170+00:00
d9dbcca0-4fdd-4bf7-aab7-ff0b9682b97f,0af69f68-b734-4f30-bb3d-46774618d1a2,479517e1-9cec-4983-bb4e-ee093efd762b,282e7cb3-2aeb-443b-81fd-0c44c62985ea,377.13,INR,success,2026-05-29 03:42:28.638024+00:00
f50c248f-5083-440b-8c71-f11e23dfca0d,0af69f68-b734-4f30-bb3d-46774618d1a2,479517e1-9cec-4983-bb4e-ee093efd762b,282e7cb3-2aeb-443b-81fd-0c44c62985ea,732.79,INR,success,2026-05-30 03:06:55.014352+00:00
b1da9abe-fc23-4fc5-8acf-747942a3cb2d,0e3a7562-cc2d-4e5a-b0a1-5d672333f6fd,5a452316-9643-42d4-adf3-dc1957a36ccf,ecfbbf6b-c1b7-4be0-9b11-bf12c81a10e7,4072.92,INR,success,2026-04-18 14:31:41.157275+00:00
c4d5a929-2c5e-447a-be28-9bffd1caaa13,0e3a7562-cc2d-4e5a-b0a1-5d672333f6fd,5a452316-9643-42d4-adf3-dc1957a36ccf,ecfbbf6b-c1b7-4be0-9b11-bf12c81a10e7,4966.42,INR,success,2026-04-20 18:10:49.872890+00:00
0ff1ab4d-be6a-4859-a12e-ac51d0d7df68,79f9fae5-f918-4a03-a69e-4f9eccbea8ef,b2d9be61-344b-4e66-954b-e206e65e8a42,b7163339-bc41-46b0-83e3-03a89091db01,662.58,INR,success,2026-04-20 09:42:51.116638+00:00
2409f8a1-0022-4e05-baa7-91c1d7514bb4,79f9fae5-f918-4a03-a69e-4f9eccbea8ef,b2d9be61-344b-4e66-954b-e206e65e8a42,b7163339-bc41-46b0-83e3-03a89091db01,794.67,INR,success,2026-04-28 09:40:51.708398+00:00
4d2c6308-05c6-40f7-ae5e-b96bed195b80,79f9fae5-f918-4a03-a69e-4f9eccbea8ef,b2d9be61-344b-4e66-954b-e206e65e8a42,b7163339-bc41-46b0-83e3-03a89091db01,744.68,INR,success,2026-05-24 22:28:57.530909+00:00
7421e0d3-9850-44bd-9b3d-eac762888914,77eea479-d848-4b42-92d4-f6dcb81a13e3,280e1e02-da58-4fa8-860a-71304483aa8a,e2e8159a-2e4f-4563-bd14-23e4ca3d9842,974.99,INR,success,2026-05-22 13:17:39.619910+00:00
f50c69f9-35a4-4b77-a70a-856ee686817a,7557aa58-b258-4fe8-b0d0-b334304a85de,fcd08189-6270-4c2b-a443-910aee104300,d2cebc55-0753-4511-ab7b-75c280683b45,1687.73,INR,success,2026-04-05 04:57:49.596105+00:00
a29ca109-5d58-4103-b233-d77fb4fb6960,7557aa58-b258-4fe8-b0d0-b334304a85de,fcd08189-6270-4c2b-a443-910aee104300,d2cebc55-0753-4511-ab7b-75c280683b45,1230.23,INR,success,2026-04-05 09:56:48.860715+00:00
aa61b9b9-b2af-4c70-8123-fb51e94c34dc,a51bb17e-072e-4f66-8362-5857498f4256,158346b1-633e-47cf-bf35-bfff1ad6213a,fcb73715-ba74-4a4e-bd7a-ed2dc1fa71b6,2911.69,INR,success,2026-05-29 23:29:01.815368+00:00
ff598cf0-885d-4d10-8340-a1026928f896,a51bb17e-072e-4f66-8362-5857498f4256,158346b1-633e-47cf-bf35-bfff1ad6213a,fcb73715-ba74-4a4e-bd7a-ed2dc1fa71b6,4536.22,INR,success,2026-05-30 04:00:13.766783+00:00
a447bd64-215b-4d87-8f3e-f0cfc869fc5f,a51bb17e-072e-4f66-8362-5857498f4256,158346b1-633e-47cf-bf35-bfff1ad6213a,fcb73715-ba74-4a4e-bd7a-ed2dc1fa71b6,4352.91,INR,success,2026-05-31 02:13:05.369327+00:00
7af45192-9a3a-40a8-a43a-ef6ee6dd1668,008efcb8-fd9e-4881-91d8-9c9d86caf2b3,b2f57f2c-9d7d-49a2-8619-f1148c6e1a9a,e160d1a7-a543-47fd-93a8-41eaaa01b61f,1225.6,INR,success,2026-04-27 09:12:17.280750+00:00
aa5f773e-76e1-4e25-8888-bb8ba55fa210,008efcb8-fd9e-4881-91d8-9c9d86caf2b3,b2f57f2c-9d7d-49a2-8619-f1148c6e1a9a,e160d1a7-a543-47fd-93a8-41eaaa01b61f,334.2,INR,success,2026-05-09 05:27:47.716768+00:00
10edb386-569f-438a-8191-69e75bbc4daa,008efcb8-fd9e-4881-91d8-9c9d86caf2b3,b2f57f2c-9d7d-49a2-8619-f1148c6e1a9a,e160d1a7-a543-47fd-93a8-41eaaa01b61f,708.16,INR,success,2026-05-26 22:40:57.716576+00:00
bbae2785-c2f6-4176-b5b4-a8e0799869b4,fa2917e1-cb14-488a-bfcd-a88ae5366efc,002b4480-8a67-4b0f-9ff0-f304c9417f27,2328fd26-33ff-4bda-a7e5-b18b7361a3f7,3321.42,INR,success,2026-05-22 06:53:29.584662+00:00
c9fbc682-66f2-4de6-b5e0-61dbc092a0ae,fa2917e1-cb14-488a-bfcd-a88ae5366efc,002b4480-8a67-4b0f-9ff0-f304c9417f27,2328fd26-33ff-4bda-a7e5-b18b7361a3f7,3556.29,INR,success,2026-05-23 02:00:05.325993+00:00
dd876f8c-dd88-4137-a5f1-25ad0d943c9d,fa2917e1-cb14-488a-bfcd-a88ae5366efc,002b4480-8a67-4b0f-9ff0-f304c9417f27,2328fd26-33ff-4bda-a7e5-b18b7361a3f7,4054.96,INR,success,2026-05-23 11:45:06.683414+00:00
51955575-ee75-4c4b-949e-0db64855efb0,66926970-3f58-441b-99c5-9c6d006eece5,c2d274dd-91c6-4156-bbec-6f0c913eb45c,b99c8419-6233-4882-a4e4-fe29bf6b782d,2054.57,INR,success,2026-05-14 05:06:19.359021+00:00
e982aa2e-7a48-4722-9a49-2c4961ac6648,66926970-3f58-441b-99c5-9c6d006eece5,c2d274dd-91c6-4156-bbec-6f0c913eb45c,b99c8419-6233-4882-a4e4-fe29bf6b782d,1446.45,INR,success,2026-05-16 19:36:58.340880+00:00
54d3de8c-af16-4aba-a0db-fb0a8b7b9c58,adcf22ae-5503-4b71-af95-bc608e077a4e,98ffa64a-803e-4718-b633-706ef6419044,8cf1cbaa-5042-47a5-831f-3a05015ead06,1190.95,INR,success,2026-05-10 17:44:20.648173+00:00
e2470c53-4fd5-4095-8e3d-1e96c7f9c039,adcf22ae-5503-4b71-af95-bc608e077a4e,98ffa64a-803e-4718-b633-706ef6419044,8cf1cbaa-5042-47a5-831f-3a05015ead06,573.32,INR,success,2026-05-11 09:04:49.001084+00:00
ed53c3fb-5c11-46bd-b780-b4b0adde8e29,adcf22ae-5503-4b71-af95-bc608e077a4e,98ffa64a-803e-4718-b633-706ef6419044,8cf1cbaa-5042-47a5-831f-3a05015ead06,1017.09,INR,success,2026-05-11 13:14:00.587684+00:00
5866d4d9-ddf4-4940-aec1-19344e994fd0,b998a6cb-33c7-41dc-a26f-5c5e814c9091,a89ff8d2-7ce4-4267-8b0c-3092aaf844c7,dce19715-97e1-4242-812c-4aa96951f834,1639.85,INR,success,2026-05-31 21:59:49.088103+00:00
aa2bb0f6-117b-4711-90c7-1da65bf063c7,b998a6cb-33c7-41dc-a26f-5c5e814c9091,a89ff8d2-7ce4-4267-8b0c-3092aaf844c7,dce19715-97e1-4242-812c-4aa96951f834,1903.81,INR,success,2026-05-31 22:11:24.023610+00:00
7ae1abb2-30d6-4504-9c44-7bd6992ac90e,b998a6cb-33c7-41dc-a26f-5c5e814c9091,a89ff8d2-7ce4-4267-8b0c-3092aaf844c7,dce19715-97e1-4242-812c-4aa96951f834,1135.53,INR,success,2026-05-31 22:29:14.222160+00:00
fc6723e8-963a-4e3b-a905-541bd042cb81,df0a4804-1ccc-43f3-8152-9ff60ea12c1e,9ba38904-2ef9-4c38-ba60-a19f60eacee6,594f9d17-cecd-4c92-8786-45a155869728,1480.75,INR,success,2026-04-07 06:05:06.634912+00:00
5585fa15-9726-4cc3-bc3f-278bf3391e24,df0a4804-1ccc-43f3-8152-9ff60ea12c1e,9ba38904-2ef9-4c38-ba60-a19f60eacee6,594f9d17-cecd-4c92-8786-45a155869728,1683.57,INR,success,2026-04-10 20:17:47.486423+00:00
8ab3c7bb-0fd9-4f2c-b44f-c05e2a1f5e94,df0a4804-1ccc-43f3-8152-9ff60ea12c1e,9ba38904-2ef9-4c38-ba60-a19f60eacee6,594f9d17-cecd-4c92-8786-45a155869728,2772.49,INR,success,2026-05-31 16:22:15.215755+00:00
bf5e4b7c-3b30-48f3-8988-611477d668d8,6340f555-eacc-4d20-8b70-eda235b61e8a,ff941883-1236-4c64-9a78-1a2b51be0eef,5875e1a7-3c46-47b8-9755-75516d65c4c8,1994.05,INR,success,2026-05-20 22:23:13.987537+00:00
d21b819c-a92c-46db-a4e3-000550e58fc5,6340f555-eacc-4d20-8b70-eda235b61e8a,ff941883-1236-4c64-9a78-1a2b51be0eef,5875e1a7-3c46-47b8-9755-75516d65c4c8,2209.89,INR,success,2026-05-24 03:43:48.726518+00:00
25157fb3-628a-4be9-be5a-40ebf23c1d03,6340f555-eacc-4d20-8b70-eda235b61e8a,ff941883-1236-4c64-9a78-1a2b51be0eef,5875e1a7-3c46-47b8-9755-75516d65c4c8,2335.65,INR,success,2026-05-28 22:37:40.251185+00:00
90725222-295f-4e39-9721-08120d4e5d63,6340f555-eacc-4d20-8b70-eda235b61e8a,ff941883-1236-4c64-9a78-1a2b51be0eef,5875e1a7-3c46-47b8-9755-75516d65c4c8,1787.09,INR,success,2026-05-31 01:49:29.930877+00:00
6888c0c2-54b0-470f-8545-8f46a75f699d,b21d1027-ad73-4009-bef3-d7978e149408,229c6d96-b897-4afe-a785-72d31948594b,b3dd71ab-db77-4c6e-af05-948099b22ba5,2878.19,INR,success,2026-04-23 10:40:41.777872+00:00
55a2075f-8e85-4e7b-867b-47b4de7174f5,b21d1027-ad73-4009-bef3-d7978e149408,229c6d96-b897-4afe-a785-72d31948594b,b3dd71ab-db77-4c6e-af05-948099b22ba5,2139.22,INR,success,2026-04-29 14:33:55.416005+00:00
946d2dec-0e98-4e62-8b2f-abd590d7091f,b21d1027-ad73-4009-bef3-d7978e149408,229c6d96-b897-4afe-a785-72d31948594b,b3dd71ab-db77-4c6e-af05-948099b22ba5,1336.8,INR,success,2026-05-02 05:34:23.826295+00:00
a845ec1f-afc8-4709-a1cc-fdfeae64f91e,b21d1027-ad73-4009-bef3-d7978e149408,229c6d96-b897-4afe-a785-72d31948594b,b3dd71ab-db77-4c6e-af05-948099b22ba5,1987.25,INR,success,2026-05-09 06:21:23.902817+00:00
0916eb5f-0866-4ebd-9e47-fff72f043cb7,b78ed782-e6b3-495d-81fe-bff4eecff237,f9ca8aab-1ccc-4f91-804f-248aab726335,819bf45a-b70f-4bc2-824c-d4575f4f17ca,630.34,INR,success,2026-05-28 04:14:50.846415+00:00
abefbf7b-6e4e-4404-ae4c-1ae99ff27f8f,b78ed782-e6b3-495d-81fe-bff4eecff237,f9ca8aab-1ccc-4f91-804f-248aab726335,819bf45a-b70f-4bc2-824c-d4575f4f17ca,1628.01,INR,success,2026-05-29 02:10:09.349131+00:00
03638264-89a8-4689-827a-cabc510aa11e,b78ed782-e6b3-495d-81fe-bff4eecff237,f9ca8aab-1ccc-4f91-804f-248aab726335,819bf45a-b70f-4bc2-824c-d4575f4f17ca,1811.41,INR,success,2026-05-29 15:57:05.789153+00:00
f254abd2-b103-4ae6-a3a2-d814fa1db1c7,a26eaa92-4612-41d7-8716-903549ab6b28,bbd8f445-99be-4858-b1f9-de7136d0e8d3,150eb4eb-5c3e-4a90-9a5e-6f27137a6309,1931.55,INR,success,2026-04-26 20:13:41.903703+00:00
746d704f-6dbb-449d-ade3-574e3f3d8f77,a26eaa92-4612-41d7-8716-903549ab6b28,bbd8f445-99be-4858-b1f9-de7136d0e8d3,150eb4eb-5c3e-4a90-9a5e-6f27137a6309,1887.44,INR,success,2026-04-27 08:42:14.622027+00:00
e7e589a1-fc32-456f-8e67-bb387c2a2b67,a26eaa92-4612-41d7-8716-903549ab6b28,bbd8f445-99be-4858-b1f9-de7136d0e8d3,150eb4eb-5c3e-4a90-9a5e-6f27137a6309,2467.59,INR,success,2026-05-20 03:39:44.469498+00:00
feb0ac86-be27-48a6-8247-b481b0559a44,a26eaa92-4612-41d7-8716-903549ab6b28,bbd8f445-99be-4858-b1f9-de7136d0e8d3,150eb4eb-5c3e-4a90-9a5e-6f27137a6309,1667.65,INR,success,2026-05-22 12:39:40.939727+00:00
e89cc4c6-edd5-4e26-8045-a6a18f64cbc2,a26eaa92-4612-41d7-8716-903549ab6b28,bbd8f445-99be-4858-b1f9-de7136d0e8d3,150eb4eb-5c3e-4a90-9a5e-6f27137a6309,1222.5,INR,success,2026-05-31 22:24:03.821688+00:00
595d2ebf-aae3-4812-a469-ec7321070848,f09f5288-a61e-4879-a182-25b7883b492d,ba76f46f-a00e-484c-81e1-92d7fc8ba283,5ea4260a-2cc2-4b09-a1cd-747cf02edd94,932.3,INR,success,2026-04-29 17:21:21.608065+00:00
e3bc0291-74dc-45f4-83f7-bcbe65b2bff8,f09f5288-a61e-4879-a182-25b7883b492d,ba76f46f-a00e-484c-81e1-92d7fc8ba283,5ea4260a-2cc2-4b09-a1cd-747cf02edd94,1536.99,INR,success,2026-05-10 10:27:15.919640+00:00
863c2adc-684b-4a4d-a9a3-ab4e41ecc113,f09f5288-a61e-4879-a182-25b7883b492d,ba76f46f-a00e-484c-81e1-92d7fc8ba283,5ea4260a-2cc2-4b09-a1cd-747cf02edd94,1817.05,INR,success,2026-05-13 00:37:06.031022+00:00
5beb0bd5-022a-484c-89a9-d1843ce174bd,f09f5288-a61e-4879-a182-25b7883b492d,ba76f46f-a00e-484c-81e1-92d7fc8ba283,5ea4260a-2cc2-4b09-a1cd-747cf02edd94,889.26,INR,success,2026-05-14 21:13:20.109414+00:00
dc155d50-af8d-48d1-96d2-14757df82a08,f09f5288-a61e-4879-a182-25b7883b492d,ba76f46f-a00e-484c-81e1-92d7fc8ba283,5ea4260a-2cc2-4b09-a1cd-747cf02edd94,1199.13,INR,success,2026-05-20 12:41:15.649669+00:00
46c81c29-4cb1-4ca1-adf2-bd851e6d2924,f2e071fe-7b97-43b6-8825-bffd6ec1a816,98a3ebd0-00ec-4c65-a4d2-7a8761b4bec8,5c0cbfb4-bb9f-479f-8371-1dd59c042f37,4094.93,INR,success,2026-04-23 11:55:15.010548+00:00
36cdc0ea-ba4a-41a6-a8ae-a6733facd7d7,f2e071fe-7b97-43b6-8825-bffd6ec1a816,98a3ebd0-00ec-4c65-a4d2-7a8761b4bec8,5c0cbfb4-bb9f-479f-8371-1dd59c042f37,882.69,INR,success,2026-05-15 09:55:52.574115+00:00
9e8f045a-f1c3-43ff-b1d5-f748c4202d9b,f2e071fe-7b97-43b6-8825-bffd6ec1a816,98a3ebd0-00ec-4c65-a4d2-7a8761b4bec8,5c0cbfb4-bb9f-479f-8371-1dd59c042f37,10.0,INR,success,2026-05-16 14:32:15.667690+00:00
5dab3b53-737e-4c21-80c2-e35a697f4382,f2e071fe-7b97-43b6-8825-bffd6ec1a816,98a3ebd0-00ec-4c65-a4d2-7a8761b4bec8,5c0cbfb4-bb9f-479f-8371-1dd59c042f37,1314.79,INR,success,2026-05-17 04:27:30.798011+00:00
1b644082-2d7c-4dc6-8926-23f605ebe66c,be813da9-7b8e-4bb8-a108-abf89c01597c,cfb8f69f-ac2a-4c12-82b2-e6bedf76d60d,81fbd929-9ba6-4a14-8bfc-4ff0157d4efa,493.44,INR,success,2026-05-17 09:30:35.916059+00:00
b7e59a11-5601-494a-ac43-56470f115708,be813da9-7b8e-4bb8-a108-abf89c01597c,cfb8f69f-ac2a-4c12-82b2-e6bedf76d60d,81fbd929-9ba6-4a14-8bfc-4ff0157d4efa,1123.1,INR,success,2026-05-19 23:10:15.757582+00:00
d9bf2af2-c4cb-4508-a965-b5e30be72102,be813da9-7b8e-4bb8-a108-abf89c01597c,cfb8f69f-ac2a-4c12-82b2-e6bedf76d60d,81fbd929-9ba6-4a14-8bfc-4ff0157d4efa,662.57,INR,success,2026-05-21 03:33:15.198792+00:00
7b129208-1a83-4299-ab05-212e27746f31,be813da9-7b8e-4bb8-a108-abf89c01597c,cfb8f69f-ac2a-4c12-82b2-e6bedf76d60d,81fbd929-9ba6-4a14-8bfc-4ff0157d4efa,902.96,INR,success,2026-05-22 01:12:41.741027+00:00
cdcc119f-ac0d-4fbe-8d5f-52a4f61de0c0,be813da9-7b8e-4bb8-a108-abf89c01597c,cfb8f69f-ac2a-4c12-82b2-e6bedf76d60d,81fbd929-9ba6-4a14-8bfc-4ff0157d4efa,1459.84,INR,success,2026-05-30 12:30:58.348138+00:00
c7590da7-558c-40da-8863-7c491b909e2f,b8c422d9-71fc-4f47-87fc-bdad49faed34,4cebae89-5dd9-4fa5-85bc-c153cde82089,e4b9c688-f87c-4390-8cd7-713998df1238,3536.03,INR,success,2026-05-30 01:10:09.476100+00:00
a5a09bca-0b60-440e-afcf-ac5998f5b003,a0557385-bc47-4774-b445-a60dc76d97e4,c64fdb80-81d2-42a4-9cda-e24ee0348f5f,96d25565-41fa-4f00-aa1b-99321bee5782,227.36,INR,success,2026-03-31 20:29:29.443013+00:00
df898abc-4547-4834-9d6e-556bbde1dfee,a0557385-bc47-4774-b445-a60dc76d97e4,c64fdb80-81d2-42a4-9cda-e24ee0348f5f,96d25565-41fa-4f00-aa1b-99321bee5782,426.88,INR,success,2026-04-20 20:59:11.672426+00:00
12210d87-c138-4c4c-9e2d-6f806909a802,a0557385-bc47-4774-b445-a60dc76d97e4,c64fdb80-81d2-42a4-9cda-e24ee0348f5f,96d25565-41fa-4f00-aa1b-99321bee5782,1166.75,INR,success,2026-04-30 05:12:22.675879+00:00
7de98102-c88b-4484-ad59-556af693059d,a0557385-bc47-4774-b445-a60dc76d97e4,c64fdb80-81d2-42a4-9cda-e24ee0348f5f,96d25565-41fa-4f00-aa1b-99321bee5782,366.16,INR,success,2026-05-09 06:25:22.165038+00:00
13fbce03-750a-4306-bd50-843354527c47,c71674be-68bb-4cf4-bc28-8ceb3a555850,d10d33e6-95af-4ce2-86ec-1a9dc97aabf5,26fe5412-cb05-4c93-a99e-7036d466d19c,2184.45,INR,success,2026-05-24 09:32:15.649817+00:00
1d26e958-6435-444d-a1dc-c5370454db84,1470e787-166f-4360-acdd-7a20d32aaf1b,922a432c-f995-42fe-a2e5-c91275fb0dd2,89d2329d-649d-48ab-9c8f-85074db248aa,4800.12,INR,success,2026-05-29 07:53:26.999311+00:00
7ebf5638-5ec8-43cc-a146-d266ca9b3205,1470e787-166f-4360-acdd-7a20d32aaf1b,922a432c-f995-42fe-a2e5-c91275fb0dd2,89d2329d-649d-48ab-9c8f-85074db248aa,2424.8,INR,success,2026-05-29 12:09:02.915935+00:00
9bf71b37-30b5-4966-aa8e-fd2f89827454,1470e787-166f-4360-acdd-7a20d32aaf1b,922a432c-f995-42fe-a2e5-c91275fb0dd2,89d2329d-649d-48ab-9c8f-85074db248aa,3246.76,INR,success,2026-05-29 20:58:04.516672+00:00
b9ffbbda-cbb4-4a68-99e1-ec1a069a2115,1470e787-166f-4360-acdd-7a20d32aaf1b,922a432c-f995-42fe-a2e5-c91275fb0dd2,89d2329d-649d-48ab-9c8f-85074db248aa,3233.63,INR,success,2026-05-30 09:37:10.273755+00:00
5c895e58-94ac-4b4c-aab1-b226cf27c237,1470e787-166f-4360-acdd-7a20d32aaf1b,922a432c-f995-42fe-a2e5-c91275fb0dd2,89d2329d-649d-48ab-9c8f-85074db248aa,998.83,INR,success,2026-05-30 21:20:45.317275+00:00
1c13c89e-4956-45ec-8497-144cd214a5ff,34e651f1-8495-4fda-b715-2c7d24940fc3,ad9dc76d-6a09-40e9-8e28-886808ae7a7a,05fe4301-97ef-4679-b44e-30699e7b2d3c,3414.28,INR,success,2026-04-05 05:19:09.929999+00:00
def8d39c-99cd-4158-a794-68b88aed1a02,a13de5b9-d00f-49c5-9110-53a7539c64b0,2b4e9685-beac-4428-9f66-f00eb24aef46,4096b1eb-13e7-49d6-933e-4ffdb026fcfe,367.1,INR,success,2026-05-10 22:06:50.927418+00:00
23c1a6e8-d735-4e23-a548-896fbc4e6c9f,8922a176-7c71-46fa-9ad6-7e131298c367,32e5b02e-8e89-469a-b32e-ce47b5d3c36e,0332c2f2-a4a8-4c01-90f3-f6e948c74bf4,3400.38,INR,success,2026-04-01 23:19:58.850196+00:00
b4858222-c233-46ab-9709-a652a79b9b89,8922a176-7c71-46fa-9ad6-7e131298c367,32e5b02e-8e89-469a-b32e-ce47b5d3c36e,0332c2f2-a4a8-4c01-90f3-f6e948c74bf4,1062.71,INR,success,2026-05-06 17:19:04.518711+00:00
6b1800ac-04a3-4c05-99a5-5fc4213f2878,3900eba3-cd67-436e-857f-8215e5702a30,a36a8ca0-0146-4128-b605-ece8317ff4ff,54176311-d80a-4963-8afd-c5ed70caa40c,2185.27,INR,success,2026-05-15 14:51:39.678132+00:00
6d668bb9-b5b7-42d3-b22c-f7c610b1afff,cd16b856-0be6-450c-8728-756cc9baa069,85ab9dbd-4d66-41a9-854a-47a3b8d5ba0c,cd0d39b7-00e8-432d-81f0-c04fe5db06a4,836.82,INR,success,2026-05-01 05:55:09.731004+00:00
fb3eb71e-46d6-4d1b-b8ef-51664efe02d5,cd16b856-0be6-450c-8728-756cc9baa069,85ab9dbd-4d66-41a9-854a-47a3b8d5ba0c,cd0d39b7-00e8-432d-81f0-c04fe5db06a4,1514.79,INR,success,2026-05-31 00:48:09.229883+00:00
618bc2ee-c8ec-47c2-bfc4-f9a4b0ff34d4,eea72738-c11d-4a5a-aec9-4e37954ac7d4,d2b9550a-17b8-4852-bfde-fc79f1d2140b,e46686a0-057d-465f-a9ad-9a7e5f2529dc,425.67,INR,success,2026-04-29 23:24:52.270419+00:00
c06c41dd-9af3-4a3e-9d3f-f350b0a58de2,eea72738-c11d-4a5a-aec9-4e37954ac7d4,d2b9550a-17b8-4852-bfde-fc79f1d2140b,e46686a0-057d-465f-a9ad-9a7e5f2529dc,542.68,INR,success,2026-05-05 10:09:21.449507+00:00
4a15efa9-12d5-4ed0-a114-a3909fba324e,20b22e20-f3d8-4c84-911e-9d600acc0945,65115341-9203-46d8-81d7-ef409c8c5e55,b9c73f6b-6d5d-4cfc-b40a-3e389cd45013,2837.49,INR,success,2026-05-21 07:12:06.068773+00:00
a73f912a-f047-46dc-89fb-a861c4999553,20b22e20-f3d8-4c84-911e-9d600acc0945,65115341-9203-46d8-81d7-ef409c8c5e55,b9c73f6b-6d5d-4cfc-b40a-3e389cd45013,2177.21,INR,success,2026-05-28 00:15:08.179897+00:00
18f1dba0-dfcc-4a82-bce3-289ec9421bb5,b6dbc906-90de-47f9-9e12-5d91270719b4,4098afae-a14b-44b2-b1aa-8f706b167512,0e0a6ff2-bbb3-45ad-90c8-a2a0c17d3459,1793.0,INR,success,2026-05-18 20:08:32.335142+00:00
2f427f88-a1c7-451a-a6ed-581f254ae4d2,b6dbc906-90de-47f9-9e12-5d91270719b4,4098afae-a14b-44b2-b1aa-8f706b167512,0e0a6ff2-bbb3-45ad-90c8-a2a0c17d3459,1887.37,INR,success,2026-05-24 12:21:33.412098+00:00
6ceb858f-bdfc-4865-9069-d9b24b770935,b6dbc906-90de-47f9-9e12-5d91270719b4,4098afae-a14b-44b2-b1aa-8f706b167512,0e0a6ff2-bbb3-45ad-90c8-a2a0c17d3459,2077.0,INR,success,2026-05-26 01:37:25.407738+00:00
8e49aded-58ec-4a9f-84e1-f86f8e9cad82,29e39609-1436-47b5-a3de-e18fb851caca,c40780a8-8682-4aa7-88c6-79c266201fa2,59df3589-9318-46b4-a2b8-87a5783c0cd8,1918.65,INR,success,2026-05-24 14:19:26.021225+00:00
a7d2048c-5125-4b01-824a-1dc82ff8494f,da2db10a-560a-45f4-afa8-3b4eecd0cbeb,8438ea93-4c95-4ef3-b44e-54393e0b8459,c3c81686-9df5-41e9-8377-4a8801ef0786,4717.19,INR,success,2026-05-26 04:30:57.757447+00:00
2287ed4d-52e1-4a93-934a-eaaf689a9d0f,da2db10a-560a-45f4-afa8-3b4eecd0cbeb,8438ea93-4c95-4ef3-b44e-54393e0b8459,c3c81686-9df5-41e9-8377-4a8801ef0786,3763.6,INR,success,2026-05-27 11:55:45.224491+00:00
c8fa5683-7de5-4806-9e0b-ec86d2ac6971,da2db10a-560a-45f4-afa8-3b4eecd0cbeb,8438ea93-4c95-4ef3-b44e-54393e0b8459,c3c81686-9df5-41e9-8377-4a8801ef0786,4100.78,INR,success,2026-05-31 14:51:19.359982+00:00
bc313e66-b6ef-4211-90d1-ceb3342a7d13,780e2475-1dec-410b-9712-de75b8d86b38,e1618f3a-62a0-4c30-8011-899c8a6cdc60,5164243b-91ac-4cb1-9b7f-864854815609,80.17,INR,success,2026-04-13 07:04:21.734913+00:00
fa95f911-50da-46d6-8cca-6c0b7704c1b8,780e2475-1dec-410b-9712-de75b8d86b38,e1618f3a-62a0-4c30-8011-899c8a6cdc60,5164243b-91ac-4cb1-9b7f-864854815609,197.72,INR,success,2026-04-14 06:13:31.485856+00:00
7ca0c47d-7c2a-46d5-8463-91bb124b1a17,780e2475-1dec-410b-9712-de75b8d86b38,e1618f3a-62a0-4c30-8011-899c8a6cdc60,5164243b-91ac-4cb1-9b7f-864854815609,142.61,INR,success,2026-05-10 12:53:38.808721+00:00
9b44cfc1-f4c1-4520-b9d8-6ff88265b88d,95575948-4206-43a0-8357-fbb3ec7f3759,205c3797-4a2e-4c2f-9f05-ff45688b8677,99b0d9a7-9fd5-4ccc-a447-04c45a207d04,4509.12,INR,success,2026-05-02 08:50:01.742865+00:00
eac2c49d-a8df-4981-883b-a1df90b1f3aa,95575948-4206-43a0-8357-fbb3ec7f3759,205c3797-4a2e-4c2f-9f05-ff45688b8677,99b0d9a7-9fd5-4ccc-a447-04c45a207d04,1802.05,INR,success,2026-05-26 08:44:44.126918+00:00
f954d1e7-dbc5-475b-b60c-243b5bd5d194,95575948-4206-43a0-8357-fbb3ec7f3759,205c3797-4a2e-4c2f-9f05-ff45688b8677,99b0d9a7-9fd5-4ccc-a447-04c45a207d04,1146.4,INR,success,2026-05-26 17:19:59.388535+00:00
f1ba71f0-ca05-46ec-9b2d-303ac8186a19,ddcbbad1-89e5-4067-a75f-3f025ea8dc8b,477f862b-0c90-429f-8d5f-f796a6939aae,c4f0f4bf-8436-4326-af78-e34cd1b9ef01,830.33,INR,success,2026-05-13 22:57:00.342154+00:00
ff87390c-79df-4795-ab9c-50dfe3813a9e,ddcbbad1-89e5-4067-a75f-3f025ea8dc8b,477f862b-0c90-429f-8d5f-f796a6939aae,c4f0f4bf-8436-4326-af78-e34cd1b9ef01,638.25,INR,success,2026-05-15 08:00:21.120375+00:00
1f6eb154-9ae6-4ec2-a2cc-93fd7ae2c21c,ddcbbad1-89e5-4067-a75f-3f025ea8dc8b,477f862b-0c90-429f-8d5f-f796a6939aae,c4f0f4bf-8436-4326-af78-e34cd1b9ef01,953.84,INR,success,2026-05-20 04:31:35.546389+00:00
b9049203-84e5-4e68-9fda-177a4207bfad,ddcbbad1-89e5-4067-a75f-3f025ea8dc8b,477f862b-0c90-429f-8d5f-f796a6939aae,c4f0f4bf-8436-4326-af78-e34cd1b9ef01,674.67,INR,success,2026-05-28 16:46:02.673054+00:00
cbf94f4f-1567-4c6e-a375-2e34be86642f,db9fd0f3-8834-4fd6-ac38-8c259e0d7689,f10a1716-d67e-4578-a3dc-d47f7f88275f,89b7ff6d-1259-4643-b96d-02ec05723a02,669.65,INR,success,2026-04-27 07:44:47.026256+00:00
48f48186-9cd8-4b14-887e-b049ca763cf5,db9fd0f3-8834-4fd6-ac38-8c259e0d7689,f10a1716-d67e-4578-a3dc-d47f7f88275f,89b7ff6d-1259-4643-b96d-02ec05723a02,2730.24,INR,success,2026-04-27 11:15:31.187752+00:00
797cff42-fcec-44d0-80a6-111c048400b9,db9fd0f3-8834-4fd6-ac38-8c259e0d7689,f10a1716-d67e-4578-a3dc-d47f7f88275f,89b7ff6d-1259-4643-b96d-02ec05723a02,2566.04,INR,success,2026-04-27 12:09:23.802970+00:00
b2531f6e-2d1d-42a0-9424-380e02cc819e,db9fd0f3-8834-4fd6-ac38-8c259e0d7689,f10a1716-d67e-4578-a3dc-d47f7f88275f,89b7ff6d-1259-4643-b96d-02ec05723a02,3186.81,INR,success,2026-04-28 02:25:32.770184+00:00
c59b8069-a7d8-4cc3-ac04-a990efee7747,db9fd0f3-8834-4fd6-ac38-8c259e0d7689,f10a1716-d67e-4578-a3dc-d47f7f88275f,89b7ff6d-1259-4643-b96d-02ec05723a02,546.07,INR,success,2026-04-28 03:25:47.744125+00:00
db685072-c351-4025-a0e5-602ff842696b,8895e501-debb-40b7-9685-1a78f5c67ed2,eb927f85-f663-45fb-b6a6-2b5f309faf6d,d30d4101-36b2-4dd4-a1cc-23b90d05ae44,623.16,INR,success,2026-05-11 13:05:07.383785+00:00
a578fa06-3fa4-4cf5-9824-d65809f89b73,8895e501-debb-40b7-9685-1a78f5c67ed2,eb927f85-f663-45fb-b6a6-2b5f309faf6d,d30d4101-36b2-4dd4-a1cc-23b90d05ae44,513.16,INR,success,2026-05-16 00:23:51.355008+00:00
c1305adb-4496-4085-bdd4-6a4a82f07337,8895e501-debb-40b7-9685-1a78f5c67ed2,eb927f85-f663-45fb-b6a6-2b5f309faf6d,d30d4101-36b2-4dd4-a1cc-23b90d05ae44,523.07,INR,success,2026-05-19 21:33:49.852354+00:00
cac08148-32b6-46d0-99e2-7f2a4d56ecce,8895e501-debb-40b7-9685-1a78f5c67ed2,eb927f85-f663-45fb-b6a6-2b5f309faf6d,d30d4101-36b2-4dd4-a1cc-23b90d05ae44,1329.58,INR,success,2026-05-29 15:41:49.147234+00:00
2872cebf-22fa-4dd6-a3a4-dc67ca38dbb5,ca1efceb-c99e-43ac-a794-c70fb4fa35be,435f5fa3-0cd4-45c9-a283-37e6c8d81438,62c15f2e-ee1a-4b9f-a656-3c78828e1c93,2973.68,INR,success,2026-05-18 19:06:07.744950+00:00
39806fbd-850f-4897-9e3b-00e3a1b910aa,425b57df-7342-4c2d-8f37-a3b126997f5e,0be9e9a5-32ea-479e-a01e-6a6c01014a95,7fa3409d-3c65-4127-bcf5-5790743e2870,4150.32,INR,success,2026-05-30 04:49:30.929414+00:00
9f8001ff-40a2-464a-9bc9-bc3f4ca0895d,425b57df-7342-4c2d-8f37-a3b126997f5e,0be9e9a5-32ea-479e-a01e-6a6c01014a95,7fa3409d-3c65-4127-bcf5-5790743e2870,2510.29,INR,success,2026-05-30 11:59:39.677545+00:00
0c835e42-64be-47c5-89de-69ab618b3e9c,425b57df-7342-4c2d-8f37-a3b126997f5e,0be9e9a5-32ea-479e-a01e-6a6c01014a95,7fa3409d-3c65-4127-bcf5-5790743e2870,3629.89,INR,success,2026-05-30 20:38:06.157192+00:00
e1f4ec30-6db0-4fc7-902c-f741562a4761,425b57df-7342-4c2d-8f37-a3b126997f5e,0be9e9a5-32ea-479e-a01e-6a6c01014a95,7fa3409d-3c65-4127-bcf5-5790743e2870,5830.86,INR,success,2026-05-31 01:22:57.900300+00:00
a010f5dd-38b0-40fb-a28d-ce23b8ed3547,425b57df-7342-4c2d-8f37-a3b126997f5e,0be9e9a5-32ea-479e-a01e-6a6c01014a95,7fa3409d-3c65-4127-bcf5-5790743e2870,5723.27,INR,success,2026-05-31 12:53:27.431762+00:00
07467ef1-6933-426c-8d7b-7029848683f1,f329636c-b753-42bd-a4da-cc1807ab4f1a,2314f11e-5b6d-4727-97a9-7a259974eeee,9351f044-ed4c-4c4c-a4b7-7afd9b011944,367.86,INR,success,2026-05-30 17:56:07.779487+00:00
0e76d591-4db1-4e27-bfb4-e1968cf55eca,e45b25a9-b5c1-4821-886c-81933f97b09f,d8c66be4-9356-4b7c-b2a9-467cd242bfd2,1b6e4403-0c51-4b0d-a9b4-81807c95f7f1,173.57,INR,success,2026-05-26 19:05:39.843634+00:00
fd0cb8fb-0887-4c80-a0a1-278b173336ab,e45b25a9-b5c1-4821-886c-81933f97b09f,d8c66be4-9356-4b7c-b2a9-467cd242bfd2,1b6e4403-0c51-4b0d-a9b4-81807c95f7f1,436.63,INR,success,2026-05-27 23:48:01.422645+00:00
6af22b37-15a2-429b-acd1-17c49ee0f115,1bd95fa8-da7a-40e2-98d9-41c39460a5c2,d2caf571-be67-405e-86e5-1dc7743c9183,73e1880f-c66a-4f13-8d54-7e082e4a50c2,2849.85,INR,success,2026-05-27 12:06:09.541557+00:00
1a26dd75-73ea-4be9-a5fe-2ba8f316d68d,1bd95fa8-da7a-40e2-98d9-41c39460a5c2,d2caf571-be67-405e-86e5-1dc7743c9183,73e1880f-c66a-4f13-8d54-7e082e4a50c2,1704.13,INR,success,2026-05-28 11:08:37.542467+00:00
525f4c40-bf87-4f71-978f-bd823991bd7f,f8370e3a-64d4-4df0-b346-32457d23392d,83351ccd-f021-449f-9b8b-7afb5add06e1,c8351bf0-5097-4435-9d71-581bc4c214d6,2771.99,INR,success,2026-03-11 11:54:09.314011+00:00
05c8b368-d22c-48d6-a1f8-3142b7ff56d7,f8370e3a-64d4-4df0-b346-32457d23392d,83351ccd-f021-449f-9b8b-7afb5add06e1,c8351bf0-5097-4435-9d71-581bc4c214d6,156.35,INR,success,2026-03-19 05:40:44.695334+00:00
f96a8a52-98cb-452d-ac30-51ce80de8824,f8370e3a-64d4-4df0-b346-32457d23392d,83351ccd-f021-449f-9b8b-7afb5add06e1,c8351bf0-5097-4435-9d71-581bc4c214d6,2343.01,INR,success,2026-03-21 23:05:57.521985+00:00
ddd615ee-dc6d-4aa2-a56d-4452352e797c,f8370e3a-64d4-4df0-b346-32457d23392d,83351ccd-f021-449f-9b8b-7afb5add06e1,c8351bf0-5097-4435-9d71-581bc4c214d6,2776.54,INR,success,2026-03-28 04:59:06.393520+00:00
e15674ef-cfc6-4f6e-97ff-45aa76170f59,f8370e3a-64d4-4df0-b346-32457d23392d,83351ccd-f021-449f-9b8b-7afb5add06e1,c8351bf0-5097-4435-9d71-581bc4c214d6,3552.91,INR,success,2026-04-13 15:28:01.603717+00:00
2f753100-3b97-4ebf-898e-dc93a7fbeac6,cfbd3bb8-6886-412c-a243-23696b75ed09,3d1892a0-1aac-453b-ae82-98cf3ada4b1a,c1ee88d2-49d3-48a0-a5f3-a93db65eb74a,1389.21,INR,success,2026-05-31 21:36:13.492642+00:00
e5af257a-72b5-4c1f-8780-5de3407916e0,cfbd3bb8-6886-412c-a243-23696b75ed09,3d1892a0-1aac-453b-ae82-98cf3ada4b1a,c1ee88d2-49d3-48a0-a5f3-a93db65eb74a,918.13,INR,success,2026-05-31 22:50:05.689088+00:00
c3839e00-bda1-499b-98ee-198b527eb614,cfbd3bb8-6886-412c-a243-23696b75ed09,3d1892a0-1aac-453b-ae82-98cf3ada4b1a,c1ee88d2-49d3-48a0-a5f3-a93db65eb74a,2354.91,INR,success,2026-05-31 23:05:39.870859+00:00
203ed124-dc58-4aac-84f8-518ee5047712,cfbd3bb8-6886-412c-a243-23696b75ed09,3d1892a0-1aac-453b-ae82-98cf3ada4b1a,c1ee88d2-49d3-48a0-a5f3-a93db65eb74a,1223.1,INR,success,2026-05-31 23:34:53.499276+00:00
c9880d9b-1529-4473-a1a4-21a8e1f150c3,abeff7bb-bbd0-4c43-866c-33aa43143b06,3249c02d-b8d2-4a55-b9b9-386cfd11e8cf,ab929026-e86e-448a-92ed-9e2032aa85ab,669.26,INR,success,2026-05-30 04:45:13.415653+00:00
f11d57ef-aa44-4781-a169-12293afb8c54,abeff7bb-bbd0-4c43-866c-33aa43143b06,3249c02d-b8d2-4a55-b9b9-386cfd11e8cf,ab929026-e86e-448a-92ed-9e2032aa85ab,1227.26,INR,success,2026-05-30 09:15:48.526603+00:00
b49b2dad-93bb-4486-9283-13c469865aeb,b1c80060-9df0-4e9e-8c01-5f05b915ecf7,d7c2fa33-4501-4221-8b20-7d5d690ec1a1,0c4b529f-470d-429d-b0ec-f6f77cefe95e,481.71,INR,success,2026-05-12 05:03:30.570213+00:00
209b6de1-3422-4e74-8ce0-85ced8a04530,b1c80060-9df0-4e9e-8c01-5f05b915ecf7,d7c2fa33-4501-4221-8b20-7d5d690ec1a1,0c4b529f-470d-429d-b0ec-f6f77cefe95e,138.63,INR,success,2026-05-13 12:53:28.186792+00:00
b9c68ebc-f7c0-47e8-94c7-a3167fc20ed3,b1c80060-9df0-4e9e-8c01-5f05b915ecf7,d7c2fa33-4501-4221-8b20-7d5d690ec1a1,0c4b529f-470d-429d-b0ec-f6f77cefe95e,2053.13,INR,success,2026-05-18 11:17:02.916877+00:00
6d37754d-e46b-4fd7-a88e-4ba800840c0e,b1c80060-9df0-4e9e-8c01-5f05b915ecf7,d7c2fa33-4501-4221-8b20-7d5d690ec1a1,0c4b529f-470d-429d-b0ec-f6f77cefe95e,2957.44,INR,success,2026-05-23 17:38:46.070302+00:00
17be5112-0a52-44fe-ba85-4a406207bde5,b1c80060-9df0-4e9e-8c01-5f05b915ecf7,d7c2fa33-4501-4221-8b20-7d5d690ec1a1,0c4b529f-470d-429d-b0ec-f6f77cefe95e,1771.34,INR,success,2026-05-24 15:11:25.003770+00:00
519b8705-6232-4523-a26f-593bf72e45ae,8912c4b5-a091-4aed-95dc-f97616d46a39,5bf6ec41-f265-4d3b-9ee8-af03c43f9e1c,4b376978-8d2d-4a3a-bbb8-71fcb509b614,323.72,INR,success,2026-05-30 05:40:23.604040+00:00
ed4b2d25-cd56-4fe7-9ff6-c67bd4f8bfb6,8912c4b5-a091-4aed-95dc-f97616d46a39,5bf6ec41-f265-4d3b-9ee8-af03c43f9e1c,4b376978-8d2d-4a3a-bbb8-71fcb509b614,84.79,INR,success,2026-05-31 19:56:42.473981+00:00
cc4915ad-d2f0-4a4d-a067-64bed058abac,45bd82cc-c681-4d80-afc4-c0a779a205af,e496afd6-d1ed-430a-a79c-bb664ebc1597,5aaac8cf-c065-4be9-b755-88362ee7c6ab,256.7,INR,success,2026-05-28 17:59:05.375891+00:00
c0805430-98e3-41ee-9d40-20606cb0b92b,45bd82cc-c681-4d80-afc4-c0a779a205af,e496afd6-d1ed-430a-a79c-bb664ebc1597,5aaac8cf-c065-4be9-b755-88362ee7c6ab,215.48,INR,success,2026-05-29 07:45:38.465211+00:00
9efbcaec-1fba-445f-9f09-26a02effe7a8,45bd82cc-c681-4d80-afc4-c0a779a205af,e496afd6-d1ed-430a-a79c-bb664ebc1597,5aaac8cf-c065-4be9-b755-88362ee7c6ab,326.3,INR,success,2026-05-30 12:45:14.896304+00:00
6bbb5925-90e3-4c34-87c2-1a23f5aa6aac,7560abef-8633-4023-ad68-6b63ecadbc2c,42d79030-1cc0-4ac1-9096-abe620dfd1ac,8a21b927-73fa-41b2-a7f2-23fad58f4ae6,3060.97,INR,success,2026-03-31 18:52:28.959963+00:00
220f95bf-2b16-4c98-952a-2ea487bae5c0,7560abef-8633-4023-ad68-6b63ecadbc2c,42d79030-1cc0-4ac1-9096-abe620dfd1ac,8a21b927-73fa-41b2-a7f2-23fad58f4ae6,2149.61,INR,success,2026-04-06 04:39:45.547783+00:00
1739c615-c8a9-406f-a4f5-cbaa5c8d6291,7560abef-8633-4023-ad68-6b63ecadbc2c,42d79030-1cc0-4ac1-9096-abe620dfd1ac,8a21b927-73fa-41b2-a7f2-23fad58f4ae6,2206.82,INR,success,2026-04-16 12:16:54.353187+00:00
937ac507-c67c-4483-931c-fbd32fb3ca85,1ff706fc-c3d8-4485-9409-9b15da8f9009,cf2cf996-fbe1-4444-be9f-a6cf57fcfe6f,2b8fcb4e-4826-4d23-96e5-81e88c3363cb,6218.58,INR,success,2026-04-13 18:37:50.382255+00:00
2e2003ec-7db3-4f40-ab16-d730f02330e1,a7cc538d-28dc-4ca8-84f8-de8b7867abb4,fe6a07c1-3b80-4bf8-9ba6-d8ec762584d0,a30dfa4b-85d9-455b-91ee-9ec3b8c928e0,6104.96,INR,success,2026-05-31 09:15:54.822481+00:00
f6e26dcb-f4eb-417a-bdf5-b225975deb90,a7cc538d-28dc-4ca8-84f8-de8b7867abb4,fe6a07c1-3b80-4bf8-9ba6-d8ec762584d0,a30dfa4b-85d9-455b-91ee-9ec3b8c928e0,8261.05,INR,success,2026-05-31 13:35:29.145042+00:00
fb2dd83a-b036-471b-987e-0586e14b7923,a7cc538d-28dc-4ca8-84f8-de8b7867abb4,fe6a07c1-3b80-4bf8-9ba6-d8ec762584d0,a30dfa4b-85d9-455b-91ee-9ec3b8c928e0,2154.24,INR,success,2026-05-31 20:05:44.763500+00:00
b2a00778-1abd-449a-be39-c060f5b08ab8,f41abf27-2280-42e3-95ba-48370a677047,e9ae7685-9b83-416b-8f0d-e3ec02d5f00f,a7797e48-2b0d-4538-8337-645e2b7565f7,4212.89,INR,success,2026-05-10 10:00:52.667815+00:00
d9be9bd0-b3f7-4f8b-b1d0-d794cda1aa63,f41abf27-2280-42e3-95ba-48370a677047,e9ae7685-9b83-416b-8f0d-e3ec02d5f00f,a7797e48-2b0d-4538-8337-645e2b7565f7,3003.27,INR,success,2026-05-11 09:55:49.635061+00:00
2e4201ca-194f-4f14-8db2-8d58a2b1f5a6,b133a0b1-3ddc-4620-812e-6a8c119a96bb,5c2633ac-03fd-42ee-9181-e5ea70854797,8280f897-6fb3-4d3f-9937-a961075f5c8c,2530.64,INR,success,2026-05-16 20:22:44.915799+00:00
01eee5c0-8c53-4b19-8baf-e331490fefbf,b133a0b1-3ddc-4620-812e-6a8c119a96bb,5c2633ac-03fd-42ee-9181-e5ea70854797,8280f897-6fb3-4d3f-9937-a961075f5c8c,3011.29,INR,success,2026-05-20 11:58:51.609658+00:00
3344ba77-44c1-4a2d-987d-4ac3fb9abc76,b133a0b1-3ddc-4620-812e-6a8c119a96bb,5c2633ac-03fd-42ee-9181-e5ea70854797,8280f897-6fb3-4d3f-9937-a961075f5c8c,2351.77,INR,success,2026-05-28 04:56:29.270912+00:00
cd90ea1d-3b96-43e9-9cb7-c8621fd8c497,b133a0b1-3ddc-4620-812e-6a8c119a96bb,5c2633ac-03fd-42ee-9181-e5ea70854797,8280f897-6fb3-4d3f-9937-a961075f5c8c,2692.46,INR,success,2026-05-28 18:02:28.424713+00:00
0aead94a-010b-40b4-aeda-0200a26af904,ced80805-e8ad-42f2-a1c0-53af44c9b4e9,f6104126-517a-458e-973c-40cdf5167ae3,54737d99-efe9-4d8d-91d9-78817a565d83,5244.54,INR,success,2026-05-05 00:06:16.294121+00:00
a50b58e1-93d1-45bd-b4a7-1424ddd5e1d6,ced80805-e8ad-42f2-a1c0-53af44c9b4e9,f6104126-517a-458e-973c-40cdf5167ae3,54737d99-efe9-4d8d-91d9-78817a565d83,398.46,INR,success,2026-05-08 01:34:10.267978+00:00
07e66c3b-08ed-4bad-b2ae-c279aaec1e91,094e084c-1158-42a8-9b18-b18ce1502c9a,685d2fa9-8ad8-4280-a14a-ca5c066b69bb,45ea4daa-cc14-4176-897b-ebfe6508b175,4841.09,INR,success,2026-05-22 08:09:23.115046+00:00
e489043e-7305-47fe-b8d0-47561b49ce49,094e084c-1158-42a8-9b18-b18ce1502c9a,685d2fa9-8ad8-4280-a14a-ca5c066b69bb,45ea4daa-cc14-4176-897b-ebfe6508b175,3867.77,INR,success,2026-05-28 21:46:58.510476+00:00
773dc193-9b73-4046-9f54-9d317a59ef19,6c6adcea-d114-43c9-ae42-f36fbb298488,f87908f5-feeb-466e-b9fc-e61ec7a290ca,9d15c021-7f66-4c02-bd15-868342ef6e23,2609.53,INR,success,2026-03-25 18:07:54.376256+00:00
4438c72a-8080-4976-8946-aaa4ae771118,6c6adcea-d114-43c9-ae42-f36fbb298488,f87908f5-feeb-466e-b9fc-e61ec7a290ca,9d15c021-7f66-4c02-bd15-868342ef6e23,3338.88,INR,success,2026-04-07 10:54:09.457632+00:00
c784b053-451d-46ce-8422-d2c4c02dc271,259e0084-c74d-4980-8d63-2997e8bc939a,c59f6ff2-685f-45c0-b8f5-6b69afc589a8,3bd51fb9-3e56-4b6a-b4c1-06efc7f8432c,1651.53,INR,success,2026-04-24 15:14:29.327588+00:00
7e6e4cbe-8317-44e2-9533-927bb661f950,259e0084-c74d-4980-8d63-2997e8bc939a,c59f6ff2-685f-45c0-b8f5-6b69afc589a8,3bd51fb9-3e56-4b6a-b4c1-06efc7f8432c,5273.64,INR,success,2026-05-20 18:01:30.445336+00:00
e202cae0-9cb1-4324-9840-4e912a3f7658,259e0084-c74d-4980-8d63-2997e8bc939a,c59f6ff2-685f-45c0-b8f5-6b69afc589a8,3bd51fb9-3e56-4b6a-b4c1-06efc7f8432c,2601.84,INR,success,2026-05-21 00:04:09.241179+00:00
62ec7707-6f02-4aa8-bc7d-8b69bab26b85,ddc1fab8-0f42-406c-a3c9-34c4fdc96493,3a7ca72d-3ed1-4591-ac6e-2cd296678804,f59e03f4-d595-42d3-b48a-fde4ff08b76d,860.83,INR,success,2026-05-10 08:22:21.129406+00:00
bacbbe36-599d-4631-945d-5f26bed76659,ddc1fab8-0f42-406c-a3c9-34c4fdc96493,3a7ca72d-3ed1-4591-ac6e-2cd296678804,f59e03f4-d595-42d3-b48a-fde4ff08b76d,512.81,INR,success,2026-05-17 04:39:07.772454+00:00
a57fe8c4-96b3-4187-9d52-f0cbd9da3dc6,ddc1fab8-0f42-406c-a3c9-34c4fdc96493,3a7ca72d-3ed1-4591-ac6e-2cd296678804,f59e03f4-d595-42d3-b48a-fde4ff08b76d,953.65,INR,success,2026-05-27 18:24:36.668247+00:00
2e079430-995f-4e5b-ba76-dc3940dbb25d,c73bd3c7-cb89-4004-bfcf-3bf4b66d19c2,128f272b-879b-46a0-9693-7dbd246fe869,4f84a69e-4388-4b90-bedc-c9a06fdb4bb5,3043.62,INR,success,2026-05-30 04:10:10.099255+00:00
d0d8626a-53b5-4fb7-a35a-67d99082b0a0,c73bd3c7-cb89-4004-bfcf-3bf4b66d19c2,128f272b-879b-46a0-9693-7dbd246fe869,4f84a69e-4388-4b90-bedc-c9a06fdb4bb5,1591.24,INR,success,2026-05-30 13:40:47.471189+00:00
8e7fb0cb-49c3-417d-a907-251f84e1f412,c73bd3c7-cb89-4004-bfcf-3bf4b66d19c2,128f272b-879b-46a0-9693-7dbd246fe869,4f84a69e-4388-4b90-bedc-c9a06fdb4bb5,10.0,INR,success,2026-05-30 16:18:01.372085+00:00
695a9011-c685-4831-b24a-fb762c055ad4,a29798b1-fb2c-4457-bf25-0451b29cdc49,cb026486-fec6-495c-a515-8b8f581d216f,293777b4-756e-4f33-8af8-7bef1fc047e9,2134.03,INR,success,2026-04-03 21:19:34.189464+00:00
2f0799d1-3ee3-4981-8bab-97ffdfb890b5,a29798b1-fb2c-4457-bf25-0451b29cdc49,cb026486-fec6-495c-a515-8b8f581d216f,293777b4-756e-4f33-8af8-7bef1fc047e9,635.45,INR,success,2026-04-11 01:41:07.684130+00:00
9ff2465d-e5d2-440a-90f9-27f7ee591c34,a29798b1-fb2c-4457-bf25-0451b29cdc49,cb026486-fec6-495c-a515-8b8f581d216f,293777b4-756e-4f33-8af8-7bef1fc047e9,563.32,INR,success,2026-04-26 03:05:02.192042+00:00
9dc70709-fdba-4da0-ad37-a9b3413991b1,a29798b1-fb2c-4457-bf25-0451b29cdc49,cb026486-fec6-495c-a515-8b8f581d216f,293777b4-756e-4f33-8af8-7bef1fc047e9,1384.88,INR,success,2026-05-19 02:06:21.724905+00:00
e06cad8a-3621-4ee7-a49d-95edf8acd638,a29798b1-fb2c-4457-bf25-0451b29cdc49,cb026486-fec6-495c-a515-8b8f581d216f,293777b4-756e-4f33-8af8-7bef1fc047e9,2197.7,INR,success,2026-05-25 03:20:55.652454+00:00
60588aa6-699b-472f-b87f-7955812ae36e,af3d2df8-fa3a-48c7-98c4-49242236c626,ebf71347-b8e5-43d7-b50e-924ac388d9f0,9cffd6a9-9bc2-4bdc-8377-07de5432489e,1958.81,INR,success,2026-05-30 13:23:14.083715+00:00
4c8c1122-5841-4378-a209-d50ffa9ab11b,18988d62-06a9-4379-9b0c-ab2955216f2d,9a37fffc-a2f7-4d0a-9123-655f4bc34720,e1f5b5b0-f50b-4b87-a201-a6e8301363ba,1666.89,INR,success,2026-05-09 18:41:31.308458+00:00
987422f8-947e-49db-a339-686ca88ee8dd,8b4519d7-8028-4567-b605-9fbc0f358b25,d77dad8c-e177-41dc-8ad9-2e94c778287f,8ca0adfd-8093-4ce2-8937-5699d5a82a6b,3770.91,INR,success,2026-04-03 22:02:52.278048+00:00
316c5da0-d3e1-49f7-9d61-5ad0d76d7fdf,8b4519d7-8028-4567-b605-9fbc0f358b25,d77dad8c-e177-41dc-8ad9-2e94c778287f,8ca0adfd-8093-4ce2-8937-5699d5a82a6b,1368.95,INR,success,2026-04-05 02:19:02.908523+00:00
92112130-e0ab-4ea3-87bf-29aa81c61975,8b4519d7-8028-4567-b605-9fbc0f358b25,d77dad8c-e177-41dc-8ad9-2e94c778287f,8ca0adfd-8093-4ce2-8937-5699d5a82a6b,2144.7,INR,success,2026-04-18 20:02:00.664101+00:00
d363f774-8a87-439c-b4ad-d63e41afd508,747e8c32-78eb-43a4-97a1-e9038b6738f5,b6ac456c-a58b-4477-ac09-8b7b9896ce0a,48b468b5-b870-46e0-9bbc-0d655665fcc2,409.38,INR,success,2026-04-11 21:11:41.783887+00:00
7a788dd6-6a5f-4f8e-8c0e-421b9e38eccb,747e8c32-78eb-43a4-97a1-e9038b6738f5,b6ac456c-a58b-4477-ac09-8b7b9896ce0a,48b468b5-b870-46e0-9bbc-0d655665fcc2,1654.72,INR,success,2026-04-22 11:43:52.755868+00:00
498ac4ae-b610-4c7b-a993-c59978f50358,ec2e835e-efbb-481b-9681-ef2a80606d33,a83a9c28-de19-4b24-8b7c-631116c1d0c9,aeed00a7-2218-43b2-9276-964c60b5d4c8,10.0,INR,success,2026-03-20 08:45:18.283857+00:00
d836d977-560c-4a43-9aca-44ad53547db9,40301fe8-40aa-402f-bbea-da7a9f258b1e,db08fd98-4ac8-4a77-a7ec-aaa8e05fac20,52246586-b039-4c8e-a864-9cab19d80300,2910.16,INR,success,2026-05-18 20:27:42.732662+00:00
5fe8982f-76ca-4f79-8cec-1c55f62a9597,40301fe8-40aa-402f-bbea-da7a9f258b1e,db08fd98-4ac8-4a77-a7ec-aaa8e05fac20,52246586-b039-4c8e-a864-9cab19d80300,1826.42,INR,success,2026-05-24 23:21:23.074731+00:00
72fa6ce1-f9f4-4b2f-8424-267dbf60f39f,40301fe8-40aa-402f-bbea-da7a9f258b1e,db08fd98-4ac8-4a77-a7ec-aaa8e05fac20,52246586-b039-4c8e-a864-9cab19d80300,352.24,INR,success,2026-05-25 03:13:05.592045+00:00
092c798a-df61-4377-a7d7-43ca7c16d447,40301fe8-40aa-402f-bbea-da7a9f258b1e,db08fd98-4ac8-4a77-a7ec-aaa8e05fac20,52246586-b039-4c8e-a864-9cab19d80300,3419.01,INR,success,2026-05-30 09:55:37.288100+00:00
f12e3349-39a0-476d-8cde-fa74b776e728,af9b2db1-3474-4c28-93bb-efe595942aee,bf6a13be-e4c6-4bd3-bda4-5f35eb689495,9eb60083-8911-4ddc-9025-b1ad7e90524b,3829.76,INR,success,2026-04-18 14:26:41.557084+00:00
0a74e196-d10a-47c9-9a9a-40103de943b6,af9b2db1-3474-4c28-93bb-efe595942aee,bf6a13be-e4c6-4bd3-bda4-5f35eb689495,9eb60083-8911-4ddc-9025-b1ad7e90524b,4394.54,INR,success,2026-04-26 03:02:35.093783+00:00
70940cd7-5895-4b27-a914-e9fcb78c3ef1,af9b2db1-3474-4c28-93bb-efe595942aee,bf6a13be-e4c6-4bd3-bda4-5f35eb689495,9eb60083-8911-4ddc-9025-b1ad7e90524b,3704.92,INR,success,2026-05-13 08:26:36.788828+00:00
8824eae0-0e73-45a4-97b8-e8d3c4d20e50,af9b2db1-3474-4c28-93bb-efe595942aee,bf6a13be-e4c6-4bd3-bda4-5f35eb689495,9eb60083-8911-4ddc-9025-b1ad7e90524b,3593.99,INR,success,2026-05-27 14:31:39.925354+00:00
63ca1a23-dcac-47f2-8dde-181fb502ced3,af9b2db1-3474-4c28-93bb-efe595942aee,bf6a13be-e4c6-4bd3-bda4-5f35eb689495,9eb60083-8911-4ddc-9025-b1ad7e90524b,1158.57,INR,success,2026-05-30 05:26:41.687011+00:00
a6b1a123-08aa-4e52-818c-8c9576ff611e,788772c6-8749-442d-a20d-346e361a000d,b388296b-602f-4b51-86ea-e8350b94c8e2,c9300d7f-7847-43c6-8555-a5a94df28f1f,1269.97,INR,success,2026-05-07 22:22:05.997989+00:00
2bfa82d2-2604-458f-b2d4-8a950fa6af05,788772c6-8749-442d-a20d-346e361a000d,b388296b-602f-4b51-86ea-e8350b94c8e2,c9300d7f-7847-43c6-8555-a5a94df28f1f,606.69,INR,success,2026-05-19 10:44:27.680166+00:00
661fa8eb-4c31-4304-ac3f-d63fc7e7ecb9,788772c6-8749-442d-a20d-346e361a000d,b388296b-602f-4b51-86ea-e8350b94c8e2,c9300d7f-7847-43c6-8555-a5a94df28f1f,10.0,INR,success,2026-05-22 23:55:31.389985+00:00
b41a91d9-9662-4c19-befc-089e08371005,788772c6-8749-442d-a20d-346e361a000d,b388296b-602f-4b51-86ea-e8350b94c8e2,c9300d7f-7847-43c6-8555-a5a94df28f1f,3216.91,INR,success,2026-05-31 17:58:08.048083+00:00
1d45926e-1d84-4edb-89ee-1559659c119c,19dac476-3534-43d6-a6be-164502f0ccad,79a5a928-c213-4cc3-8a18-8e7fc3578734,ab75565d-c89c-4792-8907-1184baf56a69,4883.44,INR,success,2026-05-21 08:14:34.703223+00:00
71f36ba7-1285-4a2d-894d-edaaecaa954e,19dac476-3534-43d6-a6be-164502f0ccad,79a5a928-c213-4cc3-8a18-8e7fc3578734,ab75565d-c89c-4792-8907-1184baf56a69,905.22,INR,success,2026-05-21 16:30:32.229669+00:00
53533adf-859f-4b25-abae-ed2ce70e8d0e,19dac476-3534-43d6-a6be-164502f0ccad,79a5a928-c213-4cc3-8a18-8e7fc3578734,ab75565d-c89c-4792-8907-1184baf56a69,5322.62,INR,success,2026-05-21 19:30:05.905067+00:00
c993f03a-9e20-450d-a73e-086eb24a6f82,19dac476-3534-43d6-a6be-164502f0ccad,79a5a928-c213-4cc3-8a18-8e7fc3578734,ab75565d-c89c-4792-8907-1184baf56a69,5865.49,INR,success,2026-05-22 08:59:13.717573+00:00
26172b04-35ad-408a-a83c-02c5dd9e8cc1,46065ae4-1463-440c-8eb1-1de4a333f3fe,bb0105d0-445f-4867-9129-003a5e446fb4,e92d3ee1-f005-4e43-8d86-8631cad1d6fd,3053.73,INR,success,2026-05-24 13:04:12.291397+00:00
c451d93f-d141-4e17-9038-88806949eb9d,8f3350a8-60a7-4126-8e7d-da722db4f459,a6be19b6-93a5-45bd-8e58-2bd0a44133ba,39e39d5e-232d-42a6-b9dd-11098d2d814b,624.54,INR,success,2026-04-27 06:54:14.316066+00:00
ba9942e0-80f3-4b8b-92f1-63313f88cdd2,8f3350a8-60a7-4126-8e7d-da722db4f459,a6be19b6-93a5-45bd-8e58-2bd0a44133ba,39e39d5e-232d-42a6-b9dd-11098d2d814b,1025.77,INR,success,2026-05-10 04:24:00.455447+00:00
d4f7762a-2087-475e-94ff-8295870a7cdd,8f3350a8-60a7-4126-8e7d-da722db4f459,a6be19b6-93a5-45bd-8e58-2bd0a44133ba,39e39d5e-232d-42a6-b9dd-11098d2d814b,1930.24,INR,success,2026-05-19 18:40:27.734083+00:00
8c8e2542-1cb8-460e-a81d-9bfefd51006a,8f3350a8-60a7-4126-8e7d-da722db4f459,a6be19b6-93a5-45bd-8e58-2bd0a44133ba,39e39d5e-232d-42a6-b9dd-11098d2d814b,753.7,INR,success,2026-05-25 19:11:47.723541+00:00
cd85942b-0297-4cbd-b5aa-af5115146830,133d7b5d-60eb-4856-9f65-f42f47346e28,51ad7642-0967-42fe-a67b-2f5c8d1d4786,fae153a9-5f71-443b-a3cb-799fe05d5877,4216.54,INR,success,2026-04-28 06:44:28.816848+00:00
33205025-9e11-42b7-a282-187b7678e80c,133d7b5d-60eb-4856-9f65-f42f47346e28,51ad7642-0967-42fe-a67b-2f5c8d1d4786,fae153a9-5f71-443b-a3cb-799fe05d5877,2109.66,INR,success,2026-05-10 07:34:44.019801+00:00
9f272561-435c-4f95-81cd-2480a4531c47,133d7b5d-60eb-4856-9f65-f42f47346e28,51ad7642-0967-42fe-a67b-2f5c8d1d4786,fae153a9-5f71-443b-a3cb-799fe05d5877,3145.35,INR,success,2026-05-17 05:01:46.681550+00:00
9cb35404-748b-4e48-8c7f-643de9dc4381,133d7b5d-60eb-4856-9f65-f42f47346e28,51ad7642-0967-42fe-a67b-2f5c8d1d4786,fae153a9-5f71-443b-a3cb-799fe05d5877,2486.32,INR,success,2026-05-22 00:16:00.056162+00:00
5588ccfb-90f0-42ff-89ed-1bff4f5af987,c0f7c265-d8d8-43d0-bf91-46362ab5a074,4502c2b8-5af7-46b5-afb7-38d59ef98f18,e6430934-6030-48ac-bfa2-b375650d2eb0,4510.3,INR,success,2026-05-28 14:52:46.185379+00:00
43f8111b-a6c6-46e0-83f5-101f64d78e28,c0f7c265-d8d8-43d0-bf91-46362ab5a074,4502c2b8-5af7-46b5-afb7-38d59ef98f18,e6430934-6030-48ac-bfa2-b375650d2eb0,6356.06,INR,success,2026-05-31 15:20:02.280214+00:00
64d13ac1-9c7d-495d-a73a-a40edea4956c,77895b2c-090a-4864-b8e0-013431cfbb29,f99e05cd-8814-4f69-96c1-e6e142cc3b2b,bf41033f-db72-41a8-a015-3a0d5672a46e,2798.28,INR,success,2026-05-30 22:39:51.023694+00:00
ad844079-4b63-4681-a1f1-e12c71290aa5,d7e13594-8c9c-4d7e-a3e7-fda28e9158f2,de1c877a-2c5b-491f-9af5-1d03f76b407b,74c088a6-ce2d-4bb6-a413-1e68f89c063c,2461.98,INR,success,2026-04-15 08:56:29.579940+00:00
a454740e-ddbf-4569-bc3f-685140265028,d7e13594-8c9c-4d7e-a3e7-fda28e9158f2,de1c877a-2c5b-491f-9af5-1d03f76b407b,74c088a6-ce2d-4bb6-a413-1e68f89c063c,1406.06,INR,success,2026-04-15 12:02:37.152108+00:00
69fa60fe-2de3-4a42-b490-0edd50cae1f5,d4997e67-5ede-4e5b-998b-616c32fe5b50,21d2689e-7db8-4674-96c4-c826de1451a7,d69f29ee-4f27-42d3-9318-9879f7fb5634,1023.45,INR,success,2026-05-21 08:56:06.813855+00:00
280ed031-658d-4feb-b6b8-2e617c6a2803,d4997e67-5ede-4e5b-998b-616c32fe5b50,21d2689e-7db8-4674-96c4-c826de1451a7,d69f29ee-4f27-42d3-9318-9879f7fb5634,2140.24,INR,success,2026-05-23 03:12:27.302128+00:00
2ebc1487-5fee-4e78-a61b-ed9c67f25ea1,d4997e67-5ede-4e5b-998b-616c32fe5b50,21d2689e-7db8-4674-96c4-c826de1451a7,d69f29ee-4f27-42d3-9318-9879f7fb5634,1237.15,INR,success,2026-05-23 10:18:20.661974+00:00
7baa0f03-a492-45e4-8782-cacf8ba29797,d4997e67-5ede-4e5b-998b-616c32fe5b50,21d2689e-7db8-4674-96c4-c826de1451a7,d69f29ee-4f27-42d3-9318-9879f7fb5634,1403.23,INR,success,2026-05-24 09:39:42.029248+00:00
37a89552-3ef7-40d3-a928-3509580bedb7,d4997e67-5ede-4e5b-998b-616c32fe5b50,21d2689e-7db8-4674-96c4-c826de1451a7,d69f29ee-4f27-42d3-9318-9879f7fb5634,3549.46,INR,success,2026-05-29 14:46:03.927088+00:00
f1cf8a9c-6b9e-4118-9832-39871ab136f6,9f2917d6-8607-42cc-9a31-917f907473d0,eacd4e9b-bd04-4d8b-ac3d-6163f72de684,0f8df57c-82c7-4ecf-9231-caf22e196aa7,3201.59,INR,success,2026-04-15 15:40:11.703924+00:00
6bd2ce78-0f02-467e-8678-0534b4ef8976,9f2917d6-8607-42cc-9a31-917f907473d0,eacd4e9b-bd04-4d8b-ac3d-6163f72de684,0f8df57c-82c7-4ecf-9231-caf22e196aa7,3842.29,INR,success,2026-04-21 08:24:33.137013+00:00
77f5db1c-2797-4faf-be81-ecb567abacd8,9f2917d6-8607-42cc-9a31-917f907473d0,eacd4e9b-bd04-4d8b-ac3d-6163f72de684,0f8df57c-82c7-4ecf-9231-caf22e196aa7,5006.85,INR,success,2026-05-01 21:37:39.091973+00:00
fd9388eb-53c5-4be0-8088-0816707d14d4,9f2917d6-8607-42cc-9a31-917f907473d0,eacd4e9b-bd04-4d8b-ac3d-6163f72de684,0f8df57c-82c7-4ecf-9231-caf22e196aa7,964.68,INR,success,2026-05-16 05:49:09.368019+00:00
db71671c-a2b4-4374-a77a-35b498f040c6,9f2917d6-8607-42cc-9a31-917f907473d0,eacd4e9b-bd04-4d8b-ac3d-6163f72de684,0f8df57c-82c7-4ecf-9231-caf22e196aa7,1519.71,INR,success,2026-05-29 21:40:45.416669+00:00
34a11812-a208-4cd5-a372-62b31a22d9a9,f9387cca-1ad3-4954-812d-4856ec26c7bf,845f746c-4d5b-4c79-87a5-0d5fc3b2ed8c,6aae6e13-a9c3-41d2-8a76-38b47d187d8c,4203.75,INR,success,2026-03-23 05:25:03.905425+00:00
533f3273-3513-4a1f-8dcc-f2bd8343be1e,f9387cca-1ad3-4954-812d-4856ec26c7bf,845f746c-4d5b-4c79-87a5-0d5fc3b2ed8c,6aae6e13-a9c3-41d2-8a76-38b47d187d8c,3762.28,INR,success,2026-03-24 22:54:49.514731+00:00
764f39fb-7ef2-40f7-865b-433085748e96,f9387cca-1ad3-4954-812d-4856ec26c7bf,845f746c-4d5b-4c79-87a5-0d5fc3b2ed8c,6aae6e13-a9c3-41d2-8a76-38b47d187d8c,2021.66,INR,success,2026-04-07 10:16:58.235450+00:00
96e32da2-ea14-4cb1-b4bd-05b180270a65,f9387cca-1ad3-4954-812d-4856ec26c7bf,845f746c-4d5b-4c79-87a5-0d5fc3b2ed8c,6aae6e13-a9c3-41d2-8a76-38b47d187d8c,3854.26,INR,success,2026-05-20 09:27:34.509103+00:00
0455f3ab-3db4-44f5-87cb-1ff7c3ab9543,3bd5234c-a6a7-4d72-982e-3d6141769313,8beae42b-8692-413f-a801-a7fbede88d4a,e0045fd8-dd27-4234-aa03-503cf85e7eda,46.6,INR,success,2026-03-15 06:52:09.113299+00:00
a39e0fcb-4e35-4801-adf3-ae3a3a1cbd96,3bd5234c-a6a7-4d72-982e-3d6141769313,8beae42b-8692-413f-a801-a7fbede88d4a,e0045fd8-dd27-4234-aa03-503cf85e7eda,244.85,INR,success,2026-04-04 08:59:23.827692+00:00
d52a8f7b-24de-43eb-8967-24ccbe1fe282,3bd5234c-a6a7-4d72-982e-3d6141769313,8beae42b-8692-413f-a801-a7fbede88d4a,e0045fd8-dd27-4234-aa03-503cf85e7eda,485.1,INR,success,2026-05-03 17:59:53.819183+00:00
cd088e03-5d02-4561-b586-e745b7c30ece,3bd5234c-a6a7-4d72-982e-3d6141769313,8beae42b-8692-413f-a801-a7fbede88d4a,e0045fd8-dd27-4234-aa03-503cf85e7eda,212.03,INR,success,2026-05-29 10:49:29.803747+00:00
39a424e6-ab83-43fb-9459-42fbb2b16ee0,5d34a864-a0f8-4f1d-a513-33f5afe1b5bb,c7595ab8-feb3-467d-8ce6-adee2215973d,1bcd1130-6941-44b5-a121-e592f7023145,774.26,INR,success,2026-05-29 06:33:38.537798+00:00
8869f824-6a0e-4d1f-983b-44a7d892c70e,5d34a864-a0f8-4f1d-a513-33f5afe1b5bb,c7595ab8-feb3-467d-8ce6-adee2215973d,1bcd1130-6941-44b5-a121-e592f7023145,464.17,INR,success,2026-05-30 03:44:52.156612+00:00
76e2c6e0-009c-4001-900a-73282f845291,5d34a864-a0f8-4f1d-a513-33f5afe1b5bb,c7595ab8-feb3-467d-8ce6-adee2215973d,1bcd1130-6941-44b5-a121-e592f7023145,3478.86,INR,success,2026-05-30 15:41:11.997608+00:00
9637645d-c51d-4c19-9cd7-848ed4932aba,5d34a864-a0f8-4f1d-a513-33f5afe1b5bb,c7595ab8-feb3-467d-8ce6-adee2215973d,1bcd1130-6941-44b5-a121-e592f7023145,1218.22,INR,success,2026-05-31 05:17:19.985006+00:00
74339e40-e771-4b07-9472-acc76e7594ce,5d34a864-a0f8-4f1d-a513-33f5afe1b5bb,c7595ab8-feb3-467d-8ce6-adee2215973d,1bcd1130-6941-44b5-a121-e592f7023145,3241.27,INR,success,2026-05-31 20:01:06.533125+00:00
2cce8164-1de6-4182-ae50-e4810abfe881,d576e91c-c339-431a-bbbe-e2164134945c,38980305-ec75-40ca-8623-068ae365f503,c1aceb53-98ca-4eeb-8435-3da88b68dcb3,488.65,INR,success,2026-05-26 16:47:46.299164+00:00
410bcebb-73d0-4b71-a16e-1269901d9e4a,221547fd-c6fa-432c-8a21-3361fef14b19,e1f8e43f-c278-424c-a05e-ca04b5c089c3,2c990ec2-30fb-408f-ab44-4c94eb0a7c66,226.81,INR,success,2026-05-11 05:30:57.253289+00:00
32d14b7f-22eb-458e-b67a-ae1d7a42a012,221547fd-c6fa-432c-8a21-3361fef14b19,e1f8e43f-c278-424c-a05e-ca04b5c089c3,2c990ec2-30fb-408f-ab44-4c94eb0a7c66,262.11,INR,success,2026-05-21 10:32:11.819861+00:00
e6a912c4-81b1-40e9-bcd8-76806c9ee059,5845eb06-c95d-405f-a8b6-61d17d58e444,abdf6228-6205-41eb-8ab7-894f3b4abe27,ff5872e8-4469-4559-919f-4474cba5d6c6,2891.64,INR,success,2026-05-30 18:24:05.101113+00:00
83453cda-10fd-4409-9046-e1eaebe661d3,d6ed0b5e-f52e-432e-b2c7-af5da6cd4c1b,56ba4a8e-dc9a-40f9-b0ea-5b065951a035,3c0af97e-f8bf-4bd1-8f3f-62e87f1b7c5a,2364.01,INR,success,2026-03-30 23:39:59.704634+00:00
d957c4a2-58b5-49f1-a07e-96d5afedb939,d6ed0b5e-f52e-432e-b2c7-af5da6cd4c1b,56ba4a8e-dc9a-40f9-b0ea-5b065951a035,3c0af97e-f8bf-4bd1-8f3f-62e87f1b7c5a,332.51,INR,success,2026-04-11 01:15:51.312463+00:00
7f57403a-c096-449b-abaa-96b22c81af56,d6ed0b5e-f52e-432e-b2c7-af5da6cd4c1b,56ba4a8e-dc9a-40f9-b0ea-5b065951a035,3c0af97e-f8bf-4bd1-8f3f-62e87f1b7c5a,1847.29,INR,success,2026-05-08 11:39:10.440332+00:00
1f6e28cd-9656-415d-a59f-8f9328f63d2a,11ee21a7-2ac9-4d10-9c2d-43217c13641e,f9102702-d512-4f7f-aa4c-a9fadd64aaf4,aeb9e1c9-1fe8-4639-9fac-58f5950c9b3c,2318.8,INR,success,2026-05-01 12:48:02.959285+00:00
27e198de-558d-441c-b6f7-e998b6b6a2d4,11ee21a7-2ac9-4d10-9c2d-43217c13641e,f9102702-d512-4f7f-aa4c-a9fadd64aaf4,aeb9e1c9-1fe8-4639-9fac-58f5950c9b3c,10.0,INR,success,2026-05-08 22:51:22.122413+00:00
cb4b742f-7428-43b2-ad08-d22702a61c2f,11ee21a7-2ac9-4d10-9c2d-43217c13641e,f9102702-d512-4f7f-aa4c-a9fadd64aaf4,aeb9e1c9-1fe8-4639-9fac-58f5950c9b3c,1973.5,INR,success,2026-05-31 03:08:11.516319+00:00
328d6aef-4a95-467a-b987-c57beed8fb11,57891294-b571-4527-86be-14448bf2908b,c5a9b985-7fcb-4985-9d21-7ce13d0374b0,d0362eb6-cc68-4cb4-946d-77cc0c9beebf,3979.85,INR,success,2026-05-23 15:32:54.245800+00:00
08b27e6c-3426-4d39-bce5-dec09874abc0,013d0d6e-15e0-42f5-86be-b61f1e9e5ebf,0cc01d8a-1c8f-4a42-9c3c-cf0ada1d2582,926612fe-e8c5-4ebf-a450-ef1086bf37b8,2995.52,INR,success,2026-05-23 18:29:14.673164+00:00
6772d5f4-e15c-4d34-84b1-f5be0010aeec,013d0d6e-15e0-42f5-86be-b61f1e9e5ebf,0cc01d8a-1c8f-4a42-9c3c-cf0ada1d2582,926612fe-e8c5-4ebf-a450-ef1086bf37b8,4095.92,INR,success,2026-05-27 01:05:48.758818+00:00
0b678b08-11f2-45fc-8cd7-67aa458f4a16,013d0d6e-15e0-42f5-86be-b61f1e9e5ebf,0cc01d8a-1c8f-4a42-9c3c-cf0ada1d2582,926612fe-e8c5-4ebf-a450-ef1086bf37b8,2578.66,INR,success,2026-05-28 19:58:20.405398+00:00
49bf002d-b5e5-4db1-8e54-8b25bafe6fb1,59d9aaef-3096-488b-a7cc-285afd28c059,47f3db96-72b0-4318-af2e-d0f1afa11fea,b1219a21-5409-4e47-9799-65a0d439a941,409.82,INR,success,2026-05-27 01:11:09.226771+00:00
5f33bc28-8e28-48ef-bce6-fd9fa61995ad,59d9aaef-3096-488b-a7cc-285afd28c059,47f3db96-72b0-4318-af2e-d0f1afa11fea,b1219a21-5409-4e47-9799-65a0d439a941,24.67,INR,success,2026-05-30 02:52:50.614106+00:00
28b54e94-60b4-4ceb-baeb-6833f3109fe1,433f7cdc-7b59-48a8-abc4-7b868e6916aa,788c4dd4-3c8d-4ee5-a188-fa2af8db9a38,59f4cff1-c6b2-4e3b-bdcf-a71fa6fcce93,8030.72,INR,success,2026-05-05 09:16:43.298362+00:00
0e852314-c572-414e-98e9-880d3c5414f2,433f7cdc-7b59-48a8-abc4-7b868e6916aa,788c4dd4-3c8d-4ee5-a188-fa2af8db9a38,59f4cff1-c6b2-4e3b-bdcf-a71fa6fcce93,2336.58,INR,success,2026-05-10 15:02:37.947244+00:00
801f5cc9-11af-4ea3-9e3f-4113e6ef5ca6,433f7cdc-7b59-48a8-abc4-7b868e6916aa,788c4dd4-3c8d-4ee5-a188-fa2af8db9a38,59f4cff1-c6b2-4e3b-bdcf-a71fa6fcce93,3100.14,INR,success,2026-05-25 13:45:52.371171+00:00
c03099e7-b2cd-456e-a502-1f31f41e1ade,433f7cdc-7b59-48a8-abc4-7b868e6916aa,788c4dd4-3c8d-4ee5-a188-fa2af8db9a38,59f4cff1-c6b2-4e3b-bdcf-a71fa6fcce93,6633.16,INR,success,2026-05-27 14:15:00.362357+00:00
1a166e2c-ceba-4efd-981c-9f06172dcbfa,0b144809-2d03-41d0-98ce-5b6a1b5ea6b8,9383dbeb-62c0-43f9-ad62-4bdc19ba75fe,f795deff-3a6c-4796-ab55-0f579a67d053,1046.04,INR,success,2026-04-27 01:05:01.898369+00:00
bd17880b-4899-4560-9bb7-fed43ce73751,0b144809-2d03-41d0-98ce-5b6a1b5ea6b8,9383dbeb-62c0-43f9-ad62-4bdc19ba75fe,f795deff-3a6c-4796-ab55-0f579a67d053,1245.49,INR,success,2026-05-03 04:18:24.812344+00:00
597b3618-060f-4ba6-a307-bccc01deaeb7,0b144809-2d03-41d0-98ce-5b6a1b5ea6b8,9383dbeb-62c0-43f9-ad62-4bdc19ba75fe,f795deff-3a6c-4796-ab55-0f579a67d053,1513.13,INR,success,2026-05-09 11:59:15.490513+00:00
bc4e98cc-38bb-4a00-8595-8d5838149870,0b144809-2d03-41d0-98ce-5b6a1b5ea6b8,9383dbeb-62c0-43f9-ad62-4bdc19ba75fe,f795deff-3a6c-4796-ab55-0f579a67d053,989.95,INR,success,2026-05-21 23:12:17.714956+00:00
0b5f89e8-bbf8-461d-af45-80d4d5334254,0b144809-2d03-41d0-98ce-5b6a1b5ea6b8,9383dbeb-62c0-43f9-ad62-4bdc19ba75fe,f795deff-3a6c-4796-ab55-0f579a67d053,1308.74,INR,success,2026-05-24 20:43:21.311062+00:00
b761ba63-4ced-4918-bcef-6a94f104658a,0536d241-663b-4f09-bd94-70727a37920b,5abfba80-8228-4246-8051-382184c43f92,4128f985-5c8f-4efe-8d9d-db5f02480508,1526.52,INR,success,2026-04-02 23:04:45.211491+00:00
6868d58f-2836-4749-87c3-8ff6137a3d1e,0536d241-663b-4f09-bd94-70727a37920b,5abfba80-8228-4246-8051-382184c43f92,4128f985-5c8f-4efe-8d9d-db5f02480508,10.0,INR,success,2026-05-02 16:59:43.243111+00:00
0ace0cea-7c50-413a-b223-6725f2dd0e21,0536d241-663b-4f09-bd94-70727a37920b,5abfba80-8228-4246-8051-382184c43f92,4128f985-5c8f-4efe-8d9d-db5f02480508,10.0,INR,success,2026-05-04 04:08:09.254131+00:00
dd8337f9-af83-43e0-9304-cfaf95286e58,0536d241-663b-4f09-bd94-70727a37920b,5abfba80-8228-4246-8051-382184c43f92,4128f985-5c8f-4efe-8d9d-db5f02480508,2301.41,INR,success,2026-05-06 09:42:55.592459+00:00
23012893-61d6-4b84-b47e-bc0175c1eaec,b1b4edcb-cd86-4562-9007-98c0b39ab3b2,62474ae2-d0d8-4bef-9c97-a9c81a6f10b7,c51fcde9-74c2-4082-9186-944caffa4b2e,2813.22,INR,success,2026-04-14 23:46:58.340008+00:00
5eb6c477-c995-4f88-8643-25c3678b254c,b1b4edcb-cd86-4562-9007-98c0b39ab3b2,62474ae2-d0d8-4bef-9c97-a9c81a6f10b7,c51fcde9-74c2-4082-9186-944caffa4b2e,5698.6,INR,success,2026-04-23 21:05:12.055841+00:00
ae7a8d3b-a062-4950-80e8-6de6284802a5,b1b4edcb-cd86-4562-9007-98c0b39ab3b2,62474ae2-d0d8-4bef-9c97-a9c81a6f10b7,c51fcde9-74c2-4082-9186-944caffa4b2e,4463.88,INR,success,2026-05-03 00:08:40.864155+00:00
0c284d65-99f9-43bf-8762-205d6cc81560,b6a0dfe3-9faf-481c-980b-6f8d2012c461,f02b85f6-9782-4b6c-824e-57a34a85d00b,0d4823bb-f64d-4568-b999-e718c96886e6,434.06,INR,success,2026-05-01 23:30:52.839192+00:00
cc69a1e2-3de1-4592-a75c-688c0cd2efdd,ca628f7c-c158-4e37-b87b-8b8529c52c88,98a4a039-81bd-4054-b8a2-891f8e4d64fe,3b83eff4-579e-47fd-be27-3acc2ead3bf8,1801.98,INR,success,2026-05-14 07:44:02.813972+00:00
2260e5dd-6ada-4893-914d-4d978e80c303,ca628f7c-c158-4e37-b87b-8b8529c52c88,98a4a039-81bd-4054-b8a2-891f8e4d64fe,3b83eff4-579e-47fd-be27-3acc2ead3bf8,1651.3,INR,success,2026-05-19 00:06:09.812822+00:00
8b5c8539-b333-4fb5-9320-06d9a8fef030,ca628f7c-c158-4e37-b87b-8b8529c52c88,98a4a039-81bd-4054-b8a2-891f8e4d64fe,3b83eff4-579e-47fd-be27-3acc2ead3bf8,3259.07,INR,success,2026-05-23 05:11:58.594082+00:00
7f0cd247-a651-40ab-9ac1-8684ef3750ff,ca628f7c-c158-4e37-b87b-8b8529c52c88,98a4a039-81bd-4054-b8a2-891f8e4d64fe,3b83eff4-579e-47fd-be27-3acc2ead3bf8,3364.11,INR,success,2026-05-26 02:43:53.721388+00:00
80ecf16e-85da-490c-868f-e8a38f96e723,0c3259d7-8e4c-4314-90b1-d1bde77a2b58,d3e16f42-30c1-40ac-896d-c57be99437c3,7e710374-a4bb-4427-8e7a-1f8e86ee8622,1636.67,INR,success,2026-04-05 00:17:20.234360+00:00
1e7a7145-cae2-43d4-a074-143aeee34e22,0c3259d7-8e4c-4314-90b1-d1bde77a2b58,d3e16f42-30c1-40ac-896d-c57be99437c3,7e710374-a4bb-4427-8e7a-1f8e86ee8622,4323.96,INR,success,2026-04-06 02:30:34.480305+00:00
3d377c52-7678-4cf8-9a84-3e76be042eb4,0c3259d7-8e4c-4314-90b1-d1bde77a2b58,d3e16f42-30c1-40ac-896d-c57be99437c3,7e710374-a4bb-4427-8e7a-1f8e86ee8622,4608.69,INR,success,2026-05-05 06:02:55.096282+00:00
837ec290-d29d-4761-8044-d7369099aab7,0c3259d7-8e4c-4314-90b1-d1bde77a2b58,d3e16f42-30c1-40ac-896d-c57be99437c3,7e710374-a4bb-4427-8e7a-1f8e86ee8622,2143.8,INR,success,2026-05-05 22:28:36.368210+00:00
509eaac3-b9e4-4364-9d56-7a69d6d01920,de440be5-6d4d-422b-93c5-a76b7ba95644,6e60891f-4374-4fb6-bfde-558e880feb44,ef5a467e-6801-4363-bdc8-e70eebbf969a,1113.24,INR,success,2026-05-05 08:31:33.802920+00:00
d11b097e-3212-4161-9a4b-cc85cc000c9f,de440be5-6d4d-422b-93c5-a76b7ba95644,6e60891f-4374-4fb6-bfde-558e880feb44,ef5a467e-6801-4363-bdc8-e70eebbf969a,1600.67,INR,success,2026-05-05 10:14:24.109924+00:00
847b03f9-123a-40dd-8791-2edc4c857ae6,de440be5-6d4d-422b-93c5-a76b7ba95644,6e60891f-4374-4fb6-bfde-558e880feb44,ef5a467e-6801-4363-bdc8-e70eebbf969a,1254.34,INR,success,2026-05-05 10:47:21.112330+00:00
c08e72f2-c088-4931-9165-701dcfab7ddf,af971b2d-b13c-4229-8516-1c09503df4a5,cdf33bf9-cb34-4053-9fae-ed01d6d1b57f,5179cab3-4e17-4811-bfe0-ddbaefd8263b,3287.86,INR,success,2026-04-12 09:45:42.649524+00:00
40f55989-edd3-41fc-a4bc-1499a647cc4d,af971b2d-b13c-4229-8516-1c09503df4a5,cdf33bf9-cb34-4053-9fae-ed01d6d1b57f,5179cab3-4e17-4811-bfe0-ddbaefd8263b,2692.46,INR,success,2026-05-23 04:35:39.723468+00:00
b533a76c-c25b-4cf4-a09f-5200350258bc,dad0dbd7-b119-4b62-8d1e-c8d561491e04,b76ee5b6-91cf-488f-bbd0-e8f3f9d65ce7,ed9356e6-42cd-4d1e-b6b3-2d310492c63a,1825.32,INR,success,2026-05-12 05:14:57.107904+00:00
ff29c8fc-1c4d-421d-991a-eb73d1ae62ca,dad0dbd7-b119-4b62-8d1e-c8d561491e04,b76ee5b6-91cf-488f-bbd0-e8f3f9d65ce7,ed9356e6-42cd-4d1e-b6b3-2d310492c63a,205.21,INR,success,2026-05-17 08:27:59.211243+00:00
bde48e00-afe5-44cc-80e4-d286e8e064a7,dad0dbd7-b119-4b62-8d1e-c8d561491e04,b76ee5b6-91cf-488f-bbd0-e8f3f9d65ce7,ed9356e6-42cd-4d1e-b6b3-2d310492c63a,2056.77,INR,success,2026-05-17 12:46:32.299089+00:00
7cfa9a23-7b15-4910-aa6f-90f21d52fd62,dad0dbd7-b119-4b62-8d1e-c8d561491e04,b76ee5b6-91cf-488f-bbd0-e8f3f9d65ce7,ed9356e6-42cd-4d1e-b6b3-2d310492c63a,2234.17,INR,success,2026-05-24 20:42:13.313863+00:00
7559360a-c892-41f1-aa25-55811c7dcee7,ca649a66-8781-4716-9ceb-f649fa935964,6e7dc50e-7d41-4465-9e21-62e960376db6,0ccec388-2d78-47c3-827e-11ce2b04f4c0,2129.94,INR,success,2026-05-29 22:10:36.161901+00:00
01dfc734-48bc-42ac-b9d5-dec545b23b0f,ca649a66-8781-4716-9ceb-f649fa935964,6e7dc50e-7d41-4465-9e21-62e960376db6,0ccec388-2d78-47c3-827e-11ce2b04f4c0,1438.97,INR,success,2026-05-30 07:23:02.210484+00:00
f7e2b83e-97a1-485f-ac7b-61f02c300214,ca649a66-8781-4716-9ceb-f649fa935964,6e7dc50e-7d41-4465-9e21-62e960376db6,0ccec388-2d78-47c3-827e-11ce2b04f4c0,1417.78,INR,success,2026-05-30 10:08:04.361772+00:00
295beda5-fbea-48c3-9e83-782b5f1f4623,ca649a66-8781-4716-9ceb-f649fa935964,6e7dc50e-7d41-4465-9e21-62e960376db6,0ccec388-2d78-47c3-827e-11ce2b04f4c0,1373.97,INR,success,2026-05-30 11:38:51.255081+00:00
6cd40d8a-7202-45cf-a940-524e830fa3e0,ca649a66-8781-4716-9ceb-f649fa935964,6e7dc50e-7d41-4465-9e21-62e960376db6,0ccec388-2d78-47c3-827e-11ce2b04f4c0,1646.6,INR,success,2026-05-30 16:01:01.021709+00:00
41be61e6-5489-464a-bc50-0790cfbc7ea2,cc6e2bde-8c1c-455c-9636-9f99a55ed46c,95ba721e-fa94-4ada-8cc8-1b065b622f2b,e69edbaa-630f-4d78-82e6-cb576017ef6a,10.0,INR,success,2026-03-31 09:34:54.141462+00:00
e270096a-63bb-4920-9769-cd362e4bc9c2,cc6e2bde-8c1c-455c-9636-9f99a55ed46c,95ba721e-fa94-4ada-8cc8-1b065b622f2b,e69edbaa-630f-4d78-82e6-cb576017ef6a,600.15,INR,success,2026-05-18 06:25:10.568867+00:00
de276151-7e47-4478-8d83-30b7967e67eb,cc6e2bde-8c1c-455c-9636-9f99a55ed46c,95ba721e-fa94-4ada-8cc8-1b065b622f2b,e69edbaa-630f-4d78-82e6-cb576017ef6a,928.74,INR,success,2026-05-23 05:20:52.943982+00:00
ec9ee356-66e1-4668-9817-4d4a1dd6b0e5,cc6e2bde-8c1c-455c-9636-9f99a55ed46c,95ba721e-fa94-4ada-8cc8-1b065b622f2b,e69edbaa-630f-4d78-82e6-cb576017ef6a,488.49,INR,success,2026-05-26 22:14:47.978260+00:00
791afea6-3ace-4f0c-b73e-99e15e36b0b6,f8e3f681-287e-4110-b742-c1fa09f7c83d,5426afb0-b8ad-4eff-9355-2547898da533,adc487e5-dd86-49ca-bdfe-916971c883d4,1821.95,INR,success,2026-05-29 09:29:59.905531+00:00
6aeecacc-b80c-4c96-a6dc-af6c4b83884d,8b1825c7-2caf-45f9-bc7e-cb8846e971c6,5d42d989-1dc7-4e2c-ba40-2a0c6de6f52c,6b1169a2-7981-4f8b-a393-906d8730e4ea,533.46,INR,success,2026-04-18 19:10:14.945919+00:00
e4abcc56-c131-450c-ae82-7e7e34a393a8,8b1825c7-2caf-45f9-bc7e-cb8846e971c6,5d42d989-1dc7-4e2c-ba40-2a0c6de6f52c,6b1169a2-7981-4f8b-a393-906d8730e4ea,1221.13,INR,success,2026-05-09 18:46:20.410830+00:00
0d3bfd8a-9dac-46c7-9b7e-cd5425ae345a,8b1825c7-2caf-45f9-bc7e-cb8846e971c6,5d42d989-1dc7-4e2c-ba40-2a0c6de6f52c,6b1169a2-7981-4f8b-a393-906d8730e4ea,896.71,INR,success,2026-05-11 17:26:06.526387+00:00
2ff98d60-1769-403c-8e6a-9642e6143b06,386c91b6-75d0-4571-824c-0891c4784fda,799e0960-b88a-4a5a-bbb8-0a0c15c3cd7c,6638c06d-7fac-4e3f-9d14-f09c6c51f9a6,1360.95,INR,success,2026-05-31 12:27:57.861349+00:00
6e5e31c2-ae5c-4117-9fef-6e23cd76adec,386c91b6-75d0-4571-824c-0891c4784fda,799e0960-b88a-4a5a-bbb8-0a0c15c3cd7c,6638c06d-7fac-4e3f-9d14-f09c6c51f9a6,1493.13,INR,success,2026-05-31 21:41:09.109541+00:00
698f0083-30f5-4c7f-a838-d17c51e0ed92,9d61fe6e-0f11-4c54-b235-33ecfebda21b,20db7250-086f-4258-811d-16224c52eafa,b9d2837a-9acb-4d39-8f98-91c6c9c14b8c,1208.77,INR,success,2026-05-31 23:04:17.256061+00:00
bd272c68-2d9f-4499-9497-1901d4914312,8c795731-978f-4f79-9fc6-649723794b63,8b72f97c-20eb-4ea4-bfb1-fa54012aa3c8,a7df16c3-eb6b-4231-8f20-b2e6114f8099,429.37,INR,success,2026-05-08 08:17:55.827946+00:00
caa8af5b-5df2-43f3-9b79-9ae5660aca63,8c795731-978f-4f79-9fc6-649723794b63,8b72f97c-20eb-4ea4-bfb1-fa54012aa3c8,a7df16c3-eb6b-4231-8f20-b2e6114f8099,1671.23,INR,success,2026-05-19 17:23:12.889363+00:00
af441acf-0675-487e-b9c1-64b1a8d67548,8c795731-978f-4f79-9fc6-649723794b63,8b72f97c-20eb-4ea4-bfb1-fa54012aa3c8,a7df16c3-eb6b-4231-8f20-b2e6114f8099,620.68,INR,success,2026-05-25 08:17:55.914919+00:00
fed2de51-0ad8-4a78-b132-13a335e71396,8c795731-978f-4f79-9fc6-649723794b63,8b72f97c-20eb-4ea4-bfb1-fa54012aa3c8,a7df16c3-eb6b-4231-8f20-b2e6114f8099,2032.6,INR,success,2026-05-25 12:23:59.555079+00:00
db9d8619-e609-4353-80ed-82bbcd95f167,8c795731-978f-4f79-9fc6-649723794b63,8b72f97c-20eb-4ea4-bfb1-fa54012aa3c8,a7df16c3-eb6b-4231-8f20-b2e6114f8099,669.34,INR,success,2026-05-30 05:00:19.624378+00:00
5efee6d3-58c7-40ed-a21c-c5fb8a4dbe2f,d3ee77f2-5e65-4170-a704-b915a29393ef,7ed90b78-d8fb-4db0-8dc5-7fdafc5ad25b,0968e383-96bf-4bee-9712-8c663637069c,1727.98,INR,success,2026-05-31 20:01:51.107125+00:00
4b860cc0-a5c5-4af2-bd94-e4b597259556,ff32004c-603e-4ce9-8820-ef994f13dd2e,cb2dd1a2-6019-4c3d-89c5-3a79d5450e0e,2cb9d4a8-ed61-4d93-96b0-95285fa29c39,2490.61,INR,success,2026-05-12 08:50:20.740555+00:00
20e6f753-2809-4405-a37b-caa4c83a98f6,ff32004c-603e-4ce9-8820-ef994f13dd2e,cb2dd1a2-6019-4c3d-89c5-3a79d5450e0e,2cb9d4a8-ed61-4d93-96b0-95285fa29c39,679.58,INR,success,2026-05-19 11:17:06.936006+00:00
aa46e69f-3e3a-4327-a3d0-f3246865ca51,ff32004c-603e-4ce9-8820-ef994f13dd2e,cb2dd1a2-6019-4c3d-89c5-3a79d5450e0e,2cb9d4a8-ed61-4d93-96b0-95285fa29c39,1986.84,INR,success,2026-05-21 06:37:20.939439+00:00
ab635785-bbe9-4ea6-9299-feb1f1de47f1,ff32004c-603e-4ce9-8820-ef994f13dd2e,cb2dd1a2-6019-4c3d-89c5-3a79d5450e0e,2cb9d4a8-ed61-4d93-96b0-95285fa29c39,1600.17,INR,success,2026-05-22 08:25:30.266537+00:00
38c3c79b-ea0a-49c9-93fa-978725e3e707,ff32004c-603e-4ce9-8820-ef994f13dd2e,cb2dd1a2-6019-4c3d-89c5-3a79d5450e0e,2cb9d4a8-ed61-4d93-96b0-95285fa29c39,2070.38,INR,success,2026-05-25 01:31:17.524915+00:00
06e6335c-1123-4c37-b149-45be6836e679,e7a46ea6-29de-408d-9eee-aa29d6324a74,a934baae-a75f-44be-a10a-d0a748a6adb2,91403f18-a01f-4426-8dcc-079448979d88,2826.32,INR,success,2026-05-01 17:29:42.953536+00:00
db2ac798-0763-4933-a5df-340b6d49ae52,e7a46ea6-29de-408d-9eee-aa29d6324a74,a934baae-a75f-44be-a10a-d0a748a6adb2,91403f18-a01f-4426-8dcc-079448979d88,2586.78,INR,success,2026-05-02 05:57:25.159155+00:00
13ae3aee-c025-4d6c-b65d-fd151eedac27,e7a46ea6-29de-408d-9eee-aa29d6324a74,a934baae-a75f-44be-a10a-d0a748a6adb2,91403f18-a01f-4426-8dcc-079448979d88,50.91,INR,success,2026-05-26 22:29:41.487379+00:00
bf9e944b-523d-4e6c-8401-23acbda9423d,e7a46ea6-29de-408d-9eee-aa29d6324a74,a934baae-a75f-44be-a10a-d0a748a6adb2,91403f18-a01f-4426-8dcc-079448979d88,4068.64,INR,success,2026-05-30 15:10:59.573862+00:00
d07cba89-d8a9-435f-8508-f520f2213364,638c9e18-90fb-4dcb-9c9e-c94a65a968a0,e8475bcd-d9e3-4eb7-ac1f-8c2f3451f266,f4bd4a8c-e0b3-4c36-94ec-71abaff015d1,1936.15,INR,success,2026-05-02 01:12:26.494243+00:00
f730d985-e58f-4f74-9d88-1ead4bf43e48,638c9e18-90fb-4dcb-9c9e-c94a65a968a0,e8475bcd-d9e3-4eb7-ac1f-8c2f3451f266,f4bd4a8c-e0b3-4c36-94ec-71abaff015d1,1478.01,INR,success,2026-05-04 06:44:35.799985+00:00
852cb041-efcc-48de-9d99-a82d399c9b38,638c9e18-90fb-4dcb-9c9e-c94a65a968a0,e8475bcd-d9e3-4eb7-ac1f-8c2f3451f266,f4bd4a8c-e0b3-4c36-94ec-71abaff015d1,655.59,INR,success,2026-05-18 08:31:10.407649+00:00
35fc64ee-f1d8-49a2-a58a-493a8ec83c10,bef5ed5f-42f4-48fa-806d-a73e9a7bf465,0e7f489e-3d11-4e2c-968b-34389c21ac79,50f71f35-ff7d-4503-b5e5-fbe6745b003d,3059.1,INR,success,2026-03-06 13:23:49.473575+00:00
1c2ad039-2d29-4ebb-b08f-751661e64da9,bef5ed5f-42f4-48fa-806d-a73e9a7bf465,0e7f489e-3d11-4e2c-968b-34389c21ac79,50f71f35-ff7d-4503-b5e5-fbe6745b003d,5193.08,INR,success,2026-03-25 21:46:37.355007+00:00
161fe34f-82a0-4e25-b886-b36f87c95117,bef5ed5f-42f4-48fa-806d-a73e9a7bf465,0e7f489e-3d11-4e2c-968b-34389c21ac79,50f71f35-ff7d-4503-b5e5-fbe6745b003d,3398.22,INR,success,2026-04-03 21:05:51.648659+00:00
cb551fce-1241-47e2-a7c0-c8a8d6fb63e9,bef5ed5f-42f4-48fa-806d-a73e9a7bf465,0e7f489e-3d11-4e2c-968b-34389c21ac79,50f71f35-ff7d-4503-b5e5-fbe6745b003d,5106.01,INR,success,2026-04-29 02:19:48.392380+00:00
f338e5fd-416a-4434-a4e6-2207d1b829b3,1d9016ed-c212-4390-b475-df04e2057c76,161d60f5-9059-49c8-913a-39c5146fe3dd,2b070d77-caea-44f2-8596-936571a97983,4154.87,INR,success,2026-05-28 05:26:59.643099+00:00
8256ca63-2abd-450e-8b6a-b846ae935ec2,1d9016ed-c212-4390-b475-df04e2057c76,161d60f5-9059-49c8-913a-39c5146fe3dd,2b070d77-caea-44f2-8596-936571a97983,1993.91,INR,success,2026-05-28 06:02:45.944291+00:00
be3f0e19-2209-4ce5-bf83-bac8f01b23e0,1d9016ed-c212-4390-b475-df04e2057c76,161d60f5-9059-49c8-913a-39c5146fe3dd,2b070d77-caea-44f2-8596-936571a97983,1904.59,INR,success,2026-05-28 08:46:27.109708+00:00
d0afd2ed-336b-4eff-b948-efb74f1f064e,1d9016ed-c212-4390-b475-df04e2057c76,161d60f5-9059-49c8-913a-39c5146fe3dd,2b070d77-caea-44f2-8596-936571a97983,2625.91,INR,success,2026-05-28 13:20:29.665532+00:00
16dc4b7e-190a-4308-abf2-47981e7a1fb4,4ee80df1-1d8a-4a8f-89cd-3adf1d47e00f,2ca39dac-fc2a-41f7-8738-116d20cc3c4f,30b308d6-1012-461a-ba63-09e652d1297e,970.91,INR,success,2026-05-22 04:00:18.631711+00:00
f86519c7-d45a-48a4-a116-78860963f8ae,4ee80df1-1d8a-4a8f-89cd-3adf1d47e00f,2ca39dac-fc2a-41f7-8738-116d20cc3c4f,30b308d6-1012-461a-ba63-09e652d1297e,1100.29,INR,success,2026-05-27 02:04:45.836035+00:00
fb453828-c671-4838-8c1f-8afe989783dc,4ee80df1-1d8a-4a8f-89cd-3adf1d47e00f,2ca39dac-fc2a-41f7-8738-116d20cc3c4f,30b308d6-1012-461a-ba63-09e652d1297e,396.57,INR,success,2026-05-31 19:40:51.553349+00:00
4de8bb1b-acf7-43e2-8214-af79d8661a0d,2eba5749-302f-437f-8aaa-3897831042ad,ce98f648-e3b5-4568-bfeb-21ae7175c08c,5ff4c643-e93c-4125-88dd-360fad8e0866,3440.54,INR,success,2026-05-05 05:22:15.209979+00:00
84773fbb-b4da-4395-9ac8-f9a22a4f3985,2eba5749-302f-437f-8aaa-3897831042ad,ce98f648-e3b5-4568-bfeb-21ae7175c08c,5ff4c643-e93c-4125-88dd-360fad8e0866,7712.71,INR,success,2026-05-05 05:55:10.990553+00:00
a624afe2-a8d3-49b6-8bc2-adc614842a53,2eba5749-302f-437f-8aaa-3897831042ad,ce98f648-e3b5-4568-bfeb-21ae7175c08c,5ff4c643-e93c-4125-88dd-360fad8e0866,1348.48,INR,success,2026-05-05 13:44:16.094784+00:00
2b360e2e-12c6-4570-a815-9fed92a89079,2eba5749-302f-437f-8aaa-3897831042ad,ce98f648-e3b5-4568-bfeb-21ae7175c08c,5ff4c643-e93c-4125-88dd-360fad8e0866,6342.01,INR,success,2026-05-05 19:28:16.390822+00:00
199b1d97-a5c8-477d-a102-4cb843b41f84,2eba5749-302f-437f-8aaa-3897831042ad,ce98f648-e3b5-4568-bfeb-21ae7175c08c,5ff4c643-e93c-4125-88dd-360fad8e0866,5701.18,INR,success,2026-05-06 02:58:55.004885+00:00
bc8f3d4b-277f-467b-a58c-b46ca353098e,51042d96-b93f-4ee8-b1c4-98cc54816ec1,da0b65e1-3365-4da8-81f1-ecc040aa56fc,e509ee81-e741-4732-b1ce-11ddda5d6bd1,1688.34,INR,success,2026-05-03 05:40:48.668354+00:00
ecdae5f7-2ece-46a1-9c95-b0b364f85ed8,51042d96-b93f-4ee8-b1c4-98cc54816ec1,da0b65e1-3365-4da8-81f1-ecc040aa56fc,e509ee81-e741-4732-b1ce-11ddda5d6bd1,2989.16,INR,success,2026-05-08 10:42:42.126985+00:00
7616d388-be84-4025-b1cf-a7d206329175,51042d96-b93f-4ee8-b1c4-98cc54816ec1,da0b65e1-3365-4da8-81f1-ecc040aa56fc,e509ee81-e741-4732-b1ce-11ddda5d6bd1,2309.29,INR,success,2026-05-13 01:08:48.543157+00:00
1da01307-00e3-4bcd-a253-57d1a8cbad38,aaec32e0-459c-4b0b-a9cf-4f3908881651,0f7a730a-9172-40a8-b1b2-99295184ddbc,1990003a-ef92-4593-8764-526382cc7498,5068.28,INR,success,2026-04-25 10:39:58.886540+00:00
6176fc4c-430d-4cb6-86ca-db28e6bec9c0,aaec32e0-459c-4b0b-a9cf-4f3908881651,0f7a730a-9172-40a8-b1b2-99295184ddbc,1990003a-ef92-4593-8764-526382cc7498,461.37,INR,success,2026-05-01 19:27:50.876479+00:00
21d9b22d-6215-4f55-a18f-cd54562b9d9e,aaec32e0-459c-4b0b-a9cf-4f3908881651,0f7a730a-9172-40a8-b1b2-99295184ddbc,1990003a-ef92-4593-8764-526382cc7498,2511.39,INR,success,2026-05-06 08:49:12.636695+00:00
08932b89-19f3-411c-b10c-ab5ed4a8a718,aaec32e0-459c-4b0b-a9cf-4f3908881651,0f7a730a-9172-40a8-b1b2-99295184ddbc,1990003a-ef92-4593-8764-526382cc7498,4818.7,INR,success,2026-05-30 16:12:13.215914+00:00
605ff5c6-5fe1-45c7-8bfc-6b37a8762789,c1b79206-87dd-48c8-a6ce-a69d801a0043,0121dfeb-1a02-425c-bd12-d6c4a448088e,ea57bca6-e76c-4bd9-b909-de5799a3bb3d,1164.48,INR,success,2026-03-21 15:42:19.505199+00:00
9f8b1d5f-2ad6-4524-90a1-f9768cfecde2,c1b79206-87dd-48c8-a6ce-a69d801a0043,0121dfeb-1a02-425c-bd12-d6c4a448088e,ea57bca6-e76c-4bd9-b909-de5799a3bb3d,1963.96,INR,success,2026-04-25 12:35:24.694271+00:00
4bd182bf-3fd8-4acb-8dfb-008c6e0f3c7d,83e764c4-9567-4b8e-82f0-e711a73ad028,b245b9ba-1932-42da-b5d4-856bc1a50254,bb90cff4-4157-487a-97cf-47158807dbb9,10.0,INR,success,2026-04-12 09:23:50.237191+00:00
936d7719-745a-446a-915d-bbd05d6606c9,7f893f54-af21-4641-9927-786ca909c5cf,228a3f0f-a8be-490e-b4ad-a4b8603d89db,77a28ef9-4afc-4dd2-9a71-1af061ab0c1c,2875.57,INR,success,2026-04-21 20:49:22.681011+00:00
d193851a-2644-4175-9aaf-c829ce87aeb8,bc8833ab-df2f-480d-992b-2085c9b77c79,ec255193-0997-4d68-b540-c181cc9e7b61,5f1ebdeb-5391-4f5b-8274-894d7813763b,3579.84,INR,success,2026-03-18 13:55:04.887699+00:00
0daf1415-d02f-4906-82eb-aed3055ab2d6,bc8833ab-df2f-480d-992b-2085c9b77c79,ec255193-0997-4d68-b540-c181cc9e7b61,5f1ebdeb-5391-4f5b-8274-894d7813763b,3601.47,INR,success,2026-03-25 19:28:09.702767+00:00
c3c8e262-1a82-4025-965e-adac567c121f,bc8833ab-df2f-480d-992b-2085c9b77c79,ec255193-0997-4d68-b540-c181cc9e7b61,5f1ebdeb-5391-4f5b-8274-894d7813763b,4202.93,INR,success,2026-04-07 11:38:46.652035+00:00
d3f206b5-8db8-4489-8788-2dfad5768ef7,bc8833ab-df2f-480d-992b-2085c9b77c79,ec255193-0997-4d68-b540-c181cc9e7b61,5f1ebdeb-5391-4f5b-8274-894d7813763b,7551.08,INR,success,2026-04-16 02:35:38.460946+00:00
9e162f2f-3043-4e66-b3f0-fbbb2a2eef2f,bc8833ab-df2f-480d-992b-2085c9b77c79,ec255193-0997-4d68-b540-c181cc9e7b61,5f1ebdeb-5391-4f5b-8274-894d7813763b,3624.13,INR,success,2026-05-28 03:38:42.652973+00:00
76d7f888-a804-4a82-85b9-5c31ba5d479b,0e462be3-ff4d-4aa5-b28b-f1a4d4b86d02,88be923f-3263-455a-8208-2f40b408fcd3,62b27d54-1e75-4a61-9c33-fecac9ff3b2c,3298.44,INR,success,2026-05-23 00:07:58.829833+00:00
82e4a85a-283a-4c28-bc03-fe67f43302c9,0e462be3-ff4d-4aa5-b28b-f1a4d4b86d02,88be923f-3263-455a-8208-2f40b408fcd3,62b27d54-1e75-4a61-9c33-fecac9ff3b2c,3477.82,INR,success,2026-05-26 09:06:07.739747+00:00
ff8f5b14-e88c-4f0b-92de-52309c2e399d,0e462be3-ff4d-4aa5-b28b-f1a4d4b86d02,88be923f-3263-455a-8208-2f40b408fcd3,62b27d54-1e75-4a61-9c33-fecac9ff3b2c,614.45,INR,success,2026-05-26 23:37:31.539055+00:00
c3b6069a-be60-4a76-b275-5d346254383b,0e462be3-ff4d-4aa5-b28b-f1a4d4b86d02,88be923f-3263-455a-8208-2f40b408fcd3,62b27d54-1e75-4a61-9c33-fecac9ff3b2c,1482.13,INR,success,2026-05-28 06:49:13.031866+00:00
6a200e43-6a7c-4083-b104-0556ecb22c66,53ffbe9f-b69f-46f5-bb09-8733dbb2ee7c,287c6f56-6e6e-4e1c-81b9-04c13520586e,3950fcb7-7a58-4286-97ac-f8824f18db5e,10.0,INR,success,2026-04-13 10:28:43.411848+00:00
9edc8e05-94d6-4673-803e-f938146140c7,53ffbe9f-b69f-46f5-bb09-8733dbb2ee7c,287c6f56-6e6e-4e1c-81b9-04c13520586e,3950fcb7-7a58-4286-97ac-f8824f18db5e,3299.94,INR,success,2026-05-03 02:24:46.431433+00:00
38b6c69c-10e3-4309-b184-1bbc9aacb28d,53ffbe9f-b69f-46f5-bb09-8733dbb2ee7c,287c6f56-6e6e-4e1c-81b9-04c13520586e,3950fcb7-7a58-4286-97ac-f8824f18db5e,1287.86,INR,success,2026-05-30 09:33:04.320585+00:00
fe94fd4b-b4ac-4843-ab63-046fdf2b7721,f231a646-ec97-4354-b235-9a51fee36469,6abe2603-e25e-4cf9-9d79-e82c11c8d075,77ad14cb-70b9-467c-a736-115d92f6eb2c,4138.33,INR,success,2026-04-24 19:26:36.987737+00:00
087a4757-2b3b-4466-baa5-470ab15cf959,f231a646-ec97-4354-b235-9a51fee36469,6abe2603-e25e-4cf9-9d79-e82c11c8d075,77ad14cb-70b9-467c-a736-115d92f6eb2c,3115.97,INR,success,2026-04-26 22:59:26.922302+00:00
7d05fc61-1d4a-46f3-8c8a-e523f93ecaa9,f231a646-ec97-4354-b235-9a51fee36469,6abe2603-e25e-4cf9-9d79-e82c11c8d075,77ad14cb-70b9-467c-a736-115d92f6eb2c,3014.03,INR,success,2026-05-28 03:47:14.853439+00:00
d5c818fb-dc9e-46bd-98c9-c83ec7e9a9da,94965f69-2e96-4f42-819f-de0f1287a895,8b25ad4f-c1d9-4b23-b4e3-89e441e4c2a0,423ba58d-70e4-4763-8d9b-6e0200a925d4,1118.72,INR,success,2026-03-14 11:04:50.490435+00:00
4853463e-5c4c-4d84-b4e0-bc0a3ca2dc33,94965f69-2e96-4f42-819f-de0f1287a895,8b25ad4f-c1d9-4b23-b4e3-89e441e4c2a0,423ba58d-70e4-4763-8d9b-6e0200a925d4,1158.24,INR,success,2026-04-12 16:50:27.753644+00:00
39dd06ca-4064-4f53-b08e-8e7616d9e1da,f6201be4-8464-40d3-8680-dadb36a6ef7c,ecb821f4-0622-46e8-a001-321cd6db930d,48f7339b-8b5b-416f-b21c-a4235042f36a,862.09,INR,success,2026-04-14 00:10:34.950131+00:00
26d8b297-e122-406c-8a4a-081c45780879,f6201be4-8464-40d3-8680-dadb36a6ef7c,ecb821f4-0622-46e8-a001-321cd6db930d,48f7339b-8b5b-416f-b21c-a4235042f36a,1267.49,INR,success,2026-04-15 16:50:31.708330+00:00
3eee06d9-52e0-470d-84c3-57547787bdfd,f6201be4-8464-40d3-8680-dadb36a6ef7c,ecb821f4-0622-46e8-a001-321cd6db930d,48f7339b-8b5b-416f-b21c-a4235042f36a,1115.19,INR,success,2026-04-17 03:05:27.926744+00:00
c5235fab-a9d5-40c8-88b5-30067e89a12a,f6201be4-8464-40d3-8680-dadb36a6ef7c,ecb821f4-0622-46e8-a001-321cd6db930d,48f7339b-8b5b-416f-b21c-a4235042f36a,698.13,INR,success,2026-04-20 06:14:38.400690+00:00
3cb71968-36d9-4be5-bbef-df73d18f9e4f,f6201be4-8464-40d3-8680-dadb36a6ef7c,ecb821f4-0622-46e8-a001-321cd6db930d,48f7339b-8b5b-416f-b21c-a4235042f36a,1308.04,INR,success,2026-05-19 13:14:23.115560+00:00
5b75d2e8-00ce-4800-9ce0-3b29eb3450a2,a149436f-f795-4a8b-8068-e6ab5b3706db,87de429d-8801-4396-b887-b0969d1fb5c4,82276b2c-7d71-4e88-b014-403f3cffb69f,2967.41,INR,success,2026-04-03 09:34:02.294760+00:00
42b9fb62-ec3b-4874-97a3-30d64a48582f,a149436f-f795-4a8b-8068-e6ab5b3706db,87de429d-8801-4396-b887-b0969d1fb5c4,82276b2c-7d71-4e88-b014-403f3cffb69f,2126.65,INR,success,2026-04-07 05:26:39.232288+00:00
2ff85c3d-f80a-4c62-901c-66087025ff61,a149436f-f795-4a8b-8068-e6ab5b3706db,87de429d-8801-4396-b887-b0969d1fb5c4,82276b2c-7d71-4e88-b014-403f3cffb69f,2400.68,INR,success,2026-04-17 19:15:09.576450+00:00
4d5a45a1-023e-460d-9a87-c38f391716e1,9ce771f9-4ecd-44df-9e49-3d9bb5c313f3,d2fe0105-5088-4b19-b8a2-c7b10be9e362,346b6f04-d969-47f8-ad29-4f4ace1b323e,2541.15,INR,success,2026-04-05 03:13:03.602542+00:00
62ac0645-d876-4f74-8f48-2ac0fdaf90b8,9ce771f9-4ecd-44df-9e49-3d9bb5c313f3,d2fe0105-5088-4b19-b8a2-c7b10be9e362,346b6f04-d969-47f8-ad29-4f4ace1b323e,3246.1,INR,success,2026-05-08 06:28:13.997207+00:00
85cb56a8-b79f-4597-ae0f-d17405075d07,9ce771f9-4ecd-44df-9e49-3d9bb5c313f3,d2fe0105-5088-4b19-b8a2-c7b10be9e362,346b6f04-d969-47f8-ad29-4f4ace1b323e,3292.25,INR,success,2026-05-31 09:22:13.085387+00:00
b1b92e53-0374-433d-b08f-6ac5bed84b31,c1ce6a1f-43bf-4b37-afcd-6c083a16e7ec,195c0bc5-138a-4e93-9530-76b44304022e,f5a826fb-cfc0-4d58-b530-618fb4a6184e,1828.16,INR,success,2026-05-27 07:31:55.568280+00:00
673fd81f-e354-474b-ab08-0d3c9e96f13c,c1ce6a1f-43bf-4b37-afcd-6c083a16e7ec,195c0bc5-138a-4e93-9530-76b44304022e,f5a826fb-cfc0-4d58-b530-618fb4a6184e,477.53,INR,success,2026-05-28 07:50:58.449486+00:00
dc68fae4-6c98-4f26-afbb-ae2a8521de52,c1ce6a1f-43bf-4b37-afcd-6c083a16e7ec,195c0bc5-138a-4e93-9530-76b44304022e,f5a826fb-cfc0-4d58-b530-618fb4a6184e,10.0,INR,success,2026-05-29 14:36:35.410193+00:00
a433fb5f-bacb-447a-a4b2-9f1a081ff9ea,c1ce6a1f-43bf-4b37-afcd-6c083a16e7ec,195c0bc5-138a-4e93-9530-76b44304022e,f5a826fb-cfc0-4d58-b530-618fb4a6184e,2409.68,INR,success,2026-05-29 22:50:13.234805+00:00
d751f394-ade6-4d65-9f1a-f0ad2a5a2489,c1ce6a1f-43bf-4b37-afcd-6c083a16e7ec,195c0bc5-138a-4e93-9530-76b44304022e,f5a826fb-cfc0-4d58-b530-618fb4a6184e,1082.72,INR,success,2026-05-30 21:35:41.635598+00:00
594683bf-f498-4836-99f1-7a8ee15fe6b3,2e42f9f9-fa10-4ca9-9e32-0117d39cff6d,1de6453c-9252-4861-9a6c-7439f0b943db,c8485fbe-8749-43ad-8ca8-c74b351dbb1f,632.73,INR,success,2026-05-04 11:17:14.785794+00:00
f26fc4cc-02f5-4133-a6c8-32e98e75004c,2e42f9f9-fa10-4ca9-9e32-0117d39cff6d,1de6453c-9252-4861-9a6c-7439f0b943db,c8485fbe-8749-43ad-8ca8-c74b351dbb1f,508.59,INR,success,2026-05-17 22:59:15.499559+00:00
29735be7-745c-4f8c-b0c0-baf56a101f91,d03e6f32-01bf-4306-9a62-2ad67e89bc5f,5ab0bf48-5fd6-4b38-b252-20c8dacef444,4eb3a2b1-f193-410c-a0dc-e821bd7abd23,2423.16,INR,success,2026-05-22 18:06:44.777370+00:00
a12429ed-7698-4ce6-b3b9-5d28b4139a5d,d9cf965b-2a9d-45c2-93f8-0bd28a51d440,36af98e8-eeeb-4f9f-9c5d-33b69cc3943c,8eed9e12-2737-4d32-a30f-7bee18b44aa1,5410.57,INR,success,2026-03-27 06:12:49.241537+00:00
d0bae1d0-da16-4d57-8f36-cb4521dcfe85,d9cf965b-2a9d-45c2-93f8-0bd28a51d440,36af98e8-eeeb-4f9f-9c5d-33b69cc3943c,8eed9e12-2737-4d32-a30f-7bee18b44aa1,3977.13,INR,success,2026-03-28 11:16:37.860103+00:00
3860718e-6f69-4b11-b8c7-5c3f99002d4f,d9cf965b-2a9d-45c2-93f8-0bd28a51d440,36af98e8-eeeb-4f9f-9c5d-33b69cc3943c,8eed9e12-2737-4d32-a30f-7bee18b44aa1,2121.39,INR,success,2026-05-02 13:22:02.454712+00:00
2b7d578b-ee69-45bf-bb8d-22371d19c10a,d9cf965b-2a9d-45c2-93f8-0bd28a51d440,36af98e8-eeeb-4f9f-9c5d-33b69cc3943c,8eed9e12-2737-4d32-a30f-7bee18b44aa1,1010.48,INR,success,2026-05-03 22:30:04.128357+00:00
8bec6641-2e5a-42b4-a5c8-aae899b7b294,d9cf965b-2a9d-45c2-93f8-0bd28a51d440,36af98e8-eeeb-4f9f-9c5d-33b69cc3943c,8eed9e12-2737-4d32-a30f-7bee18b44aa1,5590.97,INR,success,2026-05-05 16:07:26.760912+00:00
d2ba8cc4-2b77-431e-b449-9c070daec177,943813cc-add1-4e8b-9940-6d6ee17336df,48de532b-2944-431c-bc7f-2fb0a05415b7,7090593f-e7ca-47bf-8d1e-5a7c0da4f118,521.17,INR,success,2026-04-27 04:52:57.419551+00:00
017dda50-53b5-4cec-a372-179c6d441317,943813cc-add1-4e8b-9940-6d6ee17336df,48de532b-2944-431c-bc7f-2fb0a05415b7,7090593f-e7ca-47bf-8d1e-5a7c0da4f118,579.9,INR,success,2026-05-18 06:36:40.135893+00:00
9c1ee7f3-cebb-4aa1-90a9-66880463e065,943813cc-add1-4e8b-9940-6d6ee17336df,48de532b-2944-431c-bc7f-2fb0a05415b7,7090593f-e7ca-47bf-8d1e-5a7c0da4f118,837.59,INR,success,2026-05-31 10:30:09.527470+00:00
59f5a6e9-4f4f-4fe4-8ed4-b64558f021ab,7ddc3e0e-8389-4d6e-a75b-55faeda3627c,c03771f3-9769-4b32-b403-de394d87d806,e80ec003-643a-406f-a68f-85c7108c99c2,1241.55,INR,success,2026-04-20 15:48:14.800899+00:00
e342cbbf-6977-4612-a3f5-a85ed9e5f42f,7ddc3e0e-8389-4d6e-a75b-55faeda3627c,c03771f3-9769-4b32-b403-de394d87d806,e80ec003-643a-406f-a68f-85c7108c99c2,1012.12,INR,success,2026-05-02 04:04:35.112879+00:00
e9198b30-190d-4ca8-9e69-a96aa240584a,7ddc3e0e-8389-4d6e-a75b-55faeda3627c,c03771f3-9769-4b32-b403-de394d87d806,e80ec003-643a-406f-a68f-85c7108c99c2,254.66,INR,success,2026-05-03 02:52:41.043197+00:00
a20ed9fd-99c8-4206-8b27-d36952cb4d25,7ddc3e0e-8389-4d6e-a75b-55faeda3627c,c03771f3-9769-4b32-b403-de394d87d806,e80ec003-643a-406f-a68f-85c7108c99c2,424.06,INR,success,2026-05-24 08:13:18.353745+00:00
1fc21866-05d4-4ed0-bde5-56c2449019bb,b62693fc-949a-4794-b7a5-c05f42527462,33c6e9e1-52d4-4c12-b819-a65cb5eae768,7023f4ce-9c6f-402e-ad33-ef53a5871b4d,2464.31,INR,success,2026-04-02 18:04:36.059385+00:00
803fa956-43ad-4a2e-9288-2bacd5a9997f,b62693fc-949a-4794-b7a5-c05f42527462,33c6e9e1-52d4-4c12-b819-a65cb5eae768,7023f4ce-9c6f-402e-ad33-ef53a5871b4d,1809.54,INR,success,2026-05-05 10:39:10.508713+00:00
f8522e94-bb6a-4b22-857a-46c9cb7f4ce8,b62693fc-949a-4794-b7a5-c05f42527462,33c6e9e1-52d4-4c12-b819-a65cb5eae768,7023f4ce-9c6f-402e-ad33-ef53a5871b4d,3679.06,INR,success,2026-05-19 00:47:39.996205+00:00
5419ada2-3086-4f66-81aa-1f073bebcbbb,b62693fc-949a-4794-b7a5-c05f42527462,33c6e9e1-52d4-4c12-b819-a65cb5eae768,7023f4ce-9c6f-402e-ad33-ef53a5871b4d,4131.91,INR,success,2026-05-28 11:59:48.202288+00:00
f1ceed4f-ca57-4dd5-86f7-32aa4e8f8d1c,04a35c28-dfd8-4e1e-9638-ca9974409a7a,fd4aa363-e88b-4ec7-b26f-c0060fac1645,5bc25dc4-bf26-4c8b-9b1c-d115f048b9f1,4840.68,INR,success,2026-04-04 08:33:35.536493+00:00
f0f2fc37-0a17-48a6-9851-08c1fb95492f,04a35c28-dfd8-4e1e-9638-ca9974409a7a,fd4aa363-e88b-4ec7-b26f-c0060fac1645,5bc25dc4-bf26-4c8b-9b1c-d115f048b9f1,5168.62,INR,success,2026-04-10 19:41:24.701706+00:00
7b804394-e977-4747-9265-fe17974a10f6,04a35c28-dfd8-4e1e-9638-ca9974409a7a,fd4aa363-e88b-4ec7-b26f-c0060fac1645,5bc25dc4-bf26-4c8b-9b1c-d115f048b9f1,4164.86,INR,success,2026-04-11 03:56:20.305874+00:00
993f686a-3324-46fb-bad0-40622487f5fc,04a35c28-dfd8-4e1e-9638-ca9974409a7a,fd4aa363-e88b-4ec7-b26f-c0060fac1645,5bc25dc4-bf26-4c8b-9b1c-d115f048b9f1,4772.68,INR,success,2026-05-17 07:10:38.082293+00:00
17c975a7-8d1f-4713-9de3-a6dbd95d98cf,04a35c28-dfd8-4e1e-9638-ca9974409a7a,fd4aa363-e88b-4ec7-b26f-c0060fac1645,5bc25dc4-bf26-4c8b-9b1c-d115f048b9f1,3364.64,INR,success,2026-05-25 17:49:32.681797+00:00
51bbd083-2cf8-44de-a0f2-e46076807d0c,5e292051-554e-46c7-8a68-35e7f2f7ba40,3e04cc98-1a8b-47bc-99e5-99ae92e230c0,f077b568-f532-4612-af7d-a79a46dbf1c3,213.5,INR,success,2026-05-11 12:47:12.820132+00:00
f38a3aa7-3208-4e38-8f52-d58f266a68c7,1b14eb1e-a077-430d-8683-5b52b722fa73,d4dbb039-3e8f-42b1-91ff-7b3438936835,569a833a-adca-41d0-a020-926d12316440,1844.06,INR,success,2026-05-14 02:21:53.020636+00:00
b6f002eb-ce8e-43e1-9045-8b474e109df1,1b14eb1e-a077-430d-8683-5b52b722fa73,d4dbb039-3e8f-42b1-91ff-7b3438936835,569a833a-adca-41d0-a020-926d12316440,2622.63,INR,success,2026-05-29 03:43:37.699337+00:00
3657d2a3-1ab2-4183-b1a2-de0900957e6b,8a4aff78-75f8-48bc-868e-7cff6382c7d1,5fdb9e9c-4681-45d2-91c5-d3ef19935b7c,966c59d1-997f-4724-9cb6-0e96012a79e2,3073.75,INR,success,2026-04-26 08:09:54.474463+00:00
78bb2443-e7d8-4916-959f-4f5729aa0d51,8a4aff78-75f8-48bc-868e-7cff6382c7d1,5fdb9e9c-4681-45d2-91c5-d3ef19935b7c,966c59d1-997f-4724-9cb6-0e96012a79e2,3417.33,INR,success,2026-04-26 11:19:48.138410+00:00
040f347a-ad5c-4f4f-815d-8b5b8a0c7ac5,8a4aff78-75f8-48bc-868e-7cff6382c7d1,5fdb9e9c-4681-45d2-91c5-d3ef19935b7c,966c59d1-997f-4724-9cb6-0e96012a79e2,3966.28,INR,success,2026-04-26 20:46:31.524803+00:00
adda9b55-616d-4325-a178-ee2bf053d6a7,8a4aff78-75f8-48bc-868e-7cff6382c7d1,5fdb9e9c-4681-45d2-91c5-d3ef19935b7c,966c59d1-997f-4724-9cb6-0e96012a79e2,2928.59,INR,success,2026-04-27 21:45:22.108210+00:00
a187ad8f-836e-458b-a8b4-ca9421d5ac70,a810ebb3-c919-41ea-8fe4-373d14c54284,d09c7fb3-1e8e-47df-b481-11ac14cf33f7,d3652d35-8dde-46e8-8c7e-6749c3b15f82,1091.9,INR,success,2026-05-10 02:06:12.309732+00:00
90fd4c74-d495-4243-a973-f99fa1ba400c,a810ebb3-c919-41ea-8fe4-373d14c54284,d09c7fb3-1e8e-47df-b481-11ac14cf33f7,d3652d35-8dde-46e8-8c7e-6749c3b15f82,1552.84,INR,success,2026-05-21 11:41:35.156910+00:00
9de4b6e4-773d-4043-ac7e-08d52909c5bc,a810ebb3-c919-41ea-8fe4-373d14c54284,d09c7fb3-1e8e-47df-b481-11ac14cf33f7,d3652d35-8dde-46e8-8c7e-6749c3b15f82,10.0,INR,success,2026-05-22 23:39:47.333763+00:00
f6bfc4ef-9a17-4eb8-9cef-89c16a06e6de,a810ebb3-c919-41ea-8fe4-373d14c54284,d09c7fb3-1e8e-47df-b481-11ac14cf33f7,d3652d35-8dde-46e8-8c7e-6749c3b15f82,1947.28,INR,success,2026-05-23 10:45:11.979209+00:00
a4b281a3-ec3e-4a55-bd73-5c9abefb6f4c,a810ebb3-c919-41ea-8fe4-373d14c54284,d09c7fb3-1e8e-47df-b481-11ac14cf33f7,d3652d35-8dde-46e8-8c7e-6749c3b15f82,1458.41,INR,success,2026-05-31 22:37:25.282901+00:00
432b18f6-8334-4038-9cf6-04a14e0c5d13,08ec6de3-516e-4136-9b5e-9a22955930bb,b3b5fa86-9e66-425c-a1aa-07c08dc73182,58f7c66f-61bc-4c53-a4e8-59d7347a15ba,2298.09,INR,success,2026-04-04 02:02:16.720442+00:00
5d1837bd-1dd7-4209-a6b8-73f275bf956b,08ec6de3-516e-4136-9b5e-9a22955930bb,b3b5fa86-9e66-425c-a1aa-07c08dc73182,58f7c66f-61bc-4c53-a4e8-59d7347a15ba,1978.65,INR,success,2026-04-10 16:56:53.894204+00:00
675f7887-775d-4dd1-919d-afdb26f7ae7e,08ec6de3-516e-4136-9b5e-9a22955930bb,b3b5fa86-9e66-425c-a1aa-07c08dc73182,58f7c66f-61bc-4c53-a4e8-59d7347a15ba,5520.02,INR,success,2026-04-23 17:55:36.457562+00:00
307b4c9a-e8a5-4ff6-98fe-f0c2ba1d9194,08ec6de3-516e-4136-9b5e-9a22955930bb,b3b5fa86-9e66-425c-a1aa-07c08dc73182,58f7c66f-61bc-4c53-a4e8-59d7347a15ba,3619.54,INR,success,2026-05-12 17:00:52.630246+00:00
71d38301-bbba-4d11-a36c-3435fef003c4,08ec6de3-516e-4136-9b5e-9a22955930bb,b3b5fa86-9e66-425c-a1aa-07c08dc73182,58f7c66f-61bc-4c53-a4e8-59d7347a15ba,2649.26,INR,success,2026-05-17 01:42:26.439825+00:00
5bd0e6e0-8ade-488b-8930-e460386a31ca,ba2955ae-40a7-459b-91ae-43fec5efb441,3265228d-dbc7-48d4-800c-da160bc800c2,be695059-56b8-43f6-adab-e21d6011c7f3,32.34,INR,success,2026-04-14 09:05:35.934036+00:00
747dccb3-784a-475e-a25b-63dfdf94a362,ba2955ae-40a7-459b-91ae-43fec5efb441,3265228d-dbc7-48d4-800c-da160bc800c2,be695059-56b8-43f6-adab-e21d6011c7f3,205.46,INR,success,2026-04-20 19:18:19.735499+00:00
5610ebf2-87a2-4dec-a071-5c21a10aa1e0,ba2955ae-40a7-459b-91ae-43fec5efb441,3265228d-dbc7-48d4-800c-da160bc800c2,be695059-56b8-43f6-adab-e21d6011c7f3,249.83,INR,success,2026-05-12 12:49:16.342419+00:00
70cd6be5-40a6-4fc3-83fa-4efbcfd5db49,ba2955ae-40a7-459b-91ae-43fec5efb441,3265228d-dbc7-48d4-800c-da160bc800c2,be695059-56b8-43f6-adab-e21d6011c7f3,288.6,INR,success,2026-05-23 02:41:01.324642+00:00
f6830c96-bb53-4c77-ab09-f7085a2fe94c,ba2955ae-40a7-459b-91ae-43fec5efb441,3265228d-dbc7-48d4-800c-da160bc800c2,be695059-56b8-43f6-adab-e21d6011c7f3,392.11,INR,success,2026-05-29 04:49:34.420075+00:00
b450f43d-89a4-4a2d-b8d6-877fe8f61bfc,07531d66-a96b-4837-8a53-61459cd0f97a,67d655be-d707-40b8-80af-84e65af5560c,51b3dc03-d7cb-49d2-aa8d-da7853eebe51,1042.03,INR,success,2026-04-28 22:45:15.677074+00:00
047fb5d0-459c-42fe-99b2-10b2497f67c0,07531d66-a96b-4837-8a53-61459cd0f97a,67d655be-d707-40b8-80af-84e65af5560c,51b3dc03-d7cb-49d2-aa8d-da7853eebe51,5154.83,INR,success,2026-05-04 09:16:39.281545+00:00
869c593b-f11a-476e-a87f-09bdd405ddf8,07531d66-a96b-4837-8a53-61459cd0f97a,67d655be-d707-40b8-80af-84e65af5560c,51b3dc03-d7cb-49d2-aa8d-da7853eebe51,2146.74,INR,success,2026-05-31 21:19:05.784193+00:00
2f5c7b59-1e70-4476-b0cf-4d3edce71fb9,16589085-3e63-42ba-ae0b-9d93d1e195b0,78d01b11-360c-4799-bcfd-cbc8c99c0a42,19f8e743-c00a-4f1d-994a-9084d303b0c5,783.25,INR,success,2026-05-27 11:24:45.779400+00:00
2be9caf8-ddce-4775-8e30-1bbf01e9b52e,04b7c1c1-be59-4d22-8a1d-9db31c3f455d,ee0d05d5-b632-40c5-8c17-1c19994b4d2f,3ea1a59f-1b52-423e-b30f-d32321719760,2674.09,INR,success,2026-04-14 10:16:22.164254+00:00
ce50a97f-a2d7-450a-8234-312ebf007fd6,04b7c1c1-be59-4d22-8a1d-9db31c3f455d,ee0d05d5-b632-40c5-8c17-1c19994b4d2f,3ea1a59f-1b52-423e-b30f-d32321719760,2390.25,INR,success,2026-04-15 13:27:01.200928+00:00
255a3fdf-61be-4410-85f7-f41776e3c2fd,04b7c1c1-be59-4d22-8a1d-9db31c3f455d,ee0d05d5-b632-40c5-8c17-1c19994b4d2f,3ea1a59f-1b52-423e-b30f-d32321719760,2393.87,INR,success,2026-04-28 18:47:53.893381+00:00
e0faaa67-df8a-4b2e-86f9-fc00eba6c023,04b7c1c1-be59-4d22-8a1d-9db31c3f455d,ee0d05d5-b632-40c5-8c17-1c19994b4d2f,3ea1a59f-1b52-423e-b30f-d32321719760,4267.36,INR,success,2026-05-01 09:12:34.230800+00:00
5dee3a99-8044-4199-a3e2-12d8948ea846,04b7c1c1-be59-4d22-8a1d-9db31c3f455d,ee0d05d5-b632-40c5-8c17-1c19994b4d2f,3ea1a59f-1b52-423e-b30f-d32321719760,2341.2,INR,success,2026-05-14 17:39:18.399729+00:00
52520f90-1280-4bbb-a684-849c5207279f,ab82d242-f00b-4e48-a01b-1b1754ef4c8f,53c4ae18-b9f5-41bf-8ad5-617b266e8f5e,5a2339ac-e036-40df-b0fa-9ffba516960e,416.76,INR,success,2026-05-03 18:16:05.845834+00:00
a38334fd-1762-419c-b57c-8da94af29557,bda20707-a1d9-48fc-b99a-b4834950697e,69bbe6cd-343b-421c-84b9-0339e452e0e5,f3f72dd3-d2bd-42cf-9da4-26c80090a33c,1440.42,INR,success,2026-03-27 14:43:21.412259+00:00
1b2248ea-bab6-419b-bd22-835c797e1b7b,3e327909-21ae-431a-8f6c-8667f0c126d4,405dbb91-ff4a-42d0-975f-9a25b7b563b0,fd0fecaa-cb76-4719-bee8-5f68027faacf,3119.93,INR,success,2026-04-29 09:45:10.059152+00:00
e9c1b260-39ba-455e-9647-21f330115123,3e327909-21ae-431a-8f6c-8667f0c126d4,405dbb91-ff4a-42d0-975f-9a25b7b563b0,fd0fecaa-cb76-4719-bee8-5f68027faacf,2365.89,INR,success,2026-05-21 02:43:57.513737+00:00
4736f474-4a9a-4217-9e27-a423be2884d8,833bd101-3da9-4b18-ab7a-e0dd91261111,3a28716f-7bae-41ff-9125-d9d4ea1013cc,5a8ea4ca-0e72-4014-8472-e83eda1ca6be,2548.2,INR,success,2026-03-28 00:38:47.157773+00:00
a89ece84-c59f-42b4-8c15-68e6d1b0011b,833bd101-3da9-4b18-ab7a-e0dd91261111,3a28716f-7bae-41ff-9125-d9d4ea1013cc,5a8ea4ca-0e72-4014-8472-e83eda1ca6be,3570.81,INR,success,2026-03-28 13:21:13.847241+00:00
8cca6860-5b54-498d-b358-20c69ff5de80,833bd101-3da9-4b18-ab7a-e0dd91261111,3a28716f-7bae-41ff-9125-d9d4ea1013cc,5a8ea4ca-0e72-4014-8472-e83eda1ca6be,2755.66,INR,success,2026-03-28 17:18:44.361796+00:00
d3a047f8-c9ce-48c8-b59c-bb816fd2582c,833bd101-3da9-4b18-ab7a-e0dd91261111,3a28716f-7bae-41ff-9125-d9d4ea1013cc,5a8ea4ca-0e72-4014-8472-e83eda1ca6be,4054.46,INR,success,2026-03-28 20:21:29.785799+00:00
a73a8e7c-67f6-4d46-86e9-408b2a3ad66d,7eadd115-7957-4dc8-a1be-00858510d47e,1a9ce547-ca05-47da-bdcc-ef4d0b361685,e49f2904-4a2f-4dc9-ab71-7a108b8ea36b,162.58,INR,success,2026-03-14 09:24:06.899542+00:00
ff3e424c-bc6c-4fae-a42b-6ece5c6b5867,7eadd115-7957-4dc8-a1be-00858510d47e,1a9ce547-ca05-47da-bdcc-ef4d0b361685,e49f2904-4a2f-4dc9-ab71-7a108b8ea36b,1066.9,INR,success,2026-03-28 11:18:30.268011+00:00
9580016d-2e27-4cdb-a500-0ed027667e5a,7eadd115-7957-4dc8-a1be-00858510d47e,1a9ce547-ca05-47da-bdcc-ef4d0b361685,e49f2904-4a2f-4dc9-ab71-7a108b8ea36b,437.59,INR,success,2026-03-30 09:31:37.445214+00:00
9d089e83-bff3-4c99-a514-276c5d7d71a6,60f4abe7-da9d-4bd9-8ade-ac44b3206833,2d9698bd-7a47-4298-a820-d3c2a8da647f,5b017737-6951-4392-b94c-04c5d4fc835b,1433.7,INR,success,2026-05-27 05:17:57.858141+00:00
2ab4288b-4fac-4738-94c1-b8c262a40468,60f4abe7-da9d-4bd9-8ade-ac44b3206833,2d9698bd-7a47-4298-a820-d3c2a8da647f,5b017737-6951-4392-b94c-04c5d4fc835b,1626.79,INR,success,2026-05-28 03:42:57.293270+00:00
9fac8ee3-647a-4b18-8907-f6bbdfa44d6e,a96c34df-5a1f-40ff-8b8e-bb6aac474fa9,7215572c-0b8a-4ccf-a687-a47278138cd7,790b288d-e5b5-4997-a0da-4d52e89915db,1883.58,INR,success,2026-04-28 00:07:35.987103+00:00
d1abc9fe-ecec-4bce-8b73-d85353de91a7,a96c34df-5a1f-40ff-8b8e-bb6aac474fa9,7215572c-0b8a-4ccf-a687-a47278138cd7,790b288d-e5b5-4997-a0da-4d52e89915db,312.85,INR,success,2026-04-29 00:54:28.065298+00:00
8e6af6c8-935f-4072-96a0-9efe7e230af0,a96c34df-5a1f-40ff-8b8e-bb6aac474fa9,7215572c-0b8a-4ccf-a687-a47278138cd7,790b288d-e5b5-4997-a0da-4d52e89915db,1849.76,INR,success,2026-04-30 18:56:07.943154+00:00
51b885ed-acd9-4b71-80e0-bbfca7f490f7,a96c34df-5a1f-40ff-8b8e-bb6aac474fa9,7215572c-0b8a-4ccf-a687-a47278138cd7,790b288d-e5b5-4997-a0da-4d52e89915db,2529.69,INR,success,2026-05-15 10:14:34.300454+00:00
e179b077-6282-4e48-961e-260d069fc4de,a96c34df-5a1f-40ff-8b8e-bb6aac474fa9,7215572c-0b8a-4ccf-a687-a47278138cd7,790b288d-e5b5-4997-a0da-4d52e89915db,2097.49,INR,success,2026-05-19 18:19:54.588154+00:00
bfee4cf7-9f94-45e5-ad8b-cb6ae2d399a2,9df743ab-a52a-4433-9dbf-8a2853f3fc22,cb2144fb-afd6-46a7-ba2c-a8e371fb5c46,48e7bacf-e966-4515-b221-cf65d02587e4,520.08,INR,success,2026-04-02 19:38:25.726584+00:00
3019a973-8cc2-4b0d-964f-7369cb577fb2,9df743ab-a52a-4433-9dbf-8a2853f3fc22,cb2144fb-afd6-46a7-ba2c-a8e371fb5c46,48e7bacf-e966-4515-b221-cf65d02587e4,395.68,INR,success,2026-04-25 19:36:19.336466+00:00
2dac7284-900d-48b1-a6fc-aeadd279a7bb,8641d896-c49d-47c1-9f96-c8ea387dc2bc,7473cac6-f936-46cf-a122-1b5131face4b,82b187ab-b91f-46d6-a5bd-26c0a813592b,1744.11,INR,success,2026-03-22 13:49:15.215579+00:00
4c148e53-de00-49a1-aeda-5fb6679f40dc,8641d896-c49d-47c1-9f96-c8ea387dc2bc,7473cac6-f936-46cf-a122-1b5131face4b,82b187ab-b91f-46d6-a5bd-26c0a813592b,1415.98,INR,success,2026-05-24 15:21:08.209314+00:00
5fd5d21a-d28e-4ef8-a565-63883ebbc2e5,d93e991f-2715-4e70-b3c5-004c5ffc6d88,cb96abb9-b006-4486-a635-e403704d5e71,d5f0d765-a54b-4f90-9609-84831385fe2e,4694.68,INR,success,2026-05-20 05:12:21.201076+00:00
f34089c2-b534-4eac-926b-9323f7edd3f0,d93e991f-2715-4e70-b3c5-004c5ffc6d88,cb96abb9-b006-4486-a635-e403704d5e71,d5f0d765-a54b-4f90-9609-84831385fe2e,4064.16,INR,success,2026-05-23 23:28:09.847229+00:00
15f53c09-aad2-46ac-ab1a-b3216f15f498,d93e991f-2715-4e70-b3c5-004c5ffc6d88,cb96abb9-b006-4486-a635-e403704d5e71,d5f0d765-a54b-4f90-9609-84831385fe2e,4148.47,INR,success,2026-05-24 03:05:49.074033+00:00
41f83752-6b3b-48b4-bb14-2c7c9d2f6008,8a092b90-a4c8-438a-9210-28ba8cdb73bd,ebbdfaae-c538-4503-938e-bb6b8c1cb134,ab49e0ed-3435-4a4d-aaa6-68df188bdb97,1698.53,INR,success,2026-05-12 03:01:14.255413+00:00
e010dc6b-b45e-4b11-bec2-c5fec936da47,8a092b90-a4c8-438a-9210-28ba8cdb73bd,ebbdfaae-c538-4503-938e-bb6b8c1cb134,ab49e0ed-3435-4a4d-aaa6-68df188bdb97,1059.41,INR,success,2026-05-16 13:27:09.836159+00:00
3cf7442a-6cfc-469e-b8cb-560ba8916e46,8a092b90-a4c8-438a-9210-28ba8cdb73bd,ebbdfaae-c538-4503-938e-bb6b8c1cb134,ab49e0ed-3435-4a4d-aaa6-68df188bdb97,1456.78,INR,success,2026-05-21 23:21:50.942835+00:00
fbd21f79-3282-43f1-910b-461237c2483f,8a092b90-a4c8-438a-9210-28ba8cdb73bd,ebbdfaae-c538-4503-938e-bb6b8c1cb134,ab49e0ed-3435-4a4d-aaa6-68df188bdb97,2104.37,INR,success,2026-05-25 19:14:40.398805+00:00
0948ddcc-8952-479f-b087-782fd994745a,45fcd268-5925-4c05-8d2f-c85892fc91ae,a75e6100-37fd-4f11-8ece-2b894c2a2955,8a1e94cb-41a5-4c3f-80cb-4f312f1baa93,970.03,INR,success,2026-05-13 00:25:39.668075+00:00
ee93a510-9ed5-4492-8509-42d44011d111,45fcd268-5925-4c05-8d2f-c85892fc91ae,a75e6100-37fd-4f11-8ece-2b894c2a2955,8a1e94cb-41a5-4c3f-80cb-4f312f1baa93,1725.46,INR,success,2026-05-19 04:35:37.907072+00:00
1cbaf134-92fd-43f8-a4fd-deca4bddb97b,45fcd268-5925-4c05-8d2f-c85892fc91ae,a75e6100-37fd-4f11-8ece-2b894c2a2955,8a1e94cb-41a5-4c3f-80cb-4f312f1baa93,471.9,INR,success,2026-05-28 17:48:20.872330+00:00
f7fac9d4-f9e8-44c7-b261-01b12075906e,8770f927-fd86-4506-8a73-981c0460aca2,f4310b66-e066-43b6-bf9d-49dd17ddebb4,9a95a575-d938-412a-8c03-06aebe4d1314,371.4,INR,success,2026-03-30 05:43:39.073808+00:00
6dace408-f369-4480-a884-ef4168afdce8,8770f927-fd86-4506-8a73-981c0460aca2,f4310b66-e066-43b6-bf9d-49dd17ddebb4,9a95a575-d938-412a-8c03-06aebe4d1314,934.89,INR,success,2026-05-24 00:32:33.540136+00:00
48bf17bf-b32c-424b-805b-5d676768e40d,8770f927-fd86-4506-8a73-981c0460aca2,f4310b66-e066-43b6-bf9d-49dd17ddebb4,9a95a575-d938-412a-8c03-06aebe4d1314,1825.85,INR,success,2026-05-27 14:37:40.958188+00:00
1b1cab18-6377-49ae-809b-deb7a26cbf6d,39cd205e-b8bf-4744-9b56-2541353090e5,7f6a566c-50a7-40d1-ab58-007f2f501c3d,0f6483a0-fd60-4f5f-9297-136c654e2caa,3908.34,INR,success,2026-05-27 07:45:55.957598+00:00
fb97ccac-b99c-477d-ac1c-5360e07c8010,39cd205e-b8bf-4744-9b56-2541353090e5,7f6a566c-50a7-40d1-ab58-007f2f501c3d,0f6483a0-fd60-4f5f-9297-136c654e2caa,3846.04,INR,success,2026-05-28 12:37:08.588649+00:00
988f4ada-efe3-47ef-8220-66ed18d34c1e,39cd205e-b8bf-4744-9b56-2541353090e5,7f6a566c-50a7-40d1-ab58-007f2f501c3d,0f6483a0-fd60-4f5f-9297-136c654e2caa,1784.13,INR,success,2026-05-28 13:16:15.905564+00:00
379a53fb-c287-4f2c-887a-d50496b10eae,39cd205e-b8bf-4744-9b56-2541353090e5,7f6a566c-50a7-40d1-ab58-007f2f501c3d,0f6483a0-fd60-4f5f-9297-136c654e2caa,4227.58,INR,success,2026-05-28 17:50:30.155412+00:00
669e1ec1-c4e2-4783-9748-870a9cd20c42,39cd205e-b8bf-4744-9b56-2541353090e5,7f6a566c-50a7-40d1-ab58-007f2f501c3d,0f6483a0-fd60-4f5f-9297-136c654e2caa,1754.78,INR,success,2026-05-29 13:29:06.836090+00:00
6f808d05-105e-43b0-877c-4e81f765f11d,edbb38be-9546-493b-a276-32b7d7e7d92d,a949f92c-b0ab-4d6b-9f74-613b0c5fde2d,09869e1b-5487-4095-8429-f6ffc49c5969,1747.79,INR,success,2026-05-30 05:14:43.038946+00:00
13bcdf2a-8fcb-4cf1-9390-8fa79b97cc15,edbb38be-9546-493b-a276-32b7d7e7d92d,a949f92c-b0ab-4d6b-9f74-613b0c5fde2d,09869e1b-5487-4095-8429-f6ffc49c5969,2175.36,INR,success,2026-05-30 11:39:21.086279+00:00
fa8cf19d-a15d-4a14-b7c0-c62b516679cf,edbb38be-9546-493b-a276-32b7d7e7d92d,a949f92c-b0ab-4d6b-9f74-613b0c5fde2d,09869e1b-5487-4095-8429-f6ffc49c5969,2272.09,INR,success,2026-05-31 00:33:27.992423+00:00
74b2222c-76e6-484e-9e1c-9a0a4cf5be71,edbb38be-9546-493b-a276-32b7d7e7d92d,a949f92c-b0ab-4d6b-9f74-613b0c5fde2d,09869e1b-5487-4095-8429-f6ffc49c5969,561.47,INR,success,2026-05-31 13:12:47.911256+00:00
c18f802d-7ae2-4f61-bcb3-a36cc74873fc,3965c69b-7dc1-4bca-94d9-e78458b40c55,76da59c8-85f3-4860-8376-27858389aeba,a40b856e-92a2-43e6-b6c2-f675a759fe44,1672.79,INR,success,2026-05-19 14:20:57.829343+00:00
2ee92905-80fb-4f71-854d-de80c32e43aa,3965c69b-7dc1-4bca-94d9-e78458b40c55,76da59c8-85f3-4860-8376-27858389aeba,a40b856e-92a2-43e6-b6c2-f675a759fe44,879.5,INR,success,2026-05-20 21:39:03.800868+00:00
247c77c1-3667-40e6-9f4c-785e4e33b45e,3965c69b-7dc1-4bca-94d9-e78458b40c55,76da59c8-85f3-4860-8376-27858389aeba,a40b856e-92a2-43e6-b6c2-f675a759fe44,4972.45,INR,success,2026-05-25 02:20:03.181375+00:00
3294abfd-91c9-4fa4-b510-c49708014794,3965c69b-7dc1-4bca-94d9-e78458b40c55,76da59c8-85f3-4860-8376-27858389aeba,a40b856e-92a2-43e6-b6c2-f675a759fe44,2309.01,INR,success,2026-05-31 06:28:15.178785+00:00
2b2c9607-b157-4731-a13d-4fb0e44ddae7,3965c69b-7dc1-4bca-94d9-e78458b40c55,76da59c8-85f3-4860-8376-27858389aeba,a40b856e-92a2-43e6-b6c2-f675a759fe44,2189.33,INR,success,2026-05-31 11:17:26.180570+00:00
c4bf3ee8-da53-4cde-b507-7acd369f93c4,30ba6e31-3a43-463a-82e5-2fc82437a07e,7bf90341-b034-4eb9-9efc-fe023f631967,68ed81a6-9b53-4d6a-913c-cae1095c9503,418.07,INR,success,2026-05-08 06:18:53.496736+00:00
a309c4ca-a14d-4914-b07e-e602a3dbf816,30ba6e31-3a43-463a-82e5-2fc82437a07e,7bf90341-b034-4eb9-9efc-fe023f631967,68ed81a6-9b53-4d6a-913c-cae1095c9503,289.61,INR,success,2026-05-17 06:41:09.891384+00:00
6eae6b10-bc57-45d5-861c-f72d68049387,f735e5da-4833-43c2-a1d0-3b71df1ea92f,d591f91c-4d51-4fe1-a641-e62f1142a1cc,051f2c0c-f17f-4289-a434-97769376f271,1900.0,INR,success,2026-05-18 16:12:12.480357+00:00
a3701534-dec5-4a84-a990-d678b2620cfd,f735e5da-4833-43c2-a1d0-3b71df1ea92f,d591f91c-4d51-4fe1-a641-e62f1142a1cc,051f2c0c-f17f-4289-a434-97769376f271,1156.54,INR,success,2026-05-19 13:35:20.663951+00:00
74d514bc-b8f6-479f-a6c1-caf3ac54007f,f735e5da-4833-43c2-a1d0-3b71df1ea92f,d591f91c-4d51-4fe1-a641-e62f1142a1cc,051f2c0c-f17f-4289-a434-97769376f271,1541.29,INR,success,2026-05-30 01:25:15.744449+00:00
2a0543cd-ea16-4098-a1db-02b571506b08,7bfe655c-9a6c-494a-898d-291312c5787f,76d7bf57-5ffb-4345-95da-0ea8d3ab00c6,e24bbf8c-e49e-4691-9597-db49454e02f0,1018.49,INR,success,2026-05-12 12:07:40.449987+00:00
d9b37fd5-5cf8-440c-be14-3a56f620d7ac,7bfe655c-9a6c-494a-898d-291312c5787f,76d7bf57-5ffb-4345-95da-0ea8d3ab00c6,e24bbf8c-e49e-4691-9597-db49454e02f0,1530.55,INR,success,2026-05-21 07:40:28.908477+00:00
dbaa8e5b-63d3-4b9a-a325-e0baf67b30c7,7bfe655c-9a6c-494a-898d-291312c5787f,76d7bf57-5ffb-4345-95da-0ea8d3ab00c6,e24bbf8c-e49e-4691-9597-db49454e02f0,798.03,INR,success,2026-05-27 16:26:12.909424+00:00
a5aedf37-6fc2-4542-a6f4-2aece0ef530f,7bfe655c-9a6c-494a-898d-291312c5787f,76d7bf57-5ffb-4345-95da-0ea8d3ab00c6,e24bbf8c-e49e-4691-9597-db49454e02f0,1109.58,INR,success,2026-05-29 12:33:55.174533+00:00
a383f254-b405-4219-a255-c16a792994f4,912dbb15-10b5-4fef-b952-e1115a2184b6,93b9e13e-2c35-49c2-9e61-aba4f139fcf4,e1e2f7e3-9d7c-46c8-8906-ea5c314e486d,739.14,INR,success,2026-04-27 17:00:11.053931+00:00
110cf2f3-817b-4954-9420-80f37bb9a77a,912dbb15-10b5-4fef-b952-e1115a2184b6,93b9e13e-2c35-49c2-9e61-aba4f139fcf4,e1e2f7e3-9d7c-46c8-8906-ea5c314e486d,1627.47,INR,success,2026-04-29 04:25:37.363954+00:00
c8a22ddf-6bd4-4c49-8c29-898c1670a760,912dbb15-10b5-4fef-b952-e1115a2184b6,93b9e13e-2c35-49c2-9e61-aba4f139fcf4,e1e2f7e3-9d7c-46c8-8906-ea5c314e486d,1511.69,INR,success,2026-05-12 20:17:35.224159+00:00
ee764729-8149-4203-b7fc-aee11b33819b,912dbb15-10b5-4fef-b952-e1115a2184b6,93b9e13e-2c35-49c2-9e61-aba4f139fcf4,e1e2f7e3-9d7c-46c8-8906-ea5c314e486d,2189.67,INR,success,2026-05-17 08:11:02.410091+00:00
75855c42-b02e-4c83-930b-06c69f9d75f3,912dbb15-10b5-4fef-b952-e1115a2184b6,93b9e13e-2c35-49c2-9e61-aba4f139fcf4,e1e2f7e3-9d7c-46c8-8906-ea5c314e486d,2316.35,INR,success,2026-05-29 21:30:32.030158+00:00
2ba48a8e-0c4e-41b7-b408-52d64413e169,1f779e75-2bf2-4481-a827-8075c316b1c6,31dc1fd5-2ba4-418e-b579-f3c693b976dd,58eb0d12-4ef7-4a23-946d-4995f12f1600,903.67,INR,success,2026-03-22 19:15:51.888507+00:00
85098355-2e73-477d-92a6-1058b9e89004,1f779e75-2bf2-4481-a827-8075c316b1c6,31dc1fd5-2ba4-418e-b579-f3c693b976dd,58eb0d12-4ef7-4a23-946d-4995f12f1600,929.19,INR,success,2026-04-23 04:20:12.168155+00:00
da61f728-3e97-438a-9cce-016a95eeffdb,61f8eb17-1769-4e89-b829-6487f8735d05,a667fea1-66fe-4603-9b56-81b45eac5f9d,2412acdf-704c-4fc4-a331-384969fc01ba,896.2,INR,success,2026-05-06 19:56:02.554282+00:00
504bd31b-8b39-4009-a6a7-1434d0877b79,988fd09d-d8d8-4e9b-8e6c-9d406517559d,731034a6-d4de-4d92-87de-7b273745f069,1983d7aa-8318-475a-a079-d9320eb36f01,10.0,INR,success,2026-04-27 23:30:54.462625+00:00
822fe4be-18da-400b-a71c-823f5eace337,988fd09d-d8d8-4e9b-8e6c-9d406517559d,731034a6-d4de-4d92-87de-7b273745f069,1983d7aa-8318-475a-a079-d9320eb36f01,1712.05,INR,success,2026-04-28 10:06:31.564806+00:00
bd732b14-1b87-4d57-9a69-c615215eea67,988fd09d-d8d8-4e9b-8e6c-9d406517559d,731034a6-d4de-4d92-87de-7b273745f069,1983d7aa-8318-475a-a079-d9320eb36f01,3863.84,INR,success,2026-04-28 14:01:56.101726+00:00
0eac1ef7-b9dc-4be8-97ff-7a98cc2f970e,988fd09d-d8d8-4e9b-8e6c-9d406517559d,731034a6-d4de-4d92-87de-7b273745f069,1983d7aa-8318-475a-a079-d9320eb36f01,3445.2,INR,success,2026-04-28 20:20:01.529442+00:00
ca1a33c2-f496-4af8-9c47-7ab26d140b8a,988fd09d-d8d8-4e9b-8e6c-9d406517559d,731034a6-d4de-4d92-87de-7b273745f069,1983d7aa-8318-475a-a079-d9320eb36f01,3423.41,INR,success,2026-04-29 01:55:12.424414+00:00
5d2dc2de-b74d-4ea7-a7c4-53db9b9d124e,2302660e-ca2c-4624-bbdb-3a9daf07c5ad,a8f41018-a0b4-4b71-b4f7-5913bd4afa9b,6bdbce24-0864-4f8a-b4e6-7f26b48b1e3b,413.36,INR,success,2026-05-05 19:04:09.294364+00:00
f40e744b-fa19-4ea7-8917-3d1a7355a3b0,ad0acc66-904f-4a8d-b47a-7797f3e2cc81,f85b94d6-6d2c-4461-8fdc-77e42e2c24b1,4cf3a08c-2c74-49cd-93c1-a67dced1fa7b,263.86,INR,success,2026-04-27 10:30:29.011336+00:00
22607c6d-c517-4360-b9fb-d24aca58f7e9,ad0acc66-904f-4a8d-b47a-7797f3e2cc81,f85b94d6-6d2c-4461-8fdc-77e42e2c24b1,4cf3a08c-2c74-49cd-93c1-a67dced1fa7b,316.39,INR,success,2026-04-29 10:44:54.608658+00:00
65b10796-ce23-4cf8-9416-fea74dc54990,ad0acc66-904f-4a8d-b47a-7797f3e2cc81,f85b94d6-6d2c-4461-8fdc-77e42e2c24b1,4cf3a08c-2c74-49cd-93c1-a67dced1fa7b,108.62,INR,success,2026-05-05 15:30:37.951826+00:00
de83bd96-be8a-452e-b81f-cb82c2d07410,ad0acc66-904f-4a8d-b47a-7797f3e2cc81,f85b94d6-6d2c-4461-8fdc-77e42e2c24b1,4cf3a08c-2c74-49cd-93c1-a67dced1fa7b,92.26,INR,success,2026-05-13 05:19:07.222797+00:00
fa33df0a-43e5-442b-ab76-6bf3e04ddd5c,baaa66ca-8189-4172-ba38-c0133910c806,a8ec0b8e-4aef-4c3f-bb96-e3eb9afd4aaf,38d352bb-696f-47ad-a518-8933eb9e877b,590.9,INR,success,2026-05-16 13:43:42.261814+00:00
ccfdf27c-7ff2-4d8c-b73c-7d68726df704,baaa66ca-8189-4172-ba38-c0133910c806,a8ec0b8e-4aef-4c3f-bb96-e3eb9afd4aaf,38d352bb-696f-47ad-a518-8933eb9e877b,785.12,INR,success,2026-05-19 13:43:15.926217+00:00
f86fb9ab-069d-42c3-b9db-1f63f872db31,baaa66ca-8189-4172-ba38-c0133910c806,a8ec0b8e-4aef-4c3f-bb96-e3eb9afd4aaf,38d352bb-696f-47ad-a518-8933eb9e877b,300.05,INR,success,2026-05-24 22:39:29.815081+00:00
dc1d6901-b871-4aef-8ecb-1461f2156f89,baaa66ca-8189-4172-ba38-c0133910c806,a8ec0b8e-4aef-4c3f-bb96-e3eb9afd4aaf,38d352bb-696f-47ad-a518-8933eb9e877b,529.37,INR,success,2026-05-31 17:55:01.931148+00:00
9cd64184-e6ca-4b66-9b8b-00e9c47404f9,29c8f871-d166-445c-a875-7fe0959b2930,bb667df3-9340-40aa-9629-185f692e3e55,fa91fec0-c9a4-4920-8424-5097235342c8,3653.87,INR,success,2026-05-26 07:51:00.856513+00:00
5728b419-39cf-42f0-a4b4-e52c9e6711c7,29c8f871-d166-445c-a875-7fe0959b2930,bb667df3-9340-40aa-9629-185f692e3e55,fa91fec0-c9a4-4920-8424-5097235342c8,3040.18,INR,success,2026-05-26 22:11:04.336817+00:00
e2520c7e-55f0-4e1d-bc02-f6ce99f6477f,c0e385dd-2847-4675-89ac-ff0029346d28,83a604f0-fe4b-42e4-83a9-a0944db3673f,6fc4e4de-0e2c-4697-9256-d82852ec8f44,4457.62,INR,success,2026-05-08 06:56:33.022614+00:00
50c0e660-bb38-46f8-a4fa-21d535515d8c,c0e385dd-2847-4675-89ac-ff0029346d28,83a604f0-fe4b-42e4-83a9-a0944db3673f,6fc4e4de-0e2c-4697-9256-d82852ec8f44,3875.91,INR,success,2026-05-09 00:26:55.164645+00:00
e70e4fc8-b056-4af3-90f2-cb63435a98f3,c0e385dd-2847-4675-89ac-ff0029346d28,83a604f0-fe4b-42e4-83a9-a0944db3673f,6fc4e4de-0e2c-4697-9256-d82852ec8f44,3035.47,INR,success,2026-05-09 04:49:38.403973+00:00
62c2bbe9-2af6-4d49-a62d-567b33897851,180839ec-d8d3-496e-9f67-427495a90650,28f61942-6101-47f2-9203-5adc60f24450,540c04b0-fd78-430b-bcc3-cb9cbf673813,1472.37,INR,success,2026-05-24 01:02:34.420388+00:00
c77f155d-288e-4d9a-8935-e373ca33d8b4,180839ec-d8d3-496e-9f67-427495a90650,28f61942-6101-47f2-9203-5adc60f24450,540c04b0-fd78-430b-bcc3-cb9cbf673813,2778.22,INR,success,2026-05-26 00:09:55.733138+00:00
904a4644-be48-4111-81dd-4218c80a10c0,180839ec-d8d3-496e-9f67-427495a90650,28f61942-6101-47f2-9203-5adc60f24450,540c04b0-fd78-430b-bcc3-cb9cbf673813,1505.51,INR,success,2026-05-27 18:36:43.675675+00:00
9714aaa6-ce63-4dbf-ba96-a64c404d29ce,180839ec-d8d3-496e-9f67-427495a90650,28f61942-6101-47f2-9203-5adc60f24450,540c04b0-fd78-430b-bcc3-cb9cbf673813,3039.17,INR,success,2026-05-29 10:24:58.392251+00:00
24e215ab-db17-423b-ab9e-32b8d4d3d23c,180839ec-d8d3-496e-9f67-427495a90650,28f61942-6101-47f2-9203-5adc60f24450,540c04b0-fd78-430b-bcc3-cb9cbf673813,2227.77,INR,success,2026-05-30 04:36:03.358649+00:00
c756318e-0b0e-46f5-bb93-8c1dbf02199f,9b8599b9-9f01-4ab8-bc48-39b9ae7cd7a1,852fc67e-b747-4203-bd2f-b11b4938a1cd,5a954606-32bb-44c8-98db-eea504aa3010,2120.08,INR,success,2026-04-22 08:16:35.871178+00:00
856e14af-5263-4411-9bc0-09562d9566ef,9b8599b9-9f01-4ab8-bc48-39b9ae7cd7a1,852fc67e-b747-4203-bd2f-b11b4938a1cd,5a954606-32bb-44c8-98db-eea504aa3010,1723.98,INR,success,2026-04-22 19:02:55.311753+00:00
aeb44905-f6c1-414f-ac0a-814053c3a81b,9b8599b9-9f01-4ab8-bc48-39b9ae7cd7a1,852fc67e-b747-4203-bd2f-b11b4938a1cd,5a954606-32bb-44c8-98db-eea504aa3010,1038.0,INR,success,2026-04-23 05:59:05.180487+00:00
23474766-c7de-4530-9c17-0fdc0f0cb017,9b8599b9-9f01-4ab8-bc48-39b9ae7cd7a1,852fc67e-b747-4203-bd2f-b11b4938a1cd,5a954606-32bb-44c8-98db-eea504aa3010,964.98,INR,success,2026-04-23 15:51:03.317951+00:00
390a0a67-ca42-4078-a7f8-294141e4de38,9b8599b9-9f01-4ab8-bc48-39b9ae7cd7a1,852fc67e-b747-4203-bd2f-b11b4938a1cd,5a954606-32bb-44c8-98db-eea504aa3010,2188.67,INR,success,2026-04-23 23:45:36.988700+00:00
b62fbbc6-7b5d-450d-acde-1faf452d7ddb,5905d1a5-e1ee-42e2-b204-bdb54ea6cad6,ed040f37-10be-434c-a5f6-fb8a1d214cc4,70e43459-f00d-497e-9aad-f6eb61bb35c5,7138.65,INR,success,2026-03-27 00:07:05.321249+00:00
1883f9a8-debc-4321-b6c7-86d2ab5e0b50,5905d1a5-e1ee-42e2-b204-bdb54ea6cad6,ed040f37-10be-434c-a5f6-fb8a1d214cc4,70e43459-f00d-497e-9aad-f6eb61bb35c5,4796.87,INR,success,2026-04-01 10:54:15.609610+00:00
99dc1e2f-1036-4c9b-92f9-7e99f9945357,5905d1a5-e1ee-42e2-b204-bdb54ea6cad6,ed040f37-10be-434c-a5f6-fb8a1d214cc4,70e43459-f00d-497e-9aad-f6eb61bb35c5,3537.88,INR,success,2026-04-12 18:12:31.001754+00:00
99b5627b-4f19-4fc1-b440-abbc1524529d,5905d1a5-e1ee-42e2-b204-bdb54ea6cad6,ed040f37-10be-434c-a5f6-fb8a1d214cc4,70e43459-f00d-497e-9aad-f6eb61bb35c5,2421.22,INR,success,2026-04-29 11:57:22.069148+00:00
686d7581-351a-4023-b23e-fbae3d720c2e,5905d1a5-e1ee-42e2-b204-bdb54ea6cad6,ed040f37-10be-434c-a5f6-fb8a1d214cc4,70e43459-f00d-497e-9aad-f6eb61bb35c5,3183.11,INR,success,2026-05-19 05:06:39.236099+00:00
6a5fac2a-4b81-49b0-bedc-7f32579eb5c2,0d949dbf-7ca4-4e30-b37e-5e2fb624f155,eb062b38-c817-4346-bc79-41e50d36e1ac,bbc9fe69-d80f-42d7-92a6-b808418193fb,2873.71,INR,success,2026-05-24 05:07:33.236526+00:00
178e4b0c-1cc6-4ff3-a0ba-2900f2f713a1,0d949dbf-7ca4-4e30-b37e-5e2fb624f155,eb062b38-c817-4346-bc79-41e50d36e1ac,bbc9fe69-d80f-42d7-92a6-b808418193fb,1573.77,INR,success,2026-05-24 23:02:19.930792+00:00
cfaa7cbb-9722-41d8-b923-d55b564a0792,f49578fc-b57a-4472-a0e0-da9245d4b861,b94fb223-126d-483b-9c7a-399ec2a9611b,06b2e612-2400-4257-baab-094d941eed9a,1181.17,INR,success,2026-05-31 17:14:41.765937+00:00
f6519c2e-d4ea-4672-9d5c-bc1c06f6c39c,f49578fc-b57a-4472-a0e0-da9245d4b861,b94fb223-126d-483b-9c7a-399ec2a9611b,06b2e612-2400-4257-baab-094d941eed9a,3655.29,INR,success,2026-05-31 21:22:02.617697+00:00
07180b8c-dd3a-4880-8f71-1b9a9d8c393e,f49578fc-b57a-4472-a0e0-da9245d4b861,b94fb223-126d-483b-9c7a-399ec2a9611b,06b2e612-2400-4257-baab-094d941eed9a,1712.82,INR,success,2026-05-31 22:24:45.079871+00:00
3bb965f1-48ad-4599-ad6b-253797b4fae3,f017429d-5ff6-491f-bd14-b17e79351a64,5cce3ccf-5e7e-49e0-bab2-80756bd7bb52,35609522-8ffb-4278-9baa-e5975092343b,2275.33,INR,success,2026-05-24 08:22:42.063110+00:00
cfab2135-0fc8-4cea-8658-b8e0d8806b57,f017429d-5ff6-491f-bd14-b17e79351a64,5cce3ccf-5e7e-49e0-bab2-80756bd7bb52,35609522-8ffb-4278-9baa-e5975092343b,2247.39,INR,success,2026-05-24 10:36:04.408433+00:00
57b5c036-0cd4-4c90-8485-0b751acc97da,f017429d-5ff6-491f-bd14-b17e79351a64,5cce3ccf-5e7e-49e0-bab2-80756bd7bb52,35609522-8ffb-4278-9baa-e5975092343b,2281.39,INR,success,2026-05-24 19:29:53.313746+00:00
7f298b63-6350-4723-a06b-97fd9513886f,f017429d-5ff6-491f-bd14-b17e79351a64,5cce3ccf-5e7e-49e0-bab2-80756bd7bb52,35609522-8ffb-4278-9baa-e5975092343b,2107.31,INR,success,2026-05-25 07:31:18.740037+00:00
ba44f21d-4a26-40d4-ac00-26d923367d80,f017429d-5ff6-491f-bd14-b17e79351a64,5cce3ccf-5e7e-49e0-bab2-80756bd7bb52,35609522-8ffb-4278-9baa-e5975092343b,2283.61,INR,success,2026-05-25 10:51:02.653984+00:00
51c1b51c-f951-4e98-9be1-0bdf49ed6521,e587a944-08b8-480c-86c1-0d91fc75e319,93007a28-1a73-4ae2-b07b-ad86cba9e8e9,36cfc52d-d15d-4a3e-bb8e-daed7cfacd26,1972.6,INR,success,2026-05-27 16:25:36.895580+00:00
e9ef87a1-cc0b-4da3-874c-8f53be47342a,e587a944-08b8-480c-86c1-0d91fc75e319,93007a28-1a73-4ae2-b07b-ad86cba9e8e9,36cfc52d-d15d-4a3e-bb8e-daed7cfacd26,308.53,INR,success,2026-05-29 10:56:36.504037+00:00
86c4ec83-6fa9-46b8-b194-8ca64e0435c3,e587a944-08b8-480c-86c1-0d91fc75e319,93007a28-1a73-4ae2-b07b-ad86cba9e8e9,36cfc52d-d15d-4a3e-bb8e-daed7cfacd26,1900.02,INR,success,2026-05-30 14:32:47.294200+00:00
f1676ab9-29fb-41c5-97ab-1ecedaf2fc2a,e587a944-08b8-480c-86c1-0d91fc75e319,93007a28-1a73-4ae2-b07b-ad86cba9e8e9,36cfc52d-d15d-4a3e-bb8e-daed7cfacd26,2745.59,INR,success,2026-05-31 00:47:00.182038+00:00
b25c3826-31ec-47e7-ade7-6b189784488b,000713cf-1997-44d3-9e37-24d391684d1b,8acedde3-0bb0-401e-ad66-d303a6f6daba,614d0d3d-c560-4ccd-8051-9e78b79ab079,606.84,INR,success,2026-05-22 15:13:24.591906+00:00
96d6cdcb-11b8-496d-b25d-101f06f3c39a,000713cf-1997-44d3-9e37-24d391684d1b,8acedde3-0bb0-401e-ad66-d303a6f6daba,614d0d3d-c560-4ccd-8051-9e78b79ab079,839.39,INR,success,2026-05-30 04:36:44.330292+00:00
3ae1208b-273e-406e-90cf-253bbf513eb1,000713cf-1997-44d3-9e37-24d391684d1b,8acedde3-0bb0-401e-ad66-d303a6f6daba,614d0d3d-c560-4ccd-8051-9e78b79ab079,1053.96,INR,success,2026-05-30 12:54:16.175043+00:00
df5f2350-48c3-48e8-a87f-e4f9264c2317,cf01ba82-1706-44a5-b80c-017f1bf6a55a,0a589fc0-101a-4b8c-b11b-8fbb9c50373f,ceb5641a-af19-4e1c-bed9-6afcb76bd2b3,1939.28,INR,success,2026-05-09 17:32:34.634727+00:00
4c0917d4-9fd2-4886-9896-54456392c9a7,4147642b-2869-427f-8238-38c7f6e59721,fbbf41fc-b2e3-4855-88a8-43bbb53c6b4d,9454ff99-96e9-48e4-ba37-ce667cc3b64b,2203.34,INR,success,2026-04-06 18:38:08.610934+00:00
85916242-528e-4574-b54f-0dea9fcb1db0,4147642b-2869-427f-8238-38c7f6e59721,fbbf41fc-b2e3-4855-88a8-43bbb53c6b4d,9454ff99-96e9-48e4-ba37-ce667cc3b64b,1672.87,INR,success,2026-04-23 10:14:49.365198+00:00
88d51dc4-e033-4f4b-a4c8-86ea7631de12,4147642b-2869-427f-8238-38c7f6e59721,fbbf41fc-b2e3-4855-88a8-43bbb53c6b4d,9454ff99-96e9-48e4-ba37-ce667cc3b64b,1644.96,INR,success,2026-05-23 06:00:07.989967+00:00
e5e30a0c-63b2-4ddf-b022-bb028247ab7f,4147642b-2869-427f-8238-38c7f6e59721,fbbf41fc-b2e3-4855-88a8-43bbb53c6b4d,9454ff99-96e9-48e4-ba37-ce667cc3b64b,3265.0,INR,success,2026-05-30 12:30:33.748212+00:00
27539aab-4b8c-4621-b75f-cdac584e52db,e9154930-f480-487d-9506-83e176b56cc5,679b3eef-0a11-422a-97d6-39581fc58f54,b3b1783c-5870-44ff-ab97-5a1be2e364e0,800.78,INR,success,2026-03-12 20:34:56.243963+00:00
41f453cd-8405-4142-ac3f-50ffce3a5f33,d6fc685c-e9f9-4f67-ac07-95245cf1b9c4,42132ffe-00a8-4d41-944e-a549f8b6ef94,6c1daddd-f668-4a57-bb2b-e2384e2a821b,2535.83,INR,success,2026-05-17 08:09:21.252868+00:00
11a155e6-ead6-468b-97a6-999b5518526a,d6fc685c-e9f9-4f67-ac07-95245cf1b9c4,42132ffe-00a8-4d41-944e-a549f8b6ef94,6c1daddd-f668-4a57-bb2b-e2384e2a821b,7942.25,INR,success,2026-05-23 20:08:13.855649+00:00
50458c2e-2717-440d-b75a-33074b0e3dc8,d6fc685c-e9f9-4f67-ac07-95245cf1b9c4,42132ffe-00a8-4d41-944e-a549f8b6ef94,6c1daddd-f668-4a57-bb2b-e2384e2a821b,2117.67,INR,success,2026-05-26 05:01:02.262790+00:00
336140d9-0808-411d-874d-8a9e6698c1fa,1461e9ee-3bc9-4b23-b059-ff21a346f8ca,4022ff65-2c34-492d-9d67-9319b86fc67f,cdb3048e-1654-4ac6-8a32-ad32d920bb35,4005.4,INR,success,2026-05-31 22:08:25.899255+00:00
5b609595-7b97-4b83-95c6-a4b0fcf39eaf,1461e9ee-3bc9-4b23-b059-ff21a346f8ca,4022ff65-2c34-492d-9d67-9319b86fc67f,cdb3048e-1654-4ac6-8a32-ad32d920bb35,1041.74,INR,success,2026-05-31 23:04:07.989581+00:00
c7220dd9-d27b-46dd-91cd-bd810883b9de,1461e9ee-3bc9-4b23-b059-ff21a346f8ca,4022ff65-2c34-492d-9d67-9319b86fc67f,cdb3048e-1654-4ac6-8a32-ad32d920bb35,3989.4,INR,success,2026-05-31 23:38:40.534727+00:00
80d2b476-1e6b-48bb-8bf3-4b14c43c97b4,f5d5a5d5-d62b-446f-9011-6b8eb47a2a48,ad7b9c01-112f-45af-bc36-d589cc8d3274,2f3dde82-1075-4378-a2db-3f91c1db9561,4047.16,INR,success,2026-05-08 22:47:24.704008+00:00
7bbdee1b-f918-480b-af27-0a7a88cefbdd,f5d5a5d5-d62b-446f-9011-6b8eb47a2a48,ad7b9c01-112f-45af-bc36-d589cc8d3274,2f3dde82-1075-4378-a2db-3f91c1db9561,2540.32,INR,success,2026-05-11 04:51:26.350942+00:00
91dc7c87-0c53-4beb-a029-5049b2a2a6c2,f5d5a5d5-d62b-446f-9011-6b8eb47a2a48,ad7b9c01-112f-45af-bc36-d589cc8d3274,2f3dde82-1075-4378-a2db-3f91c1db9561,888.81,INR,success,2026-05-16 13:40:25.998425+00:00
5236621d-0f19-41f3-88da-3a419964850d,2efc6aae-8c37-41f1-a557-78e717fde0b7,71a7f1f0-2432-4e8e-95c4-e83f7d59461d,47fe9cd2-d1e1-401c-baee-7739be19b780,2619.5,INR,success,2026-05-12 22:51:00.039447+00:00
6fdf44fb-033e-4868-928f-300ead11e841,2efc6aae-8c37-41f1-a557-78e717fde0b7,71a7f1f0-2432-4e8e-95c4-e83f7d59461d,47fe9cd2-d1e1-401c-baee-7739be19b780,3062.11,INR,success,2026-05-28 00:42:31.946830+00:00
068a4b80-3d07-4c2d-8670-dbb8f21decf6,2efc6aae-8c37-41f1-a557-78e717fde0b7,71a7f1f0-2432-4e8e-95c4-e83f7d59461d,47fe9cd2-d1e1-401c-baee-7739be19b780,1922.66,INR,success,2026-05-28 12:51:27.269309+00:00
bbd2d750-bbee-406a-9b95-1d88c941e2b0,dd8d93e7-77d9-4804-b339-2975a66e7b70,79f78548-9a91-481a-9d1d-897efe56f552,4a658d44-3f20-4163-b90f-055f6804516a,1394.97,INR,success,2026-05-18 02:56:10.727564+00:00
6da44f1e-cb9e-439f-997b-1305cbfb8430,dd8d93e7-77d9-4804-b339-2975a66e7b70,79f78548-9a91-481a-9d1d-897efe56f552,4a658d44-3f20-4163-b90f-055f6804516a,2567.35,INR,success,2026-05-21 07:37:15.696315+00:00
9c9acf79-27b9-401d-81af-e3b5d5aacee8,dd8d93e7-77d9-4804-b339-2975a66e7b70,79f78548-9a91-481a-9d1d-897efe56f552,4a658d44-3f20-4163-b90f-055f6804516a,1618.59,INR,success,2026-05-25 02:15:01.717264+00:00
647dfc36-f422-4a5a-ad3d-4b3eea23acbe,dd8d93e7-77d9-4804-b339-2975a66e7b70,79f78548-9a91-481a-9d1d-897efe56f552,4a658d44-3f20-4163-b90f-055f6804516a,1970.52,INR,success,2026-05-27 15:55:00.637383+00:00
570e77ee-843e-4b6a-a8b5-ce7c988f7c0c,dd8d93e7-77d9-4804-b339-2975a66e7b70,79f78548-9a91-481a-9d1d-897efe56f552,4a658d44-3f20-4163-b90f-055f6804516a,249.02,INR,success,2026-05-29 05:45:13.381345+00:00
78fa8cfc-d405-4442-b764-682f883b1211,372fff53-d500-4da8-a85d-015ce2ea445e,a0ca3030-51c9-4a6b-b1a5-7df131624a14,c15ed12f-1d6a-402a-8afc-112ffa8cc1b4,836.16,INR,success,2026-05-26 16:45:42.566721+00:00
6e97a217-1ee6-4133-a5ed-d8272ccc1d20,3d26d38d-5ce8-4d6c-a890-1899540254d3,2dc090e3-c0bc-4c90-9be5-b8b26c1c6642,4e4a3cd9-8acc-4ad0-9ce7-589e405c9406,2923.64,INR,success,2026-03-15 17:21:10.042331+00:00
22dd778d-2efc-48f8-8fe8-de681e6f2a9e,3d26d38d-5ce8-4d6c-a890-1899540254d3,2dc090e3-c0bc-4c90-9be5-b8b26c1c6642,4e4a3cd9-8acc-4ad0-9ce7-589e405c9406,3709.88,INR,success,2026-04-26 10:16:16.364441+00:00
b889a4ec-b0cb-48f3-bb8b-0581c0d3cb30,3d26d38d-5ce8-4d6c-a890-1899540254d3,2dc090e3-c0bc-4c90-9be5-b8b26c1c6642,4e4a3cd9-8acc-4ad0-9ce7-589e405c9406,3117.3,INR,success,2026-04-28 03:19:54.889902+00:00
38fd1d8e-fd7f-4ca8-bf48-f2823a2c890f,3d26d38d-5ce8-4d6c-a890-1899540254d3,2dc090e3-c0bc-4c90-9be5-b8b26c1c6642,4e4a3cd9-8acc-4ad0-9ce7-589e405c9406,1925.02,INR,success,2026-05-07 05:39:54.877456+00:00
34161b23-57da-414c-bfc8-bc04baf07f77,3d26d38d-5ce8-4d6c-a890-1899540254d3,2dc090e3-c0bc-4c90-9be5-b8b26c1c6642,4e4a3cd9-8acc-4ad0-9ce7-589e405c9406,2330.26,INR,success,2026-05-29 03:20:00.268152+00:00
d72428bc-be18-47e0-a8ee-1b3d821fb424,132e3ae9-f2ff-43d1-b203-b1f65a041f62,36049e1b-5459-4701-a1ce-4948361b5fc0,f03960a8-a981-477c-a7d5-19970f04bbe9,2775.32,INR,success,2026-05-24 07:38:19.714546+00:00
51f16db9-67cf-40c4-8f1c-ad3096a95da0,2583a8d2-96b9-4eee-84c3-820d8e68cb40,908489b9-ac1b-4b24-83df-f261652816d7,87a235e9-ced7-4219-b75b-d425ffd8d4c1,344.87,INR,success,2026-05-07 06:50:16.717249+00:00
9ee137f6-4c77-4809-910b-686e9cd18d81,2583a8d2-96b9-4eee-84c3-820d8e68cb40,908489b9-ac1b-4b24-83df-f261652816d7,87a235e9-ced7-4219-b75b-d425ffd8d4c1,2679.39,INR,success,2026-05-26 08:03:22.002264+00:00
3026162c-4ad4-4bfe-ac74-d406da8a706c,2583a8d2-96b9-4eee-84c3-820d8e68cb40,908489b9-ac1b-4b24-83df-f261652816d7,87a235e9-ced7-4219-b75b-d425ffd8d4c1,1166.09,INR,success,2026-05-29 19:03:41.697917+00:00
1c5c87c3-8322-42c5-b35c-fb45a345ca0b,e4cbd7c2-a553-47a9-a05a-6dd6aa471f41,82d353f7-4114-4ee5-95fd-c0e5e33502fc,10eb7adc-e2e6-49d2-868a-ca6e94e8e8c7,575.85,INR,success,2026-03-15 07:52:42.135205+00:00
d107f729-4741-4334-a0df-f87a7c5bd85b,e4cbd7c2-a553-47a9-a05a-6dd6aa471f41,82d353f7-4114-4ee5-95fd-c0e5e33502fc,10eb7adc-e2e6-49d2-868a-ca6e94e8e8c7,328.11,INR,success,2026-03-22 11:08:10.924194+00:00
532d7d81-44cf-425f-9142-510c12303540,e4cbd7c2-a553-47a9-a05a-6dd6aa471f41,82d353f7-4114-4ee5-95fd-c0e5e33502fc,10eb7adc-e2e6-49d2-868a-ca6e94e8e8c7,133.24,INR,success,2026-04-11 05:03:18.041550+00:00
29ab3216-5a9b-4e53-a333-22df20d11b63,e4cbd7c2-a553-47a9-a05a-6dd6aa471f41,82d353f7-4114-4ee5-95fd-c0e5e33502fc,10eb7adc-e2e6-49d2-868a-ca6e94e8e8c7,10.0,INR,success,2026-04-18 08:21:24.600211+00:00
fa159852-38fa-43d1-8855-1c26969c9f3d,e4cbd7c2-a553-47a9-a05a-6dd6aa471f41,82d353f7-4114-4ee5-95fd-c0e5e33502fc,10eb7adc-e2e6-49d2-868a-ca6e94e8e8c7,582.43,INR,success,2026-04-30 10:13:34.488568+00:00
fd9a12b6-dbee-4f69-864f-ec3a709501dc,22007a06-3d5c-4af1-8111-4450d681ffcc,7d14486c-ed54-45e5-b6e1-c441ec980774,0be1d421-7021-4260-807a-3f84ddd1a10f,2219.28,INR,success,2026-05-25 17:56:31.574196+00:00
bb0a7742-e7e9-4f93-bd64-6d5c0bfe4a38,22007a06-3d5c-4af1-8111-4450d681ffcc,7d14486c-ed54-45e5-b6e1-c441ec980774,0be1d421-7021-4260-807a-3f84ddd1a10f,659.76,INR,success,2026-05-27 04:18:29.192739+00:00
379a4a0c-17e3-405b-8fb1-6a951dcf5ed2,22007a06-3d5c-4af1-8111-4450d681ffcc,7d14486c-ed54-45e5-b6e1-c441ec980774,0be1d421-7021-4260-807a-3f84ddd1a10f,1574.42,INR,success,2026-05-29 01:27:14.329594+00:00
ae90d5e3-5301-4946-883a-1303da166d5b,22007a06-3d5c-4af1-8111-4450d681ffcc,7d14486c-ed54-45e5-b6e1-c441ec980774,0be1d421-7021-4260-807a-3f84ddd1a10f,2105.8,INR,success,2026-05-30 10:04:38.801544+00:00
28a4b75b-e519-43b6-b096-b345b0fbed96,22007a06-3d5c-4af1-8111-4450d681ffcc,7d14486c-ed54-45e5-b6e1-c441ec980774,0be1d421-7021-4260-807a-3f84ddd1a10f,1163.55,INR,success,2026-05-31 07:26:46.482318+00:00
9a25e145-1424-486b-a9cc-49c3619b9520,f2592e69-e912-4189-b332-32c1aa718b64,dc79a303-40b5-4ece-8fba-da452b00bfd6,4a9c0385-b6f2-41b2-98ff-55aecdf54177,1324.29,INR,success,2026-05-17 16:20:07.414355+00:00
ff28d63f-9ede-4abd-ac37-fb5bf1884f85,f2592e69-e912-4189-b332-32c1aa718b64,dc79a303-40b5-4ece-8fba-da452b00bfd6,4a9c0385-b6f2-41b2-98ff-55aecdf54177,1328.13,INR,success,2026-05-19 07:19:30.817664+00:00
f8fbfdef-482a-4b64-b66d-5df60fb2158d,f2592e69-e912-4189-b332-32c1aa718b64,dc79a303-40b5-4ece-8fba-da452b00bfd6,4a9c0385-b6f2-41b2-98ff-55aecdf54177,1426.4,INR,success,2026-05-23 16:14:01.240129+00:00
4645b6e9-172d-46ec-ab55-5fc3f50d3fb3,f2592e69-e912-4189-b332-32c1aa718b64,dc79a303-40b5-4ece-8fba-da452b00bfd6,4a9c0385-b6f2-41b2-98ff-55aecdf54177,705.5,INR,success,2026-05-24 02:36:49.745295+00:00
9b6646ce-20ca-4024-87b0-f0f0a787db17,f2592e69-e912-4189-b332-32c1aa718b64,dc79a303-40b5-4ece-8fba-da452b00bfd6,4a9c0385-b6f2-41b2-98ff-55aecdf54177,2506.76,INR,success,2026-05-29 14:32:15.086728+00:00
acd41cbf-0a0f-4236-9d9a-fa4893b766a4,e3008a76-19bc-4bb6-93af-99997dcc590f,52c34378-1609-4c7a-8c66-5c409e18eee2,a2830fb4-456a-4bef-924c-4154847b5865,287.9,INR,success,2026-05-31 18:58:20.662898+00:00
669b7aff-5408-43e1-ae21-7ffa639267b7,e3008a76-19bc-4bb6-93af-99997dcc590f,52c34378-1609-4c7a-8c66-5c409e18eee2,a2830fb4-456a-4bef-924c-4154847b5865,530.53,INR,success,2026-05-31 19:37:51.607252+00:00
1524a5a4-3b80-4e50-9820-edf5cdf0e1c0,e3008a76-19bc-4bb6-93af-99997dcc590f,52c34378-1609-4c7a-8c66-5c409e18eee2,a2830fb4-456a-4bef-924c-4154847b5865,416.6,INR,success,2026-05-31 21:54:00.740360+00:00
a43094ab-7380-446f-8f94-4fe00f3ef8d1,e3008a76-19bc-4bb6-93af-99997dcc590f,52c34378-1609-4c7a-8c66-5c409e18eee2,a2830fb4-456a-4bef-924c-4154847b5865,490.89,INR,success,2026-05-31 22:25:46.974019+00:00
5a7220fc-ccb7-4e5c-9cfd-a978435064e7,e3008a76-19bc-4bb6-93af-99997dcc590f,52c34378-1609-4c7a-8c66-5c409e18eee2,a2830fb4-456a-4bef-924c-4154847b5865,527.85,INR,success,2026-05-31 23:41:57.430466+00:00
c3bb4472-3327-45ac-889c-ba890ceeeb65,1a6882c1-1964-4988-9ddb-631ac7074547,c713ec20-b800-4f41-a9f6-e9e88a849462,83e9c1af-1f35-4508-af68-f03f4f0945ad,1245.89,INR,success,2026-05-07 14:09:32.103434+00:00
782479d8-4d7b-4dbf-82de-e27254649925,1a6882c1-1964-4988-9ddb-631ac7074547,c713ec20-b800-4f41-a9f6-e9e88a849462,83e9c1af-1f35-4508-af68-f03f4f0945ad,1123.25,INR,success,2026-05-19 21:58:10.119596+00:00
2799dca5-98f5-4233-910e-4143760b9a3a,c5b99a41-9094-4572-8a9a-d54bce180a89,ecb476fd-92a2-455f-9d1f-04a2ccdf31dc,7f3f384e-2e2c-4050-83f7-86d09e919117,2375.59,INR,success,2026-03-25 20:35:12.153022+00:00
78bc27c7-14ad-4580-91c6-22598d82e264,548e0b65-28c5-4b1f-b0aa-da4649c63674,b589b918-2d20-42b5-9314-a0295f10086b,c756439a-bc29-4b64-a8d6-44edda1cbfd8,1139.42,INR,success,2026-05-14 07:32:36.215971+00:00
e270c19a-aff6-4cce-a7b6-63ef5fc954a4,548e0b65-28c5-4b1f-b0aa-da4649c63674,b589b918-2d20-42b5-9314-a0295f10086b,c756439a-bc29-4b64-a8d6-44edda1cbfd8,2784.55,INR,success,2026-05-28 11:05:37.077781+00:00
c03e6712-8e63-4468-91b2-45033258533a,548e0b65-28c5-4b1f-b0aa-da4649c63674,b589b918-2d20-42b5-9314-a0295f10086b,c756439a-bc29-4b64-a8d6-44edda1cbfd8,5213.85,INR,success,2026-05-29 22:53:41.504231+00:00
dc08a39f-9146-40c5-be5a-6138be8df6fb,548e0b65-28c5-4b1f-b0aa-da4649c63674,b589b918-2d20-42b5-9314-a0295f10086b,c756439a-bc29-4b64-a8d6-44edda1cbfd8,3056.28,INR,success,2026-05-30 05:16:15.551466+00:00
6a5c273e-1c5d-472b-9085-463537675907,548e0b65-28c5-4b1f-b0aa-da4649c63674,b589b918-2d20-42b5-9314-a0295f10086b,c756439a-bc29-4b64-a8d6-44edda1cbfd8,2828.3,INR,success,2026-05-30 08:56:30.635832+00:00
d206c1c6-e13d-47df-ae18-022930240179,466b9674-42a1-4d20-92d4-2f6ffb556c51,983d45d0-2f22-411b-bf97-8962c3695257,7b50c6f0-6341-42e0-a0f1-da52e0e54485,2061.24,INR,success,2026-05-30 09:04:38.496243+00:00
dbfd4e20-23c0-4ef5-a00e-ca9443253387,dcdbc056-b6af-49dc-9702-961e0897da43,bfcf6998-d751-4521-9e64-aa1176803418,2986f47e-9936-4f0b-b09c-a950f601c12a,8665.0,INR,success,2026-04-15 13:53:52.446461+00:00
0d1d736d-7bcb-40f0-bb2c-89dbd037abb2,dcdbc056-b6af-49dc-9702-961e0897da43,bfcf6998-d751-4521-9e64-aa1176803418,2986f47e-9936-4f0b-b09c-a950f601c12a,2684.44,INR,success,2026-04-22 16:19:14.571522+00:00
6cbb35d5-a5e4-4711-8ab8-940e0ce442d7,dcdbc056-b6af-49dc-9702-961e0897da43,bfcf6998-d751-4521-9e64-aa1176803418,2986f47e-9936-4f0b-b09c-a950f601c12a,4914.51,INR,success,2026-05-14 11:03:46.361140+00:00
ae748cf5-df2a-4d05-8be4-8605c120d791,dcdbc056-b6af-49dc-9702-961e0897da43,bfcf6998-d751-4521-9e64-aa1176803418,2986f47e-9936-4f0b-b09c-a950f601c12a,364.8,INR,success,2026-05-18 13:57:27.815033+00:00
52300153-5256-4880-a9fb-5582bfc64c07,c115aaf4-5822-42a2-9033-c793ecddd599,a38f92c7-b1d7-4a1e-a382-5eb3217fa3a3,c114ea1b-599d-4184-955b-adf614155748,531.27,INR,success,2026-04-25 03:00:27.314085+00:00
f71a7154-e178-4d8b-8e34-274234b5b11b,c115aaf4-5822-42a2-9033-c793ecddd599,a38f92c7-b1d7-4a1e-a382-5eb3217fa3a3,c114ea1b-599d-4184-955b-adf614155748,1220.34,INR,success,2026-05-24 09:17:50.965632+00:00
13d7de27-709a-445f-9797-534a2406c132,c115aaf4-5822-42a2-9033-c793ecddd599,a38f92c7-b1d7-4a1e-a382-5eb3217fa3a3,c114ea1b-599d-4184-955b-adf614155748,1003.88,INR,success,2026-05-30 08:24:45.663185+00:00
bdf67f6e-252d-484c-b9cb-7d7ef4efc52d,e70640f0-3f81-4f1b-aa4a-11c69631ccde,9b6c83d7-d0b8-4211-9053-658f1bf8bbad,a3fd9d7a-4743-4038-811f-3657c0870fe3,2789.52,INR,success,2026-03-29 16:42:07.181700+00:00
c829789f-bb03-4b7d-aa76-869cfdb507d4,e70640f0-3f81-4f1b-aa4a-11c69631ccde,9b6c83d7-d0b8-4211-9053-658f1bf8bbad,a3fd9d7a-4743-4038-811f-3657c0870fe3,1741.51,INR,success,2026-04-04 12:40:23.319134+00:00
e2ab0196-18d2-4fe9-a6f2-275385c0e6ab,e70640f0-3f81-4f1b-aa4a-11c69631ccde,9b6c83d7-d0b8-4211-9053-658f1bf8bbad,a3fd9d7a-4743-4038-811f-3657c0870fe3,3125.61,INR,success,2026-04-30 10:05:09.258841+00:00
37f626da-ab44-4b91-a974-ec8b021fc268,e70640f0-3f81-4f1b-aa4a-11c69631ccde,9b6c83d7-d0b8-4211-9053-658f1bf8bbad,a3fd9d7a-4743-4038-811f-3657c0870fe3,3874.69,INR,success,2026-05-06 04:09:23.070442+00:00
d5b5021e-d16a-42f7-83f2-cca5be3214c5,8a0a88a3-49c7-4532-a066-55069f183b09,19e07d08-172e-4593-ba71-88d016ebcb90,d5217819-4ac8-4794-96a3-729a91989778,3632.02,INR,success,2026-05-20 23:18:03.014220+00:00
ed2e807e-4494-415c-93ed-b59851dd3826,8a0a88a3-49c7-4532-a066-55069f183b09,19e07d08-172e-4593-ba71-88d016ebcb90,d5217819-4ac8-4794-96a3-729a91989778,2099.91,INR,success,2026-05-26 11:52:07.983867+00:00
e825e076-d4d0-4c7f-a914-18a99a5945f8,8a0a88a3-49c7-4532-a066-55069f183b09,19e07d08-172e-4593-ba71-88d016ebcb90,d5217819-4ac8-4794-96a3-729a91989778,3520.32,INR,success,2026-05-30 02:53:51.151178+00:00
0b7ff281-eb54-4bd6-87ed-debe3d516976,56b4418e-f8fc-411c-9d23-ac4d20bedff7,a34d2339-eea6-4f24-bab9-1c6585435398,75e92397-bb20-41b9-8206-822816b4e50a,1550.65,INR,success,2026-05-01 14:16:27.256019+00:00
112d608f-0b4a-4837-976a-ce3bba168cb0,56b4418e-f8fc-411c-9d23-ac4d20bedff7,a34d2339-eea6-4f24-bab9-1c6585435398,75e92397-bb20-41b9-8206-822816b4e50a,804.9,INR,success,2026-05-08 12:57:41.059594+00:00
48afb097-4a0f-4e78-96e5-4202a998e6f2,56b4418e-f8fc-411c-9d23-ac4d20bedff7,a34d2339-eea6-4f24-bab9-1c6585435398,75e92397-bb20-41b9-8206-822816b4e50a,851.53,INR,success,2026-05-13 22:30:41.083554+00:00
1836498a-640d-405c-97ec-2a5aa13e2677,56b4418e-f8fc-411c-9d23-ac4d20bedff7,a34d2339-eea6-4f24-bab9-1c6585435398,75e92397-bb20-41b9-8206-822816b4e50a,1544.7,INR,success,2026-05-31 13:05:15.596336+00:00
28f4873e-10d1-469e-a8a3-b10e09f7e895,44bc19c2-e3ba-4c4a-8a53-64d98e68dd2c,3e5c5af2-fbca-47f7-a944-8a0e1021317a,b1938cb8-ef4a-4012-9a1d-6584cc7434a1,1148.98,INR,success,2026-05-09 05:20:27.410566+00:00
d420b417-cdaa-4fc8-b12e-60986caca447,44bc19c2-e3ba-4c4a-8a53-64d98e68dd2c,3e5c5af2-fbca-47f7-a944-8a0e1021317a,b1938cb8-ef4a-4012-9a1d-6584cc7434a1,870.22,INR,success,2026-05-13 16:02:24.305871+00:00
0cefc325-da4d-47d2-9999-b0cf5d61c1f9,44bc19c2-e3ba-4c4a-8a53-64d98e68dd2c,3e5c5af2-fbca-47f7-a944-8a0e1021317a,b1938cb8-ef4a-4012-9a1d-6584cc7434a1,1325.68,INR,success,2026-05-21 11:49:42.193037+00:00
d58d6a64-3a72-4bee-ae9a-f7bd43dd0577,44bc19c2-e3ba-4c4a-8a53-64d98e68dd2c,3e5c5af2-fbca-47f7-a944-8a0e1021317a,b1938cb8-ef4a-4012-9a1d-6584cc7434a1,896.7,INR,success,2026-05-23 06:45:27.575136+00:00
ea14ee18-18e2-4199-b20a-c7574f4325c4,44bc19c2-e3ba-4c4a-8a53-64d98e68dd2c,3e5c5af2-fbca-47f7-a944-8a0e1021317a,b1938cb8-ef4a-4012-9a1d-6584cc7434a1,774.47,INR,success,2026-05-24 03:05:24.699533+00:00
e2752f6f-ee63-46d1-a213-38a00efbc5ff,c5004001-2e67-4fac-bb2a-ebd19a8e3451,17cb866a-861d-4876-9ec0-92263367e197,b1445805-11bd-4a99-bb64-25029b423fb9,887.27,INR,success,2026-05-17 00:58:27.359808+00:00
b9f8d63b-84aa-493d-978f-62f5d6f2ce02,c5004001-2e67-4fac-bb2a-ebd19a8e3451,17cb866a-861d-4876-9ec0-92263367e197,b1445805-11bd-4a99-bb64-25029b423fb9,2635.99,INR,success,2026-05-22 20:18:47.455591+00:00
c67fe10e-76d0-4399-90c5-d6b44d8325e8,c5004001-2e67-4fac-bb2a-ebd19a8e3451,17cb866a-861d-4876-9ec0-92263367e197,b1445805-11bd-4a99-bb64-25029b423fb9,2057.9,INR,success,2026-05-25 07:34:59.371696+00:00
e50fd98e-2b9d-495e-8cf1-d66723dd9890,c5004001-2e67-4fac-bb2a-ebd19a8e3451,17cb866a-861d-4876-9ec0-92263367e197,b1445805-11bd-4a99-bb64-25029b423fb9,2412.83,INR,success,2026-05-30 06:49:36.548092+00:00
120520be-17cc-4843-963c-1794a84877c9,c5004001-2e67-4fac-bb2a-ebd19a8e3451,17cb866a-861d-4876-9ec0-92263367e197,b1445805-11bd-4a99-bb64-25029b423fb9,907.24,INR,success,2026-05-31 03:33:01.962039+00:00
c41f6eef-924a-4588-851e-3d833e289d8b,a928cd5a-66eb-4140-bbac-3d6a071d3f1b,635b88f3-2242-4e8c-8fee-f2492cf9227c,29fb4013-7827-46b3-9b7f-9437273fdca8,2582.07,INR,success,2026-05-28 11:51:54.671280+00:00
31a3cb03-3917-499b-b0c8-aaeb38632fb8,34c00c46-8457-438a-9028-f90116437d84,a8a3cec8-0240-47b4-8c05-a10fbc665a0e,0d2265bf-f647-4f4a-b644-d11f745c17be,2894.57,INR,success,2026-05-31 00:40:55.335672+00:00
0e44eb16-903a-40dc-86ac-2463468ed592,34c00c46-8457-438a-9028-f90116437d84,a8a3cec8-0240-47b4-8c05-a10fbc665a0e,0d2265bf-f647-4f4a-b644-d11f745c17be,4056.67,INR,success,2026-05-31 05:52:13.200173+00:00
2d6fb191-50c5-4809-81f9-d4aa901ac3b8,34c00c46-8457-438a-9028-f90116437d84,a8a3cec8-0240-47b4-8c05-a10fbc665a0e,0d2265bf-f647-4f4a-b644-d11f745c17be,4313.69,INR,success,2026-05-31 22:21:57.524199+00:00
b2562149-76b0-41f9-8067-7e7ed8df5b47,34c00c46-8457-438a-9028-f90116437d84,a8a3cec8-0240-47b4-8c05-a10fbc665a0e,0d2265bf-f647-4f4a-b644-d11f745c17be,1842.5,INR,success,2026-05-31 23:45:14.684940+00:00
f88a556e-d739-49ad-93c1-7ed286fa8fab,7fd94c43-146b-4e7c-9414-56136ba54f2e,36590601-66bb-43d4-af5b-60cdd87ef4df,c2df2088-70fc-4b43-8903-16da8d2c38e6,1730.85,INR,success,2026-05-29 13:18:06.378091+00:00
2e4b89dc-6704-4815-9f12-dd750fcbf897,7fd94c43-146b-4e7c-9414-56136ba54f2e,36590601-66bb-43d4-af5b-60cdd87ef4df,c2df2088-70fc-4b43-8903-16da8d2c38e6,4330.29,INR,success,2026-05-30 01:56:53.112173+00:00
83032584-b194-4cfc-88cc-c5708726c57f,7fd94c43-146b-4e7c-9414-56136ba54f2e,36590601-66bb-43d4-af5b-60cdd87ef4df,c2df2088-70fc-4b43-8903-16da8d2c38e6,2768.73,INR,success,2026-05-31 19:06:05.364495+00:00
68c659ce-c7ea-46c0-960a-4e365de5ea11,38050890-dfba-4119-9c43-6d7934bc93f7,043bc0e6-406d-4b43-a27e-93119e82d76e,982435db-6f5e-4aaf-8180-6a181a3f9dd8,5872.35,INR,success,2026-04-25 20:52:06.929024+00:00
dea60089-5567-484f-bb4e-220038185b23,38050890-dfba-4119-9c43-6d7934bc93f7,043bc0e6-406d-4b43-a27e-93119e82d76e,982435db-6f5e-4aaf-8180-6a181a3f9dd8,10.0,INR,success,2026-05-05 00:18:22.337029+00:00
78fb480a-d815-430e-bae4-824e4099d8f5,38050890-dfba-4119-9c43-6d7934bc93f7,043bc0e6-406d-4b43-a27e-93119e82d76e,982435db-6f5e-4aaf-8180-6a181a3f9dd8,2303.21,INR,success,2026-05-14 04:07:16.717500+00:00
52e44f8f-b940-49a1-b24e-19d70a03d1da,38050890-dfba-4119-9c43-6d7934bc93f7,043bc0e6-406d-4b43-a27e-93119e82d76e,982435db-6f5e-4aaf-8180-6a181a3f9dd8,5597.65,INR,success,2026-05-17 17:56:14.607197+00:00
abd630d3-811d-4806-971d-59b280c7fcaf,d415ceac-c76c-403b-b9ea-3c976befec1d,73fffaeb-09d9-410a-ad47-829fe2a73520,a77da77c-d8cb-43d2-bb08-5b203f804b8f,3473.14,INR,success,2026-04-06 03:17:40.561120+00:00
3dfaa882-a6ff-4190-9276-1c952b86ba61,d415ceac-c76c-403b-b9ea-3c976befec1d,73fffaeb-09d9-410a-ad47-829fe2a73520,a77da77c-d8cb-43d2-bb08-5b203f804b8f,4603.35,INR,success,2026-04-21 21:56:19.143463+00:00
e09b2486-c995-4b3e-bcd2-ae0d8e214966,d415ceac-c76c-403b-b9ea-3c976befec1d,73fffaeb-09d9-410a-ad47-829fe2a73520,a77da77c-d8cb-43d2-bb08-5b203f804b8f,1166.28,INR,success,2026-05-16 23:15:21.280301+00:00
72afd15f-1dcb-4868-880a-2c7ae5b3e312,d415ceac-c76c-403b-b9ea-3c976befec1d,73fffaeb-09d9-410a-ad47-829fe2a73520,a77da77c-d8cb-43d2-bb08-5b203f804b8f,2249.79,INR,success,2026-05-26 12:07:05.128292+00:00
ee6d7395-7ce4-4675-8ba4-aaa804d7fbcc,9fa5dad5-64b2-4eab-993c-59e70261f6b8,b97a7922-f989-46b8-985c-e434d95b8ed6,bbe145f7-fb32-4778-9846-c476cf7f6f31,6403.17,INR,success,2026-04-18 19:17:11.138758+00:00
06918d79-91d6-4ebf-9383-5ce4e3d8bfab,9fa5dad5-64b2-4eab-993c-59e70261f6b8,b97a7922-f989-46b8-985c-e434d95b8ed6,bbe145f7-fb32-4778-9846-c476cf7f6f31,4117.87,INR,success,2026-04-22 12:16:36.453487+00:00
c676fe83-1b95-485f-a62a-34fcdf6492ba,9fa5dad5-64b2-4eab-993c-59e70261f6b8,b97a7922-f989-46b8-985c-e434d95b8ed6,bbe145f7-fb32-4778-9846-c476cf7f6f31,10.0,INR,success,2026-05-01 17:47:55.920990+00:00
cde987ae-5d3e-458c-a69d-3c774dca7500,9fa5dad5-64b2-4eab-993c-59e70261f6b8,b97a7922-f989-46b8-985c-e434d95b8ed6,bbe145f7-fb32-4778-9846-c476cf7f6f31,7079.01,INR,success,2026-05-29 21:11:14.078462+00:00
e48e94f3-1208-4e14-85ae-8e2854f8d3c2,f5f8e069-1579-400b-9a52-d88f43da1474,261c5ef2-9b14-480b-aed6-4e8f61b1b92f,81dfc531-f7e6-4c21-b40d-950480e59ccc,3664.89,INR,success,2026-05-04 19:46:49.674489+00:00
841cb883-da8e-4108-980f-b983a5d93834,f5f8e069-1579-400b-9a52-d88f43da1474,261c5ef2-9b14-480b-aed6-4e8f61b1b92f,81dfc531-f7e6-4c21-b40d-950480e59ccc,5690.05,INR,success,2026-05-16 08:32:01.680422+00:00
3b004da7-77af-4dfa-8b64-065ad2b47b41,f5f8e069-1579-400b-9a52-d88f43da1474,261c5ef2-9b14-480b-aed6-4e8f61b1b92f,81dfc531-f7e6-4c21-b40d-950480e59ccc,6563.53,INR,success,2026-05-19 02:47:49.700704+00:00
01e9aaab-f68a-49a6-8592-c476eaf87571,f5f8e069-1579-400b-9a52-d88f43da1474,261c5ef2-9b14-480b-aed6-4e8f61b1b92f,81dfc531-f7e6-4c21-b40d-950480e59ccc,778.78,INR,success,2026-05-23 00:53:18.047705+00:00
9ad24660-2116-4e53-8be4-72d69c610a94,f5f8e069-1579-400b-9a52-d88f43da1474,261c5ef2-9b14-480b-aed6-4e8f61b1b92f,81dfc531-f7e6-4c21-b40d-950480e59ccc,2693.66,INR,success,2026-05-26 12:35:13.379747+00:00
677f1e66-8fd4-429d-9803-58da2b3332ee,d66639ea-3ad3-4623-8ca3-3b4d0a2e3b38,8f6825b3-b502-4c2a-beb2-8492c630439b,c46a3874-3b8f-41cf-ba05-8a2bdb86d9c0,555.17,INR,success,2026-05-17 09:45:25.987560+00:00
39b70feb-e420-4957-982f-c7d32c2652ad,1132fbcb-7b3a-4f91-8989-6df12159c8a4,983857f6-79e7-4203-aa33-033492dc403a,92786186-32e2-40eb-81f8-29e8200f0dd6,646.17,INR,success,2026-05-18 16:40:52.479976+00:00
9b0343c1-6fef-4619-bdd0-d35060ca86fe,53baa686-827a-47d0-b495-b065b157c7cc,d365541c-1e7a-4d76-ab2d-52e81518fd35,5747f40d-d7ef-4cbc-b796-729d937f4d86,1587.02,INR,success,2026-05-22 10:51:33.674454+00:00
bd154094-7957-4c39-a463-fcebfc2eaa70,cfdc220a-aa76-4fbb-abff-37dd658bfe3b,261f0226-5af2-4020-83c0-deafa064b6bd,f6da8e5c-f763-4432-a799-33604dd444a9,1404.07,INR,success,2026-03-26 03:43:19.572893+00:00
d9a078de-5135-46fd-a7a0-0e0f1729bcd5,cfdc220a-aa76-4fbb-abff-37dd658bfe3b,261f0226-5af2-4020-83c0-deafa064b6bd,f6da8e5c-f763-4432-a799-33604dd444a9,751.07,INR,success,2026-05-24 17:45:26.066838+00:00
f0398abc-a798-4442-8a2d-dd9a15afde04,0b3850c9-0159-4580-bebd-ccedb799d996,3e858ff5-77e2-492f-ab86-e30f9bc10518,009c854f-b04e-4ec7-8c28-b92cb9000dce,310.25,INR,success,2026-05-01 11:25:34.383964+00:00
392efb06-46cf-4f37-8bbe-59d82870855f,c1d01a79-b45c-4ad8-a57d-5ba70acc42c5,17f609b3-ea83-427e-b97f-0d952457225c,9ff7cce6-dacc-4a7d-957e-4c28879a5332,527.05,INR,success,2026-04-18 16:03:06.150188+00:00
f65f06fa-d1d0-45d5-bf05-8a335e300b9d,c1d01a79-b45c-4ad8-a57d-5ba70acc42c5,17f609b3-ea83-427e-b97f-0d952457225c,9ff7cce6-dacc-4a7d-957e-4c28879a5332,336.19,INR,success,2026-04-19 19:24:56.234537+00:00
88c5cf69-4a39-4aae-9eb0-6202fb455fbe,c1d01a79-b45c-4ad8-a57d-5ba70acc42c5,17f609b3-ea83-427e-b97f-0d952457225c,9ff7cce6-dacc-4a7d-957e-4c28879a5332,219.0,INR,success,2026-05-09 12:25:19.394491+00:00
39f0107f-ac40-4241-ac2c-afb478d6fda0,c1d01a79-b45c-4ad8-a57d-5ba70acc42c5,17f609b3-ea83-427e-b97f-0d952457225c,9ff7cce6-dacc-4a7d-957e-4c28879a5332,358.02,INR,success,2026-05-24 12:41:08.180139+00:00
fd4bded0-592c-40be-adb6-963a9184fb22,c1d01a79-b45c-4ad8-a57d-5ba70acc42c5,17f609b3-ea83-427e-b97f-0d952457225c,9ff7cce6-dacc-4a7d-957e-4c28879a5332,381.56,INR,success,2026-05-27 22:59:59.970131+00:00
6f5ea491-0f19-4c8b-8637-af2f07185413,052192bc-80ca-425f-8b89-2d8f08985a1d,78ec7113-9e1d-4d70-9d6d-cb9cebc42a05,85eca825-a04c-4c10-8176-ecaf548a2c2b,1017.84,INR,success,2026-03-31 01:57:57.859886+00:00
654cd6cb-3740-47fe-8fce-028d4fe51685,052192bc-80ca-425f-8b89-2d8f08985a1d,78ec7113-9e1d-4d70-9d6d-cb9cebc42a05,85eca825-a04c-4c10-8176-ecaf548a2c2b,791.84,INR,success,2026-05-01 04:52:07.991825+00:00
9c36fb42-93dd-40ab-b10e-18301729ae69,052192bc-80ca-425f-8b89-2d8f08985a1d,78ec7113-9e1d-4d70-9d6d-cb9cebc42a05,85eca825-a04c-4c10-8176-ecaf548a2c2b,1108.33,INR,success,2026-05-07 09:40:47.102562+00:00
2eb4e1b7-8b97-4c2f-98f1-42a7153e1455,052192bc-80ca-425f-8b89-2d8f08985a1d,78ec7113-9e1d-4d70-9d6d-cb9cebc42a05,85eca825-a04c-4c10-8176-ecaf548a2c2b,788.8,INR,success,2026-05-22 19:18:04.832696+00:00
306d429e-60be-4248-8a7d-d5bd3347160c,46e5e490-cb1f-437c-9f48-4caa6cf03300,36ec9183-5bd9-4843-8f7e-9f0bc7db4613,a2c74828-c917-442b-a94b-561aec0bb918,1618.51,INR,success,2026-04-14 07:51:57.741114+00:00
92e48104-74b5-49fa-8dd8-ca2c05a6313d,46e5e490-cb1f-437c-9f48-4caa6cf03300,36ec9183-5bd9-4843-8f7e-9f0bc7db4613,a2c74828-c917-442b-a94b-561aec0bb918,561.32,INR,success,2026-04-25 23:26:38.063338+00:00
06b7f674-4378-4483-b440-b597fd7fd91d,afafd22a-8709-4752-9068-bf98d4804893,1cda4621-e824-4be6-8a2a-a7c0145c64b7,5c40b674-8d92-4bb1-a3a7-af358fb7d71f,607.09,INR,success,2026-04-19 17:39:40.957197+00:00
96eeb891-3ed1-4947-ad3d-0bcf69d433cc,afafd22a-8709-4752-9068-bf98d4804893,1cda4621-e824-4be6-8a2a-a7c0145c64b7,5c40b674-8d92-4bb1-a3a7-af358fb7d71f,4070.65,INR,success,2026-04-24 04:39:49.086612+00:00
5c12bcbd-d88c-4d21-b9b1-f533ada7f8b1,afafd22a-8709-4752-9068-bf98d4804893,1cda4621-e824-4be6-8a2a-a7c0145c64b7,5c40b674-8d92-4bb1-a3a7-af358fb7d71f,3469.2,INR,success,2026-05-07 22:51:34.343474+00:00
2ca28721-7270-4344-a20b-df676b13f3d8,d0eeac45-d3e5-4697-b32d-fc8a90494826,06883faf-bc87-48ab-9cef-7fe715aff733,01ca9d87-5481-44ef-8b6d-0c42f4551f6a,3223.76,INR,success,2026-04-04 11:11:05.380994+00:00
005c71de-f6bd-4669-85a7-be9da57b63cf,d0eeac45-d3e5-4697-b32d-fc8a90494826,06883faf-bc87-48ab-9cef-7fe715aff733,01ca9d87-5481-44ef-8b6d-0c42f4551f6a,10.0,INR,success,2026-05-06 14:17:02.828510+00:00
2dbf6613-1248-4f55-8012-aa9b644549a4,d0eeac45-d3e5-4697-b32d-fc8a90494826,06883faf-bc87-48ab-9cef-7fe715aff733,01ca9d87-5481-44ef-8b6d-0c42f4551f6a,455.63,INR,success,2026-05-06 14:50:19.756388+00:00
450de487-f42f-432f-8bdd-599b2facd813,d0eeac45-d3e5-4697-b32d-fc8a90494826,06883faf-bc87-48ab-9cef-7fe715aff733,01ca9d87-5481-44ef-8b6d-0c42f4551f6a,2872.46,INR,success,2026-05-27 08:27:05.349404+00:00
2450a75a-dc6e-4578-b80b-d319c65e96b3,5cd426c0-ed11-4f4b-aaea-e1444e2b4e5f,130b7e93-27a5-46de-b918-72cb52ce3521,47a618f3-aebe-457d-a977-8a9be9010b43,1315.44,INR,success,2026-05-23 09:34:09.611914+00:00
82db24c1-9e6e-493a-a28c-4dabad15a030,5cd426c0-ed11-4f4b-aaea-e1444e2b4e5f,130b7e93-27a5-46de-b918-72cb52ce3521,47a618f3-aebe-457d-a977-8a9be9010b43,741.31,INR,success,2026-05-26 02:07:30.359152+00:00
cd26173b-a17a-4a30-990b-f98b6853f086,5cd426c0-ed11-4f4b-aaea-e1444e2b4e5f,130b7e93-27a5-46de-b918-72cb52ce3521,47a618f3-aebe-457d-a977-8a9be9010b43,1629.05,INR,success,2026-05-26 12:51:41.318013+00:00
1a270454-1380-4ca5-bee9-4f7fe48e4eb4,1b9a1ec7-026d-4219-ae68-84862171bf0f,d3baf216-4ca7-41cc-894f-7c5bb20170ac,9ae2b47f-02a4-477c-8066-44cec35ada51,757.71,INR,success,2026-03-25 21:20:03.810480+00:00
855f5d45-e4d6-4627-b246-404ce4b1f62d,1b9a1ec7-026d-4219-ae68-84862171bf0f,d3baf216-4ca7-41cc-894f-7c5bb20170ac,9ae2b47f-02a4-477c-8066-44cec35ada51,890.82,INR,success,2026-03-29 21:31:50.336260+00:00
d5723b34-7551-4916-9ac9-b98ee747b700,1b9a1ec7-026d-4219-ae68-84862171bf0f,d3baf216-4ca7-41cc-894f-7c5bb20170ac,9ae2b47f-02a4-477c-8066-44cec35ada51,2886.3,INR,success,2026-04-14 17:15:59.805711+00:00
7197eb55-1234-4344-8415-be35bc2cbf6e,0f528cb9-abe6-46ad-9110-85e4c36e0c03,5a7fdc70-b1b7-47c8-8277-fc9c52e85e45,96f3173a-dc73-467f-8e83-d6ada7bd4186,3102.83,INR,success,2026-05-28 13:01:18.451997+00:00
16d156a4-63fb-4ab9-afe5-af585152b40f,0f528cb9-abe6-46ad-9110-85e4c36e0c03,5a7fdc70-b1b7-47c8-8277-fc9c52e85e45,96f3173a-dc73-467f-8e83-d6ada7bd4186,1947.15,INR,success,2026-05-28 19:55:44.886775+00:00
be750876-edc2-4f82-9663-a713d2764324,2bf03d2d-78e2-4f97-b75e-9d7811e1d00a,e3ff95e4-34a9-4f4e-8824-a281e3f6581a,c0c384f9-34cd-41e7-bbaa-42afedcb20b1,1839.94,INR,success,2026-05-28 01:59:51.890107+00:00
bd56f52a-a1f6-46ee-9c64-ecb304a5921f,2bf03d2d-78e2-4f97-b75e-9d7811e1d00a,e3ff95e4-34a9-4f4e-8824-a281e3f6581a,c0c384f9-34cd-41e7-bbaa-42afedcb20b1,4069.13,INR,success,2026-05-29 07:44:13.600332+00:00
e484b2a9-bd43-48d6-b113-8af6c7f64a6c,2bf03d2d-78e2-4f97-b75e-9d7811e1d00a,e3ff95e4-34a9-4f4e-8824-a281e3f6581a,c0c384f9-34cd-41e7-bbaa-42afedcb20b1,2613.44,INR,success,2026-05-29 14:47:56.662250+00:00
f66f4f92-baab-4426-b2e1-69a09ee8bc5b,2bf03d2d-78e2-4f97-b75e-9d7811e1d00a,e3ff95e4-34a9-4f4e-8824-a281e3f6581a,c0c384f9-34cd-41e7-bbaa-42afedcb20b1,361.61,INR,success,2026-05-29 15:36:49.952472+00:00
79473de2-d60e-4c40-9869-753eefc74b80,2bf03d2d-78e2-4f97-b75e-9d7811e1d00a,e3ff95e4-34a9-4f4e-8824-a281e3f6581a,c0c384f9-34cd-41e7-bbaa-42afedcb20b1,515.98,INR,success,2026-05-31 14:44:31.745534+00:00
b2298582-e703-4614-a2d7-69d931d2998a,4bbeb805-a87a-4ee1-b361-c8029438f337,52db07c4-6c66-48f8-b133-e3876d50dacf,8cc24c98-3ea6-48b0-a1e2-76020456e49a,405.05,INR,success,2026-05-26 09:00:38.845926+00:00
a768b022-2efd-4708-b13c-ff4e0f1140f6,4bbeb805-a87a-4ee1-b361-c8029438f337,52db07c4-6c66-48f8-b133-e3876d50dacf,8cc24c98-3ea6-48b0-a1e2-76020456e49a,530.05,INR,success,2026-05-26 09:33:09.303250+00:00
8c3ee351-4b6c-488f-9b2d-8848b8a358ee,4bbeb805-a87a-4ee1-b361-c8029438f337,52db07c4-6c66-48f8-b133-e3876d50dacf,8cc24c98-3ea6-48b0-a1e2-76020456e49a,210.93,INR,success,2026-05-27 08:19:26.241294+00:00
09277953-474a-485e-b08e-3267cc338435,4bbeb805-a87a-4ee1-b361-c8029438f337,52db07c4-6c66-48f8-b133-e3876d50dacf,8cc24c98-3ea6-48b0-a1e2-76020456e49a,221.11,INR,success,2026-05-27 08:24:54.376146+00:00
67cbe713-269a-4016-91ea-962dbf1c42d3,4bbeb805-a87a-4ee1-b361-c8029438f337,52db07c4-6c66-48f8-b133-e3876d50dacf,8cc24c98-3ea6-48b0-a1e2-76020456e49a,225.48,INR,success,2026-05-27 20:52:57.599716+00:00
29ec1d34-4d2a-46d6-bcb1-4ea07ea6d249,5f116b8d-dfc9-4075-a6b5-276f8d211aa3,d5b135f1-f650-469c-a766-7546156461d7,a1229c6e-09dc-4827-a7e0-c9c909fea234,884.19,INR,success,2026-05-04 10:25:19.834634+00:00
5672f5b0-d278-462d-8aa7-30f8d2288683,5f116b8d-dfc9-4075-a6b5-276f8d211aa3,d5b135f1-f650-469c-a766-7546156461d7,a1229c6e-09dc-4827-a7e0-c9c909fea234,645.81,INR,success,2026-05-04 20:52:22.784523+00:00
4010ba66-eeca-4a60-b9d3-abbd1c615121,5f116b8d-dfc9-4075-a6b5-276f8d211aa3,d5b135f1-f650-469c-a766-7546156461d7,a1229c6e-09dc-4827-a7e0-c9c909fea234,1494.93,INR,success,2026-05-21 00:44:44.965740+00:00
b9e8a01f-1300-4a24-8323-101d2e2f0943,5f116b8d-dfc9-4075-a6b5-276f8d211aa3,d5b135f1-f650-469c-a766-7546156461d7,a1229c6e-09dc-4827-a7e0-c9c909fea234,1208.09,INR,success,2026-05-27 02:38:00.215850+00:00
731044eb-d6f9-4f52-b3a8-a5060437cd79,8e26e597-a539-4dca-b361-83e3beea7b8c,c6007525-9bef-4b8e-8459-9ebae509f8ea,655ce74f-d4c5-4dde-9ebf-0b0f9208347f,1275.9,INR,success,2026-03-28 20:28:10.560099+00:00
6e142450-2668-4fbc-b0ba-0cfb3f18c52f,8e26e597-a539-4dca-b361-83e3beea7b8c,c6007525-9bef-4b8e-8459-9ebae509f8ea,655ce74f-d4c5-4dde-9ebf-0b0f9208347f,1276.17,INR,success,2026-04-15 18:43:10.826383+00:00
7d43615e-d899-463c-9a1f-e02b4bb922a7,8e26e597-a539-4dca-b361-83e3beea7b8c,c6007525-9bef-4b8e-8459-9ebae509f8ea,655ce74f-d4c5-4dde-9ebf-0b0f9208347f,1101.53,INR,success,2026-04-25 14:10:54.976113+00:00
86cb3ad2-7a6e-4ab1-9a14-6ebd44ee1354,8e26e597-a539-4dca-b361-83e3beea7b8c,c6007525-9bef-4b8e-8459-9ebae509f8ea,655ce74f-d4c5-4dde-9ebf-0b0f9208347f,1801.0,INR,success,2026-05-29 11:01:10.466317+00:00
177df3a2-7a20-4303-a203-e2c3a8d0090c,e6067926-e21e-4e7a-bd46-591d0ca81ae2,185313f4-d881-48b1-9ca5-0a35587786b2,6b0edb5a-2b27-4af3-82d5-d33f801bbd51,3053.58,INR,success,2026-03-14 23:04:04.127331+00:00
f74bc3f7-8778-4dee-b3bb-9282b098068c,e6067926-e21e-4e7a-bd46-591d0ca81ae2,185313f4-d881-48b1-9ca5-0a35587786b2,6b0edb5a-2b27-4af3-82d5-d33f801bbd51,1939.25,INR,success,2026-04-25 17:30:41.176237+00:00
c993e9e6-49dd-466a-afee-486e14e483f4,44a244cc-a00f-4db5-9045-8b4ca7960284,b708637d-fb13-404b-9272-fc799ee5649f,94efbf6d-a404-4253-ac82-f6a530840452,3047.57,INR,success,2026-04-04 00:45:25.077351+00:00
5ced7632-099a-4f75-b7aa-e2d4d1989967,44a244cc-a00f-4db5-9045-8b4ca7960284,b708637d-fb13-404b-9272-fc799ee5649f,94efbf6d-a404-4253-ac82-f6a530840452,1376.03,INR,success,2026-04-18 08:30:17.400546+00:00
9969f029-de9d-4c9e-b6a8-c9861faf002e,e6471a50-00e8-45d1-ba87-a0749b68b0b4,8e2614cb-3504-4e82-966b-80bc26e03786,fba39b62-5e53-48b9-af1b-f0757856e36f,4602.65,INR,success,2026-04-11 03:05:16.344814+00:00
fdd233fc-6bcf-46f9-be03-fcae50103f00,e6471a50-00e8-45d1-ba87-a0749b68b0b4,8e2614cb-3504-4e82-966b-80bc26e03786,fba39b62-5e53-48b9-af1b-f0757856e36f,2974.44,INR,success,2026-04-11 06:43:14.563021+00:00
5575bda9-adb5-4c81-831e-f4fb1abb41a0,e6471a50-00e8-45d1-ba87-a0749b68b0b4,8e2614cb-3504-4e82-966b-80bc26e03786,fba39b62-5e53-48b9-af1b-f0757856e36f,2331.65,INR,success,2026-04-20 15:49:47.421227+00:00
0b7ee5cf-b91b-4810-be49-dc7f76c236a8,e6471a50-00e8-45d1-ba87-a0749b68b0b4,8e2614cb-3504-4e82-966b-80bc26e03786,fba39b62-5e53-48b9-af1b-f0757856e36f,4706.04,INR,success,2026-04-23 19:23:30.289276+00:00
e1e70e06-2522-4fb7-b466-fe92d057528d,0b052417-a128-416e-8a7b-eadfca37da25,04263deb-0586-4479-a0ad-1e592c809d85,1aae85e0-952c-45fb-9817-19145644ffc2,200.74,INR,success,2026-03-19 09:44:23.518973+00:00
7a034988-e35b-448d-8db7-497e34815c35,0b052417-a128-416e-8a7b-eadfca37da25,04263deb-0586-4479-a0ad-1e592c809d85,1aae85e0-952c-45fb-9817-19145644ffc2,3252.54,INR,success,2026-04-07 01:10:38.976043+00:00
fca5502f-6a67-484f-a2bd-2755fdcc834b,0b052417-a128-416e-8a7b-eadfca37da25,04263deb-0586-4479-a0ad-1e592c809d85,1aae85e0-952c-45fb-9817-19145644ffc2,1547.29,INR,success,2026-04-23 16:43:33.664959+00:00
00294e29-4613-410a-a57c-385536dbae06,7c31f6df-05be-410a-954d-1b897b69e78c,d4665bb0-b138-49c0-909e-889a6efab567,c030d7f3-790b-4efb-93dc-4202ee872ab8,3160.12,INR,success,2026-05-26 20:19:58.073705+00:00
bb73e3c5-d34e-41c8-9aea-a1b41029235f,7c31f6df-05be-410a-954d-1b897b69e78c,d4665bb0-b138-49c0-909e-889a6efab567,c030d7f3-790b-4efb-93dc-4202ee872ab8,1253.02,INR,success,2026-05-28 00:46:49.413964+00:00
5b5ad59b-81ea-45e5-b540-ecec3b652073,96aba59b-1288-4f7c-b507-4085930c5be3,ce6a40f8-fd12-464c-a948-c8a90b38d672,e0d5be2f-cc0f-4d94-a130-da2f2f999620,23.08,INR,success,2026-05-15 09:07:56.774226+00:00
87bd75ba-3523-4370-87b4-9d246da00890,96aba59b-1288-4f7c-b507-4085930c5be3,ce6a40f8-fd12-464c-a948-c8a90b38d672,e0d5be2f-cc0f-4d94-a130-da2f2f999620,580.79,INR,success,2026-05-25 12:39:07.816844+00:00
f8a00a61-e682-4047-97ba-296defd927b8,a222f69b-14b4-4ebb-b4e8-164fe793a574,a16b6aac-3104-4854-a190-56cfa5d386da,198cf4fb-77d9-4ae8-8c94-fd5981cbc063,10.0,INR,success,2026-05-05 02:56:27.360155+00:00
7c9a8d72-b757-4b91-8a0b-1e5309c95b2b,a222f69b-14b4-4ebb-b4e8-164fe793a574,a16b6aac-3104-4854-a190-56cfa5d386da,198cf4fb-77d9-4ae8-8c94-fd5981cbc063,2603.89,INR,success,2026-05-29 01:09:54.220900+00:00
4d9eaa6d-407c-45fd-ba7f-9a7015902ad8,a222f69b-14b4-4ebb-b4e8-164fe793a574,a16b6aac-3104-4854-a190-56cfa5d386da,198cf4fb-77d9-4ae8-8c94-fd5981cbc063,1035.0,INR,success,2026-05-29 20:33:39.781461+00:00
4c149dd4-0557-4ba3-a76a-c4e1632c9e43,e7bd243f-8d4a-440c-8468-d443640ddf52,5389e4a1-543b-45aa-b770-600b49224745,9d333e4c-da7a-43e4-876d-86f635748401,1132.85,INR,success,2026-05-11 03:31:17.003134+00:00
96e390c4-56c3-4caa-9964-3496246809cd,5ddaa991-2a42-4625-bcc2-119560679948,4f5d7448-abb5-405b-a19f-5b211115c73d,0c18b5b8-d3aa-4856-ac5c-03f2f4bdb6c2,3690.32,INR,success,2026-04-19 23:57:00.877200+00:00
e63a8510-9ddc-4fda-88b5-2c899cb83343,5ddaa991-2a42-4625-bcc2-119560679948,4f5d7448-abb5-405b-a19f-5b211115c73d,0c18b5b8-d3aa-4856-ac5c-03f2f4bdb6c2,388.25,INR,success,2026-04-20 18:05:53.578173+00:00
85fcaadc-0899-44dd-a7f7-c93529dd7c6b,5ddaa991-2a42-4625-bcc2-119560679948,4f5d7448-abb5-405b-a19f-5b211115c73d,0c18b5b8-d3aa-4856-ac5c-03f2f4bdb6c2,2254.14,INR,success,2026-05-22 20:33:18.998467+00:00
f4ce787c-4ccb-48e2-ab72-bdebd2f4c027,e587afe9-f652-4661-8a5a-351c22c81678,f0b08c20-6ef2-4ac0-919d-42eb4447ebd3,648715dd-b661-4d2e-af45-cf27c05a09e0,1661.75,INR,success,2026-04-18 05:10:13.157489+00:00
e6617c73-2297-4995-a797-63ee77ec7d22,f4ed3478-f02d-44c0-b1af-2ea85c85a1cd,adf7b7d7-0dff-4dbd-aed9-f118cffdb2f8,970dae1e-d0a5-4885-8729-2360661e1a7e,1259.61,INR,success,2026-03-30 09:57:21.742329+00:00
1b0e91e7-1611-4d76-aa27-f1dd98b2edfa,f4ed3478-f02d-44c0-b1af-2ea85c85a1cd,adf7b7d7-0dff-4dbd-aed9-f118cffdb2f8,970dae1e-d0a5-4885-8729-2360661e1a7e,4527.76,INR,success,2026-04-17 23:04:17.353955+00:00
4fada876-3c71-49d2-a5c8-dd792d620d96,f4ed3478-f02d-44c0-b1af-2ea85c85a1cd,adf7b7d7-0dff-4dbd-aed9-f118cffdb2f8,970dae1e-d0a5-4885-8729-2360661e1a7e,10.0,INR,success,2026-05-14 05:48:28.798044+00:00
40fe9500-df6f-4967-9a54-1c56c459a315,48fd869d-9ae5-42c3-8423-b8f45551b52b,47c84fce-b026-4c5d-9764-f0d5de4962ce,970dae1e-d0a5-4885-8729-2360661e1a7e,2627.16,INR,success,2026-04-04 13:17:28.436170+00:00
0bad130b-4393-461d-9052-bbccaa51efb5,48fd869d-9ae5-42c3-8423-b8f45551b52b,47c84fce-b026-4c5d-9764-f0d5de4962ce,970dae1e-d0a5-4885-8729-2360661e1a7e,2134.56,INR,success,2026-04-04 23:33:23.853629+00:00
869ff664-f5b5-434d-a6a8-3ec7b16b6c09,48fd869d-9ae5-42c3-8423-b8f45551b52b,47c84fce-b026-4c5d-9764-f0d5de4962ce,970dae1e-d0a5-4885-8729-2360661e1a7e,3175.32,INR,success,2026-05-03 22:34:43.345254+00:00
f613989d-f3e9-44e6-8269-b9ec67815e6e,48fd869d-9ae5-42c3-8423-b8f45551b52b,47c84fce-b026-4c5d-9764-f0d5de4962ce,970dae1e-d0a5-4885-8729-2360661e1a7e,746.11,INR,success,2026-05-10 03:16:45.265362+00:00
31824f59-1ab3-4fa2-9855-b928a0504d13,c6cab1db-abad-4c51-8866-149ffe97ecaa,4279cba8-1f43-4460-8f50-04c046578608,970dae1e-d0a5-4885-8729-2360661e1a7e,3687.46,INR,success,2026-04-29 12:16:26.930236+00:00
047ed56b-24fe-4586-b308-dc48b371b719,c6cab1db-abad-4c51-8866-149ffe97ecaa,4279cba8-1f43-4460-8f50-04c046578608,970dae1e-d0a5-4885-8729-2360661e1a7e,1871.92,INR,success,2026-05-06 06:50:29.627307+00:00
847abda8-c7dc-4f3e-98b8-d7886e834159,c6cab1db-abad-4c51-8866-149ffe97ecaa,4279cba8-1f43-4460-8f50-04c046578608,970dae1e-d0a5-4885-8729-2360661e1a7e,1780.36,INR,success,2026-05-08 10:48:27.831096+00:00
86757032-0f06-4188-85b9-a686fb1ea0ac,c6cab1db-abad-4c51-8866-149ffe97ecaa,4279cba8-1f43-4460-8f50-04c046578608,970dae1e-d0a5-4885-8729-2360661e1a7e,3029.71,INR,success,2026-05-08 20:52:18.456678+00:00
951b4941-4799-4f8d-a972-31618387f600,c6cab1db-abad-4c51-8866-149ffe97ecaa,4279cba8-1f43-4460-8f50-04c046578608,970dae1e-d0a5-4885-8729-2360661e1a7e,2129.52,INR,success,2026-05-17 15:10:03.640533+00:00
8e3e7468-1058-4377-be99-8a1cb1713aee,dd91bc05-78f7-4db9-b378-81074460fa8a,31ae9436-242a-42c9-a2bd-bc3f89e1352c,77241f75-3cf6-48c2-b9f3-0693e9536c7a,735.97,INR,success,2026-04-04 11:11:40.225175+00:00
a2efb329-ff04-4387-9471-08c7dd839591,dd91bc05-78f7-4db9-b378-81074460fa8a,31ae9436-242a-42c9-a2bd-bc3f89e1352c,77241f75-3cf6-48c2-b9f3-0693e9536c7a,417.21,INR,success,2026-04-07 06:20:35.474192+00:00
615ec41f-662a-4b79-8080-eeb3f980a99d,dd91bc05-78f7-4db9-b378-81074460fa8a,31ae9436-242a-42c9-a2bd-bc3f89e1352c,77241f75-3cf6-48c2-b9f3-0693e9536c7a,131.28,INR,success,2026-04-07 07:31:24.245623+00:00
11225d2e-6556-4097-b395-e4ca93d8a577,dd91bc05-78f7-4db9-b378-81074460fa8a,31ae9436-242a-42c9-a2bd-bc3f89e1352c,77241f75-3cf6-48c2-b9f3-0693e9536c7a,436.02,INR,success,2026-04-11 08:55:35.223569+00:00
9d42a510-e1db-4189-91c3-5101d09fa67e,dd91bc05-78f7-4db9-b378-81074460fa8a,31ae9436-242a-42c9-a2bd-bc3f89e1352c,77241f75-3cf6-48c2-b9f3-0693e9536c7a,354.8,INR,success,2026-05-16 22:46:15.399777+00:00
56a7ab40-9c7f-4173-96f5-d9846d7e191e,06b2f279-0939-4fe0-9064-87a385945eef,9bcaea82-9a02-40e7-8020-c39b3c1dff2d,77241f75-3cf6-48c2-b9f3-0693e9536c7a,6021.98,INR,success,2026-03-23 17:10:35.467956+00:00
8201dc80-e283-42e4-8c8a-47b2104028a2,06b2f279-0939-4fe0-9064-87a385945eef,9bcaea82-9a02-40e7-8020-c39b3c1dff2d,77241f75-3cf6-48c2-b9f3-0693e9536c7a,508.05,INR,success,2026-04-13 15:08:04.365255+00:00
d48ba76f-081a-43e8-a62d-8bb74901190a,06b2f279-0939-4fe0-9064-87a385945eef,9bcaea82-9a02-40e7-8020-c39b3c1dff2d,77241f75-3cf6-48c2-b9f3-0693e9536c7a,5597.39,INR,success,2026-05-11 20:35:02.625229+00:00
900b633e-bff3-4927-9981-9e44471ed869,06b2f279-0939-4fe0-9064-87a385945eef,9bcaea82-9a02-40e7-8020-c39b3c1dff2d,77241f75-3cf6-48c2-b9f3-0693e9536c7a,6400.42,INR,success,2026-05-12 13:12:51.422207+00:00
07c4950b-ffde-4248-b8b7-64d01bf593c2,a1b4d1fa-baa3-4d12-bae5-35e567c3f061,7e8d28bc-ae00-4c9a-90a7-0a7cf77e1c25,77241f75-3cf6-48c2-b9f3-0693e9536c7a,1246.23,INR,success,2026-05-24 01:32:00.403901+00:00
82121e19-c4b0-45fd-99fd-377d121f89a7,f6dfed79-5402-45fa-a5e3-c7bb6445d018,c1b2ebf5-b410-4530-a5ab-982143ab5b5c,77241f75-3cf6-48c2-b9f3-0693e9536c7a,2884.75,INR,success,2026-04-21 08:23:39.623974+00:00
1c169843-1c86-4187-9c60-0d9ef35c127c,f6dfed79-5402-45fa-a5e3-c7bb6445d018,c1b2ebf5-b410-4530-a5ab-982143ab5b5c,77241f75-3cf6-48c2-b9f3-0693e9536c7a,10.0,INR,success,2026-04-29 09:46:32.511765+00:00
2b327313-d38e-424f-b118-ef78e8043702,f6dfed79-5402-45fa-a5e3-c7bb6445d018,c1b2ebf5-b410-4530-a5ab-982143ab5b5c,77241f75-3cf6-48c2-b9f3-0693e9536c7a,2127.3,INR,success,2026-05-09 06:31:47.527172+00:00
0500c3fc-ec83-4359-b4b4-6a1ba6d5eaf7,a11bcbf5-5812-4bc2-bea2-98c01abd67f1,b71bf8bb-a0c1-4448-bc4a-b48e660c1798,77241f75-3cf6-48c2-b9f3-0693e9536c7a,3619.6,INR,success,2026-05-12 21:33:21.589712+00:00
992c75c5-6578-4ddf-9021-5af9131ccab1,a11bcbf5-5812-4bc2-bea2-98c01abd67f1,b71bf8bb-a0c1-4448-bc4a-b48e660c1798,77241f75-3cf6-48c2-b9f3-0693e9536c7a,10.0,INR,success,2026-05-13 19:01:14.297421+00:00
38943c94-784c-484c-bd9b-68457a8051d3,a11bcbf5-5812-4bc2-bea2-98c01abd67f1,b71bf8bb-a0c1-4448-bc4a-b48e660c1798,77241f75-3cf6-48c2-b9f3-0693e9536c7a,2794.43,INR,success,2026-05-17 08:10:46.183902+00:00
18845698-50fb-4874-881d-94b788e30cda,a11bcbf5-5812-4bc2-bea2-98c01abd67f1,b71bf8bb-a0c1-4448-bc4a-b48e660c1798,77241f75-3cf6-48c2-b9f3-0693e9536c7a,2405.66,INR,success,2026-05-26 16:00:39.043235+00:00
6851aa2f-969d-471e-8ea2-52d4b80c5e67,335a76ec-a1fb-46f0-bb52-59aff8b2aecf,55c7619a-7858-4974-85d4-306f79569111,7d359ab6-1f3e-4d3a-9ed0-226ef689af46,1966.05,INR,success,2026-04-17 10:17:31.403421+00:00
aa7d0cf7-69a6-4765-90f9-34ea8e1a8d1e,335a76ec-a1fb-46f0-bb52-59aff8b2aecf,55c7619a-7858-4974-85d4-306f79569111,7d359ab6-1f3e-4d3a-9ed0-226ef689af46,815.78,INR,success,2026-05-03 11:12:53.830752+00:00
994bd5e6-ccdd-4bfa-8eac-2513c62a6012,08bce2b5-6c95-4000-850e-86f5e1be0295,55c7619a-7858-4974-85d4-306f79569111,7d359ab6-1f3e-4d3a-9ed0-226ef689af46,1251.49,INR,success,2026-04-18 10:12:15.512774+00:00
f4f7e6a7-c566-44ad-a4c6-a4343120ada0,08bce2b5-6c95-4000-850e-86f5e1be0295,55c7619a-7858-4974-85d4-306f79569111,7d359ab6-1f3e-4d3a-9ed0-226ef689af46,878.45,INR,success,2026-04-23 19:29:34.646594+00:00
e2a479d7-4ab3-4121-9d19-92e84cd0d626,08bce2b5-6c95-4000-850e-86f5e1be0295,55c7619a-7858-4974-85d4-306f79569111,7d359ab6-1f3e-4d3a-9ed0-226ef689af46,82.37,INR,success,2026-04-28 18:57:56.497940+00:00
5dd415e2-d7d5-48c2-a7b4-ebbbe70c154f,08bce2b5-6c95-4000-850e-86f5e1be0295,55c7619a-7858-4974-85d4-306f79569111,7d359ab6-1f3e-4d3a-9ed0-226ef689af46,740.59,INR,success,2026-05-10 15:51:18.819885+00:00
ff4d2446-744e-4854-a87b-3773e4ea7485,08bce2b5-6c95-4000-850e-86f5e1be0295,55c7619a-7858-4974-85d4-306f79569111,7d359ab6-1f3e-4d3a-9ed0-226ef689af46,330.2,INR,success,2026-05-14 23:02:25.686075+00:00
74163c57-1c68-4d88-88ec-ed717cc5e4f5,08bce2b5-6c95-4000-850e-86f5e1be0295,55c7619a-7858-4974-85d4-306f79569111,7d359ab6-1f3e-4d3a-9ed0-226ef689af46,734.84,INR,success,2026-05-20 07:42:14.941318+00:00
de0e880c-98b5-406f-8b12-c5afb5a77447,41b8ec58-2189-4422-ac39-ec4b48b707a5,55c7619a-7858-4974-85d4-306f79569111,7d359ab6-1f3e-4d3a-9ed0-226ef689af46,958.46,INR,success,2026-04-26 22:15:41.181074+00:00
fa5532c0-8a95-4f25-acff-b38e3fadcfe2,41b8ec58-2189-4422-ac39-ec4b48b707a5,55c7619a-7858-4974-85d4-306f79569111,7d359ab6-1f3e-4d3a-9ed0-226ef689af46,1493.23,INR,success,2026-04-29 18:21:26.126970+00:00
db2ffd90-06df-4c4e-b153-5fb2ea06f5a9,41b8ec58-2189-4422-ac39-ec4b48b707a5,55c7619a-7858-4974-85d4-306f79569111,7d359ab6-1f3e-4d3a-9ed0-226ef689af46,2212.24,INR,success,2026-05-10 15:57:18.785270+00:00
a32cdd2e-8107-43cc-86bb-15cd92b7c559,41b8ec58-2189-4422-ac39-ec4b48b707a5,55c7619a-7858-4974-85d4-306f79569111,7d359ab6-1f3e-4d3a-9ed0-226ef689af46,1235.1,INR,success,2026-05-21 01:38:43.261257+00:00
420e6f5f-217f-403e-b16f-aa3d3bc82b55,41b8ec58-2189-4422-ac39-ec4b48b707a5,55c7619a-7858-4974-85d4-306f79569111,7d359ab6-1f3e-4d3a-9ed0-226ef689af46,2834.73,INR,success,2026-05-24 06:00:46.043663+00:00
80d7e5e0-5731-4c80-ae0f-ad8e038a6ee5,19e8f7a6-934d-4f87-ae7b-e202435aadfe,55c7619a-7858-4974-85d4-306f79569111,7d359ab6-1f3e-4d3a-9ed0-226ef689af46,4978.9,INR,success,2026-05-01 06:54:32.887851+00:00
745ca8ac-a5d0-4f82-82df-0435aa6618bd,19e8f7a6-934d-4f87-ae7b-e202435aadfe,55c7619a-7858-4974-85d4-306f79569111,7d359ab6-1f3e-4d3a-9ed0-226ef689af46,2547.55,INR,success,2026-05-04 13:30:40.055714+00:00
fbe6fccd-41bf-4a05-bfac-feb94cd15b1c,19e8f7a6-934d-4f87-ae7b-e202435aadfe,55c7619a-7858-4974-85d4-306f79569111,7d359ab6-1f3e-4d3a-9ed0-226ef689af46,5384.39,INR,success,2026-05-11 09:50:24.847042+00:00
ddfb5006-1ee0-4d86-818d-a2c950c10add,19e8f7a6-934d-4f87-ae7b-e202435aadfe,55c7619a-7858-4974-85d4-306f79569111,7d359ab6-1f3e-4d3a-9ed0-226ef689af46,4404.9,INR,success,2026-05-12 15:47:37.642909+00:00
ced9a9b4-2867-446c-a6f8-231ee471c264,497ca70c-91e1-47dc-97e3-6b3bd6446362,165f941a-f36a-47bc-9b90-4a89880e84e8,246c2cd6-c141-454a-973c-9659656b7f3e,2334.51,INR,success,2026-03-06 15:26:25.612057+00:00
c4c4d62a-2d5e-4b15-95cf-a458ed3ebc67,497ca70c-91e1-47dc-97e3-6b3bd6446362,165f941a-f36a-47bc-9b90-4a89880e84e8,246c2cd6-c141-454a-973c-9659656b7f3e,2730.2,INR,success,2026-04-30 11:26:44.722533+00:00
835d0371-fcd1-456e-831e-6dacadd8e75a,497ca70c-91e1-47dc-97e3-6b3bd6446362,165f941a-f36a-47bc-9b90-4a89880e84e8,246c2cd6-c141-454a-973c-9659656b7f3e,2386.84,INR,success,2026-05-18 20:48:11.554492+00:00
e9ed2bc5-c7f4-4b10-bbf0-54bb71808154,497ca70c-91e1-47dc-97e3-6b3bd6446362,165f941a-f36a-47bc-9b90-4a89880e84e8,246c2cd6-c141-454a-973c-9659656b7f3e,1954.44,INR,success,2026-05-22 06:35:00.132247+00:00
01e583b3-fa60-497e-8fe6-5e17f4104df9,6311b4ce-4362-42f8-ba21-50a0a5f6736d,165f941a-f36a-47bc-9b90-4a89880e84e8,246c2cd6-c141-454a-973c-9659656b7f3e,262.07,INR,success,2026-03-28 13:32:29.601362+00:00
a9cce4fa-18c6-4737-9cad-bb93562d9db8,6311b4ce-4362-42f8-ba21-50a0a5f6736d,165f941a-f36a-47bc-9b90-4a89880e84e8,246c2cd6-c141-454a-973c-9659656b7f3e,1487.6,INR,success,2026-04-24 12:54:46.789432+00:00
fbc0df56-6f47-4110-9c81-4db9186da284,6311b4ce-4362-42f8-ba21-50a0a5f6736d,165f941a-f36a-47bc-9b90-4a89880e84e8,246c2cd6-c141-454a-973c-9659656b7f3e,294.2,INR,success,2026-04-30 17:13:42.511161+00:00
f550537c-b466-4fa3-9ada-fea434bec285,6311b4ce-4362-42f8-ba21-50a0a5f6736d,165f941a-f36a-47bc-9b90-4a89880e84e8,246c2cd6-c141-454a-973c-9659656b7f3e,2096.72,INR,success,2026-05-06 01:26:00.973419+00:00
d0e47fdc-906a-448c-a32a-4ba0be593a74,6311b4ce-4362-42f8-ba21-50a0a5f6736d,165f941a-f36a-47bc-9b90-4a89880e84e8,246c2cd6-c141-454a-973c-9659656b7f3e,867.18,INR,success,2026-05-12 19:01:25.011433+00:00
0af2aec3-e4f4-447b-acf4-f6ffa53f247f,6311b4ce-4362-42f8-ba21-50a0a5f6736d,165f941a-f36a-47bc-9b90-4a89880e84e8,246c2cd6-c141-454a-973c-9659656b7f3e,1645.33,INR,success,2026-05-31 13:36:46.146484+00:00
28381e3a-b741-49e8-92c3-935135ec162e,ec243205-62bc-4c29-b7a3-e96ba1cde561,165f941a-f36a-47bc-9b90-4a89880e84e8,246c2cd6-c141-454a-973c-9659656b7f3e,130.03,INR,success,2026-04-05 18:02:15.294198+00:00
a43265a1-b017-4f6b-8643-216a91becf2e,ec243205-62bc-4c29-b7a3-e96ba1cde561,165f941a-f36a-47bc-9b90-4a89880e84e8,246c2cd6-c141-454a-973c-9659656b7f3e,435.15,INR,success,2026-04-20 01:12:06.526108+00:00
e5a11fe6-0781-449c-a614-21f182bb8bee,ec243205-62bc-4c29-b7a3-e96ba1cde561,165f941a-f36a-47bc-9b90-4a89880e84e8,246c2cd6-c141-454a-973c-9659656b7f3e,476.69,INR,success,2026-05-08 15:33:30.529514+00:00
d1befbfc-69a9-4a4b-b8d0-56d651ad2998,ec243205-62bc-4c29-b7a3-e96ba1cde561,165f941a-f36a-47bc-9b90-4a89880e84e8,246c2cd6-c141-454a-973c-9659656b7f3e,610.17,INR,success,2026-05-21 01:40:08.465362+00:00
541e25f4-c5c6-4e26-8072-e2999b024f11,ec243205-62bc-4c29-b7a3-e96ba1cde561,165f941a-f36a-47bc-9b90-4a89880e84e8,246c2cd6-c141-454a-973c-9659656b7f3e,172.61,INR,success,2026-05-24 20:10:20.184153+00:00
51a83d5d-da71-46ff-b14f-f96e6f3ff2b1,ec243205-62bc-4c29-b7a3-e96ba1cde561,165f941a-f36a-47bc-9b90-4a89880e84e8,246c2cd6-c141-454a-973c-9659656b7f3e,254.06,INR,success,2026-05-30 12:37:35.101114+00:00
05b1a759-e68a-4759-9731-0fd22d984532,afd7ba64-19e9-485c-9363-3357372feed4,165f941a-f36a-47bc-9b90-4a89880e84e8,246c2cd6-c141-454a-973c-9659656b7f3e,622.97,INR,success,2026-05-07 16:05:10.296015+00:00
1599fcdb-49e7-444c-8709-9579ff0f783f,afd7ba64-19e9-485c-9363-3357372feed4,165f941a-f36a-47bc-9b90-4a89880e84e8,246c2cd6-c141-454a-973c-9659656b7f3e,313.49,INR,success,2026-05-14 00:12:47.135469+00:00
ab7679bd-ba46-4eb7-82bb-a9e3065c0648,afd7ba64-19e9-485c-9363-3357372feed4,165f941a-f36a-47bc-9b90-4a89880e84e8,246c2cd6-c141-454a-973c-9659656b7f3e,420.2,INR,success,2026-05-19 21:00:00.919245+00:00
b7d29d4a-ea42-4b7a-af89-78d94e30b104,049ebfed-dbdc-4d78-93f5-ad9da430e229,165f941a-f36a-47bc-9b90-4a89880e84e8,246c2cd6-c141-454a-973c-9659656b7f3e,1918.13,INR,success,2026-05-31 12:40:15.471463+00:00
b53d2e43-00a1-4b6a-b2ad-e9e81d4d1cdd,a9606538-45a6-48a0-8b03-af056ea592ac,edbaf32c-c123-42b7-9f86-2208ea6cc12c,6d6f850a-7729-4ea8-a915-218f4b8e48c6,1720.36,INR,success,2026-04-20 07:29:50.641462+00:00
54d9c957-2e91-41e4-bfd3-4bbfe70681f3,a9606538-45a6-48a0-8b03-af056ea592ac,edbaf32c-c123-42b7-9f86-2208ea6cc12c,6d6f850a-7729-4ea8-a915-218f4b8e48c6,4934.12,INR,success,2026-05-12 04:06:15.341628+00:00
613c1a16-e289-49db-a1e2-c6d3e555d948,a9606538-45a6-48a0-8b03-af056ea592ac,edbaf32c-c123-42b7-9f86-2208ea6cc12c,6d6f850a-7729-4ea8-a915-218f4b8e48c6,2824.67,INR,success,2026-05-30 15:39:09.214380+00:00
13411f0b-d156-454d-81b8-b210090d5b92,31f2bcce-c808-43fb-9bf6-6eb71999be77,e787e885-4c7f-4085-8161-6bd1c5f5d964,6d6f850a-7729-4ea8-a915-218f4b8e48c6,1844.39,INR,success,2026-04-21 20:55:47.436759+00:00
b6e25319-45ea-4114-ae75-335c3da6a02f,31f2bcce-c808-43fb-9bf6-6eb71999be77,e787e885-4c7f-4085-8161-6bd1c5f5d964,6d6f850a-7729-4ea8-a915-218f4b8e48c6,867.69,INR,success,2026-04-30 15:44:23.875307+00:00
6eb69ba0-dd43-4133-bb98-4221bc02ac14,aa388d09-0c3a-4c25-b889-84915934aa6a,ab3fee0d-ee26-4f29-b1ba-030333717417,6d6f850a-7729-4ea8-a915-218f4b8e48c6,1336.13,INR,success,2026-05-08 13:42:41.161818+00:00
d633f236-c7cb-44c1-a686-4f3c4581e418,aa388d09-0c3a-4c25-b889-84915934aa6a,ab3fee0d-ee26-4f29-b1ba-030333717417,6d6f850a-7729-4ea8-a915-218f4b8e48c6,3017.12,INR,success,2026-05-11 15:21:42.663765+00:00
1d68e821-c3a6-44a0-87aa-c07e57f6962a,8ccdd5a5-b2e3-4402-a94f-167417b152c0,51e901d9-abcc-47bd-af91-5b79983db2c2,6d6f850a-7729-4ea8-a915-218f4b8e48c6,1306.99,INR,success,2026-05-06 07:46:17.926977+00:00
7cd5d4e6-f058-4c87-82be-c834f24075c1,8ccdd5a5-b2e3-4402-a94f-167417b152c0,51e901d9-abcc-47bd-af91-5b79983db2c2,6d6f850a-7729-4ea8-a915-218f4b8e48c6,2416.33,INR,success,2026-05-09 09:52:40.228301+00:00
dcb4311b-612f-495a-8b17-0042be79c76b,8ccdd5a5-b2e3-4402-a94f-167417b152c0,51e901d9-abcc-47bd-af91-5b79983db2c2,6d6f850a-7729-4ea8-a915-218f4b8e48c6,3070.55,INR,success,2026-05-13 10:33:47.066993+00:00
d2ac1264-b852-4144-9c1c-8d3136bbfa6e,8ccdd5a5-b2e3-4402-a94f-167417b152c0,51e901d9-abcc-47bd-af91-5b79983db2c2,6d6f850a-7729-4ea8-a915-218f4b8e48c6,3757.39,INR,success,2026-05-20 16:41:11.556809+00:00
250b133f-4a45-4116-b034-76938139d9b1,8ccdd5a5-b2e3-4402-a94f-167417b152c0,51e901d9-abcc-47bd-af91-5b79983db2c2,6d6f850a-7729-4ea8-a915-218f4b8e48c6,1613.59,INR,success,2026-05-25 21:42:17.936809+00:00
434b4a75-57bf-465b-a995-ad6d6ff1ab24,8ccdd5a5-b2e3-4402-a94f-167417b152c0,51e901d9-abcc-47bd-af91-5b79983db2c2,6d6f850a-7729-4ea8-a915-218f4b8e48c6,3488.45,INR,success,2026-05-31 23:30:38.101124+00:00
eeb5cfd9-189a-4101-9d35-d34099932f98,a8271b16-55c8-4821-b755-439ac06bd2d9,d501ecaa-495f-4888-8451-05ad7c834abb,6d6f850a-7729-4ea8-a915-218f4b8e48c6,2234.8,INR,success,2026-05-16 13:39:40.291610+00:00
c8cbee4e-6bd0-4d01-87ec-ceb1f2d55ff0,a8271b16-55c8-4821-b755-439ac06bd2d9,d501ecaa-495f-4888-8451-05ad7c834abb,6d6f850a-7729-4ea8-a915-218f4b8e48c6,1706.97,INR,success,2026-05-19 06:54:20.221227+00:00
5e77f93c-9be2-4ade-9e0d-0a53c62981ff,a8271b16-55c8-4821-b755-439ac06bd2d9,d501ecaa-495f-4888-8451-05ad7c834abb,6d6f850a-7729-4ea8-a915-218f4b8e48c6,1962.79,INR,success,2026-05-20 06:24:50.009108+00:00
4d5d999e-35fc-40ca-9e16-5dbc3bb1f8a5,a8271b16-55c8-4821-b755-439ac06bd2d9,d501ecaa-495f-4888-8451-05ad7c834abb,6d6f850a-7729-4ea8-a915-218f4b8e48c6,1032.81,INR,success,2026-05-30 11:29:56.699120+00:00
83eb4f2b-4aed-4837-8eeb-117c49ed0810,383eec63-4198-419f-a531-39baf0b60699,ab7d6464-601e-455e-bbf2-a9096e64f047,eede2f49-3d69-409d-bf30-7c2ee736602c,3389.89,INR,success,2026-04-08 18:32:13.200269+00:00
8944d067-639a-48ad-beec-44412e2ed4d0,383eec63-4198-419f-a531-39baf0b60699,ab7d6464-601e-455e-bbf2-a9096e64f047,eede2f49-3d69-409d-bf30-7c2ee736602c,4905.96,INR,success,2026-04-17 00:09:56.472411+00:00
ec525ab5-fa28-4664-b751-a588b7dda38b,4b766405-3ca7-4e15-895d-8da94412a5b4,da7b7a9f-ab57-4126-af80-8985c694d6fe,bcc5f8cd-0b6e-453d-b541-d8bae5ed3fdd,4688.99,INR,success,2026-04-12 21:06:15.613528+00:00
f6989e2a-7c87-4081-8108-597ca8dcb891,4b766405-3ca7-4e15-895d-8da94412a5b4,da7b7a9f-ab57-4126-af80-8985c694d6fe,bcc5f8cd-0b6e-453d-b541-d8bae5ed3fdd,5673.17,INR,success,2026-04-19 13:36:52.803481+00:00
b4580b4b-5ceb-47f8-bd72-a5c5521750eb,4b766405-3ca7-4e15-895d-8da94412a5b4,da7b7a9f-ab57-4126-af80-8985c694d6fe,bcc5f8cd-0b6e-453d-b541-d8bae5ed3fdd,4938.88,INR,success,2026-04-24 07:55:14.243636+00:00
74529f45-45a8-475f-a4d8-576b07da157e,4b766405-3ca7-4e15-895d-8da94412a5b4,da7b7a9f-ab57-4126-af80-8985c694d6fe,bcc5f8cd-0b6e-453d-b541-d8bae5ed3fdd,727.37,INR,success,2026-04-24 18:32:22.481017+00:00
a14dc19c-22fc-4da4-95be-762e3b1e668e,4b766405-3ca7-4e15-895d-8da94412a5b4,da7b7a9f-ab57-4126-af80-8985c694d6fe,bcc5f8cd-0b6e-453d-b541-d8bae5ed3fdd,4920.9,INR,success,2026-05-08 03:08:10.713245+00:00
72c0f238-3cf7-49f3-a8d3-8a29771b9879,4b766405-3ca7-4e15-895d-8da94412a5b4,da7b7a9f-ab57-4126-af80-8985c694d6fe,bcc5f8cd-0b6e-453d-b541-d8bae5ed3fdd,2999.09,INR,success,2026-05-10 07:30:59.796381+00:00
fb8b9dc3-dc0d-4311-8cc2-f0218605b213,ef693518-669b-4702-b38a-ddbfeda39e0e,d5de0417-0803-4637-8576-a6e79b642819,6daadbf8-5f21-415b-b8cb-1a9f9f9a6f20,375.36,INR,success,2026-05-19 19:34:29.558663+00:00
7da0cc6a-1bc2-4513-9b77-46c82c4b5775,ef693518-669b-4702-b38a-ddbfeda39e0e,d5de0417-0803-4637-8576-a6e79b642819,6daadbf8-5f21-415b-b8cb-1a9f9f9a6f20,1759.91,INR,success,2026-05-26 22:11:48.739345+00:00
b7465221-4a45-4bc2-90d6-37a374240b87,f6ff5b3f-61cb-4c78-9404-38602be0971c,7c2fcb68-b364-4c09-b783-e43a662b59d1,b75e4262-8ed9-49ee-be6c-b318c7ee4fd7,240.76,INR,success,2026-03-08 05:30:10.944678+00:00
e8a38252-094f-4bff-864e-6fe0380c9aab,f6ff5b3f-61cb-4c78-9404-38602be0971c,7c2fcb68-b364-4c09-b783-e43a662b59d1,b75e4262-8ed9-49ee-be6c-b318c7ee4fd7,919.75,INR,success,2026-04-20 01:57:57.380112+00:00
a361c0ea-87a4-49c7-809b-21987f7a115b,f6ff5b3f-61cb-4c78-9404-38602be0971c,7c2fcb68-b364-4c09-b783-e43a662b59d1,b75e4262-8ed9-49ee-be6c-b318c7ee4fd7,1122.32,INR,success,2026-04-20 17:09:28.276861+00:00
82bb561e-0948-4bd4-8951-e8200196d8aa,f6ff5b3f-61cb-4c78-9404-38602be0971c,7c2fcb68-b364-4c09-b783-e43a662b59d1,b75e4262-8ed9-49ee-be6c-b318c7ee4fd7,615.12,INR,success,2026-04-24 05:39:54.738066+00:00
3660738a-3e7c-4975-a1b3-05ab257087b7,461316a1-94d9-4762-95aa-5d510eecb5a2,63a9e175-8777-481e-85d6-963d92a17998,d2960025-e06c-4b83-bff5-1fcd5bdab91f,736.56,INR,success,2026-04-25 22:26:01.444618+00:00
22325aac-739f-4345-a267-59c68f717fc1,461316a1-94d9-4762-95aa-5d510eecb5a2,63a9e175-8777-481e-85d6-963d92a17998,d2960025-e06c-4b83-bff5-1fcd5bdab91f,1191.75,INR,success,2026-05-03 14:32:50.969243+00:00
bafcfbf2-d65d-48ad-84d6-6ff8a8c9cddb,461316a1-94d9-4762-95aa-5d510eecb5a2,63a9e175-8777-481e-85d6-963d92a17998,d2960025-e06c-4b83-bff5-1fcd5bdab91f,679.95,INR,success,2026-05-10 04:13:41.364313+00:00
0a7cae1d-f2b6-4d87-ad5c-122e017c37b3,461316a1-94d9-4762-95aa-5d510eecb5a2,63a9e175-8777-481e-85d6-963d92a17998,d2960025-e06c-4b83-bff5-1fcd5bdab91f,307.33,INR,success,2026-05-19 09:29:26.030482+00:00
909c2a59-2617-4c8e-8373-284af6b4ff14,8739cfa7-8a2f-4916-8cb7-ab1873f1ccad,00704023-ce1b-45ee-84e4-04d665718303,4c89b810-9196-406a-be51-be4e02dca79b,628.42,INR,success,2026-05-30 22:46:14.630161+00:00
143dcb54-8dd1-47fa-a1f0-8e4a3530740a,8739cfa7-8a2f-4916-8cb7-ab1873f1ccad,00704023-ce1b-45ee-84e4-04d665718303,4c89b810-9196-406a-be51-be4e02dca79b,2820.19,INR,success,2026-05-31 04:10:44.847852+00:00
e1b6b0ac-6617-4207-be69-3f696f0fca11,8739cfa7-8a2f-4916-8cb7-ab1873f1ccad,00704023-ce1b-45ee-84e4-04d665718303,4c89b810-9196-406a-be51-be4e02dca79b,6845.7,INR,success,2026-05-31 08:59:19.979161+00:00
0c2bf244-5bd6-4597-a975-fe51b59c9fd5,8739cfa7-8a2f-4916-8cb7-ab1873f1ccad,00704023-ce1b-45ee-84e4-04d665718303,4c89b810-9196-406a-be51-be4e02dca79b,1392.98,INR,success,2026-05-31 09:50:52.785619+00:00
44570288-d916-4c93-954f-12c86cdd0064,39b7abee-a1f9-4e47-b4c2-a7aa991eb14b,1a8c231d-b69d-4720-80b4-9b65f0bdffcc,89e14e0d-5422-489d-a12d-6d63fb785c18,2125.53,INR,success,2026-04-02 08:30:45.576214+00:00
e8cb091c-46fd-40f3-8c08-1f4a34c4f4b9,39b7abee-a1f9-4e47-b4c2-a7aa991eb14b,1a8c231d-b69d-4720-80b4-9b65f0bdffcc,89e14e0d-5422-489d-a12d-6d63fb785c18,1511.06,INR,success,2026-05-16 22:27:02.518717+00:00
e7cb14e5-67e2-44da-ba06-3e1890e55cf0,64828a25-960e-48af-80da-29354c65ba6c,b02959cf-de34-4898-a603-dc8717fe2921,89e14e0d-5422-489d-a12d-6d63fb785c18,463.15,INR,success,2026-04-09 08:10:22.159373+00:00
b8c56789-cf23-4104-9de5-ca53ff429a15,64828a25-960e-48af-80da-29354c65ba6c,b02959cf-de34-4898-a603-dc8717fe2921,89e14e0d-5422-489d-a12d-6d63fb785c18,768.89,INR,success,2026-04-16 06:17:16.378903+00:00
bcfcf348-4526-4ea3-b09d-1b07305f6a87,64828a25-960e-48af-80da-29354c65ba6c,b02959cf-de34-4898-a603-dc8717fe2921,89e14e0d-5422-489d-a12d-6d63fb785c18,932.59,INR,success,2026-04-20 16:12:37.686224+00:00
9b7c9563-e37a-43e4-a53b-2f72002d2519,64828a25-960e-48af-80da-29354c65ba6c,b02959cf-de34-4898-a603-dc8717fe2921,89e14e0d-5422-489d-a12d-6d63fb785c18,1116.29,INR,success,2026-05-15 01:55:39.709804+00:00
32dc7e01-ddbc-447e-b4f7-c30f64bdef8a,3b37ba09-4b79-4315-a789-bf315010a87e,a5bc1146-41b9-4c80-b737-2c0d3eb3ed20,89e14e0d-5422-489d-a12d-6d63fb785c18,3398.21,INR,success,2026-04-20 21:26:25.387507+00:00
fc519963-5370-497e-8568-ff22f2bbc76f,3b37ba09-4b79-4315-a789-bf315010a87e,a5bc1146-41b9-4c80-b737-2c0d3eb3ed20,89e14e0d-5422-489d-a12d-6d63fb785c18,906.66,INR,success,2026-04-28 12:47:19.137083+00:00
a1903414-c5a7-4443-98d9-782927a0e7a8,faa408a6-2df9-47a9-9135-8401923c344f,5cf3483c-9e44-4018-953f-69642c79ef67,89e14e0d-5422-489d-a12d-6d63fb785c18,10.0,INR,success,2026-05-14 06:38:02.817135+00:00
c097f93e-c4d8-409a-91ac-9e40ffee47be,1a73b0a2-7720-405a-a095-5033cbfde59c,8376e293-343e-4e70-9464-f9d7d57c407e,89e14e0d-5422-489d-a12d-6d63fb785c18,3448.39,INR,success,2026-05-31 19:19:15.739805+00:00
9c787b48-7010-454c-82da-04d6ff81e6ae,4a427773-b7d3-46d0-8ff4-b3c800237941,fff9eb6b-368b-4dd7-ac6f-f9a622b1798d,a0fbc2f7-406d-47ec-9010-5263270e9c73,1752.66,INR,success,2026-03-23 15:00:19.506854+00:00
c6ae85ea-75c1-41cb-be69-1d83d8ca95ee,4a427773-b7d3-46d0-8ff4-b3c800237941,fff9eb6b-368b-4dd7-ac6f-f9a622b1798d,a0fbc2f7-406d-47ec-9010-5263270e9c73,3215.41,INR,success,2026-03-26 08:51:50.642421+00:00
637877f3-f034-4b4e-abe6-50a9df1d9702,4a427773-b7d3-46d0-8ff4-b3c800237941,fff9eb6b-368b-4dd7-ac6f-f9a622b1798d,a0fbc2f7-406d-47ec-9010-5263270e9c73,2479.35,INR,success,2026-03-27 20:00:46.287991+00:00
944f2faa-6dd0-4b47-a18e-f73d1f594b7e,4a427773-b7d3-46d0-8ff4-b3c800237941,fff9eb6b-368b-4dd7-ac6f-f9a622b1798d,a0fbc2f7-406d-47ec-9010-5263270e9c73,3864.31,INR,success,2026-04-29 10:40:45.197958+00:00
5909a9ef-0084-4891-a2c0-d54628b0210d,42ddf687-f995-4e8b-9d2f-a6945977682f,6575e494-a5da-478a-a465-5e35eb840c31,a0fbc2f7-406d-47ec-9010-5263270e9c73,3881.73,INR,success,2026-04-16 17:49:29.120178+00:00
365f7d97-fe36-4fac-9b8e-d9ef3e744911,42ddf687-f995-4e8b-9d2f-a6945977682f,6575e494-a5da-478a-a465-5e35eb840c31,a0fbc2f7-406d-47ec-9010-5263270e9c73,2719.86,INR,success,2026-04-22 02:20:52.153762+00:00
49337b74-eae0-4036-8325-2cd3632e673e,42ddf687-f995-4e8b-9d2f-a6945977682f,6575e494-a5da-478a-a465-5e35eb840c31,a0fbc2f7-406d-47ec-9010-5263270e9c73,3448.92,INR,success,2026-05-24 15:48:45.129087+00:00
df83b150-4e89-45d4-a188-35f81bd82c05,c407802c-38ab-4dd2-af51-1069a0419f26,df5e57e2-3849-461f-8462-4736c6a0bc82,a0fbc2f7-406d-47ec-9010-5263270e9c73,599.49,INR,success,2026-04-18 02:29:08.757406+00:00
1294e605-e433-4b68-8a35-dc1e8880b684,c407802c-38ab-4dd2-af51-1069a0419f26,df5e57e2-3849-461f-8462-4736c6a0bc82,a0fbc2f7-406d-47ec-9010-5263270e9c73,390.15,INR,success,2026-04-28 23:53:02.332842+00:00
a04e8765-a5c4-4e54-b7ff-34d2bb585f32,c407802c-38ab-4dd2-af51-1069a0419f26,df5e57e2-3849-461f-8462-4736c6a0bc82,a0fbc2f7-406d-47ec-9010-5263270e9c73,450.88,INR,success,2026-05-04 13:29:33.059436+00:00
bb34ba59-f277-4285-93d0-8dd80c7037ff,c407802c-38ab-4dd2-af51-1069a0419f26,df5e57e2-3849-461f-8462-4736c6a0bc82,a0fbc2f7-406d-47ec-9010-5263270e9c73,117.24,INR,success,2026-05-18 13:39:28.029749+00:00
521d86a5-a81f-40bc-bbaf-b15a97a9860f,c407802c-38ab-4dd2-af51-1069a0419f26,df5e57e2-3849-461f-8462-4736c6a0bc82,a0fbc2f7-406d-47ec-9010-5263270e9c73,841.23,INR,success,2026-05-29 17:31:33.765537+00:00
f529a5ad-222e-4f84-a09a-8af73e11eb2c,78faa3ba-3eb2-45a4-9fd3-610ae5cb6d2c,846fd360-5b54-4450-b8a1-6c1807742f64,a0fbc2f7-406d-47ec-9010-5263270e9c73,1834.37,INR,success,2026-04-25 20:30:35.744325+00:00
9c0facb5-28a2-49ba-bc28-c5903520d79a,78faa3ba-3eb2-45a4-9fd3-610ae5cb6d2c,846fd360-5b54-4450-b8a1-6c1807742f64,a0fbc2f7-406d-47ec-9010-5263270e9c73,1721.74,INR,success,2026-05-04 02:19:42.410331+00:00
edd06bbe-ac09-494b-a1c0-86001a0d5f93,78faa3ba-3eb2-45a4-9fd3-610ae5cb6d2c,846fd360-5b54-4450-b8a1-6c1807742f64,a0fbc2f7-406d-47ec-9010-5263270e9c73,3153.49,INR,success,2026-05-13 04:04:12.673151+00:00
bc88f659-c41b-45e2-bcbe-6d71adc8a2a1,78faa3ba-3eb2-45a4-9fd3-610ae5cb6d2c,846fd360-5b54-4450-b8a1-6c1807742f64,a0fbc2f7-406d-47ec-9010-5263270e9c73,2083.96,INR,success,2026-05-13 16:58:03.062798+00:00
7737f161-e233-491f-b43d-6930de3ababf,25e8bad3-3c2c-45b5-b100-7344cbdbdda1,d540368e-0fa7-4264-9443-b17f7179bd30,a0fbc2f7-406d-47ec-9010-5263270e9c73,372.11,INR,success,2026-05-27 02:39:57.866007+00:00
9d44a26b-3387-4ccf-a58b-e60bb12672f1,25e8bad3-3c2c-45b5-b100-7344cbdbdda1,d540368e-0fa7-4264-9443-b17f7179bd30,a0fbc2f7-406d-47ec-9010-5263270e9c73,736.38,INR,success,2026-05-30 22:51:27.694264+00:00
20c45846-4db5-4e8c-a94d-84f0b5303062,25e8bad3-3c2c-45b5-b100-7344cbdbdda1,d540368e-0fa7-4264-9443-b17f7179bd30,a0fbc2f7-406d-47ec-9010-5263270e9c73,847.68,INR,success,2026-05-31 04:41:18.293666+00:00
aaf7cbbd-ddf8-49ba-b85d-6cac0ee8e42e,68bda975-2690-47f1-ad5b-a5e8280a1e8f,4825720b-a845-49c5-a0eb-c71bc5e69dd5,e5cd25f8-aeca-4bce-8449-d037bd366ada,457.36,INR,success,2026-05-07 10:25:28.197033+00:00
406e3ebc-b0eb-43ea-834d-73bfd87f2409,68bda975-2690-47f1-ad5b-a5e8280a1e8f,4825720b-a845-49c5-a0eb-c71bc5e69dd5,e5cd25f8-aeca-4bce-8449-d037bd366ada,10.0,INR,success,2026-05-11 23:52:19.111830+00:00
aa5371f9-8009-4e0c-b705-03407f737432,68bda975-2690-47f1-ad5b-a5e8280a1e8f,4825720b-a845-49c5-a0eb-c71bc5e69dd5,e5cd25f8-aeca-4bce-8449-d037bd366ada,73.49,INR,success,2026-05-16 10:09:41.167994+00:00
82b9b767-db44-45f9-95d5-464614935690,68bda975-2690-47f1-ad5b-a5e8280a1e8f,4825720b-a845-49c5-a0eb-c71bc5e69dd5,e5cd25f8-aeca-4bce-8449-d037bd366ada,430.52,INR,success,2026-05-23 00:17:52.333323+00:00
cd31147d-88ef-4a46-a22e-56cc25823196,68bda975-2690-47f1-ad5b-a5e8280a1e8f,4825720b-a845-49c5-a0eb-c71bc5e69dd5,e5cd25f8-aeca-4bce-8449-d037bd366ada,534.78,INR,success,2026-05-30 01:07:59.924895+00:00
24867a3b-c840-4e47-afdb-0d0f56466b4d,3ef27a57-05cb-4797-91fd-afc31227a9d0,4825720b-a845-49c5-a0eb-c71bc5e69dd5,e5cd25f8-aeca-4bce-8449-d037bd366ada,4091.26,INR,success,2026-05-09 22:32:20.409179+00:00
7bc4bdee-6fae-4997-9208-a3e2e1b03807,3ef27a57-05cb-4797-91fd-afc31227a9d0,4825720b-a845-49c5-a0eb-c71bc5e69dd5,e5cd25f8-aeca-4bce-8449-d037bd366ada,2522.41,INR,success,2026-05-18 22:06:29.884786+00:00
ef0981bb-e2e0-489b-9e0e-7be5224a63f8,d1ed636a-b386-4d06-8edb-c76fb3771c64,4825720b-a845-49c5-a0eb-c71bc5e69dd5,e5cd25f8-aeca-4bce-8449-d037bd366ada,1812.42,INR,success,2026-04-05 03:07:03.406353+00:00
9fa32eb7-805a-40a7-a884-10872c303644,d1ed636a-b386-4d06-8edb-c76fb3771c64,4825720b-a845-49c5-a0eb-c71bc5e69dd5,e5cd25f8-aeca-4bce-8449-d037bd366ada,966.28,INR,success,2026-04-22 23:02:20.289518+00:00
62da14fe-acd2-4165-9633-5b3fdf57b27b,d1ed636a-b386-4d06-8edb-c76fb3771c64,4825720b-a845-49c5-a0eb-c71bc5e69dd5,e5cd25f8-aeca-4bce-8449-d037bd366ada,1654.49,INR,success,2026-04-25 15:08:51.523388+00:00
5774e643-c285-46c1-8108-a90086875898,d1ed636a-b386-4d06-8edb-c76fb3771c64,4825720b-a845-49c5-a0eb-c71bc5e69dd5,e5cd25f8-aeca-4bce-8449-d037bd366ada,1103.09,INR,success,2026-05-22 18:59:06.402756+00:00
f8a58746-e4b2-4a9d-8be4-e05837c98dc2,d1ed636a-b386-4d06-8edb-c76fb3771c64,4825720b-a845-49c5-a0eb-c71bc5e69dd5,e5cd25f8-aeca-4bce-8449-d037bd366ada,1086.99,INR,success,2026-05-26 11:46:28.900044+00:00
7ed3475c-d877-42ca-9f63-5a56cd60c1b3,d1ed636a-b386-4d06-8edb-c76fb3771c64,4825720b-a845-49c5-a0eb-c71bc5e69dd5,e5cd25f8-aeca-4bce-8449-d037bd366ada,61.16,INR,success,2026-05-27 09:04:37.914380+00:00
0210c98a-3ad4-49a3-8560-3e0c91402c5d,d2aab6e9-e67f-40c9-bf1f-67b6ad375cb9,2207e261-268b-4d14-80f5-bf5f7ba27797,1104555b-ee93-4ee3-be2b-11aa4b684329,5502.58,INR,success,2026-05-19 00:32:06.084389+00:00
6e36ae70-f1e3-4217-8f52-29ce525f4434,18967918-e2a3-4be6-99c3-07fa2458eb87,10fa06cc-4572-41ce-ad45-1dc5fa06e0bd,1104555b-ee93-4ee3-be2b-11aa4b684329,2098.43,INR,success,2026-04-28 22:50:08.126016+00:00
0be3eb2d-d038-452e-aabf-84d646897d06,18967918-e2a3-4be6-99c3-07fa2458eb87,10fa06cc-4572-41ce-ad45-1dc5fa06e0bd,1104555b-ee93-4ee3-be2b-11aa4b684329,2554.51,INR,success,2026-05-03 10:55:19.943680+00:00
c9e17847-a63d-41ab-92b8-7bf7311f079d,18967918-e2a3-4be6-99c3-07fa2458eb87,10fa06cc-4572-41ce-ad45-1dc5fa06e0bd,1104555b-ee93-4ee3-be2b-11aa4b684329,2383.78,INR,success,2026-05-10 22:22:48.273281+00:00
1c9c79e8-d5e3-4ecc-add0-9ca704602e90,18967918-e2a3-4be6-99c3-07fa2458eb87,10fa06cc-4572-41ce-ad45-1dc5fa06e0bd,1104555b-ee93-4ee3-be2b-11aa4b684329,2520.87,INR,success,2026-05-29 15:27:42.402866+00:00
c4a51723-fd0a-42d0-ac01-a09633b9b0c8,e3069380-227c-475b-aa01-a49466b24d1c,d2339899-561d-4971-afad-580de63de731,1104555b-ee93-4ee3-be2b-11aa4b684329,406.67,INR,success,2026-05-05 12:25:31.290798+00:00
3af62bf2-8d82-4468-8575-4c13de838dc7,e3069380-227c-475b-aa01-a49466b24d1c,d2339899-561d-4971-afad-580de63de731,1104555b-ee93-4ee3-be2b-11aa4b684329,474.26,INR,success,2026-05-11 06:02:06.751806+00:00
df792d42-96e7-45ea-a364-01382ab375b7,e3069380-227c-475b-aa01-a49466b24d1c,d2339899-561d-4971-afad-580de63de731,1104555b-ee93-4ee3-be2b-11aa4b684329,3293.89,INR,success,2026-05-21 17:56:06.763093+00:00
59e067cc-4ad5-4dbe-9f5a-99d7c19cd4e7,29d21bfd-605c-40a1-b592-d0824b89a1d8,187c5db6-e0c7-4ede-8442-6a160f6dac6f,1104555b-ee93-4ee3-be2b-11aa4b684329,2985.4,INR,success,2026-05-17 09:32:20.425978+00:00
f6d37a7a-ea19-4204-a6f2-78cc0cb5b2ac,68a2dd55-473b-4b48-a107-ffd2d9ba7bd2,dc085c82-3cf8-4504-90b2-7efd549f0a6f,1104555b-ee93-4ee3-be2b-11aa4b684329,2035.55,INR,success,2026-05-26 03:05:42.726454+00:00
2badb1ad-098b-4645-8e4b-a5441d1e2507,68a2dd55-473b-4b48-a107-ffd2d9ba7bd2,dc085c82-3cf8-4504-90b2-7efd549f0a6f,1104555b-ee93-4ee3-be2b-11aa4b684329,3083.36,INR,success,2026-05-27 03:26:41.754397+00:00
aedf9e8f-2934-4e47-a673-498e8307990d,68a2dd55-473b-4b48-a107-ffd2d9ba7bd2,dc085c82-3cf8-4504-90b2-7efd549f0a6f,1104555b-ee93-4ee3-be2b-11aa4b684329,5301.52,INR,success,2026-05-27 21:46:40.202574+00:00
fdda7600-17df-405e-8e3c-ac45e7f06262,68a2dd55-473b-4b48-a107-ffd2d9ba7bd2,dc085c82-3cf8-4504-90b2-7efd549f0a6f,1104555b-ee93-4ee3-be2b-11aa4b684329,4325.78,INR,success,2026-05-28 19:11:04.124481+00:00
d7d29afa-67bc-4f0b-ad80-87d09d080c30,63af2167-4320-4ec9-a00a-b39357b10a02,578a1b55-dcf1-4e6f-b8f9-6cd4a031ebfd,9e7a5f22-fa59-4350-8a31-48333e06284d,258.67,INR,success,2026-04-02 16:42:44.320130+00:00
bb5a9734-a022-4638-8f5e-53252f2e3c1d,63af2167-4320-4ec9-a00a-b39357b10a02,578a1b55-dcf1-4e6f-b8f9-6cd4a031ebfd,9e7a5f22-fa59-4350-8a31-48333e06284d,251.23,INR,success,2026-04-11 17:51:50.332501+00:00
b3676d95-cbc4-4ea1-bba2-0d9ac17dfe6c,63af2167-4320-4ec9-a00a-b39357b10a02,578a1b55-dcf1-4e6f-b8f9-6cd4a031ebfd,9e7a5f22-fa59-4350-8a31-48333e06284d,386.03,INR,success,2026-05-06 13:43:07.138159+00:00
ecca6570-7b60-40a6-ae59-679051b5e368,63af2167-4320-4ec9-a00a-b39357b10a02,578a1b55-dcf1-4e6f-b8f9-6cd4a031ebfd,9e7a5f22-fa59-4350-8a31-48333e06284d,257.72,INR,success,2026-05-27 21:21:42.497164+00:00
41d91baf-8cbe-431b-9e9d-965fd8e0180b,2d3bc436-69c8-4b10-8ca5-95f1c7e5caea,578a1b55-dcf1-4e6f-b8f9-6cd4a031ebfd,f6c84515-3fa8-4a69-8ac9-682c35a3a756,4378.31,INR,success,2026-04-07 16:48:34.513676+00:00
b562e15c-518b-47f6-9a22-5f5b80bb97f6,2d3bc436-69c8-4b10-8ca5-95f1c7e5caea,578a1b55-dcf1-4e6f-b8f9-6cd4a031ebfd,f6c84515-3fa8-4a69-8ac9-682c35a3a756,631.37,INR,success,2026-04-30 06:35:27.939125+00:00
e4195cb5-bf3e-46b5-9a94-6acdde3fec6c,2d3bc436-69c8-4b10-8ca5-95f1c7e5caea,578a1b55-dcf1-4e6f-b8f9-6cd4a031ebfd,f6c84515-3fa8-4a69-8ac9-682c35a3a756,4313.73,INR,success,2026-05-01 11:31:16.002487+00:00
72a9dcfc-ef16-4cfd-8a78-923820a53deb,2d3bc436-69c8-4b10-8ca5-95f1c7e5caea,578a1b55-dcf1-4e6f-b8f9-6cd4a031ebfd,f6c84515-3fa8-4a69-8ac9-682c35a3a756,10.0,INR,success,2026-05-10 13:26:16.632423+00:00
59b46563-5d32-46c2-9d56-8193522be672,2950317b-d95d-4ebc-b994-7c100e55b26d,578a1b55-dcf1-4e6f-b8f9-6cd4a031ebfd,5ee6e1a3-1220-4ae6-a419-40218411bc73,4472.23,INR,success,2026-05-21 11:47:04.399352+00:00
6b67dfef-1f5b-44c8-9234-654ed9defb4e,1d7166bf-9c55-455a-a895-ce87bf524607,578a1b55-dcf1-4e6f-b8f9-6cd4a031ebfd,d4e85bf1-44e5-42d4-9031-918a190cb12c,2922.18,INR,success,2026-04-13 02:48:58.999311+00:00
9f2ed24c-1756-4862-9f19-073eea45e228,1d7166bf-9c55-455a-a895-ce87bf524607,578a1b55-dcf1-4e6f-b8f9-6cd4a031ebfd,d4e85bf1-44e5-42d4-9031-918a190cb12c,3457.21,INR,success,2026-04-14 02:52:55.515442+00:00
56dc51f2-3a0c-4774-9406-891efe3a300c,1d7166bf-9c55-455a-a895-ce87bf524607,578a1b55-dcf1-4e6f-b8f9-6cd4a031ebfd,d4e85bf1-44e5-42d4-9031-918a190cb12c,2433.31,INR,success,2026-04-27 13:10:34.204966+00:00
3eb16641-9235-4ff5-b0d7-6d2689d18da9,1d7166bf-9c55-455a-a895-ce87bf524607,578a1b55-dcf1-4e6f-b8f9-6cd4a031ebfd,d4e85bf1-44e5-42d4-9031-918a190cb12c,3748.5,INR,success,2026-04-28 09:38:52.740891+00:00
385ebd17-4561-4caf-b5ea-c92656b3270a,1d7166bf-9c55-455a-a895-ce87bf524607,578a1b55-dcf1-4e6f-b8f9-6cd4a031ebfd,d4e85bf1-44e5-42d4-9031-918a190cb12c,3243.08,INR,success,2026-04-29 11:16:40.926291+00:00
a26f24d0-9819-4a7a-adb4-e01c58a46659,8a3d7168-2513-4e7f-9b73-122c9b9d543b,578a1b55-dcf1-4e6f-b8f9-6cd4a031ebfd,949a1e64-0de7-46be-9f04-a147c2cab9c0,531.69,INR,success,2026-05-15 02:48:20.492869+00:00
d0765e4e-44dc-4189-bc16-280302b181b3,8a3d7168-2513-4e7f-9b73-122c9b9d543b,578a1b55-dcf1-4e6f-b8f9-6cd4a031ebfd,949a1e64-0de7-46be-9f04-a147c2cab9c0,2063.72,INR,success,2026-05-16 07:31:49.449098+00:00
d40ca79c-8fa5-426b-a200-1c45c89c0fa4,8a3d7168-2513-4e7f-9b73-122c9b9d543b,578a1b55-dcf1-4e6f-b8f9-6cd4a031ebfd,949a1e64-0de7-46be-9f04-a147c2cab9c0,3980.48,INR,success,2026-05-20 23:04:56.000828+00:00
54ea2c29-fe00-4e8b-be57-8ac63789876d,8a3d7168-2513-4e7f-9b73-122c9b9d543b,578a1b55-dcf1-4e6f-b8f9-6cd4a031ebfd,949a1e64-0de7-46be-9f04-a147c2cab9c0,4470.86,INR,success,2026-05-26 00:34:08.276338+00:00
5763d66c-3c4f-4879-baa1-2f6d227a6e5b,cbf2a7d7-ddae-44dd-a37e-56eb29c94636,e4e20793-ef55-42dc-8489-cd6a7d5f30f3,bf531f6d-3746-4439-9533-d2e8ef370c26,10.0,INR,success,2026-04-16 06:27:09.975647+00:00
9bfe3509-001a-4575-afa8-ae001ece0de0,cbf2a7d7-ddae-44dd-a37e-56eb29c94636,e4e20793-ef55-42dc-8489-cd6a7d5f30f3,bf531f6d-3746-4439-9533-d2e8ef370c26,1731.24,INR,success,2026-04-24 23:26:06.183248+00:00
211ab81a-f87f-4a45-adc2-7ceb62f7857f,cbf2a7d7-ddae-44dd-a37e-56eb29c94636,e4e20793-ef55-42dc-8489-cd6a7d5f30f3,bf531f6d-3746-4439-9533-d2e8ef370c26,1391.91,INR,success,2026-05-21 13:57:44.354906+00:00
ded3ad59-27cc-46f1-ac47-2bccc6c2a896,32e07a17-8d5d-4aa2-bd54-0f1f4282c0d4,dffa87b1-041a-4533-82c9-aea1667cfb7b,c7097869-3e6b-4e38-94c1-cb427548dd69,4050.12,INR,success,2026-04-22 21:47:19.458757+00:00
50f4449e-ff75-47a6-a5f4-e175b0abe31d,32e07a17-8d5d-4aa2-bd54-0f1f4282c0d4,dffa87b1-041a-4533-82c9-aea1667cfb7b,c7097869-3e6b-4e38-94c1-cb427548dd69,3877.95,INR,success,2026-04-26 10:54:07.877640+00:00
a620d21d-c475-47e8-b0b2-53bf8655849e,32e07a17-8d5d-4aa2-bd54-0f1f4282c0d4,dffa87b1-041a-4533-82c9-aea1667cfb7b,c7097869-3e6b-4e38-94c1-cb427548dd69,3743.81,INR,success,2026-04-30 09:58:55.445792+00:00
6a3a6de6-ad38-41e9-98df-d8ad8c1802f7,32e07a17-8d5d-4aa2-bd54-0f1f4282c0d4,dffa87b1-041a-4533-82c9-aea1667cfb7b,c7097869-3e6b-4e38-94c1-cb427548dd69,3328.01,INR,success,2026-05-10 04:15:37.662321+00:00
c248e5f3-c1b9-449b-936b-6e4417e559c2,32e07a17-8d5d-4aa2-bd54-0f1f4282c0d4,dffa87b1-041a-4533-82c9-aea1667cfb7b,c7097869-3e6b-4e38-94c1-cb427548dd69,5298.45,INR,success,2026-05-14 08:42:04.281418+00:00
88b4c2bd-5467-4c50-bfe2-284acf31af15,32e07a17-8d5d-4aa2-bd54-0f1f4282c0d4,dffa87b1-041a-4533-82c9-aea1667cfb7b,c7097869-3e6b-4e38-94c1-cb427548dd69,2969.6,INR,success,2026-05-28 10:51:56.678609+00:00
c07ec73c-5aa9-4d2b-9efb-79abecfc0a44,fe67b74d-4a61-4a08-8fb7-2efec42d4346,a48a0e95-7c59-4635-baa4-bce797126cc6,a1e9a83a-1e4c-45ae-aa5d-c1df0c422e38,806.27,INR,success,2026-05-21 06:19:39.302946+00:00
9e662b5d-14e1-44fe-8b09-2ce8504708ae,fe67b74d-4a61-4a08-8fb7-2efec42d4346,a48a0e95-7c59-4635-baa4-bce797126cc6,a1e9a83a-1e4c-45ae-aa5d-c1df0c422e38,1141.6,INR,success,2026-05-26 12:52:22.241595+00:00
d234333b-8552-46f4-875c-12de5f81894a,0236b594-f2ea-490d-bae7-3de4a767f810,e5408d1b-4ec6-46e2-91b4-969f5c9ba0b9,72f4e8e6-9ea1-41f4-a891-6d3c3d5ee27f,2086.01,INR,success,2026-05-04 01:13:03.496378+00:00
64758faa-3272-44b5-9f0c-14f3ac0bde79,0236b594-f2ea-490d-bae7-3de4a767f810,e5408d1b-4ec6-46e2-91b4-969f5c9ba0b9,72f4e8e6-9ea1-41f4-a891-6d3c3d5ee27f,3128.07,INR,success,2026-05-06 06:48:28.794425+00:00
717420dd-0f64-478c-a6f9-af2da17bcb08,0236b594-f2ea-490d-bae7-3de4a767f810,e5408d1b-4ec6-46e2-91b4-969f5c9ba0b9,72f4e8e6-9ea1-41f4-a891-6d3c3d5ee27f,2362.16,INR,success,2026-05-27 17:00:03.051165+00:00
a1aa79f1-3ed3-4b12-a94c-795f6eb74e4c,0236b594-f2ea-490d-bae7-3de4a767f810,e5408d1b-4ec6-46e2-91b4-969f5c9ba0b9,72f4e8e6-9ea1-41f4-a891-6d3c3d5ee27f,2391.26,INR,success,2026-05-27 19:16:38.479641+00:00
74efa860-a477-4b5f-9066-364044c89c44,0236b594-f2ea-490d-bae7-3de4a767f810,e5408d1b-4ec6-46e2-91b4-969f5c9ba0b9,72f4e8e6-9ea1-41f4-a891-6d3c3d5ee27f,2827.11,INR,success,2026-05-30 00:42:37.131214+00:00
5c8dfadf-df38-441e-be8a-2e83770450b9,93b26909-9406-4274-b717-0b8a902c94d5,62d456f6-7b4e-4e5e-84ea-4130fe7f0244,fb54cb2a-942d-45b3-bd9d-82d07a9f6f51,3351.9,INR,success,2026-05-13 03:59:43.072567+00:00
b3a9ed46-ca04-45fe-8d75-42b1a7e2574c,93b26909-9406-4274-b717-0b8a902c94d5,62d456f6-7b4e-4e5e-84ea-4130fe7f0244,fb54cb2a-942d-45b3-bd9d-82d07a9f6f51,2301.05,INR,success,2026-05-25 04:28:01.255456+00:00
6115ee15-6291-45da-bde2-61bda5127797,af03b9a8-eb59-419e-8c2f-db9ccee75904,0d084731-77cd-4623-b90b-9825755896df,fc28e439-d989-46c9-8101-206e5ec0d30a,688.41,INR,success,2026-05-10 13:11:55.622856+00:00
7f9da6b5-df82-4084-9c9d-6ce13e285877,bf38cdae-11f8-4e17-b535-e4dcece0da84,0d084731-77cd-4623-b90b-9825755896df,803d5fac-8a17-48ff-888a-10ac0e95e2de,971.76,INR,success,2026-04-06 15:05:12.813809+00:00
1b5bcfb9-bf05-4e50-8214-6afc08e36025,bf38cdae-11f8-4e17-b535-e4dcece0da84,0d084731-77cd-4623-b90b-9825755896df,803d5fac-8a17-48ff-888a-10ac0e95e2de,383.39,INR,success,2026-04-11 20:54:05.737761+00:00
3254c759-b6ca-4ca3-b5ba-2030ca45a4f8,bf38cdae-11f8-4e17-b535-e4dcece0da84,0d084731-77cd-4623-b90b-9825755896df,803d5fac-8a17-48ff-888a-10ac0e95e2de,287.62,INR,success,2026-04-23 09:05:08.322193+00:00
3c489206-8920-4b5e-8b0a-9cfbe7ff80bf,bf38cdae-11f8-4e17-b535-e4dcece0da84,0d084731-77cd-4623-b90b-9825755896df,803d5fac-8a17-48ff-888a-10ac0e95e2de,520.04,INR,success,2026-05-12 11:17:45.558308+00:00
17dc6c0d-8649-476f-9499-064ec8922194,bf38cdae-11f8-4e17-b535-e4dcece0da84,0d084731-77cd-4623-b90b-9825755896df,803d5fac-8a17-48ff-888a-10ac0e95e2de,10.0,INR,success,2026-05-29 06:53:41.690746+00:00
2f1eec43-650e-48e6-b94c-36e957a59d55,3ae5616d-e03a-4a4e-adfb-4bbce9a21d11,0d084731-77cd-4623-b90b-9825755896df,3b6b056f-f320-490d-bb84-84358c4cde91,2873.96,INR,success,2026-04-18 01:39:16.876054+00:00
68a00fb6-226e-4868-b794-8894bf7eb671,85a87047-d8a4-44aa-9b15-4e89eef0927e,0d084731-77cd-4623-b90b-9825755896df,db4c0d05-cc35-404f-a523-4a0d269eb7d3,3518.16,INR,success,2026-05-20 06:31:24.849465+00:00
d735898a-e893-4f51-b63e-e8793d7c7e29,85a87047-d8a4-44aa-9b15-4e89eef0927e,0d084731-77cd-4623-b90b-9825755896df,db4c0d05-cc35-404f-a523-4a0d269eb7d3,3846.71,INR,success,2026-05-22 00:53:23.851695+00:00
fb3ee3ed-0470-40e3-a064-7115739423c0,85a87047-d8a4-44aa-9b15-4e89eef0927e,0d084731-77cd-4623-b90b-9825755896df,db4c0d05-cc35-404f-a523-4a0d269eb7d3,4641.83,INR,success,2026-05-22 16:40:39.106947+00:00
59954a49-ddc1-452a-9dd9-cda45c358449,85a87047-d8a4-44aa-9b15-4e89eef0927e,0d084731-77cd-4623-b90b-9825755896df,db4c0d05-cc35-404f-a523-4a0d269eb7d3,2208.18,INR,success,2026-05-25 22:45:41.438000+00:00
dba50af6-c0d4-49d1-bb15-5193fa55a8ad,85a87047-d8a4-44aa-9b15-4e89eef0927e,0d084731-77cd-4623-b90b-9825755896df,db4c0d05-cc35-404f-a523-4a0d269eb7d3,3228.38,INR,success,2026-05-30 15:12:36.151104+00:00
b383dc9e-0d60-42a1-9976-8743e237dcaf,85a87047-d8a4-44aa-9b15-4e89eef0927e,0d084731-77cd-4623-b90b-9825755896df,db4c0d05-cc35-404f-a523-4a0d269eb7d3,3298.31,INR,success,2026-05-30 16:40:15.160634+00:00
070272b6-040d-4a8e-9a4a-362cf38af8a1,495ea801-d24b-4f8b-8c86-62befeaa79f4,0d084731-77cd-4623-b90b-9825755896df,001a5e94-5cd1-4f2f-9b0b-630976322c4c,463.82,INR,success,2026-05-23 14:56:15.162779+00:00
0ccd0c87-fbd2-4627-8c4f-490c441b6715,495ea801-d24b-4f8b-8c86-62befeaa79f4,0d084731-77cd-4623-b90b-9825755896df,001a5e94-5cd1-4f2f-9b0b-630976322c4c,444.17,INR,success,2026-05-27 06:12:48.715838+00:00
2c83312a-e68b-4975-ae2f-a4a5b4200cbe,495ea801-d24b-4f8b-8c86-62befeaa79f4,0d084731-77cd-4623-b90b-9825755896df,001a5e94-5cd1-4f2f-9b0b-630976322c4c,324.0,INR,success,2026-05-29 16:59:49.661697+00:00
82ac8c5c-0a45-4303-b2e2-5717e0c52290,bba1a543-4d8d-43e7-819a-26cec992384c,6c984c6a-8dbf-4bf6-a95b-1c41429f6f99,1ef91a7d-4953-45e2-bfa0-7d6606295db7,4731.33,INR,success,2026-03-28 15:54:03.730590+00:00
c7e44d99-3674-422d-b6f5-0b70d49c65a0,bba1a543-4d8d-43e7-819a-26cec992384c,6c984c6a-8dbf-4bf6-a95b-1c41429f6f99,1ef91a7d-4953-45e2-bfa0-7d6606295db7,2565.25,INR,success,2026-04-10 13:56:41.112989+00:00
96d4d12e-c06c-4651-93e7-ba3fec7802ed,bba1a543-4d8d-43e7-819a-26cec992384c,6c984c6a-8dbf-4bf6-a95b-1c41429f6f99,1ef91a7d-4953-45e2-bfa0-7d6606295db7,3065.38,INR,success,2026-05-06 22:27:28.270122+00:00
f18af83c-59ef-4bed-a865-6f23125225d4,bba1a543-4d8d-43e7-819a-26cec992384c,6c984c6a-8dbf-4bf6-a95b-1c41429f6f99,1ef91a7d-4953-45e2-bfa0-7d6606295db7,808.58,INR,success,2026-05-15 23:35:57.523793+00:00
68f2d640-d270-4f47-9ff3-51b291c957a3,bba1a543-4d8d-43e7-819a-26cec992384c,6c984c6a-8dbf-4bf6-a95b-1c41429f6f99,1ef91a7d-4953-45e2-bfa0-7d6606295db7,1545.05,INR,success,2026-05-21 03:53:54.389910+00:00
3ec24b2b-2a48-4e5b-a873-e07f8329059b,bba1a543-4d8d-43e7-819a-26cec992384c,6c984c6a-8dbf-4bf6-a95b-1c41429f6f99,1ef91a7d-4953-45e2-bfa0-7d6606295db7,1870.86,INR,success,2026-05-29 07:25:20.207642+00:00
41cf8282-e325-43cc-a445-ae3073206066,dfb658ec-8a4a-46ce-8782-521c42cad395,068e33de-66c9-4228-9003-30c977f25a46,1ef91a7d-4953-45e2-bfa0-7d6606295db7,2398.16,INR,success,2026-04-09 18:12:28.734745+00:00
55aad78f-083e-4e41-93f7-22cee6fd16f7,dfb658ec-8a4a-46ce-8782-521c42cad395,068e33de-66c9-4228-9003-30c977f25a46,1ef91a7d-4953-45e2-bfa0-7d6606295db7,3826.16,INR,success,2026-04-11 06:11:02.294151+00:00
2afd9d45-a4d5-43e2-9849-236cec150079,dfb658ec-8a4a-46ce-8782-521c42cad395,068e33de-66c9-4228-9003-30c977f25a46,1ef91a7d-4953-45e2-bfa0-7d6606295db7,6323.71,INR,success,2026-05-20 11:45:16.737112+00:00
11f22ddf-225a-4998-b70e-779e1561055d,dfb658ec-8a4a-46ce-8782-521c42cad395,068e33de-66c9-4228-9003-30c977f25a46,1ef91a7d-4953-45e2-bfa0-7d6606295db7,5483.65,INR,success,2026-05-23 19:55:32.298042+00:00
f407a8dd-9bcc-4c80-92b2-21d96c00e38a,dfb658ec-8a4a-46ce-8782-521c42cad395,068e33de-66c9-4228-9003-30c977f25a46,1ef91a7d-4953-45e2-bfa0-7d6606295db7,1403.92,INR,success,2026-05-28 17:24:10.484498+00:00
322ba109-b51d-4629-ae0e-6925b0179682,0bf37dc7-800f-4eb1-a5cd-00a121539bca,029c7009-cdb2-46c8-a7ff-8a2180e6ca00,1ef91a7d-4953-45e2-bfa0-7d6606295db7,868.18,INR,success,2026-05-03 22:43:11.184132+00:00
6649416e-beea-431d-9994-646ea64bfae1,0bf37dc7-800f-4eb1-a5cd-00a121539bca,029c7009-cdb2-46c8-a7ff-8a2180e6ca00,1ef91a7d-4953-45e2-bfa0-7d6606295db7,944.99,INR,success,2026-05-16 08:00:24.543787+00:00
718c6972-dde7-45b5-9840-662be864e685,0bf37dc7-800f-4eb1-a5cd-00a121539bca,029c7009-cdb2-46c8-a7ff-8a2180e6ca00,1ef91a7d-4953-45e2-bfa0-7d6606295db7,55.41,INR,success,2026-05-21 09:24:09.106376+00:00
2d2ade47-055f-4162-9520-37d2ea1b08ab,3804e6e0-d9fe-4a44-ad15-5e307f68d59b,be650ca4-b00e-40b4-a13e-bbf82ed167b2,1ef91a7d-4953-45e2-bfa0-7d6606295db7,1741.89,INR,success,2026-05-18 09:06:35.810669+00:00
2132b089-0ac9-41b1-a70a-3fe1cb30d762,3804e6e0-d9fe-4a44-ad15-5e307f68d59b,be650ca4-b00e-40b4-a13e-bbf82ed167b2,1ef91a7d-4953-45e2-bfa0-7d6606295db7,2162.92,INR,success,2026-05-18 12:54:03.108324+00:00
f0f5d019-1f80-421c-96ae-1c4e62e3d853,3804e6e0-d9fe-4a44-ad15-5e307f68d59b,be650ca4-b00e-40b4-a13e-bbf82ed167b2,1ef91a7d-4953-45e2-bfa0-7d6606295db7,1442.05,INR,success,2026-05-21 15:56:05.822397+00:00
b11a52b6-6e36-4cd9-9568-d0b55e095994,3804e6e0-d9fe-4a44-ad15-5e307f68d59b,be650ca4-b00e-40b4-a13e-bbf82ed167b2,1ef91a7d-4953-45e2-bfa0-7d6606295db7,1163.43,INR,success,2026-05-27 14:13:11.436300+00:00
21c33278-0983-4028-8dfa-8aabf3ecf368,5c9bbac5-ce0e-4a85-bc5e-836a2ba7850e,65192c99-8259-4df9-8f31-f4b5695eada4,1ef91a7d-4953-45e2-bfa0-7d6606295db7,681.68,INR,success,2026-05-16 22:25:20.495396+00:00
a0e97238-724e-4655-918b-e13ca80cb7d2,5c9bbac5-ce0e-4a85-bc5e-836a2ba7850e,65192c99-8259-4df9-8f31-f4b5695eada4,1ef91a7d-4953-45e2-bfa0-7d6606295db7,861.83,INR,success,2026-05-19 17:32:26.230047+00:00
c11abc4f-9688-401c-84e4-24f068effadc,5c9bbac5-ce0e-4a85-bc5e-836a2ba7850e,65192c99-8259-4df9-8f31-f4b5695eada4,1ef91a7d-4953-45e2-bfa0-7d6606295db7,1053.14,INR,success,2026-05-21 15:16:47.332959+00:00
a2a7db45-b9a3-49f2-b51f-730ec52212c1,5c9bbac5-ce0e-4a85-bc5e-836a2ba7850e,65192c99-8259-4df9-8f31-f4b5695eada4,1ef91a7d-4953-45e2-bfa0-7d6606295db7,1267.73,INR,success,2026-05-29 11:37:01.478742+00:00
7cb4d4b0-5204-43bd-81df-f1fe9b19683a,5c9bbac5-ce0e-4a85-bc5e-836a2ba7850e,65192c99-8259-4df9-8f31-f4b5695eada4,1ef91a7d-4953-45e2-bfa0-7d6606295db7,1057.89,INR,success,2026-05-30 12:37:50.214752+00:00
c060715b-ffdd-4bd7-8eea-c2d5b29d47a9,9e756cb9-69f9-46d3-924f-ffb66f0d8009,b86c1a85-eab2-4956-b0b7-fbfa27b9375f,cc18916e-4aee-44c4-aecc-04fa94a62024,1998.04,INR,success,2026-03-11 11:58:15.501234+00:00
4e6d866d-0e58-433c-bcd4-df1c34aa8f65,9e756cb9-69f9-46d3-924f-ffb66f0d8009,b86c1a85-eab2-4956-b0b7-fbfa27b9375f,cc18916e-4aee-44c4-aecc-04fa94a62024,2970.42,INR,success,2026-03-22 00:14:48.183881+00:00
6c1463b5-f02b-46fb-b034-fa2760991d38,9e756cb9-69f9-46d3-924f-ffb66f0d8009,b86c1a85-eab2-4956-b0b7-fbfa27b9375f,cc18916e-4aee-44c4-aecc-04fa94a62024,721.26,INR,success,2026-03-24 12:32:36.691928+00:00
99507254-35aa-4d39-8b39-4ebf5350d4c0,6416270d-0283-42ca-9a1b-2704368a6b8b,76eebf22-482a-4169-a514-4c772cda6ea1,cc18916e-4aee-44c4-aecc-04fa94a62024,458.7,INR,success,2026-05-15 07:47:41.962964+00:00
48ddb8e8-063d-4574-ab68-61efebcc2f42,6416270d-0283-42ca-9a1b-2704368a6b8b,76eebf22-482a-4169-a514-4c772cda6ea1,cc18916e-4aee-44c4-aecc-04fa94a62024,34.44,INR,success,2026-05-24 17:23:06.976904+00:00
7f021b43-b0ef-4916-9616-03e3a2009bf5,6416270d-0283-42ca-9a1b-2704368a6b8b,76eebf22-482a-4169-a514-4c772cda6ea1,cc18916e-4aee-44c4-aecc-04fa94a62024,400.52,INR,success,2026-05-25 22:57:46.979723+00:00
62b3a392-6aed-44aa-91d5-15403f23966b,5aeb3da9-c168-4736-8d9e-7e1c2a3982bc,3e62236f-a381-4f4d-8df7-0c2192ef0e6b,cc18916e-4aee-44c4-aecc-04fa94a62024,2240.0,INR,success,2026-05-28 15:27:10.373653+00:00
2cec3d1c-899f-48f6-8862-5c5e24a541ac,0aea5394-1735-474f-ac8a-8b86fad5849b,4594f8e9-f42c-4b13-9686-cea270b6f7c4,ce8f3099-76bd-4648-9eb2-58a9e3f90540,4202.37,INR,success,2026-03-25 00:42:02.520187+00:00
a09f28da-261a-4ba7-a442-f8f165f10743,0aea5394-1735-474f-ac8a-8b86fad5849b,4594f8e9-f42c-4b13-9686-cea270b6f7c4,ce8f3099-76bd-4648-9eb2-58a9e3f90540,1197.52,INR,success,2026-03-26 22:32:52.765899+00:00
fdadd12a-6bb0-438d-9258-b3336b71034c,0aea5394-1735-474f-ac8a-8b86fad5849b,4594f8e9-f42c-4b13-9686-cea270b6f7c4,ce8f3099-76bd-4648-9eb2-58a9e3f90540,188.82,INR,success,2026-04-23 13:27:14.359356+00:00
b1a07f8b-0c47-4101-b0fd-d2b6d4356499,0aea5394-1735-474f-ac8a-8b86fad5849b,4594f8e9-f42c-4b13-9686-cea270b6f7c4,ce8f3099-76bd-4648-9eb2-58a9e3f90540,824.59,INR,success,2026-05-04 06:00:49.535859+00:00
7f72c18b-85c0-45ca-8da4-d868ce21f51f,0aea5394-1735-474f-ac8a-8b86fad5849b,4594f8e9-f42c-4b13-9686-cea270b6f7c4,ce8f3099-76bd-4648-9eb2-58a9e3f90540,1283.99,INR,success,2026-05-11 20:57:05.888370+00:00
aaec7423-0c6b-4e45-b870-7df9733a1be8,41ecc0e8-ffab-46cd-887f-6d02398546eb,4594f8e9-f42c-4b13-9686-cea270b6f7c4,1bfc0782-f4da-498c-a142-a7730a4d5646,582.06,INR,success,2026-05-11 03:47:01.126551+00:00
5bd407dd-8037-4d6f-9c27-c6ff0c54c501,41ecc0e8-ffab-46cd-887f-6d02398546eb,4594f8e9-f42c-4b13-9686-cea270b6f7c4,1bfc0782-f4da-498c-a142-a7730a4d5646,1104.41,INR,success,2026-05-17 10:48:09.911258+00:00
f1aed5f4-da0a-4b05-b265-ecc38604934f,965b1fa2-fa45-4689-a910-9e1c3dc09151,4594f8e9-f42c-4b13-9686-cea270b6f7c4,38cdbac8-b40d-4065-9ac6-d32d4922fded,2750.77,INR,success,2026-04-30 18:09:19.789085+00:00
0e75a081-bd32-4e9e-923e-73d17dd52d4d,e26d8b59-6cb5-4f6b-a919-34e70668ab2f,4594f8e9-f42c-4b13-9686-cea270b6f7c4,24813279-5892-4cd0-85ec-c3f2ea718c46,1972.39,INR,success,2026-05-23 20:34:42.373914+00:00
9be9429f-98c4-4c47-8747-efa9e0117abd,aee17eb3-bd3a-4765-93d0-5f2fdbd3079d,ac364135-f46a-4316-b8a9-e3a89ab3e0a6,89b25692-9b80-460c-af77-0c41877d5626,643.06,INR,success,2026-04-07 03:39:03.228336+00:00
007886a8-7e55-436c-9459-24c78d432970,aee17eb3-bd3a-4765-93d0-5f2fdbd3079d,ac364135-f46a-4316-b8a9-e3a89ab3e0a6,89b25692-9b80-460c-af77-0c41877d5626,628.51,INR,success,2026-04-08 09:24:11.197890+00:00
b0792e8d-2460-4e64-b796-6b729ee51130,aee17eb3-bd3a-4765-93d0-5f2fdbd3079d,ac364135-f46a-4316-b8a9-e3a89ab3e0a6,89b25692-9b80-460c-af77-0c41877d5626,1472.07,INR,success,2026-05-22 12:13:17.646633+00:00
49b61938-b640-4671-980b-30fde2242c9e,aee17eb3-bd3a-4765-93d0-5f2fdbd3079d,ac364135-f46a-4316-b8a9-e3a89ab3e0a6,89b25692-9b80-460c-af77-0c41877d5626,6702.79,INR,success,2026-05-23 02:33:01.735956+00:00
ce330173-72c4-437b-8d3f-9310ef0ecdc6,aee17eb3-bd3a-4765-93d0-5f2fdbd3079d,ac364135-f46a-4316-b8a9-e3a89ab3e0a6,89b25692-9b80-460c-af77-0c41877d5626,2869.75,INR,success,2026-05-24 15:43:25.814598+00:00
a83d9790-8d9e-4d38-8e76-f962ccc397f3,6c2b74b7-d768-431a-b47c-a8f16b531aa4,ac364135-f46a-4316-b8a9-e3a89ab3e0a6,89b25692-9b80-460c-af77-0c41877d5626,4039.05,INR,success,2026-05-09 16:20:34.300086+00:00
6e5ad5f8-c368-4167-9c1a-6a31db4899d1,6c2b74b7-d768-431a-b47c-a8f16b531aa4,ac364135-f46a-4316-b8a9-e3a89ab3e0a6,89b25692-9b80-460c-af77-0c41877d5626,7668.02,INR,success,2026-05-20 01:53:34.951623+00:00
caccada4-769c-4521-ba42-0582fd16ce07,6c2b74b7-d768-431a-b47c-a8f16b531aa4,ac364135-f46a-4316-b8a9-e3a89ab3e0a6,89b25692-9b80-460c-af77-0c41877d5626,5681.5,INR,success,2026-05-22 07:46:55.912691+00:00
d416fb09-8986-4b8f-8380-0e17af8c324e,6c2b74b7-d768-431a-b47c-a8f16b531aa4,ac364135-f46a-4316-b8a9-e3a89ab3e0a6,89b25692-9b80-460c-af77-0c41877d5626,1911.26,INR,success,2026-05-27 16:28:30.419337+00:00
8197015e-175c-469b-ba27-25b270b1327c,25572578-0e98-446d-a7df-6d93936c47d4,ac364135-f46a-4316-b8a9-e3a89ab3e0a6,89b25692-9b80-460c-af77-0c41877d5626,3469.71,INR,success,2026-05-31 05:47:50.405910+00:00
e6979935-2fcc-4bf9-876c-a39de2cb251a,e76e6dcb-6677-45d6-ba3b-5c4e495567cf,ac364135-f46a-4316-b8a9-e3a89ab3e0a6,89b25692-9b80-460c-af77-0c41877d5626,559.39,INR,success,2026-05-21 12:57:43.745026+00:00
2ac1c2fb-6273-4574-a3ae-ce93da7b38e3,e76e6dcb-6677-45d6-ba3b-5c4e495567cf,ac364135-f46a-4316-b8a9-e3a89ab3e0a6,89b25692-9b80-460c-af77-0c41877d5626,1225.67,INR,success,2026-05-21 18:56:44.571734+00:00
d827c30d-b914-43b8-a744-e35eb985c7bf,e76e6dcb-6677-45d6-ba3b-5c4e495567cf,ac364135-f46a-4316-b8a9-e3a89ab3e0a6,89b25692-9b80-460c-af77-0c41877d5626,1154.92,INR,success,2026-05-24 15:29:05.722630+00:00
0f9e3f8e-0890-46f5-b849-d679f1e94dd1,e76e6dcb-6677-45d6-ba3b-5c4e495567cf,ac364135-f46a-4316-b8a9-e3a89ab3e0a6,89b25692-9b80-460c-af77-0c41877d5626,1026.22,INR,success,2026-05-24 21:10:31.420312+00:00
e81bb559-e31b-4bc0-a144-49443d60963e,e76e6dcb-6677-45d6-ba3b-5c4e495567cf,ac364135-f46a-4316-b8a9-e3a89ab3e0a6,89b25692-9b80-460c-af77-0c41877d5626,1381.49,INR,success,2026-05-25 15:35:24.380885+00:00
599e2e49-1421-407b-ae36-2dff1c6e967c,67fcdf3b-6219-47fc-9efd-11b27fe2088f,ac364135-f46a-4316-b8a9-e3a89ab3e0a6,89b25692-9b80-460c-af77-0c41877d5626,2001.02,INR,success,2026-05-29 12:27:24.689948+00:00
01458680-98fb-4c93-b9e8-46a28506fd22,67fcdf3b-6219-47fc-9efd-11b27fe2088f,ac364135-f46a-4316-b8a9-e3a89ab3e0a6,89b25692-9b80-460c-af77-0c41877d5626,1025.01,INR,success,2026-05-31 18:47:46.840603+00:00
4dd7a562-b2e3-45d1-98e2-4edaec96f924,7029be89-75a3-439b-97e0-fe41898468ed,af0cf66d-948b-4bb1-8caa-8044e6066bc7,fa0c0944-b2d1-4e27-b797-da7c078f01d1,69.45,INR,success,2026-04-13 21:16:14.650214+00:00
a0978384-37dd-4662-bb5d-b1d25a160fdf,7029be89-75a3-439b-97e0-fe41898468ed,af0cf66d-948b-4bb1-8caa-8044e6066bc7,fa0c0944-b2d1-4e27-b797-da7c078f01d1,2102.38,INR,success,2026-05-09 04:58:48.577094+00:00
63dc2b05-0ccd-4f63-97b1-fb38bbc89056,7debced3-96da-4a39-8ee4-2936e028fca7,af0cf66d-948b-4bb1-8caa-8044e6066bc7,4e14ca62-a98c-4dea-93b4-a47057802f87,2454.11,INR,success,2026-05-01 22:48:58.837402+00:00
eff0e377-32f5-44de-823e-1353ce1cd0d4,7debced3-96da-4a39-8ee4-2936e028fca7,af0cf66d-948b-4bb1-8caa-8044e6066bc7,4e14ca62-a98c-4dea-93b4-a47057802f87,1312.8,INR,success,2026-05-13 08:22:07.973657+00:00
989c2fcf-9dae-43ec-8414-1a8db4950912,7debced3-96da-4a39-8ee4-2936e028fca7,af0cf66d-948b-4bb1-8caa-8044e6066bc7,4e14ca62-a98c-4dea-93b4-a47057802f87,1698.67,INR,success,2026-05-15 02:14:59.754557+00:00
3d0efdee-31c2-4d93-8219-04b5b77a557b,7debced3-96da-4a39-8ee4-2936e028fca7,af0cf66d-948b-4bb1-8caa-8044e6066bc7,4e14ca62-a98c-4dea-93b4-a47057802f87,1424.26,INR,success,2026-05-25 17:28:48.078497+00:00
b4f75e57-3195-44b2-86ae-59bc1d49607e,7debced3-96da-4a39-8ee4-2936e028fca7,af0cf66d-948b-4bb1-8caa-8044e6066bc7,4e14ca62-a98c-4dea-93b4-a47057802f87,1986.46,INR,success,2026-05-31 03:28:59.123443+00:00
955c5c31-b7f6-4535-9a51-cebb3b441946,d65a8b2d-e44b-448c-8e8e-35311cc536d7,af0cf66d-948b-4bb1-8caa-8044e6066bc7,6e78033e-34f5-4e28-b811-450801031cf4,2311.51,INR,success,2026-05-18 15:06:25.186310+00:00
7e34a761-42a3-438e-89ad-2557a20716d4,d65a8b2d-e44b-448c-8e8e-35311cc536d7,af0cf66d-948b-4bb1-8caa-8044e6066bc7,6e78033e-34f5-4e28-b811-450801031cf4,3310.65,INR,success,2026-05-19 13:13:58.531317+00:00
62ce737f-db3f-4b7d-a290-b93e790450de,d65a8b2d-e44b-448c-8e8e-35311cc536d7,af0cf66d-948b-4bb1-8caa-8044e6066bc7,6e78033e-34f5-4e28-b811-450801031cf4,2626.6,INR,success,2026-05-24 22:25:22.283738+00:00
f7d74cb2-8a25-4639-a867-ea8d3c8cbcc0,c3296c97-11da-4c6a-af2e-64680124b934,af0cf66d-948b-4bb1-8caa-8044e6066bc7,8e1bd59c-270f-4953-9310-7486c576fe29,462.99,INR,success,2026-05-29 04:23:03.216831+00:00
19fce255-95ab-44ed-9ed1-886767c63ab0,c3296c97-11da-4c6a-af2e-64680124b934,af0cf66d-948b-4bb1-8caa-8044e6066bc7,8e1bd59c-270f-4953-9310-7486c576fe29,797.11,INR,success,2026-05-29 10:35:28.583865+00:00
46219bb5-7a4a-4411-becc-1c8f84d2d7a3,c3296c97-11da-4c6a-af2e-64680124b934,af0cf66d-948b-4bb1-8caa-8044e6066bc7,8e1bd59c-270f-4953-9310-7486c576fe29,346.49,INR,success,2026-05-29 16:14:29.596915+00:00
1c2eba53-dac8-4fb5-888c-cf84ff58a274,15e3d917-a2a6-4b05-a233-22271a77b0df,45e0393d-72ea-468b-a6bb-005fdc183833,50686538-3948-489c-9acd-64f82fb6286e,1191.35,INR,success,2026-04-07 14:44:30.460217+00:00
2cec716b-4d49-4d99-970c-651bca617107,15e3d917-a2a6-4b05-a233-22271a77b0df,45e0393d-72ea-468b-a6bb-005fdc183833,50686538-3948-489c-9acd-64f82fb6286e,644.49,INR,success,2026-04-09 07:43:04.462373+00:00
59f7e408-411f-452b-bb84-58520033a7b2,15e3d917-a2a6-4b05-a233-22271a77b0df,45e0393d-72ea-468b-a6bb-005fdc183833,50686538-3948-489c-9acd-64f82fb6286e,900.21,INR,success,2026-04-11 00:51:16.198721+00:00
574345b5-14d1-46e0-ade5-c3ac800a9d58,15e3d917-a2a6-4b05-a233-22271a77b0df,45e0393d-72ea-468b-a6bb-005fdc183833,50686538-3948-489c-9acd-64f82fb6286e,836.49,INR,success,2026-04-27 18:56:30.671069+00:00
8017c5c0-f856-4baf-a1ab-91fc7eac6070,15e3d917-a2a6-4b05-a233-22271a77b0df,45e0393d-72ea-468b-a6bb-005fdc183833,50686538-3948-489c-9acd-64f82fb6286e,291.57,INR,success,2026-04-27 23:07:15.093248+00:00
4d9eb040-8a8c-427c-bb94-7023164c0532,15e3d917-a2a6-4b05-a233-22271a77b0df,45e0393d-72ea-468b-a6bb-005fdc183833,50686538-3948-489c-9acd-64f82fb6286e,1644.51,INR,success,2026-05-19 06:15:52.042427+00:00
d68bb07d-b7e4-4ef9-a6c5-08da9a247373,15ce0902-cda8-4989-a40d-88a1baf09e48,45e0393d-72ea-468b-a6bb-005fdc183833,50686538-3948-489c-9acd-64f82fb6286e,785.04,INR,success,2026-04-15 22:30:26.004879+00:00
d5153340-9a05-4d5f-aa03-bcc7046d6246,15ce0902-cda8-4989-a40d-88a1baf09e48,45e0393d-72ea-468b-a6bb-005fdc183833,50686538-3948-489c-9acd-64f82fb6286e,1239.46,INR,success,2026-04-30 14:51:17.321493+00:00
410a2406-c3c0-47bf-8e5f-397aeaa3fef0,15ce0902-cda8-4989-a40d-88a1baf09e48,45e0393d-72ea-468b-a6bb-005fdc183833,50686538-3948-489c-9acd-64f82fb6286e,2207.65,INR,success,2026-05-05 16:14:36.400010+00:00
fdc5d4f4-899f-4791-aa70-0a27c8bf277e,fab676c8-594d-4609-be51-227be06ffdce,45e0393d-72ea-468b-a6bb-005fdc183833,50686538-3948-489c-9acd-64f82fb6286e,4453.39,INR,success,2026-04-17 03:24:24.575233+00:00
435428d5-f564-4297-936b-d553a6253032,fab676c8-594d-4609-be51-227be06ffdce,45e0393d-72ea-468b-a6bb-005fdc183833,50686538-3948-489c-9acd-64f82fb6286e,10.0,INR,success,2026-04-19 13:46:39.983856+00:00
ba69ebe8-d180-4f4b-bac0-6ebe07a7fd85,fab676c8-594d-4609-be51-227be06ffdce,45e0393d-72ea-468b-a6bb-005fdc183833,50686538-3948-489c-9acd-64f82fb6286e,3404.31,INR,success,2026-04-22 16:01:41.924988+00:00
bbc389fc-6cb1-447e-b5ba-33689398e0c6,fab676c8-594d-4609-be51-227be06ffdce,45e0393d-72ea-468b-a6bb-005fdc183833,50686538-3948-489c-9acd-64f82fb6286e,1456.29,INR,success,2026-04-25 19:00:32.281050+00:00
b8c72d70-c9bf-42c4-90b4-e0c021e2b873,fab676c8-594d-4609-be51-227be06ffdce,45e0393d-72ea-468b-a6bb-005fdc183833,50686538-3948-489c-9acd-64f82fb6286e,4557.65,INR,success,2026-04-26 11:22:47.197424+00:00
62e83b59-3960-4a6a-95f9-c846926a1756,fab676c8-594d-4609-be51-227be06ffdce,45e0393d-72ea-468b-a6bb-005fdc183833,50686538-3948-489c-9acd-64f82fb6286e,1884.18,INR,success,2026-05-10 20:09:02.677610+00:00
f33d8ac5-9e5e-4120-a18a-aa4aa7e52db7,d6f227cf-fe20-4862-9c58-1399511acb78,366c6f2e-1e74-492e-a308-4608965a1d36,429e37e7-3516-479e-8b5e-1a79fcbd2c15,994.1,INR,success,2026-05-31 03:40:45.870314+00:00
a68bcdce-38ff-4c45-94b8-d997be34f99e,4da132fc-6de4-4233-a778-e3c205362527,366c6f2e-1e74-492e-a308-4608965a1d36,429e37e7-3516-479e-8b5e-1a79fcbd2c15,3098.9,INR,success,2026-04-06 11:17:49.228563+00:00
1a0804fa-2a89-4104-9012-ef801be91699,4da132fc-6de4-4233-a778-e3c205362527,366c6f2e-1e74-492e-a308-4608965a1d36,429e37e7-3516-479e-8b5e-1a79fcbd2c15,575.86,INR,success,2026-05-24 08:48:50.065799+00:00
ebf40d26-e397-4709-98ca-9f228730bd24,52e2be1b-10b0-4382-8fee-90ceda790ae3,366c6f2e-1e74-492e-a308-4608965a1d36,429e37e7-3516-479e-8b5e-1a79fcbd2c15,917.88,INR,success,2026-04-09 08:36:22.210877+00:00
3f226aa9-436d-479d-b94a-7a4208460433,04c48c81-8221-4a7f-a06b-7966bbed588b,c6f24ac5-9122-4905-90b0-9b46a7a48909,ccd26519-7336-49c4-b4fc-689272cddfaf,14.33,INR,success,2026-03-13 13:31:33.004722+00:00
46056460-4c6f-4705-b7db-c37ca23e825a,04c48c81-8221-4a7f-a06b-7966bbed588b,c6f24ac5-9122-4905-90b0-9b46a7a48909,ccd26519-7336-49c4-b4fc-689272cddfaf,339.92,INR,success,2026-03-18 01:17:58.547157+00:00
557e037a-bfc0-4bd3-b47e-d63693df7385,04c48c81-8221-4a7f-a06b-7966bbed588b,c6f24ac5-9122-4905-90b0-9b46a7a48909,ccd26519-7336-49c4-b4fc-689272cddfaf,737.08,INR,success,2026-03-26 09:51:39.506909+00:00
9c85337e-267c-418a-87cc-8c93db379b45,04c48c81-8221-4a7f-a06b-7966bbed588b,c6f24ac5-9122-4905-90b0-9b46a7a48909,ccd26519-7336-49c4-b4fc-689272cddfaf,287.26,INR,success,2026-04-04 23:52:39.702523+00:00
29aa5e38-ac3f-429e-8ff8-7deff147b7a8,04c48c81-8221-4a7f-a06b-7966bbed588b,c6f24ac5-9122-4905-90b0-9b46a7a48909,ccd26519-7336-49c4-b4fc-689272cddfaf,566.07,INR,success,2026-04-17 12:54:19.785435+00:00
2ee581d7-2f93-46f6-8c6d-99a0e4405cec,04c48c81-8221-4a7f-a06b-7966bbed588b,c6f24ac5-9122-4905-90b0-9b46a7a48909,ccd26519-7336-49c4-b4fc-689272cddfaf,575.66,INR,success,2026-04-24 10:05:10.376982+00:00
4011d7a4-bece-4a0c-b717-a37e135189db,3d6b5944-1edf-4361-b1d3-869dd62cb3c7,3915f92d-c18e-455b-96f8-4aee0a8dd3a6,df60a2df-4329-4183-9e21-8654ed8c629b,871.1,INR,success,2026-04-13 10:04:00.119284+00:00
c8fb7f2f-a802-47e8-9990-01c974a36ec1,3d6b5944-1edf-4361-b1d3-869dd62cb3c7,3915f92d-c18e-455b-96f8-4aee0a8dd3a6,df60a2df-4329-4183-9e21-8654ed8c629b,689.01,INR,success,2026-04-23 17:03:05.866253+00:00
8f1b612b-7ea5-4921-867f-b605ff3787df,bf9ee4e6-53eb-4a1d-90a3-600db2a1e39c,33cb66b4-6d4e-4bd7-aa8a-b80659d28ff0,0abdb082-1f1c-4016-a340-4fd8d70b1c08,595.79,INR,success,2026-04-21 23:43:52.288445+00:00
1439ed4f-cf7a-48e3-ae67-40624824936c,838b50fa-50c3-4d0e-8e29-29bf76a6be34,32b069bf-d523-4b07-8e2f-d8caa15a866c,d94aad37-9cc1-4bf3-82e0-ce72d2371ea3,962.24,INR,success,2026-05-22 19:46:48.702926+00:00
d60a8e5c-e76a-4f35-bbe7-9d514f55f691,838b50fa-50c3-4d0e-8e29-29bf76a6be34,32b069bf-d523-4b07-8e2f-d8caa15a866c,d94aad37-9cc1-4bf3-82e0-ce72d2371ea3,976.34,INR,success,2026-05-26 18:29:56.286736+00:00
736ed22a-c3b9-4620-bef7-94ddc3b53197,838b50fa-50c3-4d0e-8e29-29bf76a6be34,32b069bf-d523-4b07-8e2f-d8caa15a866c,d94aad37-9cc1-4bf3-82e0-ce72d2371ea3,899.46,INR,success,2026-05-26 22:51:25.656680+00:00
613cf35a-b1e1-474e-844f-6cba43286286,838b50fa-50c3-4d0e-8e29-29bf76a6be34,32b069bf-d523-4b07-8e2f-d8caa15a866c,d94aad37-9cc1-4bf3-82e0-ce72d2371ea3,1364.76,INR,success,2026-05-27 00:43:40.103116+00:00
563e9a3e-72ab-475b-8d4f-0dd7b6f2ac36,838b50fa-50c3-4d0e-8e29-29bf76a6be34,32b069bf-d523-4b07-8e2f-d8caa15a866c,d94aad37-9cc1-4bf3-82e0-ce72d2371ea3,1127.2,INR,success,2026-05-27 19:35:08.931245+00:00
a9426200-7677-4df9-8df3-91a3d209556b,f14d72a1-40e3-4bd2-817e-7a8df7deba38,24369b67-1505-45e0-9755-19cb76a5968f,01265712-4222-45d4-be91-df2c893b58f6,2649.74,INR,success,2026-05-04 07:07:28.431066+00:00
c26f3bce-53dc-41ca-ba4f-00f0320bd8e4,f10d506a-a827-47bd-8842-0cacda9ebf7b,24369b67-1505-45e0-9755-19cb76a5968f,94f71126-e6be-45c3-990b-0e06e9f31cf9,5646.0,INR,success,2026-04-15 11:34:01.275366+00:00
55dd436e-a43f-4078-b8d8-c501d15b0738,f10d506a-a827-47bd-8842-0cacda9ebf7b,24369b67-1505-45e0-9755-19cb76a5968f,94f71126-e6be-45c3-990b-0e06e9f31cf9,1994.64,INR,success,2026-05-18 18:48:03.566153+00:00
cd648862-744b-4ce0-b81a-09503f84f105,f10d506a-a827-47bd-8842-0cacda9ebf7b,24369b67-1505-45e0-9755-19cb76a5968f,94f71126-e6be-45c3-990b-0e06e9f31cf9,6990.3,INR,success,2026-05-31 13:16:14.849486+00:00
b7d5b79b-e45c-488f-8edd-e2d8e06cf6a2,f5c2345b-93ac-4255-ac2e-0cf38821b07d,24369b67-1505-45e0-9755-19cb76a5968f,7d0627cf-4568-4fcb-b652-6f0589b792dc,1040.45,INR,success,2026-04-04 19:55:14.605268+00:00
1f9ac9c7-85e5-46d7-bffb-a239ce5736b4,f5c2345b-93ac-4255-ac2e-0cf38821b07d,24369b67-1505-45e0-9755-19cb76a5968f,7d0627cf-4568-4fcb-b652-6f0589b792dc,1067.13,INR,success,2026-04-20 17:52:56.270614+00:00
f44ba706-0e90-474b-93aa-76a667c74dd9,f5c2345b-93ac-4255-ac2e-0cf38821b07d,24369b67-1505-45e0-9755-19cb76a5968f,7d0627cf-4568-4fcb-b652-6f0589b792dc,2148.04,INR,success,2026-04-24 18:11:13.047728+00:00
4892599a-e844-4cd9-a2ee-8986a3853887,f5c2345b-93ac-4255-ac2e-0cf38821b07d,24369b67-1505-45e0-9755-19cb76a5968f,7d0627cf-4568-4fcb-b652-6f0589b792dc,1553.95,INR,success,2026-04-29 20:30:12.718024+00:00
7d6cc5eb-aa5d-4832-bb8a-2a7feb143040,f5c2345b-93ac-4255-ac2e-0cf38821b07d,24369b67-1505-45e0-9755-19cb76a5968f,7d0627cf-4568-4fcb-b652-6f0589b792dc,1357.35,INR,success,2026-05-11 11:03:34.464489+00:00
24ce6ef6-bb20-4da0-bbba-e8c42dd2373a,f5c2345b-93ac-4255-ac2e-0cf38821b07d,24369b67-1505-45e0-9755-19cb76a5968f,7d0627cf-4568-4fcb-b652-6f0589b792dc,1747.22,INR,success,2026-05-26 05:02:12.485383+00:00
88f2880e-c88c-486d-8a36-1dd09b7ce2e9,537784a5-2c5b-4ffe-a141-25e8459744a3,24369b67-1505-45e0-9755-19cb76a5968f,215d6748-69c4-4f1f-b217-3d7dd3c3ba74,644.85,INR,success,2026-05-21 22:12:01.994919+00:00
5261e56e-cd18-4283-b492-fe785aa1832b,537784a5-2c5b-4ffe-a141-25e8459744a3,24369b67-1505-45e0-9755-19cb76a5968f,215d6748-69c4-4f1f-b217-3d7dd3c3ba74,1075.1,INR,success,2026-05-23 00:21:17.943322+00:00
1831118a-fee0-4bb8-80b2-178159056ec4,537784a5-2c5b-4ffe-a141-25e8459744a3,24369b67-1505-45e0-9755-19cb76a5968f,215d6748-69c4-4f1f-b217-3d7dd3c3ba74,327.23,INR,success,2026-05-29 07:43:04.376530+00:00
87b697e2-f4f0-427a-8d58-1dfd7a9bae04,537784a5-2c5b-4ffe-a141-25e8459744a3,24369b67-1505-45e0-9755-19cb76a5968f,215d6748-69c4-4f1f-b217-3d7dd3c3ba74,359.7,INR,success,2026-05-30 07:26:19.014789+00:00
5ba2b89a-4096-4b52-a58b-c6728fa3a5a6,537784a5-2c5b-4ffe-a141-25e8459744a3,24369b67-1505-45e0-9755-19cb76a5968f,215d6748-69c4-4f1f-b217-3d7dd3c3ba74,10.0,INR,success,2026-05-31 08:48:24.493545+00:00
d8484292-531a-4c48-b9a4-0d6b828398bf,537784a5-2c5b-4ffe-a141-25e8459744a3,24369b67-1505-45e0-9755-19cb76a5968f,215d6748-69c4-4f1f-b217-3d7dd3c3ba74,685.93,INR,success,2026-05-31 20:11:29.970760+00:00
c216a39b-5188-4aed-8026-3df2f75ef630,a1599e19-a2bf-40d6-89f4-6db2c4451bdb,24369b67-1505-45e0-9755-19cb76a5968f,98b863b4-e104-4138-ae48-4082798b966c,2460.63,INR,success,2026-05-27 12:30:47.785437+00:00
360966ae-d032-4b6c-84e1-68ed114168a1,a1599e19-a2bf-40d6-89f4-6db2c4451bdb,24369b67-1505-45e0-9755-19cb76a5968f,98b863b4-e104-4138-ae48-4082798b966c,3125.93,INR,success,2026-05-28 18:05:33.008795+00:00
cbbb5c50-42e8-4bcc-aef1-bbe5a13a57f8,a1599e19-a2bf-40d6-89f4-6db2c4451bdb,24369b67-1505-45e0-9755-19cb76a5968f,98b863b4-e104-4138-ae48-4082798b966c,3087.86,INR,success,2026-05-31 17:56:28.053604+00:00
0aefebc6-b240-480d-99b5-f2774b70cc98,a1599e19-a2bf-40d6-89f4-6db2c4451bdb,24369b67-1505-45e0-9755-19cb76a5968f,98b863b4-e104-4138-ae48-4082798b966c,2634.31,INR,success,2026-05-31 18:53:25.112742+00:00
e83bd128-418c-4926-910d-60db022070fc,52e30f6d-c2c2-4444-81ff-3f0931f6592f,89b905d7-0de7-41e4-aac4-1551c313417f,473976c6-ba58-4153-ad1d-bfa904523335,3337.69,INR,success,2026-04-16 21:14:59.830727+00:00
3ff2cf47-8a08-4ff5-b982-8832bdb1ec48,52e30f6d-c2c2-4444-81ff-3f0931f6592f,89b905d7-0de7-41e4-aac4-1551c313417f,473976c6-ba58-4153-ad1d-bfa904523335,3287.16,INR,success,2026-04-26 14:07:28.570003+00:00
f76c0382-e9ab-4546-a383-0bf96fdefd7c,52e30f6d-c2c2-4444-81ff-3f0931f6592f,89b905d7-0de7-41e4-aac4-1551c313417f,473976c6-ba58-4153-ad1d-bfa904523335,2788.59,INR,success,2026-05-23 13:30:54.336371+00:00
cfd6ebc7-4939-43ba-8c79-e41d7cd92797,52e30f6d-c2c2-4444-81ff-3f0931f6592f,89b905d7-0de7-41e4-aac4-1551c313417f,473976c6-ba58-4153-ad1d-bfa904523335,2351.58,INR,success,2026-05-31 07:25:31.305448+00:00
0c8ea7cd-d631-4b8c-8a20-b97651f248c1,435f368b-dc00-4c8e-bebd-dfab6e5e304c,3f15ae52-a60d-4577-a781-116190c0a5d0,473976c6-ba58-4153-ad1d-bfa904523335,827.3,INR,success,2026-05-06 22:31:04.490721+00:00
8ac17e5b-740f-409a-b248-484334962656,435f368b-dc00-4c8e-bebd-dfab6e5e304c,3f15ae52-a60d-4577-a781-116190c0a5d0,473976c6-ba58-4153-ad1d-bfa904523335,1898.07,INR,success,2026-05-12 06:36:23.886140+00:00
a9fe33d4-3c07-4304-8ae6-144c4974cb4e,435f368b-dc00-4c8e-bebd-dfab6e5e304c,3f15ae52-a60d-4577-a781-116190c0a5d0,473976c6-ba58-4153-ad1d-bfa904523335,2490.52,INR,success,2026-05-15 15:06:10.219079+00:00
d05eb704-ca0d-40bd-aac0-6baed0080c42,435f368b-dc00-4c8e-bebd-dfab6e5e304c,3f15ae52-a60d-4577-a781-116190c0a5d0,473976c6-ba58-4153-ad1d-bfa904523335,1504.06,INR,success,2026-05-17 17:19:55.988630+00:00
300997fb-f6ab-4b0e-a1ee-5041ecbbd76d,435f368b-dc00-4c8e-bebd-dfab6e5e304c,3f15ae52-a60d-4577-a781-116190c0a5d0,473976c6-ba58-4153-ad1d-bfa904523335,1221.86,INR,success,2026-05-24 14:46:41.640773+00:00
df713dce-14b7-4e02-8928-6d380019fa8d,435f368b-dc00-4c8e-bebd-dfab6e5e304c,3f15ae52-a60d-4577-a781-116190c0a5d0,473976c6-ba58-4153-ad1d-bfa904523335,924.02,INR,success,2026-05-28 18:53:02.254088+00:00
6790c7e8-a7d9-40a1-bd9d-8ede7ed22c72,9984dddd-cc77-4a00-b987-30e97b9d7377,69a9d44d-0738-44ee-9e6f-4c327872dfbb,473976c6-ba58-4153-ad1d-bfa904523335,3834.95,INR,success,2026-05-29 11:39:02.724985+00:00
7ffe41c5-19a0-4115-b6f0-fe7434c93a11,9984dddd-cc77-4a00-b987-30e97b9d7377,69a9d44d-0738-44ee-9e6f-4c327872dfbb,473976c6-ba58-4153-ad1d-bfa904523335,4017.61,INR,success,2026-05-29 17:00:45.538274+00:00
14073e71-7a51-402c-bc54-2f0b44b96437,9984dddd-cc77-4a00-b987-30e97b9d7377,69a9d44d-0738-44ee-9e6f-4c327872dfbb,473976c6-ba58-4153-ad1d-bfa904523335,3926.27,INR,success,2026-05-30 10:22:09.601990+00:00
aa6507b8-94d9-414b-ad72-47880af8a51e,9984dddd-cc77-4a00-b987-30e97b9d7377,69a9d44d-0738-44ee-9e6f-4c327872dfbb,473976c6-ba58-4153-ad1d-bfa904523335,2575.39,INR,success,2026-05-31 02:06:12.107256+00:00
6b8634dc-9497-475c-a398-9e8b414d79c9,e2c375ef-21fc-4cff-a44f-1e650d71e961,fb6f29a6-c916-4981-8184-ac0ee73eea06,fc257308-cc2d-44ed-8946-a3a996e6e4e1,278.21,INR,success,2026-03-26 00:25:47.573447+00:00
c36491c9-7348-4b8c-9fef-edad962bd838,e2c375ef-21fc-4cff-a44f-1e650d71e961,fb6f29a6-c916-4981-8184-ac0ee73eea06,fc257308-cc2d-44ed-8946-a3a996e6e4e1,320.62,INR,success,2026-03-26 13:04:52.594261+00:00
431666b9-d44f-4bb1-9c2a-8db4aa7357cb,e2c375ef-21fc-4cff-a44f-1e650d71e961,fb6f29a6-c916-4981-8184-ac0ee73eea06,fc257308-cc2d-44ed-8946-a3a996e6e4e1,340.59,INR,success,2026-03-30 20:41:02.881246+00:00
2b2721ed-b049-4fec-be21-7d77d19574f9,e2c375ef-21fc-4cff-a44f-1e650d71e961,fb6f29a6-c916-4981-8184-ac0ee73eea06,fc257308-cc2d-44ed-8946-a3a996e6e4e1,232.9,INR,success,2026-04-05 06:12:19.089517+00:00
c0012c66-6918-48f8-b8fb-0df04cd58fc7,e2c375ef-21fc-4cff-a44f-1e650d71e961,fb6f29a6-c916-4981-8184-ac0ee73eea06,fc257308-cc2d-44ed-8946-a3a996e6e4e1,415.39,INR,success,2026-04-08 16:27:53.125565+00:00
cf252672-9c59-402b-8985-cced3c497818,e2c375ef-21fc-4cff-a44f-1e650d71e961,fb6f29a6-c916-4981-8184-ac0ee73eea06,fc257308-cc2d-44ed-8946-a3a996e6e4e1,253.04,INR,success,2026-04-22 09:43:35.190687+00:00
37ea1d5b-1d99-4b85-b5a5-81a9927e2fb9,cba5de68-cc48-4d7e-bbba-fc52449cf8c5,fb6f29a6-c916-4981-8184-ac0ee73eea06,b3eda258-f481-4c96-9c25-3db062fee070,2574.33,INR,success,2026-04-24 20:39:56.325969+00:00
83a78dfb-9c39-4839-ad5b-35bf72d39aaf,87a40a90-7440-4606-89b1-934bfba44922,fb6f29a6-c916-4981-8184-ac0ee73eea06,7d43f11d-11fb-415d-a5bc-3e55b82b0b28,1204.75,INR,success,2026-05-07 09:26:25.801234+00:00
f81c7af6-7fba-4343-a648-59d4968eba33,87a40a90-7440-4606-89b1-934bfba44922,fb6f29a6-c916-4981-8184-ac0ee73eea06,7d43f11d-11fb-415d-a5bc-3e55b82b0b28,2103.49,INR,success,2026-05-15 01:05:08.988693+00:00
e57e465f-5af9-4a85-a470-234b8d8a5d14,87a40a90-7440-4606-89b1-934bfba44922,fb6f29a6-c916-4981-8184-ac0ee73eea06,7d43f11d-11fb-415d-a5bc-3e55b82b0b28,2168.4,INR,success,2026-05-15 23:42:54.655684+00:00
fcf6fb14-01e6-4226-b9e8-abb83732833d,87a40a90-7440-4606-89b1-934bfba44922,fb6f29a6-c916-4981-8184-ac0ee73eea06,7d43f11d-11fb-415d-a5bc-3e55b82b0b28,1945.4,INR,success,2026-05-19 07:54:32.383152+00:00
dea721e5-d161-4556-ab36-6b61c4503e21,87a40a90-7440-4606-89b1-934bfba44922,fb6f29a6-c916-4981-8184-ac0ee73eea06,7d43f11d-11fb-415d-a5bc-3e55b82b0b28,1061.88,INR,success,2026-05-26 21:52:19.817280+00:00
af0ad2fe-d9e3-4761-aee8-a09673c1a943,87a40a90-7440-4606-89b1-934bfba44922,fb6f29a6-c916-4981-8184-ac0ee73eea06,7d43f11d-11fb-415d-a5bc-3e55b82b0b28,1307.67,INR,success,2026-05-30 22:25:55.386297+00:00
5a22f706-f302-44fc-9798-395c44b6d036,a895af1d-13b5-4708-8c71-5f4bd7c17e3d,fb6f29a6-c916-4981-8184-ac0ee73eea06,83345919-ecc9-4676-addb-826f480290d7,1872.29,INR,success,2026-05-30 16:49:24.879387+00:00
2a79f2f4-4506-42b0-b9b2-2ad005f6d31a,a895af1d-13b5-4708-8c71-5f4bd7c17e3d,fb6f29a6-c916-4981-8184-ac0ee73eea06,83345919-ecc9-4676-addb-826f480290d7,1515.3,INR,success,2026-05-31 01:52:00.617236+00:00
1088a4e4-dfee-4a57-81e0-4a3495064fd6,a895af1d-13b5-4708-8c71-5f4bd7c17e3d,fb6f29a6-c916-4981-8184-ac0ee73eea06,83345919-ecc9-4676-addb-826f480290d7,2590.84,INR,success,2026-05-31 02:57:52.940332+00:00
7e681f7c-6c08-46b6-8738-7e4ebc29ea91,a895af1d-13b5-4708-8c71-5f4bd7c17e3d,fb6f29a6-c916-4981-8184-ac0ee73eea06,83345919-ecc9-4676-addb-826f480290d7,4988.87,INR,success,2026-05-31 03:59:32.816263+00:00
31ed4b85-a729-4403-9319-7f1ea69f7e50,a895af1d-13b5-4708-8c71-5f4bd7c17e3d,fb6f29a6-c916-4981-8184-ac0ee73eea06,83345919-ecc9-4676-addb-826f480290d7,3892.3,INR,success,2026-05-31 20:10:12.194310+00:00
44cd8424-b08a-4402-b95a-4543df687f09,f78e6a73-a664-4189-8c16-39dac99a0879,db388985-94d2-44bc-9dcd-a299cfbc3da7,73cbe192-6772-464c-b015-5197a7ab026b,139.01,INR,success,2026-03-22 05:16:46.667015+00:00
7d5a722c-2ef3-4990-9661-af38ab5d4377,f78e6a73-a664-4189-8c16-39dac99a0879,db388985-94d2-44bc-9dcd-a299cfbc3da7,73cbe192-6772-464c-b015-5197a7ab026b,2862.87,INR,success,2026-04-01 19:21:36.334051+00:00
4c76e4d5-d6af-4299-acfa-6777edb1b75a,f78e6a73-a664-4189-8c16-39dac99a0879,db388985-94d2-44bc-9dcd-a299cfbc3da7,73cbe192-6772-464c-b015-5197a7ab026b,2036.19,INR,success,2026-04-14 00:44:53.608245+00:00
18feb6a8-2dbb-4625-83be-275fc62b1a03,f78e6a73-a664-4189-8c16-39dac99a0879,db388985-94d2-44bc-9dcd-a299cfbc3da7,73cbe192-6772-464c-b015-5197a7ab026b,5003.51,INR,success,2026-05-25 08:28:42.368599+00:00
a5508cf6-9f9a-49bd-a1fa-8cf15b7854b5,0616832a-d638-49cf-aaf2-9c459cd115b8,8f298bb3-ce00-46a9-8997-37ea55733138,d0b9bb71-2c58-4c25-9360-b266cb7c165b,448.78,INR,success,2026-04-01 02:28:29.749750+00:00
bdf46378-0958-440d-b0ea-05183bd9321d,0616832a-d638-49cf-aaf2-9c459cd115b8,8f298bb3-ce00-46a9-8997-37ea55733138,d0b9bb71-2c58-4c25-9360-b266cb7c165b,204.99,INR,success,2026-04-01 16:34:41.877303+00:00
35b48479-69cf-4935-9cf9-86be3b12295a,0616832a-d638-49cf-aaf2-9c459cd115b8,8f298bb3-ce00-46a9-8997-37ea55733138,d0b9bb71-2c58-4c25-9360-b266cb7c165b,1395.72,INR,success,2026-04-07 13:22:17.906874+00:00
aa9cda40-1dad-4719-aea5-e07c2a1addf0,0616832a-d638-49cf-aaf2-9c459cd115b8,8f298bb3-ce00-46a9-8997-37ea55733138,d0b9bb71-2c58-4c25-9360-b266cb7c165b,570.02,INR,success,2026-04-17 06:15:27.821579+00:00
c88fd6f3-41bd-454c-91aa-3c6f277c237e,0616832a-d638-49cf-aaf2-9c459cd115b8,8f298bb3-ce00-46a9-8997-37ea55733138,d0b9bb71-2c58-4c25-9360-b266cb7c165b,617.71,INR,success,2026-04-29 08:48:35.245326+00:00
1dc1dcc5-1c0e-4e7b-a41c-1a0b17c5f972,0616832a-d638-49cf-aaf2-9c459cd115b8,8f298bb3-ce00-46a9-8997-37ea55733138,d0b9bb71-2c58-4c25-9360-b266cb7c165b,10.0,INR,success,2026-05-06 04:24:52.343406+00:00
8cd3330c-22ba-424d-8cea-3d034d63299a,e56b2fdb-7856-4636-a999-037e6e74ce21,970bed96-2472-4b97-acbc-d2ec197dbc0a,c3481df8-4c4f-43fb-a6e5-500d6b730daa,4562.0,INR,success,2026-05-08 07:20:52.698977+00:00
13ec21be-f0ef-4449-81b8-67670cd7ea11,e56b2fdb-7856-4636-a999-037e6e74ce21,970bed96-2472-4b97-acbc-d2ec197dbc0a,c3481df8-4c4f-43fb-a6e5-500d6b730daa,3029.43,INR,success,2026-05-29 17:36:54.257726+00:00
ce96650b-be7b-4802-a4d8-4176ecf06f3f,3e1f3fa8-3bda-4e9f-accb-40c09397c930,67824d5a-51f8-4506-aff0-32adc320a401,0a4364d8-ec76-478b-a785-e57c917b8657,3185.43,INR,success,2026-05-04 01:15:41.947887+00:00
68bfbdc3-ca17-4979-a229-c0a2138e76d7,a5f35f18-1418-4a48-bbfe-ab891bd84cd5,a7788b6f-9a6c-4866-aee2-33029c5b3eed,c91e429b-6b37-4925-84d5-d903f0da6a5f,3928.03,INR,success,2026-03-14 12:48:34.896437+00:00
47c218d2-ba6b-4ce4-bd92-82931fd36fa2,a5f35f18-1418-4a48-bbfe-ab891bd84cd5,a7788b6f-9a6c-4866-aee2-33029c5b3eed,c91e429b-6b37-4925-84d5-d903f0da6a5f,4072.96,INR,success,2026-04-18 15:55:25.581515+00:00
8bf04e3c-e8dc-4882-b05b-8d4fe17e32b5,982bbef3-ac01-40ec-a6b4-fa85026774a8,a7788b6f-9a6c-4866-aee2-33029c5b3eed,c91e429b-6b37-4925-84d5-d903f0da6a5f,482.76,INR,success,2026-03-31 09:03:16.389830+00:00
285fa5e2-aed6-4c42-864f-6b542cbc0f5a,982bbef3-ac01-40ec-a6b4-fa85026774a8,a7788b6f-9a6c-4866-aee2-33029c5b3eed,c91e429b-6b37-4925-84d5-d903f0da6a5f,230.99,INR,success,2026-04-17 18:02:53.614248+00:00
441afda1-8df8-495f-926c-70a5cd52dcb6,982bbef3-ac01-40ec-a6b4-fa85026774a8,a7788b6f-9a6c-4866-aee2-33029c5b3eed,c91e429b-6b37-4925-84d5-d903f0da6a5f,10.0,INR,success,2026-05-25 21:38:23.448235+00:00
555815cb-561f-41e2-aebb-97c36a87b93f,fb035cf1-10fc-4615-9b04-06b9f38fcbae,a7788b6f-9a6c-4866-aee2-33029c5b3eed,c91e429b-6b37-4925-84d5-d903f0da6a5f,10.0,INR,success,2026-04-23 22:24:20.162290+00:00
ac1c0290-8739-4ff1-b710-c3e5fa818d3b,fb035cf1-10fc-4615-9b04-06b9f38fcbae,a7788b6f-9a6c-4866-aee2-33029c5b3eed,c91e429b-6b37-4925-84d5-d903f0da6a5f,948.57,INR,success,2026-05-06 07:20:29.490746+00:00
30c43b75-a7f3-48e2-9755-491ad9cfa544,fb035cf1-10fc-4615-9b04-06b9f38fcbae,a7788b6f-9a6c-4866-aee2-33029c5b3eed,c91e429b-6b37-4925-84d5-d903f0da6a5f,5515.54,INR,success,2026-05-06 16:44:17.432372+00:00
353dfb56-bb94-4545-8390-df58034d7fef,fb035cf1-10fc-4615-9b04-06b9f38fcbae,a7788b6f-9a6c-4866-aee2-33029c5b3eed,c91e429b-6b37-4925-84d5-d903f0da6a5f,1054.28,INR,success,2026-05-15 06:00:55.884236+00:00
8790bf5e-3198-472c-889c-58daedf7d534,fb035cf1-10fc-4615-9b04-06b9f38fcbae,a7788b6f-9a6c-4866-aee2-33029c5b3eed,c91e429b-6b37-4925-84d5-d903f0da6a5f,2171.01,INR,success,2026-05-21 16:39:27.860855+00:00
263aceef-e26d-4f18-a488-0bf26db0227d,fb035cf1-10fc-4615-9b04-06b9f38fcbae,a7788b6f-9a6c-4866-aee2-33029c5b3eed,c91e429b-6b37-4925-84d5-d903f0da6a5f,1479.04,INR,success,2026-05-26 05:43:50.741236+00:00
270337be-9044-4e05-9121-548b881a201e,d0409dd0-008e-448b-926e-ad24003bec27,a7788b6f-9a6c-4866-aee2-33029c5b3eed,c91e429b-6b37-4925-84d5-d903f0da6a5f,3374.74,INR,success,2026-05-03 17:58:23.143865+00:00
f6319eaa-f118-4571-84ea-e44089e05ff3,d0409dd0-008e-448b-926e-ad24003bec27,a7788b6f-9a6c-4866-aee2-33029c5b3eed,c91e429b-6b37-4925-84d5-d903f0da6a5f,5625.49,INR,success,2026-05-08 00:33:40.340670+00:00
b0161b8e-b28c-44fb-b03a-31324a79d572,d0409dd0-008e-448b-926e-ad24003bec27,a7788b6f-9a6c-4866-aee2-33029c5b3eed,c91e429b-6b37-4925-84d5-d903f0da6a5f,4081.33,INR,success,2026-05-13 08:52:56.281623+00:00
2cce13b4-825f-4557-a384-d737d34576cb,d0409dd0-008e-448b-926e-ad24003bec27,a7788b6f-9a6c-4866-aee2-33029c5b3eed,c91e429b-6b37-4925-84d5-d903f0da6a5f,3398.62,INR,success,2026-05-14 14:40:54.217302+00:00
dba09917-4124-45ec-aeb6-c9cfa027b9f6,b622b9aa-5714-462b-9a0d-4ed6b470706a,a7788b6f-9a6c-4866-aee2-33029c5b3eed,c91e429b-6b37-4925-84d5-d903f0da6a5f,1630.66,INR,success,2026-05-23 14:31:05.533845+00:00
082368e0-1306-495e-a81c-b57fd485c94d,b622b9aa-5714-462b-9a0d-4ed6b470706a,a7788b6f-9a6c-4866-aee2-33029c5b3eed,c91e429b-6b37-4925-84d5-d903f0da6a5f,2400.91,INR,success,2026-05-25 14:44:39.527007+00:00
5587122a-1664-48ab-a6e7-408387efaa7c,b622b9aa-5714-462b-9a0d-4ed6b470706a,a7788b6f-9a6c-4866-aee2-33029c5b3eed,c91e429b-6b37-4925-84d5-d903f0da6a5f,5544.07,INR,success,2026-05-25 23:01:26.900082+00:00
a4bcf542-02ff-4551-a568-9308f0a66b75,b622b9aa-5714-462b-9a0d-4ed6b470706a,a7788b6f-9a6c-4866-aee2-33029c5b3eed,c91e429b-6b37-4925-84d5-d903f0da6a5f,2076.59,INR,success,2026-05-28 03:15:10.328264+00:00
a2f34115-ebd2-470c-8fda-014086dffb52,b622b9aa-5714-462b-9a0d-4ed6b470706a,a7788b6f-9a6c-4866-aee2-33029c5b3eed,c91e429b-6b37-4925-84d5-d903f0da6a5f,3008.2,INR,success,2026-05-28 14:45:50.845375+00:00
9de87bff-7a85-4d0a-b5a7-587c0f1ec9df,b8356d0c-c333-412b-bc0e-ddbc1e4e0680,f236362f-7962-4ae4-bde7-4a5eed40f552,42cfc395-f5af-4f6c-9554-f7b90ece4a3e,213.95,INR,success,2026-04-05 10:00:24.527369+00:00
1b526e62-277c-48e7-a035-bbeb2c4242a3,b8356d0c-c333-412b-bc0e-ddbc1e4e0680,f236362f-7962-4ae4-bde7-4a5eed40f552,42cfc395-f5af-4f6c-9554-f7b90ece4a3e,264.04,INR,success,2026-04-11 01:53:32.313685+00:00
9a1ad117-c2fa-4e6a-9b36-da5595dcb06c,b8356d0c-c333-412b-bc0e-ddbc1e4e0680,f236362f-7962-4ae4-bde7-4a5eed40f552,42cfc395-f5af-4f6c-9554-f7b90ece4a3e,366.85,INR,success,2026-04-21 02:01:50.177717+00:00
58e9906e-aae3-4caf-a9d8-3770e95fbba8,b8356d0c-c333-412b-bc0e-ddbc1e4e0680,f236362f-7962-4ae4-bde7-4a5eed40f552,42cfc395-f5af-4f6c-9554-f7b90ece4a3e,164.31,INR,success,2026-04-21 23:50:39.042938+00:00
c8367be2-81b6-4a42-85f8-b8631622ec8b,b8356d0c-c333-412b-bc0e-ddbc1e4e0680,f236362f-7962-4ae4-bde7-4a5eed40f552,42cfc395-f5af-4f6c-9554-f7b90ece4a3e,382.02,INR,success,2026-05-24 17:54:26.057635+00:00
38cd17f6-1b66-4330-86aa-f669d7effadb,b8356d0c-c333-412b-bc0e-ddbc1e4e0680,f236362f-7962-4ae4-bde7-4a5eed40f552,42cfc395-f5af-4f6c-9554-f7b90ece4a3e,148.56,INR,success,2026-05-25 17:04:28.018632+00:00
5f3b493d-1e5f-4b41-af75-a1005d78729c,959167e1-a604-48f4-836a-9ad2b293b067,f236362f-7962-4ae4-bde7-4a5eed40f552,42cfc395-f5af-4f6c-9554-f7b90ece4a3e,852.14,INR,success,2026-04-10 16:08:34.432645+00:00
32ed48d1-54d8-4d0d-a15e-4e6ba69e6172,959167e1-a604-48f4-836a-9ad2b293b067,f236362f-7962-4ae4-bde7-4a5eed40f552,42cfc395-f5af-4f6c-9554-f7b90ece4a3e,1340.42,INR,success,2026-04-25 13:08:26.842769+00:00
15342d45-3c67-43da-aa1b-b6b77d0939ec,959167e1-a604-48f4-836a-9ad2b293b067,f236362f-7962-4ae4-bde7-4a5eed40f552,42cfc395-f5af-4f6c-9554-f7b90ece4a3e,1167.93,INR,success,2026-04-26 15:17:17.481310+00:00
cabed287-164a-479d-9458-891b34c827a8,959167e1-a604-48f4-836a-9ad2b293b067,f236362f-7962-4ae4-bde7-4a5eed40f552,42cfc395-f5af-4f6c-9554-f7b90ece4a3e,1697.87,INR,success,2026-05-01 10:20:30.081735+00:00
9c061708-defc-45e7-80a5-564e11793741,959167e1-a604-48f4-836a-9ad2b293b067,f236362f-7962-4ae4-bde7-4a5eed40f552,42cfc395-f5af-4f6c-9554-f7b90ece4a3e,1765.85,INR,success,2026-05-11 02:54:55.336863+00:00
24b72c9f-2083-4993-ae36-ed0cd98552fb,2c877747-f0a1-4694-b3b7-ccb606494c08,df19c7d4-75bc-49a8-a04d-b521eb5550b9,90568275-a3e2-4d8b-b8b5-2b3d879e5475,2263.02,INR,success,2026-04-10 10:15:19.931746+00:00
0cf12df9-acdf-4137-97f9-922e449e7e14,2c877747-f0a1-4694-b3b7-ccb606494c08,df19c7d4-75bc-49a8-a04d-b521eb5550b9,90568275-a3e2-4d8b-b8b5-2b3d879e5475,3883.91,INR,success,2026-04-13 05:05:13.893842+00:00
3221f53a-7cea-474e-b1d3-66f423980371,bbacfafb-13ea-4094-9dc2-4550ac8c8de4,df19c7d4-75bc-49a8-a04d-b521eb5550b9,90568275-a3e2-4d8b-b8b5-2b3d879e5475,4347.82,INR,success,2026-04-18 05:33:59.843187+00:00
0d45b99b-85ff-4b27-b1e2-3d53e7585941,bbacfafb-13ea-4094-9dc2-4550ac8c8de4,df19c7d4-75bc-49a8-a04d-b521eb5550b9,90568275-a3e2-4d8b-b8b5-2b3d879e5475,3040.59,INR,success,2026-04-20 15:08:33.772187+00:00
1299dc2c-4fc4-4937-920f-86fbc718a5ec,bbacfafb-13ea-4094-9dc2-4550ac8c8de4,df19c7d4-75bc-49a8-a04d-b521eb5550b9,90568275-a3e2-4d8b-b8b5-2b3d879e5475,116.56,INR,success,2026-04-25 07:43:27.598918+00:00
0dba0e06-e16f-461d-9cfe-e99258657ac7,bbacfafb-13ea-4094-9dc2-4550ac8c8de4,df19c7d4-75bc-49a8-a04d-b521eb5550b9,90568275-a3e2-4d8b-b8b5-2b3d879e5475,1624.52,INR,success,2026-05-06 19:29:29.987598+00:00
834a7da7-c89f-4579-9110-2da931688644,bbacfafb-13ea-4094-9dc2-4550ac8c8de4,df19c7d4-75bc-49a8-a04d-b521eb5550b9,90568275-a3e2-4d8b-b8b5-2b3d879e5475,1686.15,INR,success,2026-05-28 23:38:19.305722+00:00
683e5fac-bfdc-4c29-953b-32159a599618,30ba7e85-0ce4-4c7f-971b-d1880dd9bd5f,df19c7d4-75bc-49a8-a04d-b521eb5550b9,90568275-a3e2-4d8b-b8b5-2b3d879e5475,3387.5,INR,success,2026-05-28 02:10:50.767245+00:00
454a423b-2494-4c9d-8854-7877d8b338ab,30ba7e85-0ce4-4c7f-971b-d1880dd9bd5f,df19c7d4-75bc-49a8-a04d-b521eb5550b9,90568275-a3e2-4d8b-b8b5-2b3d879e5475,4896.97,INR,success,2026-05-28 06:46:45.307130+00:00
334ee3af-cd4f-47fe-ba89-dfbcfa61f8c7,30ba7e85-0ce4-4c7f-971b-d1880dd9bd5f,df19c7d4-75bc-49a8-a04d-b521eb5550b9,90568275-a3e2-4d8b-b8b5-2b3d879e5475,2791.59,INR,success,2026-05-30 01:11:30.677515+00:00
2d8a6926-6ab5-43a8-9b4b-2cffe4d53195,30ba7e85-0ce4-4c7f-971b-d1880dd9bd5f,df19c7d4-75bc-49a8-a04d-b521eb5550b9,90568275-a3e2-4d8b-b8b5-2b3d879e5475,4700.91,INR,success,2026-05-30 17:49:38.485400+00:00
8035209f-780b-45a6-bf56-da1c5cb73568,ffe1530b-5a3e-4d16-a681-8866f2631115,df19c7d4-75bc-49a8-a04d-b521eb5550b9,90568275-a3e2-4d8b-b8b5-2b3d879e5475,962.86,INR,success,2026-05-20 08:16:38.966528+00:00
a19038f9-d238-43e4-8f5c-0b56d3ac8a85,ffe1530b-5a3e-4d16-a681-8866f2631115,df19c7d4-75bc-49a8-a04d-b521eb5550b9,90568275-a3e2-4d8b-b8b5-2b3d879e5475,427.1,INR,success,2026-05-25 17:11:27.772628+00:00
4d3ee14b-4310-4e19-aa16-5ad8351b68b8,ffe1530b-5a3e-4d16-a681-8866f2631115,df19c7d4-75bc-49a8-a04d-b521eb5550b9,90568275-a3e2-4d8b-b8b5-2b3d879e5475,847.24,INR,success,2026-05-27 16:31:45.892405+00:00
0d9baa9c-8ef3-476e-ad65-d2fb7cb50837,ffe1530b-5a3e-4d16-a681-8866f2631115,df19c7d4-75bc-49a8-a04d-b521eb5550b9,90568275-a3e2-4d8b-b8b5-2b3d879e5475,586.92,INR,success,2026-05-30 01:22:06.326740+00:00
ff7a45b5-0b48-41c4-8fad-418c58bbc9c5,f8ee2e1d-98c3-41d5-a0d0-16b09b4e89a3,ffb39ec4-42cd-4ef1-8340-ec7eee0dd2ae,b970510c-9d9b-4d92-8df6-1d634459aad8,695.44,INR,success,2026-03-23 13:31:08.260278+00:00
98efc5a8-849e-4b6a-80f5-ab076e97cd80,f8ee2e1d-98c3-41d5-a0d0-16b09b4e89a3,ffb39ec4-42cd-4ef1-8340-ec7eee0dd2ae,b970510c-9d9b-4d92-8df6-1d634459aad8,693.77,INR,success,2026-03-28 09:19:37.216255+00:00
d214c862-fdef-4ca7-9003-5c5fb689fd75,f8ee2e1d-98c3-41d5-a0d0-16b09b4e89a3,ffb39ec4-42cd-4ef1-8340-ec7eee0dd2ae,b970510c-9d9b-4d92-8df6-1d634459aad8,411.16,INR,success,2026-04-26 23:43:29.890187+00:00
b1a4e86c-bb01-4c74-b4a9-f960767d604a,f8ee2e1d-98c3-41d5-a0d0-16b09b4e89a3,ffb39ec4-42cd-4ef1-8340-ec7eee0dd2ae,b970510c-9d9b-4d92-8df6-1d634459aad8,746.94,INR,success,2026-05-21 02:29:37.749667+00:00
1736a465-4945-4bdd-b595-e909de6fd247,7b9fcf53-4724-4aa5-93d0-5858eeb07a3e,ef6849d2-cefd-483d-8ef6-3fe06d38769d,b18ed9ab-5a42-4a15-af7e-42c86c5f60d6,598.83,INR,success,2026-03-30 19:05:03.092771+00:00
224a800b-9a2d-4475-94c9-2297ffa7c287,7b9fcf53-4724-4aa5-93d0-5858eeb07a3e,ef6849d2-cefd-483d-8ef6-3fe06d38769d,b18ed9ab-5a42-4a15-af7e-42c86c5f60d6,1254.09,INR,success,2026-04-24 14:46:43.589320+00:00
6d999e34-e890-49dd-b2ce-410af0d13b7a,25c36736-a8cf-44d7-bf61-cb6e573e4ce5,2187ac27-8b70-414e-ad84-7282ab590e0e,18887d78-8437-4933-83b9-b4f3cb5be981,909.23,INR,success,2026-05-02 04:48:47.456392+00:00
da23b775-275a-45b0-949f-a3aa738b52af,dea50597-9c23-4fa9-8b12-cabdcaf9a870,2187ac27-8b70-414e-ad84-7282ab590e0e,18887d78-8437-4933-83b9-b4f3cb5be981,2271.01,INR,success,2026-04-27 19:56:47.086840+00:00
58886d38-de29-484c-9b6f-79c4b102241a,dea50597-9c23-4fa9-8b12-cabdcaf9a870,2187ac27-8b70-414e-ad84-7282ab590e0e,18887d78-8437-4933-83b9-b4f3cb5be981,1907.63,INR,success,2026-05-21 08:27:07.787805+00:00
2ea72c1e-079a-4fde-8cae-77c4defd9e46,dea50597-9c23-4fa9-8b12-cabdcaf9a870,2187ac27-8b70-414e-ad84-7282ab590e0e,18887d78-8437-4933-83b9-b4f3cb5be981,723.54,INR,success,2026-05-21 09:48:02.541625+00:00
76733870-6c48-4df7-be10-935136ac0d26,dea50597-9c23-4fa9-8b12-cabdcaf9a870,2187ac27-8b70-414e-ad84-7282ab590e0e,18887d78-8437-4933-83b9-b4f3cb5be981,3037.08,INR,success,2026-05-27 12:46:58.233544+00:00
9dbaaac5-d6da-4375-9bae-52f35115da5a,dea50597-9c23-4fa9-8b12-cabdcaf9a870,2187ac27-8b70-414e-ad84-7282ab590e0e,18887d78-8437-4933-83b9-b4f3cb5be981,2535.1,INR,success,2026-05-30 06:31:46.324589+00:00
5018cfb7-69dc-40fa-a1af-df0b1715e164,c3356407-2f14-46ba-8f99-95b67c0fb6a1,2187ac27-8b70-414e-ad84-7282ab590e0e,18887d78-8437-4933-83b9-b4f3cb5be981,2496.02,INR,success,2026-05-12 16:52:39.519323+00:00
2a9d19ac-eda4-41eb-9e66-6e3fe45f80ec,c3356407-2f14-46ba-8f99-95b67c0fb6a1,2187ac27-8b70-414e-ad84-7282ab590e0e,18887d78-8437-4933-83b9-b4f3cb5be981,2884.75,INR,success,2026-05-13 17:00:59.898404+00:00
f034de7b-2fae-4205-b853-fa3fcc3df578,c3356407-2f14-46ba-8f99-95b67c0fb6a1,2187ac27-8b70-414e-ad84-7282ab590e0e,18887d78-8437-4933-83b9-b4f3cb5be981,2712.01,INR,success,2026-05-20 10:30:50.895008+00:00
1fedabe4-2964-41fb-a003-4194d249c123,c3356407-2f14-46ba-8f99-95b67c0fb6a1,2187ac27-8b70-414e-ad84-7282ab590e0e,18887d78-8437-4933-83b9-b4f3cb5be981,1620.9,INR,success,2026-05-23 16:02:09.967296+00:00
9be5be54-8026-4d59-b4e2-1783b4bfd5a3,c3356407-2f14-46ba-8f99-95b67c0fb6a1,2187ac27-8b70-414e-ad84-7282ab590e0e,18887d78-8437-4933-83b9-b4f3cb5be981,4267.8,INR,success,2026-05-30 01:29:26.748946+00:00
de1c0b67-553b-43ee-89f9-89df1b1b9611,c3356407-2f14-46ba-8f99-95b67c0fb6a1,2187ac27-8b70-414e-ad84-7282ab590e0e,18887d78-8437-4933-83b9-b4f3cb5be981,1709.49,INR,success,2026-05-31 16:32:09.012941+00:00
24b910d2-83c8-4a9e-971e-722882256755,df48b78d-df43-41ce-8f1b-7dfe3a8d594a,bcc360f0-86b2-4c6c-8ab0-e9f077ffcd79,c1718e78-fd59-4617-8f3f-699d07e12805,2411.2,INR,success,2026-04-20 12:44:40.452926+00:00
2051cec5-875c-423a-8138-e5292f050ae3,16f2ef26-294e-431d-b67d-01ad169f00c7,0c69aa1b-3ace-496e-8c60-49b53ad32652,c1718e78-fd59-4617-8f3f-699d07e12805,1323.91,INR,success,2026-05-13 22:07:56.432903+00:00
05fe0fe3-dfa9-4372-8108-110d04172fcb,16f2ef26-294e-431d-b67d-01ad169f00c7,0c69aa1b-3ace-496e-8c60-49b53ad32652,c1718e78-fd59-4617-8f3f-699d07e12805,2208.77,INR,success,2026-05-22 07:21:01.140779+00:00
683344ee-c887-419e-b17a-3e1a188d1c5b,16f2ef26-294e-431d-b67d-01ad169f00c7,0c69aa1b-3ace-496e-8c60-49b53ad32652,c1718e78-fd59-4617-8f3f-699d07e12805,660.77,INR,success,2026-05-22 17:02:12.997788+00:00
23dfb684-2d1f-4281-88cd-74d71be8896f,16f2ef26-294e-431d-b67d-01ad169f00c7,0c69aa1b-3ace-496e-8c60-49b53ad32652,c1718e78-fd59-4617-8f3f-699d07e12805,4479.81,INR,success,2026-05-24 06:34:48.210500+00:00
1b1c7e40-b280-48d1-94d4-ed07bdf0afd9,16f2ef26-294e-431d-b67d-01ad169f00c7,0c69aa1b-3ace-496e-8c60-49b53ad32652,c1718e78-fd59-4617-8f3f-699d07e12805,1084.08,INR,success,2026-05-28 08:00:36.523099+00:00
1b1909dd-9f6e-4a68-86d3-5af1d11fd5fa,40d0ea2b-4118-4945-ba8a-f445e1cb4912,a56562e8-f714-4ef2-b7c7-4a7d43cc7f65,c1718e78-fd59-4617-8f3f-699d07e12805,5962.86,INR,success,2026-05-18 11:48:19.263647+00:00
de7436fe-90f9-421d-8433-dc597c1a216e,40d0ea2b-4118-4945-ba8a-f445e1cb4912,a56562e8-f714-4ef2-b7c7-4a7d43cc7f65,c1718e78-fd59-4617-8f3f-699d07e12805,2115.27,INR,success,2026-05-21 18:48:34.410989+00:00
f781ddf4-5d1b-421b-ba0e-4e1f3acee0d0,40d0ea2b-4118-4945-ba8a-f445e1cb4912,a56562e8-f714-4ef2-b7c7-4a7d43cc7f65,c1718e78-fd59-4617-8f3f-699d07e12805,515.79,INR,success,2026-05-25 12:25:40.706685+00:00
03c93a9e-dd70-44f4-a8d2-3cd7369361eb,1dfede4b-04b0-4c53-8082-945cd61d4e73,11f48883-cbb1-4c69-b7ad-3f992671107c,394ebbfe-0c1f-4c08-a775-f9fe17b8a3ab,3089.44,INR,success,2026-04-24 11:32:36.572360+00:00
cabefed7-fc17-49b7-839d-2ae57726764b,1dfede4b-04b0-4c53-8082-945cd61d4e73,11f48883-cbb1-4c69-b7ad-3f992671107c,394ebbfe-0c1f-4c08-a775-f9fe17b8a3ab,585.1,INR,success,2026-05-29 09:40:16.983636+00:00
98cb3d64-e790-44b8-94ff-f4d4f7095637,aabc65bf-ae8b-4385-a6f1-a0f671a2b8fb,11f48883-cbb1-4c69-b7ad-3f992671107c,394ebbfe-0c1f-4c08-a775-f9fe17b8a3ab,4587.4,INR,success,2026-04-26 07:02:37.654826+00:00
5281de00-a2d6-4147-be6d-c70f4c7746c4,aabc65bf-ae8b-4385-a6f1-a0f671a2b8fb,11f48883-cbb1-4c69-b7ad-3f992671107c,394ebbfe-0c1f-4c08-a775-f9fe17b8a3ab,1111.07,INR,success,2026-04-26 22:36:48.021023+00:00
2f9dde4b-f821-4f92-8525-b576b4451b6b,aabc65bf-ae8b-4385-a6f1-a0f671a2b8fb,11f48883-cbb1-4c69-b7ad-3f992671107c,394ebbfe-0c1f-4c08-a775-f9fe17b8a3ab,2597.46,INR,success,2026-05-06 05:52:49.748782+00:00
c63dba54-bc80-4f17-8350-ecb5b30d87ad,aabc65bf-ae8b-4385-a6f1-a0f671a2b8fb,11f48883-cbb1-4c69-b7ad-3f992671107c,394ebbfe-0c1f-4c08-a775-f9fe17b8a3ab,4661.59,INR,success,2026-05-24 13:54:53.898448+00:00
02fa1e72-bca7-41f7-99b1-106b34c90b8c,aabc65bf-ae8b-4385-a6f1-a0f671a2b8fb,11f48883-cbb1-4c69-b7ad-3f992671107c,394ebbfe-0c1f-4c08-a775-f9fe17b8a3ab,2451.38,INR,success,2026-05-29 01:51:08.611261+00:00
8d7a83ce-69e3-4c8c-8a59-89cca63eb552,aabc65bf-ae8b-4385-a6f1-a0f671a2b8fb,11f48883-cbb1-4c69-b7ad-3f992671107c,394ebbfe-0c1f-4c08-a775-f9fe17b8a3ab,3343.55,INR,success,2026-05-31 18:51:48.576849+00:00
9e5ec97a-e34a-4c6d-a38e-86e3cdc8b8bd,86781ab2-2116-4850-9126-fe6988e71ab2,11f48883-cbb1-4c69-b7ad-3f992671107c,394ebbfe-0c1f-4c08-a775-f9fe17b8a3ab,363.88,INR,success,2026-05-28 02:40:11.923272+00:00
8fe79054-d069-4533-baf4-54699e7578fc,86781ab2-2116-4850-9126-fe6988e71ab2,11f48883-cbb1-4c69-b7ad-3f992671107c,394ebbfe-0c1f-4c08-a775-f9fe17b8a3ab,426.19,INR,success,2026-05-28 11:56:21.390180+00:00
03d5dd93-94c6-47b1-a4ea-180fd8c3b73c,e247b94a-7814-4c21-ae7f-c5bc11123ae1,11f48883-cbb1-4c69-b7ad-3f992671107c,394ebbfe-0c1f-4c08-a775-f9fe17b8a3ab,3476.87,INR,success,2026-05-29 14:35:51.677305+00:00
b01adbbf-2129-4597-b157-695814f59bb3,f3ed0396-d76a-4ccb-bdc0-77c82d9ecf97,e31c0380-216a-447b-b57b-a5f0810cea82,94b6d191-0466-4d4c-9ec3-97855fa7ed96,1359.93,INR,success,2026-03-28 08:01:02.938580+00:00
278af835-ff5b-4335-b74b-66bd01e1ac39,9db4ccb2-38c6-44ef-b0b9-73f4bfdac159,5d98eacd-862e-4370-b789-6552601df4a0,94b6d191-0466-4d4c-9ec3-97855fa7ed96,811.26,INR,success,2026-04-12 13:20:46.882745+00:00
10d11c0a-005d-4015-b4ec-1732f29bafe2,9db4ccb2-38c6-44ef-b0b9-73f4bfdac159,5d98eacd-862e-4370-b789-6552601df4a0,94b6d191-0466-4d4c-9ec3-97855fa7ed96,465.45,INR,success,2026-04-26 00:50:20.434129+00:00
b7655d94-daf3-46c4-bae6-232f99e54f5e,9db4ccb2-38c6-44ef-b0b9-73f4bfdac159,5d98eacd-862e-4370-b789-6552601df4a0,94b6d191-0466-4d4c-9ec3-97855fa7ed96,641.05,INR,success,2026-04-28 13:58:04.474156+00:00
3dda6c19-76c8-4e1c-b0b9-4561aa2a4c9e,9db4ccb2-38c6-44ef-b0b9-73f4bfdac159,5d98eacd-862e-4370-b789-6552601df4a0,94b6d191-0466-4d4c-9ec3-97855fa7ed96,145.69,INR,success,2026-05-27 11:28:02.005484+00:00
88d6e634-dc93-4569-a7b2-84cb9af26d1a,9db4ccb2-38c6-44ef-b0b9-73f4bfdac159,5d98eacd-862e-4370-b789-6552601df4a0,94b6d191-0466-4d4c-9ec3-97855fa7ed96,614.08,INR,success,2026-05-30 17:46:50.197511+00:00
93cbff6b-b710-41ed-b95e-dd724fa5caaf,1109abbe-e9b7-433f-aec9-8b71a7e9d1df,987d04c8-33fc-47e4-89a2-18501ecd9591,94b6d191-0466-4d4c-9ec3-97855fa7ed96,2225.61,INR,success,2026-03-26 00:27:35.744799+00:00
2835935d-2e4e-4fa7-9227-be75472a27ca,1109abbe-e9b7-433f-aec9-8b71a7e9d1df,987d04c8-33fc-47e4-89a2-18501ecd9591,94b6d191-0466-4d4c-9ec3-97855fa7ed96,3533.87,INR,success,2026-03-27 07:42:14.350723+00:00
f0e9f3ef-3a59-49e8-ac8f-17e687b58110,1109abbe-e9b7-433f-aec9-8b71a7e9d1df,987d04c8-33fc-47e4-89a2-18501ecd9591,94b6d191-0466-4d4c-9ec3-97855fa7ed96,3115.15,INR,success,2026-04-26 13:41:07.387952+00:00
60df80e3-b80e-41df-8c83-e0c083f8dc88,8404ba5e-db78-414c-bf2e-947267a95bf3,254f5859-1dcf-4fd6-bc50-efa8e611dc28,94b6d191-0466-4d4c-9ec3-97855fa7ed96,1654.03,INR,success,2026-03-25 09:15:32.510313+00:00
a9d031ae-c9c1-44e8-a3ca-147b4c96b7df,8404ba5e-db78-414c-bf2e-947267a95bf3,254f5859-1dcf-4fd6-bc50-efa8e611dc28,94b6d191-0466-4d4c-9ec3-97855fa7ed96,3511.43,INR,success,2026-04-19 02:10:28.462723+00:00
0c67cf6b-3d44-4c82-8fa8-61d4b4cad605,8404ba5e-db78-414c-bf2e-947267a95bf3,254f5859-1dcf-4fd6-bc50-efa8e611dc28,94b6d191-0466-4d4c-9ec3-97855fa7ed96,5027.77,INR,success,2026-04-24 13:10:34.236591+00:00
19f77690-5207-49a4-8c68-4bfac472fc04,8404ba5e-db78-414c-bf2e-947267a95bf3,254f5859-1dcf-4fd6-bc50-efa8e611dc28,94b6d191-0466-4d4c-9ec3-97855fa7ed96,2457.86,INR,success,2026-05-12 02:57:21.109215+00:00
7e123fc2-1a45-4c3c-ab43-8dba10220eb9,8404ba5e-db78-414c-bf2e-947267a95bf3,254f5859-1dcf-4fd6-bc50-efa8e611dc28,94b6d191-0466-4d4c-9ec3-97855fa7ed96,2228.72,INR,success,2026-05-13 01:17:25.019098+00:00
128bfb04-24bf-4480-bc92-b8b763c488e9,8404ba5e-db78-414c-bf2e-947267a95bf3,254f5859-1dcf-4fd6-bc50-efa8e611dc28,94b6d191-0466-4d4c-9ec3-97855fa7ed96,2815.68,INR,success,2026-05-23 20:54:14.621236+00:00
c5354bbd-a08e-4bd2-a95e-8b8aeafa7ead,cce88941-e3e8-43c8-8496-d0561ec12cda,f04cb31a-0ede-4511-86cd-43a921d928fa,94b6d191-0466-4d4c-9ec3-97855fa7ed96,1214.88,INR,success,2026-05-05 10:07:38.672130+00:00
f9c0871a-f4ab-411c-8529-ed3dea1e5f3c,cce88941-e3e8-43c8-8496-d0561ec12cda,f04cb31a-0ede-4511-86cd-43a921d928fa,94b6d191-0466-4d4c-9ec3-97855fa7ed96,664.26,INR,success,2026-05-29 04:11:18.801338+00:00
2f3588e2-9c72-46e5-92e1-9c3eb4a7a821,904ada21-a7e7-441e-a7e6-b44a5f11ba10,6c50722b-4a0a-492a-9b65-ca2cafd7f5e7,463015be-4b97-4184-beab-f960e22b0a79,3380.09,INR,success,2026-04-27 06:35:35.196791+00:00
0281d041-04ba-411f-aa82-c86353d6ad18,904ada21-a7e7-441e-a7e6-b44a5f11ba10,6c50722b-4a0a-492a-9b65-ca2cafd7f5e7,463015be-4b97-4184-beab-f960e22b0a79,2266.59,INR,success,2026-05-01 07:58:26.754102+00:00
ab15501c-09b8-45dc-ab94-87e631918e09,904ada21-a7e7-441e-a7e6-b44a5f11ba10,6c50722b-4a0a-492a-9b65-ca2cafd7f5e7,463015be-4b97-4184-beab-f960e22b0a79,2619.77,INR,success,2026-05-20 13:28:27.046958+00:00
97d8eadb-00e6-4937-aee2-b1ffb92cc076,392f28ee-584d-4fc7-9b9c-04e5c8797aee,6c50722b-4a0a-492a-9b65-ca2cafd7f5e7,463015be-4b97-4184-beab-f960e22b0a79,3099.54,INR,success,2026-05-12 05:35:10.102911+00:00
e12cc356-9dcd-4ccb-b7ae-0651210d1561,392f28ee-584d-4fc7-9b9c-04e5c8797aee,6c50722b-4a0a-492a-9b65-ca2cafd7f5e7,463015be-4b97-4184-beab-f960e22b0a79,5754.99,INR,success,2026-05-14 10:19:53.280239+00:00
4ad9cf87-8bea-4b1f-a535-37bae3f7648d,392f28ee-584d-4fc7-9b9c-04e5c8797aee,6c50722b-4a0a-492a-9b65-ca2cafd7f5e7,463015be-4b97-4184-beab-f960e22b0a79,10.0,INR,success,2026-05-16 03:44:48.799746+00:00
39d23710-82a1-4b2e-9d6a-c738be2aacad,392f28ee-584d-4fc7-9b9c-04e5c8797aee,6c50722b-4a0a-492a-9b65-ca2cafd7f5e7,463015be-4b97-4184-beab-f960e22b0a79,2419.5,INR,success,2026-05-27 11:29:34.892621+00:00
09f06999-9af3-4dfe-ac88-9b86016cdd5e,c92e562c-b56b-4926-871a-80c2af71a392,6c50722b-4a0a-492a-9b65-ca2cafd7f5e7,463015be-4b97-4184-beab-f960e22b0a79,2036.31,INR,success,2026-05-09 23:46:52.580963+00:00
600899eb-cfeb-40ae-991b-76e251563591,c92e562c-b56b-4926-871a-80c2af71a392,6c50722b-4a0a-492a-9b65-ca2cafd7f5e7,463015be-4b97-4184-beab-f960e22b0a79,3827.98,INR,success,2026-05-13 15:42:50.751357+00:00
9d264fda-5456-43e5-a2d3-14cda8cf2ae5,c92e562c-b56b-4926-871a-80c2af71a392,6c50722b-4a0a-492a-9b65-ca2cafd7f5e7,463015be-4b97-4184-beab-f960e22b0a79,3645.48,INR,success,2026-05-17 23:00:02.927828+00:00
fb9016aa-2f37-43e4-a70b-815aeaf009c0,c92e562c-b56b-4926-871a-80c2af71a392,6c50722b-4a0a-492a-9b65-ca2cafd7f5e7,463015be-4b97-4184-beab-f960e22b0a79,4745.16,INR,success,2026-05-21 02:16:30.073258+00:00
c8d848d9-9025-4f91-b992-3a175642983c,c92e562c-b56b-4926-871a-80c2af71a392,6c50722b-4a0a-492a-9b65-ca2cafd7f5e7,463015be-4b97-4184-beab-f960e22b0a79,5699.09,INR,success,2026-05-23 14:25:09.088122+00:00
667d1ac0-98c8-4baf-8a73-a0830431833d,c92e562c-b56b-4926-871a-80c2af71a392,6c50722b-4a0a-492a-9b65-ca2cafd7f5e7,463015be-4b97-4184-beab-f960e22b0a79,2616.65,INR,success,2026-05-30 16:41:10.147112+00:00
c5ba1f0a-cbbe-42d7-9275-324a69642f36,8b8f4168-5b40-47c3-aa8a-87b9c9c50224,6c50722b-4a0a-492a-9b65-ca2cafd7f5e7,463015be-4b97-4184-beab-f960e22b0a79,4934.33,INR,success,2026-05-20 15:22:27.325378+00:00
6dc6eae2-a2cd-45fa-b005-e1fd9b0e11cf,8b8f4168-5b40-47c3-aa8a-87b9c9c50224,6c50722b-4a0a-492a-9b65-ca2cafd7f5e7,463015be-4b97-4184-beab-f960e22b0a79,3184.78,INR,success,2026-05-20 16:52:49.298307+00:00
0cddc9b1-d691-4cc7-ac5f-a88ed59a9a75,8b8f4168-5b40-47c3-aa8a-87b9c9c50224,6c50722b-4a0a-492a-9b65-ca2cafd7f5e7,463015be-4b97-4184-beab-f960e22b0a79,2614.4,INR,success,2026-05-28 03:10:04.011037+00:00
73c13bb5-c621-4e76-b287-6ab98a8555b2,839ffbc0-662b-45c5-88a1-6d61a4a33ba7,61f6086e-e35e-495a-aa09-450e1b223399,abe17b3d-43c5-496d-b8d9-07a4cfd8d925,485.7,INR,success,2026-03-14 07:43:14.492915+00:00
53160ba4-eef7-4720-ac48-af853b92f069,839ffbc0-662b-45c5-88a1-6d61a4a33ba7,61f6086e-e35e-495a-aa09-450e1b223399,abe17b3d-43c5-496d-b8d9-07a4cfd8d925,196.17,INR,success,2026-05-07 10:07:32.599483+00:00
1f57c885-ff56-45f4-8a1f-43be0cd2c72d,52dc9a97-9c6d-479a-b819-00fd67c57068,61f6086e-e35e-495a-aa09-450e1b223399,abe17b3d-43c5-496d-b8d9-07a4cfd8d925,2241.57,INR,success,2026-04-25 03:43:56.860300+00:00
31e1a704-5bc3-4826-9f36-c7aeb77b177d,52dc9a97-9c6d-479a-b819-00fd67c57068,61f6086e-e35e-495a-aa09-450e1b223399,abe17b3d-43c5-496d-b8d9-07a4cfd8d925,2508.75,INR,success,2026-05-17 21:37:56.100894+00:00
f580296d-ac69-4ffc-9578-4293370a30ef,52dc9a97-9c6d-479a-b819-00fd67c57068,61f6086e-e35e-495a-aa09-450e1b223399,abe17b3d-43c5-496d-b8d9-07a4cfd8d925,3857.18,INR,success,2026-05-25 16:50:53.504182+00:00
dd012ce0-38ee-42ab-8561-4ac3460cf7e7,039f0db2-f2a7-45a2-be0d-1b7c1a8f4fed,61f6086e-e35e-495a-aa09-450e1b223399,abe17b3d-43c5-496d-b8d9-07a4cfd8d925,1462.5,INR,success,2026-04-12 13:23:07.366144+00:00
0a92a470-20b3-4641-9016-2ef3cbc03468,039f0db2-f2a7-45a2-be0d-1b7c1a8f4fed,61f6086e-e35e-495a-aa09-450e1b223399,abe17b3d-43c5-496d-b8d9-07a4cfd8d925,2626.51,INR,success,2026-04-20 07:23:24.042691+00:00
3f366d1d-fd80-449a-abc3-7d35936f8b31,039f0db2-f2a7-45a2-be0d-1b7c1a8f4fed,61f6086e-e35e-495a-aa09-450e1b223399,abe17b3d-43c5-496d-b8d9-07a4cfd8d925,2627.55,INR,success,2026-04-21 19:25:41.918963+00:00
26dc86b2-7b68-4be3-8c91-f3daef7aaec3,039f0db2-f2a7-45a2-be0d-1b7c1a8f4fed,61f6086e-e35e-495a-aa09-450e1b223399,abe17b3d-43c5-496d-b8d9-07a4cfd8d925,2709.63,INR,success,2026-04-27 18:25:38.949114+00:00
72afcb67-31d3-41f6-bcdb-92a26b1d2bba,039f0db2-f2a7-45a2-be0d-1b7c1a8f4fed,61f6086e-e35e-495a-aa09-450e1b223399,abe17b3d-43c5-496d-b8d9-07a4cfd8d925,2770.32,INR,success,2026-05-02 16:20:52.135646+00:00
90f2263a-00b4-4457-8437-6d1f9eb15e5d,49f2bfce-2180-4581-8b9d-c01dd85fd682,61f6086e-e35e-495a-aa09-450e1b223399,abe17b3d-43c5-496d-b8d9-07a4cfd8d925,418.64,INR,success,2026-04-17 11:45:11.943065+00:00
c54e55e8-3b8a-4b65-9dcb-765d125135a2,49f2bfce-2180-4581-8b9d-c01dd85fd682,61f6086e-e35e-495a-aa09-450e1b223399,abe17b3d-43c5-496d-b8d9-07a4cfd8d925,573.58,INR,success,2026-05-02 16:07:43.039061+00:00
406b8882-8ae0-4bb0-a429-907e9b061864,49f2bfce-2180-4581-8b9d-c01dd85fd682,61f6086e-e35e-495a-aa09-450e1b223399,abe17b3d-43c5-496d-b8d9-07a4cfd8d925,343.13,INR,success,2026-05-05 02:15:14.968513+00:00
74724f32-d27e-4e38-acd8-b64cc3fc3f2e,49f2bfce-2180-4581-8b9d-c01dd85fd682,61f6086e-e35e-495a-aa09-450e1b223399,abe17b3d-43c5-496d-b8d9-07a4cfd8d925,455.01,INR,success,2026-05-21 06:07:56.317804+00:00
d2a4caa0-1ca8-4c81-ab11-cbf6cbc739b9,fb44cc02-73ed-488f-a221-11c87b2c0471,bf55e4e2-fd3c-4b0b-8af3-7442ad9d8432,6bb8a38f-4281-477b-9cbf-58b901088c19,415.59,INR,success,2026-03-15 21:26:03.977425+00:00
a3218e67-56e5-4692-bc9a-1e243ad17287,fb44cc02-73ed-488f-a221-11c87b2c0471,bf55e4e2-fd3c-4b0b-8af3-7442ad9d8432,6bb8a38f-4281-477b-9cbf-58b901088c19,2569.37,INR,success,2026-03-16 10:23:54.625061+00:00
e8c0b1b4-cd35-4d7d-b40e-aa27b335b34a,fb44cc02-73ed-488f-a221-11c87b2c0471,bf55e4e2-fd3c-4b0b-8af3-7442ad9d8432,6bb8a38f-4281-477b-9cbf-58b901088c19,2149.47,INR,success,2026-03-28 22:41:18.942464+00:00
d6f38213-53db-4a77-8ef8-504ea7ffb4f6,fb44cc02-73ed-488f-a221-11c87b2c0471,bf55e4e2-fd3c-4b0b-8af3-7442ad9d8432,6bb8a38f-4281-477b-9cbf-58b901088c19,2121.76,INR,success,2026-04-26 19:25:55.900347+00:00
fc45611d-9170-404e-8b9b-a1c22d1b03b9,fb44cc02-73ed-488f-a221-11c87b2c0471,bf55e4e2-fd3c-4b0b-8af3-7442ad9d8432,6bb8a38f-4281-477b-9cbf-58b901088c19,1060.02,INR,success,2026-05-08 11:47:19.631086+00:00
7942269e-87fe-43e4-9e58-51e34e2c09a1,bb6920b7-d8f9-476d-9501-39b13aa3d2c4,bf55e4e2-fd3c-4b0b-8af3-7442ad9d8432,6bb8a38f-4281-477b-9cbf-58b901088c19,3021.87,INR,success,2026-03-09 04:42:57.099537+00:00
fd1cfbd8-ffdd-4b7b-abe6-eb50aabb3e04,bb6920b7-d8f9-476d-9501-39b13aa3d2c4,bf55e4e2-fd3c-4b0b-8af3-7442ad9d8432,6bb8a38f-4281-477b-9cbf-58b901088c19,2947.25,INR,success,2026-03-22 17:08:56.825103+00:00
b5ec569d-a5cc-47c2-9ef3-6400f2880b15,bb6920b7-d8f9-476d-9501-39b13aa3d2c4,bf55e4e2-fd3c-4b0b-8af3-7442ad9d8432,6bb8a38f-4281-477b-9cbf-58b901088c19,3431.33,INR,success,2026-04-02 03:20:03.026126+00:00
83f843e8-040a-42a3-8443-2c176ea79c02,bb6920b7-d8f9-476d-9501-39b13aa3d2c4,bf55e4e2-fd3c-4b0b-8af3-7442ad9d8432,6bb8a38f-4281-477b-9cbf-58b901088c19,2634.67,INR,success,2026-04-26 15:02:26.665940+00:00
a831ecb6-3fb7-426e-bae8-f2a509fda2fc,bb6920b7-d8f9-476d-9501-39b13aa3d2c4,bf55e4e2-fd3c-4b0b-8af3-7442ad9d8432,6bb8a38f-4281-477b-9cbf-58b901088c19,3034.76,INR,success,2026-05-07 02:37:25.773404+00:00
949ea8e1-d1fa-4928-b3a8-6f88cad61f77,bb6920b7-d8f9-476d-9501-39b13aa3d2c4,bf55e4e2-fd3c-4b0b-8af3-7442ad9d8432,6bb8a38f-4281-477b-9cbf-58b901088c19,3546.14,INR,success,2026-05-30 06:34:02.443441+00:00
4391d1fa-7b51-49f2-86bc-1fb0ee5f3947,ac9ce5a7-9911-47b9-bd4d-124181ca8c26,bf55e4e2-fd3c-4b0b-8af3-7442ad9d8432,6bb8a38f-4281-477b-9cbf-58b901088c19,2758.53,INR,success,2026-04-10 11:02:52.725225+00:00
32ed3877-c238-4624-9b1f-407033c70ba8,ac9ce5a7-9911-47b9-bd4d-124181ca8c26,bf55e4e2-fd3c-4b0b-8af3-7442ad9d8432,6bb8a38f-4281-477b-9cbf-58b901088c19,2460.75,INR,success,2026-04-13 19:57:10.459565+00:00
4498c45e-4823-4486-bcae-08db8a8ce06c,ac9ce5a7-9911-47b9-bd4d-124181ca8c26,bf55e4e2-fd3c-4b0b-8af3-7442ad9d8432,6bb8a38f-4281-477b-9cbf-58b901088c19,3393.78,INR,success,2026-04-19 06:57:32.940507+00:00
c7115d39-aa05-4c50-babb-c8f5b19318d2,ac9ce5a7-9911-47b9-bd4d-124181ca8c26,bf55e4e2-fd3c-4b0b-8af3-7442ad9d8432,6bb8a38f-4281-477b-9cbf-58b901088c19,3084.26,INR,success,2026-04-21 18:51:12.100105+00:00
77b268dc-3129-438b-bb59-49746eba9c0e,ac9ce5a7-9911-47b9-bd4d-124181ca8c26,bf55e4e2-fd3c-4b0b-8af3-7442ad9d8432,6bb8a38f-4281-477b-9cbf-58b901088c19,2273.59,INR,success,2026-05-29 16:31:31.697344+00:00
8e44fdb0-528d-4fb0-be82-184b48419fa7,81acf622-04dc-4f65-b83d-60139749ddd3,bf55e4e2-fd3c-4b0b-8af3-7442ad9d8432,6bb8a38f-4281-477b-9cbf-58b901088c19,1835.07,INR,success,2026-04-19 02:26:44.267345+00:00
d7019f6d-98f4-474a-9103-b34cf89bf33b,81acf622-04dc-4f65-b83d-60139749ddd3,bf55e4e2-fd3c-4b0b-8af3-7442ad9d8432,6bb8a38f-4281-477b-9cbf-58b901088c19,731.58,INR,success,2026-04-25 01:56:57.439248+00:00
47194adf-acb9-4325-b3fa-1cc075b38d02,81acf622-04dc-4f65-b83d-60139749ddd3,bf55e4e2-fd3c-4b0b-8af3-7442ad9d8432,6bb8a38f-4281-477b-9cbf-58b901088c19,10.0,INR,success,2026-05-01 16:42:40.399621+00:00
f49aa76e-28b7-4cff-8f01-126d66bdd160,81acf622-04dc-4f65-b83d-60139749ddd3,bf55e4e2-fd3c-4b0b-8af3-7442ad9d8432,6bb8a38f-4281-477b-9cbf-58b901088c19,864.56,INR,success,2026-05-06 05:47:34.482820+00:00
ff8db295-d8cd-4232-8acc-6d36388e4646,81acf622-04dc-4f65-b83d-60139749ddd3,bf55e4e2-fd3c-4b0b-8af3-7442ad9d8432,6bb8a38f-4281-477b-9cbf-58b901088c19,1849.01,INR,success,2026-05-28 14:01:29.028720+00:00
197ecf49-163d-47ae-9114-27185223a5ef,e5ad7b12-0ef3-4484-a1b3-3592d7bcb4ae,bf55e4e2-fd3c-4b0b-8af3-7442ad9d8432,6bb8a38f-4281-477b-9cbf-58b901088c19,3772.26,INR,success,2026-05-28 10:26:53.501913+00:00
ec1d7871-689f-4f1e-a805-e9a32c20c7cd,e5ad7b12-0ef3-4484-a1b3-3592d7bcb4ae,bf55e4e2-fd3c-4b0b-8af3-7442ad9d8432,6bb8a38f-4281-477b-9cbf-58b901088c19,2316.55,INR,success,2026-05-28 15:05:49.975896+00:00
829c0b71-3b05-46c9-a263-9c4db9b44995,e5ad7b12-0ef3-4484-a1b3-3592d7bcb4ae,bf55e4e2-fd3c-4b0b-8af3-7442ad9d8432,6bb8a38f-4281-477b-9cbf-58b901088c19,2314.61,INR,success,2026-05-28 21:25:03.110547+00:00
3de28cca-c311-4d12-9b54-842aff1cb7f3,e5ad7b12-0ef3-4484-a1b3-3592d7bcb4ae,bf55e4e2-fd3c-4b0b-8af3-7442ad9d8432,6bb8a38f-4281-477b-9cbf-58b901088c19,4049.87,INR,success,2026-05-30 13:01:55.644600+00:00
1438f021-2e4e-435f-af03-9990033cafd8,5c1a60cb-64f5-42e1-a421-81afa32ac477,53fb536c-850f-4837-bdcf-4408a8ba574e,e21e7aa0-9bbd-44aa-a322-7d7b567a346a,6230.24,INR,success,2026-03-20 12:10:39.454012+00:00
799b80c0-4a88-4355-ad4b-0b7e776805f1,5c1a60cb-64f5-42e1-a421-81afa32ac477,53fb536c-850f-4837-bdcf-4408a8ba574e,e21e7aa0-9bbd-44aa-a322-7d7b567a346a,5575.46,INR,success,2026-03-21 15:07:43.708855+00:00
79b3b903-d75c-4201-b7b7-68ca04c91faa,5c1a60cb-64f5-42e1-a421-81afa32ac477,53fb536c-850f-4837-bdcf-4408a8ba574e,e21e7aa0-9bbd-44aa-a322-7d7b567a346a,2583.84,INR,success,2026-04-06 17:11:02.799785+00:00
23424ca8-18c7-4c8d-9948-14117b136de4,5c1a60cb-64f5-42e1-a421-81afa32ac477,53fb536c-850f-4837-bdcf-4408a8ba574e,e21e7aa0-9bbd-44aa-a322-7d7b567a346a,2398.27,INR,success,2026-04-07 10:19:26.311317+00:00
b468d41a-df83-49a7-a6da-23c702fe5633,5c1a60cb-64f5-42e1-a421-81afa32ac477,53fb536c-850f-4837-bdcf-4408a8ba574e,e21e7aa0-9bbd-44aa-a322-7d7b567a346a,2385.96,INR,success,2026-05-09 05:34:38.072815+00:00
71e294bf-9042-4a0c-9669-44dea655844d,c4475eed-f7d4-4cb0-ae9e-99fb4b61da83,53fb536c-850f-4837-bdcf-4408a8ba574e,e21e7aa0-9bbd-44aa-a322-7d7b567a346a,639.56,INR,success,2026-04-18 00:59:52.812323+00:00
6b9c0e59-8eed-43d3-b555-c8a4bf575b68,1cea9ad8-fb0c-4660-923c-a5ae856d813b,53fb536c-850f-4837-bdcf-4408a8ba574e,e21e7aa0-9bbd-44aa-a322-7d7b567a346a,4090.81,INR,success,2026-04-28 16:29:13.268243+00:00
ff84e85d-882a-469e-bf17-b6d4c1a71972,1cea9ad8-fb0c-4660-923c-a5ae856d813b,53fb536c-850f-4837-bdcf-4408a8ba574e,e21e7aa0-9bbd-44aa-a322-7d7b567a346a,2887.31,INR,success,2026-05-01 22:13:21.632469+00:00
47dd8565-ee38-4460-9d4d-4b4c5d24d682,1cea9ad8-fb0c-4660-923c-a5ae856d813b,53fb536c-850f-4837-bdcf-4408a8ba574e,e21e7aa0-9bbd-44aa-a322-7d7b567a346a,3594.6,INR,success,2026-05-28 23:43:17.522878+00:00
328bd6ac-9396-49e3-92b1-c5e8f18eb4b1,ebaf5f42-60c0-4bb7-bf58-b3ccbf74e9cf,53fb536c-850f-4837-bdcf-4408a8ba574e,e21e7aa0-9bbd-44aa-a322-7d7b567a346a,966.04,INR,success,2026-04-21 06:46:11.585189+00:00
05da956b-e5ee-426a-95cc-1104ae6ecf7b,ebaf5f42-60c0-4bb7-bf58-b3ccbf74e9cf,53fb536c-850f-4837-bdcf-4408a8ba574e,e21e7aa0-9bbd-44aa-a322-7d7b567a346a,10.0,INR,success,2026-05-07 03:01:18.287375+00:00
1599e4ef-bee7-4559-8fec-3ea4e7cf42a7,ebaf5f42-60c0-4bb7-bf58-b3ccbf74e9cf,53fb536c-850f-4837-bdcf-4408a8ba574e,e21e7aa0-9bbd-44aa-a322-7d7b567a346a,1133.63,INR,success,2026-05-14 09:51:01.636276+00:00
bf2f9254-880b-4cba-bffb-14e6bf75037f,3da87703-e608-4973-9b16-e069063c63d8,53fb536c-850f-4837-bdcf-4408a8ba574e,e21e7aa0-9bbd-44aa-a322-7d7b567a346a,842.75,INR,success,2026-04-22 22:34:47.752213+00:00
f7f8f371-f94a-4631-aff4-67b26afb4338,3da87703-e608-4973-9b16-e069063c63d8,53fb536c-850f-4837-bdcf-4408a8ba574e,e21e7aa0-9bbd-44aa-a322-7d7b567a346a,369.17,INR,success,2026-05-06 11:09:44.447162+00:00
824fd0b0-1a52-4afc-8910-a5e3284b4bf3,3da87703-e608-4973-9b16-e069063c63d8,53fb536c-850f-4837-bdcf-4408a8ba574e,e21e7aa0-9bbd-44aa-a322-7d7b567a346a,490.81,INR,success,2026-05-10 06:07:51.731053+00:00
a5daa6f6-c610-40a5-9966-0d27179ae043,0c40900c-55e4-4e7d-ad1a-78b63e7a16be,f75a21dc-3929-4e56-980b-06235b199f09,421f95a6-563e-4885-89ba-dacfb3920bc9,3022.46,INR,success,2026-04-27 00:41:41.575288+00:00
d3241cd3-d2d6-4809-bccf-cb4fe5725b53,0c40900c-55e4-4e7d-ad1a-78b63e7a16be,f75a21dc-3929-4e56-980b-06235b199f09,421f95a6-563e-4885-89ba-dacfb3920bc9,2474.26,INR,success,2026-04-30 10:00:01.861478+00:00
fd7becc8-fcc8-4ceb-965a-ee7f2472f8b8,0c40900c-55e4-4e7d-ad1a-78b63e7a16be,f75a21dc-3929-4e56-980b-06235b199f09,421f95a6-563e-4885-89ba-dacfb3920bc9,2497.01,INR,success,2026-05-05 19:21:30.677924+00:00
26987d89-be6b-4a17-8bf6-2599ca4ac6ff,0c40900c-55e4-4e7d-ad1a-78b63e7a16be,f75a21dc-3929-4e56-980b-06235b199f09,421f95a6-563e-4885-89ba-dacfb3920bc9,1739.51,INR,success,2026-05-22 15:34:29.508290+00:00
72271771-89ec-4aa2-aea5-26151aeb6f35,516cb89b-fc47-4431-9206-cabb4f7253da,f75a21dc-3929-4e56-980b-06235b199f09,421f95a6-563e-4885-89ba-dacfb3920bc9,2121.63,INR,success,2026-05-16 20:19:27.744643+00:00
00043355-1b3d-4565-a6ce-2344471661a2,509fe1a3-70a5-4ac1-8f47-4a809d96dd23,dbfb9fc8-95b4-4800-83aa-d8ab21eb8d55,34e5ad59-e263-4072-99e5-439e5d1a80ca,3340.02,INR,success,2026-05-30 05:35:47.900568+00:00
2c06e23c-6ea4-457a-8f00-f99d9a6268b8,a996e46e-8d54-4317-b1ba-7bf0e629ad7a,ff3efc87-a762-40f3-ad6c-0e3a54ee0c76,0bb09a83-8693-4657-b7b1-79cb7d370f82,1959.71,INR,success,2026-04-14 01:27:24.195889+00:00
d0205e8d-57d3-4b76-8eaa-ec1df94f18a8,a996e46e-8d54-4317-b1ba-7bf0e629ad7a,ff3efc87-a762-40f3-ad6c-0e3a54ee0c76,0bb09a83-8693-4657-b7b1-79cb7d370f82,1798.75,INR,success,2026-04-26 14:25:56.626278+00:00
87445820-d373-42b9-80dc-fbe22ff667d3,a996e46e-8d54-4317-b1ba-7bf0e629ad7a,ff3efc87-a762-40f3-ad6c-0e3a54ee0c76,0bb09a83-8693-4657-b7b1-79cb7d370f82,2122.64,INR,success,2026-05-18 23:19:30.831489+00:00
f7d82897-8669-481a-81ad-28823f488d79,1b2e1cb0-488b-41cf-9041-5c12e0ea6250,4a06af31-1d0d-4515-b09d-33fe675655a2,42d2081d-4fb4-4b24-92ec-0c0c865957a6,10.0,INR,success,2026-04-25 02:38:09.351638+00:00
57901122-c619-4be3-b9a1-572607de853a,1b2e1cb0-488b-41cf-9041-5c12e0ea6250,4a06af31-1d0d-4515-b09d-33fe675655a2,42d2081d-4fb4-4b24-92ec-0c0c865957a6,2176.81,INR,success,2026-04-29 10:33:19.795738+00:00
b7225337-3a55-43a0-80d4-b1f7ea903a58,c2a344b7-6723-49b6-812c-b82f9b0265cb,e40fdf69-a8c9-4eef-a129-2e8760fd7093,b8080101-7eed-42f9-b82e-ae10d0859b08,1955.03,INR,success,2026-05-24 14:26:32.080005+00:00
cd10877c-dca0-49db-8d2b-2a09ae107a15,e93b3c80-878c-4ad0-a178-4b508007b0d9,13da97b7-1cb6-4e18-b823-f5a760737ee6,b18b3bd5-2f73-4780-90ef-c3566a64e9d5,981.06,INR,success,2026-04-09 20:47:05.952683+00:00
aa0920d3-ae6d-4b22-b752-befe751b97eb,e93b3c80-878c-4ad0-a178-4b508007b0d9,13da97b7-1cb6-4e18-b823-f5a760737ee6,b18b3bd5-2f73-4780-90ef-c3566a64e9d5,1285.16,INR,success,2026-04-30 20:06:31.551894+00:00
33c42897-11e3-4a2c-86b4-51b58fb6e9cc,e93b3c80-878c-4ad0-a178-4b508007b0d9,13da97b7-1cb6-4e18-b823-f5a760737ee6,b18b3bd5-2f73-4780-90ef-c3566a64e9d5,521.92,INR,success,2026-05-02 15:53:31.045889+00:00
f6725178-f584-40aa-8e34-a380f61cdd2c,e93b3c80-878c-4ad0-a178-4b508007b0d9,13da97b7-1cb6-4e18-b823-f5a760737ee6,b18b3bd5-2f73-4780-90ef-c3566a64e9d5,162.36,INR,success,2026-05-11 07:18:59.563964+00:00
e5f57f70-bb61-4803-916d-8efd058b2161,e93b3c80-878c-4ad0-a178-4b508007b0d9,13da97b7-1cb6-4e18-b823-f5a760737ee6,b18b3bd5-2f73-4780-90ef-c3566a64e9d5,351.64,INR,success,2026-05-13 05:19:44.157011+00:00
1ac8d459-55cb-4e0a-a429-3eaad284548f,d6735b3b-aa57-4ae5-958e-3337bb548322,569db41e-5874-4c81-8f31-171f9bc53524,b18b3bd5-2f73-4780-90ef-c3566a64e9d5,720.62,INR,success,2026-05-12 12:38:19.928973+00:00
c7d5c617-e412-4455-bfcd-0d48b9dad5e3,d6735b3b-aa57-4ae5-958e-3337bb548322,569db41e-5874-4c81-8f31-171f9bc53524,b18b3bd5-2f73-4780-90ef-c3566a64e9d5,2606.22,INR,success,2026-05-15 22:29:10.848140+00:00
0c8084e2-7ca4-4380-9ae9-aea5d09adb76,d6735b3b-aa57-4ae5-958e-3337bb548322,569db41e-5874-4c81-8f31-171f9bc53524,b18b3bd5-2f73-4780-90ef-c3566a64e9d5,1466.6,INR,success,2026-05-21 19:02:32.135131+00:00
0f470139-4a9e-46d4-a8a1-30f5bff56a38,d6735b3b-aa57-4ae5-958e-3337bb548322,569db41e-5874-4c81-8f31-171f9bc53524,b18b3bd5-2f73-4780-90ef-c3566a64e9d5,2614.37,INR,success,2026-05-28 09:00:25.392930+00:00
75f753bb-bd82-4685-b201-ad089b9d292a,3ce02566-f952-41af-90af-2a63c726bf6e,c9e2d4c4-9956-42d0-abab-3f955e1383b2,b18b3bd5-2f73-4780-90ef-c3566a64e9d5,6172.96,INR,success,2026-05-11 14:05:22.222965+00:00
c72089c3-c908-4827-bbe1-875fd99f873d,3ce02566-f952-41af-90af-2a63c726bf6e,c9e2d4c4-9956-42d0-abab-3f955e1383b2,b18b3bd5-2f73-4780-90ef-c3566a64e9d5,5061.12,INR,success,2026-05-15 20:00:03.061838+00:00
527c7911-22e7-4ebc-93a8-1788bfff1bc5,3ce02566-f952-41af-90af-2a63c726bf6e,c9e2d4c4-9956-42d0-abab-3f955e1383b2,b18b3bd5-2f73-4780-90ef-c3566a64e9d5,3371.87,INR,success,2026-05-17 18:26:08.198466+00:00
79fc5614-af9a-421d-9e3f-c6fe5834f15e,3ce02566-f952-41af-90af-2a63c726bf6e,c9e2d4c4-9956-42d0-abab-3f955e1383b2,b18b3bd5-2f73-4780-90ef-c3566a64e9d5,3227.55,INR,success,2026-05-20 22:00:19.060546+00:00
ffa4c618-8411-46a0-a708-2a8fb9deffe8,3ce02566-f952-41af-90af-2a63c726bf6e,c9e2d4c4-9956-42d0-abab-3f955e1383b2,b18b3bd5-2f73-4780-90ef-c3566a64e9d5,2332.67,INR,success,2026-05-21 17:10:50.320381+00:00
23c14def-278a-4f01-884b-18eb80857158,709d8ed4-c141-484b-8ef9-feb098c6ef90,4da7e4ca-d1b8-4863-afb5-57c91a97de16,b18b3bd5-2f73-4780-90ef-c3566a64e9d5,2275.76,INR,success,2026-05-24 10:29:44.293519+00:00
0552627e-fec1-4f79-b625-2e722579dbef,709d8ed4-c141-484b-8ef9-feb098c6ef90,4da7e4ca-d1b8-4863-afb5-57c91a97de16,b18b3bd5-2f73-4780-90ef-c3566a64e9d5,134.32,INR,success,2026-05-26 06:42:19.925182+00:00
6b0b6559-135d-4ff8-9b94-baf018c54e13,709d8ed4-c141-484b-8ef9-feb098c6ef90,4da7e4ca-d1b8-4863-afb5-57c91a97de16,b18b3bd5-2f73-4780-90ef-c3566a64e9d5,1818.01,INR,success,2026-05-28 16:47:59.149172+00:00
46a30e76-ad39-4011-82be-510f469aae71,709d8ed4-c141-484b-8ef9-feb098c6ef90,4da7e4ca-d1b8-4863-afb5-57c91a97de16,b18b3bd5-2f73-4780-90ef-c3566a64e9d5,739.3,INR,success,2026-05-31 19:16:58.802121+00:00
1a046864-9f28-4ff9-851c-7c34461a2064,d251df55-25ee-424e-875c-3379b104dd41,baa2fbe5-2689-4f8f-b2c5-734f04cb9507,37989c12-cb09-4557-85e5-411f89149469,359.2,INR,success,2026-04-20 02:59:17.275576+00:00
ff3ba926-4f2e-433a-a81a-8c31ceb2d4c1,d251df55-25ee-424e-875c-3379b104dd41,baa2fbe5-2689-4f8f-b2c5-734f04cb9507,37989c12-cb09-4557-85e5-411f89149469,398.96,INR,success,2026-05-19 01:55:47.551641+00:00
8d2488b4-5aa9-4a56-b7b0-35e4c4c20067,b3ac7a37-f814-49c9-af1b-f0d439e83491,baa2fbe5-2689-4f8f-b2c5-734f04cb9507,37989c12-cb09-4557-85e5-411f89149469,923.15,INR,success,2026-04-18 16:40:42.167286+00:00
53f82cf7-0c61-41fa-8f74-a54ac7fea168,f15cab03-8bfe-4414-8798-7bc394d2bda7,99c6a65c-dec5-46c3-9be8-b2cf46521c53,4d21ad28-47f7-462f-8577-3a598f359b91,641.06,INR,success,2026-04-21 13:45:49.370835+00:00
9080d102-f1cd-4763-9158-07432f4f4925,f15cab03-8bfe-4414-8798-7bc394d2bda7,99c6a65c-dec5-46c3-9be8-b2cf46521c53,4d21ad28-47f7-462f-8577-3a598f359b91,1671.48,INR,success,2026-04-21 22:55:26.804235+00:00
5b83355d-76bc-4ddd-ae6c-af653c209d4c,f15cab03-8bfe-4414-8798-7bc394d2bda7,99c6a65c-dec5-46c3-9be8-b2cf46521c53,4d21ad28-47f7-462f-8577-3a598f359b91,2075.24,INR,success,2026-04-30 17:32:04.914154+00:00
ab713f11-17c9-471a-8fa6-1285804c387f,f15cab03-8bfe-4414-8798-7bc394d2bda7,99c6a65c-dec5-46c3-9be8-b2cf46521c53,4d21ad28-47f7-462f-8577-3a598f359b91,10.0,INR,success,2026-05-09 22:40:01.849696+00:00
4f70c704-4135-40cc-8b70-66b2b422ea2c,f15cab03-8bfe-4414-8798-7bc394d2bda7,99c6a65c-dec5-46c3-9be8-b2cf46521c53,4d21ad28-47f7-462f-8577-3a598f359b91,10.0,INR,success,2026-05-11 01:38:36.971683+00:00
a393640d-54b2-46e3-b4f9-155bb3a19fe5,f15cab03-8bfe-4414-8798-7bc394d2bda7,99c6a65c-dec5-46c3-9be8-b2cf46521c53,4d21ad28-47f7-462f-8577-3a598f359b91,210.89,INR,success,2026-05-29 17:04:47.936459+00:00
f6b0a896-6796-4fbf-8ec1-8decf4e8e121,b27208cf-64a9-427e-abe4-eacc8daa187a,99c6a65c-dec5-46c3-9be8-b2cf46521c53,4d21ad28-47f7-462f-8577-3a598f359b91,707.87,INR,success,2026-04-13 11:23:37.903816+00:00
27a81b0e-1e65-41f2-aaee-7af485677011,f04a2783-7e9d-4bb8-bba0-6bd7d77164fe,99c6a65c-dec5-46c3-9be8-b2cf46521c53,4d21ad28-47f7-462f-8577-3a598f359b91,3656.36,INR,success,2026-05-10 08:51:41.911259+00:00
57265ea7-3089-436e-b526-6cbbb4bdd9f2,8735fb09-4652-43d3-a34a-e3518473b78c,99c6a65c-dec5-46c3-9be8-b2cf46521c53,4d21ad28-47f7-462f-8577-3a598f359b91,1837.64,INR,success,2026-05-01 15:40:17.855634+00:00
68ad31b2-6522-4bb6-b9a8-61b76765d61e,8735fb09-4652-43d3-a34a-e3518473b78c,99c6a65c-dec5-46c3-9be8-b2cf46521c53,4d21ad28-47f7-462f-8577-3a598f359b91,1330.47,INR,success,2026-05-02 15:07:23.598229+00:00
be9ded15-be54-4453-94c9-0d149a67ae71,8735fb09-4652-43d3-a34a-e3518473b78c,99c6a65c-dec5-46c3-9be8-b2cf46521c53,4d21ad28-47f7-462f-8577-3a598f359b91,1197.64,INR,success,2026-05-29 03:36:17.372607+00:00
48031706-2b7e-48c0-b38d-5430b170ba13,cd1fae24-4076-4f52-b678-d04a7394945c,99c6a65c-dec5-46c3-9be8-b2cf46521c53,4d21ad28-47f7-462f-8577-3a598f359b91,4235.1,INR,success,2026-05-25 05:20:11.183961+00:00
bdc1bc98-d525-47b1-9170-d40047799f44,cd1fae24-4076-4f52-b678-d04a7394945c,99c6a65c-dec5-46c3-9be8-b2cf46521c53,4d21ad28-47f7-462f-8577-3a598f359b91,4056.69,INR,success,2026-05-25 21:48:08.778299+00:00
0472d16d-6d7d-4ed4-9751-28eb93355e73,cd1fae24-4076-4f52-b678-d04a7394945c,99c6a65c-dec5-46c3-9be8-b2cf46521c53,4d21ad28-47f7-462f-8577-3a598f359b91,1444.15,INR,success,2026-05-26 15:22:56.461577+00:00
f1a0e0c2-eba5-4b3c-90a6-a0d6b994e13c,cd1fae24-4076-4f52-b678-d04a7394945c,99c6a65c-dec5-46c3-9be8-b2cf46521c53,4d21ad28-47f7-462f-8577-3a598f359b91,5421.29,INR,success,2026-05-30 01:20:37.880750+00:00
c1b96760-bee0-4d2f-bfe9-280862dceddb,cd1fae24-4076-4f52-b678-d04a7394945c,99c6a65c-dec5-46c3-9be8-b2cf46521c53,4d21ad28-47f7-462f-8577-3a598f359b91,4880.06,INR,success,2026-05-31 13:09:56.548698+00:00
ff0dcffe-2ad0-49eb-b0e8-f727e7293358,78670cf2-c943-4fa5-98eb-6f3895aa7674,c8e67084-d094-4031-b5c2-c5bb5cd8c79b,f797c3fe-eb6a-4b90-820e-1357cd76ce64,1482.94,INR,success,2026-04-29 15:49:59.777921+00:00
55fc6545-d189-4347-ae60-928ca77d3736,78670cf2-c943-4fa5-98eb-6f3895aa7674,c8e67084-d094-4031-b5c2-c5bb5cd8c79b,f797c3fe-eb6a-4b90-820e-1357cd76ce64,993.16,INR,success,2026-05-05 00:02:01.851362+00:00
2b09fbdd-e382-4481-a7ca-dc376efe2d3f,78670cf2-c943-4fa5-98eb-6f3895aa7674,c8e67084-d094-4031-b5c2-c5bb5cd8c79b,f797c3fe-eb6a-4b90-820e-1357cd76ce64,348.15,INR,success,2026-05-06 00:25:29.281212+00:00
bdd79859-2821-4bce-b468-c48d70bcc864,78670cf2-c943-4fa5-98eb-6f3895aa7674,c8e67084-d094-4031-b5c2-c5bb5cd8c79b,f797c3fe-eb6a-4b90-820e-1357cd76ce64,1566.95,INR,success,2026-05-25 00:15:24.400815+00:00
097c3b4a-f6f8-424b-b15c-80d4a895d8d3,fa0eeddb-7e06-405a-ae48-577acfa39adf,c8e67084-d094-4031-b5c2-c5bb5cd8c79b,14da3813-e41d-4cbc-bbb6-fe6f52088a71,2455.17,INR,success,2026-04-11 01:54:00.117873+00:00
af0ea629-f242-4a97-9d03-bbdd15df9f3f,fa0eeddb-7e06-405a-ae48-577acfa39adf,c8e67084-d094-4031-b5c2-c5bb5cd8c79b,14da3813-e41d-4cbc-bbb6-fe6f52088a71,1221.99,INR,success,2026-05-03 16:43:16.304430+00:00
4515447c-2446-4cb7-87ff-4952d1b51392,fa0eeddb-7e06-405a-ae48-577acfa39adf,c8e67084-d094-4031-b5c2-c5bb5cd8c79b,14da3813-e41d-4cbc-bbb6-fe6f52088a71,1612.75,INR,success,2026-05-11 01:06:54.751300+00:00
d5ea0c5b-2d9b-4a80-9263-bfc824603386,fa0eeddb-7e06-405a-ae48-577acfa39adf,c8e67084-d094-4031-b5c2-c5bb5cd8c79b,14da3813-e41d-4cbc-bbb6-fe6f52088a71,1376.91,INR,success,2026-05-27 13:51:31.763299+00:00
e18ef02e-1642-47b6-9ebd-8dc961745f51,9ae76b51-211c-458e-8822-a739971c7555,c8e67084-d094-4031-b5c2-c5bb5cd8c79b,ec89d896-2418-4773-9e18-13bd77f71b9c,351.43,INR,success,2026-05-24 22:43:57.883299+00:00
57cc0253-2126-4389-8d24-00fa1f455320,9ae76b51-211c-458e-8822-a739971c7555,c8e67084-d094-4031-b5c2-c5bb5cd8c79b,ec89d896-2418-4773-9e18-13bd77f71b9c,557.55,INR,success,2026-05-25 05:53:14.882986+00:00
157ff9ec-7e60-4801-9bd5-871745d6dcd0,9ae76b51-211c-458e-8822-a739971c7555,c8e67084-d094-4031-b5c2-c5bb5cd8c79b,ec89d896-2418-4773-9e18-13bd77f71b9c,224.02,INR,success,2026-05-27 13:13:36.509553+00:00
3552686a-e60d-4e21-8d76-71c7132fc6d4,9ae76b51-211c-458e-8822-a739971c7555,c8e67084-d094-4031-b5c2-c5bb5cd8c79b,ec89d896-2418-4773-9e18-13bd77f71b9c,544.51,INR,success,2026-05-27 14:47:24.465394+00:00
34cc8ee2-b3d0-4655-a30b-31b367770837,9ae76b51-211c-458e-8822-a739971c7555,c8e67084-d094-4031-b5c2-c5bb5cd8c79b,ec89d896-2418-4773-9e18-13bd77f71b9c,586.05,INR,success,2026-05-31 14:25:28.766299+00:00
678b6a6f-8162-44f5-af69-fa979e6cb026,9fca6a1c-5054-4349-b590-99ca3643143e,04ba3ce8-20d2-4afe-b259-2a5a4702a520,30f4ecc4-9632-4905-a4fc-028e2323e647,2783.89,INR,success,2026-04-30 21:31:36.252556+00:00
e98e9925-b93c-48f4-8617-0f867f3b06c8,119df8f1-6a14-4faf-acf0-785da4b374bd,04ba3ce8-20d2-4afe-b259-2a5a4702a520,30f4ecc4-9632-4905-a4fc-028e2323e647,2365.68,INR,success,2026-05-10 19:13:16.539509+00:00
613827f8-3510-46e0-88a0-1c7f9ff9a3fb,119df8f1-6a14-4faf-acf0-785da4b374bd,04ba3ce8-20d2-4afe-b259-2a5a4702a520,30f4ecc4-9632-4905-a4fc-028e2323e647,2523.58,INR,success,2026-05-11 12:47:48.107416+00:00
7e4a3666-d9b9-4772-99c3-726d2e6715f2,119df8f1-6a14-4faf-acf0-785da4b374bd,04ba3ce8-20d2-4afe-b259-2a5a4702a520,30f4ecc4-9632-4905-a4fc-028e2323e647,2639.32,INR,success,2026-05-13 05:50:34.314537+00:00
d6757724-88e2-469a-8b95-c38f321312fa,20dc497a-7892-463b-8dd1-35ba5304de75,04ba3ce8-20d2-4afe-b259-2a5a4702a520,30f4ecc4-9632-4905-a4fc-028e2323e647,4262.86,INR,success,2026-04-14 13:32:52.025363+00:00
9b79feda-a55a-4434-9e7c-236710fae01d,20dc497a-7892-463b-8dd1-35ba5304de75,04ba3ce8-20d2-4afe-b259-2a5a4702a520,30f4ecc4-9632-4905-a4fc-028e2323e647,2823.81,INR,success,2026-04-19 08:56:31.166678+00:00
f5508fa2-6370-4cd8-91fa-375d32fe9625,20dc497a-7892-463b-8dd1-35ba5304de75,04ba3ce8-20d2-4afe-b259-2a5a4702a520,30f4ecc4-9632-4905-a4fc-028e2323e647,1447.04,INR,success,2026-05-07 04:45:28.273963+00:00
ae7d5c18-999c-4d93-a9b1-6af1286764e0,20dc497a-7892-463b-8dd1-35ba5304de75,04ba3ce8-20d2-4afe-b259-2a5a4702a520,30f4ecc4-9632-4905-a4fc-028e2323e647,10.0,INR,success,2026-05-28 16:47:29.437607+00:00
2a5ae045-36a1-4e15-a644-6340e5614fc7,b5cbdb99-84fa-42b4-a150-ca12ae2ba85f,04ba3ce8-20d2-4afe-b259-2a5a4702a520,30f4ecc4-9632-4905-a4fc-028e2323e647,4316.57,INR,success,2026-05-12 22:35:17.468778+00:00
e54f8a6f-472c-4194-9ebd-1ddd26c66936,b5cbdb99-84fa-42b4-a150-ca12ae2ba85f,04ba3ce8-20d2-4afe-b259-2a5a4702a520,30f4ecc4-9632-4905-a4fc-028e2323e647,2013.67,INR,success,2026-05-14 13:36:16.570380+00:00
6a37cf5d-5936-479a-8fd3-323515d31175,3b8cca22-1a15-462e-a647-0f832c63268c,d736f54f-5622-416b-8be0-22e678c192d4,a648baee-7c55-4d80-b455-bba3de055828,1502.36,INR,success,2026-03-06 16:47:37.616426+00:00
a0193242-ef35-444d-b999-b37343c63633,3b8cca22-1a15-462e-a647-0f832c63268c,d736f54f-5622-416b-8be0-22e678c192d4,a648baee-7c55-4d80-b455-bba3de055828,10.0,INR,success,2026-05-10 13:22:42.847383+00:00
069e0183-2d3f-4473-b63e-e39b56a2ffb1,3b8cca22-1a15-462e-a647-0f832c63268c,d736f54f-5622-416b-8be0-22e678c192d4,a648baee-7c55-4d80-b455-bba3de055828,1500.75,INR,success,2026-05-16 20:13:55.696058+00:00
8f44c5b3-a1a6-4aa1-8501-c431aa99681a,471aa68a-cc41-4ae9-800a-fda6cd602dbd,e039fad5-a49f-401c-b265-69a2af0535fa,a648baee-7c55-4d80-b455-bba3de055828,343.3,INR,success,2026-04-06 11:58:00.780086+00:00
b02976cd-8ade-41f8-a0dc-8092a3587983,471aa68a-cc41-4ae9-800a-fda6cd602dbd,e039fad5-a49f-401c-b265-69a2af0535fa,a648baee-7c55-4d80-b455-bba3de055828,423.32,INR,success,2026-04-20 04:03:33.315922+00:00
76a0a2d2-f255-40c2-8715-003bac7ab151,471aa68a-cc41-4ae9-800a-fda6cd602dbd,e039fad5-a49f-401c-b265-69a2af0535fa,a648baee-7c55-4d80-b455-bba3de055828,590.15,INR,success,2026-04-28 05:42:14.643324+00:00
224b2f39-bffe-4443-ae40-094a679aff58,471aa68a-cc41-4ae9-800a-fda6cd602dbd,e039fad5-a49f-401c-b265-69a2af0535fa,a648baee-7c55-4d80-b455-bba3de055828,366.25,INR,success,2026-05-06 11:49:43.934450+00:00
1f0d7c20-7393-42d8-af99-abf8e2e6843c,471aa68a-cc41-4ae9-800a-fda6cd602dbd,e039fad5-a49f-401c-b265-69a2af0535fa,a648baee-7c55-4d80-b455-bba3de055828,533.61,INR,success,2026-05-18 10:46:22.434231+00:00
99a2ade2-9de4-4794-9ad3-a89041977f4d,471aa68a-cc41-4ae9-800a-fda6cd602dbd,e039fad5-a49f-401c-b265-69a2af0535fa,a648baee-7c55-4d80-b455-bba3de055828,315.42,INR,success,2026-05-28 23:58:30.110758+00:00
c1135092-5ccb-4d5f-a7aa-90cb872fb814,b5a9bbce-b5d2-4738-a201-14485a60d9b7,373b1249-a316-4693-a566-302836686aa9,bc5329be-c605-4776-a62e-19e707168816,2652.33,INR,success,2026-04-16 06:05:59.992127+00:00
0431bd6f-b399-4b7e-b351-af871cadbffb,b5a9bbce-b5d2-4738-a201-14485a60d9b7,373b1249-a316-4693-a566-302836686aa9,bc5329be-c605-4776-a62e-19e707168816,3887.56,INR,success,2026-05-16 05:12:08.992081+00:00
d4853d6f-104b-4010-bc1d-b72445c2d432,d95ed0da-7a68-4f31-b956-dde53f3c1779,373b1249-a316-4693-a566-302836686aa9,9acecc68-327a-4a79-8ff3-449c19187edb,721.31,INR,success,2026-04-23 13:55:09.779004+00:00
16e62488-9187-4650-a12d-b130137a1b29,1d17cd09-247b-4652-9514-e957f2a32336,373b1249-a316-4693-a566-302836686aa9,e252088f-981f-4fdd-860b-3881cc7730b1,2979.04,INR,success,2026-05-18 06:31:56.399392+00:00
20b5959e-d76c-442d-bbbe-14cb4439aca2,1d17cd09-247b-4652-9514-e957f2a32336,373b1249-a316-4693-a566-302836686aa9,e252088f-981f-4fdd-860b-3881cc7730b1,1690.54,INR,success,2026-05-27 06:44:47.905363+00:00
327c6629-9394-4f1f-b785-4b23bd1c4e05,1d17cd09-247b-4652-9514-e957f2a32336,373b1249-a316-4693-a566-302836686aa9,e252088f-981f-4fdd-860b-3881cc7730b1,81.7,INR,success,2026-05-28 08:49:17.704519+00:00
5c9f9d36-9710-42e1-a064-e59d040e9032,1d17cd09-247b-4652-9514-e957f2a32336,373b1249-a316-4693-a566-302836686aa9,e252088f-981f-4fdd-860b-3881cc7730b1,996.17,INR,success,2026-05-30 18:12:00.335460+00:00
9485f92d-e23e-4fbb-b717-f44ada85ee73,1d17cd09-247b-4652-9514-e957f2a32336,373b1249-a316-4693-a566-302836686aa9,e252088f-981f-4fdd-860b-3881cc7730b1,4064.0,INR,success,2026-05-30 22:33:00.763836+00:00
fa69b48a-0263-4e69-8c92-060bf1d1efad,b2ff05e9-9e32-45dc-96ff-16ddd7e1f974,2cfbedb2-6828-431a-8948-fe5ffc0e772d,d424ec2d-d562-4621-88b8-04b07326c5e0,2239.92,INR,success,2026-04-15 08:05:52.998725+00:00
76fda2f5-618a-48e8-b1f2-7388faa136cd,b2ff05e9-9e32-45dc-96ff-16ddd7e1f974,2cfbedb2-6828-431a-8948-fe5ffc0e772d,d424ec2d-d562-4621-88b8-04b07326c5e0,4865.9,INR,success,2026-04-23 12:55:36.757896+00:00
40133f3a-e6a9-4132-be08-03e5a0b1195d,b2ff05e9-9e32-45dc-96ff-16ddd7e1f974,2cfbedb2-6828-431a-8948-fe5ffc0e772d,d424ec2d-d562-4621-88b8-04b07326c5e0,1598.14,INR,success,2026-05-14 00:20:17.695257+00:00
45d36a5e-15d0-47a1-8c22-4c33edd2a2b5,87b80214-d402-4bdf-a86d-fc660d527e5a,10ffc2a4-e09d-49b7-8f84-6e6af9f1633d,7dc12c4e-0831-4223-8d4c-8713237b6f81,3044.48,INR,success,2026-03-28 04:00:35.874160+00:00
aaad16b1-30d7-4df8-88eb-14d0990ec95a,87b80214-d402-4bdf-a86d-fc660d527e5a,10ffc2a4-e09d-49b7-8f84-6e6af9f1633d,7dc12c4e-0831-4223-8d4c-8713237b6f81,5618.24,INR,success,2026-04-01 10:32:23.832419+00:00
71228ed4-4543-4440-a744-fd09cf14b396,87b80214-d402-4bdf-a86d-fc660d527e5a,10ffc2a4-e09d-49b7-8f84-6e6af9f1633d,7dc12c4e-0831-4223-8d4c-8713237b6f81,4549.74,INR,success,2026-04-15 03:24:32.522045+00:00
906895a8-64e7-4551-8794-d261631a30dd,87b80214-d402-4bdf-a86d-fc660d527e5a,10ffc2a4-e09d-49b7-8f84-6e6af9f1633d,7dc12c4e-0831-4223-8d4c-8713237b6f81,1441.27,INR,success,2026-05-20 12:48:29.779495+00:00
5ebc3e5e-cfd4-4f5e-ae1f-108d94a382b8,87b80214-d402-4bdf-a86d-fc660d527e5a,10ffc2a4-e09d-49b7-8f84-6e6af9f1633d,7dc12c4e-0831-4223-8d4c-8713237b6f81,10.0,INR,success,2026-05-29 07:16:16.764144+00:00
641ee2f2-bece-412b-89fc-86bd44c4a230,338b01e9-2029-4d06-ac7b-ba81994a1ecf,e90daf55-5cf8-42dd-abce-148ba5761ff4,a00ba4f8-d6d4-45ef-b16d-29bf4710ca87,3917.43,INR,success,2026-05-02 15:48:20.005315+00:00
b5312d67-22d6-4841-9e6a-2208a4f0d2a7,338b01e9-2029-4d06-ac7b-ba81994a1ecf,e90daf55-5cf8-42dd-abce-148ba5761ff4,a00ba4f8-d6d4-45ef-b16d-29bf4710ca87,1691.82,INR,success,2026-05-05 04:54:49.822507+00:00
892fe58d-7bdb-432f-b74e-5501c662db90,298e28f7-d5ec-4782-bf49-d27227c85a3d,e90daf55-5cf8-42dd-abce-148ba5761ff4,a00ba4f8-d6d4-45ef-b16d-29bf4710ca87,2655.71,INR,success,2026-05-27 07:40:36.780800+00:00
aa6c74f7-ab82-4f2d-a9a6-2a4d4a868eb4,f2c840a1-0fb5-4220-97f9-626ed29211c4,0d0492e0-14b8-4d31-b361-b565eece9981,2cebde03-329c-4bd7-b498-78c13e693a2e,2255.74,INR,success,2026-05-04 09:56:31.816391+00:00
a73020e6-1a36-43b2-ab20-4d3322475953,f2c840a1-0fb5-4220-97f9-626ed29211c4,0d0492e0-14b8-4d31-b361-b565eece9981,2cebde03-329c-4bd7-b498-78c13e693a2e,2077.29,INR,success,2026-05-12 13:31:51.253426+00:00
ac519719-f585-406d-a95c-043540dcc912,f2c840a1-0fb5-4220-97f9-626ed29211c4,0d0492e0-14b8-4d31-b361-b565eece9981,2cebde03-329c-4bd7-b498-78c13e693a2e,2436.97,INR,success,2026-05-19 01:01:02.579240+00:00
09fd0a34-ad84-452e-ad0d-9b3430b54d3e,f2c840a1-0fb5-4220-97f9-626ed29211c4,0d0492e0-14b8-4d31-b361-b565eece9981,2cebde03-329c-4bd7-b498-78c13e693a2e,2304.96,INR,success,2026-05-21 13:04:23.103402+00:00
9472071b-2fa3-46f4-becc-507970b8043a,f2c840a1-0fb5-4220-97f9-626ed29211c4,0d0492e0-14b8-4d31-b361-b565eece9981,2cebde03-329c-4bd7-b498-78c13e693a2e,678.69,INR,success,2026-05-21 21:53:41.667876+00:00
0b2d1d26-7520-4fc9-9047-40a7501185a8,a0e7e94b-e265-4c35-b320-f9080e25792e,b4de6e55-35d3-4017-bdb6-be74d66c3cde,2cebde03-329c-4bd7-b498-78c13e693a2e,3308.8,INR,success,2026-05-05 19:08:47.216748+00:00
6ae1fd78-5093-4444-a3dc-293c6373f454,7d7e9688-3647-415d-a2b1-535caf30ceba,2a0088dd-6f23-4d04-964b-8968056ecac3,2cebde03-329c-4bd7-b498-78c13e693a2e,4908.25,INR,success,2026-04-29 01:57:08.935620+00:00
31787ff1-1a77-424a-ba86-67a8a7f90eba,7d7e9688-3647-415d-a2b1-535caf30ceba,2a0088dd-6f23-4d04-964b-8968056ecac3,2cebde03-329c-4bd7-b498-78c13e693a2e,1079.89,INR,success,2026-05-09 11:46:57.740879+00:00
42ce3ad5-0226-497d-9170-f741ab392d2d,7d7e9688-3647-415d-a2b1-535caf30ceba,2a0088dd-6f23-4d04-964b-8968056ecac3,2cebde03-329c-4bd7-b498-78c13e693a2e,10.0,INR,success,2026-05-11 20:24:00.285994+00:00
3e3ed637-05bd-4fd5-8c0b-1defbb3aed5b,7d7e9688-3647-415d-a2b1-535caf30ceba,2a0088dd-6f23-4d04-964b-8968056ecac3,2cebde03-329c-4bd7-b498-78c13e693a2e,2975.55,INR,success,2026-05-24 00:04:48.564679+00:00
7f4bcc3d-49e4-44a2-8b24-74136c79dac5,7d7e9688-3647-415d-a2b1-535caf30ceba,2a0088dd-6f23-4d04-964b-8968056ecac3,2cebde03-329c-4bd7-b498-78c13e693a2e,10.0,INR,success,2026-05-30 01:54:28.400585+00:00
c129f9b6-b42c-4723-a47b-54886b6b7c01,469680db-45bf-489b-9b56-aad35e0cba41,f95087b2-3055-4d7d-a2da-b8ed800a7cad,2cebde03-329c-4bd7-b498-78c13e693a2e,4623.09,INR,success,2026-05-30 20:20:37.603008+00:00
258b2310-904e-49f6-8915-6c91f06a3f8d,429523ee-5c24-40d1-ac4a-09f515dcd422,78ab8930-4dc3-4533-8957-138b594501e2,4b0812b7-e89d-4a25-a964-dba063c6e04a,2464.43,INR,success,2026-03-26 13:48:31.719031+00:00
feac0f64-a630-4fc6-9618-72e52bf995e4,429523ee-5c24-40d1-ac4a-09f515dcd422,78ab8930-4dc3-4533-8957-138b594501e2,4b0812b7-e89d-4a25-a964-dba063c6e04a,2703.02,INR,success,2026-05-17 06:43:01.843447+00:00
364c7dd8-0273-41ae-8c74-1ec018fd4456,ecc0caff-b34c-4919-a1ad-44fabe3f3065,78ab8930-4dc3-4533-8957-138b594501e2,4b0812b7-e89d-4a25-a964-dba063c6e04a,2071.92,INR,success,2026-03-27 17:39:02.630286+00:00
766799be-2740-49ca-b399-d13a76e7e4ed,ecc0caff-b34c-4919-a1ad-44fabe3f3065,78ab8930-4dc3-4533-8957-138b594501e2,4b0812b7-e89d-4a25-a964-dba063c6e04a,1715.92,INR,success,2026-04-21 03:28:38.867368+00:00
b4263f46-f0b8-4d98-8cd3-6228afd8cc22,ecc0caff-b34c-4919-a1ad-44fabe3f3065,78ab8930-4dc3-4533-8957-138b594501e2,4b0812b7-e89d-4a25-a964-dba063c6e04a,2946.92,INR,success,2026-04-22 20:58:55.459239+00:00
c33aba5f-65dc-4918-b334-80e44dca1f0e,ecc0caff-b34c-4919-a1ad-44fabe3f3065,78ab8930-4dc3-4533-8957-138b594501e2,4b0812b7-e89d-4a25-a964-dba063c6e04a,1818.08,INR,success,2026-04-27 04:50:23.665224+00:00
0a42fc1c-5af4-4d51-9385-aee9a77ebb26,ecc0caff-b34c-4919-a1ad-44fabe3f3065,78ab8930-4dc3-4533-8957-138b594501e2,4b0812b7-e89d-4a25-a964-dba063c6e04a,1571.4,INR,success,2026-05-19 14:31:48.449516+00:00
26b325aa-ca91-485f-9418-5de2e49685f5,ecc0caff-b34c-4919-a1ad-44fabe3f3065,78ab8930-4dc3-4533-8957-138b594501e2,4b0812b7-e89d-4a25-a964-dba063c6e04a,990.08,INR,success,2026-05-21 19:47:04.196253+00:00
bd3e0283-6309-4cf1-b1f9-7ff990af7f34,ef7c799a-b0ad-4fcf-944c-7256ead36c0c,78ab8930-4dc3-4533-8957-138b594501e2,4b0812b7-e89d-4a25-a964-dba063c6e04a,540.82,INR,success,2026-05-01 16:37:05.514042+00:00
cb64854a-562a-4b7d-9bcd-8bd594bb6e0e,bfdbe10b-5461-4b6d-9890-4a1f5924d437,78ab8930-4dc3-4533-8957-138b594501e2,4b0812b7-e89d-4a25-a964-dba063c6e04a,7120.59,INR,success,2026-04-28 21:09:01.925877+00:00
3d3811ee-3e15-4d7f-8789-34941d69354c,c14ab5aa-3fb3-473a-9689-01b0f60c1951,22e69e15-7c62-433e-9435-5377d17be57d,dfe978f5-e55b-45b0-b256-8f5d53b11dd2,2249.35,INR,success,2026-05-02 08:03:18.069163+00:00
0a1b27cb-9293-42cf-8fe5-17862b9cb8ce,c14ab5aa-3fb3-473a-9689-01b0f60c1951,22e69e15-7c62-433e-9435-5377d17be57d,dfe978f5-e55b-45b0-b256-8f5d53b11dd2,2875.39,INR,success,2026-05-04 14:28:44.920545+00:00
1e024380-e9b3-4743-9b3d-50dfc6c09b9a,860ff1e5-663a-4ddb-9e0a-03160e014742,636f1b3d-7e3e-4756-a41d-6c1f97d54557,dfe978f5-e55b-45b0-b256-8f5d53b11dd2,5653.9,INR,success,2026-05-05 13:34:56.637488+00:00
98b86ed4-6fd6-46bd-a29a-a7abc6392a9b,3015ad42-37a2-4a31-b09a-8949e8cb20aa,e930e15c-865b-4d96-851c-1900b5a9df78,dfe978f5-e55b-45b0-b256-8f5d53b11dd2,3076.42,INR,success,2026-04-19 02:34:21.225947+00:00
cbad5d53-5d10-4232-b74a-ce0cac1cb6ea,3015ad42-37a2-4a31-b09a-8949e8cb20aa,e930e15c-865b-4d96-851c-1900b5a9df78,dfe978f5-e55b-45b0-b256-8f5d53b11dd2,63.56,INR,success,2026-04-20 21:34:56.155445+00:00
9b08eef9-d497-4621-8750-ed723013e188,3015ad42-37a2-4a31-b09a-8949e8cb20aa,e930e15c-865b-4d96-851c-1900b5a9df78,dfe978f5-e55b-45b0-b256-8f5d53b11dd2,3632.5,INR,success,2026-04-23 14:28:48.794800+00:00
60f0dfc8-0b76-47e9-8506-9b88797447ad,3015ad42-37a2-4a31-b09a-8949e8cb20aa,e930e15c-865b-4d96-851c-1900b5a9df78,dfe978f5-e55b-45b0-b256-8f5d53b11dd2,1373.67,INR,success,2026-05-17 23:15:49.191834+00:00
d4d2ccf8-3ebf-4fcc-a5e9-efe599068ca5,3015ad42-37a2-4a31-b09a-8949e8cb20aa,e930e15c-865b-4d96-851c-1900b5a9df78,dfe978f5-e55b-45b0-b256-8f5d53b11dd2,5186.48,INR,success,2026-05-20 06:29:04.314603+00:00
a5983637-5953-4650-a1d0-96c8eedd3b3c,3015ad42-37a2-4a31-b09a-8949e8cb20aa,e930e15c-865b-4d96-851c-1900b5a9df78,dfe978f5-e55b-45b0-b256-8f5d53b11dd2,3591.42,INR,success,2026-05-29 11:12:19.177543+00:00
0c1c0e1f-2e8c-465c-85e1-bc785d3cb6b3,3c5b16e6-4a1c-4d78-a137-5c2e754059fd,6e5557f2-8f4e-442e-bb89-b40930bb596e,dfe978f5-e55b-45b0-b256-8f5d53b11dd2,2747.79,INR,success,2026-04-30 18:28:50.730181+00:00
d56d4794-f342-4446-a33a-f89b8b84f29e,3c5b16e6-4a1c-4d78-a137-5c2e754059fd,6e5557f2-8f4e-442e-bb89-b40930bb596e,dfe978f5-e55b-45b0-b256-8f5d53b11dd2,2319.12,INR,success,2026-05-01 09:22:37.701401+00:00
34dcf6b7-e104-45a9-a978-ec9f9f4ad5f0,3c5b16e6-4a1c-4d78-a137-5c2e754059fd,6e5557f2-8f4e-442e-bb89-b40930bb596e,dfe978f5-e55b-45b0-b256-8f5d53b11dd2,1282.16,INR,success,2026-05-02 05:44:45.967776+00:00
c24b115e-2df1-4d8e-b641-9e20e5eb4e7f,3c5b16e6-4a1c-4d78-a137-5c2e754059fd,6e5557f2-8f4e-442e-bb89-b40930bb596e,dfe978f5-e55b-45b0-b256-8f5d53b11dd2,213.5,INR,success,2026-05-03 02:44:11.055873+00:00
95c6e5c3-cee4-40a8-899c-13f50173715b,3c5b16e6-4a1c-4d78-a137-5c2e754059fd,6e5557f2-8f4e-442e-bb89-b40930bb596e,dfe978f5-e55b-45b0-b256-8f5d53b11dd2,2246.65,INR,success,2026-05-06 02:10:02.496346+00:00
7b34d0d9-42e0-4a2d-8a52-dbedbe35c3a0,3c5b16e6-4a1c-4d78-a137-5c2e754059fd,6e5557f2-8f4e-442e-bb89-b40930bb596e,dfe978f5-e55b-45b0-b256-8f5d53b11dd2,4022.56,INR,success,2026-05-13 12:35:01.749722+00:00
278ef324-be2a-4a92-a093-d76a557ed9e1,50a2f63e-b0ef-4397-a274-f46179ae48da,ddd63d00-9815-40f1-b2dc-25233d567dd4,05adfb0a-2d00-4eca-9848-2c3ecb680908,2861.97,INR,success,2026-03-14 15:43:11.359147+00:00
c75431ad-bb70-4d56-bd63-4452f36c64aa,50a2f63e-b0ef-4397-a274-f46179ae48da,ddd63d00-9815-40f1-b2dc-25233d567dd4,05adfb0a-2d00-4eca-9848-2c3ecb680908,1957.68,INR,success,2026-03-31 09:02:59.653167+00:00
315910ee-240d-478e-880d-f246176e22b8,50a2f63e-b0ef-4397-a274-f46179ae48da,ddd63d00-9815-40f1-b2dc-25233d567dd4,05adfb0a-2d00-4eca-9848-2c3ecb680908,2047.47,INR,success,2026-04-16 14:50:31.953901+00:00
021104b7-fea7-49ae-bb24-d95f7e74ceed,a6f75d37-77a0-4f95-9daf-170be76e1a3c,de8f694e-47cb-445a-9d01-3e900c53cbac,05adfb0a-2d00-4eca-9848-2c3ecb680908,6502.05,INR,success,2026-05-04 20:41:31.914021+00:00
17aba0ad-f9f5-48d0-a014-fbb6187c9871,a6f75d37-77a0-4f95-9daf-170be76e1a3c,de8f694e-47cb-445a-9d01-3e900c53cbac,05adfb0a-2d00-4eca-9848-2c3ecb680908,4776.89,INR,success,2026-05-28 14:15:15.085771+00:00
7e499ff8-0420-454c-8bc8-3e554b66eef0,a6f75d37-77a0-4f95-9daf-170be76e1a3c,de8f694e-47cb-445a-9d01-3e900c53cbac,05adfb0a-2d00-4eca-9848-2c3ecb680908,2100.78,INR,success,2026-05-29 05:04:21.883622+00:00
2236ea01-c46f-4392-8880-987dba1ec73a,a6f75d37-77a0-4f95-9daf-170be76e1a3c,de8f694e-47cb-445a-9d01-3e900c53cbac,05adfb0a-2d00-4eca-9848-2c3ecb680908,10.0,INR,success,2026-05-30 23:01:31.059554+00:00
ac56b837-cc0d-4e1f-999a-2783887ce766,68e42de1-f098-49ec-9be6-2f53c1584188,50cfc9a3-376f-40a0-bfa0-a6ca976e8b4a,f25035f7-2def-40c6-9a61-c3aafe1b95b3,2820.62,INR,success,2026-03-09 10:04:22.614476+00:00
235e7f33-9c9f-4ac4-81d7-4effe309a2cd,68e42de1-f098-49ec-9be6-2f53c1584188,50cfc9a3-376f-40a0-bfa0-a6ca976e8b4a,f25035f7-2def-40c6-9a61-c3aafe1b95b3,2702.91,INR,success,2026-03-27 04:17:23.891902+00:00
fbcbe284-8794-4bd3-ae28-4d33d04f8f2b,68e42de1-f098-49ec-9be6-2f53c1584188,50cfc9a3-376f-40a0-bfa0-a6ca976e8b4a,f25035f7-2def-40c6-9a61-c3aafe1b95b3,2584.28,INR,success,2026-03-28 02:14:37.501789+00:00
924fe32c-2c86-4adf-adf0-b950408799e7,68e42de1-f098-49ec-9be6-2f53c1584188,50cfc9a3-376f-40a0-bfa0-a6ca976e8b4a,f25035f7-2def-40c6-9a61-c3aafe1b95b3,1523.95,INR,success,2026-04-27 10:08:26.633619+00:00
4a5a4d9f-1e4a-4289-a867-8846c7287299,68e42de1-f098-49ec-9be6-2f53c1584188,50cfc9a3-376f-40a0-bfa0-a6ca976e8b4a,f25035f7-2def-40c6-9a61-c3aafe1b95b3,4670.63,INR,success,2026-05-11 13:51:01.556362+00:00
fa8f63bf-0736-4239-9211-3c560093282a,68e42de1-f098-49ec-9be6-2f53c1584188,50cfc9a3-376f-40a0-bfa0-a6ca976e8b4a,f25035f7-2def-40c6-9a61-c3aafe1b95b3,3946.77,INR,success,2026-05-13 04:36:44.582968+00:00
535be62d-682c-4735-8bfb-713109202e66,623afe0a-df81-4772-b410-61d27424ad16,8967d900-ce5a-4d70-86ec-fee0da521dbe,f25035f7-2def-40c6-9a61-c3aafe1b95b3,2870.33,INR,success,2026-05-24 17:20:03.716154+00:00
67b21250-0065-48e1-b35e-6c63bc0b54ef,09b6bef2-a43d-406c-9466-95e1ab5e9c74,b37078d7-a42b-4289-95d7-cf308876334b,f25035f7-2def-40c6-9a61-c3aafe1b95b3,2986.62,INR,success,2026-05-08 19:13:56.844968+00:00
09bd126a-6fbb-4089-9899-774c365431da,09b6bef2-a43d-406c-9466-95e1ab5e9c74,b37078d7-a42b-4289-95d7-cf308876334b,f25035f7-2def-40c6-9a61-c3aafe1b95b3,1242.3,INR,success,2026-05-10 05:24:04.928182+00:00
dbebb833-29cd-4b07-bc9f-fce10020e416,09b6bef2-a43d-406c-9466-95e1ab5e9c74,b37078d7-a42b-4289-95d7-cf308876334b,f25035f7-2def-40c6-9a61-c3aafe1b95b3,262.59,INR,success,2026-05-20 10:17:40.238001+00:00
34289d37-273d-48cd-b6f4-2d8e2a6914ec,09b6bef2-a43d-406c-9466-95e1ab5e9c74,b37078d7-a42b-4289-95d7-cf308876334b,f25035f7-2def-40c6-9a61-c3aafe1b95b3,1497.2,INR,success,2026-05-21 23:40:50.168775+00:00
b1780c4b-6bee-4343-bdd2-9efaeafcefc0,09b6bef2-a43d-406c-9466-95e1ab5e9c74,b37078d7-a42b-4289-95d7-cf308876334b,f25035f7-2def-40c6-9a61-c3aafe1b95b3,828.46,INR,success,2026-05-22 15:36:17.401952+00:00
658ad7d3-0702-40e2-bddb-f436ed46af2f,4a62500f-0663-4777-a740-b208a9ace31b,ff284b3a-f826-4564-a002-66f95d2d718f,f25035f7-2def-40c6-9a61-c3aafe1b95b3,1129.43,INR,success,2026-05-29 22:06:51.663132+00:00
313d7c8d-f127-4aa1-b66c-ea98dd8fa8b6,4a62500f-0663-4777-a740-b208a9ace31b,ff284b3a-f826-4564-a002-66f95d2d718f,f25035f7-2def-40c6-9a61-c3aafe1b95b3,1844.36,INR,success,2026-05-31 01:29:10.617312+00:00
acab3cd7-52a1-4c82-962f-18acb0476466,9409a57c-812d-4a9d-9488-ea9897d40b30,5b09da56-280a-4882-9385-9c26652f9417,f25035f7-2def-40c6-9a61-c3aafe1b95b3,1415.58,INR,success,2026-05-30 15:39:52.509394+00:00
79e171af-9991-4357-9715-71586931ae24,9409a57c-812d-4a9d-9488-ea9897d40b30,5b09da56-280a-4882-9385-9c26652f9417,f25035f7-2def-40c6-9a61-c3aafe1b95b3,791.5,INR,success,2026-05-31 16:53:40.389200+00:00
d2d1914b-049e-48de-a2da-bd0df874f04b,17f56c1c-4b7a-443d-b6c8-f63d6e6482f4,b64b71f3-3055-4593-9509-261cd5178cbc,26ba1d31-545a-40ab-a8c8-d06530597624,4795.72,INR,success,2026-04-30 12:59:08.278802+00:00
23bfe188-9588-4239-8255-d2c92771b078,17f56c1c-4b7a-443d-b6c8-f63d6e6482f4,b64b71f3-3055-4593-9509-261cd5178cbc,26ba1d31-545a-40ab-a8c8-d06530597624,1602.27,INR,success,2026-05-04 22:39:20.937634+00:00
c1f7cd78-45df-4328-b56e-69da93389366,17f56c1c-4b7a-443d-b6c8-f63d6e6482f4,b64b71f3-3055-4593-9509-261cd5178cbc,26ba1d31-545a-40ab-a8c8-d06530597624,5449.0,INR,success,2026-05-10 21:20:00.758704+00:00
abe5e160-a78f-4ddf-8cdb-e31947d05cbe,17f56c1c-4b7a-443d-b6c8-f63d6e6482f4,b64b71f3-3055-4593-9509-261cd5178cbc,26ba1d31-545a-40ab-a8c8-d06530597624,1556.45,INR,success,2026-05-14 21:56:24.923073+00:00
c71a972e-106f-4fb6-88a8-fe048f32cb8c,17f56c1c-4b7a-443d-b6c8-f63d6e6482f4,b64b71f3-3055-4593-9509-261cd5178cbc,26ba1d31-545a-40ab-a8c8-d06530597624,2896.43,INR,success,2026-05-19 19:49:59.160888+00:00
eb32f209-0c7a-4c64-a770-9be6a01ad003,17f56c1c-4b7a-443d-b6c8-f63d6e6482f4,b64b71f3-3055-4593-9509-261cd5178cbc,26ba1d31-545a-40ab-a8c8-d06530597624,6584.77,INR,success,2026-05-23 11:12:48.456684+00:00
33934f46-60b2-4dc2-be12-0aafd1c8d8f3,6b48221f-ed96-49d1-9b51-c15bb2c7e355,3448648f-2636-4297-b199-93ca7f77afe9,96a11ebb-58a3-425f-b857-15404841f9c9,4606.71,INR,success,2026-05-15 04:39:04.802865+00:00
a3865308-f5ce-4a4b-badb-0baadd29c5bd,6b48221f-ed96-49d1-9b51-c15bb2c7e355,3448648f-2636-4297-b199-93ca7f77afe9,96a11ebb-58a3-425f-b857-15404841f9c9,3287.6,INR,success,2026-05-18 01:03:33.122291+00:00
1171b94f-1abd-4407-b01c-dcfaa3e9866d,6b48221f-ed96-49d1-9b51-c15bb2c7e355,3448648f-2636-4297-b199-93ca7f77afe9,96a11ebb-58a3-425f-b857-15404841f9c9,1933.23,INR,success,2026-05-20 20:49:49.520038+00:00
e41cb2c7-0f72-4d86-aa39-29d0a3c587b8,6b48221f-ed96-49d1-9b51-c15bb2c7e355,3448648f-2636-4297-b199-93ca7f77afe9,96a11ebb-58a3-425f-b857-15404841f9c9,3993.18,INR,success,2026-05-31 01:59:42.019199+00:00
1f75f391-aea9-4021-bcd1-d080b02c341e,400a4e97-42a8-4133-bb5d-82ec76b6d5cf,8c63c172-7298-479f-82cb-e85105c954f1,4e52cc2b-1aff-4d67-b16a-b0c5f34b45ae,829.09,INR,success,2026-05-11 06:48:08.537378+00:00
88ce0af0-9ec1-40ed-83b8-66eb53d73bfa,400a4e97-42a8-4133-bb5d-82ec76b6d5cf,8c63c172-7298-479f-82cb-e85105c954f1,4e52cc2b-1aff-4d67-b16a-b0c5f34b45ae,903.15,INR,success,2026-05-16 12:13:57.871029+00:00
78818df9-0007-4b66-96f9-6fc8716d24a5,0a1815e8-581f-4ae3-9ec9-71f995798d30,9bf10650-0fec-4f3f-bb32-8781b4f1ce8e,91e6817f-cfdf-4196-b6d5-41ca42e64235,6105.63,INR,success,2026-05-18 16:19:32.229511+00:00
1fa03ab3-9a3c-4c35-adce-29df8db43f91,351b20fd-875b-40ba-a0ee-6e31d99f7122,023ec40b-db30-466a-9e9a-874d25fe14d4,adaa38c4-de5f-4564-9b29-98c2ffee8457,2042.79,INR,success,2026-05-19 07:24:22.128037+00:00
d41b87a4-78fe-4256-85ba-409b4142b9e1,351b20fd-875b-40ba-a0ee-6e31d99f7122,023ec40b-db30-466a-9e9a-874d25fe14d4,adaa38c4-de5f-4564-9b29-98c2ffee8457,4237.8,INR,success,2026-05-24 00:40:27.044221+00:00
d75439c0-229e-4804-9e90-ca7d4a47333c,351b20fd-875b-40ba-a0ee-6e31d99f7122,023ec40b-db30-466a-9e9a-874d25fe14d4,adaa38c4-de5f-4564-9b29-98c2ffee8457,4133.06,INR,success,2026-05-30 21:05:53.760690+00:00
1439be80-f4a7-4b1a-b4e2-65513e072ac6,2152b2e2-d3e0-4d96-bc29-45c92c641110,ba46e508-5146-48cd-869d-a0553f00279d,b0fc7ccb-0746-45a7-b3cc-eb29e7f1c636,26.23,INR,success,2026-03-31 21:50:42.078864+00:00
a30ca2ec-99b6-41ea-a60f-23b8134147c9,2152b2e2-d3e0-4d96-bc29-45c92c641110,ba46e508-5146-48cd-869d-a0553f00279d,b0fc7ccb-0746-45a7-b3cc-eb29e7f1c636,244.2,INR,success,2026-04-24 14:10:53.709369+00:00
3a5585f9-3331-477c-8534-7de23207299e,2152b2e2-d3e0-4d96-bc29-45c92c641110,ba46e508-5146-48cd-869d-a0553f00279d,b0fc7ccb-0746-45a7-b3cc-eb29e7f1c636,318.93,INR,success,2026-04-30 16:04:15.478411+00:00
d5471c33-814e-49a7-adcc-6c33f65911c5,2152b2e2-d3e0-4d96-bc29-45c92c641110,ba46e508-5146-48cd-869d-a0553f00279d,b0fc7ccb-0746-45a7-b3cc-eb29e7f1c636,143.48,INR,success,2026-05-04 13:46:43.173375+00:00
4c99b26b-45fe-488b-9915-6dfa3c530f8e,2152b2e2-d3e0-4d96-bc29-45c92c641110,ba46e508-5146-48cd-869d-a0553f00279d,b0fc7ccb-0746-45a7-b3cc-eb29e7f1c636,214.14,INR,success,2026-05-25 14:13:59.416115+00:00
cf5d10f5-2a29-48ea-aa42-fc9c1edc9d03,2152b2e2-d3e0-4d96-bc29-45c92c641110,ba46e508-5146-48cd-869d-a0553f00279d,b0fc7ccb-0746-45a7-b3cc-eb29e7f1c636,278.0,INR,success,2026-05-27 13:01:19.911659+00:00
48be1779-a1a1-4b03-acfc-ec67532cd30f,5b2d5d15-12a9-4157-985b-2ae32090295c,2b9005b7-8273-4a34-9da8-b44ce885b8be,60f198d3-76eb-4586-aa86-97c392fc687c,3793.96,INR,success,2026-04-10 00:46:57.263156+00:00
9fc4d8ce-a640-4b5c-b01d-b1ce4b3d0c89,5b2d5d15-12a9-4157-985b-2ae32090295c,2b9005b7-8273-4a34-9da8-b44ce885b8be,60f198d3-76eb-4586-aa86-97c392fc687c,2516.55,INR,success,2026-04-23 20:04:35.938820+00:00
8a6834bc-a73e-43df-b060-1928f14108f8,5b2d5d15-12a9-4157-985b-2ae32090295c,2b9005b7-8273-4a34-9da8-b44ce885b8be,60f198d3-76eb-4586-aa86-97c392fc687c,5750.45,INR,success,2026-05-05 15:27:18.863446+00:00
921645d6-8347-4e80-a1b1-6f32e7091fa9,5b2d5d15-12a9-4157-985b-2ae32090295c,2b9005b7-8273-4a34-9da8-b44ce885b8be,60f198d3-76eb-4586-aa86-97c392fc687c,3266.77,INR,success,2026-05-16 22:32:05.700461+00:00
4541cc0a-aa2b-4ad2-9540-5ece17c795a6,5b2d5d15-12a9-4157-985b-2ae32090295c,2b9005b7-8273-4a34-9da8-b44ce885b8be,60f198d3-76eb-4586-aa86-97c392fc687c,3999.13,INR,success,2026-05-18 09:19:37.027539+00:00
f47afed4-8b93-4c33-8426-f9b6d2547f69,5b2d5d15-12a9-4157-985b-2ae32090295c,2b9005b7-8273-4a34-9da8-b44ce885b8be,60f198d3-76eb-4586-aa86-97c392fc687c,2749.41,INR,success,2026-05-27 05:13:54.278799+00:00
1f64976c-5f36-402b-ba9e-0b97a1f78bd2,99a38c4c-3218-43bc-aed2-93b9cf9ccb78,4b4609e4-b77b-4df8-bbd0-7c4522f4db6a,cd6d671e-bc2a-4353-a78c-b802eb1b62a2,3465.4,INR,success,2026-04-10 14:00:20.467221+00:00
d6ab8774-a0cb-4f0a-bbac-74f82cd279a2,99a38c4c-3218-43bc-aed2-93b9cf9ccb78,4b4609e4-b77b-4df8-bbd0-7c4522f4db6a,cd6d671e-bc2a-4353-a78c-b802eb1b62a2,2020.88,INR,success,2026-04-14 19:05:05.869016+00:00
fe744956-bec3-4e3a-ad49-a92ffbe7c59e,99a38c4c-3218-43bc-aed2-93b9cf9ccb78,4b4609e4-b77b-4df8-bbd0-7c4522f4db6a,cd6d671e-bc2a-4353-a78c-b802eb1b62a2,826.79,INR,success,2026-05-05 13:41:54.717128+00:00
fdfc9568-99a0-467b-9c1e-e54e76410bae,99a38c4c-3218-43bc-aed2-93b9cf9ccb78,4b4609e4-b77b-4df8-bbd0-7c4522f4db6a,cd6d671e-bc2a-4353-a78c-b802eb1b62a2,1581.51,INR,success,2026-05-18 05:20:04.631991+00:00
adeeee1f-e052-4797-bcd7-84980d52b51b,99a38c4c-3218-43bc-aed2-93b9cf9ccb78,4b4609e4-b77b-4df8-bbd0-7c4522f4db6a,cd6d671e-bc2a-4353-a78c-b802eb1b62a2,1113.15,INR,success,2026-05-23 01:12:09.628098+00:00
42e041d4-0708-41a3-bfb2-fdefcc290e2b,fd7c8001-32d7-439f-9779-73329a888fb3,0bdb7193-5384-4c7f-91af-408b869b6c23,a3d8b8c3-2034-461d-b6ce-bcd7c3fedee4,1812.44,INR,success,2026-05-07 06:31:34.389273+00:00
0c25d2a2-4493-4056-85c9-772022a7b865,fd7c8001-32d7-439f-9779-73329a888fb3,0bdb7193-5384-4c7f-91af-408b869b6c23,a3d8b8c3-2034-461d-b6ce-bcd7c3fedee4,1846.59,INR,success,2026-05-12 22:30:17.718479+00:00
e7ed5352-0f3a-4850-a1e6-0f91939087b1,a45f3f15-59f3-4831-8acd-452117395e4a,a1cee20d-7e83-4bba-9f60-1ef2bc5f5444,56c14f7e-78bc-47ab-8d1c-c5969289a347,1181.81,INR,success,2026-05-15 21:24:13.129255+00:00
0ad9bf18-8c44-4119-86b2-8cd43bc7356b,a45f3f15-59f3-4831-8acd-452117395e4a,a1cee20d-7e83-4bba-9f60-1ef2bc5f5444,56c14f7e-78bc-47ab-8d1c-c5969289a347,10.0,INR,success,2026-05-19 09:00:56.452272+00:00
7a8a9369-6d98-4fa7-b701-31135f178f09,a45f3f15-59f3-4831-8acd-452117395e4a,a1cee20d-7e83-4bba-9f60-1ef2bc5f5444,56c14f7e-78bc-47ab-8d1c-c5969289a347,781.87,INR,success,2026-05-25 19:44:22.280126+00:00
f1ec8e56-5bc9-4ef0-8aa1-0bb2acacd7c4,a45f3f15-59f3-4831-8acd-452117395e4a,a1cee20d-7e83-4bba-9f60-1ef2bc5f5444,56c14f7e-78bc-47ab-8d1c-c5969289a347,1291.16,INR,success,2026-05-27 02:58:02.605389+00:00
2a93763f-e6e7-4c85-9915-5c22b35b7393,d9a46c6d-faf2-4473-b1e0-6350bd51f469,06b3fffe-935f-4ea5-b35e-8dee90f295d2,56c14f7e-78bc-47ab-8d1c-c5969289a347,1539.76,INR,success,2026-05-19 12:03:59.778787+00:00
7648841f-f622-4181-97e9-4d0f4dbddd72,d9a46c6d-faf2-4473-b1e0-6350bd51f469,06b3fffe-935f-4ea5-b35e-8dee90f295d2,56c14f7e-78bc-47ab-8d1c-c5969289a347,239.46,INR,success,2026-05-20 12:34:19.530241+00:00
00a498fa-1225-4ef5-bc86-e5c653be9391,d9a46c6d-faf2-4473-b1e0-6350bd51f469,06b3fffe-935f-4ea5-b35e-8dee90f295d2,56c14f7e-78bc-47ab-8d1c-c5969289a347,762.1,INR,success,2026-05-22 05:03:44.671519+00:00
d478ee8f-f753-46b7-acf4-2760aaba4493,d9a46c6d-faf2-4473-b1e0-6350bd51f469,06b3fffe-935f-4ea5-b35e-8dee90f295d2,56c14f7e-78bc-47ab-8d1c-c5969289a347,1420.91,INR,success,2026-05-25 00:09:44.796361+00:00
928cbd83-cb9a-4f68-a03f-6fd98064713f,d9a46c6d-faf2-4473-b1e0-6350bd51f469,06b3fffe-935f-4ea5-b35e-8dee90f295d2,56c14f7e-78bc-47ab-8d1c-c5969289a347,1124.3,INR,success,2026-05-27 15:44:34.160103+00:00
65444100-09fe-4650-98f3-c1d45f5739ca,d9a46c6d-faf2-4473-b1e0-6350bd51f469,06b3fffe-935f-4ea5-b35e-8dee90f295d2,56c14f7e-78bc-47ab-8d1c-c5969289a347,685.08,INR,success,2026-05-28 08:39:15.649465+00:00
bedc3686-3075-4609-9c73-357eecfc9fa8,619dc14a-d6ac-41eb-92c8-845e63748cf1,67836571-bfec-4e5c-a26f-45eaf52a5c56,64e744e3-0190-4719-b43d-61acf5c4e245,272.49,INR,success,2026-05-07 19:20:44.978794+00:00
69db2a5e-bf7a-4e32-b29e-dd978557882a,619dc14a-d6ac-41eb-92c8-845e63748cf1,67836571-bfec-4e5c-a26f-45eaf52a5c56,64e744e3-0190-4719-b43d-61acf5c4e245,688.58,INR,success,2026-05-11 12:56:06.153999+00:00
c1c12e02-e537-408b-bab0-2047155dc8be,619dc14a-d6ac-41eb-92c8-845e63748cf1,67836571-bfec-4e5c-a26f-45eaf52a5c56,64e744e3-0190-4719-b43d-61acf5c4e245,483.51,INR,success,2026-05-17 00:36:29.422853+00:00
b368bb7c-a570-4723-b4da-e042cf2fe86d,619dc14a-d6ac-41eb-92c8-845e63748cf1,67836571-bfec-4e5c-a26f-45eaf52a5c56,64e744e3-0190-4719-b43d-61acf5c4e245,390.65,INR,success,2026-05-23 21:50:20.999111+00:00
ca6f8e46-c0ac-4ca5-bc4e-f1c85f198c67,43054a7b-b51b-4704-9e0d-d7d6f5d7e949,e0f2607f-4d4f-4da7-8e7b-c5b12181628c,64e744e3-0190-4719-b43d-61acf5c4e245,828.46,INR,success,2026-05-22 16:31:24.719980+00:00
5ebcdf0c-bb8c-4966-a555-6e75f86e6a82,43054a7b-b51b-4704-9e0d-d7d6f5d7e949,e0f2607f-4d4f-4da7-8e7b-c5b12181628c,64e744e3-0190-4719-b43d-61acf5c4e245,4044.07,INR,success,2026-05-24 23:51:31.186794+00:00
6bdaf290-f61c-4061-8446-36b5061a8ee1,43054a7b-b51b-4704-9e0d-d7d6f5d7e949,e0f2607f-4d4f-4da7-8e7b-c5b12181628c,64e744e3-0190-4719-b43d-61acf5c4e245,10.0,INR,success,2026-05-25 17:47:16.450962+00:00
601a360d-39de-4939-8492-9487efad1124,43054a7b-b51b-4704-9e0d-d7d6f5d7e949,e0f2607f-4d4f-4da7-8e7b-c5b12181628c,64e744e3-0190-4719-b43d-61acf5c4e245,3696.42,INR,success,2026-05-26 10:21:10.395396+00:00
e70e8ece-74d4-4f9b-b134-3b2e3b3edad1,43054a7b-b51b-4704-9e0d-d7d6f5d7e949,e0f2607f-4d4f-4da7-8e7b-c5b12181628c,64e744e3-0190-4719-b43d-61acf5c4e245,3869.23,INR,success,2026-05-30 04:36:45.031226+00:00
cd893bc4-9112-4727-bd6e-e225c5417089,0178bf71-b8cb-470d-9c9f-bc7622c91a77,68de86a2-68a7-446e-b2b4-0e78f68c7dde,f87e021a-3165-4561-9dca-71dd6fb8c747,1384.88,INR,success,2026-03-27 22:08:47.708603+00:00
181aa193-857b-47f6-a45b-18e6ee6e704f,0178bf71-b8cb-470d-9c9f-bc7622c91a77,68de86a2-68a7-446e-b2b4-0e78f68c7dde,f87e021a-3165-4561-9dca-71dd6fb8c747,3907.73,INR,success,2026-04-12 01:18:19.353582+00:00
487f8669-987e-40b8-8dc5-067fa87d66f1,0178bf71-b8cb-470d-9c9f-bc7622c91a77,68de86a2-68a7-446e-b2b4-0e78f68c7dde,f87e021a-3165-4561-9dca-71dd6fb8c747,4631.74,INR,success,2026-04-23 13:28:53.186319+00:00
f62357c4-6cd7-438e-9581-40869ed55bcd,0178bf71-b8cb-470d-9c9f-bc7622c91a77,68de86a2-68a7-446e-b2b4-0e78f68c7dde,f87e021a-3165-4561-9dca-71dd6fb8c747,5290.84,INR,success,2026-05-08 21:40:11.679196+00:00
ddeb063f-383b-4ce1-aa30-767e82959aff,0178bf71-b8cb-470d-9c9f-bc7622c91a77,68de86a2-68a7-446e-b2b4-0e78f68c7dde,f87e021a-3165-4561-9dca-71dd6fb8c747,4084.37,INR,success,2026-05-26 19:51:53.211059+00:00
9888fa98-d174-4562-963a-55e9ec180156,0178bf71-b8cb-470d-9c9f-bc7622c91a77,68de86a2-68a7-446e-b2b4-0e78f68c7dde,f87e021a-3165-4561-9dca-71dd6fb8c747,2048.04,INR,success,2026-05-30 12:40:44.966859+00:00
3e47a3cd-c47f-44da-9ec5-beb0c97c3835,bfdeb35c-8685-465d-beff-3656dbc2437d,68de86a2-68a7-446e-b2b4-0e78f68c7dde,f87e021a-3165-4561-9dca-71dd6fb8c747,4489.6,INR,success,2026-05-26 01:55:02.715609+00:00
824975d3-ba00-4cb6-86ce-f790112d665e,bfdeb35c-8685-465d-beff-3656dbc2437d,68de86a2-68a7-446e-b2b4-0e78f68c7dde,f87e021a-3165-4561-9dca-71dd6fb8c747,6915.81,INR,success,2026-05-26 06:30:05.304498+00:00
dc78ad20-6f3c-494c-adde-356eedae620e,bfdeb35c-8685-465d-beff-3656dbc2437d,68de86a2-68a7-446e-b2b4-0e78f68c7dde,f87e021a-3165-4561-9dca-71dd6fb8c747,3926.72,INR,success,2026-05-28 09:55:19.067769+00:00
7bffd1d5-66d6-4c33-9db5-c07f22106a2f,bfdeb35c-8685-465d-beff-3656dbc2437d,68de86a2-68a7-446e-b2b4-0e78f68c7dde,f87e021a-3165-4561-9dca-71dd6fb8c747,4949.09,INR,success,2026-05-28 11:44:14.833991+00:00
43078e88-f290-4df9-8b50-64cbdf222426,bfdeb35c-8685-465d-beff-3656dbc2437d,68de86a2-68a7-446e-b2b4-0e78f68c7dde,f87e021a-3165-4561-9dca-71dd6fb8c747,2962.05,INR,success,2026-05-29 16:48:56.600844+00:00
a066b65c-a8ce-42d3-ad6f-b6e88a169279,5045e081-b9f7-4132-80c3-11c5a518bcc8,f113bcc8-1f6b-45ec-801d-f0d919a4db87,9e52a3c9-07e3-4ecc-9be4-034a1fc6c617,3230.16,INR,success,2026-04-20 12:27:28.072116+00:00
009b098e-3670-41e2-afe0-be5c1cfc69c8,5045e081-b9f7-4132-80c3-11c5a518bcc8,f113bcc8-1f6b-45ec-801d-f0d919a4db87,9e52a3c9-07e3-4ecc-9be4-034a1fc6c617,1739.61,INR,success,2026-04-26 02:57:36.317718+00:00
0fc52541-ca89-4c02-8f48-b819f6d82155,5045e081-b9f7-4132-80c3-11c5a518bcc8,f113bcc8-1f6b-45ec-801d-f0d919a4db87,9e52a3c9-07e3-4ecc-9be4-034a1fc6c617,1948.8,INR,success,2026-05-19 05:13:22.276782+00:00
88927d0e-b599-4d8a-a2ea-7477f1294871,5045e081-b9f7-4132-80c3-11c5a518bcc8,f113bcc8-1f6b-45ec-801d-f0d919a4db87,9e52a3c9-07e3-4ecc-9be4-034a1fc6c617,981.69,INR,success,2026-05-19 16:22:51.023320+00:00
b3f1da64-f39f-427d-88c2-f80803d82d85,b0ba683b-b1d8-477f-8b41-86aa55e5b9d1,b2b6e2e3-bdd4-41f5-9298-e766eabd4d29,9e52a3c9-07e3-4ecc-9be4-034a1fc6c617,2169.73,INR,success,2026-05-21 18:51:38.469833+00:00
de0bc295-f95d-4a3a-98d3-a289d820aade,28076303-71b2-4271-8999-daffeb0ff73d,9564587d-f4be-49d9-9215-32a4cf84f487,9e52a3c9-07e3-4ecc-9be4-034a1fc6c617,1265.13,INR,success,2026-05-13 21:29:28.839404+00:00
539d35e8-28db-4779-a0d5-13359a6ffaeb,28076303-71b2-4271-8999-daffeb0ff73d,9564587d-f4be-49d9-9215-32a4cf84f487,9e52a3c9-07e3-4ecc-9be4-034a1fc6c617,3076.26,INR,success,2026-05-17 11:58:50.445951+00:00
457df63f-7497-44c9-8a2e-c6025eccb0fe,28076303-71b2-4271-8999-daffeb0ff73d,9564587d-f4be-49d9-9215-32a4cf84f487,9e52a3c9-07e3-4ecc-9be4-034a1fc6c617,3433.28,INR,success,2026-05-26 07:30:07.029670+00:00
ce093f5a-7ad2-4cbb-86fb-ad7092dd5d2b,28076303-71b2-4271-8999-daffeb0ff73d,9564587d-f4be-49d9-9215-32a4cf84f487,9e52a3c9-07e3-4ecc-9be4-034a1fc6c617,1929.22,INR,success,2026-05-28 14:53:05.580957+00:00
fe9ce847-05c2-4a6b-8f6f-5ff94ed0c146,28076303-71b2-4271-8999-daffeb0ff73d,9564587d-f4be-49d9-9215-32a4cf84f487,9e52a3c9-07e3-4ecc-9be4-034a1fc6c617,2843.23,INR,success,2026-05-31 02:33:31.804858+00:00
c7633ffb-1c03-4091-9161-b8392e94a0c9,698af0c6-a19c-497a-9aa3-55ae96b58457,6c15ad5d-f507-4a23-9bf9-a44062e0dba1,9e52a3c9-07e3-4ecc-9be4-034a1fc6c617,854.11,INR,success,2026-05-29 10:44:53.740679+00:00
e218a371-27a7-4f0d-a125-88909f30bef8,698af0c6-a19c-497a-9aa3-55ae96b58457,6c15ad5d-f507-4a23-9bf9-a44062e0dba1,9e52a3c9-07e3-4ecc-9be4-034a1fc6c617,875.14,INR,success,2026-05-31 12:26:29.859631+00:00
0f064980-cb1d-42f3-aca2-c551cddad06b,698af0c6-a19c-497a-9aa3-55ae96b58457,6c15ad5d-f507-4a23-9bf9-a44062e0dba1,9e52a3c9-07e3-4ecc-9be4-034a1fc6c617,1663.7,INR,success,2026-05-31 12:53:51.740866+00:00
03948504-182b-42a6-b673-d3980aa4c1d8,698af0c6-a19c-497a-9aa3-55ae96b58457,6c15ad5d-f507-4a23-9bf9-a44062e0dba1,9e52a3c9-07e3-4ecc-9be4-034a1fc6c617,1247.42,INR,success,2026-05-31 22:39:56.830447+00:00
f14241da-2d91-40ac-bbf9-8aaa7861dad3,698af0c6-a19c-497a-9aa3-55ae96b58457,6c15ad5d-f507-4a23-9bf9-a44062e0dba1,9e52a3c9-07e3-4ecc-9be4-034a1fc6c617,1496.67,INR,success,2026-05-31 23:08:55.259918+00:00
f1b66c3a-6c19-41bf-a188-db9b8d61f19d,de5bff96-dbc6-4c8a-ba7f-f5146750946b,7bfdcd7f-f0ce-4612-b340-21f38cbdb1a3,ad21dba3-9c11-472d-ae55-429f250c2a1e,1674.48,INR,success,2026-05-04 12:45:21.098651+00:00
a35df425-b7bb-4ab7-a8de-214e0c869c21,de5bff96-dbc6-4c8a-ba7f-f5146750946b,7bfdcd7f-f0ce-4612-b340-21f38cbdb1a3,ad21dba3-9c11-472d-ae55-429f250c2a1e,2213.82,INR,success,2026-05-07 01:02:59.525053+00:00
733d392c-f419-44f4-a31d-5a8f7c96ef13,de5bff96-dbc6-4c8a-ba7f-f5146750946b,7bfdcd7f-f0ce-4612-b340-21f38cbdb1a3,ad21dba3-9c11-472d-ae55-429f250c2a1e,1978.57,INR,success,2026-05-14 04:03:59.226348+00:00
92a9e62e-ea64-4e1b-8e0d-f9e3a8c11ce0,de5bff96-dbc6-4c8a-ba7f-f5146750946b,7bfdcd7f-f0ce-4612-b340-21f38cbdb1a3,ad21dba3-9c11-472d-ae55-429f250c2a1e,1746.51,INR,success,2026-05-31 15:36:07.989659+00:00
9007ba44-4320-4328-9494-cc88e47e26c7,48bdcc4a-6862-4790-b19d-70facb6a698c,7bfdcd7f-f0ce-4612-b340-21f38cbdb1a3,ad21dba3-9c11-472d-ae55-429f250c2a1e,6848.22,INR,success,2026-05-22 18:48:09.376393+00:00
4de7c306-75e2-4a0a-b4fd-e0580d9f8e10,103120bc-21ab-4c3a-a8be-2819df279a5c,7bfdcd7f-f0ce-4612-b340-21f38cbdb1a3,ad21dba3-9c11-472d-ae55-429f250c2a1e,1352.59,INR,success,2026-05-13 10:30:26.780667+00:00
0988af30-9da4-40ce-ae0c-0945403eb18c,103120bc-21ab-4c3a-a8be-2819df279a5c,7bfdcd7f-f0ce-4612-b340-21f38cbdb1a3,ad21dba3-9c11-472d-ae55-429f250c2a1e,615.96,INR,success,2026-05-15 23:22:53.290348+00:00
394f7c99-8a8b-43f4-bac3-4c45cbd54e4c,103120bc-21ab-4c3a-a8be-2819df279a5c,7bfdcd7f-f0ce-4612-b340-21f38cbdb1a3,ad21dba3-9c11-472d-ae55-429f250c2a1e,958.82,INR,success,2026-05-18 04:55:48.234570+00:00
4b56094b-f6d4-439e-90f3-fb685e5746aa,103120bc-21ab-4c3a-a8be-2819df279a5c,7bfdcd7f-f0ce-4612-b340-21f38cbdb1a3,ad21dba3-9c11-472d-ae55-429f250c2a1e,1127.48,INR,success,2026-05-20 14:54:59.600780+00:00
ca9c07ed-38ea-4915-838a-ac6bac2cbbb8,103120bc-21ab-4c3a-a8be-2819df279a5c,7bfdcd7f-f0ce-4612-b340-21f38cbdb1a3,ad21dba3-9c11-472d-ae55-429f250c2a1e,22.72,INR,success,2026-05-24 02:31:55.608931+00:00
d32e7e22-f756-426e-80bf-28f5c1375721,103120bc-21ab-4c3a-a8be-2819df279a5c,7bfdcd7f-f0ce-4612-b340-21f38cbdb1a3,ad21dba3-9c11-472d-ae55-429f250c2a1e,1504.88,INR,success,2026-05-31 07:44:57.785644+00:00
e7172679-c7e4-4d17-8fb7-aa09a4589742,b1a5b6bc-dac0-4b1d-afa8-d2d8dd91ceda,5f227e19-5bdd-4314-92d1-485f97078e33,1b15ee19-76af-4c46-bd75-82905d01eef0,3336.97,INR,success,2026-05-04 00:36:48.285938+00:00
9f9f3d60-5b4c-428f-88ec-49a14117009a,b1a5b6bc-dac0-4b1d-afa8-d2d8dd91ceda,5f227e19-5bdd-4314-92d1-485f97078e33,1b15ee19-76af-4c46-bd75-82905d01eef0,3861.26,INR,success,2026-05-04 18:16:10.735958+00:00
d905b453-0ec6-4fa1-8f85-79cc326c2aae,b1a5b6bc-dac0-4b1d-afa8-d2d8dd91ceda,5f227e19-5bdd-4314-92d1-485f97078e33,1b15ee19-76af-4c46-bd75-82905d01eef0,4739.49,INR,success,2026-05-04 22:13:44.934316+00:00
1725756f-cd9b-4615-92cc-8a24fa47a82e,b1a5b6bc-dac0-4b1d-afa8-d2d8dd91ceda,5f227e19-5bdd-4314-92d1-485f97078e33,1b15ee19-76af-4c46-bd75-82905d01eef0,3765.83,INR,success,2026-05-28 17:26:14.037698+00:00
d13da968-8459-4228-bd31-fa3bdf281905,33e92594-5209-4b0e-a1a8-0d5e1074c4a7,5f227e19-5bdd-4314-92d1-485f97078e33,933d985c-6a29-4afc-92e6-d3c1d71c4581,2010.87,INR,success,2026-05-14 11:13:11.210514+00:00
e946209f-acd6-4cf8-8bb1-fa185ce479a1,33e92594-5209-4b0e-a1a8-0d5e1074c4a7,5f227e19-5bdd-4314-92d1-485f97078e33,933d985c-6a29-4afc-92e6-d3c1d71c4581,2408.35,INR,success,2026-05-15 08:10:15.783325+00:00
a2dd093d-2fdc-4a48-9836-26e3a8e1c53a,33e92594-5209-4b0e-a1a8-0d5e1074c4a7,5f227e19-5bdd-4314-92d1-485f97078e33,933d985c-6a29-4afc-92e6-d3c1d71c4581,806.26,INR,success,2026-05-30 07:08:33.322058+00:00
dcd8dd5f-ef8e-48d0-b873-d3b4859f7833,8107f633-bc3b-4ec8-b917-5cc4592ff0a7,5f227e19-5bdd-4314-92d1-485f97078e33,5f93d70f-c8a4-40aa-867a-5f95de6ddac5,3004.67,INR,success,2026-05-29 14:46:34.977857+00:00
d227d499-d5e5-42cc-ba64-9b169c3f2e46,8107f633-bc3b-4ec8-b917-5cc4592ff0a7,5f227e19-5bdd-4314-92d1-485f97078e33,5f93d70f-c8a4-40aa-867a-5f95de6ddac5,3571.18,INR,success,2026-05-31 00:28:25.819342+00:00
39537f78-4fe2-47b0-8b91-c3fc08103cc0,581fc5f5-d553-40d4-a2ed-77da32a7153b,5f227e19-5bdd-4314-92d1-485f97078e33,46572522-938d-41c5-8d4e-4eaed56919b1,1536.1,INR,success,2026-05-30 01:11:22.535005+00:00
a27a7cc5-d8d0-4597-b0c4-4cba2fb912a3,581fc5f5-d553-40d4-a2ed-77da32a7153b,5f227e19-5bdd-4314-92d1-485f97078e33,46572522-938d-41c5-8d4e-4eaed56919b1,3803.42,INR,success,2026-05-30 19:00:39.629356+00:00
14ce9358-7499-422f-b023-369dfd252c2d,581fc5f5-d553-40d4-a2ed-77da32a7153b,5f227e19-5bdd-4314-92d1-485f97078e33,46572522-938d-41c5-8d4e-4eaed56919b1,2286.04,INR,success,2026-05-31 18:21:34.238533+00:00
9bc0d651-8ae1-4288-a5ae-368836459846,581fc5f5-d553-40d4-a2ed-77da32a7153b,5f227e19-5bdd-4314-92d1-485f97078e33,46572522-938d-41c5-8d4e-4eaed56919b1,3071.44,INR,success,2026-05-31 20:08:15.817258+00:00
45081d3b-d657-4045-bad1-26e6706c654b,96f4b09b-8b5b-4c77-8f7d-6d71a274281f,d1cf7b91-378b-42e4-bee1-74f406254684,aba88f18-7c86-4b5b-8506-6d814bb5ab34,731.97,INR,success,2026-04-02 07:10:11.812578+00:00
eb73d461-8db4-4f32-b19f-fd75eb27b509,96f4b09b-8b5b-4c77-8f7d-6d71a274281f,d1cf7b91-378b-42e4-bee1-74f406254684,aba88f18-7c86-4b5b-8506-6d814bb5ab34,1802.63,INR,success,2026-04-22 18:30:01.586857+00:00
80264196-1dde-4613-a46a-14da6b2cbd38,96f4b09b-8b5b-4c77-8f7d-6d71a274281f,d1cf7b91-378b-42e4-bee1-74f406254684,aba88f18-7c86-4b5b-8506-6d814bb5ab34,1714.28,INR,success,2026-05-10 20:19:31.654803+00:00
e49de8d4-1f31-4d62-b4b9-3fd5f419d91a,96f4b09b-8b5b-4c77-8f7d-6d71a274281f,d1cf7b91-378b-42e4-bee1-74f406254684,aba88f18-7c86-4b5b-8506-6d814bb5ab34,426.09,INR,success,2026-05-21 19:47:25.158107+00:00
45aec782-f3c7-4057-89e9-38f693611b99,96f4b09b-8b5b-4c77-8f7d-6d71a274281f,d1cf7b91-378b-42e4-bee1-74f406254684,aba88f18-7c86-4b5b-8506-6d814bb5ab34,581.43,INR,success,2026-05-27 00:39:36.220341+00:00
87c6c8a9-d5e8-4a3c-b0f5-6b9524c74073,96f4b09b-8b5b-4c77-8f7d-6d71a274281f,d1cf7b91-378b-42e4-bee1-74f406254684,aba88f18-7c86-4b5b-8506-6d814bb5ab34,631.63,INR,success,2026-05-29 05:42:06.529884+00:00
edbd22e2-c539-48f3-9813-534d49ad893d,043929a1-201b-4198-9ce8-36ffa64f573e,c753af27-ac9e-4b09-b22e-5d7050199ede,4b26f635-8ceb-49eb-9089-a3b0512c3f1a,512.98,INR,success,2026-05-01 20:52:21.728358+00:00
25297689-ca12-4243-b960-9e32a3afacf9,043929a1-201b-4198-9ce8-36ffa64f573e,c753af27-ac9e-4b09-b22e-5d7050199ede,4b26f635-8ceb-49eb-9089-a3b0512c3f1a,1778.05,INR,success,2026-05-14 14:20:53.297885+00:00
5fcff00c-5b1d-450b-8614-25c4bcc89538,558a73e5-0bd2-40b1-a4a8-899d75669c8a,23e3021a-fc78-431d-b746-d96933448d7d,e39dc5fd-d119-4a51-9492-1ce5fe2ce7b5,4698.69,INR,success,2026-05-06 16:20:49.842597+00:00
3abb652e-6712-4189-b631-dc3cd45bdff0,558a73e5-0bd2-40b1-a4a8-899d75669c8a,23e3021a-fc78-431d-b746-d96933448d7d,e39dc5fd-d119-4a51-9492-1ce5fe2ce7b5,3632.4,INR,success,2026-05-17 06:05:36.578563+00:00
4618ec52-20e2-45a9-8f04-212d2ee710aa,558a73e5-0bd2-40b1-a4a8-899d75669c8a,23e3021a-fc78-431d-b746-d96933448d7d,e39dc5fd-d119-4a51-9492-1ce5fe2ce7b5,2956.29,INR,success,2026-05-17 10:40:50.550921+00:00
f222df71-5aca-41ae-b91d-7a7b700470ad,9fde25ad-fb49-4fa5-b598-0410667cac49,ea1234aa-a1c4-4be9-85c1-3bc409addf3d,7566e1ed-f28f-4ef5-9ecf-06bd39ad4f7b,2913.34,INR,success,2026-05-16 21:04:27.627995+00:00
7e77001b-5eb0-48b5-83d7-b78742a4e4d3,9fde25ad-fb49-4fa5-b598-0410667cac49,ea1234aa-a1c4-4be9-85c1-3bc409addf3d,7566e1ed-f28f-4ef5-9ecf-06bd39ad4f7b,657.54,INR,success,2026-05-18 12:50:56.467244+00:00
dfb468ad-91e0-4a3b-9ba2-d94dac641a38,9fde25ad-fb49-4fa5-b598-0410667cac49,ea1234aa-a1c4-4be9-85c1-3bc409addf3d,7566e1ed-f28f-4ef5-9ecf-06bd39ad4f7b,576.91,INR,success,2026-05-20 17:04:12.601464+00:00
d2d9cddd-65f2-4b0b-8e23-0a06a49fa958,9fde25ad-fb49-4fa5-b598-0410667cac49,ea1234aa-a1c4-4be9-85c1-3bc409addf3d,7566e1ed-f28f-4ef5-9ecf-06bd39ad4f7b,2482.77,INR,success,2026-05-27 09:20:38.361117+00:00
2616d2b4-b095-428e-8f03-624a10013c94,9fde25ad-fb49-4fa5-b598-0410667cac49,ea1234aa-a1c4-4be9-85c1-3bc409addf3d,7566e1ed-f28f-4ef5-9ecf-06bd39ad4f7b,437.71,INR,success,2026-05-31 07:42:00.230929+00:00
92271e33-1bf6-4995-ba61-ff6fdd813515,e5e8c65c-c59a-4e85-86ba-ebf96321c3d0,9590ea97-3693-4c5d-b8ed-f4f6c35b250d,71325c74-deb0-4bf4-bfb6-875706cdb96d,533.54,INR,success,2026-05-26 04:33:22.542176+00:00
501ad96c-bfb1-4d83-b2eb-f47748571da5,e5e8c65c-c59a-4e85-86ba-ebf96321c3d0,9590ea97-3693-4c5d-b8ed-f4f6c35b250d,71325c74-deb0-4bf4-bfb6-875706cdb96d,922.26,INR,success,2026-05-26 14:18:04.476301+00:00
31835448-1856-46af-800c-a4367c64c7f7,e5e8c65c-c59a-4e85-86ba-ebf96321c3d0,9590ea97-3693-4c5d-b8ed-f4f6c35b250d,71325c74-deb0-4bf4-bfb6-875706cdb96d,925.47,INR,success,2026-05-26 18:35:57.055526+00:00
a33e50cc-6eb2-453f-84a5-f9ee0e6c409d,e5e8c65c-c59a-4e85-86ba-ebf96321c3d0,9590ea97-3693-4c5d-b8ed-f4f6c35b250d,71325c74-deb0-4bf4-bfb6-875706cdb96d,718.82,INR,success,2026-05-27 04:46:16.378758+00:00
5708f2c5-86f9-4ce9-bd51-3a430fb4d2af,e5e8c65c-c59a-4e85-86ba-ebf96321c3d0,9590ea97-3693-4c5d-b8ed-f4f6c35b250d,71325c74-deb0-4bf4-bfb6-875706cdb96d,1041.42,INR,success,2026-05-31 16:55:21.678160+00:00
ca8dfca5-9611-47d5-9370-f436f2837f5b,e5e8c65c-c59a-4e85-86ba-ebf96321c3d0,9590ea97-3693-4c5d-b8ed-f4f6c35b250d,71325c74-deb0-4bf4-bfb6-875706cdb96d,467.21,INR,success,2026-05-31 17:15:10.485224+00:00
e9a7aaf2-8d45-4de7-bb99-ff7a509ef82d,4bc2642e-df1f-4f9c-9abb-b1afac7035d3,74afc791-17a9-4e1f-95f4-a1aef39e7bb9,fedf20e6-b1cc-4ca3-b856-d04ea9c16d51,1198.27,INR,success,2026-03-09 20:38:58.334026+00:00
e0b1b0c4-a45b-4412-8a6e-0768a8d012d1,4bc2642e-df1f-4f9c-9abb-b1afac7035d3,74afc791-17a9-4e1f-95f4-a1aef39e7bb9,fedf20e6-b1cc-4ca3-b856-d04ea9c16d51,1576.74,INR,success,2026-05-01 09:27:38.181184+00:00
65314e7b-b923-4c9d-9dfa-c3c48bbdddf7,964d616a-5bd9-41a6-b2f2-a3fb896664ff,2a3f8028-db91-4d70-97de-ca7f54108ead,a5f1f67c-47b6-41ac-8954-3371a8a7de4c,1827.74,INR,success,2026-03-22 20:01:24.475272+00:00
eac35dbc-e275-464b-ad48-1b5657377dfa,7fc3bf56-b590-47fc-9471-82156fd6f4a1,228d38bb-2465-4aaa-8930-8dfab83e5220,d9d4abf2-76a4-4af8-ad0d-d737d6af4999,954.07,INR,success,2026-05-27 04:55:00.070971+00:00
9b2b77fe-fea9-4296-b1df-c644cee73138,7fc3bf56-b590-47fc-9471-82156fd6f4a1,228d38bb-2465-4aaa-8930-8dfab83e5220,d9d4abf2-76a4-4af8-ad0d-d737d6af4999,79.77,INR,success,2026-05-29 16:54:44.003957+00:00
5e1ddb83-5bff-4c6c-a4c2-667484d2d603,7fc3bf56-b590-47fc-9471-82156fd6f4a1,228d38bb-2465-4aaa-8930-8dfab83e5220,d9d4abf2-76a4-4af8-ad0d-d737d6af4999,3924.17,INR,success,2026-05-30 07:25:31.389589+00:00
4a067022-45c5-4e18-95e1-309832b49b0b,7fc3bf56-b590-47fc-9471-82156fd6f4a1,228d38bb-2465-4aaa-8930-8dfab83e5220,d9d4abf2-76a4-4af8-ad0d-d737d6af4999,4777.44,INR,success,2026-05-31 05:06:59.710351+00:00
7da38a7a-8dd7-4794-80fe-c81bfd46a3bd,1a4b36e1-228e-45b8-81af-d53507980652,45036ac8-c5a5-43c3-8308-89419869f4f8,9a6f39fe-0221-472f-a9af-8f9e0941dde2,987.85,INR,success,2026-05-05 20:21:28.998075+00:00
11d3e0c7-f709-42df-8e36-5df2d51d6e09,1a4b36e1-228e-45b8-81af-d53507980652,45036ac8-c5a5-43c3-8308-89419869f4f8,9a6f39fe-0221-472f-a9af-8f9e0941dde2,1107.16,INR,success,2026-05-14 13:41:56.444174+00:00
c9e7c964-f7c3-4f3e-ad24-458b3b096ca6,1a4b36e1-228e-45b8-81af-d53507980652,45036ac8-c5a5-43c3-8308-89419869f4f8,9a6f39fe-0221-472f-a9af-8f9e0941dde2,1307.21,INR,success,2026-05-20 10:01:23.478006+00:00
0ef0c560-9559-4b2d-b6d9-a93ebfc51e5e,1a4b36e1-228e-45b8-81af-d53507980652,45036ac8-c5a5-43c3-8308-89419869f4f8,9a6f39fe-0221-472f-a9af-8f9e0941dde2,1031.2,INR,success,2026-05-20 15:30:49.292601+00:00
0bd69daf-de4f-46ff-b7ae-480b90066001,6dfe4e48-0ec0-4af7-9e7c-a7d75398df73,45036ac8-c5a5-43c3-8308-89419869f4f8,9a6f39fe-0221-472f-a9af-8f9e0941dde2,1235.94,INR,success,2026-04-22 13:45:30.717889+00:00
0a25398a-8aec-4966-8e53-7408edb3e0ce,6dfe4e48-0ec0-4af7-9e7c-a7d75398df73,45036ac8-c5a5-43c3-8308-89419869f4f8,9a6f39fe-0221-472f-a9af-8f9e0941dde2,1108.34,INR,success,2026-04-26 09:25:59.872151+00:00
05cd5593-0d7a-4dd7-a906-006fe97e15e7,6dfe4e48-0ec0-4af7-9e7c-a7d75398df73,45036ac8-c5a5-43c3-8308-89419869f4f8,9a6f39fe-0221-472f-a9af-8f9e0941dde2,799.1,INR,success,2026-05-03 06:25:11.448629+00:00
71b2108b-0eaf-46f4-b4cf-2623b11e381f,6dfe4e48-0ec0-4af7-9e7c-a7d75398df73,45036ac8-c5a5-43c3-8308-89419869f4f8,9a6f39fe-0221-472f-a9af-8f9e0941dde2,1098.24,INR,success,2026-05-04 01:51:17.251982+00:00
21f6e60d-a13f-46de-9e4e-f43d789cf30f,6dfe4e48-0ec0-4af7-9e7c-a7d75398df73,45036ac8-c5a5-43c3-8308-89419869f4f8,9a6f39fe-0221-472f-a9af-8f9e0941dde2,645.13,INR,success,2026-05-09 12:09:17.340658+00:00
cc0940ad-b30e-4def-a43a-d559bd7dda87,14ba342f-8bab-4406-a992-acfe13f62f09,45036ac8-c5a5-43c3-8308-89419869f4f8,9a6f39fe-0221-472f-a9af-8f9e0941dde2,751.82,INR,success,2026-04-22 15:52:15.004585+00:00
4acfcd35-47a0-4d18-9780-72c8ae639af6,14ba342f-8bab-4406-a992-acfe13f62f09,45036ac8-c5a5-43c3-8308-89419869f4f8,9a6f39fe-0221-472f-a9af-8f9e0941dde2,417.22,INR,success,2026-04-29 04:12:27.387234+00:00
1c2c6eb2-375e-4c77-b3f0-23906459bfbe,14ba342f-8bab-4406-a992-acfe13f62f09,45036ac8-c5a5-43c3-8308-89419869f4f8,9a6f39fe-0221-472f-a9af-8f9e0941dde2,438.15,INR,success,2026-05-04 15:30:45.446961+00:00
18755216-3163-4fcc-9a99-91f54d65e673,14ba342f-8bab-4406-a992-acfe13f62f09,45036ac8-c5a5-43c3-8308-89419869f4f8,9a6f39fe-0221-472f-a9af-8f9e0941dde2,473.47,INR,success,2026-05-14 14:11:38.156162+00:00
d629aefb-4f93-4cc8-89ba-88179b8f34f3,14ba342f-8bab-4406-a992-acfe13f62f09,45036ac8-c5a5-43c3-8308-89419869f4f8,9a6f39fe-0221-472f-a9af-8f9e0941dde2,676.58,INR,success,2026-05-23 02:06:02.050726+00:00
1bc24d53-514d-4f47-8f2c-47e513acdb90,14ba342f-8bab-4406-a992-acfe13f62f09,45036ac8-c5a5-43c3-8308-89419869f4f8,9a6f39fe-0221-472f-a9af-8f9e0941dde2,737.18,INR,success,2026-05-27 08:01:10.464989+00:00
5613feba-d0f8-4498-b519-e23c883c91a2,3853baed-ef57-4645-ad22-5d853ce963eb,45036ac8-c5a5-43c3-8308-89419869f4f8,9a6f39fe-0221-472f-a9af-8f9e0941dde2,472.67,INR,success,2026-05-08 16:52:21.295334+00:00
68b78a66-8a82-4e53-8838-ecaed885470a,3853baed-ef57-4645-ad22-5d853ce963eb,45036ac8-c5a5-43c3-8308-89419869f4f8,9a6f39fe-0221-472f-a9af-8f9e0941dde2,716.03,INR,success,2026-05-15 14:18:41.851452+00:00
3ff4de7c-6c2b-4240-a63e-1336c39fcc1c,3853baed-ef57-4645-ad22-5d853ce963eb,45036ac8-c5a5-43c3-8308-89419869f4f8,9a6f39fe-0221-472f-a9af-8f9e0941dde2,692.7,INR,success,2026-05-19 10:25:32.195398+00:00
93b071e2-ccd6-44a2-9f37-3e7f88be96d1,3853baed-ef57-4645-ad22-5d853ce963eb,45036ac8-c5a5-43c3-8308-89419869f4f8,9a6f39fe-0221-472f-a9af-8f9e0941dde2,436.32,INR,success,2026-05-20 11:50:29.176575+00:00
23cc210d-f259-4af1-975c-af577b5d83ec,3853baed-ef57-4645-ad22-5d853ce963eb,45036ac8-c5a5-43c3-8308-89419869f4f8,9a6f39fe-0221-472f-a9af-8f9e0941dde2,307.85,INR,success,2026-05-27 23:26:54.988168+00:00
35e52cdc-a6a0-4c99-8d53-14c70bb8c6d9,3853baed-ef57-4645-ad22-5d853ce963eb,45036ac8-c5a5-43c3-8308-89419869f4f8,9a6f39fe-0221-472f-a9af-8f9e0941dde2,851.52,INR,success,2026-05-28 19:31:02.092972+00:00
35621e51-8be0-41fe-8791-19ed7801c4f7,94a32487-add7-4392-b57d-d7805d675f8f,45036ac8-c5a5-43c3-8308-89419869f4f8,9a6f39fe-0221-472f-a9af-8f9e0941dde2,10.0,INR,success,2026-05-12 14:54:21.015743+00:00
fce7b4a3-8e7c-4129-88ca-55f425f651a2,94a32487-add7-4392-b57d-d7805d675f8f,45036ac8-c5a5-43c3-8308-89419869f4f8,9a6f39fe-0221-472f-a9af-8f9e0941dde2,858.81,INR,success,2026-05-14 15:55:30.022418+00:00
6126a14f-465f-4373-bde6-43df8f3a15ba,94a32487-add7-4392-b57d-d7805d675f8f,45036ac8-c5a5-43c3-8308-89419869f4f8,9a6f39fe-0221-472f-a9af-8f9e0941dde2,893.27,INR,success,2026-05-17 17:33:19.498923+00:00
da7748ea-eb8f-42cb-b2f1-175ad6fa0159,94a32487-add7-4392-b57d-d7805d675f8f,45036ac8-c5a5-43c3-8308-89419869f4f8,9a6f39fe-0221-472f-a9af-8f9e0941dde2,810.92,INR,success,2026-05-29 23:21:22.222354+00:00
961502fb-7fef-438f-a559-a553a6c6700d,94a32487-add7-4392-b57d-d7805d675f8f,45036ac8-c5a5-43c3-8308-89419869f4f8,9a6f39fe-0221-472f-a9af-8f9e0941dde2,1184.0,INR,success,2026-05-31 04:09:07.367580+00:00
2a4b656d-7cf9-43e9-bdbf-2d4c66baf3f3,d6928153-d7da-438f-9484-78b42d8cadba,58a7989a-03ee-483e-a3f4-efa2cecab22b,c7eadeed-7417-4081-81ee-ac74b4801636,1940.12,INR,success,2026-04-18 09:18:01.651653+00:00
919c66c5-2ed7-43fb-9592-ab4a9e2ad564,d6928153-d7da-438f-9484-78b42d8cadba,58a7989a-03ee-483e-a3f4-efa2cecab22b,c7eadeed-7417-4081-81ee-ac74b4801636,3748.5,INR,success,2026-04-27 15:13:54.529656+00:00
35786eb1-a20d-495d-8323-b435aa4861c1,d6928153-d7da-438f-9484-78b42d8cadba,58a7989a-03ee-483e-a3f4-efa2cecab22b,c7eadeed-7417-4081-81ee-ac74b4801636,4073.73,INR,success,2026-05-18 20:30:37.033904+00:00
7bb51301-02e2-43ee-8125-f089f9c2b4da,ad8c0ee5-e302-4575-919a-3ec490db93a7,58a7989a-03ee-483e-a3f4-efa2cecab22b,c7eadeed-7417-4081-81ee-ac74b4801636,156.71,INR,success,2026-04-28 09:31:01.358335+00:00
2e6776d1-8544-432d-a557-7e84810671dc,ad8c0ee5-e302-4575-919a-3ec490db93a7,58a7989a-03ee-483e-a3f4-efa2cecab22b,c7eadeed-7417-4081-81ee-ac74b4801636,303.5,INR,success,2026-05-18 08:08:49.375450+00:00
3c0b2e1f-72fc-48af-8851-2ab5e0e96b9c,5c20b58d-3515-4965-b056-9981a3373ed6,58a7989a-03ee-483e-a3f4-efa2cecab22b,c7eadeed-7417-4081-81ee-ac74b4801636,1340.83,INR,success,2026-05-18 12:44:30.364226+00:00
57d7f99a-434c-4409-bd93-94d5f7f8b12d,5c20b58d-3515-4965-b056-9981a3373ed6,58a7989a-03ee-483e-a3f4-efa2cecab22b,c7eadeed-7417-4081-81ee-ac74b4801636,4167.47,INR,success,2026-05-26 06:35:19.953343+00:00
af642b00-cd96-4c00-93b1-498032622d5d,5c20b58d-3515-4965-b056-9981a3373ed6,58a7989a-03ee-483e-a3f4-efa2cecab22b,c7eadeed-7417-4081-81ee-ac74b4801636,5180.12,INR,success,2026-05-30 21:38:05.838192+00:00
ec7fa978-a693-40c4-9512-dbadb954f01b,77685092-9fb2-4c59-9b16-e484a0bb1e98,58a7989a-03ee-483e-a3f4-efa2cecab22b,c7eadeed-7417-4081-81ee-ac74b4801636,2917.49,INR,success,2026-05-28 06:11:42.555841+00:00
ac233dbc-1663-4d26-8c6b-a6d3e53907de,ccdf792b-6bdf-4714-8158-07e4a7ddfb23,58a7989a-03ee-483e-a3f4-efa2cecab22b,c7eadeed-7417-4081-81ee-ac74b4801636,3855.62,INR,success,2026-05-31 20:38:57.125273+00:00
70912196-3233-42db-8af2-9bf3a380de46,142c5789-2e09-4131-b3fe-b80a486a7fd7,1e60208c-8ea9-4e32-b2a3-9431d56ea5d5,43ea1198-6b0e-45d4-997a-9402972bfd97,1126.21,INR,success,2026-05-23 08:12:42.707571+00:00
9f3029e6-f353-4cab-a253-1896c10ae3c8,e5811944-a0ac-4805-88c1-dbd3dfe10de0,27b899a2-3d3b-4cd3-8510-7cc7d6b578dd,e8298a9f-5d40-4dbc-8066-9adf21224556,760.08,INR,success,2026-04-05 08:18:31.725403+00:00
bee50033-cf77-4046-ba70-6be8eb1e73ed,f3ba7f75-ce92-44db-b7a2-dabef38d2f45,0604498d-2833-4ca6-a37f-3746962be1e7,f265b191-6727-4255-8869-62c8bf9ddca9,4823.06,INR,success,2026-04-02 14:19:08.055761+00:00
0a70059a-1384-47c1-8cdd-22b240915960,f3ba7f75-ce92-44db-b7a2-dabef38d2f45,0604498d-2833-4ca6-a37f-3746962be1e7,f265b191-6727-4255-8869-62c8bf9ddca9,4572.97,INR,success,2026-04-13 20:09:17.052431+00:00
5dfef388-c820-4ff4-b1ec-524712a7c9f4,f3ba7f75-ce92-44db-b7a2-dabef38d2f45,0604498d-2833-4ca6-a37f-3746962be1e7,f265b191-6727-4255-8869-62c8bf9ddca9,4720.8,INR,success,2026-04-22 02:46:28.575948+00:00
28f89c7c-11cf-40b5-952c-fa4e64ffa5ca,f3ba7f75-ce92-44db-b7a2-dabef38d2f45,0604498d-2833-4ca6-a37f-3746962be1e7,f265b191-6727-4255-8869-62c8bf9ddca9,4501.03,INR,success,2026-05-22 15:48:32.470173+00:00
4d72856e-7799-43db-8fe2-a89150661fd5,521db85c-efeb-45f6-8931-598d4198198a,0604498d-2833-4ca6-a37f-3746962be1e7,8cf8e7d0-4c74-4088-be79-b3e307c314fb,4563.15,INR,success,2026-03-25 14:54:40.031043+00:00
e3559c80-cfd4-40e4-9246-038806d3086b,521db85c-efeb-45f6-8931-598d4198198a,0604498d-2833-4ca6-a37f-3746962be1e7,8cf8e7d0-4c74-4088-be79-b3e307c314fb,4527.68,INR,success,2026-03-25 22:40:10.878642+00:00
dd327bc2-c441-4ac1-ace7-d8e843614b60,521db85c-efeb-45f6-8931-598d4198198a,0604498d-2833-4ca6-a37f-3746962be1e7,8cf8e7d0-4c74-4088-be79-b3e307c314fb,4583.79,INR,success,2026-03-30 20:47:59.955808+00:00
6cb1cf88-12e6-406a-8360-67b6e88eb682,521db85c-efeb-45f6-8931-598d4198198a,0604498d-2833-4ca6-a37f-3746962be1e7,8cf8e7d0-4c74-4088-be79-b3e307c314fb,4677.8,INR,success,2026-04-09 11:39:51.415222+00:00
8e13a023-6047-4c24-92f1-9cd4d69c2611,521db85c-efeb-45f6-8931-598d4198198a,0604498d-2833-4ca6-a37f-3746962be1e7,8cf8e7d0-4c74-4088-be79-b3e307c314fb,5094.28,INR,success,2026-04-09 17:33:05.690214+00:00
b7a44def-fe0e-4939-9cfc-ede260f5b225,521db85c-efeb-45f6-8931-598d4198198a,0604498d-2833-4ca6-a37f-3746962be1e7,8cf8e7d0-4c74-4088-be79-b3e307c314fb,4405.75,INR,success,2026-04-10 23:33:05.448966+00:00
e39510ab-3230-44c0-9506-27d7910fc754,521db85c-efeb-45f6-8931-598d4198198a,0604498d-2833-4ca6-a37f-3746962be1e7,8cf8e7d0-4c74-4088-be79-b3e307c314fb,4904.46,INR,success,2026-05-08 13:44:03.764730+00:00
544684e7-f358-416f-bc32-bc3c7b8aa49e,521db85c-efeb-45f6-8931-598d4198198a,0604498d-2833-4ca6-a37f-3746962be1e7,8cf8e7d0-4c74-4088-be79-b3e307c314fb,4822.57,INR,success,2026-05-12 20:51:39.314059+00:00
995b58e8-ff0e-4c7d-80bb-c18f739e1beb,521db85c-efeb-45f6-8931-598d4198198a,0604498d-2833-4ca6-a37f-3746962be1e7,8cf8e7d0-4c74-4088-be79-b3e307c314fb,4763.76,INR,success,2026-05-24 18:15:46.246433+00:00
a234ec1a-b81c-473e-94e6-2aa1385c2b70,c557d0f0-3d66-4ba9-8017-85023edf10fe,fe4802a9-b20b-4194-92e6-5f10c2b6bdf6,2797da22-1777-4075-bb53-1e63a01e33d8,1217.35,INR,success,2026-04-27 14:50:08.425592+00:00
ed9d3597-7b69-4d14-9356-5c0d859ba8e8,c557d0f0-3d66-4ba9-8017-85023edf10fe,fe4802a9-b20b-4194-92e6-5f10c2b6bdf6,2797da22-1777-4075-bb53-1e63a01e33d8,1170.34,INR,success,2026-04-28 08:51:25.184423+00:00
808a5559-4c5c-4121-ad6d-9a730aaa4e3f,c557d0f0-3d66-4ba9-8017-85023edf10fe,fe4802a9-b20b-4194-92e6-5f10c2b6bdf6,2797da22-1777-4075-bb53-1e63a01e33d8,1273.49,INR,success,2026-04-28 09:26:09.421280+00:00
5956d258-b327-4b20-8519-c23e047947d8,c557d0f0-3d66-4ba9-8017-85023edf10fe,fe4802a9-b20b-4194-92e6-5f10c2b6bdf6,2797da22-1777-4075-bb53-1e63a01e33d8,1310.95,INR,success,2026-04-28 14:55:11.803577+00:00
626ad18a-7a48-44c3-b99a-cae772ff47d4,c557d0f0-3d66-4ba9-8017-85023edf10fe,fe4802a9-b20b-4194-92e6-5f10c2b6bdf6,2797da22-1777-4075-bb53-1e63a01e33d8,1104.54,INR,success,2026-04-29 04:26:07.053731+00:00
418497f2-9c88-40f8-aa98-0e3e63b6fa73,5aca3743-aa45-469b-a490-1a28b599a39a,4a79b0aa-7cd0-40f5-a58d-7a1aafc2e868,af55089f-b75b-48b1-aff8-daf05982835e,1170.88,INR,success,2026-05-21 03:12:28.234292+00:00
586b9680-2233-4c88-9a41-41de66dc2758,5aca3743-aa45-469b-a490-1a28b599a39a,4a79b0aa-7cd0-40f5-a58d-7a1aafc2e868,af55089f-b75b-48b1-aff8-daf05982835e,1167.44,INR,success,2026-05-21 04:53:55.146320+00:00
85acc7b1-758d-41fb-bbfb-aea023e734f8,5aca3743-aa45-469b-a490-1a28b599a39a,4a79b0aa-7cd0-40f5-a58d-7a1aafc2e868,af55089f-b75b-48b1-aff8-daf05982835e,1161.47,INR,success,2026-05-21 09:11:12.634297+00:00
96750ad8-434e-49f3-9fa1-1b9144dc84ac,5aca3743-aa45-469b-a490-1a28b599a39a,4a79b0aa-7cd0-40f5-a58d-7a1aafc2e868,af55089f-b75b-48b1-aff8-daf05982835e,1254.48,INR,success,2026-05-21 13:21:32.588120+00:00
6f7cee58-56dd-4603-be5a-fd65a97f7e57,5aca3743-aa45-469b-a490-1a28b599a39a,4a79b0aa-7cd0-40f5-a58d-7a1aafc2e868,af55089f-b75b-48b1-aff8-daf05982835e,1143.93,INR,success,2026-05-21 21:36:04.031011+00:00
4c55f5c8-0131-4d45-9351-f35c54365812,5aca3743-aa45-469b-a490-1a28b599a39a,4a79b0aa-7cd0-40f5-a58d-7a1aafc2e868,af55089f-b75b-48b1-aff8-daf05982835e,1310.35,INR,success,2026-05-22 00:36:34.221755+00:00
6c16ab6b-47b0-44e2-8ed4-fe19ccc7b54f,5b87717c-f391-4541-8d1d-0509385ec822,12c79dcf-b61c-4e43-ad2f-63d41df491b0,045e1cf3-104d-4702-945c-76373ce30698,1151.16,INR,success,2026-05-21 14:37:21.518927+00:00
c2017ad7-b564-433c-8b16-76d9978d544f,5b87717c-f391-4541-8d1d-0509385ec822,12c79dcf-b61c-4e43-ad2f-63d41df491b0,045e1cf3-104d-4702-945c-76373ce30698,1220.21,INR,success,2026-05-21 23:35:10.877505+00:00
69e7e231-dab9-4ed5-b83b-0be4b1cd6a34,5b87717c-f391-4541-8d1d-0509385ec822,12c79dcf-b61c-4e43-ad2f-63d41df491b0,045e1cf3-104d-4702-945c-76373ce30698,1248.22,INR,success,2026-05-22 00:04:50.506336+00:00
88a96636-6bf5-4375-b001-273d8731de97,5b87717c-f391-4541-8d1d-0509385ec822,12c79dcf-b61c-4e43-ad2f-63d41df491b0,045e1cf3-104d-4702-945c-76373ce30698,1146.52,INR,success,2026-05-22 00:44:20.612588+00:00
be6aa504-5fee-496c-a2ac-2f659c3bf4ed,5b87717c-f391-4541-8d1d-0509385ec822,12c79dcf-b61c-4e43-ad2f-63d41df491b0,045e1cf3-104d-4702-945c-76373ce30698,1164.53,INR,success,2026-05-22 02:43:18.021550+00:00
d41f103f-b499-4212-9890-8e4ec85fdc2d,5b87717c-f391-4541-8d1d-0509385ec822,12c79dcf-b61c-4e43-ad2f-63d41df491b0,045e1cf3-104d-4702-945c-76373ce30698,1277.67,INR,success,2026-05-22 04:42:12.125334+00:00
ec09bd5e-5bdf-44e9-bbf0-1e9d73905df2,5b87717c-f391-4541-8d1d-0509385ec822,12c79dcf-b61c-4e43-ad2f-63d41df491b0,045e1cf3-104d-4702-945c-76373ce30698,1272.74,INR,success,2026-05-22 06:03:32.433386+00:00
bfe4406e-c3c7-4545-b8fe-535bf25f17ab,30519268-bd30-40f1-9d5d-c7b67b644a06,5a61394a-3296-4039-8f7e-0fd663ef0f96,74d357a1-f37c-499c-9a99-bfe49e6af542,2406.84,INR,success,2026-05-24 07:39:00.617170+00:00
f158051c-70cd-4c66-9ea0-df10bb232328,30519268-bd30-40f1-9d5d-c7b67b644a06,5a61394a-3296-4039-8f7e-0fd663ef0f96,74d357a1-f37c-499c-9a99-bfe49e6af542,2515.53,INR,success,2026-05-24 11:41:19.842711+00:00
59201718-13a8-49c6-851d-edd3b006fc52,30519268-bd30-40f1-9d5d-c7b67b644a06,5a61394a-3296-4039-8f7e-0fd663ef0f96,74d357a1-f37c-499c-9a99-bfe49e6af542,2504.36,INR,success,2026-05-24 11:53:56.569620+00:00
89e9900d-39f7-4e06-b563-eff73e95a177,30519268-bd30-40f1-9d5d-c7b67b644a06,5a61394a-3296-4039-8f7e-0fd663ef0f96,74d357a1-f37c-499c-9a99-bfe49e6af542,2005.47,INR,success,2026-05-24 14:35:36.448195+00:00
d1792c06-854e-4f9d-a649-9666ddfb8f39,30519268-bd30-40f1-9d5d-c7b67b644a06,5a61394a-3296-4039-8f7e-0fd663ef0f96,74d357a1-f37c-499c-9a99-bfe49e6af542,2352.54,INR,success,2026-05-24 16:18:11.578087+00:00
3c57a930-c0b9-4308-920a-31e8c0989e16,30519268-bd30-40f1-9d5d-c7b67b644a06,5a61394a-3296-4039-8f7e-0fd663ef0f96,74d357a1-f37c-499c-9a99-bfe49e6af542,2228.79,INR,success,2026-05-24 17:40:24.215158+00:00
0ef160b4-ca44-44fd-8cf8-87f29d02e35a,30519268-bd30-40f1-9d5d-c7b67b644a06,5a61394a-3296-4039-8f7e-0fd663ef0f96,74d357a1-f37c-499c-9a99-bfe49e6af542,2550.53,INR,success,2026-05-24 21:35:36.557360+00:00
15db9249-99f8-494b-8ead-4fd1a49ab18f,30519268-bd30-40f1-9d5d-c7b67b644a06,5a61394a-3296-4039-8f7e-0fd663ef0f96,74d357a1-f37c-499c-9a99-bfe49e6af542,2456.97,INR,success,2026-05-25 11:53:07.565826+00:00
affa3c52-a1cd-4dc0-8483-d81418d12652,5d8c2d8c-bbf7-4004-9725-8ab30f701cab,5a61394a-3296-4039-8f7e-0fd663ef0f96,5135316f-ef3b-4d8d-a42a-487fe2ac665a,2473.07,INR,success,2026-05-12 19:02:47.202181+00:00
b730bb4f-175d-435c-96de-5eab7b6679fd,5d8c2d8c-bbf7-4004-9725-8ab30f701cab,5a61394a-3296-4039-8f7e-0fd663ef0f96,5135316f-ef3b-4d8d-a42a-487fe2ac665a,2476.5,INR,success,2026-05-12 19:04:51.140728+00:00
ad2e3ee2-253e-4161-a9ce-21f7d41ab04c,5d8c2d8c-bbf7-4004-9725-8ab30f701cab,5a61394a-3296-4039-8f7e-0fd663ef0f96,5135316f-ef3b-4d8d-a42a-487fe2ac665a,2504.41,INR,success,2026-05-12 21:07:32.626185+00:00
913b91ec-3b1e-4a00-a6c1-00e16839a8b2,5d8c2d8c-bbf7-4004-9725-8ab30f701cab,5a61394a-3296-4039-8f7e-0fd663ef0f96,5135316f-ef3b-4d8d-a42a-487fe2ac665a,2581.21,INR,success,2026-05-12 23:21:26.009477+00:00
b7bf2719-2988-423b-ba1a-eb1748168d12,5d8c2d8c-bbf7-4004-9725-8ab30f701cab,5a61394a-3296-4039-8f7e-0fd663ef0f96,5135316f-ef3b-4d8d-a42a-487fe2ac665a,2709.94,INR,success,2026-05-13 03:44:22.693190+00:00
83a4a922-a614-4e09-9044-4447a26e4276,5d8c2d8c-bbf7-4004-9725-8ab30f701cab,5a61394a-3296-4039-8f7e-0fd663ef0f96,5135316f-ef3b-4d8d-a42a-487fe2ac665a,2183.4,INR,success,2026-05-13 09:05:40.728791+00:00
c4997005-a2dc-417c-bfe5-b732c30c11f2,5d8c2d8c-bbf7-4004-9725-8ab30f701cab,5a61394a-3296-4039-8f7e-0fd663ef0f96,5135316f-ef3b-4d8d-a42a-487fe2ac665a,2544.68,INR,success,2026-05-13 12:43:49.494518+00:00
f4a7798a-d12e-4e88-be03-60ddc30b2c6b,5d8c2d8c-bbf7-4004-9725-8ab30f701cab,5a61394a-3296-4039-8f7e-0fd663ef0f96,5135316f-ef3b-4d8d-a42a-487fe2ac665a,2483.96,INR,success,2026-05-13 16:34:55.597188+00:00
8fe410d3-f865-4d58-a307-d632992460c3,f80fcc62-f74f-44bf-b51a-63fe4c059f33,5a61394a-3296-4039-8f7e-0fd663ef0f96,c13868cb-5587-4862-a69f-48d9b5242053,2274.68,INR,success,2026-05-24 08:32:18.825125+00:00
711641c3-2a01-423c-a7c1-a3bc0675b61b,f80fcc62-f74f-44bf-b51a-63fe4c059f33,5a61394a-3296-4039-8f7e-0fd663ef0f96,c13868cb-5587-4862-a69f-48d9b5242053,2452.64,INR,success,2026-05-24 09:19:16.084077+00:00
64bfdba1-e426-4d92-8329-ecbfb6d81ad8,f80fcc62-f74f-44bf-b51a-63fe4c059f33,5a61394a-3296-4039-8f7e-0fd663ef0f96,c13868cb-5587-4862-a69f-48d9b5242053,2520.4,INR,success,2026-05-24 11:15:58.646062+00:00
3ca1111e-c70b-4e7d-9e2a-43a9641a04e6,f80fcc62-f74f-44bf-b51a-63fe4c059f33,5a61394a-3296-4039-8f7e-0fd663ef0f96,c13868cb-5587-4862-a69f-48d9b5242053,2452.89,INR,success,2026-05-24 11:28:08.351227+00:00
e79aa6db-2262-4e62-82ed-9ecda268d5df,f80fcc62-f74f-44bf-b51a-63fe4c059f33,5a61394a-3296-4039-8f7e-0fd663ef0f96,c13868cb-5587-4862-a69f-48d9b5242053,2379.57,INR,success,2026-05-24 14:10:26.903864+00:00
3b45860d-ddd6-4ccd-bba2-be79d12d3106,f80fcc62-f74f-44bf-b51a-63fe4c059f33,5a61394a-3296-4039-8f7e-0fd663ef0f96,c13868cb-5587-4862-a69f-48d9b5242053,2262.65,INR,success,2026-05-24 17:51:26.475731+00:00
4b29e0d7-18eb-4c0f-9d64-2cecd695cbba,f80fcc62-f74f-44bf-b51a-63fe4c059f33,5a61394a-3296-4039-8f7e-0fd663ef0f96,c13868cb-5587-4862-a69f-48d9b5242053,2539.68,INR,success,2026-05-24 18:09:38.322387+00:00
37ebb97f-08a9-4bff-bb1d-07b93ee71ae3,f80fcc62-f74f-44bf-b51a-63fe4c059f33,5a61394a-3296-4039-8f7e-0fd663ef0f96,c13868cb-5587-4862-a69f-48d9b5242053,2369.52,INR,success,2026-05-24 19:12:30.259559+00:00
75df8402-0723-4930-8615-65fb4df9e885,f80fcc62-f74f-44bf-b51a-63fe4c059f33,5a61394a-3296-4039-8f7e-0fd663ef0f96,c13868cb-5587-4862-a69f-48d9b5242053,2407.72,INR,success,2026-05-25 00:44:00.077750+00:00
60899eb3-deee-465e-9da3-d4098073465d,297b09d3-5f31-48c3-9df8-9a2ec19d5476,5a61394a-3296-4039-8f7e-0fd663ef0f96,52009ebb-602d-47ee-9596-d2a56bd1694d,2461.81,INR,success,2026-05-17 13:19:42.502226+00:00
df43f6aa-d979-4ad0-a59e-cf9a7cbc9b36,297b09d3-5f31-48c3-9df8-9a2ec19d5476,5a61394a-3296-4039-8f7e-0fd663ef0f96,52009ebb-602d-47ee-9596-d2a56bd1694d,2553.47,INR,success,2026-05-17 15:07:34.269332+00:00
3f811a66-0972-487b-8c09-1ec2dbd58529,297b09d3-5f31-48c3-9df8-9a2ec19d5476,5a61394a-3296-4039-8f7e-0fd663ef0f96,52009ebb-602d-47ee-9596-d2a56bd1694d,2224.38,INR,success,2026-05-17 17:35:13.232467+00:00
a82459be-da3d-42d3-8ddd-e6e165e9e375,297b09d3-5f31-48c3-9df8-9a2ec19d5476,5a61394a-3296-4039-8f7e-0fd663ef0f96,52009ebb-602d-47ee-9596-d2a56bd1694d,2150.26,INR,success,2026-05-17 23:58:36.858997+00:00
8e2eb1db-044c-45c5-a18b-52940673e04c,297b09d3-5f31-48c3-9df8-9a2ec19d5476,5a61394a-3296-4039-8f7e-0fd663ef0f96,52009ebb-602d-47ee-9596-d2a56bd1694d,2425.09,INR,success,2026-05-18 04:03:58.948313+00:00
2571e989-06bb-4f02-a186-9ffa55414b54,297b09d3-5f31-48c3-9df8-9a2ec19d5476,5a61394a-3296-4039-8f7e-0fd663ef0f96,52009ebb-602d-47ee-9596-d2a56bd1694d,2148.63,INR,success,2026-05-18 04:14:10.389722+00:00
6bfef82f-e53f-4d35-9254-db359fe9e71d,62b392e9-f2f1-44b7-b625-dbbe749d25dc,5a61394a-3296-4039-8f7e-0fd663ef0f96,e0563d16-cddc-4c71-90e4-81fabcbef9b6,2144.7,INR,success,2026-05-13 09:41:31.182079+00:00
e5393873-15e8-4aaa-88ac-234a01d6ff11,62b392e9-f2f1-44b7-b625-dbbe749d25dc,5a61394a-3296-4039-8f7e-0fd663ef0f96,e0563d16-cddc-4c71-90e4-81fabcbef9b6,2490.24,INR,success,2026-05-13 15:54:32.970503+00:00
77cbfa13-e1d9-45a5-bb93-ff482f199b45,62b392e9-f2f1-44b7-b625-dbbe749d25dc,5a61394a-3296-4039-8f7e-0fd663ef0f96,e0563d16-cddc-4c71-90e4-81fabcbef9b6,2427.29,INR,success,2026-05-13 16:43:11.029056+00:00
f40d2112-5813-47db-8298-fdaaf2b9ac1b,62b392e9-f2f1-44b7-b625-dbbe749d25dc,5a61394a-3296-4039-8f7e-0fd663ef0f96,e0563d16-cddc-4c71-90e4-81fabcbef9b6,2486.55,INR,success,2026-05-14 02:17:51.634143+00:00
3fc44265-66a7-4cce-9b52-3416a2d57023,62b392e9-f2f1-44b7-b625-dbbe749d25dc,5a61394a-3296-4039-8f7e-0fd663ef0f96,e0563d16-cddc-4c71-90e4-81fabcbef9b6,2376.76,INR,success,2026-05-14 13:34:08.923651+00:00
c6542044-7e75-4c56-96cb-6ea5a6fbd7db,38f78a1a-a804-46ef-8607-a85d58b544fa,5a61394a-3296-4039-8f7e-0fd663ef0f96,8f68fb43-e1b3-4f32-a6c0-20d34d0c97d7,2371.78,INR,success,2026-05-30 01:56:44.511914+00:00
e88a85b9-e493-4032-9995-8fdb1ee253a6,38f78a1a-a804-46ef-8607-a85d58b544fa,5a61394a-3296-4039-8f7e-0fd663ef0f96,8f68fb43-e1b3-4f32-a6c0-20d34d0c97d7,2416.52,INR,success,2026-05-30 05:32:34.378993+00:00
255b991f-619b-4bc5-9953-d9db8abf35fb,38f78a1a-a804-46ef-8607-a85d58b544fa,5a61394a-3296-4039-8f7e-0fd663ef0f96,8f68fb43-e1b3-4f32-a6c0-20d34d0c97d7,2339.8,INR,success,2026-05-30 05:54:20.253872+00:00
b7ee893d-dbbc-4867-b1cd-a61cee65b72e,38f78a1a-a804-46ef-8607-a85d58b544fa,5a61394a-3296-4039-8f7e-0fd663ef0f96,8f68fb43-e1b3-4f32-a6c0-20d34d0c97d7,2551.04,INR,success,2026-05-30 05:55:30.652601+00:00
430f6b98-075a-46b2-ad80-7f661740a50f,38f78a1a-a804-46ef-8607-a85d58b544fa,5a61394a-3296-4039-8f7e-0fd663ef0f96,8f68fb43-e1b3-4f32-a6c0-20d34d0c97d7,2448.47,INR,success,2026-05-30 08:13:02.343709+00:00
577de135-2392-4517-9906-66e992cfcad5,38f78a1a-a804-46ef-8607-a85d58b544fa,5a61394a-3296-4039-8f7e-0fd663ef0f96,8f68fb43-e1b3-4f32-a6c0-20d34d0c97d7,2510.02,INR,success,2026-05-30 17:08:14.362149+00:00
be458d9e-0920-475f-b631-44655953f66b,38f78a1a-a804-46ef-8607-a85d58b544fa,5a61394a-3296-4039-8f7e-0fd663ef0f96,8f68fb43-e1b3-4f32-a6c0-20d34d0c97d7,2436.03,INR,success,2026-05-30 20:04:26.390649+00:00
1325baae-718b-49d0-bb22-34a4875bfca9,640da684-265a-4269-95fb-808d910abf6f,5a61394a-3296-4039-8f7e-0fd663ef0f96,d39747e6-717c-4051-beb8-0e9e79d0c52a,2403.16,INR,success,2026-05-25 20:41:47.625054+00:00
0f7a49ef-edd1-48ef-a786-f3107cea8984,640da684-265a-4269-95fb-808d910abf6f,5a61394a-3296-4039-8f7e-0fd663ef0f96,d39747e6-717c-4051-beb8-0e9e79d0c52a,2408.7,INR,success,2026-05-25 22:34:12.873530+00:00
290dcba0-dbf1-46dc-b9da-0187724921a7,640da684-265a-4269-95fb-808d910abf6f,5a61394a-3296-4039-8f7e-0fd663ef0f96,d39747e6-717c-4051-beb8-0e9e79d0c52a,2588.34,INR,success,2026-05-26 11:32:47.084727+00:00
326ddc95-0ffe-4f94-be24-9906482e49a4,640da684-265a-4269-95fb-808d910abf6f,5a61394a-3296-4039-8f7e-0fd663ef0f96,d39747e6-717c-4051-beb8-0e9e79d0c52a,2611.95,INR,success,2026-05-26 16:35:49.278889+00:00
ebea6de9-375c-4356-9873-a0e0035c2d2c,640da684-265a-4269-95fb-808d910abf6f,5a61394a-3296-4039-8f7e-0fd663ef0f96,d39747e6-717c-4051-beb8-0e9e79d0c52a,2467.97,INR,success,2026-05-26 18:26:26.037110+00:00
f28f2321-4cb5-4c85-9398-08776b16323c,b78de3f7-6892-4024-bfba-f68be8b615f5,ae093191-7c72-43af-81a2-9977cb21fab2,7cdc99c4-a39f-4c74-8104-f88a4636bb31,2860.19,INR,success,2026-05-12 04:08:16.561021+00:00
cafc4eeb-b815-4476-9a2b-5527c224457f,47d7f2b9-e130-46ee-bc82-0170859d8848,44565b06-aa7f-46e5-9986-19a80a0ffd5c,f0ce1fdf-2205-4bd5-9a0e-4981518be35d,3585.42,INR,success,2026-05-18 00:32:47.973899+00:00
cfbdfb02-7f5f-43e6-ab9f-8528f04cb4e9,47d7f2b9-e130-46ee-bc82-0170859d8848,44565b06-aa7f-46e5-9986-19a80a0ffd5c,f0ce1fdf-2205-4bd5-9a0e-4981518be35d,3444.17,INR,success,2026-05-18 01:48:20.938601+00:00
c598f63b-23b7-4f9d-bff6-5d65bdb9d77e,47d7f2b9-e130-46ee-bc82-0170859d8848,44565b06-aa7f-46e5-9986-19a80a0ffd5c,f0ce1fdf-2205-4bd5-9a0e-4981518be35d,2667.18,INR,success,2026-05-18 02:56:34.843799+00:00
3e657cdf-b190-4904-b80b-cd2bb087fbad,47d7f2b9-e130-46ee-bc82-0170859d8848,44565b06-aa7f-46e5-9986-19a80a0ffd5c,f0ce1fdf-2205-4bd5-9a0e-4981518be35d,10.0,INR,success,2026-05-18 12:03:08.072284+00:00
aa4b0a55-ed3c-46f7-84a8-4cdc9d00aee0,d47d7648-3b52-44ca-8662-fdb9b621ef49,c3fcd655-ae79-4c9b-851b-884d1b9886b6,d14d319a-da02-4b03-8ae8-2322f05dcb37,634.13,INR,success,2026-04-23 05:55:59.676023+00:00
ebb3bbe4-3292-4b50-8229-cdaebe2aac30,d47d7648-3b52-44ca-8662-fdb9b621ef49,c3fcd655-ae79-4c9b-851b-884d1b9886b6,d14d319a-da02-4b03-8ae8-2322f05dcb37,714.27,INR,success,2026-04-23 16:01:24.236476+00:00
9ebbc2cf-c0c7-4526-8097-35c785136357,d47d7648-3b52-44ca-8662-fdb9b621ef49,c3fcd655-ae79-4c9b-851b-884d1b9886b6,d14d319a-da02-4b03-8ae8-2322f05dcb37,650.66,INR,success,2026-04-24 00:35:36.656207+00:00
d925d920-b7dc-42c4-baba-bfa9a79afe2e,d47d7648-3b52-44ca-8662-fdb9b621ef49,c3fcd655-ae79-4c9b-851b-884d1b9886b6,d14d319a-da02-4b03-8ae8-2322f05dcb37,989.29,INR,success,2026-04-24 06:56:00.808855+00:00
a6dbd1a1-926d-4d1a-9950-572673bc43bb,708c0985-b91e-4e0d-bae7-af592d10e242,583f264b-201c-46cf-980e-113eb9e84853,526e6650-a3bf-46f3-a267-bafa6c8b31ba,2440.67,INR,success,2026-04-03 03:24:12.790788+00:00
8215858b-baaf-4bb7-8279-933f8e1f0ab7,db66f146-8a2d-459e-b7ad-5e442468821c,b3459a7d-c833-4fe8-b8e7-da4e05d68529,7e669cc7-2d59-4439-afa4-795c46b3570c,2135.36,INR,success,2026-04-23 02:19:28.772659+00:00
2fc98e69-2495-4472-8af5-0290393411aa,db66f146-8a2d-459e-b7ad-5e442468821c,b3459a7d-c833-4fe8-b8e7-da4e05d68529,7e669cc7-2d59-4439-afa4-795c46b3570c,10.0,INR,success,2026-04-23 07:31:04.508758+00:00
def8c786-3aaa-44b2-a36e-58f9e636d39f,db66f146-8a2d-459e-b7ad-5e442468821c,b3459a7d-c833-4fe8-b8e7-da4e05d68529,7e669cc7-2d59-4439-afa4-795c46b3570c,2364.53,INR,success,2026-04-23 08:08:55.072151+00:00
6a6cc7bf-caca-42c7-b375-c7f600ace0e6,db66f146-8a2d-459e-b7ad-5e442468821c,b3459a7d-c833-4fe8-b8e7-da4e05d68529,7e669cc7-2d59-4439-afa4-795c46b3570c,464.64,INR,success,2026-04-23 21:50:45.584528+00:00
e070e12e-04f5-4ff1-9d16-44ae97ce58a8,db66f146-8a2d-459e-b7ad-5e442468821c,b3459a7d-c833-4fe8-b8e7-da4e05d68529,7e669cc7-2d59-4439-afa4-795c46b3570c,2038.72,INR,success,2026-04-24 00:25:16.308521+00:00
cf850010-686d-4dd3-9e17-3bc8aac59206,db66f146-8a2d-459e-b7ad-5e442468821c,b3459a7d-c833-4fe8-b8e7-da4e05d68529,7e669cc7-2d59-4439-afa4-795c46b3570c,1945.02,INR,success,2026-04-24 15:40:02.878049+00:00
c70796f6-9c6a-415b-a50e-c49d8adcc896,f11b01bc-50b8-4cf0-90c0-75a784a8357f,85e00d00-925d-443f-ad4f-2960faef2940,8a404a79-4dcf-4851-b55e-12740adf7122,4591.78,INR,success,2026-05-05 06:20:22.854761+00:00
18287bc2-587a-461d-b9a0-1947ac9781a8,f11b01bc-50b8-4cf0-90c0-75a784a8357f,85e00d00-925d-443f-ad4f-2960faef2940,8a404a79-4dcf-4851-b55e-12740adf7122,5766.62,INR,success,2026-05-05 18:57:00.906136+00:00
962f1037-280a-47af-b6b9-08fc0cb6fc78,f11b01bc-50b8-4cf0-90c0-75a784a8357f,85e00d00-925d-443f-ad4f-2960faef2940,8a404a79-4dcf-4851-b55e-12740adf7122,4655.14,INR,success,2026-05-05 19:24:15.674962+00:00
6ff76663-e1ab-4b4b-b33f-a448a77b932a,f11b01bc-50b8-4cf0-90c0-75a784a8357f,85e00d00-925d-443f-ad4f-2960faef2940,8a404a79-4dcf-4851-b55e-12740adf7122,1592.8,INR,success,2026-05-05 19:37:05.571482+00:00
4aad5e2c-bb3f-4fcf-9c39-6b475676f084,10316a71-b21d-4d1f-b5c4-755012543a37,f6d191e5-0801-47db-93bc-c8ccb75824a4,f3a8e942-f758-458e-b9ac-2c7b82ecb281,8143.56,INR,success,2026-05-27 00:21:31.453083+00:00
f4e0fd23-58d6-4e2a-a46a-4ef5ec1e1932,10316a71-b21d-4d1f-b5c4-755012543a37,f6d191e5-0801-47db-93bc-c8ccb75824a4,f3a8e942-f758-458e-b9ac-2c7b82ecb281,1232.05,INR,success,2026-05-27 16:22:19.614702+00:00
76a6792b-4b01-4c2d-acaf-9ffc944d3f44,bdcd68c1-d4d8-4773-bc3e-91857f778607,f6d191e5-0801-47db-93bc-c8ccb75824a4,f3a8e942-f758-458e-b9ac-2c7b82ecb281,1179.23,INR,success,2026-05-26 08:42:15.310936+00:00
5f18af47-1da6-45cc-a902-891f37563be1,bdcd68c1-d4d8-4773-bc3e-91857f778607,f6d191e5-0801-47db-93bc-c8ccb75824a4,f3a8e942-f758-458e-b9ac-2c7b82ecb281,5365.7,INR,success,2026-05-26 11:19:13.057594+00:00
a8ad2eb2-9045-4180-a009-ab313d6c2f55,9832617b-2ca8-425f-9fa5-c9afff303eee,f6d191e5-0801-47db-93bc-c8ccb75824a4,f3a8e942-f758-458e-b9ac-2c7b82ecb281,3765.7,INR,success,2026-05-27 22:29:07.921200+00:00
b3934fea-dbc8-4f08-b4fc-df009af8fc12,9832617b-2ca8-425f-9fa5-c9afff303eee,f6d191e5-0801-47db-93bc-c8ccb75824a4,f3a8e942-f758-458e-b9ac-2c7b82ecb281,3734.76,INR,success,2026-05-28 11:17:42.238875+00:00
36a61b4a-ccfe-4831-8a0b-63d4b87586d0,9832617b-2ca8-425f-9fa5-c9afff303eee,f6d191e5-0801-47db-93bc-c8ccb75824a4,f3a8e942-f758-458e-b9ac-2c7b82ecb281,4688.46,INR,success,2026-05-29 08:15:17.475499+00:00
9f619aeb-0e84-411f-a5a1-67dd1f88f9a3,2c6678ac-da93-45cd-b3d4-beea1bb00818,f6d191e5-0801-47db-93bc-c8ccb75824a4,f3a8e942-f758-458e-b9ac-2c7b82ecb281,3076.73,INR,success,2026-05-13 03:06:23.778818+00:00
6ebca436-0f82-4a66-ae83-cef0b66d6ed5,60a9ad33-9e5a-4c94-b478-2fb1ecd418e5,fe1d5b30-fc61-4a53-afba-028e2b584835,8b77b568-b224-42d2-a966-66b6868b5fc5,1007.86,INR,success,2026-05-09 16:13:46.257794+00:00
5748fd74-89d5-45cd-8641-0ca4b0000e1f,d1fc7ac0-8593-4674-8812-6387073c3c2d,f6d191e5-0801-47db-93bc-c8ccb75824a4,f3a8e942-f758-458e-b9ac-2c7b82ecb281,794.64,INR,success,2026-05-06 09:12:05.018831+00:00
d8bb280d-6ee7-4b4b-a1c5-a2bba91a96ce,dfe52588-c035-4db8-90e9-48b298642e8d,f6d191e5-0801-47db-93bc-c8ccb75824a4,f3a8e942-f758-458e-b9ac-2c7b82ecb281,2101.72,INR,success,2026-05-07 12:10:45.017418+00:00
2ced6f3d-d922-4ed2-a7db-236dec4d9aa9,dfe52588-c035-4db8-90e9-48b298642e8d,f6d191e5-0801-47db-93bc-c8ccb75824a4,f3a8e942-f758-458e-b9ac-2c7b82ecb281,2132.11,INR,success,2026-05-07 12:28:00.413165+00:00
20718f81-4e76-477d-a524-ad4e8db80336,70be06d7-695a-471b-a39c-60a38e0b45cd,f6d191e5-0801-47db-93bc-c8ccb75824a4,f3a8e942-f758-458e-b9ac-2c7b82ecb281,1051.99,INR,success,2026-05-12 17:38:39.395870+00:00
2d3d02f5-541e-471a-b5c2-471a0be2df1e,70be06d7-695a-471b-a39c-60a38e0b45cd,f6d191e5-0801-47db-93bc-c8ccb75824a4,f3a8e942-f758-458e-b9ac-2c7b82ecb281,2355.92,INR,success,2026-05-12 22:42:08.878558+00:00
47e59915-91e5-45b2-a103-cf9c7b7c3962,70be06d7-695a-471b-a39c-60a38e0b45cd,f6d191e5-0801-47db-93bc-c8ccb75824a4,f3a8e942-f758-458e-b9ac-2c7b82ecb281,1850.44,INR,success,2026-05-13 05:56:06.415030+00:00
7f5b8df4-336e-45aa-8d97-91441411ea22,dc06f81c-a612-40f1-bac6-7001d2de2a7a,3b496b70-14f5-41e3-b687-ac6b6e644176,3edd4edd-0472-4b59-817f-9180b740b250,1253.25,INR,success,2026-04-29 01:46:00.154702+00:00
e96edc0d-5b05-48ff-8fb3-0e74fde00942,dc06f81c-a612-40f1-bac6-7001d2de2a7a,3b496b70-14f5-41e3-b687-ac6b6e644176,3edd4edd-0472-4b59-817f-9180b740b250,7049.94,INR,success,2026-04-29 14:07:56.073209+00:00
e7ae4a83-44d4-480a-b0e7-390a2a49ea60,dc06f81c-a612-40f1-bac6-7001d2de2a7a,3b496b70-14f5-41e3-b687-ac6b6e644176,3edd4edd-0472-4b59-817f-9180b740b250,6872.62,INR,success,2026-04-29 18:57:11.801235+00:00
394a1e91-3b3c-47f7-ac11-40f7de89f276,dc06f81c-a612-40f1-bac6-7001d2de2a7a,3b496b70-14f5-41e3-b687-ac6b6e644176,3edd4edd-0472-4b59-817f-9180b740b250,3563.51,INR,success,2026-04-29 23:45:24.885020+00:00
6c637d55-c2ee-43eb-90cd-4b77e45e472a,dc06f81c-a612-40f1-bac6-7001d2de2a7a,3b496b70-14f5-41e3-b687-ac6b6e644176,3edd4edd-0472-4b59-817f-9180b740b250,8023.9,INR,success,2026-04-29 23:59:02.998799+00:00
84f697cd-2ca8-479a-be65-bc0e3eb1b0d8,dc06f81c-a612-40f1-bac6-7001d2de2a7a,3b496b70-14f5-41e3-b687-ac6b6e644176,3edd4edd-0472-4b59-817f-9180b740b250,3817.9,INR,success,2026-04-30 06:22:35.003250+00:00
424a817a-d6fb-472b-bceb-53696a84ab83,a1629701-b570-4c4e-965b-ac98a800401f,a459da0f-5b0e-477e-85aa-2457326b2f08,3edd4edd-0472-4b59-817f-9180b740b250,2586.62,INR,success,2026-05-20 17:01:39.602756+00:00
22183264-fca9-4896-bcc1-cf3deb0d2839,a1629701-b570-4c4e-965b-ac98a800401f,a459da0f-5b0e-477e-85aa-2457326b2f08,3edd4edd-0472-4b59-817f-9180b740b250,6231.68,INR,success,2026-05-20 22:27:55.923637+00:00
44bc5ccd-c94c-4279-bfb0-e1ed57ea4c65,a1629701-b570-4c4e-965b-ac98a800401f,a459da0f-5b0e-477e-85aa-2457326b2f08,3edd4edd-0472-4b59-817f-9180b740b250,4813.12,INR,success,2026-05-20 22:47:05.921708+00:00
8aa0afba-35f5-4cd9-9baf-81a6bb6dd2eb,a1629701-b570-4c4e-965b-ac98a800401f,a459da0f-5b0e-477e-85aa-2457326b2f08,3edd4edd-0472-4b59-817f-9180b740b250,3612.74,INR,success,2026-05-21 01:38:34.730615+00:00
9a206b7b-6e6b-4548-b7d5-3676fb5a7f37,a1629701-b570-4c4e-965b-ac98a800401f,a459da0f-5b0e-477e-85aa-2457326b2f08,3edd4edd-0472-4b59-817f-9180b740b250,3928.68,INR,success,2026-05-21 03:46:09.319722+00:00
ea52df3f-2565-402e-aafe-4226cde68fd9,a1629701-b570-4c4e-965b-ac98a800401f,a459da0f-5b0e-477e-85aa-2457326b2f08,3edd4edd-0472-4b59-817f-9180b740b250,2785.57,INR,success,2026-05-21 08:41:35.526009+00:00
8b58df05-093d-433f-bde0-6088c36bbdcb,a1629701-b570-4c4e-965b-ac98a800401f,a459da0f-5b0e-477e-85aa-2457326b2f08,3edd4edd-0472-4b59-817f-9180b740b250,4974.59,INR,success,2026-05-21 13:24:26.092409+00:00
a15baa18-dbee-4d97-aba9-bf070d81a182,a1629701-b570-4c4e-965b-ac98a800401f,a459da0f-5b0e-477e-85aa-2457326b2f08,3edd4edd-0472-4b59-817f-9180b740b250,2266.52,INR,success,2026-05-21 19:08:52.651066+00:00
b21b0e51-ce60-4adc-8456-4307cc5fa13a,b67ece3f-cb09-4913-b598-5be77642a3a5,d3ac8c7d-7a33-422c-a5eb-d2acd1cf21e7,3edd4edd-0472-4b59-817f-9180b740b250,8167.09,INR,success,2026-05-25 04:16:40.273863+00:00
e15fba2e-0013-47e0-ab80-92e789f782cd,b67ece3f-cb09-4913-b598-5be77642a3a5,d3ac8c7d-7a33-422c-a5eb-d2acd1cf21e7,3edd4edd-0472-4b59-817f-9180b740b250,3919.94,INR,success,2026-05-25 06:02:10.302723+00:00
023c8e44-2c47-4fb6-a377-a49fa2c65c2a,b67ece3f-cb09-4913-b598-5be77642a3a5,d3ac8c7d-7a33-422c-a5eb-d2acd1cf21e7,3edd4edd-0472-4b59-817f-9180b740b250,4567.18,INR,success,2026-05-25 08:13:44.694942+00:00
b3b502ce-2ffc-4e9f-8922-f1b7d1e14f45,b67ece3f-cb09-4913-b598-5be77642a3a5,d3ac8c7d-7a33-422c-a5eb-d2acd1cf21e7,3edd4edd-0472-4b59-817f-9180b740b250,5723.95,INR,success,2026-05-25 12:42:07.472308+00:00
994e253e-e4cb-4eb5-a6f1-b412dc995c0c,b67ece3f-cb09-4913-b598-5be77642a3a5,d3ac8c7d-7a33-422c-a5eb-d2acd1cf21e7,3edd4edd-0472-4b59-817f-9180b740b250,5328.14,INR,success,2026-05-25 15:13:09.118651+00:00
60ca0c72-b8eb-4f3e-a354-91cbcc63bca5,b67ece3f-cb09-4913-b598-5be77642a3a5,d3ac8c7d-7a33-422c-a5eb-d2acd1cf21e7,3edd4edd-0472-4b59-817f-9180b740b250,4954.95,INR,success,2026-05-25 17:19:01.818034+00:00
e5a3390c-81d2-4b98-8717-0a7da6696c6f,b67ece3f-cb09-4913-b598-5be77642a3a5,d3ac8c7d-7a33-422c-a5eb-d2acd1cf21e7,3edd4edd-0472-4b59-817f-9180b740b250,4057.43,INR,success,2026-05-25 19:09:10.086076+00:00
b498d274-0d77-4052-981b-c57a401c0e8e,e052194b-272b-48ea-ab73-6eb8d8a6dc8f,1f689bd8-98ad-4875-89ba-42f22e8ea8eb,3edd4edd-0472-4b59-817f-9180b740b250,1548.64,INR,success,2026-05-01 06:28:55.790802+00:00
b2a23afb-31d0-47f0-8ed0-6e03908f5dd9,e052194b-272b-48ea-ab73-6eb8d8a6dc8f,1f689bd8-98ad-4875-89ba-42f22e8ea8eb,3edd4edd-0472-4b59-817f-9180b740b250,2396.08,INR,success,2026-05-01 06:37:59.767835+00:00
65655133-3274-4803-a85e-cda3932d7d34,e052194b-272b-48ea-ab73-6eb8d8a6dc8f,1f689bd8-98ad-4875-89ba-42f22e8ea8eb,3edd4edd-0472-4b59-817f-9180b740b250,3518.41,INR,success,2026-05-01 09:45:06.488434+00:00
fbde32fa-a553-441c-b1d6-334d67ea1359,e052194b-272b-48ea-ab73-6eb8d8a6dc8f,1f689bd8-98ad-4875-89ba-42f22e8ea8eb,3edd4edd-0472-4b59-817f-9180b740b250,4095.3,INR,success,2026-05-01 09:46:47.817318+00:00
2c78b8e5-d0cf-4234-bb80-9cea47cd555a,e052194b-272b-48ea-ab73-6eb8d8a6dc8f,1f689bd8-98ad-4875-89ba-42f22e8ea8eb,3edd4edd-0472-4b59-817f-9180b740b250,1597.22,INR,success,2026-05-01 13:08:45.741101+00:00
f79eed3c-d9c0-4773-ab7c-85904c7b972d,e052194b-272b-48ea-ab73-6eb8d8a6dc8f,1f689bd8-98ad-4875-89ba-42f22e8ea8eb,3edd4edd-0472-4b59-817f-9180b740b250,2276.14,INR,success,2026-05-01 16:15:56.657820+00:00
b49acf51-9943-489b-ac4b-07d498c76acd,e052194b-272b-48ea-ab73-6eb8d8a6dc8f,1f689bd8-98ad-4875-89ba-42f22e8ea8eb,3edd4edd-0472-4b59-817f-9180b740b250,2439.91,INR,success,2026-05-01 18:59:53.522551+00:00
d1b0d2de-1c31-4f01-9db5-29e54758b0eb,e052194b-272b-48ea-ab73-6eb8d8a6dc8f,1f689bd8-98ad-4875-89ba-42f22e8ea8eb,3edd4edd-0472-4b59-817f-9180b740b250,1772.0,INR,success,2026-05-01 22:40:35.272794+00:00
c28b9515-215e-4c00-985a-bfddbd925d0a,e052194b-272b-48ea-ab73-6eb8d8a6dc8f,1f689bd8-98ad-4875-89ba-42f22e8ea8eb,3edd4edd-0472-4b59-817f-9180b740b250,2334.51,INR,success,2026-05-01 23:14:29.743038+00:00
ba1ff05a-e1cd-4257-a305-70664eda4174,74f43549-44cf-41ee-b3dc-8dcc9b97d91e,e512cc89-509d-45cc-b15f-f1196fa54c42,3edd4edd-0472-4b59-817f-9180b740b250,2109.91,INR,success,2026-05-12 18:51:48.861761+00:00
6ac691a6-8d86-4932-9984-69b16ba10b61,74f43549-44cf-41ee-b3dc-8dcc9b97d91e,e512cc89-509d-45cc-b15f-f1196fa54c42,3edd4edd-0472-4b59-817f-9180b740b250,1725.6,INR,success,2026-05-12 20:19:22.372891+00:00
73b67bfc-bad2-4346-9e09-12d5e21e4e00,74f43549-44cf-41ee-b3dc-8dcc9b97d91e,e512cc89-509d-45cc-b15f-f1196fa54c42,3edd4edd-0472-4b59-817f-9180b740b250,578.81,INR,success,2026-05-12 23:19:39.577956+00:00
e8513cbc-21c3-4104-a6a8-f9581d9b8e02,74f43549-44cf-41ee-b3dc-8dcc9b97d91e,e512cc89-509d-45cc-b15f-f1196fa54c42,3edd4edd-0472-4b59-817f-9180b740b250,834.61,INR,success,2026-05-13 00:20:03.080453+00:00
2a811f17-260f-4a89-adde-d52475b02640,74f43549-44cf-41ee-b3dc-8dcc9b97d91e,e512cc89-509d-45cc-b15f-f1196fa54c42,3edd4edd-0472-4b59-817f-9180b740b250,1548.79,INR,success,2026-05-13 03:06:34.190921+00:00
c213c2c4-6bf2-4cda-a400-cc6dcbdd5b6d,74f43549-44cf-41ee-b3dc-8dcc9b97d91e,e512cc89-509d-45cc-b15f-f1196fa54c42,3edd4edd-0472-4b59-817f-9180b740b250,1254.03,INR,success,2026-05-13 03:14:09.242471+00:00
ff3bbf50-e553-40ba-9511-5cfb8c2c3cfc,74f43549-44cf-41ee-b3dc-8dcc9b97d91e,e512cc89-509d-45cc-b15f-f1196fa54c42,3edd4edd-0472-4b59-817f-9180b740b250,1285.62,INR,success,2026-05-13 08:13:37.467451+00:00
b919b831-d271-479c-b12d-d3776214ab2d,74f43549-44cf-41ee-b3dc-8dcc9b97d91e,e512cc89-509d-45cc-b15f-f1196fa54c42,3edd4edd-0472-4b59-817f-9180b740b250,728.28,INR,success,2026-05-13 08:32:52.238453+00:00
918476ca-5ee9-492c-adbe-2930753dac0d,62975a5d-0590-45ca-a8af-549ce571c6df,c772309f-a982-4deb-b30f-218169ad2074,bbfb28cc-668b-4b40-aa6a-f2079c52e14c,107.3,INR,success,2026-03-31 20:02:54.946714+00:00
7f219e69-1893-4eb2-8469-9e1d2d777bee,62975a5d-0590-45ca-a8af-549ce571c6df,c772309f-a982-4deb-b30f-218169ad2074,bbfb28cc-668b-4b40-aa6a-f2079c52e14c,1870.45,INR,success,2026-04-11 11:03:25.630494+00:00
53e0c665-516e-4689-92dd-16bee9fdcac5,62975a5d-0590-45ca-a8af-549ce571c6df,c772309f-a982-4deb-b30f-218169ad2074,bbfb28cc-668b-4b40-aa6a-f2079c52e14c,10.0,INR,success,2026-05-20 19:51:38.640977+00:00
e883a4cd-4608-4c31-8efe-4a3f507c63b5,82a8891b-4999-48e0-a76e-02766d91f858,c772309f-a982-4deb-b30f-218169ad2074,bbfb28cc-668b-4b40-aa6a-f2079c52e14c,1704.0,INR,success,2026-04-01 09:25:46.197226+00:00
fe6b8891-c5bd-4dfb-a6f2-4558b5ceba6c,82a8891b-4999-48e0-a76e-02766d91f858,c772309f-a982-4deb-b30f-218169ad2074,bbfb28cc-668b-4b40-aa6a-f2079c52e14c,1555.05,INR,success,2026-04-27 04:06:05.965879+00:00
6a781aa2-29f4-491e-96dd-ce7297e47a0f,446e2314-d3e1-452b-8580-866157142e34,c772309f-a982-4deb-b30f-218169ad2074,bbfb28cc-668b-4b40-aa6a-f2079c52e14c,3099.92,INR,success,2026-04-06 23:12:01.821521+00:00
75b8fb5f-eafc-4b09-915b-638d4d5cb264,442a4675-1242-46a2-900b-8a52911269cc,c772309f-a982-4deb-b30f-218169ad2074,bbfb28cc-668b-4b40-aa6a-f2079c52e14c,1635.95,INR,success,2026-04-03 03:00:59.070150+00:00
9e8ace22-d3ea-4f56-972e-70561bc89160,cf67defc-a618-40b0-8715-01e85a1fa8a9,c772309f-a982-4deb-b30f-218169ad2074,bbfb28cc-668b-4b40-aa6a-f2079c52e14c,1991.87,INR,success,2026-05-11 13:18:02.388771+00:00
a449079c-1c27-4a0a-9fda-5dc736809bc9,cf67defc-a618-40b0-8715-01e85a1fa8a9,c772309f-a982-4deb-b30f-218169ad2074,bbfb28cc-668b-4b40-aa6a-f2079c52e14c,966.0,INR,success,2026-05-20 07:47:50.288568+00:00
8bc58843-3bd0-41b4-9c90-64217b7a64d2,cf67defc-a618-40b0-8715-01e85a1fa8a9,c772309f-a982-4deb-b30f-218169ad2074,bbfb28cc-668b-4b40-aa6a-f2079c52e14c,521.66,INR,success,2026-05-27 13:40:21.009965+00:00
d4d089f9-5681-4027-8935-6237d19de07c,4d70ccbe-1a9d-4e06-8e4a-6e36a8e4850a,c772309f-a982-4deb-b30f-218169ad2074,bbfb28cc-668b-4b40-aa6a-f2079c52e14c,5140.13,INR,success,2026-05-01 03:03:16.259219+00:00
b3fd5d15-1035-4f19-8f60-5d7879dc6e64,e36fc8e5-984c-4e02-b60d-d6cd82555ae8,c772309f-a982-4deb-b30f-218169ad2074,bbfb28cc-668b-4b40-aa6a-f2079c52e14c,6099.93,INR,success,2026-05-27 01:39:31.384976+00:00
c0c11141-ece7-4481-8a71-31c7ed541374,910192e6-942b-4ce1-afcb-fdf9ca4efd49,c772309f-a982-4deb-b30f-218169ad2074,bbfb28cc-668b-4b40-aa6a-f2079c52e14c,2751.04,INR,success,2026-04-06 02:21:26.502676+00:00
02e9a791-7b7f-4ecf-a6bb-5e8b8e48a0cb,910192e6-942b-4ce1-afcb-fdf9ca4efd49,c772309f-a982-4deb-b30f-218169ad2074,bbfb28cc-668b-4b40-aa6a-f2079c52e14c,1939.61,INR,success,2026-04-25 23:24:05.806104+00:00
e1822289-0b29-4249-ae5d-95c830f66fb6,6b38cc3c-c1af-46f2-afc4-7d032fd1125e,19e16a38-f956-46ff-8434-37d2c51a3ced,d35b3b89-7a75-4068-8561-d6bad5153f47,4035.42,INR,success,2026-05-09 23:56:54.097610+00:00
87f6fb7b-a349-43e2-9829-286d1b9beba8,6b38cc3c-c1af-46f2-afc4-7d032fd1125e,19e16a38-f956-46ff-8434-37d2c51a3ced,d35b3b89-7a75-4068-8561-d6bad5153f47,3843.08,INR,success,2026-05-11 17:55:06.134948+00:00
1a99e99b-800b-4963-8c44-08d706697620,6b38cc3c-c1af-46f2-afc4-7d032fd1125e,19e16a38-f956-46ff-8434-37d2c51a3ced,d35b3b89-7a75-4068-8561-d6bad5153f47,3694.02,INR,success,2026-05-17 12:14:14.575474+00:00
c35093f8-cde0-4a4d-8b3a-54f70c2fd7f2,6b38cc3c-c1af-46f2-afc4-7d032fd1125e,19e16a38-f956-46ff-8434-37d2c51a3ced,d35b3b89-7a75-4068-8561-d6bad5153f47,3404.13,INR,success,2026-05-22 12:35:47.204763+00:00
f71008f5-5c7c-4dd8-b52f-215cb96bcd87,6b38cc3c-c1af-46f2-afc4-7d032fd1125e,19e16a38-f956-46ff-8434-37d2c51a3ced,d35b3b89-7a75-4068-8561-d6bad5153f47,3626.75,INR,success,2026-05-25 04:11:26.349850+00:00
86c1931e-b039-4f07-9bac-79904ad99d08,2e477f2f-82dd-4a26-b71f-1d651e53141d,19e16a38-f956-46ff-8434-37d2c51a3ced,92d6ee60-cd72-4a09-8ed8-05b15641c48d,3407.72,INR,success,2026-05-04 15:52:39.239682+00:00
4b132259-3327-483e-a32b-e5542b7e36aa,2e477f2f-82dd-4a26-b71f-1d651e53141d,19e16a38-f956-46ff-8434-37d2c51a3ced,92d6ee60-cd72-4a09-8ed8-05b15641c48d,3564.58,INR,success,2026-05-05 01:19:02.932124+00:00
34b14c61-0e01-4ede-86d7-b4b591cd2831,2e477f2f-82dd-4a26-b71f-1d651e53141d,19e16a38-f956-46ff-8434-37d2c51a3ced,92d6ee60-cd72-4a09-8ed8-05b15641c48d,3568.4,INR,success,2026-05-06 03:18:25.662439+00:00
e7814386-d007-479c-933b-46ec1eedfd67,2e477f2f-82dd-4a26-b71f-1d651e53141d,19e16a38-f956-46ff-8434-37d2c51a3ced,92d6ee60-cd72-4a09-8ed8-05b15641c48d,3732.37,INR,success,2026-05-17 01:38:05.220504+00:00
bcbfe143-57d2-4421-8c90-097681c557a9,2e477f2f-82dd-4a26-b71f-1d651e53141d,19e16a38-f956-46ff-8434-37d2c51a3ced,92d6ee60-cd72-4a09-8ed8-05b15641c48d,3597.14,INR,success,2026-05-22 02:04:35.601868+00:00
1f3153f1-a164-4e58-a873-1fcb523c384d,2e477f2f-82dd-4a26-b71f-1d651e53141d,19e16a38-f956-46ff-8434-37d2c51a3ced,92d6ee60-cd72-4a09-8ed8-05b15641c48d,3572.54,INR,success,2026-05-22 21:44:47.105954+00:00
c2646826-b4d0-4ae6-b10d-f471f5811d72,2e477f2f-82dd-4a26-b71f-1d651e53141d,19e16a38-f956-46ff-8434-37d2c51a3ced,92d6ee60-cd72-4a09-8ed8-05b15641c48d,3784.99,INR,success,2026-05-27 19:13:20.532671+00:00
fb47a4a2-2045-4a7b-9d6b-eb2ead309592,2e477f2f-82dd-4a26-b71f-1d651e53141d,19e16a38-f956-46ff-8434-37d2c51a3ced,92d6ee60-cd72-4a09-8ed8-05b15641c48d,3589.22,INR,success,2026-05-28 00:05:35.263268+00:00
d3fd66df-a2ab-445d-b60a-aba573d1c42d,2e477f2f-82dd-4a26-b71f-1d651e53141d,19e16a38-f956-46ff-8434-37d2c51a3ced,92d6ee60-cd72-4a09-8ed8-05b15641c48d,3655.94,INR,success,2026-05-31 06:59:37.648311+00:00
f12f9050-366e-43f9-82fa-d864c2202193,d7db5812-5477-416f-a9be-72e48e6d461d,19e16a38-f956-46ff-8434-37d2c51a3ced,390eb6aa-b65e-45f9-b28d-beb1564e5c65,2926.55,INR,success,2026-05-08 21:22:47.533546+00:00
c0dc8625-6f55-45f4-9b01-967df5475051,d7db5812-5477-416f-a9be-72e48e6d461d,19e16a38-f956-46ff-8434-37d2c51a3ced,390eb6aa-b65e-45f9-b28d-beb1564e5c65,3524.15,INR,success,2026-05-12 06:28:20.832259+00:00
66508c29-c011-4cda-8977-3b39e7cd7470,d7db5812-5477-416f-a9be-72e48e6d461d,19e16a38-f956-46ff-8434-37d2c51a3ced,390eb6aa-b65e-45f9-b28d-beb1564e5c65,3399.6,INR,success,2026-05-14 11:15:05.681462+00:00
6c092207-a055-47b5-bfbe-d009b5e05887,d7db5812-5477-416f-a9be-72e48e6d461d,19e16a38-f956-46ff-8434-37d2c51a3ced,390eb6aa-b65e-45f9-b28d-beb1564e5c65,3505.97,INR,success,2026-05-14 20:13:49.139951+00:00
78048129-93d0-4c3b-9e1f-68b380656613,d7db5812-5477-416f-a9be-72e48e6d461d,19e16a38-f956-46ff-8434-37d2c51a3ced,390eb6aa-b65e-45f9-b28d-beb1564e5c65,3406.37,INR,success,2026-05-19 18:39:11.567232+00:00
b0a8d893-7eb0-4d4b-a9de-ab5e73f0dc92,0749d4ce-b37c-41bc-b907-0c017f4dde1f,fd20536e-6e43-4a6d-9ce4-eeb6fae9dcdf,eb84b25f-af7f-45e3-9ede-d891bd0a1064,4791.06,INR,success,2026-05-05 13:11:30.782881+00:00
1cc91a58-c747-45a5-aa96-155f162ae9a3,208ad12c-48ac-4b81-8608-24265ebeee89,fd20536e-6e43-4a6d-9ce4-eeb6fae9dcdf,eb84b25f-af7f-45e3-9ede-d891bd0a1064,4386.75,INR,success,2026-05-30 15:28:45.766723+00:00
b06f3940-1fb1-4df3-84b7-098a46c318c7,a6f5b9fd-77a9-442e-955d-ce3160615f15,77dca0b7-c479-44dd-be95-3c921e9dcafc,3705be04-5988-400d-a64b-3be3a91e799e,1010.56,INR,success,2026-03-24 04:59:25.638460+00:00
bdb6d88b-4618-4ca6-8bd7-550124ff267e,a6f5b9fd-77a9-442e-955d-ce3160615f15,77dca0b7-c479-44dd-be95-3c921e9dcafc,3705be04-5988-400d-a64b-3be3a91e799e,2140.06,INR,success,2026-05-09 21:37:43.597251+00:00
3cb45741-d942-4c85-b8f1-02f587f70a97,a6f5b9fd-77a9-442e-955d-ce3160615f15,77dca0b7-c479-44dd-be95-3c921e9dcafc,3705be04-5988-400d-a64b-3be3a91e799e,1619.38,INR,success,2026-05-27 02:56:59.470485+00:00
6b8c43ce-55d6-4dfd-9e50-7fac81457cd5,9e700bfe-086c-4fd6-aa99-975789a2f4bd,08c3f2cd-0b1f-48be-82b9-bb3d1d53d3fd,88d6548d-624a-459e-a25e-bc755cb9ffbf,4646.93,INR,success,2026-04-22 14:37:10.507829+00:00
96cafca9-e199-4b1f-af3a-ecb23ed1ca61,9e700bfe-086c-4fd6-aa99-975789a2f4bd,08c3f2cd-0b1f-48be-82b9-bb3d1d53d3fd,88d6548d-624a-459e-a25e-bc755cb9ffbf,4656.29,INR,success,2026-05-12 12:59:11.897462+00:00
631b950e-3e8c-41b9-a565-7f718f487e9a,9e700bfe-086c-4fd6-aa99-975789a2f4bd,08c3f2cd-0b1f-48be-82b9-bb3d1d53d3fd,88d6548d-624a-459e-a25e-bc755cb9ffbf,5204.39,INR,success,2026-05-25 00:15:05.958702+00:00
ab17742f-9f28-41c9-8167-5dd253231c63,3570b5df-5adb-41fc-8084-e2399d37bf26,08c3f2cd-0b1f-48be-82b9-bb3d1d53d3fd,c8e39b78-7ddb-477d-b9f5-bd51f8fa453d,4766.03,INR,success,2026-05-16 17:12:59.158616+00:00
de5bc3d5-ae3c-4607-8817-51fe39608489,3570b5df-5adb-41fc-8084-e2399d37bf26,08c3f2cd-0b1f-48be-82b9-bb3d1d53d3fd,c8e39b78-7ddb-477d-b9f5-bd51f8fa453d,4670.36,INR,success,2026-05-20 05:47:38.037365+00:00
b534779f-c7f6-4ec5-8331-089f07661d45,3570b5df-5adb-41fc-8084-e2399d37bf26,08c3f2cd-0b1f-48be-82b9-bb3d1d53d3fd,c8e39b78-7ddb-477d-b9f5-bd51f8fa453d,4623.39,INR,success,2026-05-24 03:31:38.714020+00:00
9f7b98b3-abe8-41c2-80c3-2683adbdb1d1,a32f8556-4858-41fe-984f-87895cf7aa6c,6cae1eea-0187-42d7-8544-eecca64a9adb,3ff2a29b-6e11-4a82-acab-6a8cf74400d9,707.96,INR,success,2026-05-21 11:26:06.561795+00:00
0a0de034-9282-4373-94b5-1ed131553c8d,4feaa388-93e5-4e7e-a0e5-878c8cb3693e,e0d7b3f5-caf1-472f-b6a0-ad511a121075,82ba0d69-1392-4a43-9274-2235cae14bd9,4202.6,INR,success,2026-04-18 08:27:19.625932+00:00
fe9aef87-35ac-4412-80c1-eef53217f303,4feaa388-93e5-4e7e-a0e5-878c8cb3693e,e0d7b3f5-caf1-472f-b6a0-ad511a121075,82ba0d69-1392-4a43-9274-2235cae14bd9,4191.58,INR,success,2026-04-18 09:04:20.799378+00:00
d38ab209-4c65-4e87-90fe-dc919d42a432,f45a9411-5c6d-42df-b5fe-09bee5d37c62,3055c97c-19d4-48bf-beb2-1d9aec180e1a,0d5a7e95-0b0f-469b-ba71-66d1498ff518,4643.55,INR,success,2026-04-27 19:07:28.226331+00:00
061e0c21-02ed-46f0-93c3-5127935cb58e,f45a9411-5c6d-42df-b5fe-09bee5d37c62,3055c97c-19d4-48bf-beb2-1d9aec180e1a,0d5a7e95-0b0f-469b-ba71-66d1498ff518,4346.67,INR,success,2026-04-28 01:46:41.947577+00:00
a43db756-f54e-46c4-817d-7bc6ca297d77,4c4fe897-aaa4-471e-90d6-d94ef11eb8ba,cfb72687-d8cd-421b-ad10-379ad039364b,0d90b129-e5fd-44a2-90b5-95c55d29367c,2851.63,INR,success,2026-04-18 13:28:28.767576+00:00
cfa06c97-5a15-4719-83c7-4682b14ecd81,4c4fe897-aaa4-471e-90d6-d94ef11eb8ba,cfb72687-d8cd-421b-ad10-379ad039364b,0d90b129-e5fd-44a2-90b5-95c55d29367c,2356.54,INR,success,2026-04-29 14:38:56.983880+00:00
6f4e9ffa-70a1-45a9-86d3-7ed84a57f57a,e75832ea-6524-47fa-8d57-03d8f6e54d86,49a4cf70-0aff-4895-8181-c9c20cad7675,7e71ef0c-0075-4170-863e-d775780fa9d9,2857.6,INR,success,2026-05-29 12:56:11.027358+00:00
a5449f66-6f9a-40b1-8336-ca9842317003,e75832ea-6524-47fa-8d57-03d8f6e54d86,49a4cf70-0aff-4895-8181-c9c20cad7675,7e71ef0c-0075-4170-863e-d775780fa9d9,2910.28,INR,success,2026-05-29 14:58:48.470712+00:00
0118f7ea-3c49-4e5e-9bb8-b82458abaa9f,e75832ea-6524-47fa-8d57-03d8f6e54d86,49a4cf70-0aff-4895-8181-c9c20cad7675,7e71ef0c-0075-4170-863e-d775780fa9d9,2174.48,INR,success,2026-05-29 16:04:34.599466+00:00
15376515-8be7-41db-aaab-01063aa92612,e75832ea-6524-47fa-8d57-03d8f6e54d86,49a4cf70-0aff-4895-8181-c9c20cad7675,7e71ef0c-0075-4170-863e-d775780fa9d9,4113.82,INR,success,2026-05-29 21:11:29.965553+00:00
aee572ec-38ae-461a-8972-fcc8f4e3fa9d,e75832ea-6524-47fa-8d57-03d8f6e54d86,49a4cf70-0aff-4895-8181-c9c20cad7675,7e71ef0c-0075-4170-863e-d775780fa9d9,121.22,INR,success,2026-05-30 01:50:38.921151+00:00
a2d31159-f457-4af7-9a0f-760b5adde9a5,e75832ea-6524-47fa-8d57-03d8f6e54d86,49a4cf70-0aff-4895-8181-c9c20cad7675,7e71ef0c-0075-4170-863e-d775780fa9d9,5393.01,INR,success,2026-05-30 07:18:22.166759+00:00
2dfc28c2-8575-4e64-8fbd-abe1095be1d9,e75832ea-6524-47fa-8d57-03d8f6e54d86,49a4cf70-0aff-4895-8181-c9c20cad7675,7e71ef0c-0075-4170-863e-d775780fa9d9,2965.52,INR,success,2026-05-30 11:03:50.243971+00:00
fbb28a6c-5d05-4c70-bfae-2b33703b9edd,e75832ea-6524-47fa-8d57-03d8f6e54d86,49a4cf70-0aff-4895-8181-c9c20cad7675,7e71ef0c-0075-4170-863e-d775780fa9d9,5754.63,INR,success,2026-05-30 19:27:27.710502+00:00
e9d986ed-426f-4c5e-abbb-1e17cb39508a,e75832ea-6524-47fa-8d57-03d8f6e54d86,49a4cf70-0aff-4895-8181-c9c20cad7675,7e71ef0c-0075-4170-863e-d775780fa9d9,5261.25,INR,success,2026-05-30 19:46:26.811902+00:00
6c3e5c1d-2220-4d8a-80c5-a4164525ce33,6126675e-41a9-4c88-8486-812de31223fd,9ec7634f-3d3c-4153-a1b2-57455f22e9b3,7e71ef0c-0075-4170-863e-d775780fa9d9,556.68,INR,success,2026-05-29 09:23:07.898508+00:00
aaba6433-e7db-4703-809f-2bb149764b1b,6126675e-41a9-4c88-8486-812de31223fd,9ec7634f-3d3c-4153-a1b2-57455f22e9b3,7e71ef0c-0075-4170-863e-d775780fa9d9,2610.43,INR,success,2026-05-29 10:12:02.679012+00:00
7a1987c0-b2c5-42a0-adc9-0367d99dbfaa,6126675e-41a9-4c88-8486-812de31223fd,9ec7634f-3d3c-4153-a1b2-57455f22e9b3,7e71ef0c-0075-4170-863e-d775780fa9d9,3743.73,INR,success,2026-05-29 16:39:32.951935+00:00
7d5cf4f8-c9f9-4d63-8326-abb018d20e19,6126675e-41a9-4c88-8486-812de31223fd,9ec7634f-3d3c-4153-a1b2-57455f22e9b3,7e71ef0c-0075-4170-863e-d775780fa9d9,3837.27,INR,success,2026-05-29 18:10:26.877360+00:00
f562da34-e496-4b45-b51c-2d3730f301e5,6126675e-41a9-4c88-8486-812de31223fd,9ec7634f-3d3c-4153-a1b2-57455f22e9b3,7e71ef0c-0075-4170-863e-d775780fa9d9,3016.67,INR,success,2026-05-29 20:04:01.521187+00:00
5d328419-2460-4443-ae2c-360d2872f49a,9c17acf5-83db-476c-9811-5d9ef676d715,6a3ae81e-4b81-46c4-8fa9-8badfafce141,7e71ef0c-0075-4170-863e-d775780fa9d9,1614.19,INR,success,2026-05-29 22:46:39.326789+00:00
4f728b9a-77b4-43ec-a4a2-d2dc4dc81d0d,9c17acf5-83db-476c-9811-5d9ef676d715,6a3ae81e-4b81-46c4-8fa9-8badfafce141,7e71ef0c-0075-4170-863e-d775780fa9d9,709.35,INR,success,2026-05-29 22:46:50.147521+00:00
432d88b7-c83b-44c1-87d8-7f717d127017,9c17acf5-83db-476c-9811-5d9ef676d715,6a3ae81e-4b81-46c4-8fa9-8badfafce141,7e71ef0c-0075-4170-863e-d775780fa9d9,2076.76,INR,success,2026-05-30 00:42:02.017672+00:00
5ed62969-b39a-447e-b8ab-0eb657787b81,9c17acf5-83db-476c-9811-5d9ef676d715,6a3ae81e-4b81-46c4-8fa9-8badfafce141,7e71ef0c-0075-4170-863e-d775780fa9d9,1987.13,INR,success,2026-05-30 01:51:08.781421+00:00
99362984-9996-4703-a5d8-bdf84a2c0aaf,9c17acf5-83db-476c-9811-5d9ef676d715,6a3ae81e-4b81-46c4-8fa9-8badfafce141,7e71ef0c-0075-4170-863e-d775780fa9d9,2358.63,INR,success,2026-05-30 04:03:44.930458+00:00
449f959f-66bd-4938-a533-f5d4d10f487a,9c17acf5-83db-476c-9811-5d9ef676d715,6a3ae81e-4b81-46c4-8fa9-8badfafce141,7e71ef0c-0075-4170-863e-d775780fa9d9,314.07,INR,success,2026-05-30 05:38:13.762940+00:00
1bfba40a-0181-4941-9956-ed4461ca31f7,17584d7a-4a1c-4536-8c35-15f59e80465f,a4c34c7a-5496-4e6d-ba30-3d7ea76190f9,7e71ef0c-0075-4170-863e-d775780fa9d9,4971.05,INR,success,2026-05-29 20:11:11.521693+00:00
a8d61fc9-74af-4d06-9407-9bc75df21dd3,17584d7a-4a1c-4536-8c35-15f59e80465f,a4c34c7a-5496-4e6d-ba30-3d7ea76190f9,7e71ef0c-0075-4170-863e-d775780fa9d9,4253.43,INR,success,2026-05-29 20:38:51.238569+00:00
487a502f-53da-4675-9a2d-bed71b4fd64d,17584d7a-4a1c-4536-8c35-15f59e80465f,a4c34c7a-5496-4e6d-ba30-3d7ea76190f9,7e71ef0c-0075-4170-863e-d775780fa9d9,380.59,INR,success,2026-05-29 22:06:37.755435+00:00
ed95080a-5453-445a-a047-d8193edb9324,17584d7a-4a1c-4536-8c35-15f59e80465f,a4c34c7a-5496-4e6d-ba30-3d7ea76190f9,7e71ef0c-0075-4170-863e-d775780fa9d9,1594.39,INR,success,2026-05-29 23:17:25.015653+00:00
b843fa01-cbd7-4948-8a80-4b2eb6900e16,17584d7a-4a1c-4536-8c35-15f59e80465f,a4c34c7a-5496-4e6d-ba30-3d7ea76190f9,7e71ef0c-0075-4170-863e-d775780fa9d9,1534.45,INR,success,2026-05-30 05:28:43.178568+00:00
4a4cb2f4-b662-4cba-9255-a2fc54c6ecc3,00c2a702-67ab-42de-bc0c-e53622d91ec1,6ad63e08-5c9f-4ae6-b7a4-88fdcc924a15,7e71ef0c-0075-4170-863e-d775780fa9d9,6860.78,INR,success,2026-05-28 21:15:31.497200+00:00
42370d9e-d7e3-4e96-b418-ad39daadd8c8,00c2a702-67ab-42de-bc0c-e53622d91ec1,6ad63e08-5c9f-4ae6-b7a4-88fdcc924a15,7e71ef0c-0075-4170-863e-d775780fa9d9,4452.12,INR,success,2026-05-29 00:43:31.362407+00:00
12ee79ef-bd74-482f-a3a5-6fd2fdd05ca5,00c2a702-67ab-42de-bc0c-e53622d91ec1,6ad63e08-5c9f-4ae6-b7a4-88fdcc924a15,7e71ef0c-0075-4170-863e-d775780fa9d9,5056.89,INR,success,2026-05-29 04:16:46.607708+00:00
bd596122-1c8b-4f6d-97f6-441f04f15c14,00c2a702-67ab-42de-bc0c-e53622d91ec1,6ad63e08-5c9f-4ae6-b7a4-88fdcc924a15,7e71ef0c-0075-4170-863e-d775780fa9d9,4521.12,INR,success,2026-05-29 07:12:29.240969+00:00
dca8d59b-1b79-4926-93d7-2a7666d2ea1e,00c2a702-67ab-42de-bc0c-e53622d91ec1,6ad63e08-5c9f-4ae6-b7a4-88fdcc924a15,7e71ef0c-0075-4170-863e-d775780fa9d9,6687.01,INR,success,2026-05-29 12:53:03.343738+00:00
aafb888a-b526-4dd2-a9ef-5efd6e30c4fc,00c2a702-67ab-42de-bc0c-e53622d91ec1,6ad63e08-5c9f-4ae6-b7a4-88fdcc924a15,7e71ef0c-0075-4170-863e-d775780fa9d9,7481.68,INR,success,2026-05-29 16:08:15.056576+00:00
3b03e7e3-b211-4998-a9e9-446f1368c643,00c2a702-67ab-42de-bc0c-e53622d91ec1,6ad63e08-5c9f-4ae6-b7a4-88fdcc924a15,7e71ef0c-0075-4170-863e-d775780fa9d9,6047.33,INR,success,2026-05-29 17:04:07.308349+00:00
446a2fd0-3892-46f1-9235-80813ecda359,00c2a702-67ab-42de-bc0c-e53622d91ec1,6ad63e08-5c9f-4ae6-b7a4-88fdcc924a15,7e71ef0c-0075-4170-863e-d775780fa9d9,7031.85,INR,success,2026-05-29 22:11:02.472261+00:00
adc58cb8-fd48-4c64-bda6-e52c9bb36c2f,0c347e0e-c11b-4420-ab09-95e85f14a2a4,0faa4062-0e3e-461c-849d-798083d7e996,7e71ef0c-0075-4170-863e-d775780fa9d9,2701.94,INR,success,2026-05-29 19:14:55.737623+00:00
c47524ab-8daf-4972-8037-d4918c509493,0c347e0e-c11b-4420-ab09-95e85f14a2a4,0faa4062-0e3e-461c-849d-798083d7e996,7e71ef0c-0075-4170-863e-d775780fa9d9,2629.96,INR,success,2026-05-29 22:56:02.482136+00:00
ec30dd59-d644-483e-83ff-1a983908efe5,0c347e0e-c11b-4420-ab09-95e85f14a2a4,0faa4062-0e3e-461c-849d-798083d7e996,7e71ef0c-0075-4170-863e-d775780fa9d9,2283.9,INR,success,2026-05-30 04:13:28.964773+00:00
1dd52d58-680a-4652-8dfd-095a20568021,0c347e0e-c11b-4420-ab09-95e85f14a2a4,0faa4062-0e3e-461c-849d-798083d7e996,7e71ef0c-0075-4170-863e-d775780fa9d9,5418.64,INR,success,2026-05-30 11:04:18.872364+00:00
57320753-b73a-44af-875a-f05062a4defa,0c347e0e-c11b-4420-ab09-95e85f14a2a4,0faa4062-0e3e-461c-849d-798083d7e996,7e71ef0c-0075-4170-863e-d775780fa9d9,2532.97,INR,success,2026-05-30 16:35:10.437907+00:00
49a23fcc-b36d-4a36-bf8b-4e7939cc5930,0c347e0e-c11b-4420-ab09-95e85f14a2a4,0faa4062-0e3e-461c-849d-798083d7e996,7e71ef0c-0075-4170-863e-d775780fa9d9,2571.93,INR,success,2026-05-30 18:12:45.166770+00:00
559dd3aa-03ee-4601-86f1-a4c7810e122f,0c347e0e-c11b-4420-ab09-95e85f14a2a4,0faa4062-0e3e-461c-849d-798083d7e996,7e71ef0c-0075-4170-863e-d775780fa9d9,1619.56,INR,success,2026-05-30 18:18:06.415239+00:00
1d06fafe-af5b-4d8c-9362-c2c5758f52e0,edb72bb3-1448-475b-b6ba-343029cdcd2e,2ff1df47-2b58-4aea-b587-2e1fa83208f3,7e71ef0c-0075-4170-863e-d775780fa9d9,2991.13,INR,success,2026-05-30 14:03:40.854860+00:00
dc19eb90-ad47-4cb2-a9f0-7cf9e3ca5b77,edb72bb3-1448-475b-b6ba-343029cdcd2e,2ff1df47-2b58-4aea-b587-2e1fa83208f3,7e71ef0c-0075-4170-863e-d775780fa9d9,4595.36,INR,success,2026-05-30 14:30:15.125207+00:00
cac0dc6f-6444-4dc5-96aa-2912f2a54e91,edb72bb3-1448-475b-b6ba-343029cdcd2e,2ff1df47-2b58-4aea-b587-2e1fa83208f3,7e71ef0c-0075-4170-863e-d775780fa9d9,4434.64,INR,success,2026-05-30 21:51:57.036801+00:00
9b9fbe92-cc21-4d64-a22f-1c239f2367be,edb72bb3-1448-475b-b6ba-343029cdcd2e,2ff1df47-2b58-4aea-b587-2e1fa83208f3,7e71ef0c-0075-4170-863e-d775780fa9d9,5980.83,INR,success,2026-05-30 23:56:15.472028+00:00
8f85ae65-a055-4b54-9e6e-ad0ee091747a,edb72bb3-1448-475b-b6ba-343029cdcd2e,2ff1df47-2b58-4aea-b587-2e1fa83208f3,7e71ef0c-0075-4170-863e-d775780fa9d9,8214.85,INR,success,2026-05-31 09:55:30.978276+00:00
5c1e2d40-08f1-455c-a201-809ce4068498,edb72bb3-1448-475b-b6ba-343029cdcd2e,2ff1df47-2b58-4aea-b587-2e1fa83208f3,7e71ef0c-0075-4170-863e-d775780fa9d9,6171.22,INR,success,2026-05-31 11:53:39.071268+00:00
66aad1b8-e319-4758-bd59-e5b94316d0a4,edb72bb3-1448-475b-b6ba-343029cdcd2e,2ff1df47-2b58-4aea-b587-2e1fa83208f3,7e71ef0c-0075-4170-863e-d775780fa9d9,5700.27,INR,success,2026-05-31 13:17:36.735075+00:00
8355464f-1e84-495e-b1b7-17780b257fdc,6cf7a769-cd0d-4794-b3d6-77a6f5278051,107f454a-8f7a-4e62-949c-6967348b6f96,7d8df728-86a8-4292-8f51-1b7e920bc423,2457.03,INR,success,2026-03-06 18:07:45.314376+00:00
19fe5103-89a5-4b60-b794-9c81b52256b9,6cf7a769-cd0d-4794-b3d6-77a6f5278051,107f454a-8f7a-4e62-949c-6967348b6f96,7d8df728-86a8-4292-8f51-1b7e920bc423,2105.65,INR,success,2026-03-19 23:31:44.473137+00:00
f5bcc739-7080-4cf1-83d4-0e42e2f49541,6cf7a769-cd0d-4794-b3d6-77a6f5278051,107f454a-8f7a-4e62-949c-6967348b6f96,7d8df728-86a8-4292-8f51-1b7e920bc423,2732.65,INR,success,2026-03-21 07:10:17.236304+00:00
a68f0c06-c9fe-4ccc-836f-fe2b8ad0541d,6cf7a769-cd0d-4794-b3d6-77a6f5278051,107f454a-8f7a-4e62-949c-6967348b6f96,7d8df728-86a8-4292-8f51-1b7e920bc423,1921.63,INR,success,2026-04-19 01:54:45.172500+00:00
936b48a2-6aa0-4b9c-9d29-4369290bc0a4,6cf7a769-cd0d-4794-b3d6-77a6f5278051,107f454a-8f7a-4e62-949c-6967348b6f96,7d8df728-86a8-4292-8f51-1b7e920bc423,1986.4,INR,success,2026-05-17 11:02:48.844426+00:00
d9b5bc9c-abc8-45eb-b702-bab6f620495f,6cf7a769-cd0d-4794-b3d6-77a6f5278051,107f454a-8f7a-4e62-949c-6967348b6f96,7d8df728-86a8-4292-8f51-1b7e920bc423,617.23,INR,success,2026-05-19 00:32:40.195609+00:00
014f54ab-0d8c-4514-b089-c06ad7965ce8,e4d0f8dc-269f-42a5-8731-aa454abc1996,107f454a-8f7a-4e62-949c-6967348b6f96,7d8df728-86a8-4292-8f51-1b7e920bc423,1220.07,INR,success,2026-03-10 14:40:29.280161+00:00
0e9b3d5b-bd26-4ea9-9778-ed8e04bf3ab5,e4d0f8dc-269f-42a5-8731-aa454abc1996,107f454a-8f7a-4e62-949c-6967348b6f96,7d8df728-86a8-4292-8f51-1b7e920bc423,5467.55,INR,success,2026-03-25 21:27:14.172791+00:00
609269b5-6fd1-403f-b4cf-a09e00cad4de,e4d0f8dc-269f-42a5-8731-aa454abc1996,107f454a-8f7a-4e62-949c-6967348b6f96,7d8df728-86a8-4292-8f51-1b7e920bc423,3669.54,INR,success,2026-04-11 17:00:11.737616+00:00
1c35f16e-4cea-481f-826d-657794285e50,e4d0f8dc-269f-42a5-8731-aa454abc1996,107f454a-8f7a-4e62-949c-6967348b6f96,7d8df728-86a8-4292-8f51-1b7e920bc423,4128.16,INR,success,2026-04-19 21:09:16.425818+00:00
c17323ff-20c2-4ef9-b823-e53b2ec394ce,e4d0f8dc-269f-42a5-8731-aa454abc1996,107f454a-8f7a-4e62-949c-6967348b6f96,7d8df728-86a8-4292-8f51-1b7e920bc423,3997.14,INR,success,2026-05-01 14:42:47.097042+00:00
f89e6d69-d1cf-4589-bd25-c828441d94fe,e4d0f8dc-269f-42a5-8731-aa454abc1996,107f454a-8f7a-4e62-949c-6967348b6f96,7d8df728-86a8-4292-8f51-1b7e920bc423,1948.51,INR,success,2026-05-02 08:49:26.208040+00:00
9f3966a0-5848-4bd8-adca-fd769a41f919,e4d0f8dc-269f-42a5-8731-aa454abc1996,107f454a-8f7a-4e62-949c-6967348b6f96,7d8df728-86a8-4292-8f51-1b7e920bc423,5353.52,INR,success,2026-05-06 00:50:04.495586+00:00
296ed4f5-896b-4f14-ba09-e9ee1caf86c5,e4d0f8dc-269f-42a5-8731-aa454abc1996,107f454a-8f7a-4e62-949c-6967348b6f96,7d8df728-86a8-4292-8f51-1b7e920bc423,2451.73,INR,success,2026-05-12 07:29:07.466402+00:00
082adab6-228b-469c-86aa-667e15a5e67a,48068084-3aac-48c7-bb38-56624bb23b36,fd3cce93-6144-4344-a4c1-753006536ef4,d8e8e78a-a9b3-461b-a2dc-c5ebdd00b5c5,3833.61,INR,success,2026-04-09 18:32:59.059360+00:00
43eeb78c-a635-4bb4-b8b7-141279801e5c,48068084-3aac-48c7-bb38-56624bb23b36,fd3cce93-6144-4344-a4c1-753006536ef4,d8e8e78a-a9b3-461b-a2dc-c5ebdd00b5c5,2650.45,INR,success,2026-05-12 11:07:59.232647+00:00
342df3cd-5c81-43cc-982f-3b746f680938,67bbf8c4-7d66-4fe8-b4f8-0c6278811ad9,107f454a-8f7a-4e62-949c-6967348b6f96,7d8df728-86a8-4292-8f51-1b7e920bc423,2106.18,INR,success,2026-04-17 22:54:25.054598+00:00
9675fb67-75de-4d6d-94b6-20d61d7061b2,67bbf8c4-7d66-4fe8-b4f8-0c6278811ad9,107f454a-8f7a-4e62-949c-6967348b6f96,7d8df728-86a8-4292-8f51-1b7e920bc423,1196.1,INR,success,2026-04-22 20:16:47.413566+00:00
8c336686-9080-44c6-a41b-c538ed1d15bd,67bbf8c4-7d66-4fe8-b4f8-0c6278811ad9,107f454a-8f7a-4e62-949c-6967348b6f96,7d8df728-86a8-4292-8f51-1b7e920bc423,2108.07,INR,success,2026-05-03 00:39:09.869833+00:00
e27ebb02-797e-4cc8-83cf-7fa290bc3672,67bbf8c4-7d66-4fe8-b4f8-0c6278811ad9,107f454a-8f7a-4e62-949c-6967348b6f96,7d8df728-86a8-4292-8f51-1b7e920bc423,1365.18,INR,success,2026-05-03 01:06:24.996461+00:00
628cbe0e-76e3-4730-973c-79ea01b3328c,67bbf8c4-7d66-4fe8-b4f8-0c6278811ad9,107f454a-8f7a-4e62-949c-6967348b6f96,7d8df728-86a8-4292-8f51-1b7e920bc423,172.4,INR,success,2026-05-03 17:06:21.364055+00:00
a2884345-17c0-4666-94ea-728951cc6aaa,67bbf8c4-7d66-4fe8-b4f8-0c6278811ad9,107f454a-8f7a-4e62-949c-6967348b6f96,7d8df728-86a8-4292-8f51-1b7e920bc423,1285.7,INR,success,2026-05-04 17:09:00.462179+00:00
cedc0716-cbc1-48b2-ae44-e46606ee3cda,67bbf8c4-7d66-4fe8-b4f8-0c6278811ad9,107f454a-8f7a-4e62-949c-6967348b6f96,7d8df728-86a8-4292-8f51-1b7e920bc423,1980.99,INR,success,2026-05-06 03:58:37.648375+00:00
59f4ced2-3205-4f69-ba4d-f9921993add2,67bbf8c4-7d66-4fe8-b4f8-0c6278811ad9,107f454a-8f7a-4e62-949c-6967348b6f96,7d8df728-86a8-4292-8f51-1b7e920bc423,1762.28,INR,success,2026-05-15 14:09:06.189232+00:00
0f4a4d24-c042-41f8-b64a-ed1671358b3a,67bbf8c4-7d66-4fe8-b4f8-0c6278811ad9,107f454a-8f7a-4e62-949c-6967348b6f96,7d8df728-86a8-4292-8f51-1b7e920bc423,922.38,INR,success,2026-05-22 18:16:58.215258+00:00
372524be-a938-431e-b32d-ae671327fafc,323156f8-551d-4c5d-9492-8ba6b4660c37,107f454a-8f7a-4e62-949c-6967348b6f96,7d8df728-86a8-4292-8f51-1b7e920bc423,390.17,INR,success,2026-05-03 13:01:24.310780+00:00
a36d8a46-cb4f-4a9f-b130-2eed48054b86,323156f8-551d-4c5d-9492-8ba6b4660c37,107f454a-8f7a-4e62-949c-6967348b6f96,7d8df728-86a8-4292-8f51-1b7e920bc423,287.87,INR,success,2026-05-07 22:12:42.646164+00:00
fc5e0395-bed2-4e0f-a8eb-ac97721cf60b,323156f8-551d-4c5d-9492-8ba6b4660c37,107f454a-8f7a-4e62-949c-6967348b6f96,7d8df728-86a8-4292-8f51-1b7e920bc423,140.26,INR,success,2026-05-08 02:04:12.510217+00:00
511b6ad9-f87a-42ee-b2ea-2da10b243ddb,323156f8-551d-4c5d-9492-8ba6b4660c37,107f454a-8f7a-4e62-949c-6967348b6f96,7d8df728-86a8-4292-8f51-1b7e920bc423,373.29,INR,success,2026-05-26 00:08:41.630374+00:00
4bc136de-a00e-4e4b-8f96-b9fbf6e1ee3d,323156f8-551d-4c5d-9492-8ba6b4660c37,107f454a-8f7a-4e62-949c-6967348b6f96,7d8df728-86a8-4292-8f51-1b7e920bc423,471.81,INR,success,2026-05-27 13:37:40.268718+00:00
ece347d9-8612-4ad5-b7ea-1b2ed2f65076,6bce5141-8e41-4440-9e86-02a66909640a,107f454a-8f7a-4e62-949c-6967348b6f96,7d8df728-86a8-4292-8f51-1b7e920bc423,530.76,INR,success,2026-05-28 08:54:43.850995+00:00
491eee01-acde-4718-a5b1-303a54c7a8a4,6bce5141-8e41-4440-9e86-02a66909640a,107f454a-8f7a-4e62-949c-6967348b6f96,7d8df728-86a8-4292-8f51-1b7e920bc423,204.77,INR,success,2026-05-28 11:51:23.608719+00:00
5f206a6e-31b4-463d-9810-81d9a4925036,6bce5141-8e41-4440-9e86-02a66909640a,107f454a-8f7a-4e62-949c-6967348b6f96,7d8df728-86a8-4292-8f51-1b7e920bc423,663.65,INR,success,2026-05-29 09:19:23.198319+00:00
41773756-11ec-449a-8d57-9860014cf4e8,6bce5141-8e41-4440-9e86-02a66909640a,107f454a-8f7a-4e62-949c-6967348b6f96,7d8df728-86a8-4292-8f51-1b7e920bc423,315.77,INR,success,2026-05-30 01:43:54.815956+00:00
48096e2d-d1fa-4489-b9e4-f132c44060ad,6bce5141-8e41-4440-9e86-02a66909640a,107f454a-8f7a-4e62-949c-6967348b6f96,7d8df728-86a8-4292-8f51-1b7e920bc423,377.78,INR,success,2026-05-30 02:12:08.080109+00:00
831f2849-6c65-4e54-a595-2a9026361dc8,6bce5141-8e41-4440-9e86-02a66909640a,107f454a-8f7a-4e62-949c-6967348b6f96,7d8df728-86a8-4292-8f51-1b7e920bc423,1063.4,INR,success,2026-05-30 04:01:55.221251+00:00
0b4c32eb-a98a-46d8-bd1c-43d0f44921c9,6bce5141-8e41-4440-9e86-02a66909640a,107f454a-8f7a-4e62-949c-6967348b6f96,7d8df728-86a8-4292-8f51-1b7e920bc423,914.15,INR,success,2026-05-31 00:37:49.226143+00:00
8fe79ae6-27a2-4897-b600-ff5aad536b13,6bce5141-8e41-4440-9e86-02a66909640a,107f454a-8f7a-4e62-949c-6967348b6f96,7d8df728-86a8-4292-8f51-1b7e920bc423,747.25,INR,success,2026-05-31 20:47:44.202304+00:00
d501a979-b871-4af6-8289-6d5beeb8679d,67a3ad0f-d573-4422-97a5-9ae60546ed15,566cc6db-1be7-4dc4-9cef-0560d1daded8,3509e767-196d-42bb-9736-c376a35da7c6,3550.08,INR,success,2026-05-25 21:40:59.628737+00:00
2f36f75b-7699-46ed-828c-34264cfcb390,67a3ad0f-d573-4422-97a5-9ae60546ed15,566cc6db-1be7-4dc4-9cef-0560d1daded8,3509e767-196d-42bb-9736-c376a35da7c6,3719.76,INR,success,2026-05-26 09:17:56.303644+00:00
006d73df-1d2b-4a1b-8d27-4539b55b3b4a,67a3ad0f-d573-4422-97a5-9ae60546ed15,566cc6db-1be7-4dc4-9cef-0560d1daded8,3509e767-196d-42bb-9736-c376a35da7c6,3263.48,INR,success,2026-05-26 20:08:25.897036+00:00
b9e16a48-3cd7-42e6-8905-26c13160137c,67a3ad0f-d573-4422-97a5-9ae60546ed15,566cc6db-1be7-4dc4-9cef-0560d1daded8,3509e767-196d-42bb-9736-c376a35da7c6,3344.36,INR,success,2026-05-27 10:40:50.536428+00:00
904a4d65-7ca9-42d5-a968-d14f6cbbe9c7,67a3ad0f-d573-4422-97a5-9ae60546ed15,566cc6db-1be7-4dc4-9cef-0560d1daded8,3509e767-196d-42bb-9736-c376a35da7c6,3425.13,INR,success,2026-05-27 11:31:17.039650+00:00
a0bfa168-9a62-47bb-8b9f-bf5f3c1620bb,67a3ad0f-d573-4422-97a5-9ae60546ed15,566cc6db-1be7-4dc4-9cef-0560d1daded8,3509e767-196d-42bb-9736-c376a35da7c6,3270.14,INR,success,2026-05-28 02:01:35.720334+00:00
3c86b79e-0468-422d-a117-5b89839ece46,67a3ad0f-d573-4422-97a5-9ae60546ed15,566cc6db-1be7-4dc4-9cef-0560d1daded8,3509e767-196d-42bb-9736-c376a35da7c6,3630.99,INR,success,2026-05-30 04:10:45.228272+00:00
66eb16b4-46c8-4173-af17-101432328c3a,67a3ad0f-d573-4422-97a5-9ae60546ed15,566cc6db-1be7-4dc4-9cef-0560d1daded8,3509e767-196d-42bb-9736-c376a35da7c6,3257.5,INR,success,2026-05-30 17:59:15.877100+00:00
7e6d6056-93ef-44cc-bc30-b6a08f534982,67a3ad0f-d573-4422-97a5-9ae60546ed15,566cc6db-1be7-4dc4-9cef-0560d1daded8,3509e767-196d-42bb-9736-c376a35da7c6,3447.62,INR,success,2026-05-31 02:48:40.263998+00:00
9818b84a-3e1e-4e1d-9a1f-bade73a68b5f,1a97fa6b-d600-4846-9753-b0a136b3812d,566cc6db-1be7-4dc4-9cef-0560d1daded8,3509e767-196d-42bb-9736-c376a35da7c6,3396.07,INR,success,2026-05-25 14:56:39.780224+00:00
267cdda1-54dd-402e-aa3a-d655bfbd220f,1a97fa6b-d600-4846-9753-b0a136b3812d,566cc6db-1be7-4dc4-9cef-0560d1daded8,3509e767-196d-42bb-9736-c376a35da7c6,3412.21,INR,success,2026-05-26 01:51:59.188285+00:00
7a101d99-d316-4f5a-9476-0b68aae855a1,1a97fa6b-d600-4846-9753-b0a136b3812d,566cc6db-1be7-4dc4-9cef-0560d1daded8,3509e767-196d-42bb-9736-c376a35da7c6,3620.98,INR,success,2026-05-26 13:12:14.112653+00:00
d7897a85-d508-4260-943d-78d62428c2e3,1a97fa6b-d600-4846-9753-b0a136b3812d,566cc6db-1be7-4dc4-9cef-0560d1daded8,3509e767-196d-42bb-9736-c376a35da7c6,3773.93,INR,success,2026-05-28 13:15:56.232036+00:00
192b6ec0-4fe5-4dc7-9ef9-87486b462cfc,1a97fa6b-d600-4846-9753-b0a136b3812d,566cc6db-1be7-4dc4-9cef-0560d1daded8,3509e767-196d-42bb-9736-c376a35da7c6,3626.65,INR,success,2026-05-28 14:49:17.094160+00:00
d6c374b8-b582-4f48-b106-9114c5902691,1a97fa6b-d600-4846-9753-b0a136b3812d,566cc6db-1be7-4dc4-9cef-0560d1daded8,3509e767-196d-42bb-9736-c376a35da7c6,3344.3,INR,success,2026-05-29 02:14:33.067098+00:00
01083bce-0429-4636-8398-6298555adfd7,1a97fa6b-d600-4846-9753-b0a136b3812d,566cc6db-1be7-4dc4-9cef-0560d1daded8,3509e767-196d-42bb-9736-c376a35da7c6,3470.21,INR,success,2026-05-30 15:36:01.150402+00:00
a6009be2-7601-4a4b-8110-9e0b0d5e88ed,1a97fa6b-d600-4846-9753-b0a136b3812d,566cc6db-1be7-4dc4-9cef-0560d1daded8,3509e767-196d-42bb-9736-c376a35da7c6,3446.65,INR,success,2026-05-31 02:14:32.286290+00:00
1fbdbdf2-1dce-4df4-8a34-43f122bd4b92,6b715552-4ed6-47a3-afc3-2cd9d50740dc,566cc6db-1be7-4dc4-9cef-0560d1daded8,3509e767-196d-42bb-9736-c376a35da7c6,3296.5,INR,success,2026-05-27 10:22:53.652648+00:00
cd61ac8c-77a3-4eca-a377-e372a2fcd7ef,6b715552-4ed6-47a3-afc3-2cd9d50740dc,566cc6db-1be7-4dc4-9cef-0560d1daded8,3509e767-196d-42bb-9736-c376a35da7c6,3454.62,INR,success,2026-05-30 03:04:15.726217+00:00
423ccfd8-a00e-48ce-9871-d4848ff7f57d,6b715552-4ed6-47a3-afc3-2cd9d50740dc,566cc6db-1be7-4dc4-9cef-0560d1daded8,3509e767-196d-42bb-9736-c376a35da7c6,3429.29,INR,success,2026-05-31 01:32:37.166689+00:00
281d3388-b489-4882-beb3-ed1ff48e4792,6b715552-4ed6-47a3-afc3-2cd9d50740dc,566cc6db-1be7-4dc4-9cef-0560d1daded8,3509e767-196d-42bb-9736-c376a35da7c6,3343.1,INR,success,2026-05-31 09:20:13.289447+00:00
45d7fbaf-c420-4c47-8208-cd9cf326c481,a8069626-94da-4d67-a404-0eecc3061ae1,566cc6db-1be7-4dc4-9cef-0560d1daded8,3509e767-196d-42bb-9736-c376a35da7c6,3379.71,INR,success,2026-05-27 05:14:07.267478+00:00
8ed9c119-3429-413e-886b-6778a3ab1938,a8069626-94da-4d67-a404-0eecc3061ae1,566cc6db-1be7-4dc4-9cef-0560d1daded8,3509e767-196d-42bb-9736-c376a35da7c6,3441.88,INR,success,2026-05-27 08:24:18.381960+00:00
ff46ef8e-263b-4b10-ac16-3a86a508b481,a8069626-94da-4d67-a404-0eecc3061ae1,566cc6db-1be7-4dc4-9cef-0560d1daded8,3509e767-196d-42bb-9736-c376a35da7c6,3450.39,INR,success,2026-05-27 09:48:39.582785+00:00
1370be16-e9ac-4af0-9bb2-cbf28782f1c1,a8069626-94da-4d67-a404-0eecc3061ae1,566cc6db-1be7-4dc4-9cef-0560d1daded8,3509e767-196d-42bb-9736-c376a35da7c6,3650.13,INR,success,2026-05-28 07:26:21.464433+00:00
60055888-6b39-4d1b-b4c8-9c432856fc2f,a8069626-94da-4d67-a404-0eecc3061ae1,566cc6db-1be7-4dc4-9cef-0560d1daded8,3509e767-196d-42bb-9736-c376a35da7c6,3654.83,INR,success,2026-05-31 07:26:44.417884+00:00
e6d0a7f1-157b-49ae-a6b8-f0560f489411,12d10ddd-8e5d-4d45-ac2c-662b6a55c061,0cb4e9d3-bcc2-4506-ba69-e371de6eb042,5596d129-9723-44af-a3ad-673cd0cca391,1962.76,INR,success,2026-04-03 12:38:45.368597+00:00
1dcdf1fe-659b-4673-ad4d-36fd1ad58d24,12d10ddd-8e5d-4d45-ac2c-662b6a55c061,0cb4e9d3-bcc2-4506-ba69-e371de6eb042,5596d129-9723-44af-a3ad-673cd0cca391,1731.59,INR,success,2026-04-03 14:28:21.189101+00:00
2cf521f1-0a02-4257-9fea-88e6830b3f3a,88db04dc-cb18-4419-b890-c5c7da9533aa,d95bd7b8-07d2-46a6-a7d8-a98a72de48b9,5596d129-9723-44af-a3ad-673cd0cca391,373.19,INR,success,2026-04-28 04:38:11.107642+00:00
1a4947f0-6dd9-49eb-8821-38b2a327b213,172371be-a5cd-440b-b3bd-fc6bcdf6a0b9,3b7c7d10-77f9-458a-acd6-d7852c0ce0b0,5596d129-9723-44af-a3ad-673cd0cca391,2634.7,INR,success,2026-04-06 14:19:35.276881+00:00
8e398259-461e-42de-9f19-8d0a006c7e6d,172371be-a5cd-440b-b3bd-fc6bcdf6a0b9,3b7c7d10-77f9-458a-acd6-d7852c0ce0b0,5596d129-9723-44af-a3ad-673cd0cca391,3083.77,INR,success,2026-04-07 04:30:41.997313+00:00
9dc24da8-a5a8-44b5-b0c5-a2cb71fe66d2,ac093b71-fd57-4661-b183-2536336ef6a6,8a353138-cac5-4421-8fae-543b1daa379d,5596d129-9723-44af-a3ad-673cd0cca391,665.33,INR,success,2026-05-10 00:38:06.490539+00:00
deee1b74-fc4d-4a31-982d-b5bbec1a0cbb,ac093b71-fd57-4661-b183-2536336ef6a6,8a353138-cac5-4421-8fae-543b1daa379d,5596d129-9723-44af-a3ad-673cd0cca391,856.94,INR,success,2026-05-10 10:17:32.269080+00:00
5befba1f-34e7-4510-a7b5-5f1a4717ffd1,5fd7374f-13da-4e30-9b80-f71482941767,5cd353c9-20da-4ab0-b50d-61e1693df22e,7d62d5d0-ca00-4a8d-820d-4d4c5cf7fcde,189.26,INR,success,2026-05-13 04:23:46.904385+00:00
885b1771-9c4f-4a75-8caa-0c4ee67dea6e,5fd7374f-13da-4e30-9b80-f71482941767,5cd353c9-20da-4ab0-b50d-61e1693df22e,7d62d5d0-ca00-4a8d-820d-4d4c5cf7fcde,2767.66,INR,success,2026-05-21 09:15:31.610680+00:00
cae38c21-497d-443a-b237-cef7078ed32c,5fd7374f-13da-4e30-9b80-f71482941767,5cd353c9-20da-4ab0-b50d-61e1693df22e,7d62d5d0-ca00-4a8d-820d-4d4c5cf7fcde,114.62,INR,success,2026-05-27 10:52:56.974949+00:00
d1d19fd3-d769-4a8a-8fe7-6ab192f2cf5b,ed445a96-c1a4-4c58-a426-307706040e5d,2eff4726-7164-4c5b-9707-6b0c26fa8ef4,cbdc0eb9-602f-42d7-a39e-3ba766cfcd1f,252.0,INR,success,2026-03-28 06:41:01.979086+00:00
9f87d021-bc4f-44a0-9ce0-b532e7669882,ed445a96-c1a4-4c58-a426-307706040e5d,2eff4726-7164-4c5b-9707-6b0c26fa8ef4,cbdc0eb9-602f-42d7-a39e-3ba766cfcd1f,4784.92,INR,success,2026-04-26 13:41:37.374543+00:00
8a42c07b-a5be-4a55-a3cd-75bd3eb9ecc0,ed445a96-c1a4-4c58-a426-307706040e5d,2eff4726-7164-4c5b-9707-6b0c26fa8ef4,cbdc0eb9-602f-42d7-a39e-3ba766cfcd1f,663.62,INR,success,2026-05-28 05:53:33.851834+00:00
a61badd5-2a88-4b64-812e-6f091156379f,aa95fde4-abf7-4299-8619-b2d288304f64,33f96637-2271-4517-97bf-4ffd97e611e4,f48caea5-8478-4f9f-ab7b-17d03caecae8,3294.71,INR,success,2026-03-22 19:56:20.341094+00:00
e257c582-7e79-4a66-9a63-ac37e4e73ecf,aa95fde4-abf7-4299-8619-b2d288304f64,33f96637-2271-4517-97bf-4ffd97e611e4,f48caea5-8478-4f9f-ab7b-17d03caecae8,4336.67,INR,success,2026-04-04 18:52:26.463505+00:00
7299ccc9-17ad-40a9-868e-50a5caba6f95,2026107a-d179-4520-92cd-f1be440ab139,d37f7d30-75fa-40f9-ab2a-4a5ee2d0b929,16701b5a-ff7d-482b-a17f-a54012b3dc97,747.8,INR,success,2026-04-17 17:02:43.340846+00:00
afb196bb-90a0-45c4-b134-a4d4b5b1cfed,2026107a-d179-4520-92cd-f1be440ab139,d37f7d30-75fa-40f9-ab2a-4a5ee2d0b929,16701b5a-ff7d-482b-a17f-a54012b3dc97,373.65,INR,success,2026-04-25 03:11:31.414357+00:00
0163a547-39ca-4553-a549-98b67378bb6d,6f468a59-e9cd-4d14-9b73-3d2ec09e67e6,c7987bf5-3cfb-44c5-bb95-ea7c32b3a312,d2a44785-7379-47da-a317-74a01e2b43b8,307.09,INR,success,2026-04-24 00:05:39.954506+00:00
155f047f-3926-43ed-acad-a91e968c0fb3,6f468a59-e9cd-4d14-9b73-3d2ec09e67e6,c7987bf5-3cfb-44c5-bb95-ea7c32b3a312,d2a44785-7379-47da-a317-74a01e2b43b8,345.76,INR,success,2026-05-13 10:04:34.173752+00:00
348f1e41-03fa-48a1-8b33-3b9e38be3736,6f468a59-e9cd-4d14-9b73-3d2ec09e67e6,c7987bf5-3cfb-44c5-bb95-ea7c32b3a312,d2a44785-7379-47da-a317-74a01e2b43b8,299.33,INR,success,2026-05-17 14:52:12.569594+00:00
bd83fbd8-0773-42ea-a0c6-94956ae94a2e,91499ac6-f5ee-4a58-9296-0e37094735df,61ab78a3-f5c9-4cc8-8192-fba34163b2d8,d2a44785-7379-47da-a317-74a01e2b43b8,292.05,INR,success,2026-05-09 21:21:42.644536+00:00
f2175e42-6920-49be-8ae7-817f574aa7f1,91499ac6-f5ee-4a58-9296-0e37094735df,61ab78a3-f5c9-4cc8-8192-fba34163b2d8,d2a44785-7379-47da-a317-74a01e2b43b8,321.12,INR,success,2026-05-18 03:56:47.026471+00:00
c8efe382-2128-402a-b993-6b3232c6395d,02ffb040-d80f-4c85-9550-9ae162c2cb19,b7be206f-9942-4a85-95d4-9cab2e95a5ab,d2a44785-7379-47da-a317-74a01e2b43b8,363.24,INR,success,2026-05-24 06:36:36.064085+00:00
ee48be65-b4d3-4d09-93ac-bdfd2ec13b56,44081dc4-9e0b-4dec-bcbe-c85b038f79d2,7fda9358-5b7d-42c0-8380-686a81d5ba6b,f425600a-af75-4581-8aaa-f46804e732fa,3186.24,INR,success,2026-05-25 02:31:58.315591+00:00
2914a8c5-13cd-4511-a1f4-bd3101e20016,390e9e83-6bc1-468e-b40c-ad567f0f4c6c,7fda9358-5b7d-42c0-8380-686a81d5ba6b,d18de5a9-016d-48ce-aff6-5534e5ba3f5a,3230.2,INR,success,2026-04-26 14:21:02.299748+00:00
b4194442-7c8c-4a3c-a899-25dfa6583de0,390e9e83-6bc1-468e-b40c-ad567f0f4c6c,7fda9358-5b7d-42c0-8380-686a81d5ba6b,d18de5a9-016d-48ce-aff6-5534e5ba3f5a,3512.17,INR,success,2026-04-26 14:21:37.593018+00:00
51d8a778-241d-450e-b18b-3786a08343f3,390e9e83-6bc1-468e-b40c-ad567f0f4c6c,7fda9358-5b7d-42c0-8380-686a81d5ba6b,d18de5a9-016d-48ce-aff6-5534e5ba3f5a,3358.98,INR,success,2026-04-26 15:54:36.301135+00:00
a21c60cc-7a59-466c-8abc-513bdd20fee3,ec08995f-90f6-4e32-bb6b-dabc7a0f8b8c,7fda9358-5b7d-42c0-8380-686a81d5ba6b,67807347-1ec0-4097-9fbf-c4c3054e87ff,3702.96,INR,success,2026-05-19 22:58:35.482278+00:00
43de3d6b-9790-47d8-b1be-2522d9aeedca,ec08995f-90f6-4e32-bb6b-dabc7a0f8b8c,7fda9358-5b7d-42c0-8380-686a81d5ba6b,67807347-1ec0-4097-9fbf-c4c3054e87ff,3611.45,INR,success,2026-05-21 11:45:58.572098+00:00
68787d0f-d7e1-4685-98b3-f54cd987da44,b9281dce-def7-42f1-9997-b4a8db06cf91,7fda9358-5b7d-42c0-8380-686a81d5ba6b,75d15c71-25e3-4523-a3a4-b4e14d317e37,3595.24,INR,success,2026-04-24 06:01:15.715492+00:00
af092776-0eb5-4078-b0ba-3a4946cb7c8b,3b71128b-f629-4d3b-93b1-acfae0e615b8,7fda9358-5b7d-42c0-8380-686a81d5ba6b,f96fb08a-10db-4fd7-806d-28cbd55a13bb,3446.7,INR,success,2026-05-23 08:20:19.715441+00:00
617f8e9c-4944-4d0e-8439-2111d8e01f52,3b71128b-f629-4d3b-93b1-acfae0e615b8,7fda9358-5b7d-42c0-8380-686a81d5ba6b,f96fb08a-10db-4fd7-806d-28cbd55a13bb,3790.08,INR,success,2026-05-23 14:13:22.344810+00:00
4517954d-98ed-4c11-a0ab-b4cab3f2015f,ef53575f-7cc7-4892-b479-a978be3871d3,7fda9358-5b7d-42c0-8380-686a81d5ba6b,47287f14-3cfd-4c74-929c-9c86f88e69db,3232.98,INR,success,2026-05-01 01:58:07.783850+00:00
d6c55678-49ad-43db-8645-18b7cced652f,ef53575f-7cc7-4892-b479-a978be3871d3,7fda9358-5b7d-42c0-8380-686a81d5ba6b,47287f14-3cfd-4c74-929c-9c86f88e69db,3565.75,INR,success,2026-05-01 07:09:30.738532+00:00
8a0936f9-c401-48e4-9126-ed0d3ebc5f59,5d8921e0-67ef-4026-9fa3-11740f1f459b,7fda9358-5b7d-42c0-8380-686a81d5ba6b,557ae4ea-b411-4091-9cad-34e54ce95021,3543.43,INR,success,2026-05-26 13:45:23.337934+00:00
8470c77b-3a84-4e20-b4f8-d2651ff8546b,5d8921e0-67ef-4026-9fa3-11740f1f459b,7fda9358-5b7d-42c0-8380-686a81d5ba6b,557ae4ea-b411-4091-9cad-34e54ce95021,3544.78,INR,success,2026-05-26 17:13:38.211851+00:00
2ceb10eb-3054-46d9-8498-8a86d2aba325,5d8921e0-67ef-4026-9fa3-11740f1f459b,7fda9358-5b7d-42c0-8380-686a81d5ba6b,557ae4ea-b411-4091-9cad-34e54ce95021,3593.61,INR,success,2026-05-26 18:07:04.969386+00:00
c4818abc-4713-4024-a54d-4a5a416831df,05e0b383-e5f3-4e61-942d-b4e717a589f5,6411ce6d-58b0-4f44-bb84-f5750b31e113,0443f056-8a19-4481-8eeb-9849405de9ab,3895.25,INR,success,2026-04-21 07:37:16.192434+00:00
53b5edfc-355b-4303-8615-10f3c49ef540,05e0b383-e5f3-4e61-942d-b4e717a589f5,6411ce6d-58b0-4f44-bb84-f5750b31e113,0443f056-8a19-4481-8eeb-9849405de9ab,3793.29,INR,success,2026-04-21 13:38:53.147064+00:00
3fd0fc45-d7f2-4ce8-b5b5-1feace77bda3,05e0b383-e5f3-4e61-942d-b4e717a589f5,6411ce6d-58b0-4f44-bb84-f5750b31e113,0443f056-8a19-4481-8eeb-9849405de9ab,3800.23,INR,success,2026-04-22 02:55:23.687528+00:00
62169bce-62db-4aab-acec-c1da2dce638d,05e0b383-e5f3-4e61-942d-b4e717a589f5,6411ce6d-58b0-4f44-bb84-f5750b31e113,0443f056-8a19-4481-8eeb-9849405de9ab,3911.38,INR,success,2026-04-22 05:35:57.236489+00:00
adffde24-c68c-453d-8c1b-86ea8c3a76aa,47c65d9a-0c50-4542-88da-e1126e114811,38a78f20-82dd-4632-9a77-b6a9a7f41f93,0443f056-8a19-4481-8eeb-9849405de9ab,4165.0,INR,success,2026-05-04 10:45:22.544047+00:00
ec978d7b-95c9-4a60-8ba1-3f2106a12195,47c65d9a-0c50-4542-88da-e1126e114811,38a78f20-82dd-4632-9a77-b6a9a7f41f93,0443f056-8a19-4481-8eeb-9849405de9ab,3670.43,INR,success,2026-05-04 13:47:42.895321+00:00
88708891-5bab-4df8-abb8-825be11850b6,47c65d9a-0c50-4542-88da-e1126e114811,38a78f20-82dd-4632-9a77-b6a9a7f41f93,0443f056-8a19-4481-8eeb-9849405de9ab,3768.04,INR,success,2026-05-04 19:04:07.582932+00:00
7bc17ca8-4449-4aff-9bed-116aa6f315fa,47c65d9a-0c50-4542-88da-e1126e114811,38a78f20-82dd-4632-9a77-b6a9a7f41f93,0443f056-8a19-4481-8eeb-9849405de9ab,3892.51,INR,success,2026-05-04 22:25:00.274752+00:00
72755d7a-28ea-4b8b-aa49-23e7cdd61d8f,47c65d9a-0c50-4542-88da-e1126e114811,38a78f20-82dd-4632-9a77-b6a9a7f41f93,0443f056-8a19-4481-8eeb-9849405de9ab,3818.54,INR,success,2026-05-04 23:29:53.820565+00:00
e9d7dfb8-4027-4ec5-b95f-b16bed0dbf91,47c65d9a-0c50-4542-88da-e1126e114811,38a78f20-82dd-4632-9a77-b6a9a7f41f93,0443f056-8a19-4481-8eeb-9849405de9ab,3839.0,INR,success,2026-05-05 02:06:01.423068+00:00
2bc5bd19-3793-4de5-bce3-f86571747e79,84bede68-c3f7-4356-ad19-ce645d8710fb,c7a8413d-33a8-4e24-bf5c-357f4d736540,0443f056-8a19-4481-8eeb-9849405de9ab,3891.57,INR,success,2026-04-20 21:42:11.460178+00:00
c8f3452d-1684-4abe-8bc1-902bd7db71bd,84bede68-c3f7-4356-ad19-ce645d8710fb,c7a8413d-33a8-4e24-bf5c-357f4d736540,0443f056-8a19-4481-8eeb-9849405de9ab,3860.02,INR,success,2026-04-20 22:59:12.301904+00:00
08cbbe92-376f-42bf-89f3-e8ebc685a994,84bede68-c3f7-4356-ad19-ce645d8710fb,c7a8413d-33a8-4e24-bf5c-357f4d736540,0443f056-8a19-4481-8eeb-9849405de9ab,3922.35,INR,success,2026-04-20 23:18:19.964582+00:00
ad7bae8f-e10b-4f1d-8460-4a5d7d9ce3f8,84bede68-c3f7-4356-ad19-ce645d8710fb,c7a8413d-33a8-4e24-bf5c-357f4d736540,0443f056-8a19-4481-8eeb-9849405de9ab,3742.62,INR,success,2026-04-21 00:09:03.121485+00:00
320e5cda-2909-419e-818f-51eaf449885f,84bede68-c3f7-4356-ad19-ce645d8710fb,c7a8413d-33a8-4e24-bf5c-357f4d736540,0443f056-8a19-4481-8eeb-9849405de9ab,4105.57,INR,success,2026-04-21 03:26:19.602510+00:00
2e63577c-4c0a-4706-928d-daaae421b5f1,84bede68-c3f7-4356-ad19-ce645d8710fb,c7a8413d-33a8-4e24-bf5c-357f4d736540,0443f056-8a19-4481-8eeb-9849405de9ab,3862.35,INR,success,2026-04-21 03:38:07.391843+00:00
a242c941-0680-4034-9ea9-0aa0e6163865,84bede68-c3f7-4356-ad19-ce645d8710fb,c7a8413d-33a8-4e24-bf5c-357f4d736540,0443f056-8a19-4481-8eeb-9849405de9ab,4142.76,INR,success,2026-04-21 06:30:21.672854+00:00
5c3b87d4-dac4-46c8-b074-80c3e16e1033,efcb7ec0-5280-4c82-b2ad-f342d5ffbced,ce8b69d1-f7e1-4057-aff8-f7b2db9d39e3,0443f056-8a19-4481-8eeb-9849405de9ab,4027.19,INR,success,2026-05-05 19:27:12.640235+00:00
a6e33fd8-d4fd-405d-9947-b5821eebdd41,efcb7ec0-5280-4c82-b2ad-f342d5ffbced,ce8b69d1-f7e1-4057-aff8-f7b2db9d39e3,0443f056-8a19-4481-8eeb-9849405de9ab,3696.96,INR,success,2026-05-05 22:42:27.988357+00:00
22694d4c-edb6-4aac-b94f-f4ae466d95ed,efcb7ec0-5280-4c82-b2ad-f342d5ffbced,ce8b69d1-f7e1-4057-aff8-f7b2db9d39e3,0443f056-8a19-4481-8eeb-9849405de9ab,3366.61,INR,success,2026-05-06 11:44:05.983904+00:00
264e742e-0eca-48c9-8113-24711016a8c2,efcb7ec0-5280-4c82-b2ad-f342d5ffbced,ce8b69d1-f7e1-4057-aff8-f7b2db9d39e3,0443f056-8a19-4481-8eeb-9849405de9ab,3991.83,INR,success,2026-05-06 13:52:00.531609+00:00
8022185c-279e-4185-bcdd-f431007168ca,efcb7ec0-5280-4c82-b2ad-f342d5ffbced,ce8b69d1-f7e1-4057-aff8-f7b2db9d39e3,0443f056-8a19-4481-8eeb-9849405de9ab,3330.52,INR,success,2026-05-06 14:21:52.413452+00:00
049d89d5-d20a-477a-8844-4d7ef391e700,f8ea71c9-41af-4ce7-a79d-1002123ec659,e1e1dafd-f860-423c-bc7d-b5232aea8ff9,0443f056-8a19-4481-8eeb-9849405de9ab,4123.42,INR,success,2026-05-10 13:52:18.106864+00:00
205d3829-580f-4a8b-8aeb-1acfb76a3629,f8ea71c9-41af-4ce7-a79d-1002123ec659,e1e1dafd-f860-423c-bc7d-b5232aea8ff9,0443f056-8a19-4481-8eeb-9849405de9ab,4303.07,INR,success,2026-05-10 14:22:28.081189+00:00
21558dc2-49fd-4005-9070-386932b237cb,f8ea71c9-41af-4ce7-a79d-1002123ec659,e1e1dafd-f860-423c-bc7d-b5232aea8ff9,0443f056-8a19-4481-8eeb-9849405de9ab,4420.5,INR,success,2026-05-10 15:45:06.446560+00:00
eed24896-750e-429e-81a7-3d6ec65638a3,f8ea71c9-41af-4ce7-a79d-1002123ec659,e1e1dafd-f860-423c-bc7d-b5232aea8ff9,0443f056-8a19-4481-8eeb-9849405de9ab,4109.36,INR,success,2026-05-10 20:22:25.010578+00:00
44b480d5-4ff0-44af-ba28-b05ce8ce8df2,f8ea71c9-41af-4ce7-a79d-1002123ec659,e1e1dafd-f860-423c-bc7d-b5232aea8ff9,0443f056-8a19-4481-8eeb-9849405de9ab,3872.24,INR,success,2026-05-10 23:06:18.184913+00:00
46125409-daeb-41b8-92f0-4fccec7470a0,f8ea71c9-41af-4ce7-a79d-1002123ec659,e1e1dafd-f860-423c-bc7d-b5232aea8ff9,0443f056-8a19-4481-8eeb-9849405de9ab,4717.67,INR,success,2026-05-11 06:19:13.314337+00:00
73b13b83-a215-4fa1-b4b6-66d09fa8d64f,f8ea71c9-41af-4ce7-a79d-1002123ec659,e1e1dafd-f860-423c-bc7d-b5232aea8ff9,0443f056-8a19-4481-8eeb-9849405de9ab,4124.57,INR,success,2026-05-11 06:23:22.291413+00:00
0f3af548-f687-4eea-8750-b21fffdc03c9,f8ea71c9-41af-4ce7-a79d-1002123ec659,e1e1dafd-f860-423c-bc7d-b5232aea8ff9,0443f056-8a19-4481-8eeb-9849405de9ab,3638.24,INR,success,2026-05-11 09:37:00.280806+00:00
ea9a7fa3-a734-419b-a2e4-a2b78457a9d6,1bf71154-3fa6-4fd7-a95d-afd92f66bade,cec399c7-80c7-49b5-bcc2-d6f21163675d,0443f056-8a19-4481-8eeb-9849405de9ab,4058.85,INR,success,2026-05-10 15:46:47.736909+00:00
78c985e3-02ec-4e68-84ef-bb6b2cd0b28b,1bf71154-3fa6-4fd7-a95d-afd92f66bade,cec399c7-80c7-49b5-bcc2-d6f21163675d,0443f056-8a19-4481-8eeb-9849405de9ab,3866.78,INR,success,2026-05-10 18:38:46.961954+00:00
cc9da198-23c2-4066-a7d6-5239e8a33595,1bf71154-3fa6-4fd7-a95d-afd92f66bade,cec399c7-80c7-49b5-bcc2-d6f21163675d,0443f056-8a19-4481-8eeb-9849405de9ab,3839.38,INR,success,2026-05-11 04:40:14.846318+00:00
9de98742-6e93-4d2e-a2ba-9f7396bbc509,1bf71154-3fa6-4fd7-a95d-afd92f66bade,cec399c7-80c7-49b5-bcc2-d6f21163675d,0443f056-8a19-4481-8eeb-9849405de9ab,3793.95,INR,success,2026-05-11 05:41:43.754795+00:00
796d63d7-5f1b-4f3f-9e25-f0c7542278e1,1bf71154-3fa6-4fd7-a95d-afd92f66bade,cec399c7-80c7-49b5-bcc2-d6f21163675d,0443f056-8a19-4481-8eeb-9849405de9ab,3293.89,INR,success,2026-05-11 06:32:43.187229+00:00
7968f42c-726f-4e8a-8c92-b93ca74e803b,1bf71154-3fa6-4fd7-a95d-afd92f66bade,cec399c7-80c7-49b5-bcc2-d6f21163675d,0443f056-8a19-4481-8eeb-9849405de9ab,3703.13,INR,success,2026-05-11 08:01:45.555056+00:00
79c56d0c-e1f3-483e-ae30-dc7d6d17b3b8,1bf71154-3fa6-4fd7-a95d-afd92f66bade,cec399c7-80c7-49b5-bcc2-d6f21163675d,0443f056-8a19-4481-8eeb-9849405de9ab,4140.6,INR,success,2026-05-11 10:53:39.568809+00:00
cd82934d-1bb7-4546-b077-a9c8c75e4e9d,1bf71154-3fa6-4fd7-a95d-afd92f66bade,cec399c7-80c7-49b5-bcc2-d6f21163675d,0443f056-8a19-4481-8eeb-9849405de9ab,3500.71,INR,success,2026-05-11 12:53:54.219775+00:00
04fbd173-cbb8-49ca-bcc9-5b7f6daa802e,1bf71154-3fa6-4fd7-a95d-afd92f66bade,cec399c7-80c7-49b5-bcc2-d6f21163675d,0443f056-8a19-4481-8eeb-9849405de9ab,3962.7,INR,success,2026-05-11 20:23:04.280346+00:00
2b608cd7-8529-4da3-b477-be1e301b2e4f,015cc2a9-fa26-426b-a89e-e5b309dad609,e9694603-b342-45b9-b89d-005ef2b3af52,8cd38d6a-2063-44c8-9041-fdbbadb0c416,3135.29,INR,success,2026-05-07 07:12:31.698837+00:00
e09e06ee-84e7-4741-922e-901a4eb20b67,015cc2a9-fa26-426b-a89e-e5b309dad609,e9694603-b342-45b9-b89d-005ef2b3af52,8cd38d6a-2063-44c8-9041-fdbbadb0c416,2296.54,INR,success,2026-05-23 06:07:32.370383+00:00
36ec0f89-bc8b-47b5-a78d-4fa7ba416fc1,dc5c00b6-c741-42ea-ac19-ab68126a4d76,4b2e4acc-3969-432d-aa8c-fe22ebab0e4e,caef5406-fa1c-4139-af09-99fd4ab91692,783.61,INR,success,2026-05-26 05:44:15.646544+00:00
b15bf87a-03d3-4dd0-a1ad-ecc2d789df41,dc5c00b6-c741-42ea-ac19-ab68126a4d76,4b2e4acc-3969-432d-aa8c-fe22ebab0e4e,caef5406-fa1c-4139-af09-99fd4ab91692,939.49,INR,success,2026-05-26 06:23:12.806291+00:00
7b12cb84-0b33-4d67-9985-f5a2fe6be926,dc5c00b6-c741-42ea-ac19-ab68126a4d76,4b2e4acc-3969-432d-aa8c-fe22ebab0e4e,caef5406-fa1c-4139-af09-99fd4ab91692,721.7,INR,success,2026-05-26 08:25:31.782276+00:00
d767c786-2045-4012-99a3-a494aaf5d76f,dc5c00b6-c741-42ea-ac19-ab68126a4d76,4b2e4acc-3969-432d-aa8c-fe22ebab0e4e,caef5406-fa1c-4139-af09-99fd4ab91692,725.95,INR,success,2026-05-26 13:11:50.330556+00:00
9fe49216-5a3f-4ceb-b34f-aad8e187bd8a,dc5c00b6-c741-42ea-ac19-ab68126a4d76,4b2e4acc-3969-432d-aa8c-fe22ebab0e4e,caef5406-fa1c-4139-af09-99fd4ab91692,917.44,INR,success,2026-05-26 14:38:19.440532+00:00
9a6d6b45-b3e4-4b40-8b4f-706e2605649e,dc5c00b6-c741-42ea-ac19-ab68126a4d76,4b2e4acc-3969-432d-aa8c-fe22ebab0e4e,caef5406-fa1c-4139-af09-99fd4ab91692,817.66,INR,success,2026-05-26 16:28:05.195367+00:00
3a66dc0a-2351-48e0-8beb-764e28823ce9,dc5c00b6-c741-42ea-ac19-ab68126a4d76,4b2e4acc-3969-432d-aa8c-fe22ebab0e4e,caef5406-fa1c-4139-af09-99fd4ab91692,873.62,INR,success,2026-05-26 16:32:43.950279+00:00
1994cbd9-127e-4bca-9062-e8b577d7122f,c731b7ae-ec1b-48dd-9ee6-4133cda99bb6,4b2e4acc-3969-432d-aa8c-fe22ebab0e4e,caef5406-fa1c-4139-af09-99fd4ab91692,888.12,INR,success,2026-05-16 02:54:59.649342+00:00
e40165cf-a4d6-4d44-8e65-bc771b07b7a8,c731b7ae-ec1b-48dd-9ee6-4133cda99bb6,4b2e4acc-3969-432d-aa8c-fe22ebab0e4e,caef5406-fa1c-4139-af09-99fd4ab91692,784.69,INR,success,2026-05-16 03:29:34.929320+00:00
9580687b-a508-4ba9-98fa-9f7ea2ac4a8a,c731b7ae-ec1b-48dd-9ee6-4133cda99bb6,4b2e4acc-3969-432d-aa8c-fe22ebab0e4e,caef5406-fa1c-4139-af09-99fd4ab91692,808.75,INR,success,2026-05-16 16:25:47.476610+00:00
1822bd97-d5fe-4fa7-8349-8841fa5f7b72,c731b7ae-ec1b-48dd-9ee6-4133cda99bb6,4b2e4acc-3969-432d-aa8c-fe22ebab0e4e,caef5406-fa1c-4139-af09-99fd4ab91692,899.88,INR,success,2026-05-16 17:42:00.214708+00:00
4a037475-c290-49fa-beac-bdea735fc574,c731b7ae-ec1b-48dd-9ee6-4133cda99bb6,4b2e4acc-3969-432d-aa8c-fe22ebab0e4e,caef5406-fa1c-4139-af09-99fd4ab91692,834.84,INR,success,2026-05-16 17:47:45.281977+00:00
55c01b58-6480-46e4-835c-16460361c7c9,c731b7ae-ec1b-48dd-9ee6-4133cda99bb6,4b2e4acc-3969-432d-aa8c-fe22ebab0e4e,caef5406-fa1c-4139-af09-99fd4ab91692,880.29,INR,success,2026-05-16 23:16:24.655042+00:00
35529cf3-3fcb-4243-93e3-2a8a22d8102c,c731b7ae-ec1b-48dd-9ee6-4133cda99bb6,4b2e4acc-3969-432d-aa8c-fe22ebab0e4e,caef5406-fa1c-4139-af09-99fd4ab91692,864.02,INR,success,2026-05-17 05:15:34.535748+00:00
0ffd7a00-f79a-4e00-933e-c130451db5d7,ae365678-8c11-4789-9fba-ead7ba8f1384,2782d17c-c192-4d3d-ab1f-b00af2b12023,28e3cbda-5493-4f16-b1f1-36eca34ef6b2,5400.4,INR,success,2026-04-16 04:30:04.200109+00:00
06df6d0d-66f6-4e0c-bf7e-f015da4b5e3f,6da2e053-7f66-4873-9fb2-bde1744de8f3,4b2e4acc-3969-432d-aa8c-fe22ebab0e4e,caef5406-fa1c-4139-af09-99fd4ab91692,858.56,INR,success,2026-05-17 20:44:47.770864+00:00
0ae73607-c720-4647-9b22-046168182fcf,6da2e053-7f66-4873-9fb2-bde1744de8f3,4b2e4acc-3969-432d-aa8c-fe22ebab0e4e,caef5406-fa1c-4139-af09-99fd4ab91692,885.97,INR,success,2026-05-17 22:02:10.643710+00:00
5e55128a-522b-42a9-a15e-e303b8822cae,6da2e053-7f66-4873-9fb2-bde1744de8f3,4b2e4acc-3969-432d-aa8c-fe22ebab0e4e,caef5406-fa1c-4139-af09-99fd4ab91692,859.57,INR,success,2026-05-17 23:04:45.699700+00:00
152f7299-9f70-4385-acce-9163efbd881e,6da2e053-7f66-4873-9fb2-bde1744de8f3,4b2e4acc-3969-432d-aa8c-fe22ebab0e4e,caef5406-fa1c-4139-af09-99fd4ab91692,927.79,INR,success,2026-05-18 07:11:29.852971+00:00
1533c957-96a1-43c3-9116-eb6ece8b8882,6da2e053-7f66-4873-9fb2-bde1744de8f3,4b2e4acc-3969-432d-aa8c-fe22ebab0e4e,caef5406-fa1c-4139-af09-99fd4ab91692,823.6,INR,success,2026-05-18 09:12:35.977889+00:00
e4295a85-462d-489e-aecf-be8608ae3ff0,6da2e053-7f66-4873-9fb2-bde1744de8f3,4b2e4acc-3969-432d-aa8c-fe22ebab0e4e,caef5406-fa1c-4139-af09-99fd4ab91692,910.56,INR,success,2026-05-18 14:51:59.427070+00:00
de4c74bf-3a9a-46d2-93dc-1557f8972a86,6da2e053-7f66-4873-9fb2-bde1744de8f3,4b2e4acc-3969-432d-aa8c-fe22ebab0e4e,caef5406-fa1c-4139-af09-99fd4ab91692,778.93,INR,success,2026-05-18 16:37:09.013708+00:00
7461961c-fd2c-4d02-9ae9-9727832e74d9,78f78c9e-c982-47a4-b49c-c916e3d5337a,4b2e4acc-3969-432d-aa8c-fe22ebab0e4e,caef5406-fa1c-4139-af09-99fd4ab91692,840.89,INR,success,2026-05-24 08:37:14.194159+00:00
38cd9ad3-1ae4-47f8-b201-38d4002f7336,78f78c9e-c982-47a4-b49c-c916e3d5337a,4b2e4acc-3969-432d-aa8c-fe22ebab0e4e,caef5406-fa1c-4139-af09-99fd4ab91692,897.85,INR,success,2026-05-24 10:06:46.296077+00:00
ba10b43c-e716-45ac-ac56-09403f0c6138,78f78c9e-c982-47a4-b49c-c916e3d5337a,4b2e4acc-3969-432d-aa8c-fe22ebab0e4e,caef5406-fa1c-4139-af09-99fd4ab91692,816.46,INR,success,2026-05-24 16:10:45.838338+00:00
3ee8860c-f540-4b21-a9ce-e81fb639efb9,78f78c9e-c982-47a4-b49c-c916e3d5337a,4b2e4acc-3969-432d-aa8c-fe22ebab0e4e,caef5406-fa1c-4139-af09-99fd4ab91692,843.03,INR,success,2026-05-25 00:42:03.466937+00:00
9b3d42ff-aa65-4abb-ba68-070a7adbf3f0,78f78c9e-c982-47a4-b49c-c916e3d5337a,4b2e4acc-3969-432d-aa8c-fe22ebab0e4e,caef5406-fa1c-4139-af09-99fd4ab91692,936.58,INR,success,2026-05-25 05:35:34.916137+00:00
78a2299e-e839-4439-b34e-4c83729a69bd,78f78c9e-c982-47a4-b49c-c916e3d5337a,4b2e4acc-3969-432d-aa8c-fe22ebab0e4e,caef5406-fa1c-4139-af09-99fd4ab91692,843.98,INR,success,2026-05-25 06:17:42.635332+00:00
dcf91e81-1ad2-4821-84e2-1bd049575ee1,78f78c9e-c982-47a4-b49c-c916e3d5337a,4b2e4acc-3969-432d-aa8c-fe22ebab0e4e,caef5406-fa1c-4139-af09-99fd4ab91692,941.56,INR,success,2026-05-25 18:04:35.635539+00:00
de1ff781-3530-4a1a-bdaf-a7df7485ad4a,237f00a9-3d75-4303-99c5-58018d279798,4b2e4acc-3969-432d-aa8c-fe22ebab0e4e,caef5406-fa1c-4139-af09-99fd4ab91692,869.09,INR,success,2026-05-19 03:24:48.422843+00:00
2f1c1be4-f409-45b5-a90c-5f12a2c2e767,237f00a9-3d75-4303-99c5-58018d279798,4b2e4acc-3969-432d-aa8c-fe22ebab0e4e,caef5406-fa1c-4139-af09-99fd4ab91692,823.67,INR,success,2026-05-19 14:53:04.188451+00:00
ac7113d9-144d-4bd3-8c06-2c80ce69a606,237f00a9-3d75-4303-99c5-58018d279798,4b2e4acc-3969-432d-aa8c-fe22ebab0e4e,caef5406-fa1c-4139-af09-99fd4ab91692,860.83,INR,success,2026-05-19 21:12:08.675633+00:00
c590b828-a06e-4a6b-a98b-b0e549a05c74,237f00a9-3d75-4303-99c5-58018d279798,4b2e4acc-3969-432d-aa8c-fe22ebab0e4e,caef5406-fa1c-4139-af09-99fd4ab91692,833.72,INR,success,2026-05-20 02:30:52.469508+00:00
bb3b9b56-9595-4f37-9f6d-3214834d771c,237f00a9-3d75-4303-99c5-58018d279798,4b2e4acc-3969-432d-aa8c-fe22ebab0e4e,caef5406-fa1c-4139-af09-99fd4ab91692,741.26,INR,success,2026-05-20 11:40:12.329060+00:00
291c4753-f7f7-4ffa-89d5-0c2ab6cf88d9,237f00a9-3d75-4303-99c5-58018d279798,4b2e4acc-3969-432d-aa8c-fe22ebab0e4e,caef5406-fa1c-4139-af09-99fd4ab91692,822.61,INR,success,2026-05-20 12:02:13.880557+00:00
8be2cb15-63d4-485d-bcd1-5ba71eba764c,817527c3-55f9-419f-9d48-e0cc51319aa1,5030d1cf-1894-46e1-bcb1-f87146451dd8,557e9481-377b-4b40-a05f-ba0c7cf7706c,2623.08,INR,success,2026-05-12 21:49:04.800147+00:00
cec79a42-0643-4530-abf7-cf139397f78e,817527c3-55f9-419f-9d48-e0cc51319aa1,5030d1cf-1894-46e1-bcb1-f87146451dd8,557e9481-377b-4b40-a05f-ba0c7cf7706c,2650.84,INR,success,2026-05-13 05:41:49.269709+00:00
45d6e92e-fe7d-4a22-8d8d-ca0c2a392ca0,817527c3-55f9-419f-9d48-e0cc51319aa1,5030d1cf-1894-46e1-bcb1-f87146451dd8,557e9481-377b-4b40-a05f-ba0c7cf7706c,2965.61,INR,success,2026-05-13 09:55:39.712107+00:00
eccf4ff7-a00e-40d7-a91d-0b74b2209ac2,817527c3-55f9-419f-9d48-e0cc51319aa1,5030d1cf-1894-46e1-bcb1-f87146451dd8,557e9481-377b-4b40-a05f-ba0c7cf7706c,2649.98,INR,success,2026-05-13 17:21:39.453205+00:00
fbd7df19-0fa0-451a-85d5-cbcfb8b0f028,817527c3-55f9-419f-9d48-e0cc51319aa1,5030d1cf-1894-46e1-bcb1-f87146451dd8,557e9481-377b-4b40-a05f-ba0c7cf7706c,3008.46,INR,success,2026-05-13 17:38:32.545276+00:00
615e86a6-3530-4853-9bf4-a2bd8c4bee9e,817527c3-55f9-419f-9d48-e0cc51319aa1,5030d1cf-1894-46e1-bcb1-f87146451dd8,557e9481-377b-4b40-a05f-ba0c7cf7706c,2700.29,INR,success,2026-05-13 17:38:43.219109+00:00
9cfb2aed-18a4-4883-b567-0823137836cd,817527c3-55f9-419f-9d48-e0cc51319aa1,5030d1cf-1894-46e1-bcb1-f87146451dd8,557e9481-377b-4b40-a05f-ba0c7cf7706c,2657.55,INR,success,2026-05-13 19:39:14.606099+00:00
1d9792a7-b61d-44eb-8a9c-bc2082c298b2,817527c3-55f9-419f-9d48-e0cc51319aa1,5030d1cf-1894-46e1-bcb1-f87146451dd8,557e9481-377b-4b40-a05f-ba0c7cf7706c,2846.22,INR,success,2026-05-14 02:09:14.367690+00:00
694d3a7b-51b8-43f1-937a-c004193836d0,817527c3-55f9-419f-9d48-e0cc51319aa1,5030d1cf-1894-46e1-bcb1-f87146451dd8,557e9481-377b-4b40-a05f-ba0c7cf7706c,2891.53,INR,success,2026-05-14 04:13:27.088220+00:00
993e1a7c-64bd-4fd1-8b93-5fcfc0048cfc,cb8c49a7-126c-4a6b-906e-96eb4fd65bd0,5030d1cf-1894-46e1-bcb1-f87146451dd8,2a2d1e72-aa29-4588-a8d5-a91d768a563e,2720.49,INR,success,2026-04-06 18:33:10.079706+00:00
a4dfd957-f7c9-499b-a221-1a77fd84f828,cb8c49a7-126c-4a6b-906e-96eb4fd65bd0,5030d1cf-1894-46e1-bcb1-f87146451dd8,2a2d1e72-aa29-4588-a8d5-a91d768a563e,2543.47,INR,success,2026-04-07 07:05:46.060876+00:00
943945ac-eb4c-4a12-9993-69765125a4e7,cb8c49a7-126c-4a6b-906e-96eb4fd65bd0,5030d1cf-1894-46e1-bcb1-f87146451dd8,2a2d1e72-aa29-4588-a8d5-a91d768a563e,2486.85,INR,success,2026-04-07 08:29:46.267107+00:00
7ae8f033-ccca-438f-8b60-ddf0db91605f,cb8c49a7-126c-4a6b-906e-96eb4fd65bd0,5030d1cf-1894-46e1-bcb1-f87146451dd8,2a2d1e72-aa29-4588-a8d5-a91d768a563e,2611.27,INR,success,2026-04-07 14:18:25.113488+00:00
f89af375-2a1a-453c-ad7b-7b4638a931e1,d25b303f-6512-4792-89e0-6df2681685ed,5030d1cf-1894-46e1-bcb1-f87146451dd8,842ac4c5-b781-411b-bb8e-1fecbb0e511d,2638.4,INR,success,2026-05-04 08:48:43.608183+00:00
fc153827-be62-4ca6-98b9-82661ec4e55c,d25b303f-6512-4792-89e0-6df2681685ed,5030d1cf-1894-46e1-bcb1-f87146451dd8,842ac4c5-b781-411b-bb8e-1fecbb0e511d,2734.43,INR,success,2026-05-04 10:14:29.532040+00:00
8caf6c46-4b3c-487a-a319-e9bba117d3f6,d25b303f-6512-4792-89e0-6df2681685ed,5030d1cf-1894-46e1-bcb1-f87146451dd8,842ac4c5-b781-411b-bb8e-1fecbb0e511d,2840.0,INR,success,2026-05-04 11:14:16.797824+00:00
63d120cd-76da-45f0-a5f9-f4e367c3e9d9,d25b303f-6512-4792-89e0-6df2681685ed,5030d1cf-1894-46e1-bcb1-f87146451dd8,842ac4c5-b781-411b-bb8e-1fecbb0e511d,2688.47,INR,success,2026-05-04 15:23:54.763939+00:00
ec971219-c231-4a96-bbd0-778e6af14f2e,d25b303f-6512-4792-89e0-6df2681685ed,5030d1cf-1894-46e1-bcb1-f87146451dd8,842ac4c5-b781-411b-bb8e-1fecbb0e511d,2822.86,INR,success,2026-05-04 18:06:30.115360+00:00
23348926-69c6-4566-b53a-0cc3c30cbe62,e32e00a6-e7f5-4661-a66b-21c4c3c6de4f,67032e42-3235-4e70-99e2-be95412543c9,443ed3ff-54b0-4174-9664-7af036037070,442.08,INR,success,2026-05-03 10:11:32.448709+00:00
eb4c8f64-6e9c-46a5-8e4c-54a8bf6aee08,e32e00a6-e7f5-4661-a66b-21c4c3c6de4f,67032e42-3235-4e70-99e2-be95412543c9,443ed3ff-54b0-4174-9664-7af036037070,428.25,INR,success,2026-05-03 17:31:41.866668+00:00
22dc6e9c-aefd-46d1-9f9f-c6d9c6fd0696,e32e00a6-e7f5-4661-a66b-21c4c3c6de4f,67032e42-3235-4e70-99e2-be95412543c9,443ed3ff-54b0-4174-9664-7af036037070,466.02,INR,success,2026-05-03 18:53:45.737145+00:00
c03b5397-f201-4619-a5ed-625794f63b00,e32e00a6-e7f5-4661-a66b-21c4c3c6de4f,67032e42-3235-4e70-99e2-be95412543c9,443ed3ff-54b0-4174-9664-7af036037070,405.15,INR,success,2026-05-04 01:42:08.267143+00:00
5cf9c35e-1b5a-457f-9f6f-e8c6f9007eec,e32e00a6-e7f5-4661-a66b-21c4c3c6de4f,67032e42-3235-4e70-99e2-be95412543c9,443ed3ff-54b0-4174-9664-7af036037070,422.39,INR,success,2026-05-04 01:53:49.144481+00:00
6e5cf8b3-4ab5-48d9-90d1-b11c215251f0,e32e00a6-e7f5-4661-a66b-21c4c3c6de4f,67032e42-3235-4e70-99e2-be95412543c9,443ed3ff-54b0-4174-9664-7af036037070,400.15,INR,success,2026-05-04 05:13:28.577234+00:00
41ce0199-e296-4585-be7c-04bdf03d50a2,e32e00a6-e7f5-4661-a66b-21c4c3c6de4f,67032e42-3235-4e70-99e2-be95412543c9,443ed3ff-54b0-4174-9664-7af036037070,518.58,INR,success,2026-05-04 12:57:33.109332+00:00
97b8d70b-cc4a-47c0-abbe-e38212add6f6,290322fd-b5c1-4adf-bf5a-a6b5b10cf7f8,67032e42-3235-4e70-99e2-be95412543c9,859aba69-1df5-4851-aed4-7483037d626b,446.83,INR,success,2026-05-11 22:48:01.840494+00:00
db7a3382-f1ed-47b2-9bcd-76b5505fddf8,290322fd-b5c1-4adf-bf5a-a6b5b10cf7f8,67032e42-3235-4e70-99e2-be95412543c9,859aba69-1df5-4851-aed4-7483037d626b,508.04,INR,success,2026-05-12 03:24:35.391906+00:00
d4709b74-fc50-48d5-9c28-df772923f246,290322fd-b5c1-4adf-bf5a-a6b5b10cf7f8,67032e42-3235-4e70-99e2-be95412543c9,859aba69-1df5-4851-aed4-7483037d626b,507.22,INR,success,2026-05-12 06:17:26.668811+00:00
1d17db0c-0aeb-49ee-86d3-73d3238d32d4,290322fd-b5c1-4adf-bf5a-a6b5b10cf7f8,67032e42-3235-4e70-99e2-be95412543c9,859aba69-1df5-4851-aed4-7483037d626b,485.03,INR,success,2026-05-12 06:56:17.854177+00:00
84a18dc2-dd76-4b23-bd0e-6b487020ac33,290322fd-b5c1-4adf-bf5a-a6b5b10cf7f8,67032e42-3235-4e70-99e2-be95412543c9,859aba69-1df5-4851-aed4-7483037d626b,422.62,INR,success,2026-05-12 09:08:18.737198+00:00
14a3d893-187f-4c42-b61e-1f2ad9dee171,290322fd-b5c1-4adf-bf5a-a6b5b10cf7f8,67032e42-3235-4e70-99e2-be95412543c9,859aba69-1df5-4851-aed4-7483037d626b,415.13,INR,success,2026-05-12 13:26:47.263714+00:00
2d554d5c-b714-4b3f-b5db-5fbc6e406968,290322fd-b5c1-4adf-bf5a-a6b5b10cf7f8,67032e42-3235-4e70-99e2-be95412543c9,859aba69-1df5-4851-aed4-7483037d626b,446.18,INR,success,2026-05-12 16:55:52.371549+00:00
761cb790-92e4-4b0f-8819-19996808965d,290322fd-b5c1-4adf-bf5a-a6b5b10cf7f8,67032e42-3235-4e70-99e2-be95412543c9,859aba69-1df5-4851-aed4-7483037d626b,444.41,INR,success,2026-05-12 18:03:54.639380+00:00
85afe19b-ffb6-4ebe-965e-c790302f263d,290322fd-b5c1-4adf-bf5a-a6b5b10cf7f8,67032e42-3235-4e70-99e2-be95412543c9,859aba69-1df5-4851-aed4-7483037d626b,455.11,INR,success,2026-05-12 19:23:25.835664+00:00
e13cb383-0ecf-496c-ab01-00ff9561463c,8b58526d-30ab-4141-99eb-58418f25a6f2,67032e42-3235-4e70-99e2-be95412543c9,7d9868af-a819-4618-9fcd-1db7ca863053,409.86,INR,success,2026-05-04 13:40:32.113332+00:00
eab7b0c8-c0eb-400b-ad2a-b047c8b4f3e3,8b58526d-30ab-4141-99eb-58418f25a6f2,67032e42-3235-4e70-99e2-be95412543c9,7d9868af-a819-4618-9fcd-1db7ca863053,478.27,INR,success,2026-05-04 22:03:41.048572+00:00
7e001cff-b094-4e43-81d6-f8d7586702d7,8b58526d-30ab-4141-99eb-58418f25a6f2,67032e42-3235-4e70-99e2-be95412543c9,7d9868af-a819-4618-9fcd-1db7ca863053,479.49,INR,success,2026-05-05 10:37:57.619084+00:00
3f9642d7-55ef-4b8c-8433-ba4b9c25e277,8b58526d-30ab-4141-99eb-58418f25a6f2,67032e42-3235-4e70-99e2-be95412543c9,7d9868af-a819-4618-9fcd-1db7ca863053,423.8,INR,success,2026-05-05 12:03:09.451506+00:00
c5f3c326-a25f-499d-b70d-559fc3696c0a,5c9c4e79-9d99-4a7a-9e2b-61c74327f362,67032e42-3235-4e70-99e2-be95412543c9,cc67e88d-6c6e-4077-865c-daa4fb82ec29,431.29,INR,success,2026-05-10 14:28:36.472793+00:00
3d0f11c8-4fba-424c-9d82-6ac61ad375fd,5c9c4e79-9d99-4a7a-9e2b-61c74327f362,67032e42-3235-4e70-99e2-be95412543c9,cc67e88d-6c6e-4077-865c-daa4fb82ec29,448.57,INR,success,2026-05-10 20:49:43.231177+00:00
2f566892-b636-4cbb-b9dd-2cf204832794,5c9c4e79-9d99-4a7a-9e2b-61c74327f362,67032e42-3235-4e70-99e2-be95412543c9,cc67e88d-6c6e-4077-865c-daa4fb82ec29,475.5,INR,success,2026-05-10 21:48:30.482197+00:00
56968a39-8a67-46e2-b8c4-84730e2acf67,5c9c4e79-9d99-4a7a-9e2b-61c74327f362,67032e42-3235-4e70-99e2-be95412543c9,cc67e88d-6c6e-4077-865c-daa4fb82ec29,409.69,INR,success,2026-05-11 00:44:32.984842+00:00
2527359b-125f-4640-b1b7-176f24ba897b,5c9c4e79-9d99-4a7a-9e2b-61c74327f362,67032e42-3235-4e70-99e2-be95412543c9,cc67e88d-6c6e-4077-865c-daa4fb82ec29,501.23,INR,success,2026-05-11 11:47:06.472505+00:00
d36548d8-3253-4497-ad47-43a722f4fe19,5c9c4e79-9d99-4a7a-9e2b-61c74327f362,67032e42-3235-4e70-99e2-be95412543c9,cc67e88d-6c6e-4077-865c-daa4fb82ec29,401.54,INR,success,2026-05-11 15:41:45.127320+00:00
b2c05c0f-8b30-43f6-9c4d-88a678fff9ae,5c9c4e79-9d99-4a7a-9e2b-61c74327f362,67032e42-3235-4e70-99e2-be95412543c9,cc67e88d-6c6e-4077-865c-daa4fb82ec29,439.52,INR,success,2026-05-11 17:51:23.101296+00:00
cfee3f74-e4da-41c1-b1c9-ba7df118fe67,804995f2-9013-4f78-8df6-098876b6003b,bb392dd1-0fb3-4912-9f1e-8d789636b5ff,f3e2f664-1839-4f25-b424-cf1306c24018,1973.22,INR,success,2026-04-16 03:22:02.515777+00:00
8967f2fb-d5af-4030-b4d1-da85b465e6dc,804995f2-9013-4f78-8df6-098876b6003b,bb392dd1-0fb3-4912-9f1e-8d789636b5ff,f3e2f664-1839-4f25-b424-cf1306c24018,1852.82,INR,success,2026-04-21 14:00:31.330386+00:00
e1ee452c-a662-43f7-81e1-a9cdac852c2c,804995f2-9013-4f78-8df6-098876b6003b,bb392dd1-0fb3-4912-9f1e-8d789636b5ff,f3e2f664-1839-4f25-b424-cf1306c24018,2141.33,INR,success,2026-04-29 16:51:11.621167+00:00
3c9b9010-30c2-46fd-a05d-dc63d197b381,d8078ef5-23d9-48a1-8917-6614def16ade,af385d27-fcc9-40d0-bbcf-5495edc37fe7,214465f8-bfbb-4683-9a39-83f29d273b89,2052.88,INR,success,2026-04-29 03:42:17.016807+00:00
88456fb3-52d9-4fe0-b7d9-c9bbbbcb20c3,22661c77-7f01-4875-a094-9cee4e0c59bb,06141557-8011-4ee4-bc46-a1124634ca40,050f1420-417a-4fa1-8c3d-cf1bc5a96e79,596.63,INR,success,2026-04-25 17:55:27.246780+00:00
65098294-9b10-4778-a07a-d0b07c90e01b,22661c77-7f01-4875-a094-9cee4e0c59bb,06141557-8011-4ee4-bc46-a1124634ca40,050f1420-417a-4fa1-8c3d-cf1bc5a96e79,673.09,INR,success,2026-05-25 09:08:00.427465+00:00
e4286136-a85f-4aba-a83d-1219b779a961,9fea599a-8cae-4470-b95f-43c9a3af8ef7,36f7373b-2b7b-4ec3-8ed8-6871488382a3,f2d8709b-614a-4a7b-af35-ba7347c95d6d,606.06,INR,success,2026-04-26 20:54:10.019017+00:00
2cf9452c-07d4-40ff-b64c-348277b1b6e2,9fea599a-8cae-4470-b95f-43c9a3af8ef7,36f7373b-2b7b-4ec3-8ed8-6871488382a3,f2d8709b-614a-4a7b-af35-ba7347c95d6d,630.22,INR,success,2026-05-09 23:04:26.866371+00:00
ddcd6b1b-8245-431a-a7e0-ffa293eb2c6c,9fea599a-8cae-4470-b95f-43c9a3af8ef7,36f7373b-2b7b-4ec3-8ed8-6871488382a3,f2d8709b-614a-4a7b-af35-ba7347c95d6d,481.25,INR,success,2026-05-16 11:24:33.180150+00:00
017e174d-13c0-4c36-947f-bb98a9eb3c0b,47d9c37d-f5b9-4d65-91d1-ddf973f9923d,b5b36982-ada0-452c-9b85-09b89fcc5de3,af85d3ee-deb2-43ae-a1ef-734e3e241770,1905.35,INR,success,2026-03-23 12:47:04.606409+00:00
a164ad18-64c3-4bc4-9369-18d387c247f0,47d9c37d-f5b9-4d65-91d1-ddf973f9923d,b5b36982-ada0-452c-9b85-09b89fcc5de3,af85d3ee-deb2-43ae-a1ef-734e3e241770,2069.36,INR,success,2026-05-31 18:27:24.024053+00:00
401519e5-ec7f-4bb1-a75c-d6e6aaa4db74,029ec087-6605-4653-8654-0e76526f37ba,42c6b5e9-d1f7-4e16-8122-ed41f625e394,af85d3ee-deb2-43ae-a1ef-734e3e241770,1400.57,INR,success,2026-05-12 16:42:44.190488+00:00
89942ee5-f8ca-46ff-ae0e-36687f4c6efd,c412bc4d-e344-47da-82b5-ae6fc2ec6b1b,d5e76150-20e2-48df-bc38-6e0164a6d999,f0ead7f6-9915-436d-8ae7-7c30c0a57f00,6137.42,INR,success,2026-05-06 11:21:53.144266+00:00
e127eda1-bff6-4d27-abb3-21ead3ce5ec4,c412bc4d-e344-47da-82b5-ae6fc2ec6b1b,d5e76150-20e2-48df-bc38-6e0164a6d999,f0ead7f6-9915-436d-8ae7-7c30c0a57f00,6136.35,INR,success,2026-05-06 19:14:13.516649+00:00
076a94b0-1913-45b9-ab1d-4982a8be758f,1fd202d3-bc48-43c6-a3ae-44f8d0f915bc,deace07d-4902-4700-845a-66bc96812fd5,af85d3ee-deb2-43ae-a1ef-734e3e241770,5262.33,INR,success,2026-04-27 22:16:37.691107+00:00
e081aeca-83b8-455a-ba56-25149f80c556,1fd202d3-bc48-43c6-a3ae-44f8d0f915bc,deace07d-4902-4700-845a-66bc96812fd5,af85d3ee-deb2-43ae-a1ef-734e3e241770,1726.33,INR,success,2026-05-04 01:37:10.371490+00:00
d6c4d1f2-ebad-40b8-b7f7-d8fb17ebcd49,1fd202d3-bc48-43c6-a3ae-44f8d0f915bc,deace07d-4902-4700-845a-66bc96812fd5,af85d3ee-deb2-43ae-a1ef-734e3e241770,947.53,INR,success,2026-05-05 15:36:33.691735+00:00
d6413d3f-51d5-4aa6-b2f7-9ac23fc419f5,bb8c8de2-6297-452b-ba21-f70c39c8c690,cda5fc99-64ed-47e6-b5f5-8460b136f3a8,af85d3ee-deb2-43ae-a1ef-734e3e241770,3233.22,INR,success,2026-05-23 22:31:45.084411+00:00
67735097-d4fc-401c-a8f2-d5fd839a9554,bb8c8de2-6297-452b-ba21-f70c39c8c690,cda5fc99-64ed-47e6-b5f5-8460b136f3a8,af85d3ee-deb2-43ae-a1ef-734e3e241770,2145.79,INR,success,2026-05-27 06:36:15.840027+00:00
b1e98b79-96e1-4f53-8d95-1b3700c23185,1f58ddcd-8457-4f41-9520-631cde809c66,8613a530-7c6a-46bb-8679-e01b62733869,af85d3ee-deb2-43ae-a1ef-734e3e241770,2476.85,INR,success,2026-05-28 05:21:58.099787+00:00
c8af411a-d24d-4671-8603-9d3fa57e5e41,1f58ddcd-8457-4f41-9520-631cde809c66,8613a530-7c6a-46bb-8679-e01b62733869,af85d3ee-deb2-43ae-a1ef-734e3e241770,1121.7,INR,success,2026-05-29 05:42:03.887115+00:00
5218f5b6-cad6-4a1a-b236-cf58e5a3e8ac,622c1655-3f21-4568-acaf-cb5810dfc29b,0aacff4d-60f9-432b-aef2-0af5ebcbe022,fe611927-314c-484a-b551-38c79558143b,1054.37,INR,success,2026-05-25 19:44:58.150739+00:00
96206c6f-38ca-482f-b1a1-2d1003a5e04a,622c1655-3f21-4568-acaf-cb5810dfc29b,0aacff4d-60f9-432b-aef2-0af5ebcbe022,fe611927-314c-484a-b551-38c79558143b,1212.8,INR,success,2026-05-26 07:58:21.056732+00:00
987a34a5-4856-476c-bd10-b635cd994fe5,622c1655-3f21-4568-acaf-cb5810dfc29b,0aacff4d-60f9-432b-aef2-0af5ebcbe022,fe611927-314c-484a-b551-38c79558143b,1917.04,INR,success,2026-05-26 08:37:13.509762+00:00
58f533a2-2523-4bd3-b925-2ad72602cc91,622c1655-3f21-4568-acaf-cb5810dfc29b,0aacff4d-60f9-432b-aef2-0af5ebcbe022,fe611927-314c-484a-b551-38c79558143b,1106.26,INR,success,2026-05-26 09:05:56.622790+00:00
cef633ef-23aa-46a2-8550-2bc7af608ed9,648e70ff-67b0-4ba4-9539-3775fcad1dec,0aacff4d-60f9-432b-aef2-0af5ebcbe022,907fbeae-ed08-4314-8325-90ee55d3be40,4096.8,INR,success,2026-04-26 13:38:16.768545+00:00
649247bd-7fcd-4cb7-b405-633d6d327fa2,648e70ff-67b0-4ba4-9539-3775fcad1dec,0aacff4d-60f9-432b-aef2-0af5ebcbe022,907fbeae-ed08-4314-8325-90ee55d3be40,3573.87,INR,success,2026-04-26 14:50:38.477237+00:00
a7a06353-f5ab-4175-9346-688280330bad,648e70ff-67b0-4ba4-9539-3775fcad1dec,0aacff4d-60f9-432b-aef2-0af5ebcbe022,907fbeae-ed08-4314-8325-90ee55d3be40,2943.11,INR,success,2026-04-26 15:56:34.684459+00:00
79592304-8009-4ab8-bb71-00d8cdf80666,648e70ff-67b0-4ba4-9539-3775fcad1dec,0aacff4d-60f9-432b-aef2-0af5ebcbe022,907fbeae-ed08-4314-8325-90ee55d3be40,3244.47,INR,success,2026-04-26 21:10:08.220201+00:00
81da44e5-c722-4ba2-b85c-e81fc34507b8,648e70ff-67b0-4ba4-9539-3775fcad1dec,0aacff4d-60f9-432b-aef2-0af5ebcbe022,907fbeae-ed08-4314-8325-90ee55d3be40,3125.19,INR,success,2026-04-26 21:39:50.777255+00:00
c6eab43a-f3ad-47d0-81cf-09a03873e3ec,648e70ff-67b0-4ba4-9539-3775fcad1dec,0aacff4d-60f9-432b-aef2-0af5ebcbe022,907fbeae-ed08-4314-8325-90ee55d3be40,3115.42,INR,success,2026-04-26 23:53:29.088890+00:00
db3eb02a-7654-4ae8-833c-20354ff0c29f,648e70ff-67b0-4ba4-9539-3775fcad1dec,0aacff4d-60f9-432b-aef2-0af5ebcbe022,907fbeae-ed08-4314-8325-90ee55d3be40,3698.38,INR,success,2026-04-27 00:27:55.730799+00:00
37aad3cc-9b36-4611-9d78-8694571274ff,ccd0daa6-2f16-4b68-8468-c66454e226d5,0aacff4d-60f9-432b-aef2-0af5ebcbe022,cc2a11e4-ac69-4e45-89de-e99b477dd2c6,10.0,INR,success,2026-05-22 07:19:06.966466+00:00
f27851b1-efbc-4c18-9a2e-1b894f467e98,ccd0daa6-2f16-4b68-8468-c66454e226d5,0aacff4d-60f9-432b-aef2-0af5ebcbe022,cc2a11e4-ac69-4e45-89de-e99b477dd2c6,2720.04,INR,success,2026-05-22 07:20:49.121142+00:00
10e95c5d-4f68-4e06-b733-949edf555265,ccd0daa6-2f16-4b68-8468-c66454e226d5,0aacff4d-60f9-432b-aef2-0af5ebcbe022,cc2a11e4-ac69-4e45-89de-e99b477dd2c6,846.22,INR,success,2026-05-22 09:46:58.608481+00:00
7c400d1c-ab05-4b24-907e-eefc5f16b6f5,ccd0daa6-2f16-4b68-8468-c66454e226d5,0aacff4d-60f9-432b-aef2-0af5ebcbe022,cc2a11e4-ac69-4e45-89de-e99b477dd2c6,2145.97,INR,success,2026-05-22 13:21:48.679559+00:00
07d5004c-5ead-474b-8bb7-e0ef5e0f5da4,ccd0daa6-2f16-4b68-8468-c66454e226d5,0aacff4d-60f9-432b-aef2-0af5ebcbe022,cc2a11e4-ac69-4e45-89de-e99b477dd2c6,1191.66,INR,success,2026-05-22 22:48:28.062346+00:00
297c35fe-6781-4f84-b4d7-1b034fcf46e4,ccd0daa6-2f16-4b68-8468-c66454e226d5,0aacff4d-60f9-432b-aef2-0af5ebcbe022,cc2a11e4-ac69-4e45-89de-e99b477dd2c6,3501.45,INR,success,2026-05-23 11:48:58.821671+00:00
6479c06c-d727-4427-ac6d-82155e0dffd1,ccd0daa6-2f16-4b68-8468-c66454e226d5,0aacff4d-60f9-432b-aef2-0af5ebcbe022,cc2a11e4-ac69-4e45-89de-e99b477dd2c6,599.96,INR,success,2026-05-23 13:44:04.543275+00:00
e50c69d1-f81e-4cdc-918a-122b77fbea31,ccd0daa6-2f16-4b68-8468-c66454e226d5,0aacff4d-60f9-432b-aef2-0af5ebcbe022,cc2a11e4-ac69-4e45-89de-e99b477dd2c6,1311.99,INR,success,2026-05-23 17:14:08.609200+00:00
639c62e9-0411-4164-a70f-6853b86ea00c,700372df-1848-41d7-a212-af8a2084527f,0aacff4d-60f9-432b-aef2-0af5ebcbe022,0bce9291-93fb-48f1-b601-cf6bb758af7a,667.97,INR,success,2026-04-30 22:36:36.876758+00:00
f5bbf423-6075-427a-a665-5231823b2dfb,700372df-1848-41d7-a212-af8a2084527f,0aacff4d-60f9-432b-aef2-0af5ebcbe022,0bce9291-93fb-48f1-b601-cf6bb758af7a,1336.0,INR,success,2026-05-01 07:49:34.771852+00:00
ef060407-eac2-4858-8b3a-ef10e2a194d6,700372df-1848-41d7-a212-af8a2084527f,0aacff4d-60f9-432b-aef2-0af5ebcbe022,0bce9291-93fb-48f1-b601-cf6bb758af7a,909.47,INR,success,2026-05-01 12:08:56.784332+00:00
3073eca8-973d-48fd-a59c-ed69810554f6,700372df-1848-41d7-a212-af8a2084527f,0aacff4d-60f9-432b-aef2-0af5ebcbe022,0bce9291-93fb-48f1-b601-cf6bb758af7a,449.5,INR,success,2026-05-02 09:16:40.123075+00:00
a7ea2dd4-499a-40c0-bbe4-12e2331f1070,aadbb377-fb92-4f53-9fb7-c69a44332fe6,0aacff4d-60f9-432b-aef2-0af5ebcbe022,6f5d5bdd-e835-4fc9-a210-6953c17d0a27,3119.05,INR,success,2026-05-26 07:55:51.619088+00:00
b59e1158-4404-4c38-bcaf-342f5aecd952,aadbb377-fb92-4f53-9fb7-c69a44332fe6,0aacff4d-60f9-432b-aef2-0af5ebcbe022,6f5d5bdd-e835-4fc9-a210-6953c17d0a27,1544.45,INR,success,2026-05-26 08:22:24.532262+00:00
2980df54-64fa-4a96-ba21-a19c58246ba0,aadbb377-fb92-4f53-9fb7-c69a44332fe6,0aacff4d-60f9-432b-aef2-0af5ebcbe022,6f5d5bdd-e835-4fc9-a210-6953c17d0a27,1815.37,INR,success,2026-05-26 09:54:25.832983+00:00
b413bd9c-b082-478d-b7cb-38228cbbd198,aadbb377-fb92-4f53-9fb7-c69a44332fe6,0aacff4d-60f9-432b-aef2-0af5ebcbe022,6f5d5bdd-e835-4fc9-a210-6953c17d0a27,2776.95,INR,success,2026-05-27 05:58:02.835132+00:00
a6805b94-3f8f-4122-ad95-83c535225fb9,aadbb377-fb92-4f53-9fb7-c69a44332fe6,0aacff4d-60f9-432b-aef2-0af5ebcbe022,6f5d5bdd-e835-4fc9-a210-6953c17d0a27,5917.97,INR,success,2026-05-27 10:49:42.958516+00:00
a4c09868-bf6a-466d-bdf8-a8a6fdffa119,aadbb377-fb92-4f53-9fb7-c69a44332fe6,0aacff4d-60f9-432b-aef2-0af5ebcbe022,6f5d5bdd-e835-4fc9-a210-6953c17d0a27,2960.26,INR,success,2026-05-27 13:23:15.348803+00:00
708904ac-afaa-4f75-8693-bf900b56b51a,aadbb377-fb92-4f53-9fb7-c69a44332fe6,0aacff4d-60f9-432b-aef2-0af5ebcbe022,6f5d5bdd-e835-4fc9-a210-6953c17d0a27,4168.15,INR,success,2026-05-27 14:01:11.356081+00:00
0a54824e-8578-4473-90d4-b881105c04d9,aadbb377-fb92-4f53-9fb7-c69a44332fe6,0aacff4d-60f9-432b-aef2-0af5ebcbe022,6f5d5bdd-e835-4fc9-a210-6953c17d0a27,2867.94,INR,success,2026-05-27 14:11:48.676863+00:00
e03ebfa9-a851-4709-81d5-e939d6f4fc60,8bd253b5-96f3-4bf9-9396-c674bad6fa4e,0aacff4d-60f9-432b-aef2-0af5ebcbe022,0a15e6af-b6c3-462f-b5d0-ba77ce28299c,4045.03,INR,success,2026-05-30 10:50:46.163915+00:00
311fbb19-9a6a-44d2-a6b4-203b920a8466,8bd253b5-96f3-4bf9-9396-c674bad6fa4e,0aacff4d-60f9-432b-aef2-0af5ebcbe022,0a15e6af-b6c3-462f-b5d0-ba77ce28299c,5158.02,INR,success,2026-05-30 11:54:21.472536+00:00
8f547114-1959-45cf-817f-35f5c5c40b2d,8bd253b5-96f3-4bf9-9396-c674bad6fa4e,0aacff4d-60f9-432b-aef2-0af5ebcbe022,0a15e6af-b6c3-462f-b5d0-ba77ce28299c,11899.71,INR,success,2026-05-30 13:46:07.974176+00:00
f148fd7e-6228-4c2b-9458-b04375c02f3f,8bd253b5-96f3-4bf9-9396-c674bad6fa4e,0aacff4d-60f9-432b-aef2-0af5ebcbe022,0a15e6af-b6c3-462f-b5d0-ba77ce28299c,12813.17,INR,success,2026-05-30 15:49:48.252479+00:00
7f34b0dd-d9f8-4255-a12f-d8c42d81d925,8bd253b5-96f3-4bf9-9396-c674bad6fa4e,0aacff4d-60f9-432b-aef2-0af5ebcbe022,0a15e6af-b6c3-462f-b5d0-ba77ce28299c,881.53,INR,success,2026-05-30 17:17:32.044097+00:00
436761cf-2ab8-4edf-9f0d-499292fc6ca8,8bd253b5-96f3-4bf9-9396-c674bad6fa4e,0aacff4d-60f9-432b-aef2-0af5ebcbe022,0a15e6af-b6c3-462f-b5d0-ba77ce28299c,16087.45,INR,success,2026-05-30 17:18:19.913624+00:00
bc0dc513-0919-41ee-b669-78695a34c436,8bd253b5-96f3-4bf9-9396-c674bad6fa4e,0aacff4d-60f9-432b-aef2-0af5ebcbe022,0a15e6af-b6c3-462f-b5d0-ba77ce28299c,10.0,INR,success,2026-05-31 02:41:07.720869+00:00
52f51ff6-ad35-4c1b-9474-6b64cdfe0485,8bd253b5-96f3-4bf9-9396-c674bad6fa4e,0aacff4d-60f9-432b-aef2-0af5ebcbe022,0a15e6af-b6c3-462f-b5d0-ba77ce28299c,5865.1,INR,success,2026-05-31 12:04:02.718627+00:00
136e3f1f-9573-4a63-9677-f42e413058cb,a72cfafd-cd57-468f-b852-3bcf8bb44e6a,0aacff4d-60f9-432b-aef2-0af5ebcbe022,231b160b-ba8f-44ba-b721-6ff30e179a22,4129.87,INR,success,2026-05-30 03:39:09.822905+00:00
d237438d-e34e-42a5-a27f-45fe42a9d78d,a72cfafd-cd57-468f-b852-3bcf8bb44e6a,0aacff4d-60f9-432b-aef2-0af5ebcbe022,231b160b-ba8f-44ba-b721-6ff30e179a22,7051.46,INR,success,2026-05-30 04:59:43.455186+00:00
94861fba-2a9f-46f7-abae-c413d62cb85a,a72cfafd-cd57-468f-b852-3bcf8bb44e6a,0aacff4d-60f9-432b-aef2-0af5ebcbe022,231b160b-ba8f-44ba-b721-6ff30e179a22,10.0,INR,success,2026-05-30 07:02:02.107596+00:00
829481ec-7baa-4171-8045-f35591043876,a72cfafd-cd57-468f-b852-3bcf8bb44e6a,0aacff4d-60f9-432b-aef2-0af5ebcbe022,231b160b-ba8f-44ba-b721-6ff30e179a22,5881.56,INR,success,2026-05-30 07:36:25.476886+00:00
8c35b974-5904-4614-bd6b-33e1496005a6,a72cfafd-cd57-468f-b852-3bcf8bb44e6a,0aacff4d-60f9-432b-aef2-0af5ebcbe022,231b160b-ba8f-44ba-b721-6ff30e179a22,9333.45,INR,success,2026-05-30 09:39:19.863867+00:00
fbb9f941-e440-4b18-8423-c83b3b5cc9cc,a72cfafd-cd57-468f-b852-3bcf8bb44e6a,0aacff4d-60f9-432b-aef2-0af5ebcbe022,231b160b-ba8f-44ba-b721-6ff30e179a22,13671.24,INR,success,2026-05-30 13:00:02.700509+00:00
48c928e5-2cab-43a7-8078-58c7c51def15,a72cfafd-cd57-468f-b852-3bcf8bb44e6a,0aacff4d-60f9-432b-aef2-0af5ebcbe022,231b160b-ba8f-44ba-b721-6ff30e179a22,7818.09,INR,success,2026-05-30 13:49:26.737131+00:00
6344e780-8598-4bfb-a165-8b6d4192b516,265fe2c2-7b5b-40d4-a70e-9dc145db9a41,380d06ab-a68c-495f-b662-410d9e35898a,855f75e4-b1c2-4665-b578-f204dbc144a5,6606.46,INR,success,2026-05-29 22:57:55.322292+00:00
40ac8c7f-4b2f-4914-aeab-bb31a2695e55,265fe2c2-7b5b-40d4-a70e-9dc145db9a41,380d06ab-a68c-495f-b662-410d9e35898a,855f75e4-b1c2-4665-b578-f204dbc144a5,2529.39,INR,success,2026-05-30 21:57:06.586058+00:00
efff51eb-c34c-48e9-98ef-8437cedcf3ff,cd6c88e7-b320-4143-973c-fbe016b9e327,b32e08f6-f9db-4218-bff5-d4fe2e2a38cc,9d4502e5-b0f4-4d4f-9537-0af85d03acda,714.99,INR,success,2026-05-06 05:51:00.021262+00:00
aa5e2b10-80de-4350-9398-40e43c69c6f8,cd6c88e7-b320-4143-973c-fbe016b9e327,b32e08f6-f9db-4218-bff5-d4fe2e2a38cc,9d4502e5-b0f4-4d4f-9537-0af85d03acda,10.0,INR,success,2026-05-06 06:11:09.048554+00:00
ca50b77a-471a-4102-9f2e-8857714c0e5c,a1c07086-b56b-480b-998a-1275f5fe0efd,b32e08f6-f9db-4218-bff5-d4fe2e2a38cc,9d4502e5-b0f4-4d4f-9537-0af85d03acda,3440.15,INR,success,2026-05-16 10:01:48.090214+00:00
de64d7ae-6cdb-4fb0-a2d9-b9dddc3ba264,a1c07086-b56b-480b-998a-1275f5fe0efd,b32e08f6-f9db-4218-bff5-d4fe2e2a38cc,9d4502e5-b0f4-4d4f-9537-0af85d03acda,533.11,INR,success,2026-05-16 10:22:26.080565+00:00
aee6e1d4-f8e2-4134-9ec7-843881d598b1,a1c07086-b56b-480b-998a-1275f5fe0efd,b32e08f6-f9db-4218-bff5-d4fe2e2a38cc,9d4502e5-b0f4-4d4f-9537-0af85d03acda,2638.77,INR,success,2026-05-17 10:25:52.457919+00:00
e25a900d-6357-4877-9628-646b2357f102,27ab9c62-722b-4f82-b5ea-8ad6b9103d93,b32e08f6-f9db-4218-bff5-d4fe2e2a38cc,9d4502e5-b0f4-4d4f-9537-0af85d03acda,4442.97,INR,success,2026-05-27 08:35:27.248221+00:00
edbfb3fa-cc65-4d32-bdc8-a39a4bc3abe7,27ab9c62-722b-4f82-b5ea-8ad6b9103d93,b32e08f6-f9db-4218-bff5-d4fe2e2a38cc,9d4502e5-b0f4-4d4f-9537-0af85d03acda,4479.59,INR,success,2026-05-27 17:00:38.732205+00:00
848d0a63-e9b2-42e5-b752-b6e93c8d2bdf,27ab9c62-722b-4f82-b5ea-8ad6b9103d93,b32e08f6-f9db-4218-bff5-d4fe2e2a38cc,9d4502e5-b0f4-4d4f-9537-0af85d03acda,2784.05,INR,success,2026-05-27 18:46:06.188179+00:00
c3b68001-9cc3-42a0-b0b2-db2339c8664b,c630da2e-f663-4ed5-a899-1f36a73b96c7,b32e08f6-f9db-4218-bff5-d4fe2e2a38cc,9d4502e5-b0f4-4d4f-9537-0af85d03acda,1567.79,INR,success,2026-05-10 11:43:52.187219+00:00
23fd560d-9ebe-4713-ad45-de36e1907a77,f6ecc98e-93fb-436e-8979-9cf2c3c326a1,b32e08f6-f9db-4218-bff5-d4fe2e2a38cc,9d4502e5-b0f4-4d4f-9537-0af85d03acda,197.15,INR,success,2026-05-09 21:52:54.047357+00:00
839097aa-92c6-4328-b023-3f1620725810,f6ecc98e-93fb-436e-8979-9cf2c3c326a1,b32e08f6-f9db-4218-bff5-d4fe2e2a38cc,9d4502e5-b0f4-4d4f-9537-0af85d03acda,279.85,INR,success,2026-05-09 22:25:08.231673+00:00
e6b4a4fc-9766-49ca-905b-9b2f029455fb,5d526106-fff7-4313-853d-956f2af526ea,b32e08f6-f9db-4218-bff5-d4fe2e2a38cc,9d4502e5-b0f4-4d4f-9537-0af85d03acda,2026.87,INR,success,2026-05-08 06:40:49.148196+00:00
a934b195-1766-4c79-a50f-d36b38cda1e1,5d526106-fff7-4313-853d-956f2af526ea,b32e08f6-f9db-4218-bff5-d4fe2e2a38cc,9d4502e5-b0f4-4d4f-9537-0af85d03acda,3814.65,INR,success,2026-05-08 13:58:30.325282+00:00
8be13f54-eb2c-4168-a750-b8c88b60e15f,5d526106-fff7-4313-853d-956f2af526ea,b32e08f6-f9db-4218-bff5-d4fe2e2a38cc,9d4502e5-b0f4-4d4f-9537-0af85d03acda,2652.29,INR,success,2026-05-08 18:06:54.339902+00:00
273c5e3c-f36a-4271-bb50-b8f9ac6b0df1,b680bfd9-87d7-42c2-b20a-0c61d8321dd8,b32e08f6-f9db-4218-bff5-d4fe2e2a38cc,9d4502e5-b0f4-4d4f-9537-0af85d03acda,1097.51,INR,success,2026-05-26 07:57:07.372039+00:00
0a41d451-6b14-407b-b2f2-c97e35ec2623,4161caf5-b33d-4185-bbda-e3e6ec53639c,0f96bdd7-d911-4fd9-8297-04b58edca65d,94f7e04d-dd67-4825-b67e-f73d6072ffe4,1689.21,INR,success,2026-03-27 12:31:59.785795+00:00
757f8031-859e-40d7-bf06-94c60b693f38,4161caf5-b33d-4185-bbda-e3e6ec53639c,0f96bdd7-d911-4fd9-8297-04b58edca65d,94f7e04d-dd67-4825-b67e-f73d6072ffe4,1519.04,INR,success,2026-04-05 00:24:56.069131+00:00
6e9f2a0f-a233-4b3e-8768-e9763d5aac14,4161caf5-b33d-4185-bbda-e3e6ec53639c,0f96bdd7-d911-4fd9-8297-04b58edca65d,94f7e04d-dd67-4825-b67e-f73d6072ffe4,1789.68,INR,success,2026-04-06 20:22:04.189092+00:00
9284ed34-1687-4952-b845-c5e900408c9d,4161caf5-b33d-4185-bbda-e3e6ec53639c,0f96bdd7-d911-4fd9-8297-04b58edca65d,94f7e04d-dd67-4825-b67e-f73d6072ffe4,1759.32,INR,success,2026-05-04 12:41:11.105330+00:00
ba74f177-210c-42af-a861-0882e9c83274,4161caf5-b33d-4185-bbda-e3e6ec53639c,0f96bdd7-d911-4fd9-8297-04b58edca65d,94f7e04d-dd67-4825-b67e-f73d6072ffe4,1603.16,INR,success,2026-05-13 18:41:30.666820+00:00
62024a54-f91d-4993-8c21-14fabc211808,4161caf5-b33d-4185-bbda-e3e6ec53639c,0f96bdd7-d911-4fd9-8297-04b58edca65d,94f7e04d-dd67-4825-b67e-f73d6072ffe4,1503.52,INR,success,2026-05-20 07:53:02.671427+00:00
5acc3330-3488-4ca4-8c2a-364ea80e8d89,4161caf5-b33d-4185-bbda-e3e6ec53639c,0f96bdd7-d911-4fd9-8297-04b58edca65d,94f7e04d-dd67-4825-b67e-f73d6072ffe4,1625.96,INR,success,2026-05-22 14:23:27.118403+00:00
af56a747-69b8-4fd6-9a17-5e0aa56e6d19,172acc52-7547-4124-bf5d-6c8e92611ea5,0f96bdd7-d911-4fd9-8297-04b58edca65d,33ca7580-e2d6-462f-8333-c34699bec122,1723.15,INR,success,2026-03-24 09:50:11.608788+00:00
fd2266d9-b375-466a-b852-891ec78bc0a7,172acc52-7547-4124-bf5d-6c8e92611ea5,0f96bdd7-d911-4fd9-8297-04b58edca65d,33ca7580-e2d6-462f-8333-c34699bec122,1410.52,INR,success,2026-04-10 12:23:41.560459+00:00
d154dfd0-a377-4804-881a-25cc4c56b3d0,172acc52-7547-4124-bf5d-6c8e92611ea5,0f96bdd7-d911-4fd9-8297-04b58edca65d,33ca7580-e2d6-462f-8333-c34699bec122,1659.94,INR,success,2026-04-10 20:09:30.078266+00:00
59745fb1-f711-4095-8d28-e709431836d7,172acc52-7547-4124-bf5d-6c8e92611ea5,0f96bdd7-d911-4fd9-8297-04b58edca65d,33ca7580-e2d6-462f-8333-c34699bec122,1735.15,INR,success,2026-05-18 13:17:18.497017+00:00
4ecd164e-e853-49cf-a4d4-b35c34598c15,33f576f9-6452-43d5-8fd5-950d8555f36c,0f96bdd7-d911-4fd9-8297-04b58edca65d,6c8494dc-0012-4142-83fe-daa60a1bb613,1599.2,INR,success,2026-03-23 18:35:41.197238+00:00
fbcfc26c-0ea2-4bc1-abf2-24be2a7f93ac,33f576f9-6452-43d5-8fd5-950d8555f36c,0f96bdd7-d911-4fd9-8297-04b58edca65d,6c8494dc-0012-4142-83fe-daa60a1bb613,1435.65,INR,success,2026-03-25 08:52:40.750230+00:00
7cfada5b-511c-4634-990f-84b4cc454028,33f576f9-6452-43d5-8fd5-950d8555f36c,0f96bdd7-d911-4fd9-8297-04b58edca65d,6c8494dc-0012-4142-83fe-daa60a1bb613,1608.21,INR,success,2026-04-06 17:56:24.680391+00:00
d2593dc8-62ab-47a6-9bf9-d82e39ad9c3d,33f576f9-6452-43d5-8fd5-950d8555f36c,0f96bdd7-d911-4fd9-8297-04b58edca65d,6c8494dc-0012-4142-83fe-daa60a1bb613,1620.2,INR,success,2026-05-20 20:58:42.728011+00:00
a6429667-93a5-4f5b-84de-663f2af93d3e,9be5268f-26bb-40b2-9a06-4888e28272cd,0f96bdd7-d911-4fd9-8297-04b58edca65d,e07c0341-dffc-4bc9-be64-acbc8c679fff,1628.15,INR,success,2026-03-26 13:52:48.406768+00:00
cd4f1586-c3c6-45ee-9db2-170217d810c8,9be5268f-26bb-40b2-9a06-4888e28272cd,0f96bdd7-d911-4fd9-8297-04b58edca65d,e07c0341-dffc-4bc9-be64-acbc8c679fff,1666.27,INR,success,2026-03-29 18:41:55.091915+00:00
d281f690-62f0-4e2a-b600-23d0d356f7fe,9be5268f-26bb-40b2-9a06-4888e28272cd,0f96bdd7-d911-4fd9-8297-04b58edca65d,e07c0341-dffc-4bc9-be64-acbc8c679fff,1555.88,INR,success,2026-03-30 04:58:23.393307+00:00
d9e1fdb9-83b2-4dc5-a2fe-91d572b843ad,9be5268f-26bb-40b2-9a06-4888e28272cd,0f96bdd7-d911-4fd9-8297-04b58edca65d,e07c0341-dffc-4bc9-be64-acbc8c679fff,1616.19,INR,success,2026-04-04 03:39:26.429067+00:00
82a60e2e-0c78-42f1-adca-b5cb0cdff72c,9be5268f-26bb-40b2-9a06-4888e28272cd,0f96bdd7-d911-4fd9-8297-04b58edca65d,e07c0341-dffc-4bc9-be64-acbc8c679fff,1684.75,INR,success,2026-04-15 13:20:31.150230+00:00
ee895b74-68d2-4b44-b8ea-295f566d3512,9be5268f-26bb-40b2-9a06-4888e28272cd,0f96bdd7-d911-4fd9-8297-04b58edca65d,e07c0341-dffc-4bc9-be64-acbc8c679fff,1641.64,INR,success,2026-04-17 14:48:49.935799+00:00
58a10c39-01dd-4e33-8bd3-2b4cfeda51ba,9be5268f-26bb-40b2-9a06-4888e28272cd,0f96bdd7-d911-4fd9-8297-04b58edca65d,e07c0341-dffc-4bc9-be64-acbc8c679fff,1532.74,INR,success,2026-04-18 17:48:58.583019+00:00
aa10b2de-8609-43bf-9dc2-64e94930bce0,9be5268f-26bb-40b2-9a06-4888e28272cd,0f96bdd7-d911-4fd9-8297-04b58edca65d,e07c0341-dffc-4bc9-be64-acbc8c679fff,1547.52,INR,success,2026-05-12 08:07:57.449362+00:00
32a1f545-af05-4775-a8a0-d70160106229,df478f0c-a1e4-4aac-90d1-48d345918694,0f96bdd7-d911-4fd9-8297-04b58edca65d,56911760-6bb8-4042-87f4-4426e9924c91,1688.4,INR,success,2026-03-26 16:27:45.379489+00:00
0d0d22b0-2a84-42f9-a269-ebc26d940400,df478f0c-a1e4-4aac-90d1-48d345918694,0f96bdd7-d911-4fd9-8297-04b58edca65d,56911760-6bb8-4042-87f4-4426e9924c91,1845.56,INR,success,2026-04-02 10:08:56.587028+00:00
e992e615-40a8-495b-8fbe-0c28bb4c99e6,df478f0c-a1e4-4aac-90d1-48d345918694,0f96bdd7-d911-4fd9-8297-04b58edca65d,56911760-6bb8-4042-87f4-4426e9924c91,1658.47,INR,success,2026-04-07 19:40:13.497355+00:00
1151ec8c-9702-4391-b725-92d653c852dc,df478f0c-a1e4-4aac-90d1-48d345918694,0f96bdd7-d911-4fd9-8297-04b58edca65d,56911760-6bb8-4042-87f4-4426e9924c91,1632.26,INR,success,2026-04-11 01:14:22.752108+00:00
3e4f0a6c-a1d0-4ad1-abeb-54983189c2db,df478f0c-a1e4-4aac-90d1-48d345918694,0f96bdd7-d911-4fd9-8297-04b58edca65d,56911760-6bb8-4042-87f4-4426e9924c91,1551.02,INR,success,2026-04-15 16:45:49.143057+00:00
7f12e3a2-282a-4ed9-8397-29cef4aaf01b,df478f0c-a1e4-4aac-90d1-48d345918694,0f96bdd7-d911-4fd9-8297-04b58edca65d,56911760-6bb8-4042-87f4-4426e9924c91,1551.07,INR,success,2026-04-19 15:11:43.828407+00:00
32fdc850-bdf4-4edd-9d9e-ce040a3ce7ef,df478f0c-a1e4-4aac-90d1-48d345918694,0f96bdd7-d911-4fd9-8297-04b58edca65d,56911760-6bb8-4042-87f4-4426e9924c91,1620.99,INR,success,2026-04-22 07:22:28.372759+00:00
63f66968-e60b-4e44-ad64-700fa83fd956,df478f0c-a1e4-4aac-90d1-48d345918694,0f96bdd7-d911-4fd9-8297-04b58edca65d,56911760-6bb8-4042-87f4-4426e9924c91,1645.72,INR,success,2026-04-24 08:47:09.127171+00:00
062dc614-dc54-47ee-8611-364fe5062986,df478f0c-a1e4-4aac-90d1-48d345918694,0f96bdd7-d911-4fd9-8297-04b58edca65d,56911760-6bb8-4042-87f4-4426e9924c91,1599.55,INR,success,2026-05-30 22:06:19.488743+00:00
dd827218-7774-44be-b915-51f712723e13,372b3fe9-d7f1-483e-9936-8e97b8def576,c9a57622-676c-41ec-8fe1-7881c7c295a2,b1661216-52bb-4f16-adf2-f51caecac8d1,506.1,INR,success,2026-05-28 06:17:53.943726+00:00
2c5cfd39-5d1e-45b7-8a6f-246772cd5c9d,372b3fe9-d7f1-483e-9936-8e97b8def576,c9a57622-676c-41ec-8fe1-7881c7c295a2,b1661216-52bb-4f16-adf2-f51caecac8d1,506.07,INR,success,2026-05-28 08:24:32.712358+00:00
a9fc7ce6-65be-4eea-972f-be3ad6852d47,372b3fe9-d7f1-483e-9936-8e97b8def576,c9a57622-676c-41ec-8fe1-7881c7c295a2,b1661216-52bb-4f16-adf2-f51caecac8d1,508.78,INR,success,2026-05-28 11:59:32.726359+00:00
2c437b3c-aa02-447f-a2f0-71edf96c6524,372b3fe9-d7f1-483e-9936-8e97b8def576,c9a57622-676c-41ec-8fe1-7881c7c295a2,b1661216-52bb-4f16-adf2-f51caecac8d1,519.82,INR,success,2026-05-31 03:16:57.595338+00:00
62b777bb-cf27-4bce-870b-bba7a4f056f8,372b3fe9-d7f1-483e-9936-8e97b8def576,c9a57622-676c-41ec-8fe1-7881c7c295a2,b1661216-52bb-4f16-adf2-f51caecac8d1,515.97,INR,success,2026-05-31 21:01:31.984230+00:00
7e42b06c-8a98-4f01-9632-6bd2d149f852,989a2ae6-dd9b-4db2-b1e7-e13abe2460fd,c9a57622-676c-41ec-8fe1-7881c7c295a2,b1661216-52bb-4f16-adf2-f51caecac8d1,491.48,INR,success,2026-05-28 19:56:18.346476+00:00
5853f81d-349e-454a-9d8a-c455735bd617,989a2ae6-dd9b-4db2-b1e7-e13abe2460fd,c9a57622-676c-41ec-8fe1-7881c7c295a2,b1661216-52bb-4f16-adf2-f51caecac8d1,487.17,INR,success,2026-05-29 10:20:50.778524+00:00
5fe9cfe4-ac6b-4b60-9129-1eb32ec19344,989a2ae6-dd9b-4db2-b1e7-e13abe2460fd,c9a57622-676c-41ec-8fe1-7881c7c295a2,b1661216-52bb-4f16-adf2-f51caecac8d1,480.28,INR,success,2026-05-29 19:43:33.553084+00:00
3783ccb9-6f0f-47f7-99e6-cbb37039dd3b,989a2ae6-dd9b-4db2-b1e7-e13abe2460fd,c9a57622-676c-41ec-8fe1-7881c7c295a2,b1661216-52bb-4f16-adf2-f51caecac8d1,517.44,INR,success,2026-05-29 22:00:34.228252+00:00
c5005699-0ccb-4703-8806-c107c35823c6,989a2ae6-dd9b-4db2-b1e7-e13abe2460fd,c9a57622-676c-41ec-8fe1-7881c7c295a2,b1661216-52bb-4f16-adf2-f51caecac8d1,504.64,INR,success,2026-05-30 03:44:22.892551+00:00
f9a4fde2-cb71-49a0-81c1-60504d2b39c1,989a2ae6-dd9b-4db2-b1e7-e13abe2460fd,c9a57622-676c-41ec-8fe1-7881c7c295a2,b1661216-52bb-4f16-adf2-f51caecac8d1,535.13,INR,success,2026-05-30 08:02:29.226765+00:00
40115dee-2a10-43fd-88ef-e6947c1cbe65,989a2ae6-dd9b-4db2-b1e7-e13abe2460fd,c9a57622-676c-41ec-8fe1-7881c7c295a2,b1661216-52bb-4f16-adf2-f51caecac8d1,548.43,INR,success,2026-05-30 13:44:41.434084+00:00
22de2b52-cc01-4d92-b295-fad0a8e58769,989a2ae6-dd9b-4db2-b1e7-e13abe2460fd,c9a57622-676c-41ec-8fe1-7881c7c295a2,b1661216-52bb-4f16-adf2-f51caecac8d1,524.71,INR,success,2026-05-31 12:37:28.614676+00:00
3d427f75-60d3-42e8-9b02-747315409795,97840822-ab19-4f98-b49e-b6d3910a104b,c9a57622-676c-41ec-8fe1-7881c7c295a2,b1661216-52bb-4f16-adf2-f51caecac8d1,552.75,INR,success,2026-05-29 17:55:41.431250+00:00
30ac3291-a86d-4859-ac36-16ee7c8b80ce,97840822-ab19-4f98-b49e-b6d3910a104b,c9a57622-676c-41ec-8fe1-7881c7c295a2,b1661216-52bb-4f16-adf2-f51caecac8d1,532.07,INR,success,2026-05-29 22:17:51.214670+00:00
e57c1ef2-f1f6-4efd-9ea8-123c15cc8360,97840822-ab19-4f98-b49e-b6d3910a104b,c9a57622-676c-41ec-8fe1-7881c7c295a2,b1661216-52bb-4f16-adf2-f51caecac8d1,519.38,INR,success,2026-05-30 17:15:57.072750+00:00
4c0e63f2-72db-453e-8b61-8cdb4c8ccc4c,97840822-ab19-4f98-b49e-b6d3910a104b,c9a57622-676c-41ec-8fe1-7881c7c295a2,b1661216-52bb-4f16-adf2-f51caecac8d1,524.62,INR,success,2026-05-31 18:49:00.720278+00:00
2a689deb-72ca-44a1-a027-c0e6d15749a9,576f53ca-c0c5-44b2-a5e6-5545b67b9c06,c9a57622-676c-41ec-8fe1-7881c7c295a2,b1661216-52bb-4f16-adf2-f51caecac8d1,503.6,INR,success,2026-05-28 13:25:46.424854+00:00
390615c3-bc96-478a-bc1a-63ee0b97a2d6,576f53ca-c0c5-44b2-a5e6-5545b67b9c06,c9a57622-676c-41ec-8fe1-7881c7c295a2,b1661216-52bb-4f16-adf2-f51caecac8d1,510.21,INR,success,2026-05-29 06:55:33.853411+00:00
2ab3eb58-2e6c-4c15-a12b-b48d9f65f105,576f53ca-c0c5-44b2-a5e6-5545b67b9c06,c9a57622-676c-41ec-8fe1-7881c7c295a2,b1661216-52bb-4f16-adf2-f51caecac8d1,538.83,INR,success,2026-05-30 12:39:23.561076+00:00
4c5195d0-7104-4fef-bc4c-f48182a102ff,576f53ca-c0c5-44b2-a5e6-5545b67b9c06,c9a57622-676c-41ec-8fe1-7881c7c295a2,b1661216-52bb-4f16-adf2-f51caecac8d1,526.52,INR,success,2026-05-31 12:55:42.824701+00:00
fed74dc0-3990-40f9-a184-554908de178a,4c1fab34-aa89-4258-b4e5-e6134075b5d2,c9a57622-676c-41ec-8fe1-7881c7c295a2,b1661216-52bb-4f16-adf2-f51caecac8d1,503.64,INR,success,2026-05-28 22:26:05.875893+00:00
f813d7c1-ec0c-45ad-acbe-19f1bb4aa044,4c1fab34-aa89-4258-b4e5-e6134075b5d2,c9a57622-676c-41ec-8fe1-7881c7c295a2,b1661216-52bb-4f16-adf2-f51caecac8d1,481.68,INR,success,2026-05-29 12:04:53.347045+00:00
9f1a55eb-8dfa-4440-971b-970ced409937,4c1fab34-aa89-4258-b4e5-e6134075b5d2,c9a57622-676c-41ec-8fe1-7881c7c295a2,b1661216-52bb-4f16-adf2-f51caecac8d1,537.05,INR,success,2026-05-29 21:40:04.297623+00:00
330dc9ae-6eeb-4f3c-ad21-31fef0a4cf0a,4c1fab34-aa89-4258-b4e5-e6134075b5d2,c9a57622-676c-41ec-8fe1-7881c7c295a2,b1661216-52bb-4f16-adf2-f51caecac8d1,515.68,INR,success,2026-05-30 00:59:13.381411+00:00
6c16c112-f798-46af-9e14-e9e6f5c431ea,4c1fab34-aa89-4258-b4e5-e6134075b5d2,c9a57622-676c-41ec-8fe1-7881c7c295a2,b1661216-52bb-4f16-adf2-f51caecac8d1,516.87,INR,success,2026-05-30 15:13:26.915182+00:00
03ac438a-4ff9-4bef-81be-ce7840481d78,4c1fab34-aa89-4258-b4e5-e6134075b5d2,c9a57622-676c-41ec-8fe1-7881c7c295a2,b1661216-52bb-4f16-adf2-f51caecac8d1,529.98,INR,success,2026-05-30 20:19:42.037638+00:00
1bac35bd-c215-47e9-aafa-22e05451d40d,4c1fab34-aa89-4258-b4e5-e6134075b5d2,c9a57622-676c-41ec-8fe1-7881c7c295a2,b1661216-52bb-4f16-adf2-f51caecac8d1,497.13,INR,success,2026-05-30 21:43:41.802323+00:00
d6c1b090-48a2-4025-88ff-269c93245f27,4c1fab34-aa89-4258-b4e5-e6134075b5d2,c9a57622-676c-41ec-8fe1-7881c7c295a2,b1661216-52bb-4f16-adf2-f51caecac8d1,520.49,INR,success,2026-05-31 07:12:45.792945+00:00
26d3ab93-310a-4e5f-a969-ed58b2768bd8,4c1fab34-aa89-4258-b4e5-e6134075b5d2,c9a57622-676c-41ec-8fe1-7881c7c295a2,b1661216-52bb-4f16-adf2-f51caecac8d1,521.14,INR,success,2026-05-31 12:47:27.129573+00:00
eb35fb43-efed-4b07-8545-7ad3e14ccf8a,cbfd905f-c665-4161-9084-453945b1ffbf,c9a57622-676c-41ec-8fe1-7881c7c295a2,b1661216-52bb-4f16-adf2-f51caecac8d1,525.15,INR,success,2026-05-28 19:56:18.490038+00:00
b5a91e6f-5ada-4207-b64b-5cfb95eef87c,cbfd905f-c665-4161-9084-453945b1ffbf,c9a57622-676c-41ec-8fe1-7881c7c295a2,b1661216-52bb-4f16-adf2-f51caecac8d1,565.66,INR,success,2026-05-29 03:43:49.167385+00:00
771d8154-608c-45b4-900e-7e173d8e8127,cbfd905f-c665-4161-9084-453945b1ffbf,c9a57622-676c-41ec-8fe1-7881c7c295a2,b1661216-52bb-4f16-adf2-f51caecac8d1,562.22,INR,success,2026-05-29 04:18:37.863061+00:00
a193d9ce-9919-4e72-ab00-ec1e12b75c5c,cbfd905f-c665-4161-9084-453945b1ffbf,c9a57622-676c-41ec-8fe1-7881c7c295a2,b1661216-52bb-4f16-adf2-f51caecac8d1,509.34,INR,success,2026-05-29 12:07:46.295974+00:00
bcc3ea43-05b9-44b5-89b9-e4bab0a3cba1,cbfd905f-c665-4161-9084-453945b1ffbf,c9a57622-676c-41ec-8fe1-7881c7c295a2,b1661216-52bb-4f16-adf2-f51caecac8d1,509.34,INR,success,2026-05-30 18:15:27.257331+00:00
77d504a8-548b-4ca3-9408-795d2002ceec,cbfd905f-c665-4161-9084-453945b1ffbf,c9a57622-676c-41ec-8fe1-7881c7c295a2,b1661216-52bb-4f16-adf2-f51caecac8d1,518.79,INR,success,2026-05-30 22:33:46.286486+00:00
ca446096-1643-4376-a36a-6c3c689951cf,cbfd905f-c665-4161-9084-453945b1ffbf,c9a57622-676c-41ec-8fe1-7881c7c295a2,b1661216-52bb-4f16-adf2-f51caecac8d1,529.13,INR,success,2026-05-31 17:44:26.137034+00:00
5c7e0940-22ac-41a3-9b43-91eed315a181,3e60e096-f59f-413e-81ca-2646bf6c9edd,c9a57622-676c-41ec-8fe1-7881c7c295a2,b1661216-52bb-4f16-adf2-f51caecac8d1,546.04,INR,success,2026-05-28 23:21:03.691332+00:00
2047a0e5-9709-4836-b6e6-3cbad3b01bc9,3e60e096-f59f-413e-81ca-2646bf6c9edd,c9a57622-676c-41ec-8fe1-7881c7c295a2,b1661216-52bb-4f16-adf2-f51caecac8d1,541.34,INR,success,2026-05-29 09:02:59.841447+00:00
45398011-150a-4af1-a128-04c5dcf83d55,3e60e096-f59f-413e-81ca-2646bf6c9edd,c9a57622-676c-41ec-8fe1-7881c7c295a2,b1661216-52bb-4f16-adf2-f51caecac8d1,537.81,INR,success,2026-05-30 10:49:39.241777+00:00
4b66a64a-ca3e-4b76-9673-7a1eb857354a,3e60e096-f59f-413e-81ca-2646bf6c9edd,c9a57622-676c-41ec-8fe1-7881c7c295a2,b1661216-52bb-4f16-adf2-f51caecac8d1,501.45,INR,success,2026-05-30 21:19:30.661874+00:00
00eef113-3cdc-4663-83bf-6161984d894f,a57abd6d-e3e7-4793-9519-8dbf0995408d,c9a57622-676c-41ec-8fe1-7881c7c295a2,b1661216-52bb-4f16-adf2-f51caecac8d1,591.1,INR,success,2026-05-29 11:18:23.347879+00:00
a65fad4e-6fe1-4683-aeec-6acb425cc5c6,a57abd6d-e3e7-4793-9519-8dbf0995408d,c9a57622-676c-41ec-8fe1-7881c7c295a2,b1661216-52bb-4f16-adf2-f51caecac8d1,503.52,INR,success,2026-05-29 11:34:21.689474+00:00
584cefc1-8dba-4367-948b-eae5909c7512,a57abd6d-e3e7-4793-9519-8dbf0995408d,c9a57622-676c-41ec-8fe1-7881c7c295a2,b1661216-52bb-4f16-adf2-f51caecac8d1,473.91,INR,success,2026-05-29 12:51:53.173974+00:00
305da917-5e92-46ea-9ac6-954fae382694,a57abd6d-e3e7-4793-9519-8dbf0995408d,c9a57622-676c-41ec-8fe1-7881c7c295a2,b1661216-52bb-4f16-adf2-f51caecac8d1,513.91,INR,success,2026-05-29 19:37:08.771312+00:00
47a66bf3-e2ef-4b3f-89d8-714bdb915869,a57abd6d-e3e7-4793-9519-8dbf0995408d,c9a57622-676c-41ec-8fe1-7881c7c295a2,b1661216-52bb-4f16-adf2-f51caecac8d1,570.35,INR,success,2026-05-30 02:59:23.681008+00:00
4509d81c-44e8-4ae1-9936-c75a975ed64d,a57abd6d-e3e7-4793-9519-8dbf0995408d,c9a57622-676c-41ec-8fe1-7881c7c295a2,b1661216-52bb-4f16-adf2-f51caecac8d1,487.56,INR,success,2026-05-30 06:02:49.398262+00:00
28a4f2c5-e98e-45e7-a6e7-e99ac159c928,a57abd6d-e3e7-4793-9519-8dbf0995408d,c9a57622-676c-41ec-8fe1-7881c7c295a2,b1661216-52bb-4f16-adf2-f51caecac8d1,497.6,INR,success,2026-05-30 19:30:56.297860+00:00
de97bd86-8742-4cf2-b237-d8c00d45d487,a57abd6d-e3e7-4793-9519-8dbf0995408d,c9a57622-676c-41ec-8fe1-7881c7c295a2,b1661216-52bb-4f16-adf2-f51caecac8d1,496.31,INR,success,2026-05-31 05:51:20.934913+00:00
08b335c7-f7aa-433e-b794-e3c335575e84,bf0256e6-302e-43e3-8d65-53965a0e75dd,e64e069d-5dd8-4fc7-bb7e-3f75dbe14531,fcdb57fe-bc02-46a4-8212-2aa58260ecd3,2114.45,INR,success,2026-05-29 01:25:43.619676+00:00
3f26864b-0d0a-41f6-88b2-0a202d211b49,bf0256e6-302e-43e3-8d65-53965a0e75dd,e64e069d-5dd8-4fc7-bb7e-3f75dbe14531,fcdb57fe-bc02-46a4-8212-2aa58260ecd3,2218.41,INR,success,2026-05-29 04:09:59.535770+00:00
17277f99-a0d9-43cb-86aa-582169cb76ff,bf0256e6-302e-43e3-8d65-53965a0e75dd,e64e069d-5dd8-4fc7-bb7e-3f75dbe14531,fcdb57fe-bc02-46a4-8212-2aa58260ecd3,2574.29,INR,success,2026-05-29 04:29:36.297780+00:00
72259884-fd63-40b2-b4f1-8ce08b32a8ae,fbc1c4f9-a350-4553-9f0e-8a8e754d9a1e,3951cf55-88cc-473a-b2d4-8f96cab9abea,fcdb57fe-bc02-46a4-8212-2aa58260ecd3,2142.45,INR,success,2026-05-28 04:03:14.100159+00:00
8e78b80d-0ff3-43b7-851f-a5a21fc6af8a,4ea12b56-573e-4549-8cc7-9477e443d1e5,7c4d2926-202d-4a36-a015-5f7cea43f758,fcdb57fe-bc02-46a4-8212-2aa58260ecd3,2129.91,INR,success,2026-05-29 12:53:37.167970+00:00
44a4a528-d455-44c7-938d-cc1cccb13164,4ea12b56-573e-4549-8cc7-9477e443d1e5,7c4d2926-202d-4a36-a015-5f7cea43f758,fcdb57fe-bc02-46a4-8212-2aa58260ecd3,2484.69,INR,success,2026-05-29 19:12:14.901263+00:00
2fca5ed8-505c-4051-a42b-025cc8f3ad4a,4ea12b56-573e-4549-8cc7-9477e443d1e5,7c4d2926-202d-4a36-a015-5f7cea43f758,fcdb57fe-bc02-46a4-8212-2aa58260ecd3,2122.83,INR,success,2026-05-30 13:22:32.175017+00:00
e655e71b-03b8-4041-a7d3-6b025cd66925,07e2891d-2e68-4b46-b6ae-4fb57656121d,ecefa675-2eb5-4192-97d2-047b1d937e2c,fcdb57fe-bc02-46a4-8212-2aa58260ecd3,2343.59,INR,success,2026-05-27 06:35:32.476341+00:00
95bcb433-75ce-4b99-8c08-bd509142ab3f,07e2891d-2e68-4b46-b6ae-4fb57656121d,ecefa675-2eb5-4192-97d2-047b1d937e2c,fcdb57fe-bc02-46a4-8212-2aa58260ecd3,2068.72,INR,success,2026-05-27 15:00:03.978550+00:00
d5c454b3-969c-4d64-b024-6c14a67b9668,07e2891d-2e68-4b46-b6ae-4fb57656121d,ecefa675-2eb5-4192-97d2-047b1d937e2c,fcdb57fe-bc02-46a4-8212-2aa58260ecd3,2274.23,INR,success,2026-05-27 23:51:48.428838+00:00
